pan-am-olympic-qualification-2024	Senior Women +67kg	BR	124	RODRIGUEZ Katherine	DOM	SHIPMAN Aliyah	HAI	WDR	
roma-grand-prix-2022	Senior Men -58kg	R32	201	POLAT Gorkem	TUR	SHARAKY Omar	EGY	PTF	2:0
roma-grand-prix-2022	Senior Men -58kg	R32	301	KIM David	USA	RAPSOMANIKIS Dionysios	GRE	PTF	2:0
roma-grand-prix-2022	Senior Men -58kg	R32	302	SALIM Sharif gergely	HUN	MELO Paulo	BRA	PTF	2:1
roma-grand-prix-2022	Senior Men -58kg	R32	303	WOOLLEY Jack	IRL	KUMAR Aman	IND	PTF	2:0
roma-grand-prix-2022	Senior Men -58kg	R32	304	HYTTEL Tobias	DEN	AMADOU Mahamadou	NIG	PTF	2:1
roma-grand-prix-2022	Senior Men -58kg	R32	305	MAGOMEDOV Gashim	AZE	DAGDELEN Deniz	TUR	PTF	2:0
roma-grand-prix-2022	Senior Men -58kg	R32	306	JENDOUBI Mohamed khalil	TUN	ABABAKIROV Samirkhon	KAZ	PTF	2:0
roma-grand-prix-2022	Senior Men -58kg	R32	307	VICENTE YUNTA Adrian	ESP	ALTARYREH Mahmoud	JOR	PTF	2:1
roma-grand-prix-2022	Senior Men -58kg	R32	308	ALVAREZ Melvy	USA	LAKEHAL OMAR	MAR	DSQ	
roma-grand-prix-2022	Senior Men -58kg	R32	309	RAVET Cyrian	FRA	ARILLO VAZQUEZ Hugo	ESP	PTF	2:0
roma-grand-prix-2022	Senior Men -58kg	R32	310	PLAZA HERNANDEZ Brandon	MEX	DIAKITE Issa	CIV	PTF	2:0
roma-grand-prix-2022	Senior Men -58kg	R32	311	BAE Jun-seo	KOR	HOEFLING Nicholas	CAN	PTF	2:0
roma-grand-prix-2022	Senior Men -58kg	R32	312	SALIM Omar gergely	HUN	TESKERA Josip	CRO	PTF	2:0
roma-grand-prix-2022	Senior Men -58kg	R32	313	RODRIGUEZ Cesar	MEX	KONSTANTINIDIS Iordanis	GER	PTF	2:1
roma-grand-prix-2022	Senior Men -58kg	R32	314	JANG Jun	KOR	CONTI Andrea	ITA	PTF	2:0
roma-grand-prix-2022	Senior Men -58kg	R16	315	POLAT Gorkem	TUR	DELL'AQUILA Vito	ITA	PTF	2:1
roma-grand-prix-2022	Senior Men -58kg	R16	316	KIM David	USA	SALIM Sharif gergely	HUN	PTF	2:0
roma-grand-prix-2022	Senior Men -58kg	R16	317	HYTTEL Tobias	DEN	WOOLLEY Jack	IRL	PTF	2:1
roma-grand-prix-2022	Senior Men -58kg	R16	318	JENDOUBI Mohamed khalil	TUN	MAGOMEDOV Gashim	AZE	PTF	2:0
roma-grand-prix-2022	Senior Men -58kg	R16	319	VICENTE YUNTA Adrian	ESP	ALVAREZ Melvy	USA	PTF	2:0
roma-grand-prix-2022	Senior Men -58kg	R16	320	RAVET Cyrian	FRA	PLAZA HERNANDEZ Brandon	MEX	PTF	2:0
roma-grand-prix-2022	Senior Men -58kg	R16	321	BAE Jun-seo	KOR	SALIM Omar gergely	HUN	PTF	2:0
roma-grand-prix-2022	Senior Men -58kg	R16	322	JANG Jun	KOR	RODRIGUEZ Cesar	MEX	PTF	2:0
roma-grand-prix-2022	Senior Men -58kg	QF	323	POLAT Gorkem	TUR	KIM David	USA	PTF	2:1
roma-grand-prix-2022	Senior Men -58kg	QF	324	JENDOUBI Mohamed khalil	TUN	HYTTEL Tobias	DEN	PTF	2:0
roma-grand-prix-2022	Senior Men -58kg	QF	325	VICENTE YUNTA Adrian	ESP	RAVET Cyrian	FRA	PTF	2:0
roma-grand-prix-2022	Senior Men -58kg	QF	326	JANG Jun	KOR	BAE Jun-seo	KOR	RSC	1:0
roma-grand-prix-2022	Senior Men -58kg	SF	228	JENDOUBI Mohamed khalil	TUN	POLAT Gorkem	TUR	PTF	2:1
roma-grand-prix-2022	Senior Men -58kg	SF	229	JANG Jun	KOR	VICENTE YUNTA Adrian	ESP	PTF	2:0
roma-grand-prix-2022	Senior Men -58kg	F	233	JANG Jun	KOR	JENDOUBI Mohamed khalil	TUN	PTF	2:0
roma-grand-prix-2022	Senior Men -68kg	R32	101	KAREEM Zaid	JOR	JOZSA Levente mark	HUN	PTF	2:0
roma-grand-prix-2022	Senior Men -68kg	R32	102	CRESCENZI Simone	ITA	DZHORDZHEV Mitko	BUL	PTF	2:0
roma-grand-prix-2022	Senior Men -68kg	R32	103	PONTES Edival	BRA	WASFI Abdelbasset	MAR	PTF	2:0
roma-grand-prix-2022	Senior Men -68kg	R32	104	KRIVISHKIY Nimrod	ISR	CHAMALIDIS Konstantinos	GRE	PTF	2:0
roma-grand-prix-2022	Senior Men -68kg	R32	105	GLASNOVIC Leon	CRO	NAVARRO Carlos	MEX	PTF	2:1
roma-grand-prix-2022	Senior Men -68kg	R32	106	RECBER Hakan	TUR	SOUZA DINIZ Joao victor	BRA	PTF	2:0
roma-grand-prix-2022	Senior Men -68kg	R32	107	PEREZ POLO Javier	ESP	SAIDI Faical	MAR	PTF	2:1
roma-grand-prix-2022	Senior Men -68kg	R32	108	CHELLAMOOTOO Dylan	FRA	PULATOV Niyaz	UZB	PTF	2:0
roma-grand-prix-2022	Senior Men -68kg	R32	109	ALIAN Ali	SWE	AGHAYEV Javad	AZE	PTF	2:1
roma-grand-prix-2022	Senior Men -68kg	R32	110	ACHAB Jaouad	BEL	NAVA Ruben	MEX	PTF	2:0
roma-grand-prix-2022	Senior Men -68kg	R32	111	OZKAYA Imran	GER	BRECIC Lovre	CRO	PTF	2:1
roma-grand-prix-2022	Senior Men -68kg	R32	112	JORQUERA CALA Joan	ESP	YACOUBA Ismael	NIG	PTF	2:0
roma-grand-prix-2022	Senior Men -68kg	R32	113	JIN Ho-jun	KOR	KAVURAT Ferhat can	TUR	PTF	2:0
roma-grand-prix-2022	Senior Men -68kg	R32	114	RASHITOV Ulugbek	UZB	KOBENAN Aaron francois	CIV	PTF	2:1
roma-grand-prix-2022	Senior Men -68kg	R32	202	ALHALAWANI Zaid	JOR	NASSAR Ahmed	EGY	PTF	2:0
roma-grand-prix-2022	Senior Men -68kg	R16	115	SINDEN Bradly	GBR	KAREEM Zaid	JOR	PTF	2:0
roma-grand-prix-2022	Senior Men -68kg	R16	116	ALHALAWANI Zaid	JOR	CRESCENZI Simone	ITA	PTF	2:1
roma-grand-prix-2022	Senior Men -68kg	R16	117	PONTES Edival	BRA	KRIVISHKIY Nimrod	ISR	PTF	2:0
roma-grand-prix-2022	Senior Men -68kg	R16	118	RECBER Hakan	TUR	GLASNOVIC Leon	CRO	PTF	2:1
roma-grand-prix-2022	Senior Men -68kg	R16	119	CHELLAMOOTOO Dylan	FRA	PEREZ POLO Javier	ESP	PTF	2:1
roma-grand-prix-2022	Senior Men -68kg	R16	120	ALIAN Ali	SWE	ACHAB Jaouad	BEL	PTF	2:0
roma-grand-prix-2022	Senior Men -68kg	R16	121	JORQUERA CALA Joan	ESP	OZKAYA Imran	GER	PTF	2:0
roma-grand-prix-2022	Senior Men -68kg	R16	122	JIN Ho-jun	KOR	RASHITOV Ulugbek	UZB	PTF	2:0
roma-grand-prix-2022	Senior Men -68kg	QF	123	SINDEN Bradly	GBR	ALHALAWANI Zaid	JOR	PTF	2:1
roma-grand-prix-2022	Senior Men -68kg	QF	124	RECBER Hakan	TUR	PONTES Edival	BRA	PTF	2:0
roma-grand-prix-2022	Senior Men -68kg	QF	125	ALIAN Ali	SWE	CHELLAMOOTOO Dylan	FRA	PTF	2:0
roma-grand-prix-2022	Senior Men -68kg	QF	126	JIN Ho-jun	KOR	JORQUERA CALA Joan	ESP	PTF	2:0
roma-grand-prix-2022	Senior Men -68kg	SF	230	RECBER Hakan	TUR	SINDEN Bradly	GBR	PTF	2:0
roma-grand-prix-2022	Senior Men -68kg	SF	231	ALIAN Ali	SWE	JIN Ho-jun	KOR	PTF	2:1
roma-grand-prix-2022	Senior Men -68kg	F	234	RECBER Hakan	TUR	ALIAN Ali	SWE	PTF	2:0
roma-grand-prix-2022	Senior Men -80kg	R32	108	SALAEV Shukhrat	UZB	SBEIHI Fahed	JOR	PTF	2:1
roma-grand-prix-2022	Senior Men -80kg	R32	109	KANAET Toni	CRO	GERRONE Antonio	ITA	PTF	2:0
roma-grand-prix-2022	Senior Men -80kg	R32	201	RAFALOVICH Nikita	UZB	TAGHIZADE Aykhan	AZE	PTF	2:0
roma-grand-prix-2022	Senior Men -80kg	R32	202	KATOUSSI Firas	TUN	RADOJKOVIC Aleksandar	AUT	PTF	2:0
roma-grand-prix-2022	Senior Men -80kg	R32	203	HUSIC Nedzad	BIH	BOUZID SOUIHILI Ismael	FRA	PTF	2:0
roma-grand-prix-2022	Senior Men -80kg	R32	204	ALESSIO Simone	ITA	TAREK Mousalli	LBN	PTF	2:0
roma-grand-prix-2022	Senior Men -80kg	R32	205	EISSA Seif	EGY	SOUMARE Ababacar sadikh	SEN	PTF	2:0
roma-grand-prix-2022	Senior Men -80kg	R32	206	ACHAB Badr	BEL	SAWADOGO Faysal	BUR	PTF	2:1
roma-grand-prix-2022	Senior Men -80kg	R32	207	NICKOLAS CJ	USA	YILDIZ Muhammed emin	TUR	PTF	2:0
roma-grand-prix-2022	Senior Men -80kg	R32	208	MARTINEZ GARCIA Raul	ESP	EL BOURY YOUNES	MAR	PTF	2:0
roma-grand-prix-2022	Senior Men -80kg	R32	209	QUESADA BARRERA Daniel	ESP	KARTAL Huseyin	TUR	PTF	2:1
roma-grand-prix-2022	Senior Men -80kg	R32	210	LIZARRAGA Rene	MEX	TAKOV Stefan	SRB	PTF	2:1
roma-grand-prix-2022	Senior Men -80kg	R32	307	PARK Woo hyeok	KOR	MYRZABAYEV Nurlan	KAZ	PTF	2:0
roma-grand-prix-2022	Senior Men -80kg	R32	308	TELIKOSTOGLOU Apostolos	GRE	GOLUBIC Marko	CRO	PTF	2:0
roma-grand-prix-2022	Senior Men -80kg	R32	309	PIATKOWSKI Szymon	POL	ORDEMANN Richard andre	NOR	PTF	2:0
roma-grand-prix-2022	Senior Men -80kg	R16	114	QUESADA BARRERA Daniel	ESP	LIZARRAGA Rene	MEX	PTF	2:1
roma-grand-prix-2022	Senior Men -80kg	R16	115	SALAEV Shukhrat	UZB	KANAET Toni	CRO	PTF	2:1
roma-grand-prix-2022	Senior Men -80kg	R16	211	KATOUSSI Firas	TUN	RAFALOVICH Nikita	UZB	PTF	2:0
roma-grand-prix-2022	Senior Men -80kg	R16	212	ALESSIO Simone	ITA	HUSIC Nedzad	BIH	PTF	2:0
roma-grand-prix-2022	Senior Men -80kg	R16	213	EISSA Seif	EGY	ACHAB Badr	BEL	WDR	
roma-grand-prix-2022	Senior Men -80kg	R16	214	NICKOLAS CJ	USA	MARTINEZ GARCIA Raul	ESP	PTF	2:0
roma-grand-prix-2022	Senior Men -80kg	R16	312	PARK Woo hyeok	KOR	ELSHARABATY Saleh	JOR	PTF	2:0
roma-grand-prix-2022	Senior Men -80kg	R16	313	TELIKOSTOGLOU Apostolos	GRE	PIATKOWSKI Szymon	POL	PTF	2:1
roma-grand-prix-2022	Senior Men -80kg	QF	118	SALAEV Shukhrat	UZB	QUESADA BARRERA Daniel	ESP	PTF	2:1
roma-grand-prix-2022	Senior Men -80kg	QF	215	ALESSIO Simone	ITA	KATOUSSI Firas	TUN	PTF	2:0
roma-grand-prix-2022	Senior Men -80kg	QF	216	PARK Woo hyeok	KOR	TELIKOSTOGLOU Apostolos	GRE	PTF	2:0
roma-grand-prix-2022	Senior Men -80kg	QF	217	EISSA Seif	EGY	NICKOLAS CJ	USA	PTF	2:1
roma-grand-prix-2022	Senior Men -80kg	SF	220	ALESSIO Simone	ITA	PARK Woo hyeok	KOR	PTF	2:0
roma-grand-prix-2022	Senior Men -80kg	SF	221	EISSA Seif	EGY	SALAEV Shukhrat	UZB	PTF	2:1
roma-grand-prix-2022	Senior Men -80kg	F	223	ALESSIO Simone	ITA	EISSA Seif	EGY	PTF	2:0
roma-grand-prix-2022	Senior Men +80kg	R32	302	SALAZAR Bryan	MEX	GBANE Seydou	CIV	PTF	2:1
roma-grand-prix-2022	Senior Men +80kg	R32	303	ATESLI Emre kutalmis	TUR	LEE SEONGI	KOR	PTF	2:1
roma-grand-prix-2022	Senior Men +80kg	R32	304	GARCIA MARTINEZ Ivan	ESP	RAWY Ahmad	EGY	PTF	2:0
roma-grand-prix-2022	Senior Men +80kg	R32	305	ANN Alasan	GAM	SAPINA Ivan	CRO	PTF	2:0
roma-grand-prix-2022	Senior Men +80kg	R32	306	ROS GÓMEZ Daniel	ESP	RAHY Ray	LBN	PTF	2:0
roma-grand-prix-2022	Senior Men +80kg	R32	307	CUNNINGHAM Caden	GBR	ZHAPAROV Ruslan	KAZ	PTF	2:0
roma-grand-prix-2022	Senior Men +80kg	R32	308	PILIPOVIC Milos	NOR	SANSORES Carlos	MEX	PTF	2:0
roma-grand-prix-2022	Senior Men +80kg	R32	309	EL YAZIDI Omar	FRA	BASSEL Ayoub	MAR	PTF	2:1
roma-grand-prix-2022	Senior Men +80kg	R32	310	BACHMANN Alexander	GER	RADJABOV Shokhrukh	UZB	PTF	2:1
roma-grand-prix-2022	Senior Men +80kg	R32	311	CISSE Cheick sallah	CIV	DARWISH Abdelrahman	EGY	PTF	2:0
roma-grand-prix-2022	Senior Men +80kg	R32	312	BICER Enbiya taha	TUR	HEALY Jonathan	USA	PTF	2:0
roma-grand-prix-2022	Senior Men +80kg	R32	313	SIQUEIRA Maicon	BRA	BONDAR Vladyslav	UKR	PTF	2:0
roma-grand-prix-2022	Senior Men +80kg	R32	314	BOTTA Roberto	ITA	LEE Meng-en	TPE	PTF	2:1
roma-grand-prix-2022	Senior Men +80kg	R16	315	MARTINS SOARES Icaro miguel	BRA	SALAZAR Bryan	MEX	PTF	2:0
roma-grand-prix-2022	Senior Men +80kg	R16	316	ATESLI Emre kutalmis	TUR	GARCIA MARTINEZ Ivan	ESP	PTF	2:1
roma-grand-prix-2022	Senior Men +80kg	R16	317	ROS GÓMEZ Daniel	ESP	ANN Alasan	GAM	PTF	2:0
roma-grand-prix-2022	Senior Men +80kg	R16	318	CUNNINGHAM Caden	GBR	PILIPOVIC Milos	NOR	PTF	2:0
roma-grand-prix-2022	Senior Men +80kg	R16	319	EL YAZIDI Omar	FRA	DUISEBAY Smaiyl	KAZ	PTF	2:1
roma-grand-prix-2022	Senior Men +80kg	R16	320	CISSE Cheick sallah	CIV	BACHMANN Alexander	GER	PTF	2:0
roma-grand-prix-2022	Senior Men +80kg	R16	321	SIQUEIRA Maicon	BRA	BICER Enbiya taha	TUR	PTF	2:0
roma-grand-prix-2022	Senior Men +80kg	R16	322	GEORGIEVSKI Dejan	MKD	BOTTA Roberto	ITA	PTF	2:1
roma-grand-prix-2022	Senior Men +80kg	QF	323	ATESLI Emre kutalmis	TUR	MARTINS SOARES Icaro miguel	BRA	PTF	2:1
roma-grand-prix-2022	Senior Men +80kg	QF	324	CUNNINGHAM Caden	GBR	ROS GÓMEZ Daniel	ESP	PTF	2:0
roma-grand-prix-2022	Senior Men +80kg	QF	325	CISSE Cheick sallah	CIV	EL YAZIDI Omar	FRA	PTF	2:0
roma-grand-prix-2022	Senior Men +80kg	QF	326	GEORGIEVSKI Dejan	MKD	SIQUEIRA Maicon	BRA	PTF	2:0
roma-grand-prix-2022	Senior Men +80kg	SF	231	ATESLI Emre kutalmis	TUR	CUNNINGHAM Caden	GBR	PTF	2:0
roma-grand-prix-2022	Senior Men +80kg	SF	232	CISSE Cheick sallah	CIV	GEORGIEVSKI Dejan	MKD	PTF	2:0
roma-grand-prix-2022	Senior Men +80kg	F	235	ATESLI Emre kutalmis	TUR	CISSE Cheick sallah	CIV	WDR	1:0
roma-grand-prix-2022	Senior Women -49kg	R32	101	ABAKAROVA Patimat	AZE	COULIBALY Bouma ferimata	CIV	PTF	2:0
roma-grand-prix-2022	Senior Women -49kg	R32	102	AL HALWANI Sarah	ITA	ZAMPETTI Sofia	ITA	PTF	2:0
roma-grand-prix-2022	Senior Women -49kg	R32	103	YONG Yvette Hui Hua	CAN	BAYECH Rivka	ISR	PTF	2:0
roma-grand-prix-2022	Senior Women -49kg	R32	104	SIM JAEYOUNG	KOR	KAFADAR Josipa	CAN	PTF	2:0
roma-grand-prix-2022	Senior Women -49kg	R32	105	MOORE Maddison	GBR	POURYOUNES LANGEROUDI Dina	TRT	PTF	2:0
roma-grand-prix-2022	Senior Women -49kg	R32	106	STOJKOVIC Lena	CRO	JOVIC Teodora	SRB	PTF	2:0
roma-grand-prix-2022	Senior Women -49kg	R32	107	AYDIN KONSTANTINIDIS Ela	GER	TYROLOGOU Christianna	GRE	PTF	2:0
roma-grand-prix-2022	Senior Women -49kg	R32	301	CELIK Sueheda	GER	ROMOLDANOVA Iryna	UKR	PTF	2:0
roma-grand-prix-2022	Senior Women -49kg	R32	302	KANG Mi-reu	KOR	SANTOS Valeria	BRA	PTF	2:0
roma-grand-prix-2022	Senior Women -49kg	R32	303	SOUZA Daniela Paola	MEX	CORELLI Martina	ITA	PTF	2:0
roma-grand-prix-2022	Senior Women -49kg	R32	304	NAWFAL ELHORRI	MAR	DIAS DE LIMA PENNA SARAIVA Leonor	BRA	PTF	2:1
roma-grand-prix-2022	Senior Women -49kg	R32	305	SEMBERG Abishag	ISR	SAMY ELHOSSEINY Shahd	EGY	PTF	2:0
roma-grand-prix-2022	Senior Women -49kg	R32	306	DUVANCIC Bruna	CRO	SAHIB SOUKAINA	MAR	PTF	2:0
roma-grand-prix-2022	Senior Women -49kg	R16	110	CEREZO IGLESIAS Adriana	ESP	ABAKAROVA Patimat	AZE	PTF	2:0
roma-grand-prix-2022	Senior Women -49kg	R16	111	AL HALWANI Sarah	ITA	YONG Yvette Hui Hua	CAN	PTF	2:1
roma-grand-prix-2022	Senior Women -49kg	R16	112	SIM JAEYOUNG	KOR	MOORE Maddison	GBR	PTF	2:0
roma-grand-prix-2022	Senior Women -49kg	R16	113	STOJKOVIC Lena	CRO	AYDIN KONSTANTINIDIS Ela	GER	PTF	2:0
roma-grand-prix-2022	Senior Women -49kg	R16	310	CELIK Sueheda	GER	YILDIRIM Rukiye	TUR	PTF	2:0
roma-grand-prix-2022	Senior Women -49kg	R16	311	SOUZA Daniela Paola	MEX	KANG Mi-reu	KOR	PTF	2:0
roma-grand-prix-2022	Senior Women -49kg	R16	314	SEMBERG Abishag	ISR	NAWFAL ELHORRI	MAR	PTF	2:0
roma-grand-prix-2022	Senior Women -49kg	R16	315	DUVANCIC Bruna	CRO	BOGDANOVIC Tijana	SRB	PTF	2:0
roma-grand-prix-2022	Senior Women -49kg	QF	116	CEREZO IGLESIAS Adriana	ESP	AL HALWANI Sarah	ITA	PTF	2:0
roma-grand-prix-2022	Senior Women -49kg	QF	117	SIM JAEYOUNG	KOR	STOJKOVIC Lena	CRO	PTF	2:0
roma-grand-prix-2022	Senior Women -49kg	QF	316	SOUZA Daniela Paola	MEX	CELIK Sueheda	GER	PTF	2:0
roma-grand-prix-2022	Senior Women -49kg	QF	317	DUVANCIC Bruna	CRO	SEMBERG Abishag	ISR	PTF	2:0
roma-grand-prix-2022	Senior Women -49kg	SF	218	CEREZO IGLESIAS Adriana	ESP	SIM JAEYOUNG	KOR	PTF	2:0
roma-grand-prix-2022	Senior Women -49kg	SF	219	DUVANCIC Bruna	CRO	SOUZA Daniela Paola	MEX	PTF	2:0
roma-grand-prix-2022	Senior Women -49kg	F	222	CEREZO IGLESIAS Adriana	ESP	DUVANCIC Bruna	CRO	PTF	2:0
roma-grand-prix-2022	Senior Women -57kg	R32	203	FROEMMING Anna-Lena	GER	VILLEGAS Fabiola G	MEX	PTF	2:1
roma-grand-prix-2022	Senior Women -57kg	R32	204	AL HALWANI Giada	ITA	RADMILOVIC Aleksandra	SRB	PTF	2:0
roma-grand-prix-2022	Senior Women -57kg	R32	205	TARVIDA Inese	LAT	KALTEKI Faidra	GRE	PTF	2:1
roma-grand-prix-2022	Senior Women -57kg	R32	206	MACEDO Sandy	BRA	LO Chia-ling	TPE	PTF	2:1
roma-grand-prix-2022	Senior Women -57kg	R32	207	ZHOU Lijun	CHN	PEREZ PARRADO Alma maria	ESP	PTF	2:1
roma-grand-prix-2022	Senior Women -57kg	R32	208	CALVO GOMEZ Marta	ESP	FOLGMANN Madeline	GER	PTF	2:0
roma-grand-prix-2022	Senior Women -57kg	R32	209	KAYUMOVA Charos	UZB	PATAKFALVY Luca	HUN	PTF	2:0
roma-grand-prix-2022	Senior Women -57kg	R32	210	BAYJA BOUNAAJ	MAR	AGRIS Zeliha	TUR	PTF	2:1
roma-grand-prix-2022	Senior Women -57kg	R32	211	ASEMANI Raheleh	BEL	TVARONAVICIUTE Klaudija	LTU	PTF	2:0
roma-grand-prix-2022	Senior Women -57kg	R32	212	ADAMKIEWICZ Patrycja	POL	SCHOENMAKERS Bodine	NED	PTF	2:0
roma-grand-prix-2022	Senior Women -57kg	R32	213	LUO Zongshi	CHN	TZELI Fani	GRE	PTF	2:1
roma-grand-prix-2022	Senior Women -57kg	R16	214	ZOLOTIC Anastasija	USA	FROEMMING Anna-Lena	GER	PTF	2:0
roma-grand-prix-2022	Senior Women -57kg	R16	215	AL HALWANI Giada	ITA	TARVIDA Inese	LAT	PTF	2:1
roma-grand-prix-2022	Senior Women -57kg	R16	216	LEE AHREUM	KOR	MACEDO Sandy	BRA	PTF	2:1
roma-grand-prix-2022	Senior Women -57kg	R16	217	JONES Jade	GBR	ZHOU Lijun	CHN	PTF	2:0
roma-grand-prix-2022	Senior Women -57kg	R16	218	PARK Skylar	CAN	CALVO GOMEZ Marta	ESP	PTF	2:0
roma-grand-prix-2022	Senior Women -57kg	R16	219	BAYJA BOUNAAJ	MAR	KAYUMOVA Charos	UZB	PTF	2:0
roma-grand-prix-2022	Senior Women -57kg	R16	220	ADAMKIEWICZ Patrycja	POL	ASEMANI Raheleh	BEL	PTF	2:0
roma-grand-prix-2022	Senior Women -57kg	R16	221	LUO Zongshi	CHN	ILGUN Hatice kubra	TUR	PTF	2:0
roma-grand-prix-2022	Senior Women -57kg	QF	222	ZOLOTIC Anastasija	USA	AL HALWANI Giada	ITA	PTF	2:0
roma-grand-prix-2022	Senior Women -57kg	QF	223	JONES Jade	GBR	LEE AHREUM	KOR	PTF	2:0
roma-grand-prix-2022	Senior Women -57kg	QF	224	PARK Skylar	CAN	BAYJA BOUNAAJ	MAR	PTF	2:0
roma-grand-prix-2022	Senior Women -57kg	QF	225	LUO Zongshi	CHN	ADAMKIEWICZ Patrycja	POL	PTF	2:1
roma-grand-prix-2022	Senior Women -57kg	SF	226	JONES Jade	GBR	ZOLOTIC Anastasija	USA	PTF	2:1
roma-grand-prix-2022	Senior Women -57kg	SF	227	LUO Zongshi	CHN	PARK Skylar	CAN	PTF	2:0
roma-grand-prix-2022	Senior Women -57kg	F	232	LUO Zongshi	CHN	JONES Jade	GBR	PTF	2:0
roma-grand-prix-2022	Senior Women -67kg	R32	201	SOLTERO Leslie	MEX	GASPA Cristina	ITA	PTF	2:0
roma-grand-prix-2022	Senior Women -67kg	R32	202	BOZANIC Nadica	SRB	TARVIDA Jolanta	LAT	PTF	2:0
roma-grand-prix-2022	Senior Women -67kg	R32	203	TITONELI Milena	BRA	IBO Koumba nanah-helene	CIV	PTF	2:0
roma-grand-prix-2022	Senior Women -67kg	R32	204	PERISIC Aleksandra	SRB	KOERNDL Vanessa	GER	PTF	2:0
roma-grand-prix-2022	Senior Women -67kg	R32	205	VULETIC Bruna	CRO	MITSOPOULOU Athanasia	GRE	PTF	2:1
roma-grand-prix-2022	Senior Women -67kg	R32	206	AL-SADEQ Julyana	JOR	FAROUK Maisoun	EGY	PTF	2:0
roma-grand-prix-2022	Senior Women -67kg	R32	207	GBAGBI Ruth	CIV	YAGUSSEVICH Celine	GER	PTF	2:0
roma-grand-prix-2022	Senior Women -67kg	R32	208	AZIZOVA Farida	AZE	TAMEZ Victoria	MEX	PTF	2:0
roma-grand-prix-2022	Senior Women -67kg	R32	209	CASTRO BURGOS Cecilia	ESP	FUREDI Rebeka	HUN	PTF	2:0
roma-grand-prix-2022	Senior Women -67kg	R32	210	ZHANG Mengyu	CHN	ROTOLO Daniela	ITA	WDR	
roma-grand-prix-2022	Senior Women -67kg	R32	211	SANTOS Caroline	BRA	KAYIR Ikra	TUR	PTF	2:0
roma-grand-prix-2022	Senior Women -67kg	R32	212	SADIKOVA Feruza	UZB	JUHASZOVA Iveta	CZE	PTF	2:0
roma-grand-prix-2022	Senior Women -67kg	R32	213	STOLBOVA Petra	CZE	MAGDALENO ALBIZU Jone	ESP	PTF	2:0
roma-grand-prix-2022	Senior Women -67kg	R32	214	WIET HENIN Magda	FRA	ILIESCO Nathalie	CAN	PTF	2:0
roma-grand-prix-2022	Senior Women -67kg	R32	301	KIM Jan-di	KOR	KRAAYEVELD Ashley	CAN	PTF	2:0
roma-grand-prix-2022	Senior Women -67kg	R16	215	KIM Jan-di	KOR	JELIC Matea	CRO	PTF	2:0
roma-grand-prix-2022	Senior Women -67kg	R16	216	BOZANIC Nadica	SRB	SOLTERO Leslie	MEX	PTF	2:1
roma-grand-prix-2022	Senior Women -67kg	R16	217	PERISIC Aleksandra	SRB	TITONELI Milena	BRA	PTF	2:1
roma-grand-prix-2022	Senior Women -67kg	R16	218	AL-SADEQ Julyana	JOR	VULETIC Bruna	CRO	PTF	2:0
roma-grand-prix-2022	Senior Women -67kg	R16	219	GBAGBI Ruth	CIV	AZIZOVA Farida	AZE	PTF	2:1
roma-grand-prix-2022	Senior Women -67kg	R16	220	CASTRO BURGOS Cecilia	ESP	ZHANG Mengyu	CHN	PTF	2:1
roma-grand-prix-2022	Senior Women -67kg	R16	221	SANTOS Caroline	BRA	SADIKOVA Feruza	UZB	PTF	2:1
roma-grand-prix-2022	Senior Women -67kg	R16	222	WIET HENIN Magda	FRA	STOLBOVA Petra	CZE	PTF	2:0
roma-grand-prix-2022	Senior Women -67kg	QF	223	KIM Jan-di	KOR	BOZANIC Nadica	SRB	PTF	2:1
roma-grand-prix-2022	Senior Women -67kg	QF	224	AL-SADEQ Julyana	JOR	PERISIC Aleksandra	SRB	PTF	2:0
roma-grand-prix-2022	Senior Women -67kg	QF	225	GBAGBI Ruth	CIV	CASTRO BURGOS Cecilia	ESP	PTF	2:0
roma-grand-prix-2022	Senior Women -67kg	QF	226	WIET HENIN Magda	FRA	SANTOS Caroline	BRA	PTF	2:0
roma-grand-prix-2022	Senior Women -67kg	SF	227	AL-SADEQ Julyana	JOR	KIM Jan-di	KOR	PTF	2:0
roma-grand-prix-2022	Senior Women -67kg	SF	228	WIET HENIN Magda	FRA	GBAGBI Ruth	CIV	PTF	2:0
roma-grand-prix-2022	Senior Women -67kg	F	233	WIET HENIN Magda	FRA	AL-SADEQ Julyana	JOR	PTF	2:1
roma-grand-prix-2022	Senior Women +67kg	R32	101	CASTINEIRA ETCHEVERRIA Tania	ESP	RESHMIE OOGINK	NED	PTF	2:1
roma-grand-prix-2022	Senior Women +67kg	R32	102	KOUTBI SABAH	MAR	D'ANGELO Natalia	ITA	PTF	2:1
roma-grand-prix-2022	Senior Women +67kg	R32	103	WEEKES Crystal	PUR	AVOULETTE Solene	FRA	PTF	2:1
roma-grand-prix-2022	Senior Women +67kg	R32	104	KOWALCZUK Aleksandra	POL	GIACOMINI Laura	ITA	PTF	2:0
roma-grand-prix-2022	Senior Women +67kg	R32	105	MYEONG Mi-na	KOR	JAHL Marlene	AUT	PTF	2:0
roma-grand-prix-2022	Senior Women +67kg	R32	106	MCGOWAN Rebecca	GBR	AZRAN Dana	ISR	PTF	2:0
roma-grand-prix-2022	Senior Women +67kg	R32	107	DENIZ Cansel	KAZ	KORKUT Huri	TUR	PTF	2:0
roma-grand-prix-2022	Senior Women +67kg	R32	108	SMIRAGLIA Maristella	ITA	SIQUEIRA Gabriele	BRA	PTF	2:1
roma-grand-prix-2022	Senior Women +67kg	R32	109	ABOUFARAS Fatima-ezzahra	MAR	MORAN ROMERO Belen	ESP	PTF	2:0
roma-grand-prix-2022	Senior Women +67kg	R32	110	OSIPOVA Svetlana	UZB	PETANJEK NIKA	CRO	PTF	2:0
roma-grand-prix-2022	Senior Women +67kg	R32	111	BRANDL Lorena	GER	HAUGEN Eliza frazier	NOR	PTF	2:0
roma-grand-prix-2022	Senior Women +67kg	R32	112	GORMAN-SHORE Madelynn	USA	VIANA Alena	USA	PTF	2:1
roma-grand-prix-2022	Senior Women +67kg	R32	113	ABO-ALRUB Rama	JOR	BATHILY Astan katherine feghe	CIV	PTF	2:1
roma-grand-prix-2022	Senior Women +67kg	R16	114	CASTINEIRA ETCHEVERRIA Tania	ESP	COOK Bianca	GBR	PTF	2:0
roma-grand-prix-2022	Senior Women +67kg	R16	115	WEEKES Crystal	PUR	KOUTBI SABAH	MAR	PTF	2:1
roma-grand-prix-2022	Senior Women +67kg	R16	116	MYEONG Mi-na	KOR	KOWALCZUK Aleksandra	POL	PTF	2:1
roma-grand-prix-2022	Senior Women +67kg	R16	117	MCGOWAN Rebecca	GBR	DENIZ Cansel	KAZ	PTF	2:0
roma-grand-prix-2022	Senior Women +67kg	R16	118	SMIRAGLIA Maristella	ITA	KUS AYDIN Nafia	TUR	PTF	2:0
roma-grand-prix-2022	Senior Women +67kg	R16	119	OSIPOVA Svetlana	UZB	ABOUFARAS Fatima-ezzahra	MAR	PTF	2:1
roma-grand-prix-2022	Senior Women +67kg	R16	120	BRANDL Lorena	GER	GORMAN-SHORE Madelynn	USA	PTF	2:0
roma-grand-prix-2022	Senior Women +67kg	R16	121	LEE Dabin	KOR	ABO-ALRUB Rama	JOR	PTF	2:0
roma-grand-prix-2022	Senior Women +67kg	QF	122	WEEKES Crystal	PUR	CASTINEIRA ETCHEVERRIA Tania	ESP	PTF	2:1
roma-grand-prix-2022	Senior Women +67kg	QF	123	MCGOWAN Rebecca	GBR	MYEONG Mi-na	KOR	PTF	2:0
roma-grand-prix-2022	Senior Women +67kg	QF	124	SMIRAGLIA Maristella	ITA	OSIPOVA Svetlana	UZB	PTF	2:0
roma-grand-prix-2022	Senior Women +67kg	QF	125	LEE Dabin	KOR	BRANDL Lorena	GER	PTF	2:0
roma-grand-prix-2022	Senior Women +67kg	SF	229	WEEKES Crystal	PUR	MCGOWAN Rebecca	GBR	PTF	2:0
roma-grand-prix-2022	Senior Women +67kg	SF	230	LEE Dabin	KOR	SMIRAGLIA Maristella	ITA	PTF	2:0
roma-grand-prix-2022	Senior Women +67kg	F	234	LEE Dabin	KOR	WEEKES Crystal	PUR	PTF	2:0
paris-grand-prix-2022	Senior Men -58kg	R32	202	ALVAREZ Melvy	USA	KONSTANTINIDIS Iordanis	GER	PTF	2:0
paris-grand-prix-2022	Senior Men -58kg	R32	203	POLAT Gorkem	TUR	PARK Braven	CAN	PTF	2:1
paris-grand-prix-2022	Senior Men -58kg	R32	204	RAVET Cyrian	FRA	NAGAEV Dmitriy	ISR	PTF	2:0
paris-grand-prix-2022	Senior Men -58kg	R32	205	MELO Paulo	BRA	SAAL Rynald	FRA	PTF	2:0
paris-grand-prix-2022	Senior Men -58kg	R32	206	OCHOA Jefferson	COL	KIM David	USA	PTF	2:0
paris-grand-prix-2022	Senior Men -58kg	R32	207	HYTTEL Tobias	DEN	HOEFLING Nicholas	CAN	PTF	2:0
paris-grand-prix-2022	Senior Men -58kg	R32	208	ARILLO VAZQUEZ Hugo	ESP	TESKERA Josip	CRO	PTF	2:0
paris-grand-prix-2022	Senior Men -58kg	R32	209	DAGDELEN Deniz	TUR	MOLLE Milan	NED	PTF	2:0
paris-grand-prix-2022	Senior Men -58kg	R32	210	ALTARYREH Mahmoud	JOR	SALIM Omar gergely	HUN	PTF	2:1
paris-grand-prix-2022	Senior Men -58kg	R32	211	PLAZA HERNANDEZ Brandon	MEX	ALSAMIH Fahad samih n	KSA	PTF	2:1
paris-grand-prix-2022	Senior Men -58kg	R32	212	LEWIS Bailey	AUS	RAPSOMANIKIS Dionysios	GRE	PTF	2:0
paris-grand-prix-2022	Senior Men -58kg	R32	213	RODRIGUEZ Cesar	MEX	SALIM Sharif gergely	HUN	PTF	2:0
paris-grand-prix-2022	Senior Men -58kg	R16	214	JANG Jun	KOR	ALVAREZ Melvy	USA	PTF	2:0
paris-grand-prix-2022	Senior Men -58kg	R16	215	RAVET Cyrian	FRA	POLAT Gorkem	TUR	PTF	2:0
paris-grand-prix-2022	Senior Men -58kg	R16	216	OCHOA Jefferson	COL	MELO Paulo	BRA	PTF	2:1
paris-grand-prix-2022	Senior Men -58kg	R16	217	VICENTE YUNTA Adrian	ESP	HYTTEL Tobias	DEN	PTF	2:0
paris-grand-prix-2022	Senior Men -58kg	R16	218	JENDOUBI Mohamed khalil	TUN	ARILLO VAZQUEZ Hugo	ESP	PTF	2:1
paris-grand-prix-2022	Senior Men -58kg	R16	219	ALTARYREH Mahmoud	JOR	DAGDELEN Deniz	TUR	PTF	2:0
paris-grand-prix-2022	Senior Men -58kg	R16	220	LEWIS Bailey	AUS	PLAZA HERNANDEZ Brandon	MEX	PTF	2:0
paris-grand-prix-2022	Senior Men -58kg	R16	221	WOOLLEY Jack	IRL	RODRIGUEZ Cesar	MEX	PTF	2:0
paris-grand-prix-2022	Senior Men -58kg	QF	222	RAVET Cyrian	FRA	JANG Jun	KOR	PTF	2:0
paris-grand-prix-2022	Senior Men -58kg	QF	223	VICENTE YUNTA Adrian	ESP	OCHOA Jefferson	COL	PTF	2:0
paris-grand-prix-2022	Senior Men -58kg	QF	224	JENDOUBI Mohamed khalil	TUN	ALTARYREH Mahmoud	JOR	PTF	2:1
paris-grand-prix-2022	Senior Men -58kg	QF	225	LEWIS Bailey	AUS	WOOLLEY Jack	IRL	PTF	2:0
paris-grand-prix-2022	Senior Men -58kg	SF	230	RAVET Cyrian	FRA	VICENTE YUNTA Adrian	ESP	PTF	2:1
paris-grand-prix-2022	Senior Men -58kg	SF	231	JENDOUBI Mohamed khalil	TUN	LEWIS Bailey	AUS	PTF	2:0
paris-grand-prix-2022	Senior Men -58kg	F	234	RAVET Cyrian	FRA	JENDOUBI Mohamed khalil	TUN	PTF	2:0
paris-grand-prix-2022	Senior Men -68kg	R32	102	KAVURAT Ferhat can	TUR	RAMOS Gabriel	BRA	PTF	2:0
paris-grand-prix-2022	Senior Men -68kg	R32	103	ALAPHILIPPE Souleyman	FRA	NAVARRO Carlos	MEX	PTF	2:0
paris-grand-prix-2022	Senior Men -68kg	R32	104	ACHAB Jaouad	BEL	PAZ ROCHA David felipe	COL	PTF	2:1
paris-grand-prix-2022	Senior Men -68kg	R32	105	PIE Bernardo	DOM	NKOGHO MENGUE Hervan	CAN	PTF	2:0
paris-grand-prix-2022	Senior Men -68kg	R32	106	CHELLAMOOTOO Dylan	FRA	KRIVISHKIY Nimrod	ISR	PTF	2:0
paris-grand-prix-2022	Senior Men -68kg	R32	107	KAREEM Zaid	JOR	OZKAYA Imran	GER	PTF	2:0
paris-grand-prix-2022	Senior Men -68kg	R32	108	PONTES Edival	BRA	BAZARBAYEV Adilet	KAZ	PTF	2:1
paris-grand-prix-2022	Senior Men -68kg	R32	109	JIN Ho-jun	KOR	CHAMALIDIS Konstantinos	GRE	PTF	2:0
paris-grand-prix-2022	Senior Men -68kg	R32	110	GLASNOVIC Leon	CRO	DREWLAU Eduard	GER	PTF	2:0
paris-grand-prix-2022	Senior Men -68kg	R32	111	HARRIS Khalfani	USA	JORQUERA CALA Joan	ESP	PTF	2:0
paris-grand-prix-2022	Senior Men -68kg	R32	112	LUCIEN Theo	FRA	ALHALAWANI Zaid	JOR	PTF	2:0
paris-grand-prix-2022	Senior Men -68kg	R32	113	ALIAN Ali	SWE	AFONCZENKO Thomas	AUS	PTF	2:0
paris-grand-prix-2022	Senior Men -68kg	R32	114	JOZSA Levente mark	HUN	MORALES Ignacio	CHI	PTF	2:1
paris-grand-prix-2022	Senior Men -68kg	R16	115	SINDEN Bradly	GBR	KAVURAT Ferhat can	TUR	PTF	2:1
paris-grand-prix-2022	Senior Men -68kg	R16	116	ALAPHILIPPE Souleyman	FRA	ACHAB Jaouad	BEL	WDR	
paris-grand-prix-2022	Senior Men -68kg	R16	117	CHELLAMOOTOO Dylan	FRA	PIE Bernardo	DOM	PTF	2:1
paris-grand-prix-2022	Senior Men -68kg	R16	118	KAREEM Zaid	JOR	PONTES Edival	BRA	PTF	2:0
paris-grand-prix-2022	Senior Men -68kg	R16	119	PEREZ POLO Javier	ESP	JIN Ho-jun	KOR	PTF	2:1
paris-grand-prix-2022	Senior Men -68kg	R16	120	GLASNOVIC Leon	CRO	HARRIS Khalfani	USA	PTF	2:0
paris-grand-prix-2022	Senior Men -68kg	R16	121	LUCIEN Theo	FRA	ALIAN Ali	SWE	PTF	2:1
paris-grand-prix-2022	Senior Men -68kg	R16	122	JOZSA Levente mark	HUN	RECBER Hakan	TUR	PTF	2:0
paris-grand-prix-2022	Senior Men -68kg	QF	123	SINDEN Bradly	GBR	ALAPHILIPPE Souleyman	FRA	PTF	2:0
paris-grand-prix-2022	Senior Men -68kg	QF	124	KAREEM Zaid	JOR	CHELLAMOOTOO Dylan	FRA	PTF	2:0
paris-grand-prix-2022	Senior Men -68kg	QF	125	PEREZ POLO Javier	ESP	GLASNOVIC Leon	CRO	PTF	2:0
paris-grand-prix-2022	Senior Men -68kg	QF	126	LUCIEN Theo	FRA	JOZSA Levente mark	HUN	PTF	2:0
paris-grand-prix-2022	Senior Men -68kg	SF	229	KAREEM Zaid	JOR	SINDEN Bradly	GBR	PTF	2:0
paris-grand-prix-2022	Senior Men -68kg	SF	230	PEREZ POLO Javier	ESP	LUCIEN Theo	FRA	PTF	2:0
paris-grand-prix-2022	Senior Men -68kg	F	234	PEREZ POLO Javier	ESP	KAREEM Zaid	JOR	PTF	2:0
paris-grand-prix-2022	Senior Men -80kg	R32	301	ACHAB Badr	BEL	YILDIZ Muhammed emin	TUR	PTF	2:1
paris-grand-prix-2022	Senior Men -80kg	R32	302	FERREIRA Julio	POR	CELIN Lyve-stone	FRA	PTF	2:1
paris-grand-prix-2022	Senior Men -80kg	R32	303	ORDEMANN Richard andre	NOR	SEJRANOVIC Leon	AUS	PTF	2:0
paris-grand-prix-2022	Senior Men -80kg	R32	304	NAMGOONG Hwan	KOR	MARTINEZ GARCIA Raul	ESP	WDR	1:0
paris-grand-prix-2022	Senior Men -80kg	R32	305	HUSIC Nedzad	BIH	STEWART Jordan	CAN	PTF	2:1
paris-grand-prix-2022	Senior Men -80kg	R32	306	KATOUSSI Firas	TUN	MYRZABAYEV Nurlan	KAZ	PTF	2:1
paris-grand-prix-2022	Senior Men -80kg	R32	307	KANAET Toni	CRO	JERMAMI Mehdi	FRA	PTF	2:0
paris-grand-prix-2022	Senior Men -80kg	R32	308	TAKOV Stefan	SRB	TREJOS Miguel Angel	COL	PTF	2:0
paris-grand-prix-2022	Senior Men -80kg	R32	309	PARK Woo hyeok	KOR	TELIKOSTOGLOU Apostolos	GRE	PTF	2:0
paris-grand-prix-2022	Senior Men -80kg	R32	310	NICKOLAS CJ	USA	BOUZID SOUIHILI Ismael	FRA	PTF	2:0
paris-grand-prix-2022	Senior Men -80kg	R32	311	QUESADA BARRERA Daniel	ESP	KARTAL Huseyin	TUR	PTF	2:1
paris-grand-prix-2022	Senior Men -80kg	R32	312	HERNANDEZ Moises	DOM	RADOJKOVIC Aleksandar	AUT	PTF	2:0
paris-grand-prix-2022	Senior Men -80kg	R32	313	GOLUBIC Marko	CRO	LIZARRAGA Rene	MEX	PTF	2:0
paris-grand-prix-2022	Senior Men -80kg	R16	314	ELSHARABATY Saleh	JOR	ACHAB Badr	BEL	PTF	2:0
paris-grand-prix-2022	Senior Men -80kg	R16	315	ORDEMANN Richard andre	NOR	FERREIRA Julio	POR	PTF	2:0
paris-grand-prix-2022	Senior Men -80kg	R16	316	NAMGOONG Hwan	KOR	HUSIC Nedzad	BIH	PTF	2:0
paris-grand-prix-2022	Senior Men -80kg	R16	317	KATOUSSI Firas	TUN	KANAET Toni	CRO	PTF	2:1
paris-grand-prix-2022	Senior Men -80kg	R16	318	EISSA Seif	EGY	TAKOV Stefan	SRB	PTF	2:0
paris-grand-prix-2022	Senior Men -80kg	R16	319	NICKOLAS CJ	USA	PARK Woo hyeok	KOR	PTF	2:0
paris-grand-prix-2022	Senior Men -80kg	R16	320	QUESADA BARRERA Daniel	ESP	HERNANDEZ Moises	DOM	PTF	2:0
paris-grand-prix-2022	Senior Men -80kg	R16	321	ALESSIO Simone	ITA	GOLUBIC Marko	CRO	PTF	2:0
paris-grand-prix-2022	Senior Men -80kg	QF	322	ORDEMANN Richard andre	NOR	ELSHARABATY Saleh	JOR	PTF	2:1
paris-grand-prix-2022	Senior Men -80kg	QF	323	KATOUSSI Firas	TUN	NAMGOONG Hwan	KOR	PTF	2:1
paris-grand-prix-2022	Senior Men -80kg	QF	324	NICKOLAS CJ	USA	EISSA Seif	EGY	PTF	2:0
paris-grand-prix-2022	Senior Men -80kg	QF	325	ALESSIO Simone	ITA	QUESADA BARRERA Daniel	ESP	PTF	2:0
paris-grand-prix-2022	Senior Men -80kg	SF	231	ORDEMANN Richard andre	NOR	KATOUSSI Firas	TUN	PTF	2:1
paris-grand-prix-2022	Senior Men -80kg	SF	232	ALESSIO Simone	ITA	NICKOLAS CJ	USA	PTF	2:0
paris-grand-prix-2022	Senior Men -80kg	F	235	ALESSIO Simone	ITA	ORDEMANN Richard andre	NOR	PTF	2:1
paris-grand-prix-2022	Senior Men +80kg	R32	203	CUNNINGHAM Caden	GBR	DIVKOVIC Patrik	SLO	PTF	2:0
paris-grand-prix-2022	Senior Men +80kg	R32	204	EL YAZIDI Omar	FRA	LEE SEONGI	KOR	PTF	2:1
paris-grand-prix-2022	Senior Men +80kg	R32	205	CISSE Cheick sallah	CIV	RAWY Ahmad	EGY	RSC	2:0
paris-grand-prix-2022	Senior Men +80kg	R32	206	ALBA Rafael	CUB	PILIPOVIC Milos	NOR	PTF	2:0
paris-grand-prix-2022	Senior Men +80kg	R32	207	BASSEL Ayoub	MAR	SALAZAR Bryan	MEX	PTF	2:0
paris-grand-prix-2022	Senior Men +80kg	R32	208	BOZIC Pasko	CRO	BOTTA Roberto	ITA	PTF	2:1
paris-grand-prix-2022	Senior Men +80kg	R32	209	KANG yeonho	KOR	SANSORES Carlos	MEX	PTF	2:0
paris-grand-prix-2022	Senior Men +80kg	R32	303	SAPINA Ivan	CRO	N'DIAYE M'bar	FRA	PTF	2:0
paris-grand-prix-2022	Senior Men +80kg	R32	304	GBANE Seydou	CIV	TRAJKOVIC Ivan konrad	SLO	PTF	2:1
paris-grand-prix-2022	Senior Men +80kg	R32	305	SIQUEIRA Maicon	BRA	BONDAR Vladyslav	UKR	PTF	2:0
paris-grand-prix-2022	Senior Men +80kg	R32	306	HEALY Jonathan	USA	SEGEDIN Dinko	BIH	PTF	2:0
paris-grand-prix-2022	Senior Men +80kg	R32	307	GARCIA MARTINEZ Ivan	ESP	BERGERON Marc andre	CAN	PTF	2:1
paris-grand-prix-2022	Senior Men +80kg	R32	308	DUISEBAY Smaiyl	KAZ	BICER Enbiya taha	TUR	PTF	2:1
paris-grand-prix-2022	Senior Men +80kg	R32	309	SONG Zhaoxiang	CHN	ZHAPAROV Ruslan	KAZ	PTF	2:0
paris-grand-prix-2022	Senior Men +80kg	R16	213	CUNNINGHAM Caden	GBR	MARTINS SOARES Icaro miguel	BRA	PTF	2:0
paris-grand-prix-2022	Senior Men +80kg	R16	214	CISSE Cheick sallah	CIV	EL YAZIDI Omar	FRA	PTF	2:0
paris-grand-prix-2022	Senior Men +80kg	R16	215	BOZIC Pasko	CRO	KANG yeonho	KOR	PTF	2:0
paris-grand-prix-2022	Senior Men +80kg	R16	310	SAPINA Ivan	CRO	GBANE Seydou	CIV	PTF	2:0
paris-grand-prix-2022	Senior Men +80kg	R16	311	SIQUEIRA Maicon	BRA	HEALY Jonathan	USA	PTF	2:0
paris-grand-prix-2022	Senior Men +80kg	R16	312	GARCIA MARTINEZ Ivan	ESP	DUISEBAY Smaiyl	KAZ	PTF	2:0
paris-grand-prix-2022	Senior Men +80kg	R16	313	SONG Zhaoxiang	CHN	ATESLI Emre kutalmis	TUR	PTF	2:1
paris-grand-prix-2022	Senior Men +80kg	R16	314	ALBA Rafael	CUB	BASSEL Ayoub	MAR	PTF	2:1
paris-grand-prix-2022	Senior Men +80kg	QF	216	GARCIA MARTINEZ Ivan	ESP	SONG Zhaoxiang	CHN	PTF	2:0
paris-grand-prix-2022	Senior Men +80kg	QF	217	ALBA Rafael	CUB	BOZIC Pasko	CRO	PTF	2:0
paris-grand-prix-2022	Senior Men +80kg	QF	316	SAPINA Ivan	CRO	SIQUEIRA Maicon	BRA	PTF	2:1
paris-grand-prix-2022	Senior Men +80kg	QF	317	CISSE Cheick sallah	CIV	CUNNINGHAM Caden	GBR	PTF	2:0
paris-grand-prix-2022	Senior Men +80kg	SF	220	ALBA Rafael	CUB	CISSE Cheick sallah	CIV	PTF	2:0
paris-grand-prix-2022	Senior Men +80kg	SF	221	SAPINA Ivan	CRO	GARCIA MARTINEZ Ivan	ESP	PTF	2:1
paris-grand-prix-2022	Senior Men +80kg	F	223	ALBA Rafael	CUB	SAPINA Ivan	CRO	PTF	2:1
paris-grand-prix-2022	Senior Women -49kg	R32	101	STOJKOVIC Lena	CRO	SANTOS Valeria	BRA	PTF	2:0
paris-grand-prix-2022	Senior Women -49kg	R32	102	YILDIRIM Rukiye	TUR	SAMY ELHOSSEINY Shahd	EGY	PTF	2:0
paris-grand-prix-2022	Senior Women -49kg	R32	103	ATESLI Supharada	GER	SIM JAEYOUNG	KOR	PTF	2:1
paris-grand-prix-2022	Senior Women -49kg	R32	104	KANG Bora	KOR	POURYOUNES LANGEROUDI Dina	TRT	PTF	2:0
paris-grand-prix-2022	Senior Women -49kg	R32	105	SOUZA Daniela Paola	MEX	ROMOLDANOVA Iryna	UKR	PTF	2:0
paris-grand-prix-2022	Senior Women -49kg	R32	106	BOGDANOVIC Tijana	SRB	COULIBALY Bouma ferimata	CIV	PTF	2:0
paris-grand-prix-2022	Senior Women -49kg	R32	107	REIS Talisca	BRA	YONG Yvette Hui Hua	CAN	PTF	2:0
paris-grand-prix-2022	Senior Women -49kg	R32	108	GUO Qing	CHN	RAMIREZ VARGAS Andrea	COL	PTF	2:0
paris-grand-prix-2022	Senior Women -49kg	R32	109	DINCEL KAVURAT Merve	TUR	RABAB OUHADI	MAR	PTF	2:1
paris-grand-prix-2022	Senior Women -49kg	R32	110	MOORE Maddison	GBR	SEMBERG Abishag	ISR	PTF	2:1
paris-grand-prix-2022	Senior Women -49kg	R32	111	AYDIN KONSTANTINIDIS Ela	GER	BAYECH Rivka	ISR	PTF	2:1
paris-grand-prix-2022	Senior Women -49kg	R32	112	DUVANCIC Bruna	CRO	ZRIHEN Michal	POR	PTF	2:0
paris-grand-prix-2022	Senior Women -49kg	R32	113	CEREZO IGLESIAS Adriana	ESP	REHANI Dalya	FRA	PTF	2:0
paris-grand-prix-2022	Senior Women -49kg	R32	201	EL BOUCHTI Oumaima	MAR	TRUONG Thi kim tuyen	VIE	PTF	2:1
paris-grand-prix-2022	Senior Women -49kg	R32	301	TRANQUILLE Viviane	CAN	KAMKASOUMPHOU Maysane	FRA	PTF	2:0
paris-grand-prix-2022	Senior Women -49kg	R16	114	WONGPATTANAKIT Panipak	THA	EL BOUCHTI Oumaima	MAR	PTF	2:0
paris-grand-prix-2022	Senior Women -49kg	R16	115	STOJKOVIC Lena	CRO	TRANQUILLE Viviane	CAN	PTF	2:0
paris-grand-prix-2022	Senior Women -49kg	R16	116	YILDIRIM Rukiye	TUR	ATESLI Supharada	GER	PTF	2:0
paris-grand-prix-2022	Senior Women -49kg	R16	117	KANG Bora	KOR	SOUZA Daniela Paola	MEX	PTF	2:1
paris-grand-prix-2022	Senior Women -49kg	R16	118	BOGDANOVIC Tijana	SRB	REIS Talisca	BRA	PTF	2:0
paris-grand-prix-2022	Senior Women -49kg	R16	119	DINCEL KAVURAT Merve	TUR	GUO Qing	CHN	PTF	2:0
paris-grand-prix-2022	Senior Women -49kg	R16	120	AYDIN KONSTANTINIDIS Ela	GER	MOORE Maddison	GBR	PTF	2:0
paris-grand-prix-2022	Senior Women -49kg	R16	121	CEREZO IGLESIAS Adriana	ESP	DUVANCIC Bruna	CRO	PTF	2:1
paris-grand-prix-2022	Senior Women -49kg	QF	122	WONGPATTANAKIT Panipak	THA	STOJKOVIC Lena	CRO	PTF	2:0
paris-grand-prix-2022	Senior Women -49kg	QF	123	KANG Bora	KOR	YILDIRIM Rukiye	TUR	PTF	2:0
paris-grand-prix-2022	Senior Women -49kg	QF	124	DINCEL KAVURAT Merve	TUR	BOGDANOVIC Tijana	SRB	PTF	2:0
paris-grand-prix-2022	Senior Women -49kg	QF	125	AYDIN KONSTANTINIDIS Ela	GER	CEREZO IGLESIAS Adriana	ESP	PTF	2:1
paris-grand-prix-2022	Senior Women -49kg	SF	226	WONGPATTANAKIT Panipak	THA	KANG Bora	KOR	PTF	2:1
paris-grand-prix-2022	Senior Women -49kg	SF	227	DINCEL KAVURAT Merve	TUR	AYDIN KONSTANTINIDIS Ela	GER	PTF	2:1
paris-grand-prix-2022	Senior Women -49kg	F	232	WONGPATTANAKIT Panipak	THA	DINCEL KAVURAT Merve	TUR	PTF	2:0
paris-grand-prix-2022	Senior Women -57kg	R32	302	VILLEGAS Fabiola G	MEX	KALTEKI Faidra	GRE	PTF	2:0
paris-grand-prix-2022	Senior Women -57kg	R32	303	TZELI Fani	GRE	CARABIN Kanelya	FRA	PTF	2:1
paris-grand-prix-2022	Senior Women -57kg	R32	304	LAARAJ Nada	MAR	RADMILOVIC Aleksandra	SRB	PTF	2:0
paris-grand-prix-2022	Senior Women -57kg	R32	305	JONES Jade	GBR	TVARONAVICIUTE Klaudija	LTU	PTF	2:0
paris-grand-prix-2022	Senior Women -57kg	R32	306	KIYANICHANDEH Nahid	IRI	FOLGMANN Madeline	GER	PTF	2:0
paris-grand-prix-2022	Senior Women -57kg	R32	307	ASEMANI Raheleh	BEL	SCHOENMAKERS Bodine	NED	PTF	2:0
paris-grand-prix-2022	Senior Women -57kg	R32	308	LO Chia-ling	TPE	PEREZ PARRADO Alma maria	ESP	PTF	2:1
paris-grand-prix-2022	Senior Women -57kg	R32	309	MACEDO Sandy	BRA	PATAKFALVY Luca	HUN	PTF	2:0
paris-grand-prix-2022	Senior Women -57kg	R32	310	POWELL Aaliyah	GBR	ADAMKIEWICZ Patrycja	POL	PTF	2:0
paris-grand-prix-2022	Senior Women -57kg	R32	311	LEE AHREUM	KOR	ORTIZ BENITO Arlet	ESP	PTF	2:0
paris-grand-prix-2022	Senior Women -57kg	R32	312	ZHOU Lijun	CHN	HARNSUJIN Phannapa	THA	PTF	2:1
paris-grand-prix-2022	Senior Women -57kg	R32	313	FROEMMING Anna-Lena	GER	GREENWOOD Makayla	USA	PTF	2:0
paris-grand-prix-2022	Senior Women -57kg	R16	314	VILLEGAS Fabiola G	MEX	ZOLOTIC Anastasija	USA	PTF	2:0
paris-grand-prix-2022	Senior Women -57kg	R16	315	LAARAJ Nada	MAR	TZELI Fani	GRE	PTF	2:0
paris-grand-prix-2022	Senior Women -57kg	R16	316	KIYANICHANDEH Nahid	IRI	JONES Jade	GBR	PTF	2:0
paris-grand-prix-2022	Senior Women -57kg	R16	317	LUO Zongshi	CHN	ASEMANI Raheleh	BEL	PTF	2:0
paris-grand-prix-2022	Senior Women -57kg	R16	318	PARK Skylar	CAN	LO Chia-ling	TPE	PTF	2:1
paris-grand-prix-2022	Senior Women -57kg	R16	319	POWELL Aaliyah	GBR	MACEDO Sandy	BRA	PTF	2:0
paris-grand-prix-2022	Senior Women -57kg	R16	320	ZHOU Lijun	CHN	LEE AHREUM	KOR	PTF	2:1
paris-grand-prix-2022	Senior Women -57kg	R16	321	ILGUN Hatice kubra	TUR	FROEMMING Anna-Lena	GER	PTF	2:0
paris-grand-prix-2022	Senior Women -57kg	QF	322	LAARAJ Nada	MAR	VILLEGAS Fabiola G	MEX	PTF	2:1
paris-grand-prix-2022	Senior Women -57kg	QF	323	LUO Zongshi	CHN	KIYANICHANDEH Nahid	IRI	PTF	2:0
paris-grand-prix-2022	Senior Women -57kg	QF	324	PARK Skylar	CAN	POWELL Aaliyah	GBR	PTF	2:0
paris-grand-prix-2022	Senior Women -57kg	QF	325	ZHOU Lijun	CHN	ILGUN Hatice kubra	TUR	PTF	2:1
paris-grand-prix-2022	Senior Women -57kg	SF	228	LUO Zongshi	CHN	LAARAJ Nada	MAR	PTF	2:0
paris-grand-prix-2022	Senior Women -57kg	SF	229	PARK Skylar	CAN	ZHOU Lijun	CHN	PTF	2:0
paris-grand-prix-2022	Senior Women -57kg	F	233	LUO Zongshi	CHN	PARK Skylar	CAN	PTF	2:0
paris-grand-prix-2022	Senior Women -67kg	R32	101	SOLTERO Leslie	MEX	PERISIC Aleksandra	SRB	PTF	2:0
paris-grand-prix-2022	Senior Women -67kg	R32	201	ASASEH Kosar	IRI	BOZANIC Nadica	SRB	PTF	2:1
paris-grand-prix-2022	Senior Women -67kg	R32	202	KLEPAC Nika	CRO	CASTRO BURGOS Cecilia	ESP	PTF	2:0
paris-grand-prix-2022	Senior Women -67kg	R32	203	AL-SADEQ Julyana	JOR	KAYIR Ikra	TUR	PTF	2:0
paris-grand-prix-2022	Senior Women -67kg	R32	204	KOERNDL Vanessa	GER	MOUEGA Urgence	GAB	PTF	2:1
paris-grand-prix-2022	Senior Women -67kg	R32	205	TARVIDA Jolanta	LAT	STOLBOVA Petra	CZE	PTF	2:0
paris-grand-prix-2022	Senior Women -67kg	R32	206	NAM Min-seo	KOR	TITONELI Milena	BRA	PTF	2:0
paris-grand-prix-2022	Senior Women -67kg	R32	207	WILLIAMS Lauren	GBR	SONG Jie	CHN	PTF	2:1
paris-grand-prix-2022	Senior Women -67kg	R32	208	KIM Jan-di	KOR	FUREDI Rebeka	HUN	PTF	2:0
paris-grand-prix-2022	Senior Women -67kg	R32	209	MITSOPOULOU Athanasia	GRE	MAGDALENO ALBIZU Jone	ESP	PTF	2:1
paris-grand-prix-2022	Senior Women -67kg	R32	210	GBAGBI Ruth	CIV	ANYANACHO Elizabeth oluchi	NGR	PTF	2:1
paris-grand-prix-2022	Senior Women -67kg	R32	211	CHAARI Sarah	BEL	SANTOS Caroline	BRA	PTF	2:0
paris-grand-prix-2022	Senior Women -67kg	R32	212	ZHANG Mengyu	CHN	JUHASZOVA Iveta	CZE	PTF	2:0
paris-grand-prix-2022	Senior Women -67kg	R32	213	KRAAYEVELD Ashley	CAN	PAGNOTTA Melissa	CAN	PTF	2:0
paris-grand-prix-2022	Senior Women -67kg	R32	214	WIET HENIN Magda	FRA	VANDER-ZWALM Estelle	FRA	PTF	2:0
paris-grand-prix-2022	Senior Women -67kg	R16	215	SOLTERO Leslie	MEX	JELIC Matea	CRO	PTF	2:1
paris-grand-prix-2022	Senior Women -67kg	R16	216	KLEPAC Nika	CRO	ASASEH Kosar	IRI	PTF	2:1
paris-grand-prix-2022	Senior Women -67kg	R16	217	AL-SADEQ Julyana	JOR	KOERNDL Vanessa	GER	PTF	2:0
paris-grand-prix-2022	Senior Women -67kg	R16	218	NAM Min-seo	KOR	TARVIDA Jolanta	LAT	PTF	2:0
paris-grand-prix-2022	Senior Women -67kg	R16	219	KIM Jan-di	KOR	WILLIAMS Lauren	GBR	PTF	2:0
paris-grand-prix-2022	Senior Women -67kg	R16	220	GBAGBI Ruth	CIV	MITSOPOULOU Athanasia	GRE	PTF	2:1
paris-grand-prix-2022	Senior Women -67kg	R16	221	CHAARI Sarah	BEL	ZHANG Mengyu	CHN	PTF	2:0
paris-grand-prix-2022	Senior Women -67kg	R16	222	WIET HENIN Magda	FRA	KRAAYEVELD Ashley	CAN	PTF	2:0
paris-grand-prix-2022	Senior Women -67kg	QF	223	SOLTERO Leslie	MEX	KLEPAC Nika	CRO	PTF	2:0
paris-grand-prix-2022	Senior Women -67kg	QF	224	NAM Min-seo	KOR	AL-SADEQ Julyana	JOR	PTF	2:0
paris-grand-prix-2022	Senior Women -67kg	QF	225	GBAGBI Ruth	CIV	KIM Jan-di	KOR	PTF	2:1
paris-grand-prix-2022	Senior Women -67kg	QF	226	CHAARI Sarah	BEL	WIET HENIN Magda	FRA	PTF	2:1
paris-grand-prix-2022	Senior Women -67kg	SF	227	NAM Min-seo	KOR	SOLTERO Leslie	MEX	PTF	2:0
paris-grand-prix-2022	Senior Women -67kg	SF	228	GBAGBI Ruth	CIV	CHAARI Sarah	BEL	PTF	2:1
paris-grand-prix-2022	Senior Women -67kg	F	233	GBAGBI Ruth	CIV	NAM Min-seo	KOR	PTF	2:0
paris-grand-prix-2022	Senior Women +67kg	R32	101	SMIRAGLIA Maristella	ITA	JAHL Marlene	AUT	PTF	2:1
paris-grand-prix-2022	Senior Women +67kg	R32	102	GLORIA Mosquera	COL	GAO Pan	CHN	PTF	2:0
paris-grand-prix-2022	Senior Women +67kg	R32	103	KOWALCZUK Aleksandra	POL	STEWART Reba	AUS	PTF	2:1
paris-grand-prix-2022	Senior Women +67kg	R32	104	WEEKES Crystal	PUR	GORMAN-SHORE Madelynn	USA	PTF	2:1
paris-grand-prix-2022	Senior Women +67kg	R32	105	MCGOWAN Rebecca	GBR	PETANJEK NIKA	CRO	PTF	2:1
paris-grand-prix-2022	Senior Women +67kg	R32	106	CASTINEIRA ETCHEVERRIA Tania	ESP	MORAN ROMERO Belen	ESP	PTF	2:0
paris-grand-prix-2022	Senior Women +67kg	R32	107	DENIZ Cansel	KAZ	BATHILY Astan katherine feghe	CIV	WDR	
paris-grand-prix-2022	Senior Women +67kg	R32	108	AZRAN Dana	ISR	RODRIGUEZ Katherine	DOM	PTF	2:0
paris-grand-prix-2022	Senior Women +67kg	R32	109	SCHNEIDER Yanna	GER	ABO-ALRUB Rama	JOR	PTF	2:1
paris-grand-prix-2022	Senior Women +67kg	R32	201	BRANDL Lorena	GER	VIANA Alena	USA	PTF	2:0
paris-grand-prix-2022	Senior Women +67kg	R32	202	KHODABANDEH Akram	IRI	AVOULETTE Solene	FRA	PTF	2:1
paris-grand-prix-2022	Senior Women +67kg	R32	301	SIQUEIRA Gabriele	BRA	BLE Marie-Paule	FRA	PTF	2:1
paris-grand-prix-2022	Senior Women +67kg	R32	302	LAURIN Althea	FRA	UZUNCAVDAR Sude yaren	TUR	PTF	2:0
paris-grand-prix-2022	Senior Women +67kg	R16	110	LAURIN Althea	FRA	SCHNEIDER Yanna	GER	PTF	2:0
paris-grand-prix-2022	Senior Women +67kg	R16	111	KUS AYDIN Nafia	TUR	SMIRAGLIA Maristella	ITA	PTF	2:0
paris-grand-prix-2022	Senior Women +67kg	R16	112	GLORIA Mosquera	COL	KOWALCZUK Aleksandra	POL	PTF	2:0
paris-grand-prix-2022	Senior Women +67kg	R16	113	MCGOWAN Rebecca	GBR	WEEKES Crystal	PUR	PTF	2:0
paris-grand-prix-2022	Senior Women +67kg	R16	114	LEE Dabin	KOR	CASTINEIRA ETCHEVERRIA Tania	ESP	PTF	2:1
paris-grand-prix-2022	Senior Women +67kg	R16	210	SIQUEIRA Gabriele	BRA	COOK Bianca	GBR	PTF	2:1
paris-grand-prix-2022	Senior Women +67kg	R16	211	BRANDL Lorena	GER	KHODABANDEH Akram	IRI	PTF	2:1
paris-grand-prix-2022	Senior Women +67kg	R16	212	DENIZ Cansel	KAZ	AZRAN Dana	ISR	PTF	2:0
paris-grand-prix-2022	Senior Women +67kg	QF	115	LAURIN Althea	FRA	DENIZ Cansel	KAZ	PTF	2:0
paris-grand-prix-2022	Senior Women +67kg	QF	116	KUS AYDIN Nafia	TUR	GLORIA Mosquera	COL	PTF	2:0
paris-grand-prix-2022	Senior Women +67kg	QF	117	LEE Dabin	KOR	MCGOWAN Rebecca	GBR	PTF	2:0
paris-grand-prix-2022	Senior Women +67kg	QF	315	SIQUEIRA Gabriele	BRA	BRANDL Lorena	GER	PTF	2:0
paris-grand-prix-2022	Senior Women +67kg	SF	218	LAURIN Althea	FRA	SIQUEIRA Gabriele	BRA	PTF	2:1
paris-grand-prix-2022	Senior Women +67kg	SF	219	LEE Dabin	KOR	KUS AYDIN Nafia	TUR	PTF	2:1
paris-grand-prix-2022	Senior Women +67kg	F	222	LEE Dabin	KOR	LAURIN Althea	FRA	PTF	2:1
manchester-grand-prix-2022	Senior Men -58kg	R32	206	PARK Tae-joon	KOR	RAPSOMANIKIS Dionysios	GRE	PTF	2:1
manchester-grand-prix-2022	Senior Men -58kg	R32	207	DAGDELEN Deniz	TUR	ARILLO VAZQUEZ Hugo	ESP	PTF	2:0
manchester-grand-prix-2022	Senior Men -58kg	R32	301	HOEFLING Nicholas	CAN	RODRIGUEZ Cesar	MEX	PTF	2:0
manchester-grand-prix-2022	Senior Men -58kg	R32	302	NOUR Mohammed	GBR	LEWIS Bailey	AUS	RSC	2:1
manchester-grand-prix-2022	Senior Men -58kg	R32	303	YODRAK Thanakrit	THA	PLAZA HERNANDEZ Brandon	MEX	PTF	2:0
manchester-grand-prix-2022	Senior Men -58kg	R32	304	SALIM Sharif gergely	HUN	ALVAREZ Melvy	USA	PTF	2:0
manchester-grand-prix-2022	Senior Men -58kg	R32	305	POLAT Gorkem	TUR	MAGOMEDOV Gashim	AZE	PTF	2:0
manchester-grand-prix-2022	Senior Men -58kg	R32	306	BAE Jun-seo	KOR	MOLLE Milan	NED	PTF	2:0
manchester-grand-prix-2022	Senior Men -58kg	R32	307	TESKERA Josip	CRO	SHARAKY Omar	EGY	PTF	2:0
manchester-grand-prix-2022	Senior Men -58kg	R16	211	DELL'AQUILA Vito	ITA	HOEFLING Nicholas	CAN	PTF	2:0
manchester-grand-prix-2022	Senior Men -58kg	R16	212	YODRAK Thanakrit	THA	NOUR Mohammed	GBR	PTF	2:0
manchester-grand-prix-2022	Senior Men -58kg	R16	308	JENDOUBI Mohamed khalil	TUN	SALIM Sharif gergely	HUN	PTF	2:0
manchester-grand-prix-2022	Senior Men -58kg	R16	309	SALIM Omar gergely	HUN	POLAT Gorkem	TUR	PTF	2:1
manchester-grand-prix-2022	Senior Men -58kg	R16	310	PARK Tae-joon	KOR	MELO Paulo	BRA	PTF	2:0
manchester-grand-prix-2022	Senior Men -58kg	R16	311	VICENTE YUNTA Adrian	ESP	DAGDELEN Deniz	TUR	PTF	2:0
manchester-grand-prix-2022	Senior Men -58kg	R16	312	RAVET Cyrian	FRA	BAE Jun-seo	KOR	PTF	2:0
manchester-grand-prix-2022	Senior Men -58kg	R16	313	WOOLLEY Jack	IRL	TESKERA Josip	CRO	PTF	2:0
manchester-grand-prix-2022	Senior Men -58kg	QF	214	DELL'AQUILA Vito	ITA	YODRAK Thanakrit	THA	PTF	2:1
manchester-grand-prix-2022	Senior Men -58kg	QF	215	WOOLLEY Jack	IRL	RAVET Cyrian	FRA	PTF	2:1
manchester-grand-prix-2022	Senior Men -58kg	QF	314	PARK Tae-joon	KOR	VICENTE YUNTA Adrian	ESP	PTF	2:0
manchester-grand-prix-2022	Senior Men -58kg	QF	315	JENDOUBI Mohamed khalil	TUN	SALIM Omar gergely	HUN	PTF	2:0
manchester-grand-prix-2022	Senior Men -58kg	SF	218	PARK Tae-joon	KOR	DELL'AQUILA Vito	ITA	PTF	2:0
manchester-grand-prix-2022	Senior Men -58kg	SF	219	JENDOUBI Mohamed khalil	TUN	WOOLLEY Jack	IRL	PTF	2:0
manchester-grand-prix-2022	Senior Men -58kg	F	221	PARK Tae-joon	KOR	JENDOUBI Mohamed khalil	TUN	PTF	2:1
manchester-grand-prix-2022	Senior Men -68kg	R32	204	LIN Wenye	CHN	PIE Bernardo	DOM	PTF	2:0
manchester-grand-prix-2022	Senior Men -68kg	R32	205	NAVARRO Carlos	MEX	CHAMALIDIS Konstantinos	GRE	PTF	2:1
manchester-grand-prix-2022	Senior Men -68kg	R32	206	KAREEM Zaid	JOR	CHELLAMOOTOO Dylan	FRA	PTF	2:0
manchester-grand-prix-2022	Senior Men -68kg	R32	207	JIN Ho-jun	KOR	JOZSA Levente mark	HUN	PTF	2:1
manchester-grand-prix-2022	Senior Men -68kg	R32	208	KRIVISHKIY Nimrod	ISR	LUCIEN Theo	FRA	PTF	2:0
manchester-grand-prix-2022	Senior Men -68kg	R32	209	ALHALAWANI Zaid	JOR	LEO Speight	GBR	PTF	2:0
manchester-grand-prix-2022	Senior Men -68kg	R32	210	SEO Kang-eun	KOR	ACHAB Jaouad	BEL	PTF	2:1
manchester-grand-prix-2022	Senior Men -68kg	R32	211	HARRIS Khalfani	USA	GLASNOVIC Leon	CRO	PTF	2:0
manchester-grand-prix-2022	Senior Men -68kg	R32	212	KAVURAT Ferhat can	TUR	NASSAR Ahmed	EGY	PTF	2:1
manchester-grand-prix-2022	Senior Men -68kg	R32	301	RAMOS Gabriel	BRA	OZKAYA Imran	GER	PTF	2:1
manchester-grand-prix-2022	Senior Men -68kg	R32	302	ALIAN Ali	SWE	BARAKAT Eyad	EGY	PTF	2:1
manchester-grand-prix-2022	Senior Men -68kg	R16	213	SINDEN Bradly	GBR	RAMOS Gabriel	BRA	PTF	2:1
manchester-grand-prix-2022	Senior Men -68kg	R16	214	ALIAN Ali	SWE	LIN Wenye	CHN	PTF	2:1
manchester-grand-prix-2022	Senior Men -68kg	R16	215	JORQUERA CALA Joan	ESP	NAVARRO Carlos	MEX	PTF	2:1
manchester-grand-prix-2022	Senior Men -68kg	R16	216	KAREEM Zaid	JOR	PONTES Edival	BRA	PTF	2:1
manchester-grand-prix-2022	Senior Men -68kg	R16	217	JIN Ho-jun	KOR	PEREZ POLO Javier	ESP	PTF	2:1
manchester-grand-prix-2022	Senior Men -68kg	R16	218	KRIVISHKIY Nimrod	ISR	ALHALAWANI Zaid	JOR	WDR	
manchester-grand-prix-2022	Senior Men -68kg	R16	219	HARRIS Khalfani	USA	SEO Kang-eun	KOR	PTF	2:0
manchester-grand-prix-2022	Senior Men -68kg	R16	220	RECBER Hakan	TUR	KAVURAT Ferhat can	TUR	PTF	2:0
manchester-grand-prix-2022	Senior Men -68kg	QF	221	SINDEN Bradly	GBR	ALIAN Ali	SWE	PTF	2:0
manchester-grand-prix-2022	Senior Men -68kg	QF	222	KAREEM Zaid	JOR	JORQUERA CALA Joan	ESP	PTF	2:0
manchester-grand-prix-2022	Senior Men -68kg	QF	223	JIN Ho-jun	KOR	KRIVISHKIY Nimrod	ISR	PTF	2:0
manchester-grand-prix-2022	Senior Men -68kg	QF	224	HARRIS Khalfani	USA	RECBER Hakan	TUR	PTF	2:1
manchester-grand-prix-2022	Senior Men -68kg	SF	227	KAREEM Zaid	JOR	SINDEN Bradly	GBR	WDR	
manchester-grand-prix-2022	Senior Men -68kg	SF	228	JIN Ho-jun	KOR	HARRIS Khalfani	USA	PTF	2:0
manchester-grand-prix-2022	Senior Men -68kg	F	232	JIN Ho-jun	KOR	KAREEM Zaid	JOR	PTF	2:0
manchester-grand-prix-2022	Senior Men -80kg	R32	301	ACHAB Badr	BEL	YILDIZ Muhammed emin	TUR	PTF	2:1
manchester-grand-prix-2022	Senior Men -80kg	R32	302	TELIKOSTOGLOU Apostolos	GRE	KARTAL Huseyin	TUR	PTF	2:0
manchester-grand-prix-2022	Senior Men -80kg	R32	303	KATOUSSI Firas	TUN	BOUZID SOUIHILI Ismael	FRA	PTF	2:0
manchester-grand-prix-2022	Senior Men -80kg	R32	304	SEO Geon-woo	KOR	MARTINEZ GARCIA Raul	ESP	PTF	2:0
manchester-grand-prix-2022	Senior Men -80kg	R32	305	PARK Woo hyeok	KOR	SAWADOGO Faysal	BUR	PTF	2:0
manchester-grand-prix-2022	Senior Men -80kg	R32	306	HUSIC Nedzad	BIH	RADOJKOVIC Aleksandar	AUT	PTF	2:1
manchester-grand-prix-2022	Senior Men -80kg	R32	307	TAKOV Stefan	SRB	STEWART Jordan	CAN	PTF	2:0
manchester-grand-prix-2022	Senior Men -80kg	R32	308	HERNANDEZ Moises	DOM	FERREIRA Julio	POR	PTF	2:1
manchester-grand-prix-2022	Senior Men -80kg	R32	309	NAMGOONG Hwan	KOR	NICKOLAS CJ	USA	PTF	2:1
manchester-grand-prix-2022	Senior Men -80kg	R32	310	QUESADA BARRERA Daniel	ESP	JERMAMI Mehdi	FRA	PTF	2:1
manchester-grand-prix-2022	Senior Men -80kg	R32	311	ORDEMANN Richard andre	NOR	ROBLETO David	NCA	PTF	2:0
manchester-grand-prix-2022	Senior Men -80kg	R32	312	GOLUBIC Marko	CRO	LIZARRAGA Rene	MEX	PTF	2:0
manchester-grand-prix-2022	Senior Men -80kg	R16	313	EISSA Seif	EGY	ACHAB Badr	BEL	PTF	2:1
manchester-grand-prix-2022	Senior Men -80kg	R16	314	KATOUSSI Firas	TUN	TELIKOSTOGLOU Apostolos	GRE	PTF	2:0
manchester-grand-prix-2022	Senior Men -80kg	R16	315	SEO Geon-woo	KOR	PARK Woo hyeok	KOR	PTF	2:1
manchester-grand-prix-2022	Senior Men -80kg	R16	316	HUSIC Nedzad	BIH	KANAET Toni	CRO	RSC	1:1
manchester-grand-prix-2022	Senior Men -80kg	R16	317	ELSHARABATY Saleh	JOR	TAKOV Stefan	SRB	PTF	2:0
manchester-grand-prix-2022	Senior Men -80kg	R16	318	NAMGOONG Hwan	KOR	HERNANDEZ Moises	DOM	PTF	2:0
manchester-grand-prix-2022	Senior Men -80kg	R16	319	ORDEMANN Richard andre	NOR	QUESADA BARRERA Daniel	ESP	PTF	2:1
manchester-grand-prix-2022	Senior Men -80kg	R16	320	ALESSIO Simone	ITA	GOLUBIC Marko	CRO	PTF	2:0
manchester-grand-prix-2022	Senior Men -80kg	QF	321	KATOUSSI Firas	TUN	EISSA Seif	EGY	PTF	2:0
manchester-grand-prix-2022	Senior Men -80kg	QF	322	SEO Geon-woo	KOR	HUSIC Nedzad	BIH	PTF	2:1
manchester-grand-prix-2022	Senior Men -80kg	QF	323	NAMGOONG Hwan	KOR	ELSHARABATY Saleh	JOR	PTF	2:1
manchester-grand-prix-2022	Senior Men -80kg	QF	324	ALESSIO Simone	ITA	ORDEMANN Richard andre	NOR	PTF	2:0
manchester-grand-prix-2022	Senior Men -80kg	SF	225	SEO Geon-woo	KOR	KATOUSSI Firas	TUN	PTF	2:0
manchester-grand-prix-2022	Senior Men -80kg	SF	226	ALESSIO Simone	ITA	NAMGOONG Hwan	KOR	PTF	2:0
manchester-grand-prix-2022	Senior Men -80kg	F	231	SEO Geon-woo	KOR	ALESSIO Simone	ITA	PTF	2:0
manchester-grand-prix-2022	Senior Men +80kg	R32	101	TRAJKOVIC Ivan konrad	SLO	EL YAZIDI Omar	FRA	PTF	2:0
manchester-grand-prix-2022	Senior Men +80kg	R32	102	CUNNINGHAM Caden	GBR	BONDAR Vladyslav	UKR	PTF	2:0
manchester-grand-prix-2022	Senior Men +80kg	R32	103	BICER Enbiya taha	TUR	GEORGIEVSKI Dejan	MKD	PTF	2:0
manchester-grand-prix-2022	Senior Men +80kg	R32	104	ANN Alasan	GAM	BASSEL Ayoub	MAR	PTF	2:0
manchester-grand-prix-2022	Senior Men +80kg	R32	105	SONG Zhaoxiang	CHN	BOTTA Roberto	ITA	PTF	2:0
manchester-grand-prix-2022	Senior Men +80kg	R32	106	SALAZAR Bryan	MEX	ZHAPAROV Ruslan	KAZ	PTF	2:1
manchester-grand-prix-2022	Senior Men +80kg	R32	107	SIQUEIRA Maicon	BRA	LEE Meng-en	TPE	PTF	2:1
manchester-grand-prix-2022	Senior Men +80kg	R32	108	KANG yeonho	KOR	GARCIA MARTINEZ Ivan	ESP	PTF	2:1
manchester-grand-prix-2022	Senior Men +80kg	R32	109	HEALY Jonathan	USA	SEGEDIN Dinko	BIH	PTF	2:0
manchester-grand-prix-2022	Senior Men +80kg	R32	110	BOZIC Pasko	CRO	ALBA Rafael	CUB	RSC	2:0
manchester-grand-prix-2022	Senior Men +80kg	R32	111	RAWY Ahmad	EGY	DIVKOVIC Patrik	SLO	PTF	2:1
manchester-grand-prix-2022	Senior Men +80kg	R16	112	MARTINS SOARES Icaro miguel	BRA	TRAJKOVIC Ivan konrad	SLO	PTF	2:0
manchester-grand-prix-2022	Senior Men +80kg	R16	113	CUNNINGHAM Caden	GBR	BICER Enbiya taha	TUR	PTF	2:0
manchester-grand-prix-2022	Senior Men +80kg	R16	114	SANSORES Carlos	MEX	ANN Alasan	GAM	PTF	2:0
manchester-grand-prix-2022	Senior Men +80kg	R16	115	CISSE Cheick sallah	CIV	SONG Zhaoxiang	CHN	PTF	2:0
manchester-grand-prix-2022	Senior Men +80kg	R16	116	SALAZAR Bryan	MEX	SAPINA Ivan	CRO	PTF	2:0
manchester-grand-prix-2022	Senior Men +80kg	R16	117	SIQUEIRA Maicon	BRA	KANG yeonho	KOR	PTF	2:0
manchester-grand-prix-2022	Senior Men +80kg	R16	118	HEALY Jonathan	USA	BOZIC Pasko	CRO	PTF	2:1
manchester-grand-prix-2022	Senior Men +80kg	R16	119	ATESLI Emre kutalmis	TUR	RAWY Ahmad	EGY	PTF	2:1
manchester-grand-prix-2022	Senior Men +80kg	QF	120	CUNNINGHAM Caden	GBR	MARTINS SOARES Icaro miguel	BRA	PTF	2:1
manchester-grand-prix-2022	Senior Men +80kg	QF	121	CISSE Cheick sallah	CIV	SANSORES Carlos	MEX	PTF	2:1
manchester-grand-prix-2022	Senior Men +80kg	QF	122	SIQUEIRA Maicon	BRA	SALAZAR Bryan	MEX	PTF	2:1
manchester-grand-prix-2022	Senior Men +80kg	QF	123	ATESLI Emre kutalmis	TUR	HEALY Jonathan	USA	PTF	2:1
manchester-grand-prix-2022	Senior Men +80kg	SF	229	CUNNINGHAM Caden	GBR	CISSE Cheick sallah	CIV	PTF	2:1
manchester-grand-prix-2022	Senior Men +80kg	SF	230	SIQUEIRA Maicon	BRA	ATESLI Emre kutalmis	TUR	PTF	2:0
manchester-grand-prix-2022	Senior Men +80kg	F	233	SIQUEIRA Maicon	BRA	CUNNINGHAM Caden	GBR	PTF	2:1
manchester-grand-prix-2022	Senior Women -49kg	R32	101	SIM JAEYOUNG	KOR	TRANQUILLE Viviane	CAN	PTF	2:0
manchester-grand-prix-2022	Senior Women -49kg	R32	102	GUO Qing	CHN	DUVANCIC Bruna	CRO	PTF	2:1
manchester-grand-prix-2022	Senior Women -49kg	R32	103	EL BOUCHTI Oumaima	MAR	BAYECH Rivka	ISR	PTF	2:1
manchester-grand-prix-2022	Senior Women -49kg	R32	104	STOJKOVIC Lena	CRO	SANTOS Valeria	BRA	PTF	2:0
manchester-grand-prix-2022	Senior Women -49kg	R32	105	YILDIRIM Rukiye	TUR	KOUTTOUKI Kyriaki	CYP	PTF	2:1
manchester-grand-prix-2022	Senior Women -49kg	R32	106	SEMBERG Abishag	ISR	REIS Talisca	BRA	PTF	2:0
manchester-grand-prix-2022	Senior Women -49kg	R32	107	SAMY ELHOSSEINY Shahd	EGY	YONG Yvette Hui Hua	CAN	PTF	2:1
manchester-grand-prix-2022	Senior Women -49kg	R32	201	ZRIHEN Michal	POR	TRUONG Thi kim tuyen	VIE	PTF	2:1
manchester-grand-prix-2022	Senior Women -49kg	R32	202	CATHERINE Makanjuola	GBR	SANCHO Laura	WT	PTF	2:1
manchester-grand-prix-2022	Senior Women -49kg	R32	203	MOORE Maddison	GBR	AYDIN KONSTANTINIDIS Ela	GER	PTF	2:1
manchester-grand-prix-2022	Senior Women -49kg	R32	204	DINCEL KAVURAT Merve	TUR	LEE Ye-ji	KOR	PTF	2:1
manchester-grand-prix-2022	Senior Women -49kg	R32	205	KANG Bora	KOR	CELIK Sueheda	GER	PTF	2:0
manchester-grand-prix-2022	Senior Women -49kg	R16	108	CEREZO IGLESIAS Adriana	ESP	ZRIHEN Michal	POR	PTF	2:0
manchester-grand-prix-2022	Senior Women -49kg	R16	109	GUO Qing	CHN	BOGDANOVIC Tijana	SRB	PTF	2:0
manchester-grand-prix-2022	Senior Women -49kg	R16	110	STOJKOVIC Lena	CRO	EL BOUCHTI Oumaima	MAR	PTF	2:0
manchester-grand-prix-2022	Senior Women -49kg	R16	111	SEMBERG Abishag	ISR	YILDIRIM Rukiye	TUR	PTF	2:0
manchester-grand-prix-2022	Senior Women -49kg	R16	112	WONGPATTANAKIT Panipak	THA	SAMY ELHOSSEINY Shahd	EGY	PTF	2:0
manchester-grand-prix-2022	Senior Women -49kg	R16	208	MOORE Maddison	GBR	CATHERINE Makanjuola	GBR	PTF	2:0
manchester-grand-prix-2022	Senior Women -49kg	R16	209	DINCEL KAVURAT Merve	TUR	KANG Bora	KOR	PTF	2:0
manchester-grand-prix-2022	Senior Women -49kg	R16	210	SOUZA Daniela Paola	MEX	SIM JAEYOUNG	KOR	PTF	2:0
manchester-grand-prix-2022	Senior Women -49kg	QF	113	CEREZO IGLESIAS Adriana	ESP	MOORE Maddison	GBR	PTF	2:0
manchester-grand-prix-2022	Senior Women -49kg	QF	114	GUO Qing	CHN	STOJKOVIC Lena	CRO	PTF	2:1
manchester-grand-prix-2022	Senior Women -49kg	QF	115	WONGPATTANAKIT Panipak	THA	SEMBERG Abishag	ISR	PTF	2:0
manchester-grand-prix-2022	Senior Women -49kg	QF	213	DINCEL KAVURAT Merve	TUR	SOUZA Daniela Paola	MEX	PTF	2:0
manchester-grand-prix-2022	Senior Women -49kg	SF	216	DINCEL KAVURAT Merve	TUR	CEREZO IGLESIAS Adriana	ESP	PTF	2:1
manchester-grand-prix-2022	Senior Women -49kg	SF	217	WONGPATTANAKIT Panipak	THA	GUO Qing	CHN	PTF	2:1
manchester-grand-prix-2022	Senior Women -49kg	F	220	WONGPATTANAKIT Panipak	THA	DINCEL KAVURAT Merve	TUR	PTF	2:0
manchester-grand-prix-2022	Senior Women -57kg	R32	101	JONES Jade	GBR	DUVANCIC IVANA	CRO	PTF	2:0
manchester-grand-prix-2022	Senior Women -57kg	R32	102	ASEMANI Raheleh	BEL	TZELI Fani	GRE	PTF	2:0
manchester-grand-prix-2022	Senior Women -57kg	R32	103	LO Chia-ling	TPE	TARVIDA Inese	LAT	PTF	2:0
manchester-grand-prix-2022	Senior Women -57kg	R32	104	PARK Skylar	CAN	CHANG Jui-en	TPE	PTF	2:0
manchester-grand-prix-2022	Senior Women -57kg	R32	105	LUO Zongshi	CHN	CHEN Lin	CHN	PTF	2:0
manchester-grand-prix-2022	Senior Women -57kg	R32	106	PEREZ PARRADO Alma maria	ESP	SCHOENMAKERS Bodine	NED	PTF	2:0
manchester-grand-prix-2022	Senior Women -57kg	R32	107	POWELL Aaliyah	GBR	ZHOU Lijun	CHN	PTF	2:1
manchester-grand-prix-2022	Senior Women -57kg	R32	108	LAARAJ Nada	MAR	SU Po-ya	TPE	PTF	2:0
manchester-grand-prix-2022	Senior Women -57kg	R32	109	ADAMKIEWICZ Patrycja	POL	AL HALWANI Giada	ITA	PTF	2:0
manchester-grand-prix-2022	Senior Women -57kg	R32	110	TVARONAVICIUTE Klaudija	LTU	CALVO GOMEZ Marta	ESP	PTF	2:1
manchester-grand-prix-2022	Senior Women -57kg	R32	111	FROEMMING Anna-Lena	GER	DILLON Faith	USA	PTF	2:1
manchester-grand-prix-2022	Senior Women -57kg	R32	112	ZOLOTIC Anastasija	USA	MCKEW Jodie	GBR	PTF	2:0
manchester-grand-prix-2022	Senior Women -57kg	R32	201	KALTEKI Faidra	GRE	VILLEGAS Fabiola G	MEX	PTF	2:0
manchester-grand-prix-2022	Senior Women -57kg	R32	202	AOUN Laetitia	LBN	MACEDO Sandy	BRA	PTF	2:1
manchester-grand-prix-2022	Senior Women -57kg	R32	203	LEE AHREUM	KOR	KIM Yu-jin	KOR	PTF	2:0
manchester-grand-prix-2022	Senior Women -57kg	R16	113	ILGUN Hatice kubra	TUR	KALTEKI Faidra	GRE	PTF	2:1
manchester-grand-prix-2022	Senior Women -57kg	R16	114	LEE AHREUM	KOR	AOUN Laetitia	LBN	PTF	2:0
manchester-grand-prix-2022	Senior Women -57kg	R16	115	JONES Jade	GBR	ASEMANI Raheleh	BEL	PTF	2:0
manchester-grand-prix-2022	Senior Women -57kg	R16	116	LO Chia-ling	TPE	PARK Skylar	CAN	PTF	2:1
manchester-grand-prix-2022	Senior Women -57kg	R16	117	LUO Zongshi	CHN	PEREZ PARRADO Alma maria	ESP	PTF	2:0
manchester-grand-prix-2022	Senior Women -57kg	R16	118	POWELL Aaliyah	GBR	LAARAJ Nada	MAR	PTF	2:1
manchester-grand-prix-2022	Senior Women -57kg	R16	119	ADAMKIEWICZ Patrycja	POL	TVARONAVICIUTE Klaudija	LTU	PTF	2:0
manchester-grand-prix-2022	Senior Women -57kg	R16	120	ZOLOTIC Anastasija	USA	FROEMMING Anna-Lena	GER	PTF	2:0
manchester-grand-prix-2022	Senior Women -57kg	QF	121	ILGUN Hatice kubra	TUR	LEE AHREUM	KOR	PTF	2:0
manchester-grand-prix-2022	Senior Women -57kg	QF	122	JONES Jade	GBR	LO Chia-ling	TPE	PTF	2:0
manchester-grand-prix-2022	Senior Women -57kg	QF	123	LUO Zongshi	CHN	POWELL Aaliyah	GBR	PTF	2:0
manchester-grand-prix-2022	Senior Women -57kg	QF	124	ZOLOTIC Anastasija	USA	ADAMKIEWICZ Patrycja	POL	PTF	2:0
manchester-grand-prix-2022	Senior Women -57kg	SF	225	JONES Jade	GBR	ILGUN Hatice kubra	TUR	PTF	2:0
manchester-grand-prix-2022	Senior Women -57kg	SF	226	LUO Zongshi	CHN	ZOLOTIC Anastasija	USA	PTF	2:0
manchester-grand-prix-2022	Senior Women -57kg	F	231	LUO Zongshi	CHN	JONES Jade	GBR	PTF	2:1
manchester-grand-prix-2022	Senior Women -67kg	R32	303	PAGNOTTA Melissa	CAN	SOLTERO Leslie	MEX	PTF	2:0
manchester-grand-prix-2022	Senior Women -67kg	R32	304	ZHOU Zeqi	CHN	MAGDALENO ALBIZU Jone	ESP	PTF	2:0
manchester-grand-prix-2022	Senior Women -67kg	R32	305	ZHANG Mengyu	CHN	ROBERTS Chloe	GBR	PTF	2:0
manchester-grand-prix-2022	Senior Women -67kg	R32	306	VULETIC Bruna	CRO	SHEHATA Aya	EGY	PTF	2:0
manchester-grand-prix-2022	Senior Women -67kg	R32	307	KRAAYEVELD Ashley	CAN	FAROUK Maisoun	EGY	PTF	2:0
manchester-grand-prix-2022	Senior Women -67kg	R32	308	KIM Jan-di	KOR	MITSOPOULOU Athanasia	GRE	PTF	2:0
manchester-grand-prix-2022	Senior Women -67kg	R32	309	STOLBOVA Petra	CZE	JUHASZOVA Iveta	CZE	PTF	2:0
manchester-grand-prix-2022	Senior Women -67kg	R32	310	KWAK Min-ju	KOR	BOZANIC Nadica	SRB	PTF	2:1
manchester-grand-prix-2022	Senior Women -67kg	R32	311	CHAARI Sarah	BEL	KOERNDL Vanessa	GER	PTF	2:1
manchester-grand-prix-2022	Senior Women -67kg	R32	312	PERISIC Aleksandra	SRB	TARVIDA Jolanta	LAT	PTF	2:1
manchester-grand-prix-2022	Senior Women -67kg	R16	313	WIET HENIN Magda	FRA	PAGNOTTA Melissa	CAN	PTF	2:0
manchester-grand-prix-2022	Senior Women -67kg	R16	314	ZHOU Zeqi	CHN	ZHANG Mengyu	CHN	PTF	2:0
manchester-grand-prix-2022	Senior Women -67kg	R16	315	SANTOS Caroline	BRA	VULETIC Bruna	CRO	PTF	2:0
manchester-grand-prix-2022	Senior Women -67kg	R16	316	WILLIAMS Lauren	GBR	KRAAYEVELD Ashley	CAN	PTF	2:1
manchester-grand-prix-2022	Senior Women -67kg	R16	317	KIM Jan-di	KOR	TITONELI Milena	BRA	PTF	2:0
manchester-grand-prix-2022	Senior Women -67kg	R16	318	STOLBOVA Petra	CZE	CASTRO BURGOS Cecilia	ESP	PTF	2:0
manchester-grand-prix-2022	Senior Women -67kg	R16	319	CHAARI Sarah	BEL	KWAK Min-ju	KOR	PTF	2:1
manchester-grand-prix-2022	Senior Women -67kg	R16	320	PERISIC Aleksandra	SRB	AL-SADEQ Julyana	JOR	PTF	2:0
manchester-grand-prix-2022	Senior Women -67kg	QF	321	WIET HENIN Magda	FRA	ZHOU Zeqi	CHN	PTF	2:0
manchester-grand-prix-2022	Senior Women -67kg	QF	322	WILLIAMS Lauren	GBR	SANTOS Caroline	BRA	WDR	2:1
manchester-grand-prix-2022	Senior Women -67kg	QF	323	STOLBOVA Petra	CZE	KIM Jan-di	KOR	PTF	2:0
manchester-grand-prix-2022	Senior Women -67kg	QF	324	PERISIC Aleksandra	SRB	CHAARI Sarah	BEL	PTF	2:1
manchester-grand-prix-2022	Senior Women -67kg	SF	229	WIET HENIN Magda	FRA	WILLIAMS Lauren	GBR	PTF	2:0
manchester-grand-prix-2022	Senior Women -67kg	SF	230	PERISIC Aleksandra	SRB	STOLBOVA Petra	CZE	PTF	2:1
manchester-grand-prix-2022	Senior Women -67kg	F	233	WIET HENIN Magda	FRA	PERISIC Aleksandra	SRB	PTF	2:0
manchester-grand-prix-2022	Senior Women +67kg	R32	201	SMIRAGLIA Maristella	ITA	ABO-ALRUB Rama	JOR	PTF	2:0
manchester-grand-prix-2022	Senior Women +67kg	R32	202	MCGOWAN Rebecca	GBR	HAREMZA Dagmara	POL	PTF	2:0
manchester-grand-prix-2022	Senior Women +67kg	R32	203	BRANDL Lorena	GER	MESIC Nikolina	CRO	PTF	2:0
manchester-grand-prix-2022	Senior Women +67kg	R32	204	KOWALCZUK Aleksandra	POL	CURTIS Morgan	GBR	PTF	2:0
manchester-grand-prix-2022	Senior Women +67kg	R32	205	STEWART Reba	AUS	MORAN ROMERO Belen	ESP	PTF	2:0
manchester-grand-prix-2022	Senior Women +67kg	R32	206	WEEKES Crystal	PUR	SIQUEIRA Gabriele	BRA	PTF	2:0
manchester-grand-prix-2022	Senior Women +67kg	R32	207	RESHMIE OOGINK	NED	RODRIGUEZ Katherine	DOM	PTF	2:1
manchester-grand-prix-2022	Senior Women +67kg	R32	208	KECK Hannah	USA	JAHL Marlene	AUT	PTF	2:0
manchester-grand-prix-2022	Senior Women +67kg	R32	209	GORMAN-SHORE Madelynn	USA	WANG Huan	CHN	PTF	2:0
manchester-grand-prix-2022	Senior Women +67kg	R32	210	XU Lei	CHN	AVOULETTE Solene	FRA	PTF	2:1
manchester-grand-prix-2022	Senior Women +67kg	R32	211	UZUNCAVDAR Sude yaren	TUR	SCHNEIDER Yanna	GER	PTF	2:0
manchester-grand-prix-2022	Senior Women +67kg	R32	212	AZRAN Dana	ISR	CASTINEIRA ETCHEVERRIA Tania	ESP	PTF	2:0
manchester-grand-prix-2022	Senior Women +67kg	R16	213	COOK Bianca	GBR	SMIRAGLIA Maristella	ITA	PTF	2:1
manchester-grand-prix-2022	Senior Women +67kg	R16	214	BRANDL Lorena	GER	MCGOWAN Rebecca	GBR	PTF	2:1
manchester-grand-prix-2022	Senior Women +67kg	R16	215	KOWALCZUK Aleksandra	POL	STEWART Reba	AUS	PTF	2:1
manchester-grand-prix-2022	Senior Women +67kg	R16	216	WEEKES Crystal	PUR	DENIZ Cansel	KAZ	PTF	2:0
manchester-grand-prix-2022	Senior Women +67kg	R16	217	LAURIN Althea	FRA	RESHMIE OOGINK	NED	PTF	2:0
manchester-grand-prix-2022	Senior Women +67kg	R16	218	KECK Hannah	USA	GORMAN-SHORE Madelynn	USA	PTF	2:1
manchester-grand-prix-2022	Senior Women +67kg	R16	219	XU Lei	CHN	UZUNCAVDAR Sude yaren	TUR	PTF	2:0
manchester-grand-prix-2022	Senior Women +67kg	R16	220	KUS AYDIN Nafia	TUR	AZRAN Dana	ISR	PTF	2:1
manchester-grand-prix-2022	Senior Women +67kg	QF	221	BRANDL Lorena	GER	COOK Bianca	GBR	PTF	2:1
manchester-grand-prix-2022	Senior Women +67kg	QF	222	KOWALCZUK Aleksandra	POL	WEEKES Crystal	PUR	PTF	2:1
manchester-grand-prix-2022	Senior Women +67kg	QF	223	LAURIN Althea	FRA	KECK Hannah	USA	PTF	2:0
manchester-grand-prix-2022	Senior Women +67kg	QF	224	XU Lei	CHN	KUS AYDIN Nafia	TUR	PTF	2:0
manchester-grand-prix-2022	Senior Women +67kg	SF	227	BRANDL Lorena	GER	KOWALCZUK Aleksandra	POL	PTF	2:0
manchester-grand-prix-2022	Senior Women +67kg	SF	228	LAURIN Althea	FRA	XU Lei	CHN	PTF	2:0
manchester-grand-prix-2022	Senior Women +67kg	F	232	BRANDL Lorena	GER	LAURIN Althea	FRA	PTF	2:1
riyadh-grand-prix-final-2022	Senior Men -58kg	R16	109	RAVET Cyrian	FRA	RAPSOMANIKIS Dionysios	GRE	PTF	2:0
riyadh-grand-prix-final-2022	Senior Men -58kg	R16	110	VICENTE YUNTA Adrian	ESP	POLAT Gorkem	TUR	PTF	2:0
riyadh-grand-prix-final-2022	Senior Men -58kg	R16	208	JENDOUBI Mohamed khalil	TUN	ALSAMIH Fahad samih n	KSA	PTF	2:0
riyadh-grand-prix-final-2022	Senior Men -58kg	R16	209	WOOLLEY Jack	IRL	AMADOU Mahamadou	NIG	PTF	2:0
riyadh-grand-prix-final-2022	Senior Men -58kg	R16	210	PARK Tae-joon	KOR	MELO Paulo	BRA	PTF	2:0
riyadh-grand-prix-final-2022	Senior Men -58kg	R16	308	PLAZA HERNANDEZ Brandon	MEX	SALIM Omar gergely	HUN	PTF	2:1
riyadh-grand-prix-final-2022	Senior Men -58kg	R16	309	JANG Jun	KOR	HOEFLING Nicholas	CAN	PTF	2:0
riyadh-grand-prix-final-2022	Senior Men -58kg	R16	310	DELL'AQUILA Vito	ITA	ALVAREZ Melvy	USA	PTF	2:0
riyadh-grand-prix-final-2022	Senior Men -58kg	QF	124	RAVET Cyrian	FRA	WOOLLEY Jack	IRL	PTF	2:1
riyadh-grand-prix-final-2022	Senior Men -58kg	QF	224	JANG Jun	KOR	VICENTE YUNTA Adrian	ESP	PTF	2:0
riyadh-grand-prix-final-2022	Senior Men -58kg	QF	323	JENDOUBI Mohamed khalil	TUN	PLAZA HERNANDEZ Brandon	MEX	PTF	2:0
riyadh-grand-prix-final-2022	Senior Men -58kg	QF	324	DELL'AQUILA Vito	ITA	PARK Tae-joon	KOR	PTF	2:0
riyadh-grand-prix-final-2022	Senior Men -58kg	SF	236	JENDOUBI Mohamed khalil	TUN	RAVET Cyrian	FRA	PTF	2:0
riyadh-grand-prix-final-2022	Senior Men -58kg	SF	237	JANG Jun	KOR	DELL'AQUILA Vito	ITA	PTF	2:0
riyadh-grand-prix-final-2022	Senior Men -58kg	BR	249	RAVET Cyrian	FRA	DELL'AQUILA Vito	ITA	WDR	
riyadh-grand-prix-final-2022	Senior Men -58kg	F	257	JANG Jun	KOR	JENDOUBI Mohamed khalil	TUN	PTF	2:0
riyadh-grand-prix-final-2022	Senior Men -68kg	R16	118	ALIAN Ali	SWE	PONTES Edival	BRA	PTF	2:1
riyadh-grand-prix-final-2022	Senior Men -68kg	R16	119	KAREEM Zaid	JOR	GLASNOVIC Leon	CRO	PTF	2:0
riyadh-grand-prix-final-2022	Senior Men -68kg	R16	218	RASHITOV Ulugbek	UZB	KRIVISHKIY Nimrod	ISR	PTF	2:0
riyadh-grand-prix-final-2022	Senior Men -68kg	R16	219	ALHALAWANI Zaid	JOR	JORQUERA CALA Joan	ESP	PTF	2:0
riyadh-grand-prix-final-2022	Senior Men -68kg	R16	317	JIN Ho-jun	KOR	ACHAB Jaouad	BEL	PTF	2:0
riyadh-grand-prix-final-2022	Senior Men -68kg	R16	318	PEREZ POLO Javier	ESP	AGHAYEV Javad	AZE	PTF	2:0
riyadh-grand-prix-final-2022	Senior Men -68kg	QF	129	SINDEN Bradly	GBR	JIN Ho-jun	KOR	PTF	2:1
riyadh-grand-prix-final-2022	Senior Men -68kg	QF	130	RECBER Hakan	TUR	ALHALAWANI Zaid	JOR	PTF	2:1
riyadh-grand-prix-final-2022	Senior Men -68kg	QF	229	RASHITOV Ulugbek	UZB	ALIAN Ali	SWE	PTF	2:0
riyadh-grand-prix-final-2022	Senior Men -68kg	QF	329	KAREEM Zaid	JOR	PEREZ POLO Javier	ESP	PTF	2:1
riyadh-grand-prix-final-2022	Senior Men -68kg	SF	244	RASHITOV Ulugbek	UZB	SINDEN Bradly	GBR	PTF	2:0
riyadh-grand-prix-final-2022	Senior Men -68kg	SF	245	KAREEM Zaid	JOR	RECBER Hakan	TUR	PTF	2:1
riyadh-grand-prix-final-2022	Senior Men -68kg	BR	253	RECBER Hakan	TUR	SINDEN Bradly	GBR	WDR	
riyadh-grand-prix-final-2022	Senior Men -68kg	F	261	KAREEM Zaid	JOR	RASHITOV Ulugbek	UZB	PTF	2:1
riyadh-grand-prix-final-2022	Senior Men -80kg	R16	104	NICKOLAS CJ	USA	HUSIC Nedzad	BIH	PTF	2:1
riyadh-grand-prix-final-2022	Senior Men -80kg	R16	105	KATOUSSI Firas	TUN	SALAEV Shukhrat	UZB	PTF	2:1
riyadh-grand-prix-final-2022	Senior Men -80kg	R16	203	ALESSIO Simone	ITA	ALKHAIBARI Ali mabruk s	KSA	PTF	2:0
riyadh-grand-prix-final-2022	Senior Men -80kg	R16	204	ORDEMANN Richard andre	NOR	TAKOV Stefan	SRB	PTF	2:1
riyadh-grand-prix-final-2022	Senior Men -80kg	R16	205	QUESADA BARRERA Daniel	ESP	TELIKOSTOGLOU Apostolos	GRE	PTF	2:0
riyadh-grand-prix-final-2022	Senior Men -80kg	R16	303	RAFALOVICH Nikita	UZB	MARTINEZ GARCIA Raul	ESP	PTF	2:1
riyadh-grand-prix-final-2022	Senior Men -80kg	R16	304	EISSA Seif	EGY	SEJRANOVIC Leon	AUS	PTF	2:0
riyadh-grand-prix-final-2022	Senior Men -80kg	R16	305	SEO Geon-woo	KOR	ELSHARABATY Saleh	JOR	PTF	2:1
riyadh-grand-prix-final-2022	Senior Men -80kg	QF	121	ALESSIO Simone	ITA	RAFALOVICH Nikita	UZB	PTF	2:1
riyadh-grand-prix-final-2022	Senior Men -80kg	QF	122	SEO Geon-woo	KOR	QUESADA BARRERA Daniel	ESP	PTF	2:0
riyadh-grand-prix-final-2022	Senior Men -80kg	QF	221	NICKOLAS CJ	USA	ORDEMANN Richard andre	NOR	PTF	2:0
riyadh-grand-prix-final-2022	Senior Men -80kg	QF	321	EISSA Seif	EGY	KATOUSSI Firas	TUN	PTF	2:0
riyadh-grand-prix-final-2022	Senior Men -80kg	SF	232	ALESSIO Simone	ITA	NICKOLAS CJ	USA	PTF	2:0
riyadh-grand-prix-final-2022	Senior Men -80kg	SF	233	SEO Geon-woo	KOR	EISSA Seif	EGY	PTF	2:1
riyadh-grand-prix-final-2022	Senior Men -80kg	BR	247	EISSA Seif	EGY	NICKOLAS CJ	USA	PTF	2:0
riyadh-grand-prix-final-2022	Senior Men -80kg	F	255	ALESSIO Simone	ITA	SEO Geon-woo	KOR	PTF	2:1
riyadh-grand-prix-final-2022	Senior Men +80kg	R16	113	CISSE Cheick sallah	CIV	MARDANI Sajjad	IRI	RSC	
riyadh-grand-prix-final-2022	Senior Men +80kg	R16	114	SANSORES Carlos	MEX	SALAZAR Bryan	MEX	PTF	2:0
riyadh-grand-prix-final-2022	Senior Men +80kg	R16	212	MARTINS SOARES Icaro miguel	BRA	ALMUWALLAD Ahmad	KSA	PTF	2:0
riyadh-grand-prix-final-2022	Senior Men +80kg	R16	213	BASSEL Ayoub	MAR	SIQUEIRA Maicon	BRA	RSC	1:0
riyadh-grand-prix-final-2022	Senior Men +80kg	R16	214	DUISEBAY Smaiyl	KAZ	HEALY Jonathan	USA	PTF	2:0
riyadh-grand-prix-final-2022	Senior Men +80kg	R16	312	GEORGIEVSKI Dejan	MKD	GARCIA MARTINEZ Ivan	ESP	PTF	2:0
riyadh-grand-prix-final-2022	Senior Men +80kg	R16	313	BOTTA Roberto	ITA	ATESLI Emre kutalmis	TUR	PTF	2:0
riyadh-grand-prix-final-2022	Senior Men +80kg	R16	314	SAPINA Ivan	CRO	RAWY Ahmad	EGY	PTF	2:0
riyadh-grand-prix-final-2022	Senior Men +80kg	QF	127	SANSORES Carlos	MEX	BOTTA Roberto	ITA	PTF	2:1
riyadh-grand-prix-final-2022	Senior Men +80kg	QF	226	GEORGIEVSKI Dejan	MKD	MARTINS SOARES Icaro miguel	BRA	PTF	2:0
riyadh-grand-prix-final-2022	Senior Men +80kg	QF	227	DUISEBAY Smaiyl	KAZ	SAPINA Ivan	CRO	PTF	2:0
riyadh-grand-prix-final-2022	Senior Men +80kg	QF	326	CISSE Cheick sallah	CIV	BASSEL Ayoub	MAR	WDR	1:0
riyadh-grand-prix-final-2022	Senior Men +80kg	SF	240	CISSE Cheick sallah	CIV	GEORGIEVSKI Dejan	MKD	PTF	2:0
riyadh-grand-prix-final-2022	Senior Men +80kg	SF	241	SANSORES Carlos	MEX	DUISEBAY Smaiyl	KAZ	PTF	2:0
riyadh-grand-prix-final-2022	Senior Men +80kg	BR	251	GEORGIEVSKI Dejan	MKD	DUISEBAY Smaiyl	KAZ	PTF	2:1
riyadh-grand-prix-final-2022	Senior Men +80kg	F	259	CISSE Cheick sallah	CIV	SANSORES Carlos	MEX	PTF	2:0
riyadh-grand-prix-final-2022	Senior Women -49kg	R16	101	AYDIN KONSTANTINIDIS Ela	GER	YILDIRIM Rukiye	TUR	PTF	2:0
riyadh-grand-prix-final-2022	Senior Women -49kg	R16	102	DINCEL KAVURAT Merve	TUR	DUVANCIC Bruna	CRO	PTF	2:0
riyadh-grand-prix-final-2022	Senior Women -49kg	R16	103	CEREZO IGLESIAS Adriana	ESP	ALSHARIF Taiba khalid y	KSA	PTF	2:0
riyadh-grand-prix-final-2022	Senior Women -49kg	R16	201	SOUZA Daniela Paola	MEX	NEMATZADEH Mobina	IRI	DSQ	
riyadh-grand-prix-final-2022	Senior Women -49kg	R16	202	SEMBERG Abishag	ISR	KANG Mi-reu	KOR	PTF	2:0
riyadh-grand-prix-final-2022	Senior Women -49kg	R16	301	RAMIREZ VARGAS Andrea	COL	BOGDANOVIC Tijana	SRB	PTF	2:0
riyadh-grand-prix-final-2022	Senior Women -49kg	R16	302	EL BOUCHTI Oumaima	MAR	STOJKOVIC Lena	CRO	PTF	2:1
riyadh-grand-prix-final-2022	Senior Women -49kg	QF	120	SOUZA Daniela Paola	MEX	RAMIREZ VARGAS Andrea	COL	PTF	2:1
riyadh-grand-prix-final-2022	Senior Women -49kg	QF	220	CEREZO IGLESIAS Adriana	ESP	SEMBERG Abishag	ISR	PTF	2:0
riyadh-grand-prix-final-2022	Senior Women -49kg	QF	319	WONGPATTANAKIT Panipak	THA	AYDIN KONSTANTINIDIS Ela	GER	PTF	2:0
riyadh-grand-prix-final-2022	Senior Women -49kg	QF	320	DINCEL KAVURAT Merve	TUR	EL BOUCHTI Oumaima	MAR	PTG	2:0
riyadh-grand-prix-final-2022	Senior Women -49kg	SF	230	WONGPATTANAKIT Panipak	THA	SOUZA Daniela Paola	MEX	PTF	2:0
riyadh-grand-prix-final-2022	Senior Women -49kg	SF	231	DINCEL KAVURAT Merve	TUR	CEREZO IGLESIAS Adriana	ESP	PTF	2:0
riyadh-grand-prix-final-2022	Senior Women -49kg	BR	246	CEREZO IGLESIAS Adriana	ESP	SOUZA Daniela Paola	MEX	PTF	2:1
riyadh-grand-prix-final-2022	Senior Women -49kg	F	254	WONGPATTANAKIT Panipak	THA	DINCEL KAVURAT Merve	TUR	PTF	2:0
riyadh-grand-prix-final-2022	Senior Women -57kg	R16	111	VILLEGAS Fabiola G	MEX	PEREZ PARRADO Alma maria	ESP	PTF	2:1
riyadh-grand-prix-final-2022	Senior Women -57kg	R16	112	LEE AHREUM	KOR	ASEMANI Raheleh	BEL	PTF	2:0
riyadh-grand-prix-final-2022	Senior Women -57kg	R16	211	LAARAJ Nada	MAR	ALSALAH Fatimah	KSA	PTF	2:0
riyadh-grand-prix-final-2022	Senior Women -57kg	R16	311	ADAMKIEWICZ Patrycja	POL	FROEMMING Anna-Lena	GER	PTF	2:0
riyadh-grand-prix-final-2022	Senior Women -57kg	QF	125	LUO Zongshi	CHN	VILLEGAS Fabiola G	MEX	PTF	2:0
riyadh-grand-prix-final-2022	Senior Women -57kg	QF	126	ILGUN Hatice kubra	TUR	LEE AHREUM	KOR	PTF	2:0
riyadh-grand-prix-final-2022	Senior Women -57kg	QF	225	LAARAJ Nada	MAR	JONES Jade	GBR	PTF	2:1
riyadh-grand-prix-final-2022	Senior Women -57kg	QF	325	PARK Skylar	CAN	ADAMKIEWICZ Patrycja	POL	PTF	2:0
riyadh-grand-prix-final-2022	Senior Women -57kg	SF	238	LUO Zongshi	CHN	LAARAJ Nada	MAR	PTF	2:0
riyadh-grand-prix-final-2022	Senior Women -57kg	SF	239	ILGUN Hatice kubra	TUR	PARK Skylar	CAN	PTF	2:0
riyadh-grand-prix-final-2022	Senior Women -57kg	BR	250	PARK Skylar	CAN	LAARAJ Nada	MAR	PTF	2:0
riyadh-grand-prix-final-2022	Senior Women -57kg	F	258	LUO Zongshi	CHN	ILGUN Hatice kubra	TUR	PTF	2:1
riyadh-grand-prix-final-2022	Senior Women -67kg	R16	115	WIET HENIN Magda	FRA	ALSHAMMARI Mays Matar Abdulhadi	KSA	WDR	
riyadh-grand-prix-final-2022	Senior Women -67kg	R16	116	TITONELI Milena	BRA	BOZANIC Nadica	SRB	PTF	2:0
riyadh-grand-prix-final-2022	Senior Women -67kg	R16	117	CASTRO BURGOS Cecilia	ESP	KRAAYEVELD Ashley	CAN	PTF	2:1
riyadh-grand-prix-final-2022	Senior Women -67kg	R16	215	STOLBOVA Petra	CZE	CHAARI Sarah	BEL	PTF	2:1
riyadh-grand-prix-final-2022	Senior Women -67kg	R16	216	AL-SADEQ Julyana	JOR	MAGDALENO ALBIZU Jone	ESP	PTF	2:0
riyadh-grand-prix-final-2022	Senior Women -67kg	R16	217	GBAGBI Ruth	CIV	PERISIC Aleksandra	SRB	PTF	2:1
riyadh-grand-prix-final-2022	Senior Women -67kg	R16	315	ZHANG Mengyu	CHN	WILLIAMS Lauren	GBR	PTF	2:1
riyadh-grand-prix-final-2022	Senior Women -67kg	R16	316	KOERNDL Vanessa	GER	SANTOS Caroline	BRA	WDR	
riyadh-grand-prix-final-2022	Senior Women -67kg	QF	128	ZHANG Mengyu	CHN	TITONELI Milena	BRA	PTF	2:0
riyadh-grand-prix-final-2022	Senior Women -67kg	QF	228	AL-SADEQ Julyana	JOR	KOERNDL Vanessa	GER	PTF	2:0
riyadh-grand-prix-final-2022	Senior Women -67kg	QF	327	WIET HENIN Magda	FRA	STOLBOVA Petra	CZE	PTF	2:0
riyadh-grand-prix-final-2022	Senior Women -67kg	QF	328	GBAGBI Ruth	CIV	CASTRO BURGOS Cecilia	ESP	PTF	2:0
riyadh-grand-prix-final-2022	Senior Women -67kg	SF	242	ZHANG Mengyu	CHN	WIET HENIN Magda	FRA	PTF	2:0
riyadh-grand-prix-final-2022	Senior Women -67kg	SF	243	AL-SADEQ Julyana	JOR	GBAGBI Ruth	CIV	PTF	2:1
riyadh-grand-prix-final-2022	Senior Women -67kg	BR	252	WIET HENIN Magda	FRA	GBAGBI Ruth	CIV	PTF	2:0
riyadh-grand-prix-final-2022	Senior Women -67kg	F	260	AL-SADEQ Julyana	JOR	ZHANG Mengyu	CHN	PTF	2:0
riyadh-grand-prix-final-2022	Senior Women +67kg	R16	106	MCGOWAN Rebecca	GBR	GORMAN-SHORE Madelynn	USA	PTF	2:0
riyadh-grand-prix-final-2022	Senior Women +67kg	R16	107	LAURIN Althea	FRA	CASTINEIRA ETCHEVERRIA Tania	ESP	PTF	2:1
riyadh-grand-prix-final-2022	Senior Women +67kg	R16	108	JAHL Marlene	AUT	LEE Dabin	KOR	WDR	
riyadh-grand-prix-final-2022	Senior Women +67kg	R16	206	KUS AYDIN Nafia	TUR	OSIPOVA Svetlana	UZB	PTF	2:0
riyadh-grand-prix-final-2022	Senior Women +67kg	R16	207	UZUNCAVDAR Sude yaren	TUR	DENIZ Cansel	KAZ	PTF	2:0
riyadh-grand-prix-final-2022	Senior Women +67kg	R16	306	BRANDL Lorena	GER	SIQUEIRA Gabriele	BRA	PTF	2:1
riyadh-grand-prix-final-2022	Senior Women +67kg	R16	307	AVOULETTE Solene	FRA	KOWALCZUK Aleksandra	POL	PTF	2:1
riyadh-grand-prix-final-2022	Senior Women +67kg	QF	123	UZUNCAVDAR Sude yaren	TUR	LAURIN Althea	FRA	PTF	2:0
riyadh-grand-prix-final-2022	Senior Women +67kg	QF	222	COOK Bianca	GBR	MCGOWAN Rebecca	GBR	PTF	2:0
riyadh-grand-prix-final-2022	Senior Women +67kg	QF	223	AVOULETTE Solene	FRA	JAHL Marlene	AUT	PTF	2:0
riyadh-grand-prix-final-2022	Senior Women +67kg	QF	322	KUS AYDIN Nafia	TUR	BRANDL Lorena	GER	PTF	2:0
riyadh-grand-prix-final-2022	Senior Women +67kg	SF	234	COOK Bianca	GBR	KUS AYDIN Nafia	TUR	PTF	2:0
riyadh-grand-prix-final-2022	Senior Women +67kg	SF	235	UZUNCAVDAR Sude yaren	TUR	AVOULETTE Solene	FRA	PTF	2:0
riyadh-grand-prix-final-2022	Senior Women +67kg	BR	248	KUS AYDIN Nafia	TUR	AVOULETTE Solene	FRA	PTF	2:1
riyadh-grand-prix-final-2022	Senior Women +67kg	F	256	UZUNCAVDAR Sude yaren	TUR	COOK Bianca	GBR	PTF	2:1
roma-grand-prix-2023	Senior Men -58kg	R32	201	HYTTEL Tobias	DEN	GUZMAN Lucas	ARG	PTF	2:1
roma-grand-prix-2023	Senior Men -58kg	R32	205	FOTI Giuseppe	ITA	DIAKITE Issa	CIV	PTF	2:0
roma-grand-prix-2023	Senior Men -58kg	R32	206	BAE Jun-seo	KOR	ALSAMIH Fahad samih n	KSA	PTF	2:0
roma-grand-prix-2023	Senior Men -58kg	R32	207	RAPSOMANIKIS Dionysios	GRE	SALIM Sharif gergely	HUN	PTF	2:0
roma-grand-prix-2023	Senior Men -58kg	R32	208	LEWIS Bailey	AUS	POLAT Gorkem	TUR	PTF	2:0
roma-grand-prix-2023	Senior Men -58kg	R32	209	ZANDI Abolfazl	IRI	TESKERA Josip	CRO	PTF	2:0
roma-grand-prix-2023	Senior Men -58kg	R32	210	ARILLO VAZQUEZ Hugo	ESP	HOEFLING Nicholas	CAN	PTF	2:0
roma-grand-prix-2023	Senior Men -58kg	R32	211	NOUR Mohammed	GBR	MELO Paulo	BRA	PTF	2:1
roma-grand-prix-2023	Senior Men -58kg	R32	212	DIMITROPOULOS Konstantinos	GRE	PLAZA HERNANDEZ Brandon	MEX	PTF	2:0
roma-grand-prix-2023	Senior Men -58kg	R32	213	HAJIMOUSAEI Mahdi	IRI	RODRIGUEZ Cesar	MEX	PTF	2:0
roma-grand-prix-2023	Senior Men -58kg	R32	214	PARK Braven	CAN	ALVAREZ Melvy	USA	PTF	2:0
roma-grand-prix-2023	Senior Men -58kg	R16	215	JANG Jun	KOR	HYTTEL Tobias	DEN	PTF	2:0
roma-grand-prix-2023	Senior Men -58kg	R16	216	BAE Jun-seo	KOR	FOTI Giuseppe	ITA	PTF	2:1
roma-grand-prix-2023	Senior Men -58kg	R16	217	VICENTE YUNTA Adrian	ESP	RAPSOMANIKIS Dionysios	GRE	PTF	2:1
roma-grand-prix-2023	Senior Men -58kg	R16	218	LEWIS Bailey	AUS	WOOLLEY Jack	IRL	PTF	2:0
roma-grand-prix-2023	Senior Men -58kg	R16	219	ZANDI Abolfazl	IRI	RAVET Cyrian	FRA	PTF	2:1
roma-grand-prix-2023	Senior Men -58kg	R16	220	ARILLO VAZQUEZ Hugo	ESP	NOUR Mohammed	GBR	PTF	2:0
roma-grand-prix-2023	Senior Men -58kg	R16	221	HAJIMOUSAEI Mahdi	IRI	DIMITROPOULOS Konstantinos	GRE	PTF	2:0
roma-grand-prix-2023	Senior Men -58kg	R16	222	SALIM Omar gergely	HUN	PARK Braven	CAN	PTF	2:0
roma-grand-prix-2023	Senior Men -58kg	QF	223	JANG Jun	KOR	BAE Jun-seo	KOR	PTF	2:0
roma-grand-prix-2023	Senior Men -58kg	QF	224	VICENTE YUNTA Adrian	ESP	LEWIS Bailey	AUS	PTF	2:0
roma-grand-prix-2023	Senior Men -58kg	QF	225	ZANDI Abolfazl	IRI	ARILLO VAZQUEZ Hugo	ESP	PTF	2:0
roma-grand-prix-2023	Senior Men -58kg	QF	226	HAJIMOUSAEI Mahdi	IRI	SALIM Omar gergely	HUN	PTF	2:0
roma-grand-prix-2023	Senior Men -58kg	SF	229	VICENTE YUNTA Adrian	ESP	JANG Jun	KOR	PTF	2:0
roma-grand-prix-2023	Senior Men -58kg	SF	230	HAJIMOUSAEI Mahdi	IRI	ZANDI Abolfazl	IRI	WDR	1:0
roma-grand-prix-2023	Senior Men -58kg	F	234	VICENTE YUNTA Adrian	ESP	HAJIMOUSAEI Mahdi	IRI	PTF	2:1
roma-grand-prix-2023	Senior Men -68kg	R32	204	CHAMALIDIS Konstantinos	GRE	ACHAB Jaouad	BEL	PTF	2:1
roma-grand-prix-2023	Senior Men -68kg	R32	205	BARETTA Dennis	ITA	OZKAYA Imran	GER	PTF	2:1
roma-grand-prix-2023	Senior Men -68kg	R32	301	REZAEI Matin	IRI	ALHALAWANI Zaid	JOR	PTF	2:1
roma-grand-prix-2023	Senior Men -68kg	R32	302	PEREZ POLO Javier	ESP	JØRGENSEN Otto	DEN	PTF	2:1
roma-grand-prix-2023	Senior Men -68kg	R32	303	JOZSA Levente mark	HUN	ALIAN Ali	SWE	PTF	2:0
roma-grand-prix-2023	Senior Men -68kg	R32	304	KAVURAT Ferhat can	TUR	WASFI Abdelbasset	MAR	PTF	2:0
roma-grand-prix-2023	Senior Men -68kg	R32	305	RECBER Hakan	TUR	SAIDI Faical	MAR	PTF	2:0
roma-grand-prix-2023	Senior Men -68kg	R32	306	KAREEM Zaid	JOR	KONSTANTINIDIS Iordanis	GER	PTF	2:0
roma-grand-prix-2023	Senior Men -68kg	R32	307	KWON Doyun	KOR	RAMOS Gabriel	BRA	PTF	2:0
roma-grand-prix-2023	Senior Men -68kg	R32	308	GOLUBIC Marko	CRO	JIN Ho-jun	KOR	PTF	2:0
roma-grand-prix-2023	Senior Men -68kg	R32	309	LUCIEN Theo	FRA	PONTES Edival	BRA	PTF	2:1
roma-grand-prix-2023	Senior Men -68kg	R32	310	PARK Tae ku	CAN	JORQUERA CALA Joan	ESP	PTF	2:0
roma-grand-prix-2023	Senior Men -68kg	R32	311	LIANG Yushuai	CHN	HARRIS Khalfani	USA	PTF	2:0
roma-grand-prix-2023	Senior Men -68kg	R32	312	ALAPHILIPPE Souleyman	FRA	MORALES Ignacio	CHI	PTF	2:0
roma-grand-prix-2023	Senior Men -68kg	R32	313	RASHITOV Ulugbek	UZB	DZHORDZHEV Mitko	BUL	PTF	2:0
roma-grand-prix-2023	Senior Men -68kg	R16	314	CHAMALIDIS Konstantinos	GRE	SINDEN Bradly	GBR	PTF	2:1
roma-grand-prix-2023	Senior Men -68kg	R16	315	BARETTA Dennis	ITA	REZAEI Matin	IRI	PTF	2:1
roma-grand-prix-2023	Senior Men -68kg	R16	316	JOZSA Levente mark	HUN	PEREZ POLO Javier	ESP	PTF	2:0
roma-grand-prix-2023	Senior Men -68kg	R16	317	RECBER Hakan	TUR	KAVURAT Ferhat can	TUR	WDR	
roma-grand-prix-2023	Senior Men -68kg	R16	318	KAREEM Zaid	JOR	KWON Doyun	KOR	PTF	2:0
roma-grand-prix-2023	Senior Men -68kg	R16	319	GOLUBIC Marko	CRO	LUCIEN Theo	FRA	PTF	2:0
roma-grand-prix-2023	Senior Men -68kg	R16	320	LIANG Yushuai	CHN	PARK Tae ku	CAN	PTF	2:0
roma-grand-prix-2023	Senior Men -68kg	R16	321	RASHITOV Ulugbek	UZB	ALAPHILIPPE Souleyman	FRA	PTF	2:0
roma-grand-prix-2023	Senior Men -68kg	QF	322	CHAMALIDIS Konstantinos	GRE	BARETTA Dennis	ITA	PTF	2:1
roma-grand-prix-2023	Senior Men -68kg	QF	323	JOZSA Levente mark	HUN	RECBER Hakan	TUR	PTF	2:1
roma-grand-prix-2023	Senior Men -68kg	QF	324	GOLUBIC Marko	CRO	KAREEM Zaid	JOR	PTF	2:0
roma-grand-prix-2023	Senior Men -68kg	QF	325	RASHITOV Ulugbek	UZB	LIANG Yushuai	CHN	PTF	2:1
roma-grand-prix-2023	Senior Men -68kg	SF	227	JOZSA Levente mark	HUN	CHAMALIDIS Konstantinos	GRE	PTF	2:0
roma-grand-prix-2023	Senior Men -68kg	SF	228	RASHITOV Ulugbek	UZB	GOLUBIC Marko	CRO	WDR	
roma-grand-prix-2023	Senior Men -68kg	F	233	RASHITOV Ulugbek	UZB	JOZSA Levente mark	HUN	PTF	2:0
roma-grand-prix-2023	Senior Men -80kg	R32	201	ALESSIO Simone	ITA	GERRONE Antonio	ITA	PTF	2:0
roma-grand-prix-2023	Senior Men -80kg	R32	202	SEJRANOVIC Leon	AUS	CINTADO ARTECHE Jon	ESP	PTF	2:1
roma-grand-prix-2023	Senior Men -80kg	R32	203	SEO Geon-woo	KOR	KARTAL Huseyin	TUR	PTF	2:0
roma-grand-prix-2023	Senior Men -80kg	R32	204	PARK Woo hyeok	KOR	BAKHSHI Amir Mohammad	IRI	WDR	
roma-grand-prix-2023	Senior Men -80kg	R32	205	RODRIGUES FERNANDES Henrique marques	BRA	NICKOLAS CJ	USA	PTF	2:0
roma-grand-prix-2023	Senior Men -80kg	R32	206	HUSIC Nedzad	BIH	STEWART Jordan	CAN	PTF	2:1
roma-grand-prix-2023	Senior Men -80kg	R32	207	SALAEV Shukhrat	UZB	YILDIZ Muhammed emin	TUR	PTF	2:0
roma-grand-prix-2023	Senior Men -80kg	R32	208	ELSHARABATY Saleh	JOR	RODRIGUEZ Michael c	USA	PTF	2:0
roma-grand-prix-2023	Senior Men -80kg	R32	209	BOUZID SOUIHILI Ismael	FRA	QUESADA BARRERA Daniel	ESP	PTF	2:1
roma-grand-prix-2023	Senior Men -80kg	R32	210	BARKHORDARI Mehran	IRI	SALAZAR Bryan	MEX	PTF	2:0
roma-grand-prix-2023	Senior Men -80kg	R32	304	JAYSUNOV Jasurbek	UZB	TAKOV Stefan	SRB	PTF	2:0
roma-grand-prix-2023	Senior Men -80kg	R32	305	KATOUSSI Firas	TUN	KOSTENEVYCH Kostiantyn	UKR	PTF	2:0
roma-grand-prix-2023	Senior Men -80kg	R32	306	ORDEMANN Richard andre	NOR	ROBLETO David	NCA	PTF	2:1
roma-grand-prix-2023	Senior Men -80kg	R32	307	TELIKOSTOGLOU Apostolos	GRE	RADOJKOVIC Aleksandar	AUT	PTF	2:1
roma-grand-prix-2023	Senior Men -80kg	R32	308	SAWADOGO Faysal	BUR	ACHAB Badr	BEL	PTF	2:0
roma-grand-prix-2023	Senior Men -80kg	R32	309	EISSA Seif	EGY	CHURCHILL MARTINEZ Joaquin	CHI	PTF	2:0
roma-grand-prix-2023	Senior Men -80kg	R16	211	ALESSIO Simone	ITA	SEJRANOVIC Leon	AUS	PTF	2:0
roma-grand-prix-2023	Senior Men -80kg	R16	212	SEO Geon-woo	KOR	PARK Woo hyeok	KOR	PTF	2:1
roma-grand-prix-2023	Senior Men -80kg	R16	213	RODRIGUES FERNANDES Henrique marques	BRA	HUSIC Nedzad	BIH	PTF	2:0
roma-grand-prix-2023	Senior Men -80kg	R16	214	ELSHARABATY Saleh	JOR	SALAEV Shukhrat	UZB	PTF	2:0
roma-grand-prix-2023	Senior Men -80kg	R16	215	BARKHORDARI Mehran	IRI	BOUZID SOUIHILI Ismael	FRA	PTF	2:0
roma-grand-prix-2023	Senior Men -80kg	R16	312	JAYSUNOV Jasurbek	UZB	KATOUSSI Firas	TUN	PTF	2:0
roma-grand-prix-2023	Senior Men -80kg	R16	313	ORDEMANN Richard andre	NOR	TELIKOSTOGLOU Apostolos	GRE	PTF	2:0
roma-grand-prix-2023	Senior Men -80kg	R16	314	SAWADOGO Faysal	BUR	EISSA Seif	EGY	PTF	2:1
roma-grand-prix-2023	Senior Men -80kg	QF	216	SEO Geon-woo	KOR	ALESSIO Simone	ITA	PTF	2:1
roma-grand-prix-2023	Senior Men -80kg	QF	217	ELSHARABATY Saleh	JOR	RODRIGUES FERNANDES Henrique marques	BRA	PTF	2:0
roma-grand-prix-2023	Senior Men -80kg	QF	218	BARKHORDARI Mehran	IRI	JAYSUNOV Jasurbek	UZB	PTF	2:0
roma-grand-prix-2023	Senior Men -80kg	QF	316	ORDEMANN Richard andre	NOR	SAWADOGO Faysal	BUR	PTF	2:0
roma-grand-prix-2023	Senior Men -80kg	SF	221	ELSHARABATY Saleh	JOR	SEO Geon-woo	KOR	PTF	2:1
roma-grand-prix-2023	Senior Men -80kg	SF	222	BARKHORDARI Mehran	IRI	ORDEMANN Richard andre	NOR	PTF	2:0
roma-grand-prix-2023	Senior Men -80kg	F	224	ELSHARABATY Saleh	JOR	BARKHORDARI Mehran	IRI	PTF	2:1
roma-grand-prix-2023	Senior Men +80kg	R32	101	TRAJKOVIC Ivan konrad	SLO	MOLIN Mattia	ITA	PTF	2:0
roma-grand-prix-2023	Senior Men +80kg	R32	102	EL YAZIDI Omar	FRA	GEORGIEVSKI Dejan	MKD	PTF	2:0
roma-grand-prix-2023	Senior Men +80kg	R32	103	ATESLI Emre kutalmis	TUR	BERGERON Marc andre	CAN	PTF	2:1
roma-grand-prix-2023	Senior Men +80kg	R32	104	ABBASI POUYA Abolfazl	IRI	MARTINEZ GARCIA Raul	ESP	PTF	2:0
roma-grand-prix-2023	Senior Men +80kg	R32	105	SONG Zhaoxiang	CHN	DIVKOVIC Patrik	SLO	PTF	2:0
roma-grand-prix-2023	Senior Men +80kg	R32	106	SIQUEIRA Maicon	BRA	NADALIAN JOUYBARI Alireza	IRI	PTF	2:0
roma-grand-prix-2023	Senior Men +80kg	R32	107	SAPINA Ivan	CRO	BONDAR Vladyslav	UKR	PTF	2:0
roma-grand-prix-2023	Senior Men +80kg	R32	108	BOZIC Pasko	CRO	RAWY Ahmad	EGY	PTF	2:0
roma-grand-prix-2023	Senior Men +80kg	R32	109	HEALY Jonathan	USA	ZHAPAROV Ruslan	KAZ	PTF	2:0
roma-grand-prix-2023	Senior Men +80kg	R32	110	MARTINS SOARES Icaro miguel	BRA	ANN Alasan	GAM	PTF	2:1
roma-grand-prix-2023	Senior Men +80kg	R32	111	GARCIA MARTINEZ Ivan	ESP	BICER Enbiya taha	TUR	PTF	2:1
roma-grand-prix-2023	Senior Men +80kg	R32	112	RAFALOVICH Nikita	UZB	SBEIHI Fahed	JOR	PTF	2:0
roma-grand-prix-2023	Senior Men +80kg	R32	113	DUISEBAY Smaiyl	KAZ	MENG Mingkuan	CHN	PTF	2:0
roma-grand-prix-2023	Senior Men +80kg	R32	201	CUNNINGHAM Caden	GBR	BASSEL Ayoub	MAR	PTF	2:0
roma-grand-prix-2023	Senior Men +80kg	R16	114	CUNNINGHAM Caden	GBR	SANSORES Carlos	MEX	PTF	2:1
roma-grand-prix-2023	Senior Men +80kg	R16	115	TRAJKOVIC Ivan konrad	SLO	EL YAZIDI Omar	FRA	PTF	2:0
roma-grand-prix-2023	Senior Men +80kg	R16	116	ABBASI POUYA Abolfazl	IRI	ATESLI Emre kutalmis	TUR	PTF	2:1
roma-grand-prix-2023	Senior Men +80kg	R16	117	SONG Zhaoxiang	CHN	SIQUEIRA Maicon	BRA	PTF	2:0
roma-grand-prix-2023	Senior Men +80kg	R16	118	SAPINA Ivan	CRO	BOZIC Pasko	CRO	WDR	
roma-grand-prix-2023	Senior Men +80kg	R16	119	HEALY Jonathan	USA	MARTINS SOARES Icaro miguel	BRA	PTF	2:1
roma-grand-prix-2023	Senior Men +80kg	R16	120	RAFALOVICH Nikita	UZB	GARCIA MARTINEZ Ivan	ESP	PTF	2:0
roma-grand-prix-2023	Senior Men +80kg	R16	121	DUISEBAY Smaiyl	KAZ	CISSE Cheick sallah	CIV	WDR	
roma-grand-prix-2023	Senior Men +80kg	QF	122	CUNNINGHAM Caden	GBR	TRAJKOVIC Ivan konrad	SLO	WDR	
roma-grand-prix-2023	Senior Men +80kg	QF	123	SONG Zhaoxiang	CHN	ABBASI POUYA Abolfazl	IRI	PTF	2:0
roma-grand-prix-2023	Senior Men +80kg	QF	124	SAPINA Ivan	CRO	HEALY Jonathan	USA	PTF	2:0
roma-grand-prix-2023	Senior Men +80kg	QF	125	RAFALOVICH Nikita	UZB	DUISEBAY Smaiyl	KAZ	PTF	2:0
roma-grand-prix-2023	Senior Men +80kg	SF	231	CUNNINGHAM Caden	GBR	SONG Zhaoxiang	CHN	PTF	2:1
roma-grand-prix-2023	Senior Men +80kg	SF	232	RAFALOVICH Nikita	UZB	SAPINA Ivan	CRO	PTF	2:0
roma-grand-prix-2023	Senior Men +80kg	F	235	CUNNINGHAM Caden	GBR	RAFALOVICH Nikita	UZB	PTF	2:0
roma-grand-prix-2023	Senior Women -49kg	R32	101	SANTOS Valeria	BRA	BAYECH Rivka	ISR	PTF	2:1
roma-grand-prix-2023	Senior Women -49kg	R32	102	MAESTRO Virginia	ITA	TAU Michelle	LES	PTF	2:1
roma-grand-prix-2023	Senior Women -49kg	R32	103	AYDIN KONSTANTINIDIS Ela	GER	KOUTTOUKI Kyriaki	CYP	PTF	2:0
roma-grand-prix-2023	Senior Women -49kg	R32	104	SOLTANI Ghazal	IRI	YILDIRIM Rukiye	TUR	PTF	2:0
roma-grand-prix-2023	Senior Women -49kg	R32	105	RAMIREZ VARGAS Andrea	COL	TRUONG Thi kim tuyen	VIE	PTF	2:1
roma-grand-prix-2023	Senior Women -49kg	R32	106	NEMATZADEH Mobina	IRI	ABUTALEB Dunya ali m	KSA	PTF	2:0
roma-grand-prix-2023	Senior Women -49kg	R32	107	CELIK Sueheda	GER	TRANQUILLE Viviane	CAN	PTF	2:0
roma-grand-prix-2023	Senior Women -49kg	R32	108	GUO Qing	CHN	MOORE Maddison	GBR	PTF	2:0
roma-grand-prix-2023	Senior Women -49kg	R32	109	SEMBERG Abishag	ISR	TAMBYRAJAH Saffron	AUS	PTF	2:1
roma-grand-prix-2023	Senior Women -49kg	R32	301	KANG Mi-reu	KOR	BEZERRA Camila	BRA	PTF	2:0
roma-grand-prix-2023	Senior Women -49kg	R32	302	DUVANCIC Bruna	CRO	BAKISHEVA Rita	KAZ	PTF	2:0
roma-grand-prix-2023	Senior Women -49kg	R32	303	SAHIB SOUKAINA	MAR	KANG Bora	KOR	PTF	2:0
roma-grand-prix-2023	Senior Women -49kg	R16	110	WONGPATTANAKIT Panipak	THA	SANTOS Valeria	BRA	PTF	2:0
roma-grand-prix-2023	Senior Women -49kg	R16	111	SOUZA Daniela Paola	MEX	CELIK Sueheda	GER	PTF	2:0
roma-grand-prix-2023	Senior Women -49kg	R16	112	GUO Qing	CHN	SEMBERG Abishag	ISR	PTF	2:0
roma-grand-prix-2023	Senior Women -49kg	R16	113	SOLTANI Ghazal	IRI	RAMIREZ VARGAS Andrea	COL	PTF	2:1
roma-grand-prix-2023	Senior Women -49kg	R16	114	AYDIN KONSTANTINIDIS Ela	GER	MAESTRO Virginia	ITA	PTF	2:0
roma-grand-prix-2023	Senior Women -49kg	R16	115	NEMATZADEH Mobina	IRI	STOJKOVIC Lena	CRO	PTF	2:0
roma-grand-prix-2023	Senior Women -49kg	R16	310	DUVANCIC Bruna	CRO	KANG Mi-reu	KOR	PTF	2:1
roma-grand-prix-2023	Senior Women -49kg	R16	311	CEREZO IGLESIAS Adriana	ESP	SAHIB SOUKAINA	MAR	PTF	2:0
roma-grand-prix-2023	Senior Women -49kg	QF	116	WONGPATTANAKIT Panipak	THA	AYDIN KONSTANTINIDIS Ela	GER	PTF	2:0
roma-grand-prix-2023	Senior Women -49kg	QF	117	NEMATZADEH Mobina	IRI	SOLTANI Ghazal	IRI	PTF	2:1
roma-grand-prix-2023	Senior Women -49kg	QF	315	CEREZO IGLESIAS Adriana	ESP	DUVANCIC Bruna	CRO	PTF	2:1
roma-grand-prix-2023	Senior Women -49kg	QF	317	GUO Qing	CHN	SOUZA Daniela Paola	MEX	PTF	2:0
roma-grand-prix-2023	Senior Women -49kg	SF	219	WONGPATTANAKIT Panipak	THA	NEMATZADEH Mobina	IRI	PTF	2:0
roma-grand-prix-2023	Senior Women -49kg	SF	220	CEREZO IGLESIAS Adriana	ESP	GUO Qing	CHN	PTF	2:0
roma-grand-prix-2023	Senior Women -49kg	F	223	WONGPATTANAKIT Panipak	THA	CEREZO IGLESIAS Adriana	ESP	PTF	2:0
roma-grand-prix-2023	Senior Women -57kg	R32	202	KIM Yu-jin	KOR	SCHOENMAKERS Bodine	NED	PTF	2:0
roma-grand-prix-2023	Senior Women -57kg	R32	203	TARVIDA Inese	LAT	ARMERIA Paulina	ITA	PTF	2:0
roma-grand-prix-2023	Senior Women -57kg	R32	206	LEE AHREUM	KOR	TZELI Fani	GRE	PTF	2:0
roma-grand-prix-2023	Senior Women -57kg	R32	207	AL HALWANI Giada	ITA	ASEMANI Raheleh	BEL	PTF	2:0
roma-grand-prix-2023	Senior Women -57kg	R32	208	KIYANICHANDEH Nahid	IRI	HARNSUJIN Phannapa	THA	PTF	2:0
roma-grand-prix-2023	Senior Women -57kg	R32	209	AOUN Laetitia	LBN	KALTEKI Faidra	GRE	PTF	2:0
roma-grand-prix-2023	Senior Women -57kg	R32	210	FROEMMING Anna-Lena	GER	HYMER Stacey	AUS	PTF	2:1
roma-grand-prix-2023	Senior Women -57kg	R32	211	VILLEGAS Fabiola G	MEX	FOLGMANN Madeline	GER	PTF	2:0
roma-grand-prix-2023	Senior Women -57kg	R32	212	ADAMKIEWICZ Patrycja	POL	SU Po-ya	TPE	PTF	2:0
roma-grand-prix-2023	Senior Women -57kg	R32	213	TVARONAVICIUTE Klaudija	LTU	PEREZ PARRADO Alma maria	ESP	PTF	2:1
roma-grand-prix-2023	Senior Women -57kg	R32	214	DILLON Faith	USA	CALVO GOMEZ Marta	ESP	PTF	2:0
roma-grand-prix-2023	Senior Women -57kg	R16	215	KIM Yu-jin	KOR	ILGUN Hatice kubra	TUR	PTF	2:1
roma-grand-prix-2023	Senior Women -57kg	R16	216	LEE AHREUM	KOR	TARVIDA Inese	LAT	PTF	2:0
roma-grand-prix-2023	Senior Women -57kg	R16	217	LO Chia-ling	TPE	AL HALWANI Giada	ITA	PTF	2:0
roma-grand-prix-2023	Senior Women -57kg	R16	218	KIYANICHANDEH Nahid	IRI	LAARAJ Nada	MAR	PTF	2:1
roma-grand-prix-2023	Senior Women -57kg	R16	219	JONES Jade	GBR	AOUN Laetitia	LBN	PTF	2:0
roma-grand-prix-2023	Senior Women -57kg	R16	220	VILLEGAS Fabiola G	MEX	FROEMMING Anna-Lena	GER	PTF	2:0
roma-grand-prix-2023	Senior Women -57kg	R16	221	ADAMKIEWICZ Patrycja	POL	TVARONAVICIUTE Klaudija	LTU	PTF	2:0
roma-grand-prix-2023	Senior Women -57kg	R16	222	DILLON Faith	USA	PARK Skylar	CAN	PTF	2:0
roma-grand-prix-2023	Senior Women -57kg	QF	223	KIM Yu-jin	KOR	LEE AHREUM	KOR	PTF	2:0
roma-grand-prix-2023	Senior Women -57kg	QF	224	KIYANICHANDEH Nahid	IRI	LO Chia-ling	TPE	PTF	2:0
roma-grand-prix-2023	Senior Women -57kg	QF	225	JONES Jade	GBR	VILLEGAS Fabiola G	MEX	PTF	2:0
roma-grand-prix-2023	Senior Women -57kg	QF	226	DILLON Faith	USA	ADAMKIEWICZ Patrycja	POL	PTF	2:0
roma-grand-prix-2023	Senior Women -57kg	SF	229	KIYANICHANDEH Nahid	IRI	KIM Yu-jin	KOR	PTF	2:1
roma-grand-prix-2023	Senior Women -57kg	SF	230	JONES Jade	GBR	DILLON Faith	USA	PTF	2:0
roma-grand-prix-2023	Senior Women -57kg	F	234	JONES Jade	GBR	KIYANICHANDEH Nahid	IRI	PTF	2:0
roma-grand-prix-2023	Senior Women -67kg	R32	203	SARVANAKI Theopoula	GRE	HONG Hyo rim	KOR	PTF	2:1
roma-grand-prix-2023	Senior Women -67kg	R32	301	D'ANGELO Natalia	ITA	GALLARDO Claudia	CHI	PTF	2:0
roma-grand-prix-2023	Senior Women -67kg	R32	302	PERISIC Aleksandra	SRB	KAYIR Ikra	TUR	PTF	2:1
roma-grand-prix-2023	Senior Women -67kg	R32	303	WILLIAMS Lauren	GBR	MIR NOOROLLAHI Seyedeh narges	IRI	PTF	2:1
roma-grand-prix-2023	Senior Women -67kg	R32	304	KRAAYEVELD Ashley	CAN	KLEPAC Nika	CRO	PTF	2:0
roma-grand-prix-2023	Senior Women -67kg	R32	305	SCHNEIDER Yanna	GER	MAGDALENO ALBIZU Jone	ESP	PTF	2:0
roma-grand-prix-2023	Senior Women -67kg	R32	306	SONG Jie	CHN	TITONELI Milena	BRA	PTF	2:0
roma-grand-prix-2023	Senior Women -67kg	R32	307	CHAARI Sarah	BEL	MURRAY Rebecca	AUS	PTF	2:0
roma-grand-prix-2023	Senior Women -67kg	R32	308	SADIKOVA Feruza	UZB	TARVIDA Jolanta	LAT	PTF	2:1
roma-grand-prix-2023	Senior Women -67kg	R32	309	ZHANG Mengyu	CHN	MITSOPOULOU Athanasia	GRE	PTF	2:0
roma-grand-prix-2023	Senior Women -67kg	R32	310	SOLTERO Leslie	MEX	FUREDI Rebeka	HUN	PTF	2:0
roma-grand-prix-2023	Senior Women -67kg	R32	311	CASTRO BURGOS Cecilia	ESP	MIRHOSSEINI VAKILI Melika	IRI	PTF	2:0
roma-grand-prix-2023	Senior Women -67kg	R32	312	SANTOS Caroline	BRA	NILSEN Mari romundset	NOR	PTF	2:0
roma-grand-prix-2023	Senior Women -67kg	R32	313	SHEHATA Aya	EGY	KIM Jan-di	KOR	PTF	2:0
roma-grand-prix-2023	Senior Women -67kg	R32	314	AL-SADEQ Julyana	JOR	ROBERTS Chloe	GBR	PTF	2:1
roma-grand-prix-2023	Senior Women -67kg	R16		SANTOS Caroline	BRA	CASTRO BURGOS Cecilia	ESP		
roma-grand-prix-2023	Senior Women -67kg	R16	315	WIET HENIN Magda	FRA	SARVANAKI Theopoula	GRE	PTF	2:1
roma-grand-prix-2023	Senior Women -67kg	R16	316	PERISIC Aleksandra	SRB	D'ANGELO Natalia	ITA	PTF	2:0
roma-grand-prix-2023	Senior Women -67kg	R16	317	WILLIAMS Lauren	GBR	KRAAYEVELD Ashley	CAN	PTF	2:0
roma-grand-prix-2023	Senior Women -67kg	R16	318	SONG Jie	CHN	SCHNEIDER Yanna	GER	PTF	2:0
roma-grand-prix-2023	Senior Women -67kg	R16	319	CHAARI Sarah	BEL	SADIKOVA Feruza	UZB	PTF	2:0
roma-grand-prix-2023	Senior Women -67kg	R16	320	ZHANG Mengyu	CHN	SOLTERO Leslie	MEX	PTF	2:0
roma-grand-prix-2023	Senior Women -67kg	R16	322	SHEHATA Aya	EGY	AL-SADEQ Julyana	JOR	PTF	2:0
roma-grand-prix-2023	Senior Women -67kg	QF	323	WIET HENIN Magda	FRA	PERISIC Aleksandra	SRB	PTF	2:0
roma-grand-prix-2023	Senior Women -67kg	QF	324	SONG Jie	CHN	WILLIAMS Lauren	GBR	PTF	2:1
roma-grand-prix-2023	Senior Women -67kg	QF	325	CHAARI Sarah	BEL	ZHANG Mengyu	CHN	PTF	2:1
roma-grand-prix-2023	Senior Women -67kg	QF	326	SHEHATA Aya	EGY	SANTOS Caroline	BRA	PTF	2:1
roma-grand-prix-2023	Senior Women -67kg	SF	227	SONG Jie	CHN	WIET HENIN Magda	FRA	PTF	2:0
roma-grand-prix-2023	Senior Women -67kg	SF	228	CHAARI Sarah	BEL	SHEHATA Aya	EGY	PTF	2:0
roma-grand-prix-2023	Senior Women -67kg	F	233	SONG Jie	CHN	CHAARI Sarah	BEL	PTF	2:1
roma-grand-prix-2023	Senior Women +67kg	R32	101	ZHOU Zeqi	CHN	ILIC Alessandra	ITA	PTF	2:0
roma-grand-prix-2023	Senior Women +67kg	R32	102	OSIPOVA Svetlana	UZB	MORAN ROMERO Belen	ESP	PTF	2:1
roma-grand-prix-2023	Senior Women +67kg	R32	103	BRANDL Lorena	GER	FAROUK Maisoun	EGY	PTF	2:1
roma-grand-prix-2023	Senior Women +67kg	R32	104	KOWALCZUK Aleksandra	POL	ABO-ALRUB Rama	JOR	PTF	2:0
roma-grand-prix-2023	Senior Women +67kg	R32	105	CASTINEIRA ETCHEVERRIA Tania	ESP	SIQUEIRA Gabriele	BRA	PTF	2:1
roma-grand-prix-2023	Senior Women +67kg	R32	106	LAURIN Althea	FRA	STEWART Reba	AUS	PTF	2:0
roma-grand-prix-2023	Senior Women +67kg	R32	107	HADZIC Alema	GER	JELIC Matea	CRO	PTF	2:1
roma-grand-prix-2023	Senior Women +67kg	R32	108	GLORIA Mosquera	COL	DENIZ Cansel	KAZ	PTF	2:0
roma-grand-prix-2023	Senior Women +67kg	R32	109	BOZANIC Nadica	SRB	ABOUFARAS Fatima-ezzahra	MAR	WDR	
roma-grand-prix-2023	Senior Women +67kg	R32	110	XU Lei	CHN	KUS AYDIN Nafia	TUR	PTF	2:0
roma-grand-prix-2023	Senior Women +67kg	R32	111	UZUNCAVDAR Sude yaren	TUR	SMIRAGLIA Maristella	ITA	PTF	2:0
roma-grand-prix-2023	Senior Women +67kg	R32	112	MCGOWAN Rebecca	GBR	WEEKES Crystal	PUR	PTF	2:1
roma-grand-prix-2023	Senior Women +67kg	R32	113	AVOULETTE Solene	FRA	JAHL Marlene	AUT	PTF	2:0
roma-grand-prix-2023	Senior Women +67kg	R32	114	LEE Dabin	KOR	VIANA Alena	USA	PTF	2:0
roma-grand-prix-2023	Senior Women +67kg	R32	202	BATHILY Astan katherine feghe	CIV	COOK Bianca	GBR	WDR	
roma-grand-prix-2023	Senior Women +67kg	R32	204	AZRAN Dana	ISR	GORMAN-SHORE Madelynn	USA	PTF	2:1
roma-grand-prix-2023	Senior Women +67kg	R16	115	AZRAN Dana	ISR	BATHILY Astan katherine feghe	CIV	PTF	2:0
roma-grand-prix-2023	Senior Women +67kg	R16	116	ZHOU Zeqi	CHN	OSIPOVA Svetlana	UZB	PTF	2:1
roma-grand-prix-2023	Senior Women +67kg	R16	117	KOWALCZUK Aleksandra	POL	BRANDL Lorena	GER	PTF	2:0
roma-grand-prix-2023	Senior Women +67kg	R16	118	LAURIN Althea	FRA	CASTINEIRA ETCHEVERRIA Tania	ESP	PTF	2:0
roma-grand-prix-2023	Senior Women +67kg	R16	119	GLORIA Mosquera	COL	HADZIC Alema	GER	PTF	2:0
roma-grand-prix-2023	Senior Women +67kg	R16	120	XU Lei	CHN	BOZANIC Nadica	SRB	PTF	2:1
roma-grand-prix-2023	Senior Women +67kg	R16	121	MCGOWAN Rebecca	GBR	UZUNCAVDAR Sude yaren	TUR	PTF	2:0
roma-grand-prix-2023	Senior Women +67kg	R16	122	AVOULETTE Solene	FRA	LEE Dabin	KOR	PTF	2:0
roma-grand-prix-2023	Senior Women +67kg	QF	123	ZHOU Zeqi	CHN	AZRAN Dana	ISR	PTF	2:0
roma-grand-prix-2023	Senior Women +67kg	QF	124	LAURIN Althea	FRA	KOWALCZUK Aleksandra	POL	PTF	2:0
roma-grand-prix-2023	Senior Women +67kg	QF	125	XU Lei	CHN	GLORIA Mosquera	COL	PTF	2:1
roma-grand-prix-2023	Senior Women +67kg	QF	126	MCGOWAN Rebecca	GBR	AVOULETTE Solene	FRA	PTF	2:0
roma-grand-prix-2023	Senior Women +67kg	SF	231	LAURIN Althea	FRA	ZHOU Zeqi	CHN	PTF	2:1
roma-grand-prix-2023	Senior Women +67kg	SF	232	XU Lei	CHN	MCGOWAN Rebecca	GBR	PTF	2:0
roma-grand-prix-2023	Senior Women +67kg	F	235	XU Lei	CHN	LAURIN Althea	FRA	PTF	2:0
paris-grand-prix-2023	Senior Men -58kg	R32	203	TESKERA Josip	CRO	HYTTEL Tobias	DEN	PTF	2:0
paris-grand-prix-2023	Senior Men -58kg	R32	204	SALIM Sharif gergely	HUN	ARILLO VAZQUEZ Hugo	ESP	PTF	2:1
paris-grand-prix-2023	Senior Men -58kg	R32	205	RAVET Cyrian	FRA	ISSAKA GARBA Nouridine	NIG	DSQ	
paris-grand-prix-2023	Senior Men -58kg	R32	206	PARK Tae-joon	KOR	NIANG Mohamed	SEN	DSQ	
paris-grand-prix-2023	Senior Men -58kg	R32	207	ZANDI Abolfazl	IRI	PLAZA HERNANDEZ Brandon	MEX	PTF	2:0
paris-grand-prix-2023	Senior Men -58kg	R32	208	RODRIGUEZ Cesar	MEX	ALVAREZ Melvy	USA	PTF	2:0
paris-grand-prix-2023	Senior Men -58kg	R32	209	DIMITROPOULOS Konstantinos	GRE	HOEFLING Nicholas	CAN	PTF	2:0
paris-grand-prix-2023	Senior Men -58kg	R32	210	LEWIS Bailey	AUS	POLAT Gorkem	TUR	PTF	2:0
paris-grand-prix-2023	Senior Men -58kg	R32	211	SALIM Omar gergely	HUN	BEDART Samuel	FRA	PTF	2:0
paris-grand-prix-2023	Senior Men -58kg	R32	212	WOOLLEY Jack	IRL	NOUR Mohammed	GBR	PTF	2:1
paris-grand-prix-2023	Senior Men -58kg	R32	213	PARK Braven	CAN	MELO Paulo	BRA	PTF	2:0
paris-grand-prix-2023	Senior Men -58kg	R32	214	HAJIMOUSAEI Mahdi	IRI	RAPSOMANIKIS Dionysios	GRE	PTF	2:0
paris-grand-prix-2023	Senior Men -58kg	R16	215	JENDOUBI Mohamed khalil	TUN	TESKERA Josip	CRO	PTF	2:1
paris-grand-prix-2023	Senior Men -58kg	R16	216	RAVET Cyrian	FRA	SALIM Sharif gergely	HUN	PTF	2:0
paris-grand-prix-2023	Senior Men -58kg	R16	217	ZANDI Abolfazl	IRI	PARK Tae-joon	KOR	PTF	2:0
paris-grand-prix-2023	Senior Men -58kg	R16	218	JANG Jun	KOR	RODRIGUEZ Cesar	MEX	PTF	2:0
paris-grand-prix-2023	Senior Men -58kg	R16	219	VICENTE YUNTA Adrian	ESP	DIMITROPOULOS Konstantinos	GRE	PTF	2:1
paris-grand-prix-2023	Senior Men -58kg	R16	220	LEWIS Bailey	AUS	SALIM Omar gergely	HUN	PTF	2:1
paris-grand-prix-2023	Senior Men -58kg	R16	221	WOOLLEY Jack	IRL	PARK Braven	CAN	PTF	2:0
paris-grand-prix-2023	Senior Men -58kg	R16	222	HAJIMOUSAEI Mahdi	IRI	DELL'AQUILA Vito	ITA	PTF	2:0
paris-grand-prix-2023	Senior Men -58kg	QF	223	JENDOUBI Mohamed khalil	TUN	RAVET Cyrian	FRA	PTF	2:1
paris-grand-prix-2023	Senior Men -58kg	QF	224	ZANDI Abolfazl	IRI	JANG Jun	KOR	PTF	2:0
paris-grand-prix-2023	Senior Men -58kg	QF	225	LEWIS Bailey	AUS	VICENTE YUNTA Adrian	ESP	PTF	2:0
paris-grand-prix-2023	Senior Men -58kg	QF	226	HAJIMOUSAEI Mahdi	IRI	WOOLLEY Jack	IRL	PTF	2:0
paris-grand-prix-2023	Senior Men -58kg	SF	229	ZANDI Abolfazl	IRI	JENDOUBI Mohamed khalil	TUN	PTF	2:1
paris-grand-prix-2023	Senior Men -58kg	SF	230	HAJIMOUSAEI Mahdi	IRI	LEWIS Bailey	AUS	PTF	2:0
paris-grand-prix-2023	Senior Men -58kg	F	234	HAJIMOUSAEI Mahdi	IRI	ZANDI Abolfazl	IRI	WDR	
paris-grand-prix-2023	Senior Men -68kg	R32	101	RASHITOV Ulugbek	UZB	MOUSSA Amar Cisse	GAB	PTF	2:0
paris-grand-prix-2023	Senior Men -68kg	R32	102	MORALES Ignacio	CHI	GLASNOVIC Leon	CRO	PTF	2:1
paris-grand-prix-2023	Senior Men -68kg	R32	103	JØRGENSEN Otto	DEN	CHELLAMOOTOO Dylan	FRA	PTF	2:0
paris-grand-prix-2023	Senior Men -68kg	R32	104	LIANG Yushuai	CHN	PARK Tae ku	CAN	PTF	2:0
paris-grand-prix-2023	Senior Men -68kg	R32	105	OLIVERO TORO Cristian	CHI	JORQUERA CALA Joan	ESP	PTF	2:0
paris-grand-prix-2023	Senior Men -68kg	R32	106	LUCIEN Theo	FRA	CHAMALIDIS Konstantinos	GRE	PTF	2:0
paris-grand-prix-2023	Senior Men -68kg	R32	107	NAVARRO Carlos	MEX	ALIAN Ali	SWE	PTF	2:0
paris-grand-prix-2023	Senior Men -68kg	R32	108	GOLUBIC Marko	CRO	DZHORDZHEV Mitko	BUL	PTF	2:0
paris-grand-prix-2023	Senior Men -68kg	R32	109	PEREZ POLO Javier	ESP	NSILU DILANDU Leroy	IRL	WDR	
paris-grand-prix-2023	Senior Men -68kg	R32	110	BARETTA Dennis	ITA	ALAPHILIPPE Souleyman	FRA	PTF	2:0
paris-grand-prix-2023	Senior Men -68kg	R32	111	JOZSA Levente mark	HUN	OZKAYA Imran	GER	PTF	2:0
paris-grand-prix-2023	Senior Men -68kg	R32	112	PONTES Edival	BRA	BARAKAT Eyad	EGY	PTF	2:0
paris-grand-prix-2023	Senior Men -68kg	R32	113	JIN Ho-jun	KOR	KOBENAN Aaron francois	CIV	PTF	2:0
paris-grand-prix-2023	Senior Men -68kg	R32	114	ALHALAWANI Zaid	JOR	HARRIS Khalfani	USA	PTF	2:0
paris-grand-prix-2023	Senior Men -68kg	R32	115	REZAEI Matin	IRI	KWON Doyun	KOR	PTF	2:0
paris-grand-prix-2023	Senior Men -68kg	R32	116	KAREEM Zaid	JOR	LO Mouhamadou mansour	SEN	PTF	2:1
paris-grand-prix-2023	Senior Men -68kg	R16	117	RASHITOV Ulugbek	UZB	MORALES Ignacio	CHI	PTF	2:0
paris-grand-prix-2023	Senior Men -68kg	R16	118	LIANG Yushuai	CHN	JØRGENSEN Otto	DEN	PTF	2:0
paris-grand-prix-2023	Senior Men -68kg	R16	119	LUCIEN Theo	FRA	OLIVERO TORO Cristian	CHI	PTF	2:1
paris-grand-prix-2023	Senior Men -68kg	R16	120	GOLUBIC Marko	CRO	NAVARRO Carlos	MEX	PTF	2:0
paris-grand-prix-2023	Senior Men -68kg	R16	121	BARETTA Dennis	ITA	PEREZ POLO Javier	ESP	PTF	2:1
paris-grand-prix-2023	Senior Men -68kg	R16	122	PONTES Edival	BRA	JOZSA Levente mark	HUN	PTF	2:1
paris-grand-prix-2023	Senior Men -68kg	R16	123	ALHALAWANI Zaid	JOR	JIN Ho-jun	KOR	PTF	2:0
paris-grand-prix-2023	Senior Men -68kg	R16	124	KAREEM Zaid	JOR	REZAEI Matin	IRI	PTF	2:0
paris-grand-prix-2023	Senior Men -68kg	QF	125	RASHITOV Ulugbek	UZB	LIANG Yushuai	CHN	PTF	2:0
paris-grand-prix-2023	Senior Men -68kg	QF	126	GOLUBIC Marko	CRO	LUCIEN Theo	FRA	PTF	2:0
paris-grand-prix-2023	Senior Men -68kg	QF	127	PONTES Edival	BRA	BARETTA Dennis	ITA	PTF	2:0
paris-grand-prix-2023	Senior Men -68kg	QF	128	ALHALAWANI Zaid	JOR	KAREEM Zaid	JOR	PTF	2:0
paris-grand-prix-2023	Senior Men -68kg	SF	228	RASHITOV Ulugbek	UZB	GOLUBIC Marko	CRO	PTF	2:0
paris-grand-prix-2023	Senior Men -68kg	SF	229	PONTES Edival	BRA	ALHALAWANI Zaid	JOR	PTF	2:0
paris-grand-prix-2023	Senior Men -68kg	F	234	RASHITOV Ulugbek	UZB	PONTES Edival	BRA	PTF	2:0
paris-grand-prix-2023	Senior Men -80kg	R32	301	SAWADOGO Faysal	BUR	SALAZAR Bryan	MEX	PTF	2:1
paris-grand-prix-2023	Senior Men -80kg	R32	302	KARTAL Huseyin	TUR	BOUTHOUYAK Athman	FRA	PTF	2:1
paris-grand-prix-2023	Senior Men -80kg	R32	303	YILDIZ Muhammed emin	TUR	HUSIC Nedzad	BIH	PTF	2:0
paris-grand-prix-2023	Senior Men -80kg	R32	304	RODRIGUES FERNANDES Henrique marques	BRA	QUESADA BARRERA Daniel	ESP	PTF	2:0
paris-grand-prix-2023	Senior Men -80kg	R32	305	TELIKOSTOGLOU Apostolos	GRE	KINTSURASHVILI Zurab	GEO	PTF	2:0
paris-grand-prix-2023	Senior Men -80kg	R32	306	JAYSUNOV Jasurbek	UZB	SEJRANOVIC Leon	AUS	PTF	2:1
paris-grand-prix-2023	Senior Men -80kg	R32	307	BOUZID SOUIHILI Ismael	FRA	ORDEMANN Richard andre	NOR	PTF	2:1
paris-grand-prix-2023	Senior Men -80kg	R32	308	NICKOLAS CJ	USA	COULIBALY Ismael	MLI	PTF	2:0
paris-grand-prix-2023	Senior Men -80kg	R32	309	SALAEV Shukhrat	UZB	CINTADO ARTECHE Jon	ESP	PTF	2:0
paris-grand-prix-2023	Senior Men -80kg	R32	310	SEO Geon-woo	KOR	HRNIC Edi	DEN	PTF	2:1
paris-grand-prix-2023	Senior Men -80kg	R32	311	RODRIGUEZ Michael c	USA	TAKOV Stefan	SRB	PTF	2:0
paris-grand-prix-2023	Senior Men -80kg	R32	312	KATOUSSI Firas	TUN	KOSTENEVYCH Kostiantyn	UKR	PTF	2:1
paris-grand-prix-2023	Senior Men -80kg	R32	313	PARK Woo hyeok	KOR	RADOJKOVIC Aleksandar	AUT	PTF	2:0
paris-grand-prix-2023	Senior Men -80kg	R32	314	BARKHORDARI Mehran	IRI	TREJOS Miguel Angel	COL	PTF	2:0
paris-grand-prix-2023	Senior Men -80kg	R32	315	ELSHARABATY Saleh	JOR	OMAROV Magomedrasul	AIN	PTF	2:1
paris-grand-prix-2023	Senior Men -80kg	R16	316	EISSA Seif	EGY	SAWADOGO Faysal	BUR	PTF	2:0
paris-grand-prix-2023	Senior Men -80kg	R16	317	YILDIZ Muhammed emin	TUR	KARTAL Huseyin	TUR	WDR	
paris-grand-prix-2023	Senior Men -80kg	R16	318	TELIKOSTOGLOU Apostolos	GRE	RODRIGUES FERNANDES Henrique marques	BRA	PTF	2:0
paris-grand-prix-2023	Senior Men -80kg	R16	319	BOUZID SOUIHILI Ismael	FRA	JAYSUNOV Jasurbek	UZB	PTF	2:1
paris-grand-prix-2023	Senior Men -80kg	R16	320	NICKOLAS CJ	USA	SALAEV Shukhrat	UZB	PTF	2:0
paris-grand-prix-2023	Senior Men -80kg	R16	321	SEO Geon-woo	KOR	RODRIGUEZ Michael c	USA	PTF	2:0
paris-grand-prix-2023	Senior Men -80kg	R16	322	PARK Woo hyeok	KOR	KATOUSSI Firas	TUN	PTF	2:0
paris-grand-prix-2023	Senior Men -80kg	R16	323	BARKHORDARI Mehran	IRI	ELSHARABATY Saleh	JOR	WDR	1:1
paris-grand-prix-2023	Senior Men -80kg	QF	324	YILDIZ Muhammed emin	TUR	EISSA Seif	EGY	PTF	2:1
paris-grand-prix-2023	Senior Men -80kg	QF	325	TELIKOSTOGLOU Apostolos	GRE	BOUZID SOUIHILI Ismael	FRA	PTF	2:1
paris-grand-prix-2023	Senior Men -80kg	QF	326	NICKOLAS CJ	USA	SEO Geon-woo	KOR	PTF	2:0
paris-grand-prix-2023	Senior Men -80kg	QF	327	BARKHORDARI Mehran	IRI	PARK Woo hyeok	KOR	PTF	2:0
paris-grand-prix-2023	Senior Men -80kg	SF	232	TELIKOSTOGLOU Apostolos	GRE	YILDIZ Muhammed emin	TUR	PTF	2:1
paris-grand-prix-2023	Senior Men -80kg	SF	233	BARKHORDARI Mehran	IRI	NICKOLAS CJ	USA	PTF	2:0
paris-grand-prix-2023	Senior Men -80kg	F	236	BARKHORDARI Mehran	IRI	TELIKOSTOGLOU Apostolos	GRE	PTF	2:1
paris-grand-prix-2023	Senior Men +80kg	R32	201	BOZIC Pasko	CRO	MENG Mingkuan	CHN	PTF	2:0
paris-grand-prix-2023	Senior Men +80kg	R32	202	ATESLI Emre kutalmis	TUR	SADEK Anas	JOR	WDR	
paris-grand-prix-2023	Senior Men +80kg	R32	203	SAPINA Ivan	CRO	NIANG Malick	SEN	PTF	2:0
paris-grand-prix-2023	Senior Men +80kg	R32	204	KANG Sanghyun	KOR	DIVKOVIC Patrik	SLO	PTF	2:0
paris-grand-prix-2023	Senior Men +80kg	R32	205	GARCIA MARTINEZ Ivan	ESP	SBEIHI Fahed	JOR	PTF	2:1
paris-grand-prix-2023	Senior Men +80kg	R32	206	CUNNINGHAM Caden	GBR	BICER Enbiya taha	TUR	PTF	2:0
paris-grand-prix-2023	Senior Men +80kg	R32	207	EL YAZIDI Omar	FRA	RAFALOVICH Nikita	UZB	PTF	2:0
paris-grand-prix-2023	Senior Men +80kg	R32	208	ABBASI POUYA Abolfazl	IRI	MARTINS SOARES Icaro miguel	BRA	PTF	2:0
paris-grand-prix-2023	Senior Men +80kg	R32	209	RAWY Ahmad	EGY	MARTINEZ GARCIA Raul	ESP	PTF	2:0
paris-grand-prix-2023	Senior Men +80kg	R32	210	SANSORES Carlos	MEX	ESSAM MOHIUDDIN Abdullah	EGY	PTF	2:0
paris-grand-prix-2023	Senior Men +80kg	R32	305	ALBA Rafael	CUB	SONG Zhaoxiang	CHN	PTF	2:1
paris-grand-prix-2023	Senior Men +80kg	R32	306	ZHAPAROV Ruslan	KAZ	TADJIBAEV Azizjan	FRA	PTF	2:0
paris-grand-prix-2023	Senior Men +80kg	R32	307	GEORGIEVSKI Dejan	MKD	ANN Alasan	GAM	PTF	2:0
paris-grand-prix-2023	Senior Men +80kg	R32	308	SIQUEIRA Maicon	BRA	OBAME Anthony mylann	GAB	PTF	2:0
paris-grand-prix-2023	Senior Men +80kg	R32	309	HEALY Jonathan	USA	TRAJKOVIC Ivan konrad	SLO	PTF	2:0
paris-grand-prix-2023	Senior Men +80kg	R16	211	BOZIC Pasko	CRO	ATESLI Emre kutalmis	TUR	PTF	2:0
paris-grand-prix-2023	Senior Men +80kg	R16	212	SAPINA Ivan	CRO	KANG Sanghyun	KOR	PTF	2:1
paris-grand-prix-2023	Senior Men +80kg	R16	213	CUNNINGHAM Caden	GBR	GARCIA MARTINEZ Ivan	ESP	PTF	2:0
paris-grand-prix-2023	Senior Men +80kg	R16	214	ABBASI POUYA Abolfazl	IRI	EL YAZIDI Omar	FRA	PTF	2:0
paris-grand-prix-2023	Senior Men +80kg	R16	215	SANSORES Carlos	MEX	RAWY Ahmad	EGY	PTF	2:0
paris-grand-prix-2023	Senior Men +80kg	R16	216	SIQUEIRA Maicon	BRA	HEALY Jonathan	USA	RSC	1:0
paris-grand-prix-2023	Senior Men +80kg	R16	310	CISSE Cheick sallah	CIV	ALBA Rafael	CUB	WDR	
paris-grand-prix-2023	Senior Men +80kg	R16	313	GEORGIEVSKI Dejan	MKD	ZHAPAROV Ruslan	KAZ	PTF	2:1
paris-grand-prix-2023	Senior Men +80kg	QF	217	CUNNINGHAM Caden	GBR	SAPINA Ivan	CRO	PTF	2:1
paris-grand-prix-2023	Senior Men +80kg	QF	218	SANSORES Carlos	MEX	ABBASI POUYA Abolfazl	IRI	PTF	2:1
paris-grand-prix-2023	Senior Men +80kg	QF	219	BOZIC Pasko	CRO	SIQUEIRA Maicon	BRA	WDR	
paris-grand-prix-2023	Senior Men +80kg	QF	316	CISSE Cheick sallah	CIV	GEORGIEVSKI Dejan	MKD	WDR	1:0
paris-grand-prix-2023	Senior Men +80kg	SF	222	CISSE Cheick sallah	CIV	BOZIC Pasko	CRO	PTF	2:1
paris-grand-prix-2023	Senior Men +80kg	SF	223	CUNNINGHAM Caden	GBR	SANSORES Carlos	MEX	PTF	2:1
paris-grand-prix-2023	Senior Men +80kg	F	225	CISSE Cheick sallah	CIV	CUNNINGHAM Caden	GBR	PTF	2:0
paris-grand-prix-2023	Senior Women -49kg	R32	101	RAMIREZ VARGAS Andrea	COL	BAYECH Rivka	ISR	PTF	2:0
paris-grand-prix-2023	Senior Women -49kg	R32	102	ZAMPETTI Sofia	ITA	KAMKASOUMPHOU Lenya	FRA	PTF	2:0
paris-grand-prix-2023	Senior Women -49kg	R32	103	GUO Qing	CHN	TAMBYRAJAH Saffron	AUS	PTF	2:0
paris-grand-prix-2023	Senior Women -49kg	R32	104	DUVANCIC Bruna	CRO	OROZCO Angelique	CAN	PTF	2:0
paris-grand-prix-2023	Senior Women -49kg	R32	105	TRUONG Thi kim tuyen	VIE	KANG Mi-reu	KOR	PTF	2:0
paris-grand-prix-2023	Senior Women -49kg	R32	106	NEMATZADEH Mobina	IRI	BAKISHEVA Rita	KAZ	PTF	2:0
paris-grand-prix-2023	Senior Women -49kg	R32	107	KHATTAB Jana	EGY	SOUZA Daniela Paola	MEX	PTF	2:0
paris-grand-prix-2023	Senior Women -49kg	R32	108	BEKULOVA Milana	AIN	STOJKOVIC Lena	CRO	PTF	2:0
paris-grand-prix-2023	Senior Women -49kg	R32	109	SAMY ELHOSSEINY Shahd	EGY	POURYOUNES LANGEROUDI Dina	TRT	PTF	2:0
paris-grand-prix-2023	Senior Women -49kg	R32	110	WANG Xiaolu	CHN	CELIK Sueheda	GER	PTF	2:0
paris-grand-prix-2023	Senior Women -49kg	R32	111	BEZERRA Camila	BRA	YILDIRIM Rukiye	TUR	PTF	2:0
paris-grand-prix-2023	Senior Women -49kg	R32	112	KOUTTOUKI Kyriaki	CYP	SEMBERG Abishag	ISR	PTF	2:0
paris-grand-prix-2023	Senior Women -49kg	R32	113	AYDIN KONSTANTINIDIS Ela	GER	TAU Michelle	LES	PTF	2:0
paris-grand-prix-2023	Senior Women -49kg	R32	114	ABUTALEB Dunya ali m	KSA	KANG Bora	KOR	RSC	2:0
paris-grand-prix-2023	Senior Women -49kg	R16	115	CEREZO IGLESIAS Adriana	ESP	RAMIREZ VARGAS Andrea	COL	PTF	2:0
paris-grand-prix-2023	Senior Women -49kg	R16	116	GUO Qing	CHN	ZAMPETTI Sofia	ITA	PTF	2:0
paris-grand-prix-2023	Senior Women -49kg	R16	117	DUVANCIC Bruna	CRO	TRUONG Thi kim tuyen	VIE	PTF	2:1
paris-grand-prix-2023	Senior Women -49kg	R16	118	NEMATZADEH Mobina	IRI	KHATTAB Jana	EGY	PTF	2:1
paris-grand-prix-2023	Senior Women -49kg	R16	119	BEKULOVA Milana	AIN	SAMY ELHOSSEINY Shahd	EGY	PTF	2:0
paris-grand-prix-2023	Senior Women -49kg	R16	120	WANG Xiaolu	CHN	BEZERRA Camila	BRA	PTF	2:0
paris-grand-prix-2023	Senior Women -49kg	R16	121	AYDIN KONSTANTINIDIS Ela	GER	KOUTTOUKI Kyriaki	CYP	PTF	2:1
paris-grand-prix-2023	Senior Women -49kg	R16	122	DINCEL KAVURAT Merve	TUR	ABUTALEB Dunya ali m	KSA	PTF	2:0
paris-grand-prix-2023	Senior Women -49kg	QF	123	CEREZO IGLESIAS Adriana	ESP	GUO Qing	CHN	PTF	2:0
paris-grand-prix-2023	Senior Women -49kg	QF	124	NEMATZADEH Mobina	IRI	DUVANCIC Bruna	CRO	PTF	2:0
paris-grand-prix-2023	Senior Women -49kg	QF	125	WANG Xiaolu	CHN	BEKULOVA Milana	AIN	PTF	2:0
paris-grand-prix-2023	Senior Women -49kg	QF	126	DINCEL KAVURAT Merve	TUR	AYDIN KONSTANTINIDIS Ela	GER	PTF	2:0
paris-grand-prix-2023	Senior Women -49kg	SF	227	CEREZO IGLESIAS Adriana	ESP	NEMATZADEH Mobina	IRI	PTF	2:1
paris-grand-prix-2023	Senior Women -49kg	SF	228	DINCEL KAVURAT Merve	TUR	WANG Xiaolu	CHN	PTF	2:0
paris-grand-prix-2023	Senior Women -49kg	F	233	DINCEL KAVURAT Merve	TUR	CEREZO IGLESIAS Adriana	ESP	PTF	2:0
paris-grand-prix-2023	Senior Women -57kg	R32	201	LEE AHREUM	KOR	KALTEKI Faidra	GRE	PTF	2:0
paris-grand-prix-2023	Senior Women -57kg	R32	202	HRONOVA Dominika	CZE	CARABIN Kanelya	FRA	PTF	2:0
paris-grand-prix-2023	Senior Women -57kg	R32	301	PEREZ PARRADO Alma maria	ESP	HYMER Stacey	AUS	PTF	2:0
paris-grand-prix-2023	Senior Women -57kg	R32	302	TOUMI Chaima	TUN	KIYANICHANDEH Nahid	IRI	PTF	2:0
paris-grand-prix-2023	Senior Women -57kg	R32	303	POWELL Aaliyah	GBR	KIM Yu-jin	KOR	PTF	2:0
paris-grand-prix-2023	Senior Women -57kg	R32	304	AL HALWANI Giada	ITA	FROEMMING Anna-Lena	GER	PTF	2:0
paris-grand-prix-2023	Senior Women -57kg	R32	305	PARK Skylar	CAN	TESIC Nadja	SRB	PTF	2:0
paris-grand-prix-2023	Senior Women -57kg	R32	306	JONES Jade	GBR	ATORA Emmannuella	GAB	PTF	2:0
paris-grand-prix-2023	Senior Women -57kg	R32	307	MININA Tatiana	AIN	AOUN Laetitia	LBN	PTF	2:0
paris-grand-prix-2023	Senior Women -57kg	R32	308	MARTON Luana	HUN	ORTIZ BENITO Arlet	ESP	PTF	2:0
paris-grand-prix-2023	Senior Women -57kg	R32	309	LO Chia-ling	TPE	SU Po-ya	TPE	PTF	2:0
paris-grand-prix-2023	Senior Women -57kg	R32	310	ADAMKIEWICZ Patrycja	POL	TVARONAVICIUTE Klaudija	LTU	PTF	2:1
paris-grand-prix-2023	Senior Women -57kg	R32	311	PACHECO Maria clara	BRA	VILLEGAS Fabiola G	MEX	PTF	2:0
paris-grand-prix-2023	Senior Women -57kg	R32	312	DILLON Faith	USA	SCHOENMAKERS Bodine	NED	PTF	2:0
paris-grand-prix-2023	Senior Women -57kg	R32	313	ILGUN Hatice kubra	TUR	DJAKO Cessy Florence	CIV	PTF	2:0
paris-grand-prix-2023	Senior Women -57kg	R16	314	LUO Zongshi	CHN	LEE AHREUM	KOR	PTF	2:0
paris-grand-prix-2023	Senior Women -57kg	R16	315	HRONOVA Dominika	CZE	PEREZ PARRADO Alma maria	ESP	PTF	2:1
paris-grand-prix-2023	Senior Women -57kg	R16	316	POWELL Aaliyah	GBR	TOUMI Chaima	TUN	PTF	2:0
paris-grand-prix-2023	Senior Women -57kg	R16	317	PARK Skylar	CAN	AL HALWANI Giada	ITA	PTF	2:0
paris-grand-prix-2023	Senior Women -57kg	R16	318	JONES Jade	GBR	MININA Tatiana	AIN	WDR	
paris-grand-prix-2023	Senior Women -57kg	R16	319	LO Chia-ling	TPE	MARTON Luana	HUN	PTF	2:0
paris-grand-prix-2023	Senior Women -57kg	R16	320	PACHECO Maria clara	BRA	ADAMKIEWICZ Patrycja	POL	PTF	2:0
paris-grand-prix-2023	Senior Women -57kg	R16	321	ILGUN Hatice kubra	TUR	DILLON Faith	USA	PTF	2:0
paris-grand-prix-2023	Senior Women -57kg	QF	322	LUO Zongshi	CHN	HRONOVA Dominika	CZE	PTF	2:0
paris-grand-prix-2023	Senior Women -57kg	QF	323	POWELL Aaliyah	GBR	PARK Skylar	CAN	PTF	2:0
paris-grand-prix-2023	Senior Women -57kg	QF	324	JONES Jade	GBR	LO Chia-ling	TPE	PTF	2:1
paris-grand-prix-2023	Senior Women -57kg	QF	325	ILGUN Hatice kubra	TUR	PACHECO Maria clara	BRA	PTF	2:1
paris-grand-prix-2023	Senior Women -57kg	SF	231	LUO Zongshi	CHN	POWELL Aaliyah	GBR	PTF	2:0
paris-grand-prix-2023	Senior Women -57kg	SF	232	JONES Jade	GBR	ILGUN Hatice kubra	TUR	PTF	2:1
paris-grand-prix-2023	Senior Women -57kg	F	235	JONES Jade	GBR	LUO Zongshi	CHN	PTF	2:0
paris-grand-prix-2023	Senior Women -67kg	R32	201	SARVANAKI Theopoula	GRE	KOERNDL Vanessa	GER	PTF	2:1
paris-grand-prix-2023	Senior Women -67kg	R32	202	WILLIAMS Lauren	GBR	KLEPAC Nika	CRO	PTF	2:1
paris-grand-prix-2023	Senior Women -67kg	R32	203	CASTRO BURGOS Cecilia	ESP	D'ANGELO Natalia	ITA	PTF	2:1
paris-grand-prix-2023	Senior Women -67kg	R32	204	PERISIC Aleksandra	SRB	JUHASZOVA Iveta	CZE	PTF	2:0
paris-grand-prix-2023	Senior Women -67kg	R32	205	SONG Jie	CHN	KRAAYEVELD Ashley	CAN	WDR	
paris-grand-prix-2023	Senior Women -67kg	R32	206	SHEHATA Aya	EGY	SADIKOVA Feruza	UZB	PTF	2:1
paris-grand-prix-2023	Senior Women -67kg	R32	207	GBAGBI Ruth	CIV	HADDAD Khalida	FRA	PTF	2:1
paris-grand-prix-2023	Senior Women -67kg	R32	208	MACEDO Sandy	BRA	AL-SADEQ Julyana	JOR	PTF	2:1
paris-grand-prix-2023	Senior Women -67kg	R32	209	KHUZINA Liliia	AIN	TARVIDA Jolanta	LAT	PTF	2:1
paris-grand-prix-2023	Senior Women -67kg	R32	210	ZHANG Mengyu	CHN	NAM Min-seo	KOR	PTF	2:0
paris-grand-prix-2023	Senior Women -67kg	R32	211	ANYANACHO Elizabeth oluchi	NGR	TITONELI Milena	BRA	PTF	2:1
paris-grand-prix-2023	Senior Women -67kg	R32	212	KAYIR Ikra	TUR	SOLTERO Leslie	MEX	PTF	2:0
paris-grand-prix-2023	Senior Women -67kg	R32	213	STOLBOVA Petra	CZE	SCHNEIDER Yanna	GER	PTF	2:0
paris-grand-prix-2023	Senior Women -67kg	R32	214	HONG Hyo rim	KOR	MAGDALENO ALBIZU Jone	ESP	PTF	2:0
paris-grand-prix-2023	Senior Women -67kg	R32	215	CHAARI Sarah	BEL	ZHELEZNOVA Viktoriia	AIN	PTF	2:1
paris-grand-prix-2023	Senior Women -67kg	R16	216	WIET HENIN Magda	FRA	SARVANAKI Theopoula	GRE	PTF	2:0
paris-grand-prix-2023	Senior Women -67kg	R16	217	CASTRO BURGOS Cecilia	ESP	WILLIAMS Lauren	GBR	PTF	2:1
paris-grand-prix-2023	Senior Women -67kg	R16	218	SONG Jie	CHN	PERISIC Aleksandra	SRB	PTF	2:0
paris-grand-prix-2023	Senior Women -67kg	R16	219	GBAGBI Ruth	CIV	SHEHATA Aya	EGY	PTF	2:0
paris-grand-prix-2023	Senior Women -67kg	R16	220	KHUZINA Liliia	AIN	MACEDO Sandy	BRA	PTF	2:1
paris-grand-prix-2023	Senior Women -67kg	R16	221	ZHANG Mengyu	CHN	ANYANACHO Elizabeth oluchi	NGR	PTF	2:1
paris-grand-prix-2023	Senior Women -67kg	R16	222	STOLBOVA Petra	CZE	KAYIR Ikra	TUR	PTF	2:1
paris-grand-prix-2023	Senior Women -67kg	R16	223	HONG Hyo rim	KOR	CHAARI Sarah	BEL	PTF	2:1
paris-grand-prix-2023	Senior Women -67kg	QF	224	WIET HENIN Magda	FRA	CASTRO BURGOS Cecilia	ESP	PTF	2:1
paris-grand-prix-2023	Senior Women -67kg	QF	225	SONG Jie	CHN	GBAGBI Ruth	CIV	PTF	2:0
paris-grand-prix-2023	Senior Women -67kg	QF	226	ZHANG Mengyu	CHN	KHUZINA Liliia	AIN	PTF	2:1
paris-grand-prix-2023	Senior Women -67kg	QF	227	HONG Hyo rim	KOR	STOLBOVA Petra	CZE	PTF	2:1
paris-grand-prix-2023	Senior Women -67kg	SF	230	SONG Jie	CHN	WIET HENIN Magda	FRA	PTF	2:0
paris-grand-prix-2023	Senior Women -67kg	SF	231	ZHANG Mengyu	CHN	HONG Hyo rim	KOR	PTF	2:0
paris-grand-prix-2023	Senior Women -67kg	F	235	ZHANG Mengyu	CHN	SONG Jie	CHN	WDR	1:0
paris-grand-prix-2023	Senior Women +67kg	R32	101	XU Lei	CHN	ZHOU Zeqi	CHN	WDR	1:0
paris-grand-prix-2023	Senior Women +67kg	R32	102	BOZANIC Nadica	SRB	HADZIC Alema	GER	PTF	2:0
paris-grand-prix-2023	Senior Women +67kg	R32	103	BRANDL Lorena	GER	MOUEGA Urgence	GAB	PTF	2:0
paris-grand-prix-2023	Senior Women +67kg	R32	104	OSIPOVA Svetlana	UZB	STEPANOVA Elizaveta	AIN	PTF	2:0
paris-grand-prix-2023	Senior Women +67kg	R32	105	WEEKES Crystal	PUR	SIQUEIRA Gabriele	BRA	PTF	2:1
paris-grand-prix-2023	Senior Women +67kg	R32	106	GORMAN-SHORE Madelynn	USA	MORAN ROMERO Belen	ESP	PTF	2:0
paris-grand-prix-2023	Senior Women +67kg	R32	107	UZUNCAVDAR Sude yaren	TUR	DANGNIDE Abenan Je	CIV	PTF	2:0
paris-grand-prix-2023	Senior Women +67kg	R32	108	KHAN Polina	AIN	AVOULETTE Solene	FRA	PTF	2:1
paris-grand-prix-2023	Senior Women +67kg	R32	109	CASTINEIRA ETCHEVERRIA Tania	ESP	FAROUK Maisoun	EGY	PTF	2:1
paris-grand-prix-2023	Senior Women +67kg	R32	301	MCGOWAN Rebecca	GBR	BLE Marie-Paule	FRA	PTF	2:0
paris-grand-prix-2023	Senior Women +67kg	R32	302	LEE Dabin	KOR	ADEBAIO Kristina	AIN	PTF	2:0
paris-grand-prix-2023	Senior Women +67kg	R32	303	JAHL Marlene	AUT	STEWART Reba	AUS	PTF	2:0
paris-grand-prix-2023	Senior Women +67kg	R32	304	ABO-ALRUB Rama	JOR	SMIRAGLIA Maristella	ITA	PTF	2:0
paris-grand-prix-2023	Senior Women +67kg	R16	110	LAURIN Althea	FRA	XU Lei	CHN	PTF	2:1
paris-grand-prix-2023	Senior Women +67kg	R16	111	BRANDL Lorena	GER	BOZANIC Nadica	SRB	PTF	2:1
paris-grand-prix-2023	Senior Women +67kg	R16	112	OSIPOVA Svetlana	UZB	WEEKES Crystal	PUR	PTF	2:0
paris-grand-prix-2023	Senior Women +67kg	R16	113	UZUNCAVDAR Sude yaren	TUR	GORMAN-SHORE Madelynn	USA	PTF	2:0
paris-grand-prix-2023	Senior Women +67kg	R16	114	JELIC Matea	CRO	CASTINEIRA ETCHEVERRIA Tania	ESP	PTF	2:0
paris-grand-prix-2023	Senior Women +67kg	R16	311	LEE Dabin	KOR	JAHL Marlene	AUT	PTF	2:1
paris-grand-prix-2023	Senior Women +67kg	R16	312	KUS AYDIN Nafia	TUR	ABO-ALRUB Rama	JOR	PTF	2:0
paris-grand-prix-2023	Senior Women +67kg	R16	314	MCGOWAN Rebecca	GBR	KHAN Polina	AIN	PTF	2:0
paris-grand-prix-2023	Senior Women +67kg	QF	115	LAURIN Althea	FRA	BRANDL Lorena	GER	PTF	2:0
paris-grand-prix-2023	Senior Women +67kg	QF	116	UZUNCAVDAR Sude yaren	TUR	OSIPOVA Svetlana	UZB	PTF	2:0
paris-grand-prix-2023	Senior Women +67kg	QF	117	MCGOWAN Rebecca	GBR	JELIC Matea	CRO	PTF	2:0
paris-grand-prix-2023	Senior Women +67kg	QF	315	LEE Dabin	KOR	KUS AYDIN Nafia	TUR	PTF	2:0
paris-grand-prix-2023	Senior Women +67kg	SF	220	LAURIN Althea	FRA	UZUNCAVDAR Sude yaren	TUR	PTF	2:0
paris-grand-prix-2023	Senior Women +67kg	SF	221	MCGOWAN Rebecca	GBR	LEE Dabin	KOR	WDR	1:0
paris-grand-prix-2023	Senior Women +67kg	F	224	LAURIN Althea	FRA	MCGOWAN Rebecca	GBR	PTF	2:1
taiyuan-grand-prix-2023	Senior Men -58kg	R32	101	ZANDI Abolfazl	IRI	TESKERA Josip	CRO	PTF	2:0
taiyuan-grand-prix-2023	Senior Men -58kg	R32	102	CHENG Kai	CHN	GURTSIEV Georgii	AIN	PTF	2:1
taiyuan-grand-prix-2023	Senior Men -58kg	R32	201	ARILLO VAZQUEZ Hugo	ESP	ALSAMIH Fahad samih n	KSA	PTF	2:0
taiyuan-grand-prix-2023	Senior Men -58kg	R32	202	SALIM Omar gergely	HUN	HAMDI Riad nasser a	KSA	PTF	2:0
taiyuan-grand-prix-2023	Senior Men -58kg	R32	203	NOUR Mohammed	GBR	RODRIGUEZ Cesar	MEX	PTF	2:0
taiyuan-grand-prix-2023	Senior Men -58kg	R32	204	HAJIMOUSAEI Mahdi	IRI	SALIM Sharif gergely	HUN	PTF	2:0
taiyuan-grand-prix-2023	Senior Men -58kg	R32	205	PARK Tae-joon	KOR	MAHAMAD Sirawit	THA	PTF	2:0
taiyuan-grand-prix-2023	Senior Men -58kg	R32	206	JANG Jun	KOR	KIM Si yun	KOR	PTF	6:1
taiyuan-grand-prix-2023	Senior Men -58kg	R32	207	HOEFLING Nicholas	CAN	ALVAREZ Melvy	USA	PTF	2:0
taiyuan-grand-prix-2023	Senior Men -58kg	R32	208	PLAZA HERNANDEZ Brandon	MEX	PASHCOVSKY Tom	ISR	PTF	2:0
taiyuan-grand-prix-2023	Senior Men -58kg	R32	209	RAVET Cyrian	FRA	ABDEL HALIM Khaled	GER	PTF	2:0
taiyuan-grand-prix-2023	Senior Men -58kg	R32	210	BARBOSA Kurt bryan	PHI	WOOLLEY Jack	IRL	PTF	2:0
taiyuan-grand-prix-2023	Senior Men -58kg	R32	211	CUNNINGHAM William	USA	POLAT Gorkem	TUR	DSQ	
taiyuan-grand-prix-2023	Senior Men -58kg	R32	212	RAPSOMANIKIS Dionysios	GRE	LEWIS Bailey	AUS	WDR	
taiyuan-grand-prix-2023	Senior Men -58kg	R16	213	JENDOUBI Mohamed khalil	TUN	ZANDI Abolfazl	IRI	PTF	2:1
taiyuan-grand-prix-2023	Senior Men -58kg	R16	214	CHENG Kai	CHN	ARILLO VAZQUEZ Hugo	ESP	PTF	2:0
taiyuan-grand-prix-2023	Senior Men -58kg	R16	215	SALIM Omar gergely	HUN	NOUR Mohammed	GBR	PTF	2:0
taiyuan-grand-prix-2023	Senior Men -58kg	R16	216	PARK Tae-joon	KOR	HAJIMOUSAEI Mahdi	IRI	PTF	2:1
taiyuan-grand-prix-2023	Senior Men -58kg	R16	217	JANG Jun	KOR	HOEFLING Nicholas	CAN	PTF	2:0
taiyuan-grand-prix-2023	Senior Men -58kg	R16	218	RAVET Cyrian	FRA	PLAZA HERNANDEZ Brandon	MEX	PTF	2:0
taiyuan-grand-prix-2023	Senior Men -58kg	R16	219	CUNNINGHAM William	USA	BARBOSA Kurt bryan	PHI	PTF	2:0
taiyuan-grand-prix-2023	Senior Men -58kg	R16	220	VICENTE YUNTA Adrian	ESP	RAPSOMANIKIS Dionysios	GRE	PTF	2:0
taiyuan-grand-prix-2023	Senior Men -58kg	QF	221	JENDOUBI Mohamed khalil	TUN	CHENG Kai	CHN	PTF	2:1
taiyuan-grand-prix-2023	Senior Men -58kg	QF	222	PARK Tae-joon	KOR	SALIM Omar gergely	HUN	PTF	2:0
taiyuan-grand-prix-2023	Senior Men -58kg	QF	223	JANG Jun	KOR	RAVET Cyrian	FRA	PTF	2:1
taiyuan-grand-prix-2023	Senior Men -58kg	QF	224	VICENTE YUNTA Adrian	ESP	CUNNINGHAM William	USA	PTF	14:6
taiyuan-grand-prix-2023	Senior Men -58kg	SF	227	JENDOUBI Mohamed khalil	TUN	PARK Tae-joon	KOR	PTF	2:1
taiyuan-grand-prix-2023	Senior Men -58kg	SF	228	JANG Jun	KOR	VICENTE YUNTA Adrian	ESP	PTF	2:0
taiyuan-grand-prix-2023	Senior Men -58kg	F	232	JENDOUBI Mohamed khalil	TUN	JANG Jun	KOR	PTF	2:1
taiyuan-grand-prix-2023	Senior Men -68kg	R32	101	XIAO Chenming	CHN	LUCIEN Theo	FRA	PTF	2:1
taiyuan-grand-prix-2023	Senior Men -68kg	R32	102	PONTES Edival	BRA	HARRIS Khalfani	USA	PTF	2:0
taiyuan-grand-prix-2023	Senior Men -68kg	R32	103	PEREZ POLO Javier	ESP	DZHORDZHEV Mitko	BUL	PTF	2:1
taiyuan-grand-prix-2023	Senior Men -68kg	R32	104	ALHALAWANI Zaid	JOR	KAVURAT Ferhat can	TUR	PTF	2:1
taiyuan-grand-prix-2023	Senior Men -68kg	R32	105	JOZSA Levente mark	HUN	BARETTA Dennis	ITA	PTF	2:1
taiyuan-grand-prix-2023	Senior Men -68kg	R32	106	KAREEM Zaid	JOR	LEE Sang Ryeol	KOR	PTF	2:1
taiyuan-grand-prix-2023	Senior Men -68kg	R32	107	RASHITOV Ulugbek	UZB	ENKHBOLD Buyanshagai	MGL	PTF	2:0
taiyuan-grand-prix-2023	Senior Men -68kg	R32	108	REZAEI Matin	IRI	KWON Doyun	KOR	PTF	2:0
taiyuan-grand-prix-2023	Senior Men -68kg	R32	109	LIANG Yushuai	CHN	OZKAYA Imran	GER	PTF	2:0
taiyuan-grand-prix-2023	Senior Men -68kg	R32	110	GOLUBIC Marko	CRO	RAMOS Gabriel	BRA	PTF	2:0
taiyuan-grand-prix-2023	Senior Men -68kg	R32	111	PULATOV Niyaz	UZB	JORQUERA CALA Joan	ESP	PTF	2:0
taiyuan-grand-prix-2023	Senior Men -68kg	R32	112	JIN Ho-jun	KOR	NAVARRO Carlos	MEX	PTF	2:0
taiyuan-grand-prix-2023	Senior Men -68kg	R32	113	PIE Bernardo	DOM	WASFI Abdelbasset	MAR	PTF	6:2
taiyuan-grand-prix-2023	Senior Men -68kg	R32	201	ALAPHILIPPE Souleyman	FRA	CHAMALIDIS Konstantinos	GRE	PTF	2:0
taiyuan-grand-prix-2023	Senior Men -68kg	R16	114	ALAPHILIPPE Souleyman	FRA	SINDEN Bradly	GBR	PTF	2:1
taiyuan-grand-prix-2023	Senior Men -68kg	R16	115	PONTES Edival	BRA	XIAO Chenming	CHN	PTF	2:0
taiyuan-grand-prix-2023	Senior Men -68kg	R16	116	PEREZ POLO Javier	ESP	ALHALAWANI Zaid	JOR	PTF	2:0
taiyuan-grand-prix-2023	Senior Men -68kg	R16	117	JOZSA Levente mark	HUN	KAREEM Zaid	JOR	PTF	2:0
taiyuan-grand-prix-2023	Senior Men -68kg	R16	118	RASHITOV Ulugbek	UZB	REZAEI Matin	IRI	PTF	2:0
taiyuan-grand-prix-2023	Senior Men -68kg	R16	119	GOLUBIC Marko	CRO	LIANG Yushuai	CHN	PTF	2:1
taiyuan-grand-prix-2023	Senior Men -68kg	R16	120	JIN Ho-jun	KOR	PULATOV Niyaz	UZB	PTF	2:0
taiyuan-grand-prix-2023	Senior Men -68kg	R16	121	RECBER Hakan	TUR	PIE Bernardo	DOM	PTF	2:0
taiyuan-grand-prix-2023	Senior Men -68kg	QF	122	ALAPHILIPPE Souleyman	FRA	PONTES Edival	BRA	PTF	2:1
taiyuan-grand-prix-2023	Senior Men -68kg	QF	123	PEREZ POLO Javier	ESP	JOZSA Levente mark	HUN	PTF	2:1
taiyuan-grand-prix-2023	Senior Men -68kg	QF	124	RASHITOV Ulugbek	UZB	GOLUBIC Marko	CRO	PTF	2:0
taiyuan-grand-prix-2023	Senior Men -68kg	QF	125	JIN Ho-jun	KOR	RECBER Hakan	TUR	PTF	2:0
taiyuan-grand-prix-2023	Senior Men -68kg	SF	227	ALAPHILIPPE Souleyman	FRA	PEREZ POLO Javier	ESP	PTF	2:0
taiyuan-grand-prix-2023	Senior Men -68kg	SF	228	JIN Ho-jun	KOR	RASHITOV Ulugbek	UZB	PTF	2:0
taiyuan-grand-prix-2023	Senior Men -68kg	F	233	JIN Ho-jun	KOR	ALAPHILIPPE Souleyman	FRA	PTF	7:6
taiyuan-grand-prix-2023	Senior Men -80kg	R32	301	CINTADO ARTECHE Jon	ESP	SALAZAR Bryan	MEX	PTF	2:0
taiyuan-grand-prix-2023	Senior Men -80kg	R32	302	MANSOURI Farzad	TRT	XIANG Qizhang	CHN	PTF	2:1
taiyuan-grand-prix-2023	Senior Men -80kg	R32	303	KATOUSSI Firas	TUN	SWEENEY Liam	AUS	PTF	2:0
taiyuan-grand-prix-2023	Senior Men -80kg	R32	304	TAKOV Stefan	SRB	ALKHAIBARI Ali mabruk s	KSA	PTF	2:0
taiyuan-grand-prix-2023	Senior Men -80kg	R32	305	RODRIGUEZ Michael c	USA	TELIKOSTOGLOU Apostolos	GRE	PTF	2:0
taiyuan-grand-prix-2023	Senior Men -80kg	R32	306	YILDIZ Muhammed emin	TUR	SEJRANOVIC Leon	AUS	PTF	2:0
taiyuan-grand-prix-2023	Senior Men -80kg	R32	307	NICKOLAS CJ	USA	HUANG Yu-jen	TPE	PTF	2:0
taiyuan-grand-prix-2023	Senior Men -80kg	R32	308	BARKHORDARI Mehran	IRI	RADOJKOVIC Aleksandar	AUT	PTF	2:0
taiyuan-grand-prix-2023	Senior Men -80kg	R32	309	SEO Geon-woo	KOR	BOUZID SOUIHILI Ismael	FRA	PTF	2:0
taiyuan-grand-prix-2023	Senior Men -80kg	R32	310	CELIN Lyve-stone	FRA	QUESADA BARRERA Daniel	ESP	PTF	2:0
taiyuan-grand-prix-2023	Senior Men -80kg	R32	311	ORDEMANN Richard andre	NOR	KHRAMTCOV Maksim	AIN	PTF	2:1
taiyuan-grand-prix-2023	Senior Men -80kg	R32	312	HOSSEINI Mirhashem	IRI	PARK Woo hyeok	KOR	PTF	2:0
taiyuan-grand-prix-2023	Senior Men -80kg	R32	313	JAYSUNOV Jasurbek	UZB	SALAEV Shukhrat	UZB	PTF	2:0
taiyuan-grand-prix-2023	Senior Men -80kg	R16	314	ALESSIO Simone	ITA	CINTADO ARTECHE Jon	ESP	PTF	2:0
taiyuan-grand-prix-2023	Senior Men -80kg	R16	315	KATOUSSI Firas	TUN	MANSOURI Farzad	TRT	PTF	2:0
taiyuan-grand-prix-2023	Senior Men -80kg	R16	316	RODRIGUEZ Michael c	USA	TAKOV Stefan	SRB	PTF	2:1
taiyuan-grand-prix-2023	Senior Men -80kg	R16	317	NICKOLAS CJ	USA	YILDIZ Muhammed emin	TUR	PTF	2:0
taiyuan-grand-prix-2023	Senior Men -80kg	R16	318	ELSHARABATY Saleh	JOR	BARKHORDARI Mehran	IRI	PTF	2:0
taiyuan-grand-prix-2023	Senior Men -80kg	R16	319	SEO Geon-woo	KOR	CELIN Lyve-stone	FRA	PTF	2:0
taiyuan-grand-prix-2023	Senior Men -80kg	R16	320	HOSSEINI Mirhashem	IRI	ORDEMANN Richard andre	NOR	PTF	2:0
taiyuan-grand-prix-2023	Senior Men -80kg	R16	321	JAYSUNOV Jasurbek	UZB	EISSA Seif	EGY	PTF	2:0
taiyuan-grand-prix-2023	Senior Men -80kg	QF	322	KATOUSSI Firas	TUN	ALESSIO Simone	ITA	PTF	2:0
taiyuan-grand-prix-2023	Senior Men -80kg	QF	323	NICKOLAS CJ	USA	RODRIGUEZ Michael c	USA	PTF	2:1
taiyuan-grand-prix-2023	Senior Men -80kg	QF	324	SEO Geon-woo	KOR	ELSHARABATY Saleh	JOR	PTF	2:0
taiyuan-grand-prix-2023	Senior Men -80kg	QF	325	JAYSUNOV Jasurbek	UZB	HOSSEINI Mirhashem	IRI	PTF	2:0
taiyuan-grand-prix-2023	Senior Men -80kg	SF	231	KATOUSSI Firas	TUN	NICKOLAS CJ	USA	PTF	2:1
taiyuan-grand-prix-2023	Senior Men -80kg	SF	232	SEO Geon-woo	KOR	JAYSUNOV Jasurbek	UZB	PTF	2:0
taiyuan-grand-prix-2023	Senior Men -80kg	F	235	KATOUSSI Firas	TUN	SEO Geon-woo	KOR	PTF	2:1
taiyuan-grand-prix-2023	Senior Men +80kg	R32	202	MARTINEZ GARCIA Raul	ESP	DIVKOVIC Patrik	SLO	PTF	2:0
taiyuan-grand-prix-2023	Senior Men +80kg	R32	204	SADEK Anas	JOR	WANG Yaoxi	CHN	PTF	2:0
taiyuan-grand-prix-2023	Senior Men +80kg	R32	206	LARIN Vladislav	AIN	GARCIA MARTINEZ Ivan	ESP	PTF	2:1
taiyuan-grand-prix-2023	Senior Men +80kg	R32	208	CUNNINGHAM Caden	GBR	LEE Meng-en	TPE	PTF	2:0
taiyuan-grand-prix-2023	Senior Men +80kg	R32	209	HEALY Jonathan	USA	TRAJKOVIC Ivan konrad	SLO	PTF	2:1
taiyuan-grand-prix-2023	Senior Men +80kg	R32	210	KANG Sanghyun	KOR	SBEIHI Fahed	JOR	PTF	2:1
taiyuan-grand-prix-2023	Senior Men +80kg	R32	301	SIQUEIRA Maicon	BRA	PLONIS Artsiom	AIN	PTF	2:0
taiyuan-grand-prix-2023	Senior Men +80kg	R32	302	PARK Chan-hui	KOR	ATESLI Emre kutalmis	TUR	PTF	2:0
taiyuan-grand-prix-2023	Senior Men +80kg	R32	303	ABBASI POUYA Abolfazl	IRI	RAWY Ahmad	EGY	PTF	2:1
taiyuan-grand-prix-2023	Senior Men +80kg	R32	304	SONG Zhaoxiang	CHN	ZHAPAROV Ruslan	KAZ	PTF	2:1
taiyuan-grand-prix-2023	Senior Men +80kg	R32	305	RAFALOVICH Nikita	UZB	IFAOUI Motaz	TUN	PTF	2:0
taiyuan-grand-prix-2023	Senior Men +80kg	R32	306	RAHY Ray	LBN	MARTINS SOARES Icaro miguel	BRA	PTF	2:1
taiyuan-grand-prix-2023	Senior Men +80kg	R32	307	BOZIC Pasko	CRO	MARDANI Sajjad	IRI	PTF	2:1
taiyuan-grand-prix-2023	Senior Men +80kg	R32	308	MENG Mingkuan	CHN	BASSEL Ayoub	MAR	PTF	2:0
taiyuan-grand-prix-2023	Senior Men +80kg	R32	309	SAPINA Ivan	CRO	EMAMI Mohammad	RTA	PTF	2:0
taiyuan-grand-prix-2023	Senior Men +80kg	R16	214	MARTINEZ GARCIA Raul	ESP	SANSORES Carlos	MEX	PTF	2:1
taiyuan-grand-prix-2023	Senior Men +80kg	R16	215	LARIN Vladislav	AIN	SADEK Anas	JOR	PTF	2:1
taiyuan-grand-prix-2023	Senior Men +80kg	R16	216	CUNNINGHAM Caden	GBR	HEALY Jonathan	USA	PTF	2:0
taiyuan-grand-prix-2023	Senior Men +80kg	R16	310	PARK Chan-hui	KOR	ABBASI POUYA Abolfazl	IRI	PTF	2:1
taiyuan-grand-prix-2023	Senior Men +80kg	R16	311	RAFALOVICH Nikita	UZB	SONG Zhaoxiang	CHN	PTF	2:0
taiyuan-grand-prix-2023	Senior Men +80kg	R16	312	RAHY Ray	LBN	BOZIC Pasko	CRO	PTF	2:1
taiyuan-grand-prix-2023	Senior Men +80kg	R16	313	SAPINA Ivan	CRO	MENG Mingkuan	CHN	PTF	2:1
taiyuan-grand-prix-2023	Senior Men +80kg	R16	314	KANG Sanghyun	KOR	SIQUEIRA Maicon	BRA	PTF	2:1
taiyuan-grand-prix-2023	Senior Men +80kg	QF	218	LARIN Vladislav	AIN	MARTINEZ GARCIA Raul	ESP	PTF	2:0
taiyuan-grand-prix-2023	Senior Men +80kg	QF	219	KANG Sanghyun	KOR	CUNNINGHAM Caden	GBR	PTF	2:1
taiyuan-grand-prix-2023	Senior Men +80kg	QF	315	RAFALOVICH Nikita	UZB	PARK Chan-hui	KOR	PTF	2:1
taiyuan-grand-prix-2023	Senior Men +80kg	QF	316	SAPINA Ivan	CRO	RAHY Ray	LBN	PTF	2:0
taiyuan-grand-prix-2023	Senior Men +80kg	SF	222	LARIN Vladislav	AIN	KANG Sanghyun	KOR	PTF	2:0
taiyuan-grand-prix-2023	Senior Men +80kg	SF	223	RAFALOVICH Nikita	UZB	SAPINA Ivan	CRO	PTF	2:1
taiyuan-grand-prix-2023	Senior Men +80kg	F	225	LARIN Vladislav	AIN	RAFALOVICH Nikita	UZB	PTF	2:1
taiyuan-grand-prix-2023	Senior Women -49kg	R32	103	BAKISHEVA Rita	KAZ	POURYOUNES LANGEROUDI Dina	TRT	PTF	2:0
taiyuan-grand-prix-2023	Senior Women -49kg	R32	104	LAHOOD Juliet	AUS	SEMBERG Abishag	ISR	PTF	2:0
taiyuan-grand-prix-2023	Senior Women -49kg	R32	105	AYDIN KONSTANTINIDIS Ela	GER	HUANG Ying hsuan	TPE	PTF	2:0
taiyuan-grand-prix-2023	Senior Women -49kg	R32	106	KANG Mi-reu	KOR	OKAMOTO Ruka	JPN	PTF	2:0
taiyuan-grand-prix-2023	Senior Women -49kg	R32	107	KANG Bora	KOR	TAU Michelle	LES	PTF	2:1
taiyuan-grand-prix-2023	Senior Women -49kg	R32	108	SEEKEN Kamonchanok	THA	BAYECH Rivka	ISR	PTF	2:0
taiyuan-grand-prix-2023	Senior Women -49kg	R32	109	CELIK Sueheda	GER	SAHIB SOUKAINA	MAR	PTF	2:0
taiyuan-grand-prix-2023	Senior Women -49kg	R32	110	MANNOPOVA Madinabonu	UZB	YILDIRIM Rukiye	TUR	PTF	2:0
taiyuan-grand-prix-2023	Senior Women -49kg	R32	111	EL BOUCHTI Oumaima	MAR	BEZERRA Camila	BRA	PTF	2:0
taiyuan-grand-prix-2023	Senior Women -49kg	R32	112	ABUTALEB Dunya ali m	KSA	TAMBYRAJAH Saffron	AUS	PTF	2:0
taiyuan-grand-prix-2023	Senior Women -49kg	R16	113	WONGPATTANAKIT Panipak	THA	BAKISHEVA Rita	KAZ	PTF	2:0
taiyuan-grand-prix-2023	Senior Women -49kg	R16	114	AYDIN KONSTANTINIDIS Ela	GER	LAHOOD Juliet	AUS	PTF	2:0
taiyuan-grand-prix-2023	Senior Women -49kg	R16	115	KANG Mi-reu	KOR	DUVANCIC Bruna	CRO	PTF	2:0
taiyuan-grand-prix-2023	Senior Women -49kg	R16	116	KANG Bora	KOR	SOUZA Daniela Paola	MEX	PTF	2:0
taiyuan-grand-prix-2023	Senior Women -49kg	R16	117	CEREZO IGLESIAS Adriana	ESP	SEEKEN Kamonchanok	THA	PTF	2:1
taiyuan-grand-prix-2023	Senior Women -49kg	R16	118	GUO Qing	CHN	CELIK Sueheda	GER	PTF	2:0
taiyuan-grand-prix-2023	Senior Women -49kg	R16	119	MANNOPOVA Madinabonu	UZB	EL BOUCHTI Oumaima	MAR	PTF	2:0
taiyuan-grand-prix-2023	Senior Women -49kg	R16	120	ABUTALEB Dunya ali m	KSA	STOJKOVIC Lena	CRO	PTF	2:0
taiyuan-grand-prix-2023	Senior Women -49kg	QF	121	WONGPATTANAKIT Panipak	THA	AYDIN KONSTANTINIDIS Ela	GER	PTF	2:0
taiyuan-grand-prix-2023	Senior Women -49kg	QF	122	KANG Mi-reu	KOR	KANG Bora	KOR	WDR	
taiyuan-grand-prix-2023	Senior Women -49kg	QF	123	GUO Qing	CHN	CEREZO IGLESIAS Adriana	ESP	PTF	2:0
taiyuan-grand-prix-2023	Senior Women -49kg	QF	124	MANNOPOVA Madinabonu	UZB	ABUTALEB Dunya ali m	KSA	PTF	2:1
taiyuan-grand-prix-2023	Senior Women -49kg	SF	225	WONGPATTANAKIT Panipak	THA	KANG Mi-reu	KOR	PTF	8:4
taiyuan-grand-prix-2023	Senior Women -49kg	SF	226	GUO Qing	CHN	MANNOPOVA Madinabonu	UZB	PTF	6:2
taiyuan-grand-prix-2023	Senior Women -49kg	F	231	WONGPATTANAKIT Panipak	THA	GUO Qing	CHN	PTF	2:0
taiyuan-grand-prix-2023	Senior Women -57kg	R32	301	MININA Tatiana	AIN	ORTIZ BENITO Arlet	ESP	PTF	2:0
taiyuan-grand-prix-2023	Senior Women -57kg	R32	302	GU Wenjing	CHN	SU Po-ya	TPE	PTF	2:0
taiyuan-grand-prix-2023	Senior Women -57kg	R32	303	TOUMI Chaima	TUN	ADAMKIEWICZ Patrycja	POL	PTF	2:0
taiyuan-grand-prix-2023	Senior Women -57kg	R32	304	LO Chia-ling	TPE	SPEHAR Lea	CRO	PTF	2:0
taiyuan-grand-prix-2023	Senior Women -57kg	R32	305	POWELL Aaliyah	GBR	LEE Hanna	KOR	PTF	2:1
taiyuan-grand-prix-2023	Senior Women -57kg	R32	306	DILLON Faith	USA	AL HALWANI Giada	ITA	PTF	2:0
taiyuan-grand-prix-2023	Senior Women -57kg	R32	307	HYMER Stacey	AUS	KALTEKI Faidra	GRE	PTF	2:1
taiyuan-grand-prix-2023	Senior Women -57kg	R32	308	MARTON Luana	HUN	HRONOVA Dominika	CZE	PTF	2:0
taiyuan-grand-prix-2023	Senior Women -57kg	R32	309	LIN Wei-chun	TPE	LAARAJ Nada	MAR	PTF	2:0
taiyuan-grand-prix-2023	Senior Women -57kg	R32	310	PEREZ PARRADO Alma maria	ESP	KAYUMOVA Charos	UZB	PTF	2:0
taiyuan-grand-prix-2023	Senior Women -57kg	R32	311	KARABATIC Nika	CRO	VILLEGAS Fabiola G	MEX	PTF	2:0
taiyuan-grand-prix-2023	Senior Women -57kg	R32	312	LEE AHREUM	KOR	SCHOENMAKERS Bodine	NED	PTF	2:0
taiyuan-grand-prix-2023	Senior Women -57kg	R16	313	MININA Tatiana	AIN	ILGUN Hatice kubra	TUR	PTF	2:0
taiyuan-grand-prix-2023	Senior Women -57kg	R16	314	TOUMI Chaima	TUN	GU Wenjing	CHN	PTF	2:0
taiyuan-grand-prix-2023	Senior Women -57kg	R16	315	LO Chia-ling	TPE	POWELL Aaliyah	GBR	PTF	2:1
taiyuan-grand-prix-2023	Senior Women -57kg	R16	316	KIYANICHANDEH Nahid	IRI	DILLON Faith	USA	PTF	2:1
taiyuan-grand-prix-2023	Senior Women -57kg	R16	317	PARK Skylar	CAN	HYMER Stacey	AUS	PTF	2:0
taiyuan-grand-prix-2023	Senior Women -57kg	R16	318	MARTON Luana	HUN	LIN Wei-chun	TPE	PTF	2:0
taiyuan-grand-prix-2023	Senior Women -57kg	R16	319	KARABATIC Nika	CRO	PEREZ PARRADO Alma maria	ESP	PTF	2:0
taiyuan-grand-prix-2023	Senior Women -57kg	R16	320	LEE AHREUM	KOR	JONES Jade	GBR	PTF	2:1
taiyuan-grand-prix-2023	Senior Women -57kg	QF	321	MININA Tatiana	AIN	TOUMI Chaima	TUN	PTF	2:0
taiyuan-grand-prix-2023	Senior Women -57kg	QF	322	KIYANICHANDEH Nahid	IRI	LO Chia-ling	TPE	PTF	2:1
taiyuan-grand-prix-2023	Senior Women -57kg	QF	323	PARK Skylar	CAN	MARTON Luana	HUN	PTF	2:0
taiyuan-grand-prix-2023	Senior Women -57kg	QF	324	LEE AHREUM	KOR	KARABATIC Nika	CRO	PTF	2:1
taiyuan-grand-prix-2023	Senior Women -57kg	SF	229	KIYANICHANDEH Nahid	IRI	MININA Tatiana	AIN	PTF	2:1
taiyuan-grand-prix-2023	Senior Women -57kg	SF	230	PARK Skylar	CAN	LEE AHREUM	KOR	PTF	2:1
taiyuan-grand-prix-2023	Senior Women -57kg	F	233	PARK Skylar	CAN	KIYANICHANDEH Nahid	IRI	PTF	2:1
taiyuan-grand-prix-2023	Senior Women -67kg	R32	202	HONG Hyo rim	KOR	SONG Jie	CHN	PTF	2:0
taiyuan-grand-prix-2023	Senior Women -67kg	R32	203	ANYANACHO Elizabeth oluchi	NGR	XING Jiani	CHN	PTF	2:0
taiyuan-grand-prix-2023	Senior Women -67kg	R32	204	POLE Doris	CRO	SOLTERO Leslie	MEX	PTF	2:0
taiyuan-grand-prix-2023	Senior Women -67kg	R32	205	TEACHOUT Kristina	USA	SANTOS Caroline	BRA	PTF	2:0
taiyuan-grand-prix-2023	Senior Women -67kg	R32	206	SADIKOVA Feruza	UZB	KLEPAC Nika	CRO	PTF	2:0
taiyuan-grand-prix-2023	Senior Women -67kg	R32	207	NAM Min-seo	KOR	MAGDALENO ALBIZU Jone	ESP	WDR	
taiyuan-grand-prix-2023	Senior Women -67kg	R32	208	PERISIC Aleksandra	SRB	CHANG Jui-en	TPE	PTF	3:0
taiyuan-grand-prix-2023	Senior Women -67kg	R32	209	KHUZINA Liliia	AIN	SHEHATA Aya	EGY	PTF	2:0
taiyuan-grand-prix-2023	Senior Women -67kg	R32	210	ZHANG Mengyu	CHN	KAYIR Ikra	TUR	PTF	2:0
taiyuan-grand-prix-2023	Senior Women -67kg	R32	211	TITONELI Milena	BRA	HADDAD Khalida	FRA	PTF	2:1
taiyuan-grand-prix-2023	Senior Women -67kg	R32	212	CASTRO BURGOS Cecilia	ESP	MURRAY Rebecca	AUS	PTF	2:0
taiyuan-grand-prix-2023	Senior Women -67kg	R32	213	D'ANGELO Natalia	ITA	STOLBOVA Petra	CZE	PTF	2:1
taiyuan-grand-prix-2023	Senior Women -67kg	R32	214	TARVIDA Jolanta	LAT	SARVANAKI Theopoula	GRE	PTF	4:1
taiyuan-grand-prix-2023	Senior Women -67kg	R16	215	HONG Hyo rim	KOR	WIET HENIN Magda	FRA	PTF	2:0
taiyuan-grand-prix-2023	Senior Women -67kg	R16	216	ANYANACHO Elizabeth oluchi	NGR	POLE Doris	CRO	PTF	2:1
taiyuan-grand-prix-2023	Senior Women -67kg	R16	217	SADIKOVA Feruza	UZB	TEACHOUT Kristina	USA	PTF	2:0
taiyuan-grand-prix-2023	Senior Women -67kg	R16	218	PERISIC Aleksandra	SRB	NAM Min-seo	KOR	PTF	2:1
taiyuan-grand-prix-2023	Senior Women -67kg	R16	219	AL-SADEQ Julyana	JOR	KHUZINA Liliia	AIN	PTF	2:0
taiyuan-grand-prix-2023	Senior Women -67kg	R16	220	TITONELI Milena	BRA	ZHANG Mengyu	CHN	PTF	2:1
taiyuan-grand-prix-2023	Senior Women -67kg	R16	221	CASTRO BURGOS Cecilia	ESP	D'ANGELO Natalia	ITA	PTF	2:0
taiyuan-grand-prix-2023	Senior Women -67kg	R16	222	CHAARI Sarah	BEL	TARVIDA Jolanta	LAT	PTF	2:0
taiyuan-grand-prix-2023	Senior Women -67kg	QF	223	ANYANACHO Elizabeth oluchi	NGR	HONG Hyo rim	KOR	PTF	2:0
taiyuan-grand-prix-2023	Senior Women -67kg	QF	224	PERISIC Aleksandra	SRB	SADIKOVA Feruza	UZB	PTF	2:0
taiyuan-grand-prix-2023	Senior Women -67kg	QF	225	AL-SADEQ Julyana	JOR	TITONELI Milena	BRA	PTF	2:0
taiyuan-grand-prix-2023	Senior Women -67kg	QF	226	CHAARI Sarah	BEL	CASTRO BURGOS Cecilia	ESP	PTF	2:1
taiyuan-grand-prix-2023	Senior Women -67kg	SF	229	PERISIC Aleksandra	SRB	ANYANACHO Elizabeth oluchi	NGR	PTF	2:0
taiyuan-grand-prix-2023	Senior Women -67kg	SF	230	CHAARI Sarah	BEL	AL-SADEQ Julyana	JOR	PTF	2:0
taiyuan-grand-prix-2023	Senior Women -67kg	F	234	PERISIC Aleksandra	SRB	CHAARI Sarah	BEL	PTF	2:0
taiyuan-grand-prix-2023	Senior Women +67kg	R32	101	AVOULETTE Solene	FRA	FAROUK Maisoun	EGY	PTF	2:0
taiyuan-grand-prix-2023	Senior Women +67kg	R32	102	DENIZ Cansel	KAZ	MORAN ROMERO Belen	ESP	WDR	
taiyuan-grand-prix-2023	Senior Women +67kg	R32	103	UZUNCAVDAR Sude yaren	TUR	BOYADZHIEVA Kalina	BUL	PTF	2:0
taiyuan-grand-prix-2023	Senior Women +67kg	R32	104	XU Lei	CHN	ABOUFARAS Fatima-ezzahra	MAR	PTF	2:1
taiyuan-grand-prix-2023	Senior Women +67kg	R32	105	KHAN Polina	AIN	JAHL Marlene	AUT	PTF	2:1
taiyuan-grand-prix-2023	Senior Women +67kg	R32	106	MCGOWAN Rebecca	GBR	SELMAN Ward	LBN	PTF	2:0
taiyuan-grand-prix-2023	Senior Women +67kg	R32	107	LEE Dabin	KOR	OMAYMA Boumh	MAR	PTF	2:0
taiyuan-grand-prix-2023	Senior Women +67kg	R32	108	JELIC Matea	CRO	STEWART Reba	AUS	PTF	2:1
taiyuan-grand-prix-2023	Senior Women +67kg	R32	109	ZHOU Zeqi	CHN	ABO-ALRUB Rama	JOR	PTF	2:0
taiyuan-grand-prix-2023	Senior Women +67kg	R32	201	CASTINEIRA ETCHEVERRIA Tania	ESP	GORMAN-SHORE Madelynn	USA	PTF	2:1
taiyuan-grand-prix-2023	Senior Women +67kg	R32	203	MU Wenzhe	CHN	HADZIC Alema	GER	PTF	2:0
taiyuan-grand-prix-2023	Senior Women +67kg	R32	205	BRANDL Lorena	GER	ADEBAIO Kristina	AIN	PTF	2:1
taiyuan-grand-prix-2023	Senior Women +67kg	R32	207	OSIPOVA Svetlana	UZB	PEREIRA Raiany	BRA	PTF	2:0
taiyuan-grand-prix-2023	Senior Women +67kg	R16	110	UZUNCAVDAR Sude yaren	TUR	DENIZ Cansel	KAZ	PTF	2:0
taiyuan-grand-prix-2023	Senior Women +67kg	R16	111	XU Lei	CHN	COOK Bianca	GBR	PTF	2:0
taiyuan-grand-prix-2023	Senior Women +67kg	R16	112	KHAN Polina	AIN	MCGOWAN Rebecca	GBR	PTF	2:0
taiyuan-grand-prix-2023	Senior Women +67kg	R16	113	LEE Dabin	KOR	JELIC Matea	CRO	PTF	2:1
taiyuan-grand-prix-2023	Senior Women +67kg	R16	114	KUS AYDIN Nafia	TUR	ZHOU Zeqi	CHN	PTF	2:0
taiyuan-grand-prix-2023	Senior Women +67kg	R16	211	AVOULETTE Solene	FRA	OSIPOVA Svetlana	UZB	PTF	2:0
taiyuan-grand-prix-2023	Senior Women +67kg	R16	212	LAURIN Althea	FRA	CASTINEIRA ETCHEVERRIA Tania	ESP	PTF	6:0
taiyuan-grand-prix-2023	Senior Women +67kg	R16	213	BRANDL Lorena	GER	MU Wenzhe	CHN	PTF	2:1
taiyuan-grand-prix-2023	Senior Women +67kg	QF	115	XU Lei	CHN	KHAN Polina	AIN	PTF	2:0
taiyuan-grand-prix-2023	Senior Women +67kg	QF	116	UZUNCAVDAR Sude yaren	TUR	AVOULETTE Solene	FRA	PTF	2:1
taiyuan-grand-prix-2023	Senior Women +67kg	QF	117	LEE Dabin	KOR	KUS AYDIN Nafia	TUR	PTF	2:0
taiyuan-grand-prix-2023	Senior Women +67kg	QF	217	BRANDL Lorena	GER	LAURIN Althea	FRA	PTF	2:1
taiyuan-grand-prix-2023	Senior Women +67kg	SF	220	UZUNCAVDAR Sude yaren	TUR	BRANDL Lorena	GER	PTF	2:1
taiyuan-grand-prix-2023	Senior Women +67kg	SF	221	XU Lei	CHN	LEE Dabin	KOR	PTF	12:3
taiyuan-grand-prix-2023	Senior Women +67kg	F	224	XU Lei	CHN	UZUNCAVDAR Sude yaren	TUR	PTF	2:0
manchester-grand-prix-final-2023	Senior Men -58kg	R16	207	ARILLO VAZQUEZ Hugo	ESP	RAVET Cyrian	FRA	PTF	2:0
manchester-grand-prix-final-2023	Senior Men -58kg	R16	208	DELL'AQUILA Vito	ITA	RODRIGUEZ Cesar	MEX	PTF	2:0
manchester-grand-prix-final-2023	Senior Men -58kg	R16	209	PARK Tae-joon	KOR	RAPSOMANIKIS Dionysios	GRE	PTF	2:0
manchester-grand-prix-final-2023	Senior Men -58kg	R16	210	VICENTE YUNTA Adrian	ESP	NOUR Mohammed	GBR	PTF	2:0
manchester-grand-prix-final-2023	Senior Men -58kg	R16	211	MELO Paulo	BRA	SALIM Omar gergely	HUN	PTF	2:0
manchester-grand-prix-final-2023	Senior Men -58kg	R16	301	WOOLLEY Jack	IRL	PLAZA HERNANDEZ Brandon	MEX	PTF	2:0
manchester-grand-prix-final-2023	Senior Men -58kg	QF	214	ARILLO VAZQUEZ Hugo	ESP	JANG Jun	KOR	WDR	
manchester-grand-prix-final-2023	Senior Men -58kg	QF	215	DELL'AQUILA Vito	ITA	PARK Tae-joon	KOR	PTF	2:0
manchester-grand-prix-final-2023	Senior Men -58kg	QF	314	VICENTE YUNTA Adrian	ESP	MELO Paulo	BRA	PTF	2:0
manchester-grand-prix-final-2023	Senior Men -58kg	QF	315	JENDOUBI Mohamed khalil	TUN	WOOLLEY Jack	IRL	PTF	2:1
manchester-grand-prix-final-2023	Senior Men -58kg	SF	219	DELL'AQUILA Vito	ITA	ARILLO VAZQUEZ Hugo	ESP	PTF	2:0
manchester-grand-prix-final-2023	Senior Men -58kg	SF	220	VICENTE YUNTA Adrian	ESP	JENDOUBI Mohamed khalil	TUN	PTF	2:1
manchester-grand-prix-final-2023	Senior Men -58kg	BR	229	ARILLO VAZQUEZ Hugo	ESP	JENDOUBI Mohamed khalil	TUN	WDR	
manchester-grand-prix-final-2023	Senior Men -58kg	F	234	DELL'AQUILA Vito	ITA	VICENTE YUNTA Adrian	ESP	PTF	2:0
manchester-grand-prix-final-2023	Senior Men -68kg	R16	302	ALHALAWANI Zaid	JOR	LIANG Yushuai	CHN	PTF	2:0
manchester-grand-prix-final-2023	Senior Men -68kg	R16	303	PEREZ POLO Javier	ESP	CHAMALIDIS Konstantinos	GRE	PTF	2:0
manchester-grand-prix-final-2023	Senior Men -68kg	R16	304	ALIAN Ali	SWE	GOLUBIC Marko	CRO	PTF	2:1
manchester-grand-prix-final-2023	Senior Men -68kg	R16	305	KAREEM Zaid	JOR	BARETTA Dennis	ITA	PTF	2:0
manchester-grand-prix-final-2023	Senior Men -68kg	R16	306	JIN Ho-jun	KOR	ALAPHILIPPE Souleyman	FRA	PTF	2:0
manchester-grand-prix-final-2023	Senior Men -68kg	R16	307	JOZSA Levente mark	HUN	JORQUERA CALA Joan	ESP	PTF	2:1
manchester-grand-prix-final-2023	Senior Men -68kg	QF	115	ALHALAWANI Zaid	JOR	SINDEN Bradly	GBR	PTF	2:0
manchester-grand-prix-final-2023	Senior Men -68kg	QF	116	PEREZ POLO Javier	ESP	ALIAN Ali	SWE	PTF	2:0
manchester-grand-prix-final-2023	Senior Men -68kg	QF	216	KAREEM Zaid	JOR	JIN Ho-jun	KOR	PTF	2:0
manchester-grand-prix-final-2023	Senior Men -68kg	QF	217	JOZSA Levente mark	HUN	RECBER Hakan	TUR	PTF	2:0
manchester-grand-prix-final-2023	Senior Men -68kg	SF	223	PEREZ POLO Javier	ESP	ALHALAWANI Zaid	JOR	PTF	2:1
manchester-grand-prix-final-2023	Senior Men -68kg	SF	224	JOZSA Levente mark	HUN	KAREEM Zaid	JOR	PTF	2:0
manchester-grand-prix-final-2023	Senior Men -68kg	BR	231	KAREEM Zaid	JOR	ALHALAWANI Zaid	JOR	WDR	
manchester-grand-prix-final-2023	Senior Men -68kg	F	236	JOZSA Levente mark	HUN	PEREZ POLO Javier	ESP	PTF	2:1
manchester-grand-prix-final-2023	Senior Men -80kg	R16	308	SEO Geon-woo	KOR	HUSIC Nedzad	BIH	PTF	2:0
manchester-grand-prix-final-2023	Senior Men -80kg	R16	309	SALAEV Shukhrat	UZB	KATOUSSI Firas	TUN	PTF	2:1
manchester-grand-prix-final-2023	Senior Men -80kg	R16	310	QUESADA BARRERA Daniel	ESP	SEJRANOVIC Leon	AUS	PTF	2:0
manchester-grand-prix-final-2023	Senior Men -80kg	R16	311	ORDEMANN Richard andre	NOR	TELIKOSTOGLOU Apostolos	GRE	PTF	2:0
manchester-grand-prix-final-2023	Senior Men -80kg	QF	218	EISSA Seif	EGY	QUESADA BARRERA Daniel	ESP	PTF	2:0
manchester-grand-prix-final-2023	Senior Men -80kg	QF	316	SEO Geon-woo	KOR	ALESSIO Simone	ITA	PTF	2:1
manchester-grand-prix-final-2023	Senior Men -80kg	QF	317	ELSHARABATY Saleh	JOR	SALAEV Shukhrat	UZB	PTF	2:1
manchester-grand-prix-final-2023	Senior Men -80kg	QF	318	NICKOLAS CJ	USA	ORDEMANN Richard andre	NOR	PTF	
manchester-grand-prix-final-2023	Senior Men -80kg	SF	227	SEO Geon-woo	KOR	ELSHARABATY Saleh	JOR	PTF	2:1
manchester-grand-prix-final-2023	Senior Men -80kg	SF	228	EISSA Seif	EGY	NICKOLAS CJ	USA	PTF	
manchester-grand-prix-final-2023	Senior Men -80kg	BR	233	NICKOLAS CJ	USA	ELSHARABATY Saleh	JOR	WDR	1:0
manchester-grand-prix-final-2023	Senior Men -80kg	F	238	SEO Geon-woo	KOR	EISSA Seif	EGY	PTF	2:1
manchester-grand-prix-final-2023	Senior Men +80kg	R16	201	CISSE Cheick sallah	CIV	DIVKOVIC Patrik	SLO	PTF	2:0
manchester-grand-prix-final-2023	Senior Men +80kg	R16	202	MARTINS SOARES Icaro miguel	BRA	SONG Zhaoxiang	CHN	PTF	2:1
manchester-grand-prix-final-2023	Senior Men +80kg	R16	203	HEALY Jonathan	USA	ATESLI Emre kutalmis	TUR	PTF	2:0
manchester-grand-prix-final-2023	Senior Men +80kg	R16	204	BOZIC Pasko	CRO	CUNNINGHAM Caden	GBR	PTF	2:1
manchester-grand-prix-final-2023	Senior Men +80kg	R16	205	KANG Sanghyun	KOR	SAPINA Ivan	CRO	PTF	2:0
manchester-grand-prix-final-2023	Senior Men +80kg	R16	206	GARCIA MARTINEZ Ivan	ESP	RAFALOVICH Nikita	UZB	PTF	2:1
manchester-grand-prix-final-2023	Senior Men +80kg	R16	207	SIQUEIRA Maicon	BRA	GEORGIEVSKI Dejan	MKD	PTF	2:1
manchester-grand-prix-final-2023	Senior Men +80kg	R16	208	SANSORES Carlos	MEX	RAWY Ahmad	EGY	PTF	2:0
manchester-grand-prix-final-2023	Senior Men +80kg	QF	209	CISSE Cheick sallah	CIV	MARTINS SOARES Icaro miguel	BRA	PTF	2:0
manchester-grand-prix-final-2023	Senior Men +80kg	QF	210	BOZIC Pasko	CRO	HEALY Jonathan	USA	PTF	2:0
manchester-grand-prix-final-2023	Senior Men +80kg	QF	211	GARCIA MARTINEZ Ivan	ESP	KANG Sanghyun	KOR	PTF	2:1
manchester-grand-prix-final-2023	Senior Men +80kg	QF	212	SIQUEIRA Maicon	BRA	SANSORES Carlos	MEX	PTF	2:0
manchester-grand-prix-final-2023	Senior Men +80kg	SF	215	CISSE Cheick sallah	CIV	BOZIC Pasko	CRO	PTF	2:0
manchester-grand-prix-final-2023	Senior Men +80kg	SF	216	SIQUEIRA Maicon	BRA	GARCIA MARTINEZ Ivan	ESP	PTF	2:0
manchester-grand-prix-final-2023	Senior Men +80kg	BR	220	GARCIA MARTINEZ Ivan	ESP	BOZIC Pasko	CRO	WDR	
manchester-grand-prix-final-2023	Senior Men +80kg	F	223	CISSE Cheick sallah	CIV	SIQUEIRA Maicon	BRA	PTF	2:0
manchester-grand-prix-final-2023	Senior Women -49kg	R16	101	WONGPATTANAKIT Panipak	THA	GOODMAN Phoenix	GBR	PTF	2:0
manchester-grand-prix-final-2023	Senior Women -49kg	R16	102	YILDIRIM Rukiye	TUR	AYDIN KONSTANTINIDIS Ela	GER	PTF	2:0
manchester-grand-prix-final-2023	Senior Women -49kg	R16	103	SOUZA Daniela Paola	MEX	CELIK Sueheda	GER	PTF	2:0
manchester-grand-prix-final-2023	Senior Women -49kg	R16	104	SEMBERG Abishag	ISR	STOJKOVIC Lena	CRO	PTF	2:1
manchester-grand-prix-final-2023	Senior Women -49kg	R16	105	CEREZO IGLESIAS Adriana	ESP	RAMIREZ VARGAS Andrea	COL	PTF	2:0
manchester-grand-prix-final-2023	Senior Women -49kg	R16	106	GUO Qing	CHN	EL BOUCHTI Oumaima	MAR	PTF	2:0
manchester-grand-prix-final-2023	Senior Women -49kg	R16	107	KANG Mi-reu	KOR	DUVANCIC Bruna	CRO	PTF	2:0
manchester-grand-prix-final-2023	Senior Women -49kg	R16	108	DINCEL KAVURAT Merve	TUR	SAMY ELHOSSEINY Shahd	EGY	PTF	2:0
manchester-grand-prix-final-2023	Senior Women -49kg	QF	111	WONGPATTANAKIT Panipak	THA	YILDIRIM Rukiye	TUR	PTF	2:0
manchester-grand-prix-final-2023	Senior Women -49kg	QF	112	SOUZA Daniela Paola	MEX	SEMBERG Abishag	ISR	PTF	2:0
manchester-grand-prix-final-2023	Senior Women -49kg	QF	212	CEREZO IGLESIAS Adriana	ESP	GUO Qing	CHN	PTF	2:0
manchester-grand-prix-final-2023	Senior Women -49kg	QF	213	DINCEL KAVURAT Merve	TUR	KANG Mi-reu	KOR	PTF	2:0
manchester-grand-prix-final-2023	Senior Women -49kg	SF	221	WONGPATTANAKIT Panipak	THA	SOUZA Daniela Paola	MEX	PTF	2:1
manchester-grand-prix-final-2023	Senior Women -49kg	SF	222	CEREZO IGLESIAS Adriana	ESP	DINCEL KAVURAT Merve	TUR	PTF	2:0
manchester-grand-prix-final-2023	Senior Women -49kg	BR	230	DINCEL KAVURAT Merve	TUR	SOUZA Daniela Paola	MEX	PTF	2:0
manchester-grand-prix-final-2023	Senior Women -49kg	F	235	WONGPATTANAKIT Panipak	THA	CEREZO IGLESIAS Adriana	ESP	PTF	2:0
manchester-grand-prix-final-2023	Senior Women -57kg	R16	109	LUO Zongshi	CHN	HYMER Stacey	AUS	PTF	2:0
manchester-grand-prix-final-2023	Senior Women -57kg	R16	110	LAARAJ Nada	MAR	VILLEGAS Fabiola G	MEX	PTF	2:0
manchester-grand-prix-final-2023	Senior Women -57kg	R16	201	LO Chia-ling	TPE	KALTEKI Faidra	GRE	PTF	2:0
manchester-grand-prix-final-2023	Senior Women -57kg	R16	202	ASEMANI Raheleh	BEL	ILGUN Hatice kubra	TUR	PTF	2:1
manchester-grand-prix-final-2023	Senior Women -57kg	R16	203	LEE AHREUM	KOR	PARK Skylar	CAN	WDR	
manchester-grand-prix-final-2023	Senior Women -57kg	R16	204	DILLON Faith	USA	MARTON Luana	HUN	PTF	2:1
manchester-grand-prix-final-2023	Senior Women -57kg	R16	205	POWELL Aaliyah	GBR	PEREZ PARRADO Alma maria	ESP	PTF	2:0
manchester-grand-prix-final-2023	Senior Women -57kg	R16	206	JONES Jade	GBR	PACHECO Maria clara	BRA	PTF	2:1
manchester-grand-prix-final-2023	Senior Women -57kg	QF	113	DILLON Faith	USA	LEE AHREUM	KOR	PTF	2:0
manchester-grand-prix-final-2023	Senior Women -57kg	QF	114	POWELL Aaliyah	GBR	JONES Jade	GBR	PTF	2:1
manchester-grand-prix-final-2023	Senior Women -57kg	QF	312	LUO Zongshi	CHN	LAARAJ Nada	MAR	PTF	2:0
manchester-grand-prix-final-2023	Senior Women -57kg	QF	313	LO Chia-ling	TPE	ASEMANI Raheleh	BEL	PTF	2:1
manchester-grand-prix-final-2023	Senior Women -57kg	SF	225	LUO Zongshi	CHN	LO Chia-ling	TPE	PTF	2:0
manchester-grand-prix-final-2023	Senior Women -57kg	SF	226	DILLON Faith	USA	POWELL Aaliyah	GBR	PTF	2:0
manchester-grand-prix-final-2023	Senior Women -57kg	BR	232	POWELL Aaliyah	GBR	LO Chia-ling	TPE	WDR	
manchester-grand-prix-final-2023	Senior Women -57kg	F	237	LUO Zongshi	CHN	DILLON Faith	USA	PTF	2:0
manchester-grand-prix-final-2023	Senior Women -67kg	R16	101	WIET HENIN Magda	FRA	MAGDALENO ALBIZU Jone	ESP	PTF	2:0
manchester-grand-prix-final-2023	Senior Women -67kg	R16	102	ZHANG Mengyu	CHN	TITONELI Milena	BRA	PTF	2:1
manchester-grand-prix-final-2023	Senior Women -67kg	R16	103	GBAGBI Ruth	CIV	SADIKOVA Feruza	UZB	PTF	2:1
manchester-grand-prix-final-2023	Senior Women -67kg	R16	104	PERISIC Aleksandra	SRB	SONG Jie	CHN	PTF	2:0
manchester-grand-prix-final-2023	Senior Women -67kg	R16	105	CHAARI Sarah	BEL	WILLIAMS Lauren	GBR	PTF	2:1
manchester-grand-prix-final-2023	Senior Women -67kg	R16	106	STOLBOVA Petra	CZE	SANTOS Caroline	BRA	PTF	2:1
manchester-grand-prix-final-2023	Senior Women -67kg	R16	107	CASTRO BURGOS Cecilia	ESP	SOLTERO Leslie	MEX	PTF	2:1
manchester-grand-prix-final-2023	Senior Women -67kg	R16	108	AL-SADEQ Julyana	JOR	KRAAYEVELD Ashley	CAN	PTF	2:0
manchester-grand-prix-final-2023	Senior Women -67kg	QF	109	ZHANG Mengyu	CHN	WIET HENIN Magda	FRA	PTF	2:0
manchester-grand-prix-final-2023	Senior Women -67kg	QF	110	PERISIC Aleksandra	SRB	GBAGBI Ruth	CIV	PTF	2:0
manchester-grand-prix-final-2023	Senior Women -67kg	QF	111	CHAARI Sarah	BEL	STOLBOVA Petra	CZE	PTF	2:0
manchester-grand-prix-final-2023	Senior Women -67kg	QF	112	AL-SADEQ Julyana	JOR	CASTRO BURGOS Cecilia	ESP	PTF	2:1
manchester-grand-prix-final-2023	Senior Women -67kg	SF	213	ZHANG Mengyu	CHN	PERISIC Aleksandra	SRB	PTF	2:0
manchester-grand-prix-final-2023	Senior Women -67kg	SF	214	CHAARI Sarah	BEL	AL-SADEQ Julyana	JOR	PTF	2:1
manchester-grand-prix-final-2023	Senior Women -67kg	BR	219	AL-SADEQ Julyana	JOR	PERISIC Aleksandra	SRB	PTF	2:0
manchester-grand-prix-final-2023	Senior Women -67kg	F	222	CHAARI Sarah	BEL	ZHANG Mengyu	CHN	PTF	2:0
manchester-grand-prix-final-2023	Senior Women +67kg	R16	301	LAURIN Althea	FRA	CASTINEIRA ETCHEVERRIA Tania	ESP	PTF	2:0
manchester-grand-prix-final-2023	Senior Women +67kg	R16	302	JELIC Matea	CRO	BRANDL Lorena	GER	PTF	2:0
manchester-grand-prix-final-2023	Senior Women +67kg	R16	303	LEE Dabin	KOR	JAHL Marlene	AUT	PTF	2:0
manchester-grand-prix-final-2023	Senior Women +67kg	R16	304	OSIPOVA Svetlana	UZB	DENIZ Cansel	KAZ	PTF	2:0
manchester-grand-prix-final-2023	Senior Women +67kg	R16	305	ZHOU Zeqi	CHN	UZUNCAVDAR Sude yaren	TUR	PTF	2:0
manchester-grand-prix-final-2023	Senior Women +67kg	R16	306	MCGOWAN Rebecca	GBR	XU Lei	CHN	PTF	2:1
manchester-grand-prix-final-2023	Senior Women +67kg	R16	307	COOK Bianca	GBR	GORMAN-SHORE Madelynn	USA	PTF	2:0
manchester-grand-prix-final-2023	Senior Women +67kg	R16	308	AVOULETTE Solene	FRA	KUS AYDIN Nafia	TUR	PTF	2:0
manchester-grand-prix-final-2023	Senior Women +67kg	QF	309	LAURIN Althea	FRA	JELIC Matea	CRO	PTF	2:1
manchester-grand-prix-final-2023	Senior Women +67kg	QF	310	LEE Dabin	KOR	OSIPOVA Svetlana	UZB	PTF	2:0
manchester-grand-prix-final-2023	Senior Women +67kg	QF	311	MCGOWAN Rebecca	GBR	ZHOU Zeqi	CHN	PTF	2:0
manchester-grand-prix-final-2023	Senior Women +67kg	QF	312	AVOULETTE Solene	FRA	COOK Bianca	GBR	PTF	2:0
manchester-grand-prix-final-2023	Senior Women +67kg	SF	217	LEE Dabin	KOR	LAURIN Althea	FRA	PTF	2:0
manchester-grand-prix-final-2023	Senior Women +67kg	SF	218	MCGOWAN Rebecca	GBR	AVOULETTE Solene	FRA	PTF	2:0
manchester-grand-prix-final-2023	Senior Women +67kg	BR	221	LAURIN Althea	FRA	AVOULETTE Solene	FRA	PTF	2:1
manchester-grand-prix-final-2023	Senior Women +67kg	F	224	LEE Dabin	KOR	MCGOWAN Rebecca	GBR	WDR	
