multi-european-games-2026	Senior Women +73kg	F	841	MATIC Magdalena	CRO	KAVUKCUOGLU Zehra Begum	TUR	PTF	2:1
dutch-open-2025	Senior Men -54kg	R64	1101	MIKLAVCIC Aljaz	SLO	BRANDT Viktor	SWE	PTF	2:0
dutch-open-2025	Senior Men -54kg	R64	1102	DANGNOK Nattaporn	THA	RICHTER Lenny rene	GER	PTF	2:0
dutch-open-2025	Senior Men -54kg	R64	1103	GULUZADE Bahruz	AZE	LEE Geonho	KOR	PTF	2:1
dutch-open-2025	Senior Men -54kg	R64	1104	DADASHOV Sayyad	AZE	YIGIT Hakan	DEN	PTF	2:0
dutch-open-2025	Senior Men -54kg	R32	1109	ALESIO CAPOLINI Mathis	FRA	MIKLAVCIC Aljaz	SLO	PTF	2:0
dutch-open-2025	Senior Men -54kg	R32	1110	CIRIVELLO Gaetano	ITA	MAMMADOV Khidir	AZE	PTF	2:0
dutch-open-2025	Senior Men -54kg	R32	1111	GARCIA Noah	FRA	CIRES MUNOZ Alejandro	ESP	PTF	2:0
dutch-open-2025	Senior Men -54kg	R32	1112	CARRION COSTA Alejandro	ESP	BOUKARNIA Hamza	FRA	PTF	2:1
dutch-open-2025	Senior Men -54kg	R32	1113	OTERO SOUSA Javier	ESP	ARIAN Ehsan	GER	PTF	2:0
dutch-open-2025	Senior Men -54kg	R32	1114	ESCOLAR PARRA Ivan	ESP	ACKEY Aime	FRA	PTF	2:0
dutch-open-2025	Senior Men -54kg	R32	1115	GRANDE OLIVER Hugo	ESP	AKAOUI Hamza	FRA	PTF	2:0
dutch-open-2025	Senior Men -54kg	R32	1116	CAN Haktan	TUR	DANGNOK Nattaporn	THA	PTF	2:1
dutch-open-2025	Senior Men -54kg	R32	1117	GULUZADE Bahruz	AZE	HEALY Seth	AUS	PTF	2:1
dutch-open-2025	Senior Men -54kg	R32	1118	MARWAN Mussa	SWE	ZURITA FABIAN Mark	ESP	PTF	2:0
dutch-open-2025	Senior Men -54kg	R32	1119	ARNAY CURBELO Antonio ramon	ESP	KOUKOUSOUDIS Evangelos	GER	PTF	2:0
dutch-open-2025	Senior Men -54kg	R32	1120	ZYWARSKI Filip	POL	ONUS Emircan	GER	PTF	2:1
dutch-open-2025	Senior Men -54kg	R32	1121	KAMKASOUMPHOU Aissa	FRA	DELGADO David	ESP	PTF	2:0
dutch-open-2025	Senior Men -54kg	R32	1122	DAVILA Adrian	ESP	MOLJ Ozbolt	SLO	PTF	2:0
dutch-open-2025	Senior Men -54kg	R32	1123	AGENJO TRIGOS Jairo	ESP	KITADE Tatsuya	JPN	PTF	2:0
dutch-open-2025	Senior Men -54kg	R32	1124	DE MORAES Giovanni aubin	BRA	DADASHOV Sayyad	AZE	PTF	2:1
dutch-open-2025	Senior Men -54kg	R16	1130	CIRIVELLO Gaetano	ITA	ALESIO CAPOLINI Mathis	FRA	PTF	2:1
dutch-open-2025	Senior Men -54kg	R16	1131	GARCIA Noah	FRA	CARRION COSTA Alejandro	ESP	PTF	2:1
dutch-open-2025	Senior Men -54kg	R16	1132	ESCOLAR PARRA Ivan	ESP	OTERO SOUSA Javier	ESP	PTF	2:1
dutch-open-2025	Senior Men -54kg	R16	1133	CAN Haktan	TUR	GRANDE OLIVER Hugo	ESP	PTF	2:0
dutch-open-2025	Senior Men -54kg	R16	1134	GULUZADE Bahruz	AZE	MARWAN Mussa	SWE	PTF	2:0
dutch-open-2025	Senior Men -54kg	R16	1135	ZYWARSKI Filip	POL	ARNAY CURBELO Antonio ramon	ESP	RSC	1:1
dutch-open-2025	Senior Men -54kg	R16	1136	KAMKASOUMPHOU Aissa	FRA	DAVILA Adrian	ESP	PTF	2:1
dutch-open-2025	Senior Men -54kg	R16	1137	AGENJO TRIGOS Jairo	ESP	DE MORAES Giovanni aubin	BRA	PTF	2:1
dutch-open-2025	Senior Men -54kg	QF	1139	GARCIA Noah	FRA	CIRIVELLO Gaetano	ITA	PTF	2:0
dutch-open-2025	Senior Men -54kg	QF	1140	ESCOLAR PARRA Ivan	ESP	CAN Haktan	TUR	PTF	2:0
dutch-open-2025	Senior Men -54kg	QF	1141	GULUZADE Bahruz	AZE	ZYWARSKI Filip	POL	PTF	2:0
dutch-open-2025	Senior Men -54kg	QF	1142	AGENJO TRIGOS Jairo	ESP	KAMKASOUMPHOU Aissa	FRA	PTF	2:1
dutch-open-2025	Senior Men -54kg	SF	1143	ESCOLAR PARRA Ivan	ESP	GARCIA Noah	FRA	PTF	2:0
dutch-open-2025	Senior Men -54kg	SF	1144	AGENJO TRIGOS Jairo	ESP	GULUZADE Bahruz	AZE	PTF	2:1
dutch-open-2025	Senior Men -54kg	F	845	AGENJO TRIGOS Jairo	ESP	ESCOLAR PARRA Ivan	ESP	PTF	2:1
dutch-open-2025	Senior Men -58kg	R64	301	ARILLO VAZQUEZ Hugo	ESP	PAZOS AMOEDO Alex	ESP	PTF	2:0
dutch-open-2025	Senior Men -58kg	R64	302	JAMSHIDI Sonil	DEN	THOMPSON Lennon	GBR	PTF	2:1
dutch-open-2025	Senior Men -58kg	R64	303	FARNES Ricki gene	DEN	LABONG Finn	GBR	PTF	2:0
dutch-open-2025	Senior Men -58kg	R64	304	REALE Marco	ITA	LAUBHOLD Simon	GER	PTF	2:0
dutch-open-2025	Senior Men -58kg	R64	305	VIVES SAEZ Isaac	ESP	BERUBE Zachary	CAN	PTF	2:0
dutch-open-2025	Senior Men -58kg	R64	306	TRIANTAFYLLOU Dimitrios	GRE	REDING Alan je	LUX	PTF	2:0
dutch-open-2025	Senior Men -58kg	R64	307	STRUGLINSKI Bartosz	POL	AHMADI MOAFI Parham	GER	PTF	2:0
dutch-open-2025	Senior Men -58kg	R64	308	DE DIOS JOSE Alex	ESP	BATHILY Sire	FRA	PTF	2:1
dutch-open-2025	Senior Men -58kg	R64	309	DRAZKIEWICZ Igor	POL	PINTO Tiago	POR	PTF	2:1
dutch-open-2025	Senior Men -58kg	R64	310	CONTI Andrea	ITA	EL HILALI Ayoub	BEL	PTF	2:0
dutch-open-2025	Senior Men -58kg	R64	311	TORRE Elia	ITA	CHARNIAK Viktar	AIN	PTF	2:0
dutch-open-2025	Senior Men -58kg	R64	312	ALAMI Josef	SWE	CIUPA Bartlomiej	POL	PTF	2:0
dutch-open-2025	Senior Men -58kg	R64	313	ALESIO Sebastien	FRA	MOZAFARI Ehsan	NED	PTF	2:0
dutch-open-2025	Senior Men -58kg	R64	314	MAHAMAD Sirawit	THA	ADEMI Bleron	KOS	PTF	2:0
dutch-open-2025	Senior Men -58kg	R64	315	ANGHEL Mario ignacio	ESP	AMELHAYI Mehdi	FRA	PTF	2:0
dutch-open-2025	Senior Men -58kg	R32	316	ARILLO VAZQUEZ Hugo	ESP	MERDANAJ Ernest	ALB	PTF	2:0
dutch-open-2025	Senior Men -58kg	R32	317	MEHLMANN Daniel	GER	VALIYEV Rahid	AZE	PTF	2:1
dutch-open-2025	Senior Men -58kg	R32	318	MOLLE Milan	NED	JAMSHIDI Sonil	DEN	PTF	2:0
dutch-open-2025	Senior Men -58kg	R32	319	GELADZE Vitali	GEO	FARNES Ricki gene	DEN	PTF	2:0
dutch-open-2025	Senior Men -58kg	R32	320	GUMUS Feyyaz	GER	REALE Marco	ITA	PTF	2:0
dutch-open-2025	Senior Men -58kg	R32	321	VIVES SAEZ Isaac	ESP	DEL VECCHIO Teodoro	ITA	PTF	2:0
dutch-open-2025	Senior Men -58kg	R32	322	MANENKOV Maksym	UKR	TRIANTAFYLLOU Dimitrios	GRE	PTF	2:0
dutch-open-2025	Senior Men -58kg	R32	323	STRUGLINSKI Bartosz	POL	CONTRERAS Aaron	CHI	PTF	2:0
dutch-open-2025	Senior Men -58kg	R32	324	DE DIOS JOSE Alex	ESP	RODRIGUEZ Ilay	PUR	PTF	2:1
dutch-open-2025	Senior Men -58kg	R32	325	BOUKARNIA Amine	FRA	DRAZKIEWICZ Igor	POL	PTF	2:1
dutch-open-2025	Senior Men -58kg	R32	326	FRAILE Jesus	ESP	CONTI Andrea	ITA	PTF	2:0
dutch-open-2025	Senior Men -58kg	R32	327	TORRE Elia	ITA	NOWAK Lukasz	POL	PTF	2:1
dutch-open-2025	Senior Men -58kg	R32	328	ALAMI Josef	SWE	BEDART Samuel	FRA	PTF	2:1
dutch-open-2025	Senior Men -58kg	R32	329	SIMPARA Youssouf	MLI	ALESIO Sebastien	FRA	PTF	2:0
dutch-open-2025	Senior Men -58kg	R32	330	DIMITROPOULOS Konstantinos	GRE	MAHAMAD Sirawit	THA	PTF	2:0
dutch-open-2025	Senior Men -58kg	R32	331	MOLJ Domen	SLO	ANGHEL Mario ignacio	ESP	PTF	2:0
dutch-open-2025	Senior Men -58kg	R16	332	ARILLO VAZQUEZ Hugo	ESP	MEHLMANN Daniel	GER	PTF	2:0
dutch-open-2025	Senior Men -58kg	R16	333	GELADZE Vitali	GEO	MOLLE Milan	NED	PTF	2:0
dutch-open-2025	Senior Men -58kg	R16	334	GUMUS Feyyaz	GER	VIVES SAEZ Isaac	ESP	PTF	2:0
dutch-open-2025	Senior Men -58kg	R16	335	MANENKOV Maksym	UKR	STRUGLINSKI Bartosz	POL	PTF	2:0
dutch-open-2025	Senior Men -58kg	R16	336	BOUKARNIA Amine	FRA	DE DIOS JOSE Alex	ESP	PTF	2:0
dutch-open-2025	Senior Men -58kg	R16	337	FRAILE Jesus	ESP	TORRE Elia	ITA	PTF	2:0
dutch-open-2025	Senior Men -58kg	R16	338	ALAMI Josef	SWE	SIMPARA Youssouf	MLI	PTF	2:0
dutch-open-2025	Senior Men -58kg	R16	339	DIMITROPOULOS Konstantinos	GRE	MOLJ Domen	SLO	PTF	2:0
dutch-open-2025	Senior Men -58kg	QF	340	ARILLO VAZQUEZ Hugo	ESP	GELADZE Vitali	GEO	PTF	2:0
dutch-open-2025	Senior Men -58kg	QF	341	MANENKOV Maksym	UKR	GUMUS Feyyaz	GER	PTF	2:1
dutch-open-2025	Senior Men -58kg	QF	342	FRAILE Jesus	ESP	BOUKARNIA Amine	FRA	PTF	2:0
dutch-open-2025	Senior Men -58kg	QF	343	DIMITROPOULOS Konstantinos	GRE	ALAMI Josef	SWE	PTF	2:0
dutch-open-2025	Senior Men -58kg	SF	344	MANENKOV Maksym	UKR	ARILLO VAZQUEZ Hugo	ESP	PTF	2:0
dutch-open-2025	Senior Men -58kg	SF	345	FRAILE Jesus	ESP	DIMITROPOULOS Konstantinos	GRE	PTF	2:1
dutch-open-2025	Senior Men -58kg	F	946	MANENKOV Maksym	UKR	FRAILE Jesus	ESP	PTF	2:0
dutch-open-2025	Senior Men -63kg	R64	701	IURLARO Ludovico	ITA	WILENSKI Adam	POL	PTF	2:0
dutch-open-2025	Senior Men -63kg	R64	702	VAN LIMPT Joep	NED	MURILLO Jorge	ESP	PTF	2:0
dutch-open-2025	Senior Men -63kg	R64	703	SANTINELLI Christian	ITA	BENDEGA Stepan	AIN	PTF	2:0
dutch-open-2025	Senior Men -63kg	R64	704	TOMAS GONZALEZ Lois	ESP	TEILMANN Anton boesgaard	DEN	PTF	2:1
dutch-open-2025	Senior Men -63kg	R64	705	JULES Nathan	FRA	AMIRALIYEV Farid	AZE	PTF	2:0
dutch-open-2025	Senior Men -63kg	R64	706	QUINONERO Daniel	ESP	HENDRIKS Daan	NED	PTF	2:0
dutch-open-2025	Senior Men -63kg	R64	707	GLOC Antoine	FRA	REDA Houssam	NED	PTF	2:0
dutch-open-2025	Senior Men -63kg	R64	708	PIERARD Lucas	BEL	HUY Ethan	FRA	PTF	2:1
dutch-open-2025	Senior Men -63kg	R64	709	LO PINTO Daniel	ITA	PARUZEK Krystof	CZE	PTF	2:0
dutch-open-2025	Senior Men -63kg	R64	710	DELEVAL Herwan	FRA	COULIBALY Fadeby	LUX	PTF	2:0
dutch-open-2025	Senior Men -63kg	R64	711	HAMMANI Marwane	BEL	HIDALGO MERIDA Alvaro	ESP	PTF	2:0
dutch-open-2025	Senior Men -63kg	R64	712	KONATE Ben younouss	CIV	DUSZYNSKI Bartosz	POL	PTF	2:0
dutch-open-2025	Senior Men -63kg	R64	713	TAHMAZOV Fuad	AZE	RUPAR Kajetan	POL	PTF	2:0
dutch-open-2025	Senior Men -63kg	R64	714	YOOSOMSRI Nontawat	GER	VISINSKI Patrik	CRO	PTF	2:0
dutch-open-2025	Senior Men -63kg	R64	715	MILETIC Mateja	SRB	AGAPOV Dmytriy	POR	PTF	2:0
dutch-open-2025	Senior Men -63kg	R64	716	ADEMI Valton	KOS	DOWN Harrison	AUS	PTF	2:0
dutch-open-2025	Senior Men -63kg	R64	717	MAGOMEDOV Gashim	AZE	LEMMENS Noah	BEL	PTF	2:0
dutch-open-2025	Senior Men -63kg	R64	718	RAVET Cyrian	FRA	SETRODIPO Jayden	NED	PTF	2:0
dutch-open-2025	Senior Men -63kg	R64	804	DORE Anthony	FRA	LACHMAN Shivan	NED	PTF	2:0
dutch-open-2025	Senior Men -63kg	R64	805	LUCERNA Luca	ITA	VUCAK Mislav	CRO	PTF	2:1
dutch-open-2025	Senior Men -63kg	R64	806	KHAKSAR Shahram	GER	HIGASHIJIMA Seiya	JPN	PTF	2:1
dutch-open-2025	Senior Men -63kg	R64	807	SRITIMONGKOL Napat	THA	OLSEN Frederik emil	SWE	PTF	2:0
dutch-open-2025	Senior Men -63kg	R64	808	KONSTANTINIDIS Iordanis	GER	SCHOENMAKERS Shymano	NED	PTF	2:0
dutch-open-2025	Senior Men -63kg	R64	809	ANDRONIKOU Kyriakos	CYP	SADOLEWSKI Jan	POL	PTF	2:0
dutch-open-2025	Senior Men -63kg	R32	719	BOURGEOIS Owen	FRA	ANDRONIKOU Kyriakos	CYP	PTF	2:0
dutch-open-2025	Senior Men -63kg	R32	720	IURLARO Ludovico	ITA	PAPIEROWSKI Dominik	POL	PTF	2:0
dutch-open-2025	Senior Men -63kg	R32	721	SANTINELLI Christian	ITA	VAN LIMPT Joep	NED	PTF	2:0
dutch-open-2025	Senior Men -63kg	R32	722	JULES Nathan	FRA	TOMAS GONZALEZ Lois	ESP	PTF	2:0
dutch-open-2025	Senior Men -63kg	R32	723	COMPRELLE Enzo	FRA	QUINONERO Daniel	ESP	PTF	2:1
dutch-open-2025	Senior Men -63kg	R32	724	BARETTA Dennis	ITA	GLOC Antoine	FRA	PTF	2:1
dutch-open-2025	Senior Men -63kg	R32	725	LO PINTO Daniel	ITA	PIERARD Lucas	BEL	PTF	2:0
dutch-open-2025	Senior Men -63kg	R32	726	DELEVAL Herwan	FRA	HAMMANI Marwane	BEL	PTF	2:0
dutch-open-2025	Senior Men -63kg	R32	727	RAMOS Gabriel	BRA	KONATE Ben younouss	CIV	PTF	2:1
dutch-open-2025	Senior Men -63kg	R32	728	OZKAYA Imran	GER	TAHMAZOV Fuad	AZE	PTF	2:0
dutch-open-2025	Senior Men -63kg	R32	729	YOOSOMSRI Nontawat	GER	MILETIC Mateja	SRB	PTF	2:0
dutch-open-2025	Senior Men -63kg	R32	730	MAGOMEDOV Gashim	AZE	ADEMI Valton	KOS	PTF	2:0
dutch-open-2025	Senior Men -63kg	R32	731	RAVET Cyrian	FRA	BORGEN Kristian storsul	NOR	PTF	2:0
dutch-open-2025	Senior Men -63kg	R32	826	MAEDA Hidetaka	JPN	DORE Anthony	FRA	PTF	2:0
dutch-open-2025	Senior Men -63kg	R32	827	LUCERNA Luca	ITA	KHAKSAR Shahram	GER	PTF	2:1
dutch-open-2025	Senior Men -63kg	R32	828	SRITIMONGKOL Napat	THA	KONSTANTINIDIS Iordanis	GER	PTF	2:0
dutch-open-2025	Senior Men -63kg	R16	732	SRITIMONGKOL Napat	THA	BOURGEOIS Owen	FRA	PTF	2:0
dutch-open-2025	Senior Men -63kg	R16	733	IURLARO Ludovico	ITA	SANTINELLI Christian	ITA	PTF	2:0
dutch-open-2025	Senior Men -63kg	R16	734	JULES Nathan	FRA	COMPRELLE Enzo	FRA	WDR	2:0
dutch-open-2025	Senior Men -63kg	R16	735	BARETTA Dennis	ITA	LO PINTO Daniel	ITA	PTF	2:0
dutch-open-2025	Senior Men -63kg	R16	736	RAMOS Gabriel	BRA	DELEVAL Herwan	FRA	PTF	2:0
dutch-open-2025	Senior Men -63kg	R16	737	OZKAYA Imran	GER	YOOSOMSRI Nontawat	GER	PTF	2:0
dutch-open-2025	Senior Men -63kg	R16	738	RAVET Cyrian	FRA	MAGOMEDOV Gashim	AZE	PTF	2:0
dutch-open-2025	Senior Men -63kg	R16	837	MAEDA Hidetaka	JPN	LUCERNA Luca	ITA	WDR	2:0
dutch-open-2025	Senior Men -63kg	QF	739	SRITIMONGKOL Napat	THA	MAEDA Hidetaka	JPN	PTF	2:0
dutch-open-2025	Senior Men -63kg	QF	740	IURLARO Ludovico	ITA	JULES Nathan	FRA	PTF	2:1
dutch-open-2025	Senior Men -63kg	QF	741	RAMOS Gabriel	BRA	BARETTA Dennis	ITA	PTF	2:0
dutch-open-2025	Senior Men -63kg	QF	742	RAVET Cyrian	FRA	OZKAYA Imran	GER	PTF	2:0
dutch-open-2025	Senior Men -63kg	SF	743	IURLARO Ludovico	ITA	SRITIMONGKOL Napat	THA	PTF	2:0
dutch-open-2025	Senior Men -63kg	SF	744	RAVET Cyrian	FRA	RAMOS Gabriel	BRA	PTF	2:0
dutch-open-2025	Senior Men -63kg	F	847	RAVET Cyrian	FRA	IURLARO Ludovico	ITA	PTF	2:0
dutch-open-2025	Senior Men -68kg	R64	501	TOFT Joel	DEN	BOON Joram	NED	PTF	2:0
dutch-open-2025	Senior Men -68kg	R64	502	HAKOBYAN Hrach	GER	KUMAR Siddarth	NED	PTF	2:0
dutch-open-2025	Senior Men -68kg	R64	503	SADAT S. asadullah	GER	PLONKA Bartosz	POL	PTF	2:0
dutch-open-2025	Senior Men -68kg	R64	504	SANTIAGO BURGOS Jose daniel	PUR	BARBARI Mahdi	GER	PTF	2:0
dutch-open-2025	Senior Men -68kg	R64	505	BILGIN Efe	GER	ROSADO CRUZ Yandel	PUR	PTF	2:0
dutch-open-2025	Senior Men -68kg	R64	506	POLCZYNSKI Adam	POL	HUSREV Victor	GER	PTF	2:0
dutch-open-2025	Senior Men -68kg	R64	507	MILAN CANOVAS Jorge	ESP	SIFAOUI Sofiane	FRA	PTF	2:0
dutch-open-2025	Senior Men -68kg	R64	508	LUPO Davide	ITA	BOUMAZA Mohamed	ALG	WDR	
dutch-open-2025	Senior Men -68kg	R64	509	COULIBALY Sekou	LUX	VAN VULPEN Jesse	NED	PTF	2:0
dutch-open-2025	Senior Men -68kg	R64	510	SZUKALSKI Bartosz	POL	PAVIN Simon	SWE	PTF	2:0
dutch-open-2025	Senior Men -68kg	R64	511	STAU HANSEN Max	DEN	SAFFAK Utku	GER	PTF	2:1
dutch-open-2025	Senior Men -68kg	R64	512	ALIAN Ali	SWE	SALIMOV Vasif	AZE	PTF	2:1
dutch-open-2025	Senior Men -68kg	R64	513	MISLJENOVIC Sasa	SWE	SHIRALIYEV Riyad	AZE	PTF	2:1
dutch-open-2025	Senior Men -68kg	R64	514	CHRZANOWSKI Mateusz	POL	LAUCEVIČIUS Tadas	LTU	PTF	2:0
dutch-open-2025	Senior Men -68kg	R64	515	HARRIS Khalfani	USA	BRECELY Beau	AUS	PTF	2:0
dutch-open-2025	Senior Men -68kg	R64	516	DALVA LATORRE Joel	ESP	MEROUANE Brahim	FRA	PTF	2:0
dutch-open-2025	Senior Men -68kg	R64	607	MENDEZ LEIS Samuel	ESP	MAKHOUKH Mazine	FRA	PTF	2:0
dutch-open-2025	Senior Men -68kg	R64	608	SETTA Hamad	DEN	MYLLYNEN Niko	FIN	PTF	2:0
dutch-open-2025	Senior Men -68kg	R64	609	KAVTARADZE Beka	GEO	USCIMIUK Sebastian	POL	PTF	2:0
dutch-open-2025	Senior Men -68kg	R32	517	HYTTEL Tobias	DEN	TOFT Joel	DEN	PTF	2:0
dutch-open-2025	Senior Men -68kg	R32	518	LUCIEN Theo	FRA	HAKOBYAN Hrach	GER	PTF	2:0
dutch-open-2025	Senior Men -68kg	R32	519	TUBTIMDANG Banlung	THA	SADAT S. asadullah	GER	PTF	2:0
dutch-open-2025	Senior Men -68kg	R32	520	SANTIAGO BURGOS Jose daniel	PUR	AL GHOTANY Yahya	RTA	PTF	2:0
dutch-open-2025	Senior Men -68kg	R32	521	BILGIN Efe	GER	KARIMOV Khanoghlan	AZE	PTF	2:1
dutch-open-2025	Senior Men -68kg	R32	522	CREP Matija	CRO	POLCZYNSKI Adam	POL	PTF	2:0
dutch-open-2025	Senior Men -68kg	R32	523	ALAPHILIPPE Souleyman	FRA	MILAN CANOVAS Jorge	ESP	PTF	2:0
dutch-open-2025	Senior Men -68kg	R32	524	LUPO Davide	ITA	COULIBALY Sekou	LUX	SUP	2:1
dutch-open-2025	Senior Men -68kg	R32	525	SALANOVA LISTE Adrian	ESP	SZUKALSKI Bartosz	POL	PTF	2:0
dutch-open-2025	Senior Men -68kg	R32	526	TSURUOKA Rei	JPN	STAU HANSEN Max	DEN	PTF	2:0
dutch-open-2025	Senior Men -68kg	R32	527	ABAD EXPOSITO Iker	ESP	ALIAN Ali	SWE	PTF	2:1
dutch-open-2025	Senior Men -68kg	R32	528	OLIVERO TORO Cristian	CHI	MISLJENOVIC Sasa	SWE	PTF	2:0
dutch-open-2025	Senior Men -68kg	R32	529	CHRZANOWSKI Mateusz	POL	HARRIS Khalfani	USA	PTF	2:1
dutch-open-2025	Senior Men -68kg	R32	530	JORQUERA CALA Joan	ESP	DALVA LATORRE Joel	ESP	PTF	2:0
dutch-open-2025	Senior Men -68kg	R32	626	MAIGA Ibrahim	BUR	MENDEZ LEIS Samuel	ESP	PTF	2:0
dutch-open-2025	Senior Men -68kg	R32	627	KAVTARADZE Beka	GEO	SETTA Hamad	DEN	PTF	2:0
dutch-open-2025	Senior Men -68kg	R16	531	LUCIEN Theo	FRA	HYTTEL Tobias	DEN	PTF	2:0
dutch-open-2025	Senior Men -68kg	R16	532	TUBTIMDANG Banlung	THA	SANTIAGO BURGOS Jose daniel	PUR	PTF	2:0
dutch-open-2025	Senior Men -68kg	R16	533	CREP Matija	CRO	BILGIN Efe	GER	PTF	2:0
dutch-open-2025	Senior Men -68kg	R16	534	ALAPHILIPPE Souleyman	FRA	LUPO Davide	ITA	PTF	2:0
dutch-open-2025	Senior Men -68kg	R16	535	SALANOVA LISTE Adrian	ESP	TSURUOKA Rei	JPN	PTF	2:1
dutch-open-2025	Senior Men -68kg	R16	536	OLIVERO TORO Cristian	CHI	ABAD EXPOSITO Iker	ESP	PTF	2:0
dutch-open-2025	Senior Men -68kg	R16	537	JORQUERA CALA Joan	ESP	CHRZANOWSKI Mateusz	POL	PTF	2:1
dutch-open-2025	Senior Men -68kg	R16	636	MAIGA Ibrahim	BUR	KAVTARADZE Beka	GEO	PTF	2:1
dutch-open-2025	Senior Men -68kg	QF	538	LUCIEN Theo	FRA	MAIGA Ibrahim	BUR	PTF	2:0
dutch-open-2025	Senior Men -68kg	QF	539	TUBTIMDANG Banlung	THA	CREP Matija	CRO	PTF	2:0
dutch-open-2025	Senior Men -68kg	QF	540	ALAPHILIPPE Souleyman	FRA	SALANOVA LISTE Adrian	ESP	PTF	2:1
dutch-open-2025	Senior Men -68kg	QF	541	JORQUERA CALA Joan	ESP	OLIVERO TORO Cristian	CHI	PTF	2:1
dutch-open-2025	Senior Men -68kg	SF	542	LUCIEN Theo	FRA	TUBTIMDANG Banlung	THA	PTF	2:1
dutch-open-2025	Senior Men -68kg	SF	543	JORQUERA CALA Joan	ESP	ALAPHILIPPE Souleyman	FRA	PTF	2:0
dutch-open-2025	Senior Men -68kg	F	1044	JORQUERA CALA Joan	ESP	LUCIEN Theo	FRA	PTF	2:0
dutch-open-2025	Senior Men -74kg	R64	801	ABDOUNI Abdelhamid	MAR	SKJOLBERG Sebastian	NOR	PTF	2:0
dutch-open-2025	Senior Men -74kg	R64	802	VESTERLUND Linus	SWE	AGAOGLU Osman	AUS	PTF	2:0
dutch-open-2025	Senior Men -74kg	R64	803	MANGIONE Angelo	ITA	TAVAREZ Jann dennis	PUR	PTF	2:0
dutch-open-2025	Senior Men -74kg	R32	810	KINTSURASHVILI Zurab	GEO	ABDOUNI Abdelhamid	MAR	PTF	2:0
dutch-open-2025	Senior Men -74kg	R32	811	PETIT PHAR Shannon	FRA	OMEIRAT Mohamed	GER	PTF	2:0
dutch-open-2025	Senior Men -74kg	R32	812	CELIN Lyve-stone	FRA	POLCZYNSKI Nikodem	POL	PTF	2:0
dutch-open-2025	Senior Men -74kg	R32	813	SERRANO MACIAS Jesus	ESP	CUDNOCH Lukasz	POL	PTF	2:0
dutch-open-2025	Senior Men -74kg	R32	814	HUSIC Benjamin	BIH	REIGERSBERG Olav	NED	PTF	2:0
dutch-open-2025	Senior Men -74kg	R32	815	SITTEK Tomas	CZE	EL HAJ KHALIL Mohamad	GER	PTF	2:0
dutch-open-2025	Senior Men -74kg	R32	816	SPICK Maximilian	GER	BABIC Jaka	SLO	PTF	2:0
dutch-open-2025	Senior Men -74kg	R32	817	AMRI Bassem	FRA	VAN DER MEER Sjoerd	NED	PTF	2:0
dutch-open-2025	Senior Men -74kg	R32	818	DAWOUD Omer	DEN	VESTERLUND Linus	SWE	PTF	2:0
dutch-open-2025	Senior Men -74kg	R32	819	COSTA Diogo rafael alves da	POR	KOUGBLENOU Kelly	GER	PTF	2:0
dutch-open-2025	Senior Men -74kg	R32	820	O FOFANA Seydou	FRA	YILMAZ Bugra	GER	PTF	2:0
dutch-open-2025	Senior Men -74kg	R32	821	JORGENSEN Otto	DEN	PATINO POMBAL Pablo	ESP	PTF	2:0
dutch-open-2025	Senior Men -74kg	R32	822	MERCER Jack  woody	THA	GONZALEZ NUNEZ Giovanni	ESP	PTF	2:0
dutch-open-2025	Senior Men -74kg	R32	823	RASZKOWSKI Wiktor	POL	AGUSHI Elion	KOS	PTF	2:0
dutch-open-2025	Senior Men -74kg	R32	824	LOTT Liam	GER	HUSSEIN Ulat	GER	PTF	2:0
dutch-open-2025	Senior Men -74kg	R32	825	MANGIONE Angelo	ITA	GALLAND Warrick	SUI	PTF	2:0
dutch-open-2025	Senior Men -74kg	R16	829	KINTSURASHVILI Zurab	GEO	PETIT PHAR Shannon	FRA	PTF	2:0
dutch-open-2025	Senior Men -74kg	R16	830	CELIN Lyve-stone	FRA	SERRANO MACIAS Jesus	ESP	PTF	2:0
dutch-open-2025	Senior Men -74kg	R16	831	HUSIC Benjamin	BIH	SITTEK Tomas	CZE	PTF	2:0
dutch-open-2025	Senior Men -74kg	R16	832	AMRI Bassem	FRA	SPICK Maximilian	GER	PTF	2:0
dutch-open-2025	Senior Men -74kg	R16	833	DAWOUD Omer	DEN	COSTA Diogo rafael alves da	POR	PTF	2:0
dutch-open-2025	Senior Men -74kg	R16	834	JORGENSEN Otto	DEN	O FOFANA Seydou	FRA	PTF	2:1
dutch-open-2025	Senior Men -74kg	R16	835	MERCER Jack  woody	THA	RASZKOWSKI Wiktor	POL	PTF	2:0
dutch-open-2025	Senior Men -74kg	R16	836	MANGIONE Angelo	ITA	LOTT Liam	GER	PTF	2:0
dutch-open-2025	Senior Men -74kg	QF	838	KINTSURASHVILI Zurab	GEO	CELIN Lyve-stone	FRA	PTF	2:0
dutch-open-2025	Senior Men -74kg	QF	839	AMRI Bassem	FRA	HUSIC Benjamin	BIH	PTF	2:1
dutch-open-2025	Senior Men -74kg	QF	840	JORGENSEN Otto	DEN	DAWOUD Omer	DEN	PTF	2:0
dutch-open-2025	Senior Men -74kg	QF	841	MANGIONE Angelo	ITA	MERCER Jack  woody	THA	PTF	2:0
dutch-open-2025	Senior Men -74kg	SF	842	KINTSURASHVILI Zurab	GEO	AMRI Bassem	FRA	PTF	2:0
dutch-open-2025	Senior Men -74kg	SF	843	JORGENSEN Otto	DEN	MANGIONE Angelo	ITA	PTF	2:0
dutch-open-2025	Senior Men -74kg	F	1046	KINTSURASHVILI Zurab	GEO	JORGENSEN Otto	DEN	PTF	2:0
dutch-open-2025	Senior Men -80kg	R64	901	YOUNG Isaiah	USA	BARRUOL Uggo	FRA	PTF	2:0
dutch-open-2025	Senior Men -80kg	R64	902	BALCIUNAS Gabijus	LTU	BRACH Filip	POL	PTF	2:0
dutch-open-2025	Senior Men -80kg	R64	903	BWNITEZ DONATE ALEJANDRO	ESP	HARRIS Ethan	IRL	PTF	2:1
dutch-open-2025	Senior Men -80kg	R64	904	AL HISNAWI Karim	NED	STAVROPOULOS Theoharys	GBR	PTF	2:0
dutch-open-2025	Senior Men -80kg	R64	905	LAWSON Matheo	SWE	FLIAOUM, Christoforos	GER	PTF	2:0
dutch-open-2025	Senior Men -80kg	R64	906	CHETOUI Mohamed tahar	GER	EBERLI Denys	SUI	PTF	2:1
dutch-open-2025	Senior Men -80kg	R64	907	LUDWIG Albert	CZE	HIDRI Ibrahim	ALB	PTF	2:0
dutch-open-2025	Senior Men -80kg	R32	910	NICKOLAS CJ	USA	YOUNG Isaiah	USA	PTF	2:0
dutch-open-2025	Senior Men -80kg	R32	911	GERRONE Antonio	ITA	AGHAYEV Javad	AZE	PTF	2:0
dutch-open-2025	Senior Men -80kg	R32	912	MILAN CANOVAS Juan antonio	ESP	AYDOGMUSOGLU Erencan	GER	PTF	2:0
dutch-open-2025	Senior Men -80kg	R32	913	GONZALEZ Alejandro	PUR	COLAK Nayan can	GER	PTF	2:1
dutch-open-2025	Senior Men -80kg	R32	914	PAPADOPOULOS Ioannis	GRE	BALCIUNAS Gabijus	LTU	PTF	2:0
dutch-open-2025	Senior Men -80kg	R32	915	WEIDUM Dion	NED	JAWORSKI Konrad	POL	PTF	2:0
dutch-open-2025	Senior Men -80kg	R32	916	FERNANDEZ Mikel	ESP	NIKS Pascal	NED	PTF	2:0
dutch-open-2025	Senior Men -80kg	R32	917	SAWADOGO Faysal	BUR	BWNITEZ DONATE ALEJANDRO	ESP	PTF	2:0
dutch-open-2025	Senior Men -80kg	R32	918	KOVACIC Oscar	CRO	AL HISNAWI Karim	NED	PTF	2:0
dutch-open-2025	Senior Men -80kg	R32	919	CHARALAMBOUS Evangelos	CYP	MERCIER Charlelie	CAN	PTF	2:1
dutch-open-2025	Senior Men -80kg	R32	920	JERMAMI Mehdi	FRA	HOERMANN Vincent	GER	PTF	2:1
dutch-open-2025	Senior Men -80kg	R32	921	CHURCHILL Joaquin	CHI	LAWSON Matheo	SWE	PTF	2:0
dutch-open-2025	Senior Men -80kg	R32	922	SZADKOWSKI Michal	POL	CHETOUI Mohamed tahar	GER	PTF	2:0
dutch-open-2025	Senior Men -80kg	R32	923	SWEENEY Liam	AUS	NESHYBA Tomas	CZE	PTF	2:0
dutch-open-2025	Senior Men -80kg	R32	924	PHILLIPS Max	AUS	SOKOLOWSKI Mikolaj	POL	WDR	1:0
dutch-open-2025	Senior Men -80kg	R32	925	RUIZ DOMENECH Ramon	ESP	LUDWIG Albert	CZE	PTF	2:0
dutch-open-2025	Senior Men -80kg	R16	930	NICKOLAS CJ	USA	GERRONE Antonio	ITA	PTF	2:0
dutch-open-2025	Senior Men -80kg	R16	931	MILAN CANOVAS Juan antonio	ESP	GONZALEZ Alejandro	PUR	PTF	2:0
dutch-open-2025	Senior Men -80kg	R16	932	PAPADOPOULOS Ioannis	GRE	WEIDUM Dion	NED	PTF	2:0
dutch-open-2025	Senior Men -80kg	R16	933	FERNANDEZ Mikel	ESP	SAWADOGO Faysal	BUR	PTF	2:0
dutch-open-2025	Senior Men -80kg	R16	934	KOVACIC Oscar	CRO	CHARALAMBOUS Evangelos	CYP	PTF	2:0
dutch-open-2025	Senior Men -80kg	R16	935	CHURCHILL Joaquin	CHI	JERMAMI Mehdi	FRA	PTF	2:0
dutch-open-2025	Senior Men -80kg	R16	936	SZADKOWSKI Michal	POL	SWEENEY Liam	AUS	PTF	2:0
dutch-open-2025	Senior Men -80kg	R16	937	RUIZ DOMENECH Ramon	ESP	PHILLIPS Max	AUS	PTF	2:0
dutch-open-2025	Senior Men -80kg	QF	939	NICKOLAS CJ	USA	MILAN CANOVAS Juan antonio	ESP	PTF	2:1
dutch-open-2025	Senior Men -80kg	QF	940	PAPADOPOULOS Ioannis	GRE	FERNANDEZ Mikel	ESP	PTF	2:1
dutch-open-2025	Senior Men -80kg	QF	941	CHURCHILL Joaquin	CHI	KOVACIC Oscar	CRO	PTF	2:0
dutch-open-2025	Senior Men -80kg	QF	942	RUIZ DOMENECH Ramon	ESP	SZADKOWSKI Michal	POL	PTF	2:1
dutch-open-2025	Senior Men -80kg	SF	943	NICKOLAS CJ	USA	PAPADOPOULOS Ioannis	GRE	PTF	2:0
dutch-open-2025	Senior Men -80kg	SF	944	CHURCHILL Joaquin	CHI	RUIZ DOMENECH Ramon	ESP	PTF	2:0
dutch-open-2025	Senior Men -80kg	F	948	CHURCHILL Joaquin	CHI	NICKOLAS CJ	USA	PTF	2:0
dutch-open-2025	Senior Men -87kg	R32	908	SULEYMANOV Taleh	AZE	CIPLAK Selim	GER	PTF	2:0
dutch-open-2025	Senior Men -87kg	R32	909	THEOCHAROUS Andreas	CYP	TAPUTU Tama	FRA	PTF	2:0
dutch-open-2025	Senior Men -87kg	R32	1004	PEREZ MORILLO Cristobal	ESP	FRONDA Sandro	SWE	PTF	2:0
dutch-open-2025	Senior Men -87kg	R32	1005	MARTIN SANCHEZ Alejandro	ESP	FARMAKAS Erik	SWE		
dutch-open-2025	Senior Men -87kg	R16	926	PIATKOWSKI Szymon	POL	SULEYMANOV Taleh	AZE	PTF	2:0
dutch-open-2025	Senior Men -87kg	R16	927	JOCHMAN Adam	CZE	ŠIAULYS Emilis	LTU	PTF	2:0
dutch-open-2025	Senior Men -87kg	R16	928	OBERHOFER Alexander	ITA	MEHNANA Nahil	FRA	PTF	2:1
dutch-open-2025	Senior Men -87kg	R16	929	BOUZID SOUIHILI Ismael	FRA	THEOCHAROUS Andreas	CYP	PTF	2:0
dutch-open-2025	Senior Men -87kg	R16	1018	ALESSIO Simone	ITA	PEREZ MORILLO Cristobal	ESP	PTF	2:0
dutch-open-2025	Senior Men -87kg	R16	1019	JABLONSKI Zbigniew	POL	BRANTUŠA Roko	CRO	PTF	2:0
dutch-open-2025	Senior Men -87kg	R16	1020	GAFAROV Eltaj	AZE	JURGENS Joshua noel	GER	PTF	2:0
dutch-open-2025	Senior Men -87kg	R16	1021	TROITINO AMOEDO Sergio	ESP	MARTIN SANCHEZ Alejandro	ESP	PTF	2:0
dutch-open-2025	Senior Men -87kg	QF	938	PIATKOWSKI Szymon	POL	JOCHMAN Adam	CZE	PTF	2:0
dutch-open-2025	Senior Men -87kg	QF	1031	OBERHOFER Alexander	ITA	BOUZID SOUIHILI Ismael	FRA	PTF	2:1
dutch-open-2025	Senior Men -87kg	QF	1032	ALESSIO Simone	ITA	JABLONSKI Zbigniew	POL	PTF	2:0
dutch-open-2025	Senior Men -87kg	QF	1033	GAFAROV Eltaj	AZE	TROITINO AMOEDO Sergio	ESP	PTF	2:0
dutch-open-2025	Senior Men -87kg	SF	1039	PIATKOWSKI Szymon	POL	OBERHOFER Alexander	ITA	PTF	2:0
dutch-open-2025	Senior Men -87kg	SF	1040	ALESSIO Simone	ITA	GAFAROV Eltaj	AZE	PTF	2:0
dutch-open-2025	Senior Men -87kg	F	1146	ALESSIO Simone	ITA	PIATKOWSKI Szymon	POL	PTF	2:0
dutch-open-2025	Senior Men +87kg	R32	1105	BUIDZE Davit	GEO	MURILLO RUBIO Daniel	ESP	PTF	2:0
dutch-open-2025	Senior Men +87kg	R32	1201	NIEVES TORRES Victor manuel	PUR	SOULIMANI Ilir	SUI	PTF	2:0
dutch-open-2025	Senior Men +87kg	R32	1202	DIABY Boubacar	MLI	NASO Marco	ITA	PTF	2:0
dutch-open-2025	Senior Men +87kg	R32	1203	KUECUEKSUNGUR Kerim	GER	BYELOUS BYELOUS Eric	ESP		
dutch-open-2025	Senior Men +87kg	R16	1125	HEALY Jonathan	USA	BUIDZE Davit	GEO	PTF	2:0
dutch-open-2025	Senior Men +87kg	R16	1126	MOLIN Mattia	ITA	BADRIALIABADI Hamidreza	AZE	PTF	2:0
dutch-open-2025	Senior Men +87kg	R16	1218	GARCIA MARTINEZ Ivan	ESP	DIVKOVIC Patrik	SLO	PTF	2:1
dutch-open-2025	Senior Men +87kg	R16	1219	CORREDOR Raul	ESP	NIEVES TORRES Victor manuel	PUR	PTF	2:0
dutch-open-2025	Senior Men +87kg	R16	1220	HAREMZA Krystian	POL	DIABY Boubacar	MLI	PTF	2:0
dutch-open-2025	Senior Men +87kg	R16	1221	EL YAZIDI Omar	FRA	BRINK Kevin	SWE	PTF	2:0
dutch-open-2025	Senior Men +87kg	R16	1222	DE ANGELIS Matteo	ITA	MARINESCU Dragos	MDA	PTF	2:0
dutch-open-2025	Senior Men +87kg	R16	1223	MICHOPOULOS Sotirios	GRE	KUECUEKSUNGUR Kerim	GER	PTF	2:1
dutch-open-2025	Senior Men +87kg	QF	1232	HEALY Jonathan	USA	MOLIN Mattia	ITA	PTF	2:1
dutch-open-2025	Senior Men +87kg	QF	1233	GARCIA MARTINEZ Ivan	ESP	CORREDOR Raul	ESP	PTF	2:0
dutch-open-2025	Senior Men +87kg	QF	1234	EL YAZIDI Omar	FRA	HAREMZA Krystian	POL	PTF	2:0
dutch-open-2025	Senior Men +87kg	QF	1235	DE ANGELIS Matteo	ITA	MICHOPOULOS Sotirios	GRE	PTF	2:1
dutch-open-2025	Senior Men +87kg	SF	1240	HEALY Jonathan	USA	GARCIA MARTINEZ Ivan	ESP	PTF	2:0
dutch-open-2025	Senior Men +87kg	SF	1241	EL YAZIDI Omar	FRA	DE ANGELIS Matteo	ITA	PTF	2:1
dutch-open-2025	Senior Men +87kg	F	1148	HEALY Jonathan	USA	EL YAZIDI Omar	FRA	PTF	2:0
dutch-open-2025	Senior Women -46kg	R32	107	GEORGIOU Melina	GRE	CARPENTIER Justine	CAN	PTF	2:0
dutch-open-2025	Senior Women -46kg	R32	108	GARCIA MARTINEZ Laura	ESP	ETTELBRUCK Lilly	GER	PTF	2:0
dutch-open-2025	Senior Women -46kg	R32	109	GULIYEVA Salima	AZE	OZKEN Aleyna	GER	PTF	2:0
dutch-open-2025	Senior Women -46kg	R32	110	BERTAGNIN Elisa	ITA	TAMMILA Ada-emilia	FIN	WDR	
dutch-open-2025	Senior Women -46kg	R32	111	JIMENEZ MONTERO Ana	ESP	UZUN Sarah	NED	PTF	2:0
dutch-open-2025	Senior Women -46kg	R32	112	POOLKERD Patcharakan	THA	KODAMAN Helin	GER	PTF	2:0
dutch-open-2025	Senior Women -46kg	R32	113	OKAMOTO Ruka	JPN	SARDANA Claire	AUS	PTF	2:0
dutch-open-2025	Senior Women -46kg	R32	114	POURYOUNES Dina	RTA	BARROSO Kiara	POR	PTF	2:1
dutch-open-2025	Senior Women -46kg	R32	115	LOPEZ IZQUIERDO Ana	ESP	GARCIES I SALA Lluisa	ESP	PTF	2:1
dutch-open-2025	Senior Women -46kg	R32	116	DIAZ ARRIBAS Violeta	ESP	AKBAROVA Minaya	AZE	PTF	2:0
dutch-open-2025	Senior Women -46kg	R32	117	STURARI Alessia	ITA	TAMMILA Ida-elina	FIN	PTF	2:0
dutch-open-2025	Senior Women -46kg	R32	118	GALIERO Giulia	ITA	HASANZADE Zemfira	AZE	PTF	2:1
dutch-open-2025	Senior Women -46kg	R32	119	BASSETT Jaycee	CRC	MARTINEZ Julia	ESP	PTF	2:0
dutch-open-2025	Senior Women -46kg	R32	120	GAYE Serrah	FRA	DUZ Selina	GER	SUP	2:1
dutch-open-2025	Senior Women -46kg	R16	125	OKAZAKI Hinata	JPN	GEORGIOU Melina	GRE	PTF	2:1
dutch-open-2025	Senior Women -46kg	R16	126	GULIYEVA Salima	AZE	GARCIA MARTINEZ Laura	ESP	PTF	2:0
dutch-open-2025	Senior Women -46kg	R16	127	BERTAGNIN Elisa	ITA	JIMENEZ MONTERO Ana	ESP	PTF	2:0
dutch-open-2025	Senior Women -46kg	R16	128	POOLKERD Patcharakan	THA	OKAMOTO Ruka	JPN	PTF	2:0
dutch-open-2025	Senior Women -46kg	R16	129	LOPEZ IZQUIERDO Ana	ESP	POURYOUNES Dina	RTA	PTF	2:0
dutch-open-2025	Senior Women -46kg	R16	130	DIAZ ARRIBAS Violeta	ESP	STURARI Alessia	ITA	PTF	2:1
dutch-open-2025	Senior Women -46kg	R16	131	GALIERO Giulia	ITA	BASSETT Jaycee	CRC	PTF	2:0
dutch-open-2025	Senior Women -46kg	R16	132	MAKAS Dzejla	BIH	GAYE Serrah	FRA	PTF	2:0
dutch-open-2025	Senior Women -46kg	QF	136	OKAZAKI Hinata	JPN	GULIYEVA Salima	AZE	PTF	2:0
dutch-open-2025	Senior Women -46kg	QF	137	POOLKERD Patcharakan	THA	BERTAGNIN Elisa	ITA	PTF	2:0
dutch-open-2025	Senior Women -46kg	QF	138	DIAZ ARRIBAS Violeta	ESP	LOPEZ IZQUIERDO Ana	ESP	PTF	2:0
dutch-open-2025	Senior Women -46kg	QF	139	GALIERO Giulia	ITA	MAKAS Dzejla	BIH	PTF	2:0
dutch-open-2025	Senior Women -46kg	SF	142	POOLKERD Patcharakan	THA	OKAZAKI Hinata	JPN	PTF	2:0
dutch-open-2025	Senior Women -46kg	SF	143	DIAZ ARRIBAS Violeta	ESP	GALIERO Giulia	ITA	PTF	2:0
dutch-open-2025	Senior Women -46kg	F	844	DIAZ ARRIBAS Violeta	ESP	POOLKERD Patcharakan	THA	PTF	2:0
dutch-open-2025	Senior Women -49kg	R32	101	BYRNE Ruby	IRL	CURA Yezda	GER	PTF	2:0
dutch-open-2025	Senior Women -49kg	R32	102	SEEKEN Kamonchanok	THA	RUIZ ROSELL Alba	ESP	PTF	2:0
dutch-open-2025	Senior Women -49kg	R32	103	MATA Maya	USA	ABEDALSALAM Mariam	DEN	PTF	2:0
dutch-open-2025	Senior Women -49kg	R32	104	PEDROZO Beatriz	BRA	BRYHIDA Erika	UKR	PTF	2:0
dutch-open-2025	Senior Women -49kg	R32	105	KAMKASOUMPHOU Maysane	FRA	GIMENEZ GARCIA Daniela	ESP	PTF	2:0
dutch-open-2025	Senior Women -49kg	R32	106	OSMANOVA Samarrukh	AZE	KARAOGLAN Medine	GER	PTF	2:0
dutch-open-2025	Senior Women -49kg	R32	205	ISMAELPUR Paniz	AZE	TOSI Emily	CAN	PTF	2:0
dutch-open-2025	Senior Women -49kg	R32	206	KRAJEWSKA Alicja	POL	SERRANO Alicia	ESP	PTF	2:0
dutch-open-2025	Senior Women -49kg	R32	207	KRAJEWSKA Nikola	POL	SWEENEY Tiarnagh	AUS	PTF	2:0
dutch-open-2025	Senior Women -49kg	R32	208	MATONTI Ilenia elisabetta	ITA	WAY Nicolle	GUA	PTF	2:0
dutch-open-2025	Senior Women -49kg	R32	209	MAESTRO Virginia	ITA	MARGARYNT Anastacia	GER	PTF	2:1
dutch-open-2025	Senior Women -49kg	R32	210	OCEGUERA Sophia	USA	MILOSEVIC Lenka	GER	DSQ	2:0
dutch-open-2025	Senior Women -49kg	R32	211	FOFANA Mah teninba	FRA	VIEN Filippa	SWE	PTF	2:0
dutch-open-2025	Senior Women -49kg	R16	121	PETERSON Ceili	GUY	BYRNE Ruby	IRL	PTF	2:0
dutch-open-2025	Senior Women -49kg	R16	122	SEEKEN Kamonchanok	THA	MATA Maya	USA	PTF	2:0
dutch-open-2025	Senior Women -49kg	R16	123	PEDROZO Beatriz	BRA	KAMKASOUMPHOU Maysane	FRA	PTF	2:0
dutch-open-2025	Senior Women -49kg	R16	124	CEREZO IGLESIAS Adriana	ESP	OSMANOVA Samarrukh	AZE	PTF	2:0
dutch-open-2025	Senior Women -49kg	R16	228	KISSKALT Supharada	GER	ISMAELPUR Paniz	AZE	PTF	2:0
dutch-open-2025	Senior Women -49kg	R16	229	KRAJEWSKA Alicja	POL	KRAJEWSKA Nikola	POL	PTF	2:0
dutch-open-2025	Senior Women -49kg	R16	230	MATONTI Ilenia elisabetta	ITA	MAESTRO Virginia	ITA	PTF	2:1
dutch-open-2025	Senior Women -49kg	R16	231	OCEGUERA Sophia	USA	FOFANA Mah teninba	FRA	PTF	2:1
dutch-open-2025	Senior Women -49kg	QF	133	MATONTI Ilenia elisabetta	ITA	OCEGUERA Sophia	USA	PTF	2:1
dutch-open-2025	Senior Women -49kg	QF	134	SEEKEN Kamonchanok	THA	PETERSON Ceili	GUY	PTF	2:0
dutch-open-2025	Senior Women -49kg	QF	135	CEREZO IGLESIAS Adriana	ESP	PEDROZO Beatriz	BRA	PTF	2:0
dutch-open-2025	Senior Women -49kg	QF	240	KISSKALT Supharada	GER	KRAJEWSKA Alicja	POL	PTF	2:0
dutch-open-2025	Senior Women -49kg	SF	140	KISSKALT Supharada	GER	MATONTI Ilenia elisabetta	ITA	PTF	2:0
dutch-open-2025	Senior Women -49kg	SF	141	SEEKEN Kamonchanok	THA	CEREZO IGLESIAS Adriana	ESP	PTF	2:0
dutch-open-2025	Senior Women -49kg	F	945	SEEKEN Kamonchanok	THA	KISSKALT Supharada	GER	PTF	2:1
dutch-open-2025	Senior Women -53kg	R64	201	GARBETT Latisha	GBR	GRAFFE Lou	LUX	PTF	2:0
dutch-open-2025	Senior Women -53kg	R64	202	OLESZCZUK Lucja	POL	CARPENTIER Vicky	CAN	PTF	2:0
dutch-open-2025	Senior Women -53kg	R64	203	MONSALES Joanna	AUS	SYLTHE Therese	NOR	PTF	2:1
dutch-open-2025	Senior Women -53kg	R64	204	EL BOUCHTI Oumaima	MAR	MAMMADOVA Maryam	AZE	PTF	2:0
dutch-open-2025	Senior Women -53kg	R32	212	PEREZ PARRADO Alma maria	ESP	GARBETT Latisha	GBR	PTF	2:0
dutch-open-2025	Senior Women -53kg	R32	213	IBARS ALCANTARA Anna	ESP	MAYER Leonie	GER	PTF	2:0
dutch-open-2025	Senior Women -53kg	R32	214	AL HALWANI Elisa	ITA	SABZGHABAEI Sohejla	GER	PTF	2:0
dutch-open-2025	Senior Women -53kg	R32	215	PAPPA Christina	GRE	AYDEMIR Nurselin	GER	PTF	2:1
dutch-open-2025	Senior Women -53kg	R32	216	BENETTI Ines	FRA	GIRE Ines	FRA	PTF	2:0
dutch-open-2025	Senior Women -53kg	R32	217	JONGKOLRATTANAWATTANA Chutikan	THA	MARINIC Tara	CRO	PTF	2:0
dutch-open-2025	Senior Women -53kg	R32	218	ASIMI Adiba	GER	BUTTARELLI Aurelie	FRA	PTF	2:0
dutch-open-2025	Senior Women -53kg	R32	219	KATOH Yuzuho	JPN	OLESZCZUK Lucja	POL	PTF	2:0
dutch-open-2025	Senior Women -53kg	R32	220	SPASOJEVIC Sara	CRO	MONSALES Joanna	AUS	PTF	2:0
dutch-open-2025	Senior Women -53kg	R32	221	KARMELY Lea anais	GER	WAEVERSTROM Signe wendt	DEN	PTF	2:0
dutch-open-2025	Senior Women -53kg	R32	222	BODEN Indra	SWE	KHAN Laila	CAN	PTF	2:0
dutch-open-2025	Senior Women -53kg	R32	223	BONALS ANARTE Laura	ESP	SEGLAR Sarah	FRA	PTF	2:1
dutch-open-2025	Senior Women -53kg	R32	224	MEIŠTININKAITĖ Gerda	LTU	RIBITSCH Viktoria	GER	PTF	2:0
dutch-open-2025	Senior Women -53kg	R32	225	GARCIA MARQUINA Sofia	ESP	PFAFF Marbele	GER	PTF	2:0
dutch-open-2025	Senior Women -53kg	R32	226	DUMAS Mathilde	CAN	KAMKASOUMPHOU Alliyah	FRA	PTF	2:0
dutch-open-2025	Senior Women -53kg	R32	227	AVDAGIC Ada	BIH	EL BOUCHTI Oumaima	MAR	PTF	2:0
dutch-open-2025	Senior Women -53kg	R16	232	PEREZ PARRADO Alma maria	ESP	IBARS ALCANTARA Anna	ESP	PTF	2:0
dutch-open-2025	Senior Women -53kg	R16	233	PAPPA Christina	GRE	AL HALWANI Elisa	ITA	PTF	2:1
dutch-open-2025	Senior Women -53kg	R16	234	JONGKOLRATTANAWATTANA Chutikan	THA	BENETTI Ines	FRA	PTF	2:0
dutch-open-2025	Senior Women -53kg	R16	235	ASIMI Adiba	GER	KATOH Yuzuho	JPN	PTF	2:1
dutch-open-2025	Senior Women -53kg	R16	236	SPASOJEVIC Sara	CRO	KARMELY Lea anais	GER	PTF	2:1
dutch-open-2025	Senior Women -53kg	R16	237	BONALS ANARTE Laura	ESP	BODEN Indra	SWE	PTF	2:1
dutch-open-2025	Senior Women -53kg	R16	238	GARCIA MARQUINA Sofia	ESP	MEIŠTININKAITĖ Gerda	LTU	PTF	2:0
dutch-open-2025	Senior Women -53kg	R16	239	AVDAGIC Ada	BIH	DUMAS Mathilde	CAN	PTF	2:0
dutch-open-2025	Senior Women -53kg	QF	241	PEREZ PARRADO Alma maria	ESP	PAPPA Christina	GRE	PTF	2:0
dutch-open-2025	Senior Women -53kg	QF	242	JONGKOLRATTANAWATTANA Chutikan	THA	ASIMI Adiba	GER	PTF	2:0
dutch-open-2025	Senior Women -53kg	QF	243	BONALS ANARTE Laura	ESP	SPASOJEVIC Sara	CRO	PTF	2:0
dutch-open-2025	Senior Women -53kg	QF	244	GARCIA MARQUINA Sofia	ESP	AVDAGIC Ada	BIH	PTF	2:1
dutch-open-2025	Senior Women -53kg	SF	245	PEREZ PARRADO Alma maria	ESP	JONGKOLRATTANAWATTANA Chutikan	THA	PTF	2:1
dutch-open-2025	Senior Women -53kg	SF	246	BONALS ANARTE Laura	ESP	GARCIA MARQUINA Sofia	ESP	PTF	2:0
dutch-open-2025	Senior Women -53kg	F	846	PEREZ PARRADO Alma maria	ESP	BONALS ANARTE Laura	ESP	PTF	2:1
dutch-open-2025	Senior Women -57kg	R64	401	BETT Ava	GBR	BOWMAN Honey	GBR	PTF	2:0
dutch-open-2025	Senior Women -57kg	R64	402	STEINKUELER Frieda margarethe	GER	FOGED Rosmarin pietak	DEN	PTF	2:0
dutch-open-2025	Senior Women -57kg	R64	403	AYDIN Ela	GER	WAUTIER Lena	BEL	WDR	
dutch-open-2025	Senior Women -57kg	R64	404	LUCERNA Marta	ITA	BULOW Alice	SWE	PTF	2:0
dutch-open-2025	Senior Women -57kg	R64	405	MOUCH Sara	NED	SATZINGER Anna	GER	PTF	2:0
dutch-open-2025	Senior Women -57kg	R64	406	NUNEZ Jordana	CAN	BAEZ THOMAS Sofia	PUR	PTF	2:0
dutch-open-2025	Senior Women -57kg	R64	407	DE Alejandra	ESP	LAGHRISSI Nadira	SWE	PTF	2:1
dutch-open-2025	Senior Women -57kg	R64	408	DAGNET Divine luccia	FRA	KICINSKA Klaudia	POL	PTF	2:1
dutch-open-2025	Senior Women -57kg	R64	409	PEZZOLLA Lucia	ITA	ZAYTOUN Leila	QAT	PTF	2:0
dutch-open-2025	Senior Women -57kg	R64	410	TVARONAVICIUTE Klaudija	LTU	EL BARICHI Manal	GER	PTF	2:0
dutch-open-2025	Senior Women -57kg	R64	411	PRICOLO Marina	ITA	KARLBERG Tea	SWE	PTF	2:0
dutch-open-2025	Senior Women -57kg	R64	412	SCHLEUSSINGER Inga	GER	VAN PASSEL Amelie	BEL	PTF	2:1
dutch-open-2025	Senior Women -57kg	R64	413	CUMUR Azra	GER	MURRAY Kayla	IRL	RSC	1:1
dutch-open-2025	Senior Women -57kg	R64	414	TORRES TENA Elena	ESP	VAN DIJK Serena	SUR	PTF	2:0
dutch-open-2025	Senior Women -57kg	R64	415	LISOWSKA Nikol	POL	ZOUZOUA Lyna	FRA	PTF	2:1
dutch-open-2025	Senior Women -57kg	R32	416	CARABIN Kanelya	FRA	BETT Ava	GBR	PTF	2:0
dutch-open-2025	Senior Women -57kg	R32	417	BECKSTEIN Vanessa	GER	HARNSUJIN Phannapa	THA	PTF	2:0
dutch-open-2025	Senior Women -57kg	R32	418	NISHIDA Mao	JPN	STEINKUELER Frieda margarethe	GER	PTF	2:0
dutch-open-2025	Senior Women -57kg	R32	419	AYDIN Ela	GER	ROVITHIS Anastasia	GER	PTF	2:0
dutch-open-2025	Senior Women -57kg	R32	420	HRONOVA Dominika	CZE	LUCERNA Marta	ITA	PTF	2:0
dutch-open-2025	Senior Women -57kg	R32	421	MOUCH Sara	NED	KRAJEWSKA Agnieszka	POL	PTF	2:0
dutch-open-2025	Senior Women -57kg	R32	422	BANGURA Aisha	GER	NUNEZ Jordana	CAN	PTF	2:0
dutch-open-2025	Senior Women -57kg	R32	423	AL HALWANI Giada	ITA	DE Alejandra	ESP	PTF	2:0
dutch-open-2025	Senior Women -57kg	R32	424	VITKO Yuliya	AIN	DAGNET Divine luccia	FRA	PTF	2:0
dutch-open-2025	Senior Women -57kg	R32	425	PEZZOLLA Lucia	ITA	VAN WIJNGAARDEN Jada	ESP	PTF	2:1
dutch-open-2025	Senior Women -57kg	R32	426	TVARONAVICIUTE Klaudija	LTU	WOLF Jessica	GER	PTF	2:0
dutch-open-2025	Senior Women -57kg	R32	427	PRICOLO Marina	ITA	CAUSSE Estelle	FRA	PTF	2:0
dutch-open-2025	Senior Women -57kg	R32	428	RODRIGUEZ Laura	ESP	SCHLEUSSINGER Inga	GER	PTF	2:0
dutch-open-2025	Senior Women -57kg	R32	429	CHRISTY Beth	GBR	CUMUR Azra	GER	PTF	2:0
dutch-open-2025	Senior Women -57kg	R32	430	TORRES TENA Elena	ESP	GUAITA Greta	ITA	PTF	2:0
dutch-open-2025	Senior Women -57kg	R32	431	MERLOS ORDONEZ Judit	ESP	LISOWSKA Nikol	POL	PTF	2:1
dutch-open-2025	Senior Women -57kg	R16	432	CARABIN Kanelya	FRA	BECKSTEIN Vanessa	GER	PTF	2:1
dutch-open-2025	Senior Women -57kg	R16	433	NISHIDA Mao	JPN	AYDIN Ela	GER	PTF	2:1
dutch-open-2025	Senior Women -57kg	R16	434	HRONOVA Dominika	CZE	MOUCH Sara	NED	PTF	2:0
dutch-open-2025	Senior Women -57kg	R16	435	AL HALWANI Giada	ITA	BANGURA Aisha	GER	PTF	2:1
dutch-open-2025	Senior Women -57kg	R16	436	VITKO Yuliya	AIN	PEZZOLLA Lucia	ITA	PTF	2:0
dutch-open-2025	Senior Women -57kg	R16	437	TVARONAVICIUTE Klaudija	LTU	PRICOLO Marina	ITA	PTF	2:0
dutch-open-2025	Senior Women -57kg	R16	438	RODRIGUEZ Laura	ESP	CHRISTY Beth	GBR	PTF	2:0
dutch-open-2025	Senior Women -57kg	R16	439	TORRES TENA Elena	ESP	MERLOS ORDONEZ Judit	ESP	PTF	2:1
dutch-open-2025	Senior Women -57kg	QF	440	CARABIN Kanelya	FRA	NISHIDA Mao	JPN	PTF	2:1
dutch-open-2025	Senior Women -57kg	QF	441	HRONOVA Dominika	CZE	AL HALWANI Giada	ITA	PTF	2:0
dutch-open-2025	Senior Women -57kg	QF	442	VITKO Yuliya	AIN	TVARONAVICIUTE Klaudija	LTU	PTF	2:0
dutch-open-2025	Senior Women -57kg	QF	443	RODRIGUEZ Laura	ESP	TORRES TENA Elena	ESP	PTF	2:1
dutch-open-2025	Senior Women -57kg	SF	444	CARABIN Kanelya	FRA	HRONOVA Dominika	CZE	PTF	2:0
dutch-open-2025	Senior Women -57kg	SF	445	VITKO Yuliya	AIN	RODRIGUEZ Laura	ESP	PTF	2:0
dutch-open-2025	Senior Women -57kg	F	1043	CARABIN Kanelya	FRA	VITKO Yuliya	AIN	PTF	2:0
dutch-open-2025	Senior Women -62kg	R64	601	MANSOURI Leyla	BEL	TALHA Nouhayla	BEL	PTF	2:0
dutch-open-2025	Senior Women -62kg	R64	602	WIET HENIN Magda	FRA	MOCALINA Vladislava	LAT	PTF	2:0
dutch-open-2025	Senior Women -62kg	R64	603	SANTOS Caroline	BRA	REBON FEDOROVA Ekaterina	ESP	PTF	2:0
dutch-open-2025	Senior Women -62kg	R64	604	ARRONDO BELLOSO Ariadna	ESP	KAZIMOVA Nargiz	AZE	PTF	2:0
dutch-open-2025	Senior Women -62kg	R64	605	LANGOUSTE-ASSOUMAYA Lyhana	FRA	RUSKA Shanti	NED	PTF	2:0
dutch-open-2025	Senior Women -62kg	R64	606	CHARRON Alexandra	CAN	AKESSON STANDIG Sofie	SWE	PTF	2:1
dutch-open-2025	Senior Women -62kg	R32	610	MESTROVIC Dora	CRO	MANSOURI Leyla	BEL	PTF	2:0
dutch-open-2025	Senior Women -62kg	R32	611	SECANELL Elsa	ESP	MANGEN Lennie	LUX	PTF	2:0
dutch-open-2025	Senior Women -62kg	R32	612	STOLBOVA Petra	CZE	KAROPKA Emma novelie	GER	PTF	2:0
dutch-open-2025	Senior Women -62kg	R32	613	STAMOU Daphne	GRE	BALCI Edanur	GER	PTF	2:0
dutch-open-2025	Senior Women -62kg	R32	614	WIET HENIN Magda	FRA	ORTIZ BENITO Arlet	ESP	PTF	2:0
dutch-open-2025	Senior Women -62kg	R32	615	BLITEK Cloe	FRA	ANDERSSON Tindra	SWE	PTF	2:1
dutch-open-2025	Senior Women -62kg	R32	616	MARIC Ela	SRB	HUESCH Angelina	GER	PTF	2:0
dutch-open-2025	Senior Women -62kg	R32	617	SANTOS Caroline	BRA	SZPAK Julia	POL	PTF	2:0
dutch-open-2025	Senior Women -62kg	R32	618	KICEMA Helena	CRO	ARRONDO BELLOSO Ariadna	ESP	PTF	2:0
dutch-open-2025	Senior Women -62kg	R32	619	EK Isabella	SWE	DAGNET Miliane haizel	FRA	PTF	2:0
dutch-open-2025	Senior Women -62kg	R32	620	DINKOVIC Lena	CRO	ST-PIERRE Alycia	CAN	PTF	2:0
dutch-open-2025	Senior Women -62kg	R32	621	TONGCHAN Sasikarn	THA	LANGOUSTE-ASSOUMAYA Lyhana	FRA		
dutch-open-2025	Senior Women -62kg	R32	622	PRZYGODA Alina	GER	DEATON Danica	USA	PTF	2:1
dutch-open-2025	Senior Women -62kg	R32	623	DOUCET Teeyah	FRA	VALENTINO Viviana	GER	PTF	2:0
dutch-open-2025	Senior Women -62kg	R32	624	SOTO CASTILLO Isuangelis	PUR	NYMAN Ebba	SWE	PTF	2:0
dutch-open-2025	Senior Women -62kg	R32	625	GOEBEL Laura	GER	CHARRON Alexandra	CAN	PTF	2:0
dutch-open-2025	Senior Women -62kg	R16	628	MESTROVIC Dora	CRO	SECANELL Elsa	ESP	PTF	2:1
dutch-open-2025	Senior Women -62kg	R16	629	STOLBOVA Petra	CZE	STAMOU Daphne	GRE	PTF	2:1
dutch-open-2025	Senior Women -62kg	R16	630	WIET HENIN Magda	FRA	BLITEK Cloe	FRA	PTF	2:0
dutch-open-2025	Senior Women -62kg	R16	631	SANTOS Caroline	BRA	MARIC Ela	SRB	PTF	2:0
dutch-open-2025	Senior Women -62kg	R16	632	KICEMA Helena	CRO	EK Isabella	SWE	PTF	2:0
dutch-open-2025	Senior Women -62kg	R16	633	TONGCHAN Sasikarn	THA	DINKOVIC Lena	CRO	PTF	2:1
dutch-open-2025	Senior Women -62kg	R16	634	DOUCET Teeyah	FRA	PRZYGODA Alina	GER	PTF	2:0
dutch-open-2025	Senior Women -62kg	R16	635	GOEBEL Laura	GER	SOTO CASTILLO Isuangelis	PUR	PTF	2:0
dutch-open-2025	Senior Women -62kg	QF	637	STOLBOVA Petra	CZE	MESTROVIC Dora	CRO	PTF	2:0
dutch-open-2025	Senior Women -62kg	QF	638	WIET HENIN Magda	FRA	SANTOS Caroline	BRA	PTF	2:0
dutch-open-2025	Senior Women -62kg	QF	639	TONGCHAN Sasikarn	THA	KICEMA Helena	CRO	PTF	2:0
dutch-open-2025	Senior Women -62kg	QF	640	DOUCET Teeyah	FRA	GOEBEL Laura	GER	PTF	2:0
dutch-open-2025	Senior Women -62kg	SF	641	STOLBOVA Petra	CZE	WIET HENIN Magda	FRA	WDR	
dutch-open-2025	Senior Women -62kg	SF	642	TONGCHAN Sasikarn	THA	DOUCET Teeyah	FRA	PTF	2:0
dutch-open-2025	Senior Women -62kg	F	1045	TONGCHAN Sasikarn	THA	STOLBOVA Petra	CZE	PTF	2:0
dutch-open-2025	Senior Women -67kg	R32	1204	MAGGIORE Giulia	ITA	FABER Isabelle	LUX	PTF	2:0
dutch-open-2025	Senior Women -67kg	R32	1205	MAGDIC Matea	CRO	TOMCZAK Tatiana	POL	PTF	2:0
dutch-open-2025	Senior Women -67kg	R32	1206	YOUKOUBOVA Karina	FRA	IVANOVA Alina	AIN	PTF	2:0
dutch-open-2025	Senior Women -67kg	R32	1207	FREDERIKSEN Kathrine kamp nordentoft	DEN	BEAULIEU Gabrielle	CAN	PTF	2:0
dutch-open-2025	Senior Women -67kg	R32	1208	MEHNANA Ines	FRA	KREUZER Kim vivian	GER	PTF	2:0
dutch-open-2025	Senior Women -67kg	R32	1209	SKAPROVSKA Valeriia	AIN	BAUER Caroline	GER	PTF	2:0
dutch-open-2025	Senior Women -67kg	R32	1210	CASTRO BURGOS Cecilia	ESP	MIKALEVICIUTE Melita	LTU	PTF	2:0
dutch-open-2025	Senior Women -67kg	R32	1211	KOERNDL Vanessa	GER	DIAZ Isabella	PUR	PTF	2:0
dutch-open-2025	Senior Women -67kg	R32	1212	ZOE Gueli	HUN	WARZECHA Alina	GER	PTF	2:0
dutch-open-2025	Senior Women -67kg	R32	1213	D'ANGELO Natalia	ITA	GOUWS Emma	AUS	PTF	2:0
dutch-open-2025	Senior Women -67kg	R32	1214	KOWALKOWSKA Justyna	POL	KILIC Melike	BEL	PTF	2:0
dutch-open-2025	Senior Women -67kg	R32	1215	KLEPAC Nika	CRO	MAJIDOVA Fatima	AZE	PTF	2:0
dutch-open-2025	Senior Women -67kg	R32	1216	MORENO REYES Lena	ESP	MEDD Saskia	AUS	PTF	2:0
dutch-open-2025	Senior Women -67kg	R32	1217	MEHMEDOVIC Nadina	BIH	HODZIC Nihada	BIH	PTF	2:0
dutch-open-2025	Senior Women -67kg	R16	1224	PERISIC Aleksandra	SRB	MAGGIORE Giulia	ITA	PTF	2:0
dutch-open-2025	Senior Women -67kg	R16	1225	YOUKOUBOVA Karina	FRA	MAGDIC Matea	CRO	PTF	2:0
dutch-open-2025	Senior Women -67kg	R16	1226	MEHNANA Ines	FRA	FREDERIKSEN Kathrine kamp nordentoft	DEN	PTF	2:0
dutch-open-2025	Senior Women -67kg	R16	1227	CASTRO BURGOS Cecilia	ESP	SKAPROVSKA Valeriia	AIN	PTF	2:0
dutch-open-2025	Senior Women -67kg	R16	1228	KOERNDL Vanessa	GER	ZOE Gueli	HUN	PTF	2:0
dutch-open-2025	Senior Women -67kg	R16	1229	KOWALKOWSKA Justyna	POL	D'ANGELO Natalia	ITA	PTF	2:0
dutch-open-2025	Senior Women -67kg	R16	1230	MORENO REYES Lena	ESP	KLEPAC Nika	CRO	PTF	2:0
dutch-open-2025	Senior Women -67kg	R16	1231	ANDRIC Leonarda	CAN	MEHMEDOVIC Nadina	BIH	PTF	2:0
dutch-open-2025	Senior Women -67kg	QF	1236	PERISIC Aleksandra	SRB	YOUKOUBOVA Karina	FRA	PTG	2:0
dutch-open-2025	Senior Women -67kg	QF	1237	CASTRO BURGOS Cecilia	ESP	MEHNANA Ines	FRA	PTF	2:0
dutch-open-2025	Senior Women -67kg	QF	1238	KOERNDL Vanessa	GER	KOWALKOWSKA Justyna	POL	PTF	2:0
dutch-open-2025	Senior Women -67kg	QF	1239	MORENO REYES Lena	ESP	ANDRIC Leonarda	CAN	PTF	2:0
dutch-open-2025	Senior Women -67kg	SF	1242	PERISIC Aleksandra	SRB	CASTRO BURGOS Cecilia	ESP	PTF	2:0
dutch-open-2025	Senior Women -67kg	SF	1243	MORENO REYES Lena	ESP	KOERNDL Vanessa	GER	PTF	2:1
dutch-open-2025	Senior Women -67kg	F	1145	PERISIC Aleksandra	SRB	MORENO REYES Lena	ESP	PTF	2:0
dutch-open-2025	Senior Women -73kg	R32	1006	GARCIA SUAREZ Helena	ESP	FACCHIN Maressa	ITA	PTF	2:0
dutch-open-2025	Senior Women -73kg	R32	1007	HUTZEN Hanna	GER	SODERHJELM Frida	SWE	PTF	2:0
dutch-open-2025	Senior Women -73kg	R32	1008	KURKAC Ilayda	GER	HELDNER Laura	SUI	PTF	2:0
dutch-open-2025	Senior Women -73kg	R32	1009	MARTINEZ Ana	ESP	KERR Leah	IRL		
dutch-open-2025	Senior Women -73kg	R32	1106	LAURIN Althea	FRA	AGUIRRE Fernanda	CHI	PTF	2:0
dutch-open-2025	Senior Women -73kg	R32	1107	NOWAK Julia	POL	LOPEZ LAUREANO Valeria	PUR	PTF	2:0
dutch-open-2025	Senior Women -73kg	R32	1108	HELVIGA Viktorija	LAT	FERNANDEZ INSA Julia	ESP	PTF	2:0
dutch-open-2025	Senior Women -73kg	R16	1022	HELVIGA Viktorija	LAT	SEELE Lisa-marie	GER	PTF	2:0
dutch-open-2025	Senior Women -73kg	R16	1023	GARCIA SUAREZ Helena	ESP	HOERMANN Emily	GER	PTF	2:0
dutch-open-2025	Senior Women -73kg	R16	1024	OREC Ariana	CRO	HUTZEN Hanna	GER	PTF	2:0
dutch-open-2025	Senior Women -73kg	R16	1025	KURKAC Ilayda	GER	NEDIC Marlen sophie	GER	PTF	2:1
dutch-open-2025	Senior Women -73kg	R16	1026	DIAKITE Bintou	FRA	MARTINEZ Ana	ESP	PTF	2:0
dutch-open-2025	Senior Women -73kg	R16	1127	LAURIN Althea	FRA	JIRANKOVA Iveta	CZE	PTF	2:0
dutch-open-2025	Senior Women -73kg	R16	1128	VALLO ZURDO Ane	ESP	MORAN ROMERO Belen	ESP	PTF	2:1
dutch-open-2025	Senior Women -73kg	R16	1129	NOWAK Julia	POL	PRZYBYSZ Weronika	POL	PTF	2:0
dutch-open-2025	Senior Women -73kg	QF	1034	HELVIGA Viktorija	LAT	NOWAK Julia	POL	PTF	2:1
dutch-open-2025	Senior Women -73kg	QF	1035	OREC Ariana	CRO	GARCIA SUAREZ Helena	ESP	PTF	2:1
dutch-open-2025	Senior Women -73kg	QF	1036	DIAKITE Bintou	FRA	KURKAC Ilayda	GER	PTF	2:0
dutch-open-2025	Senior Women -73kg	QF	1138	LAURIN Althea	FRA	VALLO ZURDO Ane	ESP	PTF	2:0
dutch-open-2025	Senior Women -73kg	SF	1041	LAURIN Althea	FRA	HELVIGA Viktorija	LAT	PTF	2:0
dutch-open-2025	Senior Women -73kg	SF	1042	OREC Ariana	CRO	DIAKITE Bintou	FRA	PTF	2:1
dutch-open-2025	Senior Women -73kg	F	947	LAURIN Althea	FRA	OREC Ariana	CRO	PTF	2:0
dutch-open-2025	Senior Women +73kg	R32	1001	CIUCHITU Ana	ITA	KERR Rachel	IRL	PTF	2:0
dutch-open-2025	Senior Women +73kg	R32	1002	HAWASH Dania	SWE	RIVADULLA Desiree	ESP	PTF	2:0
dutch-open-2025	Senior Women +73kg	R32	1003	KLOOSTERMAN Famke	NED	PASTOR Ainhoa	ESP		
dutch-open-2025	Senior Women +73kg	R16	1010	BRANDL Lorena	GER	CIUCHITU Ana	ITA	PTF	2:0
dutch-open-2025	Senior Women +73kg	R16	1011	ROMAN TORRES Naishka	PUR	HAMADACHE Emna	FRA	PTF	2:1
dutch-open-2025	Senior Women +73kg	R16	1012	VIANA Alena	USA	SHVEDKOVA Polina	AIN	PTF	2:1
dutch-open-2025	Senior Women +73kg	R16	1013	KOWALCZUK Aleksandra	POL	LEON COROZO Andrea naiara	ESP	PTF	2:0
dutch-open-2025	Senior Women +73kg	R16	1014	CASTINEIRA Tania	ESP	HAWASH Dania	SWE	PTF	2:0
dutch-open-2025	Senior Women +73kg	R16	1015	AVOULETTE Solene	FRA	MOHAMMED Noor nazar	QAT	PTF	2:0
dutch-open-2025	Senior Women +73kg	R16	1016	KECK Hannah	USA	OUASSOU Mouna	FRA	PTF	2:0
dutch-open-2025	Senior Women +73kg	R16	1017	HAREMZA Dagmara	POL	KLOOSTERMAN Famke	NED	PTF	2:0
dutch-open-2025	Senior Women +73kg	QF	1027	BRANDL Lorena	GER	ROMAN TORRES Naishka	PUR	PTF	2:0
dutch-open-2025	Senior Women +73kg	QF	1028	KOWALCZUK Aleksandra	POL	VIANA Alena	USA	PTF	2:0
dutch-open-2025	Senior Women +73kg	QF	1029	AVOULETTE Solene	FRA	CASTINEIRA Tania	ESP	PTF	2:0
dutch-open-2025	Senior Women +73kg	QF	1030	HAREMZA Dagmara	POL	KECK Hannah	USA	PTF	2:1
dutch-open-2025	Senior Women +73kg	SF	1037	BRANDL Lorena	GER	KOWALCZUK Aleksandra	POL	PTF	2:0
dutch-open-2025	Senior Women +73kg	SF	1038	AVOULETTE Solene	FRA	HAREMZA Dagmara	POL	PTF	2:0
dutch-open-2025	Senior Women +73kg	F	1147	BRANDL Lorena	GER	AVOULETTE Solene	FRA	PTF	2:0
belgian-open-2025	Senior Men -54kg	R32	203	DANGNOK Nattaporn	THA	KAMKASOUMPHOU Aissa	FRA	PTF	2:0
belgian-open-2025	Senior Men -54kg	R32	204	MARWAN Mussa	SWE	HOARAU Ichem	FRA	PTF	2:0
belgian-open-2025	Senior Men -54kg	R32	205	BAILEY Thomas	GBR	AKAOUI Hamza	FRA	PTF	2:0
belgian-open-2025	Senior Men -54kg	R32	206	RAZAKASOA Andrew	FRA	ZENTENO Angel caballero	GER	PTF	2:0
belgian-open-2025	Senior Men -54kg	R32	207	GULUZADE Bahruz	AZE	CHANG Lenny	FRA	PTF	2:0
belgian-open-2025	Senior Men -54kg	R32	208	QALA Abdulmajeed mohammed t	KSA	REDING Alan je	LUX	PTF	2:0
belgian-open-2025	Senior Men -54kg	R32	209	MAMMADOV Khidir	AZE	LEE Geonho	KOR	PTF	2:0
belgian-open-2025	Senior Men -54kg	R32	210	BOUHAJEB Yassine	FRA	CHANG Simon	FRA		
belgian-open-2025	Senior Men -54kg	R16	215	DANGNOK Nattaporn	THA	ALESIO CAPOLINI Mathis	FRA	PTF	2:0
belgian-open-2025	Senior Men -54kg	R16	216	MARWAN Mussa	SWE	KITADE Tatsuya	JPN	PTF	2:0
belgian-open-2025	Senior Men -54kg	R16	217	GARCIA Noah	FRA	BAILEY Thomas	GBR	PTF	2:0
belgian-open-2025	Senior Men -54kg	R16	218	BOUKARNIA Hamza	FRA	RAZAKASOA Andrew	FRA	PTF	2:0
belgian-open-2025	Senior Men -54kg	R16	219	GULUZADE Bahruz	AZE	DELGADO David	ESP	PTF	2:0
belgian-open-2025	Senior Men -54kg	R16	220	QALA Abdulmajeed mohammed t	KSA	BERUBE Zachary	CAN	PTF	2:1
belgian-open-2025	Senior Men -54kg	R16	221	MAMMADOV Khidir	AZE	BAHROUM Mohamed	FRA	PTF	2:0
belgian-open-2025	Senior Men -54kg	R16	222	HEALY Seth	AUS	BOUHAJEB Yassine	FRA	PTF	2:0
belgian-open-2025	Senior Men -54kg	QF	223	MARWAN Mussa	SWE	DANGNOK Nattaporn	THA	PTF	2:1
belgian-open-2025	Senior Men -54kg	QF	224	GARCIA Noah	FRA	BOUKARNIA Hamza	FRA	PTF	2:1
belgian-open-2025	Senior Men -54kg	QF	225	GULUZADE Bahruz	AZE	QALA Abdulmajeed mohammed t	KSA	PTF	2:1
belgian-open-2025	Senior Men -54kg	QF	226	MAMMADOV Khidir	AZE	HEALY Seth	AUS	PTF	2:0
belgian-open-2025	Senior Men -54kg	SF	227	MARWAN Mussa	SWE	GARCIA Noah	FRA	PTF	2:1
belgian-open-2025	Senior Men -54kg	SF	228	GULUZADE Bahruz	AZE	MAMMADOV Khidir	AZE	PTF	2:1
belgian-open-2025	Senior Men -54kg	F	229	GULUZADE Bahruz	AZE	MARWAN Mussa	SWE	PTF	2:1
belgian-open-2025	Senior Men -58kg	R32	903	LABONG Finn	GBR	MOZAFARI Ehsan	NED	PTF	2:0
belgian-open-2025	Senior Men -58kg	R32	904	ALLEN Chris	USA	DORE Anthony	FRA	PTF	2:1
belgian-open-2025	Senior Men -58kg	R32	905	MAHAMAD Sirawit	THA	SAHLI Bilal	FRA	PTF	2:0
belgian-open-2025	Senior Men -58kg	R32	906	DE MORAES Giovanni aubin	BRA	MARA Jibryl	FRA	PTF	2:0
belgian-open-2025	Senior Men -58kg	R32	907	BATHILY Sirre	FRA	EL HILALI Ayoub	BEL		
belgian-open-2025	Senior Men -58kg	R16	910	RODRIGUEZ Ilay	PUR	LABONG Finn	GBR	PTF	2:0
belgian-open-2025	Senior Men -58kg	R16	911	BOUKARNIA Amine	FRA	VALIYEV Rahid	AZE	PTF	2:1
belgian-open-2025	Senior Men -58kg	R16	912	SIMPARA Youssouf	MLI	ALLEN Chris	USA	PTF	2:1
belgian-open-2025	Senior Men -58kg	R16	913	MAHAMAD Sirawit	THA	MOLLE Milan	NED	PTF	2:1
belgian-open-2025	Senior Men -58kg	R16	914	DE MORAES Giovanni aubin	BRA	BEDART Samuel	FRA	PTF	2:0
belgian-open-2025	Senior Men -58kg	R16	915	DADASHOV Sayyad	AZE	SARSOZA Zack	GBR	PTF	2:1
belgian-open-2025	Senior Men -58kg	R16	916	MANENKOV Maksym	UKR	BENITEZ Norberto	PUR	PTF	2:0
belgian-open-2025	Senior Men -58kg	R16	917	CONTRERAS Aaron	CHI	BATHILY Sirre	FRA	PTF	2:0
belgian-open-2025	Senior Men -58kg	QF	920	BOUKARNIA Amine	FRA	RODRIGUEZ Ilay	PUR	PTF	2:1
belgian-open-2025	Senior Men -58kg	QF	921	MAHAMAD Sirawit	THA	SIMPARA Youssouf	MLI	PTF	2:1
belgian-open-2025	Senior Men -58kg	QF	922	DADASHOV Sayyad	AZE	DE MORAES Giovanni aubin	BRA	PTF	2:0
belgian-open-2025	Senior Men -58kg	QF	923	CONTRERAS Aaron	CHI	MANENKOV Maksym	UKR	PTF	2:1
belgian-open-2025	Senior Men -58kg	SF	926	BOUKARNIA Amine	FRA	MAHAMAD Sirawit	THA	PTF	2:1
belgian-open-2025	Senior Men -58kg	SF	927	CONTRERAS Aaron	CHI	DADASHOV Sayyad	AZE	PTF	2:1
belgian-open-2025	Senior Men -58kg	F	929	CONTRERAS Aaron	CHI	BOUKARNIA Amine	FRA	WDR	
belgian-open-2025	Senior Men -63kg	R64	401	MIRZOIEV Samir	UKR	OUADRIA Nabil	ALG	PTF	2:0
belgian-open-2025	Senior Men -63kg	R64	501	DOWN Harrison	AUS	AKHLAGI Mohammad asif	SUI	PTF	2:1
belgian-open-2025	Senior Men -63kg	R64	502	HIGASHIJIMA Seiya	JPN	COULIBALY Fadeby	LUX	PTF	2:0
belgian-open-2025	Senior Men -63kg	R32	404	MIRZOIEV Samir	UKR	MAEDA Hidetaka	JPN	PTF	2:0
belgian-open-2025	Senior Men -63kg	R32	503	RAMOS Gabriel	BRA	YOOSOMSRI Nontawat	GER	PTF	2:0
belgian-open-2025	Senior Men -63kg	R32	504	FUNKENDORF Vladyslav	UKR	HENDRIKS Daan	NED	DSQ	
belgian-open-2025	Senior Men -63kg	R32	505	SETRODIPO Jayden	NED	HAMMANI Marwane	BEL	PTF	2:0
belgian-open-2025	Senior Men -63kg	R32	506	COMPRELLE Enzo	FRA	ANDARABI Habil	GER	PTF	2:0
belgian-open-2025	Senior Men -63kg	R32	507	BORGEN Kristian storsul	NOR	DOWN Harrison	AUS	PTF	2:0
belgian-open-2025	Senior Men -63kg	R32	508	MASSIMINO Christian	AUS	LACHMAN Shivan	NED	PTF	2:0
belgian-open-2025	Senior Men -63kg	R32	509	MAGOMEDOV Gashim	AZE	PIERARD Lucas	BEL	PTF	2:0
belgian-open-2025	Senior Men -63kg	R32	510	CHAN Kin fung	HKG	AMIRALIYEV Farid	AZE	PTF	2:1
belgian-open-2025	Senior Men -63kg	R32	511	SRITIMONGKOL Napat	THA	CLOTAIL Shahin	FRA	PTF	2:0
belgian-open-2025	Senior Men -63kg	R32	512	LOMARTIRE Matias	ITA	LEMMENS Noah	BEL	PTF	2:1
belgian-open-2025	Senior Men -63kg	R32	513	KONATE Ben younouss	CIV	VAN LIMPT Joep	NED	PTF	2:1
belgian-open-2025	Senior Men -63kg	R32	514	BETEL Casimir	CHA	HIGASHIJIMA Seiya	JPN	PTF	2:0
belgian-open-2025	Senior Men -63kg	R32	610	TAHMAZOV Fuad	AZE	SCHOENMAKERS Shymano	NED	PTF	2:0
belgian-open-2025	Senior Men -63kg	R32	611	KHAKSAR Shahram	GER	MOERMANS Seppe	BEL	WDR	
belgian-open-2025	Senior Men -63kg	R32	612	DELEVAL Herwan	FRA	BALTAQI Mohamed	FRA	PTF	2:0
belgian-open-2025	Senior Men -63kg	R16	515	DELEVAL Herwan	FRA	KHAKSAR Shahram	GER	PTF	2:1
belgian-open-2025	Senior Men -63kg	R16	516	RAMOS Gabriel	BRA	FUNKENDORF Vladyslav	UKR	PTF	2:0
belgian-open-2025	Senior Men -63kg	R16	517	SETRODIPO Jayden	NED	COMPRELLE Enzo	FRA	PTF	2:1
belgian-open-2025	Senior Men -63kg	R16	518	BORGEN Kristian storsul	NOR	MASSIMINO Christian	AUS	PTF	2:0
belgian-open-2025	Senior Men -63kg	R16	519	MAGOMEDOV Gashim	AZE	CHAN Kin fung	HKG	PTF	2:0
belgian-open-2025	Senior Men -63kg	R16	520	SRITIMONGKOL Napat	THA	LOMARTIRE Matias	ITA	PTF	2:0
belgian-open-2025	Senior Men -63kg	R16	521	BETEL Casimir	CHA	KONATE Ben younouss	CIV	PTF	2:1
belgian-open-2025	Senior Men -63kg	R16	617	MIRZOIEV Samir	UKR	TAHMAZOV Fuad	AZE	PTF	2:0
belgian-open-2025	Senior Men -63kg	QF	522	MIRZOIEV Samir	UKR	DELEVAL Herwan	FRA	PTF	2:1
belgian-open-2025	Senior Men -63kg	QF	523	RAMOS Gabriel	BRA	SETRODIPO Jayden	NED	PTF	2:0
belgian-open-2025	Senior Men -63kg	QF	524	MAGOMEDOV Gashim	AZE	BORGEN Kristian storsul	NOR	PTF	2:0
belgian-open-2025	Senior Men -63kg	QF	525	BETEL Casimir	CHA	SRITIMONGKOL Napat	THA	PTF	2:1
belgian-open-2025	Senior Men -63kg	SF	526	RAMOS Gabriel	BRA	MIRZOIEV Samir	UKR	PTF	2:1
belgian-open-2025	Senior Men -63kg	SF	527	MAGOMEDOV Gashim	AZE	BETEL Casimir	CHA	PTF	2:0
belgian-open-2025	Senior Men -63kg	F	528	RAMOS Gabriel	BRA	MAGOMEDOV Gashim	AZE	PTF	2:1
belgian-open-2025	Senior Men -68kg	R64	901	COULIBALY Sekou	LUX	MISIEDJAN Bendjino	SUR	PTF	2:0
belgian-open-2025	Senior Men -68kg	R32	908	MAIGA Ibrahim	BUR	COULIBALY Sekou	LUX	PTF	2:0
belgian-open-2025	Senior Men -68kg	R32	1001	KUMAR Siddarth	NED	MEROUANE Brahim	FRA	PTF	2:0
belgian-open-2025	Senior Men -68kg	R32	1002	FALCO Antonio	ITA	MAKHOUKH Mazine	FRA	PTF	2:0
belgian-open-2025	Senior Men -68kg	R32	1003	AL GHOTANY Yahya	RTA	BOON Joram	NED	PTF	2:0
belgian-open-2025	Senior Men -68kg	R32	1004	TSURUOKA Rei	JPN	BRECELY Beau	AUS	PTF	2:0
belgian-open-2025	Senior Men -68kg	R32	1005	SARR Matar	FRA	NAZARIO SANCHEZ Edgardo	PUR	PTF	2:0
belgian-open-2025	Senior Men -68kg	R32	1006	SHIRALIYEV Riyad	AZE	ROSADO CRUZ Yandel	PUR	PTF	2:0
belgian-open-2025	Senior Men -68kg	R32	1007	TUBTIMDANG Banlung	THA	MAKOYAN Chero	BEL	PTF	2:0
belgian-open-2025	Senior Men -68kg	R32	1008	ALAPHILIPPE Souleyman	FRA	JAKOBSEN Carl cai brink	DEN	PTF	2:0
belgian-open-2025	Senior Men -68kg	R32	1009	ALIAN Ali	SWE	SANTIAGO BURGOS Jose daniel	PUR	PTF	2:0
belgian-open-2025	Senior Men -68kg	R32	1010	HARRIS Khalfani	USA	SALIMOV Vasif	AZE	PTF	2:0
belgian-open-2025	Senior Men -68kg	R32	1011	OLIVERO TORO Cristian	CHI	MIRZOIEV Simur	UKR	PTF	2:0
belgian-open-2025	Senior Men -68kg	R32	1012	BYSTROV Volodymyr	UKR	PAVIN Simon	SWE	PTF	2:0
belgian-open-2025	Senior Men -68kg	R32	1013	CAULO Gabriele	ITA	HUSREV Victor	GER	PTF	2:0
belgian-open-2025	Senior Men -68kg	R32	1014	HAKOBYAN Hrach	GER	SIFAOUI Sofiane	FRA	PTF	2:0
belgian-open-2025	Senior Men -68kg	R32	1015	LO Wai fung	HKG	DIALLO Thierno mamadou djogo	GUI	PTF	2:0
belgian-open-2025	Senior Men -68kg	R16	1016	MAIGA Ibrahim	BUR	KUMAR Siddarth	NED	PTF	2:0
belgian-open-2025	Senior Men -68kg	R16	1017	FALCO Antonio	ITA	AL GHOTANY Yahya	RTA	PTF	2:0
belgian-open-2025	Senior Men -68kg	R16	1018	TSURUOKA Rei	JPN	SARR Matar	FRA	PTF	2:1
belgian-open-2025	Senior Men -68kg	R16	1019	TUBTIMDANG Banlung	THA	SHIRALIYEV Riyad	AZE	PTF	2:0
belgian-open-2025	Senior Men -68kg	R16	1020	ALAPHILIPPE Souleyman	FRA	ALIAN Ali	SWE	PTF	2:0
belgian-open-2025	Senior Men -68kg	R16	1021	OLIVERO TORO Cristian	CHI	HARRIS Khalfani	USA	PTF	2:1
belgian-open-2025	Senior Men -68kg	R16	1022	BYSTROV Volodymyr	UKR	CAULO Gabriele	ITA	PTF	2:0
belgian-open-2025	Senior Men -68kg	R16	1023	HAKOBYAN Hrach	GER	LO Wai fung	HKG	PTF	2:0
belgian-open-2025	Senior Men -68kg	QF	1024	MAIGA Ibrahim	BUR	FALCO Antonio	ITA	PTF	2:0
belgian-open-2025	Senior Men -68kg	QF	1025	TUBTIMDANG Banlung	THA	TSURUOKA Rei	JPN	PTF	2:0
belgian-open-2025	Senior Men -68kg	QF	1026	ALAPHILIPPE Souleyman	FRA	OLIVERO TORO Cristian	CHI	PTF	2:0
belgian-open-2025	Senior Men -68kg	QF	1027	BYSTROV Volodymyr	UKR	HAKOBYAN Hrach	GER	PTF	2:0
belgian-open-2025	Senior Men -68kg	SF	1028	TUBTIMDANG Banlung	THA	MAIGA Ibrahim	BUR	PTF	2:1
belgian-open-2025	Senior Men -68kg	SF	1029	ALAPHILIPPE Souleyman	FRA	BYSTROV Volodymyr	UKR	PTF	2:1
belgian-open-2025	Senior Men -68kg	F	1030	TUBTIMDANG Banlung	THA	ALAPHILIPPE Souleyman	FRA	WDR	
belgian-open-2025	Senior Men -74kg	R32	402	TAVAREZ Jann dennis	PUR	VAN DER MEER Sjoerd	NED	PTF	2:0
belgian-open-2025	Senior Men -74kg	R32	403	TAM Ching nam	HKG	ZUNZARREN Inigo	ESP		
belgian-open-2025	Senior Men -74kg	R16	408	RODRIGUES Victor	USA	TAVAREZ Jann dennis	PUR	PTF	2:0
belgian-open-2025	Senior Men -74kg	R16	409	PETIT PHAR Shannon	FRA	DAVASON Hogni	FRO	PTF	2:1
belgian-open-2025	Senior Men -74kg	R16	410	MIGUEL Moncef	FRA	VESTERLUND Linus	SWE	PTF	2:1
belgian-open-2025	Senior Men -74kg	R16	411	AMRI Bassem	FRA	BERGMAN Tintin	SWE	PTF	2:0
belgian-open-2025	Senior Men -74kg	R16	412	DAWOUD Omer	DEN	AGAOGLU Osman	AUS	PTF	2:0
belgian-open-2025	Senior Men -74kg	R16	413	CELIN Lyve-stone	FRA	AIT NACER Ayoub	FRA	RSC	2:0
belgian-open-2025	Senior Men -74kg	R16	414	O FOFANA Seydou	FRA	GUET Matteo	FRA	PTF	2:0
belgian-open-2025	Senior Men -74kg	R16	415	GALLAND Warrick	SUI	TAM Ching nam	HKG	PTF	2:0
belgian-open-2025	Senior Men -74kg	QF	420	RODRIGUES Victor	USA	PETIT PHAR Shannon	FRA	PTF	2:0
belgian-open-2025	Senior Men -74kg	QF	421	MIGUEL Moncef	FRA	AMRI Bassem	FRA	PTF	2:1
belgian-open-2025	Senior Men -74kg	QF	422	DAWOUD Omer	DEN	CELIN Lyve-stone	FRA	PTF	2:1
belgian-open-2025	Senior Men -74kg	QF	423	O FOFANA Seydou	FRA	GALLAND Warrick	SUI	PTF	2:1
belgian-open-2025	Senior Men -74kg	SF	426	RODRIGUES Victor	USA	MIGUEL Moncef	FRA	PTF	2:0
belgian-open-2025	Senior Men -74kg	SF	427	DAWOUD Omer	DEN	O FOFANA Seydou	FRA	PTF	2:0
belgian-open-2025	Senior Men -74kg	F	429	DAWOUD Omer	DEN	RODRIGUES Victor	USA	PTF	2:0
belgian-open-2025	Senior Men -80kg	R32	1101	HOSSEINIBIJIKOLA Omid	GER	CRAVEN-SMITH Ryder	GBR	PTF	2:0
belgian-open-2025	Senior Men -80kg	R32	1102	MERCER Jack  woody	THA	HISENI Luan	GER	PTF	2:0
belgian-open-2025	Senior Men -80kg	R32	1103	MERCIER Charlelie	CAN	COLAK Nayan can	GER	PTF	2:0
belgian-open-2025	Senior Men -80kg	R32	1104	NIKS Pascal	NED	KARABACAK Cihan	BEL	PTF	2:0
belgian-open-2025	Senior Men -80kg	R32	1105	FELICITE Lawrence	FRA	LAWSON Matheo	TOG	PTF	2:1
belgian-open-2025	Senior Men -80kg	R32	1106	JERMAMI Mehdi	FRA	AL HISNAWI Karim	NED		
belgian-open-2025	Senior Men -80kg	R16	1108	NICKOLAS CJ	USA	HOSSEINIBIJIKOLA Omid	GER	PTF	2:1
belgian-open-2025	Senior Men -80kg	R16	1109	AGHAYEV Javad	AZE	THUNE Sebastian	NOR	PTF	2:0
belgian-open-2025	Senior Men -80kg	R16	1110	SWEENEY Liam	AUS	MERCER Jack  woody	THA	PTF	2:0
belgian-open-2025	Senior Men -80kg	R16	1111	CHURCHILL Joaquin	CHI	MERCIER Charlelie	CAN	PTF	2:0
belgian-open-2025	Senior Men -80kg	R16	1112	COULIBALY Ismael	MLI	NIKS Pascal	NED	PTF	2:0
belgian-open-2025	Senior Men -80kg	R16	1113	WEIDUM Dion	NED	FELICITE Lawrence	FRA	WDR	
belgian-open-2025	Senior Men -80kg	R16	1114	MENDY Mohamed	FRA	PHILLIPS Max	AUS	PTF	2:0
belgian-open-2025	Senior Men -80kg	R16	1115	MANSOURI Farzad	RTA	JERMAMI Mehdi	FRA	PTF	2:0
belgian-open-2025	Senior Men -80kg	QF	1120	NICKOLAS CJ	USA	AGHAYEV Javad	AZE	PTF	2:0
belgian-open-2025	Senior Men -80kg	QF	1121	CHURCHILL Joaquin	CHI	SWEENEY Liam	AUS	PTF	2:0
belgian-open-2025	Senior Men -80kg	QF	1122	WEIDUM Dion	NED	COULIBALY Ismael	MLI	PTF	2:0
belgian-open-2025	Senior Men -80kg	QF	1123	MANSOURI Farzad	RTA	MENDY Mohamed	FRA	PTF	2:0
belgian-open-2025	Senior Men -80kg	SF	1126	NICKOLAS CJ	USA	CHURCHILL Joaquin	CHI	PTF	2:0
belgian-open-2025	Senior Men -80kg	SF	1127	MANSOURI Farzad	RTA	WEIDUM Dion	NED	PTF	2:0
belgian-open-2025	Senior Men -80kg	F	1129	NICKOLAS CJ	USA	MANSOURI Farzad	RTA	PTF	2:0
belgian-open-2025	Senior Men -87kg	R16	306	SULEYMANOV Taleh	AZE	FARMAKAS Erik	SWE	PTF	2:0
belgian-open-2025	Senior Men -87kg	R16	307	GAFAROV Eltaj	AZE	ALEJANDRO-VARGAS Diego	PUR	PTF	2:0
belgian-open-2025	Senior Men -87kg	R16	308	JURGENS Joshua noel	GER	DOGRU Munir furkan	TUR	PTF	2:0
belgian-open-2025	Senior Men -87kg	R16	309	THEOCHAROUS Andreas	CYP	VAN DEN ENDEN Tom	NED	PTF	2:0
belgian-open-2025	Senior Men -87kg	R16	310	KINSANSI Steve	FRA	FRONDA Sandro	SWE	PTF	2:0
belgian-open-2025	Senior Men -87kg	QF	317	BOUZID SOUIHILI Ismael	FRA	SULEYMANOV Taleh	AZE	PTF	2:0
belgian-open-2025	Senior Men -87kg	QF	318	GAFAROV Eltaj	AZE	JURGENS Joshua noel	GER	PTF	2:0
belgian-open-2025	Senior Men -87kg	QF	319	ORDEMANN Richard andre	NOR	THEOCHAROUS Andreas	CYP	PTF	2:0
belgian-open-2025	Senior Men -87kg	QF	320	MEHNANA Nahil	FRA	KINSANSI Steve	FRA	WDR	
belgian-open-2025	Senior Men -87kg	SF	325	BOUZID SOUIHILI Ismael	FRA	GAFAROV Eltaj	AZE	PTF	2:0
belgian-open-2025	Senior Men -87kg	SF	326	ORDEMANN Richard andre	NOR	MEHNANA Nahil	FRA	PTF	2:0
belgian-open-2025	Senior Men -87kg	F	329	ORDEMANN Richard andre	NOR	BOUZID SOUIHILI Ismael	FRA	PTF	2:0
belgian-open-2025	Senior Men +87kg	R16	1107	DIABY Boubacar	MLI	NIEVES TORRES Victor manuel	PUR	PTF	2:0
belgian-open-2025	Senior Men +87kg	QF	1116	HEALY Jonathan	USA	DIABY Boubacar	MLI	PTF	2:0
belgian-open-2025	Senior Men +87kg	QF	1117	TELIKOSTOGLOU Apostolos	GRE	BADRIALIABADI Hamidreza	AZE	PTF	2:0
belgian-open-2025	Senior Men +87kg	QF	1118	GOMIS Paivou johnouario	GBS	BRINK Kevin	SWE	PTF	2:0
belgian-open-2025	Senior Men +87kg	QF	1119	EL YAZIDI Omar	FRA	BRADING Rasmus	SWE	PTF	2:0
belgian-open-2025	Senior Men +87kg	SF	1124	HEALY Jonathan	USA	TELIKOSTOGLOU Apostolos	GRE	PTF	2:0
belgian-open-2025	Senior Men +87kg	SF	1125	EL YAZIDI Omar	FRA	GOMIS Paivou johnouario	GBS	PTF	2:0
belgian-open-2025	Senior Men +87kg	F	1128	HEALY Jonathan	USA	EL YAZIDI Omar	FRA	PTF	2:0
belgian-open-2025	Senior Women -46kg	R16	103	OKAZAKI Hinata	JPN	MORENO MUNOZ Erkuden jinxin	ESP	PTF	2:0
belgian-open-2025	Senior Women -46kg	R16	104	UZUN Sarah	NED	GAYE Serrah	FRA	PTF	2:0
belgian-open-2025	Senior Women -46kg	R16	105	TAMMILA Ida-elina	FIN	ESTRADA Daphne	GUA	PTF	2:0
belgian-open-2025	Senior Women -46kg	R16	106	ZAMPETTI Sofia	ITA	SAIGHI Lyamna	FRA	PTF	2:0
belgian-open-2025	Senior Women -46kg	R16	107	OKAMOTO Ruka	JPN	SARDANA Claire	AUS	PTF	2:0
belgian-open-2025	Senior Women -46kg	R16	108	GULIYEVA Salima	AZE	CARPENTIER Justine	CAN	PTF	2:0
belgian-open-2025	Senior Women -46kg	R16	109	POOLKERD Patcharakan	THA	AKBAROVA Minaya	AZE	PTF	2:0
belgian-open-2025	Senior Women -46kg	R16	110	BARROSO Kiara	POR	AYDIN Asli	BEL	PTF	2:0
belgian-open-2025	Senior Women -46kg	QF	117	OKAZAKI Hinata	JPN	UZUN Sarah	NED	PTF	2:1
belgian-open-2025	Senior Women -46kg	QF	118	ZAMPETTI Sofia	ITA	TAMMILA Ida-elina	FIN	PTF	2:0
belgian-open-2025	Senior Women -46kg	QF	119	OKAMOTO Ruka	JPN	GULIYEVA Salima	AZE	PTF	2:0
belgian-open-2025	Senior Women -46kg	QF	120	POOLKERD Patcharakan	THA	BARROSO Kiara	POR	PTF	2:0
belgian-open-2025	Senior Women -46kg	SF	125	OKAZAKI Hinata	JPN	ZAMPETTI Sofia	ITA	PTF	2:0
belgian-open-2025	Senior Women -46kg	SF	126	POOLKERD Patcharakan	THA	OKAMOTO Ruka	JPN	PTF	2:1
belgian-open-2025	Senior Women -46kg	F	129	POOLKERD Patcharakan	THA	OKAZAKI Hinata	JPN	PTF	2:0
belgian-open-2025	Senior Women -49kg	R32	101	NSANGU MORALES June	ESP	FRASER Vilja	SWE	PTF	2:0
belgian-open-2025	Senior Women -49kg	R32	102	SWEENEY Tiarnagh	AUS	WAY Nicolle	GUA		
belgian-open-2025	Senior Women -49kg	R32	201	PEDROZO Beatriz	BRA	CURA Yezda	GER	PTF	2:0
belgian-open-2025	Senior Women -49kg	R16	111	SEEKEN Kamonchanok	THA	ZANZI Imene	FRA	PTF	2:0
belgian-open-2025	Senior Women -49kg	R16	112	VIEN Filippa	SWE	KAMKASOUMPHOU Maysane	FRA	PTF	2:0
belgian-open-2025	Senior Women -49kg	R16	113	ARTAGAME Ariela	USA	NSANGU MORALES June	ESP	PTF	2:0
belgian-open-2025	Senior Women -49kg	R16	114	LAM Siu wai	HKG	TOSI Emily	CAN	PTF	2:0
belgian-open-2025	Senior Women -49kg	R16	115	OCEGUERA Sophia	USA	HASANZADE Zemfira	AZE	PTF	2:0
belgian-open-2025	Senior Women -49kg	R16	116	MATA Maya	USA	SWEENEY Tiarnagh	AUS	PTF	2:0
belgian-open-2025	Senior Women -49kg	R16	211	PETERSON Ceili	GUY	PEDROZO Beatriz	BRA	PTF	2:1
belgian-open-2025	Senior Women -49kg	R16	212	OSMANOVA Samarrukh	AZE	ISMAELPUR Paniz	AZE	PTF	2:0
belgian-open-2025	Senior Women -49kg	QF	121	OSMANOVA Samarrukh	AZE	PETERSON Ceili	GUY	PTF	2:0
belgian-open-2025	Senior Women -49kg	QF	122	SEEKEN Kamonchanok	THA	VIEN Filippa	SWE	PTF	2:0
belgian-open-2025	Senior Women -49kg	QF	123	LAM Siu wai	HKG	ARTAGAME Ariela	USA	PTF	2:0
belgian-open-2025	Senior Women -49kg	QF	124	OCEGUERA Sophia	USA	MATA Maya	USA	PTF	2:1
belgian-open-2025	Senior Women -49kg	SF	127	SEEKEN Kamonchanok	THA	OSMANOVA Samarrukh	AZE	PTF	2:0
belgian-open-2025	Senior Women -49kg	SF	128	OCEGUERA Sophia	USA	LAM Siu wai	HKG	PTF	2:0
belgian-open-2025	Senior Women -49kg	F	130	SEEKEN Kamonchanok	THA	OCEGUERA Sophia	USA	PTF	2:0
belgian-open-2025	Senior Women -53kg	R32	202	CARPENTIER Vicky	CAN	MONSALES Joanna	AUS	PTF	2:0
belgian-open-2025	Senior Women -53kg	R32	301	SEGLAR Sarah	FRA	MIRZAEE Zahro	RTA	PTF	2:0
belgian-open-2025	Senior Women -53kg	R32	302	FOFANA Mah teninba	FRA	GRAFFE Lou	LUX	PTF	2:0
belgian-open-2025	Senior Women -53kg	R32	303	BENETTI Ines	FRA	KARATZOGLIDI Maria	DEN	PTF	2:0
belgian-open-2025	Senior Women -53kg	R32	304	PFAFF Marbele	GER	KARIMI Nuria	SLO	PTF	2:0
belgian-open-2025	Senior Women -53kg	R32	305	MAMMADOVA Maryam	AZE	LEHOUSSINE Sihem	FRA		
belgian-open-2025	Senior Women -53kg	R16	213	KATOH Yuzuho	JPN	CARPENTIER Vicky	CAN	PTF	2:0
belgian-open-2025	Senior Women -53kg	R16	214	DUMAS Mathilde	CAN	KAMKASOUMPHOU Alliyah	FRA	PTF	2:0
belgian-open-2025	Senior Women -53kg	R16	311	KHAN Laila	CAN	SEGLAR Sarah	FRA	PTF	2:0
belgian-open-2025	Senior Women -53kg	R16	312	FOFANA Mah teninba	FRA	JONGKOLRATTANAWATTANA Chutikan	THA	PTF	2:0
belgian-open-2025	Senior Women -53kg	R16	313	BENETTI Ines	FRA	KAMKASOUMPHOU Lenya	FRA	PTF	2:0
belgian-open-2025	Senior Women -53kg	R16	314	OUHADI Rabab	MON	PFAFF Marbele	GER	PTF	2:0
belgian-open-2025	Senior Women -53kg	R16	315	BODEN Indra	SWE	BUTTARELLI Aurelie	FRA	PTF	2:0
belgian-open-2025	Senior Women -53kg	R16	316	MAMMADOVA Maryam	AZE	GIRE Ines	FRA	PTF	2:0
belgian-open-2025	Senior Women -53kg	QF	321	KATOH Yuzuho	JPN	DUMAS Mathilde	CAN	PTF	2:0
belgian-open-2025	Senior Women -53kg	QF	322	KHAN Laila	CAN	FOFANA Mah teninba	FRA	PTF	2:0
belgian-open-2025	Senior Women -53kg	QF	323	OUHADI Rabab	MON	BENETTI Ines	FRA	PTF	2:1
belgian-open-2025	Senior Women -53kg	QF	324	BODEN Indra	SWE	MAMMADOVA Maryam	AZE	PTF	2:0
belgian-open-2025	Senior Women -53kg	SF	327	KATOH Yuzuho	JPN	KHAN Laila	CAN	PTF	2:0
belgian-open-2025	Senior Women -53kg	SF	328	OUHADI Rabab	MON	BODEN Indra	SWE	RSC	2:0
belgian-open-2025	Senior Women -53kg	F	330	KATOH Yuzuho	JPN	OUHADI Rabab	MON	PTF	2:0
belgian-open-2025	Senior Women -57kg	R32	801	BULOW Alice	SWE	VAN DIJK Serena	SUR	PTF	2:1
belgian-open-2025	Senior Women -57kg	R16	802	VUKIC Margarita	CRO	ZAYTOUN Leila	QAT	PTF	2:0
belgian-open-2025	Senior Women -57kg	R16	803	HARNSUJIN Phannapa	THA	NUNEZ Jordana	CAN	PTF	2:0
belgian-open-2025	Senior Women -57kg	R16	804	WOLF Jessica	GER	DAGNET Divine luccia	FRA	PTF	2:0
belgian-open-2025	Senior Women -57kg	R16	805	NISHIDA Mao	JPN	VAN PASSEL Amelie	BEL	RSC	2:0
belgian-open-2025	Senior Women -57kg	R16	806	CAUSSE Estelle	FRA	SCHLEUSSINGER Inga	GER	PTF	2:0
belgian-open-2025	Senior Women -57kg	R16	807	BANGURA Aisha	GER	BAEZ THOMAS Sofia	PUR	PTF	2:0
belgian-open-2025	Senior Women -57kg	R16	808	STEINKUELER Frieda margarethe	GER	SO Yuen ting	HKG	PTF	2:0
belgian-open-2025	Senior Women -57kg	R16	809	CARABIN Kanelya	FRA	BULOW Alice	SWE	WDR	
belgian-open-2025	Senior Women -57kg	QF	817	CARABIN Kanelya	FRA	HARNSUJIN Phannapa	THA	WDR	
belgian-open-2025	Senior Women -57kg	QF	818	NISHIDA Mao	JPN	WOLF Jessica	GER	PTF	2:0
belgian-open-2025	Senior Women -57kg	QF	819	CAUSSE Estelle	FRA	BANGURA Aisha	GER	PTF	2:1
belgian-open-2025	Senior Women -57kg	QF	820	VUKIC Margarita	CRO	STEINKUELER Frieda margarethe	GER	PTF	2:0
belgian-open-2025	Senior Women -57kg	SF	825	CARABIN Kanelya	FRA	NISHIDA Mao	JPN	PTF	2:0
belgian-open-2025	Senior Women -57kg	SF	826	VUKIC Margarita	CRO	CAUSSE Estelle	FRA	PTF	2:0
belgian-open-2025	Senior Women -57kg	F	829	CARABIN Kanelya	FRA	VUKIC Margarita	CRO	PTF	2:0
belgian-open-2025	Senior Women -62kg	R32	601	MANSOURI Leyla	BEL	AKESSON STANDIG Sofie	SWE	PTF	2:0
belgian-open-2025	Senior Women -62kg	R32	602	MANGEN Lennie	LUX	RUSKA Shanti	NED	PTF	2:0
belgian-open-2025	Senior Women -62kg	R32	603	GJELSVIK Karoline	NOR	JIMENEZ Irune	ESP	PTF	2:0
belgian-open-2025	Senior Women -62kg	R32	604	LANGOUSTE-ASSOUMAYA Lyhana	FRA	KAZIMOVA Nargiz	AZE	PTF	2:0
belgian-open-2025	Senior Women -62kg	R32	605	SANTOS Caroline	BRA	FOURNIER Alexane	FRA	PTF	2:0
belgian-open-2025	Senior Women -62kg	R32	606	MILAN  JULIA	BRA	FRANCESCHI Francesca maria	FRA	PTF	2:0
belgian-open-2025	Senior Women -62kg	R32	607	SJOVALL Mira	FIN	ANDERSSON Tindra	SWE	PTF	2:0
belgian-open-2025	Senior Women -62kg	R32	608	PRZYGODA Alina	GER	DAGNET Miliane haizel	FRA	PTF	2:0
belgian-open-2025	Senior Women -62kg	R32	609	BOUBACIR Madeenah	FRA	TALHA Nouhayla	BEL		
belgian-open-2025	Senior Women -62kg	R16	613	MARTON Viviana	HUN	MANSOURI Leyla	BEL	WDR	
belgian-open-2025	Senior Women -62kg	R16	614	GJELSVIK Karoline	NOR	MANGEN Lennie	LUX	PTF	2:0
belgian-open-2025	Senior Women -62kg	R16	615	DOUCET Teeyah	FRA	LANGOUSTE-ASSOUMAYA Lyhana	FRA	PTF	2:1
belgian-open-2025	Senior Women -62kg	R16	616	SANTOS Caroline	BRA	STAMOU Daphne	GRE	PTF	2:0
belgian-open-2025	Senior Women -62kg	R16	618	EK Isabella	SWE	SJOVALL Mira	FIN	PTF	2:0
belgian-open-2025	Senior Women -62kg	R16	619	SOTO CASTILLO Isuangelis	PUR	PRZYGODA Alina	GER	PTF	2:0
belgian-open-2025	Senior Women -62kg	R16	620	ARELIC Ivana	CRO	BOUBACIR Madeenah	FRA	PTF	2:0
belgian-open-2025	Senior Women -62kg	R16	621	TONGCHAN Sasikarn	THA	MILAN  JULIA	BRA	PTF	2:0
belgian-open-2025	Senior Women -62kg	QF	622	MARTON Viviana	HUN	GJELSVIK Karoline	NOR	PTF	2:0
belgian-open-2025	Senior Women -62kg	QF	623	SANTOS Caroline	BRA	DOUCET Teeyah	FRA	PTF	2:0
belgian-open-2025	Senior Women -62kg	QF	624	TONGCHAN Sasikarn	THA	EK Isabella	SWE	PTF	2:0
belgian-open-2025	Senior Women -62kg	QF	625	ARELIC Ivana	CRO	SOTO CASTILLO Isuangelis	PUR	PTF	2:0
belgian-open-2025	Senior Women -62kg	SF	626	SANTOS Caroline	BRA	MARTON Viviana	HUN	PTF	2:0
belgian-open-2025	Senior Women -62kg	SF	627	ARELIC Ivana	CRO	TONGCHAN Sasikarn	THA	PTF	2:0
belgian-open-2025	Senior Women -62kg	F	628	SANTOS Caroline	BRA	ARELIC Ivana	CRO	PTF	2:0
belgian-open-2025	Senior Women -67kg	R32	902	CHARRON Alexandra	CAN	BISMIR Salma	DEN	PTF	2:0
belgian-open-2025	Senior Women -67kg	R16	810	MEDD Saskia	AUS	DIAZ ISABELA	PUR	PTF	2:0
belgian-open-2025	Senior Women -67kg	R16	811	NILSEN Mari romundset	NOR	CASPERSSON Alva	SWE	PTF	2:0
belgian-open-2025	Senior Women -67kg	R16	812	SKAPROVSKA Valeriia	AIN	SJOBERG Frida	SWE	PTF	2:0
belgian-open-2025	Senior Women -67kg	R16	813	MEHNANA Ines	FRA	MAJIDOVA Fatima	AZE	PTF	2:0
belgian-open-2025	Senior Women -67kg	R16	814	FABER Isabelle	LUX	LOPEZ LAUREANO Valeria	PUR	PTF	2:0
belgian-open-2025	Senior Women -67kg	R16	815	GOUWS Emma	AUS	WARZECHA Alina	GER	PTF	2:0
belgian-open-2025	Senior Women -67kg	R16	816	YOUKOUBOVA Karina	FRA	KILIC Melike	BEL	PTF	2:0
belgian-open-2025	Senior Women -67kg	R16	909	ANYANACHO Elizabeth oluchi	NGR	CHARRON Alexandra	CAN	PTF	2:0
belgian-open-2025	Senior Women -67kg	QF	821	ANYANACHO Elizabeth oluchi	NGR	MEDD Saskia	AUS	RSC	2:0
belgian-open-2025	Senior Women -67kg	QF	822	SKAPROVSKA Valeriia	AIN	NILSEN Mari romundset	NOR	PTF	2:0
belgian-open-2025	Senior Women -67kg	QF	823	MEHNANA Ines	FRA	FABER Isabelle	LUX	PTF	2:1
belgian-open-2025	Senior Women -67kg	QF	824	YOUKOUBOVA Karina	FRA	GOUWS Emma	AUS	PTF	2:0
belgian-open-2025	Senior Women -67kg	SF	827	SKAPROVSKA Valeriia	AIN	ANYANACHO Elizabeth oluchi	NGR	PTF	2:1
belgian-open-2025	Senior Women -67kg	SF	828	YOUKOUBOVA Karina	FRA	MEHNANA Ines	FRA	PTF	2:0
belgian-open-2025	Senior Women -67kg	F	830	YOUKOUBOVA Karina	FRA	SKAPROVSKA Valeriia	AIN	PTF	2:0
belgian-open-2025	Senior Women -73kg	R16	405	MARTON Luana	HUN	AGUIRRE Fernanda	CHI	PTF	2:0
belgian-open-2025	Senior Women -73kg	R16	406	TEACHOUT Kristina	USA	KURKAC Ilayda	GER	PTF	2:0
belgian-open-2025	Senior Women -73kg	R16	407	HELDNER Laura	SUI	STEPHAN Antonia	GER	PTF	2:0
belgian-open-2025	Senior Women -73kg	QF	416	MARTON Luana	HUN	DIAKITE Bintou	FRA	PTF	2:1
belgian-open-2025	Senior Women -73kg	QF	417	OSSIN Kimi laurene	CIV	HUTZEN Hanna	GER	PTF	2:0
belgian-open-2025	Senior Women -73kg	QF	418	TEACHOUT Kristina	USA	MACKAY Ruby	GBR	PTF	2:0
belgian-open-2025	Senior Women -73kg	QF	419	SEELE Lisa-marie	GER	HELDNER Laura	SUI	WDR	
belgian-open-2025	Senior Women -73kg	SF	424	OSSIN Kimi laurene	CIV	MARTON Luana	HUN	PTF	2:0
belgian-open-2025	Senior Women -73kg	SF	425	TEACHOUT Kristina	USA	SEELE Lisa-marie	GER	PTF	2:0
belgian-open-2025	Senior Women -73kg	F	428	OSSIN Kimi laurene	CIV	TEACHOUT Kristina	USA	PTF	2:0
belgian-open-2025	Senior Women +73kg	QF	918	KLOOSTERMAN Famke	NED	URNAUT Nusa	SLO	PTF	2:0
belgian-open-2025	Senior Women +73kg	QF	919	AVOULETTE Solene	FRA	HAWASH Dania	SWE	PTF	2:0
belgian-open-2025	Senior Women +73kg	SF	924	KLOOSTERMAN Famke	NED	HAMADACHE Emna	FRA	PTF	2:1
belgian-open-2025	Senior Women +73kg	SF	925	AVOULETTE Solene	FRA	ROMAN TORRES Naishka	PUR	PTF	2:0
belgian-open-2025	Senior Women +73kg	F	928	AVOULETTE Solene	FRA	KLOOSTERMAN Famke	NED	PTF	2:0
muju-grand-prix-challenge-2025	Senior Women -49kg	R64	101	TRUONG Thi kim tuyen	VIE	JEONG Hye In	KOR	PTF	2:0
muju-grand-prix-challenge-2025	Senior Women -49kg	R64	102	EREMINA Viktoriya	AIN	CHIANG Chih Yun	TPE	PTF	2:1
muju-grand-prix-challenge-2025	Senior Women -49kg	R64	201	XU Xinyu	CHN	ROGOZINA Irina	AIN	PTF	2:1
muju-grand-prix-challenge-2025	Senior Women -49kg	R64	202	KU Jihyun	KOR	ALKHAWAHR Rahmah abdulmanam a	KSA	PTF	2:0
muju-grand-prix-challenge-2025	Senior Women -49kg	R64	301	BAMA Ida Kevine	BUR	TOSI Emily	CAN	PTF	2:0
muju-grand-prix-challenge-2025	Senior Women -49kg	R32	105	BAUYRZHANOVA Nuray	KAZ	ELAASAL Nezha	MAR	PTF	2:0
muju-grand-prix-challenge-2025	Senior Women -49kg	R32	106	POOLKERD Patcharakan	THA	XU Xinyu	CHN	PTF	2:0
muju-grand-prix-challenge-2025	Senior Women -49kg	R32	107	BAMA Ida Kevine	BUR	OKAZAKI Hinata	JPN	WDR	
muju-grand-prix-challenge-2025	Senior Women -49kg	R32	108	BAYECH Rivka	ISR	OCEGUERA Sophia	USA	PTF	2:1
muju-grand-prix-challenge-2025	Senior Women -49kg	R32	109	LEE Ye-Ji	KOR	DAN (DANSHYNA) Oleksandra	ISR	PTF	2:1
muju-grand-prix-challenge-2025	Senior Women -49kg	R32	205	FOFANA Mah teninba	FRA	FAN Yu-Qiao	TPE	PTF	2:0
muju-grand-prix-challenge-2025	Senior Women -49kg	R32	206	OKAMOTO Ruka	JPN	TAMBYRAJAH Saffron	AUS	PTF	2:1
muju-grand-prix-challenge-2025	Senior Women -49kg	R32	207	EREMINA Viktoriya	AIN	HUANG Ying Hsuan	TPE	PTF	2:0
muju-grand-prix-challenge-2025	Senior Women -49kg	R32	208	AKHMEDOVA Nodira	KAZ	BEZERRA Camila	BRA	PTF	2:0
muju-grand-prix-challenge-2025	Senior Women -49kg	R32	209	MEDVEDEVA Galina	AIN	BARROS Nivea	BRA	PTF	2:0
muju-grand-prix-challenge-2025	Senior Women -49kg	R32	304	TRUONG Thi kim tuyen	VIE	KIM Hyang-Gi	KOR	PTF	2:0
muju-grand-prix-challenge-2025	Senior Women -49kg	R32	305	KHASANOVA Laylo	UZB	BARROSO Kiara	POR	PTF	2:0
muju-grand-prix-challenge-2025	Senior Women -49kg	R32	306	ANGELOVA Alisa	AIN	SHONIYOZOVA Madina	UZB	PTF	2:0
muju-grand-prix-challenge-2025	Senior Women -49kg	R32	307	MATA Maya	USA	TOUZANI Farah	MAR	PTF	2:0
muju-grand-prix-challenge-2025	Senior Women -49kg	R32	308	DIAZ ARRIBAS Violeta	ESP	TANGIROVA Dilnoza	UZB	PTF	2:0
muju-grand-prix-challenge-2025	Senior Women -49kg	R32	309	SEEKEN Kamonchanok	THA	KU Jihyun	KOR	PTF	2:0
muju-grand-prix-challenge-2025	Senior Women -49kg	R16	116	POOLKERD Patcharakan	THA	OKAMOTO Ruka	JPN	PTF	2:1
muju-grand-prix-challenge-2025	Senior Women -49kg	R16	117	AKHMEDOVA Nodira	KAZ	BAYECH Rivka	ISR	PTF	2:0
muju-grand-prix-challenge-2025	Senior Women -49kg	R16	215	TRUONG Thi kim tuyen	VIE	BAUYRZHANOVA Nuray	KAZ	PTF	2:0
muju-grand-prix-challenge-2025	Senior Women -49kg	R16	216	ANGELOVA Alisa	AIN	BAMA Ida Kevine	BUR	PTF	2:0
muju-grand-prix-challenge-2025	Senior Women -49kg	R16	217	LEE Ye-Ji	KOR	DIAZ ARRIBAS Violeta	ESP	PTF	2:0
muju-grand-prix-challenge-2025	Senior Women -49kg	R16	315	KHASANOVA Laylo	UZB	FOFANA Mah teninba	FRA	PTF	2:0
muju-grand-prix-challenge-2025	Senior Women -49kg	R16	316	MATA Maya	USA	EREMINA Viktoriya	AIN	PTF	2:1
muju-grand-prix-challenge-2025	Senior Women -49kg	R16	317	SEEKEN Kamonchanok	THA	MEDVEDEVA Galina	AIN	PTF	2:0
muju-grand-prix-challenge-2025	Senior Women -49kg	QF	121	ANGELOVA Alisa	AIN	POOLKERD Patcharakan	THA	PTF	2:1
muju-grand-prix-challenge-2025	Senior Women -49kg	QF	221	AKHMEDOVA Nodira	KAZ	MATA Maya	USA	PTF	2:1
muju-grand-prix-challenge-2025	Senior Women -49kg	QF	320	TRUONG Thi kim tuyen	VIE	KHASANOVA Laylo	UZB	PTF	2:0
muju-grand-prix-challenge-2025	Senior Women -49kg	QF	321	LEE Ye-Ji	KOR	SEEKEN Kamonchanok	THA	PTF	2:0
muju-grand-prix-challenge-2025	Senior Women -49kg	SF	124	ANGELOVA Alisa	AIN	TRUONG Thi kim tuyen	VIE	PTF	2:1
muju-grand-prix-challenge-2025	Senior Women -49kg	SF	223	LEE Ye-Ji	KOR	AKHMEDOVA Nodira	KAZ	PTF	2:0
muju-grand-prix-challenge-2025	Senior Women -49kg	BR	225	AKHMEDOVA Nodira	KAZ	TRUONG Thi kim tuyen	VIE	PTF	2:0
muju-grand-prix-challenge-2025	Senior Women -49kg	F	227	LEE Ye-Ji	KOR	ANGELOVA Alisa	AIN	PTF	2:1
muju-grand-prix-challenge-2025	Senior Men -80kg	R64	103	KANG Jaegwon	KOR	JUNG Jae Hun	KOR	RSC	1:0
muju-grand-prix-challenge-2025	Senior Men -80kg	R64	104	JOCHMAN Adam	CZE	GATIIATULLIN Timur	AIN	PTF	2:0
muju-grand-prix-challenge-2025	Senior Men -80kg	R64	203	TSAI Sheng-Liang	TPE	EL YAQINI Ayoub	MAR	PTF	2:0
muju-grand-prix-challenge-2025	Senior Men -80kg	R64	204	BEN ELBACARIA Ah	MAR	BROWN Nathaniel	ZIM	PTF	2:0
muju-grand-prix-challenge-2025	Senior Men -80kg	R64	302	MENG Mingkuan	CHN	NTYAM LEVODO Da	CMR	PTF	2:0
muju-grand-prix-challenge-2025	Senior Men -80kg	R64	303	SAEJO Thanathorn	THA	POS Ivan	AIN	PTF	2:1
muju-grand-prix-challenge-2025	Senior Men -80kg	R32	110	KATOUSI Firas	TUN	MENG Mingkuan	CHN	PTF	2:0
muju-grand-prix-challenge-2025	Senior Men -80kg	R32	111	RODRIGUES Victor	USA	HAMEDI Tareg Ali	KSA	PTF	2:0
muju-grand-prix-challenge-2025	Senior Men -80kg	R32	112	KATOH Takato	JPN	TURAVINAU Raman	AIN	PTF	2:0
muju-grand-prix-challenge-2025	Senior Men -80kg	R32	113	MYTAREV Artem	AIN	ZARHOUTI Haitam	MAR	PTF	2:0
muju-grand-prix-challenge-2025	Senior Men -80kg	R32	114	BOUZID SOUIHILI Is	FRA	AN Tae-Hyun	KOR	PTF	2:0
muju-grand-prix-challenge-2025	Senior Men -80kg	R32	115	NICKOLAS Cj	USA	BEN ELBACARIA Ah	MAR	PTF	2:0
muju-grand-prix-challenge-2025	Senior Men -80kg	R32	210	SITTEK Tomas	CZE	MERCER Jack woody	THA	PTF	2:0
muju-grand-prix-challenge-2025	Senior Men -80kg	R32	211	KANG Jaegwon	KOR	MANSOURI Farzad	TRT	PTF	2:1
muju-grand-prix-challenge-2025	Senior Men -80kg	R32	212	TOLEUGALI Batyrkhan	KAZ	TSAI Sheng-Liang	TPE	PTF	2:0
muju-grand-prix-challenge-2025	Senior Men -80kg	R32	213	MILAN CANOVAS Juan antonio	ESP	ABDOUNI Abdelhamid	MAR	PTF	2:0
muju-grand-prix-challenge-2025	Senior Men -80kg	R32	214	MARIPOV Abdurakhmon	KAZ	KIM Jung Je	KOR	PTF	2:1
muju-grand-prix-challenge-2025	Senior Men -80kg	R32	310	HUNG Jiun-Yi	TPE	CHUA James	USA	PTF	2:1
muju-grand-prix-challenge-2025	Senior Men -80kg	R32	311	SLEPOV Stepan	AIN	SHANAFELT Noah	USA	PTF	2:0
muju-grand-prix-challenge-2025	Senior Men -80kg	R32	312	SAWADOGO Faysal	BUR	SAEJO Thanathorn	THA	PTF	2:0
muju-grand-prix-challenge-2025	Senior Men -80kg	R32	313	RODRIGUES FERNANDES Henrique M.	BRA	JOCHMAN Adam	CZE	PTF	2:0
muju-grand-prix-challenge-2025	Senior Men -80kg	R32	314	ZHAO Junbo	CHN	QUESADA BARRERA Daniel	ESP	PTF	2:0
muju-grand-prix-challenge-2025	Senior Men -80kg	R16	118	KATOUSI Firas	TUN	SITTEK Tomas	CZE	PTF	2:0
muju-grand-prix-challenge-2025	Senior Men -80kg	R16	119	TOLEUGALI Batyrkhan	KAZ	KATOH Takato	JPN	PTF	2:0
muju-grand-prix-challenge-2025	Senior Men -80kg	R16	120	BOUZID SOUIHILI Is	FRA	MARIPOV Abdurakhmon	KAZ	PTF	2:0
muju-grand-prix-challenge-2025	Senior Men -80kg	R16	218	RODRIGUES Victor	USA	HUNG Jiun-Yi	TPE	PTF	2:1
muju-grand-prix-challenge-2025	Senior Men -80kg	R16	219	MYTAREV Artem	AIN	SAWADOGO Faysal	BUR	PTF	2:1
muju-grand-prix-challenge-2025	Senior Men -80kg	R16	220	NICKOLAS Cj	USA	ZHAO Junbo	CHN	PTF	2:0
muju-grand-prix-challenge-2025	Senior Men -80kg	R16	318	KANG Jaegwon	KOR	SLEPOV Stepan	AIN	PTF	2:0
muju-grand-prix-challenge-2025	Senior Men -80kg	R16	319	RODRIGUES FERNANDES Henrique M.	BRA	MILAN CANOVAS Juan antonio	ESP	PTF	2:0
muju-grand-prix-challenge-2025	Senior Men -80kg	QF	122	RODRIGUES Victor	USA	KATOUSI Firas	TUN	PTF	2:0
muju-grand-prix-challenge-2025	Senior Men -80kg	QF	123	NICKOLAS Cj	USA	BOUZID SOUIHILI Is	FRA	PTF	2:0
muju-grand-prix-challenge-2025	Senior Men -80kg	QF	222	KANG Jaegwon	KOR	TOLEUGALI Batyrkhan	KAZ	PTF	2:1
muju-grand-prix-challenge-2025	Senior Men -80kg	QF	322	RODRIGUES FERNANDES Henrique M.	BRA	MYTAREV Artem	AIN	PTF	2:1
muju-grand-prix-challenge-2025	Senior Men -80kg	SF	125	KANG Jaegwon	KOR	RODRIGUES Victor	USA	PTF	2:1
muju-grand-prix-challenge-2025	Senior Men -80kg	SF	224	NICKOLAS Cj	USA	RODRIGUES FERNANDES Henrique M.	BRA	PTF	2:1
muju-grand-prix-challenge-2025	Senior Men -80kg	BR	226	RODRIGUES FERNANDES Henrique M.	BRA	RODRIGUES Victor	USA	PTF	2:0
muju-grand-prix-challenge-2025	Senior Men -80kg	F	228	NICKOLAS Cj	USA	KANG Jaegwon	KOR	PTF	2:1
muju-grand-prix-challenge-2025	Senior Men -68kg	R64	101	KE Siang Han	TPE	AVIDAN Ben	ISR	PTF	2:0
muju-grand-prix-challenge-2025	Senior Men -68kg	R64	102	SHISHKO Dmitrii	AIN	MINER Nathen	USA	PTF	2:0
muju-grand-prix-challenge-2025	Senior Men -68kg	R64	103	CAPUANO Lorenzo	FRA	SEONG Yuhyeon	KOR	PTF	2:0
muju-grand-prix-challenge-2025	Senior Men -68kg	R64	104	HSU Hao-Yu	TPE	AL HARBI Mohamme	KSA	PTF	2:0
muju-grand-prix-challenge-2025	Senior Men -68kg	R64	105	GAZEZ Nurbek	KAZ	BENAOUDA Zakaria	CAN	PTF	2:0
muju-grand-prix-challenge-2025	Senior Men -68kg	R64	106	HARRIS Khalfani	USA	MAGERRAMOV Dzhavid	AIN	PTF	2:0
muju-grand-prix-challenge-2025	Senior Men -68kg	R64	201	DANILOV Ilia	AIN	ALBAKER Abed Almaj	TRT	PTF	2:0
muju-grand-prix-challenge-2025	Senior Men -68kg	R64	202	RAMAZANOV Khan	AIN	NIKOLOVSKI Xavier	AUS	PTF	2:0
muju-grand-prix-challenge-2025	Senior Men -68kg	R64	203	YAN Lei	CHN	TCAKOEV Sarmat	AIN	PTF	2:0
muju-grand-prix-challenge-2025	Senior Men -68kg	R64	204	CHEN Yufan	CHN	ALHUSSEIN Mahmoud	TRT	PTF	2:0
muju-grand-prix-challenge-2025	Senior Men -68kg	R64	205	dos SANTOS de ASSI	BRA	SUMMERFIELD Matthew	AUS	PTF	2:1
muju-grand-prix-challenge-2025	Senior Men -68kg	R64	301	TIRANVALIPOUR Hadi	TRT	HUANG Yu Jui	TPE	PTF	2:1
muju-grand-prix-challenge-2025	Senior Men -68kg	R64	302	DIAO Lixingjun	CHN	DASHDAVAA Chinzorig	MGL	PTF	2:0
muju-grand-prix-challenge-2025	Senior Men -68kg	R64	303	JIN Ho-Jun	KOR	RAJABOV Islombek	UZB	PTF	2:0
muju-grand-prix-challenge-2025	Senior Men -68kg	R64	304	GHALI Zakaria mohammed	KSA	PINEDA Diego	USA	PTF	2:1
muju-grand-prix-challenge-2025	Senior Men -68kg	R64	305	LEE Sang Ryeol	KOR	ORCHARD Lachlan	AUS	PTF	2:0
muju-grand-prix-challenge-2025	Senior Men -68kg	R32	111	SALANOVA LISTE Adr	ESP	TIRANVALIPOUR Hadi	TRT	PTF	2:0
muju-grand-prix-challenge-2025	Senior Men -68kg	R32	112	DIAO Lixingjun	CHN	SRITIMONGKOL Napat	THA	PTF	2:0
muju-grand-prix-challenge-2025	Senior Men -68kg	R32	113	JIN Ho-Jun	KOR	VICENTE YUNTA Adrian	ESP	PTF	2:0
muju-grand-prix-challenge-2025	Senior Men -68kg	R32	114	CHRZANOWSKI Mateusz	POL	GHALI Zakaria mohammed	KSA	PTF	2:0
muju-grand-prix-challenge-2025	Senior Men -68kg	R32	115	LEE Sang Ryeol	KOR	NIU Guansen	CHN	PTF	2:1
muju-grand-prix-challenge-2025	Senior Men -68kg	R32	210	KE Siang Han	TPE	MAIGA Ibrahim	BUR	PTF	2:1
muju-grand-prix-challenge-2025	Senior Men -68kg	R32	211	SHISHKO Dmitrii	AIN	SOUZA DINIZ Joao victor	BRA	PTF	2:1
muju-grand-prix-challenge-2025	Senior Men -68kg	R32	212	JUNG Woo-Hyeok	KOR	CAPUANO Lorenzo	FRA	PTF	2:0
muju-grand-prix-challenge-2025	Senior Men -68kg	R32	213	SHULENOV Damir	KAZ	HSU Hao-Yu	TPE	PTF	2:0
muju-grand-prix-challenge-2025	Senior Men -68kg	R32	214	ALAPHILIPPE Souley	FRA	GAZEZ Nurbek	KAZ	PTF	2:0
muju-grand-prix-challenge-2025	Senior Men -68kg	R32	215	TUBTIMDANG Banlung	THA	HARRIS Khalfani	USA	PTF	2:0
muju-grand-prix-challenge-2025	Senior Men -68kg	R32	310	DOS SANTOS MORAIS Guilherme	BRA	DANILOV Ilia	AIN	PTF	2:1
muju-grand-prix-challenge-2025	Senior Men -68kg	R32	311	RAMAZANOV Khan	AIN	ABAD EXPOSITO Iker	ESP	PTF	2:0
muju-grand-prix-challenge-2025	Senior Men -68kg	R32	312	YAN Lei	CHN	HOWELL Matthew	GBR	PTF	2:1
muju-grand-prix-challenge-2025	Senior Men -68kg	R32	313	CHEN Yufan	CHN	RODRIGUEZ Maikol	USA	PTF	2:0
muju-grand-prix-challenge-2025	Senior Men -68kg	R32	314	RAVET Cyrian	FRA	dos SANTOS de ASSI	BRA	PTF	2:1
muju-grand-prix-challenge-2025	Senior Men -68kg	R16	119	SALANOVA LISTE Adr	ESP	SHISHKO Dmitrii	AIN	PTF	2:1
muju-grand-prix-challenge-2025	Senior Men -68kg	R16	120	SHULENOV Damir	KAZ	JIN Ho-Jun	KOR	PTF	2:0
muju-grand-prix-challenge-2025	Senior Men -68kg	R16	121	TUBTIMDANG Banlung	THA	LEE Sang Ryeol	KOR	PTF	2:0
muju-grand-prix-challenge-2025	Senior Men -68kg	R16	219	DIAO Lixingjun	CHN	RAMAZANOV Khan	AIN	PTF	2:0
muju-grand-prix-challenge-2025	Senior Men -68kg	R16	220	CHEN Yufan	CHN	CHRZANOWSKI Mateusz	POL	PTF	2:1
muju-grand-prix-challenge-2025	Senior Men -68kg	R16	317	DOS SANTOS MORAIS Guilherme	BRA	KE Siang Han	TPE	PTF	2:1
muju-grand-prix-challenge-2025	Senior Men -68kg	R16	318	JUNG Woo-Hyeok	KOR	YAN Lei	CHN	WDR	
muju-grand-prix-challenge-2025	Senior Men -68kg	R16	319	ALAPHILIPPE Souley	FRA	RAVET Cyrian	FRA	PTF	2:1
muju-grand-prix-challenge-2025	Senior Men -68kg	QF	123	JUNG Woo-Hyeok	KOR	DIAO Lixingjun	CHN	PTF	2:0
muju-grand-prix-challenge-2025	Senior Men -68kg	QF	223	SHULENOV Damir	KAZ	CHEN Yufan	CHN	PTF	2:0
muju-grand-prix-challenge-2025	Senior Men -68kg	QF	321	SALANOVA LISTE Adr	ESP	DOS SANTOS MORAIS Guilherme	BRA	PTF	2:1
muju-grand-prix-challenge-2025	Senior Men -68kg	QF	322	TUBTIMDANG Banlung	THA	ALAPHILIPPE Souley	FRA	PTF	2:0
muju-grand-prix-challenge-2025	Senior Men -68kg	SF	226	JUNG Woo-Hyeok	KOR	SALANOVA LISTE Adr	ESP	PTF	2:0
muju-grand-prix-challenge-2025	Senior Men -68kg	SF	227	TUBTIMDANG Banlung	THA	SHULENOV Damir	KAZ	PTF	2:0
muju-grand-prix-challenge-2025	Senior Men -68kg	BR	229	SHULENOV Damir	KAZ	SALANOVA LISTE Adr	ESP	PTF	2:0
muju-grand-prix-challenge-2025	Senior Men -68kg	F	231	TUBTIMDANG Banlung	THA	JUNG Woo-Hyeok	KOR	PTF	2:0
muju-grand-prix-challenge-2025	Senior Women +67kg	R32	107	NAMGUNG Seoyeon	KOR	KECK Hannah	USA	PTF	2:0
muju-grand-prix-challenge-2025	Senior Women +67kg	R32	108	ZHAO Ziting	CHN	FOUNTAIN Rachel	CAN	PTF	2:0
muju-grand-prix-challenge-2025	Senior Women +67kg	R32	109	WANG Huan	CHN	CHIN I Chun	TPE	PTF	2:1
muju-grand-prix-challenge-2025	Senior Women +67kg	R32	110	ADEBAIO Kristina	AIN	VIANA Alena	USA	PTF	2:1
muju-grand-prix-challenge-2025	Senior Women +67kg	R32	206	KOSMYCHEVA Anastasiia	AIN	LAMDARDAR Khadija	MAR	PTF	2:0
muju-grand-prix-challenge-2025	Senior Women +67kg	R32	207	WILLIAMS Lauren	GBR	CHEN Pei-Yu	TPE	PTF	2:0
muju-grand-prix-challenge-2025	Senior Women +67kg	R32	208	KOWALCZUK Aleksandra	POL	VALLO ZURDO Ane	ESP	PTF	2:1
muju-grand-prix-challenge-2025	Senior Women +67kg	R32	209	SONG da Bin	KOR	GRABOT Sarah	USA	PTF	2:0
muju-grand-prix-challenge-2025	Senior Women +67kg	R32	306	MUSLIMOVA Linara	AIN	YOON Do Hee	KOR	PTF	2:0
muju-grand-prix-challenge-2025	Senior Women +67kg	R32	307	AVOULETTE Solene	FRA	MAKHMUTOVA Nazym	KAZ	PTF	2:0
muju-grand-prix-challenge-2025	Senior Women +67kg	R32	308	STEWART Reba	AUS	STEPANOVA Elizaveta	AIN	PTF	2:0
muju-grand-prix-challenge-2025	Senior Women +67kg	R32	309	GARCIA SUAREZ Helena	ESP	NOH Huiseung	KOR	PTF	2:1
muju-grand-prix-challenge-2025	Senior Women +67kg	R16	116	KOSMYCHEVA Anastasiia	AIN	LAURIN Althea	FRA	PTF	2:1
muju-grand-prix-challenge-2025	Senior Women +67kg	R16	117	MORAN ROMERO Belen	ESP	ZHAO Ziting	CHN	PTF	2:1
muju-grand-prix-challenge-2025	Senior Women +67kg	R16	118	SONG da Bin	KOR	GARCIA SUAREZ Helena	ESP	PTF	2:0
muju-grand-prix-challenge-2025	Senior Women +67kg	R16	216	MUSLIMOVA Linara	AIN	NAMGUNG Seoyeon	KOR	PTF	2:0
muju-grand-prix-challenge-2025	Senior Women +67kg	R16	217	CASTINEIRA ETCHEVERRIA Tania	ESP	KOWALCZUK Aleksandra	POL	PTF	2:0
muju-grand-prix-challenge-2025	Senior Women +67kg	R16	218	ADEBAIO Kristina	AIN	HAREMZA Dagmara	POL	PTF	2:0
muju-grand-prix-challenge-2025	Senior Women +67kg	R16	315	WILLIAMS Lauren	GBR	AVOULETTE Solene	FRA	PTF	2:0
muju-grand-prix-challenge-2025	Senior Women +67kg	R16	316	STEWART Reba	AUS	WANG Huan	CHN	PTF	2:1
muju-grand-prix-challenge-2025	Senior Women +67kg	QF	122	CASTINEIRA ETCHEVERRIA Tania	ESP	STEWART Reba	AUS	PTF	2:0
muju-grand-prix-challenge-2025	Senior Women +67kg	QF	221	KOSMYCHEVA Anastasiia	AIN	MUSLIMOVA Linara	AIN	PTF	2:0
muju-grand-prix-challenge-2025	Senior Women +67kg	QF	222	SONG da Bin	KOR	ADEBAIO Kristina	AIN	PTF	2:0
muju-grand-prix-challenge-2025	Senior Women +67kg	QF	320	WILLIAMS Lauren	GBR	MORAN ROMERO Belen	ESP	PTF	2:1
muju-grand-prix-challenge-2025	Senior Women +67kg	SF	224	KOSMYCHEVA Anastasiia	AIN	WILLIAMS Lauren	GBR	PTF	2:0
muju-grand-prix-challenge-2025	Senior Women +67kg	SF	225	SONG da Bin	KOR	CASTINEIRA ETCHEVERRIA Tania	ESP	PTF	2:0
muju-grand-prix-challenge-2025	Senior Women +67kg	BR	228	WILLIAMS Lauren	GBR	CASTINEIRA ETCHEVERRIA Tania	ESP	PTF	2:0
muju-grand-prix-challenge-2025	Senior Women +67kg	F	230	KOSMYCHEVA Anastasiia	AIN	SONG da Bin	KOR	PTF	2:0
muju-grand-prix-challenge-2025	Senior Men -58kg	R64	102	MANSUROV Kamronbek	UZB	RUKUNDO Guy Gerli	TRT	PTF	2:0
muju-grand-prix-challenge-2025	Senior Men -58kg	R64	103	OTEGEN Askar	KAZ	ALMUSHRAF Abdullah essa a	KSA	PTF	2:0
muju-grand-prix-challenge-2025	Senior Men -58kg	R64	104	GANTULGA Enkhbayar	MGL	BALAKHNEEV Dmitriy	AIN	PTF	2:1
muju-grand-prix-challenge-2025	Senior Men -58kg	R64	105	HUANG Kefen	CHN	GUSEINOV Damir	AIN	PTF	2:1
muju-grand-prix-challenge-2025	Senior Men -58kg	R64	106	HUANG Cho-Cheng	TPE	KAZLOU Yahor	AIN	PTF	2:0
muju-grand-prix-challenge-2025	Senior Men -58kg	R64	107	LEE Colin	USA	PATISHI Ori	ISR	PTF	2:1
muju-grand-prix-challenge-2025	Senior Men -58kg	R64	201	GOMES PEREIRA M	BRA	HASSAN M BUHARI Muteb	KSA	PTF	2:1
muju-grand-prix-challenge-2025	Senior Men -58kg	R64	202	BOUKARNIA Amine	FRA	PORTILLO SANTA	CAN	PTF	2:0
muju-grand-prix-challenge-2025	Senior Men -58kg	R64	203	PAN Kuei-An	TPE	DZHIOEV Igor	AIN	PTF	2:0
muju-grand-prix-challenge-2025	Senior Men -58kg	R64	204	ISLAMOV Zhavokhirkhon	KAZ	CARRILLO Joseph	USA	PTF	2:0
muju-grand-prix-challenge-2025	Senior Men -58kg	R64	205	YONDONJAMTS Purevdash	MGL	CUNNINGHAM William	USA	PTF	2:1
muju-grand-prix-challenge-2025	Senior Men -58kg	R64	206	CHEN Pen-Ren	TPE	QIAN Jiacai	CHN	PTF	2:1
muju-grand-prix-challenge-2025	Senior Men -58kg	R64	301	OHARA Ryusei	JPN	ALALLW Mohammad	TRT	PTF	2:0
muju-grand-prix-challenge-2025	Senior Men -58kg	R64	302	AN Hyang Sik	KOR	LI Ci En	TPE	PTF	2:1
muju-grand-prix-challenge-2025	Senior Men -58kg	R64	303	SGHIR Anas	CAN	MIRAYIMOV Mirdiyor	UZB	PTF	2:1
muju-grand-prix-challenge-2025	Senior Men -58kg	R64	304	OTAJONOV Omonjon	UZB	FANG Zheng	CHN	PTF	2:0
muju-grand-prix-challenge-2025	Senior Men -58kg	R64	305	TAECHARATTANAWIBOO	THA	MONTONE Luca	AUS	PTF	2:0
muju-grand-prix-challenge-2025	Senior Men -58kg	R64	306	ALQUMIZI Abdullah	KSA	GARCIA Noah	POR	PTF	2:1
muju-grand-prix-challenge-2025	Senior Men -58kg	R32	113	MANSUROV Kamronbek	UZB	OHARA Ryusei	JPN	PTF	2:0
muju-grand-prix-challenge-2025	Senior Men -58kg	R32	114	OTEGEN Askar	KAZ	FRAILE RODRIGUEZ Jesus	ESP	PTF	2:1
muju-grand-prix-challenge-2025	Senior Men -58kg	R32	115	GANTULGA Enkhbayar	MGL	HAMDI Riad nasser a	KSA	PTF	2:1
muju-grand-prix-challenge-2025	Senior Men -58kg	R32	116	HUANG Kefen	CHN	MAHAMAD Sirawit	THA	PTF	2:1
muju-grand-prix-challenge-2025	Senior Men -58kg	R32	117	KIM Jongmyeong	KOR	HUANG Cho-Cheng	TPE	PTF	2:0
muju-grand-prix-challenge-2025	Senior Men -58kg	R32	213	TLEULES Tamirlan	KAZ	BOUKARNIA Amine	FRA	PTF	2:0
muju-grand-prix-challenge-2025	Senior Men -58kg	R32	214	PAN Kuei-An	TPE	ESCOLAR PARRA Iva	ESP	PTF	2:1
muju-grand-prix-challenge-2025	Senior Men -58kg	R32	215	ISLAMOV Zhavokhirkhon	KAZ	ALESIO CAPOLINI Mathis	FRA	PTF	2:0
muju-grand-prix-challenge-2025	Senior Men -58kg	R32	216	YONDONJAMTS Purevdash	MGL	GUN Youngsuk ethan	USA	PTF	2:1
muju-grand-prix-challenge-2025	Senior Men -58kg	R32	217	CHEN Pen-Ren	TPE	ALQUMIZI Abdullah	KSA	PTF	2:0
muju-grand-prix-challenge-2025	Senior Men -58kg	R32	312	PARK Tae-Joon	KOR	GOMES PEREIRA M	BRA	PTF	2:0
muju-grand-prix-challenge-2025	Senior Men -58kg	R32	313	AN Hyang Sik	KOR	PASHCOVSKY Tom	ISR	PTF	2:0
muju-grand-prix-challenge-2025	Senior Men -58kg	R32	314	BAE Jun-Seo	KOR	SGHIR Anas	CAN	PTF	2:1
muju-grand-prix-challenge-2025	Senior Men -58kg	R32	315	OTAJONOV Omonjon	UZB	OTERO SOUSA Javier	ESP	PTF	2:1
muju-grand-prix-challenge-2025	Senior Men -58kg	R32	316	TAECHARATTANAWIBOO	THA	GRITSENKO Vladimir	AIN	WDR	
muju-grand-prix-challenge-2025	Senior Men -58kg	R32	317	GURTSIEV Georgii	AIN	LEE Colin	USA	PTF	2:0
muju-grand-prix-challenge-2025	Senior Men -58kg	R16	121	TLEULES Tamirlan	KAZ	AN Hyang Sik	KOR	PTF	2:1
muju-grand-prix-challenge-2025	Senior Men -58kg	R16	122	ISLAMOV Zhavokhirkhon	KAZ	OTAJONOV Omonjon	UZB	PTF	2:0
muju-grand-prix-challenge-2025	Senior Men -58kg	R16	123	GURTSIEV Georgii	AIN	CHEN Pen-Ren	TPE	PTF	2:0
muju-grand-prix-challenge-2025	Senior Men -58kg	R16	221	PAN Kuei-An	TPE	OTEGEN Askar	KAZ	PTF	2:0
muju-grand-prix-challenge-2025	Senior Men -58kg	R16	222	HUANG Kefen	CHN	YONDONJAMTS Purevdash	MGL	PTF	2:0
muju-grand-prix-challenge-2025	Senior Men -58kg	R16	320	PARK Tae-Joon	KOR	MANSUROV Kamronbek	UZB	PTF	2:0
muju-grand-prix-challenge-2025	Senior Men -58kg	R16	321	BAE Jun-Seo	KOR	GANTULGA Enkhbayar	MGL	PTF	2:0
muju-grand-prix-challenge-2025	Senior Men -58kg	R16	322	KIM Jongmyeong	KOR	TAECHARATTANAWIBOO	THA	PTF	2:0
muju-grand-prix-challenge-2025	Senior Men -58kg	QF	125	BAE Jun-Seo	KOR	PAN Kuei-An	TPE	PTF	2:0
muju-grand-prix-challenge-2025	Senior Men -58kg	QF	225	ISLAMOV Zhavokhirkhon	KAZ	HUANG Kefen	CHN	PTF	2:0
muju-grand-prix-challenge-2025	Senior Men -58kg	QF	324	TLEULES Tamirlan	KAZ	PARK Tae-Joon	KOR	PTF	2:0
muju-grand-prix-challenge-2025	Senior Men -58kg	QF	325	KIM Jongmyeong	KOR	GURTSIEV Georgii	AIN	PTF	2:1
muju-grand-prix-challenge-2025	Senior Men -58kg	SF	228	BAE Jun-Seo	KOR	TLEULES Tamirlan	KAZ	PTF	2:0
muju-grand-prix-challenge-2025	Senior Men -58kg	SF	229	KIM Jongmyeong	KOR	ISLAMOV Zhavokhirkhon	KAZ	PTF	2:0
muju-grand-prix-challenge-2025	Senior Men -58kg	BR	231	TLEULES Tamirlan	KAZ	ISLAMOV Zhavokhirkhon	KAZ	PTF	2:0
muju-grand-prix-challenge-2025	Senior Men -58kg	F	233	BAE Jun-Seo	KOR	KIM Jongmyeong	KOR	PTF	2:1
muju-grand-prix-challenge-2025	Senior Women -67kg	R64	101	LAARAJ Nada	MAR	GROSSI Sophia Cleli	CAN	PTF	2:0
muju-grand-prix-challenge-2025	Senior Women -67kg	R32	108	HONG Hyo Rim	KOR	BAC Thi Khiem	VIE	PTF	2:0
muju-grand-prix-challenge-2025	Senior Women -67kg	R32	109	LEE Gaeun	KOR	SKVORTSOVA Kira	AIN	PTF	2:0
muju-grand-prix-challenge-2025	Senior Women -67kg	R32	110	SHEN Zinuo	CHN	TONGCHAN Sasikarn	THA	PTF	2:1
muju-grand-prix-challenge-2025	Senior Women -67kg	R32	111	KWAK Min-Ju	KOR	MWECHANDE Selina Z	KEN	PTF	2:0
muju-grand-prix-challenge-2025	Senior Women -67kg	R32	112	BANNOVA Anastasiia	AIN	KHUSSAINOVA Nuray	KAZ	PTF	2:0
muju-grand-prix-challenge-2025	Senior Women -67kg	R32	207	SOBIRJONOVA Ozoda	UZB	LAARAJ Nada	MAR	PTF	2:0
muju-grand-prix-challenge-2025	Senior Women -67kg	R32	208	MEHNANA Ines	FRA	FATIMA-ZAHRA Ennams	MAR	PTF	2:1
muju-grand-prix-challenge-2025	Senior Women -67kg	R32	209	ROBERTS Chloe	GBR	MURRAY Rebecca	AUS	PTF	2:1
muju-grand-prix-challenge-2025	Senior Women -67kg	R32	210	CHANG Jui-En	TPE	KHAYITOVA Sevinch	UZB	PTF	2:1
muju-grand-prix-challenge-2025	Senior Women -67kg	R32	211	STOLBOVA Petra	CZE	SMYCHKOVA Valeryia	AIN	PTF	2:0
muju-grand-prix-challenge-2025	Senior Women -67kg	R32	212	TEACHOUT Kristina	USA	LEWIS Kylie	USA	PTF	2:0
muju-grand-prix-challenge-2025	Senior Women -67kg	R32	307	CHUA Chloe	USA	NOWAK Julia	POL	PTF	2:1
muju-grand-prix-challenge-2025	Senior Women -67kg	R32	308	KHUZINA Liliia	AIN	REILLY Megan	USA	PTF	2:0
muju-grand-prix-challenge-2025	Senior Women -67kg	R32	309	MORENO REYES Lena	ESP	ZIABLITCEVA Anna	AIN	PTF	2:0
muju-grand-prix-challenge-2025	Senior Women -67kg	R32	310	TITONELI Milena	BRA	AZIZOVA Diyorakhon	UZB	PTF	2:0
muju-grand-prix-challenge-2025	Senior Women -67kg	R32	311	POWELL Aaliyah	GBR	YEOM Eun Been	KOR	PTF	2:0
muju-grand-prix-challenge-2025	Senior Women -67kg	R16	118	SOBIRJONOVA Ozoda	UZB	CHUA Chloe	USA	PTF	2:0
muju-grand-prix-challenge-2025	Senior Women -67kg	R16	119	MORENO REYES Lena	ESP	ROBERTS Chloe	GBR	PTF	2:0
muju-grand-prix-challenge-2025	Senior Women -67kg	R16	120	STOLBOVA Petra	CZE	POWELL Aaliyah	GBR	PTF	2:0
muju-grand-prix-challenge-2025	Senior Women -67kg	R16	218	HONG Hyo Rim	KOR	MEHNANA Ines	FRA	PTF	2:1
muju-grand-prix-challenge-2025	Senior Women -67kg	R16	219	SHEN Zinuo	CHN	CHANG Jui-En	TPE	PTF	2:0
muju-grand-prix-challenge-2025	Senior Women -67kg	R16	220	TEACHOUT Kristina	USA	BANNOVA Anastasiia	AIN	PTF	2:0
muju-grand-prix-challenge-2025	Senior Women -67kg	R16	318	KHUZINA Liliia	AIN	LEE Gaeun	KOR	PTF	2:0
muju-grand-prix-challenge-2025	Senior Women -67kg	R16	319	TITONELI Milena	BRA	KWAK Min-Ju	KOR	PTF	2:0
muju-grand-prix-challenge-2025	Senior Women -67kg	QF	124	SHEN Zinuo	CHN	TITONELI Milena	BRA	PTF	2:0
muju-grand-prix-challenge-2025	Senior Women -67kg	QF	223	SOBIRJONOVA Ozoda	UZB	HONG Hyo Rim	KOR	PTF	2:0
muju-grand-prix-challenge-2025	Senior Women -67kg	QF	224	TEACHOUT Kristina	USA	STOLBOVA Petra	CZE	PTF	2:0
muju-grand-prix-challenge-2025	Senior Women -67kg	QF	323	MORENO REYES Lena	ESP	KHUZINA Liliia	AIN	PTF	2:1
muju-grand-prix-challenge-2025	Senior Women -67kg	SF	226	SOBIRJONOVA Ozoda	UZB	MORENO REYES Lena	ESP	PTF	2:0
muju-grand-prix-challenge-2025	Senior Women -67kg	SF	227	TEACHOUT Kristina	USA	SHEN Zinuo	CHN	PTF	2:0
muju-grand-prix-challenge-2025	Senior Women -67kg	BR	230	MORENO REYES Lena	ESP	SHEN Zinuo	CHN	PTF	2:1
muju-grand-prix-challenge-2025	Senior Women -67kg	F	232	TEACHOUT Kristina	USA	SOBIRJONOVA Ozoda	UZB	PTF	2:0
muju-grand-prix-challenge-2025	Senior Men +80kg	R64	104	SALAEV Shukhrat	UZB	SON Tae Hwan	KOR	PTF	2:0
muju-grand-prix-challenge-2025	Senior Men +80kg	R64	105	LIU Zhaoyang	CHN	LEE Meng-En	TPE	PTF	2:1
muju-grand-prix-challenge-2025	Senior Men +80kg	R64	204	PARK Woo Hyeok	KOR	HUANG Yu-Jen	TPE	PTF	2:0
muju-grand-prix-challenge-2025	Senior Men +80kg	R64	304	CARLO Nicholas	USA	DIALLO Ibrahima	GUI	PTF	2:0
muju-grand-prix-challenge-2025	Senior Men +80kg	R32	111	CHEN Liang-Hsi	TPE	HAREMZA Krystian	POL	PTF	2:0
muju-grand-prix-challenge-2025	Senior Men +80kg	R32	112	AIUKAEV Rafail	AIN	ALKHAIBARI Ali mabruk s	KSA	PTF	2:0
muju-grand-prix-challenge-2025	Senior Men +80kg	R32	113	PIATKOWSKI Szymon	POL	PARK Woo Hyeok	KOR	PTF	2:1
muju-grand-prix-challenge-2025	Senior Men +80kg	R32	114	ZHURABOEV Yodgorbek	UZB	TARCHYLA Aliaksei	AIN	PTF	2:0
muju-grand-prix-challenge-2025	Senior Men +80kg	R32	115	KABLAN Beibarys	KAZ	LEE Jun Seo	KOR	PTF	2:0
muju-grand-prix-challenge-2025	Senior Men +80kg	R32	211	WANG Zedong	CHN	EL YAZIDI Omar	FRA	PTF	2:0
muju-grand-prix-challenge-2025	Senior Men +80kg	R32	212	KHASSENOV Bauyrzhan	KAZ	MEHNANA Nahil	FRA	PTF	2:0
muju-grand-prix-challenge-2025	Senior Men +80kg	R32	213	MAVLONOV Marat	UZB	CARLO Nicholas	USA	PTF	2:0
muju-grand-prix-challenge-2025	Senior Men +80kg	R32	214	GARCIA MARTINEZ Ivan	ESP	WAFULA Innocent	KEN	PTF	2:0
muju-grand-prix-challenge-2025	Senior Men +80kg	R32	215	LARIN Vladislav	AIN	IFAOUI Motaz	TUN	PTF	2:0
muju-grand-prix-challenge-2025	Senior Men +80kg	R32	310	CUNNINGHAM Caden	GBR	SALAEV Shukhrat	UZB	PTF	2:1
muju-grand-prix-challenge-2025	Senior Men +80kg	R32	311	KANG Sanghyun	KOR	MOISE III Frantz	USA	PTF	2:0
muju-grand-prix-challenge-2025	Senior Men +80kg	R32	312	PLONIS Artsiom	AIN	RAHALI Ahmed	MAR	PTF	2:0
muju-grand-prix-challenge-2025	Senior Men +80kg	R32	313	STILLEY Aiden	AUS	ZAKARIA Khouyyar	MAR	PTF	2:0
muju-grand-prix-challenge-2025	Senior Men +80kg	R32	314	TROITINO AMOEDO Sergio	ESP	NOAH BEKADA Flori	CMR	PTF	2:1
muju-grand-prix-challenge-2025	Senior Men +80kg	R32	315	LIU Zhaoyang	CHN	HEALY Jonathan	USA	PTF	2:1
muju-grand-prix-challenge-2025	Senior Men +80kg	R16	119	KANG Sanghyun	KOR	WANG Zedong	CHN	PTF	2:0
muju-grand-prix-challenge-2025	Senior Men +80kg	R16	120	MAVLONOV Marat	UZB	STILLEY Aiden	AUS	PTF	2:1
muju-grand-prix-challenge-2025	Senior Men +80kg	R16	121	LARIN Vladislav	AIN	LIU Zhaoyang	CHN	PTF	2:0
muju-grand-prix-challenge-2025	Senior Men +80kg	R16	219	AIUKAEV Rafail	AIN	KHASSENOV Bauyrzhan	KAZ	PTF	2:0
muju-grand-prix-challenge-2025	Senior Men +80kg	R16	220	GARCIA MARTINEZ Ivan	ESP	ZHURABOEV Yodgorbek	UZB	PTF	2:1
muju-grand-prix-challenge-2025	Senior Men +80kg	R16	318	CUNNINGHAM Caden	GBR	CHEN Liang-Hsi	TPE	PTF	2:1
muju-grand-prix-challenge-2025	Senior Men +80kg	R16	319	PLONIS Artsiom	AIN	PIATKOWSKI Szymon	POL	PTF	2:1
muju-grand-prix-challenge-2025	Senior Men +80kg	R16	320	KABLAN Beibarys	KAZ	TROITINO AMOEDO Sergio	ESP	PTF	2:0
muju-grand-prix-challenge-2025	Senior Men +80kg	QF	123	AIUKAEV Rafail	AIN	PLONIS Artsiom	AIN	PTF	2:0
muju-grand-prix-challenge-2025	Senior Men +80kg	QF	223	GARCIA MARTINEZ Ivan	ESP	MAVLONOV Marat	UZB	PTF	2:0
muju-grand-prix-challenge-2025	Senior Men +80kg	QF	322	CUNNINGHAM Caden	GBR	KANG Sanghyun	KOR	PTF	2:0
muju-grand-prix-challenge-2025	Senior Men +80kg	QF	323	LARIN Vladislav	AIN	KABLAN Beibarys	KAZ	PTF	2:0
muju-grand-prix-challenge-2025	Senior Men +80kg	SF	226	AIUKAEV Rafail	AIN	CUNNINGHAM Caden	GBR	PTF	2:0
muju-grand-prix-challenge-2025	Senior Men +80kg	SF	227	GARCIA MARTINEZ Ivan	ESP	LARIN Vladislav	AIN	PTF	2:0
muju-grand-prix-challenge-2025	Senior Men +80kg	BR	229	LARIN Vladislav	AIN	CUNNINGHAM Caden	GBR	PTF	2:1
muju-grand-prix-challenge-2025	Senior Men +80kg	F	231	GARCIA MARTINEZ Ivan	ESP	AIUKAEV Rafail	AIN	PTF	2:1
muju-grand-prix-challenge-2025	Senior Women -57kg	R64	101	EFITSENKO Sofia	AIN	PHAM Ngoc Cham	VIE	PTF	2:0
muju-grand-prix-challenge-2025	Senior Women -57kg	R64	102	YANG Junli	CHN	AHN Hye Young	KOR	PTF	2:1
muju-grand-prix-challenge-2025	Senior Women -57kg	R64	103	ABDUVALIEVA Shabona	UZB	KAO Hsin-Yi	TPE	PTF	2:0
muju-grand-prix-challenge-2025	Senior Women -57kg	R64	201	JONGKOLRATTANA	THA	MERIEME Khoulal	MAR	PTF	2:0
muju-grand-prix-challenge-2025	Senior Women -57kg	R64	202	AIMUKASHEVA Kamila	KAZ	WASSANA Natkamon	THA	PTF	2:0
muju-grand-prix-challenge-2025	Senior Women -57kg	R64	203	YANG Qingmei	CHN	COX Caitlyn	USA	PTF	2:0
muju-grand-prix-challenge-2025	Senior Women -57kg	R64	301	BLEWITT Gabriella	AUS	KADEWERE Britney chipo	ZIM	PTF	2:0
muju-grand-prix-challenge-2025	Senior Women -57kg	R64	302	GU Wenjing	CHN	KIM Sowon	KOR	PTF	2:0
muju-grand-prix-challenge-2025	Senior Women -57kg	R64	303	TRAN Thi Anh Tuyet	VIE	VO Jayda	USA	PTF	2:0
muju-grand-prix-challenge-2025	Senior Women -57kg	R32	106	DEHHAOUI Amina	MAR	JONGKOLRATTANA	THA	PTF	2:0
muju-grand-prix-challenge-2025	Senior Women -57kg	R32	107	DILLON Faith	USA	SMITH Teigan	GBR	PTF	2:0
muju-grand-prix-challenge-2025	Senior Women -57kg	R32	108	PACHECO Maria Clara	BRA	GU Wenjing	CHN	PTF	2:0
muju-grand-prix-challenge-2025	Senior Women -57kg	R32	109	ABDUVALIEVA Shabona	UZB	VITKO Yuliya	AIN	PTF	2:1
muju-grand-prix-challenge-2025	Senior Women -57kg	R32	110	SEVOSTYANOVA Mariya	KAZ	NISHIDA Mao	JPN	PTF	2:0
muju-grand-prix-challenge-2025	Senior Women -57kg	R32	205	KIM Yu-Jin	KOR	EFITSENKO Sofia	AIN	PTF	2:0
muju-grand-prix-challenge-2025	Senior Women -57kg	R32	206	BLEWITT Gabriella	AUS	ABUTALEB Dunya ali m	KSA	PTF	2:1
muju-grand-prix-challenge-2025	Senior Women -57kg	R32	207	BLIZNIAKOVA Margarita	AIN	KATOH Yuzuho	JPN	PTF	2:0
muju-grand-prix-challenge-2025	Senior Women -57kg	R32	208	ZHANG Chuling	CHN	RODRIGUEZ MARQUINA Laura	ESP	PTF	2:1
muju-grand-prix-challenge-2025	Senior Women -57kg	R32	209	YANG Qingmei	CHN	PEREZ PARRADO Alma maria	ESP	PTF	2:0
muju-grand-prix-challenge-2025	Senior Women -57kg	R32	210	TOUMI Chaima	TUN	TRAN Thi Anh Tuyet	VIE	PTF	2:0
muju-grand-prix-challenge-2025	Senior Women -57kg	R32	305	HRONOVA Dominika	CZE	ORTIZ BENITO Arlet	ESP	PTF	2:0
muju-grand-prix-challenge-2025	Senior Women -57kg	R32	306	YANG Junli	CHN	CARABIN Kanelya	FRA	PTF	2:0
muju-grand-prix-challenge-2025	Senior Women -57kg	R32	307	KIM Gahyeon	KOR	AIMUKASHEVA Kamila	KAZ	PTF	2:0
muju-grand-prix-challenge-2025	Senior Women -57kg	R32	308	MIRABZALOVA Madina	UZB	LIN Wei-Chun	TPE	PTF	2:0
muju-grand-prix-challenge-2025	Senior Women -57kg	R32	309	HYMER Stacey	AUS	EL BOUCHTI Oumaima	MAR	PTF	2:0
muju-grand-prix-challenge-2025	Senior Women -57kg	R16	116	KIM Yu-Jin	KOR	HRONOVA Dominika	CZE	PTF	2:0
muju-grand-prix-challenge-2025	Senior Women -57kg	R16	117	KIM Gahyeon	KOR	BLIZNIAKOVA Margarita	AIN	PTF	2:1
muju-grand-prix-challenge-2025	Senior Women -57kg	R16	118	HYMER Stacey	AUS	YANG Qingmei	CHN	PTF	2:0
muju-grand-prix-challenge-2025	Senior Women -57kg	R16	216	DEHHAOUI Amina	MAR	BLEWITT Gabriella	AUS	PTF	2:0
muju-grand-prix-challenge-2025	Senior Women -57kg	R16	217	PACHECO Maria Clara	BRA	ZHANG Chuling	CHN	PTF	2:1
muju-grand-prix-challenge-2025	Senior Women -57kg	R16	218	TOUMI Chaima	TUN	SEVOSTYANOVA Mariya	KAZ	PTF	2:0
muju-grand-prix-challenge-2025	Senior Women -57kg	R16	316	DILLON Faith	USA	YANG Junli	CHN	PTF	2:0
muju-grand-prix-challenge-2025	Senior Women -57kg	R16	317	MIRABZALOVA Madina	UZB	ABDUVALIEVA Shabona	UZB	PTF	2:0
muju-grand-prix-challenge-2025	Senior Women -57kg	QF	122	PACHECO Maria Clara	BRA	MIRABZALOVA Madina	UZB	PTF	2:0
muju-grand-prix-challenge-2025	Senior Women -57kg	QF	221	KIM Yu-Jin	KOR	DEHHAOUI Amina	MAR	PTF	2:0
muju-grand-prix-challenge-2025	Senior Women -57kg	QF	222	TOUMI Chaima	TUN	HYMER Stacey	AUS	PTF	2:0
muju-grand-prix-challenge-2025	Senior Women -57kg	QF	321	DILLON Faith	USA	KIM Gahyeon	KOR	PTF	2:1
muju-grand-prix-challenge-2025	Senior Women -57kg	SF	224	KIM Yu-Jin	KOR	DILLON Faith	USA	PTF	2:0
muju-grand-prix-challenge-2025	Senior Women -57kg	SF	225	PACHECO Maria Clara	BRA	TOUMI Chaima	TUN	PTF	2:1
muju-grand-prix-challenge-2025	Senior Women -57kg	BR	228	DILLON Faith	USA	TOUMI Chaima	TUN	PTF	2:0
muju-grand-prix-challenge-2025	Senior Women -57kg	F	230	PACHECO Maria Clara	BRA	KIM Yu-Jin	KOR	PTF	2:0
presidents-cup-america-2025	Senior Men -87kg	R16	120	STEWART Jordan	CAN	RAMOS Juan Luis	CHI		1:0
presidents-cup-america-2025	Senior Men -87kg	R16	121	ALEJANDRO-VARGAS Diego	PUR	CHAN Jack	BRA		2:1
presidents-cup-america-2025	Senior Men -87kg	R16	122	SOUZA Allif	BRA	OSORIO Yesid F.	PUR		2:0
presidents-cup-america-2025	Senior Men -87kg	R16	123	MARTINS Icaro Miguel	BRA	CORRO Thiago Joaqu	ARG		2:0
presidents-cup-america-2025	Senior Men -87kg	R16	124	NAVARRO Oscar	MEX	GONZALEZ Gabriel	WT		2:0
presidents-cup-america-2025	Senior Men -87kg	R16	125	GONCALVES Luiz Eduardo	BRA	CHAVEZ Josue	PER		2:0
presidents-cup-america-2025	Senior Men -87kg	R16	126	RAMIREZ Victor Arm	MEX	HENRY Jonathan	USA		2:0
presidents-cup-america-2025	Senior Men -87kg	R16	127	SOUZA Leandro	BRA	RODRIGUEZ Michael c.	USA		2:0
presidents-cup-america-2025	Senior Men -87kg	QF	132	ALEJANDRO-VARGAS Diego	PUR	STEWART Jordan	CAN		2:1
presidents-cup-america-2025	Senior Men -87kg	QF	133	MARTINS Icaro Miguel	BRA	SOUZA Allif	BRA		2:0
presidents-cup-america-2025	Senior Men -87kg	QF	134	GONCALVES Luiz Eduardo	BRA	NAVARRO Oscar	MEX		1:0
presidents-cup-america-2025	Senior Men -87kg	QF	135	SOUZA Leandro	BRA	RAMIREZ Victor Arm	MEX		2:0
presidents-cup-america-2025	Senior Men -87kg	SF	138	MARTINS Icaro Miguel	BRA	ALEJANDRO-VARGAS Diego	PUR		2:0
presidents-cup-america-2025	Senior Men -87kg	SF	139	GONCALVES Luiz Eduardo	BRA	SOUZA Leandro	BRA		2:1
presidents-cup-america-2025	Senior Men -87kg	F	141	MARTINS Icaro Miguel	BRA	GONCALVES Luiz Eduardo	BRA		2:0
presidents-cup-america-2025	Senior Men -80kg	R32	1001	BOURIEL Ayoub	CAN	RIBEIRO Nickollas	BRA		2:0
presidents-cup-america-2025	Senior Men -80kg	R32	1002	ANDRADE Hassani	PER	LARA Francisco	ESA		2:1
presidents-cup-america-2025	Senior Men -80kg	R32	1003	FLORES Alejandro	WT	GOMEZTAGLE Uriel	MEX		
presidents-cup-america-2025	Senior Men -80kg	R32	1004	DI Mateo	ARG	POTVIN Maxime	CAN		2:0
presidents-cup-america-2025	Senior Men -80kg	R32	1005	MEIRELLES Arthur	BRA	PARK Tae Ku	CAN		2:0
presidents-cup-america-2025	Senior Men -80kg	R32	1006	MERCIER Charlelie	CAN	CORONADO Axel Javi	MEX		2:1
presidents-cup-america-2025	Senior Men -80kg	R32	1007	HILAL Yassine	CAN	HURTADO Jose Migue	MEX		2:0
presidents-cup-america-2025	Senior Men -80kg	R32	1008	NDE Aurele Tcheh	CAN	CANALES Ian Pablo	MEX		2:0
presidents-cup-america-2025	Senior Men -80kg	R16	1017	CHURCHILL Joaquin	CHI	BOURIEL Ayoub	CAN		2:0
presidents-cup-america-2025	Senior Men -80kg	R16	1018	SEALY. Brandon	JAM	ANDRADE Hassani	PER		2:0
presidents-cup-america-2025	Senior Men -80kg	R16	1019	CASAS Iker	MEX	FLORES Alejandro	WT		2:0
presidents-cup-america-2025	Senior Men -80kg	R16	1020	TREJOS Miguel	COL	DI Mateo	ARG		2:0
presidents-cup-america-2025	Senior Men -80kg	R16	1021	MEIRELLES Arthur	BRA	GONZALEZ Alejandro	PUR		2:0
presidents-cup-america-2025	Senior Men -80kg	R16	1022	YOUNG Isaiah	USA	MERCIER Charlelie	CAN		2:0
presidents-cup-america-2025	Senior Men -80kg	R16	1023	RODRIGUES Diego	BRA	HILAL Yassine	CAN		
presidents-cup-america-2025	Senior Men -80kg	R16	1024	RODRIGUES Henrique Marques	BRA	NDE Aurele Tcheh	CAN		2:0
presidents-cup-america-2025	Senior Men -80kg	QF	1033	CHURCHILL Joaquin	CHI	SEALY. Brandon	JAM		2:0
presidents-cup-america-2025	Senior Men -80kg	QF	1034	TREJOS Miguel	COL	CASAS Iker	MEX		2:0
presidents-cup-america-2025	Senior Men -80kg	QF	1035	YOUNG Isaiah	USA	MEIRELLES Arthur	BRA		2:0
presidents-cup-america-2025	Senior Men -80kg	QF	1036	RODRIGUES Henrique Marques	BRA	RODRIGUES Diego	BRA		2:0
presidents-cup-america-2025	Senior Men -80kg	SF	1041	CHURCHILL Joaquin	CHI	TREJOS Miguel	COL		2:1
presidents-cup-america-2025	Senior Men -80kg	SF	1042	RODRIGUES Henrique Marques	BRA	YOUNG Isaiah	USA		2:1
presidents-cup-america-2025	Senior Men -80kg	F	1045	RODRIGUES Henrique Marques	BRA	CHURCHILL Joaquin	CHI		2:0
presidents-cup-america-2025	Senior Men -74kg	R32	901	POLICELI Santino	ARG	MCCRAY Josiah	USA		2:0
presidents-cup-america-2025	Senior Men -74kg	R32	902	ROMMEL Luis Ricard	PER	BENITEZ Adrian	PUR		2:0
presidents-cup-america-2025	Senior Men -74kg	R32	903	WILCOX Sheldon	USA	DOS Daniel Rogerio	BRA		2:0
presidents-cup-america-2025	Senior Men -74kg	R32	904	SAENZ Martin Javie	ECU	PINAS Samaki	SUR		2:0
presidents-cup-america-2025	Senior Men -74kg	R32	905	DE Nicolas	BRA	CHUMPITAZ Juan Jes	PER		2:0
presidents-cup-america-2025	Senior Men -74kg	R32	906	SOTO Juan Jose	WT	GOMEZ Jaime Andres	PUR		
presidents-cup-america-2025	Senior Men -74kg	R16	907	RODRIGUES Victor	USA	POLICELI Santino	ARG		2:0
presidents-cup-america-2025	Senior Men -74kg	R16	908	SILVA Henrique	BRA	BENAOUDA Zakaria	CAN		2:0
presidents-cup-america-2025	Senior Men -74kg	R16	909	BECERRA Mario	CHI	ROMMEL Luis Ricard	PER		2:1
presidents-cup-america-2025	Senior Men -74kg	R16	910	WILCOX Sheldon	USA	GONZALEZ Federico	URU		2:0
presidents-cup-america-2025	Senior Men -74kg	R16	911	NAVA Ruben	MEX	SAENZ Martin Javie	ECU		2:0
presidents-cup-america-2025	Senior Men -74kg	R16	912	PEREIRA Gabriel	BRA	DE Nicolas	BRA		2:0
presidents-cup-america-2025	Senior Men -74kg	R16	913	DA Fabio Junior	BRA	GARCIA Juan Andres	COL		2:1
presidents-cup-america-2025	Senior Men -74kg	R16	914	PONTES Edival	BRA	SOTO Juan Jose	WT		2:1
presidents-cup-america-2025	Senior Men -74kg	QF	920	RODRIGUES Victor	USA	SILVA Henrique	BRA		2:0
presidents-cup-america-2025	Senior Men -74kg	QF	921	WILCOX Sheldon	USA	BECERRA Mario	CHI		2:0
presidents-cup-america-2025	Senior Men -74kg	QF	922	PEREIRA Gabriel	BRA	NAVA Ruben	MEX		2:0
presidents-cup-america-2025	Senior Men -74kg	QF	923	PONTES Edival	BRA	DA Fabio Junior	BRA		2:0
presidents-cup-america-2025	Senior Men -74kg	SF	928	RODRIGUES Victor	USA	WILCOX Sheldon	USA		2:0
presidents-cup-america-2025	Senior Men -74kg	SF	929	PONTES Edival	BRA	PEREIRA Gabriel	BRA		2:0
presidents-cup-america-2025	Senior Men -74kg	F	932	PONTES Edival	BRA	RODRIGUES Victor	USA		2:0
presidents-cup-america-2025	Senior Men -68kg	R64	401	MENDOZA Misael	PER	ROBLES Jose Eduard	MEX		2:0
presidents-cup-america-2025	Senior Men -68kg	R64	402	PARK Braven	CAN	CRUZ Alejandro	MEX		2:0
presidents-cup-america-2025	Senior Men -68kg	R64	403	DE Marcos Toledo	BRA	ZIDI Khaled	CAN		2:0
presidents-cup-america-2025	Senior Men -68kg	R64	404	MOTTA Miguel Eduar	PER	LEON Erick Daniel	ECU		2:1
presidents-cup-america-2025	Senior Men -68kg	R64	405	MAZZANTI Santino	ARG	DOEBE Samero	SUR		2:1
presidents-cup-america-2025	Senior Men -68kg	R64	406	DA William	BRA	LA Anriger	VEN		2:0
presidents-cup-america-2025	Senior Men -68kg	R64	407	CORDERO Sebastian	PER	ARGUELLO Josue Gab	ECU		2:1
presidents-cup-america-2025	Senior Men -68kg	R64	408	RUVALCABA Adrian	MEX	GARCIA Gustavo And	PUR		2:0
presidents-cup-america-2025	Senior Men -68kg	R64	409	MENDES Alisson	BRA	FRANCO Andree Dani	PER		2:0
presidents-cup-america-2025	Senior Men -68kg	R64	410	AVROYA Noah	CAN	HUAMANI Leandro	PER		2:0
presidents-cup-america-2025	Senior Men -68kg	R32	411	SOUZA Joao Victor	BRA	MENDOZA Misael	PER		2:0
presidents-cup-america-2025	Senior Men -68kg	R32	412	DOS Guilherme	BRA	LOPEZ Matias	URU		2:1
presidents-cup-america-2025	Senior Men -68kg	R32	413	PARK Braven	CAN	FORTIN Jacob	CAN		2:0
presidents-cup-america-2025	Senior Men -68kg	R32	414	AVILA Daniel Aleja	MEX	DE Marcos Toledo	BRA		2:0
presidents-cup-america-2025	Senior Men -68kg	R32	415	ALMEIDA Fillipe	BRA	MOTTA Miguel Eduar	PER		2:1
presidents-cup-america-2025	Senior Men -68kg	R32	416	DE Luis	PUR	COBOS Alejandro	MEX		2:0
presidents-cup-america-2025	Senior Men -68kg	R32	417	HILAL Ali	CAN	DOS Vytor	BRA		2:0
presidents-cup-america-2025	Senior Men -68kg	R32	418	OLIVERO Cristian	CHI	MAZZANTI Santino	ARG		2:0
presidents-cup-america-2025	Senior Men -68kg	R32	419	ACUNA Jose Luis	ARG	DA William	BRA		2:0
presidents-cup-america-2025	Senior Men -68kg	R32	420	DE Pedro Henrique	BRA	STANG Thiago Valen	ARG		2:0
presidents-cup-america-2025	Senior Men -68kg	R32	421	ROMERO Ian	PAN	MISIEDJAN Bendjino	SUR		2:0
presidents-cup-america-2025	Senior Men -68kg	R32	422	GARRIDO Jhon Deivi	COL	CORDERO Sebastian	PER		2:0
presidents-cup-america-2025	Senior Men -68kg	R32	423	HARRIS Khalfani	USA	RUVALCABA Adrian	MEX		2:0
presidents-cup-america-2025	Senior Men -68kg	R32	424	MENDES Alisson	BRA	DE Nicolas Emmanue	DOM		2:1
presidents-cup-america-2025	Senior Men -68kg	R32	425	FABI Enzo	CAN	MIRANDA Martin	GUA		2:0
presidents-cup-america-2025	Senior Men -68kg	R32	426	RODRIGUEZ Maikol	USA	AVROYA Noah	CAN		2:0
presidents-cup-america-2025	Senior Men -68kg	R16	427	SOUZA Joao Victor	BRA	DOS Guilherme	BRA		2:0
presidents-cup-america-2025	Senior Men -68kg	R16	428	PARK Braven	CAN	AVILA Daniel Aleja	MEX		2:1
presidents-cup-america-2025	Senior Men -68kg	R16	429	ALMEIDA Fillipe	BRA	DE Luis	PUR		2:0
presidents-cup-america-2025	Senior Men -68kg	R16	430	OLIVERO Cristian	CHI	HILAL Ali	CAN		2:0
presidents-cup-america-2025	Senior Men -68kg	R16	431	ACUNA Jose Luis	ARG	DE Pedro Henrique	BRA		2:0
presidents-cup-america-2025	Senior Men -68kg	R16	432	GARRIDO Jhon Deivi	COL	ROMERO Ian	PAN		2:0
presidents-cup-america-2025	Senior Men -68kg	R16	433	MENDES Alisson	BRA	HARRIS Khalfani	USA		
presidents-cup-america-2025	Senior Men -68kg	R16	434	RODRIGUEZ Maikol	USA	FABI Enzo	CAN		2:0
presidents-cup-america-2025	Senior Men -68kg	QF	435	SOUZA Joao Victor	BRA	PARK Braven	CAN		2:0
presidents-cup-america-2025	Senior Men -68kg	QF	436	OLIVERO Cristian	CHI	ALMEIDA Fillipe	BRA		2:0
presidents-cup-america-2025	Senior Men -68kg	QF	437	GARRIDO Jhon Deivi	COL	ACUNA Jose Luis	ARG		2:1
presidents-cup-america-2025	Senior Men -68kg	QF	438	RODRIGUEZ Maikol	USA	MENDES Alisson	BRA		2:0
presidents-cup-america-2025	Senior Men -68kg	SF	439	SOUZA Joao Victor	BRA	OLIVERO Cristian	CHI		2:1
presidents-cup-america-2025	Senior Men -68kg	SF	440	RODRIGUEZ Maikol	USA	GARRIDO Jhon Deivi	COL		2:0
presidents-cup-america-2025	Senior Men -68kg	F	441	SOUZA Joao Victor	BRA	RODRIGUEZ Maikol	USA		2:1
presidents-cup-america-2025	Senior Men -63kg	R64	301	AQUINO Duvan	PUR	RACHAEL Paulo Henr	BRA		2:1
presidents-cup-america-2025	Senior Men -63kg	R64	302	CASTILLO Alejandro	PER	COSTA Arthur	BRA		2:0
presidents-cup-america-2025	Senior Men -63kg	R64	303	YOON Christopher	USA	VERA Jorge	CHI		2:0
presidents-cup-america-2025	Senior Men -63kg	R64	304	BENNIE Sidney Mich	TTO	CARRASQUILLO Gael	PUR		2:0
presidents-cup-america-2025	Senior Men -63kg	R64	305	PULIDO Juan Lucas	COL	RODRIGUEZ Joaquin	PER		2:0
presidents-cup-america-2025	Senior Men -63kg	R64	306	KLABER Jourde	ARU	GODOLPHIN Lito	USA		2:0
presidents-cup-america-2025	Senior Men -63kg	R64	307	MUNOZ Ari	CHI	SALAS Olman	WT		2:0
presidents-cup-america-2025	Senior Men -63kg	R64	308	FLORES Diego	CHI	CUBERO Leyner Fabr	WT		2:1
presidents-cup-america-2025	Senior Men -63kg	R64	309	ALBA Juan-sebastia	CAN	RAYAS Alejandro	USA		2:1
presidents-cup-america-2025	Senior Men -63kg	R64	310	PENALBA Adrian	PAN	FLORES Arian	PER		2:0
presidents-cup-america-2025	Senior Men -63kg	R64	311	VALDES David	MEX	HEFFELFINGER-GARCI	PUR		2:0
presidents-cup-america-2025	Senior Men -63kg	R64	312	BRITTON Shane	CAN	RAMIREZ Mauricio	ECU		2:1
presidents-cup-america-2025	Senior Men -63kg	R64	313	ALLEN Chris	USA	LABRIOLA Francisco	ARG		2:0
presidents-cup-america-2025	Senior Men -63kg	R64	314	RODRIGUEZ Alejandr	PER	NAZARIO Edgardo	PUR		2:0
presidents-cup-america-2025	Senior Men -63kg	R64	315	MATTHAUS Carlos	BRA	LEW Michah	SUR		2:0
presidents-cup-america-2025	Senior Men -63kg	R32	316	RAMOS Gabriel	BRA	AQUINO Duvan	PUR		2:0
presidents-cup-america-2025	Senior Men -63kg	R32	317	SALVATIERRA Carlos	GUA	LESYK Kaden	CAN		2:1
presidents-cup-america-2025	Senior Men -63kg	R32	318	CASTILLO Alejandro	PER	SALEH James	CAN		2:0
presidents-cup-america-2025	Senior Men -63kg	R32	319	GOMEZ Daniel Felip	COL	YOON Christopher	USA		2:1
presidents-cup-america-2025	Senior Men -63kg	R32	320	BARETTA Eduardo	BRA	BENNIE Sidney Mich	TTO		2:0
presidents-cup-america-2025	Senior Men -63kg	R32	321	NAVEA Sebastian	CHI	PULIDO Juan Lucas	COL		2:0
presidents-cup-america-2025	Senior Men -63kg	R32	322	FERREIRA Kauan	BRA	KLABER Jourde	ARU		2:0
presidents-cup-america-2025	Senior Men -63kg	R32	323	SANTIAGO Jose Dani	PUR	MUNOZ Ari	CHI		2:0
presidents-cup-america-2025	Senior Men -63kg	R32	324	MILLAN David	MEX	FLORES Diego	CHI		2:0
presidents-cup-america-2025	Senior Men -63kg	R32	325	CONTRERAS Aaron	CHI	ALBA Juan-sebastia	CAN		2:0
presidents-cup-america-2025	Senior Men -63kg	R32	326	KIM Seung Ju	CAN	PENALBA Adrian	PAN		2:0
presidents-cup-america-2025	Senior Men -63kg	R32	327	VALDES David	MEX	CHANG Yohan	CAN		2:0
presidents-cup-america-2025	Senior Men -63kg	R32	328	BRITTON Shane	CAN	GUIZAR Alejandro	MEX		2:0
presidents-cup-america-2025	Senior Men -63kg	R32	329	ALLEN Chris	USA	YUPANQUI Fabian	PER		2:0
presidents-cup-america-2025	Senior Men -63kg	R32	330	RODRIGUEZ Alejandr	PER	PELAEZ Fernando	MEX		2:1
presidents-cup-america-2025	Senior Men -63kg	R32	331	BAGOV Idar	AIN	MATTHAUS Carlos	BRA		2:0
presidents-cup-america-2025	Senior Men -63kg	R16	332	RAMOS Gabriel	BRA	SALVATIERRA Carlos	GUA		2:0
presidents-cup-america-2025	Senior Men -63kg	R16	333	GOMEZ Daniel Felip	COL	CASTILLO Alejandro	PER		2:0
presidents-cup-america-2025	Senior Men -63kg	R16	334	BARETTA Eduardo	BRA	NAVEA Sebastian	CHI		2:0
presidents-cup-america-2025	Senior Men -63kg	R16	335	SANTIAGO Jose Dani	PUR	FERREIRA Kauan	BRA		2:1
presidents-cup-america-2025	Senior Men -63kg	R16	336	MILLAN David	MEX	CONTRERAS Aaron	CHI		2:1
presidents-cup-america-2025	Senior Men -63kg	R16	337	VALDES David	MEX	KIM Seung Ju	CAN		2:0
presidents-cup-america-2025	Senior Men -63kg	R16	338	BRITTON Shane	CAN	ALLEN Chris	USA		2:0
presidents-cup-america-2025	Senior Men -63kg	R16	339	BAGOV Idar	AIN	RODRIGUEZ Alejandr	PER		2:0
presidents-cup-america-2025	Senior Men -63kg	QF	340	RAMOS Gabriel	BRA	GOMEZ Daniel Felip	COL		2:0
presidents-cup-america-2025	Senior Men -63kg	QF	341	BARETTA Eduardo	BRA	SANTIAGO Jose Dani	PUR		2:0
presidents-cup-america-2025	Senior Men -63kg	QF	342	VALDES David	MEX	MILLAN David	MEX		2:0
presidents-cup-america-2025	Senior Men -63kg	QF	343	BAGOV Idar	AIN	BRITTON Shane	CAN		2:0
presidents-cup-america-2025	Senior Men -63kg	SF	344	BARETTA Eduardo	BRA	RAMOS Gabriel	BRA		2:1
presidents-cup-america-2025	Senior Men -63kg	SF	345	BAGOV Idar	AIN	VALDES David	MEX		2:1
presidents-cup-america-2025	Senior Men -63kg	F	346	BARETTA Eduardo	BRA	BAGOV Idar	AIN		2:1
presidents-cup-america-2025	Senior Men -58kg	R64	201	NAVARRETE Fabricio antonio	PER	CORRALES Mauricio	WT		2:0
presidents-cup-america-2025	Senior Men -58kg	R64	202	ALVAREZ Melvy	USA	SALAS Victor Andre	PER		2:0
presidents-cup-america-2025	Senior Men -58kg	R64	203	MORALES Edrick	PUR	NUNES Lucas	BRA		2:0
presidents-cup-america-2025	Senior Men -58kg	R64	204	NORETTO Cole	USA	VIVEROS Pedro Raul	MEX		2:0
presidents-cup-america-2025	Senior Men -58kg	R64	205	BARRETO Raymiguel	PER	RIOS Ivan	PAN		2:0
presidents-cup-america-2025	Senior Men -58kg	R32	206	HOEFLING Nicholas	CAN	NAVARRETE Fabricio antonio	PER		2:0
presidents-cup-america-2025	Senior Men -58kg	R32	207	PUMA Jose	PER	MIRANDA Adrian	ECU		2:0
presidents-cup-america-2025	Senior Men -58kg	R32	208	PEREIRA Daniel	BRA	PASHNIN Mark	CAN		2:1
presidents-cup-america-2025	Senior Men -58kg	R32	209	ROJAS Iker Josue	ECU	DE Moises Eduardo	DOM		2:0
presidents-cup-america-2025	Senior Men -58kg	R32	210	CORTES Carlos	MEX	ALVAREZ Melvy	USA		2:0
presidents-cup-america-2025	Senior Men -58kg	R32	211	HERNANDEZ Arturo	MEX	RAMOS Jorge	CHI		2:0
presidents-cup-america-2025	Senior Men -58kg	R32	212	TOLEDO Bruno Yuji	BRA	FUENTES David	GUA		2:0
presidents-cup-america-2025	Senior Men -58kg	R32	213	MORALES Edrick	PUR	CUNNINGHAM William	USA		2:1
presidents-cup-america-2025	Senior Men -58kg	R32	214	SILVA Alisson Caua	BRA	NORETTO Cole	USA		2:1
presidents-cup-america-2025	Senior Men -58kg	R32	215	RAMOS. Brandon	PUR	CAEZ Jose G	PUR		2:0
presidents-cup-america-2025	Senior Men -58kg	R32	216	NUNEZ Lautaro	ARG	MOTA Joao Victor	BRA		2:0
presidents-cup-america-2025	Senior Men -58kg	R32	217	OCHOA Jefferson	COL	ESPINOLA Ignacio	ARG		2:0
presidents-cup-america-2025	Senior Men -58kg	R32	218	RIOS Agustin	CHI	GONZALEZ Joiner	VEN		2:0
presidents-cup-america-2025	Senior Men -58kg	R32	219	VASCONCELOS Yago	BRA	WEEKES Jeremi	PUR		2:1
presidents-cup-america-2025	Senior Men -58kg	R32	220	SGHIR Anas	CAN	JEAN-BAPTISTE Gregory	HAI		2:0
presidents-cup-america-2025	Senior Men -58kg	R32	221	MELO Paulo	BRA	BARRETO Raymiguel	PER		2:0
presidents-cup-america-2025	Senior Men -58kg	R16	222	HOEFLING Nicholas	CAN	PUMA Jose	PER		2:0
presidents-cup-america-2025	Senior Men -58kg	R16	223	PEREIRA Daniel	BRA	ROJAS Iker Josue	ECU		2:1
presidents-cup-america-2025	Senior Men -58kg	R16	224	CORTES Carlos	MEX	HERNANDEZ Arturo	MEX		2:0
presidents-cup-america-2025	Senior Men -58kg	R16	225	MORALES Edrick	PUR	TOLEDO Bruno Yuji	BRA		2:1
presidents-cup-america-2025	Senior Men -58kg	R16	226	SILVA Alisson Caua	BRA	RAMOS. Brandon	PUR		2:0
presidents-cup-america-2025	Senior Men -58kg	R16	227	OCHOA Jefferson	COL	NUNEZ Lautaro	ARG		2:0
presidents-cup-america-2025	Senior Men -58kg	R16	228	RIOS Agustin	CHI	VASCONCELOS Yago	BRA		2:1
presidents-cup-america-2025	Senior Men -58kg	R16	229	MELO Paulo	BRA	SGHIR Anas	CAN		2:0
presidents-cup-america-2025	Senior Men -58kg	QF	230	HOEFLING Nicholas	CAN	PEREIRA Daniel	BRA		2:0
presidents-cup-america-2025	Senior Men -58kg	QF	231	CORTES Carlos	MEX	MORALES Edrick	PUR		2:0
presidents-cup-america-2025	Senior Men -58kg	QF	232	SILVA Alisson Caua	BRA	OCHOA Jefferson	COL		1:1
presidents-cup-america-2025	Senior Men -58kg	QF	233	MELO Paulo	BRA	RIOS Agustin	CHI		2:0
presidents-cup-america-2025	Senior Men -58kg	SF	234	HOEFLING Nicholas	CAN	CORTES Carlos	MEX		2:0
presidents-cup-america-2025	Senior Men -58kg	SF	235	MELO Paulo	BRA	SILVA Alisson Caua	BRA		2:0
presidents-cup-america-2025	Senior Men -58kg	F	236	HOEFLING Nicholas	CAN	MELO Paulo	BRA		2:1
presidents-cup-america-2025	Senior Men -54kg	R32	101	CAMPANA Carlos	MEX	PASTOR Edgardo	PAN		2:0
presidents-cup-america-2025	Senior Men -54kg	R32	102	BERUBE Maxime	CAN	ARIAS Alejandro Jo	WT		2:0
presidents-cup-america-2025	Senior Men -54kg	R32	103	ALVES Leonardo Emi	BRA	VASQUEZ Gaston	CHI		2:0
presidents-cup-america-2025	Senior Men -54kg	R32	104	CRUZ Kariel	PUR	NGUYEN Alexis	CAN		2:0
presidents-cup-america-2025	Senior Men -54kg	R32	105	MORENO Franco Javi	PER	LAFRATTI Maximo	ARG		2:1
presidents-cup-america-2025	Senior Men -54kg	R32	106	CHAVEZ Zaid Gabrie	MEX	QUISPILLOCLLA Fabr	PER		2:0
presidents-cup-america-2025	Senior Men -54kg	R32	107	BONET Sebastian	ARG	ECHAVARRI Sebastian	MEX		2:0
presidents-cup-america-2025	Senior Men -54kg	R32	108	HERNANDEZ Edgar Emmanuel	MEX	BERUBE Zachary	CAN		2:0
presidents-cup-america-2025	Senior Men -54kg	R32	109	NATIVIDADE Cesar A	BRA	BANKS Robert	USA		2:0
presidents-cup-america-2025	Senior Men -54kg	R32	110	AZEVEDO Klebenilso	BRA	ABARCA Gerardo Joe	PER		2:0
presidents-cup-america-2025	Senior Men -54kg	R32	111	GUIZAR Manuel	MEX	RODRIGUEZ Juan	PER		2:0
presidents-cup-america-2025	Senior Men -54kg	R16	112	GUN Youngsuk Ethan	USA	CAMPANA Carlos	MEX		2:0
presidents-cup-america-2025	Senior Men -54kg	R16	113	ALVES Leonardo Emi	BRA	BERUBE Maxime	CAN		2:0
presidents-cup-america-2025	Senior Men -54kg	R16	114	GARCIA Angelberto	MEX	CRUZ Kariel	PUR		2:0
presidents-cup-america-2025	Senior Men -54kg	R16	115	MORENO Franco Javi	PER	CANETE Arian nathan	USA		2:1
presidents-cup-america-2025	Senior Men -54kg	R16	116	GILLIARD Matheus	BRA	CHAVEZ Zaid Gabrie	MEX		2:0
presidents-cup-america-2025	Senior Men -54kg	R16	117	HERNANDEZ Edgar Emmanuel	MEX	BONET Sebastian	ARG		2:0
presidents-cup-america-2025	Senior Men -54kg	R16	118	NATIVIDADE Cesar A	BRA	AZEVEDO Klebenilso	BRA		2:1
presidents-cup-america-2025	Senior Men -54kg	R16	119	DE Giovanni Aubin	BRA	GUIZAR Manuel	MEX		2:0
presidents-cup-america-2025	Senior Men -54kg	QF	128	GUN Youngsuk Ethan	USA	ALVES Leonardo Emi	BRA		2:1
presidents-cup-america-2025	Senior Men -54kg	QF	129	GARCIA Angelberto	MEX	MORENO Franco Javi	PER		2:0
presidents-cup-america-2025	Senior Men -54kg	QF	130	HERNANDEZ Edgar Emmanuel	MEX	GILLIARD Matheus	BRA		2:0
presidents-cup-america-2025	Senior Men -54kg	QF	131	DE Giovanni Aubin	BRA	NATIVIDADE Cesar A	BRA		2:0
presidents-cup-america-2025	Senior Men -54kg	SF	136	GARCIA Angelberto	MEX	GUN Youngsuk Ethan	USA		2:0
presidents-cup-america-2025	Senior Men -54kg	SF	137	DE Giovanni Aubin	BRA	HERNANDEZ Edgar Emmanuel	MEX		2:0
presidents-cup-america-2025	Senior Men -54kg	F	140	DE Giovanni Aubin	BRA	GARCIA Angelberto	MEX		2:1
presidents-cup-america-2025	Senior Men +87kg	R16	725	NIEVES Victor Manu	PUR	MUNOZ Franco	CHI		2:1
presidents-cup-america-2025	Senior Men +87kg	R16	726	PEREIRA Patrik	BRA	CASTILLO Joshua Da	PER		
presidents-cup-america-2025	Senior Men +87kg	R16	727	ALVES Pedro Arthur	BRA	JORDAN Bravo Ceden	ECU		2:0
presidents-cup-america-2025	Senior Men +87kg	R16	728	WEBB Julian	WT	THIAM Mamadou bassirou	CAN		
presidents-cup-america-2025	Senior Men +87kg	R16	729	BATISTA Erick Vini	BRA	HOLDER Chioke	BAR		2:1
presidents-cup-america-2025	Senior Men +87kg	QF	734	HEALY Jonathan	USA	NIEVES Victor Manu	PUR		2:0
presidents-cup-america-2025	Senior Men +87kg	QF	735	PEREIRA Patrik	BRA	ALVES Pedro Arthur	BRA		2:0
presidents-cup-america-2025	Senior Men +87kg	QF	736	LARIN Vladislav	AIN	WEBB Julian	WT		2:0
presidents-cup-america-2025	Senior Men +87kg	QF	737	SANSORES Carlos	MEX	BATISTA Erick Vini	BRA		2:0
presidents-cup-america-2025	Senior Men +87kg	SF	740	HEALY Jonathan	USA	PEREIRA Patrik	BRA		2:0
presidents-cup-america-2025	Senior Men +87kg	SF	741	LARIN Vladislav	AIN	SANSORES Carlos	MEX		2:0
presidents-cup-america-2025	Senior Men +87kg	F	743	LARIN Vladislav	AIN	HEALY Jonathan	USA		2:0
presidents-cup-america-2025	Senior Women -73kg	R16	816	TAMEZ Victoria	MEX	ROJAS Kayla	WT		2:0
presidents-cup-america-2025	Senior Women -73kg	R16	817	WEEKES Crystal	PUR	BENAVIDES Ludy Jan	ECU		2:0
presidents-cup-america-2025	Senior Women -73kg	R16	818	KOSMYCHEVA Anastasiia	AIN	ALARCON Camila	CHI		2:0
presidents-cup-america-2025	Senior Women -73kg	R16	819	RIVAS Victoria	ARG	VELAZQUEZ Itzel	MEX		2:0
presidents-cup-america-2025	Senior Women -73kg	R16	820	DA Thaisa	BRA	VASQUEZ Eliana	PER		2:0
presidents-cup-america-2025	Senior Women -73kg	R16	821	HAZOURY Betsabe	DOM	GARZA Beatriz Gali	MEX		2:0
presidents-cup-america-2025	Senior Women -73kg	R16	822	OLIVEIRA Mikaela	BRA	SOLIS Natalie Stef	PER		2:0
presidents-cup-america-2025	Senior Women -73kg	QF	827	LEE Ava Soon	HAI	TAMEZ Victoria	MEX		2:1
presidents-cup-america-2025	Senior Women -73kg	QF	828	KOSMYCHEVA Anastasiia	AIN	WEEKES Crystal	PUR		2:0
presidents-cup-america-2025	Senior Women -73kg	QF	829	RIVAS Victoria	ARG	DA Thaisa	BRA		2:0
presidents-cup-america-2025	Senior Women -73kg	QF	830	OLIVEIRA Mikaela	BRA	HAZOURY Betsabe	DOM		2:0
presidents-cup-america-2025	Senior Women -73kg	SF	833	KOSMYCHEVA Anastasiia	AIN	LEE Ava Soon	HAI		2:0
presidents-cup-america-2025	Senior Women -73kg	SF	834	OLIVEIRA Mikaela	BRA	RIVAS Victoria	ARG		2:0
presidents-cup-america-2025	Senior Women -73kg	F	836	KOSMYCHEVA Anastasiia	AIN	OLIVEIRA Mikaela	BRA		2:0
presidents-cup-america-2025	Senior Women -67kg	R16	915	AGUIRRE Ana Maria	COL	CANO Maria	PER		2:0
presidents-cup-america-2025	Senior Women -67kg	R16	916	GALLARDO Claudia	CHI	MARTINIC Priscila	ARG		2:1
presidents-cup-america-2025	Senior Women -67kg	R16	917	LUKIC Maya	CAN	DIAZ Isabella	PUR		2:1
presidents-cup-america-2025	Senior Women -67kg	R16	918	MACEDO Sandy	BRA	LOVAGLIO Isabella	MEX		2:1
presidents-cup-america-2025	Senior Women -67kg	R16	919	SOLTERO Leslie	MEX	REBELO Beatriz	BRA		2:0
presidents-cup-america-2025	Senior Women -67kg	QF	924	TEACHOUT Kristina	USA	AGUIRRE Ana Maria	COL		2:0
presidents-cup-america-2025	Senior Women -67kg	QF	925	GALLARDO Claudia	CHI	LUKIC Maya	CAN		2:0
presidents-cup-america-2025	Senior Women -67kg	QF	926	MACEDO Sandy	BRA	BEAULIEU Gabrielle	CAN		2:0
presidents-cup-america-2025	Senior Women -67kg	QF	927	TITONELI Milena	BRA	SOLTERO Leslie	MEX		2:0
presidents-cup-america-2025	Senior Women -67kg	SF	930	TEACHOUT Kristina	USA	GALLARDO Claudia	CHI		2:1
presidents-cup-america-2025	Senior Women -67kg	SF	931	TITONELI Milena	BRA	MACEDO Sandy	BRA		
presidents-cup-america-2025	Senior Women -67kg	F	933	TITONELI Milena	BRA	TEACHOUT Kristina	USA		2:1
presidents-cup-america-2025	Senior Women -62kg	R32	1009	CARDENAS Lya	MEX	REYNAUD Nicole	PER		2:0
presidents-cup-america-2025	Senior Women -62kg	R32	1010	GNIEDZIEJKO Jessica	USA	ORTEGA Dailin Nair	COL		2:0
presidents-cup-america-2025	Senior Women -62kg	R32	1011	DE Isadora	BRA	BUSTOS Marianela	CHI		2:0
presidents-cup-america-2025	Senior Women -62kg	R32	1012	VILLEGAS Fabiola guadalupe	MEX	JOGLAR Nichole	PUR		2:0
presidents-cup-america-2025	Senior Women -62kg	R32	1013	CHARRON Alexandra	CAN	DA Driele	BRA		2:0
presidents-cup-america-2025	Senior Women -62kg	R32	1014	HAYLETT Sahai	USA	MEDINA Juliana	PUR		2:0
presidents-cup-america-2025	Senior Women -62kg	R32	1015	MONTANO Alisson	ESA	BONGSOMENGGOLO Yade	SUR		2:0
presidents-cup-america-2025	Senior Women -62kg	R32	1016	MORALES Maria Cele	PAN	CERVANTES Luz Nohe	MEX		2:0
presidents-cup-america-2025	Senior Women -62kg	R16	1025	MINA Mell	ECU	CARDENAS Lya	MEX		2:0
presidents-cup-america-2025	Senior Women -62kg	R16	1026	CARNEIRO Celydiene	BRA	GNIEDZIEJKO Jessica	USA		2:1
presidents-cup-america-2025	Senior Women -62kg	R16	1027	ANDRIC Leonarda	CAN	DE Isadora	BRA		2:0
presidents-cup-america-2025	Senior Women -62kg	R16	1028	VILLEGAS Fabiola guadalupe	MEX	SANTERRE Frederiqu	CAN		2:0
presidents-cup-america-2025	Senior Women -62kg	R16	1029	CHARRON Alexandra	CAN	RUIZ Brenda Anahi	ARG		2:1
presidents-cup-america-2025	Senior Women -62kg	R16	1030	DEATON Danica	USA	HAYLETT Sahai	USA		2:0
presidents-cup-america-2025	Senior Women -62kg	R16	1031	MONTANO Alisson	ESA	SOTO Isuangelis	PUR		2:0
presidents-cup-america-2025	Senior Women -62kg	R16	1032	BREWSTER Ella	CAN	MORALES Maria Cele	PAN		2:0
presidents-cup-america-2025	Senior Women -62kg	QF	1037	MINA Mell	ECU	CARNEIRO Celydiene	BRA		2:0
presidents-cup-america-2025	Senior Women -62kg	QF	1038	ANDRIC Leonarda	CAN	VILLEGAS Fabiola guadalupe	MEX		2:1
presidents-cup-america-2025	Senior Women -62kg	QF	1039	CHARRON Alexandra	CAN	DEATON Danica	USA		2:1
presidents-cup-america-2025	Senior Women -62kg	QF	1040	BREWSTER Ella	CAN	MONTANO Alisson	ESA		2:0
presidents-cup-america-2025	Senior Women -62kg	SF	1043	ANDRIC Leonarda	CAN	MINA Mell	ECU		2:0
presidents-cup-america-2025	Senior Women -62kg	SF	1044	BREWSTER Ella	CAN	CHARRON Alexandra	CAN		2:0
presidents-cup-america-2025	Senior Women -62kg	F	1046	BREWSTER Ella	CAN	ANDRIC Leonarda	CAN		2:1
presidents-cup-america-2025	Senior Women -57kg	R32	701	PACHECO Maria Clara	BRA	SEPULVEDA Maria Ju	ARG		2:0
presidents-cup-america-2025	Senior Women -57kg	R32	702	SELLAS Jathmarilys	PUR	DOS Maria Eduarda	BRA		2:0
presidents-cup-america-2025	Senior Women -57kg	R32	703	ROCHA Liz	BRA	VAZQUEZ Amanda	PUR		2:0
presidents-cup-america-2025	Senior Women -57kg	R32	704	URETA Rocio	CHI	DELGADO Andrea	PUR		2:0
presidents-cup-america-2025	Senior Women -57kg	R32	705	JIMENEZ Regina	MEX	ST-PIERRE Alycia	CAN		2:1
presidents-cup-america-2025	Senior Women -57kg	R32	706	MALAGON Laura Nata	COL	CACERES Camila	PER		2:0
presidents-cup-america-2025	Senior Women -57kg	R32	707	LINDO Neshi Lee	WT	VAN Serena	SUR		2:0
presidents-cup-america-2025	Senior Women -57kg	R32	708	POIRE Aurelie	CAN	LIMA Vitoria	BRA		2:0
presidents-cup-america-2025	Senior Women -57kg	R32	709	DILLON Faith	USA	BAEZ Sofia	PUR		2:0
presidents-cup-america-2025	Senior Women -57kg	R32	710	LEITE Ana Carolina	BRA	FLORES Hermaliz	PUR		2:0
presidents-cup-america-2025	Senior Women -57kg	R32	711	LIMATE Jesica Paol	COL	BOMMERSBACH Luci	USA		2:0
presidents-cup-america-2025	Senior Women -57kg	R32	712	MILLER Montana	USA	CHAVEZ Jazmin	MEX		2:0
presidents-cup-america-2025	Senior Women -57kg	R32	713	SALGADO Zaira Paul	MEX	GARRIDO Mia Suyai	ARG		2:0
presidents-cup-america-2025	Senior Women -57kg	R32	714	ERICE Constanza	CHI	RIBEIRO Maria Edua	BRA		2:1
presidents-cup-america-2025	Senior Women -57kg	R32	715	ARENAS Camila	PER	MARTINEZ Adriana C	BOL		2:1
presidents-cup-america-2025	Senior Women -57kg	R32	716	PARK Skylar	CAN	PORTIGLIOTTI Fabia	BRA		2:0
presidents-cup-america-2025	Senior Women -57kg	R16	717	PACHECO Maria Clara	BRA	SELLAS Jathmarilys	PUR		2:0
presidents-cup-america-2025	Senior Women -57kg	R16	718	ROCHA Liz	BRA	URETA Rocio	CHI		2:0
presidents-cup-america-2025	Senior Women -57kg	R16	719	JIMENEZ Regina	MEX	MALAGON Laura Nata	COL		2:0
presidents-cup-america-2025	Senior Women -57kg	R16	720	LINDO Neshi Lee	WT	POIRE Aurelie	CAN		2:0
presidents-cup-america-2025	Senior Women -57kg	R16	721	DILLON Faith	USA	LEITE Ana Carolina	BRA		2:0
presidents-cup-america-2025	Senior Women -57kg	R16	722	MILLER Montana	USA	LIMATE Jesica Paol	COL		2:0
presidents-cup-america-2025	Senior Women -57kg	R16	723	SALGADO Zaira Paul	MEX	ERICE Constanza	CHI		2:0
presidents-cup-america-2025	Senior Women -57kg	R16	724	PARK Skylar	CAN	ARENAS Camila	PER		2:0
presidents-cup-america-2025	Senior Women -57kg	QF	730	PACHECO Maria Clara	BRA	ROCHA Liz	BRA		2:0
presidents-cup-america-2025	Senior Women -57kg	QF	731	LINDO Neshi Lee	WT	JIMENEZ Regina	MEX		
presidents-cup-america-2025	Senior Women -57kg	QF	732	DILLON Faith	USA	MILLER Montana	USA		2:0
presidents-cup-america-2025	Senior Women -57kg	QF	733	PARK Skylar	CAN	SALGADO Zaira Paul	MEX		2:1
presidents-cup-america-2025	Senior Women -57kg	SF	738	PACHECO Maria Clara	BRA	LINDO Neshi Lee	WT		2:0
presidents-cup-america-2025	Senior Women -57kg	SF	739	DILLON Faith	USA	PARK Skylar	CAN		2:1
presidents-cup-america-2025	Senior Women -57kg	F	742	PACHECO Maria Clara	BRA	DILLON Faith	USA		2:1
presidents-cup-america-2025	Senior Women -53kg	R32	501	PEDROZO Beatriz	BRA	MARTINEZ Ninoshka	PUR		2:0
presidents-cup-america-2025	Senior Women -53kg	R32	502	NUNEZ Jordana	CAN	ALMEIDA Ana Clara	BRA		2:0
presidents-cup-america-2025	Senior Women -53kg	R32	503	BETANCOURTH Natali	COL	VILLA Soraya	USA		2:0
presidents-cup-america-2025	Senior Women -53kg	R32	504	CARPENTIER Vicky	CAN	YAN Allison	USA		2:0
presidents-cup-america-2025	Senior Women -53kg	R32	505	CABRERA Beira	PUR	PENA Jackeline	MEX		2:0
presidents-cup-america-2025	Senior Women -53kg	R32	506	MONTANEZ Sofia	MEX	MICHELENA Arianna	PUR		2:0
presidents-cup-america-2025	Senior Women -53kg	R32	507	FERLA Ana Clara	BRA	CHIRINOS Jaimar Sa	ARU		2:0
presidents-cup-america-2025	Senior Women -53kg	R32	508	DUMAS Mathilde	CAN	GALLARDO Francisca	CHI		2:1
presidents-cup-america-2025	Senior Women -53kg	R32	509	SANCHO Laura	WT	OTTO Riley	USA		2:1
presidents-cup-america-2025	Senior Women -53kg	R32	510	PEREIRA Maria Gabr	BRA	PEREZ Daniela	GUA		2:0
presidents-cup-america-2025	Senior Women -53kg	R32	511	MUNIZ Kaylee N	PUR	GARZON Marjorie Da	ECU		2:0
presidents-cup-america-2025	Senior Women -53kg	R16	512	PEDROZO Beatriz	BRA	DANIEL Melina	USA		2:0
presidents-cup-america-2025	Senior Women -53kg	R16	513	NUNEZ Jordana	CAN	BETANCOURTH Natali	COL		2:0
presidents-cup-america-2025	Senior Women -53kg	R16	514	GALLO Lucero Sheccid	MEX	CARPENTIER Vicky	CAN		2:1
presidents-cup-america-2025	Senior Women -53kg	R16	515	BEZERRA Camila	BRA	CABRERA Beira	PUR		2:0
presidents-cup-america-2025	Senior Women -53kg	R16	516	KHAN Laila	CAN	MONTANEZ Sofia	MEX		2:0
presidents-cup-america-2025	Senior Women -53kg	R16	517	DUMAS Mathilde	CAN	FERLA Ana Clara	BRA		2:1
presidents-cup-america-2025	Senior Women -53kg	R16	518	SANCHO Laura	WT	PEREIRA Maria Gabr	BRA		2:0
presidents-cup-america-2025	Senior Women -53kg	R16	519	BARROS Nivea	BRA	MUNIZ Kaylee N	PUR		2:0
presidents-cup-america-2025	Senior Women -53kg	QF	523	NUNEZ Jordana	CAN	PEDROZO Beatriz	BRA		2:0
presidents-cup-america-2025	Senior Women -53kg	QF	524	GALLO Lucero Sheccid	MEX	BEZERRA Camila	BRA		2:0
presidents-cup-america-2025	Senior Women -53kg	QF	525	KHAN Laila	CAN	DUMAS Mathilde	CAN		2:0
presidents-cup-america-2025	Senior Women -53kg	QF	526	BARROS Nivea	BRA	SANCHO Laura	WT		2:0
presidents-cup-america-2025	Senior Women -53kg	SF	531	GALLO Lucero Sheccid	MEX	NUNEZ Jordana	CAN		2:0
presidents-cup-america-2025	Senior Women -53kg	SF	532	KHAN Laila	CAN	BARROS Nivea	BRA		2:0
presidents-cup-america-2025	Senior Women -53kg	F	535	KHAN Laila	CAN	GALLO Lucero Sheccid	MEX		2:0
presidents-cup-america-2025	Senior Women -49kg	R32	601	GOMEZ Isidora	CHI	PICOS Ximena	MEX		2:1
presidents-cup-america-2025	Senior Women -49kg	R32	602	QUESADA Jordan	USA	CHAVEZ Shlomit	PER		2:1
presidents-cup-america-2025	Senior Women -49kg	R32	603	GRIPPOLI Maria Sara	URU	ALVAREZ Cynthia A.	PUR		2:0
presidents-cup-america-2025	Senior Women -49kg	R32	604	KAFADAR Josipa	CAN	GONZALEZ Kalenna	MEX		1:0
presidents-cup-america-2025	Senior Women -49kg	R32	605	SILVA Lis Danielle	BRA	NOHELIA Moreira Ve	ECU		2:0
presidents-cup-america-2025	Senior Women -49kg	R32	606	WAY Nicolle	GUA	CELORIO Vania Judi	MEX		1:0
presidents-cup-america-2025	Senior Women -49kg	R32	607	MATA Maya	USA	CRISOSTOMO Ana	PER		2:0
presidents-cup-america-2025	Senior Women -49kg	R32	608	SOUZA Daniela Paola	MEX	PORTERO Jeniffer J	ECU		2:0
presidents-cup-america-2025	Senior Women -49kg	R32	609	GUIMARAES Dangela	BRA	TOSI Emily	CAN		2:0
presidents-cup-america-2025	Senior Women -49kg	R32	610	AVROYA Amber	CAN	CONCEPCION Zaymar	PUR		2:0
presidents-cup-america-2025	Senior Women -49kg	R32	611	ZAMBRANO Andrea mariana	MEX	RODRIGUEZ Priscila	ARG		2:0
presidents-cup-america-2025	Senior Women -49kg	R32	612	GOSCH Camilly	BRA	ASTAPENKA Alisa	CHI		2:0
presidents-cup-america-2025	Senior Women -49kg	R32	613	SUAREZ Alessandra	PER	SANCHEZ Sarai	PUR		2:0
presidents-cup-america-2025	Senior Women -49kg	R32	614	CALDERON Katherine	PER	MONELL Alondra	PUR		2:1
presidents-cup-america-2025	Senior Women -49kg	R32	615	OCEGUERA Sophia	USA	KRAMM Thiara	ARG		2:0
presidents-cup-america-2025	Senior Women -49kg	R16	616	PETERSON Ceili	GUY	GOMEZ Isidora	CHI		2:0
presidents-cup-america-2025	Senior Women -49kg	R16	617	GRIPPOLI Maria Sara	URU	QUESADA Jordan	USA		2:0
presidents-cup-america-2025	Senior Women -49kg	R16	618	KAFADAR Josipa	CAN	SILVA Lis Danielle	BRA		2:0
presidents-cup-america-2025	Senior Women -49kg	R16	619	MATA Maya	USA	WAY Nicolle	GUA		2:0
presidents-cup-america-2025	Senior Women -49kg	R16	620	SOUZA Daniela Paola	MEX	GUIMARAES Dangela	BRA		2:0
presidents-cup-america-2025	Senior Women -49kg	R16	621	ZAMBRANO Andrea mariana	MEX	AVROYA Amber	CAN		2:1
presidents-cup-america-2025	Senior Women -49kg	R16	622	GOSCH Camilly	BRA	SUAREZ Alessandra	PER		2:0
presidents-cup-america-2025	Senior Women -49kg	R16	623	OCEGUERA Sophia	USA	CALDERON Katherine	PER		2:0
presidents-cup-america-2025	Senior Women -49kg	QF	624	GRIPPOLI Maria Sara	URU	PETERSON Ceili	GUY		2:0
presidents-cup-america-2025	Senior Women -49kg	QF	625	KAFADAR Josipa	CAN	MATA Maya	USA		2:1
presidents-cup-america-2025	Senior Women -49kg	QF	626	SOUZA Daniela Paola	MEX	ZAMBRANO Andrea mariana	MEX		2:0
presidents-cup-america-2025	Senior Women -49kg	QF	627	GOSCH Camilly	BRA	OCEGUERA Sophia	USA		
presidents-cup-america-2025	Senior Women -49kg	SF	628	KAFADAR Josipa	CAN	GRIPPOLI Maria Sara	URU		2:0
presidents-cup-america-2025	Senior Women -49kg	SF	629	SOUZA Daniela Paola	MEX	GOSCH Camilly	BRA		
presidents-cup-america-2025	Senior Women -49kg	F	630	SOUZA Daniela Paola	MEX	KAFADAR Josipa	CAN		2:1
presidents-cup-america-2025	Senior Women -46kg	R32	801	OLIVEIRA Alice Car	BRA	BERMUDEZ Alanis	PUR		2:0
presidents-cup-america-2025	Senior Women -46kg	R32	802	ALPIZAR Camila Zur	MEX	GAUDREAULT Leanne	CAN		2:0
presidents-cup-america-2025	Senior Women -46kg	R32	803	GONZALEZ Samantha	MEX	ALERS Alannis Mich	PUR		2:0
presidents-cup-america-2025	Senior Women -46kg	R32	804	ARELLANO Joana	MEX	QUINTANA Valentina	GUA		2:0
presidents-cup-america-2025	Senior Women -46kg	R32	805	DEBLASIO Alyssa	USA	TORRES Lineishka	PUR		2:0
presidents-cup-america-2025	Senior Women -46kg	R32	806	AHO Sophia	USA	ABARCA Cinthya A.	PER		2:1
presidents-cup-america-2025	Senior Women -46kg	R32	807	AQUINO Myah	PUR	SILVA Zelzin Virid	MEX		1:0
presidents-cup-america-2025	Senior Women -46kg	R16	808	BASSETT Jaycee	WT	OLIVEIRA Alice Car	BRA		2:0
presidents-cup-america-2025	Senior Women -46kg	R16	809	CARPENTIER Justine	CAN	GONCALVES Anna	BRA		2:0
presidents-cup-america-2025	Senior Women -46kg	R16	810	ALPIZAR Camila Zur	MEX	BRINDAMOHAN Sarangi	CAN		2:1
presidents-cup-america-2025	Senior Women -46kg	R16	811	GONZALEZ Samantha	MEX	OROZCO Angelique	CAN		2:0
presidents-cup-america-2025	Senior Women -46kg	R16	812	LLAUCA Camila	PER	ARELLANO Joana	MEX		2:1
presidents-cup-america-2025	Senior Women -46kg	R16	813	FONSECA Caliana	USA	DEBLASIO Alyssa	USA		2:0
presidents-cup-america-2025	Senior Women -46kg	R16	814	RAMIREZ Ana Natali	MEX	AHO Sophia	USA		2:0
presidents-cup-america-2025	Senior Women -46kg	R16	815	SILVA Julia	BRA	AQUINO Myah	PUR		2:0
presidents-cup-america-2025	Senior Women -46kg	QF	823	BASSETT Jaycee	WT	CARPENTIER Justine	CAN		1:0
presidents-cup-america-2025	Senior Women -46kg	QF	824	GONZALEZ Samantha	MEX	ALPIZAR Camila Zur	MEX		2:0
presidents-cup-america-2025	Senior Women -46kg	QF	825	FONSECA Caliana	USA	LLAUCA Camila	PER		2:1
presidents-cup-america-2025	Senior Women -46kg	QF	826	SILVA Julia	BRA	RAMIREZ Ana Natali	MEX		2:0
presidents-cup-america-2025	Senior Women -46kg	SF	831	BASSETT Jaycee	WT	GONZALEZ Samantha	MEX		2:0
presidents-cup-america-2025	Senior Women -46kg	SF	832	SILVA Julia	BRA	FONSECA Caliana	USA		2:0
presidents-cup-america-2025	Senior Women -46kg	F	835	BASSETT Jaycee	WT	SILVA Julia	BRA		2:0
presidents-cup-america-2025	Senior Women +73kg	R16	520	CORA Luz Quimey	ARG	BARRIOS Karina	MEX		2:1
presidents-cup-america-2025	Senior Women +73kg	R16	521	PEREIRA Raiany	BRA	GLORIA Mosquera	COL		2:0
presidents-cup-america-2025	Senior Women +73kg	R16	522	FRADL Maelynn emilee	ARU	RODRIGUEZ Camila	MEX		2:0
presidents-cup-america-2025	Senior Women +73kg	QF	527	ALADE Naomi	USA	CORA Luz Quimey	ARG		2:0
presidents-cup-america-2025	Senior Women +73kg	QF	528	VASCONCELOS Elis	BRA	ROMAN Naishka	PUR		2:1
presidents-cup-america-2025	Senior Women +73kg	QF	529	PEREIRA Raiany	BRA	VIANA Alena	USA		2:0
presidents-cup-america-2025	Senior Women +73kg	QF	530	GARCIA Paloma	MEX	FRADL Maelynn emilee	ARU		2:0
presidents-cup-america-2025	Senior Women +73kg	SF	533	ALADE Naomi	USA	VASCONCELOS Elis	BRA		2:0
presidents-cup-america-2025	Senior Women +73kg	SF	534	PEREIRA Raiany	BRA	GARCIA Paloma	MEX		2:0
presidents-cup-america-2025	Senior Women +73kg	F	536	PEREIRA Raiany	BRA	ALADE Naomi	USA		2:1
bangkok-grand-prix-challenge-2025	Senior Men -68kg	R64	101	FUANGNOI Thanapoom	THA	PARK Braven	CAN	PTF	2:0
bangkok-grand-prix-challenge-2025	Senior Men -68kg	R64	102	- Naveen	IND	LAMPHAO Nithikorn	THA	PTF	2:0
bangkok-grand-prix-challenge-2025	Senior Men -68kg	R64	201	NAZAROV Nazarali	UZB	FREDRICKS Justin	USA	PTF	2:0
bangkok-grand-prix-challenge-2025	Senior Men -68kg	R64	301	KUMAR Ajay	IND	KARKI Dhruv	IND	PTF	2:0
bangkok-grand-prix-challenge-2025	Senior Men -68kg	R32	105	JANG Jun	KOR	FUANGNOI Thanapoom	THA	PTF	2:0
bangkok-grand-prix-challenge-2025	Senior Men -68kg	R32	106	ALHALAWANI Zaid	JOR	OTHMAN Mohammad	JOR	PTF	2:1
bangkok-grand-prix-challenge-2025	Senior Men -68kg	R32	107	NIU Guansen	CHN	SHISHKO Dmitrii	AIN	PTF	2:1
bangkok-grand-prix-challenge-2025	Senior Men -68kg	R32	108	ABAD EXPOSITO Iker	ESP	COULIBALY Sekou	LUX	PTF	2:1
bangkok-grand-prix-challenge-2025	Senior Men -68kg	R32	109	VYKOV Amir	AIN	DEEPANSHU Deepanshu	IND	PTF	2:0
bangkok-grand-prix-challenge-2025	Senior Men -68kg	R32	110	ABDUSALAMOV Magomed	AIN	- Naveen	IND	PTF	2:0
bangkok-grand-prix-challenge-2025	Senior Men -68kg	R32	205	JUNG Woo-hyeok	KOR	OSIN Maksim	AIN	PTF	2:0
bangkok-grand-prix-challenge-2025	Senior Men -68kg	R32	206	VICENTE YUNTA Adrian	ESP	AVIDAN Ben	ISR	PTF	2:0
bangkok-grand-prix-challenge-2025	Senior Men -68kg	R32	207	NAZAROV Nazarali	UZB	RODRIGUEZ Maikol	USA	PTF	2:1
bangkok-grand-prix-challenge-2025	Senior Men -68kg	R32	208	BEGIMBETOV Amanbol	KAZ	TUKHLIBOEV Diyorbek	UZB	PTF	2:1
bangkok-grand-prix-challenge-2025	Senior Men -68kg	R32	209	AL NASHASH Hamzeh	JOR	SALIM Omar gergely	HUN	PTF	2:0
bangkok-grand-prix-challenge-2025	Senior Men -68kg	R32	305	SOUZA DINIZ Joao victor	BRA	LAO Nusair	PHI	PTF	2:0
bangkok-grand-prix-challenge-2025	Senior Men -68kg	R32	306	SHULENOV Damir	KAZ	PHROMPATJU Krittayot	THA	PTF	2:0
bangkok-grand-prix-challenge-2025	Senior Men -68kg	R32	307	ABABAKIROV Samirkhon	KAZ	KUMAR Ajay	IND	PTF	2:0
bangkok-grand-prix-challenge-2025	Senior Men -68kg	R32	308	CHEN Cheng	CHN	SEONG Yuhyeon	KOR	PTF	2:1
bangkok-grand-prix-challenge-2025	Senior Men -68kg	R32	309	MUN Jinho	KOR	SRITIMONGKOL Napat	THA	PTF	2:0
bangkok-grand-prix-challenge-2025	Senior Men -68kg	R16	113	JANG Jun	KOR	JUNG Woo-hyeok	KOR	PTF	2:0
bangkok-grand-prix-challenge-2025	Senior Men -68kg	R16	114	NAZAROV Nazarali	UZB	NIU Guansen	CHN	PTF	2:1
bangkok-grand-prix-challenge-2025	Senior Men -68kg	R16	115	VYKOV Amir	AIN	AL NASHASH Hamzeh	JOR	PTF	2:1
bangkok-grand-prix-challenge-2025	Senior Men -68kg	R16	213	ALHALAWANI Zaid	JOR	SOUZA DINIZ Joao victor	BRA	PTF	2:1
bangkok-grand-prix-challenge-2025	Senior Men -68kg	R16	214	ABABAKIROV Samirkhon	KAZ	ABAD EXPOSITO Iker	ESP	PTF	2:0
bangkok-grand-prix-challenge-2025	Senior Men -68kg	R16	215	MUN Jinho	KOR	ABDUSALAMOV Magomed	AIN	PTF	2:0
bangkok-grand-prix-challenge-2025	Senior Men -68kg	R16	313	VICENTE YUNTA Adrian	ESP	SHULENOV Damir	KAZ	PTF	2:0
bangkok-grand-prix-challenge-2025	Senior Men -68kg	R16	314	BEGIMBETOV Amanbol	KAZ	CHEN Cheng	CHN	PTF	2:0
bangkok-grand-prix-challenge-2025	Senior Men -68kg	QF	117	JANG Jun	KOR	ALHALAWANI Zaid	JOR	PTF	2:0
bangkok-grand-prix-challenge-2025	Senior Men -68kg	QF	118	MUN Jinho	KOR	VYKOV Amir	AIN		
bangkok-grand-prix-challenge-2025	Senior Men -68kg	QF	217	VICENTE YUNTA Adrian	ESP	NAZAROV Nazarali	UZB	PTF	
bangkok-grand-prix-challenge-2025	Senior Men -68kg	QF	317	ABABAKIROV Samirkhon	KAZ	BEGIMBETOV Amanbol	KAZ	PTF	2:0
bangkok-grand-prix-challenge-2025	Senior Men -68kg	SF	119	JANG Jun	KOR	VICENTE YUNTA Adrian	ESP	PTF	2:0
bangkok-grand-prix-challenge-2025	Senior Men -68kg	SF	219	MUN Jinho	KOR	ABABAKIROV Samirkhon	KAZ	PTF	2:0
bangkok-grand-prix-challenge-2025	Senior Men -68kg	BR	221	VICENTE YUNTA Adrian	ESP	ABABAKIROV Samirkhon	KAZ	PTF	2:1
bangkok-grand-prix-challenge-2025	Senior Men -68kg	F	223	MUN Jinho	KOR	JANG Jun	KOR	PTF	2:0
bangkok-grand-prix-challenge-2025	Senior Women -49kg	R32	103	MEDVEDEVA Galina	AIN	ALIEVA Margarita	AIN	PTF	2:0
bangkok-grand-prix-challenge-2025	Senior Women -49kg	R32	104	LEE Ye-ji	KOR	JIANG Yi-syuan	TPE	PTF	2:1
bangkok-grand-prix-challenge-2025	Senior Women -49kg	R32	202	YE Xiaoting	CHN	KAMKASOUMPHOU Maysane	FRA	PTF	2:0
bangkok-grand-prix-challenge-2025	Senior Women -49kg	R32	203	GEORGIOU Melina	GRE	MORAMAT Panbua	THA	PTF	2:1
bangkok-grand-prix-challenge-2025	Senior Women -49kg	R32	204	MATA Maya	USA	CHA Jeongeun	KOR	PTF	2:1
bangkok-grand-prix-challenge-2025	Senior Women -49kg	R32	302	FU Xiaolu	CHN	KIM Minseo	KOR	PTF	2:0
bangkok-grand-prix-challenge-2025	Senior Women -49kg	R32	303	OCEGUERA Sophia	USA	KAMKASOUMPHOU Lenya	FRA	PTF	2:0
bangkok-grand-prix-challenge-2025	Senior Women -49kg	R32	304	KHASANOVA Laylo	UZB	BEZERRA Camila	BRA	PTF	2:0
bangkok-grand-prix-challenge-2025	Senior Women -49kg	R16	111	JONGKOLRATTANAWATTANA Chutikan	THA	MEDVEDEVA Galina	AIN	PTF	2:0
bangkok-grand-prix-challenge-2025	Senior Women -49kg	R16	112	LEE Ye-ji	KOR	WANG Shiyi	CHN	PTF	2:0
bangkok-grand-prix-challenge-2025	Senior Women -49kg	R16	210	KIM Hyang-gi	KOR	YE Xiaoting	CHN	PTF	2:0
bangkok-grand-prix-challenge-2025	Senior Women -49kg	R16	211	POOLKERD Patcharakan	THA	GEORGIOU Melina	GRE	PTF	2:0
bangkok-grand-prix-challenge-2025	Senior Women -49kg	R16	212	MATA Maya	USA	OKAZAKI Hinata	JPN	PTF	2:0
bangkok-grand-prix-challenge-2025	Senior Women -49kg	R16	310	FU Xiaolu	CHN	OKAMOTO Ruka	JPN	PTF	2:0
bangkok-grand-prix-challenge-2025	Senior Women -49kg	R16	311	CEREZO IGLESIAS Adriana	ESP	OCEGUERA Sophia	USA	PTF	2:1
bangkok-grand-prix-challenge-2025	Senior Women -49kg	R16	312	KHASANOVA Laylo	UZB	SEEKEN Kamonchanok	THA	PTF	2:0
bangkok-grand-prix-challenge-2025	Senior Women -49kg	QF	116	POOLKERD Patcharakan	THA	JONGKOLRATTANAWATTANA Chutikan	THA	PTF	2:0
bangkok-grand-prix-challenge-2025	Senior Women -49kg	QF	216	LEE Ye-ji	KOR	CEREZO IGLESIAS Adriana	ESP	PTF	2:1
bangkok-grand-prix-challenge-2025	Senior Women -49kg	QF	315	FU Xiaolu	CHN	KIM Hyang-gi	KOR	PTF	2:0
bangkok-grand-prix-challenge-2025	Senior Women -49kg	QF	316	MATA Maya	USA	KHASANOVA Laylo	UZB	PTF	2:0
bangkok-grand-prix-challenge-2025	Senior Women -49kg	SF	218	FU Xiaolu	CHN	POOLKERD Patcharakan	THA	PTF	2:1
bangkok-grand-prix-challenge-2025	Senior Women -49kg	SF	318	LEE Ye-ji	KOR	MATA Maya	USA	PTF	2:1
bangkok-grand-prix-challenge-2025	Senior Women -49kg	BR	220	POOLKERD Patcharakan	THA	MATA Maya	USA	PTF	2:0
bangkok-grand-prix-challenge-2025	Senior Women -49kg	F	222	LEE Ye-ji	KOR	FU Xiaolu	CHN	PTF	2:1
bangkok-grand-prix-challenge-2025	Senior Men -58kg	R32	101	ARILLO VAZQUEZ Hugo	ESP	CARRILLO Joseph	USA	PTF	2:0
bangkok-grand-prix-challenge-2025	Senior Men -58kg	R32	102	DE MORAES Giovanni aubin	BRA	SINGH CHOTIYA Dharmendra	IND	PTF	2:0
bangkok-grand-prix-challenge-2025	Senior Men -58kg	R32	103	ALDAOUD Ja'afar	JOR	SINSANG Ittiporn	THA	PTF	2:0
bangkok-grand-prix-challenge-2025	Senior Men -58kg	R32	104	YANG Huichan	KOR	CHEN Pen-ren	TPE	PTF	2:0
bangkok-grand-prix-challenge-2025	Senior Men -58kg	R32	105	SALIM Sharif gergely	HUN	CUNNINGHAM William	USA	PTF	2:0
bangkok-grand-prix-challenge-2025	Senior Men -58kg	R32	201	FRAILE RODRIGUEZ Jesus	ESP	KAMKASOUMPHOU Aissa	FRA	PTF	2:0
bangkok-grand-prix-challenge-2025	Senior Men -58kg	R32	202	GUN Youngsuk ethan	USA	KUMAR Aman	IND	PTF	2:0
bangkok-grand-prix-challenge-2025	Senior Men -58kg	R32	203	OTAJONOV Omonjon	UZB	TAECHARATTANAWIBOON Thanat	THA	PTF	2:0
bangkok-grand-prix-challenge-2025	Senior Men -58kg	R32	204	MELO Paulo	BRA	WEEKES Jeremi	PUR	PTF	2:1
bangkok-grand-prix-challenge-2025	Senior Men -58kg	R32	301	DIMITROPOULOS Konstantinos	GRE	JAICHOO Wisawakorn	THA	PTF	2:0
bangkok-grand-prix-challenge-2025	Senior Men -58kg	R32	302	KIM Jongmyeong	KOR	BARBOSA Kurt bryan	PHI	PTF	2:0
bangkok-grand-prix-challenge-2025	Senior Men -58kg	R32	303	MAHAMAD Sirawit	THA	MONDACA-WANG Ian	USA	PTF	2:0
bangkok-grand-prix-challenge-2025	Senior Men -58kg	R32	304	HUANG Kefen	CHN	HUANG Jincheng	CHN	PTF	2:0
bangkok-grand-prix-challenge-2025	Senior Men -58kg	R16	108	DIMITROPOULOS Konstantinos	GRE	FRAILE RODRIGUEZ Jesus	ESP	PTF	2:0
bangkok-grand-prix-challenge-2025	Senior Men -58kg	R16	109	BAE Jun-seo	KOR	OTAJONOV Omonjon	UZB	PTF	2:0
bangkok-grand-prix-challenge-2025	Senior Men -58kg	R16	110	SALIM Sharif gergely	HUN	KHUDAYBERDIEV Jakhongir	UZB	PTF	2:0
bangkok-grand-prix-challenge-2025	Senior Men -58kg	R16	208	DE MORAES Giovanni aubin	BRA	GUN Youngsuk ethan	USA	PTF	2:1
bangkok-grand-prix-challenge-2025	Senior Men -58kg	R16	209	MAHAMAD Sirawit	THA	YANG Huichan	KOR	PTF	2:0
bangkok-grand-prix-challenge-2025	Senior Men -58kg	R16	307	PARK Tae-joon	KOR	ARILLO VAZQUEZ Hugo	ESP	PTF	2:0
bangkok-grand-prix-challenge-2025	Senior Men -58kg	R16	308	KIM Jongmyeong	KOR	ALDAOUD Ja'afar	JOR	PTF	2:0
bangkok-grand-prix-challenge-2025	Senior Men -58kg	R16	309	HUANG Kefen	CHN	MELO Paulo	BRA	PTF	2:0
bangkok-grand-prix-challenge-2025	Senior Men -58kg	QF	112	KIM Jongmyeong	KOR	DE MORAES Giovanni aubin	BRA	PTF	2:0
bangkok-grand-prix-challenge-2025	Senior Men -58kg	QF	212	BAE Jun-seo	KOR	MAHAMAD Sirawit	THA	PTF	2:0
bangkok-grand-prix-challenge-2025	Senior Men -58kg	QF	311	PARK Tae-joon	KOR	DIMITROPOULOS Konstantinos	GRE	PTF	2:0
bangkok-grand-prix-challenge-2025	Senior Men -58kg	QF	312	HUANG Kefen	CHN	SALIM Sharif gergely	HUN	PTF	2:0
bangkok-grand-prix-challenge-2025	Senior Men -58kg	SF	114	HUANG Kefen	CHN	BAE Jun-seo	KOR	PTF	2:1
bangkok-grand-prix-challenge-2025	Senior Men -58kg	SF	313	KIM Jongmyeong	KOR	PARK Tae-joon	KOR	PTF	2:0
bangkok-grand-prix-challenge-2025	Senior Men -58kg	BR	215	PARK Tae-joon	KOR	BAE Jun-seo	KOR	WDR	
bangkok-grand-prix-challenge-2025	Senior Men -58kg	F	217	HUANG Kefen	CHN	KIM Jongmyeong	KOR	PTF	2:1
bangkok-grand-prix-challenge-2025	Senior Women +67kg	R16	106	ZHOU Zeqi	CHN	CHUENCHOOKLIN Kannaluck	THA	PTF	2:0
bangkok-grand-prix-challenge-2025	Senior Women +67kg	R16	107	WEEKES Crystal	PUR	OH Seungju	KOR	PTF	2:0
bangkok-grand-prix-challenge-2025	Senior Women +67kg	R16	205	XIAO Shunan	CHN	MUSLIMOVA Linara	AIN	PTF	2:0
bangkok-grand-prix-challenge-2025	Senior Women +67kg	R16	206	ABO-ALRUB Rama	JOR	BAE Ariane	KOR	PTF	2:0
bangkok-grand-prix-challenge-2025	Senior Women +67kg	R16	207	SONG Da bin	KOR	JUNG Eunbin	KOR	PTF	2:0
bangkok-grand-prix-challenge-2025	Senior Women +67kg	R16	305	KITSIOU Agoritsa artemia	GRE	BARUA Rodali	IND	PTF	2:0
bangkok-grand-prix-challenge-2025	Senior Women +67kg	R16	306	XU Lei	CHN	VIANA Alena	USA	PTF	2:1
bangkok-grand-prix-challenge-2025	Senior Women +67kg	QF	111	XU Lei	CHN	ABO-ALRUB Rama	JOR	PTF	2:0
bangkok-grand-prix-challenge-2025	Senior Women +67kg	QF	210	CHAARI Sarah	BEL	XIAO Shunan	CHN	PTF	2:0
bangkok-grand-prix-challenge-2025	Senior Women +67kg	QF	211	SONG Da bin	KOR	WEEKES Crystal	PUR	PTF	2:1
bangkok-grand-prix-challenge-2025	Senior Women +67kg	QF	310	KITSIOU Agoritsa artemia	GRE	ZHOU Zeqi	CHN	WDR	1:0
bangkok-grand-prix-challenge-2025	Senior Women +67kg	SF	113	CHAARI Sarah	BEL	KITSIOU Agoritsa artemia	GRE	PTF	2:0
bangkok-grand-prix-challenge-2025	Senior Women +67kg	SF	213	XU Lei	CHN	SONG Da bin	KOR	PTF	2:0
bangkok-grand-prix-challenge-2025	Senior Women +67kg	BR	214	SONG Da bin	KOR	KITSIOU Agoritsa artemia	GRE	PTF	2:0
bangkok-grand-prix-challenge-2025	Senior Women +67kg	F	216	XU Lei	CHN	CHAARI Sarah	BEL	PTF	2:1
bangkok-grand-prix-challenge-2025	Senior Men +80kg	R16	105	THOLIOTIS Vasileios	GRE	YANG Junyoung	KOR	PTF	2:0
bangkok-grand-prix-challenge-2025	Senior Men +80kg	R16	106	KRIUCHKOV Nikta	AIN	GOMIS Paivou johnouario	GBS	PTF	2:0
bangkok-grand-prix-challenge-2025	Senior Men +80kg	R16	204	KIM Woojin	KOR	LIU Zhaoyang	CHN	PTF	2:0
bangkok-grand-prix-challenge-2025	Senior Men +80kg	R16	205	GARCIA MARTINEZ Ivan	ESP	PARK Woo hyeok	KOR	PTF	2:1
bangkok-grand-prix-challenge-2025	Senior Men +80kg	R16	304	MICHOPOULOS Sotirios	GRE	ISAACS Aaron	USA	PTF	2:0
bangkok-grand-prix-challenge-2025	Senior Men +80kg	R16	305	SALAEV Shukhrat	UZB	RODRIGUEZ Michael c.	USA	PTF	2:0
bangkok-grand-prix-challenge-2025	Senior Men +80kg	QF	109	KIM Woojin	KOR	KANG Sanghyun	KOR	PTF	2:0
bangkok-grand-prix-challenge-2025	Senior Men +80kg	QF	110	KRIUCHKOV Nikta	AIN	MAVLONOV Marat	UZB	PTF	2:1
bangkok-grand-prix-challenge-2025	Senior Men +80kg	QF	209	THOLIOTIS Vasileios	GRE	MICHOPOULOS Sotirios	GRE	PTF	2:0
bangkok-grand-prix-challenge-2025	Senior Men +80kg	QF	309	SALAEV Shukhrat	UZB	GARCIA MARTINEZ Ivan	ESP	PTF	2:0
bangkok-grand-prix-challenge-2025	Senior Men +80kg	SF	112	SALAEV Shukhrat	UZB	KRIUCHKOV Nikta	AIN	PTF	2:0
bangkok-grand-prix-challenge-2025	Senior Men +80kg	SF	311	THOLIOTIS Vasileios	GRE	KIM Woojin	KOR	PTF	2:1
bangkok-grand-prix-challenge-2025	Senior Men +80kg	BR	213	KIM Woojin	KOR	KRIUCHKOV Nikta	AIN	PTF	2:1
bangkok-grand-prix-challenge-2025	Senior Men +80kg	F	215	SALAEV Shukhrat	UZB	THOLIOTIS Vasileios	GRE	PTF	2:1
bangkok-grand-prix-challenge-2025	Senior Women -67kg	R32	101	WANG Chengyi	CHN	MACEDO Sandy	BRA	PTF	2:0
bangkok-grand-prix-challenge-2025	Senior Women -67kg	R32	102	MARENTAKI Styliani	GRE	SARVANAKI Theopoula	GRE	PTF	2:0
bangkok-grand-prix-challenge-2025	Senior Women -67kg	R32	103	CHEN Ximin	CHN	CHOE Boyoung	KOR	PTF	2:0
bangkok-grand-prix-challenge-2025	Senior Women -67kg	R32	104	SKVORTSOVA Kira	AIN	ZHELEZNOVA Viktoriia	AIN	PTF	2:1
bangkok-grand-prix-challenge-2025	Senior Women -67kg	R32	201	MOTLOKH Sofiia	AIN	LEE Gaeun	KOR	PTF	2:1
bangkok-grand-prix-challenge-2025	Senior Women -67kg	R32	202	CASTRO BURGOS Cecilia	ESP	CHAREEWAN Piyachatrutai	THA	PTF	2:0
bangkok-grand-prix-challenge-2025	Senior Women -67kg	R32	203	ALRAWASHDEH Razan mohammed	JOR	BAJAJ Magan	IND	PTF	2:0
bangkok-grand-prix-challenge-2025	Senior Women -67kg	R32	301	SONG Jie	CHN	HYDER Afreen	IND	PTF	2:0
bangkok-grand-prix-challenge-2025	Senior Women -67kg	R32	302	GBAGBI Ruth	CIV	DELO Laila	PHI	PTF	2:0
bangkok-grand-prix-challenge-2025	Senior Women -67kg	R32	303	XING Jiani	CHN	LO Chia-ling	TPE	PTF	2:1
bangkok-grand-prix-challenge-2025	Senior Women -67kg	R16	107	MARENTAKI Styliani	GRE	LEE Ava soon	HAI	PTF	2:0
bangkok-grand-prix-challenge-2025	Senior Women -67kg	R16	108	HONG Hyo rim	KOR	CHEN Ximin	CHN	PTF	2:0
bangkok-grand-prix-challenge-2025	Senior Women -67kg	R16	206	WANG Chengyi	CHN	TITONELI Milena	BRA	PTF	2:1
bangkok-grand-prix-challenge-2025	Senior Women -67kg	R16	207	KWAK Min-ju	KOR	CASTRO BURGOS Cecilia	ESP	PTF	2:1
bangkok-grand-prix-challenge-2025	Senior Women -67kg	R16	208	XING Jiani	CHN	ALRAWASHDEH Razan mohammed	JOR	PTF	2:0
bangkok-grand-prix-challenge-2025	Senior Women -67kg	R16	306	SONG Jie	CHN	MOTLOKH Sofiia	AIN	PTF	2:0
bangkok-grand-prix-challenge-2025	Senior Women -67kg	R16	307	TEACHOUT Kristina	USA	GBAGBI Ruth	CIV	PTF	2:1
bangkok-grand-prix-challenge-2025	Senior Women -67kg	R16	308	SKVORTSOVA Kira	AIN	SOBIRJONOVA Ozoda	UZB	WDR	1:0
bangkok-grand-prix-challenge-2025	Senior Women -67kg	QF	111	HONG Hyo rim	KOR	TEACHOUT Kristina	USA	PTF	2:0
bangkok-grand-prix-challenge-2025	Senior Women -67kg	QF	210	WANG Chengyi	CHN	SONG Jie	CHN	PTF	2:0
bangkok-grand-prix-challenge-2025	Senior Women -67kg	QF	211	XING Jiani	CHN	SKVORTSOVA Kira	AIN	PTF	2:0
bangkok-grand-prix-challenge-2025	Senior Women -67kg	QF	310	KWAK Min-ju	KOR	MARENTAKI Styliani	GRE	DSQ	
bangkok-grand-prix-challenge-2025	Senior Women -67kg	SF	212	KWAK Min-ju	KOR	WANG Chengyi	CHN	PTF	2:1
bangkok-grand-prix-challenge-2025	Senior Women -67kg	SF	312	XING Jiani	CHN	HONG Hyo rim	KOR	PTF	2:0
bangkok-grand-prix-challenge-2025	Senior Women -67kg	BR	214	HONG Hyo rim	KOR	WANG Chengyi	CHN	PTF	2:0
bangkok-grand-prix-challenge-2025	Senior Women -67kg	F	216	KWAK Min-ju	KOR	XING Jiani	CHN	PTF	2:1
bangkok-grand-prix-challenge-2025	Senior Men -80kg	R32	102	QUESADA BARRERA Daniel	ESP	KULKUSOL Chayanin	THA	PTF	2:0
bangkok-grand-prix-challenge-2025	Senior Men -80kg	R32	103	SHIMANSKIY Vladislav	AIN	CEA Dave	PHI	PTF	2:0
bangkok-grand-prix-challenge-2025	Senior Men -80kg	R32	104	PONTES Edival	BRA	PAPADOPOULOS Ioannis	GRE	PTF	2:1
bangkok-grand-prix-challenge-2025	Senior Men -80kg	R32	105	ALADARBI Mohammad	JOR	CHO Chaichon	THA	PTF	2:1
bangkok-grand-prix-challenge-2025	Senior Men -80kg	R32	201	ZHAO Junbo	CHN	PARK Jae won	KOR	PTF	2:0
bangkok-grand-prix-challenge-2025	Senior Men -80kg	R32	202	RODRIGUES Victor	USA	PARK Tae ku	CAN	PTF	2:0
bangkok-grand-prix-challenge-2025	Senior Men -80kg	R32	203	MERCER Jack woody	THA	LEE Yoon-hee	KOR	PTF	2:0
bangkok-grand-prix-challenge-2025	Senior Men -80kg	R32	204	OMAROV Magomedrasul	AIN	ELSHARABATY Saleh	JOR	PTF	2:0
bangkok-grand-prix-challenge-2025	Senior Men -80kg	R32	301	SAEJO Thanathorn	THA	KATOH Takato	JPN	PTF	2:1
bangkok-grand-prix-challenge-2025	Senior Men -80kg	R32	302	ZHURABOEV Yodgorbek	UZB	YOUNG Isaiah	USA	PTF	2:0
bangkok-grand-prix-challenge-2025	Senior Men -80kg	R32	303	CAI Zhaoxun	CHN	POS Ivan	AIN	PTF	2:0
bangkok-grand-prix-challenge-2025	Senior Men -80kg	R32	304	KANG Jaegwon	KOR	FLOUSKOUNIS Charalampos	GRE	PTF	2:0
bangkok-grand-prix-challenge-2025	Senior Men -80kg	R16	111	SAEJO Thanathorn	THA	QUESADA BARRERA Daniel	ESP	PTF	2:1
bangkok-grand-prix-challenge-2025	Senior Men -80kg	R16	112	SEO Geon-woo	KOR	MERCER Jack woody	THA	PTF	2:0
bangkok-grand-prix-challenge-2025	Senior Men -80kg	R16	113	NICKOLAS CJ	USA	ALADARBI Mohammad	JOR	PTF	2:0
bangkok-grand-prix-challenge-2025	Senior Men -80kg	R16	211	ZHURABOEV Yodgorbek	UZB	RODRIGUES Victor	USA	PTF	2:1
bangkok-grand-prix-challenge-2025	Senior Men -80kg	R16	212	PONTES Edival	BRA	CAI Zhaoxun	CHN	PTF	2:0
bangkok-grand-prix-challenge-2025	Senior Men -80kg	R16	310	RODRIGUES FERNANDES Henrique marques	BRA	ZHAO Junbo	CHN	PTF	2:0
bangkok-grand-prix-challenge-2025	Senior Men -80kg	R16	311	XIANG Qizhang	CHN	SHIMANSKIY Vladislav	AIN	PTF	2:0
bangkok-grand-prix-challenge-2025	Senior Men -80kg	R16	312	KANG Jaegwon	KOR	OMAROV Magomedrasul	AIN	PTF	2:1
bangkok-grand-prix-challenge-2025	Senior Men -80kg	QF	116	RODRIGUES FERNANDES Henrique marques	BRA	SAEJO Thanathorn	THA	PTF	2:0
bangkok-grand-prix-challenge-2025	Senior Men -80kg	QF	117	NICKOLAS CJ	USA	KANG Jaegwon	KOR		
bangkok-grand-prix-challenge-2025	Senior Men -80kg	QF	216	ZHURABOEV Yodgorbek	UZB	XIANG Qizhang	CHN		
bangkok-grand-prix-challenge-2025	Senior Men -80kg	QF	316	SEO Geon-woo	KOR	PONTES Edival	BRA	PTF	2:0
bangkok-grand-prix-challenge-2025	Senior Men -80kg	SF	119	SEO Geon-woo	KOR	NICKOLAS CJ	USA	PTF	2:0
bangkok-grand-prix-challenge-2025	Senior Men -80kg	SF	318	RODRIGUES FERNANDES Henrique marques	BRA	ZHURABOEV Yodgorbek	UZB	PTF	2:1
bangkok-grand-prix-challenge-2025	Senior Men -80kg	BR	220	NICKOLAS CJ	USA	ZHURABOEV Yodgorbek	UZB	PTF	2:0
bangkok-grand-prix-challenge-2025	Senior Men -80kg	F	222	RODRIGUES FERNANDES Henrique marques	BRA	SEO Geon-woo	KOR	PTF	2:0
bangkok-grand-prix-challenge-2025	Senior Women -57kg	R64	101	KUCHINA Viktorya	AIN	KIM Yumin	KOR	PTF	2:0
bangkok-grand-prix-challenge-2025	Senior Women -57kg	R32	106	KHIRFAN Fadia	JOR	RATSAMEPRAPA Orawan	THA	PTF	2:0
bangkok-grand-prix-challenge-2025	Senior Women -57kg	R32	107	TEPINA Alina	AIN	TZELI Fani	GRE	PTF	2:0
bangkok-grand-prix-challenge-2025	Senior Women -57kg	R32	108	LUO Zongshi	CHN	SAIMUEANG Nutnicha	THA	PTF	2:1
bangkok-grand-prix-challenge-2025	Senior Women -57kg	R32	109	DILLON Faith	USA	SHINKAWA Manami	JPN	PTF	2:0
bangkok-grand-prix-challenge-2025	Senior Women -57kg	R32	110	ZDOR Kseniia	AIN	VILLEGAS MACHORRO Fabiola guadalupe	MEX	PTF	2:1
bangkok-grand-prix-challenge-2025	Senior Women -57kg	R32	205	PACHECO Maria clara	BRA	KUCHINA Viktorya	AIN	PTF	2:1
bangkok-grand-prix-challenge-2025	Senior Women -57kg	R32	206	MIRABZALOVA Madina	UZB	KAMKASOUMPHOU Alliyah	FRA	PTF	2:0
bangkok-grand-prix-challenge-2025	Senior Women -57kg	R32	207	XU Yinuo	CHN	MALIK Kashish	IND	PTF	2:1
bangkok-grand-prix-challenge-2025	Senior Women -57kg	R32	208	JIANG Yi-shan	TPE	KATOH Yuzuho	JPN	PTF	2:0
bangkok-grand-prix-challenge-2025	Senior Women -57kg	R32	209	WASSANA Natkamon	THA	KIM Gahyeon	KOR	PTF	2:1
bangkok-grand-prix-challenge-2025	Senior Women -57kg	R32	210	KIM Yu-jin	KOR	SOTTHISET Natcha	THA	PTF	2:1
bangkok-grand-prix-challenge-2025	Senior Women -57kg	R32	305	ABDUVALIEVA Shabona	UZB	CANABAL Baby jessica	PHI	PTF	2:0
bangkok-grand-prix-challenge-2025	Senior Women -57kg	R32	306	ZHANG Chuling	CHN	YANG Qingmei	CHN	PTF	2:0
bangkok-grand-prix-challenge-2025	Senior Women -57kg	R32	307	PARK Skylar	CAN	SHOROKHOVA Ekaterina	AIN	PTF	2:0
bangkok-grand-prix-challenge-2025	Senior Women -57kg	R32	308	KIM Nanhee	KOR	RODRIGUEZ MARQUINA Laura	ESP	PTF	2:0
bangkok-grand-prix-challenge-2025	Senior Women -57kg	R32	309	NISHIDA Mao	JPN	BOMMERSBACH Luci	USA	PTF	2:0
bangkok-grand-prix-challenge-2025	Senior Women -57kg	R16	114	ZHANG Chuling	CHN	TEPINA Alina	AIN	PTF	2:0
bangkok-grand-prix-challenge-2025	Senior Women -57kg	R16	115	DILLON Faith	USA	KIM Nanhee	KOR	PTF	2:0
bangkok-grand-prix-challenge-2025	Senior Women -57kg	R16	213	PACHECO Maria clara	BRA	ABDUVALIEVA Shabona	UZB	WDR	2:0
bangkok-grand-prix-challenge-2025	Senior Women -57kg	R16	214	PARK Skylar	CAN	XU Yinuo	CHN	PTF	2:0
bangkok-grand-prix-challenge-2025	Senior Women -57kg	R16	215	WASSANA Natkamon	THA	NISHIDA Mao	JPN	PTF	2:0
bangkok-grand-prix-challenge-2025	Senior Women -57kg	R16	313	KHIRFAN Fadia	JOR	MIRABZALOVA Madina	UZB	PTF	2:0
bangkok-grand-prix-challenge-2025	Senior Women -57kg	R16	314	LUO Zongshi	CHN	JIANG Yi-shan	TPE	PTF	2:0
bangkok-grand-prix-challenge-2025	Senior Women -57kg	R16	315	KIM Yu-jin	KOR	ZDOR Kseniia	AIN	PTF	2:0
bangkok-grand-prix-challenge-2025	Senior Women -57kg	QF	118	DILLON Faith	USA	LUO Zongshi	CHN	PTF	2:0
bangkok-grand-prix-challenge-2025	Senior Women -57kg	QF	217	KHIRFAN Fadia	JOR	PACHECO Maria clara	BRA	PTF	2:1
bangkok-grand-prix-challenge-2025	Senior Women -57kg	QF	218	KIM Yu-jin	KOR	WASSANA Natkamon	THA		
bangkok-grand-prix-challenge-2025	Senior Women -57kg	QF	317	ZHANG Chuling	CHN	PARK Skylar	CAN	PTF	
bangkok-grand-prix-challenge-2025	Senior Women -57kg	SF	219	ZHANG Chuling	CHN	KHIRFAN Fadia	JOR	PTF	2:0
bangkok-grand-prix-challenge-2025	Senior Women -57kg	SF	319	KIM Yu-jin	KOR	DILLON Faith	USA	PTF	2:0
bangkok-grand-prix-challenge-2025	Senior Women -57kg	BR	221	KHIRFAN Fadia	JOR	DILLON Faith	USA	PTF	2:1
bangkok-grand-prix-challenge-2025	Senior Women -57kg	F	223	KIM Yu-jin	KOR	ZHANG Chuling	CHN	PTF	2:1
