manchester-grand-prix-final-2023	Senior Women +67kg	CASTINEIRA ETCHEVERRIA Tania	ESP	
pan-american-championships-2022	Senior Men -87kg	MARTINS Icaro Migu	BRA	1
pan-american-championships-2022	Senior Men -87kg	DESILIEN Emmanuel	HAI	
pan-american-championships-2022	Senior Men -87kg	ESTRADA Jahn Luis	PUR	
pan-american-championships-2022	Senior Men -87kg	RODRIGUEZ Michael c	USA	3
pan-american-championships-2022	Senior Men -87kg	LIMONTA Yadier	CUB	
pan-american-championships-2022	Senior Men -87kg	SALAZAR Bryan	MEX	2
pan-american-championships-2022	Senior Men -87kg	SOTO BAUTISTA Luis german	COL	
pan-american-championships-2022	Senior Men -87kg	FERRERA Miguel	HON	
pan-american-championships-2022	Senior Men -87kg	STEWART Jordan	CAN	3
pan-american-championships-2022	Senior Men -58kg	PLAZA HERNANDEZ Brandon	MEX	3
pan-american-championships-2022	Senior Men -58kg	DE Yeuri	DOM	
pan-american-championships-2022	Senior Men -58kg	LIMA Juliano	BRA	
pan-american-championships-2022	Senior Men -58kg	CHANG Yohan	CAN	
pan-american-championships-2022	Senior Men -58kg	AROSEMENA Hector	PAN	
pan-american-championships-2022	Senior Men -58kg	RODRIGUEZ Roger	WT	
pan-american-championships-2022	Senior Men -58kg	GRANADO Yohandri	VEN	1
pan-american-championships-2022	Senior Men -58kg	KIM David	USA	2
pan-american-championships-2022	Senior Men -58kg	MICHEL Youdlyno	HAI	
pan-american-championships-2022	Senior Men -58kg	RIVERA Edgar	PUR	
pan-american-championships-2022	Senior Men -58kg	FUENTES David	GUA	
pan-american-championships-2022	Senior Men -58kg	BARRETO Raymiguel	PER	
pan-american-championships-2022	Senior Men -58kg	AREVALO Fabricio	ECU	
pan-american-championships-2022	Senior Men -58kg	GALEAS Julen	HON	
pan-american-championships-2022	Senior Men -58kg	OCHOA Jefferson	COL	3
pan-american-championships-2022	Senior Men -54kg	MELO Paulo	BRA	1
pan-american-championships-2022	Senior Men -54kg	REYES Cristofer	DOM	
pan-american-championships-2022	Senior Men -54kg	MANSELL MURILLO THOMAS	NCA	
pan-american-championships-2022	Senior Men -54kg	RIVERO Tomas	ARG	
pan-american-championships-2022	Senior Men -54kg	HOEFLING Nicholas	CAN	3
pan-american-championships-2022	Senior Men -54kg	RODRIGUEZ Cesar	MEX	
pan-american-championships-2022	Senior Men -54kg	MORENO Andres	COL	2
pan-american-championships-2022	Senior Men -54kg	MIRANDA Adrian	ECU	
pan-american-championships-2022	Senior Men -54kg	CRUZ Kariel	PUR	
pan-american-championships-2022	Senior Men -54kg	ALVAREZ Melvy	USA	3
pan-american-championships-2022	Senior Men +87kg	SANSORES Carlos	MEX	1
pan-american-championships-2022	Senior Men +87kg	VAZQUEZ ORTIZ Jerry Luis	PUR	
pan-american-championships-2022	Senior Men +87kg	ALVAREZ Luis	VEN	3
pan-american-championships-2022	Senior Men +87kg	BERGERON Marc andre	CAN	
pan-american-championships-2022	Senior Men +87kg	SIQUEIRA Maicon	BRA	3
pan-american-championships-2022	Senior Men +87kg	SALDARRIAGA Walter	COL	
pan-american-championships-2022	Senior Men +87kg	NAZARENO Julio Ces	ECU	
pan-american-championships-2022	Senior Men +87kg	HEALY Jonathan	USA	2
pan-american-championships-2022	Senior Women -73kg	GORMAN-SHORE Madelynn	USA	1
pan-american-championships-2022	Senior Women -73kg	CASTELLANOS Jarolit	VEN	
pan-american-championships-2022	Senior Women -73kg	TAMEZ Victoria	MEX	3
pan-american-championships-2022	Senior Women -73kg	KERMICHE Yasmine	CAN	
pan-american-championships-2022	Senior Women -73kg	DE Marlin Nalleli	DOM	3
pan-american-championships-2022	Senior Women -73kg	MOLINA Yosselyn	HON	
pan-american-championships-2022	Senior Women -73kg	GALACHO Raphaella	BRA	2
pan-american-championships-2022	Senior Women -49kg	SOUZA Daniela Paola	MEX	1
pan-american-championships-2022	Senior Women -49kg	ESPINOZA Fernanda	ECU	
pan-american-championships-2022	Senior Women -49kg	GRIPPOLI Maria Sar	URU	
pan-american-championships-2022	Senior Women -49kg	BEZERRA Camila	BRA	
pan-american-championships-2022	Senior Women -49kg	CHIRINOS Jaimar Sa	ARU	
pan-american-championships-2022	Senior Women -49kg	OLIVAS CHRISLEY	NCA	
pan-american-championships-2022	Senior Women -49kg	SALAS Lizette	USA	3
pan-american-championships-2022	Senior Women -49kg	GONZALEZ Daniella	GUA	3
pan-american-championships-2022	Senior Women -49kg	VICTOR Nahomy	DOM	
pan-american-championships-2022	Senior Women -49kg	ROSADO CRUZ CHANEL	PUR	
pan-american-championships-2022	Senior Women -49kg	TALBOTT Riccy	HON	
pan-american-championships-2022	Senior Women -49kg	XX Xxx	PER	
pan-american-championships-2022	Senior Women -49kg	TRANQUILLE Viviane	CAN	2
pan-american-championships-2022	Senior Women -46kg	SANTOS Valeria	BRA	3
pan-american-championships-2022	Senior Women -46kg	DELLAN Virginia	VEN	
pan-american-championships-2022	Senior Women -46kg	LARA Vanessa	DOM	
pan-american-championships-2022	Senior Women -46kg	CASTILLO Karoline Stephanie	PAN	2
pan-american-championships-2022	Senior Women -46kg	FONSECA Caliana	USA	
pan-american-championships-2022	Senior Women -46kg	LIEGHIO Maria Sofi	URU	
pan-american-championships-2022	Senior Women -46kg	SANCHO Laura	WT	3
pan-american-championships-2022	Senior Women -46kg	OROZCO Angelique	CAN	
pan-american-championships-2022	Senior Women -46kg	ESPINOSA Amelia Is	MEX	
pan-american-championships-2022	Senior Women -46kg	VEGA BON Veronica	PUR	
pan-american-championships-2022	Senior Women -46kg	VICENTE Sidney	HON	
pan-american-championships-2022	Senior Women -46kg	RAMIREZ VARGAS Andrea	COL	1
pan-american-championships-2022	Senior Women +73kg	SIQUEIRA Gabriele	BRA	2
pan-american-championships-2022	Senior Women +73kg	FOUNTAIN Rachel	CAN	
pan-american-championships-2022	Senior Women +73kg	AVILA Keyla	HON	
pan-american-championships-2022	Senior Women +73kg	KECK Hannah	USA	3
pan-american-championships-2022	Senior Women +73kg	MOSQUERA Gloria Ca	COL	1
pan-american-championships-2022	Senior Women +73kg	GARCIA Paloma	MEX	
pan-american-championships-2022	Senior Women +73kg	FERNANDEZ Carolina	VEN	
pan-american-championships-2022	Senior Women +73kg	RODRIGUEZ Katherine	DOM	3
pan-american-championships-2022	Senior Men -80kg	HERNANDEZ Moises	DOM	2
pan-american-championships-2022	Senior Men -80kg	PASTOR Jose	MEX	
pan-american-championships-2022	Senior Men -80kg	POTVIN Maxime	CAN	
pan-american-championships-2022	Senior Men -80kg	COBAS Jose	CUB	
pan-american-championships-2022	Senior Men -80kg	SEALY. Brandon	JAM	
pan-american-championships-2022	Senior Men -80kg	ANDRADE HERRERA Hassani	PER	
pan-american-championships-2022	Senior Men -80kg	ROBLETO David	NCA	3
pan-american-championships-2022	Senior Men -80kg	TREJOS SALAS Miguel	COL	
pan-american-championships-2022	Senior Men -80kg	OLMEDO Dylan leonel	ARG	
pan-american-championships-2022	Senior Men -80kg	RODRIGUES FERNANDES Henrique marques	BRA	3
pan-american-championships-2022	Senior Men -80kg	BENITES Jose	ECU	
pan-american-championships-2022	Senior Men -80kg	GONZALEZ Alejandro	PUR	
pan-american-championships-2022	Senior Men -80kg	WEBB Julian	WT	
pan-american-championships-2022	Senior Men -80kg	CHURCHILL MARTINEZ Joaquin	CHI	
pan-american-championships-2022	Senior Men -80kg	NICKOLAS CJ	USA	1
pan-american-championships-2022	Senior Men -74kg	LIZARRAGA Rene	MEX	2
pan-american-championships-2022	Senior Men -74kg	ZEPEDA Victor Julio (HON-1505)	HON	
pan-american-championships-2022	Senior Men -74kg	CONTRERAS Edgar	VEN	
pan-american-championships-2022	Senior Men -74kg	MARTINEZ Pedro Lui	DOM	
pan-american-championships-2022	Senior Men -74kg	PARK Tae ku	CAN	3
pan-american-championships-2022	Senior Men -74kg	LIU Joshua	USA	3
pan-american-championships-2022	Senior Men -74kg	ROSADO CRUZ Yandel	PUR	
pan-american-championships-2022	Senior Men -74kg	VALENCIA Juan Seba	COL	
pan-american-championships-2022	Senior Men -74kg	HERRERA Josue	NCA	
pan-american-championships-2022	Senior Men -74kg	PONTES Edival	BRA	1
pan-american-championships-2022	Senior Men -68kg	MORALES Ignacio	CHI	3
pan-american-championships-2022	Senior Men -68kg	SANTOS Gabriel	BRA	
pan-american-championships-2022	Senior Men -68kg	HARRIS Khalfani	USA	
pan-american-championships-2022	Senior Men -68kg	CASAS GARCIA Iker	MEX	
pan-american-championships-2022	Senior Men -68kg	MONTUFAR Diego	GUA	
pan-american-championships-2022	Senior Men -68kg	RUIZ Alexander	VEN	
pan-american-championships-2022	Senior Men -68kg	NKOGHO MENGUE Hervan	CAN	2
pan-american-championships-2022	Senior Men -68kg	PIE Bernardo	DOM	1
pan-american-championships-2022	Senior Men -68kg	VICENTE Rabbin	HON	
pan-american-championships-2022	Senior Men -68kg	BENITEZ Adrian	PUR	
pan-american-championships-2022	Senior Men -68kg	LEON Braulio	PER	
pan-american-championships-2022	Senior Men -68kg	GONZALEZ GOMEZ Federico	URU	
pan-american-championships-2022	Senior Men -68kg	CAMPOS Santiago	ARG	
pan-american-championships-2022	Senior Men -68kg	NIETO Jose	ECU	
pan-american-championships-2022	Senior Men -68kg	PAZ ROCHA David felipe	COL	3
pan-american-championships-2022	Senior Men -63kg	NAVARRO Carlos	MEX	3
pan-american-championships-2022	Senior Men -63kg	CHRISTENSEN Ayden	USA	
pan-american-championships-2022	Senior Men -63kg	ROBLES Johan	NCA	
pan-american-championships-2022	Senior Men -63kg	RAMOS Gabriel	BRA	1
pan-american-championships-2022	Senior Men -63kg	DE JESUS Luis	PUR	
pan-american-championships-2022	Senior Men -63kg	PIE Luis	DOM	
pan-american-championships-2022	Senior Men -63kg	GUZMAN Lucas	ARG	2
pan-american-championships-2022	Senior Men -63kg	GARRIDO REYES Jhon deivi	COL	
pan-american-championships-2022	Senior Men -63kg	LAU Adrian	GUA	
pan-american-championships-2022	Senior Men -63kg	WILLIAM Jackson IV	HAI	
pan-american-championships-2022	Senior Men -63kg	RAMIREZ Mauricio	ECU	
pan-american-championships-2022	Senior Men -63kg	PARK Braven	CAN	3
pan-american-championships-2022	Senior Women -67kg	TITONELI Milena	BRA	1
pan-american-championships-2022	Senior Women -67kg	RIVAS Victoria	ARG	
pan-american-championships-2022	Senior Women -67kg	RODRIGUEZ Madelyn Andrea	DOM	
pan-american-championships-2022	Senior Women -67kg	ACOSTA Arlettys De La Caridad	CUB	
pan-american-championships-2022	Senior Women -67kg	VIANA Alena	USA	3
pan-american-championships-2022	Senior Women -67kg	SOLTERO Leslie	MEX	2
pan-american-championships-2022	Senior Women -67kg	GALLARDO Claudia	CHI	
pan-american-championships-2022	Senior Women -67kg	ROMAN TORRES Naishka	PUR	
pan-american-championships-2022	Senior Women -67kg	VASQUEZ MENDOZA Eliana	PER	
pan-american-championships-2022	Senior Women -67kg	PAGNOTTA Melissa	CAN	3
pan-american-championships-2022	Senior Women -62kg	SANTOS Caroline	BRA	1
pan-american-championships-2022	Senior Women -62kg	SULBARAN Alexmar	VEN	
pan-american-championships-2022	Senior Women -62kg	MORAN Geisha	DOM	
pan-american-championships-2022	Senior Women -62kg	EVOLO Gianella	ARG	
pan-american-championships-2022	Senior Women -62kg	DILLON Faith	USA	3
pan-american-championships-2022	Senior Women -62kg	MINA Mell	ECU	3
pan-american-championships-2022	Senior Women -62kg	VELAZQUEZ Itzel	MEX	
pan-american-championships-2022	Senior Women -62kg	DUMAR Katherine	COL	2
pan-american-championships-2022	Senior Women -62kg	LEON Natalia	PUR	
pan-american-championships-2022	Senior Women -62kg	KRAAYEVELD Ashley	CAN	
pan-american-championships-2022	Senior Women -57kg	PARK Skylar	CAN	1
pan-american-championships-2022	Senior Women -57kg	MEJIA Mayerlin Yan	DOM	
pan-american-championships-2022	Senior Women -57kg	RUIZ Yuliana	ARG	
pan-american-championships-2022	Senior Women -57kg	XX Xxx	PER	
pan-american-championships-2022	Senior Women -57kg	FLORES Hermaliz	PUR	3
pan-american-championships-2022	Senior Women -57kg	AGUIRRE Fernanda	CHI	3
pan-american-championships-2022	Senior Women -57kg	GONZALEZ Genesis	VEN	
pan-american-championships-2022	Senior Women -57kg	FELIX Anel	MEX	
pan-american-championships-2022	Senior Women -57kg	CEDENO Anggelina B	ECU	
pan-american-championships-2022	Senior Women -57kg	MUNOZ Daniela Alej	COL	
pan-american-championships-2022	Senior Women -57kg	MACEDO Sandy	BRA	2
pan-american-championships-2022	Senior Women -53kg	VILLEGAS Fabiola G	MEX	
pan-american-championships-2022	Senior Women -53kg	LUO Mariana	WT	
pan-american-championships-2022	Senior Women -53kg	ROBLES Tamara	CUB	2
pan-american-championships-2022	Senior Women -53kg	SANTIAGO Keishlie	PUR	
pan-american-championships-2022	Senior Women -53kg	PEDROZA Yuliena	GUA	3
pan-american-championships-2022	Senior Women -53kg	REIS Talisca	BRA	3
pan-american-championships-2022	Senior Women -53kg	FOKAS Sophia	CAN	
pan-american-championships-2022	Senior Women -53kg	GOMEZ Lucero	COL	
pan-american-championships-2022	Senior Women -53kg	GODOY Carla	ARG	
pan-american-championships-2022	Senior Women -53kg	BONILLA CRUZ Andrialis ramona	DOM	
pan-american-championships-2022	Senior Women -53kg	GREENWOOD Makayla	USA	1
european-championships-2022	Senior Women -49kg	CEREZO IGLESIAS Adriana	ESP	3
european-championships-2022	Senior Women -49kg	HADJICOSTI Antriana	CYP	
european-championships-2022	Senior Women -49kg	YLONEN Jenna	FIN	
european-championships-2022	Senior Women -49kg	CORELLI Martina	ITA	
european-championships-2022	Senior Women -49kg	STANKOVIC Vanja	SRB	
european-championships-2022	Senior Women -49kg	DINCEL KAVURAT Merve	TUR	1
european-championships-2022	Senior Women -49kg	KOSTOVA Nikolet	BUL	
european-championships-2022	Senior Women -49kg	KAMKASOUMPHOU Maysane	FRA	
european-championships-2022	Senior Women -49kg	MOORE Maddison	GBR	
european-championships-2022	Senior Women -49kg	SEMBERG Abishag	ISR	2
european-championships-2022	Senior Women -49kg	BAJAN Mihaela nicoleta claudia	ROU	
european-championships-2022	Senior Women -49kg	CASTILLO Jade theresa	DEN	
european-championships-2022	Senior Women -49kg	ABAKAROVA Patimat	AZE	
european-championships-2022	Senior Women -49kg	ATESLI Supharada	GER	
european-championships-2022	Senior Women -49kg	DUVANCIC Bruna	CRO	3
european-championships-2022	Senior Women -49kg	ROMOLDANOVA Iryna	UKR	
european-championships-2022	Senior Women -49kg	LIÑAN PARDO Naiara	AND	
european-championships-2022	Senior Women -49kg	KOKOSI Anastasia Nektaria	GRE	
european-championships-2022	Senior Women -49kg	YILDIRIM Rukiye	TUR	
european-championships-2022	Senior Women -53kg	AYDIN KONSTANTINIDIS Ela	GER	3
european-championships-2022	Senior Women -53kg	LYNGBAEK Louise	DEN	
european-championships-2022	Senior Women -53kg	HAJIYEVA Roya	AZE	
european-championships-2022	Senior Women -53kg	MUSTEATA Liana	ROU	
european-championships-2022	Senior Women -53kg	BRISKAROVA Gabriela	SVK	
european-championships-2022	Senior Women -53kg	AGRIS Zeliha	TUR	1
european-championships-2022	Senior Women -53kg	HOGLINGER Lea	AUT	
european-championships-2022	Senior Women -53kg	PREISS Noa	ISR	
european-championships-2022	Senior Women -53kg	PATAKFALVY Luca	HUN	
european-championships-2022	Senior Women -53kg	BOGDANOVIC Tijana	SRB	
european-championships-2022	Senior Women -53kg	KHOBTAR Sofiia	UKR	
european-championships-2022	Senior Women -53kg	AGAOU Khalissa	FRA	
european-championships-2022	Senior Women -53kg	DUVANCIC IVANA	CRO	3
european-championships-2022	Senior Women -53kg	HRONOVA Dominika	CZE	
european-championships-2022	Senior Women -53kg	AL HALWANI Sarah	ITA	
european-championships-2022	Senior Women -53kg	MEIŠTININKAITĖ Gerda	LTU	
european-championships-2022	Senior Women -53kg	TEGGERI Markella	CYP	
european-championships-2022	Senior Women -53kg	ERGATI Eleni	GRE	
european-championships-2022	Senior Women -53kg	PEREZ PARRADO Alma maria	ESP	2
european-championships-2022	Senior Men -54kg	SALIM Omar gergely	HUN	1
european-championships-2022	Senior Men -54kg	ANDRONIKOU Kyriakos	CYP	
european-championships-2022	Senior Men -54kg	AULAQI Yones Darid	DEN	
european-championships-2022	Senior Men -54kg	ONUS Emircan	GER	
european-championships-2022	Senior Men -54kg	MOLJ Domen	SLO	
european-championships-2022	Senior Men -54kg	MOLLE Milan	NED	
european-championships-2022	Senior Men -54kg	BOGDANOV Lyubomir	BUL	
european-championships-2022	Senior Men -54kg	ANARGYROS PRASSAS	GRE	
european-championships-2022	Senior Men -54kg	DAGDELEN Deniz	TUR	3
european-championships-2022	Senior Men -54kg	TESKERA Josip	CRO	3
european-championships-2022	Senior Men -54kg	DADASHOV Sayyad	AZE	
european-championships-2022	Senior Men -54kg	DIMITROV Vadim	MDA	
european-championships-2022	Senior Men -54kg	CONTI Andrea	ITA	
european-championships-2022	Senior Men -54kg	ARILLO VAZQUEZ Hugo	ESP	
european-championships-2022	Senior Men -54kg	PASHCOVSKY Tom	ISR	
european-championships-2022	Senior Men -54kg	FEIEREISEN Louis	LUX	
european-championships-2022	Senior Men -54kg	MARWAN Ebrahim	SWE	
european-championships-2022	Senior Men -54kg	POLAT Gorkem	TUR	2
european-championships-2022	Senior Men -63kg	JORQUERA CALA Joan	ESP	3
european-championships-2022	Senior Men -63kg	ROGOZHINE Egor	ISR	
european-championships-2022	Senior Men -63kg	NIKOLAOU Evangelos	GRE	
european-championships-2022	Senior Men -63kg	HYTTEL Tobias	DEN	
european-championships-2022	Senior Men -63kg	CANI Juirdo	ALB	
european-championships-2022	Senior Men -63kg	KONSTANTINIDIS Iordanis	GER	
european-championships-2022	Senior Men -63kg	HABURAJ Jakub	SVK	
european-championships-2022	Senior Men -63kg	STANIC Novak	SRB	
european-championships-2022	Senior Men -63kg	PILAVAKIS Ioannis	CYP	
european-championships-2022	Senior Men -63kg	USCOV Serghei	MDA	
european-championships-2022	Senior Men -63kg	RECBER Hakan	TUR	1
european-championships-2022	Senior Men -63kg	BRECIC Lovre	CRO	
european-championships-2022	Senior Men -63kg	BRAGANCA Rui	POR	
european-championships-2022	Senior Men -63kg	DIMITROV Denis	BUL	
european-championships-2022	Senior Men -63kg	SAARINEN Niko	FIN	
european-championships-2022	Senior Men -63kg	TOZON jure	SLO	
european-championships-2022	Senior Men -63kg	OZKAYA Imran	GER	3
european-championships-2022	Senior Men -63kg	ALAPHILIPPE Souleyman	FRA	2
european-championships-2022	Senior Men -63kg	BARETTA Dennis	ITA	
european-championships-2022	Senior Men -63kg	MAGOMEDOV Gashim	AZE	
european-championships-2022	Senior Men -63kg	BYSTROV Volodymyr	UKR	
european-championships-2022	Senior Men -63kg	ACHAB Jaouad	BEL	
european-championships-2022	Senior Women -73kg	LAURIN Althea	FRA	1
european-championships-2022	Senior Women -73kg	TATAR Nur	TUR	
european-championships-2022	Senior Women -73kg	ZANONI Carlota Ter	ESP	
european-championships-2022	Senior Women -73kg	SMIRAGLIA Maristella	ITA	
european-championships-2022	Senior Women -73kg	MCGOWAN Rebecca	GBR	3
european-championships-2022	Senior Women -73kg	BLE Marie-Paule	FRA	3
european-championships-2022	Senior Women -73kg	NTEMOGIANNI Paraskevi	GRE	
european-championships-2022	Senior Women -73kg	BOZANIC Nadica	SRB	
european-championships-2022	Senior Women -73kg	OOGINK Reshmie	NED	
european-championships-2022	Senior Women -73kg	KLEPAC Nika	CRO	2
european-championships-2022	Senior Women -73kg	HADZIC Alema	GER	
european-championships-2022	Senior Women +73kg	WALKDEN Bianca	GBR	1
european-championships-2022	Senior Women +73kg	TEPAVAC Ana	SRB	
european-championships-2022	Senior Women +73kg	AZRAN Dana	ISR	
european-championships-2022	Senior Women +73kg	BRANDL Lorena	GER	
european-championships-2022	Senior Women +73kg	UZUNCAVDAR Sude yaren	TUR	
european-championships-2022	Senior Women +73kg	HAUGEN Eliza frazier	NOR	
european-championships-2022	Senior Women +73kg	AVOULETTE Solene	FRA	3
european-championships-2022	Senior Women +73kg	KUS AYDIN Nafia	TUR	3
european-championships-2022	Senior Women +73kg	KITSIOU Agoritsa artemia	GRE	
european-championships-2022	Senior Women +73kg	LAURIDSEN Natalie	DEN	
european-championships-2022	Senior Women +73kg	JAHL Marlene	AUT	
european-championships-2022	Senior Women +73kg	CASTINEIRA ETCHEVERRIA Tania	ESP	
european-championships-2022	Senior Women +73kg	PETANJEK NIKA	CRO	
european-championships-2022	Senior Women +73kg	KOWALCZUK Aleksandra	POL	2
european-championships-2022	Senior Men -58kg	DELL'AQUILA Vito	ITA	3
european-championships-2022	Senior Men -58kg	PATISHI Ori	ISR	
european-championships-2022	Senior Men -58kg	FARNES Ricki Gene	DEN	
european-championships-2022	Senior Men -58kg	SALIM Sharif gergely	HUN	
european-championships-2022	Senior Men -58kg	DIMITROV Stepan	MDA	
european-championships-2022	Senior Men -58kg	RAVET Cyrian	FRA	1
european-championships-2022	Senior Men -58kg	ISKANDAROV Parviz	AZE	
european-championships-2022	Senior Men -58kg	YURKO Oleksii	UKR	
european-championships-2022	Senior Men -58kg	NOUR Mohammed	GBR	
european-championships-2022	Senior Men -58kg	VICENTE YUNTA Adrian	ESP	3
european-championships-2022	Senior Men -58kg	SERER Fran	CRO	
european-championships-2022	Senior Men -58kg	ALESIO Sebastien	FRA	
european-championships-2022	Senior Men -58kg	RAPSOMANIKIS Dionysios	GRE	
european-championships-2022	Senior Men -58kg	BORGEN Kristian storsul	NOR	
european-championships-2022	Senior Men -58kg	DAYIOGLU Omer faruk	TUR	
european-championships-2022	Senior Men -58kg	ANTONIOU Evangelos georgios	CYP	
european-championships-2022	Senior Men -58kg	HAJNAL Filip	SRB	
european-championships-2022	Senior Men -58kg	WOOLLEY Jack	IRL	2
european-championships-2022	Senior Men -87kg	SAPINA Ivan	CRO	1
european-championships-2022	Senior Men -87kg	THEOCHAROUS Andreas	CYP	
european-championships-2022	Senior Men -87kg	STASTNY Jiri	CZE	
european-championships-2022	Senior Men -87kg	SEGEDIN Dinko	BIH	
european-championships-2022	Senior Men -87kg	BONDAR Vladyslav	UKR	
european-championships-2022	Senior Men -87kg	DIVKOVIC Partik	SLO	3
european-championships-2022	Senior Men -87kg	GOLUBOVIC Milos	SRB	
european-championships-2022	Senior Men -87kg	BAILEY Kelen	HUN	
european-championships-2022	Senior Men -87kg	CUNNINGHAM Caden	GBR	
european-championships-2022	Senior Men -87kg	BACHMANN Alexander	GER	
european-championships-2022	Senior Men -87kg	SNACOV Laurentiu	ROU	
european-championships-2022	Senior Men -87kg	BILIC PAVLINOVIC Josip	CRO	
european-championships-2022	Senior Men -87kg	N'DIAYE M'bar	FRA	
european-championships-2022	Senior Men -87kg	MARTINEZ GARCIA Raul	ESP	2
european-championships-2022	Senior Men -87kg	BICER Enbiya taha	TUR	3
european-championships-2022	Senior Men -87kg	DODEVSKI Filip	MKD	
european-championships-2022	Senior Men -87kg	BEIGI HARCHEGANI Milad	AZE	
european-championships-2022	Senior Men -87kg	PAPADOPOULOS Ioannis	GRE	
european-championships-2022	Senior Men -87kg	BOTTA Roberto	ITA	
european-championships-2022	Senior Women -46kg	STOJKOVIC Lena	CRO	1
european-championships-2022	Senior Women -46kg	PAU Veronica	ITA	
european-championships-2022	Senior Women -46kg	CELIK Sueheda	GER	
european-championships-2022	Senior Women -46kg	KOUTTOUKI Kyriaki	CYP	
european-championships-2022	Senior Women -46kg	JIMENEZ MONTERO Ana	ESP	
european-championships-2022	Senior Women -46kg	ZRIHEN Michal	POR	3
european-championships-2022	Senior Women -46kg	AKBAROVA Minaya	AZE	
european-championships-2022	Senior Women -46kg	TAMMILA Ida-elina	FIN	
european-championships-2022	Senior Women -46kg	MAKANJUOLA Catherine	GBR	
european-championships-2022	Senior Women -46kg	GOGEBAKAN Emine	TUR	2
european-championships-2022	Senior Women -46kg	PERUNICIC Jelena	MNE	
european-championships-2022	Senior Women -46kg	REHANI Dalya	FRA	
european-championships-2022	Senior Women -46kg	JOVIC Teodora	SRB	
european-championships-2022	Senior Women -46kg	BAYECH Rivka	ISR	3
european-championships-2022	Senior Women -46kg	KELES Fatma	TUR	
european-championships-2022	Senior Women -46kg	TSAMPALA Stamatia	GRE	
european-championships-2022	Senior Women -46kg	IOVU Iasmina Iuliana	ROU	
european-championships-2022	Senior Women -46kg	POURYOUNES LANGEROUDI Dina	RTA	
european-championships-2022	Senior Women -67kg	JELIC Matea	CRO	
european-championships-2022	Senior Women -67kg	FABER Isabelle	LUX	
european-championships-2022	Senior Women -67kg	SANDIC Zorana	BIH	
european-championships-2022	Senior Women -67kg	PERISIC Aleksandra	SRB	3
european-championships-2022	Senior Women -67kg	FUREDI Rebeka	HUN	
european-championships-2022	Senior Women -67kg	CASTRO BURGOS Cecilia	ESP	1
european-championships-2022	Senior Women -67kg	NILSEN Mari romundset	NOR	
european-championships-2022	Senior Women -67kg	D'ANGELO Natalia	ITA	
european-championships-2022	Senior Women -67kg	KOERNDL Vanessa	GER	
european-championships-2022	Senior Women -67kg	WIET HENIN Magda	FRA	2
european-championships-2022	Senior Women -67kg	GEORGIEVSKA Anamarija	MKD	
european-championships-2022	Senior Women -67kg	EVCI Mervenur	TUR	
european-championships-2022	Senior Women -67kg	AZIZOVA Farida	AZE	
european-championships-2022	Senior Women -67kg	MITSOPOULOU Athanasia	GRE	
european-championships-2022	Senior Women -67kg	JIRANKOVA Iveta	CZE	
european-championships-2022	Senior Women -67kg	MEHNANA Ines	FRA	
european-championships-2022	Senior Women -67kg	WILLIAMS Lauren	GBR	3
european-championships-2022	Senior Men -68kg	SINDEN Bradly	GBR	1
european-championships-2022	Senior Men -68kg	PEREIRA Renato	POR	
european-championships-2022	Senior Men -68kg	SZCZESNOWSKI Mateusz	POL	
european-championships-2022	Senior Men -68kg	DZHORDZHEV Mitko	BUL	
european-championships-2022	Senior Men -68kg	GALLAND Warrick	SUI	
european-championships-2022	Senior Men -68kg	SITTEK Tomas	CZE	
european-championships-2022	Senior Men -68kg	CABALLERO Marcos	ESP	
european-championships-2022	Senior Men -68kg	KETBI Si mohamed	BEL	
european-championships-2022	Senior Men -68kg	SARGSYAN Sargis	ARM	
european-championships-2022	Senior Men -68kg	COULIBALY Sekou	LUX	
european-championships-2022	Senior Men -68kg	BEQAJ Zinedin	MNE	
european-championships-2022	Senior Men -68kg	LUCIEN Theo	FRA	3
european-championships-2022	Senior Men -68kg	AZEMI Arber	KOS	
european-championships-2022	Senior Men -68kg	CHUMACHENKO Andrii	UKR	
european-championships-2022	Senior Men -68kg	ALIAN Ali	SWE	
european-championships-2022	Senior Men -68kg	CHAMALIDIS Konstantinos	GRE	
european-championships-2022	Senior Men -68kg	CECCARONI Michele	SMR	
european-championships-2022	Senior Men -68kg	KAVURAT Ferhat can	TUR	
european-championships-2022	Senior Men -68kg	GLASNOVIC Leon	CRO	
european-championships-2022	Senior Men -68kg	CRESCENZI Simone	ITA	
european-championships-2022	Senior Men -68kg	CHARALAMBOUS Evangelos	CYP	
european-championships-2022	Senior Men -68kg	KRIVISHKIY Nimrod	ISR	3
european-championships-2022	Senior Men -68kg	JOZSA Levente mark	HUN	
european-championships-2022	Senior Men -68kg	FRGOLEC Miroslav	SVK	
european-championships-2022	Senior Men -68kg	KOVACIC Lin	SLO	
european-championships-2022	Senior Men -68kg	AGHAYEV Javad	AZE	
european-championships-2022	Senior Men -68kg	JØRGENSEN Otto	DEN	
european-championships-2022	Senior Men -68kg	DRAGOJEVIC Lazar	SRB	
european-championships-2022	Senior Men -68kg	PEREZ POLO Javier	ESP	2
european-championships-2022	Senior Men -80kg	KANAET Toni	CRO	3
european-championships-2022	Senior Men -80kg	BAJRA Arber	KOS	
european-championships-2022	Senior Men -80kg	CRISTESCU Mihai adrian	ROU	
european-championships-2022	Senior Men -80kg	PIATKOWSKI Szymon	POL	
european-championships-2022	Senior Men -80kg	FERREIRA Julio	POR	
european-championships-2022	Senior Men -80kg	RADOJKOVIC Aleksandar	AUT	
european-championships-2022	Senior Men -80kg	GERRONE Antonio	ITA	
european-championships-2022	Senior Men -80kg	KARAJLOVIC Ivan	SRB	
european-championships-2022	Senior Men -80kg	ALESSIO Simone	ITA	1
european-championships-2022	Senior Men -80kg	TELIKOSTOGLOU Apostolos	GRE	
european-championships-2022	Senior Men -80kg	HRNIC Edi	DEN	2
european-championships-2022	Senior Men -80kg	FILIPPOV Oleksandr	ISR	
european-championships-2022	Senior Men -80kg	CINTADO ARTECHE Jon	ESP	
european-championships-2022	Senior Men -80kg	BOUZID SOUIHILI Ismael	FRA	
european-championships-2022	Senior Men -80kg	KARTAL Huseyin	TUR	
european-championships-2022	Senior Men -80kg	SULEYMANOV Taleh	AZE	
european-championships-2022	Senior Men -80kg	MANSOURI Farzad	RTA	
european-championships-2022	Senior Men -80kg	ORDEMANN Richard andre	NOR	3
european-championships-2022	Senior Women -57kg	ILGUN Hatice kubra	TUR	1
european-championships-2022	Senior Women -57kg	ANTONIOU Anna Maria	CYP	
european-championships-2022	Senior Women -57kg	HARKONEN Helmi	FIN	
european-championships-2022	Senior Women -57kg	TVARONAVICIUTE Klaudija	LTU	
european-championships-2022	Senior Women -57kg	RADMILOVIC Aleksandra	SRB	
european-championships-2022	Senior Women -57kg	ASEMANI Raheleh	BEL	
european-championships-2022	Senior Women -57kg	ZDERO Petra	BIH	
european-championships-2022	Senior Women -57kg	CUNHA Joana	POR	
european-championships-2022	Senior Women -57kg	AL HALWANI Giada	ITA	3
european-championships-2022	Senior Women -57kg	MAJIDOVA Fatima	AZE	
european-championships-2022	Senior Women -57kg	POWELL Aaliyah	GBR	
european-championships-2022	Senior Women -57kg	ADAMKIEWICZ Patrycja	POL	2
european-championships-2022	Senior Women -57kg	BORISOVA Borislava	BUL	
european-championships-2022	Senior Women -57kg	CARABIN Kanelya	FRA	
european-championships-2022	Senior Women -57kg	ORTIZ BENITO Arlet	ESP	
european-championships-2022	Senior Women -57kg	RACHE Tania maria	ROU	
european-championships-2022	Senior Women -57kg	KALTEKI Faidra	GRE	
european-championships-2022	Senior Women -57kg	SCHOENMAKERS Bodine	NED	
european-championships-2022	Senior Women -57kg	LIPATOVA Juliana	UKR	
european-championships-2022	Senior Women -57kg	TARVIDA Inese	LAT	
european-championships-2022	Senior Women -57kg	KICEMA Helena	CRO	
european-championships-2022	Senior Women -57kg	KINDL Melanie	AUT	
european-championships-2022	Senior Women -57kg	JONES Jade	GBR	3
european-championships-2022	Senior Women -62kg	VULETIC Bruna	CRO	
european-championships-2022	Senior Women -62kg	GAIZAUSKAITE Gerda	LTU	
european-championships-2022	Senior Women -62kg	MANNINEN Jasmin	FIN	
european-championships-2022	Senior Women -62kg	CHAARI Sarah	BEL	3
european-championships-2022	Senior Women -62kg	TARVIDA Jolanta	LAT	
european-championships-2022	Senior Women -62kg	MAGDALENO ALBIZU Jone	ESP	1
european-championships-2022	Senior Women -62kg	PATAKFALVY Csenge Eleonora	HUN	
european-championships-2022	Senior Women -62kg	GJELSVIK Karoline	NOR	
european-championships-2022	Senior Women -62kg	ROBERTS Chloe	GBR	
european-championships-2022	Senior Women -62kg	FROEMMING Anna-Lena	GER	
european-championships-2022	Senior Women -62kg	ENGSTROM Anna	SWE	
european-championships-2022	Senior Women -62kg	MALLIEN Clara	FRA	
european-championships-2022	Senior Women -62kg	SAVKOVIC Nadja	SRB	
european-championships-2022	Senior Women -62kg	STOLBOVA Petra	CZE	2
european-championships-2022	Senior Women -62kg	ALIZADEH Kimia	RTA	3
european-championships-2022	Senior Women -62kg	KAYIR Ikra	TUR	
european-championships-2022	Senior Women -62kg	SARVANAKI Theopoula	GRE	
european-championships-2022	Senior Women -62kg	LABUZOVA Mariia	UKR	
european-championships-2022	Senior Women -62kg	CALVO GOMEZ Marta	ESP	
european-championships-2022	Senior Men -74kg	QUESADA BARRERA Daniel	ESP	
european-championships-2022	Senior Men -74kg	PROCOPCIUC Lucian	POR	
european-championships-2022	Senior Men -74kg	CHEHADE Mohamad	SWE	
european-championships-2022	Senior Men -74kg	JERMAMI Mehdi	FRA	
european-championships-2022	Senior Men -74kg	TAKOV Stefan	SRB	1
european-championships-2022	Senior Men -74kg	YILDIZ Muhammed emin	TUR	3
european-championships-2022	Senior Men -74kg	STROOM Karl kunter	EST	
european-championships-2022	Senior Men -74kg	GAFAROV Eltaj	AZE	
european-championships-2022	Senior Men -74kg	PELTEKIS Dimitrios	GRE	
european-championships-2022	Senior Men -74kg	KTORI Vasilis	CYP	
european-championships-2022	Senior Men -74kg	BOOTH Cameron	GBR	
european-championships-2022	Senior Men -74kg	ACHAB Badr	BEL	3
european-championships-2022	Senior Men -74kg	PERUNIČIĆ Vasilije	MNE	
european-championships-2022	Senior Men -74kg	NSILU DILANDU Leroy	IRL	
european-championships-2022	Senior Men -74kg	BALIVA Samuele	ITA	
european-championships-2022	Senior Men -74kg	CRESCENTINI Stefano	SMR	
european-championships-2022	Senior Men -74kg	DREWLAU Eduard	GER	
european-championships-2022	Senior Men -74kg	GOLUBIC Marko	CRO	
european-championships-2022	Senior Men -74kg	CHUMACHENKO Oleksandr	UKR	
european-championships-2022	Senior Men -74kg	THUNE Sebastian	NOR	
european-championships-2022	Senior Men -74kg	AMER Abdullah	DEN	
european-championships-2022	Senior Men -74kg	BAJRA Arbnor	KOS	
european-championships-2022	Senior Men -74kg	HUSIC Nedzad	BIH	2
european-championships-2022	Senior Men +87kg	GEORGIEVSKI Dejan	MKD	
european-championships-2022	Senior Men +87kg	PILIPOVIC Milos	NOR	
european-championships-2022	Senior Men +87kg	BOZIC Pasko	CRO	3
european-championships-2022	Senior Men +87kg	EL YAZIDI Omar	FRA	
european-championships-2022	Senior Men +87kg	ANGELOPOULOS Spyridon	GRE	
european-championships-2022	Senior Men +87kg	DJURICIC Marko	SRB	
european-championships-2022	Senior Men +87kg	GARCIA MARTINEZ Ivan	ESP	2
european-championships-2022	Senior Men +87kg	ATESLI Emre kutalmis	TUR	1
european-championships-2022	Senior Men +87kg	STRATOURAS Kyriakos	CYP	
european-championships-2022	Senior Men +87kg	TRAJKOVIC Ivan konrad	SLO	
european-championships-2022	Senior Men +87kg	UNLUSOY Cem	GER	
european-championships-2022	Senior Men +87kg	FARMAKAS Erik	SWE	
european-championships-2022	Senior Men +87kg	ISAEV Radik	AZE	3
asian-championships-2022	Senior Men -54kg	ALSAMIH Fahad samih n	KSA	3
asian-championships-2022	Senior Men -54kg	YAMAMORI Kotaro	JPN	
asian-championships-2022	Senior Men -54kg	MOHAMED Ali	UAE	
asian-championships-2022	Senior Men -54kg	BARBOSA Kurt bryan	PHI	
asian-championships-2022	Senior Men -54kg	YAN Hao wei	TPE	
asian-championships-2022	Senior Men -54kg	YONDONJAMTS Purevdash	MGL	
asian-championships-2022	Senior Men -54kg	PARK Tae-joon	KOR	1
asian-championships-2022	Senior Men -54kg	DUISENBEK Aziret	KAZ	
asian-championships-2022	Senior Men -54kg	CHAN Hin Hang	HKG	
asian-championships-2022	Senior Men -54kg	TAN Sebastian	MAS	
asian-championships-2022	Senior Men -54kg	IHMEDAN Loiy	JOR	2
asian-championships-2022	Senior Men -54kg	ALQALLAF Yousef yaqoub	KUW	
asian-championships-2022	Senior Men -54kg	KRAIRIKSH Veerapat	THA	
asian-championships-2022	Senior Men -54kg	KHAN Shahzaib	PAK	3
asian-championships-2022	Senior Men -68kg	RASHITOV Ulugbek	UZB	1
asian-championships-2022	Senior Men -68kg	MORITA Shu	JPN	
asian-championships-2022	Senior Men -68kg	F. A. ABDELRAZEQ Fahid	PLE	
asian-championships-2022	Senior Men -68kg	ENKHBOLD Buyanshagai	MGL	
asian-championships-2022	Senior Men -68kg	MAHARA Bir bahadur	NEP	
asian-championships-2022	Senior Men -68kg	LOTFI Hossein	AFG	
asian-championships-2022	Senior Men -68kg	JUMAH Rashed	KUW	
asian-championships-2022	Senior Men -68kg	BOZORGISHOOB Danial	IRI	3
asian-championships-2022	Senior Men -68kg	JANG Eunseok	KOR	
asian-championships-2022	Senior Men -68kg	ALCANTARA Arven	PHI	
asian-championships-2022	Senior Men -68kg	XIAO Chenming	CHN	3
asian-championships-2022	Senior Men -68kg	TAM Ching nam	HKG	
asian-championships-2022	Senior Men -68kg	RAJA MAHMOD Raja zulfadli	SGP	
asian-championships-2022	Senior Men -68kg	BIN DOOKHY HASHAM	KSA	
asian-championships-2022	Senior Men -68kg	SHOMAKHMADOV Mukhammadkhusein	TJK	
asian-championships-2022	Senior Men -68kg	DGHBAS Ahmed	QAT	
asian-championships-2022	Senior Men -68kg	TSAI Min-chi	TPE	
asian-championships-2022	Senior Men -68kg	THEPSEN Nareupong	THA	
asian-championships-2022	Senior Men -68kg	KAREEM Zaid	JOR	2
asian-championships-2022	Senior Women -46kg	KANG Mi-reu	KOR	1
asian-championships-2022	Senior Women -46kg	KHUSNIDDINOVA Zarnigor	UZB	
asian-championships-2022	Senior Women -46kg	RIVAS Isabel felipa	SGP	
asian-championships-2022	Senior Women -46kg	DA COSTA DA SILVA PINTO BELO Ana	TLS	
asian-championships-2022	Senior Women -46kg	OSHIMA Karen	JPN	3
asian-championships-2022	Senior Women -46kg	KHANTIKULANON julanan	THA	2
asian-championships-2022	Senior Women -46kg	YAN Yi-jun	TPE	
asian-championships-2022	Senior Women -46kg	DELA CRUZ Sharifa bainca	PHI	
asian-championships-2022	Senior Women -46kg	LI Xiao Yu Zerlinda	HKG	
asian-championships-2022	Senior Women -46kg	ALOMRAN Gnan	KUW	
asian-championships-2022	Senior Women -46kg	BAKISHEVA Rita	KAZ	3
asian-championships-2022	Senior Women -53kg	KAYUMOVA Charos	UZB	2
asian-championships-2022	Senior Women -53kg	KOZHOMBERDIEVA Akylai	KGZ	
asian-championships-2022	Senior Women -53kg	HUANG Shih yuan	TPE	
asian-championships-2022	Senior Women -53kg	ABUTALEB Dunya ali m	KSA	3
asian-championships-2022	Senior Women -53kg	OIMATOVA Munisa	TJK	
asian-championships-2022	Senior Women -53kg	TAN Nichelle Ying Xuan	SGP	
asian-championships-2022	Senior Women -53kg	BOU HABIB Mariella	LBN	
asian-championships-2022	Senior Women -53kg	WONGPATTANAKIT Panipak	THA	
asian-championships-2022	Senior Women -53kg	WANG Xiaolu	CHN	3
asian-championships-2022	Senior Women -53kg	ALDANGOROVA Fariza	KAZ	
asian-championships-2022	Senior Women -53kg	CANABAL Baby jessica	PHI	
asian-championships-2022	Senior Women -53kg	VU Thi Dung	VIE	
asian-championships-2022	Senior Women -53kg	KIYANICHANDEH Nahid	IRI	1
asian-championships-2022	Senior Women -57kg	LEE AHREUM	KOR	2
asian-championships-2022	Senior Women -57kg	SO Yuen ting	HKG	
asian-championships-2022	Senior Women -57kg	SABIR Zoya	PAK	
asian-championships-2022	Senior Women -57kg	HARNSUJIN Phannapa	THA	3
asian-championships-2022	Senior Women -57kg	AIMUKASHEVA Kamila	KAZ	
asian-championships-2022	Senior Women -57kg	AOUN Laetitia	LBN	
asian-championships-2022	Senior Women -57kg	SHEIDAEI Zahra	IRI	3
asian-championships-2022	Senior Women -57kg	ALAWADHI Bedoor	KUW	
asian-championships-2022	Senior Women -57kg	YASEEN Yara Mohammad	JOR	
asian-championships-2022	Senior Women -57kg	TABIANDO Realis lorena	PHI	
asian-championships-2022	Senior Women -57kg	CHANG Rui en	TPE	
asian-championships-2022	Senior Women -57kg	LUO Zongshi	CHN	1
asian-championships-2022	Senior Men -58kg	REZAEE Mohsen	AFG	3
asian-championships-2022	Senior Men -58kg	CHIOK Chun yin	HKG	
asian-championships-2022	Senior Men -58kg	BATMUNKH Soyol-erdene	MGL	
asian-championships-2022	Senior Men -58kg	YOUDETH Sam	CAM	
asian-championships-2022	Senior Men -58kg	MORIKAWA Hikaru	JPN	
asian-championships-2022	Senior Men -58kg	ALTARYREH Mahmoud	JOR	
asian-championships-2022	Senior Men -58kg	MOHAMED Mushari	UAE	
asian-championships-2022	Senior Men -58kg	ASFOOR Abdulqader	QAT	
asian-championships-2022	Senior Men -58kg	BAE Jun-seo	KOR	1
asian-championships-2022	Senior Men -58kg	ISRAILOV Zhassurbek	KAZ	3
asian-championships-2022	Senior Men -58kg	HAMDI Riad nasser a	KSA	
asian-championships-2022	Senior Men -58kg	LAI Chin shian	TPE	
asian-championships-2022	Senior Men -58kg	YODRAK Thanakrit	THA	
asian-championships-2022	Senior Men -58kg	KHALIFE mark	LBN	
asian-championships-2022	Senior Men -58kg	HAJIMOUSAEI Mahdi	IRI	2
asian-championships-2022	Senior Men -58kg	ALEBRAHEEM Abdallah	KUW	
asian-championships-2022	Senior Men -58kg	DOS SANTOS ARAUJO Fortunato	TLS	
asian-championships-2022	Senior Men -58kg	KHAN Haroon	PAK	
asian-championships-2022	Senior Men -74kg	HOSSEINI Mirhashem	IRI	2
asian-championships-2022	Senior Men -74kg	NAUVAL Ossanando	INA	
asian-championships-2022	Senior Men -74kg	CUI Yang	CHN	
asian-championships-2022	Senior Men -74kg	LY Hong Phuc	VIE	
asian-championships-2022	Senior Men -74kg	KHEIRALLAH Mohammad	SYR	
asian-championships-2022	Senior Men -74kg	ZEINOUN Marc	LBN	
asian-championships-2022	Senior Men -74kg	TSAGAANTSOOJ Bayanbat	MGL	
asian-championships-2022	Senior Men -74kg	HAUIHONGTHONG Lakchai	THA	3
asian-championships-2022	Senior Men -74kg	MITHONA VA	CAM	
asian-championships-2022	Senior Men -74kg	BAHLOOOL Ahmad	PLE	3
asian-championships-2022	Senior Men -74kg	ALENEZI Bandar	KUW	
asian-championships-2022	Senior Men -74kg	AL FARRAJ Wael	THF	
asian-championships-2022	Senior Men -74kg	SUZUKI Ricardo	JPN	
asian-championships-2022	Senior Men -74kg	ALMUWALLAD Ahmad	KSA	
asian-championships-2022	Senior Men -74kg	CHEN Jyun-wei	TPE	
asian-championships-2022	Senior Men -74kg	IQBAL Muhammad	PAK	
asian-championships-2022	Senior Men -74kg	JAYSUNOV Jasurbek	UZB	1
asian-championships-2022	Senior Women -49kg	TRUONG Thi kim tuyen	VIE	
asian-championships-2022	Senior Women -49kg	MIRSHAKARZODA Shirinmohi	TJK	
asian-championships-2022	Senior Women -49kg	GUO Qing	CHN	1
asian-championships-2022	Senior Women -49kg	KAPANOVA Botakoz	KAZ	3
asian-championships-2022	Senior Women -49kg	M ZAHRUDDIN Nur fadzlyn	SGP	
asian-championships-2022	Senior Women -49kg	ZAHRAA KHAWAR Fateemaah tuz	PAK	
asian-championships-2022	Senior Women -49kg	JHUANG Tien yu	TPE	
asian-championships-2022	Senior Women -49kg	NEMATZADEH Mobina	IRI	2
asian-championships-2022	Senior Women -49kg	ADELAIDE DE SOUSA FERNANDES Santina	TLS	
asian-championships-2022	Senior Women -49kg	JONGKOLRATTANAWATTANA Chutikan	THA	
asian-championships-2022	Senior Women -49kg	MUKHTAROVA Dinora	UZB	
asian-championships-2022	Senior Women -49kg	LAM Siu wai	HKG	
asian-championships-2022	Senior Women -49kg	RAI Yunisha	NEP	
asian-championships-2022	Senior Women -49kg	AKAE Sayoko	JPN	
asian-championships-2022	Senior Women -49kg	KANG Bora	KOR	3
asian-championships-2022	Senior Women -62kg	SADIKOVA Feruza	UZB	3
asian-championships-2022	Senior Women -62kg	VALIZADEH Nastaran	IRI	2
asian-championships-2022	Senior Women -62kg	BAC Thi khiem	VIE	
asian-championships-2022	Senior Women -62kg	NAM Min-seo	KOR	1
asian-championships-2022	Senior Women -62kg	CHENG Ya xin	TPE	
asian-championships-2022	Senior Women -62kg	HO Cathy minly	HKG	
asian-championships-2022	Senior Women -62kg	TONGCHAN Sasikarn	THA	3
asian-championships-2022	Senior Men -87kg	DUISEBAY Smaiyl	KAZ	3
asian-championships-2022	Senior Men -87kg	MENG Mingkuan	CHN	
asian-championships-2022	Senior Men -87kg	ALMABROUK Ali mabrouk s	KSA	
asian-championships-2022	Senior Men -87kg	RAFALOVICH Nikita	UZB	1
asian-championships-2022	Senior Men -87kg	SBEIHI Fahed	JOR	2
asian-championships-2022	Senior Men -87kg	DEUBA Niraj	NEP	
asian-championships-2022	Senior Men -87kg	TAREK Mousalli	LBN	
asian-championships-2022	Senior Men -87kg	LEE Meng-en	TPE	3
asian-championships-2022	Senior Men +87kg	ZHAPAROV Ruslan	KAZ	
asian-championships-2022	Senior Men +87kg	SONG Zhaoxiang	CHN	1
asian-championships-2022	Senior Men +87kg	SAEED Hamzah omar	PAK	
asian-championships-2022	Senior Men +87kg	KANG Yeon ho	KOR	3
asian-championships-2022	Senior Men +87kg	NADALIAN JOUYBARI Alireza	IRI	2
asian-championships-2022	Senior Men +87kg	AL AHMED Wadhah	QAT	
asian-championships-2022	Senior Men +87kg	AMIRI Ali akbar	AFG	3
asian-championships-2022	Senior Men +87kg	RADJABOV Shokhrukh	UZB	
asian-championships-2022	Senior Women -73kg	DENIZ Cansel	KAZ	2
asian-championships-2022	Senior Women -73kg	TRAN NGUYEN Anh ngan	VIE	
asian-championships-2022	Senior Women -73kg	SELMAN Ward	LBN	3
asian-championships-2022	Senior Women -73kg	MYEONG Mi-na	KOR	3
asian-championships-2022	Senior Women -73kg	SONG Jie	CHN	
asian-championships-2022	Senior Women -73kg	POURESMAEILKARANI Zahra	IRI	1
asian-championships-2022	Senior Women -73kg	ABO-ALRUB Rama	JOR	
asian-championships-2022	Senior Women +73kg	OSIPOVA Svetlana	UZB	3
asian-championships-2022	Senior Women +73kg	ZHOU Zeqi	CHN	2
asian-championships-2022	Senior Women +73kg	JUHAR Tahera	KUW	
asian-championships-2022	Senior Women +73kg	ELIAS Alissar	SYR	3
asian-championships-2022	Senior Women +73kg	KHODABANDEH Akram	IRI	1
asian-championships-2022	Senior Men -63kg	ALHALAWANI Zaid	JOR	3
asian-championships-2022	Senior Men -63kg	SUNATOV Mahmadjon	TJK	
asian-championships-2022	Senior Men -63kg	DA COSTA PINTO Giovanio monico	TLS	
asian-championships-2022	Senior Men -63kg	HONEINE Ralph	LBN	
asian-championships-2022	Senior Men -63kg	DASHDAVAA Chinzorig	MGL	
asian-championships-2022	Senior Men -63kg	ALMABROUK Hamad mabrouk s	KSA	
asian-championships-2022	Senior Men -63kg	TANGCHATKAEW Saran	THA	
asian-championships-2022	Senior Men -63kg	TSURUOKA Jin	JPN	
asian-championships-2022	Senior Men -63kg	KIM Tae yong	KOR	1
asian-championships-2022	Senior Men -63kg	BAZARBAYEV Adilet	KAZ	3
asian-championships-2022	Senior Men -63kg	LIU Tsung-lin	TPE	
asian-championships-2022	Senior Men -63kg	PHAM Dang quang	VIE	
asian-championships-2022	Senior Men -63kg	RAIHAN Muhammad bassam	INA	
asian-championships-2022	Senior Men -63kg	ZAIN Hikmatullah	AFG	
asian-championships-2022	Senior Men -63kg	ASHOURZADEH FALLAH Farzan	IRI	
asian-championships-2022	Senior Men -63kg	LIANG Yushuai	CHN	2
asian-championships-2022	Senior Men -63kg	KO Chung hon	HKG	
asian-championships-2022	Senior Men -63kg	BOFTEEN Huseeen a.t	KUW	
asian-championships-2022	Senior Men -63kg	PULATOV Niyaz	UZB	
asian-championships-2022	Senior Men -80kg	ELSHARABATY Saleh	JOR	2
asian-championships-2022	Senior Men -80kg	AITAKHUNOV Akbar	KGZ	
asian-championships-2022	Senior Men -80kg	ALTANGEREL AZBAYAR	MGL	
asian-championships-2022	Senior Men -80kg	HUSSAINI Ramesh	AFG	
asian-championships-2022	Senior Men -80kg	BAKHSHI Amir Mohammad	IRI	
asian-championships-2022	Senior Men -80kg	ABBAS Mazhar	PAK	
asian-championships-2022	Senior Men -80kg	SEO Geon-woo	KOR	3
asian-championships-2022	Senior Men -80kg	MYRZABAYEV Nurlan	KAZ	3
asian-championships-2022	Senior Men -80kg	SARARAT Athi	THA	
asian-championships-2022	Senior Men -80kg	KYRILLOS Charbel	LBN	
asian-championships-2022	Senior Men -80kg	ZHANG Kai	CHN	
asian-championships-2022	Senior Men -80kg	ALE Kiran bahadur	NEP	
asian-championships-2022	Senior Men -80kg	SALAEV Shukhrat	UZB	1
asian-championships-2022	Senior Women -67kg	AL-SADEQ Julyana	JOR	1
asian-championships-2022	Senior Women -67kg	BOUSTANY Carla	LBN	
asian-championships-2022	Senior Women -67kg	NGUYEN Thi huong	VIE	
asian-championships-2022	Senior Women -67kg	MOKHRU Khalimova	TJK	3
asian-championships-2022	Senior Women -67kg	FATNASSI Maram	QAT	
asian-championships-2022	Senior Women -67kg	SONG Da bin	KOR	
asian-championships-2022	Senior Women -67kg	LIU Junhong	CHN	2
asian-championships-2022	Senior Women -67kg	YEH Yen hsin	TPE	
asian-championships-2022	Senior Women -67kg	DELO Laila	PHI	
asian-championships-2022	Senior Women -67kg	KHUSSAINOVA Nuray	KAZ	3
european-games-2023	Senior Women -46kg	STOJKOVIC Lena	CRO	1
european-games-2023	Senior Women -46kg	CSAKI Hanna	HUN	
european-games-2023	Senior Women -46kg	JIMENEZ MONTERO Ana	ESP	
european-games-2023	Senior Women -46kg	GOODMAN Phoenix Faith H	GBR	
european-games-2023	Senior Women -46kg	REHANI Dalya	FRA	
european-games-2023	Senior Women -46kg	NAHURNA Viktoriia	UKR	
european-games-2023	Senior Women -46kg	KOUTTOUKI Kyriaki	CYP	3
european-games-2023	Senior Women -46kg	KAMINSKA Anita	POL	
european-games-2023	Senior Women -46kg	POURYOUNES Dina	ERT	
european-games-2023	Senior Women -46kg	KOMNENOVIC Lana	SRB	
european-games-2023	Senior Women -46kg	ZAMPETTI Sofia	ITA	2
european-games-2023	Senior Women -46kg	AKBAROVA Minaya	AZE	
european-games-2023	Senior Women -46kg	CELIK Sueheda Nur	GER	3
european-games-2023	Senior Women -46kg	YILDIRIM Rukiye	TUR	
european-games-2023	Senior Women -46kg	TAMMILA Ida-Elina Irene	FIN	
european-games-2023	Senior Women -46kg	BAYECH Rivka	ISR	
european-games-2023	Senior Women -49kg	CEREZO IGLESIAS Adriana	ESP	1
european-games-2023	Senior Women -49kg	KOSTOVA Nikolet	BUL	
european-games-2023	Senior Women -49kg	MAESTRO Virginia	ITA	
european-games-2023	Senior Women -49kg	SEMBERG Abishag	ISR	
european-games-2023	Senior Women -49kg	LIÑAN PARDO Naiara	AND	
european-games-2023	Senior Women -49kg	YLONEN Jenna Kristiina	FIN	
european-games-2023	Senior Women -49kg	KRAJEWSKA Nikola	POL	
european-games-2023	Senior Women -49kg	DUVANCIC Bruna	CRO	
european-games-2023	Senior Women -49kg	AVDAGIC Ada	BIH	
european-games-2023	Senior Women -49kg	ABAKAROVA Patimat	AZE	
european-games-2023	Senior Women -49kg	ATESLI Supharada	GER	3
european-games-2023	Senior Women -49kg	MOORE Maddison Samant	GBR	3
european-games-2023	Senior Women -49kg	KAMKASOUMPHOU Maysane	FRA	
european-games-2023	Senior Women -49kg	DINCEL KAVURAT Merve	TUR	2
european-games-2023	Senior Men -54kg	TESKERA Josip	CRO	
european-games-2023	Senior Men -54kg	MARWAN Ebrahim	SWE	
european-games-2023	Senior Men -54kg	POLAT Gorkem	TUR	
european-games-2023	Senior Men -54kg	ABDEL HALIM Khaled	GER	
european-games-2023	Senior Men -54kg	DADASHOV Sayyad	AZE	2
european-games-2023	Senior Men -54kg	BOGDANOV Lyubomir	BUL	
european-games-2023	Senior Men -54kg	WIECZOREK Bartlomiej	POL	
european-games-2023	Senior Men -54kg	DIMITROPOULOS Konstantinos	GRE	3
european-games-2023	Senior Men -54kg	ARILLO VAZQUEZ Hugo	ESP	1
european-games-2023	Senior Men -54kg	THOMAS SARSOZA Zack Riley	GBR	
european-games-2023	Senior Men -54kg	MOLLE Milan	NED	
european-games-2023	Senior Men -54kg	MOLJ Domen	SLO	
european-games-2023	Senior Men -54kg	CONTI Andrea	ITA	3
european-games-2023	Senior Men -54kg	DIMITROV Vadim	MDA	
european-games-2023	Senior Men -54kg	PASHCOVSKY Tom	ISR	
european-games-2023	Senior Men -58kg	WOOLLEY Jack	IRL	2
european-games-2023	Senior Men -58kg	ALAMI Josef Hodayfa	SWE	
european-games-2023	Senior Men -58kg	NOUR Mohammed	GBR	
european-games-2023	Senior Men -58kg	DAYIOGLU Omer faruk	TUR	
european-games-2023	Senior Men -58kg	RAPSOMANIKIS Dionysios	GRE	
european-games-2023	Senior Men -58kg	LOMARTIRE Matias	ITA	
european-games-2023	Senior Men -58kg	MALKOC Cemal Can	GER	
european-games-2023	Senior Men -58kg	NOWAK Lukasz	POL	
european-games-2023	Senior Men -58kg	VICENTE YUNTA Adrian	ESP	1
european-games-2023	Senior Men -58kg	NAGAEV Dmitriy	ISR	
european-games-2023	Senior Men -58kg	ACHNINE Aymen	NED	
european-games-2023	Senior Men -58kg	MAGOMEDOV Gashim	AZE	3
european-games-2023	Senior Men -58kg	SALIM Sharif gergely	HUN	
european-games-2023	Senior Men -58kg	USCOV Serghei	MDA	
european-games-2023	Senior Men -58kg	REBELO BRAGANCA Rui	POR	
european-games-2023	Senior Men -58kg	RAVET Cyrian	FRA	3
european-games-2023	Senior Women -53kg	DUVANCIC IVANA	CRO	1
european-games-2023	Senior Women -53kg	COMAN Gabriela bianca	ROU	
european-games-2023	Senior Women -53kg	MEIŠTININKAITĖ Gerda	LTU	
european-games-2023	Senior Women -53kg	LAGER Biana	ISR	
european-games-2023	Senior Women -53kg	AYDIN KONSTANTINIDIS Ela	GER	
european-games-2023	Senior Women -53kg	AL HALWANI Sarah	ITA	
european-games-2023	Senior Women -53kg	YAGCI Sila Ezgi	TUR	
european-games-2023	Senior Women -53kg	OLESZCZUK Lucja	POL	
european-games-2023	Senior Women -53kg	BOGDANOVIC Tijana	SRB	
european-games-2023	Senior Women -53kg	MCKEW Jodie Anna	GBR	
european-games-2023	Senior Women -53kg	LYNGBAEK Louise Sinkjaer	DEN	
european-games-2023	Senior Women -53kg	PATAKFALVY Luca Marta	HUN	3
european-games-2023	Senior Women -53kg	HRONOVA Dominika	CZE	3
european-games-2023	Senior Women -53kg	BRISKAROVA Gabriela	SVK	
european-games-2023	Senior Women -53kg	PILAVAKI Despina	CYP	
european-games-2023	Senior Women -53kg	PEREZ PARRADO Alma maria	ESP	2
european-games-2023	Senior Women -57kg	ILGUN Hatice kubra	TUR	3
european-games-2023	Senior Women -57kg	TVARONAVICIUTE Klaudija	LTU	
european-games-2023	Senior Women -57kg	KINDL Melanie	AUT	
european-games-2023	Senior Women -57kg	KALTEKI Faidra	GRE	
european-games-2023	Senior Women -57kg	RAHMANI Ruqia	FIN	
european-games-2023	Senior Women -57kg	MARTON Luana	HUN	2
european-games-2023	Senior Women -57kg	ASEMANI Raheleh	BEL	
european-games-2023	Senior Women -57kg	ADAMKIEWICZ Patrycja	POL	
european-games-2023	Senior Women -57kg	DA SILVA CUNHA Joana Filipa	POR	
european-games-2023	Senior Women -57kg	TOMIC Kristina	CRO	3
european-games-2023	Senior Women -57kg	SCHOENMAKERS Bodine	NED	
european-games-2023	Senior Women -57kg	AL HALWANI Giada	ITA	
european-games-2023	Senior Women -57kg	ORTIZ BENITO Arlet	ESP	
european-games-2023	Senior Women -57kg	GRETARSDOTTIR Ingibjorg E.	ISL	
european-games-2023	Senior Women -57kg	JONES Jade Louise	GBR	1
european-games-2023	Senior Men -63kg	JORQUERA CALA Joan	ESP	3
european-games-2023	Senior Men -63kg	HYTTEL Tobias Otterstr	DEN	
european-games-2023	Senior Men -63kg	BYSTROV Volodymyr	UKR	
european-games-2023	Senior Men -63kg	BARETTA Dennis	ITA	1
european-games-2023	Senior Men -63kg	CANI Juirdo	ALB	
european-games-2023	Senior Men -63kg	SAARINEN Niko Mikael	FIN	
european-games-2023	Senior Men -63kg	USCIMIUK Sebastian	POL	
european-games-2023	Senior Men -63kg	ALAPHILIPPE Souleyman	FRA	3
european-games-2023	Senior Men -63kg	ROGOZHINE Egor	ISR	
european-games-2023	Senior Men -63kg	AVRAMOV Bozhidar	BUL	
european-games-2023	Senior Men -63kg	RECBER Hakan	TUR	
european-games-2023	Senior Men -63kg	OEZKAYA Imran	GER	
european-games-2023	Senior Men -63kg	STANIC Novak	SRB	
european-games-2023	Senior Men -63kg	PILAVAKIS Ioannis	CYP	
european-games-2023	Senior Men -63kg	BRECIC Lovre	CRO	2
european-games-2023	Senior Men -68kg	SINDEN Bradly John	GBR	2
european-games-2023	Senior Men -68kg	CHUMACHENKO Andrii	UKR	
european-games-2023	Senior Men -68kg	JOERGENSEN Otto Herlev	DEN	3
european-games-2023	Senior Men -68kg	JOZSA Levente mark	HUN	
european-games-2023	Senior Men -68kg	GLASNOVIC Leon	CRO	
european-games-2023	Senior Men -68kg	KAVURAT Ferhat can	TUR	
european-games-2023	Senior Men -68kg	DZHORDZHEV Mitko	BUL	
european-games-2023	Senior Men -68kg	SZCZESNOWSKI Mateusz	POL	
european-games-2023	Senior Men -68kg	ALIAN Ali Jawad	SWE	
european-games-2023	Senior Men -68kg	BECOVIC Zinedin	MNE	
european-games-2023	Senior Men -68kg	LUCIEN Theo	FRA	
european-games-2023	Senior Men -68kg	KRIVISHKIY Nimrod	ISR	
european-games-2023	Senior Men -68kg	CHAMALIDIS Konstantinos	GRE	3
european-games-2023	Senior Men -68kg	AGHAYEV Javad	AZE	
european-games-2023	Senior Men -68kg	GALLAND Warrick	SUI	
european-games-2023	Senior Men -68kg	PEREZ POLO Javier	ESP	1
european-games-2023	Senior Women -62kg	CHAARI Sarah	BEL	1
european-games-2023	Senior Women -62kg	ANDERSSON Tindra Elin	SWE	
european-games-2023	Senior Women -62kg	TARVIDA Jolanta	LAT	3
european-games-2023	Senior Women -62kg	SAVKOVIC Nada	SRB	
european-games-2023	Senior Women -62kg	MAGDALENO ALBIZU Jone	ESP	
european-games-2023	Senior Women -62kg	POWELL Aaliyah Jadine	GBR	3
european-games-2023	Senior Women -62kg	PATAKFALVY Csenge Eleonora	HUN	
european-games-2023	Senior Women -62kg	SZPAK Julia	POL	
european-games-2023	Senior Women -62kg	STOLBOVA Petra	CZE	2
european-games-2023	Senior Women -62kg	GASPA Cristina	ITA	
european-games-2023	Senior Women -62kg	GJELSVIK Karoline	NOR	
european-games-2023	Senior Women -62kg	RELJIKJ Milijana	MKD	
european-games-2023	Senior Women -62kg	FROEMMING Anna-Lena	GER	
european-games-2023	Senior Women -62kg	ARELIC Ivana	CRO	
european-games-2023	Senior Women -62kg	HARKONEN Helmi Mirjami	FIN	
european-games-2023	Senior Women -62kg	SARVANAKI Theopoula	GRE	
european-games-2023	Senior Women -67kg	WIET HENIN Magda	FRA	3
european-games-2023	Senior Women -67kg	MARTON Viviana	HUN	
european-games-2023	Senior Women -67kg	AZIZOVA Farida	AZE	
european-games-2023	Senior Women -67kg	MITSOPOULOU Athanasia	GRE	
european-games-2023	Senior Women -67kg	CASTRO BURGOS Cecilia	ESP	2
european-games-2023	Senior Women -67kg	MINK Amy Jo	NED	
european-games-2023	Senior Women -67kg	D'ANGELO Natalia	ITA	3
european-games-2023	Senior Women -67kg	KOWALKOWSKA Justyna	POL	
european-games-2023	Senior Women -67kg	JELIC Matea	CRO	
european-games-2023	Senior Women -67kg	KAYIR Ikra	TUR	
european-games-2023	Senior Women -67kg	ROBERTS Chloe Faith	GBR	
european-games-2023	Senior Women -67kg	KOERNDL Vanessa Maria	GER	
european-games-2023	Senior Women -67kg	NILSEN Mari romundset	NOR	
european-games-2023	Senior Women -67kg	JIRANKOVA Iveta	CZE	
european-games-2023	Senior Women -67kg	FABER Isabelle	LUX	
european-games-2023	Senior Women -67kg	PERISIC Aleksandra	SRB	1
european-games-2023	Senior Men -74kg	QUESADA BARRERA Daniel	ESP	3
european-games-2023	Senior Men -74kg	SARGSYAN Sargis	ARM	
european-games-2023	Senior Men -74kg	NSILU DILANDU Leroy	IRL	
european-games-2023	Senior Men -74kg	KINTSURASHVILI Zurab	GEO	1
european-games-2023	Senior Men -74kg	TAKOV Stefan	SRB	3
european-games-2023	Senior Men -74kg	BOUTHOUYAK Athman	FRA	
european-games-2023	Senior Men -74kg	GAFAROV Eltaj	AZE	
european-games-2023	Senior Men -74kg	CUDNOCH Lukasz	POL	
european-games-2023	Senior Men -74kg	HUSIC Nedzad	BIH	2
european-games-2023	Senior Men -74kg	BINEV Kaloyan	BUL	
european-games-2023	Senior Men -74kg	KOVACIC Lin	SLO	
european-games-2023	Senior Men -74kg	ACHAB Badr	BEL	
european-games-2023	Senior Men -74kg	YILDIZ Muhammed emin	TUR	
european-games-2023	Senior Men -74kg	THUNE Sebastian	NOR	
european-games-2023	Senior Men -74kg	CHEHADE Mohamad Ali	SWE	
european-games-2023	Senior Men -74kg	GOLUBIC Marko	CRO	
european-games-2023	Senior Men -80kg	ORDEMANN Richard Andre K	NOR	2
european-games-2023	Senior Men -80kg	ACHILLEOS Christos	CYP	
european-games-2023	Senior Men -80kg	JOCHMAN Adam	CZE	
european-games-2023	Senior Men -80kg	BOUZID SOUIHILI Ismael	FRA	
european-games-2023	Senior Men -80kg	KARTAL Huseyin	TUR	3
european-games-2023	Senior Men -80kg	KOSTENEVYCH Kostiantyn	UKR	
european-games-2023	Senior Men -80kg	BACELAR OLIVEIRA Julio A.	POR	
european-games-2023	Senior Men -80kg	FILIPPOV Aleksandr	ISR	
european-games-2023	Senior Men -80kg	PIATKOWSKI Szymon	POL	
european-games-2023	Senior Men -80kg	CINTADO ARTECHE Jon Andoni	ESP	
european-games-2023	Senior Men -80kg	GERRONE Antonio	ITA	
european-games-2023	Senior Men -80kg	MEHDIPOURNEJAD Kasra	ERT	
european-games-2023	Senior Men -80kg	NIKOLIC Matej	CRO	
european-games-2023	Senior Men -80kg	RADOJKOVIC Aleksandar	AUT	
european-games-2023	Senior Men -80kg	HRNIC Edi	DEN	1
european-games-2023	Senior Men -80kg	BAJRA Arber	KOS	
european-games-2023	Senior Men -80kg	TELIKOSTOGLOU Apostolos	GRE	3
european-games-2023	Senior Women -73kg	BOZANIC Nadica	SRB	2
european-games-2023	Senior Women -73kg	NTEMOGIANNI Paraskevi	GRE	
european-games-2023	Senior Women -73kg	SMIRAGLIA Maristella	ITA	
european-games-2023	Senior Women -73kg	HADZIC Alema	GER	
european-games-2023	Senior Women -73kg	BERISAJ Andjela	MNE	
european-games-2023	Senior Women -73kg	PYPOT Iryna	UKR	
european-games-2023	Senior Women -73kg	KOSZEL Marcelina	POL	
european-games-2023	Senior Women -73kg	MCGOWAN Rebecca Louise	GBR	
european-games-2023	Senior Women -73kg	HAUGEN Eliza frazier	NOR	
european-games-2023	Senior Women -73kg	GEORGIEVSKA Anamarija	MKD	
european-games-2023	Senior Women -73kg	KLEPAC Nika	CRO	3
european-games-2023	Senior Women -73kg	UZUNCAVDAR Sude yaren	TUR	1
european-games-2023	Senior Women -73kg	FUREDI Rebeka	HUN	
european-games-2023	Senior Women -73kg	TOMAZOU Souzanna	CYP	
european-games-2023	Senior Women -73kg	LAURIN Althea	FRA	3
european-games-2023	Senior Women +73kg	COOK Bianca Michaela	GBR	
european-games-2023	Senior Women +73kg	PETANJEK NIKA	CRO	
european-games-2023	Senior Women +73kg	CASTINEIRA E. Tania Maria	ESP	
european-games-2023	Senior Women +73kg	JAHL Marlene	AUT	
european-games-2023	Senior Women +73kg	ANTONIOU Sofia	CYP	
european-games-2023	Senior Women +73kg	PODOLIAN Renata	UKR	
european-games-2023	Senior Women +73kg	KOWALCZUK Aleksandra	POL	2
european-games-2023	Senior Women +73kg	KUS AYDIN Nafia	TUR	1
european-games-2023	Senior Women +73kg	PADLA Orsolya Henriet	HUN	
european-games-2023	Senior Women +73kg	BOYADZHIEVA Kalina	BUL	3
european-games-2023	Senior Women +73kg	AZRAN Dana	ISR	
european-games-2023	Senior Women +73kg	AVOULETE Solene	FRA	3
european-games-2023	Senior Women +73kg	KITSIOU Agoritsa artemia	GRE	
european-games-2023	Senior Women +73kg	BRANDL Lorena	GER	
european-games-2023	Senior Men -87kg	SAPINA Ivan	CRO	1
european-games-2023	Senior Men -87kg	THOLIOTIS Vasileios	GRE	
european-games-2023	Senior Men -87kg	SEGEDIN Dinko	BIH	
european-games-2023	Senior Men -87kg	BICER Enbiya taha	TUR	
european-games-2023	Senior Men -87kg	THEOCHAROUS Andreas	CYP	
european-games-2023	Senior Men -87kg	SNACOV Laurentiu Andre	ROU	
european-games-2023	Senior Men -87kg	ROBAK Karol wladyslaw	POL	
european-games-2023	Senior Men -87kg	MARTINEZ GARCIA Raul	ESP	3
european-games-2023	Senior Men -87kg	BACHMANN Alexander	GER	
european-games-2023	Senior Men -87kg	SULEYMANOV Taleh	AZE	
european-games-2023	Senior Men -87kg	BONDAR Vladyslav	UKR	
european-games-2023	Senior Men -87kg	BAILEY Kelen	HUN	3
european-games-2023	Senior Men -87kg	DIVKOVIC Patrik	SLO	2
european-games-2023	Senior Men +87kg	CUNNINGHAM Caden Luis	GBR	1
european-games-2023	Senior Men +87kg	GEORGIEVSKI Dejan	MKD	2
european-games-2023	Senior Men +87kg	ATESLI Emre kutalmis	TUR	3
european-games-2023	Senior Men +87kg	BOZIC Pasko	CRO	3
asian-games-2022	Senior Men -58kg	JANG Jun	KOR	1
asian-games-2022	Senior Men -58kg	LIYANAGE Chalinda Sampath Liyanage	SRI	
asian-games-2022	Senior Men -58kg	YOUDETH Sam	CAM	
asian-games-2022	Senior Men -58kg	HUANG Yu-xiang	TPE	
asian-games-2022	Senior Men -58kg	RAI Sagar	BHU	
asian-games-2022	Senior Men -58kg	KUMAL Rahul	NEP	
asian-games-2022	Senior Men -58kg	HAMDI Riad nasser a	KSA	
asian-games-2022	Senior Men -58kg	KOUDSI Raphael	LBN	
asian-games-2022	Senior Men -58kg	SAEED Yaaqob	QAT	
asian-games-2022	Senior Men -58kg	CERILIO Do rego cruz lein	TLS	
asian-games-2022	Senior Men -58kg	YSKAK Yeldos	KAZ	
asian-games-2022	Senior Men -58kg	HIGASHIJIMA Seiya	JPN	
asian-games-2022	Senior Men -58kg	MOHAMMED Muath Ebrahim Ahmed	BRN	
asian-games-2022	Senior Men -58kg	MURODOV Nurullo (TJK-2118)	TJK	
asian-games-2022	Senior Men -58kg	REZAEE Mohsen	AFG	3
asian-games-2022	Senior Men -58kg	YODRAK Thanakrit	THA	
asian-games-2022	Senior Men -58kg	KOU Hin Kit	MAC	
asian-games-2022	Senior Men -58kg	ALMERSHAD Ali	KUW	
asian-games-2022	Senior Men -58kg	CHENG Kai	CHN	3
asian-games-2022	Senior Men -58kg	CHIOK Chun yin	HKG	
asian-games-2022	Senior Men -58kg	ALMAAZMI Abdalla	UAE	
asian-games-2022	Senior Men -58kg	KHENTHONGLATH Kitsada	LAO	
asian-games-2022	Senior Men -58kg	HANTOLI Omar	PLE	
asian-games-2022	Senior Men -58kg	HAJIMOUSAEINAFOUTI Mahdi	IRI	2
asian-games-2022	Senior Men -58kg	ELEAS Md	BAN	
asian-games-2022	Senior Men -58kg	OTAJONOV Omonjon	UZB	
asian-games-2022	Senior Men -58kg	BARBOSA Kurt bryan	PHI	
asian-games-2022	Senior Men -58kg	SAINBILEG Gan-erdene	MGL	
asian-games-2022	Senior Men -58kg	ALTYBAEV Aidin	KGZ	
asian-games-2022	Senior Men -58kg	KHAN Haroon	PAK	
asian-games-2022	Senior Women -49kg	WONGPATTANAKIT Panipak	THA	1
asian-games-2022	Senior Women -49kg	KRY Lyden	CAM	
asian-games-2022	Senior Women -49kg	TAMANG Anjali	NEP	
asian-games-2022	Senior Women -49kg	LAM Siu wai	HKG	
asian-games-2022	Senior Women -49kg	JHUANG Tien yu	TPE	
asian-games-2022	Senior Women -49kg	MANNOPOVA Madinabonu	UZB	3
asian-games-2022	Senior Women -49kg	KONG Chi Lam	MAC	
asian-games-2022	Senior Women -49kg	MAHADULA Irangani pushpa kumari	SRI	
asian-games-2022	Senior Women -49kg	da COSTA da SILVA PINTO B Ana	TLS	
asian-games-2022	Senior Women -49kg	ALMUTAWAH Kaltham	QAT	
asian-games-2022	Senior Women -49kg	TRUONG Thi kim tuyen	VIE	
asian-games-2022	Senior Women -49kg	NEMATZADEH Mobina	IRI	3
asian-games-2022	Senior Women -49kg	GARCES Veronica	PHI	
asian-games-2022	Senior Women -49kg	MIRSHAKARZODA Shirinmohi	TJK	
asian-games-2022	Senior Women -49kg	OKAMOTO Ruka	JPN	
asian-games-2022	Senior Women -49kg	QABAHA Miar	PLE	
asian-games-2022	Senior Women -49kg	KAPANOVA Botakoz	KAZ	
asian-games-2022	Senior Women -49kg	ABUTALEB Dunya ali m	KSA	
asian-games-2022	Senior Women -49kg	KANG Mireu	KOR	
asian-games-2022	Senior Women -49kg	BAT-ERDENE Uchral	MGL	
asian-games-2022	Senior Women -49kg	PRIKASIH Ni Kadek Heni	INA	
asian-games-2022	Senior Women -49kg	GUO Qing	CHN	2
asian-games-2022	Senior Men -63kg	LIANG Yushuai	CHN	3
asian-games-2022	Senior Men -63kg	SADR ZADA Bizhan	AFG	
asian-games-2022	Senior Men -63kg	SUNATOV Mahmadjon	TJK	
asian-games-2022	Senior Men -63kg	GAZEZ Nurbek	KAZ	
asian-games-2022	Senior Men -63kg	CHUA Joseph	PHI	
asian-games-2022	Senior Men -63kg	HSU Hao-yu	TPE	
asian-games-2022	Senior Men -63kg	DENGPASEUTH Phongsak	LAO	
asian-games-2022	Senior Men -63kg	DASHDAVAA Chinzorig	MGL	
asian-games-2022	Senior Men -63kg	ALE Gobinda bahadur	NEP	
asian-games-2022	Senior Men -63kg	SILVA Jose da Costa E	TLS	
asian-games-2022	Senior Men -63kg	TUBTIMDANG Banlung	THA	1
asian-games-2022	Senior Men -63kg	PULATOV Niyaz	UZB	
asian-games-2022	Senior Men -63kg	LEE Gibeom	KOR	
asian-games-2022	Senior Men -63kg	PHAM Dang quang	VIE	
asian-games-2022	Senior Men -63kg	RAIHAN Muhammad bassam	INA	
asian-games-2022	Senior Men -63kg	HOSSEINPOUR Alireza	IRI	2
asian-games-2022	Senior Men -63kg	ARBAZ KHAN Muhammad	PAK	
asian-games-2022	Senior Men -63kg	HNEINEH Ralph	LBN	
asian-games-2022	Senior Men -63kg	KHANDO Dorji	BHU	
asian-games-2022	Senior Men -63kg	GHALI Zakariya Muhammed	KSA	
asian-games-2022	Senior Men -63kg	ALMESMARI Hassan	UAE	
asian-games-2022	Senior Men -63kg	SUZUKI Sergio	JPN	
asian-games-2022	Senior Men -63kg	ALHALAWANI Zaid	JOR	3
asian-games-2022	Senior Women -53kg	KIYANICHANDEH Nahid	IRI	
asian-games-2022	Senior Women -53kg	MOE MYINT Myat	MYA	
asian-games-2022	Senior Women -53kg	JONGKOLRATTANAWATTANA Chutikan	THA	3
asian-games-2022	Senior Women -53kg	MAM Julie	CAM	
asian-games-2022	Senior Women -53kg	MAHESWARI Megawati Tamesti	INA	
asian-games-2022	Senior Women -53kg	KARAJANOVA Aziza	KAZ	
asian-games-2022	Senior Women -53kg	VU Thi Dung	VIE	
asian-games-2022	Senior Women -53kg	LAMA Ayasha	NEP	
asian-games-2022	Senior Women -53kg	PARK Hyejin	KOR	1
asian-games-2022	Senior Women -53kg	KAYUMOVA Charos	UZB	3
asian-games-2022	Senior Women -53kg	SO Yuen ting	HKG	
asian-games-2022	Senior Women -53kg	KATOH Yuzuho	JPN	
asian-games-2022	Senior Women -53kg	CANABAL Baby jessica	PHI	
asian-games-2022	Senior Women -53kg	BOU HABIB Mariella	LBN	
asian-games-2022	Senior Women -53kg	LIN Wei-chun	TPE	2
asian-games-2022	Senior Women -53kg	TAN Nichelle Ying Xuan	SGP	
asian-games-2022	Senior Women -53kg	SEMOI DO REGO CRUZ LEIN Teresa	TLS	
asian-games-2022	Senior Women -53kg	ZUO Ju	CHN	
asian-games-2022	Senior Women -57kg	LUO Zongshi	CHN	1
asian-games-2022	Senior Women -57kg	ALIZA Chheoung	CAM	
asian-games-2022	Senior Women -57kg	TRAN Thi anh tuyet	VIE	
asian-games-2022	Senior Women -57kg	SEVOSTYANOVA Mariya	KAZ	
asian-games-2022	Senior Women -57kg	LAW Sin yi	HKG	
asian-games-2022	Senior Women -57kg	MIR NOOROLLAHI Seyedeh narges	IRI	
asian-games-2022	Senior Women -57kg	KIM Yujin	KOR	3
asian-games-2022	Senior Women -57kg	AOUN Laetitia	LBN	
asian-games-2022	Senior Women -57kg	SINGH Sandhya Kumari	NEP	
asian-games-2022	Senior Women -57kg	BRIONES Jubilee	PHI	
asian-games-2022	Senior Women -57kg	HARNSUJIN Phannapa	THA	3
asian-games-2022	Senior Women -57kg	MIRABZALOVA Madina	UZB	
asian-games-2022	Senior Women -57kg	OIMATOVA Munisa	TJK	
asian-games-2022	Senior Women -57kg	YANGCHEN Tshering	BHU	
asian-games-2022	Senior Women -57kg	LO Chia-ling	TPE	2
asian-games-2022	Senior Men -68kg	ABDUL KAREEM Zaid	JOR	2
asian-games-2022	Senior Men -68kg	LY Hong Phuc	VIE	
asian-games-2022	Senior Men -68kg	SHALAN Mohammad	QAT	
asian-games-2022	Senior Men -68kg	CHO Chaichon	THA	
asian-games-2022	Senior Men -68kg	ALCANTARA Arven	PHI	
asian-games-2022	Senior Men -68kg	XIAO Chenming	CHN	
asian-games-2022	Senior Men -68kg	AL-LAMI Hussein Imad Fadhil	IRQ	
asian-games-2022	Senior Men -68kg	BIN DOOKHY HASHAM	KSA	
asian-games-2022	Senior Men -68kg	KURMANALIEV Eldar	KGZ	
asian-games-2022	Senior Men -68kg	ASLANBEK Fazylov	TJK	
asian-games-2022	Senior Men -68kg	REZAEI Matin	IRI	3
asian-games-2022	Senior Men -68kg	JIN Hojun	KOR	3
asian-games-2022	Senior Men -68kg	KHANTHAVONGSA Souladeth	LAO	
asian-games-2022	Senior Men -68kg	ZAIN Hikmatullah	AFG	
asian-games-2022	Senior Men -68kg	TSAGAANTSOOJ Bayanbat	MGL	
asian-games-2022	Senior Men -68kg	BIRIMBAY Eldar	KAZ	
asian-games-2022	Senior Men -68kg	CHIU Yi-jui	TPE	
asian-games-2022	Senior Men -68kg	MAHARA Bir bahadur	NEP	
asian-games-2022	Senior Men -68kg	LO Wai fung	HKG	
asian-games-2022	Senior Men -68kg	BAHLOOL Ahmad	PLE	
asian-games-2022	Senior Men -68kg	RASHITOV Ulugbek	UZB	1
asian-games-2022	Senior Men -80kg	ELSHARABATY Saleh	JOR	2
asian-games-2022	Senior Men -80kg	CUI Yang	CHN	
asian-games-2022	Senior Men -80kg	TAM Ching nam	HKG	
asian-games-2022	Senior Men -80kg	ALENEZI Bandar	KUW	
asian-games-2022	Senior Men -80kg	JAYSUNOV Jasurbek	UZB	
asian-games-2022	Senior Men -80kg	WANG Te-Lung	TPE	
asian-games-2022	Senior Men -80kg	SUZUKI Ricardo Saburou	JPN	
asian-games-2022	Senior Men -80kg	AL RAMMAHI Saif Thaer Habeeb	IRQ	3
asian-games-2022	Senior Men -80kg	LIN Ka Ho	MAC	
asian-games-2022	Senior Men -80kg	MYRZABAYEV Nurlan	KAZ	
asian-games-2022	Senior Men -80kg	BARKHORDARI Mehran	IRI	3
asian-games-2022	Senior Men -80kg	BARAL Abhishek	NEP	
asian-games-2022	Senior Men -80kg	SAHAK Omid	AFG	
asian-games-2022	Senior Men -80kg	CEA Dave	PHI	
asian-games-2022	Senior Men -80kg	ALSOWAIQ Mohammed	KSA	
asian-games-2022	Senior Men -80kg	PHAM Minh bao kha	VIE	
asian-games-2022	Senior Men -80kg	MERCER Jack woody	THA	
asian-games-2022	Senior Men -80kg	MITHONA VA	CAM	
asian-games-2022	Senior Men -80kg	TYAGI Shivansh	IND	
asian-games-2022	Senior Men -80kg	PARK Woohyeok	KOR	1
asian-games-2022	Senior Women -67kg	AL-SADEQ Julyana	JOR	
asian-games-2022	Senior Women -67kg	MIRHOSSEINI VAKILI Melika	IRI	3
asian-games-2022	Senior Women -67kg	BASNET Indira	NEP	
asian-games-2022	Senior Women -67kg	SADIKOVA Feruza	UZB	2
asian-games-2022	Senior Women -67kg	TONGCHAN Sasikarn	THA	
asian-games-2022	Senior Women -67kg	FARAJ Darin	PLE	
asian-games-2022	Senior Women -67kg	KHUSSAINOVA Nuray	KAZ	
asian-games-2022	Senior Women -67kg	KIM Jandi	KOR	
asian-games-2022	Senior Women -67kg	BAC Thi khiem	VIE	3
asian-games-2022	Senior Women -67kg	DELO Laila	PHI	
asian-games-2022	Senior Women -67kg	REGI Margerette maria	IND	
asian-games-2022	Senior Women -67kg	CHANG Jui-en	TPE	
asian-games-2022	Senior Women -67kg	SONG Jie	CHN	1
asian-games-2022	Senior Men +80kg	RAFALOVICH Nikita	UZB	
asian-games-2022	Senior Men +80kg	LEE Meng-en	TPE	3
asian-games-2022	Senior Men +80kg	RAHI Ray	LBN	
asian-games-2022	Senior Men +80kg	SADEK Anas	JOR	
asian-games-2022	Senior Men +80kg	YADAV Jackie	NEP	
asian-games-2022	Senior Men +80kg	MORRISON Samuel Thomas Harper	PHI	
asian-games-2022	Senior Men +80kg	SALIMI Arian	IRI	2
asian-games-2022	Senior Men +80kg	DUISEBAY Smaiyl	KAZ	3
asian-games-2022	Senior Men +80kg	WANGDI Nima	BHU	
asian-games-2022	Senior Men +80kg	ALAHMED Wadhah	QAT	
asian-games-2022	Senior Men +80kg	SAEED Hamzah omar	PAK	
asian-games-2022	Senior Men +80kg	AMIRI Ali akbar	AFG	
asian-games-2022	Senior Men +80kg	LEE SEONGI	KOR	
asian-games-2022	Senior Men +80kg	ALMABROUK Ali Mabrouk S	KSA	
asian-games-2022	Senior Men +80kg	SONG Zhaoxiang	CHN	1
asian-games-2022	Senior Women +67kg	OSIPOVA Svetlana	UZB	3
asian-games-2022	Senior Women +67kg	TAVAKOLI Anahita	IRI	
asian-games-2022	Senior Women +67kg	ALORA Kirstie Elaine	PHI	
asian-games-2022	Senior Women +67kg	ABO-ALRUB Rama	JOR	
asian-games-2022	Senior Women +67kg	ZHOU Zeqi	CHN	1
asian-games-2022	Senior Women +67kg	DENIZ Cansel	KAZ	3
asian-games-2022	Senior Women +67kg	FATNASSI Maram	QAT	
asian-games-2022	Senior Women +67kg	SELMAN Ward	LBN	
asian-games-2022	Senior Women +67kg	PAN Yun ci	TPE	
asian-games-2022	Senior Women +67kg	ABDUSALOMOVA Munira	TJK	
asian-games-2022	Senior Women +67kg	LEE Dabin	KOR	2
african-olympic-qualification-2024	Senior Men -80kg	KATOUSI Firas	TUN	1
african-olympic-qualification-2024	Senior Men -80kg	SAMOTSHOZO Ernest	BOT	
african-olympic-qualification-2024	Senior Men -80kg	NKOY Arno	COD	3
african-olympic-qualification-2024	Senior Men -80kg	ELASBI Soufiane	MAR	3
african-olympic-qualification-2024	Senior Men -80kg	SAWADOGO Faysal	BUR	2
african-olympic-qualification-2024	Senior Men -58kg	ISSAKA GARBA Nouridine	NIG	2
african-olympic-qualification-2024	Senior Men -58kg	AMTAWAA Osamah	LBA	
african-olympic-qualification-2024	Senior Men -58kg	MANSON Maxwell	SLE	
african-olympic-qualification-2024	Senior Men -58kg	SIMPARA Youssouf	MLI	
african-olympic-qualification-2024	Senior Men -58kg	ZELEKE Zemedkun	ETH	
african-olympic-qualification-2024	Senior Men -58kg	GNOLO Jopiza Blond	CMR	
african-olympic-qualification-2024	Senior Men -58kg	BETEL Casimir	CHA	3
african-olympic-qualification-2024	Senior Men -58kg	DIOP Bocar	SEN	1
african-olympic-qualification-2024	Senior Men -58kg	DIAWARA Abdoul Azi	GUI	
african-olympic-qualification-2024	Senior Men -58kg	DUBE Mfanawekhaya	SWZ	
african-olympic-qualification-2024	Senior Men -58kg	ADDO Benson	GHA	
african-olympic-qualification-2024	Senior Men -58kg	OCIRA Oswaldo	UGA	
african-olympic-qualification-2024	Senior Men -58kg	DIAKITE Issa	CIV	3
african-olympic-qualification-2024	Senior Women -49kg	TAU Michelle	LES	2
african-olympic-qualification-2024	Senior Women -49kg	KULA Karabo	BOT	
african-olympic-qualification-2024	Senior Women -49kg	ABDOU BILANE Zaraou	NIG	
african-olympic-qualification-2024	Senior Women -49kg	ABDIWAHID Munirah warsame	SOM	
african-olympic-qualification-2024	Senior Women -49kg	MBUBU Flore	COD	
african-olympic-qualification-2024	Senior Women -49kg	CHINAZUM Nwosu	NGR	
african-olympic-qualification-2024	Senior Women -49kg	SIBY Aissata Mohamed	MLI	3
african-olympic-qualification-2024	Senior Women -49kg	DHAHRI Ikram	TUN	1
african-olympic-qualification-2024	Senior Women -49kg	JEBEL Amina	ETH	
african-olympic-qualification-2024	Senior Women -49kg	KEMBI Sadia-leocho	CAF	
african-olympic-qualification-2024	Senior Women -49kg	ARMAH Henrietta	GHA	
african-olympic-qualification-2024	Senior Women -49kg	FALL Ngone	SEN	
african-olympic-qualification-2024	Senior Women -49kg	MADUNA Nonhle	SWZ	
african-olympic-qualification-2024	Senior Women -49kg	KHATTAB Jana	EGY	3
african-olympic-qualification-2024	Senior Women +67kg	ABOUFARAS Fatima-ezzahra	MAR	2
african-olympic-qualification-2024	Senior Women +67kg	AYANG Veronica Mba	GEQ	3
african-olympic-qualification-2024	Senior Women +67kg	MUNAVE Carlota	SWZ	
african-olympic-qualification-2024	Senior Women +67kg	BATHILY Astan Kath	CIV	1
african-olympic-qualification-2024	Senior Women +67kg	MOUEGA Urgence	GAB	3
african-olympic-qualification-2024	Senior Men -68kg	WAEL Ahmed	EGY	3
african-olympic-qualification-2024	Senior Men -68kg	ATNAFU Getnet	ETH	
african-olympic-qualification-2024	Senior Men -68kg	BOUASSA TANDIALA Jonathan	CGO	
african-olympic-qualification-2024	Senior Men -68kg	FERNANDES Nicalas	CPV	
african-olympic-qualification-2024	Senior Men -68kg	FOFANA Mohamed	MLI	2
african-olympic-qualification-2024	Senior Men -68kg	AJAYI Ifeoluwa	NGR	
african-olympic-qualification-2024	Senior Men -68kg	RASOLOFO Mananariv	MAD	
african-olympic-qualification-2024	Senior Men -68kg	MOUSSA Amar Cisse	GAB	
african-olympic-qualification-2024	Senior Men -68kg	LO Mouhamadou mansour	SEN	1
african-olympic-qualification-2024	Senior Men -68kg	MAZIYA Wandile	SWZ	
african-olympic-qualification-2024	Senior Men -68kg	ZINK Robert	STP	
african-olympic-qualification-2024	Senior Men -68kg	HOLLAND Edward	SLE	
african-olympic-qualification-2024	Senior Men -68kg	BIRZEEQ Najimuldin	LBA	
african-olympic-qualification-2024	Senior Men -68kg	SAMOTSHOZO Wardell	BOT	
african-olympic-qualification-2024	Senior Men -68kg	DIALLO Thierno Mam	GUI	
african-olympic-qualification-2024	Senior Men -68kg	MAIGA Ibrahim	BUR	3
african-olympic-qualification-2024	Senior Men +80kg	BASSEL Ayoub	MAR	3
african-olympic-qualification-2024	Senior Men +80kg	OBARA Moses odhiambo	KEN	
african-olympic-qualification-2024	Senior Men +80kg	GOMIS Païvou johnouario	GBS	
african-olympic-qualification-2024	Senior Men +80kg	ISSOUFOU Abdoul	NIG	2
african-olympic-qualification-2024	Senior Men +80kg	MYLANN Antony	GAB	3
african-olympic-qualification-2024	Senior Men +80kg	OKUOMOSE Benjamin	NGR	
african-olympic-qualification-2024	Senior Men +80kg	HONGBE ADOUA Frederic	CHA	
african-olympic-qualification-2024	Senior Men +80kg	ANN Alasan	GAM	1
african-olympic-qualification-2024	Senior Women -67kg	SHEHATA Aya	EGY	2
african-olympic-qualification-2024	Senior Women -67kg	MOUSSA SAKO Madinatou	NIG	3
african-olympic-qualification-2024	Senior Women -67kg	KOUTOUBALI KADIDJA	CHA	
african-olympic-qualification-2024	Senior Women -67kg	MUSANGI Jully Alun	KEN	3
african-olympic-qualification-2024	Senior Women -67kg	ANYANACHO Elizabet	NGR	1
african-olympic-qualification-2024	Senior Women -57kg	LAARAJ Nada	MAR	3
african-olympic-qualification-2024	Senior Women -57kg	OMAR Nadia	SOM	
african-olympic-qualification-2024	Senior Women -57kg	BALEW Tsiyon	ETH	
african-olympic-qualification-2024	Senior Women -57kg	KONATE Maimouna	MLI	
african-olympic-qualification-2024	Senior Women -57kg	EMMANUEL Hahumi	GAB	2
african-olympic-qualification-2024	Senior Women -57kg	DIAW Yacine	SEN	3
african-olympic-qualification-2024	Senior Women -57kg	ADEDAPO Eunice omolara	GHA	
african-olympic-qualification-2024	Senior Women -57kg	MARCHLINSKI Maria	GAM	
african-olympic-qualification-2024	Senior Women -57kg	NOBLE Trinity Aria	SLE	
african-olympic-qualification-2024	Senior Women -57kg	TOUMI Chaima	TUN	1
european-olympic-qualification-2024	Senior Men -80kg	TAKOV Stefan	SRB	
european-olympic-qualification-2024	Senior Men -80kg	CHARALAMBOUS Evangelos	CYP	
european-olympic-qualification-2024	Senior Men -80kg	CRESCENTINI Stefano	SMR	
european-olympic-qualification-2024	Senior Men -80kg	PIATKOWSKI Szymon	POL	
european-olympic-qualification-2024	Senior Men -80kg	KOSTENEVYCH Kostiantyn	UKR	
european-olympic-qualification-2024	Senior Men -80kg	KINTSURASHVILI Zurab	GEO	
european-olympic-qualification-2024	Senior Men -80kg	KHRAMTCOV Maksim	AIN	1
european-olympic-qualification-2024	Senior Men -80kg	FERREIRA Julio	POR	
european-olympic-qualification-2024	Senior Men -80kg	GASHI Jon	KOS	
european-olympic-qualification-2024	Senior Men -80kg	ACHAB Badr	BEL	
european-olympic-qualification-2024	Senior Men -80kg	TELIKOSTOGLOU Apostolos	GRE	
european-olympic-qualification-2024	Senior Men -80kg	MIRZAEI Bardia	FIN	
european-olympic-qualification-2024	Senior Men -80kg	PERUNIČIĆ Vasilije	MNE	
european-olympic-qualification-2024	Senior Men -80kg	MEHDIPOURNEJAD Kasra	RTA	
european-olympic-qualification-2024	Senior Men -80kg	HRNIC Edi	DEN	1
european-olympic-qualification-2024	Senior Men -80kg	RADOJKOVIC Aleksandar	AUT	
european-olympic-qualification-2024	Senior Men -80kg	MANSOURI Farzad	RTA	3
european-olympic-qualification-2024	Senior Men -80kg	CRISTESCU Mihai adrian	ROU	
european-olympic-qualification-2024	Senior Men -80kg	TRAJKOVIC Ivan konrad	SLO	
european-olympic-qualification-2024	Senior Men -80kg	HUSIC Nedzad	BIH	
european-olympic-qualification-2024	Senior Men +80kg	ORDEMANN Richard andre	NOR	1
european-olympic-qualification-2024	Senior Men +80kg	THEOCHAROUS Andreas	CYP	
european-olympic-qualification-2024	Senior Men +80kg	BEIGI HARCHEGANI Milad	AZE	
european-olympic-qualification-2024	Senior Men +80kg	SEGEDIN Dinko	BIH	
european-olympic-qualification-2024	Senior Men +80kg	JOCHMAN Adam	CZE	
european-olympic-qualification-2024	Senior Men +80kg	HARBAR Andrii	UKR	
european-olympic-qualification-2024	Senior Men +80kg	DIVKOVIC Patrik	SLO	1
european-olympic-qualification-2024	Senior Men +80kg	SNACOV Laurentiu	ROU	
european-olympic-qualification-2024	Senior Men +80kg	WOJTKOWIAK Adrian	POL	
european-olympic-qualification-2024	Senior Men +80kg	PLONIS Artsiom	AIN	3
european-olympic-qualification-2024	Senior Men +80kg	FARMAKAS Erik	SWE	
european-olympic-qualification-2024	Senior Men +80kg	GEORGIEVSKI Dejan	MKD	
european-olympic-qualification-2024	Senior Women -49kg	AYDIN KONSTANTINIDIS Ela	GER	
european-olympic-qualification-2024	Senior Women -49kg	HASANZADE Zemfira	AZE	
european-olympic-qualification-2024	Senior Women -49kg	TAMMILA Ida-elina	FIN	
european-olympic-qualification-2024	Senior Women -49kg	MATONTI Ilenia elisabetta	ITA	1
european-olympic-qualification-2024	Senior Women -49kg	BODEN Indra	SWE	3
european-olympic-qualification-2024	Senior Women -49kg	LIÑAN PARDO Naiara	AND	
european-olympic-qualification-2024	Senior Women -49kg	FERREIRA Matilde	POR	
european-olympic-qualification-2024	Senior Women -49kg	KOUTTOUKI Kyriaki	CYP	
european-olympic-qualification-2024	Senior Women -49kg	POURYOUNES LANGEROUDI Dina	RTA	
european-olympic-qualification-2024	Senior Women -49kg	BAJAN Mihaela nicoleta claudia	ROU	
european-olympic-qualification-2024	Senior Women -49kg	MAKAS Dzejla	BIH	
european-olympic-qualification-2024	Senior Women -49kg	MEIŠTININKAITĖ Gerda	LTU	
european-olympic-qualification-2024	Senior Women -49kg	GEORGIEVA Aleksandra	BUL	
european-olympic-qualification-2024	Senior Women -49kg	CASTILLO Jade theresa	DEN	
european-olympic-qualification-2024	Senior Women -49kg	SAROKINA Uladzislava	AIN	
european-olympic-qualification-2024	Senior Women -49kg	SEMBERG Abishag	ISR	1
european-olympic-qualification-2024	Senior Women -57kg	MARTON Luana	HUN	
european-olympic-qualification-2024	Senior Women -57kg	KRUSH Diana	UKR	
european-olympic-qualification-2024	Senior Women -57kg	HOGFELDT Nora	SWE	
european-olympic-qualification-2024	Senior Women -57kg	ALIZADEH ZENOZI Kimia	RTA	1
european-olympic-qualification-2024	Senior Women -57kg	VITKO Yuliya	AIN	
european-olympic-qualification-2024	Senior Women -57kg	TVARONAVICIUTE Klaudija	LTU	
european-olympic-qualification-2024	Senior Women -57kg	SCHOENMAKERS Bodine	NED	
european-olympic-qualification-2024	Senior Women -57kg	HANSEN Kaja husby	NOR	
european-olympic-qualification-2024	Senior Women -57kg	TARVIDA Inese	LAT	
european-olympic-qualification-2024	Senior Women -57kg	ZDERO Petra	BIH	
european-olympic-qualification-2024	Senior Women -57kg	COMAN Gabriela bianca	ROU	
european-olympic-qualification-2024	Senior Women -57kg	ASEMANI Raheleh	BEL	
european-olympic-qualification-2024	Senior Women -57kg	KALTEKI Faidra	GRE	
european-olympic-qualification-2024	Senior Women -57kg	GRETARSDOTTIR Ingibjorg	ISL	
european-olympic-qualification-2024	Senior Women -57kg	HARKONEN Helmi	FIN	
european-olympic-qualification-2024	Senior Women -57kg	MARIC Ela	SRB	
european-olympic-qualification-2024	Senior Women -57kg	ANTONIOU Anna Maria	CYP	
european-olympic-qualification-2024	Senior Women -57kg	MININA Tatiana	AIN	1
european-olympic-qualification-2024	Senior Women -57kg	HRONOVA Dominika	CZE	3
european-olympic-qualification-2024	Senior Women -57kg	ABDULLAYEVA Nigar	AZE	
european-olympic-qualification-2024	Senior Women -57kg	KINDL Melanie	AUT	
european-olympic-qualification-2024	Senior Women -57kg	CUNHA Joana	POR	
european-olympic-qualification-2024	Senior Women -57kg	ATANASOVA Martina	BUL	
european-olympic-qualification-2024	Senior Women -57kg	ADAMKIEWICZ Patrycja	POL	
european-olympic-qualification-2024	Senior Men -58kg	GURTSIEV Georgii	AIN	1
european-olympic-qualification-2024	Senior Men -58kg	WOOLLEY Jack	IRL	1
european-olympic-qualification-2024	Senior Men -58kg	KORNEEV Lev	SRB	3
european-olympic-qualification-2024	Senior Men -68kg	GOLUBIC Marko	CRO	1
european-olympic-qualification-2024	Senior Men -68kg	JOZSA Levente mark	HUN	1
european-olympic-qualification-2024	Senior Men -68kg	ALIAN Ali	SWE	3
european-olympic-qualification-2024	Senior Women -67kg	CASTRO BURGOS Cecilia	ESP	1
european-olympic-qualification-2024	Senior Women -67kg	MARTON Viviana	HUN	1
european-olympic-qualification-2024	Senior Women -67kg	MINK Amy	NED	3
european-olympic-qualification-2024	Senior Women +67kg	KHAN Polina	AIN	1
european-olympic-qualification-2024	Senior Women +67kg	STOLBOVA Petra	CZE	1
european-olympic-qualification-2024	Senior Women +67kg	JAHL Marlene	AUT	3
asian-olympic-qualification-2024	Senior Women -49kg	NEMATZADEH Mobina	IRI	1
asian-olympic-qualification-2024	Senior Women -49kg	TAMANG Anjali	NEP	
asian-olympic-qualification-2024	Senior Women -49kg	DA COSTA DA SILVA PINTO BELO Ana	TLS	
asian-olympic-qualification-2024	Senior Women -49kg	OKAMOTO Ruka	JPN	3
asian-olympic-qualification-2024	Senior Women -49kg	BAT-ERDENE Uchral	MGL	
asian-olympic-qualification-2024	Senior Women -49kg	KRY Lyden	CAM	
asian-olympic-qualification-2024	Senior Women -49kg	SU Po-ya	TPE	
asian-olympic-qualification-2024	Senior Women -49kg	TRUONG Thi kim tuyen	VIE	
asian-olympic-qualification-2024	Senior Women -49kg	MANGIN Tachiana kezhia	PHI	
asian-olympic-qualification-2024	Senior Women -49kg	AHMED Aisha	UAE	
asian-olympic-qualification-2024	Senior Women -49kg	HENI Ni kadek	INA	
asian-olympic-qualification-2024	Senior Women -49kg	LAM Siu wai	HKG	
asian-olympic-qualification-2024	Senior Women -49kg	QABAHA Maiar	PLE	
asian-olympic-qualification-2024	Senior Women -49kg	ABUTALEB Dunya ali m	KSA	1
asian-olympic-qualification-2024	Senior Women -67kg	TONGCHAN Sasikarn	THA	1
asian-olympic-qualification-2024	Senior Women -67kg	BASNET Indira	NEP	
asian-olympic-qualification-2024	Senior Women -67kg	FATNASSI Maram	QAT	
asian-olympic-qualification-2024	Senior Women -67kg	BAC Thi khiem	VIE	3
asian-olympic-qualification-2024	Senior Women -67kg	MOKHRU Khalimova	TJK	
asian-olympic-qualification-2024	Senior Women -67kg	SOBIRJONOVA Ozoda	UZB	1
asian-olympic-qualification-2024	Senior Men -68kg	TUBTIMDANG Banlung	THA	1
asian-olympic-qualification-2024	Senior Men -68kg	GHLOUM Abdulla	UAE	
asian-olympic-qualification-2024	Senior Men -68kg	KUMAR Aman	IND	
asian-olympic-qualification-2024	Senior Men -68kg	AL GHOTANY Yahya	RTA	
asian-olympic-qualification-2024	Senior Men -68kg	LY Hong Phuc	VIE	
asian-olympic-qualification-2024	Senior Men -68kg	HONEINE Ralph	LBN	
asian-olympic-qualification-2024	Senior Men -68kg	IWAKI Kaito	JPN	
asian-olympic-qualification-2024	Senior Men -68kg	FERDYANSYAH Adam yazid	INA	
asian-olympic-qualification-2024	Senior Men -68kg	BAHLOOOL Ahmad	PLE	
asian-olympic-qualification-2024	Senior Men -68kg	ALCANTARA Arven	PHI	
asian-olympic-qualification-2024	Senior Men -68kg	JAIDANI Nour aldin	SYR	
asian-olympic-qualification-2024	Senior Men -68kg	ABBASI Ali Reza	RTA	1
asian-olympic-qualification-2024	Senior Men -68kg	MAHARA Bir bahadur	NEP	
asian-olympic-qualification-2024	Senior Men -68kg	TSAGAANTSOOJ Bayanbat	MGL	
asian-olympic-qualification-2024	Senior Men -68kg	LO Wai fung	HKG	3
asian-olympic-qualification-2024	Senior Men -68kg	SUNATOV Mahmadjon	TJK	
asian-olympic-qualification-2024	Senior Men -68kg	CHIU Yi-jui	TPE	
asian-olympic-qualification-2024	Senior Men -80kg	JAYSUNOV Jasurbek	UZB	1
asian-olympic-qualification-2024	Senior Men -80kg	MITHONA VA	CAM	
asian-olympic-qualification-2024	Senior Men -80kg	AL FARRAJ Wael	RTA	
asian-olympic-qualification-2024	Senior Men -80kg	ALRAMMAHI Saif Taher Habeeb	IRQ	3
asian-olympic-qualification-2024	Senior Men -80kg	ZUBER Muhammad syafiq	MAS	
asian-olympic-qualification-2024	Senior Men -80kg	TOLEUGALI Batyrkhan	KAZ	1
asian-olympic-qualification-2024	Senior Men -80kg	HOODA Akshay	IND	
asian-olympic-qualification-2024	Senior Men -80kg	NAUVAL Ossanando	INA	
asian-olympic-qualification-2024	Senior Men -80kg	ALMABROUK Ali mabrouk s	KSA	
asian-olympic-qualification-2024	Senior Men +80kg	SONG Zhaoxiang	CHN	1
asian-olympic-qualification-2024	Senior Men +80kg	AITAKHUNOV Akbar	KGZ	
asian-olympic-qualification-2024	Senior Men +80kg	AMIRI Ali akbar	AFG	
asian-olympic-qualification-2024	Senior Men +80kg	LEE Meng-en	TPE	
asian-olympic-qualification-2024	Senior Men +80kg	SAEED Hamzah omar	PAK	
asian-olympic-qualification-2024	Senior Men +80kg	RAHY Ray	LBN	3
asian-olympic-qualification-2024	Senior Men +80kg	AL AHMED Wadhah	QAT	
asian-olympic-qualification-2024	Senior Men +80kg	SALIMI Arian	IRI	1
asian-olympic-qualification-2024	Senior Men -58kg	HAMDI Riad nasser a	KSA	
asian-olympic-qualification-2024	Senior Men -58kg	KUMAL Rahul	NEP	
asian-olympic-qualification-2024	Senior Men -58kg	FARTTOOSI Mohammed nadhim	IRQ	
asian-olympic-qualification-2024	Senior Men -58kg	KHAVARI Mahdi	RTA	
asian-olympic-qualification-2024	Senior Men -58kg	TAN Sebastian	MAS	
asian-olympic-qualification-2024	Senior Men -58kg	YASER ISMAIL Omar	PLE	1
asian-olympic-qualification-2024	Senior Men -58kg	AL-ALI Sultan	UAE	
asian-olympic-qualification-2024	Senior Men -58kg	MAEDA Hidetaka	JPN	
asian-olympic-qualification-2024	Senior Men -58kg	REZAEE Mohsen	AFG	
asian-olympic-qualification-2024	Senior Men -58kg	BARBOSA Kurt bryan	PHI	3
asian-olympic-qualification-2024	Senior Men -58kg	LIYANGE Chalinda sampath liyange	SRI	
asian-olympic-qualification-2024	Senior Men -58kg	CHIOK Chun yin	HKG	
asian-olympic-qualification-2024	Senior Men -58kg	KHAN Haroon	PAK	
asian-olympic-qualification-2024	Senior Men -58kg	YODRAK Thanakrit	THA	
asian-olympic-qualification-2024	Senior Men -58kg	DASHDAVAA Chinzorig	MGL	
asian-olympic-qualification-2024	Senior Men -58kg	SAMIDINOV Nurkhan	KGZ	
asian-olympic-qualification-2024	Senior Men -58kg	NGUYEN Hong trong	VIE	
asian-olympic-qualification-2024	Senior Men -58kg	ABABAKIROV Samirkhon	KAZ	1
asian-olympic-qualification-2024	Senior Women +67kg	DENIZ Cansel	KAZ	
asian-olympic-qualification-2024	Senior Women +67kg	GANZORIG Enkhchimeg	MGL	
asian-olympic-qualification-2024	Senior Women +67kg	ALKETBI Salma	UAE	
asian-olympic-qualification-2024	Senior Women +67kg	ABDUSALOMOVA Munira	TJK	1
asian-olympic-qualification-2024	Senior Women +67kg	SELMAN Ward	LBN	3
asian-olympic-qualification-2024	Senior Women +67kg	MOHAMMED Noor nazar	QAT	
asian-olympic-qualification-2024	Senior Women +67kg	REGI Margerette maria	IND	
asian-olympic-qualification-2024	Senior Women +67kg	ABO-ALRUB Rama	JOR	1
asian-olympic-qualification-2024	Senior Women -57kg	AOUN Laetitia	LBN	1
asian-olympic-qualification-2024	Senior Women -57kg	AHMAD Shams	SYR	
asian-olympic-qualification-2024	Senior Women -57kg	LAW Sin yi	HKG	
asian-olympic-qualification-2024	Senior Women -57kg	MAHESWARI Megawati Tamesti	INA	
asian-olympic-qualification-2024	Senior Women -57kg	CANABAL Baby jessica	PHI	3
asian-olympic-qualification-2024	Senior Women -57kg	SEVOSTYANOVA Mariya	KAZ	
asian-olympic-qualification-2024	Senior Women -57kg	MAM Julie	CAM	
asian-olympic-qualification-2024	Senior Women -57kg	KATOH Yuzuho	JPN	
asian-olympic-qualification-2024	Senior Women -57kg	KHAN Sania	IND	
asian-olympic-qualification-2024	Senior Women -57kg	KIM Yu-jin	KOR	1
european-championships-2024	Senior Men -54kg	TESKERA Josip	CRO	3
european-championships-2024	Senior Men -54kg	MELIKYAN Aleks	ARM	
european-championships-2024	Senior Men -54kg	MARWAN Mussa	SWE	
european-championships-2024	Senior Men -54kg	DADASHOV Sayyad	AZE	
european-championships-2024	Senior Men -54kg	MOLJ Domen	SLO	
european-championships-2024	Senior Men -54kg	PASHCOVSKY Tom	ISR	
european-championships-2024	Senior Men -54kg	DOS SANTOS Diego	POR	
european-championships-2024	Senior Men -54kg	MEHLMANN Daniel	GER	
european-championships-2024	Senior Men -54kg	CAMOGLU Furkan ubeyde	TUR	1
european-championships-2024	Senior Men -54kg	BOUKARNIA Amine	FRA	
european-championships-2024	Senior Men -54kg	IVKOVIC Relja	SRB	
european-championships-2024	Senior Men -54kg	DIMITROPOULOS Konstantinos	GRE	2
european-championships-2024	Senior Men -54kg	HADJICOSTI Prodromos angelos	CYP	
european-championships-2024	Senior Men -54kg	AULAQI Yones Darid	DEN	
european-championships-2024	Senior Men -54kg	MOLLE Milan	NED	
european-championships-2024	Senior Men -54kg	IVAN Faruk Eduard	ROU	
european-championships-2024	Senior Men -54kg	GEORGIEV Hristiyan	BUL	
european-championships-2024	Senior Men -54kg	MANENKOV Maksym	UKR	3
european-championships-2024	Senior Men -54kg	SARSOZA Zack	GBR	
european-championships-2024	Senior Men -54kg	KAZLOU Yahor	AIN	
european-championships-2024	Senior Men -54kg	TABACARI Igor	MDA	
european-championships-2024	Senior Men -54kg	CONTI Andrea	ITA	
european-championships-2024	Senior Men -63kg	RECBER Hakan	TUR	2
european-championships-2024	Senior Men -63kg	BANDAREVICH Maksim	AIN	
european-championships-2024	Senior Men -63kg	MCINTOSH Jamie	GBR	
european-championships-2024	Senior Men -63kg	LO PINTO Daniel	ITA	
european-championships-2024	Senior Men -63kg	FRGOLEC Damien Pavel	SVK	
european-championships-2024	Senior Men -63kg	CHRZANOWSKI Mateusz	POL	
european-championships-2024	Senior Men -63kg	OZKAYA Imran	GER	
european-championships-2024	Senior Men -63kg	ZELLER Joao	POR	
european-championships-2024	Senior Men -63kg	NAGAEV Dmitriy	ISR	
european-championships-2024	Senior Men -63kg	DJONKO Ibrahim	BIH	
european-championships-2024	Senior Men -63kg	SHIRALIYEV Riyad	AZE	
european-championships-2024	Senior Men -63kg	HYTTEL Tobias	DEN	3
european-championships-2024	Senior Men -63kg	STANIC Novak	SRB	
european-championships-2024	Senior Men -63kg	GERARDIS Georgios	GRE	
european-championships-2024	Senior Men -63kg	BORGEN Kristian storsul	NOR	
european-championships-2024	Senior Men -63kg	ARTAMONOV Mikhail	AIN	
european-championships-2024	Senior Men -63kg	TOROSYAN Davit	ARM	
european-championships-2024	Senior Men -63kg	BYSTROV Volodymyr	UKR	3
european-championships-2024	Senior Men -63kg	CANI Juirdo	ALB	
european-championships-2024	Senior Men -63kg	DAXNER Leonard	AUT	
european-championships-2024	Senior Men -63kg	PILAVAKIS Ioannis	CYP	
european-championships-2024	Senior Men -63kg	SALIM Omar gergely	HUN	1
european-championships-2024	Senior Men -63kg	BOUHMIDA Riad	NED	
european-championships-2024	Senior Men -63kg	JORQUERA CALA Joan	ESP	
european-championships-2024	Senior Women -49kg	CEREZO IGLESIAS Adriana	ESP	1
european-championships-2024	Senior Women -49kg	ROGOZINA Irina	AIN	
european-championships-2024	Senior Women -49kg	SAROKINA Uladzislava	AIN	
european-championships-2024	Senior Women -49kg	LIÑAN PARDO Naiara	AND	
european-championships-2024	Senior Women -49kg	GEORGIEVA Aleksandra	BUL	
european-championships-2024	Senior Women -49kg	ATESLI Supharada	GER	3
european-championships-2024	Senior Women -49kg	BUSUIOC Ingrid Gabriela	ROU	
european-championships-2024	Senior Women -49kg	FERREIRA Matilde	POR	
european-championships-2024	Senior Women -49kg	BRYHIDA Erika	UKR	
european-championships-2024	Senior Women -49kg	FOFANA Mah teninba	FRA	
european-championships-2024	Senior Women -49kg	MILIC Milica	SRB	
european-championships-2024	Senior Women -49kg	DUVANCIC Bruna	CRO	3
european-championships-2024	Senior Women -49kg	IOANNOU Elena	CYP	
european-championships-2024	Senior Women -49kg	SARGANTANI Charikleia	GRE	
european-championships-2024	Senior Women -49kg	KRAJEWSKA Alicja	POL	
european-championships-2024	Senior Women -49kg	BODEN Indra	SWE	
european-championships-2024	Senior Women -49kg	CORELLI Martina	ITA	
european-championships-2024	Senior Women -49kg	CASTILLO Jade theresa	DEN	
european-championships-2024	Senior Women -49kg	MAMMADOVA Maryam	AZE	
european-championships-2024	Senior Women -49kg	MCKEW Jodie	GBR	
european-championships-2024	Senior Women -49kg	DINCEL KAVURAT Merve	TUR	2
european-championships-2024	Senior Women -73kg	LAURIN Althea	FRA	1
european-championships-2024	Senior Women -73kg	FUREDI Rebeka	HUN	
european-championships-2024	Senior Women -73kg	WILLIAMS Lauren	GBR	
european-championships-2024	Senior Women -73kg	JELIC Matea	CRO	3
european-championships-2024	Senior Women -73kg	PIDRO Sara	BIH	
european-championships-2024	Senior Women -73kg	PODOLIAN Renata	UKR	
european-championships-2024	Senior Women -73kg	PETROVIC Iva	SRB	
european-championships-2024	Senior Women -73kg	SCHNEIDER Yanna	GER	3
european-championships-2024	Senior Women -73kg	NOWAK Julia	POL	
european-championships-2024	Senior Women -73kg	DELIDIMITRI Anastasia christini	GRE	
european-championships-2024	Senior Women -73kg	KHAN Polina	AIN	
european-championships-2024	Senior Women -73kg	MORAN ROMERO Belen	ESP	
european-championships-2024	Senior Women -73kg	JIRANKOVA Iveta	CZE	
european-championships-2024	Senior Women -73kg	COSTA CARDOSO Joana	POR	
european-championships-2024	Senior Women -73kg	UZUNCAVDAR Sude yaren	TUR	2
european-championships-2024	Senior Men -58kg	VICENTE YUNTA Adrian	ESP	3
european-championships-2024	Senior Men -58kg	MERDANAJ Ernest	ALB	
european-championships-2024	Senior Men -58kg	OGUZ Niklas kristiansen	NOR	
european-championships-2024	Senior Men -58kg	USCOV Serghei	MDA	
european-championships-2024	Senior Men -58kg	LOPES Tiago	POR	
european-championships-2024	Senior Men -58kg	MAKHMURYAN Garegin	ARM	
european-championships-2024	Senior Men -58kg	DAYIOGLU Omer faruk	TUR	
european-championships-2024	Senior Men -58kg	RAPSOMANIKIS Dionysios	GRE	
european-championships-2024	Senior Men -58kg	BAGOV Idar	AIN	
european-championships-2024	Senior Men -58kg	FLEGAR Jan	CRO	
european-championships-2024	Senior Men -58kg	FARNES Ricki Gene	DEN	
european-championships-2024	Senior Men -58kg	FUNKENDORF Vladyslav	UKR	
european-championships-2024	Senior Men -58kg	KORNEEV Lev	SRB	2
european-championships-2024	Senior Men -58kg	WOOLLEY Jack	IRL	
european-championships-2024	Senior Men -58kg	STRUGLINSKI Bartosz	POL	
european-championships-2024	Senior Men -58kg	SUSILUOTO Otto	FIN	
european-championships-2024	Senior Men -58kg	ABDEL HALIM Khaled	GER	
european-championships-2024	Senior Men -58kg	BAHTANOVIC Hamza	BIH	
european-championships-2024	Senior Men -58kg	TRISTAN Scutaru	ROU	
european-championships-2024	Senior Men -58kg	MAGOMEDOV Gashim	AZE	3
european-championships-2024	Senior Men -58kg	SALIM Sharif gergely	HUN	
european-championships-2024	Senior Men -58kg	PALOURTIS Charalampos	CYP	
european-championships-2024	Senior Men -58kg	GELADZE Vitali	GEO	
european-championships-2024	Senior Men -58kg	ACHNINE Aymen	NED	
european-championships-2024	Senior Men -58kg	BULATOVIC Nikolaj	SLO	
european-championships-2024	Senior Men -58kg	PATISHI Ori	ISR	
european-championships-2024	Senior Men -58kg	DELL'AQUILA Vito	ITA	1
european-championships-2024	Senior Men -87kg	SAPINA Ivan	CRO	
european-championships-2024	Senior Men -87kg	PRYAZHNIKOV Alexander	AIN	
european-championships-2024	Senior Men -87kg	ORDEMANN Richard andre	NOR	2
european-championships-2024	Senior Men -87kg	BAILEY Kelen	HUN	
european-championships-2024	Senior Men -87kg	PLONIS Artsiom	AIN	
european-championships-2024	Senior Men -87kg	HARBAR Artem	UKR	3
european-championships-2024	Senior Men -87kg	SZAFERSKI Mikolaj	POL	
european-championships-2024	Senior Men -87kg	THEOCHAROUS Andreas	CYP	
european-championships-2024	Senior Men -87kg	BOUZID SOUIHILI Ismael	FRA	
european-championships-2024	Senior Men -87kg	MANSOURI Farzad	RTA	
european-championships-2024	Senior Men -87kg	GOLUBOVIC Milos	SRB	
european-championships-2024	Senior Men -87kg	BICER Enbiya taha	TUR	1
european-championships-2024	Senior Men -87kg	MEHDIPOURNEJAD Kasra	RTA	
european-championships-2024	Senior Men -87kg	SNACOV Laurentiu	ROU	
european-championships-2024	Senior Men -87kg	POLLET Manuel	BEL	
european-championships-2024	Senior Men -87kg	TROITINO AMOEDO Sergio	ESP	
european-championships-2024	Senior Men -87kg	THOLIOTIS Vasileios	GRE	3
european-championships-2024	Senior Men -87kg	AMER ALI Hassan	DEN	
european-championships-2024	Senior Men -87kg	FARMAKAS Erik	SWE	
european-championships-2024	Senior Men -87kg	SASSON Itamar	ISR	
european-championships-2024	Senior Men -87kg	SULEYMANOV Taleh	AZE	
european-championships-2024	Senior Women -53kg	PEREZ PARRADO Alma maria	ESP	
european-championships-2024	Senior Women -53kg	KHOBTAR Sofiia	UKR	
european-championships-2024	Senior Women -53kg	KAOURTISHI Nagia	CYP	
european-championships-2024	Senior Women -53kg	LYNGBAEK Louise	DEN	
european-championships-2024	Senior Women -53kg	MININA Tatiana	AIN	1
european-championships-2024	Senior Women -53kg	PATAKFALVY Luca	HUN	
european-championships-2024	Senior Women -53kg	AL HALWANI Sarah	ITA	
european-championships-2024	Senior Women -53kg	SMITH Teigan	GBR	
european-championships-2024	Senior Women -53kg	BOKAN Andrea	SRB	3
european-championships-2024	Senior Women -53kg	FOLGMANN Madeline	GER	
european-championships-2024	Senior Women -53kg	BASTOS Filipa	POR	
european-championships-2024	Senior Women -53kg	MALMGREN GABRIELIN Ellinor	SWE	
european-championships-2024	Senior Women -53kg	TASKIN Zeynep	TUR	2
european-championships-2024	Senior Women -53kg	LAGER Biana	ISR	
european-championships-2024	Senior Women -53kg	AVDAGIC Ada	BIH	3
european-championships-2024	Senior Women -53kg	TUKIC Mia	CRO	
european-championships-2024	Senior Women -53kg	KOUTROUMPI Kalliopi	GRE	
european-championships-2024	Senior Women -53kg	ABDULLAYEVA Nigar	AZE	
european-championships-2024	Senior Women -53kg	HRONOVA Dominika	CZE	
european-championships-2024	Senior Women +73kg	KUS AYDIN Nafia	TUR	2
european-championships-2024	Senior Women +73kg	AZRAN Dana	ISR	
european-championships-2024	Senior Women +73kg	JAHL Marlene	AUT	
european-championships-2024	Senior Women +73kg	AVOULETTE Solene	FRA	
european-championships-2024	Senior Women +73kg	HELVIGA Viktorija	LAT	
european-championships-2024	Senior Women +73kg	MATIC Magdalena	CRO	
european-championships-2024	Senior Women +73kg	MCGOWAN Rebecca	GBR	3
european-championships-2024	Senior Women +73kg	BRANDL Lorena	GER	1
european-championships-2024	Senior Women +73kg	KUTS Mariia	UKR	
european-championships-2024	Senior Women +73kg	KITSIOU Agoritsa artemia	GRE	
european-championships-2024	Senior Women +73kg	CASTINEIRA ETCHEVERRIA Tania	ESP	
european-championships-2024	Senior Women +73kg	KOWALCZUK Aleksandra	POL	
european-championships-2024	Senior Women +73kg	ADEBAIO Kristina	AIN	3
european-championships-2024	Senior Women +73kg	ANDERSEN Jasmin	DEN	
european-championships-2024	Senior Women +73kg	COOK Bianca	IMN	
european-championships-2024	Senior Men -68kg	SINDEN Bradly	GBR	1
european-championships-2024	Senior Men -68kg	MAMMADLI Yashar	AZE	
european-championships-2024	Senior Men -68kg	FALCO Antonio	ITA	
european-championships-2024	Senior Men -68kg	GOLUBIC Marko	CRO	
european-championships-2024	Senior Men -68kg	VAN VULPEN Jesse	NED	
european-championships-2024	Senior Men -68kg	HOVHANNISYAN Artak	ARM	
european-championships-2024	Senior Men -68kg	KAVURAT Ferhat can	TUR	
european-championships-2024	Senior Men -68kg	ALIAN Ali	SWE	
european-championships-2024	Senior Men -68kg	MORADI Erfan	RTA	
european-championships-2024	Senior Men -68kg	RADWAN Ali	AIN	
european-championships-2024	Senior Men -68kg	DZHORDZHEV Aleksandar	BUL	
european-championships-2024	Senior Men -68kg	MIRZOIEV Simur	UKR	3
european-championships-2024	Senior Men -68kg	XANTHAKOS Theofanis	GRE	
european-championships-2024	Senior Men -68kg	BLAZEVSKI Filip	MKD	
european-championships-2024	Senior Men -68kg	KRAJISNIK Zarko	SRB	
european-championships-2024	Senior Men -68kg	JOZSA Levente mark	HUN	3
european-championships-2024	Senior Men -68kg	FRGOLEC Miroslav	SVK	
european-championships-2024	Senior Men -68kg	ALIU Egers	ALB	
european-championships-2024	Senior Men -68kg	KAVTARADZE Beka	GEO	
european-championships-2024	Senior Men -68kg	HABIBOVIC Sadmir	BIH	
european-championships-2024	Senior Men -68kg	REIS Tiago	POR	
european-championships-2024	Senior Men -68kg	LUCIEN Theo	FRA	
european-championships-2024	Senior Men -68kg	JØRGENSEN Otto	DEN	
european-championships-2024	Senior Men -68kg	NIITMETS Keanu	EST	
european-championships-2024	Senior Men -68kg	MYLLYNEN Niko	FIN	
european-championships-2024	Senior Men -68kg	BECOVIC Zinedin	MNE	
european-championships-2024	Senior Men -68kg	SPEIGHT Leo	ISL	
european-championships-2024	Senior Men -68kg	DANILOV Ilia	AIN	2
european-championships-2024	Senior Men -68kg	PEREZ POLO Javier	ESP	
european-championships-2024	Senior Men -80kg	ALESSIO Simone	ITA	
european-championships-2024	Senior Men -80kg	PAPADOPOULOS Ioannis	GRE	
european-championships-2024	Senior Men -80kg	RUDERMAN Ilia	ISR	
european-championships-2024	Senior Men -80kg	CRISTESCU Mihai adrian	ROU	
european-championships-2024	Senior Men -80kg	KHRAMTSOV Maksim	AIN	3
european-championships-2024	Senior Men -80kg	KOSTENEVYCH Kostiantyn	UKR	2
european-championships-2024	Senior Men -80kg	DOYLE Ryan	IRL	
european-championships-2024	Senior Men -80kg	STYLIANIDIS Aris	CYP	
european-championships-2024	Senior Men -80kg	ODINAEV Rustam	SRB	
european-championships-2024	Senior Men -80kg	HRNIC Edi	DEN	
european-championships-2024	Senior Men -80kg	POLAT Mehmet Kani	TUR	
european-championships-2024	Senior Men -80kg	ALVES Tiago	POR	
european-championships-2024	Senior Men -80kg	LUDWIG Albert	CZE	
european-championships-2024	Senior Men -80kg	KANAET Toni	CRO	1
european-championships-2024	Senior Men -80kg	HUSIC Nedzad	BIH	3
european-championships-2024	Senior Men -80kg	GAFAROV Eltaj	AZE	
european-championships-2024	Senior Men -80kg	AKBABAOZ Muhammed buğrahan	RTA	
european-championships-2024	Senior Men -80kg	ELENIN Nicolai	MDA	
european-championships-2024	Senior Men -80kg	CINTADO ARTECHE Jon	ESP	
european-championships-2024	Senior Women -46kg	STOJKOVIC Lena	CRO	1
european-championships-2024	Senior Women -46kg	WROBEL Michalina	POL	
european-championships-2024	Senior Women -46kg	HASANZADE Zemfira	AZE	
european-championships-2024	Senior Women -46kg	TAMMILA Ida-elina	FIN	
european-championships-2024	Senior Women -46kg	KOUTTOUKI Kyriaki	CYP	
european-championships-2024	Senior Women -46kg	POURYOUNES LANGEROUDI Dina	RTA	
european-championships-2024	Senior Women -46kg	NAHURNA Viktoriia	UKR	3
european-championships-2024	Senior Women -46kg	CSAKI Hanna	HUN	
european-championships-2024	Senior Women -46kg	BAJAN Mihaela nicoleta claudia	ROU	
european-championships-2024	Senior Women -46kg	KOLAREK Nika	SRB	
european-championships-2024	Senior Women -46kg	GOGEBAKAN Emine	TUR	
european-championships-2024	Senior Women -46kg	IVANOV Felizia	SWE	
european-championships-2024	Senior Women -46kg	BEKULOVA Milana	AIN	
european-championships-2024	Senior Women -46kg	GARCIA MARQUINA Sofia	ESP	
european-championships-2024	Senior Women -46kg	GOODMAN Phoenix	GBR	3
european-championships-2024	Senior Women -46kg	ZAMPETTI Sofia	ITA	
european-championships-2024	Senior Women -46kg	MAKAS Dzejla	BIH	2
european-championships-2024	Senior Women -46kg	GEORGIOU Melina	GRE	
european-championships-2024	Senior Women -46kg	SALGUEIRO Patricia	POR	
european-championships-2024	Senior Women -46kg	BAYECH Rivka	ISR	
european-championships-2024	Senior Women -67kg	WIET HENIN Magda	FRA	2
european-championships-2024	Senior Women -67kg	NINA Urganaeva	ARM	
european-championships-2024	Senior Women -67kg	MARTON Viviana	HUN	
european-championships-2024	Senior Women -67kg	MINK Amy	NED	
european-championships-2024	Senior Women -67kg	KAYIR Ikra	TUR	
european-championships-2024	Senior Women -67kg	KOERNDL Vanessa	GER	
european-championships-2024	Senior Women -67kg	PYPOT Iryna	UKR	
european-championships-2024	Senior Women -67kg	TARVIDA Jolanta	LAT	3
european-championships-2024	Senior Women -67kg	MEHMEDOVIC Nadina	BIH	
european-championships-2024	Senior Women -67kg	KARABELESKA Lea	SWE	
european-championships-2024	Senior Women -67kg	CASTRO BURGOS Cecilia	ESP	
european-championships-2024	Senior Women -67kg	CHAARI Sarah	BEL	1
european-championships-2024	Senior Women -67kg	VITAL Sara	POR	
european-championships-2024	Senior Women -67kg	MARENTAKI Styliani	GRE	
european-championships-2024	Senior Women -67kg	ROBERTS Chloe	GBR	
european-championships-2024	Senior Women -67kg	D'ANGELO Natalia	ITA	
european-championships-2024	Senior Women -67kg	NILSEN Mari romundset	NOR	
european-championships-2024	Senior Women -67kg	POLE Doris	CRO	
european-championships-2024	Senior Women -67kg	KHUZINA Liliia	AIN	
european-championships-2024	Senior Women -67kg	BOUGHRARA Chahrazed	FIN	
european-championships-2024	Senior Women -67kg	PERISIC Aleksandra	SRB	3
european-championships-2024	Senior Men -74kg	QUESADA BARRERA Daniel	ESP	1
european-championships-2024	Senior Men -74kg	CHUMACHENKO Andrii	UKR	
european-championships-2024	Senior Men -74kg	CRESCENTINI Stefano	SMR	
european-championships-2024	Senior Men -74kg	KILIC Yigithan	TUR	
european-championships-2024	Senior Men -74kg	KNIGHT-MITCHELL Dantrell	GBR	
european-championships-2024	Senior Men -74kg	VESTERLUND Linus	SWE	
european-championships-2024	Senior Men -74kg	DAUROV Kadyrbech	AIN	
european-championships-2024	Senior Men -74kg	THUNE Sebastian	NOR	
european-championships-2024	Senior Men -74kg	AGRISAN Stefan Gabriel	ROU	
european-championships-2024	Senior Men -74kg	KRIVISHKIY Nimrod	ISR	
european-championships-2024	Senior Men -74kg	AGHAYEV Javad	AZE	3
european-championships-2024	Senior Men -74kg	CHARALAMBOUS Evangelos	CYP	
european-championships-2024	Senior Men -74kg	MANGIONE Angelo	ITA	
european-championships-2024	Senior Men -74kg	MILINKOVIC Strahinja	SRB	
european-championships-2024	Senior Men -74kg	KINTSURASHVILI Zurab	GEO	2
european-championships-2024	Senior Men -74kg	HRGOTA Leon	CRO	
european-championships-2024	Senior Men -74kg	SULEAC Dmitrii	MDA	
european-championships-2024	Senior Men -74kg	PERUNI?I? Vasilije	MNE	
european-championships-2024	Senior Men -74kg	NESHYBA Tomas	CZE	
european-championships-2024	Senior Men -74kg	DZHORDZHEV Mitko	BUL	
european-championships-2024	Senior Men -74kg	NSILU DILANDU Leroy	IRL	
european-championships-2024	Senior Men -74kg	CELIN Lyve-stone	FRA	
european-championships-2024	Senior Men -74kg	HUSIC Benjamin	BIH	
european-championships-2024	Senior Men -74kg	SEDIQI Abdullah	RTA	
european-championships-2024	Senior Men -74kg	DAWOUD Omer Khaled	DEN	
european-championships-2024	Senior Men -74kg	FLOUSKOUNIS Charalampos	GRE	3
european-championships-2024	Senior Men -74kg	PROCOPCIUC Lucian	POR	
european-championships-2024	Senior Men -74kg	KOVACIC Lin	SLO	
european-championships-2024	Senior Men +87kg	CUNNINGHAM Caden	GBR	1
european-championships-2024	Senior Men +87kg	DIMITRAKOPOULOS Filippos	GRE	
european-championships-2024	Senior Men +87kg	ANDREOU Petros	CYP	
european-championships-2024	Senior Men +87kg	HARBAR Andrii	UKR	
european-championships-2024	Senior Men +87kg	TRAJKOVIC Ivan konrad	SLO	
european-championships-2024	Senior Men +87kg	BOZIC Pasko	CRO	
european-championships-2024	Senior Men +87kg	HAREMZA Krystian	POL	3
european-championships-2024	Senior Men +87kg	FILIPPOV Aleksandr	ISR	
european-championships-2024	Senior Men +87kg	RADAKOVIC Mihailo	SRB	
european-championships-2024	Senior Men +87kg	GARCIA MARTINEZ Ivan	ESP	2
european-championships-2024	Senior Men +87kg	VIANA Andre pinheiro	POR	
european-championships-2024	Senior Men +87kg	MARINESCU Dragos	MDA	
european-championships-2024	Senior Men +87kg	BADRIALIABADI Hamidreza	AZE	
european-championships-2024	Senior Men +87kg	GEORGIEVSKI Dejan	MKD	
european-championships-2024	Senior Men +87kg	LARIN Vladislav	AIN	
european-championships-2024	Senior Men +87kg	ZONDEROP Bryan	NED	
european-championships-2024	Senior Men +87kg	MOLIN Mattia	ITA	
european-championships-2024	Senior Men +87kg	MANEA Robert	ROU	
european-championships-2024	Senior Men +87kg	ATESLI Emre kutalmis	TUR	3
european-championships-2024	Senior Women -57kg	JONES Jade	GBR	2
european-championships-2024	Senior Women -57kg	KOSTENEVYCH Darya	UKR	
european-championships-2024	Senior Women -57kg	COMAN Gabriela bianca	ROU	
european-championships-2024	Senior Women -57kg	CARABIN Kanelya	FRA	
european-championships-2024	Senior Women -57kg	HAMZIC Dzejna	BIH	
european-championships-2024	Senior Women -57kg	KOMATINA Andrea	MNE	
european-championships-2024	Senior Women -57kg	TVARONAVICIUTE Klaudija	LTU	
european-championships-2024	Senior Women -57kg	ASEMANI Raheleh	BEL	
european-championships-2024	Senior Women -57kg	ATANASOVA Martina	BUL	
european-championships-2024	Senior Women -57kg	RAHMANI Ruqia	FIN	
european-championships-2024	Senior Women -57kg	TZELI Fani	GRE	3
european-championships-2024	Senior Women -57kg	VITKO Yuliya	AIN	
european-championships-2024	Senior Women -57kg	MARIC Ela	SRB	
european-championships-2024	Senior Women -57kg	MARTON Luana	HUN	3
european-championships-2024	Senior Women -57kg	BASHIROVA Leyla	AZE	
european-championships-2024	Senior Women -57kg	BLIZNIAKOVA Margarita	AIN	
european-championships-2024	Senior Women -57kg	RODRIGUEZ MARQUINA Laura	ESP	
european-championships-2024	Senior Women -57kg	TEGGERI Markella	CYP	
european-championships-2024	Senior Women -57kg	NAZAROVA Iulia	MDA	
european-championships-2024	Senior Women -57kg	AL HALWANI Giada	ITA	
european-championships-2024	Senior Women -57kg	SCHOENMAKERS Bodine	NED	
european-championships-2024	Senior Women -57kg	CORREIA Leonor	POR	
european-championships-2024	Senior Women -57kg	MAHNU Mariam	DEN	
european-championships-2024	Senior Women -57kg	KARABATIC Nika	CRO	1
european-championships-2024	Senior Women -57kg	GRETARSDOTTIR Ingibjorg	ISL	
european-championships-2024	Senior Women -57kg	FLEGROVA Hana	CZE	
european-championships-2024	Senior Women -57kg	ILGUN Hatice kubra	TUR	
european-championships-2024	Senior Women -62kg	TESIC Nadja	SRB	
european-championships-2024	Senior Women -62kg	ACHILLEOS Antreana	CYP	
european-championships-2024	Senior Women -62kg	ZOE Gueli	HUN	
european-championships-2024	Senior Women -62kg	ZENOZI Kimia alizadeh	BUL	1
european-championships-2024	Senior Women -62kg	LANGOUSTE-ASSOUMAYA Lyhana	FRA	
european-championships-2024	Senior Women -62kg	DE MATTEO Luna	ITA	
european-championships-2024	Senior Women -62kg	GJELSVIK Karoline	NOR	
european-championships-2024	Senior Women -62kg	ARELIC Ivana	CRO	3
european-championships-2024	Senior Women -62kg	SMYCHKOVA Valeryia	AIN	
european-championships-2024	Senior Women -62kg	HARKONEN Helmi	FIN	
european-championships-2024	Senior Women -62kg	LABUZOVA Mariia	UKR	
european-championships-2024	Senior Women -62kg	YIGITALP Hatice pinar	TUR	
european-championships-2024	Senior Women -62kg	RELJIKJ Miljana	MKD	
european-championships-2024	Senior Women -62kg	MAGDALENO ALBIZU Jone	ESP	
european-championships-2024	Senior Women -62kg	KUCHINA Viktorya	AIN	
european-championships-2024	Senior Women -62kg	MONTEIRO Maisa	POR	
european-championships-2024	Senior Women -62kg	ANDERSSON Tindra	SWE	
european-championships-2024	Senior Women -62kg	HOVHANNISYAN Meline	ARM	
european-championships-2024	Senior Women -62kg	POWELL Aaliyah	GBR	2
european-championships-2024	Senior Women -62kg	SARVANAKI Theopoula	GRE	
european-championships-2024	Senior Women -62kg	BERISAJ Andrea	MNE	
european-championships-2024	Senior Women -62kg	ORLOVIC Marija	BIH	
european-championships-2024	Senior Women -62kg	SZPAK Julia	POL	
european-championships-2024	Senior Women -62kg	RAAGMETS Carmen	EST	
european-championships-2024	Senior Women -62kg	TARVIDA Inese	LAT	
european-championships-2024	Senior Women -62kg	STOLBOVA Petra	CZE	3
asian-championships-2024	Senior Men -54kg	KHAN Shahzaib	PAK	2
asian-championships-2024	Senior Men -54kg	JAMEEL Mohamed	BRN	
asian-championships-2024	Senior Men -54kg	PANG Keston Ghim Weng	SGP	
asian-championships-2024	Senior Men -54kg	ORALKHANOV Bektore	KAZ	
asian-championships-2024	Senior Men -54kg	ASIRI Abdulelah yahya a	KSA	
asian-championships-2024	Senior Men -54kg	KHUDAYBERDIEV Jakhongir	UZB	3
asian-championships-2024	Senior Men -54kg	TAKAMARU Riku	JPN	
asian-championships-2024	Senior Men -54kg	SHUKUROV Muhammadrizo	TJK	
asian-championships-2024	Senior Men -54kg	ALDHALEA Mohammed	YEM	
asian-championships-2024	Senior Men -54kg	NGUYEN Hong trong	VIE	
asian-championships-2024	Senior Men -54kg	ALRAWASHDEH Laith	JOR	
asian-championships-2024	Senior Men -54kg	LI Ci En	TPE	
asian-championships-2024	Senior Men -54kg	BANZON Kent john ilde	PHI	
asian-championships-2024	Senior Men -54kg	YONDONJAMTS Purevdash	MGL	
asian-championships-2024	Senior Men -54kg	YANG Huichan	KOR	3
asian-championships-2024	Senior Men -54kg	MAHAMAD Sirawit	THA	
asian-championships-2024	Senior Men -54kg	SAMIDINOV Nurkhan	KGZ	
asian-championships-2024	Senior Men -54kg	ALDHANHANI Ahmed	UAE	
asian-championships-2024	Senior Men -54kg	OHARA Ryusei	JPN	
asian-championships-2024	Senior Men -54kg	HAMDI Riad nasser a	KSA	1
asian-championships-2024	Senior Men -63kg	ALHALAWANI Zaid	JOR	
asian-championships-2024	Senior Men -63kg	SAINBILEG Gan-erdene	MGL	
asian-championships-2024	Senior Men -63kg	YEH Chi-hsun	TPE	
asian-championships-2024	Senior Men -63kg	KUMAR Ajay	IND	
asian-championships-2024	Senior Men -63kg	ZHANG Hao	CHN	3
asian-championships-2024	Senior Men -63kg	GAZEZ Nurbek	KAZ	
asian-championships-2024	Senior Men -63kg	TURAEV Amirbek	UZB	
asian-championships-2024	Senior Men -63kg	PEÑAREDONDO Legolas	PHI	
asian-championships-2024	Senior Men -63kg	SRITIMONGKOL Napat	THA	2
asian-championships-2024	Senior Men -63kg	GHALI Zakariya Mohamma	KSA	
asian-championships-2024	Senior Men -63kg	CHIA Dylan	SGP	
asian-championships-2024	Senior Men -63kg	TSURUOKA Jin	JPN	
asian-championships-2024	Senior Men -63kg	REZAEI Matin	IRI	3
asian-championships-2024	Senior Men -63kg	JANG Jun	KOR	1
asian-championships-2024	Senior Men -63kg	CHAN Kin fung	HKG	
asian-championships-2024	Senior Men -63kg	J. ABDULRIDHA Mohammed	IRQ	
asian-championships-2024	Senior Men -63kg	KIM Tae yong	KOR	
asian-championships-2024	Senior Women -46kg	KANG Mi-reu	KOR	3
asian-championships-2024	Senior Women -46kg	ALKHAWAHR Rahmah Ab	KSA	
asian-championships-2024	Senior Women -46kg	BINTHANI Yara	BRN	
asian-championships-2024	Senior Women -46kg	OKAZAKI Hinata	JPN	
asian-championships-2024	Senior Women -46kg	MA Yu-Hsin	TPE	
asian-championships-2024	Senior Women -46kg	KHOSHIMJONOVA Zebiniso	UZB	
asian-championships-2024	Senior Women -46kg	SEEKEN Kamonchanok	THA	2
asian-championships-2024	Senior Women -46kg	OKAMOTO Ruka	JPN	
asian-championships-2024	Senior Women -46kg	LAI Hiu ching	HKG	
asian-championships-2024	Senior Women -46kg	LKHAGVA Badam	MGL	
asian-championships-2024	Senior Women -46kg	NASIRI DAROUNKOLA Saeideh	IRI	3
asian-championships-2024	Senior Women -46kg	WANG Shiyi	CHN	1
asian-championships-2024	Senior Women -46kg	SARZA Clarence	PHI	
asian-championships-2024	Senior Women -46kg	HUANG Ying hsuan	TPE	
asian-championships-2024	Senior Women -53kg	KIYANICHANDEH Nahid	IRI	
asian-championships-2024	Senior Women -53kg	JONGKOLRATTANAWATT	THA	2
asian-championships-2024	Senior Women -53kg	KATOH Yuzuho	JPN	
asian-championships-2024	Senior Women -53kg	PARK Hye jin	KOR	3
asian-championships-2024	Senior Women -53kg	VONG Chi Kei	MAC	
asian-championships-2024	Senior Women -53kg	KUO Yi-fan	TPE	
asian-championships-2024	Senior Women -53kg	VU Thi Dung	VIE	
asian-championships-2024	Senior Women -53kg	ABUTALEB Dunya ali m	KSA	1
asian-championships-2024	Senior Women -53kg	CHAHAR Raksha	IND	
asian-championships-2024	Senior Women -53kg	SUNDETBAY Aidana	KAZ	
asian-championships-2024	Senior Women -53kg	CANABAL Baby jessica	PHI	
asian-championships-2024	Senior Women -53kg	LEE Jaehee	KOR	
asian-championships-2024	Senior Women -53kg	TAN Nichelle Ying Xuan	SGP	
asian-championships-2024	Senior Women -53kg	SU Po-ya	TPE	3
asian-championships-2024	Senior Men -58kg	BAE Jun-seo	KOR	3
asian-championships-2024	Senior Men -58kg	BAROMEY Chim	CAM	
asian-championships-2024	Senior Men -58kg	PAN Kuei-an	TPE	
asian-championships-2024	Senior Men -58kg	CHIOK Chun yin	HKG	
asian-championships-2024	Senior Men -58kg	CHENG Kai	CHN	
asian-championships-2024	Senior Men -58kg	YASER ISMAIL Omar	PLE	
asian-championships-2024	Senior Men -58kg	MOHAMMED Muath	BRN	
asian-championships-2024	Senior Men -58kg	RANA Prashant	IND	
asian-championships-2024	Senior Men -58kg	PARK Tae-joon	KOR	2
asian-championships-2024	Senior Men -58kg	ZANDI Abolfazl	IRI	3
asian-championships-2024	Senior Men -58kg	PUT THAI Fu Cern	MAS	
asian-championships-2024	Senior Men -58kg	ALTYBAEV Aidin	KGZ	
asian-championships-2024	Senior Men -58kg	TLEULES Tamirlan	KAZ	
asian-championships-2024	Senior Men -58kg	BARBOSA Kurt bryan	PHI	
asian-championships-2024	Senior Men -58kg	MAEDA Hidetaka	JPN	
asian-championships-2024	Senior Men -58kg	JAR Yousef	KSA	
asian-championships-2024	Senior Men -58kg	SIDDIQUE Abubakar	PAK	
asian-championships-2024	Senior Men -58kg	HAJIMOUSAEI Mahdi	IRI	1
asian-championships-2024	Senior Men -74kg	BAHLOOOL Ahmad	PLE	
asian-championships-2024	Senior Men -74kg	HSU Hao-yu	TPE	
asian-championships-2024	Senior Men -74kg	ALADARBI Mohammad	JOR	
asian-championships-2024	Senior Men -74kg	CAI Zhaoxun	CHN	3
asian-championships-2024	Senior Men -74kg	SUZUKI Ricardo	JPN	
asian-championships-2024	Senior Men -74kg	KIM Taewook	KOR	2
asian-championships-2024	Senior Men -74kg	OTGONTSOOJ Munkhzolboo	MGL	
asian-championships-2024	Senior Men -74kg	LY Hong Phuc	VIE	
asian-championships-2024	Senior Men -74kg	CEA Dave	PHI	
asian-championships-2024	Senior Men -74kg	TAM Ching nam	HKG	
asian-championships-2024	Senior Men -74kg	XIANG Qizhang	CHN	
asian-championships-2024	Senior Men -74kg	LEE Sang Ryeol	KOR	1
asian-championships-2024	Senior Men -74kg	BAKHTIARI Amir sina	IRI	
asian-championships-2024	Senior Men -74kg	ALMUWALLAD Ahmad	KSA	
asian-championships-2024	Senior Men -74kg	MAITHIL Bhumesh kumar	IND	
asian-championships-2024	Senior Men -74kg	KOSIMKHOJIEV Najmiddin	UZB	3
asian-championships-2024	Senior Men -87kg	KANG Sanghyun	KOR	
asian-championships-2024	Senior Men -87kg	YAZDANI Mohammad hossein	IRI	1
asian-championships-2024	Senior Men -87kg	KABLAN Beibarys	KAZ	
asian-championships-2024	Senior Men -87kg	SBEIHI Fahed	JOR	3
asian-championships-2024	Senior Men -87kg	le Phi Hung	VIE	
asian-championships-2024	Senior Men -87kg	RAFALOVICH Nikita	UZB	
asian-championships-2024	Senior Men -87kg	CHEN Liang-hsi	TPE	
asian-championships-2024	Senior Men -87kg	BARKHORDARI Mehran	IRI	2
asian-championships-2024	Senior Men -87kg	UL HAQ Ikhtisham	PAK	
asian-championships-2024	Senior Men -87kg	Rishabh	IND	
asian-championships-2024	Senior Men -87kg	MENG Mingkuan	CHN	3
asian-championships-2024	Senior Women -49kg	WONGPATTANAKIT Panipak	THA	2
asian-championships-2024	Senior Women -49kg	YADAV Saksham	IND	
asian-championships-2024	Senior Women -49kg	ALRAWAJFEH Dalia	BRN	
asian-championships-2024	Senior Women -49kg	LAM Siu wai	HKG	
asian-championships-2024	Senior Women -49kg	NEMATZADEH Mobina	IRI	
asian-championships-2024	Senior Women -49kg	MANGIN Tachiana Kezhia	PHI	
asian-championships-2024	Senior Women -49kg	KONG Chi Lam	MAC	
asian-championships-2024	Senior Women -49kg	TRUONG Thi kim tuyen	VIE	3
asian-championships-2024	Senior Women -49kg	KANG Bora	KOR	3
asian-championships-2024	Senior Women -49kg	IBRAHIM Rojda	SYR	
asian-championships-2024	Senior Women -49kg	KRY Lyden	CAM	
asian-championships-2024	Senior Women -49kg	KAPANOVA Botakoz	KAZ	
asian-championships-2024	Senior Women -49kg	WANG Xiaolu	CHN	1
asian-championships-2024	Senior Women -49kg	ALSHARIF Taiba khalid y	KSA	
asian-championships-2024	Senior Women -49kg	SHEN Chia chen	TPE	
asian-championships-2024	Senior Women -49kg	GUO Qing	CHN	
asian-championships-2024	Senior Women -62kg	SADIKOVA Feruza	UZB	2
asian-championships-2024	Senior Women -62kg	LAMANDA Silvana	INA	
asian-championships-2024	Senior Women -62kg	HAGHIGHI Elham	IRI	
asian-championships-2024	Senior Women -62kg	ISSINA Zhazira	KAZ	
asian-championships-2024	Senior Women -62kg	LAW Sin yi	HKG	
asian-championships-2024	Senior Women -62kg	HOSSEN Alaa	SYR	
asian-championships-2024	Senior Women -62kg	PHAM Ngoc Cham	VIE	3
asian-championships-2024	Senior Women -62kg	CHANG Jui-en	TPE	3
asian-championships-2024	Senior Women -62kg	BRIONES Jubilee	PHI	
asian-championships-2024	Senior Women -62kg	YANG Junli	CHN	
asian-championships-2024	Senior Women -62kg	PREMRAJ Anushiya Priyadarshini	IND	
asian-championships-2024	Senior Women -62kg	HSU Yu-hsi	TPE	
asian-championships-2024	Senior Women -62kg	TONGCHAN Sasikarn	THA	1
asian-championships-2024	Senior Women -73kg	ZHOU Zeqi	CHN	
asian-championships-2024	Senior Women -73kg	ALIJONOVA Gulsanam	UZB	3
asian-championships-2024	Senior Women -73kg	DAS Etisha	IND	
asian-championships-2024	Senior Women -73kg	MIRHOSSEINI VAKILI Melika	IRI	2
asian-championships-2024	Senior Women -73kg	TRAN NGUYEN Anh ngan	VIE	
asian-championships-2024	Senior Women -73kg	LEE Dabin	KOR	
asian-championships-2024	Senior Women -73kg	XIAO Shunan	CHN	3
asian-championships-2024	Senior Women -73kg	MYEONG Mi-na	KOR	1
asian-championships-2024	Senior Women -73kg	ALI Maliha	PAK	
asian-championships-2024	Senior Women -73kg	ABO-ALRUB Rama	JOR	
asian-championships-2024	Senior Men -68kg	JIN Ho-jun	KOR	1
asian-championships-2024	Senior Men -68kg	IWAKI Kaito	JPN	
asian-championships-2024	Senior Men -68kg	GILBUENA Sturdy Jay	PHI	
asian-championships-2024	Senior Men -68kg	KURMANALIEV Eldar	KGZ	
asian-championships-2024	Senior Men -68kg	MUSSAKHAN Bexultan	KAZ	
asian-championships-2024	Senior Men -68kg	CHIU Yi-jui	TPE	3
asian-championships-2024	Senior Men -68kg	TUMENJARGAL Enkhjin	MGL	
asian-championships-2024	Senior Men -68kg	AL GHOTANY Yahya	RTA	
asian-championships-2024	Senior Men -68kg	THANH LONG Hoang	VIE	
asian-championships-2024	Senior Men -68kg	LIANG Yushuai	CHN	
asian-championships-2024	Senior Men -68kg	TUBTIMDANG Banlung	THA	2
asian-championships-2024	Senior Men -68kg	Naveen	IND	
asian-championships-2024	Senior Men -68kg	F. A. ABDELRAZEQ Fahid	PLE	
asian-championships-2024	Senior Men -68kg	TUKHLIBOEV Diyorbek	UZB	3
asian-championships-2024	Senior Men -68kg	LO Wai fung	HKG	
asian-championships-2024	Senior Men -68kg	MURODOV Nurullo	TJK	
asian-championships-2024	Senior Men -68kg	AL-IEDANI Hussein	IRQ	
asian-championships-2024	Senior Men -68kg	XIAO Chenming	CHN	
asian-championships-2024	Senior Men -80kg	SEO Geon-woo	KOR	3
asian-championships-2024	Senior Men -80kg	TYAGI Shivansh	IND	
asian-championships-2024	Senior Men -80kg	ALRAMMAHI Saif Taher Habeeb	IRQ	
asian-championships-2024	Senior Men -80kg	JAYSUNOV Jasurbek	UZB	1
asian-championships-2024	Senior Men -80kg	SHIRMENBAATAR Inguun	MGL	
asian-championships-2024	Senior Men -80kg	AGNO Justin mark	PHI	
asian-championships-2024	Senior Men -80kg	PHAM Minh bao kha	VIE	
asian-championships-2024	Senior Men -80kg	SALAEV Shukhrat	UZB	
asian-championships-2024	Senior Men -80kg	KHOSHRAVESH Ali	IRI	2
asian-championships-2024	Senior Men -80kg	HUNG Jiun-yi	TPE	
asian-championships-2024	Senior Men -80kg	ZUBER Muhammad syafiq	MAS	
asian-championships-2024	Senior Men -80kg	KOZHAKHMET Nurkanat	KAZ	
asian-championships-2024	Senior Men -80kg	ELSHARABATY Saleh	JOR	3
asian-championships-2024	Senior Men +87kg	SONG Zhaoxiang	CHN	
asian-championships-2024	Senior Men +87kg	PARK Woo hyeok	KOR	2
asian-championships-2024	Senior Men +87kg	MAVLONOV Marat	UZB	
asian-championships-2024	Senior Men +87kg	LEE Meng-en	TPE	3
asian-championships-2024	Senior Men +87kg	PHAN Phu Quy	VIE	
asian-championships-2024	Senior Men +87kg	SALIMI Arian	IRI	1
asian-championships-2024	Senior Men +87kg	BAE Yoon min	KOR	
asian-championships-2024	Senior Men +87kg	WANG Yaoxi	CHN	3
asian-championships-2024	Senior Men +87kg	ALENEZI Abdullah Frahan	KUW	
asian-championships-2024	Senior Men +87kg	SAEED Hamzah omar	PAK	
asian-championships-2024	Senior Women -57kg	LUO Zongshi	CHN	
asian-championships-2024	Senior Women -57kg	KHERFAN Fadia	JOR	
asian-championships-2024	Senior Women -57kg	NISHIDA Mao	JPN	
asian-championships-2024	Senior Women -57kg	LIN Wei-chun	TPE	3
asian-championships-2024	Senior Women -57kg	SEVOSTYANOVA Mariya	KAZ	2
asian-championships-2024	Senior Women -57kg	MAM Julie	CAM	
asian-championships-2024	Senior Women -57kg	AHMAD Shams	SYR	
asian-championships-2024	Senior Women -57kg	TRAN Thi anh tuyet	VIE	
asian-championships-2024	Senior Women -57kg	KIM Yu-jin	KOR	1
asian-championships-2024	Senior Women -57kg	KHAN Sania	IND	
asian-championships-2024	Senior Women -57kg	MAHESWARI Megawati Tamesti	INA	
asian-championships-2024	Senior Women -57kg	HARNSUJIN Phannapa	THA	
asian-championships-2024	Senior Women -57kg	MIRABZALOVA Madina	UZB	
asian-championships-2024	Senior Women -57kg	SO Yuen ting	HKG	
asian-championships-2024	Senior Women -57kg	CHAN Merica lillyn	PHI	
asian-championships-2024	Senior Women -57kg	AOUN Laetitia	LBN	3
asian-championships-2024	Senior Women -67kg	AL-SADEQ Julyana	JOR	
asian-championships-2024	Senior Women -67kg	KWAK Min-Ju	KOR	3
asian-championships-2024	Senior Women -67kg	VALINEJAD Yalda	IRI	
asian-championships-2024	Senior Women -67kg	KHUSSAINOVA Nuray	KAZ	
asian-championships-2024	Senior Women -67kg	BAC Thi khiem	VIE	1
asian-championships-2024	Senior Women -67kg	SONG Jie	CHN	2
asian-championships-2024	Senior Women -67kg	SOBIRJONOVA Ozoda	UZB	
asian-championships-2024	Senior Women -67kg	DELO Laila	PHI	
asian-championships-2024	Senior Women -67kg	CHIU Shao-hsuan	TPE	3
asian-championships-2024	Senior Women -67kg	ZHANG Mengyu	CHN	
asian-championships-2024	Senior Women +73kg	XU Lei	CHN	1
asian-championships-2024	Senior Women +73kg	ALI Manisha	PAK	
asian-championships-2024	Senior Women +73kg	ABDUSALOMOVA Munira	TJK	
asian-championships-2024	Senior Women +73kg	MIRTADJIEVA Iroda	UZB	
asian-championships-2024	Senior Women +73kg	BARUA Rodali	IND	3
asian-championships-2024	Senior Women +73kg	SONG Da bin	KOR	2
asian-championships-2024	Senior Women +73kg	MU Wenzhe	CHN	
asian-championships-2024	Senior Women +73kg	ELIAS Alissar	SYR	
asian-championships-2024	Senior Women +73kg	MOHAMMED Noor nazar	QAT	
asian-championships-2024	Senior Women +73kg	OSIPOVA Svetlana	UZB	3
