multi-european-games-2026	Senior Women +73kg	ADEBAIO Kristina	RUS	3
dutch-open-2025	Senior Men -54kg	ALESIO CAPOLINI Mathis	FRA	
dutch-open-2025	Senior Men -54kg	BRANDT Viktor	SWE	
dutch-open-2025	Senior Men -54kg	MIKLAVCIC Aljaz	SLO	
dutch-open-2025	Senior Men -54kg	CIRIVELLO Gaetano	ITA	
dutch-open-2025	Senior Men -54kg	MAMMADOV Khidir	AZE	
dutch-open-2025	Senior Men -54kg	GARCIA Noah	FRA	3
dutch-open-2025	Senior Men -54kg	CIRES MUNOZ Alejandro	ESP	
dutch-open-2025	Senior Men -54kg	CARRION COSTA Alejandro	ESP	
dutch-open-2025	Senior Men -54kg	BOUKARNIA Hamza	FRA	
dutch-open-2025	Senior Men -54kg	OTERO SOUSA Javier	ESP	
dutch-open-2025	Senior Men -54kg	ARIAN Ehsan	GER	
dutch-open-2025	Senior Men -54kg	ACKEY Aime	FRA	
dutch-open-2025	Senior Men -54kg	ESCOLAR PARRA Ivan	ESP	2
dutch-open-2025	Senior Men -54kg	GRANDE OLIVER Hugo	ESP	
dutch-open-2025	Senior Men -54kg	AKAOUI Hamza	FRA	
dutch-open-2025	Senior Men -54kg	RICHTER Lenny rene	GER	
dutch-open-2025	Senior Men -54kg	DANGNOK Nattaporn	THA	
dutch-open-2025	Senior Men -54kg	CAN Haktan	TUR	
dutch-open-2025	Senior Men -54kg	HEALY Seth	AUS	
dutch-open-2025	Senior Men -54kg	LEE Geonho	KOR	
dutch-open-2025	Senior Men -54kg	GULUZADE Bahruz	AZE	3
dutch-open-2025	Senior Men -54kg	ZURITA FABIAN Mark	ESP	
dutch-open-2025	Senior Men -54kg	MARWAN Mussa	SWE	
dutch-open-2025	Senior Men -54kg	KOUKOUSOUDIS Evangelos	GER	
dutch-open-2025	Senior Men -54kg	ARNAY CURBELO Antonio ramon	ESP	
dutch-open-2025	Senior Men -54kg	ONUS Emircan	GER	
dutch-open-2025	Senior Men -54kg	ZYWARSKI Filip	POL	
dutch-open-2025	Senior Men -54kg	DELGADO David	ESP	
dutch-open-2025	Senior Men -54kg	KAMKASOUMPHOU Aissa	FRA	
dutch-open-2025	Senior Men -54kg	DAVILA Adrian	ESP	
dutch-open-2025	Senior Men -54kg	MOLJ Ozbolt	SLO	
dutch-open-2025	Senior Men -54kg	KITADE Tatsuya	JPN	
dutch-open-2025	Senior Men -54kg	AGENJO TRIGOS Jairo	ESP	1
dutch-open-2025	Senior Men -54kg	DADASHOV Sayyad	AZE	
dutch-open-2025	Senior Men -54kg	YIGIT Hakan	DEN	
dutch-open-2025	Senior Men -54kg	DE MORAES Giovanni aubin	BRA	
dutch-open-2025	Senior Men -58kg	MERDANAJ Ernest	ALB	
dutch-open-2025	Senior Men -58kg	PAZOS AMOEDO Alex	ESP	
dutch-open-2025	Senior Men -58kg	ARILLO VAZQUEZ Hugo	ESP	3
dutch-open-2025	Senior Men -58kg	MEHLMANN Daniel	GER	
dutch-open-2025	Senior Men -58kg	VALIYEV Rahid	AZE	
dutch-open-2025	Senior Men -58kg	MOLLE Milan	NED	
dutch-open-2025	Senior Men -58kg	THOMPSON Lennon	GBR	
dutch-open-2025	Senior Men -58kg	JAMSHIDI Sonil	DEN	
dutch-open-2025	Senior Men -58kg	FARNES Ricki gene	DEN	
dutch-open-2025	Senior Men -58kg	LABONG Finn	GBR	
dutch-open-2025	Senior Men -58kg	GELADZE Vitali	GEO	
dutch-open-2025	Senior Men -58kg	GUMUS Feyyaz	GER	
dutch-open-2025	Senior Men -58kg	REALE Marco	ITA	
dutch-open-2025	Senior Men -58kg	LAUBHOLD Simon	GER	
dutch-open-2025	Senior Men -58kg	VIVES SAEZ Isaac	ESP	
dutch-open-2025	Senior Men -58kg	BERUBE Zachary	CAN	
dutch-open-2025	Senior Men -58kg	DEL VECCHIO Teodoro	ITA	
dutch-open-2025	Senior Men -58kg	MANENKOV Maksym	UKR	1
dutch-open-2025	Senior Men -58kg	REDING Alan je	LUX	
dutch-open-2025	Senior Men -58kg	TRIANTAFYLLOU Dimitrios	GRE	
dutch-open-2025	Senior Men -58kg	STRUGLINSKI Bartosz	POL	
dutch-open-2025	Senior Men -58kg	AHMADI MOAFI Parham	GER	
dutch-open-2025	Senior Men -58kg	CONTRERAS Aaron	CHI	
dutch-open-2025	Senior Men -58kg	RODRIGUEZ Ilay	PUR	
dutch-open-2025	Senior Men -58kg	BATHILY Sire	FRA	
dutch-open-2025	Senior Men -58kg	DE DIOS JOSE Alex	ESP	
dutch-open-2025	Senior Men -58kg	DRAZKIEWICZ Igor	POL	
dutch-open-2025	Senior Men -58kg	PINTO Tiago	POR	
dutch-open-2025	Senior Men -58kg	BOUKARNIA Amine	FRA	
dutch-open-2025	Senior Men -58kg	FRAILE Jesus	ESP	2
dutch-open-2025	Senior Men -58kg	EL HILALI Ayoub	BEL	
dutch-open-2025	Senior Men -58kg	CONTI Andrea	ITA	
dutch-open-2025	Senior Men -58kg	CHARNIAK Viktar	AIN	
dutch-open-2025	Senior Men -58kg	TORRE Elia	ITA	
dutch-open-2025	Senior Men -58kg	NOWAK Lukasz	POL	
dutch-open-2025	Senior Men -58kg	BEDART Samuel	FRA	
dutch-open-2025	Senior Men -58kg	CIUPA Bartlomiej	POL	
dutch-open-2025	Senior Men -58kg	ALAMI Josef	SWE	
dutch-open-2025	Senior Men -58kg	ALESIO Sebastien	FRA	
dutch-open-2025	Senior Men -58kg	MOZAFARI Ehsan	NED	
dutch-open-2025	Senior Men -58kg	SIMPARA Youssouf	MLI	
dutch-open-2025	Senior Men -58kg	DIMITROPOULOS Konstantinos	GRE	3
dutch-open-2025	Senior Men -58kg	MAHAMAD Sirawit	THA	
dutch-open-2025	Senior Men -58kg	ADEMI Bleron	KOS	
dutch-open-2025	Senior Men -58kg	ANGHEL Mario ignacio	ESP	
dutch-open-2025	Senior Men -58kg	AMELHAYI Mehdi	FRA	
dutch-open-2025	Senior Men -58kg	MOLJ Domen	SLO	
dutch-open-2025	Senior Men -63kg	MAEDA Hidetaka	JPN	
dutch-open-2025	Senior Men -63kg	LACHMAN Shivan	NED	
dutch-open-2025	Senior Men -63kg	DORE Anthony	FRA	
dutch-open-2025	Senior Men -63kg	LUCERNA Luca	ITA	
dutch-open-2025	Senior Men -63kg	VUCAK Mislav	CRO	
dutch-open-2025	Senior Men -63kg	HIGASHIJIMA Seiya	JPN	
dutch-open-2025	Senior Men -63kg	KHAKSAR Shahram	GER	
dutch-open-2025	Senior Men -63kg	SRITIMONGKOL Napat	THA	3
dutch-open-2025	Senior Men -63kg	OLSEN Frederik emil	SWE	
dutch-open-2025	Senior Men -63kg	KONSTANTINIDIS Iordanis	GER	
dutch-open-2025	Senior Men -63kg	SCHOENMAKERS Shymano	NED	
dutch-open-2025	Senior Men -63kg	ANDRONIKOU Kyriakos	CYP	
dutch-open-2025	Senior Men -63kg	SADOLEWSKI Jan	POL	
dutch-open-2025	Senior Men -63kg	BOURGEOIS Owen	FRA	
dutch-open-2025	Senior Men -63kg	PAPIEROWSKI Dominik	POL	
dutch-open-2025	Senior Men -63kg	WILENSKI Adam	POL	
dutch-open-2025	Senior Men -63kg	IURLARO Ludovico	ITA	2
dutch-open-2025	Senior Men -63kg	VAN LIMPT Joep	NED	
dutch-open-2025	Senior Men -63kg	MURILLO Jorge	ESP	
dutch-open-2025	Senior Men -63kg	BENDEGA Stepan	AIN	
dutch-open-2025	Senior Men -63kg	SANTINELLI Christian	ITA	
dutch-open-2025	Senior Men -63kg	TOMAS GONZALEZ Lois	ESP	
dutch-open-2025	Senior Men -63kg	TEILMANN Anton boesgaard	DEN	
dutch-open-2025	Senior Men -63kg	AMIRALIYEV Farid	AZE	
dutch-open-2025	Senior Men -63kg	JULES Nathan	FRA	
dutch-open-2025	Senior Men -63kg	QUINONERO Daniel	ESP	
dutch-open-2025	Senior Men -63kg	HENDRIKS Daan	NED	
dutch-open-2025	Senior Men -63kg	COMPRELLE Enzo	FRA	
dutch-open-2025	Senior Men -63kg	BARETTA Dennis	ITA	
dutch-open-2025	Senior Men -63kg	REDA Houssam	NED	
dutch-open-2025	Senior Men -63kg	GLOC Antoine	FRA	
dutch-open-2025	Senior Men -63kg	HUY Ethan	FRA	
dutch-open-2025	Senior Men -63kg	PIERARD Lucas	BEL	
dutch-open-2025	Senior Men -63kg	PARUZEK Krystof	CZE	
dutch-open-2025	Senior Men -63kg	LO PINTO Daniel	ITA	
dutch-open-2025	Senior Men -63kg	DELEVAL Herwan	FRA	
dutch-open-2025	Senior Men -63kg	COULIBALY Fadeby	LUX	
dutch-open-2025	Senior Men -63kg	HIDALGO MERIDA Alvaro	ESP	
dutch-open-2025	Senior Men -63kg	HAMMANI Marwane	BEL	
dutch-open-2025	Senior Men -63kg	KONATE Ben younouss	CIV	
dutch-open-2025	Senior Men -63kg	DUSZYNSKI Bartosz	POL	
dutch-open-2025	Senior Men -63kg	RAMOS Gabriel	BRA	3
dutch-open-2025	Senior Men -63kg	OZKAYA Imran	GER	
dutch-open-2025	Senior Men -63kg	RUPAR Kajetan	POL	
dutch-open-2025	Senior Men -63kg	TAHMAZOV Fuad	AZE	
dutch-open-2025	Senior Men -63kg	VISINSKI Patrik	CRO	
dutch-open-2025	Senior Men -63kg	YOOSOMSRI Nontawat	GER	
dutch-open-2025	Senior Men -63kg	AGAPOV Dmytriy	POR	
dutch-open-2025	Senior Men -63kg	MILETIC Mateja	SRB	
dutch-open-2025	Senior Men -63kg	ADEMI Valton	KOS	
dutch-open-2025	Senior Men -63kg	DOWN Harrison	AUS	
dutch-open-2025	Senior Men -63kg	LEMMENS Noah	BEL	
dutch-open-2025	Senior Men -63kg	MAGOMEDOV Gashim	AZE	
dutch-open-2025	Senior Men -63kg	RAVET Cyrian	FRA	1
dutch-open-2025	Senior Men -63kg	SETRODIPO Jayden	NED	
dutch-open-2025	Senior Men -63kg	BORGEN Kristian storsul	NOR	
dutch-open-2025	Senior Men -68kg	MAIGA Ibrahim	BUR	
dutch-open-2025	Senior Men -68kg	MAKHOUKH Mazine	FRA	
dutch-open-2025	Senior Men -68kg	MENDEZ LEIS Samuel	ESP	
dutch-open-2025	Senior Men -68kg	SETTA Hamad	DEN	
dutch-open-2025	Senior Men -68kg	MYLLYNEN Niko	FIN	
dutch-open-2025	Senior Men -68kg	KAVTARADZE Beka	GEO	
dutch-open-2025	Senior Men -68kg	USCIMIUK Sebastian	POL	
dutch-open-2025	Senior Men -68kg	HYTTEL Tobias	DEN	
dutch-open-2025	Senior Men -68kg	BOON Joram	NED	
dutch-open-2025	Senior Men -68kg	TOFT Joel	DEN	
dutch-open-2025	Senior Men -68kg	HAKOBYAN Hrach	GER	
dutch-open-2025	Senior Men -68kg	KUMAR Siddarth	NED	
dutch-open-2025	Senior Men -68kg	LUCIEN Theo	FRA	2
dutch-open-2025	Senior Men -68kg	TUBTIMDANG Banlung	THA	3
dutch-open-2025	Senior Men -68kg	PLONKA Bartosz	POL	
dutch-open-2025	Senior Men -68kg	SADAT S. asadullah	GER	
dutch-open-2025	Senior Men -68kg	BARBARI Mahdi	GER	
dutch-open-2025	Senior Men -68kg	SANTIAGO BURGOS Jose daniel	PUR	
dutch-open-2025	Senior Men -68kg	AL GHOTANY Yahya	RTA	
dutch-open-2025	Senior Men -68kg	KARIMOV Khanoghlan	AZE	
dutch-open-2025	Senior Men -68kg	ROSADO CRUZ Yandel	PUR	
dutch-open-2025	Senior Men -68kg	BILGIN Efe	GER	
dutch-open-2025	Senior Men -68kg	HUSREV Victor	GER	
dutch-open-2025	Senior Men -68kg	POLCZYNSKI Adam	POL	
dutch-open-2025	Senior Men -68kg	CREP Matija	CRO	
dutch-open-2025	Senior Men -68kg	ALAPHILIPPE Souleyman	FRA	3
dutch-open-2025	Senior Men -68kg	SIFAOUI Sofiane	FRA	
dutch-open-2025	Senior Men -68kg	MILAN CANOVAS Jorge	ESP	
dutch-open-2025	Senior Men -68kg	LUPO Davide	ITA	
dutch-open-2025	Senior Men -68kg	BOUMAZA Mohamed	ALG	
dutch-open-2025	Senior Men -68kg	COULIBALY Sekou	LUX	
dutch-open-2025	Senior Men -68kg	VAN VULPEN Jesse	NED	
dutch-open-2025	Senior Men -68kg	SALANOVA LISTE Adrian	ESP	
dutch-open-2025	Senior Men -68kg	PAVIN Simon	SWE	
dutch-open-2025	Senior Men -68kg	SZUKALSKI Bartosz	POL	
dutch-open-2025	Senior Men -68kg	SAFFAK Utku	GER	
dutch-open-2025	Senior Men -68kg	STAU HANSEN Max	DEN	
dutch-open-2025	Senior Men -68kg	TSURUOKA Rei	JPN	
dutch-open-2025	Senior Men -68kg	ABAD EXPOSITO Iker	ESP	
dutch-open-2025	Senior Men -68kg	SALIMOV Vasif	AZE	
dutch-open-2025	Senior Men -68kg	ALIAN Ali	SWE	
dutch-open-2025	Senior Men -68kg	SHIRALIYEV Riyad	AZE	
dutch-open-2025	Senior Men -68kg	MISLJENOVIC Sasa	SWE	
dutch-open-2025	Senior Men -68kg	OLIVERO TORO Cristian	CHI	
dutch-open-2025	Senior Men -68kg	CHRZANOWSKI Mateusz	POL	
dutch-open-2025	Senior Men -68kg	LAUCEVIČIUS Tadas	LTU	
dutch-open-2025	Senior Men -68kg	BRECELY Beau	AUS	
dutch-open-2025	Senior Men -68kg	HARRIS Khalfani	USA	
dutch-open-2025	Senior Men -68kg	DALVA LATORRE Joel	ESP	
dutch-open-2025	Senior Men -68kg	MEROUANE Brahim	FRA	
dutch-open-2025	Senior Men -68kg	JORQUERA CALA Joan	ESP	1
dutch-open-2025	Senior Men -74kg	KINTSURASHVILI Zurab	GEO	1
dutch-open-2025	Senior Men -74kg	SKJOLBERG Sebastian	NOR	
dutch-open-2025	Senior Men -74kg	ABDOUNI Abdelhamid	MAR	
dutch-open-2025	Senior Men -74kg	PETIT PHAR Shannon	FRA	
dutch-open-2025	Senior Men -74kg	OMEIRAT Mohamed	GER	
dutch-open-2025	Senior Men -74kg	CELIN Lyve-stone	FRA	
dutch-open-2025	Senior Men -74kg	POLCZYNSKI Nikodem	POL	
dutch-open-2025	Senior Men -74kg	SERRANO MACIAS Jesus	ESP	
dutch-open-2025	Senior Men -74kg	CUDNOCH Lukasz	POL	
dutch-open-2025	Senior Men -74kg	HUSIC Benjamin	BIH	
dutch-open-2025	Senior Men -74kg	REIGERSBERG Olav	NED	
dutch-open-2025	Senior Men -74kg	EL HAJ KHALIL Mohamad	GER	
dutch-open-2025	Senior Men -74kg	SITTEK Tomas	CZE	
dutch-open-2025	Senior Men -74kg	BABIC Jaka	SLO	
dutch-open-2025	Senior Men -74kg	SPICK Maximilian	GER	
dutch-open-2025	Senior Men -74kg	VAN DER MEER Sjoerd	NED	
dutch-open-2025	Senior Men -74kg	AMRI Bassem	FRA	3
dutch-open-2025	Senior Men -74kg	DAWOUD Omer	DEN	
dutch-open-2025	Senior Men -74kg	VESTERLUND Linus	SWE	
dutch-open-2025	Senior Men -74kg	AGAOGLU Osman	AUS	
dutch-open-2025	Senior Men -74kg	KOUGBLENOU Kelly	GER	
dutch-open-2025	Senior Men -74kg	COSTA Diogo rafael alves da	POR	
dutch-open-2025	Senior Men -74kg	O FOFANA Seydou	FRA	
dutch-open-2025	Senior Men -74kg	YILMAZ Bugra	GER	
dutch-open-2025	Senior Men -74kg	PATINO POMBAL Pablo	ESP	
dutch-open-2025	Senior Men -74kg	JORGENSEN Otto	DEN	2
dutch-open-2025	Senior Men -74kg	MERCER Jack  woody	THA	
dutch-open-2025	Senior Men -74kg	GONZALEZ NUNEZ Giovanni	ESP	
dutch-open-2025	Senior Men -74kg	RASZKOWSKI Wiktor	POL	
dutch-open-2025	Senior Men -74kg	AGUSHI Elion	KOS	
dutch-open-2025	Senior Men -74kg	LOTT Liam	GER	
dutch-open-2025	Senior Men -74kg	HUSSEIN Ulat	GER	
dutch-open-2025	Senior Men -74kg	MANGIONE Angelo	ITA	3
dutch-open-2025	Senior Men -74kg	TAVAREZ Jann dennis	PUR	
dutch-open-2025	Senior Men -74kg	GALLAND Warrick	SUI	
dutch-open-2025	Senior Men -80kg	NICKOLAS CJ	USA	2
dutch-open-2025	Senior Men -80kg	YOUNG Isaiah	USA	
dutch-open-2025	Senior Men -80kg	BARRUOL Uggo	FRA	
dutch-open-2025	Senior Men -80kg	GERRONE Antonio	ITA	
dutch-open-2025	Senior Men -80kg	AGHAYEV Javad	AZE	
dutch-open-2025	Senior Men -80kg	MILAN CANOVAS Juan antonio	ESP	
dutch-open-2025	Senior Men -80kg	AYDOGMUSOGLU Erencan	GER	
dutch-open-2025	Senior Men -80kg	COLAK Nayan can	GER	
dutch-open-2025	Senior Men -80kg	GONZALEZ Alejandro	PUR	
dutch-open-2025	Senior Men -80kg	PAPADOPOULOS Ioannis	GRE	3
dutch-open-2025	Senior Men -80kg	BALCIUNAS Gabijus	LTU	
dutch-open-2025	Senior Men -80kg	BRACH Filip	POL	
dutch-open-2025	Senior Men -80kg	JAWORSKI Konrad	POL	
dutch-open-2025	Senior Men -80kg	WEIDUM Dion	NED	
dutch-open-2025	Senior Men -80kg	FERNANDEZ Mikel	ESP	
dutch-open-2025	Senior Men -80kg	NIKS Pascal	NED	
dutch-open-2025	Senior Men -80kg	BWNITEZ DONATE ALEJANDRO	ESP	
dutch-open-2025	Senior Men -80kg	HARRIS Ethan	IRL	
dutch-open-2025	Senior Men -80kg	SAWADOGO Faysal	BUR	
dutch-open-2025	Senior Men -80kg	KOVACIC Oscar	CRO	
dutch-open-2025	Senior Men -80kg	STAVROPOULOS Theoharys	GBR	
dutch-open-2025	Senior Men -80kg	AL HISNAWI Karim	NED	
dutch-open-2025	Senior Men -80kg	MERCIER Charlelie	CAN	
dutch-open-2025	Senior Men -80kg	CHARALAMBOUS Evangelos	CYP	
dutch-open-2025	Senior Men -80kg	HOERMANN Vincent	GER	
dutch-open-2025	Senior Men -80kg	JERMAMI Mehdi	FRA	
dutch-open-2025	Senior Men -80kg	FLIAOUM, Christoforos	GER	
dutch-open-2025	Senior Men -80kg	LAWSON Matheo	SWE	
dutch-open-2025	Senior Men -80kg	CHURCHILL Joaquin	CHI	1
dutch-open-2025	Senior Men -80kg	SZADKOWSKI Michal	POL	
dutch-open-2025	Senior Men -80kg	EBERLI Denys	SUI	
dutch-open-2025	Senior Men -80kg	CHETOUI Mohamed tahar	GER	
dutch-open-2025	Senior Men -80kg	NESHYBA Tomas	CZE	
dutch-open-2025	Senior Men -80kg	SWEENEY Liam	AUS	
dutch-open-2025	Senior Men -80kg	PHILLIPS Max	AUS	
dutch-open-2025	Senior Men -80kg	SOKOLOWSKI Mikolaj	POL	
dutch-open-2025	Senior Men -80kg	LUDWIG Albert	CZE	
dutch-open-2025	Senior Men -80kg	HIDRI Ibrahim	ALB	
dutch-open-2025	Senior Men -80kg	RUIZ DOMENECH Ramon	ESP	3
dutch-open-2025	Senior Men -87kg	PIATKOWSKI Szymon	POL	2
dutch-open-2025	Senior Men -87kg	CIPLAK Selim	GER	
dutch-open-2025	Senior Men -87kg	SULEYMANOV Taleh	AZE	
dutch-open-2025	Senior Men -87kg	ŠIAULYS Emilis	LTU	
dutch-open-2025	Senior Men -87kg	JOCHMAN Adam	CZE	
dutch-open-2025	Senior Men -87kg	MEHNANA Nahil	FRA	
dutch-open-2025	Senior Men -87kg	OBERHOFER Alexander	ITA	3
dutch-open-2025	Senior Men -87kg	TAPUTU Tama	FRA	
dutch-open-2025	Senior Men -87kg	THEOCHAROUS Andreas	CYP	
dutch-open-2025	Senior Men -87kg	BOUZID SOUIHILI Ismael	FRA	
dutch-open-2025	Senior Men -87kg	ALESSIO Simone	ITA	1
dutch-open-2025	Senior Men -87kg	FRONDA Sandro	SWE	
dutch-open-2025	Senior Men -87kg	PEREZ MORILLO Cristobal	ESP	
dutch-open-2025	Senior Men -87kg	BRANTUŠA Roko	CRO	
dutch-open-2025	Senior Men -87kg	JABLONSKI Zbigniew	POL	
dutch-open-2025	Senior Men -87kg	JURGENS Joshua noel	GER	
dutch-open-2025	Senior Men -87kg	GAFAROV Eltaj	AZE	3
dutch-open-2025	Senior Men -87kg	MARTIN SANCHEZ Alejandro	ESP	
dutch-open-2025	Senior Men -87kg	FARMAKAS Erik	SWE	
dutch-open-2025	Senior Men -87kg	TROITINO AMOEDO Sergio	ESP	
dutch-open-2025	Senior Men +87kg	HEALY Jonathan	USA	1
dutch-open-2025	Senior Men +87kg	BUIDZE Davit	GEO	
dutch-open-2025	Senior Men +87kg	MURILLO RUBIO Daniel	ESP	
dutch-open-2025	Senior Men +87kg	BADRIALIABADI Hamidreza	AZE	
dutch-open-2025	Senior Men +87kg	MOLIN Mattia	ITA	
dutch-open-2025	Senior Men +87kg	DIVKOVIC Patrik	SLO	
dutch-open-2025	Senior Men +87kg	GARCIA MARTINEZ Ivan	ESP	3
dutch-open-2025	Senior Men +87kg	SOULIMANI Ilir	SUI	
dutch-open-2025	Senior Men +87kg	NIEVES TORRES Victor manuel	PUR	
dutch-open-2025	Senior Men +87kg	CORREDOR Raul	ESP	
dutch-open-2025	Senior Men +87kg	HAREMZA Krystian	POL	
dutch-open-2025	Senior Men +87kg	DIABY Boubacar	MLI	
dutch-open-2025	Senior Men +87kg	NASO Marco	ITA	
dutch-open-2025	Senior Men +87kg	BRINK Kevin	SWE	
dutch-open-2025	Senior Men +87kg	EL YAZIDI Omar	FRA	2
dutch-open-2025	Senior Men +87kg	DE ANGELIS Matteo	ITA	3
dutch-open-2025	Senior Men +87kg	MARINESCU Dragos	MDA	
dutch-open-2025	Senior Men +87kg	BYELOUS BYELOUS Eric	ESP	
dutch-open-2025	Senior Men +87kg	KUECUEKSUNGUR Kerim	GER	
dutch-open-2025	Senior Men +87kg	MICHOPOULOS Sotirios	GRE	
dutch-open-2025	Senior Women -46kg	OKAZAKI Hinata	JPN	3
dutch-open-2025	Senior Women -46kg	CARPENTIER Justine	CAN	
dutch-open-2025	Senior Women -46kg	GEORGIOU Melina	GRE	
dutch-open-2025	Senior Women -46kg	ETTELBRUCK Lilly	GER	
dutch-open-2025	Senior Women -46kg	GARCIA MARTINEZ Laura	ESP	
dutch-open-2025	Senior Women -46kg	OZKEN Aleyna	GER	
dutch-open-2025	Senior Women -46kg	GULIYEVA Salima	AZE	
dutch-open-2025	Senior Women -46kg	BERTAGNIN Elisa	ITA	
dutch-open-2025	Senior Women -46kg	TAMMILA Ada-emilia	FIN	
dutch-open-2025	Senior Women -46kg	JIMENEZ MONTERO Ana	ESP	
dutch-open-2025	Senior Women -46kg	UZUN Sarah	NED	
dutch-open-2025	Senior Women -46kg	POOLKERD Patcharakan	THA	2
dutch-open-2025	Senior Women -46kg	KODAMAN Helin	GER	
dutch-open-2025	Senior Women -46kg	SARDANA Claire	AUS	
dutch-open-2025	Senior Women -46kg	OKAMOTO Ruka	JPN	
dutch-open-2025	Senior Women -46kg	BARROSO Kiara	POR	
dutch-open-2025	Senior Women -46kg	POURYOUNES Dina	RTA	
dutch-open-2025	Senior Women -46kg	GARCIES I SALA Lluisa	ESP	
dutch-open-2025	Senior Women -46kg	LOPEZ IZQUIERDO Ana	ESP	
dutch-open-2025	Senior Women -46kg	AKBAROVA Minaya	AZE	
dutch-open-2025	Senior Women -46kg	DIAZ ARRIBAS Violeta	ESP	1
dutch-open-2025	Senior Women -46kg	STURARI Alessia	ITA	
dutch-open-2025	Senior Women -46kg	TAMMILA Ida-elina	FIN	
dutch-open-2025	Senior Women -46kg	GALIERO Giulia	ITA	3
dutch-open-2025	Senior Women -46kg	HASANZADE Zemfira	AZE	
dutch-open-2025	Senior Women -46kg	MARTINEZ Julia	ESP	
dutch-open-2025	Senior Women -46kg	BASSETT Jaycee	CRC	
dutch-open-2025	Senior Women -46kg	GAYE Serrah	FRA	
dutch-open-2025	Senior Women -46kg	DUZ Selina	GER	
dutch-open-2025	Senior Women -46kg	MAKAS Dzejla	BIH	
dutch-open-2025	Senior Women -49kg	KISSKALT Supharada	GER	2
dutch-open-2025	Senior Women -49kg	TOSI Emily	CAN	
dutch-open-2025	Senior Women -49kg	ISMAELPUR Paniz	AZE	
dutch-open-2025	Senior Women -49kg	KRAJEWSKA Alicja	POL	
dutch-open-2025	Senior Women -49kg	SERRANO Alicia	ESP	
dutch-open-2025	Senior Women -49kg	SWEENEY Tiarnagh	AUS	
dutch-open-2025	Senior Women -49kg	KRAJEWSKA Nikola	POL	
dutch-open-2025	Senior Women -49kg	MATONTI Ilenia elisabetta	ITA	3
dutch-open-2025	Senior Women -49kg	WAY Nicolle	GUA	
dutch-open-2025	Senior Women -49kg	MARGARYNT Anastacia	GER	
dutch-open-2025	Senior Women -49kg	MAESTRO Virginia	ITA	
dutch-open-2025	Senior Women -49kg	OCEGUERA Sophia	USA	
dutch-open-2025	Senior Women -49kg	MILOSEVIC Lenka	GER	
dutch-open-2025	Senior Women -49kg	VIEN Filippa	SWE	
dutch-open-2025	Senior Women -49kg	FOFANA Mah teninba	FRA	
dutch-open-2025	Senior Women -49kg	PETERSON Ceili	GUY	
dutch-open-2025	Senior Women -49kg	CURA Yezda	GER	
dutch-open-2025	Senior Women -49kg	BYRNE Ruby	IRL	
dutch-open-2025	Senior Women -49kg	SEEKEN Kamonchanok	THA	1
dutch-open-2025	Senior Women -49kg	RUIZ ROSELL Alba	ESP	
dutch-open-2025	Senior Women -49kg	ABEDALSALAM Mariam	DEN	
dutch-open-2025	Senior Women -49kg	MATA Maya	USA	
dutch-open-2025	Senior Women -49kg	BRYHIDA Erika	UKR	
dutch-open-2025	Senior Women -49kg	PEDROZO Beatriz	BRA	
dutch-open-2025	Senior Women -49kg	GIMENEZ GARCIA Daniela	ESP	
dutch-open-2025	Senior Women -49kg	KAMKASOUMPHOU Maysane	FRA	
dutch-open-2025	Senior Women -49kg	OSMANOVA Samarrukh	AZE	
dutch-open-2025	Senior Women -49kg	KARAOGLAN Medine	GER	
dutch-open-2025	Senior Women -49kg	CEREZO IGLESIAS Adriana	ESP	3
dutch-open-2025	Senior Women -53kg	PEREZ PARRADO Alma maria	ESP	1
dutch-open-2025	Senior Women -53kg	GRAFFE Lou	LUX	
dutch-open-2025	Senior Women -53kg	GARBETT Latisha	GBR	
dutch-open-2025	Senior Women -53kg	MAYER Leonie	GER	
dutch-open-2025	Senior Women -53kg	IBARS ALCANTARA Anna	ESP	
dutch-open-2025	Senior Women -53kg	AL HALWANI Elisa	ITA	
dutch-open-2025	Senior Women -53kg	SABZGHABAEI Sohejla	GER	
dutch-open-2025	Senior Women -53kg	AYDEMIR Nurselin	GER	
dutch-open-2025	Senior Women -53kg	PAPPA Christina	GRE	
dutch-open-2025	Senior Women -53kg	GIRE Ines	FRA	
dutch-open-2025	Senior Women -53kg	BENETTI Ines	FRA	
dutch-open-2025	Senior Women -53kg	MARINIC Tara	CRO	
dutch-open-2025	Senior Women -53kg	JONGKOLRATTANAWATTANA Chutikan	THA	3
dutch-open-2025	Senior Women -53kg	BUTTARELLI Aurelie	FRA	
dutch-open-2025	Senior Women -53kg	ASIMI Adiba	GER	
dutch-open-2025	Senior Women -53kg	CARPENTIER Vicky	CAN	
dutch-open-2025	Senior Women -53kg	OLESZCZUK Lucja	POL	
dutch-open-2025	Senior Women -53kg	KATOH Yuzuho	JPN	
dutch-open-2025	Senior Women -53kg	SPASOJEVIC Sara	CRO	
dutch-open-2025	Senior Women -53kg	SYLTHE Therese	NOR	
dutch-open-2025	Senior Women -53kg	MONSALES Joanna	AUS	
dutch-open-2025	Senior Women -53kg	WAEVERSTROM Signe wendt	DEN	
dutch-open-2025	Senior Women -53kg	KARMELY Lea anais	GER	
dutch-open-2025	Senior Women -53kg	KHAN Laila	CAN	
dutch-open-2025	Senior Women -53kg	BODEN Indra	SWE	
dutch-open-2025	Senior Women -53kg	SEGLAR Sarah	FRA	
dutch-open-2025	Senior Women -53kg	BONALS ANARTE Laura	ESP	2
dutch-open-2025	Senior Women -53kg	MEIŠTININKAITĖ Gerda	LTU	
dutch-open-2025	Senior Women -53kg	RIBITSCH Viktoria	GER	
dutch-open-2025	Senior Women -53kg	PFAFF Marbele	GER	
dutch-open-2025	Senior Women -53kg	GARCIA MARQUINA Sofia	ESP	3
dutch-open-2025	Senior Women -53kg	DUMAS Mathilde	CAN	
dutch-open-2025	Senior Women -53kg	KAMKASOUMPHOU Alliyah	FRA	
dutch-open-2025	Senior Women -53kg	MAMMADOVA Maryam	AZE	
dutch-open-2025	Senior Women -53kg	EL BOUCHTI Oumaima	MAR	
dutch-open-2025	Senior Women -53kg	AVDAGIC Ada	BIH	
dutch-open-2025	Senior Women -57kg	CARABIN Kanelya	FRA	1
dutch-open-2025	Senior Women -57kg	BETT Ava	GBR	
dutch-open-2025	Senior Women -57kg	BOWMAN Honey	GBR	
dutch-open-2025	Senior Women -57kg	BECKSTEIN Vanessa	GER	
dutch-open-2025	Senior Women -57kg	HARNSUJIN Phannapa	THA	
dutch-open-2025	Senior Women -57kg	NISHIDA Mao	JPN	
dutch-open-2025	Senior Women -57kg	FOGED Rosmarin pietak	DEN	
dutch-open-2025	Senior Women -57kg	STEINKUELER Frieda margarethe	GER	
dutch-open-2025	Senior Women -57kg	AYDIN Ela	GER	
dutch-open-2025	Senior Women -57kg	WAUTIER Lena	BEL	
dutch-open-2025	Senior Women -57kg	ROVITHIS Anastasia	GER	
dutch-open-2025	Senior Women -57kg	HRONOVA Dominika	CZE	3
dutch-open-2025	Senior Women -57kg	BULOW Alice	SWE	
dutch-open-2025	Senior Women -57kg	LUCERNA Marta	ITA	
dutch-open-2025	Senior Women -57kg	SATZINGER Anna	GER	
dutch-open-2025	Senior Women -57kg	MOUCH Sara	NED	
dutch-open-2025	Senior Women -57kg	KRAJEWSKA Agnieszka	POL	
dutch-open-2025	Senior Women -57kg	BANGURA Aisha	GER	
dutch-open-2025	Senior Women -57kg	BAEZ THOMAS Sofia	PUR	
dutch-open-2025	Senior Women -57kg	NUNEZ Jordana	CAN	
dutch-open-2025	Senior Women -57kg	DE Alejandra	ESP	
dutch-open-2025	Senior Women -57kg	LAGHRISSI Nadira	SWE	
dutch-open-2025	Senior Women -57kg	AL HALWANI Giada	ITA	
dutch-open-2025	Senior Women -57kg	VITKO Yuliya	AIN	2
dutch-open-2025	Senior Women -57kg	KICINSKA Klaudia	POL	
dutch-open-2025	Senior Women -57kg	DAGNET Divine luccia	FRA	
dutch-open-2025	Senior Women -57kg	PEZZOLLA Lucia	ITA	
dutch-open-2025	Senior Women -57kg	ZAYTOUN Leila	QAT	
dutch-open-2025	Senior Women -57kg	VAN WIJNGAARDEN Jada	ESP	
dutch-open-2025	Senior Women -57kg	WOLF Jessica	GER	
dutch-open-2025	Senior Women -57kg	TVARONAVICIUTE Klaudija	LTU	
dutch-open-2025	Senior Women -57kg	EL BARICHI Manal	GER	
dutch-open-2025	Senior Women -57kg	PRICOLO Marina	ITA	
dutch-open-2025	Senior Women -57kg	KARLBERG Tea	SWE	
dutch-open-2025	Senior Women -57kg	CAUSSE Estelle	FRA	
dutch-open-2025	Senior Women -57kg	RODRIGUEZ Laura	ESP	3
dutch-open-2025	Senior Women -57kg	VAN PASSEL Amelie	BEL	
dutch-open-2025	Senior Women -57kg	SCHLEUSSINGER Inga	GER	
dutch-open-2025	Senior Women -57kg	CUMUR Azra	GER	
dutch-open-2025	Senior Women -57kg	MURRAY Kayla	IRL	
dutch-open-2025	Senior Women -57kg	CHRISTY Beth	GBR	
dutch-open-2025	Senior Women -57kg	GUAITA Greta	ITA	
dutch-open-2025	Senior Women -57kg	VAN DIJK Serena	SUR	
dutch-open-2025	Senior Women -57kg	TORRES TENA Elena	ESP	
dutch-open-2025	Senior Women -57kg	ZOUZOUA Lyna	FRA	
dutch-open-2025	Senior Women -57kg	LISOWSKA Nikol	POL	
dutch-open-2025	Senior Women -57kg	MERLOS ORDONEZ Judit	ESP	
dutch-open-2025	Senior Women -62kg	MESTROVIC Dora	CRO	
dutch-open-2025	Senior Women -62kg	MANSOURI Leyla	BEL	
dutch-open-2025	Senior Women -62kg	TALHA Nouhayla	BEL	
dutch-open-2025	Senior Women -62kg	MANGEN Lennie	LUX	
dutch-open-2025	Senior Women -62kg	SECANELL Elsa	ESP	
dutch-open-2025	Senior Women -62kg	STOLBOVA Petra	CZE	2
dutch-open-2025	Senior Women -62kg	KAROPKA Emma novelie	GER	
dutch-open-2025	Senior Women -62kg	BALCI Edanur	GER	
dutch-open-2025	Senior Women -62kg	STAMOU Daphne	GRE	
dutch-open-2025	Senior Women -62kg	ORTIZ BENITO Arlet	ESP	
dutch-open-2025	Senior Women -62kg	MOCALINA Vladislava	LAT	
dutch-open-2025	Senior Women -62kg	WIET HENIN Magda	FRA	3
dutch-open-2025	Senior Women -62kg	ANDERSSON Tindra	SWE	
dutch-open-2025	Senior Women -62kg	BLITEK Cloe	FRA	
dutch-open-2025	Senior Women -62kg	MARIC Ela	SRB	
dutch-open-2025	Senior Women -62kg	HUESCH Angelina	GER	
dutch-open-2025	Senior Women -62kg	REBON FEDOROVA Ekaterina	ESP	
dutch-open-2025	Senior Women -62kg	SANTOS Caroline	BRA	
dutch-open-2025	Senior Women -62kg	SZPAK Julia	POL	
dutch-open-2025	Senior Women -62kg	KICEMA Helena	CRO	
dutch-open-2025	Senior Women -62kg	KAZIMOVA Nargiz	AZE	
dutch-open-2025	Senior Women -62kg	ARRONDO BELLOSO Ariadna	ESP	
dutch-open-2025	Senior Women -62kg	DAGNET Miliane haizel	FRA	
dutch-open-2025	Senior Women -62kg	EK Isabella	SWE	
dutch-open-2025	Senior Women -62kg	ST-PIERRE Alycia	CAN	
dutch-open-2025	Senior Women -62kg	DINKOVIC Lena	CRO	
dutch-open-2025	Senior Women -62kg	LANGOUSTE-ASSOUMAYA Lyhana	FRA	
dutch-open-2025	Senior Women -62kg	RUSKA Shanti	NED	
dutch-open-2025	Senior Women -62kg	TONGCHAN Sasikarn	THA	1
dutch-open-2025	Senior Women -62kg	DEATON Danica	USA	
dutch-open-2025	Senior Women -62kg	PRZYGODA Alina	GER	
dutch-open-2025	Senior Women -62kg	VALENTINO Viviana	GER	
dutch-open-2025	Senior Women -62kg	DOUCET Teeyah	FRA	3
dutch-open-2025	Senior Women -62kg	SOTO CASTILLO Isuangelis	PUR	
dutch-open-2025	Senior Women -62kg	NYMAN Ebba	SWE	
dutch-open-2025	Senior Women -62kg	AKESSON STANDIG Sofie	SWE	
dutch-open-2025	Senior Women -62kg	CHARRON Alexandra	CAN	
dutch-open-2025	Senior Women -62kg	GOEBEL Laura	GER	
dutch-open-2025	Senior Women -67kg	PERISIC Aleksandra	SRB	1
dutch-open-2025	Senior Women -67kg	FABER Isabelle	LUX	
dutch-open-2025	Senior Women -67kg	MAGGIORE Giulia	ITA	
dutch-open-2025	Senior Women -67kg	TOMCZAK Tatiana	POL	
dutch-open-2025	Senior Women -67kg	MAGDIC Matea	CRO	
dutch-open-2025	Senior Women -67kg	IVANOVA Alina	AIN	
dutch-open-2025	Senior Women -67kg	YOUKOUBOVA Karina	FRA	
dutch-open-2025	Senior Women -67kg	BEAULIEU Gabrielle	CAN	
dutch-open-2025	Senior Women -67kg	FREDERIKSEN Kathrine kamp nordentoft	DEN	
dutch-open-2025	Senior Women -67kg	KREUZER Kim vivian	GER	
dutch-open-2025	Senior Women -67kg	MEHNANA Ines	FRA	
dutch-open-2025	Senior Women -67kg	SKAPROVSKA Valeriia	AIN	
dutch-open-2025	Senior Women -67kg	BAUER Caroline	GER	
dutch-open-2025	Senior Women -67kg	MIKALEVICIUTE Melita	LTU	
dutch-open-2025	Senior Women -67kg	CASTRO BURGOS Cecilia	ESP	3
dutch-open-2025	Senior Women -67kg	KOERNDL Vanessa	GER	3
dutch-open-2025	Senior Women -67kg	DIAZ Isabella	PUR	
dutch-open-2025	Senior Women -67kg	WARZECHA Alina	GER	
dutch-open-2025	Senior Women -67kg	ZOE Gueli	HUN	
dutch-open-2025	Senior Women -67kg	D'ANGELO Natalia	ITA	
dutch-open-2025	Senior Women -67kg	GOUWS Emma	AUS	
dutch-open-2025	Senior Women -67kg	KILIC Melike	BEL	
dutch-open-2025	Senior Women -67kg	KOWALKOWSKA Justyna	POL	
dutch-open-2025	Senior Women -67kg	KLEPAC Nika	CRO	
dutch-open-2025	Senior Women -67kg	MAJIDOVA Fatima	AZE	
dutch-open-2025	Senior Women -67kg	MEDD Saskia	AUS	
dutch-open-2025	Senior Women -67kg	MORENO REYES Lena	ESP	2
dutch-open-2025	Senior Women -67kg	MEHMEDOVIC Nadina	BIH	
dutch-open-2025	Senior Women -67kg	HODZIC Nihada	BIH	
dutch-open-2025	Senior Women -67kg	ANDRIC Leonarda	CAN	
dutch-open-2025	Senior Women -73kg	JIRANKOVA Iveta	CZE	
dutch-open-2025	Senior Women -73kg	AGUIRRE Fernanda	CHI	
dutch-open-2025	Senior Women -73kg	LAURIN Althea	FRA	1
dutch-open-2025	Senior Women -73kg	MORAN ROMERO Belen	ESP	
dutch-open-2025	Senior Women -73kg	VALLO ZURDO Ane	ESP	
dutch-open-2025	Senior Women -73kg	PRZYBYSZ Weronika	POL	
dutch-open-2025	Senior Women -73kg	LOPEZ LAUREANO Valeria	PUR	
dutch-open-2025	Senior Women -73kg	NOWAK Julia	POL	
dutch-open-2025	Senior Women -73kg	FERNANDEZ INSA Julia	ESP	
dutch-open-2025	Senior Women -73kg	HELVIGA Viktorija	LAT	3
dutch-open-2025	Senior Women -73kg	SEELE Lisa-marie	GER	
dutch-open-2025	Senior Women -73kg	HOERMANN Emily	GER	
dutch-open-2025	Senior Women -73kg	FACCHIN Maressa	ITA	
dutch-open-2025	Senior Women -73kg	GARCIA SUAREZ Helena	ESP	
dutch-open-2025	Senior Women -73kg	HUTZEN Hanna	GER	
dutch-open-2025	Senior Women -73kg	SODERHJELM Frida	SWE	
dutch-open-2025	Senior Women -73kg	OREC Ariana	CRO	2
dutch-open-2025	Senior Women -73kg	NEDIC Marlen sophie	GER	
dutch-open-2025	Senior Women -73kg	HELDNER Laura	SUI	
dutch-open-2025	Senior Women -73kg	KURKAC Ilayda	GER	
dutch-open-2025	Senior Women -73kg	MARTINEZ Ana	ESP	
dutch-open-2025	Senior Women -73kg	KERR Leah	IRL	
dutch-open-2025	Senior Women -73kg	DIAKITE Bintou	FRA	3
dutch-open-2025	Senior Women +73kg	BRANDL Lorena	GER	1
dutch-open-2025	Senior Women +73kg	CIUCHITU Ana	ITA	
dutch-open-2025	Senior Women +73kg	KERR Rachel	IRL	
dutch-open-2025	Senior Women +73kg	ROMAN TORRES Naishka	PUR	
dutch-open-2025	Senior Women +73kg	HAMADACHE Emna	FRA	
dutch-open-2025	Senior Women +73kg	VIANA Alena	USA	
dutch-open-2025	Senior Women +73kg	SHVEDKOVA Polina	AIN	
dutch-open-2025	Senior Women +73kg	LEON COROZO Andrea naiara	ESP	
dutch-open-2025	Senior Women +73kg	KOWALCZUK Aleksandra	POL	3
dutch-open-2025	Senior Women +73kg	CASTINEIRA Tania	ESP	
dutch-open-2025	Senior Women +73kg	HAWASH Dania	SWE	
dutch-open-2025	Senior Women +73kg	RIVADULLA Desiree	ESP	
dutch-open-2025	Senior Women +73kg	AVOULETTE Solene	FRA	2
dutch-open-2025	Senior Women +73kg	MOHAMMED Noor nazar	QAT	
dutch-open-2025	Senior Women +73kg	KECK Hannah	USA	
dutch-open-2025	Senior Women +73kg	OUASSOU Mouna	FRA	
dutch-open-2025	Senior Women +73kg	PASTOR Ainhoa	ESP	
dutch-open-2025	Senior Women +73kg	KLOOSTERMAN Famke	NED	
dutch-open-2025	Senior Women +73kg	HAREMZA Dagmara	POL	3
belgian-open-2025	Senior Men -54kg	ALESIO CAPOLINI Mathis	FRA	
belgian-open-2025	Senior Men -54kg	KAMKASOUMPHOU Aissa	FRA	
belgian-open-2025	Senior Men -54kg	DANGNOK Nattaporn	THA	
belgian-open-2025	Senior Men -54kg	MARWAN Mussa	SWE	2
belgian-open-2025	Senior Men -54kg	HOARAU Ichem	FRA	
belgian-open-2025	Senior Men -54kg	KITADE Tatsuya	JPN	
belgian-open-2025	Senior Men -54kg	GARCIA Noah	FRA	3
belgian-open-2025	Senior Men -54kg	BAILEY Thomas	GBR	
belgian-open-2025	Senior Men -54kg	AKAOUI Hamza	FRA	
belgian-open-2025	Senior Men -54kg	RAZAKASOA Andrew	FRA	
belgian-open-2025	Senior Men -54kg	ZENTENO Angel caballero	GER	
belgian-open-2025	Senior Men -54kg	BOUKARNIA Hamza	FRA	
belgian-open-2025	Senior Men -54kg	DELGADO David	ESP	
belgian-open-2025	Senior Men -54kg	GULUZADE Bahruz	AZE	1
belgian-open-2025	Senior Men -54kg	CHANG Lenny	FRA	
belgian-open-2025	Senior Men -54kg	QALA Abdulmajeed mohammed t	KSA	
belgian-open-2025	Senior Men -54kg	REDING Alan je	LUX	
belgian-open-2025	Senior Men -54kg	BERUBE Zachary	CAN	
belgian-open-2025	Senior Men -54kg	BAHROUM Mohamed	FRA	
belgian-open-2025	Senior Men -54kg	LEE Geonho	KOR	
belgian-open-2025	Senior Men -54kg	MAMMADOV Khidir	AZE	3
belgian-open-2025	Senior Men -54kg	BOUHAJEB Yassine	FRA	
belgian-open-2025	Senior Men -54kg	CHANG Simon	FRA	
belgian-open-2025	Senior Men -54kg	HEALY Seth	AUS	
belgian-open-2025	Senior Men -58kg	RODRIGUEZ Ilay	PUR	
belgian-open-2025	Senior Men -58kg	MOZAFARI Ehsan	NED	
belgian-open-2025	Senior Men -58kg	LABONG Finn	GBR	
belgian-open-2025	Senior Men -58kg	VALIYEV Rahid	AZE	
belgian-open-2025	Senior Men -58kg	BOUKARNIA Amine	FRA	2
belgian-open-2025	Senior Men -58kg	SIMPARA Youssouf	MLI	
belgian-open-2025	Senior Men -58kg	ALLEN Chris	USA	
belgian-open-2025	Senior Men -58kg	DORE Anthony	FRA	
belgian-open-2025	Senior Men -58kg	SAHLI Bilal	FRA	
belgian-open-2025	Senior Men -58kg	MAHAMAD Sirawit	THA	3
belgian-open-2025	Senior Men -58kg	MOLLE Milan	NED	
belgian-open-2025	Senior Men -58kg	BEDART Samuel	FRA	
belgian-open-2025	Senior Men -58kg	DE MORAES Giovanni aubin	BRA	
belgian-open-2025	Senior Men -58kg	MARA Jibryl	FRA	
belgian-open-2025	Senior Men -58kg	DADASHOV Sayyad	AZE	3
belgian-open-2025	Senior Men -58kg	SARSOZA Zack	GBR	
belgian-open-2025	Senior Men -58kg	MANENKOV Maksym	UKR	
belgian-open-2025	Senior Men -58kg	BENITEZ Norberto	PUR	
belgian-open-2025	Senior Men -58kg	BATHILY Sirre	FRA	
belgian-open-2025	Senior Men -58kg	EL HILALI Ayoub	BEL	
belgian-open-2025	Senior Men -58kg	CONTRERAS Aaron	CHI	1
belgian-open-2025	Senior Men -63kg	MAEDA Hidetaka	JPN	
belgian-open-2025	Senior Men -63kg	OUADRIA Nabil	ALG	
belgian-open-2025	Senior Men -63kg	MIRZOIEV Samir	UKR	3
belgian-open-2025	Senior Men -63kg	TAHMAZOV Fuad	AZE	
belgian-open-2025	Senior Men -63kg	SCHOENMAKERS Shymano	NED	
belgian-open-2025	Senior Men -63kg	KHAKSAR Shahram	GER	
belgian-open-2025	Senior Men -63kg	MOERMANS Seppe	BEL	
belgian-open-2025	Senior Men -63kg	BALTAQI Mohamed	FRA	
belgian-open-2025	Senior Men -63kg	DELEVAL Herwan	FRA	
belgian-open-2025	Senior Men -63kg	RAMOS Gabriel	BRA	1
belgian-open-2025	Senior Men -63kg	YOOSOMSRI Nontawat	GER	
belgian-open-2025	Senior Men -63kg	HENDRIKS Daan	NED	
belgian-open-2025	Senior Men -63kg	FUNKENDORF Vladyslav	UKR	
belgian-open-2025	Senior Men -63kg	HAMMANI Marwane	BEL	
belgian-open-2025	Senior Men -63kg	SETRODIPO Jayden	NED	
belgian-open-2025	Senior Men -63kg	ANDARABI Habil	GER	
belgian-open-2025	Senior Men -63kg	COMPRELLE Enzo	FRA	
belgian-open-2025	Senior Men -63kg	BORGEN Kristian storsul	NOR	
belgian-open-2025	Senior Men -63kg	AKHLAGI Mohammad asif	SUI	
belgian-open-2025	Senior Men -63kg	DOWN Harrison	AUS	
belgian-open-2025	Senior Men -63kg	LACHMAN Shivan	NED	
belgian-open-2025	Senior Men -63kg	MASSIMINO Christian	AUS	
belgian-open-2025	Senior Men -63kg	MAGOMEDOV Gashim	AZE	2
belgian-open-2025	Senior Men -63kg	PIERARD Lucas	BEL	
belgian-open-2025	Senior Men -63kg	AMIRALIYEV Farid	AZE	
belgian-open-2025	Senior Men -63kg	CHAN Kin fung	HKG	
belgian-open-2025	Senior Men -63kg	SRITIMONGKOL Napat	THA	
belgian-open-2025	Senior Men -63kg	CLOTAIL Shahin	FRA	
belgian-open-2025	Senior Men -63kg	LEMMENS Noah	BEL	
belgian-open-2025	Senior Men -63kg	LOMARTIRE Matias	ITA	
belgian-open-2025	Senior Men -63kg	VAN LIMPT Joep	NED	
belgian-open-2025	Senior Men -63kg	KONATE Ben younouss	CIV	
belgian-open-2025	Senior Men -63kg	HIGASHIJIMA Seiya	JPN	
belgian-open-2025	Senior Men -63kg	COULIBALY Fadeby	LUX	
belgian-open-2025	Senior Men -63kg	BETEL Casimir	CHA	3
belgian-open-2025	Senior Men -68kg	MAIGA Ibrahim	BUR	3
belgian-open-2025	Senior Men -68kg	MISIEDJAN Bendjino	SUR	
belgian-open-2025	Senior Men -68kg	COULIBALY Sekou	LUX	
belgian-open-2025	Senior Men -68kg	MEROUANE Brahim	FRA	
belgian-open-2025	Senior Men -68kg	KUMAR Siddarth	NED	
belgian-open-2025	Senior Men -68kg	FALCO Antonio	ITA	
belgian-open-2025	Senior Men -68kg	MAKHOUKH Mazine	FRA	
belgian-open-2025	Senior Men -68kg	BOON Joram	NED	
belgian-open-2025	Senior Men -68kg	AL GHOTANY Yahya	RTA	
belgian-open-2025	Senior Men -68kg	TSURUOKA Rei	JPN	
belgian-open-2025	Senior Men -68kg	BRECELY Beau	AUS	
belgian-open-2025	Senior Men -68kg	NAZARIO SANCHEZ Edgardo	PUR	
belgian-open-2025	Senior Men -68kg	SARR Matar	FRA	
belgian-open-2025	Senior Men -68kg	SHIRALIYEV Riyad	AZE	
belgian-open-2025	Senior Men -68kg	ROSADO CRUZ Yandel	PUR	
belgian-open-2025	Senior Men -68kg	MAKOYAN Chero	BEL	
belgian-open-2025	Senior Men -68kg	TUBTIMDANG Banlung	THA	1
belgian-open-2025	Senior Men -68kg	ALAPHILIPPE Souleyman	FRA	2
belgian-open-2025	Senior Men -68kg	JAKOBSEN Carl cai brink	DEN	
belgian-open-2025	Senior Men -68kg	SANTIAGO BURGOS Jose daniel	PUR	
belgian-open-2025	Senior Men -68kg	ALIAN Ali	SWE	
belgian-open-2025	Senior Men -68kg	HARRIS Khalfani	USA	
belgian-open-2025	Senior Men -68kg	SALIMOV Vasif	AZE	
belgian-open-2025	Senior Men -68kg	MIRZOIEV Simur	UKR	
belgian-open-2025	Senior Men -68kg	OLIVERO TORO Cristian	CHI	
belgian-open-2025	Senior Men -68kg	BYSTROV Volodymyr	UKR	3
belgian-open-2025	Senior Men -68kg	PAVIN Simon	SWE	
belgian-open-2025	Senior Men -68kg	HUSREV Victor	GER	
belgian-open-2025	Senior Men -68kg	CAULO Gabriele	ITA	
belgian-open-2025	Senior Men -68kg	HAKOBYAN Hrach	GER	
belgian-open-2025	Senior Men -68kg	SIFAOUI Sofiane	FRA	
belgian-open-2025	Senior Men -68kg	DIALLO Thierno mamadou djogo	GUI	
belgian-open-2025	Senior Men -68kg	LO Wai fung	HKG	
belgian-open-2025	Senior Men -74kg	RODRIGUES Victor	USA	2
belgian-open-2025	Senior Men -74kg	TAVAREZ Jann dennis	PUR	
belgian-open-2025	Senior Men -74kg	VAN DER MEER Sjoerd	NED	
belgian-open-2025	Senior Men -74kg	PETIT PHAR Shannon	FRA	
belgian-open-2025	Senior Men -74kg	DAVASON Hogni	FRO	
belgian-open-2025	Senior Men -74kg	MIGUEL Moncef	FRA	3
belgian-open-2025	Senior Men -74kg	VESTERLUND Linus	SWE	
belgian-open-2025	Senior Men -74kg	BERGMAN Tintin	SWE	
belgian-open-2025	Senior Men -74kg	AMRI Bassem	FRA	
belgian-open-2025	Senior Men -74kg	DAWOUD Omer	DEN	1
belgian-open-2025	Senior Men -74kg	AGAOGLU Osman	AUS	
belgian-open-2025	Senior Men -74kg	AIT NACER Ayoub	FRA	
belgian-open-2025	Senior Men -74kg	CELIN Lyve-stone	FRA	
belgian-open-2025	Senior Men -74kg	O FOFANA Seydou	FRA	3
belgian-open-2025	Senior Men -74kg	GUET Matteo	FRA	
belgian-open-2025	Senior Men -74kg	TAM Ching nam	HKG	
belgian-open-2025	Senior Men -74kg	ZUNZARREN Inigo	ESP	
belgian-open-2025	Senior Men -74kg	GALLAND Warrick	SUI	
belgian-open-2025	Senior Men -80kg	NICKOLAS CJ	USA	1
belgian-open-2025	Senior Men -80kg	HOSSEINIBIJIKOLA Omid	GER	
belgian-open-2025	Senior Men -80kg	CRAVEN-SMITH Ryder	GBR	
belgian-open-2025	Senior Men -80kg	AGHAYEV Javad	AZE	
belgian-open-2025	Senior Men -80kg	THUNE Sebastian	NOR	
belgian-open-2025	Senior Men -80kg	SWEENEY Liam	AUS	
belgian-open-2025	Senior Men -80kg	MERCER Jack  woody	THA	
belgian-open-2025	Senior Men -80kg	HISENI Luan	GER	
belgian-open-2025	Senior Men -80kg	MERCIER Charlelie	CAN	
belgian-open-2025	Senior Men -80kg	COLAK Nayan can	GER	
belgian-open-2025	Senior Men -80kg	CHURCHILL Joaquin	CHI	3
belgian-open-2025	Senior Men -80kg	COULIBALY Ismael	MLI	
belgian-open-2025	Senior Men -80kg	KARABACAK Cihan	BEL	
belgian-open-2025	Senior Men -80kg	NIKS Pascal	NED	
belgian-open-2025	Senior Men -80kg	FELICITE Lawrence	FRA	
belgian-open-2025	Senior Men -80kg	LAWSON Matheo	TOG	
belgian-open-2025	Senior Men -80kg	WEIDUM Dion	NED	3
belgian-open-2025	Senior Men -80kg	PHILLIPS Max	AUS	
belgian-open-2025	Senior Men -80kg	MENDY Mohamed	FRA	
belgian-open-2025	Senior Men -80kg	JERMAMI Mehdi	FRA	
belgian-open-2025	Senior Men -80kg	AL HISNAWI Karim	NED	
belgian-open-2025	Senior Men -80kg	MANSOURI Farzad	RTA	2
belgian-open-2025	Senior Men -87kg	BOUZID SOUIHILI Ismael	FRA	2
belgian-open-2025	Senior Men -87kg	FARMAKAS Erik	SWE	
belgian-open-2025	Senior Men -87kg	SULEYMANOV Taleh	AZE	
belgian-open-2025	Senior Men -87kg	GAFAROV Eltaj	AZE	3
belgian-open-2025	Senior Men -87kg	ALEJANDRO-VARGAS Diego	PUR	
belgian-open-2025	Senior Men -87kg	DOGRU Munir furkan	TUR	
belgian-open-2025	Senior Men -87kg	JURGENS Joshua noel	GER	
belgian-open-2025	Senior Men -87kg	ORDEMANN Richard andre	NOR	1
belgian-open-2025	Senior Men -87kg	THEOCHAROUS Andreas	CYP	
belgian-open-2025	Senior Men -87kg	VAN DEN ENDEN Tom	NED	
belgian-open-2025	Senior Men -87kg	KINSANSI Steve	FRA	
belgian-open-2025	Senior Men -87kg	FRONDA Sandro	SWE	
belgian-open-2025	Senior Men -87kg	MEHNANA Nahil	FRA	3
belgian-open-2025	Senior Men +87kg	HEALY Jonathan	USA	1
belgian-open-2025	Senior Men +87kg	NIEVES TORRES Victor manuel	PUR	
belgian-open-2025	Senior Men +87kg	DIABY Boubacar	MLI	
belgian-open-2025	Senior Men +87kg	BADRIALIABADI Hamidreza	AZE	
belgian-open-2025	Senior Men +87kg	TELIKOSTOGLOU Apostolos	GRE	3
belgian-open-2025	Senior Men +87kg	GOMIS Paivou johnouario	GBS	3
belgian-open-2025	Senior Men +87kg	BRINK Kevin	SWE	
belgian-open-2025	Senior Men +87kg	BRADING Rasmus	SWE	
belgian-open-2025	Senior Men +87kg	EL YAZIDI Omar	FRA	2
belgian-open-2025	Senior Women -46kg	OKAZAKI Hinata	JPN	2
belgian-open-2025	Senior Women -46kg	MORENO MUNOZ Erkuden jinxin	ESP	
belgian-open-2025	Senior Women -46kg	GAYE Serrah	FRA	
belgian-open-2025	Senior Women -46kg	UZUN Sarah	NED	
belgian-open-2025	Senior Women -46kg	TAMMILA Ida-elina	FIN	
belgian-open-2025	Senior Women -46kg	ESTRADA Daphne	GUA	
belgian-open-2025	Senior Women -46kg	SAIGHI Lyamna	FRA	
belgian-open-2025	Senior Women -46kg	ZAMPETTI Sofia	ITA	3
belgian-open-2025	Senior Women -46kg	OKAMOTO Ruka	JPN	3
belgian-open-2025	Senior Women -46kg	SARDANA Claire	AUS	
belgian-open-2025	Senior Women -46kg	CARPENTIER Justine	CAN	
belgian-open-2025	Senior Women -46kg	GULIYEVA Salima	AZE	
belgian-open-2025	Senior Women -46kg	AKBAROVA Minaya	AZE	
belgian-open-2025	Senior Women -46kg	POOLKERD Patcharakan	THA	1
belgian-open-2025	Senior Women -46kg	AYDIN Asli	BEL	
belgian-open-2025	Senior Women -46kg	BARROSO Kiara	POR	
belgian-open-2025	Senior Women -49kg	PETERSON Ceili	GUY	
belgian-open-2025	Senior Women -49kg	CURA Yezda	GER	
belgian-open-2025	Senior Women -49kg	PEDROZO Beatriz	BRA	
belgian-open-2025	Senior Women -49kg	ISMAELPUR Paniz	AZE	
belgian-open-2025	Senior Women -49kg	OSMANOVA Samarrukh	AZE	3
belgian-open-2025	Senior Women -49kg	SEEKEN Kamonchanok	THA	1
belgian-open-2025	Senior Women -49kg	ZANZI Imene	FRA	
belgian-open-2025	Senior Women -49kg	VIEN Filippa	SWE	
belgian-open-2025	Senior Women -49kg	KAMKASOUMPHOU Maysane	FRA	
belgian-open-2025	Senior Women -49kg	ARTAGAME Ariela	USA	
belgian-open-2025	Senior Women -49kg	NSANGU MORALES June	ESP	
belgian-open-2025	Senior Women -49kg	FRASER Vilja	SWE	
belgian-open-2025	Senior Women -49kg	TOSI Emily	CAN	
belgian-open-2025	Senior Women -49kg	LAM Siu wai	HKG	3
belgian-open-2025	Senior Women -49kg	OCEGUERA Sophia	USA	2
belgian-open-2025	Senior Women -49kg	HASANZADE Zemfira	AZE	
belgian-open-2025	Senior Women -49kg	SWEENEY Tiarnagh	AUS	
belgian-open-2025	Senior Women -49kg	WAY Nicolle	GUA	
belgian-open-2025	Senior Women -49kg	MATA Maya	USA	
belgian-open-2025	Senior Women -53kg	KATOH Yuzuho	JPN	1
belgian-open-2025	Senior Women -53kg	MONSALES Joanna	AUS	
belgian-open-2025	Senior Women -53kg	CARPENTIER Vicky	CAN	
belgian-open-2025	Senior Women -53kg	KAMKASOUMPHOU Alliyah	FRA	
belgian-open-2025	Senior Women -53kg	DUMAS Mathilde	CAN	
belgian-open-2025	Senior Women -53kg	KHAN Laila	CAN	3
belgian-open-2025	Senior Women -53kg	MIRZAEE Zahro	RTA	
belgian-open-2025	Senior Women -53kg	SEGLAR Sarah	FRA	
belgian-open-2025	Senior Women -53kg	FOFANA Mah teninba	FRA	
belgian-open-2025	Senior Women -53kg	GRAFFE Lou	LUX	
belgian-open-2025	Senior Women -53kg	JONGKOLRATTANAWATTANA Chutikan	THA	
belgian-open-2025	Senior Women -53kg	KAMKASOUMPHOU Lenya	FRA	
belgian-open-2025	Senior Women -53kg	KARATZOGLIDI Maria	DEN	
belgian-open-2025	Senior Women -53kg	BENETTI Ines	FRA	
belgian-open-2025	Senior Women -53kg	PFAFF Marbele	GER	
belgian-open-2025	Senior Women -53kg	KARIMI Nuria	SLO	
belgian-open-2025	Senior Women -53kg	OUHADI Rabab	MON	2
belgian-open-2025	Senior Women -53kg	BUTTARELLI Aurelie	FRA	
belgian-open-2025	Senior Women -53kg	BODEN Indra	SWE	3
belgian-open-2025	Senior Women -53kg	LEHOUSSINE Sihem	FRA	
belgian-open-2025	Senior Women -53kg	MAMMADOVA Maryam	AZE	
belgian-open-2025	Senior Women -53kg	GIRE Ines	FRA	
belgian-open-2025	Senior Women -57kg	CARABIN Kanelya	FRA	1
belgian-open-2025	Senior Women -57kg	BULOW Alice	SWE	
belgian-open-2025	Senior Women -57kg	VAN DIJK Serena	SUR	
belgian-open-2025	Senior Women -57kg	NUNEZ Jordana	CAN	
belgian-open-2025	Senior Women -57kg	HARNSUJIN Phannapa	THA	
belgian-open-2025	Senior Women -57kg	WOLF Jessica	GER	
belgian-open-2025	Senior Women -57kg	DAGNET Divine luccia	FRA	
belgian-open-2025	Senior Women -57kg	VAN PASSEL Amelie	BEL	
belgian-open-2025	Senior Women -57kg	NISHIDA Mao	JPN	3
belgian-open-2025	Senior Women -57kg	CAUSSE Estelle	FRA	3
belgian-open-2025	Senior Women -57kg	SCHLEUSSINGER Inga	GER	
belgian-open-2025	Senior Women -57kg	BAEZ THOMAS Sofia	PUR	
belgian-open-2025	Senior Women -57kg	BANGURA Aisha	GER	
belgian-open-2025	Senior Women -57kg	SO Yuen ting	HKG	
belgian-open-2025	Senior Women -57kg	STEINKUELER Frieda margarethe	GER	
belgian-open-2025	Senior Women -57kg	ZAYTOUN Leila	QAT	
belgian-open-2025	Senior Women -57kg	VUKIC Margarita	CRO	2
belgian-open-2025	Senior Women -62kg	MARTON Viviana	HUN	3
belgian-open-2025	Senior Women -62kg	MANSOURI Leyla	BEL	
belgian-open-2025	Senior Women -62kg	AKESSON STANDIG Sofie	SWE	
belgian-open-2025	Senior Women -62kg	MANGEN Lennie	LUX	
belgian-open-2025	Senior Women -62kg	RUSKA Shanti	NED	
belgian-open-2025	Senior Women -62kg	JIMENEZ Irune	ESP	
belgian-open-2025	Senior Women -62kg	GJELSVIK Karoline	NOR	
belgian-open-2025	Senior Women -62kg	DOUCET Teeyah	FRA	
belgian-open-2025	Senior Women -62kg	KAZIMOVA Nargiz	AZE	
belgian-open-2025	Senior Women -62kg	LANGOUSTE-ASSOUMAYA Lyhana	FRA	
belgian-open-2025	Senior Women -62kg	FOURNIER Alexane	FRA	
belgian-open-2025	Senior Women -62kg	SANTOS Caroline	BRA	1
belgian-open-2025	Senior Women -62kg	STAMOU Daphne	GRE	
belgian-open-2025	Senior Women -62kg	TONGCHAN Sasikarn	THA	3
belgian-open-2025	Senior Women -62kg	MILAN  JULIA	BRA	
belgian-open-2025	Senior Women -62kg	FRANCESCHI Francesca maria	FRA	
belgian-open-2025	Senior Women -62kg	ANDERSSON Tindra	SWE	
belgian-open-2025	Senior Women -62kg	SJOVALL Mira	FIN	
belgian-open-2025	Senior Women -62kg	EK Isabella	SWE	
belgian-open-2025	Senior Women -62kg	SOTO CASTILLO Isuangelis	PUR	
belgian-open-2025	Senior Women -62kg	PRZYGODA Alina	GER	
belgian-open-2025	Senior Women -62kg	DAGNET Miliane haizel	FRA	
belgian-open-2025	Senior Women -62kg	BOUBACIR Madeenah	FRA	
belgian-open-2025	Senior Women -62kg	TALHA Nouhayla	BEL	
belgian-open-2025	Senior Women -62kg	ARELIC Ivana	CRO	2
belgian-open-2025	Senior Women -67kg	ANYANACHO Elizabeth oluchi	NGR	3
belgian-open-2025	Senior Women -67kg	BISMIR Salma	DEN	
belgian-open-2025	Senior Women -67kg	CHARRON Alexandra	CAN	
belgian-open-2025	Senior Women -67kg	MEDD Saskia	AUS	
belgian-open-2025	Senior Women -67kg	DIAZ ISABELA	PUR	
belgian-open-2025	Senior Women -67kg	NILSEN Mari romundset	NOR	
belgian-open-2025	Senior Women -67kg	CASPERSSON Alva	SWE	
belgian-open-2025	Senior Women -67kg	SJOBERG Frida	SWE	
belgian-open-2025	Senior Women -67kg	SKAPROVSKA Valeriia	AIN	2
belgian-open-2025	Senior Women -67kg	MEHNANA Ines	FRA	3
belgian-open-2025	Senior Women -67kg	MAJIDOVA Fatima	AZE	
belgian-open-2025	Senior Women -67kg	LOPEZ LAUREANO Valeria	PUR	
belgian-open-2025	Senior Women -67kg	FABER Isabelle	LUX	
belgian-open-2025	Senior Women -67kg	WARZECHA Alina	GER	
belgian-open-2025	Senior Women -67kg	GOUWS Emma	AUS	
belgian-open-2025	Senior Women -67kg	KILIC Melike	BEL	
belgian-open-2025	Senior Women -67kg	YOUKOUBOVA Karina	FRA	1
belgian-open-2025	Senior Women -73kg	DIAKITE Bintou	FRA	
belgian-open-2025	Senior Women -73kg	MARTON Luana	HUN	3
belgian-open-2025	Senior Women -73kg	AGUIRRE Fernanda	CHI	
belgian-open-2025	Senior Women -73kg	HUTZEN Hanna	GER	
belgian-open-2025	Senior Women -73kg	OSSIN Kimi laurene	CIV	1
belgian-open-2025	Senior Women -73kg	MACKAY Ruby	GBR	
belgian-open-2025	Senior Women -73kg	TEACHOUT Kristina	USA	2
belgian-open-2025	Senior Women -73kg	KURKAC Ilayda	GER	
belgian-open-2025	Senior Women -73kg	STEPHAN Antonia	GER	
belgian-open-2025	Senior Women -73kg	HELDNER Laura	SUI	
belgian-open-2025	Senior Women -73kg	SEELE Lisa-marie	GER	3
belgian-open-2025	Senior Women +73kg	HAMADACHE Emna	FRA	3
belgian-open-2025	Senior Women +73kg	KLOOSTERMAN Famke	NED	2
belgian-open-2025	Senior Women +73kg	URNAUT Nusa	SLO	
belgian-open-2025	Senior Women +73kg	AVOULETTE Solene	FRA	1
belgian-open-2025	Senior Women +73kg	HAWASH Dania	SWE	
belgian-open-2025	Senior Women +73kg	ROMAN TORRES Naishka	PUR	3
muju-grand-prix-challenge-2025	Senior Women -49kg	KIM Hyang-Gi	KOR	
muju-grand-prix-challenge-2025	Senior Women -49kg	JEONG Hye In	KOR	
muju-grand-prix-challenge-2025	Senior Women -49kg	TRUONG Thi kim tuyen	VIE	
muju-grand-prix-challenge-2025	Senior Women -49kg	ELAASAL Nezha	MAR	
muju-grand-prix-challenge-2025	Senior Women -49kg	BAUYRZHANOVA Nuray	KAZ	
muju-grand-prix-challenge-2025	Senior Women -49kg	FOFANA Mah teninba	FRA	
muju-grand-prix-challenge-2025	Senior Women -49kg	FAN Yu-Qiao	TPE	
muju-grand-prix-challenge-2025	Senior Women -49kg	KHASANOVA Laylo	UZB	
muju-grand-prix-challenge-2025	Senior Women -49kg	BARROSO Kiara	POR	
muju-grand-prix-challenge-2025	Senior Women -49kg	POOLKERD Patcharakan	THA	
muju-grand-prix-challenge-2025	Senior Women -49kg	XU Xinyu	CHN	
muju-grand-prix-challenge-2025	Senior Women -49kg	ROGOZINA Irina	AIN	
muju-grand-prix-challenge-2025	Senior Women -49kg	TAMBYRAJAH Saffron	AUS	
muju-grand-prix-challenge-2025	Senior Women -49kg	OKAMOTO Ruka	JPN	
muju-grand-prix-challenge-2025	Senior Women -49kg	ANGELOVA Alisa	AIN	2
muju-grand-prix-challenge-2025	Senior Women -49kg	SHONIYOZOVA Madina	UZB	
muju-grand-prix-challenge-2025	Senior Women -49kg	BAMA Ida Kevine	BUR	
muju-grand-prix-challenge-2025	Senior Women -49kg	TOSI Emily	CAN	
muju-grand-prix-challenge-2025	Senior Women -49kg	OKAZAKI Hinata	JPN	
muju-grand-prix-challenge-2025	Senior Women -49kg	HUANG Ying Hsuan	TPE	
muju-grand-prix-challenge-2025	Senior Women -49kg	CHIANG Chih Yun	TPE	
muju-grand-prix-challenge-2025	Senior Women -49kg	EREMINA Viktoriya	AIN	
muju-grand-prix-challenge-2025	Senior Women -49kg	MATA Maya	USA	
muju-grand-prix-challenge-2025	Senior Women -49kg	TOUZANI Farah	MAR	
muju-grand-prix-challenge-2025	Senior Women -49kg	OCEGUERA Sophia	USA	
muju-grand-prix-challenge-2025	Senior Women -49kg	BAYECH Rivka	ISR	
muju-grand-prix-challenge-2025	Senior Women -49kg	BEZERRA Camila	BRA	
muju-grand-prix-challenge-2025	Senior Women -49kg	AKHMEDOVA Nodira	KAZ	3
muju-grand-prix-challenge-2025	Senior Women -49kg	DIAZ ARRIBAS Violeta	ESP	
muju-grand-prix-challenge-2025	Senior Women -49kg	TANGIROVA Dilnoza	UZB	
muju-grand-prix-challenge-2025	Senior Women -49kg	LEE Ye-Ji	KOR	1
muju-grand-prix-challenge-2025	Senior Women -49kg	DAN (DANSHYNA) Oleksandra	ISR	
muju-grand-prix-challenge-2025	Senior Women -49kg	MEDVEDEVA Galina	AIN	
muju-grand-prix-challenge-2025	Senior Women -49kg	BARROS Nivea	BRA	
muju-grand-prix-challenge-2025	Senior Women -49kg	ALKHAWAHR Rahmah abdulmanam a	KSA	
muju-grand-prix-challenge-2025	Senior Women -49kg	KU Jihyun	KOR	
muju-grand-prix-challenge-2025	Senior Women -49kg	SEEKEN Kamonchanok	THA	
muju-grand-prix-challenge-2025	Senior Men -80kg	KATOUSI Firas	TUN	
muju-grand-prix-challenge-2025	Senior Men -80kg	NTYAM LEVODO Da	CMR	
muju-grand-prix-challenge-2025	Senior Men -80kg	MENG Mingkuan	CHN	
muju-grand-prix-challenge-2025	Senior Men -80kg	MERCER Jack woody	THA	
muju-grand-prix-challenge-2025	Senior Men -80kg	SITTEK Tomas	CZE	
muju-grand-prix-challenge-2025	Senior Men -80kg	HUNG Jiun-Yi	TPE	
muju-grand-prix-challenge-2025	Senior Men -80kg	CHUA James	USA	
muju-grand-prix-challenge-2025	Senior Men -80kg	HAMEDI Tareg Ali	KSA	
muju-grand-prix-challenge-2025	Senior Men -80kg	RODRIGUES Victor	USA	
muju-grand-prix-challenge-2025	Senior Men -80kg	MANSOURI Farzad	TRT	
muju-grand-prix-challenge-2025	Senior Men -80kg	JUNG Jae Hun	KOR	
muju-grand-prix-challenge-2025	Senior Men -80kg	KANG Jaegwon	KOR	2
muju-grand-prix-challenge-2025	Senior Men -80kg	SHANAFELT Noah	USA	
muju-grand-prix-challenge-2025	Senior Men -80kg	SLEPOV Stepan	AIN	
muju-grand-prix-challenge-2025	Senior Men -80kg	TURAVINAU Raman	AIN	
muju-grand-prix-challenge-2025	Senior Men -80kg	KATOH Takato	JPN	
muju-grand-prix-challenge-2025	Senior Men -80kg	TSAI Sheng-Liang	TPE	
muju-grand-prix-challenge-2025	Senior Men -80kg	EL YAQINI Ayoub	MAR	
muju-grand-prix-challenge-2025	Senior Men -80kg	TOLEUGALI Batyrkhan	KAZ	
muju-grand-prix-challenge-2025	Senior Men -80kg	SAWADOGO Faysal	BUR	
muju-grand-prix-challenge-2025	Senior Men -80kg	SAEJO Thanathorn	THA	
muju-grand-prix-challenge-2025	Senior Men -80kg	POS Ivan	AIN	
muju-grand-prix-challenge-2025	Senior Men -80kg	MYTAREV Artem	AIN	
muju-grand-prix-challenge-2025	Senior Men -80kg	ZARHOUTI Haitam	MAR	
muju-grand-prix-challenge-2025	Senior Men -80kg	MILAN CANOVAS Juan antonio	ESP	
muju-grand-prix-challenge-2025	Senior Men -80kg	ABDOUNI Abdelhamid	MAR	
muju-grand-prix-challenge-2025	Senior Men -80kg	GATIIATULLIN Timur	AIN	
muju-grand-prix-challenge-2025	Senior Men -80kg	JOCHMAN Adam	CZE	
muju-grand-prix-challenge-2025	Senior Men -80kg	RODRIGUES FERNANDES Henrique M.	BRA	3
muju-grand-prix-challenge-2025	Senior Men -80kg	BOUZID SOUIHILI Is	FRA	
muju-grand-prix-challenge-2025	Senior Men -80kg	AN Tae-Hyun	KOR	
muju-grand-prix-challenge-2025	Senior Men -80kg	KIM Jung Je	KOR	
muju-grand-prix-challenge-2025	Senior Men -80kg	MARIPOV Abdurakhmon	KAZ	
muju-grand-prix-challenge-2025	Senior Men -80kg	QUESADA BARRERA Daniel	ESP	
muju-grand-prix-challenge-2025	Senior Men -80kg	ZHAO Junbo	CHN	
muju-grand-prix-challenge-2025	Senior Men -80kg	BEN ELBACARIA Ah	MAR	
muju-grand-prix-challenge-2025	Senior Men -80kg	BROWN Nathaniel	ZIM	
muju-grand-prix-challenge-2025	Senior Men -80kg	NICKOLAS Cj	USA	1
muju-grand-prix-challenge-2025	Senior Men -68kg	MAIGA Ibrahim	BUR	
muju-grand-prix-challenge-2025	Senior Men -68kg	AVIDAN Ben	ISR	
muju-grand-prix-challenge-2025	Senior Men -68kg	KE Siang Han	TPE	
muju-grand-prix-challenge-2025	Senior Men -68kg	DANILOV Ilia	AIN	
muju-grand-prix-challenge-2025	Senior Men -68kg	ALBAKER Abed Almaj	TRT	
muju-grand-prix-challenge-2025	Senior Men -68kg	DOS SANTOS MORAIS Guilherme	BRA	
muju-grand-prix-challenge-2025	Senior Men -68kg	SALANOVA LISTE Adr	ESP	
muju-grand-prix-challenge-2025	Senior Men -68kg	TIRANVALIPOUR Hadi	TRT	
muju-grand-prix-challenge-2025	Senior Men -68kg	HUANG Yu Jui	TPE	
muju-grand-prix-challenge-2025	Senior Men -68kg	SHISHKO Dmitrii	AIN	
muju-grand-prix-challenge-2025	Senior Men -68kg	MINER Nathen	USA	
muju-grand-prix-challenge-2025	Senior Men -68kg	SOUZA DINIZ Joao victor	BRA	
muju-grand-prix-challenge-2025	Senior Men -68kg	ABAD EXPOSITO Iker	ESP	
muju-grand-prix-challenge-2025	Senior Men -68kg	RAMAZANOV Khan	AIN	
muju-grand-prix-challenge-2025	Senior Men -68kg	NIKOLOVSKI Xavier	AUS	
muju-grand-prix-challenge-2025	Senior Men -68kg	DIAO Lixingjun	CHN	
muju-grand-prix-challenge-2025	Senior Men -68kg	DASHDAVAA Chinzorig	MGL	
muju-grand-prix-challenge-2025	Senior Men -68kg	SRITIMONGKOL Napat	THA	
muju-grand-prix-challenge-2025	Senior Men -68kg	JUNG Woo-Hyeok	KOR	2
muju-grand-prix-challenge-2025	Senior Men -68kg	SEONG Yuhyeon	KOR	
muju-grand-prix-challenge-2025	Senior Men -68kg	CAPUANO Lorenzo	FRA	
muju-grand-prix-challenge-2025	Senior Men -68kg	TCAKOEV Sarmat	AIN	
muju-grand-prix-challenge-2025	Senior Men -68kg	YAN Lei	CHN	
muju-grand-prix-challenge-2025	Senior Men -68kg	HOWELL Matthew	GBR	
muju-grand-prix-challenge-2025	Senior Men -68kg	VICENTE YUNTA Adrian	ESP	
muju-grand-prix-challenge-2025	Senior Men -68kg	RAJABOV Islombek	UZB	
muju-grand-prix-challenge-2025	Senior Men -68kg	JIN Ho-Jun	KOR	
muju-grand-prix-challenge-2025	Senior Men -68kg	HSU Hao-Yu	TPE	
muju-grand-prix-challenge-2025	Senior Men -68kg	AL HARBI Mohamme	KSA	
muju-grand-prix-challenge-2025	Senior Men -68kg	SHULENOV Damir	KAZ	3
muju-grand-prix-challenge-2025	Senior Men -68kg	RODRIGUEZ Maikol	USA	
muju-grand-prix-challenge-2025	Senior Men -68kg	ALHUSSEIN Mahmoud	TRT	
muju-grand-prix-challenge-2025	Senior Men -68kg	CHEN Yufan	CHN	
muju-grand-prix-challenge-2025	Senior Men -68kg	GHALI Zakaria mohammed	KSA	
muju-grand-prix-challenge-2025	Senior Men -68kg	PINEDA Diego	USA	
muju-grand-prix-challenge-2025	Senior Men -68kg	CHRZANOWSKI Mateusz	POL	
muju-grand-prix-challenge-2025	Senior Men -68kg	ALAPHILIPPE Souley	FRA	
muju-grand-prix-challenge-2025	Senior Men -68kg	BENAOUDA Zakaria	CAN	
muju-grand-prix-challenge-2025	Senior Men -68kg	GAZEZ Nurbek	KAZ	
muju-grand-prix-challenge-2025	Senior Men -68kg	SUMMERFIELD Matthew	AUS	
muju-grand-prix-challenge-2025	Senior Men -68kg	dos SANTOS de ASSI	BRA	
muju-grand-prix-challenge-2025	Senior Men -68kg	RAVET Cyrian	FRA	
muju-grand-prix-challenge-2025	Senior Men -68kg	NIU Guansen	CHN	
muju-grand-prix-challenge-2025	Senior Men -68kg	ORCHARD Lachlan	AUS	
muju-grand-prix-challenge-2025	Senior Men -68kg	LEE Sang Ryeol	KOR	
muju-grand-prix-challenge-2025	Senior Men -68kg	HARRIS Khalfani	USA	
muju-grand-prix-challenge-2025	Senior Men -68kg	MAGERRAMOV Dzhavid	AIN	
muju-grand-prix-challenge-2025	Senior Men -68kg	TUBTIMDANG Banlung	THA	1
muju-grand-prix-challenge-2025	Senior Women +67kg	LAURIN Althea	FRA	
muju-grand-prix-challenge-2025	Senior Women +67kg	KOSMYCHEVA Anastasiia	AIN	1
muju-grand-prix-challenge-2025	Senior Women +67kg	LAMDARDAR Khadija	MAR	
muju-grand-prix-challenge-2025	Senior Women +67kg	YOON Do Hee	KOR	
muju-grand-prix-challenge-2025	Senior Women +67kg	MUSLIMOVA Linara	AIN	
muju-grand-prix-challenge-2025	Senior Women +67kg	NAMGUNG Seoyeon	KOR	
muju-grand-prix-challenge-2025	Senior Women +67kg	KECK Hannah	USA	
muju-grand-prix-challenge-2025	Senior Women +67kg	WILLIAMS Lauren	GBR	3
muju-grand-prix-challenge-2025	Senior Women +67kg	CHEN Pei-Yu	TPE	
muju-grand-prix-challenge-2025	Senior Women +67kg	MAKHMUTOVA Nazym	KAZ	
muju-grand-prix-challenge-2025	Senior Women +67kg	AVOULETTE Solene	FRA	
muju-grand-prix-challenge-2025	Senior Women +67kg	FOUNTAIN Rachel	CAN	
muju-grand-prix-challenge-2025	Senior Women +67kg	ZHAO Ziting	CHN	
muju-grand-prix-challenge-2025	Senior Women +67kg	MORAN ROMERO Belen	ESP	
muju-grand-prix-challenge-2025	Senior Women +67kg	CASTINEIRA ETCHEVERRIA Tania	ESP	
muju-grand-prix-challenge-2025	Senior Women +67kg	KOWALCZUK Aleksandra	POL	
muju-grand-prix-challenge-2025	Senior Women +67kg	VALLO ZURDO Ane	ESP	
muju-grand-prix-challenge-2025	Senior Women +67kg	STEPANOVA Elizaveta	AIN	
muju-grand-prix-challenge-2025	Senior Women +67kg	STEWART Reba	AUS	
muju-grand-prix-challenge-2025	Senior Women +67kg	WANG Huan	CHN	
muju-grand-prix-challenge-2025	Senior Women +67kg	CHIN I Chun	TPE	
muju-grand-prix-challenge-2025	Senior Women +67kg	SONG da Bin	KOR	2
muju-grand-prix-challenge-2025	Senior Women +67kg	GRABOT Sarah	USA	
muju-grand-prix-challenge-2025	Senior Women +67kg	NOH Huiseung	KOR	
muju-grand-prix-challenge-2025	Senior Women +67kg	GARCIA SUAREZ Helena	ESP	
muju-grand-prix-challenge-2025	Senior Women +67kg	ADEBAIO Kristina	AIN	
muju-grand-prix-challenge-2025	Senior Women +67kg	VIANA Alena	USA	
muju-grand-prix-challenge-2025	Senior Women +67kg	HAREMZA Dagmara	POL	
muju-grand-prix-challenge-2025	Senior Men -58kg	PARK Tae-Joon	KOR	
muju-grand-prix-challenge-2025	Senior Men -58kg	GOMES PEREIRA M	BRA	
muju-grand-prix-challenge-2025	Senior Men -58kg	HASSAN M BUHARI Muteb	KSA	
muju-grand-prix-challenge-2025	Senior Men -58kg	OHARA Ryusei	JPN	
muju-grand-prix-challenge-2025	Senior Men -58kg	ALALLW Mohammad	TRT	
muju-grand-prix-challenge-2025	Senior Men -58kg	RUKUNDO Guy Gerli	TRT	
muju-grand-prix-challenge-2025	Senior Men -58kg	MANSUROV Kamronbek	UZB	
muju-grand-prix-challenge-2025	Senior Men -58kg	TLEULES Tamirlan	KAZ	3
muju-grand-prix-challenge-2025	Senior Men -58kg	PORTILLO SANTA	CAN	
muju-grand-prix-challenge-2025	Senior Men -58kg	BOUKARNIA Amine	FRA	
muju-grand-prix-challenge-2025	Senior Men -58kg	AN Hyang Sik	KOR	
muju-grand-prix-challenge-2025	Senior Men -58kg	LI Ci En	TPE	
muju-grand-prix-challenge-2025	Senior Men -58kg	PASHCOVSKY Tom	ISR	
muju-grand-prix-challenge-2025	Senior Men -58kg	FRAILE RODRIGUEZ Jesus	ESP	
muju-grand-prix-challenge-2025	Senior Men -58kg	OTEGEN Askar	KAZ	
muju-grand-prix-challenge-2025	Senior Men -58kg	ALMUSHRAF Abdullah essa a	KSA	
muju-grand-prix-challenge-2025	Senior Men -58kg	PAN Kuei-An	TPE	
muju-grand-prix-challenge-2025	Senior Men -58kg	DZHIOEV Igor	AIN	
muju-grand-prix-challenge-2025	Senior Men -58kg	ESCOLAR PARRA Iva	ESP	
muju-grand-prix-challenge-2025	Senior Men -58kg	BAE Jun-Seo	KOR	1
muju-grand-prix-challenge-2025	Senior Men -58kg	SGHIR Anas	CAN	
muju-grand-prix-challenge-2025	Senior Men -58kg	MIRAYIMOV Mirdiyor	UZB	
muju-grand-prix-challenge-2025	Senior Men -58kg	BALAKHNEEV Dmitriy	AIN	
muju-grand-prix-challenge-2025	Senior Men -58kg	GANTULGA Enkhbayar	MGL	
muju-grand-prix-challenge-2025	Senior Men -58kg	HAMDI Riad nasser a	KSA	
muju-grand-prix-challenge-2025	Senior Men -58kg	ALESIO CAPOLINI Mathis	FRA	
muju-grand-prix-challenge-2025	Senior Men -58kg	CARRILLO Joseph	USA	
muju-grand-prix-challenge-2025	Senior Men -58kg	ISLAMOV Zhavokhirkhon	KAZ	
muju-grand-prix-challenge-2025	Senior Men -58kg	OTAJONOV Omonjon	UZB	
muju-grand-prix-challenge-2025	Senior Men -58kg	FANG Zheng	CHN	
muju-grand-prix-challenge-2025	Senior Men -58kg	OTERO SOUSA Javier	ESP	
muju-grand-prix-challenge-2025	Senior Men -58kg	MAHAMAD Sirawit	THA	
muju-grand-prix-challenge-2025	Senior Men -58kg	HUANG Kefen	CHN	
muju-grand-prix-challenge-2025	Senior Men -58kg	GUSEINOV Damir	AIN	
muju-grand-prix-challenge-2025	Senior Men -58kg	CUNNINGHAM William	USA	
muju-grand-prix-challenge-2025	Senior Men -58kg	YONDONJAMTS Purevdash	MGL	
muju-grand-prix-challenge-2025	Senior Men -58kg	GUN Youngsuk ethan	USA	
muju-grand-prix-challenge-2025	Senior Men -58kg	GRITSENKO Vladimir	AIN	
muju-grand-prix-challenge-2025	Senior Men -58kg	MONTONE Luca	AUS	
muju-grand-prix-challenge-2025	Senior Men -58kg	TAECHARATTANAWIBOO	THA	
muju-grand-prix-challenge-2025	Senior Men -58kg	KAZLOU Yahor	AIN	
muju-grand-prix-challenge-2025	Senior Men -58kg	HUANG Cho-Cheng	TPE	
muju-grand-prix-challenge-2025	Senior Men -58kg	KIM Jongmyeong	KOR	2
muju-grand-prix-challenge-2025	Senior Men -58kg	QIAN Jiacai	CHN	
muju-grand-prix-challenge-2025	Senior Men -58kg	CHEN Pen-Ren	TPE	
muju-grand-prix-challenge-2025	Senior Men -58kg	ALQUMIZI Abdullah	KSA	
muju-grand-prix-challenge-2025	Senior Men -58kg	GARCIA Noah	POR	
muju-grand-prix-challenge-2025	Senior Men -58kg	PATISHI Ori	ISR	
muju-grand-prix-challenge-2025	Senior Men -58kg	LEE Colin	USA	
muju-grand-prix-challenge-2025	Senior Men -58kg	GURTSIEV Georgii	AIN	
muju-grand-prix-challenge-2025	Senior Women -67kg	SOBIRJONOVA Ozoda	UZB	2
muju-grand-prix-challenge-2025	Senior Women -67kg	GROSSI Sophia Cleli	CAN	
muju-grand-prix-challenge-2025	Senior Women -67kg	LAARAJ Nada	MAR	
muju-grand-prix-challenge-2025	Senior Women -67kg	NOWAK Julia	POL	
muju-grand-prix-challenge-2025	Senior Women -67kg	CHUA Chloe	USA	
muju-grand-prix-challenge-2025	Senior Women -67kg	HONG Hyo Rim	KOR	
muju-grand-prix-challenge-2025	Senior Women -67kg	BAC Thi Khiem	VIE	
muju-grand-prix-challenge-2025	Senior Women -67kg	FATIMA-ZAHRA Ennams	MAR	
muju-grand-prix-challenge-2025	Senior Women -67kg	MEHNANA Ines	FRA	
muju-grand-prix-challenge-2025	Senior Women -67kg	KHUZINA Liliia	AIN	
muju-grand-prix-challenge-2025	Senior Women -67kg	REILLY Megan	USA	
muju-grand-prix-challenge-2025	Senior Women -67kg	SKVORTSOVA Kira	AIN	
muju-grand-prix-challenge-2025	Senior Women -67kg	LEE Gaeun	KOR	
muju-grand-prix-challenge-2025	Senior Women -67kg	ROBERTS Chloe	GBR	
muju-grand-prix-challenge-2025	Senior Women -67kg	MURRAY Rebecca	AUS	
muju-grand-prix-challenge-2025	Senior Women -67kg	ZIABLITCEVA Anna	AIN	
muju-grand-prix-challenge-2025	Senior Women -67kg	MORENO REYES Lena	ESP	3
muju-grand-prix-challenge-2025	Senior Women -67kg	TONGCHAN Sasikarn	THA	
muju-grand-prix-challenge-2025	Senior Women -67kg	SHEN Zinuo	CHN	
muju-grand-prix-challenge-2025	Senior Women -67kg	KHAYITOVA Sevinch	UZB	
muju-grand-prix-challenge-2025	Senior Women -67kg	CHANG Jui-En	TPE	
muju-grand-prix-challenge-2025	Senior Women -67kg	TITONELI Milena	BRA	
muju-grand-prix-challenge-2025	Senior Women -67kg	AZIZOVA Diyorakhon	UZB	
muju-grand-prix-challenge-2025	Senior Women -67kg	MWECHANDE Selina Z	KEN	
muju-grand-prix-challenge-2025	Senior Women -67kg	KWAK Min-Ju	KOR	
muju-grand-prix-challenge-2025	Senior Women -67kg	STOLBOVA Petra	CZE	
muju-grand-prix-challenge-2025	Senior Women -67kg	SMYCHKOVA Valeryia	AIN	
muju-grand-prix-challenge-2025	Senior Women -67kg	YEOM Eun Been	KOR	
muju-grand-prix-challenge-2025	Senior Women -67kg	POWELL Aaliyah	GBR	
muju-grand-prix-challenge-2025	Senior Women -67kg	KHUSSAINOVA Nuray	KAZ	
muju-grand-prix-challenge-2025	Senior Women -67kg	BANNOVA Anastasiia	AIN	
muju-grand-prix-challenge-2025	Senior Women -67kg	LEWIS Kylie	USA	
muju-grand-prix-challenge-2025	Senior Women -67kg	TEACHOUT Kristina	USA	1
muju-grand-prix-challenge-2025	Senior Men +80kg	CUNNINGHAM Caden	GBR	
muju-grand-prix-challenge-2025	Senior Men +80kg	SALAEV Shukhrat	UZB	
muju-grand-prix-challenge-2025	Senior Men +80kg	SON Tae Hwan	KOR	
muju-grand-prix-challenge-2025	Senior Men +80kg	CHEN Liang-Hsi	TPE	
muju-grand-prix-challenge-2025	Senior Men +80kg	HAREMZA Krystian	POL	
muju-grand-prix-challenge-2025	Senior Men +80kg	EL YAZIDI Omar	FRA	
muju-grand-prix-challenge-2025	Senior Men +80kg	WANG Zedong	CHN	
muju-grand-prix-challenge-2025	Senior Men +80kg	MOISE III Frantz	USA	
muju-grand-prix-challenge-2025	Senior Men +80kg	KANG Sanghyun	KOR	
muju-grand-prix-challenge-2025	Senior Men +80kg	AIUKAEV Rafail	AIN	2
muju-grand-prix-challenge-2025	Senior Men +80kg	ALKHAIBARI Ali mabruk s	KSA	
muju-grand-prix-challenge-2025	Senior Men +80kg	KHASSENOV Bauyrzhan	KAZ	
muju-grand-prix-challenge-2025	Senior Men +80kg	MEHNANA Nahil	FRA	
muju-grand-prix-challenge-2025	Senior Men +80kg	PLONIS Artsiom	AIN	
muju-grand-prix-challenge-2025	Senior Men +80kg	RAHALI Ahmed	MAR	
muju-grand-prix-challenge-2025	Senior Men +80kg	HUANG Yu-Jen	TPE	
muju-grand-prix-challenge-2025	Senior Men +80kg	PARK Woo Hyeok	KOR	
muju-grand-prix-challenge-2025	Senior Men +80kg	PIATKOWSKI Szymon	POL	
muju-grand-prix-challenge-2025	Senior Men +80kg	MAVLONOV Marat	UZB	
muju-grand-prix-challenge-2025	Senior Men +80kg	CARLO Nicholas	USA	
muju-grand-prix-challenge-2025	Senior Men +80kg	DIALLO Ibrahima	GUI	
muju-grand-prix-challenge-2025	Senior Men +80kg	ZAKARIA Khouyyar	MAR	
muju-grand-prix-challenge-2025	Senior Men +80kg	STILLEY Aiden	AUS	
muju-grand-prix-challenge-2025	Senior Men +80kg	ZHURABOEV Yodgorbek	UZB	
muju-grand-prix-challenge-2025	Senior Men +80kg	TARCHYLA Aliaksei	AIN	
muju-grand-prix-challenge-2025	Senior Men +80kg	WAFULA Innocent	KEN	
muju-grand-prix-challenge-2025	Senior Men +80kg	GARCIA MARTINEZ Ivan	ESP	1
muju-grand-prix-challenge-2025	Senior Men +80kg	TROITINO AMOEDO Sergio	ESP	
muju-grand-prix-challenge-2025	Senior Men +80kg	NOAH BEKADA Flori	CMR	
muju-grand-prix-challenge-2025	Senior Men +80kg	LEE Jun Seo	KOR	
muju-grand-prix-challenge-2025	Senior Men +80kg	KABLAN Beibarys	KAZ	
muju-grand-prix-challenge-2025	Senior Men +80kg	IFAOUI Motaz	TUN	
muju-grand-prix-challenge-2025	Senior Men +80kg	LARIN Vladislav	AIN	3
muju-grand-prix-challenge-2025	Senior Men +80kg	LIU Zhaoyang	CHN	
muju-grand-prix-challenge-2025	Senior Men +80kg	LEE Meng-En	TPE	
muju-grand-prix-challenge-2025	Senior Men +80kg	HEALY Jonathan	USA	
muju-grand-prix-challenge-2025	Senior Women -57kg	KIM Yu-Jin	KOR	2
muju-grand-prix-challenge-2025	Senior Women -57kg	EFITSENKO Sofia	AIN	
muju-grand-prix-challenge-2025	Senior Women -57kg	PHAM Ngoc Cham	VIE	
muju-grand-prix-challenge-2025	Senior Women -57kg	HRONOVA Dominika	CZE	
muju-grand-prix-challenge-2025	Senior Women -57kg	ORTIZ BENITO Arlet	ESP	
muju-grand-prix-challenge-2025	Senior Women -57kg	DEHHAOUI Amina	MAR	
muju-grand-prix-challenge-2025	Senior Women -57kg	JONGKOLRATTANA	THA	
muju-grand-prix-challenge-2025	Senior Women -57kg	MERIEME Khoulal	MAR	
muju-grand-prix-challenge-2025	Senior Women -57kg	BLEWITT Gabriella	AUS	
muju-grand-prix-challenge-2025	Senior Women -57kg	KADEWERE Britney chipo	ZIM	
muju-grand-prix-challenge-2025	Senior Women -57kg	ABUTALEB Dunya ali m	KSA	
muju-grand-prix-challenge-2025	Senior Women -57kg	CARABIN Kanelya	FRA	
muju-grand-prix-challenge-2025	Senior Women -57kg	YANG Junli	CHN	
muju-grand-prix-challenge-2025	Senior Women -57kg	AHN Hye Young	KOR	
muju-grand-prix-challenge-2025	Senior Women -57kg	SMITH Teigan	GBR	
muju-grand-prix-challenge-2025	Senior Women -57kg	DILLON Faith	USA	3
muju-grand-prix-challenge-2025	Senior Women -57kg	BLIZNIAKOVA Margarita	AIN	
muju-grand-prix-challenge-2025	Senior Women -57kg	KATOH Yuzuho	JPN	
muju-grand-prix-challenge-2025	Senior Women -57kg	AIMUKASHEVA Kamila	KAZ	
muju-grand-prix-challenge-2025	Senior Women -57kg	WASSANA Natkamon	THA	
muju-grand-prix-challenge-2025	Senior Women -57kg	KIM Gahyeon	KOR	
muju-grand-prix-challenge-2025	Senior Women -57kg	PACHECO Maria Clara	BRA	1
muju-grand-prix-challenge-2025	Senior Women -57kg	KIM Sowon	KOR	
muju-grand-prix-challenge-2025	Senior Women -57kg	GU Wenjing	CHN	
muju-grand-prix-challenge-2025	Senior Women -57kg	RODRIGUEZ MARQUINA Laura	ESP	
muju-grand-prix-challenge-2025	Senior Women -57kg	ZHANG Chuling	CHN	
muju-grand-prix-challenge-2025	Senior Women -57kg	MIRABZALOVA Madina	UZB	
muju-grand-prix-challenge-2025	Senior Women -57kg	LIN Wei-Chun	TPE	
muju-grand-prix-challenge-2025	Senior Women -57kg	ABDUVALIEVA Shabona	UZB	
muju-grand-prix-challenge-2025	Senior Women -57kg	KAO Hsin-Yi	TPE	
muju-grand-prix-challenge-2025	Senior Women -57kg	VITKO Yuliya	AIN	
muju-grand-prix-challenge-2025	Senior Women -57kg	PEREZ PARRADO Alma maria	ESP	
muju-grand-prix-challenge-2025	Senior Women -57kg	YANG Qingmei	CHN	
muju-grand-prix-challenge-2025	Senior Women -57kg	COX Caitlyn	USA	
muju-grand-prix-challenge-2025	Senior Women -57kg	HYMER Stacey	AUS	
muju-grand-prix-challenge-2025	Senior Women -57kg	EL BOUCHTI Oumaima	MAR	
muju-grand-prix-challenge-2025	Senior Women -57kg	NISHIDA Mao	JPN	
muju-grand-prix-challenge-2025	Senior Women -57kg	SEVOSTYANOVA Mariya	KAZ	
muju-grand-prix-challenge-2025	Senior Women -57kg	TRAN Thi Anh Tuyet	VIE	
muju-grand-prix-challenge-2025	Senior Women -57kg	VO Jayda	USA	
muju-grand-prix-challenge-2025	Senior Women -57kg	TOUMI Chaima	TUN	
presidents-cup-america-2025	Senior Men -87kg	STEWART Jordan	CAN	
presidents-cup-america-2025	Senior Men -87kg	RAMOS Juan Luis	CHI	
presidents-cup-america-2025	Senior Men -87kg	CHAN Jack	BRA	
presidents-cup-america-2025	Senior Men -87kg	ALEJANDRO-VARGAS Diego	PUR	3
presidents-cup-america-2025	Senior Men -87kg	SOUZA Allif	BRA	
presidents-cup-america-2025	Senior Men -87kg	OSORIO Yesid F.	PUR	
presidents-cup-america-2025	Senior Men -87kg	CORRO Thiago Joaqu	ARG	
presidents-cup-america-2025	Senior Men -87kg	MARTINS Icaro Miguel	BRA	1
presidents-cup-america-2025	Senior Men -87kg	NAVARRO Oscar	MEX	
presidents-cup-america-2025	Senior Men -87kg	GONZALEZ Gabriel	WT	
presidents-cup-america-2025	Senior Men -87kg	CHAVEZ Josue	PER	
presidents-cup-america-2025	Senior Men -87kg	GONCALVES Luiz Eduardo	BRA	2
presidents-cup-america-2025	Senior Men -87kg	HENRY Jonathan	USA	
presidents-cup-america-2025	Senior Men -87kg	RAMIREZ Victor Arm	MEX	
presidents-cup-america-2025	Senior Men -87kg	SOUZA Leandro	BRA	3
presidents-cup-america-2025	Senior Men -87kg	RODRIGUEZ Michael c.	USA	
presidents-cup-america-2025	Senior Men -80kg	CHURCHILL Joaquin	CHI	2
presidents-cup-america-2025	Senior Men -80kg	BOURIEL Ayoub	CAN	
presidents-cup-america-2025	Senior Men -80kg	RIBEIRO Nickollas	BRA	
presidents-cup-america-2025	Senior Men -80kg	ANDRADE Hassani	PER	
presidents-cup-america-2025	Senior Men -80kg	LARA Francisco	ESA	
presidents-cup-america-2025	Senior Men -80kg	SEALY. Brandon	JAM	
presidents-cup-america-2025	Senior Men -80kg	CASAS Iker	MEX	
presidents-cup-america-2025	Senior Men -80kg	GOMEZTAGLE Uriel	MEX	
presidents-cup-america-2025	Senior Men -80kg	FLORES Alejandro	WT	
presidents-cup-america-2025	Senior Men -80kg	DI Mateo	ARG	
presidents-cup-america-2025	Senior Men -80kg	POTVIN Maxime	CAN	
presidents-cup-america-2025	Senior Men -80kg	TREJOS Miguel	COL	3
presidents-cup-america-2025	Senior Men -80kg	GONZALEZ Alejandro	PUR	
presidents-cup-america-2025	Senior Men -80kg	PARK Tae Ku	CAN	
presidents-cup-america-2025	Senior Men -80kg	MEIRELLES Arthur	BRA	
presidents-cup-america-2025	Senior Men -80kg	MERCIER Charlelie	CAN	
presidents-cup-america-2025	Senior Men -80kg	CORONADO Axel Javi	MEX	
presidents-cup-america-2025	Senior Men -80kg	YOUNG Isaiah	USA	3
presidents-cup-america-2025	Senior Men -80kg	RODRIGUES Diego	BRA	
presidents-cup-america-2025	Senior Men -80kg	HURTADO Jose Migue	MEX	
presidents-cup-america-2025	Senior Men -80kg	HILAL Yassine	CAN	
presidents-cup-america-2025	Senior Men -80kg	NDE Aurele Tcheh	CAN	
presidents-cup-america-2025	Senior Men -80kg	CANALES Ian Pablo	MEX	
presidents-cup-america-2025	Senior Men -80kg	RODRIGUES Henrique Marques	BRA	1
presidents-cup-america-2025	Senior Men -74kg	RODRIGUES Victor	USA	2
presidents-cup-america-2025	Senior Men -74kg	POLICELI Santino	ARG	
presidents-cup-america-2025	Senior Men -74kg	MCCRAY Josiah	USA	
presidents-cup-america-2025	Senior Men -74kg	BENAOUDA Zakaria	CAN	
presidents-cup-america-2025	Senior Men -74kg	SILVA Henrique	BRA	
presidents-cup-america-2025	Senior Men -74kg	BECERRA Mario	CHI	
presidents-cup-america-2025	Senior Men -74kg	ROMMEL Luis Ricard	PER	
presidents-cup-america-2025	Senior Men -74kg	BENITEZ Adrian	PUR	
presidents-cup-america-2025	Senior Men -74kg	WILCOX Sheldon	USA	3
presidents-cup-america-2025	Senior Men -74kg	DOS Daniel Rogerio	BRA	
presidents-cup-america-2025	Senior Men -74kg	GONZALEZ Federico	URU	
presidents-cup-america-2025	Senior Men -74kg	NAVA Ruben	MEX	
presidents-cup-america-2025	Senior Men -74kg	PINAS Samaki	SUR	
presidents-cup-america-2025	Senior Men -74kg	SAENZ Martin Javie	ECU	
presidents-cup-america-2025	Senior Men -74kg	DE Nicolas	BRA	
presidents-cup-america-2025	Senior Men -74kg	CHUMPITAZ Juan Jes	PER	
presidents-cup-america-2025	Senior Men -74kg	PEREIRA Gabriel	BRA	3
presidents-cup-america-2025	Senior Men -74kg	GARCIA Juan Andres	COL	
presidents-cup-america-2025	Senior Men -74kg	DA Fabio Junior	BRA	
presidents-cup-america-2025	Senior Men -74kg	GOMEZ Jaime Andres	PUR	
presidents-cup-america-2025	Senior Men -74kg	SOTO Juan Jose	WT	
presidents-cup-america-2025	Senior Men -74kg	PONTES Edival	BRA	1
presidents-cup-america-2025	Senior Men -68kg	SOUZA Joao Victor	BRA	1
presidents-cup-america-2025	Senior Men -68kg	ROBLES Jose Eduard	MEX	
presidents-cup-america-2025	Senior Men -68kg	MENDOZA Misael	PER	
presidents-cup-america-2025	Senior Men -68kg	DOS Guilherme	BRA	
presidents-cup-america-2025	Senior Men -68kg	LOPEZ Matias	URU	
presidents-cup-america-2025	Senior Men -68kg	FORTIN Jacob	CAN	
presidents-cup-america-2025	Senior Men -68kg	CRUZ Alejandro	MEX	
presidents-cup-america-2025	Senior Men -68kg	PARK Braven	CAN	
presidents-cup-america-2025	Senior Men -68kg	DE Marcos Toledo	BRA	
presidents-cup-america-2025	Senior Men -68kg	ZIDI Khaled	CAN	
presidents-cup-america-2025	Senior Men -68kg	AVILA Daniel Aleja	MEX	
presidents-cup-america-2025	Senior Men -68kg	ALMEIDA Fillipe	BRA	
presidents-cup-america-2025	Senior Men -68kg	LEON Erick Daniel	ECU	
presidents-cup-america-2025	Senior Men -68kg	MOTTA Miguel Eduar	PER	
presidents-cup-america-2025	Senior Men -68kg	COBOS Alejandro	MEX	
presidents-cup-america-2025	Senior Men -68kg	DE Luis	PUR	
presidents-cup-america-2025	Senior Men -68kg	HILAL Ali	CAN	
presidents-cup-america-2025	Senior Men -68kg	DOS Vytor	BRA	
presidents-cup-america-2025	Senior Men -68kg	MAZZANTI Santino	ARG	
presidents-cup-america-2025	Senior Men -68kg	DOEBE Samero	SUR	
presidents-cup-america-2025	Senior Men -68kg	OLIVERO Cristian	CHI	3
presidents-cup-america-2025	Senior Men -68kg	ACUNA Jose Luis	ARG	
presidents-cup-america-2025	Senior Men -68kg	LA Anriger	VEN	
presidents-cup-america-2025	Senior Men -68kg	DA William	BRA	
presidents-cup-america-2025	Senior Men -68kg	STANG Thiago Valen	ARG	
presidents-cup-america-2025	Senior Men -68kg	DE Pedro Henrique	BRA	
presidents-cup-america-2025	Senior Men -68kg	ROMERO Ian	PAN	
presidents-cup-america-2025	Senior Men -68kg	MISIEDJAN Bendjino	SUR	
presidents-cup-america-2025	Senior Men -68kg	ARGUELLO Josue Gab	ECU	
presidents-cup-america-2025	Senior Men -68kg	CORDERO Sebastian	PER	
presidents-cup-america-2025	Senior Men -68kg	GARRIDO Jhon Deivi	COL	3
presidents-cup-america-2025	Senior Men -68kg	HARRIS Khalfani	USA	
presidents-cup-america-2025	Senior Men -68kg	GARCIA Gustavo And	PUR	
presidents-cup-america-2025	Senior Men -68kg	RUVALCABA Adrian	MEX	
presidents-cup-america-2025	Senior Men -68kg	MENDES Alisson	BRA	
presidents-cup-america-2025	Senior Men -68kg	FRANCO Andree Dani	PER	
presidents-cup-america-2025	Senior Men -68kg	DE Nicolas Emmanue	DOM	
presidents-cup-america-2025	Senior Men -68kg	FABI Enzo	CAN	
presidents-cup-america-2025	Senior Men -68kg	MIRANDA Martin	GUA	
presidents-cup-america-2025	Senior Men -68kg	AVROYA Noah	CAN	
presidents-cup-america-2025	Senior Men -68kg	HUAMANI Leandro	PER	
presidents-cup-america-2025	Senior Men -68kg	RODRIGUEZ Maikol	USA	2
presidents-cup-america-2025	Senior Men -63kg	RAMOS Gabriel	BRA	3
presidents-cup-america-2025	Senior Men -63kg	AQUINO Duvan	PUR	
presidents-cup-america-2025	Senior Men -63kg	RACHAEL Paulo Henr	BRA	
presidents-cup-america-2025	Senior Men -63kg	LESYK Kaden	CAN	
presidents-cup-america-2025	Senior Men -63kg	SALVATIERRA Carlos	GUA	
presidents-cup-america-2025	Senior Men -63kg	SALEH James	CAN	
presidents-cup-america-2025	Senior Men -63kg	CASTILLO Alejandro	PER	
presidents-cup-america-2025	Senior Men -63kg	COSTA Arthur	BRA	
presidents-cup-america-2025	Senior Men -63kg	YOON Christopher	USA	
presidents-cup-america-2025	Senior Men -63kg	VERA Jorge	CHI	
presidents-cup-america-2025	Senior Men -63kg	GOMEZ Daniel Felip	COL	
presidents-cup-america-2025	Senior Men -63kg	BARETTA Eduardo	BRA	1
presidents-cup-america-2025	Senior Men -63kg	CARRASQUILLO Gael	PUR	
presidents-cup-america-2025	Senior Men -63kg	BENNIE Sidney Mich	TTO	
presidents-cup-america-2025	Senior Men -63kg	RODRIGUEZ Joaquin	PER	
presidents-cup-america-2025	Senior Men -63kg	PULIDO Juan Lucas	COL	
presidents-cup-america-2025	Senior Men -63kg	NAVEA Sebastian	CHI	
presidents-cup-america-2025	Senior Men -63kg	FERREIRA Kauan	BRA	
presidents-cup-america-2025	Senior Men -63kg	GODOLPHIN Lito	USA	
presidents-cup-america-2025	Senior Men -63kg	KLABER Jourde	ARU	
presidents-cup-america-2025	Senior Men -63kg	MUNOZ Ari	CHI	
presidents-cup-america-2025	Senior Men -63kg	SALAS Olman	WT	
presidents-cup-america-2025	Senior Men -63kg	SANTIAGO Jose Dani	PUR	
presidents-cup-america-2025	Senior Men -63kg	MILLAN David	MEX	
presidents-cup-america-2025	Senior Men -63kg	CUBERO Leyner Fabr	WT	
presidents-cup-america-2025	Senior Men -63kg	FLORES Diego	CHI	
presidents-cup-america-2025	Senior Men -63kg	ALBA Juan-sebastia	CAN	
presidents-cup-america-2025	Senior Men -63kg	RAYAS Alejandro	USA	
presidents-cup-america-2025	Senior Men -63kg	CONTRERAS Aaron	CHI	
presidents-cup-america-2025	Senior Men -63kg	KIM Seung Ju	CAN	
presidents-cup-america-2025	Senior Men -63kg	PENALBA Adrian	PAN	
presidents-cup-america-2025	Senior Men -63kg	FLORES Arian	PER	
presidents-cup-america-2025	Senior Men -63kg	VALDES David	MEX	3
presidents-cup-america-2025	Senior Men -63kg	HEFFELFINGER-GARCI	PUR	
presidents-cup-america-2025	Senior Men -63kg	CHANG Yohan	CAN	
presidents-cup-america-2025	Senior Men -63kg	GUIZAR Alejandro	MEX	
presidents-cup-america-2025	Senior Men -63kg	BRITTON Shane	CAN	
presidents-cup-america-2025	Senior Men -63kg	RAMIREZ Mauricio	ECU	
presidents-cup-america-2025	Senior Men -63kg	ALLEN Chris	USA	
presidents-cup-america-2025	Senior Men -63kg	LABRIOLA Francisco	ARG	
presidents-cup-america-2025	Senior Men -63kg	YUPANQUI Fabian	PER	
presidents-cup-america-2025	Senior Men -63kg	PELAEZ Fernando	MEX	
presidents-cup-america-2025	Senior Men -63kg	RODRIGUEZ Alejandr	PER	
presidents-cup-america-2025	Senior Men -63kg	NAZARIO Edgardo	PUR	
presidents-cup-america-2025	Senior Men -63kg	MATTHAUS Carlos	BRA	
presidents-cup-america-2025	Senior Men -63kg	LEW Michah	SUR	
presidents-cup-america-2025	Senior Men -63kg	BAGOV Idar	AIN	2
presidents-cup-america-2025	Senior Men -58kg	HOEFLING Nicholas	CAN	1
presidents-cup-america-2025	Senior Men -58kg	CORRALES Mauricio	WT	
presidents-cup-america-2025	Senior Men -58kg	NAVARRETE Fabricio antonio	PER	
presidents-cup-america-2025	Senior Men -58kg	MIRANDA Adrian	ECU	
presidents-cup-america-2025	Senior Men -58kg	PUMA Jose	PER	
presidents-cup-america-2025	Senior Men -58kg	PASHNIN Mark	CAN	
presidents-cup-america-2025	Senior Men -58kg	PEREIRA Daniel	BRA	
presidents-cup-america-2025	Senior Men -58kg	DE Moises Eduardo	DOM	
presidents-cup-america-2025	Senior Men -58kg	ROJAS Iker Josue	ECU	
presidents-cup-america-2025	Senior Men -58kg	CORTES Carlos	MEX	3
presidents-cup-america-2025	Senior Men -58kg	ALVAREZ Melvy	USA	
presidents-cup-america-2025	Senior Men -58kg	SALAS Victor Andre	PER	
presidents-cup-america-2025	Senior Men -58kg	HERNANDEZ Arturo	MEX	
presidents-cup-america-2025	Senior Men -58kg	RAMOS Jorge	CHI	
presidents-cup-america-2025	Senior Men -58kg	TOLEDO Bruno Yuji	BRA	
presidents-cup-america-2025	Senior Men -58kg	FUENTES David	GUA	
presidents-cup-america-2025	Senior Men -58kg	NUNES Lucas	BRA	
presidents-cup-america-2025	Senior Men -58kg	MORALES Edrick	PUR	
presidents-cup-america-2025	Senior Men -58kg	CUNNINGHAM William	USA	
presidents-cup-america-2025	Senior Men -58kg	SILVA Alisson Caua	BRA	3
presidents-cup-america-2025	Senior Men -58kg	NORETTO Cole	USA	
presidents-cup-america-2025	Senior Men -58kg	VIVEROS Pedro Raul	MEX	
presidents-cup-america-2025	Senior Men -58kg	CAEZ Jose G	PUR	
presidents-cup-america-2025	Senior Men -58kg	RAMOS. Brandon	PUR	
presidents-cup-america-2025	Senior Men -58kg	NUNEZ Lautaro	ARG	
presidents-cup-america-2025	Senior Men -58kg	MOTA Joao Victor	BRA	
presidents-cup-america-2025	Senior Men -58kg	OCHOA Jefferson	COL	
presidents-cup-america-2025	Senior Men -58kg	ESPINOLA Ignacio	ARG	
presidents-cup-america-2025	Senior Men -58kg	RIOS Agustin	CHI	
presidents-cup-america-2025	Senior Men -58kg	GONZALEZ Joiner	VEN	
presidents-cup-america-2025	Senior Men -58kg	VASCONCELOS Yago	BRA	
presidents-cup-america-2025	Senior Men -58kg	WEEKES Jeremi	PUR	
presidents-cup-america-2025	Senior Men -58kg	JEAN-BAPTISTE Gregory	HAI	
presidents-cup-america-2025	Senior Men -58kg	SGHIR Anas	CAN	
presidents-cup-america-2025	Senior Men -58kg	BARRETO Raymiguel	PER	
presidents-cup-america-2025	Senior Men -58kg	RIOS Ivan	PAN	
presidents-cup-america-2025	Senior Men -58kg	MELO Paulo	BRA	2
presidents-cup-america-2025	Senior Men -54kg	GUN Youngsuk Ethan	USA	3
presidents-cup-america-2025	Senior Men -54kg	PASTOR Edgardo	PAN	
presidents-cup-america-2025	Senior Men -54kg	CAMPANA Carlos	MEX	
presidents-cup-america-2025	Senior Men -54kg	ARIAS Alejandro Jo	WT	
presidents-cup-america-2025	Senior Men -54kg	BERUBE Maxime	CAN	
presidents-cup-america-2025	Senior Men -54kg	ALVES Leonardo Emi	BRA	
presidents-cup-america-2025	Senior Men -54kg	VASQUEZ Gaston	CHI	
presidents-cup-america-2025	Senior Men -54kg	GARCIA Angelberto	MEX	2
presidents-cup-america-2025	Senior Men -54kg	NGUYEN Alexis	CAN	
presidents-cup-america-2025	Senior Men -54kg	CRUZ Kariel	PUR	
presidents-cup-america-2025	Senior Men -54kg	MORENO Franco Javi	PER	
presidents-cup-america-2025	Senior Men -54kg	LAFRATTI Maximo	ARG	
presidents-cup-america-2025	Senior Men -54kg	CANETE Arian nathan	USA	
presidents-cup-america-2025	Senior Men -54kg	GILLIARD Matheus	BRA	
presidents-cup-america-2025	Senior Men -54kg	CHAVEZ Zaid Gabrie	MEX	
presidents-cup-america-2025	Senior Men -54kg	QUISPILLOCLLA Fabr	PER	
presidents-cup-america-2025	Senior Men -54kg	ECHAVARRI Sebastian	MEX	
presidents-cup-america-2025	Senior Men -54kg	BONET Sebastian	ARG	
presidents-cup-america-2025	Senior Men -54kg	HERNANDEZ Edgar Emmanuel	MEX	3
presidents-cup-america-2025	Senior Men -54kg	BERUBE Zachary	CAN	
presidents-cup-america-2025	Senior Men -54kg	NATIVIDADE Cesar A	BRA	
presidents-cup-america-2025	Senior Men -54kg	BANKS Robert	USA	
presidents-cup-america-2025	Senior Men -54kg	ABARCA Gerardo Joe	PER	
presidents-cup-america-2025	Senior Men -54kg	AZEVEDO Klebenilso	BRA	
presidents-cup-america-2025	Senior Men -54kg	GUIZAR Manuel	MEX	
presidents-cup-america-2025	Senior Men -54kg	RODRIGUEZ Juan	PER	
presidents-cup-america-2025	Senior Men -54kg	DE Giovanni Aubin	BRA	1
presidents-cup-america-2025	Senior Men +87kg	HEALY Jonathan	USA	2
presidents-cup-america-2025	Senior Men +87kg	MUNOZ Franco	CHI	
presidents-cup-america-2025	Senior Men +87kg	NIEVES Victor Manu	PUR	
presidents-cup-america-2025	Senior Men +87kg	PEREIRA Patrik	BRA	3
presidents-cup-america-2025	Senior Men +87kg	CASTILLO Joshua Da	PER	
presidents-cup-america-2025	Senior Men +87kg	JORDAN Bravo Ceden	ECU	
presidents-cup-america-2025	Senior Men +87kg	ALVES Pedro Arthur	BRA	
presidents-cup-america-2025	Senior Men +87kg	LARIN Vladislav	AIN	1
presidents-cup-america-2025	Senior Men +87kg	THIAM Mamadou bassirou	CAN	
presidents-cup-america-2025	Senior Men +87kg	WEBB Julian	WT	
presidents-cup-america-2025	Senior Men +87kg	HOLDER Chioke	BAR	
presidents-cup-america-2025	Senior Men +87kg	BATISTA Erick Vini	BRA	
presidents-cup-america-2025	Senior Men +87kg	SANSORES Carlos	MEX	3
presidents-cup-america-2025	Senior Women -73kg	LEE Ava Soon	HAI	3
presidents-cup-america-2025	Senior Women -73kg	TAMEZ Victoria	MEX	
presidents-cup-america-2025	Senior Women -73kg	ROJAS Kayla	WT	
presidents-cup-america-2025	Senior Women -73kg	WEEKES Crystal	PUR	
presidents-cup-america-2025	Senior Women -73kg	BENAVIDES Ludy Jan	ECU	
presidents-cup-america-2025	Senior Women -73kg	ALARCON Camila	CHI	
presidents-cup-america-2025	Senior Women -73kg	KOSMYCHEVA Anastasiia	AIN	1
presidents-cup-america-2025	Senior Women -73kg	RIVAS Victoria	ARG	3
presidents-cup-america-2025	Senior Women -73kg	VELAZQUEZ Itzel	MEX	
presidents-cup-america-2025	Senior Women -73kg	VASQUEZ Eliana	PER	
presidents-cup-america-2025	Senior Women -73kg	DA Thaisa	BRA	
presidents-cup-america-2025	Senior Women -73kg	GARZA Beatriz Gali	MEX	
presidents-cup-america-2025	Senior Women -73kg	HAZOURY Betsabe	DOM	
presidents-cup-america-2025	Senior Women -73kg	SOLIS Natalie Stef	PER	
presidents-cup-america-2025	Senior Women -73kg	OLIVEIRA Mikaela	BRA	2
presidents-cup-america-2025	Senior Women -67kg	TEACHOUT Kristina	USA	2
presidents-cup-america-2025	Senior Women -67kg	CANO Maria	PER	
presidents-cup-america-2025	Senior Women -67kg	AGUIRRE Ana Maria	COL	
presidents-cup-america-2025	Senior Women -67kg	GALLARDO Claudia	CHI	3
presidents-cup-america-2025	Senior Women -67kg	MARTINIC Priscila	ARG	
presidents-cup-america-2025	Senior Women -67kg	DIAZ Isabella	PUR	
presidents-cup-america-2025	Senior Women -67kg	LUKIC Maya	CAN	
presidents-cup-america-2025	Senior Women -67kg	BEAULIEU Gabrielle	CAN	
presidents-cup-america-2025	Senior Women -67kg	LOVAGLIO Isabella	MEX	
presidents-cup-america-2025	Senior Women -67kg	MACEDO Sandy	BRA	3
presidents-cup-america-2025	Senior Women -67kg	SOLTERO Leslie	MEX	
presidents-cup-america-2025	Senior Women -67kg	REBELO Beatriz	BRA	
presidents-cup-america-2025	Senior Women -67kg	TITONELI Milena	BRA	1
presidents-cup-america-2025	Senior Women -62kg	MINA Mell	ECU	3
presidents-cup-america-2025	Senior Women -62kg	REYNAUD Nicole	PER	
presidents-cup-america-2025	Senior Women -62kg	CARDENAS Lya	MEX	
presidents-cup-america-2025	Senior Women -62kg	GNIEDZIEJKO Jessica	USA	
presidents-cup-america-2025	Senior Women -62kg	ORTEGA Dailin Nair	COL	
presidents-cup-america-2025	Senior Women -62kg	CARNEIRO Celydiene	BRA	
presidents-cup-america-2025	Senior Women -62kg	ANDRIC Leonarda	CAN	2
presidents-cup-america-2025	Senior Women -62kg	BUSTOS Marianela	CHI	
presidents-cup-america-2025	Senior Women -62kg	DE Isadora	BRA	
presidents-cup-america-2025	Senior Women -62kg	VILLEGAS Fabiola guadalupe	MEX	
presidents-cup-america-2025	Senior Women -62kg	JOGLAR Nichole	PUR	
presidents-cup-america-2025	Senior Women -62kg	SANTERRE Frederiqu	CAN	
presidents-cup-america-2025	Senior Women -62kg	RUIZ Brenda Anahi	ARG	
presidents-cup-america-2025	Senior Women -62kg	DA Driele	BRA	
presidents-cup-america-2025	Senior Women -62kg	CHARRON Alexandra	CAN	3
presidents-cup-america-2025	Senior Women -62kg	HAYLETT Sahai	USA	
presidents-cup-america-2025	Senior Women -62kg	MEDINA Juliana	PUR	
presidents-cup-america-2025	Senior Women -62kg	DEATON Danica	USA	
presidents-cup-america-2025	Senior Women -62kg	SOTO Isuangelis	PUR	
presidents-cup-america-2025	Senior Women -62kg	BONGSOMENGGOLO Yade	SUR	
presidents-cup-america-2025	Senior Women -62kg	MONTANO Alisson	ESA	
presidents-cup-america-2025	Senior Women -62kg	CERVANTES Luz Nohe	MEX	
presidents-cup-america-2025	Senior Women -62kg	MORALES Maria Cele	PAN	
presidents-cup-america-2025	Senior Women -62kg	BREWSTER Ella	CAN	1
presidents-cup-america-2025	Senior Women -57kg	PACHECO Maria Clara	BRA	1
presidents-cup-america-2025	Senior Women -57kg	SEPULVEDA Maria Ju	ARG	
presidents-cup-america-2025	Senior Women -57kg	DOS Maria Eduarda	BRA	
presidents-cup-america-2025	Senior Women -57kg	SELLAS Jathmarilys	PUR	
presidents-cup-america-2025	Senior Women -57kg	ROCHA Liz	BRA	
presidents-cup-america-2025	Senior Women -57kg	VAZQUEZ Amanda	PUR	
presidents-cup-america-2025	Senior Women -57kg	URETA Rocio	CHI	
presidents-cup-america-2025	Senior Women -57kg	DELGADO Andrea	PUR	
presidents-cup-america-2025	Senior Women -57kg	JIMENEZ Regina	MEX	
presidents-cup-america-2025	Senior Women -57kg	ST-PIERRE Alycia	CAN	
presidents-cup-america-2025	Senior Women -57kg	MALAGON Laura Nata	COL	
presidents-cup-america-2025	Senior Women -57kg	CACERES Camila	PER	
presidents-cup-america-2025	Senior Women -57kg	LINDO Neshi Lee	WT	3
presidents-cup-america-2025	Senior Women -57kg	VAN Serena	SUR	
presidents-cup-america-2025	Senior Women -57kg	POIRE Aurelie	CAN	
presidents-cup-america-2025	Senior Women -57kg	LIMA Vitoria	BRA	
presidents-cup-america-2025	Senior Women -57kg	DILLON Faith	USA	2
presidents-cup-america-2025	Senior Women -57kg	BAEZ Sofia	PUR	
presidents-cup-america-2025	Senior Women -57kg	LEITE Ana Carolina	BRA	
presidents-cup-america-2025	Senior Women -57kg	FLORES Hermaliz	PUR	
presidents-cup-america-2025	Senior Women -57kg	BOMMERSBACH Luci	USA	
presidents-cup-america-2025	Senior Women -57kg	LIMATE Jesica Paol	COL	
presidents-cup-america-2025	Senior Women -57kg	CHAVEZ Jazmin	MEX	
presidents-cup-america-2025	Senior Women -57kg	MILLER Montana	USA	
presidents-cup-america-2025	Senior Women -57kg	SALGADO Zaira Paul	MEX	
presidents-cup-america-2025	Senior Women -57kg	GARRIDO Mia Suyai	ARG	
presidents-cup-america-2025	Senior Women -57kg	RIBEIRO Maria Edua	BRA	
presidents-cup-america-2025	Senior Women -57kg	ERICE Constanza	CHI	
presidents-cup-america-2025	Senior Women -57kg	MARTINEZ Adriana C	BOL	
presidents-cup-america-2025	Senior Women -57kg	ARENAS Camila	PER	
presidents-cup-america-2025	Senior Women -57kg	PORTIGLIOTTI Fabia	BRA	
presidents-cup-america-2025	Senior Women -57kg	PARK Skylar	CAN	3
presidents-cup-america-2025	Senior Women -53kg	DANIEL Melina	USA	
presidents-cup-america-2025	Senior Women -53kg	MARTINEZ Ninoshka	PUR	
presidents-cup-america-2025	Senior Women -53kg	PEDROZO Beatriz	BRA	
presidents-cup-america-2025	Senior Women -53kg	ALMEIDA Ana Clara	BRA	
presidents-cup-america-2025	Senior Women -53kg	NUNEZ Jordana	CAN	3
presidents-cup-america-2025	Senior Women -53kg	VILLA Soraya	USA	
presidents-cup-america-2025	Senior Women -53kg	BETANCOURTH Natali	COL	
presidents-cup-america-2025	Senior Women -53kg	GALLO Lucero Sheccid	MEX	2
presidents-cup-america-2025	Senior Women -53kg	YAN Allison	USA	
presidents-cup-america-2025	Senior Women -53kg	CARPENTIER Vicky	CAN	
presidents-cup-america-2025	Senior Women -53kg	PENA Jackeline	MEX	
presidents-cup-america-2025	Senior Women -53kg	CABRERA Beira	PUR	
presidents-cup-america-2025	Senior Women -53kg	BEZERRA Camila	BRA	
presidents-cup-america-2025	Senior Women -53kg	KHAN Laila	CAN	1
presidents-cup-america-2025	Senior Women -53kg	MICHELENA Arianna	PUR	
presidents-cup-america-2025	Senior Women -53kg	MONTANEZ Sofia	MEX	
presidents-cup-america-2025	Senior Women -53kg	FERLA Ana Clara	BRA	
presidents-cup-america-2025	Senior Women -53kg	CHIRINOS Jaimar Sa	ARU	
presidents-cup-america-2025	Senior Women -53kg	GALLARDO Francisca	CHI	
presidents-cup-america-2025	Senior Women -53kg	DUMAS Mathilde	CAN	
presidents-cup-america-2025	Senior Women -53kg	SANCHO Laura	WT	
presidents-cup-america-2025	Senior Women -53kg	OTTO Riley	USA	
presidents-cup-america-2025	Senior Women -53kg	PEREZ Daniela	GUA	
presidents-cup-america-2025	Senior Women -53kg	PEREIRA Maria Gabr	BRA	
presidents-cup-america-2025	Senior Women -53kg	GARZON Marjorie Da	ECU	
presidents-cup-america-2025	Senior Women -53kg	MUNIZ Kaylee N	PUR	
presidents-cup-america-2025	Senior Women -53kg	BARROS Nivea	BRA	3
presidents-cup-america-2025	Senior Women -49kg	PETERSON Ceili	GUY	
presidents-cup-america-2025	Senior Women -49kg	GOMEZ Isidora	CHI	
presidents-cup-america-2025	Senior Women -49kg	PICOS Ximena	MEX	
presidents-cup-america-2025	Senior Women -49kg	QUESADA Jordan	USA	
presidents-cup-america-2025	Senior Women -49kg	CHAVEZ Shlomit	PER	
presidents-cup-america-2025	Senior Women -49kg	ALVAREZ Cynthia A.	PUR	
presidents-cup-america-2025	Senior Women -49kg	GRIPPOLI Maria Sara	URU	3
presidents-cup-america-2025	Senior Women -49kg	KAFADAR Josipa	CAN	2
presidents-cup-america-2025	Senior Women -49kg	GONZALEZ Kalenna	MEX	
presidents-cup-america-2025	Senior Women -49kg	NOHELIA Moreira Ve	ECU	
presidents-cup-america-2025	Senior Women -49kg	SILVA Lis Danielle	BRA	
presidents-cup-america-2025	Senior Women -49kg	WAY Nicolle	GUA	
presidents-cup-america-2025	Senior Women -49kg	CELORIO Vania Judi	MEX	
presidents-cup-america-2025	Senior Women -49kg	CRISOSTOMO Ana	PER	
presidents-cup-america-2025	Senior Women -49kg	MATA Maya	USA	
presidents-cup-america-2025	Senior Women -49kg	SOUZA Daniela Paola	MEX	1
presidents-cup-america-2025	Senior Women -49kg	PORTERO Jeniffer J	ECU	
presidents-cup-america-2025	Senior Women -49kg	GUIMARAES Dangela	BRA	
presidents-cup-america-2025	Senior Women -49kg	TOSI Emily	CAN	
presidents-cup-america-2025	Senior Women -49kg	AVROYA Amber	CAN	
presidents-cup-america-2025	Senior Women -49kg	CONCEPCION Zaymar	PUR	
presidents-cup-america-2025	Senior Women -49kg	RODRIGUEZ Priscila	ARG	
presidents-cup-america-2025	Senior Women -49kg	ZAMBRANO Andrea mariana	MEX	
presidents-cup-america-2025	Senior Women -49kg	GOSCH Camilly	BRA	3
presidents-cup-america-2025	Senior Women -49kg	ASTAPENKA Alisa	CHI	
presidents-cup-america-2025	Senior Women -49kg	SANCHEZ Sarai	PUR	
presidents-cup-america-2025	Senior Women -49kg	SUAREZ Alessandra	PER	
presidents-cup-america-2025	Senior Women -49kg	CALDERON Katherine	PER	
presidents-cup-america-2025	Senior Women -49kg	MONELL Alondra	PUR	
presidents-cup-america-2025	Senior Women -49kg	KRAMM Thiara	ARG	
presidents-cup-america-2025	Senior Women -49kg	OCEGUERA Sophia	USA	
presidents-cup-america-2025	Senior Women -46kg	BASSETT Jaycee	WT	1
presidents-cup-america-2025	Senior Women -46kg	BERMUDEZ Alanis	PUR	
presidents-cup-america-2025	Senior Women -46kg	OLIVEIRA Alice Car	BRA	
presidents-cup-america-2025	Senior Women -46kg	GONCALVES Anna	BRA	
presidents-cup-america-2025	Senior Women -46kg	CARPENTIER Justine	CAN	
presidents-cup-america-2025	Senior Women -46kg	BRINDAMOHAN Sarangi	CAN	
presidents-cup-america-2025	Senior Women -46kg	ALPIZAR Camila Zur	MEX	
presidents-cup-america-2025	Senior Women -46kg	GAUDREAULT Leanne	CAN	
presidents-cup-america-2025	Senior Women -46kg	GONZALEZ Samantha	MEX	3
presidents-cup-america-2025	Senior Women -46kg	ALERS Alannis Mich	PUR	
presidents-cup-america-2025	Senior Women -46kg	OROZCO Angelique	CAN	
presidents-cup-america-2025	Senior Women -46kg	LLAUCA Camila	PER	
presidents-cup-america-2025	Senior Women -46kg	ARELLANO Joana	MEX	
presidents-cup-america-2025	Senior Women -46kg	QUINTANA Valentina	GUA	
presidents-cup-america-2025	Senior Women -46kg	DEBLASIO Alyssa	USA	
presidents-cup-america-2025	Senior Women -46kg	TORRES Lineishka	PUR	
presidents-cup-america-2025	Senior Women -46kg	FONSECA Caliana	USA	3
presidents-cup-america-2025	Senior Women -46kg	RAMIREZ Ana Natali	MEX	
presidents-cup-america-2025	Senior Women -46kg	ABARCA Cinthya A.	PER	
presidents-cup-america-2025	Senior Women -46kg	AHO Sophia	USA	
presidents-cup-america-2025	Senior Women -46kg	SILVA Zelzin Virid	MEX	
presidents-cup-america-2025	Senior Women -46kg	AQUINO Myah	PUR	
presidents-cup-america-2025	Senior Women -46kg	SILVA Julia	BRA	2
presidents-cup-america-2025	Senior Women +73kg	ALADE Naomi	USA	2
presidents-cup-america-2025	Senior Women +73kg	BARRIOS Karina	MEX	
presidents-cup-america-2025	Senior Women +73kg	CORA Luz Quimey	ARG	
presidents-cup-america-2025	Senior Women +73kg	ROMAN Naishka	PUR	
presidents-cup-america-2025	Senior Women +73kg	VASCONCELOS Elis	BRA	3
presidents-cup-america-2025	Senior Women +73kg	VIANA Alena	USA	
presidents-cup-america-2025	Senior Women +73kg	GLORIA Mosquera	COL	
presidents-cup-america-2025	Senior Women +73kg	PEREIRA Raiany	BRA	1
presidents-cup-america-2025	Senior Women +73kg	FRADL Maelynn emilee	ARU	
presidents-cup-america-2025	Senior Women +73kg	RODRIGUEZ Camila	MEX	
presidents-cup-america-2025	Senior Women +73kg	GARCIA Paloma	MEX	3
bangkok-grand-prix-challenge-2025	Senior Men -68kg	JANG Jun	KOR	2
bangkok-grand-prix-challenge-2025	Senior Men -68kg	FUANGNOI Thanapoom	THA	
bangkok-grand-prix-challenge-2025	Senior Men -68kg	PARK Braven	CAN	
bangkok-grand-prix-challenge-2025	Senior Men -68kg	OSIN Maksim	AIN	
bangkok-grand-prix-challenge-2025	Senior Men -68kg	JUNG Woo-hyeok	KOR	
bangkok-grand-prix-challenge-2025	Senior Men -68kg	SOUZA DINIZ Joao victor	BRA	
bangkok-grand-prix-challenge-2025	Senior Men -68kg	LAO Nusair	PHI	
bangkok-grand-prix-challenge-2025	Senior Men -68kg	OTHMAN Mohammad	JOR	
bangkok-grand-prix-challenge-2025	Senior Men -68kg	ALHALAWANI Zaid	JOR	
bangkok-grand-prix-challenge-2025	Senior Men -68kg	VICENTE YUNTA Adrian	ESP	3
bangkok-grand-prix-challenge-2025	Senior Men -68kg	AVIDAN Ben	ISR	
bangkok-grand-prix-challenge-2025	Senior Men -68kg	PHROMPATJU Krittayot	THA	
bangkok-grand-prix-challenge-2025	Senior Men -68kg	SHULENOV Damir	KAZ	
bangkok-grand-prix-challenge-2025	Senior Men -68kg	NIU Guansen	CHN	
bangkok-grand-prix-challenge-2025	Senior Men -68kg	SHISHKO Dmitrii	AIN	
bangkok-grand-prix-challenge-2025	Senior Men -68kg	FREDRICKS Justin	USA	
bangkok-grand-prix-challenge-2025	Senior Men -68kg	NAZAROV Nazarali	UZB	
bangkok-grand-prix-challenge-2025	Senior Men -68kg	RODRIGUEZ Maikol	USA	
bangkok-grand-prix-challenge-2025	Senior Men -68kg	ABABAKIROV Samirkhon	KAZ	
bangkok-grand-prix-challenge-2025	Senior Men -68kg	KARKI Dhruv	IND	
bangkok-grand-prix-challenge-2025	Senior Men -68kg	KUMAR Ajay	IND	
bangkok-grand-prix-challenge-2025	Senior Men -68kg	COULIBALY Sekou	LUX	
bangkok-grand-prix-challenge-2025	Senior Men -68kg	ABAD EXPOSITO Iker	ESP	
bangkok-grand-prix-challenge-2025	Senior Men -68kg	TUKHLIBOEV Diyorbek	UZB	
bangkok-grand-prix-challenge-2025	Senior Men -68kg	BEGIMBETOV Amanbol	KAZ	
bangkok-grand-prix-challenge-2025	Senior Men -68kg	CHEN Cheng	CHN	
bangkok-grand-prix-challenge-2025	Senior Men -68kg	SEONG Yuhyeon	KOR	
bangkok-grand-prix-challenge-2025	Senior Men -68kg	VYKOV Amir	AIN	
bangkok-grand-prix-challenge-2025	Senior Men -68kg	DEEPANSHU Deepanshu	IND	
bangkok-grand-prix-challenge-2025	Senior Men -68kg	AL NASHASH Hamzeh	JOR	
bangkok-grand-prix-challenge-2025	Senior Men -68kg	SALIM Omar gergely	HUN	
bangkok-grand-prix-challenge-2025	Senior Men -68kg	SRITIMONGKOL Napat	THA	
bangkok-grand-prix-challenge-2025	Senior Men -68kg	MUN Jinho	KOR	1
bangkok-grand-prix-challenge-2025	Senior Men -68kg	- Naveen	IND	
bangkok-grand-prix-challenge-2025	Senior Men -68kg	LAMPHAO Nithikorn	THA	
bangkok-grand-prix-challenge-2025	Senior Men -68kg	ABDUSALAMOV Magomed	AIN	
bangkok-grand-prix-challenge-2025	Senior Women -49kg	KIM Hyang-gi	KOR	
bangkok-grand-prix-challenge-2025	Senior Women -49kg	KAMKASOUMPHOU Maysane	FRA	
bangkok-grand-prix-challenge-2025	Senior Women -49kg	YE Xiaoting	CHN	
bangkok-grand-prix-challenge-2025	Senior Women -49kg	FU Xiaolu	CHN	2
bangkok-grand-prix-challenge-2025	Senior Women -49kg	KIM Minseo	KOR	
bangkok-grand-prix-challenge-2025	Senior Women -49kg	OKAMOTO Ruka	JPN	
bangkok-grand-prix-challenge-2025	Senior Women -49kg	JONGKOLRATTANAWATTANA Chutikan	THA	
bangkok-grand-prix-challenge-2025	Senior Women -49kg	ALIEVA Margarita	AIN	
bangkok-grand-prix-challenge-2025	Senior Women -49kg	MEDVEDEVA Galina	AIN	
bangkok-grand-prix-challenge-2025	Senior Women -49kg	GEORGIOU Melina	GRE	
bangkok-grand-prix-challenge-2025	Senior Women -49kg	MORAMAT Panbua	THA	
bangkok-grand-prix-challenge-2025	Senior Women -49kg	POOLKERD Patcharakan	THA	3
bangkok-grand-prix-challenge-2025	Senior Women -49kg	CEREZO IGLESIAS Adriana	ESP	
bangkok-grand-prix-challenge-2025	Senior Women -49kg	KAMKASOUMPHOU Lenya	FRA	
bangkok-grand-prix-challenge-2025	Senior Women -49kg	OCEGUERA Sophia	USA	
bangkok-grand-prix-challenge-2025	Senior Women -49kg	LEE Ye-ji	KOR	1
bangkok-grand-prix-challenge-2025	Senior Women -49kg	JIANG Yi-syuan	TPE	
bangkok-grand-prix-challenge-2025	Senior Women -49kg	WANG Shiyi	CHN	
bangkok-grand-prix-challenge-2025	Senior Women -49kg	OKAZAKI Hinata	JPN	
bangkok-grand-prix-challenge-2025	Senior Women -49kg	CHA Jeongeun	KOR	
bangkok-grand-prix-challenge-2025	Senior Women -49kg	MATA Maya	USA	
bangkok-grand-prix-challenge-2025	Senior Women -49kg	KHASANOVA Laylo	UZB	
bangkok-grand-prix-challenge-2025	Senior Women -49kg	BEZERRA Camila	BRA	
bangkok-grand-prix-challenge-2025	Senior Women -49kg	SEEKEN Kamonchanok	THA	
bangkok-grand-prix-challenge-2025	Senior Men -58kg	PARK Tae-joon	KOR	3
bangkok-grand-prix-challenge-2025	Senior Men -58kg	CARRILLO Joseph	USA	
bangkok-grand-prix-challenge-2025	Senior Men -58kg	ARILLO VAZQUEZ Hugo	ESP	
bangkok-grand-prix-challenge-2025	Senior Men -58kg	FRAILE RODRIGUEZ Jesus	ESP	
bangkok-grand-prix-challenge-2025	Senior Men -58kg	KAMKASOUMPHOU Aissa	FRA	
bangkok-grand-prix-challenge-2025	Senior Men -58kg	JAICHOO Wisawakorn	THA	
bangkok-grand-prix-challenge-2025	Senior Men -58kg	DIMITROPOULOS Konstantinos	GRE	
bangkok-grand-prix-challenge-2025	Senior Men -58kg	DE MORAES Giovanni aubin	BRA	
bangkok-grand-prix-challenge-2025	Senior Men -58kg	SINGH CHOTIYA Dharmendra	IND	
bangkok-grand-prix-challenge-2025	Senior Men -58kg	KUMAR Aman	IND	
bangkok-grand-prix-challenge-2025	Senior Men -58kg	GUN Youngsuk ethan	USA	
bangkok-grand-prix-challenge-2025	Senior Men -58kg	KIM Jongmyeong	KOR	2
bangkok-grand-prix-challenge-2025	Senior Men -58kg	BARBOSA Kurt bryan	PHI	
bangkok-grand-prix-challenge-2025	Senior Men -58kg	SINSANG Ittiporn	THA	
bangkok-grand-prix-challenge-2025	Senior Men -58kg	ALDAOUD Ja'afar	JOR	
bangkok-grand-prix-challenge-2025	Senior Men -58kg	BAE Jun-seo	KOR	
bangkok-grand-prix-challenge-2025	Senior Men -58kg	TAECHARATTANAWIBOON Thanat	THA	
bangkok-grand-prix-challenge-2025	Senior Men -58kg	OTAJONOV Omonjon	UZB	
bangkok-grand-prix-challenge-2025	Senior Men -58kg	MAHAMAD Sirawit	THA	
bangkok-grand-prix-challenge-2025	Senior Men -58kg	MONDACA-WANG Ian	USA	
bangkok-grand-prix-challenge-2025	Senior Men -58kg	CHEN Pen-ren	TPE	
bangkok-grand-prix-challenge-2025	Senior Men -58kg	YANG Huichan	KOR	
bangkok-grand-prix-challenge-2025	Senior Men -58kg	MELO Paulo	BRA	
bangkok-grand-prix-challenge-2025	Senior Men -58kg	WEEKES Jeremi	PUR	
bangkok-grand-prix-challenge-2025	Senior Men -58kg	HUANG Jincheng	CHN	
bangkok-grand-prix-challenge-2025	Senior Men -58kg	HUANG Kefen	CHN	1
bangkok-grand-prix-challenge-2025	Senior Men -58kg	SALIM Sharif gergely	HUN	
bangkok-grand-prix-challenge-2025	Senior Men -58kg	CUNNINGHAM William	USA	
bangkok-grand-prix-challenge-2025	Senior Men -58kg	KHUDAYBERDIEV Jakhongir	UZB	
bangkok-grand-prix-challenge-2025	Senior Women +67kg	CHAARI Sarah	BEL	2
bangkok-grand-prix-challenge-2025	Senior Women +67kg	XIAO Shunan	CHN	
bangkok-grand-prix-challenge-2025	Senior Women +67kg	MUSLIMOVA Linara	AIN	
bangkok-grand-prix-challenge-2025	Senior Women +67kg	KITSIOU Agoritsa artemia	GRE	
bangkok-grand-prix-challenge-2025	Senior Women +67kg	BARUA Rodali	IND	
bangkok-grand-prix-challenge-2025	Senior Women +67kg	CHUENCHOOKLIN Kannaluck	THA	
bangkok-grand-prix-challenge-2025	Senior Women +67kg	ZHOU Zeqi	CHN	
bangkok-grand-prix-challenge-2025	Senior Women +67kg	ABO-ALRUB Rama	JOR	
bangkok-grand-prix-challenge-2025	Senior Women +67kg	BAE Ariane	KOR	
bangkok-grand-prix-challenge-2025	Senior Women +67kg	VIANA Alena	USA	
bangkok-grand-prix-challenge-2025	Senior Women +67kg	XU Lei	CHN	1
bangkok-grand-prix-challenge-2025	Senior Women +67kg	WEEKES Crystal	PUR	
bangkok-grand-prix-challenge-2025	Senior Women +67kg	OH Seungju	KOR	
bangkok-grand-prix-challenge-2025	Senior Women +67kg	JUNG Eunbin	KOR	
bangkok-grand-prix-challenge-2025	Senior Women +67kg	SONG Da bin	KOR	3
bangkok-grand-prix-challenge-2025	Senior Men +80kg	KANG Sanghyun	KOR	
bangkok-grand-prix-challenge-2025	Senior Men +80kg	KIM Woojin	KOR	3
bangkok-grand-prix-challenge-2025	Senior Men +80kg	LIU Zhaoyang	CHN	
bangkok-grand-prix-challenge-2025	Senior Men +80kg	MICHOPOULOS Sotirios	GRE	
bangkok-grand-prix-challenge-2025	Senior Men +80kg	ISAACS Aaron	USA	
bangkok-grand-prix-challenge-2025	Senior Men +80kg	YANG Junyoung	KOR	
bangkok-grand-prix-challenge-2025	Senior Men +80kg	THOLIOTIS Vasileios	GRE	2
bangkok-grand-prix-challenge-2025	Senior Men +80kg	GARCIA MARTINEZ Ivan	ESP	
bangkok-grand-prix-challenge-2025	Senior Men +80kg	PARK Woo hyeok	KOR	
bangkok-grand-prix-challenge-2025	Senior Men +80kg	SALAEV Shukhrat	UZB	1
bangkok-grand-prix-challenge-2025	Senior Men +80kg	RODRIGUEZ Michael c.	USA	
bangkok-grand-prix-challenge-2025	Senior Men +80kg	GOMIS Paivou johnouario	GBS	
bangkok-grand-prix-challenge-2025	Senior Men +80kg	KRIUCHKOV Nikta	AIN	
bangkok-grand-prix-challenge-2025	Senior Men +80kg	MAVLONOV Marat	UZB	
bangkok-grand-prix-challenge-2025	Senior Women -67kg	TITONELI Milena	BRA	
bangkok-grand-prix-challenge-2025	Senior Women -67kg	WANG Chengyi	CHN	
bangkok-grand-prix-challenge-2025	Senior Women -67kg	MACEDO Sandy	BRA	
bangkok-grand-prix-challenge-2025	Senior Women -67kg	LEE Gaeun	KOR	
bangkok-grand-prix-challenge-2025	Senior Women -67kg	MOTLOKH Sofiia	AIN	
bangkok-grand-prix-challenge-2025	Senior Women -67kg	HYDER Afreen	IND	
bangkok-grand-prix-challenge-2025	Senior Women -67kg	SONG Jie	CHN	
bangkok-grand-prix-challenge-2025	Senior Women -67kg	LEE Ava soon	HAI	
bangkok-grand-prix-challenge-2025	Senior Women -67kg	SARVANAKI Theopoula	GRE	
bangkok-grand-prix-challenge-2025	Senior Women -67kg	MARENTAKI Styliani	GRE	
bangkok-grand-prix-challenge-2025	Senior Women -67kg	CASTRO BURGOS Cecilia	ESP	
bangkok-grand-prix-challenge-2025	Senior Women -67kg	CHAREEWAN Piyachatrutai	THA	
bangkok-grand-prix-challenge-2025	Senior Women -67kg	KWAK Min-ju	KOR	1
bangkok-grand-prix-challenge-2025	Senior Women -67kg	TEACHOUT Kristina	USA	
bangkok-grand-prix-challenge-2025	Senior Women -67kg	DELO Laila	PHI	
bangkok-grand-prix-challenge-2025	Senior Women -67kg	GBAGBI Ruth	CIV	
bangkok-grand-prix-challenge-2025	Senior Women -67kg	CHEN Ximin	CHN	
bangkok-grand-prix-challenge-2025	Senior Women -67kg	CHOE Boyoung	KOR	
bangkok-grand-prix-challenge-2025	Senior Women -67kg	HONG Hyo rim	KOR	3
bangkok-grand-prix-challenge-2025	Senior Women -67kg	ALRAWASHDEH Razan mohammed	JOR	
bangkok-grand-prix-challenge-2025	Senior Women -67kg	BAJAJ Magan	IND	
bangkok-grand-prix-challenge-2025	Senior Women -67kg	LO Chia-ling	TPE	
bangkok-grand-prix-challenge-2025	Senior Women -67kg	XING Jiani	CHN	2
bangkok-grand-prix-challenge-2025	Senior Women -67kg	ZHELEZNOVA Viktoriia	AIN	
bangkok-grand-prix-challenge-2025	Senior Women -67kg	SKVORTSOVA Kira	AIN	
bangkok-grand-prix-challenge-2025	Senior Women -67kg	SOBIRJONOVA Ozoda	UZB	
bangkok-grand-prix-challenge-2025	Senior Men -80kg	RODRIGUES FERNANDES Henrique marques	BRA	1
bangkok-grand-prix-challenge-2025	Senior Men -80kg	ZHAO Junbo	CHN	
bangkok-grand-prix-challenge-2025	Senior Men -80kg	PARK Jae won	KOR	
bangkok-grand-prix-challenge-2025	Senior Men -80kg	KATOH Takato	JPN	
bangkok-grand-prix-challenge-2025	Senior Men -80kg	SAEJO Thanathorn	THA	
bangkok-grand-prix-challenge-2025	Senior Men -80kg	KULKUSOL Chayanin	THA	
bangkok-grand-prix-challenge-2025	Senior Men -80kg	QUESADA BARRERA Daniel	ESP	
bangkok-grand-prix-challenge-2025	Senior Men -80kg	RODRIGUES Victor	USA	
bangkok-grand-prix-challenge-2025	Senior Men -80kg	PARK Tae ku	CAN	
bangkok-grand-prix-challenge-2025	Senior Men -80kg	ZHURABOEV Yodgorbek	UZB	
bangkok-grand-prix-challenge-2025	Senior Men -80kg	YOUNG Isaiah	USA	
bangkok-grand-prix-challenge-2025	Senior Men -80kg	CEA Dave	PHI	
bangkok-grand-prix-challenge-2025	Senior Men -80kg	SHIMANSKIY Vladislav	AIN	
bangkok-grand-prix-challenge-2025	Senior Men -80kg	XIANG Qizhang	CHN	
bangkok-grand-prix-challenge-2025	Senior Men -80kg	SEO Geon-woo	KOR	2
bangkok-grand-prix-challenge-2025	Senior Men -80kg	LEE Yoon-hee	KOR	
bangkok-grand-prix-challenge-2025	Senior Men -80kg	MERCER Jack woody	THA	
bangkok-grand-prix-challenge-2025	Senior Men -80kg	CAI Zhaoxun	CHN	
bangkok-grand-prix-challenge-2025	Senior Men -80kg	POS Ivan	AIN	
bangkok-grand-prix-challenge-2025	Senior Men -80kg	PONTES Edival	BRA	
bangkok-grand-prix-challenge-2025	Senior Men -80kg	PAPADOPOULOS Ioannis	GRE	
bangkok-grand-prix-challenge-2025	Senior Men -80kg	ELSHARABATY Saleh	JOR	
bangkok-grand-prix-challenge-2025	Senior Men -80kg	OMAROV Magomedrasul	AIN	
bangkok-grand-prix-challenge-2025	Senior Men -80kg	FLOUSKOUNIS Charalampos	GRE	
bangkok-grand-prix-challenge-2025	Senior Men -80kg	KANG Jaegwon	KOR	
bangkok-grand-prix-challenge-2025	Senior Men -80kg	ALADARBI Mohammad	JOR	
bangkok-grand-prix-challenge-2025	Senior Men -80kg	CHO Chaichon	THA	
bangkok-grand-prix-challenge-2025	Senior Men -80kg	NICKOLAS CJ	USA	3
bangkok-grand-prix-challenge-2025	Senior Women -57kg	PACHECO Maria clara	BRA	
bangkok-grand-prix-challenge-2025	Senior Women -57kg	KIM Yumin	KOR	
bangkok-grand-prix-challenge-2025	Senior Women -57kg	KUCHINA Viktorya	AIN	
bangkok-grand-prix-challenge-2025	Senior Women -57kg	ABDUVALIEVA Shabona	UZB	
bangkok-grand-prix-challenge-2025	Senior Women -57kg	CANABAL Baby jessica	PHI	
bangkok-grand-prix-challenge-2025	Senior Women -57kg	KHIRFAN Fadia	JOR	3
bangkok-grand-prix-challenge-2025	Senior Women -57kg	RATSAMEPRAPA Orawan	THA	
bangkok-grand-prix-challenge-2025	Senior Women -57kg	KAMKASOUMPHOU Alliyah	FRA	
bangkok-grand-prix-challenge-2025	Senior Women -57kg	MIRABZALOVA Madina	UZB	
bangkok-grand-prix-challenge-2025	Senior Women -57kg	ZHANG Chuling	CHN	2
bangkok-grand-prix-challenge-2025	Senior Women -57kg	YANG Qingmei	CHN	
bangkok-grand-prix-challenge-2025	Senior Women -57kg	TEPINA Alina	AIN	
bangkok-grand-prix-challenge-2025	Senior Women -57kg	TZELI Fani	GRE	
bangkok-grand-prix-challenge-2025	Senior Women -57kg	XU Yinuo	CHN	
bangkok-grand-prix-challenge-2025	Senior Women -57kg	MALIK Kashish	IND	
bangkok-grand-prix-challenge-2025	Senior Women -57kg	SHOROKHOVA Ekaterina	AIN	
bangkok-grand-prix-challenge-2025	Senior Women -57kg	PARK Skylar	CAN	
bangkok-grand-prix-challenge-2025	Senior Women -57kg	LUO Zongshi	CHN	
bangkok-grand-prix-challenge-2025	Senior Women -57kg	SAIMUEANG Nutnicha	THA	
bangkok-grand-prix-challenge-2025	Senior Women -57kg	JIANG Yi-shan	TPE	
bangkok-grand-prix-challenge-2025	Senior Women -57kg	KATOH Yuzuho	JPN	
bangkok-grand-prix-challenge-2025	Senior Women -57kg	RODRIGUEZ MARQUINA Laura	ESP	
bangkok-grand-prix-challenge-2025	Senior Women -57kg	KIM Nanhee	KOR	
bangkok-grand-prix-challenge-2025	Senior Women -57kg	SHINKAWA Manami	JPN	
bangkok-grand-prix-challenge-2025	Senior Women -57kg	DILLON Faith	USA	
bangkok-grand-prix-challenge-2025	Senior Women -57kg	KIM Gahyeon	KOR	
bangkok-grand-prix-challenge-2025	Senior Women -57kg	WASSANA Natkamon	THA	
bangkok-grand-prix-challenge-2025	Senior Women -57kg	BOMMERSBACH Luci	USA	
bangkok-grand-prix-challenge-2025	Senior Women -57kg	NISHIDA Mao	JPN	
bangkok-grand-prix-challenge-2025	Senior Women -57kg	VILLEGAS MACHORRO Fabiola guadalupe	MEX	
bangkok-grand-prix-challenge-2025	Senior Women -57kg	ZDOR Kseniia	AIN	
bangkok-grand-prix-challenge-2025	Senior Women -57kg	SOTTHISET Natcha	THA	
bangkok-grand-prix-challenge-2025	Senior Women -57kg	KIM Yu-jin	KOR	1
