bosnia-open-2026	Senior Women +73kg	F	538	VROEGH Nielle	NED	KITSIOU Agoritsa artemia	GRE	PTF	2:0
luxembourg-open-2024	Senior Men -54kg	R32	201	CHANG Tony	FRA	MARTINS Filipe	POR	PTF	2:0
luxembourg-open-2024	Senior Men -54kg	R32	202	BLUNT Owen	GBR	KOUKOUSOUDIS Evangelos	GER	PTF	2:0
luxembourg-open-2024	Senior Men -54kg	R16	208	PASHCOVSKY Tom	ISR	CHANG Tony	FRA	PTF	2:0
luxembourg-open-2024	Senior Men -54kg	R16	209	VAN PASSEL Guillaume	BEL	KACZAN Neil	GBR	PTF	2:0
luxembourg-open-2024	Senior Men -54kg	R16	210	DIMITRIOS Triantafulloy	GRE	GASANOVI Rauph	GEO	PTF	2:0
luxembourg-open-2024	Senior Men -54kg	R16	211	HAMI Muhammed	GER	BAHROUM Mohamed	FRA	PTF	2:0
luxembourg-open-2024	Senior Men -54kg	R16	212	BOUKARNIA Hamza	FRA	CHANG Chang	FRA	PTF	2:0
luxembourg-open-2024	Senior Men -54kg	R16	213	MARA Jibryl	FRA	ELANY Agam	ISR	PTF	2:0
luxembourg-open-2024	Senior Men -54kg	R16	214	VASCONCELOS ALVES Leonardo	BRA	CARRIÓN COSTA Alejandro	ESP	PTF	2:1
luxembourg-open-2024	Senior Men -54kg	R16	215	ALESIO CAPOLINI Mathis	FRA	BLUNT Owen	GBR	PTF	2:1
luxembourg-open-2024	Senior Men -54kg	QF	220	PASHCOVSKY Tom	ISR	VAN PASSEL Guillaume	BEL	PTF	2:0
luxembourg-open-2024	Senior Men -54kg	QF	221	HAMI Muhammed	GER	DIMITRIOS Triantafulloy	GRE	PTF	2:1
luxembourg-open-2024	Senior Men -54kg	QF	222	MARA Jibryl	FRA	BOUKARNIA Hamza	FRA	PTF	2:0
luxembourg-open-2024	Senior Men -54kg	QF	223	ALESIO CAPOLINI Mathis	FRA	VASCONCELOS ALVES Leonardo	BRA	PTF	2:0
luxembourg-open-2024	Senior Men -54kg	SF	224	PASHCOVSKY Tom	ISR	HAMI Muhammed	GER	PTF	2:0
luxembourg-open-2024	Senior Men -54kg	SF	225	ALESIO CAPOLINI Mathis	FRA	MARA Jibryl	FRA	PTF	2:0
luxembourg-open-2024	Senior Men -54kg	F	228	ALESIO CAPOLINI Mathis	FRA	PASHCOVSKY Tom	ISR	PTF	2:0
luxembourg-open-2024	Senior Men -58kg	R32	501	SARSOZA Zack	GBR	NEUBAUER Michael	AUT	PTF	2:0
luxembourg-open-2024	Senior Men -58kg	R32	502	PETERSEN Felix Moon	DEN	GÜRBÜZ Serhat-Vinh	GER	PTF	2:1
luxembourg-open-2024	Senior Men -58kg	R16	505	SARSOZA Zack	GBR	GUZMAN Lucas Lautaro	ARG	PTF	2:1
luxembourg-open-2024	Senior Men -58kg	R16	506	VIVES SAEZ Isaac	ESP	MEHLMANN Daniel	GER	PTF	2:0
luxembourg-open-2024	Senior Men -58kg	R16	507	FRAILE RODRIGUEZ Jesus	ESP	KARACETIN Kerem-Hasan	GER	PTF	2:0
luxembourg-open-2024	Senior Men -58kg	R16	508	SIMPARA Youssouf	MLI	SERHALAY Jeremiah	NED	PTF	2:1
luxembourg-open-2024	Senior Men -58kg	R16	509	MOLLE Milan	NED	LANG Matthias	GER	PTF	2:0
luxembourg-open-2024	Senior Men -58kg	R16	510	PATISHI Ori	ISR	VAREJAO Dinis	POR	PTF	2:1
luxembourg-open-2024	Senior Men -58kg	R16	511	RYAD Mazzouz	FRA	SIRE Bathily	FRA	PTF	2:1
luxembourg-open-2024	Senior Men -58kg	R16	512	ACHNINE Aymen	NED	PETERSEN Felix Moon	DEN	PTF	2:0
luxembourg-open-2024	Senior Men -58kg	QF	517	VIVES SAEZ Isaac	ESP	SARSOZA Zack	GBR	PTF	2:0
luxembourg-open-2024	Senior Men -58kg	QF	518	FRAILE RODRIGUEZ Jesus	ESP	SIMPARA Youssouf	MLI	PTF	2:1
luxembourg-open-2024	Senior Men -58kg	QF	519	MOLLE Milan	NED	PATISHI Ori	ISR	PTF	2:0
luxembourg-open-2024	Senior Men -58kg	QF	520	ACHNINE Aymen	NED	RYAD Mazzouz	FRA	WDR	1:1
luxembourg-open-2024	Senior Men -58kg	SF	521	FRAILE RODRIGUEZ Jesus	ESP	VIVES SAEZ Isaac	ESP	PTF	2:0
luxembourg-open-2024	Senior Men -58kg	SF	522	MOLLE Milan	NED	ACHNINE Aymen	NED	PTF	2:0
luxembourg-open-2024	Senior Men -58kg	F	525	MOLLE Milan	NED	FRAILE RODRIGUEZ Jesus	ESP	PTF	2:0
luxembourg-open-2024	Senior Men -63kg	R32	801	VAN-ZELER Joao	POR	PIERARD Lucas	BEL	PTF	2:1
luxembourg-open-2024	Senior Men -63kg	R32	802	HUSSEIN Ulat	GER	KYRYLENKO Mykola	UKR	PTF	2:0
luxembourg-open-2024	Senior Men -63kg	R32	803	BOURGEOIS Owen	FRA	KASDAOUI FAIK Issame	BEL	PTF	2:0
luxembourg-open-2024	Senior Men -63kg	R32	804	HUBERT Ilan	FRA	YOUSUF Shahrukh	GBR	PTF	2:0
luxembourg-open-2024	Senior Men -63kg	R32	805	ZEHETNER Felix	AUT	KHAKSAR Shahram	GER	PTF	2:1
luxembourg-open-2024	Senior Men -63kg	R32	806	NANDA. Yohan	IND	LACHMAN Shivan	NED	PTF	2:1
luxembourg-open-2024	Senior Men -63kg	R32	807	NOUR Mohammed	GBR	MORRHAYE Andy Jacques E	BEL	PTF	2:0
luxembourg-open-2024	Senior Men -63kg	R32	808	TORKHANI Ibrahim ben ahmed	DEN	OZKEN Alkan	GER	PTF	2:0
luxembourg-open-2024	Senior Men -63kg	R32	809	HUY Huy	FRA	NEUBAUER Dominik	AUT	PTF	2:0
luxembourg-open-2024	Senior Men -63kg	R16	810	ABAD EXPOSITO Iker	ESP	VAN-ZELER Joao	POR	PTF	2:0
luxembourg-open-2024	Senior Men -63kg	R16	811	BOURGEOIS Owen	FRA	HUSSEIN Ulat	GER	PTF	2:1
luxembourg-open-2024	Senior Men -63kg	R16	812	BORGEN Kristian storsul	NOR	HUBERT Ilan	FRA	PTF	2:0
luxembourg-open-2024	Senior Men -63kg	R16	813	COMPRELLE Enzo	FRA	ZEHETNER Felix	AUT	PTF	2:1
luxembourg-open-2024	Senior Men -63kg	R16	814	WOOLLEY Jack	IRL	NANDA. Yohan	IND	PTF	2:0
luxembourg-open-2024	Senior Men -63kg	R16	815	NOUR Mohammed	GBR	BETEL Casimir	CHA	PTF	2:0
luxembourg-open-2024	Senior Men -63kg	R16	816	ABABAKIROV Samirkhon	KAZ	TORKHANI Ibrahim ben ahmed	DEN	PTF	2:0
luxembourg-open-2024	Senior Men -63kg	R16	817	GRANADO Yohandri	VEN	HUY Huy	FRA	PTF	2:0
luxembourg-open-2024	Senior Men -63kg	QF	820	ABAD EXPOSITO Iker	ESP	BOURGEOIS Owen	FRA	PTF	2:1
luxembourg-open-2024	Senior Men -63kg	QF	821	BORGEN Kristian storsul	NOR	COMPRELLE Enzo	FRA	PTF	2:0
luxembourg-open-2024	Senior Men -63kg	QF	822	NOUR Mohammed	GBR	WOOLLEY Jack	IRL	WDR	
luxembourg-open-2024	Senior Men -63kg	QF	823	ABABAKIROV Samirkhon	KAZ	GRANADO Yohandri	VEN	PTF	2:1
luxembourg-open-2024	Senior Men -63kg	SF	824	BORGEN Kristian storsul	NOR	ABAD EXPOSITO Iker	ESP	PTF	2:1
luxembourg-open-2024	Senior Men -63kg	SF	825	ABABAKIROV Samirkhon	KAZ	NOUR Mohammed	GBR	PTF	2:0
luxembourg-open-2024	Senior Men -63kg	F	828	ABABAKIROV Samirkhon	KAZ	BORGEN Kristian storsul	NOR	PTF	2:0
luxembourg-open-2024	Senior Men -68kg	R32	601	MORADI Erfan	IRL	THOMAS Max	ESP	PTF	2:0
luxembourg-open-2024	Senior Men -68kg	R32	602	HYTTEL Tobias	DEN	HAKOBYAN Hrach	GER	PTF	2:0
luxembourg-open-2024	Senior Men -68kg	R32	603	VAN VULPEN Jesse	BEL	GRIGORYAN Henri	FRA	PTF	2:1
luxembourg-open-2024	Senior Men -68kg	R32	604	AVIDAN Ben	ISR	BAAKA Anas	GER	PTF	2:0
luxembourg-open-2024	Senior Men -68kg	R16	607	MAIGA Ibrahim	BUR	MORADI Erfan	IRL	PTF	2:0
luxembourg-open-2024	Senior Men -68kg	R16	608	PORSCH Jona	GER	SAIB Badis	FRA	PTF	2:0
luxembourg-open-2024	Senior Men -68kg	R16	609	BYSTROV Volodymyr	UKR	KHAMMERMAN Danil	UKR	PTF	2:0
luxembourg-open-2024	Senior Men -68kg	R16	610	HYTTEL Tobias	DEN	MIGUEL Moncef	FRA	PTF	2:0
luxembourg-open-2024	Senior Men -68kg	R16	611	CALIK Enis	GER	VAN VULPEN Jesse	BEL	PTF	2:0
luxembourg-open-2024	Senior Men -68kg	R16	612	PEREIRA Renato	POR	SETTA Hamad	DEN	PTF	2:0
luxembourg-open-2024	Senior Men -68kg	R16	613	IZMAR Adam	BEL	TOBIN Joshua	GBR	PTF	2:0
luxembourg-open-2024	Senior Men -68kg	R16	614	AVIDAN Ben	ISR	ZISIS Polydefkis	GRE	PTF	2:1
luxembourg-open-2024	Senior Men -68kg	QF	619	MAIGA Ibrahim	BUR	PORSCH Jona	GER	PTF	2:0
luxembourg-open-2024	Senior Men -68kg	QF	620	HYTTEL Tobias	DEN	BYSTROV Volodymyr	UKR	PTF	2:1
luxembourg-open-2024	Senior Men -68kg	QF	621	CALIK Enis	GER	PEREIRA Renato	POR	PTF	2:0
luxembourg-open-2024	Senior Men -68kg	QF	622	IZMAR Adam	BEL	AVIDAN Ben	ISR	PTF	2:0
luxembourg-open-2024	Senior Men -68kg	SF	623	HYTTEL Tobias	DEN	MAIGA Ibrahim	BUR	PTF	2:1
luxembourg-open-2024	Senior Men -68kg	SF	624	CALIK Enis	GER	IZMAR Adam	BEL	PTF	2:0
luxembourg-open-2024	Senior Men -68kg	F	627	CALIK Enis	GER	HYTTEL Tobias	DEN	PTF	2:0
luxembourg-open-2024	Senior Men -74kg	R32	701	OZTURK Ceyhun	NED	AKOUN Paul Antoine	GER	PTF	2:0
luxembourg-open-2024	Senior Men -74kg	R32	702	PROCOPCIUC Lucian	POR	EL HAJ KHALIL Mohamad	GER	PTF	2:0
luxembourg-open-2024	Senior Men -74kg	R32	703	IMAD FADHIL Hussein	IRQ	CECCARONI Michele	SMR	PTF	2:0
luxembourg-open-2024	Senior Men -74kg	R32	704	PETIT PHAR Petit Phar	FRA	VAN DER MEER Sjoerd	NED	PTF	2:0
luxembourg-open-2024	Senior Men -74kg	R32	705	CAMMAERTS Troy	BEL	PORSCH Elia	GER	PTF	2:1
luxembourg-open-2024	Senior Men -74kg	R32	706	MOUSSA Amar Cisse	GAB	CORNELL Devin	USA	PTF	2:0
luxembourg-open-2024	Senior Men -74kg	R32	707	AMRI Bassem	FRA	JØRGENSEN Otto	DEN	PTF	2:1
luxembourg-open-2024	Senior Men -74kg	R32	708	PAUL Iestyn	GBR	REIGERSBERG Olav	NED	PTF	2:1
luxembourg-open-2024	Senior Men -74kg	R16	711	KINTSURASHVILI Zurab	GEO	OZTURK Ceyhun	NED	PTF	2:0
luxembourg-open-2024	Senior Men -74kg	R16	712	O FOFANA Seydou	FRA	PROCOPCIUC Lucian	POR	PTF	2:0
luxembourg-open-2024	Senior Men -74kg	R16	713	DAWOUD Omer	DEN	IMAD FADHIL Hussein	IRQ	PTF	2:0
luxembourg-open-2024	Senior Men -74kg	R16	714	ACHAB Badr	BEL	PETIT PHAR Petit Phar	FRA	PTF	2:0
luxembourg-open-2024	Senior Men -74kg	R16	715	NSILU DILANDU Leroy	IRL	CAMMAERTS Troy	BEL	PTF	2:1
luxembourg-open-2024	Senior Men -74kg	R16	716	CHEHADE Mohamad	SWE	MOUSSA Amar Cisse	GAB	PTF	2:1
luxembourg-open-2024	Senior Men -74kg	R16	717	RUBEN NAVA José	MEX	AMRI Bassem	FRA	PTF	2:1
luxembourg-open-2024	Senior Men -74kg	R16	718	THUNE Sebastian	NOR	PAUL Iestyn	GBR	WDR	
luxembourg-open-2024	Senior Men -74kg	QF	723	KINTSURASHVILI Zurab	GEO	O FOFANA Seydou	FRA	PTF	2:1
luxembourg-open-2024	Senior Men -74kg	QF	724	DAWOUD Omer	DEN	ACHAB Badr	BEL	WDR	1:1
luxembourg-open-2024	Senior Men -74kg	QF	725	CHEHADE Mohamad	SWE	NSILU DILANDU Leroy	IRL	PTF	2:0
luxembourg-open-2024	Senior Men -74kg	QF	726	THUNE Sebastian	NOR	RUBEN NAVA José	MEX	PTF	2:0
luxembourg-open-2024	Senior Men -74kg	SF	727	KINTSURASHVILI Zurab	GEO	DAWOUD Omer	DEN	PTF	2:0
luxembourg-open-2024	Senior Men -74kg	SF	728	CHEHADE Mohamad	SWE	THUNE Sebastian	NOR	PTF	2:0
luxembourg-open-2024	Senior Men -74kg	F	731	KINTSURASHVILI Zurab	GEO	CHEHADE Mohamad	SWE	WDR	
luxembourg-open-2024	Senior Men -80kg	R16	101	IER CASAS Iker	MEX	WEIDUM Dion	NED	PTF	2:1
luxembourg-open-2024	Senior Men -80kg	R16	102	MANSOURI Farzad	RTA	LAWSON Matheo	SWE	PTF	2:0
luxembourg-open-2024	Senior Men -80kg	R16	103	GONZALEZ Alejandro	ESP	TRIEBEL Robert	GER	PUN	1:0
luxembourg-open-2024	Senior Men -80kg	R16	104	COULIBALY Ismael	FRA	PICHLER Florian	AUT	PTF	2:0
luxembourg-open-2024	Senior Men -80kg	R16	105	MENDY Mohamed	FRA	RUDERMAN Ilia	ISR	PTF	2:0
luxembourg-open-2024	Senior Men -80kg	R16	106	FELICITE Lawrence	FRA	MINGUEZ Kevin	FRA	PTF	2:0
luxembourg-open-2024	Senior Men -80kg	R16	107	HRNIC Edi	DEN	CIPLAK Selim	GER	PTF	2:0
luxembourg-open-2024	Senior Men -80kg	QF	115	MARQUES RODRIGUES FERNANDES	BRA	IER CASAS Iker	MEX	PTF	2:0
luxembourg-open-2024	Senior Men -80kg	QF	116	MANSOURI Farzad	RTA	GONZALEZ Alejandro	ESP	PTF	2:0
luxembourg-open-2024	Senior Men -80kg	QF	117	COULIBALY Ismael	FRA	MENDY Mohamed	FRA	PTF	2:0
luxembourg-open-2024	Senior Men -80kg	QF	118	HRNIC Edi	DEN	FELICITE Lawrence	FRA	PTF	2:0
luxembourg-open-2024	Senior Men -80kg	SF	123	MARQUES RODRIGUES FERNANDES	BRA	MANSOURI Farzad	RTA	PTF	2:0
luxembourg-open-2024	Senior Men -80kg	SF	124	HRNIC Edi	DEN	COULIBALY Ismael	FRA	PTF	2:1
luxembourg-open-2024	Senior Men -80kg	F	127	MARQUES RODRIGUES FERNANDES	BRA	HRNIC Edi	DEN	WDR	
luxembourg-open-2024	Senior Men -87kg	R16	401	ELLA OVONO Davy	FRA	AYHAN Semih	GER	PTF	2:0
luxembourg-open-2024	Senior Men -87kg	R16	402	MEHDIPOURNEJAD Kasra	RTA	LEO APARICIO Álvaro	ESP	PTF	2:1
luxembourg-open-2024	Senior Men -87kg	R16	403	DIABY Aboubacar	FRA	HOERMANN Vincent	GER	PTF	2:0
luxembourg-open-2024	Senior Men -87kg	R16	404	OBERHOFER Alexander	ITA	LEARDINI Daniele	SMR	PTF	2:0
luxembourg-open-2024	Senior Men -87kg	QF	416	ALI AMER Hassan	DEN	ELLA OVONO Davy	FRA	PTF	2:0
luxembourg-open-2024	Senior Men -87kg	QF	417	MEHDIPOURNEJAD Kasra	RTA	KINSANSI Steve	FRA	PTF	2:0
luxembourg-open-2024	Senior Men -87kg	QF	418	DIABY Aboubacar	FRA	ALIPOUR Sohrab	GBR	PTF	2:0
luxembourg-open-2024	Senior Men -87kg	QF	419	ZOUROS -KARDATOS Konstantinos	GRE	OBERHOFER Alexander	ITA	PTF	2:0
luxembourg-open-2024	Senior Men -87kg	SF	424	MEHDIPOURNEJAD Kasra	RTA	ALI AMER Hassan	DEN	PTF	2:0
luxembourg-open-2024	Senior Men -87kg	SF	425	ZOUROS -KARDATOS Konstantinos	GRE	DIABY Aboubacar	FRA	PTF	2:0
luxembourg-open-2024	Senior Men -87kg	F	428	ZOUROS -KARDATOS Konstantinos	GRE	MEHDIPOURNEJAD Kasra	RTA	WDR	
luxembourg-open-2024	Senior Men +87kg	R16	503	MILLER Logan	GBR	WEBER Julien Pascal	GER	PTF	2:0
luxembourg-open-2024	Senior Men +87kg	R16	504	OTHMAN Taim	GBR	SAIDI Isa	AUT	PTF	2:1
luxembourg-open-2024	Senior Men +87kg	QF	513	SALLAH CISSE Cheick	CIV	MILLER Logan	GBR	PTF	2:0
luxembourg-open-2024	Senior Men +87kg	QF	514	HEALY Jonathan	USA	POLLET Manuel	BEL	PTF	2:0
luxembourg-open-2024	Senior Men +87kg	QF	515	CUNNINGHAM Caden	GBR	OUASSOU Zakariya	FRA	PTF	2:0
luxembourg-open-2024	Senior Men +87kg	QF	516	SANSORES Carlos	MEX	OTHMAN Taim	GBR	PTF	2:0
luxembourg-open-2024	Senior Men +87kg	SF	427	CUNNINGHAM Caden	GBR	SANSORES Carlos	MEX	PTF	2:0
luxembourg-open-2024	Senior Men +87kg	SF	523	SALLAH CISSE Cheick	CIV	HEALY Jonathan	USA	PTF	2:0
luxembourg-open-2024	Senior Men +87kg	F	526	CUNNINGHAM Caden	GBR	SALLAH CISSE Cheick	CIV	WDR	1:0
luxembourg-open-2024	Senior Women -46kg	R16	301	KARAOGLAN Medine	GER	ETTELBRUCK Lilly	GER	PTF	2:0
luxembourg-open-2024	Senior Women -46kg	R16	302	UZUN Sarah	NED	NGUYEN An-Vy	SWE	PTF	2:0
luxembourg-open-2024	Senior Women -46kg	R16	303	LOPEZ IZQUIERDO Ana	ESP	FUCHS Gaia	ISR	PTF	2:0
luxembourg-open-2024	Senior Women -46kg	R16	304	ROJAS FERNÁNDEZ Ainara	ESP	RAMO Jenna	FIN	PTF	2:0
luxembourg-open-2024	Senior Women -46kg	QF	316	BAYECH Rivka	ISR	KARAOGLAN Medine	GER	PTF	2:0
luxembourg-open-2024	Senior Women -46kg	QF	317	UZUN Sarah	NED	BARROSO Kiara	POR	PTF	2:1
luxembourg-open-2024	Senior Women -46kg	QF	318	LOPEZ IZQUIERDO Ana	ESP	GAYE Serrah	FRA	PTF	2:1
luxembourg-open-2024	Senior Women -46kg	QF	319	ROJAS FERNÁNDEZ Ainara	ESP	TAMMILA Ida-elina	FIN	PTF	2:0
luxembourg-open-2024	Senior Women -46kg	SF	324	BAYECH Rivka	ISR	UZUN Sarah	NED	PTF	2:0
luxembourg-open-2024	Senior Women -46kg	SF	325	LOPEZ IZQUIERDO Ana	ESP	ROJAS FERNÁNDEZ Ainara	ESP	PTF	2:0
luxembourg-open-2024	Senior Women -46kg	F	328	BAYECH Rivka	ISR	LOPEZ IZQUIERDO Ana	ESP	PTF	2:0
luxembourg-open-2024	Senior Women -49kg	R16	605	ABDOU BILANE Zaraou	ESP	ZHIOUI Abir	BEL	PTF	2:0
luxembourg-open-2024	Senior Women -49kg	R16	606	AYDEMIR Nurselin	GER	TOSI Emily	CAN	PTF	2:0
luxembourg-open-2024	Senior Women -49kg	QF	615	CEREZO Adriana	ESP	ABDOU BILANE Zaraou	ESP	PTF	2:0
luxembourg-open-2024	Senior Women -49kg	QF	616	GARCIA MARQUINA Sofia	ESP	DANSHYNA Oleksandra	ISR	PTF	2:0
luxembourg-open-2024	Senior Women -49kg	QF	617	NESHER Yarden	ISR	MORALES Kayla	USA	PTF	2:0
luxembourg-open-2024	Senior Women -49kg	QF	618	KAMKASOUMPHOU Maysane	FRA	AYDEMIR Nurselin	GER	PTF	2:0
luxembourg-open-2024	Senior Women -49kg	SF	625	CEREZO Adriana	ESP	GARCIA MARQUINA Sofia	ESP	PTF	2:0
luxembourg-open-2024	Senior Women -49kg	SF	626	NESHER Yarden	ISR	KAMKASOUMPHOU Maysane	FRA	PTF	2:0
luxembourg-open-2024	Senior Women -49kg	F	628	CEREZO Adriana	ESP	NESHER Yarden	ISR	PTF	2:0
luxembourg-open-2024	Senior Women -53kg	R32	405	VIGDOR Ariel	ISR	GAO Yue	SUI	PTF	2:0
luxembourg-open-2024	Senior Women -53kg	R32	406	MOGHAL Amna	NOR	PASSOS Lara	POR	PTF	2:0
luxembourg-open-2024	Senior Women -53kg	R32	407	ROMERO FERNANDEZ Noa	ESP	YAVUZ Suheda	GER	PTF	2:0
luxembourg-open-2024	Senior Women -53kg	R16	408	FOLGMANN Madeline	GER	VIGDOR Ariel	ISR	PTF	2:0
luxembourg-open-2024	Senior Women -53kg	R16	409	AGAOU Khalissa	FRA	GIRE Ines	FRA	PTF	2:0
luxembourg-open-2024	Senior Women -53kg	R16	410	ASIMI Adiba	GER	SARSOZA Shayanne	GBR	PTF	2:0
luxembourg-open-2024	Senior Women -53kg	R16	411	BONALS ANARTE Laura	ESP	LENNUYEUX - DE TAUZIA Alix	FRA	PTF	2:0
luxembourg-open-2024	Senior Women -53kg	R16	412	SEMBERG Abishag	ISR	MOGHAL Amna	NOR	PTF	2:0
luxembourg-open-2024	Senior Women -53kg	R16	413	RONKEN Julia	GER	CRINGLES Rachel	GBR	PTF	2:0
luxembourg-open-2024	Senior Women -53kg	R16	414	PAPPA Christina	GRE	HOY Lily	GBR	PTF	2:1
luxembourg-open-2024	Senior Women -53kg	R16	415	ROMERO FERNANDEZ Noa	ESP	KAMKASOUMPHOU Lenya	FRA	PTF	2:0
luxembourg-open-2024	Senior Women -53kg	QF	122.1	FOLGMANN Madeline	GER	AGAOU Khalissa	FRA	PTF	2:0
luxembourg-open-2024	Senior Women -53kg	QF	122.2	BONALS ANARTE Laura	ESP	ASIMI Adiba	GER	PTF	2:0
luxembourg-open-2024	Senior Women -53kg	QF	422	SEMBERG Abishag	ISR	RONKEN Julia	GER	PTF	2:0
luxembourg-open-2024	Senior Women -53kg	QF	423	PAPPA Christina	GRE	ROMERO FERNANDEZ Noa	ESP	PTF	2:1
luxembourg-open-2024	Senior Women -53kg	SF	127.1	SEMBERG Abishag	ISR	PAPPA Christina	GRE	PTF	2:0
luxembourg-open-2024	Senior Women -53kg	SF	426	FOLGMANN Madeline	GER	BONALS ANARTE Laura	ESP	PTF	2:1
luxembourg-open-2024	Senior Women -53kg	F	429	SEMBERG Abishag	ISR	FOLGMANN Madeline	GER	PTF	2:0
luxembourg-open-2024	Senior Women -57kg	R16	203	LAGER Biana	ISR	MAHNU Mariam	DEN	PTF	2:0
luxembourg-open-2024	Senior Women -57kg	R16	204	MERLOS ORDONEZ Judit	ESP	YACHAOUI Imane	GER	PTF	2:0
luxembourg-open-2024	Senior Women -57kg	R16	205	WOLF Jessica	GER	CORREIA Leonor	POR	PTF	2:0
luxembourg-open-2024	Senior Women -57kg	R16	206	SHAW Elisha	GBR	BANGURA Aisha	GER	PTF	2:1
luxembourg-open-2024	Senior Women -57kg	R16	207	CHRISTY Beth	GBR	STEINKUHLER Frieda	GER	PTF	2:0
luxembourg-open-2024	Senior Women -57kg	QF	216	DILLON Faith	USA	LAGER Biana	ISR	PTF	2:0
luxembourg-open-2024	Senior Women -57kg	QF	217	MERLOS ORDONEZ Judit	ESP	WOLF Jessica	GER	PTF	2:0
luxembourg-open-2024	Senior Women -57kg	QF	218	RODRIGUEZ MARQUINA Laura	ESP	SHAW Elisha	GBR	PTF	2:0
luxembourg-open-2024	Senior Women -57kg	QF	219	ASEMANI Raheleh	BEL	CHRISTY Beth	GBR	PTF	2:0
luxembourg-open-2024	Senior Women -57kg	SF	226	DILLON Faith	USA	MERLOS ORDONEZ Judit	ESP	PTF	2:0
luxembourg-open-2024	Senior Women -57kg	SF	227	ASEMANI Raheleh	BEL	RODRIGUEZ MARQUINA Laura	ESP	PTF	2:1
luxembourg-open-2024	Senior Women -57kg	F	229	DILLON Faith	USA	ASEMANI Raheleh	BEL	PTF	2:1
luxembourg-open-2024	Senior Women -62kg	R16	108	MARTON Luana	ESP	SCHWENTNER Eva	AUT	PTF	2:0
luxembourg-open-2024	Senior Women -62kg	R16	109	MONTEMUIÑO MARTINEZ Irene	ESP	BALCI Edanur	GER	PTF	2:0
luxembourg-open-2024	Senior Women -62kg	R16	110	GOEBEL Laura	GER	RUSKA Shanti	NED	PTF	2:0
luxembourg-open-2024	Senior Women -62kg	R16	111	CLARA PACHECO BRA-64 Maria	BRA	ANDERSSON Tindra	SWE	PTF	2:1
luxembourg-open-2024	Senior Women -62kg	R16	112	STAMOU Daphne	GRE	BERLINGER Franziska	SUI	PTF	2:0
luxembourg-open-2024	Senior Women -62kg	R16	113	MCPHILLIE Neve	GBR	KREUZER Kim vivian	GER	PTF	2:1
luxembourg-open-2024	Senior Women -62kg	R16	114	MARTON Viviana	ESP	BECK Antonia	GER	PTF	2:0
luxembourg-open-2024	Senior Women -62kg	QF	119	MARTON Luana	ESP	CALVO GOMEZ Marta	ESP	PTF	2:0
luxembourg-open-2024	Senior Women -62kg	QF	120	GOEBEL Laura	GER	MONTEMUIÑO MARTINEZ Irene	ESP	PTF	2:0
luxembourg-open-2024	Senior Women -62kg	QF	121	CLARA PACHECO BRA-64 Maria	BRA	STAMOU Daphne	GRE	PTF	2:0
luxembourg-open-2024	Senior Women -62kg	QF	122	MARTON Viviana	ESP	MCPHILLIE Neve	GBR	PTF	2:0
luxembourg-open-2024	Senior Women -62kg	SF	125	MARTON Luana	ESP	GOEBEL Laura	GER	PTF	2:0
luxembourg-open-2024	Senior Women -62kg	SF	126	MARTON Viviana	ESP	CLARA PACHECO BRA-64 Maria	BRA	PTF	2:0
luxembourg-open-2024	Senior Women -62kg	F	128	MARTON Luana	ESP	MARTON Viviana	ESP	WDR	
luxembourg-open-2024	Senior Women -67kg	R32	305	MOUSSA SAKO Madinatou	ESP	KRAMOH Courtney	GBR	PTF	2:1
luxembourg-open-2024	Senior Women -67kg	R32	306	WARZECHA Alina	GER	SHAW Erin	GBR	PTF	2:0
luxembourg-open-2024	Senior Women -67kg	R32	307	TARVIDA Inese	LAT	KANOUTE Iman	MLI	PTF	2:0
luxembourg-open-2024	Senior Women -67kg	R16	308	GBAGBI Ruth	CIV	MOUSSA SAKO Madinatou	ESP	PTF	2:1
luxembourg-open-2024	Senior Women -67kg	R16	309	MINK Amy	NED	SANTOS Caroline	BRA	PTF	2:1
luxembourg-open-2024	Senior Women -67kg	R16	310	HADDAD Khalida	FRA	YOUKOUBOVA Karina	FRA	PTF	2:0
luxembourg-open-2024	Senior Women -67kg	R16	311	ANYANACHO Elizabeth oluchi	NGR	VALENTINO Viviana	GER	PTF	2:0
luxembourg-open-2024	Senior Women -67kg	R16	312	TITONELI Milena	BRA	WARZECHA Alina	GER	PTF	2:0
luxembourg-open-2024	Senior Women -67kg	R16	313	TEACHOUT Kristina	USA	FABER Isabelle	LUX	PTF	2:0
luxembourg-open-2024	Senior Women -67kg	R16	314	MACEDO Sandy	BRA	MORENO REYES Lena	ESP	PTF	2:1
luxembourg-open-2024	Senior Women -67kg	R16	315	CHAARI Sarah	BEL	TARVIDA Inese	LAT	PTF	2:0
luxembourg-open-2024	Senior Women -67kg	QF	320	MINK Amy	NED	GBAGBI Ruth	CIV	PTF	2:1
luxembourg-open-2024	Senior Women -67kg	QF	321	ANYANACHO Elizabeth oluchi	NGR	HADDAD Khalida	FRA	PTF	2:0
luxembourg-open-2024	Senior Women -67kg	QF	322	TEACHOUT Kristina	USA	TITONELI Milena	BRA	PTF	2:1
luxembourg-open-2024	Senior Women -67kg	QF	323	MACEDO Sandy	BRA	CHAARI Sarah	BEL	PTF	2:0
luxembourg-open-2024	Senior Women -67kg	SF	326	ANYANACHO Elizabeth oluchi	NGR	MINK Amy	NED	PTF	2:0
luxembourg-open-2024	Senior Women -67kg	SF	327	MACEDO Sandy	BRA	TEACHOUT Kristina	USA	PTF	2:0
luxembourg-open-2024	Senior Women -67kg	F	329	ANYANACHO Elizabeth oluchi	NGR	MACEDO Sandy	BRA	WDR	1:0
luxembourg-open-2024	Senior Women -73kg	QF	818	SEELE Lisa-marie	GER	DE BOER Samuela	NED	PTF	2:1
luxembourg-open-2024	Senior Women -73kg	QF	819	HUTZEN Hanna	GER	MILOSEVIC Nikol	AUT	PTF	2:0
luxembourg-open-2024	Senior Women -73kg	SF	826	VITAL Sara	POR	SEELE Lisa-marie	GER	PTF	2:1
luxembourg-open-2024	Senior Women -73kg	SF	827	NEDIC Marlen sophie	GER	HUTZEN Hanna	GER	PTF	2:0
luxembourg-open-2024	Senior Women -73kg	F	829	NEDIC Marlen sophie	GER	VITAL Sara	POR	PTF	2:1
luxembourg-open-2024	Senior Women +73kg	R16	709	HUSOVIC Darija	GER	HAWASH Dania	SWE	PTF	2:0
luxembourg-open-2024	Senior Women +73kg	R16	710	HAMADACHE Emna	FRA	CHTIOUI Hafsa liana	DEN	PTF	2:1
luxembourg-open-2024	Senior Women +73kg	QF	719	HUSOVIC Esmeralda	GER	HUSOVIC Darija	GER	WDR	
luxembourg-open-2024	Senior Women +73kg	QF	720	HELVIGA Viktorija	LAT	BLE Marie-Paule	FRA	PTF	2:0
luxembourg-open-2024	Senior Women +73kg	QF	823.1	HADZIC Alema	GER	OUASSOU Mouna	FRA	PTF	2:0
luxembourg-open-2024	Senior Women +73kg	QF	823.2	ALADE Naomi	USA	HAMADACHE Emna	FRA	PTF	2:0
luxembourg-open-2024	Senior Women +73kg	SF	126.1	ALADE Naomi	USA	HADZIC Alema	GER	PTF	2:1
luxembourg-open-2024	Senior Women +73kg	SF	827.1	HUSOVIC Esmeralda	GER	HELVIGA Viktorija	LAT	PTF	2:1
luxembourg-open-2024	Senior Women +73kg	F	732	ALADE Naomi	USA	HUSOVIC Esmeralda	GER	PTF	2:0
european-club-championships-2024	Senior Men -54kg	R16	103	DONMEZ Abdullah	TUR	LIKOMETI Tedi	ALB	PTF	2:0
european-club-championships-2024	Senior Men -54kg	R16	104	OTERO SOUSA Javier	ESP	Angelides Solonas	CYP	PTF	2:0
european-club-championships-2024	Senior Men -54kg	R16	105	BALABAN Server	TUR	ZYWARSKI Filip	POL	PTF	2:1
european-club-championships-2024	Senior Men -54kg	R16	106	DELGADO HERNANDEZ David	ESP	Mazzi Mirco	ITA	PTF	2:1
european-club-championships-2024	Senior Men -54kg	R16	107	KITADE Tatsuya	JPN	ILIC Nemanja	SRB	PTF	2:0
european-club-championships-2024	Senior Men -54kg	QF	123	DONMEZ Abdullah	TUR	CAN Haktan	TUR	PTF	2:0
european-club-championships-2024	Senior Men -54kg	QF	124	BALABAN Server	TUR	OTERO SOUSA Javier	ESP	PTF	2:0
european-club-championships-2024	Senior Men -54kg	QF	522.1	DELGADO HERNANDEZ David	ESP	VIZDIKLAR Suleyman	KOS	PTF	2:1
european-club-championships-2024	Senior Men -54kg	QF	522.2	CUENCA MORENO Jorge	ESP	KITADE Tatsuya	JPN	PTF	2:0
european-club-championships-2024	Senior Men -54kg	SF	135	BALABAN Server	TUR	DONMEZ Abdullah	TUR	PTF	2:0
european-club-championships-2024	Senior Men -54kg	SF	136	DELGADO HERNANDEZ David	ESP	CUENCA MORENO Jorge	ESP	PTF	2:0
european-club-championships-2024	Senior Men -54kg	F	141	BALABAN Server	TUR	DELGADO HERNANDEZ David	ESP	PTF	2:0
european-club-championships-2024	Senior Men -58kg	R32	201	DEL VECCHIO Teodoro	ITA	Barsakis Andreas	GRE	PTF	2:0
european-club-championships-2024	Senior Men -58kg	R32	202	ILHAN Serdar	TUR	CIUPA Bartlomiej	POL	PTF	2:0
european-club-championships-2024	Senior Men -58kg	R32	203	MEHLMANN Daniel	GER	Edwards Asha	GBR	PTF	2:0
european-club-championships-2024	Senior Men -58kg	R32	204	ALMEIDA GARAU Jorge	ESP	Ntemeroukas Evangelos	GRE	PTF	2:0
european-club-championships-2024	Senior Men -58kg	R32	205	CALIK Merdan	TUR	Rossi Paggetti Tommaso	ITA	PTF	2:1
european-club-championships-2024	Senior Men -58kg	R32	206	ORTIZ GARCIA Pepe	ESP	NURALIYEV Assatbek	KAZ	PTF	2:1
european-club-championships-2024	Senior Men -58kg	R32	207	DEMIRXHIU Klaus	ALB	Rameez Hasan	ROU	PTF	2:0
european-club-championships-2024	Senior Men -58kg	R16	211	DEL VECCHIO Teodoro	ITA	USCOV Serghei	MDA	PTF	2:0
european-club-championships-2024	Senior Men -58kg	R16	212	MERDANAJ Ernest	ALB	FUNKENDORF Vladyslav	UKR	PTF	2:0
european-club-championships-2024	Senior Men -58kg	R16	213	FRAILE RODRIGUEZ Jesus	ESP	ILHAN Serdar	TUR	PTF	2:0
european-club-championships-2024	Senior Men -58kg	R16	214	MEHLMANN Daniel	GER	FOTI Giuseppe	ITA	PTF	2:0
european-club-championships-2024	Senior Men -58kg	R16	215	ALMEIDA GARAU Jorge	ESP	Simpara Youssouf	GER	PTF	2:1
european-club-championships-2024	Senior Men -58kg	R16	216	DAGDELEN Deniz	TUR	CALIK Merdan	TUR	PTF	2:0
european-club-championships-2024	Senior Men -58kg	R16	217	FLEGAR Jan	CRO	ORTIZ GARCIA Pepe	ESP	PTF	2:0
european-club-championships-2024	Senior Men -58kg	R16	218	KAPLAN Enes	TUR	DEMIRXHIU Klaus	ALB	PTF	2:0
european-club-championships-2024	Senior Men -58kg	QF	227	DEL VECCHIO Teodoro	ITA	MERDANAJ Ernest	ALB	PTF	2:1
european-club-championships-2024	Senior Men -58kg	QF	228	FRAILE RODRIGUEZ Jesus	ESP	MEHLMANN Daniel	GER	PTF	2:0
european-club-championships-2024	Senior Men -58kg	QF	229	DAGDELEN Deniz	TUR	ALMEIDA GARAU Jorge	ESP	PTF	2:0
european-club-championships-2024	Senior Men -58kg	QF	230	KAPLAN Enes	TUR	FLEGAR Jan	CRO	PTF	2:0
european-club-championships-2024	Senior Men -58kg	SF	235	DEL VECCHIO Teodoro	ITA	FRAILE RODRIGUEZ Jesus	ESP	PTF	2:0
european-club-championships-2024	Senior Men -58kg	SF	236	KAPLAN Enes	TUR	DAGDELEN Deniz	TUR	WDR	
european-club-championships-2024	Senior Men -58kg	F	239	KAPLAN Enes	TUR	DEL VECCHIO Teodoro	ITA	PTF	2:0
european-club-championships-2024	Senior Men -63kg	R64	301	KHASSAN Yerbolat	KAZ	MARTINEZ SUAREZ Adrian	ESP	PTF	2:0
european-club-championships-2024	Senior Men -63kg	R64	302	SCAFARIA Lorenzo	FRA	Dushaj Sebastian	MNE	PTF	2:1
european-club-championships-2024	Senior Men -63kg	R32	303	CANI Juirdo	ALB	KHASSAN Yerbolat	KAZ	RSC	1:1
european-club-championships-2024	Senior Men -63kg	R32	304	SPRECA Tommaso	ITA	PETRAKIS Nikolaos	GRE	PTF	2:0
european-club-championships-2024	Senior Men -63kg	R32	305	HUSSEIN Ulat	GER	NUKIC Esad	BIH	PTF	2:0
european-club-championships-2024	Senior Men -63kg	R32	306	LUCERNA Luca	ITA	Prassas Anargyros	GRE	PTF	2:0
european-club-championships-2024	Senior Men -63kg	R32	307	BETEL Casimir	GER	MOTTAREALE Gabriele	ITA	PTF	2:0
european-club-championships-2024	Senior Men -63kg	R32	308	POLIMOS Panagiotis Belos	GRE	GEORGIEV Victor	BUL	PTF	2:1
european-club-championships-2024	Senior Men -63kg	R32	309	AYDOGAN Hamza osman	TUR	SANCHIS ORTEGA Izan	ESP	WDR	1:0
european-club-championships-2024	Senior Men -63kg	R32	310	PAPIEROWSKI Dominik	POL	Karlatiras Anastasios	GRE	PTF	2:0
european-club-championships-2024	Senior Men -63kg	R32	311	TOMAS GONZALEZ Lois	ESP	Omerbegovic Kerim	BIH	PTF	2:0
european-club-championships-2024	Senior Men -63kg	R32	312	PAPAZOGONOPOULOS Dimitrios Arist	GRE	MALLOL SORIANO Franc	ESP	PTF	2:1
european-club-championships-2024	Senior Men -63kg	R32	313	XANTHAKOS Ioannis Marios	GRE	BUBA Gledis	ALB	PTF	2:0
european-club-championships-2024	Senior Men -63kg	R32	314	GERARDIS Georgios	GRE	Lo Cacciato Marco	ITA	PTF	2:0
european-club-championships-2024	Senior Men -63kg	R32	315	SAFARYN Piotr	POL	KARRAS Christos	GRE	PTF	2:0
european-club-championships-2024	Senior Men -63kg	R32	316	KOSE Osman Turker	TUR	NOWAK Lukasz	POL	PTF	2:0
european-club-championships-2024	Senior Men -63kg	R32	317	SPANIDIS Konstantinos	GRE	KARATAS Ahmet	TUR	PTF	2:0
european-club-championships-2024	Senior Men -63kg	R32	318	DJONKO Ibrahim	BIH	SCAFARIA Lorenzo	FRA	PTF	2:0
european-club-championships-2024	Senior Men -63kg	R16	321	CANI Juirdo	ALB	SPRECA Tommaso	ITA	PTF	2:0
european-club-championships-2024	Senior Men -63kg	R16	322	LUCERNA Luca	ITA	HUSSEIN Ulat	GER	PTF	2:0
european-club-championships-2024	Senior Men -63kg	R16	323	BETEL Casimir	GER	POLIMOS Panagiotis Belos	GRE	PTF	2:1
european-club-championships-2024	Senior Men -63kg	R16	324	AYDOGAN Hamza osman	TUR	PAPIEROWSKI Dominik	POL	PTF	2:0
european-club-championships-2024	Senior Men -63kg	R16	327	KOSE Osman Turker	TUR	SAFARYN Piotr	POL	PTF	2:0
european-club-championships-2024	Senior Men -63kg	R16	328	DJONKO Ibrahim	BIH	SPANIDIS Konstantinos	GRE	PTF	2:0
european-club-championships-2024	Senior Men -63kg	R16	426.1	TOMAS GONZALEZ Lois	ESP	PAPAZOGONOPOULOS Dimitrios Arist	GRE	PTF	2:1
european-club-championships-2024	Senior Men -63kg	R16	426.2	GERARDIS Georgios	GRE	XANTHAKOS Ioannis Marios	GRE	PTF	2:1
european-club-championships-2024	Senior Men -63kg	QF	333	CANI Juirdo	ALB	LUCERNA Luca	ITA	PTF	2:1
european-club-championships-2024	Senior Men -63kg	QF	334	BETEL Casimir	GER	AYDOGAN Hamza osman	TUR	RSC	
european-club-championships-2024	Senior Men -63kg	QF	335	GERARDIS Georgios	GRE	TOMAS GONZALEZ Lois	ESP	RSC	
european-club-championships-2024	Senior Men -63kg	QF	336	KOSE Osman Turker	TUR	DJONKO Ibrahim	BIH	PTF	2:0
european-club-championships-2024	Senior Men -63kg	SF	339	BETEL Casimir	GER	CANI Juirdo	ALB	PTF	2:1
european-club-championships-2024	Senior Men -63kg	SF	340	GERARDIS Georgios	GRE	KOSE Osman Turker	TUR	PTF	2:1
european-club-championships-2024	Senior Men -63kg	F	342	BETEL Casimir	GER	GERARDIS Georgios	GRE	PTF	2:0
european-club-championships-2024	Senior Men -68kg	R32	401	JIMENEZ LAMA Nicolas Maximo	ESP	SPRECA Andrea	ITA	PTF	2:1
european-club-championships-2024	Senior Men -68kg	R32	402	DUGAC Grga	CRO	Doganay Yigit	TUR	PTF	2:0
european-club-championships-2024	Senior Men -68kg	R32	403	ABAD EXPOSITO Iker	ESP	SAKELLARIOU Christos	GRE	PTF	2:0
european-club-championships-2024	Senior Men -68kg	R32	404	BARKOF Alexandros	GRE	KHAMMERMAN Danil	UKR	PTF	2:0
european-club-championships-2024	Senior Men -68kg	R32	405	JURKIC Miro	CRO	FARMAKIS Ioannis alexandros	CYP	PTF	2:0
european-club-championships-2024	Senior Men -68kg	R32	406	PAPPAS Lampros	GRE	PILAVAKIS Ioannis	CYP	PTF	2:0
european-club-championships-2024	Senior Men -68kg	R32	407	HABIBOVIC Sadmir	BIH	CAMMARATA Matteo	ITA	PTF	2:0
european-club-championships-2024	Senior Men -68kg	R32	408	STAMENOV Stefan	BUL	GIANNOU Efstratios	GRE	PTF	2:0
european-club-championships-2024	Senior Men -68kg	R16	411	GLASNOVIC Leon	CRO	JIMENEZ LAMA Nicolas Maximo	ESP	WDR	
european-club-championships-2024	Senior Men -68kg	R16	412	PAPPA Rafael	GRE	DUGAC Grga	CRO	PTF	2:0
european-club-championships-2024	Senior Men -68kg	R16	413	ABAD EXPOSITO Iker	ESP	USCIMIUK Sebastian	POL	PTF	2:0
european-club-championships-2024	Senior Men -68kg	R16	414	ERER Berkay	TUR	BARKOF Alexandros	GRE	PTF	2:0
european-club-championships-2024	Senior Men -68kg	R16	415	BARETTA Dennis	ITA	JURKIC Miro	CRO	PTF	2:0
european-club-championships-2024	Senior Men -68kg	R16	416	DJONKO Muhamed	BIH	PAPPAS Lampros	GRE	PTF	2:0
european-club-championships-2024	Senior Men -68kg	R16	417	HABIBOVIC Sadmir	BIH	MILAN CANOVAS Jorge	ESP	PTF	2:0
european-club-championships-2024	Senior Men -68kg	R16	418	STAMENOV Stefan	BUL	KAVURAT Ferhat can	TUR	PTF	2:1
european-club-championships-2024	Senior Men -68kg	QF	427	GLASNOVIC Leon	CRO	PAPPA Rafael	GRE	PTF	2:0
european-club-championships-2024	Senior Men -68kg	QF	428	ABAD EXPOSITO Iker	ESP	ERER Berkay	TUR	PTF	2:1
european-club-championships-2024	Senior Men -68kg	QF	429	BARETTA Dennis	ITA	DJONKO Muhamed	BIH	PTF	2:0
european-club-championships-2024	Senior Men -68kg	QF	430	STAMENOV Stefan	BUL	HABIBOVIC Sadmir	BIH	PTF	2:1
european-club-championships-2024	Senior Men -68kg	SF	435	ABAD EXPOSITO Iker	ESP	GLASNOVIC Leon	CRO	RSC	1:1
european-club-championships-2024	Senior Men -68kg	SF	436	BARETTA Dennis	ITA	STAMENOV Stefan	BUL	PTF	2:0
european-club-championships-2024	Senior Men -68kg	F	439	BARETTA Dennis	ITA	ABAD EXPOSITO Iker	ESP	WDR	
european-club-championships-2024	Senior Men -74kg	R32	601	GALLAND Warrick	SUI	TOUNAS Nestoras	GRE	PTF	2:0
european-club-championships-2024	Senior Men -74kg	R32	602	KAYA Omur	TUR	Rampino Alessio	ITA	PTF	2:0
european-club-championships-2024	Senior Men -74kg	R32	603	MARCHENKO Mykola	UKR	Andone Marius	ESP	PTF	2:0
european-club-championships-2024	Senior Men -74kg	R32	604	KORPE Omer furkan	TUR	Malečić Karlo	CRO	PTF	2:1
european-club-championships-2024	Senior Men -74kg	R16	612	YILDIZ Muhammed emin	TUR	GALLAND Warrick	SUI	PTF	2:0
european-club-championships-2024	Senior Men -74kg	R16	613	BALAKA Artem	UKR	PAN GARROTE Adrian	ESP	PTF	2:1
european-club-championships-2024	Senior Men -74kg	R16	614	WRIGHT Oakley	GBR	SZASZ Manyhert	ROU	PTF	2:0
european-club-championships-2024	Senior Men -74kg	R16	615	BECOVIC Zinedin	MNE	KAYA Omur	TUR	PTF	2:1
european-club-championships-2024	Senior Men -74kg	R16	616	MOUSSA Amar Cisse	GER	MARCHENKO Mykola	UKR	PTF	2:0
european-club-championships-2024	Senior Men -74kg	R16	617	KALJANAC Emir	BIH	MUSKEVITS Aleksandr	GER	PTF	2:0
european-club-championships-2024	Senior Men -74kg	R16	618	AGUSHI Elion	KOS	MELANIFIDIS Georgios	GRE	PTF	2:0
european-club-championships-2024	Senior Men -74kg	R16	619	KORPE Omer furkan	TUR	Chumachenko Oleksandr	UKR	PTF	2:0
european-club-championships-2024	Senior Men -74kg	QF	628	BALAKA Artem	UKR	YILDIZ Muhammed emin	TUR	PTF	2:1
european-club-championships-2024	Senior Men -74kg	QF	629	BECOVIC Zinedin	MNE	WRIGHT Oakley	GBR	PTF	2:0
european-club-championships-2024	Senior Men -74kg	QF	630	MOUSSA Amar Cisse	GER	KALJANAC Emir	BIH	PTF	2:0
european-club-championships-2024	Senior Men -74kg	QF	631	KORPE Omer furkan	TUR	AGUSHI Elion	KOS	PTF	2:0
european-club-championships-2024	Senior Men -74kg	SF	636	BECOVIC Zinedin	MNE	BALAKA Artem	UKR	PTF	2:0
european-club-championships-2024	Senior Men -74kg	SF	637	KORPE Omer furkan	TUR	MOUSSA Amar Cisse	GER	PTF	2:0
european-club-championships-2024	Senior Men -74kg	F	640	BECOVIC Zinedin	MNE	KORPE Omer furkan	TUR	PTF	2:1
european-club-championships-2024	Senior Men -80kg	R16	605	MARIPOV Abdurakhmon	KAZ	AGRISAN Stefan Gabriel	ROU	PTF	2:0
european-club-championships-2024	Senior Men -80kg	R16	606	PLAZA RODRIGUEZ David	ESP	KOVAC Ante	CRO	PTF	2:0
european-club-championships-2024	Senior Men -80kg	R16	607	SAROGLU Ferhat Muhammet	TUR	PEREZ MORILLO Cristobal	ESP	PTF	2:1
european-club-championships-2024	Senior Men -80kg	R16	608	PERUNIČIĆ Vasilije	MNE	Papanikolaou Konstantinos Alexios	GRE	PTF	2:0
european-club-championships-2024	Senior Men -80kg	QF	620	HUSIC Nedzad	BIH	MARIPOV Abdurakhmon	KAZ	PTF	2:0
european-club-championships-2024	Senior Men -80kg	QF	621	PANTAZIS Georgios	GRE	PLAZA RODRIGUEZ David	ESP	PTF	2:0
european-club-championships-2024	Senior Men -80kg	QF	622	KRPAN Vito	CRO	SAROGLU Ferhat Muhammet	TUR	PTF	2:0
european-club-championships-2024	Senior Men -80kg	QF	623	GONZALEZ Alejandro	ESP	PERUNIČIĆ Vasilije	MNE	PTF	2:1
european-club-championships-2024	Senior Men -80kg	SF	632	HUSIC Nedzad	BIH	PANTAZIS Georgios	GRE	PTF	2:0
european-club-championships-2024	Senior Men -80kg	SF	633	KRPAN Vito	CRO	GONZALEZ Alejandro	ESP	PTF	2:0
european-club-championships-2024	Senior Men -80kg	F	638	KRPAN Vito	CRO	HUSIC Nedzad	BIH	WDR	
european-club-championships-2024	Senior Men -87kg	QF	511	THOLIOTIS Vasileios	GRE	BADAROVSKI Gorjan	MKD	PTF	2:0
european-club-championships-2024	Senior Men -87kg	QF	512	AJDUKOVIC Dimitrije	SRB	Mehdipournejad Kasra	GER	PTF	2:0
european-club-championships-2024	Senior Men -87kg	QF	513	CURABAZ Sergen	TUR	HOERMANN Vincent	GER	PTF	2:1
european-club-championships-2024	Senior Men -87kg	QF	514	MARETIS Rafail Ioannis	GRE	NUCI Erol	BIH	PTF	2:0
european-club-championships-2024	Senior Men -87kg	SF	527	THOLIOTIS Vasileios	GRE	AJDUKOVIC Dimitrije	SRB	PTF	2:0
european-club-championships-2024	Senior Men -87kg	SF	528	CURABAZ Sergen	TUR	MARETIS Rafail Ioannis	GRE	PTF	2:1
european-club-championships-2024	Senior Men -87kg	F	535	THOLIOTIS Vasileios	GRE	CURABAZ Sergen	TUR	WDR	1:0
european-club-championships-2024	Senior Men +87kg	QF	515	MOLIN Mattia	ITA	POPOV Theodoros	CYP	PTF	2:0
european-club-championships-2024	Senior Men +87kg	QF	516	ACIKGOZ Muhammed Emin	TUR	MANEA Robert	ROU	PTF	2:0
european-club-championships-2024	Senior Men +87kg	QF	517	ANDREOU Petros	CYP	NASO Marco	ITA	PTF	2:0
european-club-championships-2024	Senior Men +87kg	QF	518	MICHOPOULOS Sotirios	GRE	CELIK Ertugrul	TUR	PTF	2:0
european-club-championships-2024	Senior Men +87kg	SF	529	MOLIN Mattia	ITA	ACIKGOZ Muhammed Emin	TUR	WDR	1:0
european-club-championships-2024	Senior Men +87kg	SF	530	MICHOPOULOS Sotirios	GRE	ANDREOU Petros	CYP	PTF	2:0
european-club-championships-2024	Senior Men +87kg	F	536	MOLIN Mattia	ITA	MICHOPOULOS Sotirios	GRE	PTF	2:0
european-club-championships-2024	Senior Women -46kg	R16	108	NTINAI Anisa	GRE	RUGG Shannan	GBR	PTF	2:0
european-club-championships-2024	Senior Women -46kg	R16	109	KESGIN Tuvanna nazli	TUR	Konjević Rea	CRO	PTF	2:0
european-club-championships-2024	Senior Women -46kg	R16	110	BARROSO Kiara	POR	ROKKA Athanasia	GRE	PTF	2:0
european-club-championships-2024	Senior Women -46kg	R16	111	LIGHTFOOT Ashleigh	GBR	Altunlu Beyza	TUR	PTF	2:0
european-club-championships-2024	Senior Women -46kg	R16	112	GULIYEVA Salima	AZE	MYTILINIOU Magdalini Maria	GRE	PTF	2:0
european-club-championships-2024	Senior Women -46kg	R16	113	ETTELBRUCK Lilly	GER	Campoy Serrano Marta Victoria	ESP	PTF	2:0
european-club-championships-2024	Senior Women -46kg	R16	114	BERTAGNIN Elisa	ITA	Nakajima Mihou	JPN	PTF	2:0
european-club-championships-2024	Senior Women -46kg	QF	127	MAKAS Dzejla	BIH	NTINAI Anisa	GRE	PTF	2:0
european-club-championships-2024	Senior Women -46kg	QF	128	KESGIN Tuvanna nazli	TUR	BARROSO Kiara	POR	PTF	2:0
european-club-championships-2024	Senior Women -46kg	QF	129	GULIYEVA Salima	AZE	LIGHTFOOT Ashleigh	GBR	PTF	2:0
european-club-championships-2024	Senior Women -46kg	QF	130	ETTELBRUCK Lilly	GER	BERTAGNIN Elisa	ITA	PTF	2:0
european-club-championships-2024	Senior Women -46kg	SF	137	KESGIN Tuvanna nazli	TUR	MAKAS Dzejla	BIH	PTF	2:1
european-club-championships-2024	Senior Women -46kg	SF	138	GULIYEVA Salima	AZE	ETTELBRUCK Lilly	GER	PTF	2:0
european-club-championships-2024	Senior Women -46kg	F	142	KESGIN Tuvanna nazli	TUR	GULIYEVA Salima	AZE	PTF	2:0
european-club-championships-2024	Senior Women -49kg	R32	501	CALABRO Martina	ITA	ONER Fatmanur	TUR	PTF	2:0
european-club-championships-2024	Senior Women -49kg	R32	502	PAPAZOGLOU Eleni	GRE	Santaniello Antonietta	ITA	PTF	2:0
european-club-championships-2024	Senior Women -49kg	R16	503	CALABRO Martina	ITA	MAESTRO Virginia	ITA	PTF	2:0
european-club-championships-2024	Senior Women -49kg	R16	504	GARBETT Latisha	GBR	KOKOSI Anastasia Nektaria	GRE	PTF	2:0
european-club-championships-2024	Senior Women -49kg	R16	505	KARYDI Melina	GRE	KRAJEWSKA Nikola	POL	PTF	2:0
european-club-championships-2024	Senior Women -49kg	R16	506	KRAJEWSKA Alicja	POL	Kelemeni Tzemma Maria	GRE	PTF	2:0
european-club-championships-2024	Senior Women -49kg	R16	507	LINAN PARDO Naiara	AND	Chouta Ioanna Maria	GRE	PTF	2:0
european-club-championships-2024	Senior Women -49kg	R16	508	AKHMEDOVA Nodira	KAZ	SARGANTANI Charikleia	GRE	PTF	2:1
european-club-championships-2024	Senior Women -49kg	R16	509	YILDIZ Gonca	TUR	BAJAN Mihaela nicoleta claudia	ROU	PTF	2:0
european-club-championships-2024	Senior Women -49kg	R16	510	AKGUL Elif sude	TUR	PAPAZOGLOU Eleni	GRE	PTF	2:0
european-club-championships-2024	Senior Women -49kg	QF	523	GARBETT Latisha	GBR	CALABRO Martina	ITA	PTF	2:0
european-club-championships-2024	Senior Women -49kg	QF	524	KRAJEWSKA Alicja	POL	KARYDI Melina	GRE	PTF	2:0
european-club-championships-2024	Senior Women -49kg	QF	525	AKHMEDOVA Nodira	KAZ	LINAN PARDO Naiara	AND	PTF	2:0
european-club-championships-2024	Senior Women -49kg	QF	526	AKGUL Elif sude	TUR	YILDIZ Gonca	TUR	PTF	2:0
european-club-championships-2024	Senior Women -49kg	SF	533	KRAJEWSKA Alicja	POL	GARBETT Latisha	GBR	PTF	2:0
european-club-championships-2024	Senior Women -49kg	SF	534	AKGUL Elif sude	TUR	AKHMEDOVA Nodira	KAZ	PTF	2:0
european-club-championships-2024	Senior Women -49kg	F	538	AKGUL Elif sude	TUR	KRAJEWSKA Alicja	POL	PTF	2:0
european-club-championships-2024	Senior Women -53kg	R32	101	SHABAJ Enisa	ALB	Vourkou Konstantina	GRE	PTF	2:0
european-club-championships-2024	Senior Women -53kg	R32	102	KIOSKEROGLOU Maria	GRE	Rodriguez Carlota	AND	PTF	2:0
european-club-championships-2024	Senior Women -53kg	R16	115	AVDAGIC Ada	BIH	SHABAJ Enisa	ALB	PTF	2:0
european-club-championships-2024	Senior Women -53kg	R16	116	GIRE Ines	FRA	DE FAZIO Ioanna	GRE	PTF	2:1
european-club-championships-2024	Senior Women -53kg	R16	117	CELIK Senanur	TUR	REPOULIA Athanasia	GRE	PTF	2:1
european-club-championships-2024	Senior Women -53kg	R16	118	MAROTO CORREDOR Irene	ESP	ABDIWAHID Munirah warsame	SOM	PTF	2:0
european-club-championships-2024	Senior Women -53kg	R16	119	AL HALWANI Sarah	ITA	BUTTARELLI Aurelie	FRA	PTF	2:1
european-club-championships-2024	Senior Women -53kg	R16	120	GYUNDYUZ Selen	TUR	TZELI Maria	GRE	PTF	2:0
european-club-championships-2024	Senior Women -53kg	R16	121	KOUTROUMPI Kalliopi	GRE	CHARALAMBOUS Ioanna	CYP	PTF	2:0
european-club-championships-2024	Senior Women -53kg	R16	122	TUKIC Mia	CRO	KIOSKEROGLOU Maria	GRE	PTF	2:0
european-club-championships-2024	Senior Women -53kg	QF	131	AVDAGIC Ada	BIH	GIRE Ines	FRA	PTF	2:0
european-club-championships-2024	Senior Women -53kg	QF	132	CELIK Senanur	TUR	MAROTO CORREDOR Irene	ESP	PTF	2:0
european-club-championships-2024	Senior Women -53kg	QF	133	AL HALWANI Sarah	ITA	GYUNDYUZ Selen	TUR	PTF	2:1
european-club-championships-2024	Senior Women -53kg	QF	134	KOUTROUMPI Kalliopi	GRE	TUKIC Mia	CRO	PTF	2:0
european-club-championships-2024	Senior Women -53kg	SF	139	CELIK Senanur	TUR	AVDAGIC Ada	BIH	PTF	2:0
european-club-championships-2024	Senior Women -53kg	SF	140	AL HALWANI Sarah	ITA	KOUTROUMPI Kalliopi	GRE	PTF	2:0
european-club-championships-2024	Senior Women -53kg	F	143	CELIK Senanur	TUR	AL HALWANI Sarah	ITA	PTF	2:0
european-club-championships-2024	Senior Women -57kg	R32	208	ALBU Alessia	ITA	VASILIADOU Eleni	CYP	PTF	2:1
european-club-championships-2024	Senior Women -57kg	R32	209	GOGEBAKAN Huru gokce	TUR	KESIC Helena	BIH	PTF	2:0
european-club-championships-2024	Senior Women -57kg	R32	210	CELIK Edanur	TUR	Soumpasi Elissavet	GRE	PTF	2:0
european-club-championships-2024	Senior Women -57kg	R16	219	MAKRYGIANNI Athina	GRE	ALBU Alessia	ITA	PTF	2:0
european-club-championships-2024	Senior Women -57kg	R16	220	SENYURT Aleyna	TUR	BUGARINOVIC Ema	CRO	PTF	2:0
european-club-championships-2024	Senior Women -57kg	R16	221	SEREDA Julia	POL	IYIN Meryem Elif	TUR	PTF	2:1
european-club-championships-2024	Senior Women -57kg	R16	222	HABIJANČIĆ Sara	CRO	Karkasi Aikaterini	GRE	WDR	1:0
european-club-championships-2024	Senior Women -57kg	R16	223	GOGEBAKAN Huru gokce	TUR	COMAN Gabriela bianca	ROU	PTF	2:0
european-club-championships-2024	Senior Women -57kg	R16	224	DUJMIC Helena	CRO	WOLF Jessica	GER	PTF	2:0
european-club-championships-2024	Senior Women -57kg	R16	225	VUKIC Margarita	CRO	OLESZCZUK Lucja	POL	PTF	2:1
european-club-championships-2024	Senior Women -57kg	R16	226	CELIK Edanur	TUR	PATAKFALVY Luca	HUN	PTF	2:1
european-club-championships-2024	Senior Women -57kg	QF	138.1	VUKIC Margarita	CRO	CELIK Edanur	TUR	PTF	2:0
european-club-championships-2024	Senior Women -57kg	QF	231	SENYURT Aleyna	TUR	MAKRYGIANNI Athina	GRE	PTF	2:0
european-club-championships-2024	Senior Women -57kg	QF	232	HABIJANČIĆ Sara	CRO	SEREDA Julia	POL	PTF	2:0
european-club-championships-2024	Senior Women -57kg	QF	233	GOGEBAKAN Huru gokce	TUR	DUJMIC Helena	CRO	PTF	2:1
european-club-championships-2024	Senior Women -57kg	SF	237	SENYURT Aleyna	TUR	HABIJANČIĆ Sara	CRO	PTF	2:0
european-club-championships-2024	Senior Women -57kg	SF	238	VUKIC Margarita	CRO	GOGEBAKAN Huru gokce	TUR	PTF	2:0
european-club-championships-2024	Senior Women -57kg	F	240	VUKIC Margarita	CRO	SENYURT Aleyna	TUR	PTF	2:1
european-club-championships-2024	Senior Women -62kg	R32	409	LIAKATA Ifigeneia	GRE	CALVARA Greta	ITA	PTF	2:0
european-club-championships-2024	Senior Women -62kg	R32	410	STAMELLOU Georgia	GRE	Mukhametkulova Assem	KAZ	PTF	2:0
european-club-championships-2024	Senior Women -62kg	R16	419	RELJIKJ Miljana	MKD	LIAKATA Ifigeneia	GRE	PTF	2:0
european-club-championships-2024	Senior Women -62kg	R16	420	TOMCZAK Tatiana	POL	CHRISTOU Eftichia	CYP	PTF	2:0
european-club-championships-2024	Senior Women -62kg	R16	421	CAKAL Sevval	TUR	TRAVERSI Valentina	ITA	PTF	2:0
european-club-championships-2024	Senior Women -62kg	R16	422	MONTEMUINO MARTINEZ Irene	ESP	MARASLI Zeynep Ebrar	TUR	PTF	2:0
european-club-championships-2024	Senior Women -62kg	R16	423	TZELI Fani	GRE	MAGDIC Matea	CRO	PTF	2:0
european-club-championships-2024	Senior Women -62kg	R16	424	GUCLUEFE Selenay	TUR	LUCERNA Marta	ITA	PTF	2:0
european-club-championships-2024	Senior Women -62kg	R16	425	KOMATINA Andrea	MNE	KRIATSIOTI Anna maria	GRE	PTF	2:0
european-club-championships-2024	Senior Women -62kg	R16	426	SZPAK Julia	POL	STAMELLOU Georgia	GRE	PTF	2:0
european-club-championships-2024	Senior Women -62kg	QF	431	RELJIKJ Miljana	MKD	TOMCZAK Tatiana	POL	PTF	2:0
european-club-championships-2024	Senior Women -62kg	QF	432	CAKAL Sevval	TUR	MONTEMUINO MARTINEZ Irene	ESP	PTF	2:0
european-club-championships-2024	Senior Women -62kg	QF	433	TZELI Fani	GRE	GUCLUEFE Selenay	TUR	PTF	2:0
european-club-championships-2024	Senior Women -62kg	QF	434	SZPAK Julia	POL	KOMATINA Andrea	MNE	PTF	2:0
european-club-championships-2024	Senior Women -62kg	SF	437	RELJIKJ Miljana	MKD	CAKAL Sevval	TUR	PTF	2:0
european-club-championships-2024	Senior Women -62kg	SF	438	SZPAK Julia	POL	TZELI Fani	GRE	PTF	2:0
european-club-championships-2024	Senior Women -62kg	F	440	RELJIKJ Miljana	MKD	SZPAK Julia	POL	PTF	2:0
european-club-championships-2024	Senior Women -67kg	R16	319	TARVIDA Inese	GER	Peristergianou Evangelia	GRE	PTF	2:0
european-club-championships-2024	Senior Women -67kg	R16	320	CAKAL Sefika	TUR	KRAINOVA Marharyta	UKR	PTF	2:0
european-club-championships-2024	Senior Women -67kg	QF	329	CASTRO BURGOS Cecilia	ESP	TARVIDA Inese	GER	PTF	2:0
european-club-championships-2024	Senior Women -67kg	QF	330	ZAFER Isil	TUR	MEHMEDOVIC Nadina	BIH	PTF	2:0
european-club-championships-2024	Senior Women -67kg	QF	331	MARENTAKI Styliani	GRE	KLEPAC Nika	CRO	PTF	2:0
european-club-championships-2024	Senior Women -67kg	QF	332	ANYANACHO Elizabeth Oluchi	GER	CAKAL Sefika	TUR	PTF	2:0
european-club-championships-2024	Senior Women -67kg	SF	337	CASTRO BURGOS Cecilia	ESP	ZAFER Isil	TUR	PTF	2:1
european-club-championships-2024	Senior Women -67kg	SF	338	MARENTAKI Styliani	GRE	ANYANACHO Elizabeth Oluchi	GER	PTF	2:0
european-club-championships-2024	Senior Women -67kg	F	539	CASTRO BURGOS Cecilia	ESP	MARENTAKI Styliani	GRE	PTF	2:0
european-club-championships-2024	Senior Women -73kg	R16	609	KUCHERIAVA Polina	UKR	Vazaiou Anastasia	GRE	PTF	2:0
european-club-championships-2024	Senior Women -73kg	R16	610	MONTERO RISOTO Irene	ESP	TOMAK Eslem Ruveyda	TUR	PTF	2:1
european-club-championships-2024	Senior Women -73kg	R16	611	SANDIC Zorana	BIH	NTOVA Eirini	GRE	PTF	2:0
european-club-championships-2024	Senior Women -73kg	QF	624	PIDRO Sara	BIH	KUCHERIAVA Polina	UKR	PTF	2:0
european-club-championships-2024	Senior Women -73kg	QF	625	MARUSIC Dora	BIH	HOERMANN Emily	GER	PTF	2:0
european-club-championships-2024	Senior Women -73kg	QF	626	MONTERO RISOTO Irene	ESP	SAKKA Charikleia	GRE	PTF	2:1
european-club-championships-2024	Senior Women -73kg	QF	627	SANDIC Zorana	BIH	NEDIC Marlen sophie	GER	PTF	2:1
european-club-championships-2024	Senior Women -73kg	SF	534.1	MONTERO RISOTO Irene	ESP	SANDIC Zorana	BIH	PTF	2:0
european-club-championships-2024	Senior Women -73kg	SF	634	MARUSIC Dora	BIH	PIDRO Sara	BIH	PTF	2:0
european-club-championships-2024	Senior Women -73kg	F	639	MARUSIC Dora	BIH	MONTERO RISOTO Irene	ESP	PTF	2:0
european-club-championships-2024	Senior Women +73kg	QF	519	HAREMZA Dagmara	POL	ABAVI Sema	TUR	PTF	2:0
european-club-championships-2024	Senior Women +73kg	QF	520	KAVUKCUOGLU Zehra begum	TUR	PASTOR RODRIGUEZ Ainhoa	ESP	PTF	2:0
european-club-championships-2024	Senior Women +73kg	QF	521	ZELJKO Darija	CRO	Tsontaki Maria	GRE	PTF	2:0
european-club-championships-2024	Senior Women +73kg	QF	522	PERALES CHACON Julia	ESP	KITSIOU Agoritsa artemia	GRE	PTF	2:0
european-club-championships-2024	Senior Women +73kg	SF	531	HAREMZA Dagmara	POL	KAVUKCUOGLU Zehra begum	TUR	PTF	2:1
european-club-championships-2024	Senior Women +73kg	SF	532	ZELJKO Darija	CRO	PERALES CHACON Julia	ESP	PTF	2:0
european-club-championships-2024	Senior Women +73kg	F	537	HAREMZA Dagmara	POL	ZELJKO Darija	CRO	PTF	2:0
solidarity-center-open-2024	Senior Men -87kg	QF	510	DIABY Aboubacar	FRA	RIBEIRO Tiago	POR	WDR	1:0
solidarity-center-open-2024	Senior Men -87kg	QF	511	KINSANSI Steve	FRA	TADJIBAEV Azizjan	FRA	PTF	2:1
solidarity-center-open-2024	Senior Men -87kg	QF	512	MEHDIPOURNEJAD Kasra	TRT	OVONO Davy	FRA	PTF	2:0
solidarity-center-open-2024	Senior Men -87kg	SF	518	MEHNANA Nahil	FRA	DIABY Aboubacar	FRA	PTF	2:0
solidarity-center-open-2024	Senior Men -87kg	SF	519	MEHDIPOURNEJAD Kasra	TRT	KINSANSI Steve	FRA	PTF	2:0
solidarity-center-open-2024	Senior Men -87kg	F	528	MEHNANA Nahil	FRA	MEHDIPOURNEJAD Kasra	TRT	WDR	
solidarity-center-open-2024	Senior Men -80kg	R16	414	SIDIBE Lamine	CIV	VEDIE Florian	FRA	PUN	2:1
solidarity-center-open-2024	Senior Men -80kg	R16	415	WEIDUM Dion	NED	MANSOUR Youcef	FRA	PUN	2:0
solidarity-center-open-2024	Senior Men -80kg	R16	416	MINGUEZ Kevin	FRA	LAWSON Matheo	SWE	PTF	2:1
solidarity-center-open-2024	Senior Men -80kg	QF	421	ALESSIO Simone	ITA	SIDIBE Lamine	CIV	RSC	1:0
solidarity-center-open-2024	Senior Men -80kg	QF	422	HOERMANN Vincent	GER	ALVES Tiago	POR	PTF	2:1
solidarity-center-open-2024	Senior Men -80kg	QF	423	TOLEUGALI Batyrkhan	KAZ	WEIDUM Dion	NED	PTF	2:0
solidarity-center-open-2024	Senior Men -80kg	QF	424	COULIBALY Ismael	MLI	MINGUEZ Kevin	FRA	PTF	2:0
solidarity-center-open-2024	Senior Men -80kg	SF	427	ALESSIO Simone	ITA	HOERMANN Vincent	GER	PTF	2:0
solidarity-center-open-2024	Senior Men -80kg	SF	428	TOLEUGALI Batyrkhan	KAZ	COULIBALY Ismael	MLI	PTF	2:0
solidarity-center-open-2024	Senior Men -80kg	F	430	ALESSIO Simone	ITA	TOLEUGALI Batyrkhan	KAZ	PTF	2:0
solidarity-center-open-2024	Senior Men -74kg	R16	501	GALLAND Warrick	SUI	KNARVIK Arne	NOR	PTF	2:0
solidarity-center-open-2024	Senior Men -74kg	R16	502	COSTA Diogo rafael alves da	POR	SARR Matar	FRA	PTF	2:0
solidarity-center-open-2024	Senior Men -74kg	R16	503	AGBOGBE Oswin	FRA	ZAEGEL Amine	FRA	PTF	2:0
solidarity-center-open-2024	Senior Men -74kg	R16	504	MIGUEL Moncef	FRA	SAHITI Mal	KOS	PTF	2:0
solidarity-center-open-2024	Senior Men -74kg	R16	505	OZTURK Ceyhun	NED	GUET Matteo	FRA	PTF	2:1
solidarity-center-open-2024	Senior Men -74kg	QF	506	NSILU Leroy	IRL	GALLAND Warrick	SUI	PTF	2:1
solidarity-center-open-2024	Senior Men -74kg	QF	507	AGBOGBE Oswin	FRA	COSTA Diogo rafael alves da	POR	PTF	2:0
solidarity-center-open-2024	Senior Men -74kg	QF	508	MIGUEL Moncef	FRA	DOYLE Ryan	IRL	PTF	2:0
solidarity-center-open-2024	Senior Men -74kg	QF	509	OZTURK Ceyhun	NED	MOUSSA Amar Cisse	GAB	PTF	2:0
solidarity-center-open-2024	Senior Men -74kg	SF	516	NSILU Leroy	IRL	AGBOGBE Oswin	FRA	PTF	2:1
solidarity-center-open-2024	Senior Men -74kg	SF	517	MIGUEL Moncef	FRA	OZTURK Ceyhun	NED	PTF	2:1
solidarity-center-open-2024	Senior Men -74kg	F	527	MIGUEL Moncef	FRA	NSILU Leroy	IRL	PTF	2:0
solidarity-center-open-2024	Senior Men -68kg	R32	401	DUSSAN Baptiste	FRA	GRIGORYAN Henri	FRA	PTF	2:1
solidarity-center-open-2024	Senior Men -68kg	R32	402	HAKOBYAN Hrach	GER	SILVA Diogo	POR	PTF	2:0
solidarity-center-open-2024	Senior Men -68kg	R32	403	LAPOUMEROULIE Konrad	FRA	GRESTINI Luca	ITA	PTF	2:0
solidarity-center-open-2024	Senior Men -68kg	R32	404	OUARET Mehdi	FRA	PARAMO Alejandro	ESP	PTF	2:0
solidarity-center-open-2024	Senior Men -68kg	R32	405	FULCINITI Fabrizio	ITA	TRAORE Mohamed	FRA	PTF	2:0
solidarity-center-open-2024	Senior Men -68kg	R16	406	HOLLAND Edward	SLE	DUSSAN Baptiste	FRA	PTF	2:0
solidarity-center-open-2024	Senior Men -68kg	R16	407	REIS Tiago	POR	MESSAHLI Mohamed	FRA	WDR	1:0
solidarity-center-open-2024	Senior Men -68kg	R16	408	VAN Jesse	BEL	HAKOBYAN Hrach	GER	PTF	2:0
solidarity-center-open-2024	Senior Men -68kg	R16	409	NGUILLA Yandric	FRA	LAPOUMEROULIE Konrad	FRA	PTF	2:0
solidarity-center-open-2024	Senior Men -68kg	R16	410	SAIB Badis	FRA	OUARET Mehdi	FRA	PTF	2:1
solidarity-center-open-2024	Senior Men -68kg	R16	411	SPRECA Andrea	ITA	SILVA Ricardo	POR	PTF	2:0
solidarity-center-open-2024	Senior Men -68kg	R16	412	MORADI Erfan	IRL	SKJOLBERG Sebastian	NOR	PTF	2:0
solidarity-center-open-2024	Senior Men -68kg	R16	413	PEREIRA Renato	POR	FULCINITI Fabrizio	ITA	PTF	2:0
solidarity-center-open-2024	Senior Men -68kg	QF	417	HOLLAND Edward	SLE	REIS Tiago	POR	PTF	2:0
solidarity-center-open-2024	Senior Men -68kg	QF	418	NGUILLA Yandric	FRA	VAN Jesse	BEL	PTF	2:0
solidarity-center-open-2024	Senior Men -68kg	QF	419	SPRECA Andrea	ITA	SAIB Badis	FRA	PTF	2:0
solidarity-center-open-2024	Senior Men -68kg	QF	420	PEREIRA Renato	POR	MORADI Erfan	IRL	PTF	2:1
solidarity-center-open-2024	Senior Men -68kg	SF	425	HOLLAND Edward	SLE	NGUILLA Yandric	FRA	PTF	2:0
solidarity-center-open-2024	Senior Men -68kg	SF	426	SPRECA Andrea	ITA	PEREIRA Renato	POR	WDR	1:0
solidarity-center-open-2024	Senior Men -68kg	F	429	HOLLAND Edward	SLE	SPRECA Andrea	ITA	PTF	2:0
solidarity-center-open-2024	Senior Men -63kg	R16	201	TOUTUT Theo	FRA	CLOTAIL Shahin	FRA	PTF	2:0
solidarity-center-open-2024	Senior Men -63kg	R16	202	FRATTESI Alessandro	ITA	MYLONAS Ioannis	GRE	PTF	2:0
solidarity-center-open-2024	Senior Men -63kg	R16	203	ZELLER Joao	POR	POLAK Olaf	POL	PTF	1:0
solidarity-center-open-2024	Senior Men -63kg	R16	204	BOURGEOIS Owen	FRA	VLAHOVLJAK Adin	SWE	PTF	2:0
solidarity-center-open-2024	Senior Men -63kg	R16	205	REKIK Adam	FRA	BYRNE Joshua	IRL	PTF	2:0
solidarity-center-open-2024	Senior Men -63kg	R16	206	BATHILY Sirre	FRA	SPRECA Tommaso	ITA	PTF	2:0
solidarity-center-open-2024	Senior Men -63kg	QF	210	TOUTUT Theo	FRA	TIRANVALIPOUR Hadi	TRT	PTF	2:1
solidarity-center-open-2024	Senior Men -63kg	QF	211	ZELLER Joao	POR	FRATTESI Alessandro	ITA	WDR	
solidarity-center-open-2024	Senior Men -63kg	QF	212	BOURGEOIS Owen	FRA	REKIK Adam	FRA	RSC	
solidarity-center-open-2024	Senior Men -63kg	QF	213	BETEL Casimir	CHA	BATHILY Sirre	FRA	PTF	2:0
solidarity-center-open-2024	Senior Men -63kg	SF	222	ZELLER Joao	POR	TOUTUT Theo	FRA	PTF	2:0
solidarity-center-open-2024	Senior Men -63kg	SF	223	BETEL Casimir	CHA	BOURGEOIS Owen	FRA	WDR	
solidarity-center-open-2024	Senior Men -63kg	F	228	BETEL Casimir	CHA	ZELLER Joao	POR	PTF	2:0
solidarity-center-open-2024	Senior Men -58kg	R32	301	VIDAL Anxo	ESP	BONNA Baptiste	FRA	PTF	2:0
solidarity-center-open-2024	Senior Men -58kg	R32	302	DORE Anthony	FRA	BENITO Sergio	ESP	PTF	2:1
solidarity-center-open-2024	Senior Men -58kg	R32	303	CATAFFO Lorenzo	ITA	OUDAI Yanis	FRA	PTF	2:1
solidarity-center-open-2024	Senior Men -58kg	R32	304	CHANG Lenny	FRA	LANG Matthias	GER	PTF	2:0
solidarity-center-open-2024	Senior Men -58kg	R32	305	VAN Joep	BEL	DOS Diego	POR	PTF	2:0
solidarity-center-open-2024	Senior Men -58kg	R32	306	TEIXEIRA Tomas Dom	POR	LOIS Martín	ESP	PTF	2:0
solidarity-center-open-2024	Senior Men -58kg	R16	307	VIDAL Anxo	ESP	ACHNINE Aymen	NED	PTF	2:1
solidarity-center-open-2024	Senior Men -58kg	R16	308	VAREJAO Dinis	POR	TCHA Cedric	FRA	PTF	2:1
solidarity-center-open-2024	Senior Men -58kg	R16	309	LOPES Tiago	POR	DORE Anthony	FRA	PTF	2:1
solidarity-center-open-2024	Senior Men -58kg	R16	310	CATAFFO Lorenzo	ITA	MANSON Maxwell	SLE	PTF	2:0
solidarity-center-open-2024	Senior Men -58kg	R16	311	SIMPARA Youssouf	MLI	CHANG Lenny	FRA	PTF	2:0
solidarity-center-open-2024	Senior Men -58kg	R16	312	MEHLMANN Daniel	GER	VAN Joep	BEL	PTF	2:0
solidarity-center-open-2024	Senior Men -58kg	R16	313	BOUKARNIA Amine	FRA	FRAGA Welinton	BRA	PTF	2:0
solidarity-center-open-2024	Senior Men -58kg	R16	314	BEDART Samuel	FRA	TEIXEIRA Tomas Dom	POR	DQB	2:0
solidarity-center-open-2024	Senior Men -58kg	QF	318	VIDAL Anxo	ESP	VAREJAO Dinis	POR	PTF	2:0
solidarity-center-open-2024	Senior Men -58kg	QF	319	LOPES Tiago	POR	CATAFFO Lorenzo	ITA	RSC	1:0
solidarity-center-open-2024	Senior Men -58kg	QF	320	MEHLMANN Daniel	GER	SIMPARA Youssouf	MLI	PTF	2:0
solidarity-center-open-2024	Senior Men -58kg	QF	321	BEDART Samuel	FRA	BOUKARNIA Amine	FRA	PTF	2:0
solidarity-center-open-2024	Senior Men -58kg	SF	326	VIDAL Anxo	ESP	LOPES Tiago	POR	WDR	
solidarity-center-open-2024	Senior Men -58kg	SF	327	BEDART Samuel	FRA	MEHLMANN Daniel	GER	PTF	2:0
solidarity-center-open-2024	Senior Men -58kg	F	330	BEDART Samuel	FRA	VIDAL Anxo	ESP	PTF	2:0
solidarity-center-open-2024	Senior Men -54kg	R16	101	BAHROUM Mohamed	FRA	CHANG Simon	FRA	PTF	2:1
solidarity-center-open-2024	Senior Men -54kg	R16	102	GARCIA Noah	FRA	AMELHAYI Mehdi	FRA	PTF	2:0
solidarity-center-open-2024	Senior Men -54kg	R16	103	MARA Jibryl	FRA	CHANG Tony	FRA	PTF	2:0
solidarity-center-open-2024	Senior Men -54kg	QF	108	AMADOU Mahamadou	NIG	BAHROUM Mohamed	FRA	PTF	2:0
solidarity-center-open-2024	Senior Men -54kg	QF	109	OTERO Javier	ESP	AHQAAF Ahmed	LBA	PTF	2:0
solidarity-center-open-2024	Senior Men -54kg	QF	110	BOUKARNIA Hamza	FRA	GARCIA Noah	FRA	PTF	2:1
solidarity-center-open-2024	Senior Men -54kg	QF	111	ALESIO Mathis	FRA	MARA Jibryl	FRA	PTF	2:1
solidarity-center-open-2024	Senior Men -54kg	SF	118	AMADOU Mahamadou	NIG	OTERO Javier	ESP	PTF	2:1
solidarity-center-open-2024	Senior Men -54kg	SF	119	ALESIO Mathis	FRA	BOUKARNIA Hamza	FRA	PTF	2:0
solidarity-center-open-2024	Senior Men -54kg	F	124	AMADOU Mahamadou	NIG	ALESIO Mathis	FRA	PTF	2:0
solidarity-center-open-2024	Senior Men +87kg	SF	524	ZOKOU Firmin	FRA	AGBOGBE-SALANON Osmund	FRA	PTF	2:0
solidarity-center-open-2024	Senior Men +87kg	SF	525	MANUKJAN Azat	GER	BAYO Mohamed	FRA	PTF	2:0
solidarity-center-open-2024	Senior Men +87kg	F	531	MANUKJAN Azat	GER	ZOKOU Firmin	FRA	WDR	
solidarity-center-open-2024	Senior Women -73kg	SF	526	BLE Marie-Paule	FRA	HOERMANN Emily	GER	PTF	2:0
solidarity-center-open-2024	Senior Women -73kg	F	532	BLE Marie-Paule	FRA	VITAL Sara	POR	PTF	2:1
solidarity-center-open-2024	Senior Women -67kg	QF	513	MEHNANA Ines	FRA	YOUKOUBOVA Karina	FRA	PTF	2:1
solidarity-center-open-2024	Senior Women -67kg	QF	514	STOLBOVA Petra	CZE	AZIZI Nazanin	TRT	PTF	2:0
solidarity-center-open-2024	Senior Women -67kg	SF	520	ANYANACHO Elizabeth oluchi	NGR	MEHNANA Ines	FRA	PTF	2:0
solidarity-center-open-2024	Senior Women -67kg	SF	521	STOLBOVA Petra	CZE	HADDAD Khalida	FRA	PTF	2:0
solidarity-center-open-2024	Senior Women -67kg	F	529	ANYANACHO Elizabeth oluchi	NGR	STOLBOVA Petra	CZE	PTF	2:0
solidarity-center-open-2024	Senior Women -62kg	R16	315	ENGONE-NGUEMA Jelissa	FRA	RIODIN Lenna	FRA	PTF	2:0
solidarity-center-open-2024	Senior Women -62kg	R16	316	HANSEN Kaja husby	NOR	DANBIR Rhita	FRA	PTF	2:0
solidarity-center-open-2024	Senior Women -62kg	R16	317	BLITEK Cloe	FRA	HAKIMI Fatima	AFG	PTF	2:0
solidarity-center-open-2024	Senior Women -62kg	QF	322	ZENOZI Kimia alizadeh	BUL	ENGONE-NGUEMA Jelissa	FRA	PTF	2:0
solidarity-center-open-2024	Senior Women -62kg	QF	323	TRAVERSI Valentina	ITA	MALLIEN Clara	FRA	PTF	2:1
solidarity-center-open-2024	Senior Women -62kg	QF	324	HABULIN Kim Vivian	GER	HANSEN Kaja husby	NOR	PTF	2:0
solidarity-center-open-2024	Senior Women -62kg	QF	325	BLITEK Cloe	FRA	ANDERSSON Tindra	SWE	PTF	2:1
solidarity-center-open-2024	Senior Women -62kg	SF	328	ZENOZI Kimia alizadeh	BUL	TRAVERSI Valentina	ITA	PTF	2:0
solidarity-center-open-2024	Senior Women -62kg	SF	329	BLITEK Cloe	FRA	HABULIN Kim Vivian	GER	WDR	2:1
solidarity-center-open-2024	Senior Women -62kg	F	331	ZENOZI Kimia alizadeh	BUL	BLITEK Cloe	FRA	PTF	2:0
solidarity-center-open-2024	Senior Women -57kg	R16	207	BANGURA Aisha	GER	SEGLAR Sarah	FRA	PTF	2:1
solidarity-center-open-2024	Senior Women -57kg	R16	208	BOUBACIR Madeenah	FRA	CHOUAOUI Asya	FRA	PTF	2:1
solidarity-center-open-2024	Senior Women -57kg	QF	214	AL Giada	ITA	BANGURA Aisha	GER	PTF	2:0
solidarity-center-open-2024	Senior Women -57kg	QF	215	MAM Julie	CAM	CORREIA Leonor	POR	PTF	2:0
solidarity-center-open-2024	Senior Women -57kg	QF	216	WOLF Jessica	GER	AGAOU Khalissa	FRA	PTF	2:0
solidarity-center-open-2024	Senior Women -57kg	QF	217	BOUBACIR Madeenah	FRA	CAUSSE Estelle	FRA	PTF	2:1
solidarity-center-open-2024	Senior Women -57kg	SF	224	AL Giada	ITA	MAM Julie	CAM	PTF	2:0
solidarity-center-open-2024	Senior Women -57kg	SF	225	BOUBACIR Madeenah	FRA	WOLF Jessica	GER	PTF	2:0
solidarity-center-open-2024	Senior Women -57kg	F	229	AL Giada	ITA	BOUBACIR Madeenah	FRA	PTF	2:0
solidarity-center-open-2024	Senior Women -53kg	R16	104	MOGHAL Amna	NOR	SYLTHE Therese	NOR	PTF	2:0
solidarity-center-open-2024	Senior Women -53kg	R16	105	MOHAMMEDI Chaima	FRA	WAKOLI Sharon	KEN	PTF	2:1
solidarity-center-open-2024	Senior Women -53kg	R16	106	KARMELY Lea anais	GER	SABZGHABAEI Sohejla	GER	PTF	2:0
solidarity-center-open-2024	Senior Women -53kg	R16	107	LENNUYEUX Alix	FRA	GAO Yue	SUI	PTF	2:1
solidarity-center-open-2024	Senior Women -53kg	QF	112	MATONTI Ilenia elisabetta	ITA	MOGHAL Amna	NOR	PTF	2:0
solidarity-center-open-2024	Senior Women -53kg	QF	113	PAPPA Christina	GRE	MOHAMMEDI Chaima	FRA	PTF	2:0
solidarity-center-open-2024	Senior Women -53kg	QF	114	GIRE Ines	FRA	KARMELY Lea anais	GER	PTF	2:1
solidarity-center-open-2024	Senior Women -53kg	QF	115	BONALS Laura	ESP	LENNUYEUX Alix	FRA	PTF	2:0
solidarity-center-open-2024	Senior Women -53kg	SF	120	MATONTI Ilenia elisabetta	ITA	PAPPA Christina	GRE	PTF	2:0
solidarity-center-open-2024	Senior Women -53kg	SF	121	BONALS Laura	ESP	GIRE Ines	FRA	PTF	2:0
solidarity-center-open-2024	Senior Women -53kg	F	125	MATONTI Ilenia elisabetta	ITA	BONALS Laura	ESP	PTF	2:0
solidarity-center-open-2024	Senior Women -49kg	R16	209	BADIOLI Elisabetta	ITA	YALDA Yalda	SWE	PTF	2:0
solidarity-center-open-2024	Senior Women -49kg	QF	218	MAESTRO Virginia	ITA	BADIOLI Elisabetta	ITA	PTF	2:1
solidarity-center-open-2024	Senior Women -49kg	QF	219	FOFANA Mah teninba	FRA	MIRZAEE Zahro	TRT	PTF	2:0
solidarity-center-open-2024	Senior Women -49kg	QF	220	BALDINI Gabriela	BRA	ATTOUT Lhena	FRA	PTF	2:0
solidarity-center-open-2024	Senior Women -49kg	QF	221	MORALES Kayla	USA	FONN Cecilie	NOR	WDR	
solidarity-center-open-2024	Senior Women -49kg	SF	226	FOFANA Mah teninba	FRA	MAESTRO Virginia	ITA	PTF	2:0
solidarity-center-open-2024	Senior Women -49kg	SF	227	MORALES Kayla	USA	BALDINI Gabriela	BRA	PTF	2:0
solidarity-center-open-2024	Senior Women -49kg	F	230	FOFANA Mah teninba	FRA	MORALES Kayla	USA	PTF	2:0
solidarity-center-open-2024	Senior Women -46kg	QF	116	ETTELBRUCK Lilly	GER	UZUN Sarah	NED	PTF	2:1
solidarity-center-open-2024	Senior Women -46kg	QF	117	KEMBI Sadia-leocho	CAF	ADANI Oceane	FRA	PTF	2:0
solidarity-center-open-2024	Senior Women -46kg	SF	122	GAYE Serrah	FRA	ETTELBRUCK Lilly	GER	PTF	2:0
solidarity-center-open-2024	Senior Women -46kg	SF	123	KEMBI Sadia-leocho	CAF	BARROSO Kiara	UKR	PTF	2:1
solidarity-center-open-2024	Senior Women -46kg	F	126	GAYE Serrah	FRA	KEMBI Sadia-leocho	CAF	PTF	2:0
solidarity-center-open-2024	Senior Women +73kg	QF	515	AZIZI Yasemine	AFG	HELDNER Laura	SUI	WDR	
solidarity-center-open-2024	Senior Women +73kg	SF	522	OUASSOU Mouna	FRA	AZIZI Yasemine	AFG	PTF	2:0
solidarity-center-open-2024	Senior Women +73kg	SF	523	HAMADACHE Emna	FRA	HAWASH Dania	SWE	PTF	2:0
solidarity-center-open-2024	Senior Women +73kg	F	530	OUASSOU Mouna	FRA	HAMADACHE Emna	FRA	PTF	2:0
chuncheon-korea-open-2024	Senior Men -54kg	R32	101	HAMDI Riad	KSA	HUNG Ping-chi	TPE	PTF	2:0
chuncheon-korea-open-2024	Senior Men -54kg	R32	102	OHARA Ryusei	JPN	BISSENGALIYEV Sayat	KAZ	PTF	2:0
chuncheon-korea-open-2024	Senior Men -54kg	R32	201	CHEN Jiacheng	CHN	ZHANG Xinyao	CHN	PTF	2:0
chuncheon-korea-open-2024	Senior Men -54kg	R32	202	HEALY Seth	AUS	NURUMBETOV Bekkali	KAZ	PTF	2:0
chuncheon-korea-open-2024	Senior Men -54kg	R32	301	CHEN Chia-le	TPE	SERIK Artur	KAZ	PTF	2:0
chuncheon-korea-open-2024	Senior Men -54kg	R32	302	AMEUR Aikan Granier	AUS	NABIYEV Diar	KAZ	PTF	2:1
chuncheon-korea-open-2024	Senior Men -54kg	R32	401	ZHAO Yuhan	CHN	XU Zixuan	CHN	PTF	2:0
chuncheon-korea-open-2024	Senior Men -54kg	R32	501	HAIMAITI Bilali	CHN	JAR Yousef	KSA	PTF	2:0
chuncheon-korea-open-2024	Senior Men -54kg	R16	105	HAIMAITI Bilali	CHN	BANZON Kent john ilde	PHI	PTF	2:0
chuncheon-korea-open-2024	Senior Men -54kg	R16	204	HAMDI Riad	KSA	KITADE Tatsuya	JPN	PTF	2:1
chuncheon-korea-open-2024	Senior Men -54kg	R16	205	CHAU Ngai long	HKG	OHARA Ryusei	JPN	PTF	2:0
chuncheon-korea-open-2024	Senior Men -54kg	R16	304	CHEN Jiacheng	CHN	OYAMA Tait	NZL	PTF	2:0
chuncheon-korea-open-2024	Senior Men -54kg	R16	305	DIALLO Ibrahima joel	CIV	HEALY Seth	AUS	PTF	2:0
chuncheon-korea-open-2024	Senior Men -54kg	R16	404	CHEN Chia-le	TPE	YEH Tsung-ta	TPE	PTF	2:0
chuncheon-korea-open-2024	Senior Men -54kg	R16	405	CHOI Ju-an	KOR	AMEUR Aikan Granier	AUS	PTF	2:0
chuncheon-korea-open-2024	Senior Men -54kg	R16	504	MAGANA TREVINO Guillermo jesus ramon	MEX	ZHAO Yuhan	CHN	PTF	2:0
chuncheon-korea-open-2024	Senior Men -54kg	QF	115	CHOI Ju-an	KOR	DIALLO Ibrahima joel	CIV	PTF	2:0
chuncheon-korea-open-2024	Senior Men -54kg	QF	314	HAMDI Riad	KSA	CHEN Jiacheng	CHN	PTF	2:0
chuncheon-korea-open-2024	Senior Men -54kg	QF	414	MAGANA TREVINO Guillermo jesus ramon	MEX	CHEN Chia-le	TPE	PTF	2:0
chuncheon-korea-open-2024	Senior Men -54kg	QF	514	CHAU Ngai long	HKG	HAIMAITI Bilali	CHN	PTF	2:0
chuncheon-korea-open-2024	Senior Men -54kg	SF	121	CHOI Ju-an	KOR	CHAU Ngai long	HKG	PTF	2:0
chuncheon-korea-open-2024	Senior Men -54kg	SF	520	HAMDI Riad	KSA	MAGANA TREVINO Guillermo jesus ramon	MEX	PTF	2:0
chuncheon-korea-open-2024	Senior Men -54kg	F	124	CHOI Ju-an	KOR	HAMDI Riad	KSA	PTF	2:0
chuncheon-korea-open-2024	Senior Women -46kg	R32	103	OSHIMA Karen	JPN	DU Jia	CHN	PTF	2:0
chuncheon-korea-open-2024	Senior Women -46kg	R32	203	SWEENEY Tiarnagh	AUS	OKAZAKI Hinata	JPN	PTF	2:0
chuncheon-korea-open-2024	Senior Women -46kg	R32	402	XIE Xueting	CHN	LAI Hiu ching	HKG	PTF	2:0
chuncheon-korea-open-2024	Senior Women -46kg	R32	502	OKAMOTO Ruka	JPN	TENG Cezann	SGP	PTF	2:0
chuncheon-korea-open-2024	Senior Women -46kg	R16	106	SARZA Clarence	PHI	BEISHEKEEVA Aiperi	KGZ	PTF	2:0
chuncheon-korea-open-2024	Senior Women -46kg	R16	107	HUANG Ying hsuan	TPE	ZHAO Huanna	HKG	PTF	2:0
chuncheon-korea-open-2024	Senior Women -46kg	R16	206	LEE Ye-ji	KOR	WANG Bowen	CHN	PTF	2:1
chuncheon-korea-open-2024	Senior Women -46kg	R16	207	RAMIREZ Rryshel jasmine	PHI	SWEENEY Tiarnagh	AUS	PTF	2:0
chuncheon-korea-open-2024	Senior Women -46kg	R16	306	OKAMOTO Ruka	JPN	GONCALVES Anna	BRA	PTF	2:0
chuncheon-korea-open-2024	Senior Women -46kg	R16	406	PARK Seojeong	KOR	OSHIMA Karen	JPN	PTF	2:0
chuncheon-korea-open-2024	Senior Women -46kg	R16	505	XIE Xueting	CHN	SARDANA Claire	AUS	PTF	2:0
chuncheon-korea-open-2024	Senior Women -46kg	R16	506	JEON Jinhee	KOR	LI Siyong	CHN	PTF	2:0
chuncheon-korea-open-2024	Senior Women -46kg	QF	215	SARZA Clarence	PHI	XIE Xueting	CHN	PTF	2:0
chuncheon-korea-open-2024	Senior Women -46kg	QF	315	OKAMOTO Ruka	JPN	LEE Ye-ji	KOR	PTF	2:0
chuncheon-korea-open-2024	Senior Women -46kg	QF	415	PARK Seojeong	KOR	JEON Jinhee	KOR	PTF	2:1
chuncheon-korea-open-2024	Senior Women -46kg	QF	515	HUANG Ying hsuan	TPE	RAMIREZ Rryshel jasmine	PHI	PTF	2:0
chuncheon-korea-open-2024	Senior Women -46kg	SF	221	OKAMOTO Ruka	JPN	SARZA Clarence	PHI	PTF	2:1
chuncheon-korea-open-2024	Senior Women -46kg	SF	321	PARK Seojeong	KOR	HUANG Ying hsuan	TPE	PTF	2:0
chuncheon-korea-open-2024	Senior Women -46kg	F	224	OKAMOTO Ruka	JPN	PARK Seojeong	KOR	PTF	2:0
chuncheon-korea-open-2024	Senior Men -58kg	R32	303	HUANG Jincheng	CHN	DRAZKIEWICZ Igor	POL	WDR	
chuncheon-korea-open-2024	Senior Men -58kg	R32	403	DING Jianing	CHN	CHIOK Chun yin	HKG	PTF	2:0
chuncheon-korea-open-2024	Senior Men -58kg	R16	108	NOWAK Lukasz	POL	TOMURA Taichi	JPN	PTF	2:0
chuncheon-korea-open-2024	Senior Men -58kg	R16	208	ASADA Shoki	JPN	LIU Xuan	CHN	PTF	2:1
chuncheon-korea-open-2024	Senior Men -58kg	R16	307	HUANG Jincheng	CHN	KENZHALIEV Maksat	KAZ	PTF	2:1
chuncheon-korea-open-2024	Senior Men -58kg	R16	308	CANDIDO DOS SANTOS Pedro henrique	BRA	NURALIYEV Assatbek	KAZ		
chuncheon-korea-open-2024	Senior Men -58kg	R16	407	LUSTADO Melbourne johnroyce	PHI	PAN Kuei-an	TPE	PTF	2:1
chuncheon-korea-open-2024	Senior Men -58kg	R16	408	YANG Huichan	KOR	ADAM Al Alim	INA	PTF	2:0
chuncheon-korea-open-2024	Senior Men -58kg	R16	507	KIM Si yun	KOR	JO Okhyun	KOR	PTF	2:0
chuncheon-korea-open-2024	Senior Men -58kg	R16	508	DING Jianing	CHN	CAMUA Benjamin	AUS	PTF	2:0
chuncheon-korea-open-2024	Senior Men -58kg	QF	116	HUANG Jincheng	CHN	LUSTADO Melbourne johnroyce	PHI	PTF	2:1
chuncheon-korea-open-2024	Senior Men -58kg	QF	216	KIM Si yun	KOR	NOWAK Lukasz	POL	PTF	2:0
chuncheon-korea-open-2024	Senior Men -58kg	QF	316	ASADA Shoki	JPN	CANDIDO DOS SANTOS Pedro henrique	BRA	WDR	
chuncheon-korea-open-2024	Senior Men -58kg	QF	416	YANG Huichan	KOR	DING Jianing	CHN	PTF	2:0
chuncheon-korea-open-2024	Senior Men -58kg	SF	421	KIM Si yun	KOR	HUANG Jincheng	CHN	PTF	2:0
chuncheon-korea-open-2024	Senior Men -58kg	SF	521	YANG Huichan	KOR	ASADA Shoki	JPN	PTF	2:0
chuncheon-korea-open-2024	Senior Men -58kg	F	324	YANG Huichan	KOR	KIM Si yun	KOR	PTF	2:1
chuncheon-korea-open-2024	Senior Women -53kg	R32	104	KIM Nayeong	KOR	AKBERGEN Shamshat	KAZ	PTF	2:1
chuncheon-korea-open-2024	Senior Women -53kg	R32	503	LIN Ling-chen	TPE	MANKONEN Juuli	FIN	PTF	2:0
chuncheon-korea-open-2024	Senior Women -53kg	R16	109	LIN Ling-chen	TPE	KIM Boeun	KOR	PTF	2:1
chuncheon-korea-open-2024	Senior Women -53kg	R16	110	AL HALWANI Sarah	ITA	NGUYEN Yen Nhi	VIE	PTF	2:0
chuncheon-korea-open-2024	Senior Women -53kg	R16	209	ZOU Fang	CHN	MONSALES Joanna	AUS	PTF	2:0
chuncheon-korea-open-2024	Senior Women -53kg	R16	210	SHINKAWA Manami	JPN	CANABAL Baby jessica	PHI	PTF	2:0
chuncheon-korea-open-2024	Senior Women -53kg	R16	309	LIU Fangxin	CHN	TAN Nichelle	SGP	PTF	2:1
chuncheon-korea-open-2024	Senior Women -53kg	R16	310	KIM Nayeong	KOR	ARAPBAY Arailym	KAZ	PTF	2:0
chuncheon-korea-open-2024	Senior Women -53kg	R16	409	ZHANG Chuling	CHN	ABUTALEB Dunya ali m	KSA	PTF	2:1
chuncheon-korea-open-2024	Senior Women -53kg	R16	509	ZHANG Yanying	CHN	NARBAYEVA Yasmina	KAZ	PTF	2:1
chuncheon-korea-open-2024	Senior Women -53kg	QF	117	ZHANG Chuling	CHN	LIU Fangxin	CHN	PTF	2:0
chuncheon-korea-open-2024	Senior Women -53kg	QF	217	ZHANG Yanying	CHN	AL HALWANI Sarah	ITA	PTF	2:0
chuncheon-korea-open-2024	Senior Women -53kg	QF	317	KIM Nayeong	KOR	SHINKAWA Manami	JPN	PTF	2:0
chuncheon-korea-open-2024	Senior Women -53kg	QF	516	ZOU Fang	CHN	LIN Ling-chen	TPE	PTF	2:0
chuncheon-korea-open-2024	Senior Women -53kg	SF	122	ZHANG Chuling	CHN	ZOU Fang	CHN	PTF	2:0
chuncheon-korea-open-2024	Senior Women -53kg	SF	222	ZHANG Yanying	CHN	KIM Nayeong	KOR	PTF	2:0
chuncheon-korea-open-2024	Senior Women -53kg	F	424	ZHANG Yanying	CHN	ZHANG Chuling	CHN	PTF	2:0
chuncheon-korea-open-2024	Senior Men -80kg	R16	111	EDMISTON Tyler	USA	AGNO Justin mark	PHI	PTF	2:0
chuncheon-korea-open-2024	Senior Men -80kg	R16	112	ELSHARABATY Saleh	JOR	BAI Yang	CHN	PTF	2:0
chuncheon-korea-open-2024	Senior Men -80kg	R16	211	ZHAO Junbo	CHN	KIM Jun woo	KOR	PTF	2:0
chuncheon-korea-open-2024	Senior Men -80kg	R16	311	LI Yang	CHN	SASTAMA Edgar	INA	PTF	2:0
chuncheon-korea-open-2024	Senior Men -80kg	R16	410	SZAFERSKI Mikolaj	POL	KHEIRALLAH Mohammad	SYR	DSQ	
chuncheon-korea-open-2024	Senior Men -80kg	R16	411	XIANG Ruoming	CHN	SOKOLOWSKI Mikolaj	POL	PTF	2:0
chuncheon-korea-open-2024	Senior Men -80kg	R16	510	HUNG Jiun-yi	TPE	JI Jingxue	CHN	PTF	2:0
chuncheon-korea-open-2024	Senior Men -80kg	R16	511	KIM Jung Je	KOR	NAUVAL Ossanando	INA	PTF	2:0
chuncheon-korea-open-2024	Senior Men -80kg	QF	118	XIANG Ruoming	CHN	LI Yang	CHN	PTF	2:0
chuncheon-korea-open-2024	Senior Men -80kg	QF	218	KIM Jung Je	KOR	ELSHARABATY Saleh	JOR	PTF	2:0
chuncheon-korea-open-2024	Senior Men -80kg	QF	417	HUNG Jiun-yi	TPE	SZAFERSKI Mikolaj	POL	PTF	2:0
chuncheon-korea-open-2024	Senior Men -80kg	QF	517	ZHAO Junbo	CHN	EDMISTON Tyler	USA	PTF	2:0
chuncheon-korea-open-2024	Senior Men -80kg	SF	322	HUNG Jiun-yi	TPE	ZHAO Junbo	CHN	PTF	2:0
chuncheon-korea-open-2024	Senior Men -80kg	SF	422	KIM Jung Je	KOR	XIANG Ruoming	CHN	PTF	2:0
chuncheon-korea-open-2024	Senior Men -80kg	F	125	KIM Jung Je	KOR	HUNG Jiun-yi	TPE	PTF	2:1
chuncheon-korea-open-2024	Senior Women -62kg	R16	212	AIMUKASHEVA Kamila	KAZ	JO Ha eun	KOR	PTF	2:0
chuncheon-korea-open-2024	Senior Women -62kg	R16	312	LI Miao	CHN	HONG Ji woo	KOR	PTF	2:0
chuncheon-korea-open-2024	Senior Women -62kg	R16	412	BLEWITT Gabriella	AUS	LAMANDA Silvana	INA	PTF	2:1
chuncheon-korea-open-2024	Senior Women -62kg	R16	512	TANGSHALA Ayitehamiti	CHN	BRIONES Jubilee	PHI	PTF	2:0
chuncheon-korea-open-2024	Senior Women -62kg	QF	119	TANGSHALA Ayitehamiti	CHN	KANAT Almira	KAZ	WDR	
chuncheon-korea-open-2024	Senior Women -62kg	QF	318	AIMUKASHEVA Kamila	KAZ	SZPAK Julia	POL	PTF	2:1
chuncheon-korea-open-2024	Senior Women -62kg	QF	418	LI Xueju	CHN	LI Miao	CHN	PTF	2:1
chuncheon-korea-open-2024	Senior Women -62kg	QF	518	YIN Yuanhong	CHN	BLEWITT Gabriella	AUS	PTF	2:0
chuncheon-korea-open-2024	Senior Women -62kg	SF	123	YIN Yuanhong	CHN	TANGSHALA Ayitehamiti	CHN	PTF	2:0
chuncheon-korea-open-2024	Senior Women -62kg	SF	522	LI Xueju	CHN	AIMUKASHEVA Kamila	KAZ	PTF	2:0
chuncheon-korea-open-2024	Senior Women -62kg	F	225	YIN Yuanhong	CHN	LI Xueju	CHN	PTF	2:0
chuncheon-korea-open-2024	Senior Men +87kg	R16	113	GAO YU	CHN	ELFAKI Arif	KSA	PTF	2:0
chuncheon-korea-open-2024	Senior Men +87kg	R16	213	LYU Kuk Hwan	KOR	REN Haoyuan	CHN	PTF	2:0
chuncheon-korea-open-2024	Senior Men +87kg	R16	313	HAREMZA Krystian	POL	ZHANG Gengyu	CHN	PTF	2:1
chuncheon-korea-open-2024	Senior Men +87kg	QF	219	GAO YU	CHN	YERSAIYNOV Nurbol	KAZ	PTF	2:0
chuncheon-korea-open-2024	Senior Men +87kg	QF	319	LI Mingsi	CHN	MINAGAWA Toru	JPN	PTF	2:0
chuncheon-korea-open-2024	Senior Men +87kg	QF	419	BAE Yoon min	KOR	LYU Kuk Hwan	KOR	PTF	2:0
chuncheon-korea-open-2024	Senior Men +87kg	QF	519	HAREMZA Krystian	POL	JIN Geon-woo	KOR	PTF	2:0
chuncheon-korea-open-2024	Senior Men +87kg	SF	223	LI Mingsi	CHN	GAO YU	CHN	PTF	2:1
chuncheon-korea-open-2024	Senior Men +87kg	SF	323	BAE Yoon min	KOR	HAREMZA Krystian	POL	PTF	2:0
chuncheon-korea-open-2024	Senior Men +87kg	F	325	BAE Yoon min	KOR	LI Mingsi	CHN	PTF	2:0
chuncheon-korea-open-2024	Senior Women -67kg	R16	114	KOWALKOWSKA Justyna	POL	CHANG Chiao min	TPE	PTF	2:1
chuncheon-korea-open-2024	Senior Women -67kg	R16	214	JANG Eun-ji	KOR	QU Chuyun	CHN	PTF	2:0
chuncheon-korea-open-2024	Senior Women -67kg	R16	413	KIM Jiyeon	KOR	BAC Thi khiem	VIE	PTF	2:1
chuncheon-korea-open-2024	Senior Women -67kg	R16	513	HONG Hyo rim	KOR	LI Xue	CHN	PTF	2:0
chuncheon-korea-open-2024	Senior Women -67kg	QF	120	CHAARI Sarah	BEL	KIM Jiyeon	KOR	PTF	2:0
chuncheon-korea-open-2024	Senior Women -67kg	QF	220	HONG Hyo rim	KOR	KIM Jan-di	KOR	PTF	2:1
chuncheon-korea-open-2024	Senior Women -67kg	QF	320	AL-SADEQ Julyana	JOR	KOWALKOWSKA Justyna	POL	PTF	2:0
chuncheon-korea-open-2024	Senior Women -67kg	QF	420	JANG Eun-ji	KOR	NAVUGA NAITASI Lolohea	FIJ	PTF	2:0
chuncheon-korea-open-2024	Senior Women -67kg	SF	423	CHAARI Sarah	BEL	HONG Hyo rim	KOR	PTF	2:1
chuncheon-korea-open-2024	Senior Women -67kg	SF	523	JANG Eun-ji	KOR	AL-SADEQ Julyana	JOR	PTF	2:1
chuncheon-korea-open-2024	Senior Women -67kg	F	425	JANG Eun-ji	KOR	CHAARI Sarah	BEL	PTF	2:0
chuncheon-korea-open-2024	Senior Men -63kg	R32	101	RAIHAN Muhammad bassam	INA	SZUKALSKI Bartosz	POL	PTF	2:0
chuncheon-korea-open-2024	Senior Men -63kg	R32	102	PENAREDONDO Legolas	PHI	DOLGIYEV Akramat	KAZ	PTF	2:0
chuncheon-korea-open-2024	Senior Men -63kg	R32	103	STRUGLINSKI Bartosz	POL	NESANAH Tourab	SYR	PTF	2:0
chuncheon-korea-open-2024	Senior Men -63kg	R32	201	YANG Won suk	KOR	TSURUOKA Jin	JPN	PTF	2:0
chuncheon-korea-open-2024	Senior Men -63kg	R32	202	PAPIEROWSKI Dominik	POL	WANG Hao tian (buddy)	AUS	PTF	2:0
chuncheon-korea-open-2024	Senior Men -63kg	R32	203	GHALI Zakariya mohammad	KSA	SPINOSO Juan diego	MEX	PTF	2:1
chuncheon-korea-open-2024	Senior Men -63kg	R32	301	LEE Hwanhee	KOR	CHAVEZ Dex ian	PHI	PTF	2:0
chuncheon-korea-open-2024	Senior Men -63kg	R32	302	PRATAMA Bagus	INA	LEE Hsin-chieh	TPE	PTF	2:1
chuncheon-korea-open-2024	Senior Men -63kg	R32	303	SAFARYN Piotr	POL	DOWN Harrison	AUS	PTF	2:0
chuncheon-korea-open-2024	Senior Men -63kg	R32	401	MAEDA Hidetaka	JPN	LO PINTO Daniel	ITA	PTF	2:1
chuncheon-korea-open-2024	Senior Men -63kg	R32	402	CHAN Kin fung	HKG	ZHOU Junhui	CHN	PTF	2:1
chuncheon-korea-open-2024	Senior Men -63kg	R32	403	JANG Jun	KOR	SEO Hyun woo	KOR	PTF	2:1
chuncheon-korea-open-2024	Senior Men -63kg	R32	501	CHEN Pen-ren	TPE	WALKER Kellen	USA	PTF	2:0
chuncheon-korea-open-2024	Senior Men -63kg	R32	502	CORTES Carlos	MEX	HOGG Ryan	AUS	PTF	2:0
chuncheon-korea-open-2024	Senior Men -63kg	R16	108	PRATAMA Bagus	INA	CHAN Kin fung	HKG	PTF	2:0
chuncheon-korea-open-2024	Senior Men -63kg	R16	207	RAIHAN Muhammad bassam	INA	MARAT Eduard	KAZ	PTF	2:0
chuncheon-korea-open-2024	Senior Men -63kg	R16	208	CORTES Carlos	MEX	STRUGLINSKI Bartosz	POL	PTF	2:0
chuncheon-korea-open-2024	Senior Men -63kg	R16	307	YANG Won suk	KOR	LEE Hwanhee	KOR	PTF	2:0
chuncheon-korea-open-2024	Senior Men -63kg	R16	308	GHALI Zakariya mohammad	KSA	SAFARYN Piotr	POL	PTF	2:0
chuncheon-korea-open-2024	Senior Men -63kg	R16	407	MAEDA Hidetaka	JPN	CHEN Pen-ren	TPE	PTF	2:0
chuncheon-korea-open-2024	Senior Men -63kg	R16	408	JANG Jun	KOR	CHEN Yufan	CHN	PTF	2:0
chuncheon-korea-open-2024	Senior Men -63kg	R16	507	PAPIEROWSKI Dominik	POL	PENAREDONDO Legolas	PHI	PTF	2:0
chuncheon-korea-open-2024	Senior Men -63kg	QF	118	YANG Won suk	KOR	RAIHAN Muhammad bassam	INA	PTF	2:0
chuncheon-korea-open-2024	Senior Men -63kg	QF	218	MAEDA Hidetaka	JPN	PAPIEROWSKI Dominik	POL	PTF	2:0
chuncheon-korea-open-2024	Senior Men -63kg	QF	318	CORTES Carlos	MEX	PRATAMA Bagus	INA	PTF	2:0
chuncheon-korea-open-2024	Senior Men -63kg	QF	418	JANG Jun	KOR	GHALI Zakariya mohammad	KSA	PTF	2:1
chuncheon-korea-open-2024	Senior Men -63kg	SF	324	MAEDA Hidetaka	JPN	YANG Won suk	KOR	PTF	2:0
chuncheon-korea-open-2024	Senior Men -63kg	SF	424	JANG Jun	KOR	CORTES Carlos	MEX	PTF	2:0
chuncheon-korea-open-2024	Senior Men -63kg	F	427	JANG Jun	KOR	MAEDA Hidetaka	JPN	PTF	2:0
chuncheon-korea-open-2024	Senior Women -49kg	R32	104	TAN Linjia	CHN	KWOK Tsz Tung	HKG	PTF	2:0
chuncheon-korea-open-2024	Senior Women -49kg	R32	105	ZHU Jingyu	CHN	MANGIN Tachiana kezhia	PHI	PTF	2:0
chuncheon-korea-open-2024	Senior Women -49kg	R32	204	LIU Ziyi	CHN	HU Yu ching	TPE	PTF	2:0
chuncheon-korea-open-2024	Senior Women -49kg	R32	205	KU Jihyun	KOR	LAHOOD Juliet	AUS	PTF	2:0
chuncheon-korea-open-2024	Senior Women -49kg	R32	304	GARCES Veronica	PHI	SILVA GONCALVES Lis danielle	BRA	PTF	2:0
chuncheon-korea-open-2024	Senior Women -49kg	R32	404	KAPANOVA Botakoz	KAZ	KRY Lyden	CAM	PTF	2:0
chuncheon-korea-open-2024	Senior Women -49kg	R32	503	LEE Jimin	KOR	SHEN Chia chen	TPE	PTF	2:0
chuncheon-korea-open-2024	Senior Women -49kg	R32	504	CHOI Ashley	USA	KISHIDA Ruka	JPN	PTF	2:0
chuncheon-korea-open-2024	Senior Women -49kg	R16	109	TAN Linjia	CHN	QIU Wenting	CHN	PTF	2:0
chuncheon-korea-open-2024	Senior Women -49kg	R16	110	ZHU Jingyu	CHN	ALTYNBEKOVA Cholpon	KGZ	PTF	2:0
chuncheon-korea-open-2024	Senior Women -49kg	R16	209	MA Jingyue	CHN	LIU Ziyi	CHN	PTF	2:1
chuncheon-korea-open-2024	Senior Women -49kg	R16	210	KU Jihyun	KOR	AKHMEDOVA Nodira	KAZ	PTF	2:0
chuncheon-korea-open-2024	Senior Women -49kg	R16	309	GARCES Veronica	PHI	LAM Siu wai	HKG	PTF	2:0
chuncheon-korea-open-2024	Senior Women -49kg	R16	409	KAPANOVA Botakoz	KAZ	CHHUN Theara	CAM	PTF	2:0
chuncheon-korea-open-2024	Senior Women -49kg	R16	508	LEE Jimin	KOR	KRAJEWSKA Alicja	POL	PTF	2:0
chuncheon-korea-open-2024	Senior Women -49kg	R16	509	CHOI Ashley	USA	IDRISSOVA Tomiris	KAZ	PTF	2:1
chuncheon-korea-open-2024	Senior Women -49kg	QF	119	MA Jingyue	CHN	GARCES Veronica	PHI	PTF	2:0
chuncheon-korea-open-2024	Senior Women -49kg	QF	219	KAPANOVA Botakoz	KAZ	CHOI Ashley	USA	PTF	2:0
chuncheon-korea-open-2024	Senior Women -49kg	QF	319	ZHU Jingyu	CHN	KU Jihyun	KOR	PTF	2:1
chuncheon-korea-open-2024	Senior Women -49kg	QF	518	TAN Linjia	CHN	LEE Jimin	KOR	PTF	2:1
chuncheon-korea-open-2024	Senior Women -49kg	SF	125	KAPANOVA Botakoz	KAZ	ZHU Jingyu	CHN	PTF	2:1
chuncheon-korea-open-2024	Senior Women -49kg	SF	524	MA Jingyue	CHN	TAN Linjia	CHN	PTF	2:1
chuncheon-korea-open-2024	Senior Women -49kg	F	128	MA Jingyue	CHN	KAPANOVA Botakoz	KAZ	PTF	2:0
chuncheon-korea-open-2024	Senior Men -68kg	R32	106	GILBUENA Sturdy Jay	PHI	USCIMIUK Sebastian	POL	PTF	2:1
chuncheon-korea-open-2024	Senior Men -68kg	R32	206	KAREEM Zaid	JOR	FERDYANSYAH Adam yazid	INA	PTF	2:0
chuncheon-korea-open-2024	Senior Men -68kg	R32	305	LEE Kyungjeon	KOR	KASSANOV Izyat	KAZ	PTF	2:0
chuncheon-korea-open-2024	Senior Men -68kg	R32	306	CHEN Chia-sheng	TPE	INOUE Shuki	JPN	PTF	2:0
chuncheon-korea-open-2024	Senior Men -68kg	R32	405	CHRZANOWSKI Mateusz	POL	IWAKI Kaito	JPN	PTF	2:0
chuncheon-korea-open-2024	Senior Men -68kg	R32	429	NIU Guansen	CHN	FALL Ibrahima	BRA	PTF	2:0
chuncheon-korea-open-2024	Senior Men -68kg	R32	505	TSURUOKA Rei	JPN	BRECELY Beau	AUS	PTF	2:0
chuncheon-korea-open-2024	Senior Men -68kg	R16	111	TSURUOKA Rei	JPN	HO Leon	GUM	PTF	2:0
chuncheon-korea-open-2024	Senior Men -68kg	R16	211	HUANG Yu jui	TPE	GILBUENA Sturdy Jay	PHI	PTF	2:0
chuncheon-korea-open-2024	Senior Men -68kg	R16	310	BARETTA Dennis	ITA	LEE Kyungjeon	KOR	PTF	2:1
chuncheon-korea-open-2024	Senior Men -68kg	R16	311	KAREEM Zaid	JOR	POLCZYNSKI Adam	POL	PTF	2:0
chuncheon-korea-open-2024	Senior Men -68kg	R16	410	JIN Ho-jun	KOR	RZAGALY Rauan	KAZ	PTF	2:0
chuncheon-korea-open-2024	Senior Men -68kg	R16	411	NIU Guansen	CHN	QIN Xingyu	CHN	PTF	2:0
chuncheon-korea-open-2024	Senior Men -68kg	R16	510	SHEN YI	CHN	CHRZANOWSKI Mateusz	POL	PTF	2:0
chuncheon-korea-open-2024	Senior Men -68kg	R16	511	MAIGA Ibrahim	BUR	CHEN Chia-sheng	TPE	PTF	2:0
chuncheon-korea-open-2024	Senior Men -68kg	QF	120	KAREEM Zaid	JOR	HUANG Yu jui	TPE	PTF	2:0
chuncheon-korea-open-2024	Senior Men -68kg	QF	220	NIU Guansen	CHN	MAIGA Ibrahim	BUR	PTF	2:1
chuncheon-korea-open-2024	Senior Men -68kg	QF	419	JIN Ho-jun	KOR	BARETTA Dennis	ITA	PTF	2:0
chuncheon-korea-open-2024	Senior Men -68kg	QF	519	SHEN YI	CHN	TSURUOKA Rei	JPN	PTF	2:0
chuncheon-korea-open-2024	Senior Men -68kg	SF	225	JIN Ho-jun	KOR	SHEN YI	CHN	PTF	2:0
chuncheon-korea-open-2024	Senior Men -68kg	SF	325	KAREEM Zaid	JOR	NIU Guansen	CHN	PTF	2:0
chuncheon-korea-open-2024	Senior Men -68kg	F	228	JIN Ho-jun	KOR	KAREEM Zaid	JOR	WDR	
chuncheon-korea-open-2024	Senior Women -57kg	R32	406	CISSE Mariama	CIV	ALIZA Chheoung	CAM	PTF	2:1
chuncheon-korea-open-2024	Senior Women -57kg	R16	112	ASEMANI Raheleh	BEL	CISSE Mariama	CIV	PTF	2:0
chuncheon-korea-open-2024	Senior Women -57kg	R16	113	LIN Wei-chun	TPE	WANG Heying	CHN	PTF	2:0
chuncheon-korea-open-2024	Senior Women -57kg	R16	212	MAHESWARI Megawati	INA	IWAMI Mayuki	JPN	PTF	2:0
chuncheon-korea-open-2024	Senior Women -57kg	R16	213	LI Wei	CHN	NISHIDA Mao	JPN	PTF	2:0
chuncheon-korea-open-2024	Senior Women -57kg	R16	312	PATRATII Alesia	KGZ	ISHIDA Otoa	JPN	PTF	2:0
chuncheon-korea-open-2024	Senior Women -57kg	R16	313	ZHAN Tian rui	CHN	CHAN Merica lillyn	PHI	PTF	2:0
chuncheon-korea-open-2024	Senior Women -57kg	R16	412	KIM Gahyeon	KOR	PHAM Ngoc Cham	VIE	PTF	2:0
chuncheon-korea-open-2024	Senior Women -57kg	R16	512	SO Yuen ting	HKG	HAMAGUCHI Kotoha	JPN	PTF	2:1
chuncheon-korea-open-2024	Senior Women -57kg	QF	121	ZHAN Tian rui	CHN	LI Wei	CHN	PTF	2:0
chuncheon-korea-open-2024	Senior Women -57kg	QF	320	ASEMANI Raheleh	BEL	MAHESWARI Megawati	INA	PTF	2:1
chuncheon-korea-open-2024	Senior Women -57kg	QF	420	KIM Gahyeon	KOR	PATRATII Alesia	KGZ	PTF	2:0
chuncheon-korea-open-2024	Senior Women -57kg	QF	520	LIN Wei-chun	TPE	SO Yuen ting	HKG	PTF	2:0
chuncheon-korea-open-2024	Senior Women -57kg	SF	425	KIM Gahyeon	KOR	ASEMANI Raheleh	BEL	PTF	2:0
chuncheon-korea-open-2024	Senior Women -57kg	SF	525	ZHAN Tian rui	CHN	LIN Wei-chun	TPE	PTF	2:0
chuncheon-korea-open-2024	Senior Women -57kg	F	328	KIM Gahyeon	KOR	ZHAN Tian rui	CHN	PTF	2:1
chuncheon-korea-open-2024	Senior Men -74kg	R32	107	PAN Kuei en	TPE	WU Hong-yi	TPE	PTF	2:0
chuncheon-korea-open-2024	Senior Men -74kg	R32	506	WARKEY Benaya Rafael	INA	PARK Joonsung ho	GUM	WDR	
chuncheon-korea-open-2024	Senior Men -74kg	R16	114	LEE Jinwook	KOR	TLEUGABYLOV Adil	KAZ	PTF	2:0
chuncheon-korea-open-2024	Senior Men -74kg	R16	115	PAN Kuei en	TPE	PARK Tae hyeon	KOR	PTF	2:0
chuncheon-korea-open-2024	Senior Men -74kg	R16	214	BAKINOV Yerganat	KAZ	MCMAHON Luke	AUS	PTF	2:0
chuncheon-korea-open-2024	Senior Men -74kg	R16	314	KATOH Takato	JPN	ORYNBASSAR Yerassyl	KAZ	PTF	2:1
chuncheon-korea-open-2024	Senior Men -74kg	R16	413	ACHAB Badr	BEL	WARKEY Benaya Rafael	INA	PTF	2:0
chuncheon-korea-open-2024	Senior Men -74kg	R16	414	CEA Dave	PHI	OR Pak lam	GBR	PTF	2:0
chuncheon-korea-open-2024	Senior Men -74kg	R16	513	JANG Eunseok	KOR	KIM Sungjin	KOR	PTF	2:1
chuncheon-korea-open-2024	Senior Men -74kg	R16	514	SUSILO Arya danu	INA	LAO Nusair	PHI	PTF	2:0
chuncheon-korea-open-2024	Senior Men -74kg	QF	221	JANG Eunseok	KOR	ACHAB Badr	BEL	PTF	2:0
chuncheon-korea-open-2024	Senior Men -74kg	QF	321	LEE Jinwook	KOR	BAKINOV Yerganat	KAZ	PTF	2:0
chuncheon-korea-open-2024	Senior Men -74kg	QF	421	CEA Dave	PHI	KATOH Takato	JPN	PTF	2:1
chuncheon-korea-open-2024	Senior Men -74kg	QF	521	SUSILO Arya danu	INA	PAN Kuei en	TPE	PTF	2:1
chuncheon-korea-open-2024	Senior Men -74kg	SF	126	JANG Eunseok	KOR	LEE Jinwook	KOR	PTF	2:0
chuncheon-korea-open-2024	Senior Men -74kg	SF	226	CEA Dave	PHI	SUSILO Arya danu	INA	PTF	2:1
chuncheon-korea-open-2024	Senior Men -74kg	F	428	JANG Eunseok	KOR	CEA Dave	PHI	PTF	2:0
chuncheon-korea-open-2024	Senior Women -73kg	R16	116	OH Seungju	KOR	ABO-ALRUB Rama	JOR	PTF	2:1
chuncheon-korea-open-2024	Senior Women -73kg	R16	215	LEE Su-yeon	KOR	BIMYRZA Rakoni	KAZ	WDR	2:0
chuncheon-korea-open-2024	Senior Women -73kg	R16	216	YOON Do Hee	KOR	DING Hongdan	CHN	PTF	2:0
chuncheon-korea-open-2024	Senior Women -73kg	R16	315	WANG Xiaofei	CHN	LESTARI Dinda Putri	INA	PTF	2:0
chuncheon-korea-open-2024	Senior Women -73kg	R16	415	LI Renren	CHN	LI Chen	CHN	PTF	2:0
chuncheon-korea-open-2024	Senior Women -73kg	R16	515	PRZYBYSZ Weronika	POL	KIEFER Grace	AUS	PTF	2:0
chuncheon-korea-open-2024	Senior Women -73kg	QF	122	LEE Su-yeon	KOR	NIU Kexin	CHN	PTF	2:0
chuncheon-korea-open-2024	Senior Women -73kg	QF	222	WANG Xiaofei	CHN	LI Renren	CHN	PTF	2:1
chuncheon-korea-open-2024	Senior Women -73kg	QF	322	OH Seungju	KOR	PRZYBYSZ Weronika	POL	PTF	2:1
chuncheon-korea-open-2024	Senior Women -73kg	QF	422	YOON Do Hee	KOR	HSIEH Chin-sywan	TPE	PTF	2:0
chuncheon-korea-open-2024	Senior Women -73kg	SF	326	WANG Xiaofei	CHN	LEE Su-yeon	KOR	PTF	2:0
chuncheon-korea-open-2024	Senior Women -73kg	SF	426	YOON Do Hee	KOR	OH Seungju	KOR	PTF	2:0
chuncheon-korea-open-2024	Senior Women -73kg	F	129	YOON Do Hee	KOR	WANG Xiaofei	CHN	PTF	2:0
chuncheon-korea-open-2024	Senior Men -87kg	R16	316	KIM Woojin	KOR	CANTOS Israel cesar	PHI	PTF	2:0
chuncheon-korea-open-2024	Senior Men -87kg	QF	123	MAIERDAN Tuersun	CHN	PHILLIPS Max	AUS	PTF	2:0
chuncheon-korea-open-2024	Senior Men -87kg	QF	223	LI Zhengyang	CHN	KIM Sanghyun	KOR	PTF	2:1
chuncheon-korea-open-2024	Senior Men -87kg	QF	323	JIAN Jun-ren	TPE	WEI Zhenqun	CHN	PTF	2:0
chuncheon-korea-open-2024	Senior Men -87kg	QF	522	KIM Woojin	KOR	WOJTKOWIAK Adrian	POL	WDR	2:0
chuncheon-korea-open-2024	Senior Men -87kg	SF	127	LI Zhengyang	CHN	JIAN Jun-ren	TPE	PTF	2:0
chuncheon-korea-open-2024	Senior Men -87kg	SF	526	KIM Woojin	KOR	MAIERDAN Tuersun	CHN	PTF	2:1
chuncheon-korea-open-2024	Senior Men -87kg	F	229	KIM Woojin	KOR	LI Zhengyang	CHN	PTF	2:0
chuncheon-korea-open-2024	Senior Women +73kg	R16	117	BAEK Sun kyoung	KOR	MIAO Junyi	CHN	PTF	2:0
chuncheon-korea-open-2024	Senior Women +73kg	R16	217	TRAN NGUYEN Anh ngan	VIE	ABDUSALOMOVA Munira	TJK	PTF	2:0
chuncheon-korea-open-2024	Senior Women +73kg	R16	317	GARCIA Paloma	MEX	YUN Jaeeun	KOR	PTF	2:0
chuncheon-korea-open-2024	Senior Women +73kg	R16	416	WU Keran	CHN	YU Minyoung	KOR	PTF	2:0
chuncheon-korea-open-2024	Senior Women +73kg	R16	417	SHI Juan	CHN	YANG Seung-min	KOR	PTF	2:0
chuncheon-korea-open-2024	Senior Women +73kg	R16	516	LU Yanpei	CHN	KIM Soo Yeon	KOR	PTF	2:0
chuncheon-korea-open-2024	Senior Women +73kg	R16	517	KOWALCZUK Aleksandra	POL	TRAILL Venice elizabeth megan	FIJ	PTF	2:0
chuncheon-korea-open-2024	Senior Women +73kg	QF	124	GARCIA Paloma	MEX	TRAN NGUYEN Anh ngan	VIE	PTF	2:0
chuncheon-korea-open-2024	Senior Women +73kg	QF	224	SHI Juan	CHN	KOWALCZUK Aleksandra	POL	PTF	2:0
chuncheon-korea-open-2024	Senior Women +73kg	QF	423	HAREMZA Dagmara	POL	WU Keran	CHN	PTF	2:0
chuncheon-korea-open-2024	Senior Women +73kg	QF	523	BAEK Sun kyoung	KOR	LU Yanpei	CHN	PTF	2:0
chuncheon-korea-open-2024	Senior Women +73kg	SF	227	HAREMZA Dagmara	POL	BAEK Sun kyoung	KOR	PTF	2:0
chuncheon-korea-open-2024	Senior Women +73kg	SF	327	SHI Juan	CHN	GARCIA Paloma	MEX	PTF	2:0
chuncheon-korea-open-2024	Senior Women +73kg	F	329	SHI Juan	CHN	HAREMZA Dagmara	POL	PTF	2:0
riga-open-2024	Senior Men -54kg	QF	209	ALESIO CAPOLINI Mathis	FRA	MARWAN Mussa	SWE	PTF	2:0
riga-open-2024	Senior Men -54kg	QF	210	ZYWARSKI Filip	POL	LEHTINEN Valtteri	FIN	PTF	2:0
riga-open-2024	Senior Men -54kg	QF	211	GEORGIEV Hristiyan	BUL	BOUKARNIA Hamza	FRA	PTF	2:0
riga-open-2024	Senior Men -54kg	QF	212	LIKOMETI Tedi	ALB	GASANOVI Rauph	GEO	PTF	2:0
riga-open-2024	Senior Men -54kg	SF	223	ALESIO CAPOLINI Mathis	FRA	ZYWARSKI Filip	POL	RSC	
riga-open-2024	Senior Men -54kg	SF	224	GEORGIEV Hristiyan	BUL	LIKOMETI Tedi	ALB	PTF	2:0
riga-open-2024	Senior Men -54kg	F	134	GEORGIEV Hristiyan	BUL	ALESIO CAPOLINI Mathis	FRA	PTF	2:0
riga-open-2024	Senior Men -58kg	R16	201	ALAMI Josef	SWE	AULAQI Yones Darid	DEN	PTF	2:0
riga-open-2024	Senior Men -58kg	QF	213	MERDANAJ Ernest	ALB	ALAMI Josef	SWE	PTF	2:1
riga-open-2024	Senior Men -58kg	QF	214	HAMI Muhammed	GER	ALESIO Sebastien	FRA	RSC	1:0
riga-open-2024	Senior Men -58kg	QF	215	GELADZE Vitali	GEO	NEUBAUER Michael	AUT	PTF	2:0
riga-open-2024	Senior Men -58kg	QF	216	MOLJ Domen	SLO	FARNES Ricki Gene	DEN	PTF	2:1
riga-open-2024	Senior Men -58kg	SF	225	MERDANAJ Ernest	ALB	HAMI Muhammed	GER	PTF	2:0
riga-open-2024	Senior Men -58kg	SF	226	GELADZE Vitali	GEO	MOLJ Domen	SLO	PTF	2:0
riga-open-2024	Senior Men -58kg	F	230	MERDANAJ Ernest	ALB	GELADZE Vitali	GEO	RSC	
riga-open-2024	Senior Men -63kg	R32	202	BULATOVIC Nikolaj	SLO	HORVATH Matej	SVK	PTF	2:0
riga-open-2024	Senior Men -63kg	R32	401	CHRZANOWSKI Mateusz	POL	SUSILUOTO Otto	FIN	PTF	2:0
riga-open-2024	Senior Men -63kg	R16	205	MILETIC Mateja	SRB	DERAI Amine	DEN	PTF	2:0
riga-open-2024	Senior Men -63kg	R16	206	BULATOVIC Nikolaj	SLO	COMPRELLE Enzo	FRA	PTF	2:0
riga-open-2024	Senior Men -63kg	R16	207	REKIK Adam	FRA	PETRAKIS Nikolaos	GRE	PTF	2:1
riga-open-2024	Senior Men -63kg	R16	208	BUBA Gledis	ALB	VLAHOVLJAK Adin	SWE	RSC	
riga-open-2024	Senior Men -63kg	R16	409	BOURGEOIS Owen	FRA	BERZINS Davids	LAT	PTF	2:0
riga-open-2024	Senior Men -63kg	R16	410	POLIMOS Panagiotis Belos	GRE	SADID Kaihan	DEN	PTF	2:0
riga-open-2024	Senior Men -63kg	R16	411	MYLONAS Ioannis	GRE	TORKHANI Ibrahim ben ahmed	DEN	PTF	2:1
riga-open-2024	Senior Men -63kg	R16	412	CHRZANOWSKI Mateusz	POL	BORGEN Kristian storsul	NOR	PTF	2:0
riga-open-2024	Senior Men -63kg	QF	221	BULATOVIC Nikolaj	SLO	MILETIC Mateja	SRB	PTF	2:1
riga-open-2024	Senior Men -63kg	QF	222	REKIK Adam	FRA	BUBA Gledis	ALB	RSC	
riga-open-2024	Senior Men -63kg	QF	418	POLIMOS Panagiotis Belos	GRE	BOURGEOIS Owen	FRA	PTF	2:1
riga-open-2024	Senior Men -63kg	QF	419	CHRZANOWSKI Mateusz	POL	MYLONAS Ioannis	GRE	PTF	2:0
riga-open-2024	Senior Men -63kg	SF	423	CHRZANOWSKI Mateusz	POL	POLIMOS Panagiotis Belos	GRE	PTF	2:0
riga-open-2024	Senior Men -63kg	SF	426	REKIK Adam	FRA	BULATOVIC Nikolaj	SLO	PTF	2:0
riga-open-2024	Senior Men -63kg	F	430	REKIK Adam	FRA	CHRZANOWSKI Mateusz	POL	PTF	2:0
riga-open-2024	Senior Men -68kg	R16	501	ACHAB Badr	BEL	KHAMMERMAN Danil	UKR	PTF	2:1
riga-open-2024	Senior Men -68kg	R16	502	SPEIGHT Leo	ISL	MYLLYNEN Niko	FIN	PTF	2:0
riga-open-2024	Senior Men -68kg	R16	503	ZISIS Polydefkis	GRE	BURUSIC Marko	SRB	PTF	2:1
riga-open-2024	Senior Men -68kg	R16	504	SETTA Hamad	DEN	NIITMETS Keanu	EST	PTF	2:0
riga-open-2024	Senior Men -68kg	QF	513	HYTTEL Tobias	DEN	ACHAB Badr	BEL	PTF	2:1
riga-open-2024	Senior Men -68kg	QF	514	SPEIGHT Leo	ISL	JURKIC Miro	CRO	PTF	2:1
riga-open-2024	Senior Men -68kg	QF	515	IZMAR Adam	BEL	ZISIS Polydefkis	GRE	PTF	2:1
riga-open-2024	Senior Men -68kg	QF	516	SETTA Hamad	DEN	NGUILLA Yandric	FRA	PTF	2:1
riga-open-2024	Senior Men -68kg	SF	518	SPEIGHT Leo	ISL	HYTTEL Tobias	DEN	PTF	2:0
riga-open-2024	Senior Men -68kg	SF	520	IZMAR Adam	BEL	SETTA Hamad	DEN	PTF	2:0
riga-open-2024	Senior Men -68kg	F	527	IZMAR Adam	BEL	SPEIGHT Leo	ISL	PTF	2:1
riga-open-2024	Senior Men -74kg	R16	402	ZELENKO Vladyslav	UKR	MUSKEVITS Aleksandr	GER	PTF	2:0
riga-open-2024	Senior Men -74kg	R16	403	CAMMAERTS Troy	BEL	SKJOLBERG Sebastian	NOR	PTF	2:0
riga-open-2024	Senior Men -74kg	R16	404	DAWOUD Omer	DEN	CUDNOCH Lukasz	POL	PTF	2:0
riga-open-2024	Senior Men -74kg	R16	405	KORSAK Mykhailo	UKR	AGBOGBE SALANON Oswin	FRA	PTF	2:1
riga-open-2024	Senior Men -74kg	R16	406	KNARVIK ANDRESEN Arne	NOR	GRISKJANS Antons	LAT	PTF	2:0
riga-open-2024	Senior Men -74kg	R16	407	CAMMAERTS Andes	BEL	PETROVIC Vojislav	AUT	PTF	2:0
riga-open-2024	Senior Men -74kg	R16	408	JORGENSEN Otto	DEN	GALLAND Warrick	SUI	PTF	2:0
riga-open-2024	Senior Men -74kg	QF	414	KINTSURASHVILI Zurab	GEO	ZELENKO Vladyslav	UKR	PTF	2:0
riga-open-2024	Senior Men -74kg	QF	415	DAWOUD Omer	DEN	CAMMAERTS Troy	BEL	PTF	2:0
riga-open-2024	Senior Men -74kg	QF	416	KORSAK Mykhailo	UKR	KNARVIK ANDRESEN Arne	NOR	PTF	2:0
riga-open-2024	Senior Men -74kg	QF	417	CAMMAERTS Andes	BEL	JORGENSEN Otto	DEN	PTF	2:0
riga-open-2024	Senior Men -74kg	SF	420	KINTSURASHVILI Zurab	GEO	DAWOUD Omer	DEN	PTF	2:0
riga-open-2024	Senior Men -74kg	SF	421	KORSAK Mykhailo	UKR	CAMMAERTS Andes	BEL	PTF	2:1
riga-open-2024	Senior Men -74kg	F	135	KINTSURASHVILI Zurab	GEO	KORSAK Mykhailo	UKR	PTF	2:0
riga-open-2024	Senior Men -80kg	R16	301	SOKOLOWSKI Mikolaj	POL	MIRZAEI Bardia	FIN	PTF	2:1
riga-open-2024	Senior Men -80kg	QF	311	HOERMANN Vincent	GER	SOKOLOWSKI Mikolaj	POL	PTF	2:0
riga-open-2024	Senior Men -80kg	QF	312	CHEHADE Mohamad	SWE	AKBABAOZ Muhammed Buğrahan	RTA	PTF	2:0
riga-open-2024	Senior Men -80kg	QF	313	CHARALAMBOUS Evangelos	CYP	HARRIS Ethan	IRL	PTF	2:0
riga-open-2024	Senior Men -80kg	QF	314	HURNOV Kyrylo	UKR	MENDY Mohamed	FRA	PTF	2:0
riga-open-2024	Senior Men -80kg	SF	323	CHEHADE Mohamad	SWE	HOERMANN Vincent	GER	PTF	2:0
riga-open-2024	Senior Men -80kg	SF	324	HURNOV Kyrylo	UKR	CHARALAMBOUS Evangelos	CYP	RSC	
riga-open-2024	Senior Men -80kg	F	133	HURNOV Kyrylo	UKR	CHEHADE Mohamad	SWE	PTF	2:0
riga-open-2024	Senior Men -87kg	QF	505	PIATKOWSKI Szymon	POL	FARMAKAS Erik	SWE	PTF	2:0
riga-open-2024	Senior Men -87kg	QF	506	HARBAR Artem	UKR	KNYSHOV Stepan	CZE	PTF	2:0
riga-open-2024	Senior Men -87kg	SF	517	PIATKOWSKI Szymon	POL	ZOUROS KARDATOS Konstantinos	GRE	PTF	2:1
riga-open-2024	Senior Men -87kg	SF	519	HARBAR Artem	UKR	AMER ALI Hassan	DEN	PTF	2:0
riga-open-2024	Senior Men -87kg	F	525	HARBAR Artem	UKR	PIATKOWSKI Szymon	POL	PTF	2:0
riga-open-2024	Senior Men +87kg	QF	507	HARBAR Andrii	UKR	BUIDZE Davit	GEO	PTF	2:0
riga-open-2024	Senior Men +87kg	QF	508	AGBOGBE-SALANON Osmund	FRA	POLLET Manuel	BEL	WDR	1:0
riga-open-2024	Senior Men +87kg	QF	509	MATSABERIDZE Ilia	GEO	MANEA Robert	GER	PTF	2:0
riga-open-2024	Senior Men +87kg	SF	521	MICHOPOULOS Sotirios	GRE	HARBAR Andrii	UKR	PTF	2:1
riga-open-2024	Senior Men +87kg	SF	522	MATSABERIDZE Ilia	GEO	AGBOGBE-SALANON Osmund	FRA	PTF	2:0
riga-open-2024	Senior Men +87kg	F	526	MICHOPOULOS Sotirios	GRE	MATSABERIDZE Ilia	GEO	PTF	2:0
riga-open-2024	Senior Women -46kg	QF	113	SHVARTS Olha	UKR	MAJLUND Sofia	FIN	PTF	2:0
riga-open-2024	Senior Women -46kg	QF	114	TAMMILA Ida-elina	FIN	BRAJOVIC Iva	SRB	PTF	2:0
riga-open-2024	Senior Women -46kg	SF	123	ETTELBRUCK Lilly	GER	SHVARTS Olha	UKR	PTF	2:0
riga-open-2024	Senior Women -46kg	SF	124	TAMMILA Ida-elina	FIN	TAMMILA Ada-Emilia	FIN	PTF	2:0
riga-open-2024	Senior Women -46kg	F	129	ETTELBRUCK Lilly	GER	TAMMILA Ida-elina	FIN	PTF	2:0
riga-open-2024	Senior Women -49kg	R16	101	NAHURNA Viktoriia	UKR	JANUSAUSKAITE Ugne	LTU	PTF	2:0
riga-open-2024	Senior Women -49kg	R16	102	SYDORENKO Anastasiia	LTU	ABEDALSALAM Mariam	DEN	PTF	2:0
riga-open-2024	Senior Women -49kg	R16	103	HOLDINA Veronika	UKR	RAMO Jenna	FIN	PTF	2:0
riga-open-2024	Senior Women -49kg	QF	115	KRAJEWSKA Alicja	POL	NAHURNA Viktoriia	UKR	PTF	2:0
riga-open-2024	Senior Women -49kg	QF	116	YALDA RAZAGHI Yalda	SWE	SYLTHE Therese	NOR	PTF	2:0
riga-open-2024	Senior Women -49kg	QF	117	KRAJEWSKA Nikola	POL	SYDORENKO Anastasiia	LTU	PTF	2:0
riga-open-2024	Senior Women -49kg	QF	118	LINAN PARDO Naiara	AND	HOLDINA Veronika	UKR	PTF	2:0
riga-open-2024	Senior Women -49kg	SF	125	KRAJEWSKA Alicja	POL	YALDA RAZAGHI Yalda	SWE	PTF	2:0
riga-open-2024	Senior Women -49kg	SF	126	KRAJEWSKA Nikola	POL	LINAN PARDO Naiara	AND	PTF	2:0
riga-open-2024	Senior Women -49kg	F	130	KRAJEWSKA Nikola	POL	KRAJEWSKA Alicja	POL	WDR	
riga-open-2024	Senior Women -53kg	R16	302	SPASOJEVIC Sara	CRO	WAEVERSTROM Signe wendt	DEN	PTF	2:1
riga-open-2024	Senior Women -53kg	R16	303	CHESALKINA Iryna	UKR	EL-HABBAL Razan	FIN	PTF	2:1
riga-open-2024	Senior Women -53kg	R16	304	SHAW Elisha	GBR	MEIŠTININKAITĖ Gerda	LTU	PTF	2:0
riga-open-2024	Senior Women -53kg	R16	305	ENTEZARI Nazila	AUT	MANKONEN Juuli	FIN	PTF	2:1
riga-open-2024	Senior Women -53kg	QF	315	SPASOJEVIC Sara	CRO	BONALS ANARTE Laura	ESP	PTF	2:1
riga-open-2024	Senior Women -53kg	QF	316	BUTTARELLI Aurelie	FRA	CHESALKINA Iryna	UKR	PTF	2:1
riga-open-2024	Senior Women -53kg	QF	317	RABAUT Elien	BEL	SHAW Elisha	GBR	PTF	2:0
riga-open-2024	Senior Women -53kg	QF	318	GIRE Ines	FRA	ENTEZARI Nazila	AUT	PTF	2:0
riga-open-2024	Senior Women -53kg	SF	325	SPASOJEVIC Sara	CRO	BUTTARELLI Aurelie	FRA	PTF	2:0
riga-open-2024	Senior Women -53kg	SF	326	RABAUT Elien	BEL	GIRE Ines	FRA	PTF	2:1
riga-open-2024	Senior Women -53kg	F	330	RABAUT Elien	BEL	SPASOJEVIC Sara	CRO	PTF	2:0
riga-open-2024	Senior Women -57kg	R16	306	RASMUSSEN Caroline Bjerring	DEN	RINNEHEIMO Helmi-Alina	FIN	PTF	2:1
riga-open-2024	Senior Women -57kg	R16	307	RAVASKA Inka	FIN	KLIMANTAVIČIŪTĖ Auguste	LTU	PTF	2:1
riga-open-2024	Senior Women -57kg	R16	308	SEREDA Julia	POL	MALMGREN GABRIELIN Ellinor	SWE	PTF	2:0
riga-open-2024	Senior Women -57kg	R16	309	KRAJEWSKA Agnieszka	POL	HEINONEN Vilhelmiina	FIN	PTF	2:0
riga-open-2024	Senior Women -57kg	R16	310	STUPAK Kateryna	UKR	TEGGERI Markella	CYP	PTF	2:0
riga-open-2024	Senior Women -57kg	QF	319	MERLOS ORDONEZ Judit	ESP	RASMUSSEN Caroline Bjerring	DEN	PTF	2:0
riga-open-2024	Senior Women -57kg	QF	320	SEREDA Julia	POL	RAVASKA Inka	FIN	PTF	2:0
riga-open-2024	Senior Women -57kg	QF	321	KRAJEWSKA Agnieszka	POL	HABIJANČIĆ Sara	CRO	PTF	2:0
riga-open-2024	Senior Women -57kg	QF	322	STUPAK Kateryna	UKR	WOLF Jessica	GER	PTF	2:0
riga-open-2024	Senior Women -57kg	SF	327	SEREDA Julia	POL	MERLOS ORDONEZ Judit	ESP	PTF	2:1
riga-open-2024	Senior Women -57kg	SF	328	STUPAK Kateryna	UKR	KRAJEWSKA Agnieszka	POL	PTF	2:1
riga-open-2024	Senior Women -57kg	F	332	STUPAK Kateryna	UKR	SEREDA Julia	POL	PTF	2:0
riga-open-2024	Senior Women -62kg	R32	104	ANDERSSON Tindra	SWE	FOURNIER Alexane	FRA	PTF	2:0
riga-open-2024	Senior Women -62kg	R16	105	DIAROVA Marina	GEO	RAHMANI Ruqia	FIN	PTF	2:1
riga-open-2024	Senior Women -62kg	R16	106	TVARONAVICIUTE Klaudija	LTU	SPEHAR Lea	CRO	PTF	2:0
riga-open-2024	Senior Women -62kg	R16	107	KOSTENEVYCH Darya	UKR	RYAN Niamh	GBR	PTF	2:1
riga-open-2024	Senior Women -62kg	R16	108	TZELI Fani	GRE	ANDERSSON Tindra	SWE	PTF	2:0
riga-open-2024	Senior Women -62kg	R16	109	TYMOFIEIEVA Mariia	UKR	ANDRIC Andjela	AUT	PTF	2:0
riga-open-2024	Senior Women -62kg	R16	110	KICINSKA Klaudia	POL	RAAGMETS Carmen	EST	PTF	2:0
riga-open-2024	Senior Women -62kg	R16	111	EK Isabella	SWE	GUSTAFSSON Ada	FIN	PTF	2:0
riga-open-2024	Senior Women -62kg	R16	112	STAMOU Daphne	GRE	KRUSH Diana	UKR	PTF	2:0
riga-open-2024	Senior Women -62kg	QF	119	TZELI Fani	GRE	DIAROVA Marina	GEO	PTF	2:0
riga-open-2024	Senior Women -62kg	QF	120	KOSTENEVYCH Darya	UKR	TVARONAVICIUTE Klaudija	LTU	PTF	2:0
riga-open-2024	Senior Women -62kg	QF	121	KICINSKA Klaudia	POL	TYMOFIEIEVA Mariia	UKR	RSC	1:0
riga-open-2024	Senior Women -62kg	QF	122	STAMOU Daphne	GRE	EK Isabella	SWE	PTF	2:0
riga-open-2024	Senior Women -62kg	SF	127	TZELI Fani	GRE	KOSTENEVYCH Darya	UKR	PTF	2:0
riga-open-2024	Senior Women -62kg	SF	128	STAMOU Daphne	GRE	KICINSKA Klaudia	POL	PTF	2:0
riga-open-2024	Senior Women -62kg	F	132	TZELI Fani	GRE	STAMOU Daphne	GRE	PTF	2:0
riga-open-2024	Senior Women -67kg	R16	203	SHAW Erin	GBR	DUMINA Mariia	UKR	RSC	
riga-open-2024	Senior Women -67kg	R16	204	FABER Isabelle	LUX	FREDERIKSEN Kathrine kamp nordentoft	DEN	PTF	2:1
riga-open-2024	Senior Women -67kg	QF	217	MARENTAKI Styliani	GRE	SHAW Erin	GBR	PTF	2:0
riga-open-2024	Senior Women -67kg	QF	218	TOMCZAK Tatiana	POL	RINTAMAA Saara	FIN	PTF	2:0
riga-open-2024	Senior Women -67kg	QF	219	KRAINOVA Marharyta	UKR	HAGELBERG Vilma	FIN	RSC	
riga-open-2024	Senior Women -67kg	QF	220	YOUKOUBOVA Karina	FRA	FABER Isabelle	LUX	PTF	2:0
riga-open-2024	Senior Women -67kg	SF	227	MARENTAKI Styliani	GRE	TOMCZAK Tatiana	POL	RSC	
riga-open-2024	Senior Women -67kg	SF	228	YOUKOUBOVA Karina	FRA	KRAINOVA Marharyta	UKR	PTF	2:0
riga-open-2024	Senior Women -67kg	F	232	MARENTAKI Styliani	GRE	YOUKOUBOVA Karina	FRA	PTF	2:1
riga-open-2024	Senior Women -73kg	QF	413	PETROVIC Iva	SRB	KERR Leah	IRL	PTF	2:0
riga-open-2024	Senior Women -73kg	SF	422	PETROVIC Iva	SRB	HOERMANN Emily	GER	PTF	2:0
riga-open-2024	Senior Women -73kg	SF	424	LEE Ava Soon	HAI	KUCHERIAVA Polina	UKR	PTF	2:0
riga-open-2024	Senior Women -73kg	F	136	PETROVIC Iva	SRB	LEE Ava Soon	HAI	PTF	2:1
riga-open-2024	Senior Women +73kg	QF	510	KITSIOU Agoritsa artemia	GRE	KUTS Mariia	UKR	PTF	2:0
riga-open-2024	Senior Women +73kg	QF	511	CHTIOUI Hafsa liana	DEN	HELVIGA Viktorija	LAT	PTF	2:0
riga-open-2024	Senior Women +73kg	QF	512	KECK Hannah	USA	HAMADACHE Emna	FRA	PTF	2:0
riga-open-2024	Senior Women +73kg	SF	523	KITSIOU Agoritsa artemia	GRE	OUASSOU Mouna	FRA	PTF	2:0
riga-open-2024	Senior Women +73kg	SF	524	CHTIOUI Hafsa liana	DEN	KECK Hannah	USA	PTF	2:0
riga-open-2024	Senior Women +73kg	F	528	CHTIOUI Hafsa liana	DEN	KITSIOU Agoritsa artemia	GRE	PTF	2:1
presidents-cup-oceania-2024	Senior Men -54kg	QF	211	KADAM Aaditya	AUS	OYAMA Tait	NZL	PTF	2:0
presidents-cup-oceania-2024	Senior Men -54kg	SF	218	HAMDI Riad	KSA	KADAM Aaditya	AUS	PTF	2:0
presidents-cup-oceania-2024	Senior Men -54kg	SF	219	HEALY Seth	AUS	GRANIER-AMEUR Aikan	AUS	PTF	2:0
presidents-cup-oceania-2024	Senior Men -54kg	F	226	HAMDI Riad	KSA	HEALY Seth	AUS	PTF	2:0
presidents-cup-oceania-2024	Senior Men -58kg	R16	301	LIU Xuan	CHN	MU Lei	CHN	PTF	2:0
presidents-cup-oceania-2024	Senior Men -58kg	R16	302	MONTONE Luca	AUS	MANSON Maxwell	SLE	PTF	2:0
presidents-cup-oceania-2024	Senior Men -58kg	R16	303	CUNNINGHAM William	USA	BASER Tugay	AUS	PTF	2:0
presidents-cup-oceania-2024	Senior Men -58kg	R16	304	HOEFLING Nicholas	CAN	KITADE Tatsuya	JPN	PTF	2:0
presidents-cup-oceania-2024	Senior Men -58kg	R16	305	PAN Kuei-an	TPE	YOSHIZAWA Kohei	JPN	PTF	2:1
presidents-cup-oceania-2024	Senior Men -58kg	QF	314	LIU Xuan	CHN	CHIOK Chun yin	HKG	PTF	2:1
presidents-cup-oceania-2024	Senior Men -58kg	QF	315	CUNNINGHAM William	USA	MONTONE Luca	AUS	RSC	2:0
presidents-cup-oceania-2024	Senior Men -58kg	QF	316	HOEFLING Nicholas	CAN	MOTTA Damon	AUS	RSC	2:0
presidents-cup-oceania-2024	Senior Men -58kg	QF	317	PAN Kuei-an	TPE	CAMUA Benjamin	AUS	PTF	2:0
presidents-cup-oceania-2024	Senior Men -58kg	SF	322	LIU Xuan	CHN	CUNNINGHAM William	USA	PTF	2:0
presidents-cup-oceania-2024	Senior Men -58kg	SF	323	HOEFLING Nicholas	CAN	PAN Kuei-an	TPE	PTF	2:0
presidents-cup-oceania-2024	Senior Men -58kg	F	326	HOEFLING Nicholas	CAN	LIU Xuan	CHN	PTF	2:1
presidents-cup-oceania-2024	Senior Men -63kg	R32	201	KUMAR Ajay	IND	ZHOU Junhui	CHN	PTF	2:0
presidents-cup-oceania-2024	Senior Men -63kg	R32	202	JIAO Yiren	CHN	ISOZAKI Tsubasa	JPN		
presidents-cup-oceania-2024	Senior Men -63kg	R16	203	GHALI Zakariya mohammad	KSA	KUMAR Ajay	IND	PTF	2:0
presidents-cup-oceania-2024	Senior Men -63kg	R16	204	SUMMERFIELD Matthew	AUS	CHOY Aaron	AUS	PTF	2:0
presidents-cup-oceania-2024	Senior Men -63kg	R16	205	HOGG Ryan	AUS	DOWN Harrison	AUS	PTF	2:0
presidents-cup-oceania-2024	Senior Men -63kg	R16	206	BRUZZE Leonardo	AUS	BETTS Dustin	AUS	PTF	2:0
presidents-cup-oceania-2024	Senior Men -63kg	R16	207	COOMARASWAMY Arjuna	AUS	LEE Eugene	AUS	PTF	2:1
presidents-cup-oceania-2024	Senior Men -63kg	R16	208	MACK Ali	AUS	WANG Hao tian (buddy)	AUS	PTF	2:0
presidents-cup-oceania-2024	Senior Men -63kg	R16	209	MATIN Fida	AUS	DO Nathan	AUS	PTF	2:0
presidents-cup-oceania-2024	Senior Men -63kg	R16	210	YEH Chi-hsun	TPE	JIAO Yiren	CHN	PTF	2:1
presidents-cup-oceania-2024	Senior Men -63kg	QF	214	SUMMERFIELD Matthew	AUS	GHALI Zakariya mohammad	KSA	PTF	2:0
presidents-cup-oceania-2024	Senior Men -63kg	QF	215	HOGG Ryan	AUS	BRUZZE Leonardo	AUS	PTF	2:0
presidents-cup-oceania-2024	Senior Men -63kg	QF	216	MACK Ali	AUS	COOMARASWAMY Arjuna	AUS	PTF	2:0
presidents-cup-oceania-2024	Senior Men -63kg	QF	217	YEH Chi-hsun	TPE	MATIN Fida	AUS	PTF	2:0
presidents-cup-oceania-2024	Senior Men -63kg	SF	224	SUMMERFIELD Matthew	AUS	HOGG Ryan	AUS	PTF	2:0
presidents-cup-oceania-2024	Senior Men -63kg	SF	225	YEH Chi-hsun	TPE	MACK Ali	AUS	PTF	2:1
presidents-cup-oceania-2024	Senior Men -63kg	F	229	SUMMERFIELD Matthew	AUS	YEH Chi-hsun	TPE	PTF	2:1
presidents-cup-oceania-2024	Senior Men -68kg	R32	401	CHIU Yi-jui	TPE	SULTANI Zaki	AUS	PTF	2:0
presidents-cup-oceania-2024	Senior Men -68kg	R32	402	GONG Ruixing	CHN	RAGHEB Taye	AUS	PTF	2:1
presidents-cup-oceania-2024	Senior Men -68kg	R32	403	MIYAGUCHI Edo	FPO	PORRAS Kenneth	AUS	RSC	1:1
presidents-cup-oceania-2024	Senior Men -68kg	R32	404	INOUE Shuki	JPN	ABDULGADER Abdulmalik	AUS		
presidents-cup-oceania-2024	Senior Men -68kg	R16	408	CHIU Yi-jui	TPE	LO Wai fung	HKG	PTF	2:1
presidents-cup-oceania-2024	Senior Men -68kg	R16	409	PACE Fred	AUS	MORALES Leroy	AUS	PTF	2:0
presidents-cup-oceania-2024	Senior Men -68kg	R16	410	PUOPOLO Corey	AUS	EGAN Alex	AUS	PTF	2:0
presidents-cup-oceania-2024	Senior Men -68kg	R16	411	IWAKI Kaito	JPN	GONG Ruixing	CHN	PTF	2:1
presidents-cup-oceania-2024	Senior Men -68kg	R16	412	HOLLAND Edward	SLE	MIYAGUCHI Edo	FPO	PTF	2:0
presidents-cup-oceania-2024	Senior Men -68kg	R16	413	EGAN Liam	AUS	MANEFIELD Alexander masato	AUS	PTF	2:0
presidents-cup-oceania-2024	Senior Men -68kg	R16	414	NIKOLOVSKI Xavier	AUS	CAO Geremy	AUS	PTF	2:0
presidents-cup-oceania-2024	Senior Men -68kg	R16	415	HUANG Yu jui	TPE	INOUE Shuki	JPN	PTF	2:0
presidents-cup-oceania-2024	Senior Men -68kg	QF	420	PACE Fred	AUS	CHIU Yi-jui	TPE	PTF	2:0
presidents-cup-oceania-2024	Senior Men -68kg	QF	421	IWAKI Kaito	JPN	PUOPOLO Corey	AUS	PTF	2:0
presidents-cup-oceania-2024	Senior Men -68kg	QF	422	HOLLAND Edward	SLE	EGAN Liam	AUS	PTF	2:0
presidents-cup-oceania-2024	Senior Men -68kg	QF	423	HUANG Yu jui	TPE	NIKOLOVSKI Xavier	AUS	PTF	2:1
presidents-cup-oceania-2024	Senior Men -68kg	SF	426	IWAKI Kaito	JPN	PACE Fred	AUS	PTF	2:1
presidents-cup-oceania-2024	Senior Men -68kg	SF	427	HOLLAND Edward	SLE	HUANG Yu jui	TPE	PTF	2:0
presidents-cup-oceania-2024	Senior Men -68kg	F	429	IWAKI Kaito	JPN	HOLLAND Edward	SLE	PTF	2:0
presidents-cup-oceania-2024	Senior Men -74kg	R16	501	CEFAI Jamie	AUS	ANTOINE Jael	AUS	PTF	2:0
presidents-cup-oceania-2024	Senior Men -74kg	R16	502	OR Pak lam	GBR	MCINTOSH Rhys cody	AUS	PTF	2:0
presidents-cup-oceania-2024	Senior Men -74kg	R16	503	IORSS Rahiti	FPO	ALMABROUK Osama	AUS	PTF	2:0
presidents-cup-oceania-2024	Senior Men -74kg	R16	504	ZAKOULOUTA Yosafe	AUS	AGAOGLU Osman	AUS	PTF	2:1
presidents-cup-oceania-2024	Senior Men -74kg	QF	509	PAN Kuei en	TPE	CEFAI Jamie	AUS	PTF	2:1
presidents-cup-oceania-2024	Senior Men -74kg	QF	510	OR Pak lam	GBR	ROWE Tane	AUS	PTF	2:0
presidents-cup-oceania-2024	Senior Men -74kg	QF	511	IORSS Rahiti	FPO	MCMAHON Luke	AUS	PTF	2:0
presidents-cup-oceania-2024	Senior Men -74kg	QF	512	SEJRANOVIC Leon	AUS	ZAKOULOUTA Yosafe	AUS	PTF	2:0
presidents-cup-oceania-2024	Senior Men -74kg	SF	519	PAN Kuei en	TPE	OR Pak lam	GBR	PTF	2:0
presidents-cup-oceania-2024	Senior Men -74kg	SF	520	SEJRANOVIC Leon	AUS	IORSS Rahiti	FPO	PTF	2:1
presidents-cup-oceania-2024	Senior Men -74kg	F	524	PAN Kuei en	TPE	SEJRANOVIC Leon	AUS	PTF	2:0
presidents-cup-oceania-2024	Senior Men -80kg	R16	505	PHILLIPS Max	AUS	HARMAN Baran	AUS	PTF	2:0
presidents-cup-oceania-2024	Senior Men -80kg	R16	506	CIVITARESE Josh	AUS	WATENE Maxwell	NZL	PTF	2:0
presidents-cup-oceania-2024	Senior Men -80kg	R16	507	WU Shao-fu	TPE	LEE Ryan	AUS	PTF	2:0
presidents-cup-oceania-2024	Senior Men -80kg	R16	508	GARCES JR Eric	AUS	JACKSON Caleb	AUS	PTF	
presidents-cup-oceania-2024	Senior Men -80kg	QF	513	HUNG Jiun-yi	TPE	PHILLIPS Max	AUS	PTF	2:0
presidents-cup-oceania-2024	Senior Men -80kg	QF	514	SWEENEY Liam	AUS	CIVITARESE Josh	AUS	PTF	2:0
presidents-cup-oceania-2024	Senior Men -80kg	QF	515	WU Shao-fu	TPE	SHEKHAR Xander	AUS	PTF	2:0
presidents-cup-oceania-2024	Senior Men -80kg	QF	516	ZHAO Junbo	CHN	GARCES JR Eric	AUS	PTF	2:0
presidents-cup-oceania-2024	Senior Men -80kg	SF	521	HUNG Jiun-yi	TPE	SWEENEY Liam	AUS	PTF	2:0
presidents-cup-oceania-2024	Senior Men -80kg	SF	522	ZHAO Junbo	CHN	WU Shao-fu	TPE	PTF	2:0
presidents-cup-oceania-2024	Senior Men -80kg	F	525	ZHAO Junbo	CHN	HUNG Jiun-yi	TPE	PTF	2:0
presidents-cup-oceania-2024	Senior Men -87kg	QF	212	CHEN Liang-hsi	TPE	TAKELO Moala	TGA	PTF	2:0
presidents-cup-oceania-2024	Senior Men -87kg	SF	220	MAIERDAN Tuersun	CHN	CHEN Liang-hsi	TPE	PTF	2:0
presidents-cup-oceania-2024	Senior Men -87kg	SF	221	JIAN Jun-ren	TPE	PRAKASH Nipesh	FIJ	PTF	2:0
presidents-cup-oceania-2024	Senior Men -87kg	F	230	JIAN Jun-ren	TPE	MAIERDAN Tuersun	CHN	PTF	2:0
presidents-cup-oceania-2024	Senior Men +87kg	QF	213	SONG Zehao	CHN	NORTHEY Samuel	AUS	PTF	2:0
presidents-cup-oceania-2024	Senior Men +87kg	SF	222	ZHANG Gengyu	CHN	OLSSON Mikael	AUS	PTF	2:0
presidents-cup-oceania-2024	Senior Men +87kg	SF	223	REN Haoyuan	CHN	SONG Zehao	CHN	PTF	2:1
presidents-cup-oceania-2024	Senior Men +87kg	F	228	REN Haoyuan	CHN	ZHANG Gengyu	CHN	PTF	2:1
presidents-cup-oceania-2024	Senior Women -49kg	R16	601	KWOK Tsz Tung	HKG	QUERUBIN Sofia	AUS	PTF	2:1
presidents-cup-oceania-2024	Senior Women -49kg	R16	602	MATA Maya	USA	CHIANG Chih yun	TPE	RSC	2:0
presidents-cup-oceania-2024	Senior Women -49kg	R16	603	TAN Nichelle	SGP	LIU You-yun	TPE	RSC	2:0
presidents-cup-oceania-2024	Senior Women -49kg	R16	604	LAM Siu wai	HKG	CHUA Shaina dream tongco	AUS	PTF	2:0
presidents-cup-oceania-2024	Senior Women -49kg	QF	611	MA Jingyue	CHN	KWOK Tsz Tung	HKG	PTF	2:0
presidents-cup-oceania-2024	Senior Women -49kg	QF	612	YANG Sai	CHN	MATA Maya	USA	RSC	2:0
presidents-cup-oceania-2024	Senior Women -49kg	QF	613	LIN Jingwen	CHN	TAN Nichelle	SGP	PTF	2:0
presidents-cup-oceania-2024	Senior Women -49kg	QF	614	TAN Xueqin	CHN	LAM Siu wai	HKG	PTF	2:0
presidents-cup-oceania-2024	Senior Women -49kg	SF	619	MA Jingyue	CHN	YANG Sai	CHN	PTF	2:1
presidents-cup-oceania-2024	Senior Women -49kg	SF	620	TAN Xueqin	CHN	LIN Jingwen	CHN	PTF	2:1
presidents-cup-oceania-2024	Senior Women -49kg	F	623	TAN Xueqin	CHN	MA Jingyue	CHN	PTF	2:1
presidents-cup-oceania-2024	Senior Women -53kg	R16	101	WANG Xiaolu	CHN	HERBERTSON Reyna	AUS	PTF	2:0
presidents-cup-oceania-2024	Senior Women -53kg	QF	108	WANG Xiaolu	CHN	ZHANG Yanying	CHN	PTF	2:0
presidents-cup-oceania-2024	Senior Women -53kg	QF	109	LANDSBERG Ambrosia	AUS	SZABO Stella	AUS	PTF	2:0
presidents-cup-oceania-2024	Senior Women -53kg	QF	110	TAMBYRAJAH Saffron	AUS	MONSALES Joanna	AUS	PTF	2:0
presidents-cup-oceania-2024	Senior Women -53kg	QF	111	KATOH Yuzuho	JPN	ABD ELMESSEH Miriam	AUS	PTF	2:0
presidents-cup-oceania-2024	Senior Women -53kg	SF	120	WANG Xiaolu	CHN	LANDSBERG Ambrosia	AUS	PTF	2:0
presidents-cup-oceania-2024	Senior Women -53kg	SF	121	KATOH Yuzuho	JPN	TAMBYRAJAH Saffron	AUS	PTF	2:1
presidents-cup-oceania-2024	Senior Women -53kg	F	126	WANG Xiaolu	CHN	KATOH Yuzuho	JPN	PTF	2:0
presidents-cup-oceania-2024	Senior Women -57kg	R16	306	LIN Wei-chun	TPE	LUTZENBERGER Dana	NZL	PTF	2:0
presidents-cup-oceania-2024	Senior Women -57kg	R16	307	TIREN Elanur	AUS	SAVAS Buse	AUS	DSQ	
presidents-cup-oceania-2024	Senior Women -57kg	R16	308	LI Yunuo	CHN	MONK Angelique	AUS	PTF	2:0
presidents-cup-oceania-2024	Senior Women -57kg	R16	309	NISHIDA Mao	JPN	CHAMBERS Jordys	AUS	PTF	2:0
presidents-cup-oceania-2024	Senior Women -57kg	R16	310	ISHIDA Otoa	JPN	LI Winny	AUS	PTF	2:0
presidents-cup-oceania-2024	Senior Women -57kg	R16	311	CHEN Lin	CHN	PARK Molly	AUS	PTF	2:0
presidents-cup-oceania-2024	Senior Women -57kg	R16	312	SANG Yiyao	CHN	ABELA Rose letizia	AUS	PTF	2:0
presidents-cup-oceania-2024	Senior Women -57kg	R16	313	ZHAN Tian rui	CHN	CARPENTER Jamie	NZL	PTF	2:0
presidents-cup-oceania-2024	Senior Women -57kg	QF	318	LIN Wei-chun	TPE	TIREN Elanur	AUS	PTF	2:0
presidents-cup-oceania-2024	Senior Women -57kg	QF	319	LI Yunuo	CHN	NISHIDA Mao	JPN	PTF	2:0
presidents-cup-oceania-2024	Senior Women -57kg	QF	320	CHEN Lin	CHN	ISHIDA Otoa	JPN	PTF	2:1
presidents-cup-oceania-2024	Senior Women -57kg	QF	321	ZHAN Tian rui	CHN	SANG Yiyao	CHN	PTF	2:0
presidents-cup-oceania-2024	Senior Women -57kg	SF	324	LIN Wei-chun	TPE	LI Yunuo	CHN	PTF	2:1
presidents-cup-oceania-2024	Senior Women -57kg	SF	325	ZHAN Tian rui	CHN	CHEN Lin	CHN	PTF	2:0
presidents-cup-oceania-2024	Senior Women -57kg	F	327	ZHAN Tian rui	CHN	LIN Wei-chun	TPE	PTF	2:1
presidents-cup-oceania-2024	Senior Women -62kg	R16	102	IORSS Kawehi	FPO	EDWARDS-JULL Shauna	NZL	PTF	2:0
presidents-cup-oceania-2024	Senior Women -62kg	QF	112	IORSS Kawehi	FPO	TANGSHALA Ayitehamiti	CHN	PTF	2:1
presidents-cup-oceania-2024	Senior Women -62kg	QF	113	SONG Xinru	CHN	HSU Yu-hsi	TPE	PTF	2:1
presidents-cup-oceania-2024	Senior Women -62kg	QF	114	ZHOU Lijun	CHN	CHU Man-lin	TPE	PTF	2:0
presidents-cup-oceania-2024	Senior Women -62kg	QF	115	BLEWITT Gabriella	AUS	COVER Paige	AUS	PTF	2:0
presidents-cup-oceania-2024	Senior Women -62kg	SF	122	SONG Xinru	CHN	IORSS Kawehi	FPO	PTF	2:1
presidents-cup-oceania-2024	Senior Women -62kg	SF	123	ZHOU Lijun	CHN	BLEWITT Gabriella	AUS	PTF	2:0
presidents-cup-oceania-2024	Senior Women -62kg	F	127	ZHOU Lijun	CHN	SONG Xinru	CHN	PTF	2:0
presidents-cup-oceania-2024	Senior Women -67kg	R16	103	XING Jiani	CHN	CHANG Chiao min	TPE	PTF	2:1
presidents-cup-oceania-2024	Senior Women -67kg	R16	104	CRUICKSHANK Jasmine	NZL	KIRBY Leah	AUS	PTF	2:0
presidents-cup-oceania-2024	Senior Women -67kg	R16	105	PHUTHANATWARIN Thanyanit	AUS	COLEMAN Tracy	NZL	PTF	2:0
presidents-cup-oceania-2024	Senior Women -67kg	R16	106	SUN NA	CHN	GURUNG Neema	AUS	PTF	2:0
presidents-cup-oceania-2024	Senior Women -67kg	R16	107	ZHAO Xueting	CHN	CHANG Jui-en	TPE	PTF	2:0
presidents-cup-oceania-2024	Senior Women -67kg	QF	116	XING Jiani	CHN	LIN Yi-chen	TPE	PTF	2:0
presidents-cup-oceania-2024	Senior Women -67kg	QF	117	PHUTHANATWARIN Thanyanit	AUS	CRUICKSHANK Jasmine	NZL	PTF	2:0
presidents-cup-oceania-2024	Senior Women -67kg	QF	118	SUN NA	CHN	TYPOU Sofia	AUS	PTF	2:0
presidents-cup-oceania-2024	Senior Women -67kg	QF	119	ZHAO Xueting	CHN	KIEFER Hannah	AUS	PTF	2:0
presidents-cup-oceania-2024	Senior Women -67kg	SF	124	XING Jiani	CHN	PHUTHANATWARIN Thanyanit	AUS	PTF	2:0
presidents-cup-oceania-2024	Senior Women -67kg	SF	125	ZHAO Xueting	CHN	SUN NA	CHN	PTF	2:0
presidents-cup-oceania-2024	Senior Women -67kg	F	128	XING Jiani	CHN	ZHAO Xueting	CHN	PTF	2:0
presidents-cup-oceania-2024	Senior Women +73kg	SF	517	DING Hongdan	CHN	STEWART Reba	AUS	PTF	2:1
presidents-cup-oceania-2024	Senior Women +73kg	SF	518	XU Lei	CHN	KIRBY Lauren	AUS	PTF	2:0
presidents-cup-oceania-2024	Senior Women +73kg	F	523	XU Lei	CHN	DING Hongdan	CHN	RSC	2:0
presidents-cup-oceania-2024	Senior Women -46kg	R16	605	FAN Yu-qiao	TPE	GANDHI Devankshi	AUS	PTF	2:0
presidents-cup-oceania-2024	Senior Women -46kg	R16	606	ZHAO Huanna	HKG	ECKLEY Keira	AUS	PTF	2:0
presidents-cup-oceania-2024	Senior Women -46kg	R16	607	SONIA	IND	RAGHAVENDRA Aditi	AUS	PTF	2:0
presidents-cup-oceania-2024	Senior Women -46kg	R16	608	SWEENEY Tiarnagh	AUS	BOYAMA Yvette	PNG	PTF	2:0
presidents-cup-oceania-2024	Senior Women -46kg	R16	609	WANG Shiyi	CHN	MACK Sarah	AUS	PTF	2:0
presidents-cup-oceania-2024	Senior Women -46kg	R16	610	YE Xiaoting	CHN	MOTTA Bianca	AUS	PTF	2:0
presidents-cup-oceania-2024	Senior Women -46kg	QF	615	OKAZAKI Hinata	JPN	FAN Yu-qiao	TPE	PTF	2:1
presidents-cup-oceania-2024	Senior Women -46kg	QF	616	SONIA	IND	ZHAO Huanna	HKG	PTF	2:0
presidents-cup-oceania-2024	Senior Women -46kg	QF	617	WANG Shiyi	CHN	SWEENEY Tiarnagh	AUS	PTF	2:0
presidents-cup-oceania-2024	Senior Women -46kg	QF	618	YE Xiaoting	CHN	HUANG Ying hsuan	TPE	PTF	2:0
presidents-cup-oceania-2024	Senior Women -46kg	SF	621	OKAZAKI Hinata	JPN	SONIA	IND	PTF	2:0
presidents-cup-oceania-2024	Senior Women -46kg	SF	622	YE Xiaoting	CHN	WANG Shiyi	CHN	PTF	2:0
presidents-cup-oceania-2024	Senior Women -46kg	F	624	YE Xiaoting	CHN	OKAZAKI Hinata	JPN	PTF	2:0
presidents-cup-oceania-2024	Senior Women -73kg	R16	405	ZHAO Ziting	CHN	ROBERTS Olivia	AUS	PTF	2:0
presidents-cup-oceania-2024	Senior Women -73kg	R16	406	MEDD Katja	AUS	LANDERS Jemesa	NZL	PTF	2:0
presidents-cup-oceania-2024	Senior Women -73kg	R16	407	XIAO Shunan	CHN	LEVESTAM Isabella	NZL	PTF	2:0
presidents-cup-oceania-2024	Senior Women -73kg	QF	416	ZHAO Zitong	CHN	ZHAO Ziting	CHN	PTF	2:0
presidents-cup-oceania-2024	Senior Women -73kg	QF	417	CHEN Nai-cih	TPE	MEDD Katja	AUS	PTF	2:0
presidents-cup-oceania-2024	Senior Women -73kg	QF	418	CHIN I Chun	TPE	XIAO Shunan	CHN	RSC	2:0
presidents-cup-oceania-2024	Senior Women -73kg	QF	419	HSIEH Chin-sywan	TPE	KIEFER Grace	AUS	PTF	2:0
presidents-cup-oceania-2024	Senior Women -73kg	SF	424	ZHAO Zitong	CHN	CHEN Nai-cih	TPE	PTF	2:0
presidents-cup-oceania-2024	Senior Women -73kg	SF	425	CHIN I Chun	TPE	HSIEH Chin-sywan	TPE	PTF	2:0
presidents-cup-oceania-2024	Senior Women -73kg	F	428	ZHAO Zitong	CHN	CHIN I Chun	TPE	PTF	2:0
polish-open-2024	Senior Men -54kg	R16	201	CURVELO TORO Johan Sebastian	ESP	JAKOVAC Vito	IRL	PTF	2:0
polish-open-2024	Senior Men -54kg	R16	202	CONTI Andrea	ITA	YIGIT Hakan	DEN	PTF	2:0
polish-open-2024	Senior Men -54kg	R16	203	MANSUR Raz	ISR	RICHTER Lenny rene	GER	PTF	2:0
polish-open-2024	Senior Men -54kg	QF	218	PASHCOVSKY Tom	ISR	CURVELO TORO Johan Sebastian	ESP	PTF	2:0
polish-open-2024	Senior Men -54kg	QF	219	EDDEANE Mohammed	NED	MIRZA Takrim ahmad	GER	PTF	2:0
polish-open-2024	Senior Men -54kg	QF	220	CONTI Andrea	ITA	VOUTAS Stefanos	GRE	PTF	2:0
polish-open-2024	Senior Men -54kg	QF	221	GEORGIEV Hristiyan	BUL	MANSUR Raz	ISR	PTF	2:0
polish-open-2024	Senior Men -54kg	SF	230	PASHCOVSKY Tom	ISR	EDDEANE Mohammed	NED	PTF	2:0
polish-open-2024	Senior Men -54kg	SF	231	CONTI Andrea	ITA	GEORGIEV Hristiyan	BUL	PTF	2:0
polish-open-2024	Senior Men -54kg	F	236	CONTI Andrea	ITA	PASHCOVSKY Tom	ISR	PTF	2:0
polish-open-2024	Senior Men -58kg	R32	204	MELO Paulo	BRA	DIMITROPOULOS Konstantinos	GRE	PTF	2:0
polish-open-2024	Senior Men -58kg	R32	205	STRUGLINSKI Bartosz	POL	VAN PASSEL Guillaume	BEL	PTF	2:0
polish-open-2024	Senior Men -58kg	R16	210	MELO Paulo	BRA	NOWAK Lukasz	POL	PTF	2:1
polish-open-2024	Senior Men -58kg	R16	211	ZARIFEH Fouad	LBN	SIU William	GBR	PTF	2:0
polish-open-2024	Senior Men -58kg	R16	212	JAMSHIDI Sonil	DEN	YARYSHEV Ruslan	POL	PTF	2:0
polish-open-2024	Senior Men -58kg	R16	213	MERDANAJ Ernest	ALB	DRAZKIEWICZ Igor	POL	PTF	2:0
polish-open-2024	Senior Men -58kg	R16	214	SARSOZA Zack	GBR	DUSZYNSKI Bartosz	POL	PTF	2:0
polish-open-2024	Senior Men -58kg	R16	215	TESKERA Josip	CRO	CIUPA Bartlomiej	POL	PTF	2:0
polish-open-2024	Senior Men -58kg	R16	216	KOUDSI Raphael	LBN	ABDEL HALIM Khaled	GER	PTF	2:0
polish-open-2024	Senior Men -58kg	R16	217	MOLLE Milan	NED	STRUGLINSKI Bartosz	POL	PTF	2:0
polish-open-2024	Senior Men -58kg	QF	226	MELO Paulo	BRA	ZARIFEH Fouad	LBN	PTF	2:0
polish-open-2024	Senior Men -58kg	QF	227	MERDANAJ Ernest	ALB	JAMSHIDI Sonil	DEN	PTF	2:0
polish-open-2024	Senior Men -58kg	QF	228	TESKERA Josip	CRO	SARSOZA Zack	GBR	PTF	2:0
polish-open-2024	Senior Men -58kg	QF	229	KOUDSI Raphael	LBN	MOLLE Milan	NED	PTF	2:1
polish-open-2024	Senior Men -58kg	SF	232	MERDANAJ Ernest	ALB	MELO Paulo	BRA	PTF	2:0
polish-open-2024	Senior Men -58kg	SF	233	TESKERA Josip	CRO	KOUDSI Raphael	LBN	PTF	2:1
polish-open-2024	Senior Men -58kg	F	238	TESKERA Josip	CRO	MERDANAJ Ernest	ALB	RSC	1:0
polish-open-2024	Senior Men -63kg	R32	501	KHAKSAR Shahram	GER	KRASNOHOLOVETS Ivan	UKR	PTF	2:0
polish-open-2024	Senior Men -63kg	R32	502	CHRZANOWSKI Mateusz	POL	BYSTROV Volodymyr	UKR	PTF	2:0
polish-open-2024	Senior Men -63kg	R32	503	ONANGA Herwan	FRA	MILETIC Mateja	SRB	PTF	2:0
polish-open-2024	Senior Men -63kg	R32	504	OZKAYA Imran	GER	PARUZEK Krystof	CZE	PTF	2:1
polish-open-2024	Senior Men -63kg	R32	505	CAVUSMAN Emre	GER	TURNER Rhys	GBR	PTF	2:0
polish-open-2024	Senior Men -63kg	R16	509	BORGEN Kristian storsul	NOR	KHAKSAR Shahram	GER	PTF	2:0
polish-open-2024	Senior Men -63kg	R16	510	SCHOENMAKERS Shymano	NED	MOSS Christian	GBR	PTF	2:0
polish-open-2024	Senior Men -63kg	R16	511	CHRZANOWSKI Mateusz	POL	NOUR Mohammed	GBR	PTF	2:0
polish-open-2024	Senior Men -63kg	R16	512	BUBA Gledis	ALB	ONANGA Herwan	FRA	PTF	2:1
polish-open-2024	Senior Men -63kg	R16	513	OZKAYA Imran	GER	SAFARYN Piotr	POL	PTF	2:0
polish-open-2024	Senior Men -63kg	R16	514	FUNKENDORF Vladyslav	UKR	SPRECA Tommaso	ITA	PTF	2:0
polish-open-2024	Senior Men -63kg	R16	515	POLAK Olaf	POL	HEN David	ISR	PTF	2:0
polish-open-2024	Senior Men -63kg	R16	516	CAVUSMAN Emre	GER	PAPIEROWSKI Dominik	POL	PTF	2:0
polish-open-2024	Senior Men -63kg	QF	525	BORGEN Kristian storsul	NOR	SCHOENMAKERS Shymano	NED	PTF	2:0
polish-open-2024	Senior Men -63kg	QF	526	CHRZANOWSKI Mateusz	POL	BUBA Gledis	ALB	PTF	2:0
polish-open-2024	Senior Men -63kg	QF	527	OZKAYA Imran	GER	FUNKENDORF Vladyslav	UKR	PTF	2:0
polish-open-2024	Senior Men -63kg	QF	528	CAVUSMAN Emre	GER	POLAK Olaf	POL	PTF	2:0
polish-open-2024	Senior Men -63kg	SF	533	BORGEN Kristian storsul	NOR	CHRZANOWSKI Mateusz	POL	PTF	2:1
polish-open-2024	Senior Men -63kg	SF	534	CAVUSMAN Emre	GER	OZKAYA Imran	GER	WDR	
polish-open-2024	Senior Men -63kg	F	537	BORGEN Kristian storsul	NOR	CAVUSMAN Emre	GER	PTF	2:0
polish-open-2024	Senior Men -68kg	R32	101	FALCO Antonio	ITA	CHEETHAM Owen	GBR	RSC	2:0
polish-open-2024	Senior Men -68kg	R32	102	PATINO POMBAL Pablo	ESP	NICOLAE Sarbu	ROU	PTF	2:0
polish-open-2024	Senior Men -68kg	R32	103	TOBIN Joshua	GBR	SZUKALSKI Bartosz	POL	PTF	2:0
polish-open-2024	Senior Men -68kg	R32	104	HUSSEIN Ulat	GER	NIITMETS Keanu	EST	PTF	2:0
polish-open-2024	Senior Men -68kg	R32	105	MCINTOSH Jamie	GBR	KHAMMERMAN Danil	UKR	PTF	2:0
polish-open-2024	Senior Men -68kg	R32	106	USCIMIUK Sebastian	POL	FOX Mackenzie	GBR	PTF	2:0
polish-open-2024	Senior Men -68kg	R32	107	JORQUERA CALA Joan	ESP	BIATETS Maksym	UKR	PTF	2:0
polish-open-2024	Senior Men -68kg	R32	108	ALMEIDA RABELLO Fillipe	BRA	MORADI Mohammad	AUT	PTF	2:0
polish-open-2024	Senior Men -68kg	R32	109	HOWELL Matthew	GBR	GKOLEMIS Ioannis christos	GRE	WDR	
polish-open-2024	Senior Men -68kg	R16	112	FALCO Antonio	ITA	MORADI Erfan	IRL	PTF	2:1
polish-open-2024	Senior Men -68kg	R16	113	PATINO POMBAL Pablo	ESP	TOBIN Joshua	GBR	PTF	2:0
polish-open-2024	Senior Men -68kg	R16	114	AVIDAN Ben	ISR	HUSSEIN Ulat	GER	PTF	2:0
polish-open-2024	Senior Men -68kg	R16	115	STAMENOV Stefan	BUL	MCINTOSH Jamie	GBR	PTF	2:0
polish-open-2024	Senior Men -68kg	R16	116	CAULO Gabriele	ITA	USCIMIUK Sebastian	POL	PTF	2:0
polish-open-2024	Senior Men -68kg	R16	117	JORQUERA CALA Joan	ESP	DUGAC Grga	CRO	PTF	2:0
polish-open-2024	Senior Men -68kg	R16	118	ALMEIDA RABELLO Fillipe	BRA	GENZEL Eitan	ISR	PTF	2:0
polish-open-2024	Senior Men -68kg	R16	119	HOWELL Matthew	GBR	VAN VULPEN Jesse	NED	PTF	2:0
polish-open-2024	Senior Men -68kg	QF	124	FALCO Antonio	ITA	PATINO POMBAL Pablo	ESP	PTF	2:1
polish-open-2024	Senior Men -68kg	QF	125	STAMENOV Stefan	BUL	AVIDAN Ben	ISR	PTF	2:0
polish-open-2024	Senior Men -68kg	QF	126	JORQUERA CALA Joan	ESP	CAULO Gabriele	ITA	PTF	2:0
polish-open-2024	Senior Men -68kg	QF	127	ALMEIDA RABELLO Fillipe	BRA	HOWELL Matthew	GBR	PTF	2:0
polish-open-2024	Senior Men -68kg	SF	128	FALCO Antonio	ITA	STAMENOV Stefan	BUL	PTF	2:0
polish-open-2024	Senior Men -68kg	SF	129	JORQUERA CALA Joan	ESP	ALMEIDA RABELLO Fillipe	BRA	PTF	2:0
polish-open-2024	Senior Men -68kg	F	132	JORQUERA CALA Joan	ESP	FALCO Antonio	ITA	PTF	2:0
polish-open-2024	Senior Men -74kg	R32	601	ZELENKO Vladyslav	UKR	MUSKEVITS Aleksandr	GER	PTF	2:1
polish-open-2024	Senior Men -74kg	R16	119.1	MILAN CANOVAS Juan antonio	ESP	KORSAK Mykhailo	UKR	PTF	2:1
polish-open-2024	Senior Men -74kg	R16	119.2	THUNE Sebastian	NOR	ADAM Polczynski	POL	PTF	2:0
polish-open-2024	Senior Men -74kg	R16	609	ZELENKO Vladyslav	UKR	NSILU DILANDU Leroy	IRL	PTF	2:1
polish-open-2024	Senior Men -74kg	R16	610	CUDNOCH Lukasz	POL	KNIGHT-MITCHELL Dantrell	GBR	PTF	2:0
polish-open-2024	Senior Men -74kg	R16	611	MARCHENKO Mykola	UKR	ANDRESEN Arne Knarvik	NOR	PTF	2:0
polish-open-2024	Senior Men -74kg	R16	612	DAWOUD Omer	DEN	MELANIFIDIS Georgios	GRE	RSC	1:0
polish-open-2024	Senior Men -74kg	R16	613	LOTT Liam	GER	DOYLE Ryan	IRL	PTF	2:1
polish-open-2024	Senior Men -74kg	R16	614	PANTIS Patrick Gabriel	AUT	PAUL Iestyn	GBR	PTF	2:0
polish-open-2024	Senior Men -74kg	QF	625	CUDNOCH Lukasz	POL	ZELENKO Vladyslav	UKR	PTF	2:1
polish-open-2024	Senior Men -74kg	QF	626	DAWOUD Omer	DEN	MARCHENKO Mykola	UKR	PTF	2:0
polish-open-2024	Senior Men -74kg	QF	627	PANTIS Patrick Gabriel	AUT	LOTT Liam	GER	PTF	2:0
polish-open-2024	Senior Men -74kg	QF	628	MILAN CANOVAS Juan antonio	ESP	THUNE Sebastian	NOR	PTF	2:0
polish-open-2024	Senior Men -74kg	SF	629	DAWOUD Omer	DEN	CUDNOCH Lukasz	POL	PTF	2:0
polish-open-2024	Senior Men -74kg	SF	630	MILAN CANOVAS Juan antonio	ESP	PANTIS Patrick Gabriel	AUT	PTF	2:0
polish-open-2024	Senior Men -74kg	F	539	MILAN CANOVAS Juan antonio	ESP	DAWOUD Omer	DEN	PTF	2:1
polish-open-2024	Senior Men -80kg	R16	301	RUIZ DOMENECH Ramon	ESP	OMEIRAT Mohamed	GER	PTF	2:0
polish-open-2024	Senior Men -80kg	R16	302	PETTERSEN Jonas	NOR	SZAFERSKI Mikolaj	POL	PTF	2:0
polish-open-2024	Senior Men -80kg	R16	303	HURNOV Kyrylo	UKR	MOKHTARI Mohammad	GBR	PTF	2:0
polish-open-2024	Senior Men -80kg	R16	304	AKBABAOZ Muhammed Buğrahan	FIN	NESHYBA Tomas	CZE	PTF	2:1
polish-open-2024	Senior Men -80kg	R16	305	RUDERMAN Ilia	ISR	SOKOLOWSKI Mikolaj	POL	PTF	2:0
polish-open-2024	Senior Men -80kg	QF	316	RUIZ DOMENECH Ramon	ESP	HUSIC Nedzad	BIH	PTF	2:0
polish-open-2024	Senior Men -80kg	QF	317	HURNOV Kyrylo	UKR	PETTERSEN Jonas	NOR	PTF	2:0
polish-open-2024	Senior Men -80kg	QF	318	WEIDUM Dion	NED	AKBABAOZ Muhammed Buğrahan	FIN	PTF	2:1
polish-open-2024	Senior Men -80kg	QF	319	HOERMANN Vincent	GER	RUDERMAN Ilia	ISR	PTF	2:0
polish-open-2024	Senior Men -80kg	SF	328	RUIZ DOMENECH Ramon	ESP	HURNOV Kyrylo	UKR	PTF	2:1
polish-open-2024	Senior Men -80kg	SF	329	HOERMANN Vincent	GER	WEIDUM Dion	NED	PTF	2:0
polish-open-2024	Senior Men -80kg	F	336	RUIZ DOMENECH Ramon	ESP	HOERMANN Vincent	GER	PTF	2:1
polish-open-2024	Senior Men -87kg	R16	306	JOCHMAN Adam	CZE	VAN DEN ENDEN Tom	NED	PTF	2:0
polish-open-2024	Senior Men -87kg	R16	307	PIATKOWSKI Szymon	POL	SOUZA Allif	BRA	PTF	2:0
polish-open-2024	Senior Men -87kg	QF	123.1	HARBAR Artem	UKR	RASZKOWSKI Wiktor	POL	PTF	2:0
polish-open-2024	Senior Men -87kg	QF	123.2	PIATKOWSKI Szymon	POL	LLOPIS SANCHEZ Lucas	ESP	PTF	2:0
polish-open-2024	Senior Men -87kg	QF	320	JOCHMAN Adam	CZE	STAVROPOULOS Theoharys	GBR	PTF	2:0
polish-open-2024	Senior Men -87kg	QF	321	TROITINO AMOEDO Sergio	ESP	WOJTKOWIAK Adrian	POL	PTF	2:0
polish-open-2024	Senior Men -87kg	SF	330	TROITINO AMOEDO Sergio	ESP	JOCHMAN Adam	CZE	PTF	1:0
polish-open-2024	Senior Men -87kg	SF	331	PIATKOWSKI Szymon	POL	HARBAR Artem	UKR	WDR	
polish-open-2024	Senior Men -87kg	F	338	PIATKOWSKI Szymon	POL	TROITINO AMOEDO Sergio	ESP	PTF	2:0
polish-open-2024	Senior Men +87kg	R16	110	HARBAR Andrii	UKR	PEREZ CAMPOS Andreu	ESP	PTF	2:0
polish-open-2024	Senior Men +87kg	R16	111	MACIEJ Leporowski	POL	HUN Inan	GER	PTF	2:0
polish-open-2024	Senior Men +87kg	QF	120	HARBAR Andrii	UKR	HAREMZA Krystian	POL	PTF	2:0
polish-open-2024	Senior Men +87kg	QF	121	HOLDER Chioke Holder	BAR	PIETRUSZKA Michal	POL	PTF	2:1
polish-open-2024	Senior Men +87kg	QF	122	CORREDOR JIMENEZ Raul	ESP	SAIDI Isa	AUT	PTF	2:0
polish-open-2024	Senior Men +87kg	QF	123	MILLER Logan	GBR	MACIEJ Leporowski	POL	PTF	2:0
polish-open-2024	Senior Men +87kg	SF	130	HARBAR Andrii	UKR	HOLDER Chioke Holder	BAR	PTF	2:0
polish-open-2024	Senior Men +87kg	SF	131	CORREDOR JIMENEZ Raul	ESP	MILLER Logan	GBR	PTF	2:0
polish-open-2024	Senior Men +87kg	F	133	HARBAR Andrii	UKR	CORREDOR JIMENEZ Raul	ESP	PTF	2:0
polish-open-2024	Senior Women -46kg	R16	308	KHORSHIDI Aysa	GBR	SHVARTS Olha	UKR	PTF	2:0
polish-open-2024	Senior Women -46kg	R16	309	KARAOGLAN Medine	GER	TAMMILA Ada-Emilia	FIN	WDR	
polish-open-2024	Senior Women -46kg	R16	310	ZAMPETTI Sofia	ITA	FUCHS Gaia	ISR	PTF	2:1
polish-open-2024	Senior Women -46kg	R16	311	CHOI Etta	GBR	TAMMILA Ida-elina	FIN	PTF	2:0
polish-open-2024	Senior Women -46kg	QF	324	KHORSHIDI Aysa	GBR	ETTELBRUCK Lilly	GER	PTF	2:0
polish-open-2024	Senior Women -46kg	QF	325	BERTAGNIN Elisa	ITA	KARAOGLAN Medine	GER	PTF	2:0
polish-open-2024	Senior Women -46kg	QF	326	ZAMPETTI Sofia	ITA	UZUN Sarah	NED	PTF	2:0
polish-open-2024	Senior Women -46kg	QF	327	MAKAS Dzejla	BIH	CHOI Etta	GBR	PTF	2:0
polish-open-2024	Senior Women -46kg	SF	332	BERTAGNIN Elisa	ITA	KHORSHIDI Aysa	GBR	PTF	2:0
polish-open-2024	Senior Women -46kg	SF	333	MAKAS Dzejla	BIH	ZAMPETTI Sofia	ITA	PTF	2:0
polish-open-2024	Senior Women -46kg	F	239	MAKAS Dzejla	BIH	BERTAGNIN Elisa	ITA	PTF	2:0
polish-open-2024	Senior Women -49kg	R16	206	DANSHYNA Oleksandra	ISR	BRYHIDA Erika	UKR	PTF	2:0
polish-open-2024	Senior Women -49kg	R16	207	GOODMAN Phoenix	GBR	JADCZAK Zuzanna	POL	PTF	2:0
polish-open-2024	Senior Women -49kg	R16	208	BYRNE Ruby	IRL	CHAMILEVSKY Romy	ISR	PTF	2:1
polish-open-2024	Senior Women -49kg	R16	209	KRAJEWSKA Nikola	POL	FIBY Genevieve	AUT	PTF	2:0
polish-open-2024	Senior Women -49kg	QF	222	DANSHYNA Oleksandra	ISR	KRAJEWSKA Alicja	POL	PTF	2:0
polish-open-2024	Senior Women -49kg	QF	223	GOODMAN Phoenix	GBR	AYDEMIR Nurselin	GER	PTF	2:0
polish-open-2024	Senior Women -49kg	QF	224	MAESTRO Virginia	ITA	BYRNE Ruby	IRL	PTF	2:0
polish-open-2024	Senior Women -49kg	QF	225	CORELLI Martina	ITA	KRAJEWSKA Nikola	POL	PTF	2:1
polish-open-2024	Senior Women -49kg	SF	234	DANSHYNA Oleksandra	ISR	GOODMAN Phoenix	GBR	PTF	2:0
polish-open-2024	Senior Women -49kg	SF	235	CORELLI Martina	ITA	MAESTRO Virginia	ITA	PTF	2:0
polish-open-2024	Senior Women -49kg	F	237	DANSHYNA Oleksandra	ISR	CORELLI Martina	ITA	PTF	2:0
polish-open-2024	Senior Women -53kg	R32	401	DANIEL Melina	USA	WAEVERSTROM Signe wendt	DEN	PTF	2:0
polish-open-2024	Senior Women -53kg	R16	409	DANIEL Melina	USA	BONALS ANARTE Laura	ESP	PTF	2:0
polish-open-2024	Senior Women -53kg	R16	410	CHESALKINA Iryna	UKR	BRISKERUD-MYRE Linnea	NOR	PTF	2:0
polish-open-2024	Senior Women -53kg	R16	411	SZYMCZAK Aleksandra	POL	VIGDOR Ariel	ISR	PTF	2:1
polish-open-2024	Senior Women -53kg	R16	412	MEIŠTININKAITĖ Gerda	LTU	ASIMI Adiba	GER	PTF	2:0
polish-open-2024	Senior Women -53kg	R16	413	BARROS Nivea	BRA	GIRE Ines	FRA	PTF	2:0
polish-open-2024	Senior Women -53kg	R16	414	KIOSKEROGLOU Maria	GRE	SCHOLES Millie	GBR	PTF	2:1
polish-open-2024	Senior Women -53kg	R16	415	DUJMIC Helena	CRO	OLESZCZUK Lucja	POL	PTF	2:0
polish-open-2024	Senior Women -53kg	R16	416	PEREZ PARRADO Alma maria	ESP	IOVU Iasmina Iuliana	ROU	PTF	2:0
polish-open-2024	Senior Women -53kg	QF	425	DANIEL Melina	USA	CHESALKINA Iryna	UKR	PTF	2:0
polish-open-2024	Senior Women -53kg	QF	426	MEIŠTININKAITĖ Gerda	LTU	SZYMCZAK Aleksandra	POL	PTF	2:1
polish-open-2024	Senior Women -53kg	QF	427	BARROS Nivea	BRA	KIOSKEROGLOU Maria	GRE	PTF	2:0
polish-open-2024	Senior Women -53kg	QF	428	DUJMIC Helena	CRO	PEREZ PARRADO Alma maria	ESP	PTF	2:1
polish-open-2024	Senior Women -53kg	SF	433	MEIŠTININKAITĖ Gerda	LTU	DANIEL Melina	USA	PTF	2:0
polish-open-2024	Senior Women -53kg	SF	434	BARROS Nivea	BRA	DUJMIC Helena	CRO	PTF	2:1
polish-open-2024	Senior Women -53kg	F	437	BARROS Nivea	BRA	MEIŠTININKAITĖ Gerda	LTU	PTF	2:0
polish-open-2024	Senior Women -57kg	R32	402	CUORVO Anna	ITA	KLIMANTAVIČIŪTĖ Auguste	LTU	WDR	1:0
polish-open-2024	Senior Women -57kg	R32	403	KRAJEWSKA Agnieszka	POL	IRHAIEL Karin	ISR	PTF	2:0
polish-open-2024	Senior Women -57kg	R32	404	SMITH Teigan	GBR	STUPAK Kateryna	UKR	PTF	2:0
polish-open-2024	Senior Women -57kg	R32	405	MAROUFIDOU Georgia	GER	GUHA Kiera	GBR	PTF	2:0
polish-open-2024	Senior Women -57kg	R32	406	SIKYROVA Natalile	CZE	MURRAY Kayla	IRL	WDR	1:0
polish-open-2024	Senior Women -57kg	R32	407	KHORSHIDI Ayda	GBR	ANIKEIEVA Daria	UKR	PTF	2:0
polish-open-2024	Senior Women -57kg	R32	408	CARABIN Kanelya	FRA	SZYMCZAK Joanna	POL	PTF	2:0
polish-open-2024	Senior Women -57kg	R16	417	CUORVO Anna	ITA	HRONOVA Dominika	CZE	PTF	2:1
polish-open-2024	Senior Women -57kg	R16	418	CHRISTY Beth	GBR	STEINKUHLER Frieda	GER	PTF	2:0
polish-open-2024	Senior Women -57kg	R16	419	KRAJEWSKA Agnieszka	POL	ROVITHIS Anastasia	GER	PTF	2:0
polish-open-2024	Senior Women -57kg	R16	420	SMITH Teigan	GBR	JESSICA Wolf	GER	PTF	2:0
polish-open-2024	Senior Women -57kg	R16	421	MERLOS ORDONEZ Judit	ESP	MAROUFIDOU Georgia	GER	PTF	2:0
polish-open-2024	Senior Women -57kg	R16	422	SEREDA Julia	POL	SIKYROVA Natalile	CZE	PTF	2:0
polish-open-2024	Senior Women -57kg	R16	423	KHORSHIDI Ayda	GBR	LAGER Biana	ISR	PTF	2:1
polish-open-2024	Senior Women -57kg	R16	424	CARABIN Kanelya	FRA	VUKIC Margarita	CRO	PTF	2:0
polish-open-2024	Senior Women -57kg	QF	429	CUORVO Anna	ITA	CHRISTY Beth	GBR	PTF	2:1
polish-open-2024	Senior Women -57kg	QF	430	SMITH Teigan	GBR	KRAJEWSKA Agnieszka	POL	PTF	2:0
polish-open-2024	Senior Women -57kg	QF	431	SEREDA Julia	POL	MERLOS ORDONEZ Judit	ESP	PTF	2:1
polish-open-2024	Senior Women -57kg	QF	432	KHORSHIDI Ayda	GBR	CARABIN Kanelya	FRA	PTF	2:0
polish-open-2024	Senior Women -57kg	SF	436	KHORSHIDI Ayda	GBR	SEREDA Julia	POL	PTF	2:0
polish-open-2024	Senior Women -57kg	SF	536.1	SMITH Teigan	GBR	CUORVO Anna	ITA	PTF	2:0
polish-open-2024	Senior Women -57kg	F	438	KHORSHIDI Ayda	GBR	SMITH Teigan	GBR	PTF	2:1
polish-open-2024	Senior Women -62kg	R32	506	GJELSVIK Karoline	NOR	JAKOVAC Kira	IRL	PTF	2:0
polish-open-2024	Senior Women -62kg	R32	507	TVARONAVICIUTE Klaudija	LTU	KICINSKA Klaudia	POL	PTF	2:0
polish-open-2024	Senior Women -62kg	R32	508	KICEMA Helena	CRO	RAAGMETS Carmen	EST	PTF	2:0
polish-open-2024	Senior Women -62kg	R16	517	SZPAK Julia	POL	GJELSVIK Karoline	NOR	PTF	2:0
polish-open-2024	Senior Women -62kg	R16	518	TYMOFIEIEVA Mariia	UKR	BECK Antonia	GER	PTF	2:1
polish-open-2024	Senior Women -62kg	R16	519	STOLBOVA Petra	CZE	LABUZOVA Mariia	UKR	PTF	2:0
polish-open-2024	Senior Women -62kg	R16	520	CECCHI Linda	ITA	AYSKAWA Klaudia	POL	PTF	2:0
polish-open-2024	Senior Women -62kg	R16	521	TVARONAVICIUTE Klaudija	LTU	MCPHILLIE Neve	GBR	RSC	2:0
polish-open-2024	Senior Women -62kg	R16	522	KRUSH Diana	UKR	FLEGROVA Hana	CZE	PTF	2:0
polish-open-2024	Senior Women -62kg	R16	523	KOSTENEVYCH Darya	UKR	PATAKFALVY Luca	HUN	PTF	2:1
polish-open-2024	Senior Women -62kg	R16	524	KICEMA Helena	CRO	GOEBEL Laura	GER	PTF	2:0
polish-open-2024	Senior Women -62kg	QF	529	SZPAK Julia	POL	TYMOFIEIEVA Mariia	UKR	PTF	2:0
polish-open-2024	Senior Women -62kg	QF	530	STOLBOVA Petra	CZE	CECCHI Linda	ITA	PTF	2:0
polish-open-2024	Senior Women -62kg	QF	531	TVARONAVICIUTE Klaudija	LTU	KRUSH Diana	UKR	PTF	2:0
polish-open-2024	Senior Women -62kg	QF	532	KICEMA Helena	CRO	KOSTENEVYCH Darya	UKR	PTF	2:1
polish-open-2024	Senior Women -62kg	SF	535	STOLBOVA Petra	CZE	SZPAK Julia	POL	PTF	2:0
polish-open-2024	Senior Women -62kg	SF	536	KICEMA Helena	CRO	TVARONAVICIUTE Klaudija	LTU	PTF	2:0
polish-open-2024	Senior Women -62kg	F	538	KICEMA Helena	CRO	STOLBOVA Petra	CZE	WDR	
polish-open-2024	Senior Women -67kg	R16	602	TOMCZAK Tatiana	POL	KRAINOVA Marharyta	UKR	RSC	2:0
polish-open-2024	Senior Women -67kg	R16	603	TITONELI Milena	BRA	MESIC Nikolina	CRO	PTF	2:0
polish-open-2024	Senior Women -67kg	R16	604	MACKAY Ruby	GBR	PATAKFALVY Csenge Eleonora	HUN	PTF	2:0
polish-open-2024	Senior Women -67kg	R16	605	MINK Amy	NED	GUELI Zoe	HUN	PTF	2:0
polish-open-2024	Senior Women -67kg	R16	606	ROBERTS Chloe	GBR	KRSTINIC Anja	CRO	PTF	2:0
polish-open-2024	Senior Women -67kg	R16	607	MAGDALENO ALBIZU Jone	ESP	VALENTINO Viviana	GER	PTF	2:0
polish-open-2024	Senior Women -67kg	R16	608	KOWALKOWSKA Justyna	POL	NILSEN Mari romundset	NOR	PTF	2:0
polish-open-2024	Senior Women -67kg	QF	621	ARELIC Ivana	CRO	TOMCZAK Tatiana	POL	PTF	2:0
polish-open-2024	Senior Women -67kg	QF	622	TITONELI Milena	BRA	MACKAY Ruby	GBR	PTF	2:0
polish-open-2024	Senior Women -67kg	QF	623	ROBERTS Chloe	GBR	MINK Amy	NED	PTF	2:1
polish-open-2024	Senior Women -67kg	QF	624	MAGDALENO ALBIZU Jone	ESP	KOWALKOWSKA Justyna	POL	PTF	2:0
polish-open-2024	Senior Women -67kg	SF	131.1	ROBERTS Chloe	GBR	MAGDALENO ALBIZU Jone	ESP	PTF	2:1
polish-open-2024	Senior Women -67kg	SF	631	TITONELI Milena	BRA	ARELIC Ivana	CRO	PTF	2:0
polish-open-2024	Senior Women -67kg	F	635	TITONELI Milena	BRA	ROBERTS Chloe	GBR	PTF	2:1
polish-open-2024	Senior Women -73kg	QF	617	BLE Marie-Paule	FRA	PRZYBYSZ Weronika	POL	PTF	2:1
polish-open-2024	Senior Women -73kg	QF	618	SEELE Lisa-marie	GER	DUMINA Mariia	UKR	PTF	2:1
polish-open-2024	Senior Women -73kg	QF	619	MACKAY Poppy	GBR	KUCHERIAVA Polina	UKR	PTF	2:1
polish-open-2024	Senior Women -73kg	QF	620	JIRANKOVA Iveta	CZE	HOERMANN Emily	GER	PTF	2:0
polish-open-2024	Senior Women -73kg	SF	633	BLE Marie-Paule	FRA	SEELE Lisa-marie	GER	PTF	2:0
polish-open-2024	Senior Women -73kg	SF	634	JIRANKOVA Iveta	CZE	MACKAY Poppy	GBR	PTF	2:1
polish-open-2024	Senior Women -73kg	F	636	BLE Marie-Paule	FRA	JIRANKOVA Iveta	CZE	PTF	2:0
polish-open-2024	Senior Women +73kg	QF	312	HAREMZA Dagmara	POL	VIANA Alena	USA	PTF	2:1
polish-open-2024	Senior Women +73kg	QF	313	WILLIAMS Lauren	GBR	ZELJKO Darija	CRO	PTF	2:0
polish-open-2024	Senior Women +73kg	QF	314	KECK Hannah	USA	OUASSOU Mouna	FRA	PTF	2:0
polish-open-2024	Senior Women +73kg	QF	315	CASTINEIRA ETCHEVERRIA Tania	ESP	KOWALCZUK Aleksandra	POL	PTF	2:0
polish-open-2024	Senior Women +73kg	SF	131.2	CASTINEIRA ETCHEVERRIA Tania	ESP	KECK Hannah	USA	PTF	2:0
polish-open-2024	Senior Women +73kg	SF	334	WILLIAMS Lauren	GBR	HAREMZA Dagmara	POL	PTF	2:0
polish-open-2024	Senior Women +73kg	F	337	WILLIAMS Lauren	GBR	CASTINEIRA ETCHEVERRIA Tania	ESP	PTF	2:0
albania-open-2024	Senior Men -54kg	R32	101	GEORGIEV Hristiyan	BUL	CURVELO TORO Johan Sebastian	ESP	PTF	2:0
albania-open-2024	Senior Men -54kg	R16	111	GEORGIEV Hristiyan	BUL	ALESIO CAPOLINI Mathis	FRA	PTF	2:1
albania-open-2024	Senior Men -54kg	R16	112	MANENKOV Maksym	UKR	SALVATORI Mattia	ITA	PTF	2:0
albania-open-2024	Senior Men -54kg	R16	113	ELWALID MAHDY Khaled	EGY	LA MATTINA Giovanni	ITA	PTF	2:0
albania-open-2024	Senior Men -54kg	R16	114	VALIYEV Rahid	AZE	NURAKHAN YERASSYL	KAZ	PTF	2:1
albania-open-2024	Senior Men -54kg	R16	115	DE MORAES Giovanni aubin	BRA	HAMI Muhammed	GER	PTF	2:0
albania-open-2024	Senior Men -54kg	R16	116	COSTARELLI Enea	ITA	ABDO REFAAT Mohamed	EGY	PTF	2:0
albania-open-2024	Senior Men -54kg	R16	117	CAN Haktan	TUR	KAMKASOUMPHOU Aissa	FRA	PTF	2:0
albania-open-2024	Senior Men -54kg	R16	118	LIKOMETI Tedi	ALB	Floridia Mattia	ITA	PTF	2:0
albania-open-2024	Senior Men -54kg	QF	127	GEORGIEV Hristiyan	BUL	MANENKOV Maksym	UKR	PTF	2:0
albania-open-2024	Senior Men -54kg	QF	128	ELWALID MAHDY Khaled	EGY	VALIYEV Rahid	AZE	PTF	2:1
albania-open-2024	Senior Men -54kg	QF	129	DE MORAES Giovanni aubin	BRA	COSTARELLI Enea	ITA	PTF	2:1
albania-open-2024	Senior Men -54kg	QF	130	CAN Haktan	TUR	LIKOMETI Tedi	ALB	PTF	2:0
albania-open-2024	Senior Men -54kg	SF	135	GEORGIEV Hristiyan	BUL	ELWALID MAHDY Khaled	EGY	PTF	2:0
albania-open-2024	Senior Men -54kg	SF	136	CAN Haktan	TUR	DE MORAES Giovanni aubin	BRA	PTF	2:0
albania-open-2024	Senior Men -54kg	F	139	GEORGIEV Hristiyan	BUL	CAN Haktan	TUR	PTF	2:0
albania-open-2024	Senior Women -46kg	R16	102	GURBUZ Zehra	TUR	Raggi Giorgia Artica	ITA	PTF	2:0
albania-open-2024	Senior Women -46kg	QF	119	GURBUZ Zehra	TUR	LOPEZ IZQUIERDO Ana	ESP	PTF	2:1
albania-open-2024	Senior Women -46kg	QF	120	MYTILINIOU Magdalini Maria	GRE	BUSUIOC Ingrid Gabriela	ROU	PTF	2:0
albania-open-2024	Senior Women -46kg	QF	121	OGEL Filiz	TUR	GALIERO Giulia	ITA	PTF	2:0
albania-open-2024	Senior Women -46kg	QF	122	MAKAS Dzejla	BIH	ROKKA Athanasia	GRE	PTF	2:0
albania-open-2024	Senior Women -46kg	SF	131	GURBUZ Zehra	TUR	MYTILINIOU Magdalini Maria	GRE	PTF	2:0
albania-open-2024	Senior Women -46kg	SF	132	MAKAS Dzejla	BIH	OGEL Filiz	TUR	PTF	2:0
albania-open-2024	Senior Women -46kg	F	137	MAKAS Dzejla	BIH	GURBUZ Zehra	TUR	PTF	2:0
albania-open-2024	Senior Women -53kg	R16	103	BONALS ANARTE Laura	ESP	KAMKASOUMPHOU Lenya	FRA	PTF	2:0
albania-open-2024	Senior Women -53kg	R16	104	IBARS ALCANTARA Anna	ESP	SEGREDAKI Elpida evangelia	GRE	PTF	2:0
albania-open-2024	Senior Women -53kg	R16	105	CHARALAMBOUS Ioanna	CYP	Arifi Megita	KOS	PTF	2:0
albania-open-2024	Senior Women -53kg	R16	106	AVDAGIC Ada	BIH	Malorgio Noemi	ITA	PTF	2:0
albania-open-2024	Senior Women -53kg	R16	107	BARROS Nivea	BRA	GIRE Ines	FRA	PTF	2:1
albania-open-2024	Senior Women -53kg	R16	108	DE FAZIO Ioanna	GRE	GENNARELLI Federica	ITA	PTF	2:1
albania-open-2024	Senior Women -53kg	R16	109	PAPAZOGLOU Eleni	GRE	KAMKASOUMPHOU Alliyah	FRA	PTF	2:1
albania-open-2024	Senior Women -53kg	R16	110	AL HALWANI Sarah	ITA	IOVU Iasmina Iuliana	ROU	PTF	2:0
albania-open-2024	Senior Women -53kg	QF	123	IBARS ALCANTARA Anna	ESP	BONALS ANARTE Laura	ESP	PTF	2:0
albania-open-2024	Senior Women -53kg	QF	124	AVDAGIC Ada	BIH	CHARALAMBOUS Ioanna	CYP	PTF	2:0
albania-open-2024	Senior Women -53kg	QF	125	BARROS Nivea	BRA	DE FAZIO Ioanna	GRE	PTF	2:0
albania-open-2024	Senior Women -53kg	QF	126	AL HALWANI Sarah	ITA	PAPAZOGLOU Eleni	GRE	PTF	2:0
albania-open-2024	Senior Women -53kg	SF	133	AVDAGIC Ada	BIH	IBARS ALCANTARA Anna	ESP	PTF	2:0
albania-open-2024	Senior Women -53kg	SF	134	AL HALWANI Sarah	ITA	BARROS Nivea	BRA	PTF	2:1
albania-open-2024	Senior Women -53kg	F	138	AL HALWANI Sarah	ITA	AVDAGIC Ada	BIH	PTF	2:1
albania-open-2024	Senior Men -63kg	R32	201	OTEGEN Askar	KAZ	Di Palma Brian	ITA	PTF	2:1
albania-open-2024	Senior Men -63kg	R32	202	POLIMOS Panagiotis Belos	GRE	Lo Cacciato Marco	ITA	PTF	2:0
albania-open-2024	Senior Men -63kg	R32	203	LANZI Christian	ITA	SPANIDIS Konstantinos	GRE	PTF	2:1
albania-open-2024	Senior Men -63kg	R32	204	LUCERNA Luca	ITA	Arifi Lorent	KOS	PTF	2:0
albania-open-2024	Senior Men -63kg	R32	205	FILIP MURESANU Raul mario	ROU	TZAVARAS Panagiotis	GRE	PTF	2:1
albania-open-2024	Senior Men -63kg	R32	206	FUNKENDORF Vladyslav	UKR	YOUSUF Shahrukh	GBR	PTF	2:0
albania-open-2024	Senior Men -63kg	R32	207	BARETTA Dennis	ITA	TOMAS GONZALEZ Lois	ESP	PTF	2:0
albania-open-2024	Senior Men -63kg	R32	208	LO PINTO Daniel	ITA	CAVUSMAN Emre	GER	PTF	2:1
albania-open-2024	Senior Men -63kg	R32	209	GURTSIEV Georgii	AIN	PILAVAKIS Ioannis	CYP	PTF	2:0
albania-open-2024	Senior Men -63kg	R32	210	REKIK Adam	FRA	Cammarota Davide	ITA	PTF	2:0
albania-open-2024	Senior Men -63kg	R32	211	SANTINELLI Christian	ITA	DJONKO Ibrahim	BIH	PTF	2:1
albania-open-2024	Senior Men -63kg	R32	212	ADEMI Valton	SWE	VLAYKOV Dimitur	BUL	PTF	2:0
albania-open-2024	Senior Men -63kg	R32	213	MOTTAREALE Gabriele	ITA	Prassas Anargyros	GRE	PTF	2:1
albania-open-2024	Senior Men -63kg	R16	216	OTEGEN Askar	KAZ	ZELLER Joao	POR	PTF	2:0
albania-open-2024	Senior Men -63kg	R16	217	POLIMOS Panagiotis Belos	GRE	LANZI Christian	ITA	PTF	2:0
albania-open-2024	Senior Men -63kg	R16	220	LO PINTO Daniel	ITA	BUBA Gledis	ALB	PTF	2:0
albania-open-2024	Senior Men -63kg	R16	221	GURTSIEV Georgii	AIN	REKIK Adam	FRA	PTF	2:0
albania-open-2024	Senior Men -63kg	R16	222	SANTINELLI Christian	ITA	ADEMI Valton	SWE	PTF	2:1
albania-open-2024	Senior Men -63kg	R16	223	BEGIMBETOV Amanbol	KAZ	MOTTAREALE Gabriele	ITA	PTF	2:0
albania-open-2024	Senior Men -63kg	R16	318.1	BARETTA Dennis	ITA	FUNKENDORF Vladyslav	UKR	PTF	2:0
albania-open-2024	Senior Men -63kg	R16	418.1	LUCERNA Luca	ITA	FILIP MURESANU Raul mario	ROU	PTF	2:0
albania-open-2024	Senior Men -63kg	QF	228	OTEGEN Askar	KAZ	POLIMOS Panagiotis Belos	GRE	PTF	2:0
albania-open-2024	Senior Men -63kg	QF	229	BARETTA Dennis	ITA	LUCERNA Luca	ITA	PTF	2:0
albania-open-2024	Senior Men -63kg	QF	230	GURTSIEV Georgii	AIN	LO PINTO Daniel	ITA	PTF	2:0
albania-open-2024	Senior Men -63kg	QF	231	BEGIMBETOV Amanbol	KAZ	SANTINELLI Christian	ITA	PTF	2:0
albania-open-2024	Senior Men -63kg	SF	234	BARETTA Dennis	ITA	OTEGEN Askar	KAZ	WDR	1:0
albania-open-2024	Senior Men -63kg	SF	235	BEGIMBETOV Amanbol	KAZ	GURTSIEV Georgii	AIN	WDR	
albania-open-2024	Senior Men -63kg	F	237	BARETTA Dennis	ITA	BEGIMBETOV Amanbol	KAZ	PTF	2:0
albania-open-2024	Senior Women -62kg	R16	214	DE MATTEO Luna	ITA	LUCERNA Marta	ITA	PTF	2:0
albania-open-2024	Senior Women -62kg	R16	215	CALVARA Greta	ITA	KAMINI Eftychia	GRE	PTF	2:0
albania-open-2024	Senior Women -62kg	QF	224	ANDRIC Leonarda	CAN	DE MATTEO Luna	ITA	PTF	2:0
albania-open-2024	Senior Women -62kg	QF	225	DOUCET Teeyah	FRA	REZAIE Roja	GER	PTF	2:1
albania-open-2024	Senior Women -62kg	QF	226	SMYCHKOVA Valeryia	AIN	MONTEMUINO MARTINEZ Irene	ESP	PTF	2:1
albania-open-2024	Senior Women -62kg	QF	227	KOMATINA Andrea	MNE	CALVARA Greta	ITA	PTF	2:0
albania-open-2024	Senior Women -62kg	SF	232	ANDRIC Leonarda	CAN	DOUCET Teeyah	FRA	PTF	2:0
albania-open-2024	Senior Women -62kg	SF	233	SMYCHKOVA Valeryia	AIN	KOMATINA Andrea	MNE	PTF	2:0
albania-open-2024	Senior Women -62kg	F	236	ANDRIC Leonarda	CAN	SMYCHKOVA Valeryia	AIN	PTF	2:1
albania-open-2024	Senior Men -58kg	R32	301	DIMITROPOULOS Konstantinos	GRE	TORRE Elia	ITA	PTF	2:0
albania-open-2024	Senior Men -58kg	R32	302	ADEMI Bleron	KOS	YURKO Oleksii	UKR	PTF	2:1
albania-open-2024	Senior Men -58kg	R32	303	ABBASOV Malik	AZE	ALEXANDRU OVIDIU Miu	ROU	PTF	2:0
albania-open-2024	Senior Men -58kg	R32	304	DUISENBEK Aziret	KAZ	GRANT Gavin	USA	PTF	2:1
albania-open-2024	Senior Men -58kg	R32	305	APOSTOLIDIS Theofilos	GRE	Chabrilliat Khaled	FRA	PTF	2:0
albania-open-2024	Senior Men -58kg	R32	306	DADASHOV Sayyad	AZE	TRIANTAFYLLOU Dimitrios	GRE	PTF	2:0
albania-open-2024	Senior Men -58kg	R32	307	TRISTAN Scutaru	ROU	FARNES Ricki Gene	DEN	PTF	2:1
albania-open-2024	Senior Men -58kg	R32	308	MELO Paulo	BRA	ABDEL HALIM Khaled	GER	PTF	2:0
albania-open-2024	Senior Men -58kg	R32	309	POLAT Gorkem	TUR	ALESIO Sebastien	FRA	PTF	2:0
albania-open-2024	Senior Men -58kg	R16	314	DIMITROPOULOS Konstantinos	GRE	VIDAL TORRES ANXO	ESP	PTF	2:0
albania-open-2024	Senior Men -58kg	R16	315	ADEMI Bleron	KOS	ABBASOV Malik	AZE	PTF	2:1
albania-open-2024	Senior Men -58kg	R16	316	DUISENBEK Aziret	KAZ	DEMIRXHIU Klaus	ALB	PTF	2:0
albania-open-2024	Senior Men -58kg	R16	317	APOSTOLIDIS Theofilos	GRE	PETERSEN Felix Moon	DEN	PTF	2:0
albania-open-2024	Senior Men -58kg	R16	318	MERDANAJ Ernest	ALB	DADASHOV Sayyad	AZE	PTF	2:0
albania-open-2024	Senior Men -58kg	R16	319	TRISTAN Scutaru	ROU	Cricchio Emanuele	ITA	PTF	2:0
albania-open-2024	Senior Men -58kg	R16	320	MELO Paulo	BRA	TZOURAS Georgios	GRE	PTF	2:0
albania-open-2024	Senior Men -58kg	R16	321	POLAT Gorkem	TUR	DEL VECCHIO Teodoro	ITA	PTF	2:0
albania-open-2024	Senior Men -58kg	QF	326	DIMITROPOULOS Konstantinos	GRE	ADEMI Bleron	KOS	PTF	2:0
albania-open-2024	Senior Men -58kg	QF	327	DUISENBEK Aziret	KAZ	APOSTOLIDIS Theofilos	GRE	PTF	2:0
albania-open-2024	Senior Men -58kg	QF	328	MERDANAJ Ernest	ALB	TRISTAN Scutaru	ROU	PTF	2:0
albania-open-2024	Senior Men -58kg	QF	329	MELO Paulo	BRA	POLAT Gorkem	TUR	PTF	2:0
albania-open-2024	Senior Men -58kg	SF	332	DIMITROPOULOS Konstantinos	GRE	DUISENBEK Aziret	KAZ	PTF	2:0
albania-open-2024	Senior Men -58kg	SF	333	MERDANAJ Ernest	ALB	MELO Paulo	BRA	PTF	2:0
albania-open-2024	Senior Men -58kg	F	335	MERDANAJ Ernest	ALB	DIMITROPOULOS Konstantinos	GRE	PTF	2:0
albania-open-2024	Senior Men -87kg	R16	310	SNACOV Laurentiu	ROU	VEDIE Florian	FRA	PTF	2:0
albania-open-2024	Senior Men -87kg	R16	311	SOUZA Allif	BRA	ALIPOUR Sohrab	GBR	PTF	2:0
albania-open-2024	Senior Men -87kg	R16	312	MYRZABAYEV Nurlan	KAZ	NUCI Erol	BIH	PTF	2:1
albania-open-2024	Senior Men -87kg	R16	313	WEBB CORRALES Julian	CRC	OTHMAN Taim	GBR	PTF	2:0
albania-open-2024	Senior Men -87kg	QF	322	THOLIOTIS Vasileios	GRE	SNACOV Laurentiu	ROU	PTF	2:0
albania-open-2024	Senior Men -87kg	QF	323	MARETIS Rafail Ioannis	GRE	SOUZA Allif	BRA	PTF	2:0
albania-open-2024	Senior Men -87kg	QF	324	MYRZABAYEV Nurlan	KAZ	AJDUKOVIC Dimitrije	SRB	PTF	2:0
albania-open-2024	Senior Men -87kg	QF	325	ZOUROS KARDATOS Konstantinos	GRE	WEBB CORRALES Julian	CRC	PTF	2:0
albania-open-2024	Senior Men -87kg	SF	330	MARETIS Rafail Ioannis	GRE	THOLIOTIS Vasileios	GRE	PTF	2:0
albania-open-2024	Senior Men -87kg	SF	331	MYRZABAYEV Nurlan	KAZ	ZOUROS KARDATOS Konstantinos	GRE	WDR	1:0
albania-open-2024	Senior Men -87kg	F	334	MYRZABAYEV Nurlan	KAZ	MARETIS Rafail Ioannis	GRE	PTF	2:0
albania-open-2024	Senior Men -68kg	R32	401	ALMEIDA RABELLO Fillipe	BRA	Mura Manuel	ITA	PTF	2:0
albania-open-2024	Senior Men -68kg	R32	402	BURUSIC Marko	SRB	HAJIYEV Vagif	AZE	PTF	2:0
albania-open-2024	Senior Men -68kg	R32	403	DZHORDZHEV Aleksandar	BUL	PAPPAS Lampros	GRE	PTF	2:0
albania-open-2024	Senior Men -68kg	R32	404	ZIOGAS Andreas Neoklis	GRE	Moretti Ronald	ITA	PTF	2:0
albania-open-2024	Senior Men -68kg	R32	405	BANDAREVICH Maksim	AIN	ZISIS Polydefkis	GRE	PTF	2:0
albania-open-2024	Senior Men -68kg	R32	406	THOMAS Max	ESP	CHOUNTAS Spyridon Michail	GRE	PTF	2:0
albania-open-2024	Senior Men -68kg	R32	407	SETTA Hamad	DEN	GENDY Mohamed	EGY	PTF	2:1
albania-open-2024	Senior Men -68kg	R32	408	OZDEMIR Eren	TUR	SAIB Badis	FRA	PTF	2:1
albania-open-2024	Senior Men -68kg	R32	409	DJONKO Muhamed	BIH	TSOLAS Themistoklis	GRE	PTF	2:0
albania-open-2024	Senior Men -68kg	R32	410	SOUZA DINIZ Joao victor	BRA	CANI Juirdo	ALB	PTF	2:0
albania-open-2024	Senior Men -68kg	R32	411	THEODOSIOU Ilias	GRE	LUPO Davide	ITA	PTF	2:1
albania-open-2024	Senior Men -68kg	R16	413	ALMEIDA RABELLO Fillipe	BRA	HYTTEL Tobias	DEN	PTF	2:0
albania-open-2024	Senior Men -68kg	R16	414	DZHORDZHEV Aleksandar	BUL	BURUSIC Marko	SRB	PTF	2:0
albania-open-2024	Senior Men -68kg	R16	415	ERER Berkay	TUR	ZIOGAS Andreas Neoklis	GRE	PTF	2:0
albania-open-2024	Senior Men -68kg	R16	416	GLASNOVIC Leon	CRO	BANDAREVICH Maksim	AIN	PTF	2:0
albania-open-2024	Senior Men -68kg	R16	417	NGUILLA Yandric	FRA	THOMAS Max	ESP	PTF	2:1
albania-open-2024	Senior Men -68kg	R16	418	OZDEMIR Eren	TUR	SETTA Hamad	DEN	PTF	2:0
albania-open-2024	Senior Men -68kg	R16	419	SOUZA DINIZ Joao victor	BRA	DJONKO Muhamed	BIH	PTF	2:0
albania-open-2024	Senior Men -68kg	R16	420	THEODOSIOU Ilias	GRE	VAN VULPEN Jesse	NED	PTF	2:1
albania-open-2024	Senior Men -68kg	QF	425	DZHORDZHEV Aleksandar	BUL	ALMEIDA RABELLO Fillipe	BRA	PTF	2:0
albania-open-2024	Senior Men -68kg	QF	426	GLASNOVIC Leon	CRO	ERER Berkay	TUR	PTF	2:0
albania-open-2024	Senior Men -68kg	QF	427	OZDEMIR Eren	TUR	NGUILLA Yandric	FRA	PTF	2:0
albania-open-2024	Senior Men -68kg	QF	428	SOUZA DINIZ Joao victor	BRA	THEODOSIOU Ilias	GRE	PTF	2:0
albania-open-2024	Senior Men -68kg	SF	431	GLASNOVIC Leon	CRO	DZHORDZHEV Aleksandar	BUL	PTF	2:1
albania-open-2024	Senior Men -68kg	SF	432	SOUZA DINIZ Joao victor	BRA	OZDEMIR Eren	TUR	PTF	2:1
albania-open-2024	Senior Men -68kg	F	434	SOUZA DINIZ Joao victor	BRA	GLASNOVIC Leon	CRO	PTF	2:1
albania-open-2024	Senior Women -49kg	R16	412	STURARI Alessia	ITA	SARGANTANI Charikleia	GRE	PTF	2:0
albania-open-2024	Senior Women -49kg	QF	421	BAUYRZHANOVA Nuray	KAZ	STURARI Alessia	ITA	PTF	2:0
albania-open-2024	Senior Women -49kg	QF	422	BRYHIDA Erika	UKR	HOSSAM Malak	EGY	PTF	2:1
albania-open-2024	Senior Women -49kg	QF	423	LINAN PARDO Naiara	AND	Santaniello Antonietta	ITA	PTF	2:0
albania-open-2024	Senior Women -49kg	QF	424	BAJAN Mihaela nicoleta claudia	ROU	ABEDALSALAM Mariam	DEN	PTF	2:0
albania-open-2024	Senior Women -49kg	SF	429	BRYHIDA Erika	UKR	BAUYRZHANOVA Nuray	KAZ	PTF	2:0
albania-open-2024	Senior Women -49kg	SF	430	BAJAN Mihaela nicoleta claudia	ROU	LINAN PARDO Naiara	AND	PTF	2:0
albania-open-2024	Senior Women -49kg	F	433	BAJAN Mihaela nicoleta claudia	ROU	BRYHIDA Erika	UKR	PTF	2:1
albania-open-2024	Senior Men -80kg	R16	502	DZHORDZHEV Mitko	BUL	ALVES Tiago	POR	PTF	2:0
albania-open-2024	Senior Men -80kg	R16	503	FELICITE Lawrence	FRA	RAFAELL MINEL Ursu	ROU	WDR	
albania-open-2024	Senior Men -80kg	R16	504	PAPADOPOULOS Ioannis	GRE	HOERMANN Vincent	GER	PTF	2:0
albania-open-2024	Senior Men -80kg	R16	505	PANTAZIS Georgios	GRE	Durlescu Vadim	GER	PTF	2:0
albania-open-2024	Senior Men -80kg	R16	506	GAFAROV Eltaj	AZE	CRISTESCU Mihai adrian	ROU	PTF	2:0
albania-open-2024	Senior Men -80kg	R16	507	ROBLETO David	NCA	OSTAPIV Lucas	BRA	PTF	2:1
albania-open-2024	Senior Men -80kg	QF	517	HUSIC Nedzad	BIH	DZHORDZHEV Mitko	BUL	PTF	2:0
albania-open-2024	Senior Men -80kg	QF	518	PAPADOPOULOS Ioannis	GRE	FELICITE Lawrence	FRA	PTF	2:0
albania-open-2024	Senior Men -80kg	QF	519	GAFAROV Eltaj	AZE	PANTAZIS Georgios	GRE	PTF	2:1
albania-open-2024	Senior Men -80kg	QF	520	GONZALEZ Alejandro	PUR	ROBLETO David	NCA	PTF	2:0
albania-open-2024	Senior Men -80kg	SF	529	HUSIC Nedzad	BIH	PAPADOPOULOS Ioannis	GRE	PTF	2:0
albania-open-2024	Senior Men -80kg	SF	530	GAFAROV Eltaj	AZE	GONZALEZ Alejandro	PUR	PTF	2:0
albania-open-2024	Senior Men -80kg	F	535	HUSIC Nedzad	BIH	GAFAROV Eltaj	AZE	PTF	2:0
albania-open-2024	Senior Women -57kg	R32	501	AJDUKOVIC Vesna	SRB	KESIC Helena	BIH	PTF	2:0
albania-open-2024	Senior Women -57kg	R16	509	MERLOS ORDONEZ Judit	ESP	AJDUKOVIC Vesna	SRB	PTF	2:0
albania-open-2024	Senior Women -57kg	R16	510	COMAN Gabriela bianca	ROU	MUSIELLO Giulia	ITA	PTF	2:0
albania-open-2024	Senior Women -57kg	R16	511	REPOULIA Athanasia	GRE	MAROUFIDOU Georgia	GER	PTF	2:1
albania-open-2024	Senior Women -57kg	R16	512	STANKOVIC Milica	SRB	ALBU Alessia	ITA	PTF	2:1
albania-open-2024	Senior Women -57kg	R16	513	CAUSSE Estelle	FRA	HABIJANČIĆ Sara	CRO	PTF	2:1
albania-open-2024	Senior Women -57kg	R16	514	HAMZIC Dzejna	BIH	Sare Andjela	SRB	PTF	2:0
albania-open-2024	Senior Women -57kg	R16	515	AL HALWANI Elisa	ITA	STEVIC Kristina	SRB	PTF	2:0
albania-open-2024	Senior Women -57kg	R16	516	VITKO Yuliya	AIN	SEVOSTYANOVA Mariya	KAZ	PTF	2:0
albania-open-2024	Senior Women -57kg	QF	525	MERLOS ORDONEZ Judit	ESP	COMAN Gabriela bianca	ROU	PTF	2:0
albania-open-2024	Senior Women -57kg	QF	526	REPOULIA Athanasia	GRE	STANKOVIC Milica	SRB	PTF	2:0
albania-open-2024	Senior Women -57kg	QF	527	CAUSSE Estelle	FRA	HAMZIC Dzejna	BIH	PTF	2:0
albania-open-2024	Senior Women -57kg	QF	528	VITKO Yuliya	AIN	AL HALWANI Elisa	ITA	PTF	2:0
albania-open-2024	Senior Women -57kg	SF	533	MERLOS ORDONEZ Judit	ESP	REPOULIA Athanasia	GRE	PTF	2:0
albania-open-2024	Senior Women -57kg	SF	534	VITKO Yuliya	AIN	CAUSSE Estelle	FRA	PTF	2:0
albania-open-2024	Senior Women -57kg	F	537	VITKO Yuliya	AIN	MERLOS ORDONEZ Judit	ESP	PTF	2:0
albania-open-2024	Senior Women -67kg	R16	508	KANOUTE Iman	MLI	HACKSTEINER Sandra	AUT	PTF	2:0
albania-open-2024	Senior Women -67kg	QF	424.1	POLE Doris	CRO	KHUSSAINOVA Nuray	KAZ	PTF	2:0
albania-open-2024	Senior Women -67kg	QF	521	KOERNDL Vanessa	GER	KANOUTE Iman	MLI	PTF	2:1
albania-open-2024	Senior Women -67kg	QF	522	TITONELI Milena	BRA	BOCCADAMO Alexandra	ITA	PTF	2:0
albania-open-2024	Senior Women -67kg	QF	523	MARENTAKI Styliani	GRE	VALENTINO Viviana	GER	PTF	2:0
albania-open-2024	Senior Women -67kg	SF	531	TITONELI Milena	BRA	KOERNDL Vanessa	GER	PTF	2:1
albania-open-2024	Senior Women -67kg	SF	532	MARENTAKI Styliani	GRE	POLE Doris	CRO	PTF	2:0
albania-open-2024	Senior Women -67kg	F	536	TITONELI Milena	BRA	MARENTAKI Styliani	GRE	PTF	2:0
albania-open-2024	Senior Men -74kg	R32	601	CHUMACHENKO Andrii	UKR	OKSAN Emirhan	TUR	PTF	2:0
albania-open-2024	Senior Men -74kg	R32	602	EISSA Rami	EGY	ISMAYILZADA Nijat	AZE	PTF	2:0
albania-open-2024	Senior Men -74kg	R32	603	ALIU Egers	ALB	Primaverile Franscesco	ITA	PTF	2:0
albania-open-2024	Senior Men -74kg	R16	606	CHUMACHENKO Andrii	UKR	BECOVIC Zinedin	MNE	PTF	2:1
albania-open-2024	Senior Men -74kg	R16	607	MARINARO Matteo	ITA	GIANNOU Efstratios	GRE	PTF	2:0
albania-open-2024	Senior Men -74kg	R16	608	AMRI Bassem	FRA	LONCAR Nikola	SRB	PTF	2:0
albania-open-2024	Senior Men -74kg	R16	609	FLOUSKOUNIS Charalampos	GRE	AGUSHI Elion	KOS	PTF	2:0
albania-open-2024	Senior Men -74kg	R16	610	EISSA Rami	EGY	AGBOGBE SALANON Oswin	FRA	PTF	2:0
albania-open-2024	Senior Men -74kg	R16	611	ORYNBASSAR Maksat	KAZ	MAGGIORE Stefano	ITA	PTF	2:0
albania-open-2024	Senior Men -74kg	R16	612	GONZALEZ GOMEZ Federico	URU	Giannakakos Spyridon	GRE	PTF	2:0
albania-open-2024	Senior Men -74kg	R16	613	ALIU Egers	ALB	GALLAND Warrick	SUI	PTF	2:1
albania-open-2024	Senior Men -74kg	QF	325.1	ALIU Egers	ALB	GONZALEZ GOMEZ Federico	URU	PTF	2:1
albania-open-2024	Senior Men -74kg	QF	622	CHUMACHENKO Andrii	UKR	MARINARO Matteo	ITA	PTF	2:0
albania-open-2024	Senior Men -74kg	QF	623	FLOUSKOUNIS Charalampos	GRE	AMRI Bassem	FRA	PTF	2:0
albania-open-2024	Senior Men -74kg	QF	624	ORYNBASSAR Maksat	KAZ	EISSA Rami	EGY	PTF	2:1
albania-open-2024	Senior Men -74kg	SF	432.1	ORYNBASSAR Maksat	KAZ	ALIU Egers	ALB	PTF	2:1
albania-open-2024	Senior Men -74kg	SF	632	CHUMACHENKO Andrii	UKR	FLOUSKOUNIS Charalampos	GRE	PTF	2:0
albania-open-2024	Senior Men -74kg	F	637	CHUMACHENKO Andrii	UKR	ORYNBASSAR Maksat	KAZ	PTF	2:1
albania-open-2024	Senior Men +87kg	R16	604	PLONIS Artsiom	AIN	TAPUTU Tama	FRA	PTF	2:0
albania-open-2024	Senior Men +87kg	R16	605	AGBOGBE-SALANON Osmund	FRA	MANEA Robert	ROU	PTF	2:0
albania-open-2024	Senior Men +87kg	QF	618	PLONIS Artsiom	AIN	MOLIN Mattia	ITA	PTF	2:0
albania-open-2024	Senior Men +87kg	QF	619	GEORGIEVSKI Dejan	MKD	NASO Marco	ITA	PTF	2:0
albania-open-2024	Senior Men +87kg	QF	620	ANDREOU Petros	CYP	Lanzi Roberto	ITA	PTF	2:1
albania-open-2024	Senior Men +87kg	QF	621	MICHOPOULOS Sotirios	GRE	AGBOGBE-SALANON Osmund	FRA	PTF	2:0
albania-open-2024	Senior Men +87kg	SF	630	GEORGIEVSKI Dejan	MKD	PLONIS Artsiom	AIN	PTF	2:0
albania-open-2024	Senior Men +87kg	SF	631	MICHOPOULOS Sotirios	GRE	ANDREOU Petros	CYP	PTF	2:0
albania-open-2024	Senior Men +87kg	F	636	MICHOPOULOS Sotirios	GRE	GEORGIEVSKI Dejan	MKD	PTF	2:0
albania-open-2024	Senior Women -73kg	QF	614	PETROVIC Iva	SRB	KETTEL Edda	GER	PTF	2:0
albania-open-2024	Senior Women -73kg	QF	615	DIAKITE Bintou	FRA	UZUNCAVDAR Sude yaren	TUR	PTF	2:1
albania-open-2024	Senior Women -73kg	QF	616	ORABI Malak Diaa Ahmed	EGY	HOERMANN Emily	GER	PTF	2:1
albania-open-2024	Senior Women -73kg	SF	327.1	DIAKITE Bintou	FRA	ORABI Malak Diaa Ahmed	EGY	PTF	2:0
albania-open-2024	Senior Women -73kg	SF	626	PETROVIC Iva	SRB	NEDIC Marlen sophie	GER	PTF	2:1
albania-open-2024	Senior Women -73kg	F	634	DIAKITE Bintou	FRA	PETROVIC Iva	SRB	PTF	2:0
albania-open-2024	Senior Women +73kg	QF	617	KITSIOU Agoritsa artemia	GRE	CIUCHITU Ana	ITA	PTF	2:0
albania-open-2024	Senior Women +73kg	SF	628	KITSIOU Agoritsa artemia	GRE	HAMADACHE Emna	FRA	PTF	2:0
albania-open-2024	Senior Women +73kg	SF	629	KECK Hannah	USA	Tsontaki Maria	GRE	PTF	2:0
albania-open-2024	Senior Women +73kg	F	635	KECK Hannah	USA	KITSIOU Agoritsa artemia	GRE	PTF	2:0
havana-open-2024	Senior Men -87kg	F	437	MARTINEZ Manuel En	CUB	PEREZ Yerismey Man	CUB	WDR	
havana-open-2024	Senior Men -80kg	QF	410	NOA Yunier Alexis	CUB	DI Mateo	ARG	PTF	2:0
havana-open-2024	Senior Men -80kg	QF	411	CALDERON Kelvin	CUB	LARA Francisco	ESA	PTF	2:0
havana-open-2024	Senior Men -80kg	QF	412	GUZZO Pascal	CAN	SAENZ Martin Javie	ECU	PTF	2:0
havana-open-2024	Senior Men -80kg	SF	420	MASSAY Cameron	USA	NOA Yunier Alexis	CUB	PTF	2:1
havana-open-2024	Senior Men -80kg	SF	421	CALDERON Kelvin	CUB	GUZZO Pascal	CAN	PTF	2:0
havana-open-2024	Senior Men -80kg	F	431	CALDERON Kelvin	CUB	MASSAY Cameron	USA	WDR	
havana-open-2024	Senior Men -74kg	R16	401	GARCIA Juan Andres	COL	WILCOX Sheldon	USA	WDR	
havana-open-2024	Senior Men -74kg	R16	402	SANTAELLA Eric	USA	LOPEZ Matias	URU	DSQ	
havana-open-2024	Senior Men -74kg	R16	403	PEREIRA Gabriel	BRA	BECERRA Mario	CHI	PTF	2:0
havana-open-2024	Senior Men -74kg	QF	404	CARDENAS Exsuan	CUB	GARCIA Juan Andres	COL	PTF	2:1
havana-open-2024	Senior Men -74kg	QF	405	CANTERO Brian Jose	CUB	JEANTY Jacky	HAI	PTF	2:0
havana-open-2024	Senior Men -74kg	QF	406	SANTAELLA Eric	USA	ATIE Chaday Alexis	CUB	PTF	2:0
havana-open-2024	Senior Men -74kg	QF	407	YOUNG Isaiah	USA	PEREIRA Gabriel	BRA	PTF	2:1
havana-open-2024	Senior Men -74kg	SF	414	CANTERO Brian Jose	CUB	CARDENAS Exsuan	CUB	PTF	2:1
havana-open-2024	Senior Men -74kg	SF	415	YOUNG Isaiah	USA	SANTAELLA Eric	USA	PTF	2:1
havana-open-2024	Senior Men -74kg	F	428	YOUNG Isaiah	USA	CANTERO Brian Jose	CUB	PTF	2:0
havana-open-2024	Senior Men -68kg	R16	301	FORTIN Jacob	CAN	FALL Ibrahima	BRA	DSQ	
havana-open-2024	Senior Men -68kg	R16	302	STANG Thiago Valentino	ARG	JEO Cemisterra Man	ECU	PTF	2:1
havana-open-2024	Senior Men -68kg	R16	303	FERNANDEZ Angel Ya	CUB	WALKER Kellen	USA	PTF	1:0
havana-open-2024	Senior Men -68kg	R16	304	POLICELI Santino	ARG	MOSTELLER Barron	USA	PTF	2:1
havana-open-2024	Senior Men -68kg	R16	305	NAVEA Sebastian	CHI	GARRIDO Jhon Deivi	COL	DSQ	
havana-open-2024	Senior Men -68kg	QF	310	FORTIN Jacob	CAN	FERNANDEZ Andy Mic	CUB	PTF	2:0
havana-open-2024	Senior Men -68kg	QF	311	FERNANDEZ Angel Ya	CUB	STANG Thiago Valentino	ARG	PTF	2:0
havana-open-2024	Senior Men -68kg	QF	312	POLICELI Santino	ARG	LUIS Carlos Manuel	CUB	PTF	2:0
havana-open-2024	Senior Men -68kg	QF	313	NAVEA Sebastian	CHI	ROSADO Yandel	PUR	PTF	2:0
havana-open-2024	Senior Men -68kg	SF	326	FERNANDEZ Angel Ya	CUB	FORTIN Jacob	CAN	PTF	2:0
havana-open-2024	Senior Men -68kg	SF	327	NAVEA Sebastian	CHI	POLICELI Santino	ARG	PTF	2:0
havana-open-2024	Senior Men -68kg	F	334	NAVEA Sebastian	CHI	FERNANDEZ Angel Ya	CUB	PTF	2:0
havana-open-2024	Senior Men -63kg	R16	306	GOMEZ Daniel Felipe	COL	KIM Seung Ju	CAN	PTF	2:0
havana-open-2024	Senior Men -63kg	R16	307	PEÑALBA Adrian	PAN	JIMENEZ Javier Ant	CUB	WDR	
havana-open-2024	Senior Men -63kg	R16	308	FERNANDEZ Oswaldo	PAN	CORTINA Luis Alber	CUB	DSQ	
havana-open-2024	Senior Men -63kg	R16	309	ESPINOZA Cristophe	HON	RAMIREZ Mauricio	ECU	PTF	2:0
havana-open-2024	Senior Men -63kg	QF	314	GOMEZ Daniel Felipe	COL	FERREIRA Kauan	BRA	DSQ	
havana-open-2024	Senior Men -63kg	QF	315	AQUINO Luiz	BRA	PEÑALBA Adrian	PAN	PTF	2:0
havana-open-2024	Senior Men -63kg	QF	316	BARETTA Eduardo	BRA	FERNANDEZ Oswaldo	PAN	PTF	2:0
havana-open-2024	Senior Men -63kg	QF	317	ESPINOZA Cristophe	HON	GARDUNO Jorge Dani	MEX	PTF	2:1
havana-open-2024	Senior Men -63kg	SF	328	AQUINO Luiz	BRA	GOMEZ Daniel Felipe	COL	PTF	2:0
havana-open-2024	Senior Men -63kg	SF	329	BARETTA Eduardo	BRA	ESPINOZA Cristophe	HON	DSQ	
havana-open-2024	Senior Men -63kg	F	335	BARETTA Eduardo	BRA	AQUINO Luiz	BRA	PTF	2:1
havana-open-2024	Senior Men -58kg	R16	201	RODRIGUEZ Ilay	PUR	TAN Sebastian	USA	PTF	2:0
havana-open-2024	Senior Men -58kg	R16	202	RODRIGUES Marcio M	BRA	PASHNIN Mark	CAN	PTF	2:1
havana-open-2024	Senior Men -58kg	QF	204	RODRIGUEZ Ilay	PUR	HEREDIA Kevin	CUB	WDR	
havana-open-2024	Senior Men -58kg	QF	205	MATOS Akely	CUB	RAMIREZ Daniel Jah	COL	DSQ	
havana-open-2024	Senior Men -58kg	QF	206	RAMOS. Brandon	PUR	OCHOA Jefferson	COL	DSQ	
havana-open-2024	Senior Men -58kg	QF	207	RODRIGUES Marcio M	BRA	VARGAS Pedro	CUB	PTF	2:0
havana-open-2024	Senior Men -58kg	SF	225	RODRIGUEZ Ilay	PUR	MATOS Akely	CUB	PTF	2:0
havana-open-2024	Senior Men -58kg	SF	226	RODRIGUES Marcio M	BRA	RAMOS. Brandon	PUR	DSQ	
havana-open-2024	Senior Men -58kg	F	239	RODRIGUEZ Ilay	PUR	RODRIGUES Marcio M	BRA	PTF	2:1
havana-open-2024	Senior Men -54kg	R16	101	ORTEGA Axel	MEX	PEREZ Isaac Baruc	ECU	PTF	2:0
havana-open-2024	Senior Men -54kg	R16	102	GONZALEZ Alessandro	USA	MIDENCE Derek Davi	HON	PTF	2:0
havana-open-2024	Senior Men -54kg	R16	103	RIVERA Felix	PUR	NATIVIDADE Cesar A	BRA	PTF	2:0
havana-open-2024	Senior Men -54kg	R16	104	VANEGAS Juan Felip	COL	SALAZAR Damian	CUB	PTF	2:0
havana-open-2024	Senior Men -54kg	QF	105	MAGANA Guillermo	MEX	ORTEGA Axel	MEX	PTF	2:0
havana-open-2024	Senior Men -54kg	QF	106	GONZALEZ Alessandro	USA	LAMOTHE Margiel Es	CUB	PTF	2:0
havana-open-2024	Senior Men -54kg	QF	107	SORIA Justin	CUB	RIVERA Felix	PUR	PTF	2:0
havana-open-2024	Senior Men -54kg	QF	108	VANEGAS Juan Felip	COL	CHICAIZA Isaac	ECU	PTF	2:0
havana-open-2024	Senior Men -54kg	SF	117	MAGANA Guillermo	MEX	GONZALEZ Alessandro	USA	PTF	2:0
havana-open-2024	Senior Men -54kg	SF	118	VANEGAS Juan Felip	COL	SORIA Justin	CUB	PTF	2:0
havana-open-2024	Senior Men -54kg	F	133	MAGANA Guillermo	MEX	VANEGAS Juan Felip	COL	PTF	2:0
havana-open-2024	Senior Men +87kg	SF	426	RUALES Santiago	COL	ACUNA Carlos	CUB	PTF	2:0
havana-open-2024	Senior Men +87kg	F	435	RUALES Santiago	COL	GOICOCHEA Yoikel Daniel	CUB	PTF	2:1
havana-open-2024	Senior Women -67kg	QF	219	LEÓN Anaisel	CUB	LEE Ava Soon	HAI	DSQ	
havana-open-2024	Senior Women -67kg	QF	220	MARTINEZ Frislaidi	CUB	SCHMITZ Suellen	BRA	WDR	
havana-open-2024	Senior Women -67kg	QF	221	BEAULIEU Gabrielle	CAN	LOPEZ Sheylee Daya	HON	PTF	2:0
havana-open-2024	Senior Women -67kg	SF	233	LEÓN Anaisel	CUB	ESCALANTE Zulema A	HON	PTF	2:0
havana-open-2024	Senior Women -67kg	SF	234	MARTINEZ Frislaidi	CUB	BEAULIEU Gabrielle	CAN	WDR	
havana-open-2024	Senior Women -67kg	F	243	LEÓN Anaisel	CUB	MARTINEZ Frislaidi	CUB	PTF	2:1
havana-open-2024	Senior Women -62kg	QF	222	URBINA Camila	CHI	DE Isadora	BRA	PTF	2:0
havana-open-2024	Senior Women -62kg	QF	223	MONTANO Alisson	ESA	SOTO Isuangelis	PUR	PTF	2:0
havana-open-2024	Senior Women -62kg	QF	224	SCHARDOSIN Giovanna	BRA	ISAAC Liz Mariana	COL	PTF	2:1
havana-open-2024	Senior Women -62kg	SF	235	JUBANSKI Maria Edu	BRA	URBINA Camila	CHI	PTF	2:0
havana-open-2024	Senior Women -62kg	SF	236	SCHARDOSIN Giovanna	BRA	MONTANO Alisson	ESA	PTF	2:1
havana-open-2024	Senior Women -62kg	F	244	JUBANSKI Maria Edu	BRA	SCHARDOSIN Giovanna	BRA	PTF	2:0
havana-open-2024	Senior Women -57kg	R16	203	ROCHA Liz	BRA	GARZON Marjorie Da	ECU	PTF	2:0
havana-open-2024	Senior Women -57kg	QF	208	ROCHA Liz	BRA	PEREZ Kamila	CUB	PTF	2:0
havana-open-2024	Senior Women -57kg	QF	209	SHUMSKY Sofia	USA	SOSA María Fernand	CUB	PTF	1:0
havana-open-2024	Senior Women -57kg	QF	210	MILLER Montana	USA	PALACIOS Melanny	COL	PTF	2:0
havana-open-2024	Senior Women -57kg	QF	211	ROBLES Tamara	CUB	ANEZ Maria Celeste	BOL	PTF	2:0
havana-open-2024	Senior Women -57kg	SF	227	ROCHA Liz	BRA	SHUMSKY Sofia	USA	PTF	2:0
havana-open-2024	Senior Women -57kg	SF	228	ROBLES Tamara	CUB	MILLER Montana	USA	PTF	2:0
havana-open-2024	Senior Women -57kg	F	240	ROBLES Tamara	CUB	ROCHA Liz	BRA	PTF	2:1
havana-open-2024	Senior Women -53kg	QF	110	FERLA Ana Clara	BRA	BUCHELI Maria belen	ECU	PTF	2:0
havana-open-2024	Senior Women -53kg	QF	111	SILVA Lis Danielle	BRA	GRIPPOLI Maria Sara	URU	DSQ	
havana-open-2024	Senior Women -53kg	SF	121	VAZQUEZ Rosa Angel	CUB	FERLA Ana Clara	BRA	PTF	2:1
havana-open-2024	Senior Women -53kg	SF	122	SILVA Lis Danielle	BRA	CORTES Zalarit Mil	CUB	PTF	2:0
havana-open-2024	Senior Women -53kg	F	135	VAZQUEZ Rosa Angel	CUB	SILVA Lis Danielle	BRA	PTF	2:0
havana-open-2024	Senior Women -49kg	QF	112	RICARD Maude	CAN	RIBALTA Haila De L	CUB	PTF	2:1
havana-open-2024	Senior Women -49kg	QF	113	PÉREZ Marlyn	CUB	ARTERO Maria Jose	ARG	PTF	1:0
havana-open-2024	Senior Women -49kg	SF	123	RICARD Maude	CAN	URBINA Helen Saryb	HON	PTF	2:0
havana-open-2024	Senior Women -49kg	SF	124	PÉREZ Marlyn	CUB	ARTAGAME Ariela	USA	PTF	2:0
havana-open-2024	Senior Women -49kg	F	136	PÉREZ Marlyn	CUB	RICARD Maude	CAN	WDR	
havana-open-2024	Senior Women -46kg	QF	114	MORONÈS Béatrice	CAN	RIVERO Sofia	BOL	PTF	2:0
havana-open-2024	Senior Women -46kg	QF	115	CANTONI Saray	COL	AHO Sophia	USA	PTF	2:0
havana-open-2024	Senior Women -46kg	QF	116	RAMIREZ Ana Natali	MEX	COPO Emily Kimberl	ECU	PTF	2:0
havana-open-2024	Senior Women -46kg	SF	125	DOMINGUEZ Yoselyn	CUB	MORONÈS Béatrice	CAN	PTF	2:1
havana-open-2024	Senior Women -46kg	SF	126	RAMIREZ Ana Natali	MEX	CANTONI Saray	COL	PTF	2:0
havana-open-2024	Senior Women -46kg	F	137	RAMIREZ Ana Natali	MEX	DOMINGUEZ Yoselyn	CUB	PTF	
havana-open-2024	Senior Women +73kg	QF	413	CARTAGENA Mayra Ma	HON	MOREJON Kiara De L	CUB	PTF	2:0
havana-open-2024	Senior Women +73kg	SF	422	ACOSTA Arlettys De	CUB	CARTAGENA Mayra Ma	HON	PTF	2:0
havana-open-2024	Senior Women +73kg	SF	423	CRESPO Elianet Mar	CUB	FRADL Maelynn emilee	ARU	PTF	2:0
havana-open-2024	Senior Women +73kg	F	432	ACOSTA Arlettys De	CUB	CRESPO Elianet Mar	CUB	PTF	2:0
dracula-open-2024	Senior Men -87kg	R16	802	BAILEY Kelen	HUN	RODRIGUEZ Michael	USA	PTF	2:1
dracula-open-2024	Senior Men -87kg	R16	803	OTHMAN Taim	GBR	TALOTTI Alfredo	ITA	PTF	2:0
dracula-open-2024	Senior Men -87kg	R16	804	EBATA Hidenori	JPN	STAVROPOULOS Theoharys	GBR	PTF	2:0
dracula-open-2024	Senior Men -87kg	R16	805	MARTINS Icaro Miguel	BRA	THEOCHAROUS Andreas	CYP	PTF	2:0
dracula-open-2024	Senior Men -87kg	QF	822	HARBAR Artem	UKR	BAILEY Kelen	HUN	RSC	
dracula-open-2024	Senior Men -87kg	QF	823	OTHMAN Taim	GBR	GUZGA Teodor Mario	ROU	PTF	2:0
dracula-open-2024	Senior Men -87kg	QF	824	SNACOV Laurentiu	ROU	EBATA Hidenori	JPN	PTF	2:0
dracula-open-2024	Senior Men -87kg	QF	825	MARTINS Icaro Miguel	BRA	AJDUKOVIC Dimitrije	SRB	PTF	2:1
dracula-open-2024	Senior Men -87kg	SF	832	HARBAR Artem	UKR	OTHMAN Taim	GBR	PTF	2:0
dracula-open-2024	Senior Men -87kg	SF	833	MARTINS Icaro Miguel	BRA	SNACOV Laurentiu	ROU	PTF	2:0
dracula-open-2024	Senior Men -87kg	F	837	HARBAR Artem	UKR	MARTINS Icaro Miguel	BRA	PTF	2:0
dracula-open-2024	Senior Men -80kg	R32	701	RIBEIRO Nickollas	BRA	FEGATILLI Luigi	ITA	PTF	2:1
dracula-open-2024	Senior Men -80kg	R32	702	CRISTESCU Mihai adrian	ROU	RIBAUDO Lorenzo	ITA	PTF	2:0
dracula-open-2024	Senior Men -80kg	R16	706	HUNG Jiun-yi	TPE	RIBEIRO Nickollas	BRA	PTF	2:0
dracula-open-2024	Senior Men -80kg	R16	707	GERRONE Antonio	ITA	PETTERSEN Jonas	NOR	PTF	2:0
dracula-open-2024	Senior Men -80kg	R16	708	CHARALAMBOUS Evangelos	CYP	ALIPOUR Sohrab	GBR	PTF	2:0
dracula-open-2024	Senior Men -80kg	R16	709	PAPADOPOULOS Ioannis	GRE	HARRIS Ethan	IRL	PTF	2:0
dracula-open-2024	Senior Men -80kg	R16	710	KOSTENEVYCH Kostiantyn	UKR	GONZALEZ Alejandro	ESP	PTF	2:0
dracula-open-2024	Senior Men -80kg	R16	711	RUDERMAN Ilia	ISR	STYLIANIDIS Aris	CYP	PTF	2:1
dracula-open-2024	Senior Men -80kg	R16	712	THUNE Sebastian	NOR	DZHORDZHEV Mitko	BUL	PTF	2:1
dracula-open-2024	Senior Men -80kg	R16	713	CRISTESCU Mihai adrian	ROU	HOERMANN Vincent	GER	PTF	2:1
dracula-open-2024	Senior Men -80kg	QF	722	GERRONE Antonio	ITA	HUNG Jiun-yi	TPE	PTF	2:1
dracula-open-2024	Senior Men -80kg	QF	723	PAPADOPOULOS Ioannis	GRE	CHARALAMBOUS Evangelos	CYP	PTF	2:0
dracula-open-2024	Senior Men -80kg	QF	724	KOSTENEVYCH Kostiantyn	UKR	RUDERMAN Ilia	ISR	PTF	2:0
dracula-open-2024	Senior Men -80kg	QF	725	CRISTESCU Mihai adrian	ROU	THUNE Sebastian	NOR	PTF	2:1
dracula-open-2024	Senior Men -80kg	SF	730	PAPADOPOULOS Ioannis	GRE	GERRONE Antonio	ITA	PTF	2:0
dracula-open-2024	Senior Men -80kg	SF	731	CRISTESCU Mihai adrian	ROU	KOSTENEVYCH Kostiantyn	UKR	PTF	2:0
dracula-open-2024	Senior Men -80kg	F	734	PAPADOPOULOS Ioannis	GRE	CRISTESCU Mihai adrian	ROU	PTF	2:0
dracula-open-2024	Senior Men -74kg	R32	601	AVRAMOV Bozhidar	BUL	RAMPINO Alessio	ITA	PTF	2:0
dracula-open-2024	Senior Men -74kg	R32	602	ALMAGDY Abdula	AUT	MARINO Guido	ITA	PTF	2:0
dracula-open-2024	Senior Men -74kg	R32	603	SULEAC Dmitrii	MDA	NICOLAE Dogari	ROU	PTF	2:1
dracula-open-2024	Senior Men -74kg	R32	604	JOZSA Levente mark	HUN	PETROVIC Vojislav	AUT	PTF	2:0
dracula-open-2024	Senior Men -74kg	R32	605	OKSAN Emirhan	TUR	MOHAMMAD Ahmad	GER	PTF	2:0
dracula-open-2024	Senior Men -74kg	R32	606	GUMUS Kaan	GER	SAHITI Mal	KOS	PTF	2:0
dracula-open-2024	Senior Men -74kg	R32	607	RODRIGUES Victor	USA	PARK Tae ku	CAN	PTF	2:0
dracula-open-2024	Senior Men -74kg	R32	608	VENELANTE Emanuele	ITA	GONZALEZ Giovanni	ESP	PTF	2:0
dracula-open-2024	Senior Men -74kg	R32	609	MAGGIORE Stefano	ITA	AGRISAN Stefan Gabriel	ROU	PTF	2:1
dracula-open-2024	Senior Men -74kg	R16	610	HSU Hao-yu	TPE	AVRAMOV Bozhidar	BUL	PTF	2:0
dracula-open-2024	Senior Men -74kg	R16	611	SULEAC Dmitrii	MDA	ALMAGDY Abdula	AUT	PTF	2:0
dracula-open-2024	Senior Men -74kg	R16	612	JOZSA Levente mark	HUN	LOTT Liam	GER	PTF	2:0
dracula-open-2024	Senior Men -74kg	R16	613	JORGENSEN Otto	DEN	OKSAN Emirhan	TUR	PTF	2:0
dracula-open-2024	Senior Men -74kg	R16	614	GUMUS Kaan	GER	PANTIS Patrick	AUT	PTF	2:0
dracula-open-2024	Senior Men -74kg	R16	615	RODRIGUES Victor	USA	LUKIC Nikola	SRB	WDR	1:1
dracula-open-2024	Senior Men -74kg	R16	616	VENELANTE Emanuele	ITA	SHANAFELT Noah	USA	PTF	2:1
dracula-open-2024	Senior Men -74kg	R16	617	HOLLAND Edward	SLE	MAGGIORE Stefano	ITA	PTF	2:0
dracula-open-2024	Senior Men -74kg	QF	622	HSU Hao-yu	TPE	SULEAC Dmitrii	MDA	PTF	2:0
dracula-open-2024	Senior Men -74kg	QF	623	JOZSA Levente mark	HUN	JORGENSEN Otto	DEN	PTF	2:1
dracula-open-2024	Senior Men -74kg	QF	624	RODRIGUES Victor	USA	GUMUS Kaan	GER	PTF	2:0
dracula-open-2024	Senior Men -74kg	QF	625	HOLLAND Edward	SLE	VENELANTE Emanuele	ITA	PTF	2:0
dracula-open-2024	Senior Men -74kg	SF	630	JOZSA Levente mark	HUN	HSU Hao-yu	TPE	PTF	2:0
dracula-open-2024	Senior Men -74kg	SF	631	RODRIGUES Victor	USA	HOLLAND Edward	SLE	WDR	1:0
dracula-open-2024	Senior Men -74kg	F	634	JOZSA Levente mark	HUN	RODRIGUES Victor	USA	PTF	2:0
dracula-open-2024	Senior Men -68kg	R32	501	SAKELLARIOU Christos	GRE	MARIN Alexandru cristian	ROU	PTF	2:0
dracula-open-2024	Senior Men -68kg	R32	502	JURKIC Miro	CRO	CIURUSNIUC Alexandru	ROU	PTF	2:0
dracula-open-2024	Senior Men -68kg	R32	503	BYSTROV Volodymyr	UKR	HARRISON Ben	GBR	PTF	2:0
dracula-open-2024	Senior Men -68kg	R32	504	FALCO Antonio	ITA	ESPOSITO Nicolas	ITA	PTF	2:0
dracula-open-2024	Senior Men -68kg	R32	505	FREDRICKS Justin	USA	ONITA Alin	ROU	WDR	2:0
dracula-open-2024	Senior Men -68kg	R32	506	GENZEL Eitan	ISR	JAMEIAN Ilia	DEN	PTF	2:1
dracula-open-2024	Senior Men -68kg	R32	507	ABAD Iker	ESP	PARK Braven	CAN	PTF	2:1
dracula-open-2024	Senior Men -68kg	R32	508	LUCIEN Theo	FRA	BIATETS Maksym	UKR	PTF	2:0
dracula-open-2024	Senior Men -68kg	R32	509	RODRIGUEZ Maikol	USA	GONZALEZ Ignacio	ESP	PTF	2:0
dracula-open-2024	Senior Men -68kg	R32	510	BILGIN Efe	GER	FARCAS Alexandru	ROU	PTF	2:0
dracula-open-2024	Senior Men -68kg	R32	511	AVIDAN Ben	ISR	COROBCA Alexandru	MDA	PTF	2:0
dracula-open-2024	Senior Men -68kg	R32	512	ERER Berkay	TUR	TOFT Joel	DEN	PTF	2:0
dracula-open-2024	Senior Men -68kg	R32	513	DUGAC Grga	CRO	ZEHETNER Felix	AUT	PTF	2:0
dracula-open-2024	Senior Men -68kg	R32	514	PUJOL Antoni	ESP	OBRETIN Alexandru	ROU	PTF	2:0
dracula-open-2024	Senior Men -68kg	R16	515	HYTTEL Tobias	DEN	SAKELLARIOU Christos	GRE	PTF	2:0
dracula-open-2024	Senior Men -68kg	R16	516	BYSTROV Volodymyr	UKR	JURKIC Miro	CRO	PTF	2:0
dracula-open-2024	Senior Men -68kg	R16	517	FALCO Antonio	ITA	FREDRICKS Justin	USA	PTF	2:0
dracula-open-2024	Senior Men -68kg	R16	518	ABAD Iker	ESP	GENZEL Eitan	ISR	PTF	2:0
dracula-open-2024	Senior Men -68kg	R16	519	RODRIGUEZ Maikol	USA	LUCIEN Theo	FRA	PTF	2:1
dracula-open-2024	Senior Men -68kg	R16	520	BILGIN Efe	GER	AVIDAN Ben	ISR	PTF	2:0
dracula-open-2024	Senior Men -68kg	R16	521	ERER Berkay	TUR	DUGAC Grga	CRO	PTF	2:0
dracula-open-2024	Senior Men -68kg	R16	522	STAMENOV Stefan	BUL	PUJOL Antoni	ESP	PTF	2:0
dracula-open-2024	Senior Men -68kg	QF	525	HYTTEL Tobias	DEN	BYSTROV Volodymyr	UKR	PTF	2:1
dracula-open-2024	Senior Men -68kg	QF	526	ABAD Iker	ESP	FALCO Antonio	ITA	PTF	2:0
dracula-open-2024	Senior Men -68kg	QF	527	RODRIGUEZ Maikol	USA	BILGIN Efe	GER	PTF	2:0
dracula-open-2024	Senior Men -68kg	QF	528	ERER Berkay	TUR	STAMENOV Stefan	BUL	PTF	2:1
dracula-open-2024	Senior Men -68kg	SF	533	ABAD Iker	ESP	HYTTEL Tobias	DEN	PTF	2:0
dracula-open-2024	Senior Men -68kg	SF	534	RODRIGUEZ Maikol	USA	ERER Berkay	TUR	PTF	2:1
dracula-open-2024	Senior Men -68kg	F	537	RODRIGUEZ Maikol	USA	ABAD Iker	ESP	PTF	2:0
dracula-open-2024	Senior Men -63kg	R64	401	MERDANAJ Ernest	ALB	SABATIER David	FRA	WDR	2:0
dracula-open-2024	Senior Men -63kg	R64	402	RAMOS Gabriel	BRA	KONSTANTINIDIS Iordanis	GER	PTF	2:0
dracula-open-2024	Senior Men -63kg	R64	403	BUBA Gledis	ALB	QUINONERO Daniel	ESP	PTF	2:1
dracula-open-2024	Senior Men -63kg	R64	404	FERRARO Davide	ITA	CALIX Victor	USA	PTG	2:0
dracula-open-2024	Senior Men -63kg	R64	405	FLEGAR Jan	CRO	MOSS Christian	GBR	PTF	2:0
dracula-open-2024	Senior Men -63kg	R32	406	MAEDA Hidetaka	JPN	MERDANAJ Ernest	ALB	PTF	2:0
dracula-open-2024	Senior Men -63kg	R32	407	VODOVOZOV Ilya	USA	TURNER Rhys	GBR	PTF	2:0
dracula-open-2024	Senior Men -63kg	R32	408	DELEVAL Herwan	FRA	MYLONAS Angelos	GRE	PTF	2:0
dracula-open-2024	Senior Men -63kg	R32	409	HUBERT Ilan	FRA	MANSON Maxwell	SLE	PTG	2:0
dracula-open-2024	Senior Men -63kg	R32	410	RAMOS Gabriel	BRA	LUCERNA Luca	ITA	PUN	2:1
dracula-open-2024	Senior Men -63kg	R32	411	GEORGIEV Victor	BUL	FUENTES David	GUA	PTF	2:0
dracula-open-2024	Senior Men -63kg	R32	412	KIRILIN Vladimir	MDA	TOMBOLILLO Leonard	ITA	PTF	2:0
dracula-open-2024	Senior Men -63kg	R32	413	BUBA Gledis	ALB	SALEH James	CAN	PTF	2:0
dracula-open-2024	Senior Men -63kg	R32	414	BOURGEOIS Owen	FRA	FERRARO Davide	ITA	PTF	2:0
dracula-open-2024	Senior Men -63kg	R32	415	KIM Seung Ju	CAN	VEGA Rommel Alejan	ESP	PTG	2:1
dracula-open-2024	Senior Men -63kg	R32	416	LOMARTIRE Matias	ITA	HANU Gleb	MDA	PTG	2:1
dracula-open-2024	Senior Men -63kg	R32	417	WOOLLEY Jack	ESP	TORGEMAN Ori	ISR	PTF	2:0
dracula-open-2024	Senior Men -63kg	R32	418	TOMAS Lois	ESP	SCIACCA Antonino	ITA	PTF	2:0
dracula-open-2024	Senior Men -63kg	R32	419	FILIP Raul Mario	ROU	VLAYKOV Dimitur	BUL	PTF	2:0
dracula-open-2024	Senior Men -63kg	R32	420	CARANGIO Francesco	ITA	OGUZ Niklas kristiansen	NOR	PTF	2:1
dracula-open-2024	Senior Men -63kg	R32	421	CAPUANO Lorenzo	FRA	FLEGAR Jan	CRO	PTF	2:1
dracula-open-2024	Senior Men -63kg	R16	422	MAEDA Hidetaka	JPN	VODOVOZOV Ilya	USA	PTF	2:0
dracula-open-2024	Senior Men -63kg	R16	423	DELEVAL Herwan	FRA	HUBERT Ilan	FRA	PTF	2:0
dracula-open-2024	Senior Men -63kg	R16	424	GEORGIEV Victor	BUL	RAMOS Gabriel	BRA	PTF	2:1
dracula-open-2024	Senior Men -63kg	R16	425	KIRILIN Vladimir	MDA	BUBA Gledis	ALB	PTF	2:0
dracula-open-2024	Senior Men -63kg	R16	426	BOURGEOIS Owen	FRA	KIM Seung Ju	CAN	PTF	2:0
dracula-open-2024	Senior Men -63kg	R16	427	WOOLLEY Jack	ESP	LOMARTIRE Matias	ITA	PUN	2:1
dracula-open-2024	Senior Men -63kg	R16	428	TOMAS Lois	ESP	FILIP Raul Mario	ROU	PTF	
dracula-open-2024	Senior Men -63kg	R16	429	CARANGIO Francesco	ITA	CAPUANO Lorenzo	FRA	PTF	2:1
dracula-open-2024	Senior Men -63kg	QF	430	MAEDA Hidetaka	JPN	DELEVAL Herwan	FRA	PTF	2:1
dracula-open-2024	Senior Men -63kg	QF	431	GEORGIEV Victor	BUL	KIRILIN Vladimir	MDA	PTF	2:0
dracula-open-2024	Senior Men -63kg	QF	432	WOOLLEY Jack	ESP	BOURGEOIS Owen	FRA	PTF	2:0
dracula-open-2024	Senior Men -63kg	QF	433	TOMAS Lois	ESP	CARANGIO Francesco	ITA	PTF	2:0
dracula-open-2024	Senior Men -63kg	SF	434	MAEDA Hidetaka	JPN	GEORGIEV Victor	BUL	PTF	2:0
dracula-open-2024	Senior Men -63kg	SF	435	WOOLLEY Jack	ESP	TOMAS Lois	ESP	PTF	2:0
dracula-open-2024	Senior Men -63kg	F	436	MAEDA Hidetaka	JPN	WOOLLEY Jack	ESP	WDR	
dracula-open-2024	Senior Men -58kg	R32	301	USCOV Serghei	MDA	BENITEZ Norberto	ESP	PTF	2:0
dracula-open-2024	Senior Men -58kg	R32	302	GRANT Gavin	USA	GULUBOV Aleksandur	BUL	PTF	2:0
dracula-open-2024	Senior Men -58kg	R32	303	ANDRONIKOU Kyriakos	CYP	NEUBAUER Michael	AUT	WDR	2:0
dracula-open-2024	Senior Men -58kg	R32	304	GUMUS Feyyaz	GER	OSTETRICO Andrea	ITA	PTF	2:0
dracula-open-2024	Senior Men -58kg	R32	305	LABATTE Jean Desaix	USA	RAMEEZ Hasan	ROU	PTF	2:0
dracula-open-2024	Senior Men -58kg	R32	306	TOMURA Taichi	JPN	STEIN Roi	ISR	PTF	1:1
dracula-open-2024	Senior Men -58kg	R16	310	KAPLAN Enes	TUR	USCOV Serghei	MDA	PTF	2:0
dracula-open-2024	Senior Men -58kg	R16	311	FARNES Ricki Gene	DEN	ALEXANDRU Miu	ROU	PTF	2:0
dracula-open-2024	Senior Men -58kg	R16	312	GRANT Gavin	USA	MEHLMANN Daniel	GER	PTF	2:1
dracula-open-2024	Senior Men -58kg	R16	313	ASADA Shoki	JPN	ANDRONIKOU Kyriakos	CYP	PTF	2:0
dracula-open-2024	Senior Men -58kg	R16	314	GUMUS Feyyaz	GER	FRAILE Jesus	ESP	PTF	2:0
dracula-open-2024	Senior Men -58kg	R16	315	TRISTAN Scutaru	ROU	LABATTE Jean Desaix	USA	PTF	2:0
dracula-open-2024	Senior Men -58kg	R16	316	PATISHI Ori	ISR	LENZO Ettore	ITA	PTF	2:1
dracula-open-2024	Senior Men -58kg	R16	317	BEDART Samuel	FRA	TOMURA Taichi	JPN	PTF	2:0
dracula-open-2024	Senior Men -58kg	QF	326	KAPLAN Enes	TUR	FARNES Ricki Gene	DEN	PTF	2:0
dracula-open-2024	Senior Men -58kg	QF	327	ASADA Shoki	JPN	GRANT Gavin	USA	PTF	2:1
dracula-open-2024	Senior Men -58kg	QF	328	GUMUS Feyyaz	GER	TRISTAN Scutaru	ROU	PTF	2:0
dracula-open-2024	Senior Men -58kg	QF	329	BEDART Samuel	FRA	PATISHI Ori	ISR	PTF	2:0
dracula-open-2024	Senior Men -58kg	SF	334	KAPLAN Enes	TUR	ASADA Shoki	JPN	PTF	1:0
dracula-open-2024	Senior Men -58kg	SF	335	GUMUS Feyyaz	GER	BEDART Samuel	FRA	PTF	2:0
dracula-open-2024	Senior Men -58kg	F	338	KAPLAN Enes	TUR	GUMUS Feyyaz	GER	PTF	2:0
dracula-open-2024	Senior Men -54kg	R32	101	ELANY Agam	ISR	ESSOBAI Mohamed	ESP	PTF	2:0
dracula-open-2024	Senior Men -54kg	R32	102	CIRIVELLO Gaetano	ITA	AYAZ Hasan	TUR	PTF	2:1
dracula-open-2024	Senior Men -54kg	R32	103	OUDAI Yanis	FRA	COLAPINTO Michele	ITA	PTF	2:1
dracula-open-2024	Senior Men -54kg	R16	105	GEORGIEV Hristiyan	BUL	ELANY Agam	ISR	PTF	2:0
dracula-open-2024	Senior Men -54kg	R16	106	DE Vitor Mendonca	BRA	AKAOUI Hamza	FRA	PTF	2:0
dracula-open-2024	Senior Men -54kg	R16	107	YAKIMOV Tsvetan	BUL	GARCIA Noah	FRA	PTF	2:0
dracula-open-2024	Senior Men -54kg	R16	108	MANSUR Raz	ISR	TABACARI Igor	MDA	PTF	2:1
dracula-open-2024	Senior Men -54kg	R16	109	CONTI Andrea	ITA	CIRIVELLO Gaetano	ITA	PTF	2:0
dracula-open-2024	Senior Men -54kg	R16	110	MARQUES Flavio	BRA	MAZZOLA Francesco	ITA	PTF	2:0
dracula-open-2024	Senior Men -54kg	R16	111	SHIM Ryan	USA	IVAN Faruk Eduard	ROU	PTF	2:0
dracula-open-2024	Senior Men -54kg	R16	112	PASHCOVSKY Tom	ISR	OUDAI Yanis	FRA	PTF	2:0
dracula-open-2024	Senior Men -54kg	QF	121	GEORGIEV Hristiyan	BUL	DE Vitor Mendonca	BRA	PTF	2:1
dracula-open-2024	Senior Men -54kg	QF	122	YAKIMOV Tsvetan	BUL	MANSUR Raz	ISR	WDR	1:1
dracula-open-2024	Senior Men -54kg	QF	123	CONTI Andrea	ITA	MARQUES Flavio	BRA	PTF	2:0
dracula-open-2024	Senior Men -54kg	QF	124	PASHCOVSKY Tom	ISR	SHIM Ryan	USA	PTF	2:0
dracula-open-2024	Senior Men -54kg	SF	129	GEORGIEV Hristiyan	BUL	YAKIMOV Tsvetan	BUL	PTF	2:0
dracula-open-2024	Senior Men -54kg	SF	130	CONTI Andrea	ITA	PASHCOVSKY Tom	ISR	PTF	2:0
dracula-open-2024	Senior Men -54kg	F	133	CONTI Andrea	ITA	GEORGIEV Hristiyan	BUL	PTF	2:0
dracula-open-2024	Senior Men +87kg	R16	806	NASO Marco	ITA	BABY Christopher	ROU	PTF	2:0
dracula-open-2024	Senior Men +87kg	R16	807	PINTILIE Connstantin Octavian	ROU	MARTINEZ Raul	ESP	PTF	2:0
dracula-open-2024	Senior Men +87kg	R16	808	WOODARD Darrell	USA	MANEA Robert	ROU	PTF	2:0
dracula-open-2024	Senior Men +87kg	R16	809	MARINESCU Dragos	MDA	CARAGEA Tudor Gabr	ROU	PTF	2:0
dracula-open-2024	Senior Men +87kg	QF	826	HARBAR Andrii	UKR	NASO Marco	ITA	PTF	2:0
dracula-open-2024	Senior Men +87kg	QF	827	EL Omar	FRA	PINTILIE Connstantin Octavian	ROU	PTF	2:0
dracula-open-2024	Senior Men +87kg	QF	828	GEORGIEVSKI Dejan	MKD	WOODARD Darrell	USA	PTF	2:0
dracula-open-2024	Senior Men +87kg	QF	829	ANDREOU Petros	CYP	MARINESCU Dragos	MDA	PTF	2:0
dracula-open-2024	Senior Men +87kg	SF	834	EL Omar	FRA	HARBAR Andrii	UKR	PTF	2:0
dracula-open-2024	Senior Men +87kg	SF	835	GEORGIEVSKI Dejan	MKD	ANDREOU Petros	CYP	PTF	2:0
dracula-open-2024	Senior Men +87kg	F	838	EL Omar	FRA	GEORGIEVSKI Dejan	MKD	PTF	2:0
dracula-open-2024	Senior Women -73kg	R16	618	TESIC Nadja	SRB	KERR Leah	IRL	PTF	2:0
dracula-open-2024	Senior Women -73kg	R16	619	UZUNCAVDAR Sude yaren	TUR	DUMINA Mariia	UKR	PTF	2:0
dracula-open-2024	Senior Women -73kg	R16	620	SAKKA Charikleia	GRE	MEYEUR Elora	FRA	PTF	2:0
dracula-open-2024	Senior Women -73kg	R16	621	ZANONI Carlota Ter	ESP	GLUMAC Nadja	SRB	PTF	2:0
dracula-open-2024	Senior Women -73kg	QF	626	TESIC Nadja	SRB	CHIN I Chun	TPE	PTF	2:0
dracula-open-2024	Senior Women -73kg	QF	627	UZUNCAVDAR Sude yaren	TUR	HOERMANN Emily	GER	PTF	2:0
dracula-open-2024	Senior Women -73kg	QF	628	LEE Ava Soon	HAI	SAKKA Charikleia	GRE	PTF	2:1
dracula-open-2024	Senior Women -73kg	QF	629	PETROVIC Iva	SRB	ZANONI Carlota Ter	ESP	PTF	2:0
dracula-open-2024	Senior Women -73kg	SF	632	TESIC Nadja	SRB	UZUNCAVDAR Sude yaren	TUR	PTF	2:1
dracula-open-2024	Senior Women -73kg	SF	633	LEE Ava Soon	HAI	PETROVIC Iva	SRB	WDR	1:1
dracula-open-2024	Senior Women -73kg	F	635	TESIC Nadja	SRB	LEE Ava Soon	HAI	PTF	2:1
dracula-open-2024	Senior Women -67kg	R32	703	D'ANGELO Natalia	ITA	MELA Nefeli	CYP	PTF	2:0
dracula-open-2024	Senior Women -67kg	R32	704	ANDRIC Andjela	AUT	ENGONE-NGUEMA Jelissa	FRA	PTF	2:1
dracula-open-2024	Senior Women -67kg	R32	705	ANDRIC Leonarda	CAN	NOBLE Trinity arianna isabella	SLE	PTF	2:0
dracula-open-2024	Senior Women -67kg	R16	714	PERISIC Aleksandra	SRB	D'ANGELO Natalia	ITA	PTF	2:0
dracula-open-2024	Senior Women -67kg	R16	715	SARVANAKI Theopoula	GRE	ERGIN Huriye Nur	TUR	PTF	2:0
dracula-open-2024	Senior Women -67kg	R16	716	CECCHI Linda	ITA	KUPEC Adrianna nike	USA	PTF	2:1
dracula-open-2024	Senior Women -67kg	R16	717	MORENO Lena	ESP	ARELIC Ivana	CRO	PTF	2:0
dracula-open-2024	Senior Women -67kg	R16	718	MARENTAKI Styliani	GRE	ANDRIC Andjela	AUT	PTF	2:0
dracula-open-2024	Senior Women -67kg	R16	719	ZOE Gueli	HUN	KANOUTE Iman	MLI	PTF	2:1
dracula-open-2024	Senior Women -67kg	R16	720	MEHNANA Ines	FRA	IRIGOIEN Irati	ESP	PTF	2:0
dracula-open-2024	Senior Women -67kg	R16	721	ANDRIC Leonarda	CAN	CASTRO Cecilia	ESP	PTF	2:0
dracula-open-2024	Senior Women -67kg	QF	726	PERISIC Aleksandra	SRB	SARVANAKI Theopoula	GRE	PTF	2:0
dracula-open-2024	Senior Women -67kg	QF	727	MORENO Lena	ESP	CECCHI Linda	ITA	PTF	2:0
dracula-open-2024	Senior Women -67kg	QF	728	MARENTAKI Styliani	GRE	ZOE Gueli	HUN	PTF	2:0
dracula-open-2024	Senior Women -67kg	QF	729	ANDRIC Leonarda	CAN	MEHNANA Ines	FRA	PTF	2:1
dracula-open-2024	Senior Women -67kg	SF	732	PERISIC Aleksandra	SRB	MORENO Lena	ESP	PTF	2:0
dracula-open-2024	Senior Women -67kg	SF	733	MARENTAKI Styliani	GRE	ANDRIC Leonarda	CAN	PTF	2:0
dracula-open-2024	Senior Women -67kg	F	735	MARENTAKI Styliani	GRE	PERISIC Aleksandra	SRB	PTF	2:1
dracula-open-2024	Senior Women -62kg	R32	801	ATANASOVA Martina	BUL	ARRONDO Ariadna	ESP	PTF	2:0
dracula-open-2024	Senior Women -62kg	R16	810	MARTON Luana	ESP	ATANASOVA Martina	BUL	PTF	2:0
dracula-open-2024	Senior Women -62kg	R16	811	LABUZOVA Mariia	UKR	SCHIANO Fabiana	ITA	WDR	
dracula-open-2024	Senior Women -62kg	R16	812	KRUSH Diana	UKR	LUCERNA Marta	ITA	PTF	2:0
dracula-open-2024	Senior Women -62kg	R16	813	TVARONAVICIUTE Klaudija	LTU	AGUDO Saray	ESP	PTF	2:0
dracula-open-2024	Senior Women -62kg	R16	814	GASPA Cristina	ITA	TRAN Lily	NOR	PTF	2:0
dracula-open-2024	Senior Women -62kg	R16	815	MARIC Ela	SRB	CALVARA Greta	ITA	PTF	2:0
dracula-open-2024	Senior Women -62kg	R16	816	GJELSVIK Karoline	NOR	TERESHCHENKO Anastasiia	UKR	PTF	2:0
dracula-open-2024	Senior Women -62kg	R16	817	MARTON Viviana	ESP	DEATON Danica	USA	WDR	
dracula-open-2024	Senior Women -62kg	QF	818	MARTON Luana	ESP	LABUZOVA Mariia	UKR	PTF	2:0
dracula-open-2024	Senior Women -62kg	QF	819	KRUSH Diana	UKR	TVARONAVICIUTE Klaudija	LTU	PTF	2:1
dracula-open-2024	Senior Women -62kg	QF	820	GASPA Cristina	ITA	MARIC Ela	SRB	PTF	2:0
dracula-open-2024	Senior Women -62kg	QF	821	MARTON Viviana	ESP	GJELSVIK Karoline	NOR	PTF	2:0
dracula-open-2024	Senior Women -62kg	SF	830	MARTON Luana	ESP	KRUSH Diana	UKR	PTF	2:0
dracula-open-2024	Senior Women -62kg	SF	831	MARTON Viviana	ESP	GASPA Cristina	ITA	PTF	2:0
dracula-open-2024	Senior Women -62kg	F	836	MARTON Luana	ESP	MARTON Viviana	ESP	WDR	
dracula-open-2024	Senior Women -57kg	R32	307	MICHALOPOULOU Kyriaki	GRE	EL Manal	GER	PTF	2:0
dracula-open-2024	Senior Women -57kg	R32	308	HANSEN Kaja husby	NOR	FAZEKAS Isabella	USA	PTF	2:1
dracula-open-2024	Senior Women -57kg	R32	309	TORRES Elena	ESP	SEGLAR Sarah	FRA	PTF	2:0
dracula-open-2024	Senior Women -57kg	R16	318	SEREDA Julia	POL	MICHALOPOULOU Kyriaki	GRE	PTF	2:0
dracula-open-2024	Senior Women -57kg	R16	319	CARABIN Kanelya	FRA	CELIK Edanur	TUR	PTF	2:1
dracula-open-2024	Senior Women -57kg	R16	320	COX Caitlyn	USA	LAGER Biana	ISR	PTF	2:0
dracula-open-2024	Senior Women -57kg	R16	321	RODRIGUEZ Laura	ESP	KLIMANTAVIÄŒIÅªTÄ–	LTU	PTF	2:0
dracula-open-2024	Senior Women -57kg	R16	322	AL Giada	ITA	HANSEN Kaja husby	NOR	PTF	2:1
dracula-open-2024	Senior Women -57kg	R16	323	MAKRYGIANNI Athina	GRE	ORTIZ Arlet	ESP	PTF	2:1
dracula-open-2024	Senior Women -57kg	R16	324	TEMINA Paula	ESP	COMAN Gabriela bianca	ROU	PTF	2:0
dracula-open-2024	Senior Women -57kg	R16	325	VUKIC Margarita	CRO	TORRES Elena	ESP	PTF	2:0
dracula-open-2024	Senior Women -57kg	QF	330	CARABIN Kanelya	FRA	SEREDA Julia	POL	PTF	2:0
dracula-open-2024	Senior Women -57kg	QF	331	RODRIGUEZ Laura	ESP	COX Caitlyn	USA	PTF	2:0
dracula-open-2024	Senior Women -57kg	QF	332	AL Giada	ITA	MAKRYGIANNI Athina	GRE	WDR	2:0
dracula-open-2024	Senior Women -57kg	QF	333	VUKIC Margarita	CRO	TEMINA Paula	ESP	PTF	2:1
dracula-open-2024	Senior Women -57kg	SF	336	CARABIN Kanelya	FRA	RODRIGUEZ Laura	ESP	PTF	2:1
dracula-open-2024	Senior Women -57kg	SF	337	VUKIC Margarita	CRO	AL Giada	ITA	PTF	2:1
dracula-open-2024	Senior Women -57kg	F	339	CARABIN Kanelya	FRA	VUKIC Margarita	CRO	PTF	2:0
dracula-open-2024	Senior Women -53kg	R32	201	BURUIANA Andreea	ROU	PLUGARU Bianca	MDA	PTF	2:1
dracula-open-2024	Senior Women -53kg	R32	202	BEZERRA Camila	BRA	CASTILLO Karoline	PAN	PTF	2:1
dracula-open-2024	Senior Women -53kg	R32	203	GENNARELLI Federica	ITA	HOY Lily	GBR	PTF	2:0
dracula-open-2024	Senior Women -53kg	R32	204	SPEHAR Lea	CRO	LAZIC Katharina	AUT	PTF	2:0
dracula-open-2024	Senior Women -53kg	R32	205	MUSICKI Jovana	SRB	MINCENKOVA Daria	MDA	PTF	2:0
dracula-open-2024	Senior Women -53kg	R16	206	CELIK Senanur	TUR	BURUIANA Andreea	ROU	PTF	2:0
dracula-open-2024	Senior Women -53kg	R16	207	MACCHIONE Flavia	ITA	KARIMI Nuria	SLO	PTF	2:0
dracula-open-2024	Senior Women -53kg	R16	208	BEZERRA Camila	BRA	ENTEZARI Nazila	AUT	PTF	2:0
dracula-open-2024	Senior Women -53kg	R16	209	DUJMIC Helena	CRO	GENNARELLI Federica	ITA	PTF	2:1
dracula-open-2024	Senior Women -53kg	R16	210	SPEHAR Lea	CRO	MOGHAL Amna	NOR	PTF	2:0
dracula-open-2024	Senior Women -53kg	R16	211	GARCÍA Sofia	ESP	MAROTO Irene	ESP	PTF	2:0
dracula-open-2024	Senior Women -53kg	R16	212	VIGDOR Ariel	ISR	DHAOUADI Lemaa	FRA	PTF	2:0
dracula-open-2024	Senior Women -53kg	R16	213	MEIŠTININKAITĖ Gerda	LTU	MUSICKI Jovana	SRB	PTF	2:1
dracula-open-2024	Senior Women -53kg	QF	218	CELIK Senanur	TUR	MACCHIONE Flavia	ITA	PTF	2:0
dracula-open-2024	Senior Women -53kg	QF	219	BEZERRA Camila	BRA	DUJMIC Helena	CRO	PTF	2:1
dracula-open-2024	Senior Women -53kg	QF	220	GARCÍA Sofia	ESP	SPEHAR Lea	CRO	PTF	2:0
dracula-open-2024	Senior Women -53kg	QF	221	VIGDOR Ariel	ISR	MEIŠTININKAITĖ Gerda	LTU	PTF	2:0
dracula-open-2024	Senior Women -53kg	SF	226	CELIK Senanur	TUR	BEZERRA Camila	BRA	PTF	2:0
dracula-open-2024	Senior Women -53kg	SF	227	GARCÍA Sofia	ESP	VIGDOR Ariel	ISR	PTF	2:0
dracula-open-2024	Senior Women -53kg	F	230	CELIK Senanur	TUR	GARCÍA Sofia	ESP	PTF	2:0
dracula-open-2024	Senior Women -49kg	R32	104	DANIEL Melina	USA	CHAMILEVSKY Romy	ISR	PTF	2:1
dracula-open-2024	Senior Women -49kg	R16	113	DANIEL Melina	USA	BAJAN Mihaela nicoleta claudia	ROU	PTF	2:0
dracula-open-2024	Senior Women -49kg	R16	114	MATA Maya	USA	BALDINI Gabriela	BRA	PTF	2:0
dracula-open-2024	Senior Women -49kg	R16	115	FOFANA Mah teninba	FRA	GEORGIADOU Gesthimani	GRE	PTF	2:0
dracula-open-2024	Senior Women -49kg	R16	116	AKGUL Elif sude	TUR	KAOURTISHI Nagia	CYP	PTF	2:0
dracula-open-2024	Senior Women -49kg	R16	117	DAN Oleksandra	ISR	ABEDALSALAM Mariam	DEN	PTF	2:0
dracula-open-2024	Senior Women -49kg	R16	118	MAESTRO Virginia	ITA	WAY Nicolle	GUA	PTF	2:1
dracula-open-2024	Senior Women -49kg	R16	119	NESHER Yarden	ISR	IOVU Iasmina Iulia	ROU	PTF	2:0
dracula-open-2024	Senior Women -49kg	R16	120	BOUROGIANNI Konstantina eleni	GRE	CORELLI Martina	ITA	WDR	
dracula-open-2024	Senior Women -49kg	QF	125	DANIEL Melina	USA	MATA Maya	USA	PTF	2:1
dracula-open-2024	Senior Women -49kg	QF	126	FOFANA Mah teninba	FRA	AKGUL Elif sude	TUR	PTF	2:0
dracula-open-2024	Senior Women -49kg	QF	127	DAN Oleksandra	ISR	MAESTRO Virginia	ITA	PTF	2:1
dracula-open-2024	Senior Women -49kg	QF	128	NESHER Yarden	ISR	BOUROGIANNI Konstantina eleni	GRE	PTF	2:0
dracula-open-2024	Senior Women -49kg	SF	131	FOFANA Mah teninba	FRA	DANIEL Melina	USA	PTF	2:0
dracula-open-2024	Senior Women -49kg	SF	132	DAN Oleksandra	ISR	NESHER Yarden	ISR	PTF	2:1
dracula-open-2024	Senior Women -49kg	F	134	FOFANA Mah teninba	FRA	DAN Oleksandra	ISR	WDR	
dracula-open-2024	Senior Women -46kg	R16	214	BUSUIOC Ingrid Gabriela	ROU	CHEE Alycia	USA	PTF	2:0
dracula-open-2024	Senior Women -46kg	R16	215	BEMBI Rosa	ITA	AHO Sophia	USA	PTF	2:0
dracula-open-2024	Senior Women -46kg	R16	216	GARCIES Lluisa	ESP	GARCIA Laura	ESP	PTF	2:0
dracula-open-2024	Senior Women -46kg	R16	217	KOKKINOU Konstantina	CYP	AVIV Shaked	ISR	PTF	2:1
dracula-open-2024	Senior Women -46kg	QF	222	BERTAGNIN Elisa	ITA	BUSUIOC Ingrid Gabriela	ROU	PTF	2:0
dracula-open-2024	Senior Women -46kg	QF	223	BRAJOVIC Iva	SRB	BEMBI Rosa	ITA	PTF	2:0
dracula-open-2024	Senior Women -46kg	QF	224	BARROSO Kiara	POR	GARCIES Lluisa	ESP	PTF	2:0
dracula-open-2024	Senior Women -46kg	QF	225	ZAMPETTI Sofia	ITA	KOKKINOU Konstantina	CYP	PTF	2:0
dracula-open-2024	Senior Women -46kg	SF	228	BERTAGNIN Elisa	ITA	BRAJOVIC Iva	SRB	PTF	2:0
dracula-open-2024	Senior Women -46kg	SF	229	ZAMPETTI Sofia	ITA	BARROSO Kiara	POR	PTF	2:0
dracula-open-2024	Senior Women -46kg	F	231	ZAMPETTI Sofia	ITA	BERTAGNIN Elisa	ITA	WDR	2:0
dracula-open-2024	Senior Women +73kg	R16	523	AKBULAK Esra	TUR	ORTEGA Miriam	ESP	PTF	2:0
dracula-open-2024	Senior Women +73kg	R16	524	VIANA Alena	USA	PEREIRA Raiany	BRA	PTF	2:1
dracula-open-2024	Senior Women +73kg	QF	529	AKBULAK Esra	TUR	KECK Hannah	USA	PTF	2:1
dracula-open-2024	Senior Women +73kg	QF	530	PEREZ Violeta	ESP	URNAUT Nusa	SLO	PTF	2:1
dracula-open-2024	Senior Women +73kg	QF	531	CHTIOUI Hafsa liana	DEN	LEON Andrea Naiara	ESP	PTF	2:0
dracula-open-2024	Senior Women +73kg	QF	532	VIANA Alena	USA	OUASSOU Mouna	FRA	PTF	2:0
dracula-open-2024	Senior Women +73kg	SF	535	AKBULAK Esra	TUR	PEREZ Violeta	ESP	PTF	2:0
dracula-open-2024	Senior Women +73kg	SF	536	VIANA Alena	USA	CHTIOUI Hafsa liana	DEN	PTF	2:1
dracula-open-2024	Senior Women +73kg	F	538	VIANA Alena	USA	AKBULAK Esra	TUR	PTF	2:1
bosnia-open-2024	Senior Men -87kg	R16	619	BRANTUÅ A Roko	CRO	LIUBINSKI Stsiapan	AIN	PTF	2:0
bosnia-open-2024	Senior Men -87kg	R16	620	KARTAL Huseyin	TUR	BASIC Rok	CRO	PTF	2:0
bosnia-open-2024	Senior Men -87kg	R16	621	OH Jihoon	KOR	GAFAROV Eltaj	AZE	PTF	2:1
bosnia-open-2024	Senior Men -87kg	R16	622	STOJANOVIC Stefan	SRB	TAPUTU Tama	FRA	PTF	2:0
bosnia-open-2024	Senior Men -87kg	R16	623	ORDEMANN Richard andre	NOR	DZIADOVICH Mikhail	AIN	PTF	2:0
bosnia-open-2024	Senior Men -87kg	QF	628	NUCI Erol	BIH	BRANTUÅ A Roko	CRO	PTF	2:0
bosnia-open-2024	Senior Men -87kg	QF	629	OH Jihoon	KOR	KARTAL Huseyin	TUR	PTF	2:0
bosnia-open-2024	Senior Men -87kg	QF	630	STOJANOVIC Stefan	SRB	RADAKOVIĆ Ognjen	SRB	PTF	2:0
bosnia-open-2024	Senior Men -87kg	QF	631	ORDEMANN Richard andre	NOR	AMER Hassan	DEN	PTF	2:0
bosnia-open-2024	Senior Men -87kg	SF	634	OH Jihoon	KOR	NUCI Erol	BIH	PTF	2:1
bosnia-open-2024	Senior Men -87kg	SF	635	ORDEMANN Richard andre	NOR	STOJANOVIC Stefan	SRB	WDR	
bosnia-open-2024	Senior Men -87kg	F	637	ORDEMANN Richard andre	NOR	OH Jihoon	KOR	PTF	2:1
bosnia-open-2024	Senior Men -80kg	R32	401	HRGOTA Leon	CRO	RASZKOWSKI Wiktor	POL	PTF	2:0
bosnia-open-2024	Senior Men -80kg	R16	403	HUSIC Nedzad	BIH	HRGOTA Leon	CRO	DSQ	1:0
bosnia-open-2024	Senior Men -80kg	R16	404	KARAKOC Sadullah	TUR	ARIK Hasan	TUR	PTF	2:1
bosnia-open-2024	Senior Men -80kg	R16	405	AN Tae-Hyun	KOR	AKBABAOZ Muhammed	TRT	PTF	2:0
bosnia-open-2024	Senior Men -80kg	R16	406	DZHORDZHEV Mitko	BUL	BEVEL Aiden	USA	PTF	2:0
bosnia-open-2024	Senior Men -80kg	R16	407	KOVAC Ante	CRO	RODRIGUES Diego	BRA	PTF	2:1
bosnia-open-2024	Senior Men -80kg	R16	408	ODINAEV Rustam	SRB	YANG Jiwoo	KOR	PTF	2:0
bosnia-open-2024	Senior Men -80kg	R16	409	THUNE Sebastian	NOR	COSKUN Samet	TUR	PTF	1:0
bosnia-open-2024	Senior Men -80kg	R16	410	GONZALEZ Alejandro	ESP	MIRZAEI Bardia	FIN	PTF	2:0
bosnia-open-2024	Senior Men -80kg	QF	419	KARAKOC Sadullah	TUR	HUSIC Nedzad	BIH	WDR	
bosnia-open-2024	Senior Men -80kg	QF	420	DZHORDZHEV Mitko	BUL	AN Tae-Hyun	KOR	PTF	2:1
bosnia-open-2024	Senior Men -80kg	QF	421	ODINAEV Rustam	SRB	KOVAC Ante	CRO	PTF	2:1
bosnia-open-2024	Senior Men -80kg	QF	422	GONZALEZ Alejandro	ESP	THUNE Sebastian	NOR	PTF	2:0
bosnia-open-2024	Senior Men -80kg	SF	427	DZHORDZHEV Mitko	BUL	KARAKOC Sadullah	TUR	PTF	2:0
bosnia-open-2024	Senior Men -80kg	SF	428	GONZALEZ Alejandro	ESP	ODINAEV Rustam	SRB	PTF	2:1
bosnia-open-2024	Senior Men -80kg	F	431	GONZALEZ Alejandro	ESP	DZHORDZHEV Mitko	BUL	PTF	2:0
bosnia-open-2024	Senior Men -74kg	R32	701	BABIC Jaka	SLO	LONCAR Nikola	SRB	PTF	2:0
bosnia-open-2024	Senior Men -74kg	R32	702	TAKOV Stefan	SRB	ISMAYILZADA Nijat	AZE	PTF	2:0
bosnia-open-2024	Senior Men -74kg	R32	703	RODRIGUES Victor	ESP	BARRUOL Uggo	FRA	PTF	2:0
bosnia-open-2024	Senior Men -74kg	R32	704	PROCOPCIUC Lucian	POR	K.AVCI Mert	TUR	PTF	2:1
bosnia-open-2024	Senior Men -74kg	R32	705	KURUTAS Dogukan	TUR	WRIGHT Oakley	GBR	PTF	2:0
bosnia-open-2024	Senior Men -74kg	R32	706	STAMENOV Stefan	BUL	DAVASON Hogni	FRO	PTF	2:0
bosnia-open-2024	Senior Men -74kg	R32	707	JORGENSEN Otto	DEN	KILICASLAN Sedat Enes	TUR	PTF	3:0
bosnia-open-2024	Senior Men -74kg	R32	708	SAHITI Mal	KOS	YOUNG Isaiah	USA	PTF	2:1
bosnia-open-2024	Senior Men -74kg	R32	709	SANTAS Kadir	TUR	KAYA Omur	TUR	PTF	2:0
bosnia-open-2024	Senior Men -74kg	R32	710	DANIELYAN Armen	ARM	KNARVIK Arne	NOR	PTF	2:0
bosnia-open-2024	Senior Men -74kg	R32	711	HUSIC Benjamin	BIH	FLOUSKOUNIS Charalampos	GRE	PTF	2:0
bosnia-open-2024	Senior Men -74kg	R32	712	KORSAK Mykhailo	UKR	KHUDIYEV Huseyn	AZE	PTF	2:0
bosnia-open-2024	Senior Men -74kg	R32	713	TURHAN Enes	TUR	LUKIC Nikola	SRB	PTF	2:1
bosnia-open-2024	Senior Men -74kg	R32	714	AKBABA Yusuf	TUR	RASKOVIC Luka	SLO	DSQ	
bosnia-open-2024	Senior Men -74kg	R32	715	CHUA James	USA	DAWOUD Omer	DEN	PTF	2:1
bosnia-open-2024	Senior Men -74kg	R16	716	KINTSURASHVILI Zurab	GEO	BABIC Jaka	SLO	PTF	2:0
bosnia-open-2024	Senior Men -74kg	R16	717	TAKOV Stefan	SRB	RODRIGUES Victor	ESP	PTF	2:0
bosnia-open-2024	Senior Men -74kg	R16	718	KURUTAS Dogukan	TUR	PROCOPCIUC Lucian	POR	PTF	2:0
bosnia-open-2024	Senior Men -74kg	R16	719	JORGENSEN Otto	DEN	STAMENOV Stefan	BUL	PTF	2:1
bosnia-open-2024	Senior Men -74kg	R16	720	SAHITI Mal	KOS	SANTAS Kadir	TUR	PTF	2:0
bosnia-open-2024	Senior Men -74kg	R16	721	HUSIC Benjamin	BIH	DANIELYAN Armen	ARM	PTF	2:0
bosnia-open-2024	Senior Men -74kg	R16	722	KORSAK Mykhailo	UKR	TURHAN Enes	TUR	PTF	2:0
bosnia-open-2024	Senior Men -74kg	R16	723	CHUA James	USA	AKBABA Yusuf	TUR	PTF	2:1
bosnia-open-2024	Senior Men -74kg	QF	731	KINTSURASHVILI Zurab	GEO	TAKOV Stefan	SRB	PTF	2:0
bosnia-open-2024	Senior Men -74kg	QF	732	JORGENSEN Otto	DEN	KURUTAS Dogukan	TUR	PTF	2:0
bosnia-open-2024	Senior Men -74kg	QF	733	HUSIC Benjamin	BIH	SAHITI Mal	KOS	PTF	2:0
bosnia-open-2024	Senior Men -74kg	QF	734	CHUA James	USA	KORSAK Mykhailo	UKR	PTF	2:1
bosnia-open-2024	Senior Men -74kg	SF	739	KINTSURASHVILI Zurab	GEO	JORGENSEN Otto	DEN	PTF	2:0
bosnia-open-2024	Senior Men -74kg	SF	740	HUSIC Benjamin	BIH	CHUA James	USA	PTF	2:0
bosnia-open-2024	Senior Men -74kg	F	743	KINTSURASHVILI Zurab	GEO	HUSIC Benjamin	BIH	PTF	2:1
bosnia-open-2024	Senior Men -68kg	R32	601	ALIAN Ali	SWE	TALOCHKA Yauheni	AIN	PTF	2:0
bosnia-open-2024	Senior Men -68kg	R32	602	DEMIRCI Muhammet furkan	TUR	SAFARYN Piotr	POL	PTF	2:0
bosnia-open-2024	Senior Men -68kg	R32	603	KARATAS Ahmet	TUR	TOFT Joel	DEN	PTF	2:0
bosnia-open-2024	Senior Men -68kg	R32	604	MIATLITSKI Matsvei	AIN	MOSTELLER Barron	USA	PTF	2:0
bosnia-open-2024	Senior Men -68kg	R32	605	STANIC Novak	SRB	MUN Jinho	KOR	PTF	2:0
bosnia-open-2024	Senior Men -68kg	R32	606	BAE Young min	KOR	MANDIC Milos	SRB	PTF	2:0
bosnia-open-2024	Senior Men -68kg	R32	607	ADILOVIC Muhammed	TUR	TCAKOEV Sarmat	AIN	PTF	2:0
bosnia-open-2024	Senior Men -68kg	R32	608	JAFARZADEHPOUR Saman	CAN	KESGIN Gokhan Emre	TUR	PTF	2:1
bosnia-open-2024	Senior Men -68kg	R32	609	TURKULJ Uros	SRB	MYLLYNEN Niko	FIN	PTF	2:0
bosnia-open-2024	Senior Men -68kg	R32	610	KRAJISNIK Zarko	SRB	SARGIN Irfan Can	TUR	PTF	2:0
bosnia-open-2024	Senior Men -68kg	R16	611	CREP Matija	CRO	ALIAN Ali	SWE	PTF	2:0
bosnia-open-2024	Senior Men -68kg	R16	612	DEMIRCI Muhammet furkan	TUR	KARATAS Ahmet	TUR	PTF	2:0
bosnia-open-2024	Senior Men -68kg	R16	613	BYSTROV Volodymyr	UKR	MIATLITSKI Matsvei	AIN	PTF	1:0
bosnia-open-2024	Senior Men -68kg	R16	614	HOWELL Matthew	GBR	STANIC Novak	SRB	RSC	1:0
bosnia-open-2024	Senior Men -68kg	R16	615	BAE Young min	KOR	NGUILLA Yandric	FRA	PTF	2:1
bosnia-open-2024	Senior Men -68kg	R16	616	ADILOVIC Muhammed	TUR	JURKIC Miro	CRO	PTF	2:0
bosnia-open-2024	Senior Men -68kg	R16	617	TURKULJ Uros	SRB	JAFARZADEHPOUR Saman	CAN	PTF	2:0
bosnia-open-2024	Senior Men -68kg	R16	618	KRAJISNIK Zarko	SRB	ALMEIDA Fillipe	BRA	PTF	2:0
bosnia-open-2024	Senior Men -68kg	QF	624	CREP Matija	CRO	DEMIRCI Muhammet furkan	TUR	PTF	2:0
bosnia-open-2024	Senior Men -68kg	QF	625	BYSTROV Volodymyr	UKR	HOWELL Matthew	GBR	PTF	2:0
bosnia-open-2024	Senior Men -68kg	QF	626	BAE Young min	KOR	ADILOVIC Muhammed	TUR	PTF	2:0
bosnia-open-2024	Senior Men -68kg	QF	627	TURKULJ Uros	SRB	KRAJISNIK Zarko	SRB	PTF	2:0
bosnia-open-2024	Senior Men -68kg	SF	632	CREP Matija	CRO	BYSTROV Volodymyr	UKR	PTF	2:0
bosnia-open-2024	Senior Men -68kg	SF	633	BAE Young min	KOR	TURKULJ Uros	SRB	PTF	2:0
bosnia-open-2024	Senior Men -68kg	F	636	CREP Matija	CRO	BAE Young min	KOR	PTF	2:0
bosnia-open-2024	Senior Men -63kg	R32	501	OGUZ Niklas kristiansen	NOR	CALUK Mehmed	BIH	PTF	2:0
bosnia-open-2024	Senior Men -63kg	R32	502	ZEHETNER Felix	AUT	BAHDANAU Zakhar	AIN	PTF	2:1
bosnia-open-2024	Senior Men -63kg	R32	503	BADEM Yusuf	TUR	NUKIC Esad	BIH	PTF	2:0
bosnia-open-2024	Senior Men -63kg	R32	504	ALIEV Saidali	ARM	SUSILUOTO Otto	FIN	PTF	2:1
bosnia-open-2024	Senior Men -63kg	R32	505	MENDES Alisson	BRA	KAYA Kaan Nusret	TUR	PTF	2:0
bosnia-open-2024	Senior Men -63kg	R32	506	PINEDA Diego	USA	MIHAJLOVIC Vuk	SRB	PTF	2:0
bosnia-open-2024	Senior Men -63kg	R32	507	FAZLIOGLU Fazli	TUR	EDWARDS Asha	GBR	PTF	2:0
bosnia-open-2024	Senior Men -63kg	R32	508	JUNG Jaebin	KOR	FUNKENDORF Vladyslav	UKR	PTF	2:0
bosnia-open-2024	Senior Men -63kg	R32	509	BULATOVIC Nikolaj	SLO	ABBASOV Malik	AZE	PTF	2:0
bosnia-open-2024	Senior Men -63kg	R32	510	LOMARTIRE Matias	ITA	KOVAC Mihael	BIH	PTF	2:0
bosnia-open-2024	Senior Men -63kg	R32	511	BANDAREVICH Maksim	AIN	ADILOVIC Fahrudin	BIH	PTF	2:0
bosnia-open-2024	Senior Men -63kg	R16	512	KAVTARADZE Beka	GEO	OGUZ Niklas kristiansen	NOR	PTF	2:0
bosnia-open-2024	Senior Men -63kg	R16	513	BADEM Yusuf	TUR	ZEHETNER Felix	AUT	PTF	2:1
bosnia-open-2024	Senior Men -63kg	R16	514	ALIEV Saidali	ARM	DELEVAL Herwan	FRA	PTF	
bosnia-open-2024	Senior Men -63kg	R16	515	DJONKO Ibrahim	BIH	MENDES Alisson	BRA	PTF	1:0
bosnia-open-2024	Senior Men -63kg	R16	516	KORNEEV Lev	SRB	PINEDA Diego	USA	PTF	2:0
bosnia-open-2024	Senior Men -63kg	R16	517	JUNG Jaebin	KOR	FAZLIOGLU Fazli	TUR	PTF	2:0
bosnia-open-2024	Senior Men -63kg	R16	518	BULATOVIC Nikolaj	SLO	LOMARTIRE Matias	ITA	PTF	2:0
bosnia-open-2024	Senior Men -63kg	R16	519	BANDAREVICH Maksim	AIN	RAMOS Gabriel	BRA	PTF	2:0
bosnia-open-2024	Senior Men -63kg	QF	524	KAVTARADZE Beka	GEO	BADEM Yusuf	TUR	PTF	2:0
bosnia-open-2024	Senior Men -63kg	QF	525	ALIEV Saidali	ARM	DJONKO Ibrahim	BIH	PTF	2:0
bosnia-open-2024	Senior Men -63kg	QF	526	KORNEEV Lev	SRB	JUNG Jaebin	KOR	PTF	2:0
bosnia-open-2024	Senior Men -63kg	QF	527	BANDAREVICH Maksim	AIN	BULATOVIC Nikolaj	SLO	PTF	2:1
bosnia-open-2024	Senior Men -63kg	SF	532	KAVTARADZE Beka	GEO	ALIEV Saidali	ARM	WDR	1:0
bosnia-open-2024	Senior Men -63kg	SF	533	KORNEEV Lev	SRB	BANDAREVICH Maksim	AIN	PTF	2:0
bosnia-open-2024	Senior Men -63kg	F	536	KAVTARADZE Beka	GEO	KORNEEV Lev	SRB	PTF	2:0
bosnia-open-2024	Senior Men -58kg	R32	201	LAUBHOLD Simon	GER	CANTAV Omer	TUR	PTF	2:0
bosnia-open-2024	Senior Men -58kg	R32	202	BAHTANOVIC Hamza	BIH	NEUBAUER Michael	AUT	PTF	2:0
bosnia-open-2024	Senior Men -58kg	R32	203	PARK Min kyu	KOR	POLAT Gorkem	TUR	PTF	2:0
bosnia-open-2024	Senior Men -58kg	R32	204	CHARNIAK Viktar	AIN	ILHAN Serdar	TUR	PTF	2:0
bosnia-open-2024	Senior Men -58kg	R32	205	KURU Alihan	TUR	DADASHOV Sayyad	AZE	PTF	2:0
bosnia-open-2024	Senior Men -58kg	R32	206	KAZLOU Yahor	AIN	CARDOSO Rodrigo Mi	POR	PTF	2:0
bosnia-open-2024	Senior Men -58kg	R32	207	CALIK Merdan	TUR	BOLAT Mehmet Bugra	TUR	PTF	2:1
bosnia-open-2024	Senior Men -58kg	R32	208	GOKALP Cuneyt	TUR	BENITEZ Norberto	ESP	PTF	2:0
bosnia-open-2024	Senior Men -58kg	R32	209	VALIYEV Rahid	AZE	KACZAN Neil	GBR	PTF	2:0
bosnia-open-2024	Senior Men -58kg	R16	210	GURTSIEV Georgii	AIN	LAUBHOLD Simon	GER	PTF	2:0
bosnia-open-2024	Senior Men -58kg	R16	211	PARK Min kyu	KOR	BAHTANOVIC Hamza	BIH	PTF	2:0
bosnia-open-2024	Senior Men -58kg	R16	212	MOLJ Domen	SLO	CHARNIAK Viktar	AIN	PTF	2:1
bosnia-open-2024	Senior Men -58kg	R16	213	KURU Alihan	TUR	LOPES Tiago	POR	PTF	2:0
bosnia-open-2024	Senior Men -58kg	R16	214	SARSOZA Zack	GBR	KAZLOU Yahor	AIN	PTF	2:0
bosnia-open-2024	Senior Men -58kg	R16	215	VASILIC Todor	SRB	CALIK Merdan	TUR	PTF	2:0
bosnia-open-2024	Senior Men -58kg	R16	216	SERER Fran	CRO	GOKALP Cuneyt	TUR	PTF	2:0
bosnia-open-2024	Senior Men -58kg	R16	217	GELADZE Vitali	GEO	VALIYEV Rahid	AZE	PTF	2:1
bosnia-open-2024	Senior Men -58kg	QF	220	GURTSIEV Georgii	AIN	PARK Min kyu	KOR	PTF	2:0
bosnia-open-2024	Senior Men -58kg	QF	221	MOLJ Domen	SLO	KURU Alihan	TUR	PTF	2:0
bosnia-open-2024	Senior Men -58kg	QF	222	VASILIC Todor	SRB	SARSOZA Zack	GBR	PTF	3:0
bosnia-open-2024	Senior Men -58kg	QF	223	GELADZE Vitali	GEO	SERER Fran	CRO	PTF	2:0
bosnia-open-2024	Senior Men -58kg	SF	228	GURTSIEV Georgii	AIN	MOLJ Domen	SLO	WDR	
bosnia-open-2024	Senior Men -58kg	SF	229	GELADZE Vitali	GEO	VASILIC Todor	SRB	PTF	2:0
bosnia-open-2024	Senior Men -58kg	F	232	GURTSIEV Georgii	AIN	GELADZE Vitali	GEO	WDR	1:0
bosnia-open-2024	Senior Men -54kg	R32	101	CARRILLO Joseph	USA	LABONG Finn	GBR	WDR	2:0
bosnia-open-2024	Senior Men -54kg	R32	102	KAZLOU Aliaksandr	AIN	KUSKU Alaattin	TUR	PTF	2:1
bosnia-open-2024	Senior Men -54kg	R32	103	MOLJ Ozbolt	SLO	ILIC Nikola	SRB	PTF	2:1
bosnia-open-2024	Senior Men -54kg	R32	104	ERCAN Yusuf	TUR	KHAZMALYAN Vahe	ARM	PTF	2:1
bosnia-open-2024	Senior Men -54kg	R32	105	PAVONE Hunter	USA	THOMPSON Lennon	GBR	WDR	
bosnia-open-2024	Senior Men -54kg	R16	106	GEORGIEV Hristiyan	BUL	CARRILLO Joseph	USA	PTF	2:0
bosnia-open-2024	Senior Men -54kg	R16	107	AKSOY Selimhan	TUR	GASANOVI Rauph	GEO	PTF	2:0
bosnia-open-2024	Senior Men -54kg	R16	108	KAZLOU Aliaksandr	AIN	GARCIA Noah	FRA	PTF	1:1
bosnia-open-2024	Senior Men -54kg	R16	109	MOLJ Ozbolt	SLO	MELIKYAN Aleks	ARM	PTF	2:0
bosnia-open-2024	Senior Men -54kg	R16	110	DE Giovanni Aubin	BRA	ERCAN Yusuf	TUR	PTF	2:1
bosnia-open-2024	Senior Men -54kg	R16	111	MARWAN Mussa	SWE	MIKLAVCIC Aljaz	SLO	PTF	2:0
bosnia-open-2024	Senior Men -54kg	R16	112	SEO Eunsu	KOR	LEHTINEN Valtteri	FIN	PTF	2:0
bosnia-open-2024	Senior Men -54kg	R16	113	MANENKOV Maksym	UKR	PAVONE Hunter	USA	PTF	2:1
bosnia-open-2024	Senior Men -54kg	QF	116	GEORGIEV Hristiyan	BUL	AKSOY Selimhan	TUR	PTF	2:0
bosnia-open-2024	Senior Men -54kg	QF	117	KAZLOU Aliaksandr	AIN	MOLJ Ozbolt	SLO	PTF	2:1
bosnia-open-2024	Senior Men -54kg	QF	118	DE Giovanni Aubin	BRA	MARWAN Mussa	SWE	PTF	2:0
bosnia-open-2024	Senior Men -54kg	QF	119	SEO Eunsu	KOR	MANENKOV Maksym	UKR	PTF	2:0
bosnia-open-2024	Senior Men -54kg	SF	124	GEORGIEV Hristiyan	BUL	KAZLOU Aliaksandr	AIN	PTF	2:0
bosnia-open-2024	Senior Men -54kg	SF	125	SEO Eunsu	KOR	DE Giovanni Aubin	BRA	PTF	2:0
bosnia-open-2024	Senior Men -54kg	F	128	SEO Eunsu	KOR	GEORGIEV Hristiyan	BUL	PTF	2:1
bosnia-open-2024	Senior Men +87kg	R16	520	BADAROVSKI Gorjan	MKD	TARCHYLA Aliaksei	AIN	WDR	1:0
bosnia-open-2024	Senior Men +87kg	R16	521	BICER Enbiya taha	TUR	ALVES Pedro Arthur	BRA	PTF	1:0
bosnia-open-2024	Senior Men +87kg	R16	522	DEMIRCIOGLU Huseyin berat	TUR	TOKGOZ Oguz	TUR	PTF	2:1
bosnia-open-2024	Senior Men +87kg	R16	523	MESHALKIN Dzmitry	AIN	SELIMOVIC Samir	BIH	WDR	2:0
bosnia-open-2024	Senior Men +87kg	QF	528	GEORGIEVSKI Dejan	MKD	BADAROVSKI Gorjan	MKD	PTF	2:0
bosnia-open-2024	Senior Men +87kg	QF	529	BICER Enbiya taha	TUR	PLONIS Artsiom	AIN	PTF	2:1
bosnia-open-2024	Senior Men +87kg	QF	530	DEMIRCIOGLU Huseyin berat	TUR	MATSABERIDZE Ilia	GEO	PTF	2:0
bosnia-open-2024	Senior Men +87kg	QF	531	MESHALKIN Dzmitry	AIN	AGBOGBE-SALANON Osmund	FRA	PTF	2:0
bosnia-open-2024	Senior Men +87kg	SF	534	GEORGIEVSKI Dejan	MKD	BICER Enbiya taha	TUR	PTF	2:0
bosnia-open-2024	Senior Men +87kg	SF	535	DEMIRCIOGLU Huseyin berat	TUR	MESHALKIN Dzmitry	AIN	WDR	
bosnia-open-2024	Senior Men +87kg	F	537	DEMIRCIOGLU Huseyin berat	TUR	GEORGIEVSKI Dejan	MKD	PTF	1:0
bosnia-open-2024	Senior Women -73kg	R16	724	KOLOVRAT Matea	CRO	MEHMEDOVIC Nadina	BIH	PTF	2:0
bosnia-open-2024	Senior Women -73kg	R16	725	NOWAK Julia	POL	ZANONI Carlota Ter	ESP	PTF	2:0
bosnia-open-2024	Senior Women -73kg	R16	726	BOZANIC Nadica	SRB	ANDERSEN Jasmin	DEN	PTF	2:0
bosnia-open-2024	Senior Women -73kg	R16	727	NAMGUNG Seoyeon	KOR	HOERMANN Emily	GER	PTF	2:0
bosnia-open-2024	Senior Women -73kg	R16	728	OLIVEIRA Mikaela	BRA	DUMINA Mariia	UKR	PTF	2:0
bosnia-open-2024	Senior Women -73kg	R16	729	DJALTUR Iman	BIH	RUDOLF Nika	SLO	WDR	
bosnia-open-2024	Senior Women -73kg	R16	730	MASTELIC Mila	CRO	PETROVIC Iva	SRB	PTF	2:0
bosnia-open-2024	Senior Women -73kg	QF	735	CHAARI Sarah	BEL	KOLOVRAT Matea	CRO	WDR	
bosnia-open-2024	Senior Women -73kg	QF	736	BOZANIC Nadica	SRB	NOWAK Julia	POL	PTF	2:1
bosnia-open-2024	Senior Women -73kg	QF	737	OLIVEIRA Mikaela	BRA	NAMGUNG Seoyeon	KOR	PTF	2:0
bosnia-open-2024	Senior Women -73kg	QF	738	MASTELIC Mila	CRO	DJALTUR Iman	BIH	PTF	2:0
bosnia-open-2024	Senior Women -73kg	SF	741	CHAARI Sarah	BEL	BOZANIC Nadica	SRB	PTF	2:0
bosnia-open-2024	Senior Women -73kg	SF	742	MASTELIC Mila	CRO	OLIVEIRA Mikaela	BRA	PTF	2:0
bosnia-open-2024	Senior Women -73kg	F	744	CHAARI Sarah	BEL	MASTELIC Mila	CRO	PTF	2:0
bosnia-open-2024	Senior Women -67kg	R32	402	JOKIC Marija	BIH	PARK Su Hyun	KOR	PTF	2:0
bosnia-open-2024	Senior Women -67kg	R16	411	TOMCZAK Tatiana	POL	JOKIC Marija	BIH	PTF	2:0
bosnia-open-2024	Senior Women -67kg	R16	412	KLEPAC Nika	CRO	YENITEN Gizem	TUR	PTG	1:0
bosnia-open-2024	Senior Women -67kg	R16	413	MOUSSA Madinatou	ESP	NILSEN Mari romundset	NOR	PTF	2:1
bosnia-open-2024	Senior Women -67kg	R16	414	NINA Urganaeva	ARM	ZOE Gueli	HUN	PTF	2:0
bosnia-open-2024	Senior Women -67kg	R16	415	KRSTINIC Anja	CRO	SHALONIK Darya	AIN	PTF	2:0
bosnia-open-2024	Senior Women -67kg	R16	416	SZPAK Julia	POL	ATANASOVA Martina	BUL	PTF	2:0
bosnia-open-2024	Senior Women -67kg	R16	417	JELIC Matea	CRO	GUELI Sophie	HUN	PTF	2:0
bosnia-open-2024	Senior Women -67kg	R16	418	MARTON Luana	ESP	ZAFER Isil	TUR	PTF	2:1
bosnia-open-2024	Senior Women -67kg	QF	423	KLEPAC Nika	CRO	TOMCZAK Tatiana	POL	PTF	2:0
bosnia-open-2024	Senior Women -67kg	QF	424	NINA Urganaeva	ARM	MOUSSA Madinatou	ESP	PTF	2:0
bosnia-open-2024	Senior Women -67kg	QF	425	SZPAK Julia	POL	KRSTINIC Anja	CRO	PTF	2:1
bosnia-open-2024	Senior Women -67kg	QF	426	JELIC Matea	CRO	MARTON Luana	ESP	PTF	2:0
bosnia-open-2024	Senior Women -67kg	SF	429	NINA Urganaeva	ARM	KLEPAC Nika	CRO	PTF	2:1
bosnia-open-2024	Senior Women -67kg	SF	430	SZPAK Julia	POL	JELIC Matea	CRO	WDR	
bosnia-open-2024	Senior Women -67kg	F	432	NINA Urganaeva	ARM	SZPAK Julia	POL	PTF	2:0
bosnia-open-2024	Senior Women -62kg	R32	801	ARELIC Ivana	CRO	CHOI Subin	KOR	PTF	2:1
bosnia-open-2024	Senior Women -62kg	R32	802	KARABULUT Beyza	TUR	VIEIRA Beatriz	POR	PTF	2:0
bosnia-open-2024	Senior Women -62kg	R32	803	ORLOVIC Marija	BIH	CHUA Chloe	USA	PTF	2:0
bosnia-open-2024	Senior Women -62kg	R32	804	UGLESIC Marija	CRO	KAZIMOVA Nargiz	AZE	PTF	2:1
bosnia-open-2024	Senior Women -62kg	R32	805	MERCIMEK Rumeysa	TUR	GUSTAFSSON Ada	FIN	PTF	2:0
bosnia-open-2024	Senior Women -62kg	R32	806	HUESCH Angelina	GER	SAVKOVIC Nadja	SRB	PTF	2:0
bosnia-open-2024	Senior Women -62kg	R32	807	MONTEIRO Maisa	POR	BAHRI Elae	NOR	PTF	2:0
bosnia-open-2024	Senior Women -62kg	R16	808	MARTON Viviana	ESP	ARELIC Ivana	CRO	PTF	2:0
bosnia-open-2024	Senior Women -62kg	R16	809	JELIC Ivona	CRO	NAVITSKAIA Darya	AIN	PTF	2:1
bosnia-open-2024	Senior Women -62kg	R16	810	KARABULUT Beyza	TUR	GJELSVIK Karoline	NOR	PTF	2:0
bosnia-open-2024	Senior Women -62kg	R16	811	MESTROVIC Dora	CRO	ORLOVIC Marija	BIH	PTF	2:0
bosnia-open-2024	Senior Women -62kg	R16	812	UGLESIC Marija	CRO	KICINSKA Klaudia	POL	PTF	2:0
bosnia-open-2024	Senior Women -62kg	R16	813	EK Isabella	SWE	MERCIMEK Rumeysa	TUR	PTF	2:0
bosnia-open-2024	Senior Women -62kg	R16	814	HUESCH Angelina	GER	ANDERSSON Tindra	SWE	PTF	2:0
bosnia-open-2024	Senior Women -62kg	R16	815	KICEMA Helena	CRO	MONTEIRO Maisa	POR	PTF	2:0
bosnia-open-2024	Senior Women -62kg	QF	816	MARTON Viviana	ESP	JELIC Ivona	CRO	PTF	2:0
bosnia-open-2024	Senior Women -62kg	QF	817	MESTROVIC Dora	CRO	KARABULUT Beyza	TUR	PTF	2:0
bosnia-open-2024	Senior Women -62kg	QF	818	UGLESIC Marija	CRO	EK Isabella	SWE	PTF	2:0
bosnia-open-2024	Senior Women -62kg	QF	819	KICEMA Helena	CRO	HUESCH Angelina	GER	PTF	2:1
bosnia-open-2024	Senior Women -62kg	SF	820	MARTON Viviana	ESP	MESTROVIC Dora	CRO	PTF	2:0
bosnia-open-2024	Senior Women -62kg	SF	821	UGLESIC Marija	CRO	KICEMA Helena	CRO	PTF	2:0
bosnia-open-2024	Senior Women -62kg	F	824	MARTON Viviana	ESP	UGLESIC Marija	CRO	PTF	2:0
bosnia-open-2024	Senior Women -57kg	R32	301	BASHIROVA Leyla	AZE	KESIC Helena	BIH	PTF	2:0
bosnia-open-2024	Senior Women -57kg	R32	302	DURDU Eylul Mina	TUR	CELIK Edanur	TUR	PTF	2:0
bosnia-open-2024	Senior Women -57kg	R32	303	RAVASKA Inka	FIN	BOWMAN Honey	GBR	PTF	2:1
bosnia-open-2024	Senior Women -57kg	R32	304	KANBUR Sevval Melek	TUR	KUKIC Iva	SRB	PTF	2:1
bosnia-open-2024	Senior Women -57kg	R32	305	LIMA Vitoria	BRA	KIM Yurin	KOR	PTF	2:0
bosnia-open-2024	Senior Women -57kg	R32	306	KIM Nanhee	KOR	RAHMANI Ruqia	FIN	PTF	2:0
bosnia-open-2024	Senior Women -57kg	R32	307	DULGER Elif Sudem	TUR	TERESHCHENKO Anastasiia	UKR	PTF	2:0
bosnia-open-2024	Senior Women -57kg	R32	308	KARABATIC Nika	CRO	GOGEBAKAN Huru gokce	TUR	PTF	2:1
bosnia-open-2024	Senior Women -57kg	R32	309	STAMENKOVIC Teodora	SRB	SHUMSKY Sofia	USA	PTF	2:0
bosnia-open-2024	Senior Women -57kg	R32	310	HASAN Gizem	TUR	MILIC Nikolina	SRB	PTF	2:0
bosnia-open-2024	Senior Women -57kg	R32	311	KRAISNIK Ivana	BIH	ABDULLAYEVA Nigar	AZE	PTF	2:0
bosnia-open-2024	Senior Women -57kg	R16	318	SEREDA Julia	POL	BASHIROVA Leyla	AZE	PTF	2:0
bosnia-open-2024	Senior Women -57kg	R16	319	DURDU Eylul Mina	TUR	RAVASKA Inka	FIN	PTF	2:0
bosnia-open-2024	Senior Women -57kg	R16	320	KANBUR Sevval Melek	TUR	MILLER Montana	USA	PTF	2:1
bosnia-open-2024	Senior Women -57kg	R16	321	LIMA Vitoria	BRA	MAKRYGIANNI Athina	GRE	PTF	2:0
bosnia-open-2024	Senior Women -57kg	R16	322	KIM Nanhee	KOR	HAMZIC Dzejna	BIH	PTF	2:1
bosnia-open-2024	Senior Women -57kg	R16	323	KARABATIC Nika	CRO	DULGER Elif Sudem	TUR	PTF	2:0
bosnia-open-2024	Senior Women -57kg	R16	324	HASAN Gizem	TUR	STAMENKOVIC Teodora	SRB	PTF	2:0
bosnia-open-2024	Senior Women -57kg	R16	325	VITKO Yuliya	AIN	KRAISNIK Ivana	BIH	PTF	2:0
bosnia-open-2024	Senior Women -57kg	QF	334	SEREDA Julia	POL	DURDU Eylul Mina	TUR	PTF	2:0
bosnia-open-2024	Senior Women -57kg	QF	335	KANBUR Sevval Melek	TUR	LIMA Vitoria	BRA	PTF	2:1
bosnia-open-2024	Senior Women -57kg	QF	336	KIM Nanhee	KOR	KARABATIC Nika	CRO	WDR	
bosnia-open-2024	Senior Women -57kg	QF	337	VITKO Yuliya	AIN	HASAN Gizem	TUR	PTF	2:0
bosnia-open-2024	Senior Women -57kg	SF	342	SEREDA Julia	POL	KANBUR Sevval Melek	TUR	PTF	3:0
bosnia-open-2024	Senior Women -57kg	SF	343	VITKO Yuliya	AIN	KIM Nanhee	KOR	PTF	2:0
bosnia-open-2024	Senior Women -57kg	F	346	VITKO Yuliya	AIN	SEREDA Julia	POL	PTF	2:0
bosnia-open-2024	Senior Women -53kg	R32	312	APOIKOU Varvara	GRE	DUARTE Lara	POR	PTF	2:0
bosnia-open-2024	Senior Women -53kg	R32	313	TASKIN Zeynep	TUR	MANKONEN Juuli	FIN	PTF	2:0
bosnia-open-2024	Senior Women -53kg	R32	314	HAN Seoheun	KOR	MAKAS Ajna	BIH	WDR	1:0
bosnia-open-2024	Senior Women -53kg	R32	315	STOJANOVIC Nina	SRB	AMMARI Hadjar	FRA	PTF	2:0
bosnia-open-2024	Senior Women -53kg	R32	316	OSMANOVA Samarrukh	AZE	GONCALVES Lara	POR	PTF	2:1
bosnia-open-2024	Senior Women -53kg	R32	317	KRAISNIK Katarina	BIH	FIBY Genevieve	AUT	PTF	2:0
bosnia-open-2024	Senior Women -53kg	R16	326	AVDAGIC Ada	BIH	APOIKOU Varvara	GRE	PTF	2:0
bosnia-open-2024	Senior Women -53kg	R16	327	BODEN Indra	SWE	MUSICKI Jovana	SRB	PTF	2:1
bosnia-open-2024	Senior Women -53kg	R16	328	TASKIN Zeynep	TUR	TUKIC Mia	CRO	PTF	2:0
bosnia-open-2024	Senior Women -53kg	R16	329	BOKAN Andrea	SRB	HAN Seoheun	KOR	PTF	2:0
bosnia-open-2024	Senior Women -53kg	R16	330	MILIC Milica	SRB	STOJANOVIC Nina	SRB	PTF	2:1
bosnia-open-2024	Senior Women -53kg	R16	331	STANKOVIC Vanja	SRB	OSMANOVA Samarrukh	AZE	PTF	2:1
bosnia-open-2024	Senior Women -53kg	R16	332	SPEHAR Lea	CRO	ABDOU Zaraou	ESP	PTF	2:0
bosnia-open-2024	Senior Women -53kg	R16	333	KRAISNIK Katarina	BIH	CHESALKINA Iryna	UKR	PTF	2:0
bosnia-open-2024	Senior Women -53kg	QF	338	AVDAGIC Ada	BIH	BODEN Indra	SWE	PTF	2:0
bosnia-open-2024	Senior Women -53kg	QF	339	BOKAN Andrea	SRB	TASKIN Zeynep	TUR	PTF	2:1
bosnia-open-2024	Senior Women -53kg	QF	340	STANKOVIC Vanja	SRB	MILIC Milica	SRB	PTF	2:0
bosnia-open-2024	Senior Women -53kg	QF	341	KRAISNIK Katarina	BIH	SPEHAR Lea	CRO	PTF	2:1
bosnia-open-2024	Senior Women -53kg	SF	344	AVDAGIC Ada	BIH	BOKAN Andrea	SRB	PTF	2:0
bosnia-open-2024	Senior Women -53kg	SF	345	KRAISNIK Katarina	BIH	STANKOVIC Vanja	SRB	PTF	2:0
bosnia-open-2024	Senior Women -53kg	F	347	KRAISNIK Katarina	BIH	AVDAGIC Ada	BIH	PTF	2:0
bosnia-open-2024	Senior Women -49kg	R16	218	DUVANCIC Bruna	CRO	MAMMADOVA Maryam	AZE	PTF	2:0
bosnia-open-2024	Senior Women -49kg	R16	219	HASANZADE Zemfira	AZE	SALOMEAH Francis	CRO	PTF	2:1
bosnia-open-2024	Senior Women -49kg	QF	224	DUVANCIC Bruna	CRO	BRYHIDA Erika	UKR	PTF	2:0
bosnia-open-2024	Senior Women -49kg	QF	225	TURAN Sila zeynep	TUR	KRAJIC Teodora	AUT	PTF	2:0
bosnia-open-2024	Senior Women -49kg	QF	226	GEORGIEVA Aleksandra	BUL	EKSI Selin	TUR	PTF	2:0
bosnia-open-2024	Senior Women -49kg	QF	227	HASANZADE Zemfira	AZE	GARBETT Latisha	GBR	PTF	2:1
bosnia-open-2024	Senior Women -49kg	SF	230	TURAN Sila zeynep	TUR	DUVANCIC Bruna	CRO	WDR	
bosnia-open-2024	Senior Women -49kg	SF	231	GEORGIEVA Aleksandra	BUL	HASANZADE Zemfira	AZE	PTF	2:0
bosnia-open-2024	Senior Women -49kg	F	233	GEORGIEVA Aleksandra	BUL	TURAN Sila zeynep	TUR	PTF	2:0
bosnia-open-2024	Senior Women -46kg	R16	114	RAMO Jenna	FIN	MAJLUND Sofia	FIN	PTF	2:0
bosnia-open-2024	Senior Women -46kg	R16	115	BAYRAKTAR Hiranur	TUR	TAMMILA Ada-emilia	FIN	PTF	2:0
bosnia-open-2024	Senior Women -46kg	QF	120	BARROSO Kiara	POR	RAMO Jenna	FIN	PTF	2:1
bosnia-open-2024	Senior Women -46kg	QF	121	GULIYEVA Salima	AZE	BRAJOVIC Iva	SRB	PTF	2:0
bosnia-open-2024	Senior Women -46kg	QF	122	ATTOUT Lhena	FRA	SALGUEIRO Patricia	POR	PTF	2:0
bosnia-open-2024	Senior Women -46kg	QF	123	BAYRAKTAR Hiranur	TUR	TAMMILA Ida-elina	FIN	PTF	2:1
bosnia-open-2024	Senior Women -46kg	SF	126	GULIYEVA Salima	AZE	BARROSO Kiara	POR	PTF	2:0
bosnia-open-2024	Senior Women -46kg	SF	127	BAYRAKTAR Hiranur	TUR	ATTOUT Lhena	FRA	PTF	2:1
bosnia-open-2024	Senior Women -46kg	F	129	BAYRAKTAR Hiranur	TUR	GULIYEVA Salima	AZE	PTF	2:0
bosnia-open-2024	Senior Women +73kg	SF	822	MATIC Magdalena	CRO	HRVAT Amina	BIH	PTF	2:0
bosnia-open-2024	Senior Women +73kg	SF	823	KRIZANAC Ruzica	BIH	KORKUT Kardelen	TUR	WDR	
bosnia-open-2024	Senior Women +73kg	F	825	MATIC Magdalena	CRO	KRIZANAC Ruzica	BIH	WDR	1:0
balkan-cup-2024	Senior Men -87kg	SF	423	NUCI Erol	BIH	STOJANOVIC Stefan	SRB	PTF	2:1
balkan-cup-2024	Senior Men -87kg	SF	424	SNACOV Laurentiu	ROU	AJDUKOVIC Dimitrije	SRB	PTF	2:1
balkan-cup-2024	Senior Men -87kg	F	427	SNACOV Laurentiu	ROU	NUCI Erol	BIH	PTF	2:0
balkan-cup-2024	Senior Men -80kg	R16	401	JERMAMI Mehdi	FRA	AGRISAN Stefan Gabriel	ROU	WDR	
balkan-cup-2024	Senior Men -80kg	R16	402	ODINAEV Rustam	SRB	PANIC Veljko	SRB	PTF	
balkan-cup-2024	Senior Men -80kg	R16	403	TAHRAOUI Yanis	FRA	ELSHEIKH Adham	EGY	PTF	2:1
balkan-cup-2024	Senior Men -80kg	QF	411	HURNOV Kyrylo	UKR	JERMAMI Mehdi	FRA	PTF	2:0
balkan-cup-2024	Senior Men -80kg	QF	412	KOSTENEVYCH Kostiantyn	UKR	CHARALAMBOUS Evangelos	CYP	PTF	2:0
balkan-cup-2024	Senior Men -80kg	QF	413	ODINAEV Rustam	SRB	CRISTESCU Mihai adrian	ROU	PTF	2:0
balkan-cup-2024	Senior Men -80kg	QF	414	PAPADOPOULOS Ioannis	GRE	TAHRAOUI Yanis	FRA	PTF	2:0
balkan-cup-2024	Senior Men -80kg	SF	419	KOSTENEVYCH Kostiantyn	UKR	HURNOV Kyrylo	UKR	PTF	2:0
balkan-cup-2024	Senior Men -80kg	SF	420	PAPADOPOULOS Ioannis	GRE	ODINAEV Rustam	SRB	PTF	2:0
balkan-cup-2024	Senior Men -80kg	F	425	KOSTENEVYCH Kostiantyn	UKR	PAPADOPOULOS Ioannis	GRE	PTF	2:1
balkan-cup-2024	Senior Men -74kg	R16	404	NICOLAE Dogari	ROU	SAMEH Saif El Din	EGY	PTF	2:1
balkan-cup-2024	Senior Men -74kg	R16	405	AVRAMOV Bozhidar	BUL	HABIBOVIC Sadmir	BIH	PTF	2:0
balkan-cup-2024	Senior Men -74kg	R16	406	DUGAC Grga	CRO	PANTIS Patrick	AUT	PTF	2:0
balkan-cup-2024	Senior Men -74kg	R16	407	GIANNOU Efstratios	GRE	AGUSHI Elion	KOS	PTF	2:0
balkan-cup-2024	Senior Men -74kg	R16	408	MOHAMMED Ahmed Bassem Fawad Hussein	EGY	LONCAR Nikola	SRB	PTF	2:0
balkan-cup-2024	Senior Men -74kg	R16	409	SAHITI Mal	AUT	GASHI Jon	KOS	PTF	2:0
balkan-cup-2024	Senior Men -74kg	R16	410	GALLAND Warrick	SUI	DAGKOVANOS Apostolos	GRE	PTF	1:1
balkan-cup-2024	Senior Men -74kg	QF	415	BECOVIC Zinedin	MNE	NICOLAE Dogari	ROU	PTF	2:0
balkan-cup-2024	Senior Men -74kg	QF	416	DUGAC Grga	CRO	AVRAMOV Bozhidar	BUL	PTF	2:0
balkan-cup-2024	Senior Men -74kg	QF	417	MOHAMMED Ahmed Bassem Fawad Hussein	EGY	GIANNOU Efstratios	GRE	PTF	2:0
balkan-cup-2024	Senior Men -74kg	QF	418	GALLAND Warrick	SUI	SAHITI Mal	AUT	PTF	2:1
balkan-cup-2024	Senior Men -74kg	SF	421	DUGAC Grga	CRO	BECOVIC Zinedin	MNE	PTF	2:1
balkan-cup-2024	Senior Men -74kg	SF	422	GALLAND Warrick	SUI	MOHAMMED Ahmed Bassem Fawad Hussein	EGY	PTF	2:0
balkan-cup-2024	Senior Men -74kg	F	426	GALLAND Warrick	SUI	DUGAC Grga	CRO	PTF	2:0
balkan-cup-2024	Senior Men -68kg	R32	301	KRAJISNIK Zarko	SRB	MARIN Alexandru cristian	ROU	PTF	2:0
balkan-cup-2024	Senior Men -68kg	R16	302	KRAJISNIK Zarko	SRB	ALMEIDA Fillipe	BRA	PTF	2:0
balkan-cup-2024	Senior Men -68kg	R16	303	GENDY Mohamed	EGY	KHAMMERMAN Danil	UKR	PTF	2:0
balkan-cup-2024	Senior Men -68kg	R16	304	BURUSIC Marko	SRB	FARCAS Alexandru	ROU	PTF	2:0
balkan-cup-2024	Senior Men -68kg	R16	305	LUCIEN Theo	FRA	BIATETS Maksym	UKR	PTF	2:0
balkan-cup-2024	Senior Men -68kg	R16	306	DJONKO Muhamed	BIH	HILAL Ali	CAN	PTF	2:0
balkan-cup-2024	Senior Men -68kg	R16	307	KOMATINA Ognjen	MNE	CIURUSNIUC Alexandru	ROU	PTF	2:0
balkan-cup-2024	Senior Men -68kg	R16	308	SARR Matar	FRA	ONITA Alin	ROU	PTF	2:0
balkan-cup-2024	Senior Men -68kg	R16	309	SPEIGHT Leo	ISL	GEORGIEV Victor	BUL	PTF	2:0
balkan-cup-2024	Senior Men -68kg	QF	310	KRAJISNIK Zarko	SRB	GENDY Mohamed	EGY	PTF	2:0
balkan-cup-2024	Senior Men -68kg	QF	311	LUCIEN Theo	FRA	BURUSIC Marko	SRB	PTF	2:0
balkan-cup-2024	Senior Men -68kg	QF	312	KOMATINA Ognjen	MNE	DJONKO Muhamed	BIH	PTF	2:0
balkan-cup-2024	Senior Men -68kg	QF	313	SPEIGHT Leo	ISL	SARR Matar	FRA	PTF	1:0
balkan-cup-2024	Senior Men -68kg	SF	318	LUCIEN Theo	FRA	KRAJISNIK Zarko	SRB	PTF	2:1
balkan-cup-2024	Senior Men -68kg	SF	319	SPEIGHT Leo	ISL	KOMATINA Ognjen	MNE	PTF	2:1
balkan-cup-2024	Senior Men -68kg	F	323	LUCIEN Theo	FRA	SPEIGHT Leo	ISL	PTF	1:0
balkan-cup-2024	Senior Men -63kg	R16	201	ADEMI Valton	KOS	SPANIDIS Konstantinos	GRE	PTF	2:0
balkan-cup-2024	Senior Men -63kg	R16	202	ANDRONIKOU Kyriakos	CYP	DJONKO Ibrahim	BIH	PTF	2:0
balkan-cup-2024	Senior Men -63kg	R16	203	ALQUMIZI Abdullah	KSA	FILIP Raul Mario	ROU	PTF	2:0
balkan-cup-2024	Senior Men -63kg	R16	204	HUY Ethan	FRA	ALSAFFOURI Tayam	AUT	PTF	2:0
balkan-cup-2024	Senior Men -63kg	QF	209	ADEMI Valton	KOS	REKIK Adam	FRA	DSQ	
balkan-cup-2024	Senior Men -63kg	QF	210	KORNEEV Lev	SRB	ANDRONIKOU Kyriakos	CYP	PTF	2:0
balkan-cup-2024	Senior Men -63kg	QF	211	ALQUMIZI Abdullah	KSA	BOURGEOIS Owen	FRA	PTF	2:1
balkan-cup-2024	Senior Men -63kg	QF	212	CAPUANO Lorenzo	FRA	HUY Ethan	FRA	PTF	2:0
balkan-cup-2024	Senior Men -63kg	SF	220	KORNEEV Lev	SRB	ADEMI Valton	KOS	WDR	
balkan-cup-2024	Senior Men -63kg	SF	221	CAPUANO Lorenzo	FRA	ALQUMIZI Abdullah	KSA	PTF	2:0
balkan-cup-2024	Senior Men -63kg	F	226	KORNEEV Lev	SRB	CAPUANO Lorenzo	FRA	PTF	2:0
balkan-cup-2024	Senior Men -58kg	QF	108	BEDART Samuel	FRA	ALEXANDRU Miu	ROU	PTF	2:0
balkan-cup-2024	Senior Men -58kg	QF	109	USCOV Serghei	MDA	BAHTANOVIC Hamza	BIH	PTF	2:0
balkan-cup-2024	Senior Men -58kg	QF	110	NESTOROVIĆ Vasilije	MNE	JOVANOVIC Nemanja	SRB	PTF	1:0
balkan-cup-2024	Senior Men -58kg	QF	111	ZIVKOVIC Dragan	SRB	ADEMI Bleron	KOS	WDR	
balkan-cup-2024	Senior Men -58kg	SF	118	USCOV Serghei	MDA	BEDART Samuel	FRA	PTF	2:1
balkan-cup-2024	Senior Men -58kg	SF	119	NESTOROVIĆ Vasilije	MNE	ZIVKOVIC Dragan	SRB	PTF	2:0
balkan-cup-2024	Senior Men -58kg	F	125	USCOV Serghei	MDA	NESTOROVIĆ Vasilije	MNE	PTF	2:0
balkan-cup-2024	Senior Men -54kg	SF	122	AL Nibras	OMA	IVAN Faruk Eduard	ROU	PTF	2:0
balkan-cup-2024	Senior Men -54kg	F	127	AL Nibras	OMA	MARA Jibryl	FRA	PTF	2:1
balkan-cup-2024	Senior Men +87kg	QF	314	EL Omar	FRA	MANEA Robert	ROU	PTF	2:0
balkan-cup-2024	Senior Men +87kg	QF	315	BABY Christopher	ROU	BADAROVSKI Gorjan	MKD	PTF	2:0
balkan-cup-2024	Senior Men +87kg	QF	316	MARINESCU Dragos	MDA	CARAGEA Tudor Gabr	ROU	PTF	2:0
balkan-cup-2024	Senior Men +87kg	QF	317	TELIKOSTOGLOU Apostolos	GRE	AGBOGBE-SALANON Osmund	FRA	PTF	2:0
balkan-cup-2024	Senior Men +87kg	SF	320	EL Omar	FRA	BABY Christopher	ROU	PTF	2:0
balkan-cup-2024	Senior Men +87kg	SF	321	TELIKOSTOGLOU Apostolos	GRE	MARINESCU Dragos	MDA	PTF	2:0
balkan-cup-2024	Senior Men +87kg	F	324	TELIKOSTOGLOU Apostolos	GRE	EL Omar	FRA	PTF	2:0
balkan-cup-2024	Senior Women -73kg	F	229	OLIVEIRA Mikaela	BRA	DUMINA Mariia	UKR	PTF	2:0
balkan-cup-2024	Senior Women -67kg	SF	322	KRUSH Diana	UKR	MARASLI Zeynep Ebrar	TUR	PTF	2:0
balkan-cup-2024	Senior Women -67kg	F	325	KRUSH Diana	UKR	ESEN Tugce Kader	TUR	PTF	2:0
balkan-cup-2024	Senior Women -62kg	QF	112	GRETARSDOTTIR Ingibjorg	ISL	KOMATINA Andrea	MNE	PTF	2:1
balkan-cup-2024	Senior Women -62kg	QF	113	BERISAJ Andrea	MNE	SAVKOVIC Nadja	SRB	PTF	2:1
balkan-cup-2024	Senior Women -62kg	QF	114	MILIC Nikolina	SRB	KAMINI Eftychia	GRE	PTF	2:0
balkan-cup-2024	Senior Women -62kg	QF	115	ARELIC Ivana	CRO	RELJIKJ Miljana	MKD	PTF	2:0
balkan-cup-2024	Senior Women -62kg	SF	120	GRETARSDOTTIR Ingibjorg	ISL	BERISAJ Andrea	MNE	PTF	2:0
balkan-cup-2024	Senior Women -62kg	SF	121	ARELIC Ivana	CRO	MILIC Nikolina	SRB	PTF	2:0
balkan-cup-2024	Senior Women -62kg	F	126	ARELIC Ivana	CRO	GRETARSDOTTIR Ingibjorg	ISL	PTF	2:0
balkan-cup-2024	Senior Women -57kg	R16	205	SANZ Rut	ESP	TERESHCHENKO Anastasiia	UKR	PTF	2:0
balkan-cup-2024	Senior Women -57kg	R16	206	AJDUKOVIC Vesna	SRB	GASHI Rona	KOS	PTF	2:0
balkan-cup-2024	Senior Women -57kg	R16	207	LIMA Vitoria	BRA	ENTEZARI Nazila	AUT	WDR	1:0
balkan-cup-2024	Senior Women -57kg	R16	208	TSALLOU Athanasia	GRE	RITI Ana	ROU	PTF	2:0
balkan-cup-2024	Senior Women -57kg	QF	213	VUKIC Margarita	CRO	SANZ Rut	ESP	PTF	2:0
balkan-cup-2024	Senior Women -57kg	QF	214	AJDUKOVIC Vesna	SRB	COMAN Gabriela bianca	ROU	PTF	2:0
balkan-cup-2024	Senior Women -57kg	QF	215	LIMA Vitoria	BRA	STANKOVIC Milica	SRB	PTF	2:0
balkan-cup-2024	Senior Women -57kg	QF	216	TSALLOU Athanasia	GRE	HAMZIC Dzejna	BIH	PTF	2:0
balkan-cup-2024	Senior Women -57kg	SF	222	VUKIC Margarita	CRO	AJDUKOVIC Vesna	SRB	PTF	2:1
balkan-cup-2024	Senior Women -57kg	SF	223	LIMA Vitoria	BRA	TSALLOU Athanasia	GRE	PTF	2:0
balkan-cup-2024	Senior Women -57kg	F	227	LIMA Vitoria	BRA	VUKIC Margarita	CRO	PTF	2:1
balkan-cup-2024	Senior Women -53kg	QF	217	BOKAN Andrea	SRB	STANKOVIC Vanja	SRB	PTF	2:0
balkan-cup-2024	Senior Women -53kg	QF	218	KIOSKEROGLOU Maria	GRE	BURUIANA Andreea	ROU	PTF	2:0
balkan-cup-2024	Senior Women -53kg	QF	219	SPASOJEVIC Sara	CRO	KARIMI Nuria	SLO	PTF	2:0
balkan-cup-2024	Senior Women -53kg	SF	224	KHATTAB Jana	EGY	BOKAN Andrea	SRB	PTF	2:0
balkan-cup-2024	Senior Women -53kg	SF	225	SPASOJEVIC Sara	CRO	KIOSKEROGLOU Maria	GRE	PTF	2:0
balkan-cup-2024	Senior Women -53kg	F	228	KHATTAB Jana	EGY	SPASOJEVIC Sara	CRO	PTF	2:0
balkan-cup-2024	Senior Women -49kg	R16	101	MILIC Milica	SRB	LAZIC Katharina	AUT	PTF	2:0
balkan-cup-2024	Senior Women -49kg	R16	102	ZANZI Imene	FRA	CSAKI Hanna	HUN	PTF	2:1
balkan-cup-2024	Senior Women -49kg	R16	103	ARTAGAME Ariela	USA	GAYE Serrah	FRA	PTF	2:1
balkan-cup-2024	Senior Women -49kg	QF	104	MILIC Milica	SRB	POURYOUNES Dina	TRT	PTF	2:0
balkan-cup-2024	Senior Women -49kg	QF	105	MAKAS Dzejla	BIH	SALOMEAH Francis	CRO	PTF	2:0
balkan-cup-2024	Senior Women -49kg	QF	106	SARI Nisa Nur	TUR	ZANZI Imene	FRA	PTF	2:0
balkan-cup-2024	Senior Women -49kg	QF	107	ARTAGAME Ariela	USA	BAJAN Mihaela nicoleta claudia	ROU	PTF	2:1
balkan-cup-2024	Senior Women -49kg	SF	116	MILIC Milica	SRB	MAKAS Dzejla	BIH	PTF	2:0
balkan-cup-2024	Senior Women -49kg	SF	117	ARTAGAME Ariela	USA	SARI Nisa Nur	TUR	PTF	2:0
balkan-cup-2024	Senior Women -49kg	F	124	MILIC Milica	SRB	ARTAGAME Ariela	USA	PTF	2:1
balkan-cup-2024	Senior Women -46kg	SF	123	SAIGHI Lyamna	FRA	ARAYAN Nur	GER	PTF	2:1
balkan-cup-2024	Senior Women -46kg	F	128	SAIGHI Lyamna	FRA	BUSUIOC Ingrid Gabriela	ROU	PTF	2:1
wuxi-grand-slam-challenge-2024	Senior Women -49kg	R64	101	TAO Zhinian	CHN	WU Qi	CHN	PTF	1:1
wuxi-grand-slam-challenge-2024	Senior Women -49kg	R64	102	MEDVEDEVA Galina	AIN	VELIUTC Alina	AIN	PTF	2:0
wuxi-grand-slam-challenge-2024	Senior Women -49kg	R64	201	HA Minseo	KOR	GOSTENKOVA Kamila	AIN	DSQ	
wuxi-grand-slam-challenge-2024	Senior Women -49kg	R64	202	EREMINA Viktoriya	AIN	SAIPOVA Amina	AIN	PTF	2:0
wuxi-grand-slam-challenge-2024	Senior Women -49kg	R64	301	ANGELOVA Alisa	AIN	KHUTOVA Amina	AIN	PTF	2:0
wuxi-grand-slam-challenge-2024	Senior Women -49kg	R64	302	WANG Bowen	CHN	ZHANG Yanying	CHN	PTF	2:0
wuxi-grand-slam-challenge-2024	Senior Women -49kg	R64	401	ZVEREVA Mariia	AIN	ARTAMONOVA Anastasiia	AIN	PTF	2:0
wuxi-grand-slam-challenge-2024	Senior Women -49kg	R32	111	BAUYRZHANOVA Nuray	KAZ	GUSEINOVA Aziza	AIN	PTF	2:0
wuxi-grand-slam-challenge-2024	Senior Women -49kg	R32	112	ANGELOVA Alisa	AIN	HUANG Ying hsuan	TPE	PTF	2:0
wuxi-grand-slam-challenge-2024	Senior Women -49kg	R32	113	WANG Shiyi	CHN	MEDVEDEVA Galina	AIN	PTF	2:0
wuxi-grand-slam-challenge-2024	Senior Women -49kg	R32	114	WANG Xiaolu	CHN	WANG Bowen	CHN	PTF	2:0
wuxi-grand-slam-challenge-2024	Senior Women -49kg	R32	210	MA Jingyue	CHN	TAO Zhinian	CHN	PTF	2:0
wuxi-grand-slam-challenge-2024	Senior Women -49kg	R32	211	HA Minseo	KOR	KISSKALT Supharada	GER	PTF	2:0
wuxi-grand-slam-challenge-2024	Senior Women -49kg	R32	212	DWI PUTRI Winda	INA	ZVEREVA Mariia	AIN	PTF	2:0
wuxi-grand-slam-challenge-2024	Senior Women -49kg	R32	213	EREMINA Viktoriya	AIN	TAN Xueqin	CHN	PTF	2:1
wuxi-grand-slam-challenge-2024	Senior Women -49kg	R32	310	AKHMEDOVA Nodira	KAZ	KU Jihyun	KOR	PTF	2:0
wuxi-grand-slam-challenge-2024	Senior Women -49kg	R32	311	AKGUL Elif sude	TUR	KANG Mi-reu	KOR	PTF	2:0
wuxi-grand-slam-challenge-2024	Senior Women -49kg	R32	312	BEKULOVA Milana	AIN	TAMBYRAJAH Saffron	AUS	PTF	1:0
wuxi-grand-slam-challenge-2024	Senior Women -49kg	R32	313	FAN Yu-qiao	TPE	SINGH Shruti	IND	PTF	2:0
wuxi-grand-slam-challenge-2024	Senior Women -49kg	R32	410	LEVAKOVA Veronika	AIN	BARROSO Kiara	POR	PTF	2:0
wuxi-grand-slam-challenge-2024	Senior Women -49kg	R32	411	YANG Sai	CHN	XIE Xueting	CHN	PTF	2:0
wuxi-grand-slam-challenge-2024	Senior Women -49kg	R32	412	LIN Jingwen	CHN	ROGOZINA Irina	AIN	PTF	2:0
wuxi-grand-slam-challenge-2024	Senior Women -49kg	R32	413	TAN Linjia	CHN	KANG Bora	KOR	PTF	2:1
wuxi-grand-slam-challenge-2024	Senior Women -49kg	R16	125	AKGUL Elif sude	TUR	HA Minseo	KOR	PTF	2:0
wuxi-grand-slam-challenge-2024	Senior Women -49kg	R16	126	EREMINA Viktoriya	AIN	FAN Yu-qiao	TPE	PTF	2:0
wuxi-grand-slam-challenge-2024	Senior Women -49kg	R16	225	YANG Sai	CHN	ANGELOVA Alisa	AIN	PTF	1:0
wuxi-grand-slam-challenge-2024	Senior Women -49kg	R16	226	WANG Xiaolu	CHN	TAN Linjia	CHN	PTF	2:0
wuxi-grand-slam-challenge-2024	Senior Women -49kg	R16	324	MA Jingyue	CHN	AKHMEDOVA Nodira	KAZ	PTF	2:0
wuxi-grand-slam-challenge-2024	Senior Women -49kg	R16	325	BEKULOVA Milana	AIN	DWI PUTRI Winda	INA	PTF	2:0
wuxi-grand-slam-challenge-2024	Senior Women -49kg	R16	424	BAUYRZHANOVA Nuray	KAZ	LEVAKOVA Veronika	AIN	PTF	2:0
wuxi-grand-slam-challenge-2024	Senior Women -49kg	R16	425	WANG Shiyi	CHN	LIN Jingwen	CHN	PTF	2:1
wuxi-grand-slam-challenge-2024	Senior Women -49kg	QF	133	WANG Shiyi	CHN	BEKULOVA Milana	AIN	PTF	2:0
wuxi-grand-slam-challenge-2024	Senior Women -49kg	QF	233	WANG Xiaolu	CHN	EREMINA Viktoriya	AIN	PTF	2:0
wuxi-grand-slam-challenge-2024	Senior Women -49kg	QF	332	MA Jingyue	CHN	BAUYRZHANOVA Nuray	KAZ	PTF	2:0
wuxi-grand-slam-challenge-2024	Senior Women -49kg	QF	432	YANG Sai	CHN	AKGUL Elif sude	TUR	PTF	2:1
wuxi-grand-slam-challenge-2024	Senior Women -49kg	SF	336	MA Jingyue	CHN	YANG Sai	CHN	PTF	1:0
wuxi-grand-slam-challenge-2024	Senior Women -49kg	SF	436	WANG Shiyi	CHN	WANG Xiaolu	CHN	PTF	2:1
wuxi-grand-slam-challenge-2024	Senior Women -49kg	BR	139	YANG Sai	CHN	WANG Xiaolu	CHN	PTF	2:1
wuxi-grand-slam-challenge-2024	Senior Women -49kg	F	143	MA Jingyue	CHN	WANG Shiyi	CHN	PTF	2:0
wuxi-grand-slam-challenge-2024	Senior Men -68kg	R64	105	ALHALAWANI Zaid	JOR	HUANG Yu jui	TPE	DSQ	
wuxi-grand-slam-challenge-2024	Senior Men -68kg	R64	106	JUNG Woo-hyeok	KOR	SINGH Nitesh	IND	PTF	2:1
wuxi-grand-slam-challenge-2024	Senior Men -68kg	R64	107	ABDUSALAMOV Magomed	AIN	IAKOVLEV Igor	AIN	PTF	2:0
wuxi-grand-slam-challenge-2024	Senior Men -68kg	R64	108	SHISHKO Dmitrii	AIN	COMPRELLE Enzo	FRA	WDR	
wuxi-grand-slam-challenge-2024	Senior Men -68kg	R64	109	BAKBERGEN Nursat	KAZ	DEINICHENKO Aleksandr	AIN	PTF	1:0
wuxi-grand-slam-challenge-2024	Senior Men -68kg	R64	110	AKHMIM Ayoub	MAR	AL HABSI Ammar	OMA	PTF	2:0
wuxi-grand-slam-challenge-2024	Senior Men -68kg	R64	204	HSU Hao-yu	TPE	QIN Xingyu	CHN	PTF	1:0
wuxi-grand-slam-challenge-2024	Senior Men -68kg	R64	205	OSIN Maksim	AIN	ABABAKIROV Samirkhon	KAZ	PTF	1:0
wuxi-grand-slam-challenge-2024	Senior Men -68kg	R64	206	JANG Jun	KOR	GAZEZ Nurbek	KAZ	PTF	2:0
wuxi-grand-slam-challenge-2024	Senior Men -68kg	R64	207	ZHANG Hao	CHN	LI Yupeng	CHN	PTF	2:0
wuxi-grand-slam-challenge-2024	Senior Men -68kg	R64	208	BAGOV Idar	AIN	BUGDAEV Shakhban	KSA	PTF	2:1
wuxi-grand-slam-challenge-2024	Senior Men -68kg	R64	209	NIU Guansen	CHN	DIAO Lixingjun	CHN	PTF	2:0
wuxi-grand-slam-challenge-2024	Senior Men -68kg	R64	304	MUN Jinho	KOR	CHEN Cheng	CHN	PTF	2:0
wuxi-grand-slam-challenge-2024	Senior Men -68kg	R64	305	QIU Ye	CHN	HE Deli	CHN	PTF	2:1
wuxi-grand-slam-challenge-2024	Senior Men -68kg	R64	306	KE Siang Han	TPE	PANASENKOV Kirill	AIN	PTF	2:1
wuxi-grand-slam-challenge-2024	Senior Men -68kg	R64	307	HUANG Wei han	TPE	XIAO Shaohong	CHN	PTF	1:0
wuxi-grand-slam-challenge-2024	Senior Men -68kg	R64	308	KANAEV Andrei	AIN	MAGERRAMOV Dzhavid	AIN	PTF	2:1
wuxi-grand-slam-challenge-2024	Senior Men -68kg	R64	309	ERER Berkay	TUR	XIAO Chenming	CHN	PTF	2:1
wuxi-grand-slam-challenge-2024	Senior Men -68kg	R64	404	TUKHLIBOEV Diyorbek	UZB	CHIU Yi-jui	TPE	PTF	2:1
wuxi-grand-slam-challenge-2024	Senior Men -68kg	R64	405	YAN Lei	CHN	HUANG Jinsong	CHN	PTF	2:0
wuxi-grand-slam-challenge-2024	Senior Men -68kg	R64	406	OZDEMIR Eren	TUR	TCAKOEV Sarmat	AIN	PTF	2:0
wuxi-grand-slam-challenge-2024	Senior Men -68kg	R64	407	DANILOV Ilia	AIN	NIKOLOVSKI Xavier	AUS	PTF	2:1
wuxi-grand-slam-challenge-2024	Senior Men -68kg	R64	408	LUKICHEV Pavel	AIN	GIKMATOV Ilia	AIN	PTF	2:1
wuxi-grand-slam-challenge-2024	Senior Men -68kg	R64	409	VICENTE YUNTA Adrian	ESP	KOSIMKHOJIEV Najmiddin	UZB	PTF	2:1
wuxi-grand-slam-challenge-2024	Senior Men -68kg	R32	119	QIU Ye	CHN	KAVTARADZE Beka	GEO	PTF	2:0
wuxi-grand-slam-challenge-2024	Senior Men -68kg	R32	120	ABDUSALAMOV Magomed	AIN	SUMMERFIELD Matthew	AUS	PTF	2:0
wuxi-grand-slam-challenge-2024	Senior Men -68kg	R32	121	KANAEV Andrei	AIN	LUCIEN Theo	FRA	PTF	1:1
wuxi-grand-slam-challenge-2024	Senior Men -68kg	R32	122	LIANG Yushuai	CHN	AKHMIM Ayoub	MAR	PTF	2:0
wuxi-grand-slam-challenge-2024	Senior Men -68kg	R32	218	PONTES Edival	BRA	HSU Hao-yu	TPE	PTF	2:0
wuxi-grand-slam-challenge-2024	Senior Men -68kg	R32	219	YAN Lei	CHN	PAN Kuei en	TPE	PTF	2:1
wuxi-grand-slam-challenge-2024	Senior Men -68kg	R32	220	VYKOV Amir	AIN	ZHANG Hao	CHN	PTF	2:0
wuxi-grand-slam-challenge-2024	Senior Men -68kg	R32	221	JORQUERA CALA Joan	ESP	LUKICHEV Pavel	AIN	PTF	2:1
wuxi-grand-slam-challenge-2024	Senior Men -68kg	R32	318	MUN Jinho	KOR	TUKHLIBOEV Diyorbek	UZB	PTF	1:0
wuxi-grand-slam-challenge-2024	Senior Men -68kg	R32	319	JUNG Woo-hyeok	KOR	JANG Jun	KOR	PTF	1:0
wuxi-grand-slam-challenge-2024	Senior Men -68kg	R32	320	DANILOV Ilia	AIN	HUANG Wei han	TPE	PTF	2:0
wuxi-grand-slam-challenge-2024	Senior Men -68kg	R32	321	NIU Guansen	CHN	BAKBERGEN Nursat	KAZ	PTF	2:0
wuxi-grand-slam-challenge-2024	Senior Men -68kg	R32	418	ALHALAWANI Zaid	JOR	OSIN Maksim	AIN	PTF	2:1
wuxi-grand-slam-challenge-2024	Senior Men -68kg	R32	419	OZDEMIR Eren	TUR	KE Siang Han	TPE	PTF	2:0
wuxi-grand-slam-challenge-2024	Senior Men -68kg	R32	420	SHISHKO Dmitrii	AIN	BAGOV Idar	AIN	PTF	2:0
wuxi-grand-slam-challenge-2024	Senior Men -68kg	R32	421	ERER Berkay	TUR	VICENTE YUNTA Adrian	ESP	PTF	2:1
wuxi-grand-slam-challenge-2024	Senior Men -68kg	R16	129	JUNG Woo-hyeok	KOR	YAN Lei	CHN	PTF	2:0
wuxi-grand-slam-challenge-2024	Senior Men -68kg	R16	130	JORQUERA CALA Joan	ESP	NIU Guansen	CHN	PTF	2:1
wuxi-grand-slam-challenge-2024	Senior Men -68kg	R16	229	ABDUSALAMOV Magomed	AIN	OZDEMIR Eren	TUR	PTF	2:1
wuxi-grand-slam-challenge-2024	Senior Men -68kg	R16	230	LIANG Yushuai	CHN	ERER Berkay	TUR	PTF	2:0
wuxi-grand-slam-challenge-2024	Senior Men -68kg	R16	328	MUN Jinho	KOR	PONTES Edival	BRA	PTF	2:1
wuxi-grand-slam-challenge-2024	Senior Men -68kg	R16	329	DANILOV Ilia	AIN	VYKOV Amir	AIN	PTF	2:0
wuxi-grand-slam-challenge-2024	Senior Men -68kg	R16	428	ALHALAWANI Zaid	JOR	QIU Ye	CHN	PTF	2:0
wuxi-grand-slam-challenge-2024	Senior Men -68kg	R16	429	SHISHKO Dmitrii	AIN	KANAEV Andrei	AIN	PTF	2:0
wuxi-grand-slam-challenge-2024	Senior Men -68kg	QF	135	DANILOV Ilia	AIN	SHISHKO Dmitrii	AIN	PTF	2:0
wuxi-grand-slam-challenge-2024	Senior Men -68kg	QF	235	JORQUERA CALA Joan	ESP	LIANG Yushuai	CHN	PTF	2:1
wuxi-grand-slam-challenge-2024	Senior Men -68kg	QF	334	ALHALAWANI Zaid	JOR	MUN Jinho	KOR	PTF	2:0
wuxi-grand-slam-challenge-2024	Senior Men -68kg	QF	434	JUNG Woo-hyeok	KOR	ABDUSALAMOV Magomed	AIN	PTF	2:0
wuxi-grand-slam-challenge-2024	Senior Men -68kg	SF	337	ALHALAWANI Zaid	JOR	JUNG Woo-hyeok	KOR	PTF	2:0
wuxi-grand-slam-challenge-2024	Senior Men -68kg	SF	437	DANILOV Ilia	AIN	JORQUERA CALA Joan	ESP	PTF	2:0
wuxi-grand-slam-challenge-2024	Senior Men -68kg	BR	141	JUNG Woo-hyeok	KOR	JORQUERA CALA Joan	ESP	PTF	2:0
wuxi-grand-slam-challenge-2024	Senior Men -68kg	F	145	DANILOV Ilia	AIN	ALHALAWANI Zaid	JOR	PTF	2:0
wuxi-grand-slam-challenge-2024	Senior Women -67kg	R64	103	BANNOVA Anastasiia	AIN	OMAROVA Sabina	AIN	PTF	2:0
wuxi-grand-slam-challenge-2024	Senior Women -67kg	R64	104	ZHU Yingyue	CHN	LI Xiaotong	CHN	PTF	2:0
wuxi-grand-slam-challenge-2024	Senior Women -67kg	R64	203	NAM Min-seo	KOR	WU Xinxin	CHN	PTF	1:0
wuxi-grand-slam-challenge-2024	Senior Women -67kg	R64	303	MURRAY Rebecca	AUS	TANGSHALA Ayitehamiti	CHN	PTF	1:1
wuxi-grand-slam-challenge-2024	Senior Women -67kg	R64	402	SKAPROVSKA Valeriia	AIN	XI Yongzhen	CHN	PTF	2:0
wuxi-grand-slam-challenge-2024	Senior Women -67kg	R64	403	KIM Jan-di	KOR	ZHANG Xinling	CHN	PTF	1:0
wuxi-grand-slam-challenge-2024	Senior Women -67kg	R32	115	KAYIR Ikra	TUR	CHANG Jui-en	TPE	PTF	1:1
wuxi-grand-slam-challenge-2024	Senior Women -67kg	R32	116	NAM Min-seo	KOR	XING Jiani	CHN	PTF	1:1
wuxi-grand-slam-challenge-2024	Senior Women -67kg	R32	117	KIM Jan-di	KOR	ZHOU Lijun	CHN	PTF	1:0
wuxi-grand-slam-challenge-2024	Senior Women -67kg	R32	118	ZHAO Xueting	CHN	ZHU Yingyue	CHN	PTF	2:0
wuxi-grand-slam-challenge-2024	Senior Women -67kg	R32	214	SKAPROVSKA Valeriia	AIN	BLEWITT Gabriella	AUS	PTF	2:0
wuxi-grand-slam-challenge-2024	Senior Women -67kg	R32	215	KOERNDL Vanessa	GER	BANNOVA Anastasiia	AIN	PTF	2:1
wuxi-grand-slam-challenge-2024	Senior Women -67kg	R32	216	MURRAY Rebecca	AUS	TITONELI Milena	BRA	PTF	2:1
wuxi-grand-slam-challenge-2024	Senior Women -67kg	R32	217	WANG Chengyi	CHN	ZHU Jingqi	CHN	PTF	2:0
wuxi-grand-slam-challenge-2024	Senior Women -67kg	R32	314	KHUZINA Liliia	AIN	SMYCHKOVA Valeryia	AIN	PTF	2:0
wuxi-grand-slam-challenge-2024	Senior Women -67kg	R32	315	SADIKOVA Feruza	UZB	KRADINOVA Uliana	AIN	PTF	2:0
wuxi-grand-slam-challenge-2024	Senior Women -67kg	R32	316	CHEN Xuyan	CHN	KHUSSAINOVA Nuray	KAZ	PTF	2:1
wuxi-grand-slam-challenge-2024	Senior Women -67kg	R32	317	MINA Mell	ECU	HYDER Afreen	IND	PTF	2:0
wuxi-grand-slam-challenge-2024	Senior Women -67kg	R32	414	HONG Hyo rim	KOR	PROTSENKO Diana	AIN	PTF	2:1
wuxi-grand-slam-challenge-2024	Senior Women -67kg	R32	415	SKVORTSOVA Kira	AIN	YOUKOUBOVA Karina	FRA	PTF	2:0
wuxi-grand-slam-challenge-2024	Senior Women -67kg	R32	416	KWAK Min-ju	KOR	NINA Urganaeva	ARM	PTF	2:0
wuxi-grand-slam-challenge-2024	Senior Women -67kg	R32	417	SUN NA	CHN	WANG Yujing	CHN	PTF	2:0
wuxi-grand-slam-challenge-2024	Senior Women -67kg	R16	127	SADIKOVA Feruza	UZB	KOERNDL Vanessa	GER	PTF	2:0
wuxi-grand-slam-challenge-2024	Senior Women -67kg	R16	128	WANG Chengyi	CHN	MINA Mell	ECU	PTF	2:0
wuxi-grand-slam-challenge-2024	Senior Women -67kg	R16	227	NAM Min-seo	KOR	SKVORTSOVA Kira	AIN	PTF	2:1
wuxi-grand-slam-challenge-2024	Senior Women -67kg	R16	228	SUN NA	CHN	ZHAO Xueting	CHN	WDR	
wuxi-grand-slam-challenge-2024	Senior Women -67kg	R16	326	KHUZINA Liliia	AIN	SKAPROVSKA Valeriia	AIN	PTF	2:0
wuxi-grand-slam-challenge-2024	Senior Women -67kg	R16	327	CHEN Xuyan	CHN	MURRAY Rebecca	AUS	PTF	2:0
wuxi-grand-slam-challenge-2024	Senior Women -67kg	R16	426	HONG Hyo rim	KOR	KAYIR Ikra	TUR	PTF	1:1
wuxi-grand-slam-challenge-2024	Senior Women -67kg	R16	427	KWAK Min-ju	KOR	KIM Jan-di	KOR	PTF	2:0
wuxi-grand-slam-challenge-2024	Senior Women -67kg	QF	134	KWAK Min-ju	KOR	CHEN Xuyan	CHN	PTF	2:0
wuxi-grand-slam-challenge-2024	Senior Women -67kg	QF	234	WANG Chengyi	CHN	SUN NA	CHN	PTF	2:0
wuxi-grand-slam-challenge-2024	Senior Women -67kg	QF	333	KHUZINA Liliia	AIN	HONG Hyo rim	KOR	PTF	2:1
wuxi-grand-slam-challenge-2024	Senior Women -67kg	QF	433	NAM Min-seo	KOR	SADIKOVA Feruza	UZB	PTF	2:1
wuxi-grand-slam-challenge-2024	Senior Women -67kg	SF	137	KHUZINA Liliia	AIN	NAM Min-seo	KOR	PTF	2:0
wuxi-grand-slam-challenge-2024	Senior Women -67kg	SF	237	KWAK Min-ju	KOR	WANG Chengyi	CHN	PTF	1:1
wuxi-grand-slam-challenge-2024	Senior Women -67kg	BR	140	NAM Min-seo	KOR	WANG Chengyi	CHN	PTF	2:1
wuxi-grand-slam-challenge-2024	Senior Women -67kg	F	144	KHUZINA Liliia	AIN	KWAK Min-ju	KOR	PTF	2:0
wuxi-grand-slam-challenge-2024	Senior Men +80kg	R32	123	KANG Sanghyun	KOR	RODRIGUEZ Michael C.	USA	PTF	1:0
wuxi-grand-slam-challenge-2024	Senior Men +80kg	R32	124	MENG Mingkuan	CHN	ZHU Longwei	CHN	PTF	2:0
wuxi-grand-slam-challenge-2024	Senior Men +80kg	R32	222	SALAEV Shukhrat	UZB	WANG Zedong	CHN	PTF	2:0
wuxi-grand-slam-challenge-2024	Senior Men +80kg	R32	223	WANG Weihao	CHN	WANG Yaoxi	CHN	PTF	2:0
wuxi-grand-slam-challenge-2024	Senior Men +80kg	R32	224	TANG Hao	CHN	ELSHARABATY Saleh	JOR	PTF	2:1
wuxi-grand-slam-challenge-2024	Senior Men +80kg	R32	322	YIN Yushuai	CHN	PRYAZHNIKOV Alexander	AIN	PTF	2:0
wuxi-grand-slam-challenge-2024	Senior Men +80kg	R32	323	KRIUCHKOV Nikta	AIN	KAMALOV Rafael	AIN	PTF	2:0
wuxi-grand-slam-challenge-2024	Senior Men +80kg	R32	422	BICER Enbiya taha	TUR	LIU Zhaoyang	CHN	PTF	2:0
wuxi-grand-slam-challenge-2024	Senior Men +80kg	R32	423	ZHAO Jiongpu	CHN	AL HASHMI Ali	OMA	PTF	2:0
wuxi-grand-slam-challenge-2024	Senior Men +80kg	R16	131	TROITINO AMOEDO Sergio	ESP	KANG Sanghyun	KOR	PTF	2:1
wuxi-grand-slam-challenge-2024	Senior Men +80kg	R16	132	PLONIS Artsiom	AIN	MENG Mingkuan	CHN	PTF	2:1
wuxi-grand-slam-challenge-2024	Senior Men +80kg	R16	231	WANG Weihao	CHN	LI Mingsi	CHN	PTF	2:0
wuxi-grand-slam-challenge-2024	Senior Men +80kg	R16	232	TANG Hao	CHN	JIAN Jun-ren	TPE	PTF	2:0
wuxi-grand-slam-challenge-2024	Senior Men +80kg	R16	330	SALAEV Shukhrat	UZB	STILLEY Aiden	AUS	PTF	2:0
wuxi-grand-slam-challenge-2024	Senior Men +80kg	R16	331	KRIUCHKOV Nikta	AIN	REN Haoyuan	CHN	PTF	2:0
wuxi-grand-slam-challenge-2024	Senior Men +80kg	R16	430	BICER Enbiya taha	TUR	YIN Yushuai	CHN	PTF	2:1
wuxi-grand-slam-challenge-2024	Senior Men +80kg	R16	431	AIUKAEV Rafail	AIN	ZHAO Jiongpu	CHN	PTF	2:0
wuxi-grand-slam-challenge-2024	Senior Men +80kg	QF	136	AIUKAEV Rafail	AIN	KRIUCHKOV Nikta	AIN	PTF	2:0
wuxi-grand-slam-challenge-2024	Senior Men +80kg	QF	236	TANG Hao	CHN	PLONIS Artsiom	AIN	PTF	2:0
wuxi-grand-slam-challenge-2024	Senior Men +80kg	QF	335	SALAEV Shukhrat	UZB	BICER Enbiya taha	TUR	PTF	2:0
wuxi-grand-slam-challenge-2024	Senior Men +80kg	QF	435	TROITINO AMOEDO Sergio	ESP	WANG Weihao	CHN	PTF	2:0
wuxi-grand-slam-challenge-2024	Senior Men +80kg	SF	138	SALAEV Shukhrat	UZB	TROITINO AMOEDO Sergio	ESP	PTF	2:0
wuxi-grand-slam-challenge-2024	Senior Men +80kg	SF	238	AIUKAEV Rafail	AIN	TANG Hao	CHN	PTF	2:0
wuxi-grand-slam-challenge-2024	Senior Men +80kg	BR	142	TROITINO AMOEDO Sergio	ESP	TANG Hao	CHN	PTF	2:1
wuxi-grand-slam-challenge-2024	Senior Men +80kg	F	146	AIUKAEV Rafail	AIN	SALAEV Shukhrat	UZB	PTF	2:0
wuxi-grand-slam-challenge-2024	Senior Men -58kg	R64	102	BITSUEV Kantemir	AIN	MAGOMEDOV Magomedgadzhi	AIN	PTF	2:0
wuxi-grand-slam-challenge-2024	Senior Men -58kg	R64	103	CAMOGLU Furkan ubeyde	TUR	CHEN Zhao-Han	TPE	PTF	2:1
wuxi-grand-slam-challenge-2024	Senior Men -58kg	R64	104	YU Junsong	CHN	ERMAKOV Ivan	AIN	PTF	2:0
wuxi-grand-slam-challenge-2024	Senior Men -58kg	R64	202	CHENG Kai	CHN	JIANG Liuxin	CHN	PTF	2:0
wuxi-grand-slam-challenge-2024	Senior Men -58kg	R64	203	KADIRKULOV Begzod	KAZ	CHIU Chang-Chih	TPE	PTF	2:1
wuxi-grand-slam-challenge-2024	Senior Men -58kg	R64	204	GUSEINOV Damir	AIN	GRITSENKO Vladimir	AIN	PTF	2:0
wuxi-grand-slam-challenge-2024	Senior Men -58kg	R64	302	KUZMINOV Aleksei	AIN	KAYITARE Benoit	RWA	PTF	2:0
wuxi-grand-slam-challenge-2024	Senior Men -58kg	R64	303	HUANG Kefen	CHN	FANG Zheng	CHN	PTF	2:0
wuxi-grand-slam-challenge-2024	Senior Men -58kg	R64	304	OTAJONOV Omonjon	UZB	BALAKHNEEV Dmitriy	AIN	PTF	2:0
wuxi-grand-slam-challenge-2024	Senior Men -58kg	R64	402	MAIORKO Lev	AIN	JAR Yousef	KSA	PTF	2:0
wuxi-grand-slam-challenge-2024	Senior Men -58kg	R64	403	BU Zhuming	CHN	GOUANDJIA-AMOLO	CAF	PTF	2:0
wuxi-grand-slam-challenge-2024	Senior Men -58kg	R64	404	LI Shih-Cheng	TPE	CHIANG Ping-Feng	TPE	PTF	2:1
wuxi-grand-slam-challenge-2024	Senior Men -58kg	R32	117	CHENG Kai	CHN	YOUSIF Mahmoud bassam	JOR	PTF	2:0
wuxi-grand-slam-challenge-2024	Senior Men -58kg	R32	118	AN Hyang Sik	KOR	NURALIYEV Assatbek	KAZ	PTF	2:0
wuxi-grand-slam-challenge-2024	Senior Men -58kg	R32	119	ISLAMOV Zhavokhirkhon	KAZ	BU Zhuming	CHN	PTF	2:1
wuxi-grand-slam-challenge-2024	Senior Men -58kg	R32	120	MOTTA Damon	AUS	ADAM Al Alim	INA	DSQ	
wuxi-grand-slam-challenge-2024	Senior Men -58kg	R32	217	KUZMINOV Aleksei	AIN	PRATAMA Bagus	INA	PTF	2:0
wuxi-grand-slam-challenge-2024	Senior Men -58kg	R32	218	YANG Huichan	KOR	KADIRKULOV Begzod	KAZ	PTF	2:0
wuxi-grand-slam-challenge-2024	Senior Men -58kg	R32	219	YU Junsong	CHN	HAMDI Riad	KSA	PTF	2:0
wuxi-grand-slam-challenge-2024	Senior Men -58kg	R32	220	GURTSIEV Georgii	AIN	LI Shih-Cheng	TPE	PTF	2:0
wuxi-grand-slam-challenge-2024	Senior Men -58kg	R32	316	BITSUEV Kantemir	AIN	SIM Junho	KOR	DSQ	
wuxi-grand-slam-challenge-2024	Senior Men -58kg	R32	317	SEO Eunsu	KOR	MAIORKO Lev	AIN	PTF	2:1
wuxi-grand-slam-challenge-2024	Senior Men -58kg	R32	318	BADEM Yusuf	TUR	HUANG Kefen	CHN	PTF	2:0
wuxi-grand-slam-challenge-2024	Senior Men -58kg	R32	319	GUSEINOV Damir	AIN	GELADZE Vitali	GEO	PTF	2:0
wuxi-grand-slam-challenge-2024	Senior Men -58kg	R32	416	PAN Kuei-an	TPE	CHEN Jiacheng	CHN	PTF	2:0
wuxi-grand-slam-challenge-2024	Senior Men -58kg	R32	417	CAMOGLU Furkan ubeyde	TUR	TLEULES Tamirlan	KAZ	PTF	2:1
wuxi-grand-slam-challenge-2024	Senior Men -58kg	R32	418	HUANG Jincheng	CHN	KHASSAN Yerbolat	KAZ	PTF	2:0
wuxi-grand-slam-challenge-2024	Senior Men -58kg	R32	419	OTAJONOV Omonjon	UZB	PARK Min kyu	KOR	PTF	2:0
wuxi-grand-slam-challenge-2024	Senior Men -58kg	R16	129	SEO Eunsu	KOR	CAMOGLU Furkan ubeyde	TUR	PTF	2:0
wuxi-grand-slam-challenge-2024	Senior Men -58kg	R16	130	GUSEINOV Damir	AIN	OTAJONOV Omonjon	UZB	PTF	2:1
wuxi-grand-slam-challenge-2024	Senior Men -58kg	R16	229	YANG Huichan	KOR	AN Hyang Sik	KOR	PTF	2:0
wuxi-grand-slam-challenge-2024	Senior Men -58kg	R16	230	GURTSIEV Georgii	AIN	MOTTA Damon	AUS	PTF	2:0
wuxi-grand-slam-challenge-2024	Senior Men -58kg	R16	328	BITSUEV Kantemir	AIN	PAN Kuei-an	TPE	PTF	2:1
wuxi-grand-slam-challenge-2024	Senior Men -58kg	R16	329	BADEM Yusuf	TUR	HUANG Jincheng	CHN	PTF	2:0
wuxi-grand-slam-challenge-2024	Senior Men -58kg	R16	428	CHENG Kai	CHN	KUZMINOV Aleksei	AIN	PTF	2:0
wuxi-grand-slam-challenge-2024	Senior Men -58kg	R16	429	YU Junsong	CHN	ISLAMOV Zhavokhirkhon	KAZ	PTF	2:0
wuxi-grand-slam-challenge-2024	Senior Men -58kg	QF	135	BADEM Yusuf	TUR	YU Junsong	CHN	PTF	2:0
wuxi-grand-slam-challenge-2024	Senior Men -58kg	QF	235	GURTSIEV Georgii	AIN	GUSEINOV Damir	AIN	PTF	2:1
wuxi-grand-slam-challenge-2024	Senior Men -58kg	QF	334	CHENG Kai	CHN	BITSUEV Kantemir	AIN	PTF	2:0
wuxi-grand-slam-challenge-2024	Senior Men -58kg	QF	434	YANG Huichan	KOR	SEO Eunsu	KOR	PTF	2:0
wuxi-grand-slam-challenge-2024	Senior Men -58kg	SF	337	YANG Huichan	KOR	CHENG Kai	CHN	PTF	2:0
wuxi-grand-slam-challenge-2024	Senior Men -58kg	SF	437	GURTSIEV Georgii	AIN	BADEM Yusuf	TUR	PTF	2:1
wuxi-grand-slam-challenge-2024	Senior Men -58kg	BR	141	CHENG Kai	CHN	BADEM Yusuf	TUR	PTF	2:1
wuxi-grand-slam-challenge-2024	Senior Men -58kg	F	145	YANG Huichan	KOR	GURTSIEV Georgii	AIN	PTF	2:0
wuxi-grand-slam-challenge-2024	Senior Women -57kg	R64	101	ABUTALEB Dunya ali m	KSA	SAROKINA Uladzislava	AIN	PTF	2:0
wuxi-grand-slam-challenge-2024	Senior Women -57kg	R64	201	DAI Zongyuan	CHN	POTEMKINA Alisa	AIN	PTF	2:0
wuxi-grand-slam-challenge-2024	Senior Women -57kg	R64	301	EFITSENKO Sofia	AIN	SMIRNOVA Kseniia	AIN	PTF	2:0
wuxi-grand-slam-challenge-2024	Senior Women -57kg	R32	109	ZHAN Tian rui	CHN	GU Wenjing	CHN	PTF	2:0
wuxi-grand-slam-challenge-2024	Senior Women -57kg	R32	110	CHEN Lin	CHN	KUCHINA Viktorya	AIN	PTF	2:1
wuxi-grand-slam-challenge-2024	Senior Women -57kg	R32	111	AHN Hye Young	KOR	GIRE Ines	FRA	PTF	2:1
wuxi-grand-slam-challenge-2024	Senior Women -57kg	R32	112	BLIZNIAKOVA Margarita	AIN	LIN Ling-chen	TPE	PTF	2:1
wuxi-grand-slam-challenge-2024	Senior Women -57kg	R32	209	MAHESWARI Megawati Tamesti	INA	CHANG Yu-Tzu	TPE	PTF	2:0
wuxi-grand-slam-challenge-2024	Senior Women -57kg	R32	210	ZDOR Kseniia	AIN	SANG Yiyao	CHN	PTF	2:1
wuxi-grand-slam-challenge-2024	Senior Women -57kg	R32	211	LEE Hanna	KOR	LIN Wei-chun	TPE	PTF	2:0
wuxi-grand-slam-challenge-2024	Senior Women -57kg	R32	212	PACHECO Maria clara	BRA	EFITSENKO Sofia	AIN	PTF	2:0
wuxi-grand-slam-challenge-2024	Senior Women -57kg	R32	308	LUO Zongshi	CHN	ABUTALEB Dunya ali m	KSA	PTF	2:0
wuxi-grand-slam-challenge-2024	Senior Women -57kg	R32	309	KIM Gahyeon	KOR	XU Xinyu	CHN	PTF	2:0
wuxi-grand-slam-challenge-2024	Senior Women -57kg	R32	310	DAI Zongyuan	CHN	ILGUN Hatice kubra	TUR	PTF	2:1
wuxi-grand-slam-challenge-2024	Senior Women -57kg	R32	311	CARABIN Kanelya	FRA	PARK Dong Young	KOR	PTF	2:0
wuxi-grand-slam-challenge-2024	Senior Women -57kg	R32	408	SUBBOTINA Anastasia	AIN	SONG Jiajia	CHN	PTF	2:0
wuxi-grand-slam-challenge-2024	Senior Women -57kg	R32	409	HYMER Stacey	AUS	ZAVARYKINA Sofya	AIN	PTF	2:1
wuxi-grand-slam-challenge-2024	Senior Women -57kg	R32	410	ZHANG Chuling	CHN	GUO Yajie	CHN	PTF	2:0
wuxi-grand-slam-challenge-2024	Senior Women -57kg	R32	411	SEVOSTYANOVA Mariya	KAZ	DZARAGAZOVA Polina	AIN	PTF	2:0
wuxi-grand-slam-challenge-2024	Senior Women -57kg	R16	125	KIM Gahyeon	KOR	HYMER Stacey	AUS	PTF	2:0
wuxi-grand-slam-challenge-2024	Senior Women -57kg	R16	126	SEVOSTYANOVA Mariya	KAZ	CARABIN Kanelya	FRA	PTF	2:0
wuxi-grand-slam-challenge-2024	Senior Women -57kg	R16	225	ZDOR Kseniia	AIN	CHEN Lin	CHN	PTF	2:0
wuxi-grand-slam-challenge-2024	Senior Women -57kg	R16	226	PACHECO Maria clara	BRA	BLIZNIAKOVA Margarita	AIN	PTF	2:0
wuxi-grand-slam-challenge-2024	Senior Women -57kg	R16	324	LUO Zongshi	CHN	SUBBOTINA Anastasia	AIN	PTF	2:0
wuxi-grand-slam-challenge-2024	Senior Women -57kg	R16	325	ZHANG Chuling	CHN	DAI Zongyuan	CHN	PTF	2:0
wuxi-grand-slam-challenge-2024	Senior Women -57kg	R16	424	ZHAN Tian rui	CHN	MAHESWARI Megawati Tamesti	INA	PTF	2:1
wuxi-grand-slam-challenge-2024	Senior Women -57kg	R16	425	AHN Hye Young	KOR	LEE Hanna	KOR	PTF	2:0
wuxi-grand-slam-challenge-2024	Senior Women -57kg	QF	133	ZHANG Chuling	CHN	AHN Hye Young	KOR	PTF	2:0
wuxi-grand-slam-challenge-2024	Senior Women -57kg	QF	233	PACHECO Maria clara	BRA	SEVOSTYANOVA Mariya	KAZ	PTF	2:0
wuxi-grand-slam-challenge-2024	Senior Women -57kg	QF	332	LUO Zongshi	CHN	ZHAN Tian rui	CHN	PTF	2:1
wuxi-grand-slam-challenge-2024	Senior Women -57kg	QF	432	KIM Gahyeon	KOR	ZDOR Kseniia	AIN	PTF	2:1
wuxi-grand-slam-challenge-2024	Senior Women -57kg	SF	336	KIM Gahyeon	KOR	LUO Zongshi	CHN	PTF	2:1
wuxi-grand-slam-challenge-2024	Senior Women -57kg	SF	436	ZHANG Chuling	CHN	PACHECO Maria clara	BRA	PTF	2:0
wuxi-grand-slam-challenge-2024	Senior Women -57kg	BR	139	PACHECO Maria clara	BRA	LUO Zongshi	CHN	PTF	2:1
wuxi-grand-slam-challenge-2024	Senior Women -57kg	F	143	KIM Gahyeon	KOR	ZHANG Chuling	CHN	PTF	2:0
wuxi-grand-slam-challenge-2024	Senior Men -80kg	R64	105	BARANOV Stepan	AIN	OH Jihoon	KOR	PTF	1:0
wuxi-grand-slam-challenge-2024	Senior Men -80kg	R64	107	BUDIN Vladislav	AIN	TUKHTASINBOEV Ma	UZB	PTF	2:0
wuxi-grand-slam-challenge-2024	Senior Men -80kg	R64	108	YAO Yanliang	CHN	JIAO Yapeng	CHN	PTF	2:1
wuxi-grand-slam-challenge-2024	Senior Men -80kg	R64	205	MELNIKOV Artem	AIN	TSAI Sheng-liang	TPE	PTF	2:1
wuxi-grand-slam-challenge-2024	Senior Men -80kg	R64	206	KILIC Yigithan	TUR	HAMEDI Tareg	KSA	PTF	2:0
wuxi-grand-slam-challenge-2024	Senior Men -80kg	R64	208	KIM Taewook	KOR	ZHANG Yanhao	CHN	PTF	2:0
wuxi-grand-slam-challenge-2024	Senior Men -80kg	R64	305	RAMAZANOV Karim	AIN	SHIMANSKIY Vladislav	AIN	PTF	2:0
wuxi-grand-slam-challenge-2024	Senior Men -80kg	R64	306	LIU Junjie	CHN	ZHANG Kai	CHN	PTF	2:1
wuxi-grand-slam-challenge-2024	Senior Men -80kg	R64	307	GATIIATULLIN Timur	AIN	TURAVINAU Raman	AIN	PTF	2:1
wuxi-grand-slam-challenge-2024	Senior Men -80kg	R64	405	MIRONOV Maksim	AIN	RAMAZANOV Ramaz	AIN	WDR	
wuxi-grand-slam-challenge-2024	Senior Men -80kg	R64	406	KAREEM Zaid	JOR	WANG Kaijie	CHN	PTF	2:0
wuxi-grand-slam-challenge-2024	Senior Men -80kg	R32	121	KINTSURASHVILI Zurab	GEO	MELNIKOV Artem	AIN	PTF	1:0
wuxi-grand-slam-challenge-2024	Senior Men -80kg	R32	122	KILIC Yigithan	TUR	SLEPOV Stepan	AIN	PTF	2:1
wuxi-grand-slam-challenge-2024	Senior Men -80kg	R32	123	BOUZID SOUIHILI Ismael	FRA	TSARANOV Nikita	AIN	PTF	2:0
wuxi-grand-slam-challenge-2024	Senior Men -80kg	R32	124	XIANG Qizhang	CHN	LI Yang	CHN	PTF	2:0
wuxi-grand-slam-challenge-2024	Senior Men -80kg	R32	221	HUNG Jiun-yi	TPE	RAMAZANOV Karim	AIN	PTF	2:1
wuxi-grand-slam-challenge-2024	Senior Men -80kg	R32	222	JAYSUNOV Jasurbek	UZB	LIU Junjie	CHN	PTF	2:0
wuxi-grand-slam-challenge-2024	Senior Men -80kg	R32	223	ZHAO Junbo	CHN	GATIIATULLIN Timur	AIN	PTF	2:0
wuxi-grand-slam-challenge-2024	Senior Men -80kg	R32	224	KIM Taewook	KOR	SEJRANOVIC Leon	AUS	PTF	2:1
wuxi-grand-slam-challenge-2024	Senior Men -80kg	R32	320	SEO Geon-woo	KOR	BARANOV Stepan	AIN	PTF	2:0
wuxi-grand-slam-challenge-2024	Senior Men -80kg	R32	321	TOLEUGALI Batyrkhan	KAZ	MIRONOV Maksim	AIN	PTF	2:1
wuxi-grand-slam-challenge-2024	Senior Men -80kg	R32	322	KAREEM Zaid	JOR	RODRIGUES FERNAN	BRA	PTF	2:0
wuxi-grand-slam-challenge-2024	Senior Men -80kg	R32	323	RUIZ DOMENECH Ramon	ESP	YELEMABOU Ulrich-S	CAF	PTF	2:0
wuxi-grand-slam-challenge-2024	Senior Men -80kg	R32	420	MENDY Mohamed	FRA	YANG Jiwoo	KOR	PTF	2:0
wuxi-grand-slam-challenge-2024	Senior Men -80kg	R32	421	MARIPOV Abdurakhmon	KAZ	ALMABROUK Ali mabrouk s	KSA	PTF	2:0
wuxi-grand-slam-challenge-2024	Senior Men -80kg	R32	422	BUDIN Vladislav	AIN	SASTAMA Edgar	INA	PTF	2:0
wuxi-grand-slam-challenge-2024	Senior Men -80kg	R32	423	KIM Jung Je	KOR	YAO Yanliang	CHN	PTF	2:0
wuxi-grand-slam-challenge-2024	Senior Men -80kg	R16	131	TOLEUGALI Batyrkhan	KAZ	MARIPOV Abdurakhmon	KAZ	PTF	1:1
wuxi-grand-slam-challenge-2024	Senior Men -80kg	R16	132	RUIZ DOMENECH Ramon	ESP	KIM Jung Je	KOR	PTF	2:0
wuxi-grand-slam-challenge-2024	Senior Men -80kg	R16	231	JAYSUNOV Jasurbek	UZB	KILIC Yigithan	TUR	PTF	2:1
wuxi-grand-slam-challenge-2024	Senior Men -80kg	R16	232	KIM Taewook	KOR	XIANG Qizhang	CHN	PTF	2:0
wuxi-grand-slam-challenge-2024	Senior Men -80kg	R16	330	SEO Geon-woo	KOR	MENDY Mohamed	FRA	PTF	2:0
wuxi-grand-slam-challenge-2024	Senior Men -80kg	R16	331	BUDIN Vladislav	AIN	KAREEM Zaid	JOR	WDR	
wuxi-grand-slam-challenge-2024	Senior Men -80kg	R16	430	KINTSURASHVILI Zurab	GEO	HUNG Jiun-yi	TPE	PTF	2:1
wuxi-grand-slam-challenge-2024	Senior Men -80kg	R16	431	ZHAO Junbo	CHN	BOUZID SOUIHILI Ismael	FRA	PTF	2:1
wuxi-grand-slam-challenge-2024	Senior Men -80kg	QF	136	ZHAO Junbo	CHN	BUDIN Vladislav	AIN	PTF	2:0
wuxi-grand-slam-challenge-2024	Senior Men -80kg	QF	236	KIM Taewook	KOR	RUIZ DOMENECH Ramon	ESP	PTF	2:0
wuxi-grand-slam-challenge-2024	Senior Men -80kg	QF	335	SEO Geon-woo	KOR	KINTSURASHVILI Zurab	GEO	PTF	2:1
wuxi-grand-slam-challenge-2024	Senior Men -80kg	QF	435	JAYSUNOV Jasurbek	UZB	TOLEUGALI Batyrkhan	KAZ	PTF	2:0
wuxi-grand-slam-challenge-2024	Senior Men -80kg	SF	138	JAYSUNOV Jasurbek	UZB	SEO Geon-woo	KOR	PTF	2:0
wuxi-grand-slam-challenge-2024	Senior Men -80kg	SF	238	ZHAO Junbo	CHN	KIM Taewook	KOR	PTF	2:1
wuxi-grand-slam-challenge-2024	Senior Men -80kg	BR	142	KIM Taewook	KOR	SEO Geon-woo	KOR	WDR	
wuxi-grand-slam-challenge-2024	Senior Men -80kg	F	146	JAYSUNOV Jasurbek	UZB	ZHAO Junbo	CHN	PTF	2:0
wuxi-grand-slam-challenge-2024	Senior Women +67kg	R64	401	ZHANG Sujuan	CHN	MA Kemeng	CHN	PTF	2:0
wuxi-grand-slam-challenge-2024	Senior Women +67kg	R32	113	LI Yawen	CHN	DIAKITE Bintou	FRA	PTF	2:1
wuxi-grand-slam-challenge-2024	Senior Women +67kg	R32	114	STEPANOVA Elizaveta	AIN	ALIJONOVA Gulsanam	UZB	PTF	2:0
wuxi-grand-slam-challenge-2024	Senior Women +67kg	R32	115	MU Wenzhe	CHN	UZUNCAVDAR Sude yaren	TUR	PTF	2:0
wuxi-grand-slam-challenge-2024	Senior Women +67kg	R32	116	SHVEDKOVA Polina	AIN	MIKHAILOVA Iuliia	AIN	PTF	2:0
wuxi-grand-slam-challenge-2024	Senior Women +67kg	R32	213	CHIN I Chun	TPE	ZHAO Jingwen	CHN	PTF	2:1
wuxi-grand-slam-challenge-2024	Senior Women +67kg	R32	214	HAREMZA Dagmara	POL	UMURERWA Nadeg	RWA	PTF	2:0
wuxi-grand-slam-challenge-2024	Senior Women +67kg	R32	215	ZHAO Zitong	CHN	LIU Yiting	CHN	PTF	2:0
wuxi-grand-slam-challenge-2024	Senior Women +67kg	R32	216	ADEBAIO Kristina	AIN	SHI Juan	CHN	PTF	2:0
wuxi-grand-slam-challenge-2024	Senior Women +67kg	R32	312	KUS AYDIN Nafia	TUR	ZHANG Sujuan	CHN	PTF	2:0
wuxi-grand-slam-challenge-2024	Senior Women +67kg	R32	313	XU Lei	CHN	SONG Mi-Seong	KOR	PTF	2:0
wuxi-grand-slam-challenge-2024	Senior Women +67kg	R32	314	XIAO Shunan	CHN	STEWART Reba	AUS	PTF	2:0
wuxi-grand-slam-challenge-2024	Senior Women +67kg	R32	315	YOON Do Hee	KOR	YU Yingying	CHN	PTF	2:1
wuxi-grand-slam-challenge-2024	Senior Women +67kg	R32	412	MOHAMMED Noor nazar	QAT	SHI Shuyuan	CHN	PTF	2:0
wuxi-grand-slam-challenge-2024	Senior Women +67kg	R32	413	KOSMYCHEVA Anastasiia	AIN	PETROVIC Iva	SRB	PTF	2:0
wuxi-grand-slam-challenge-2024	Senior Women +67kg	R32	414	YUAN Zhijing	CHN	LIU Yaxin	CHN	PTF	2:0
wuxi-grand-slam-challenge-2024	Senior Women +67kg	R32	415	SUN Jiahui	CHN	DING Hongdan	CHN	PTF	2:0
wuxi-grand-slam-challenge-2024	Senior Women +67kg	R16	127	XU Lei	CHN	KOSMYCHEVA Anastasiia	AIN	PTF	2:0
wuxi-grand-slam-challenge-2024	Senior Women +67kg	R16	128	YOON Do Hee	KOR	SUN Jiahui	CHN	PTF	2:1
wuxi-grand-slam-challenge-2024	Senior Women +67kg	R16	227	STEPANOVA Elizaveta	AIN	HAREMZA Dagmara	POL	PTF	2:1
wuxi-grand-slam-challenge-2024	Senior Women +67kg	R16	228	ADEBAIO Kristina	AIN	SHVEDKOVA Polina	AIN	PTF	2:0
wuxi-grand-slam-challenge-2024	Senior Women +67kg	R16	326	KUS AYDIN Nafia	TUR	MOHAMMED Noor nazar	QAT	PTF	2:0
wuxi-grand-slam-challenge-2024	Senior Women +67kg	R16	327	XIAO Shunan	CHN	YUAN Zhijing	CHN	PTF	2:0
wuxi-grand-slam-challenge-2024	Senior Women +67kg	R16	426	LI Yawen	CHN	CHIN I Chun	TPE	PTF	2:0
wuxi-grand-slam-challenge-2024	Senior Women +67kg	R16	427	MU Wenzhe	CHN	ZHAO Zitong	CHN	PTF	2:0
wuxi-grand-slam-challenge-2024	Senior Women +67kg	QF	134	MU Wenzhe	CHN	XIAO Shunan	CHN	PTF	2:1
wuxi-grand-slam-challenge-2024	Senior Women +67kg	QF	234	ADEBAIO Kristina	AIN	YOON Do Hee	KOR	PTF	2:1
wuxi-grand-slam-challenge-2024	Senior Women +67kg	QF	333	KUS AYDIN Nafia	TUR	LI Yawen	CHN	PTF	2:0
wuxi-grand-slam-challenge-2024	Senior Women +67kg	QF	433	XU Lei	CHN	STEPANOVA Elizaveta	AIN	PTF	2:0
wuxi-grand-slam-challenge-2024	Senior Women +67kg	SF	137	XU Lei	CHN	KUS AYDIN Nafia	TUR	PTF	2:0
wuxi-grand-slam-challenge-2024	Senior Women +67kg	SF	237	MU Wenzhe	CHN	ADEBAIO Kristina	AIN	PTF	2:0
wuxi-grand-slam-challenge-2024	Senior Women +67kg	BR	140	KUS AYDIN Nafia	TUR	ADEBAIO Kristina	AIN	PTF	2:1
wuxi-grand-slam-challenge-2024	Senior Women +67kg	F	144	MU Wenzhe	CHN	XU Lei	CHN	PTF	2:0
fujairah-open-2025	Senior Men -54kg	R64	101	TILANI Mohammad parsa	IRI	ADILET Kazbayev	KAZ	PTF	2:0
fujairah-open-2025	Senior Men -54kg	R64	102	DOLGIYEV Amin	KAZ	ALOTAIBI Mamdouh	KSA	PTF	2:0
fujairah-open-2025	Senior Men -54kg	R64	103	ZUBAIDI Hussein watheq	IRQ	SINGH CHOTIYA Dharmendra	IND	WDR	
fujairah-open-2025	Senior Men -54kg	R64	104	BEN SALEM Anas	TUN	HADI Mehzea	KUW	WDR	
fujairah-open-2025	Senior Men -54kg	R64	105	TRABELSI Amen allah	TUN	SHABIN Taha ali	YEM	PTF	2:0
fujairah-open-2025	Senior Men -54kg	R64	106	KLUCHEV Asadbek	KAZ	ALMUTAIRI Mohammad z	KUW	WDR	
fujairah-open-2025	Senior Men -54kg	R64	107	HMIMES Saber	MAR	ALAJMI Salman abdulaziz	KUW	DSQ	
fujairah-open-2025	Senior Men -54kg	R64	108	ABDELFATTAH AHMED MOHAMED ABDELFATTAH Momen	EGY	SULTANGALY Temirlan	KAZ	PTF	2:1
fujairah-open-2025	Senior Men -54kg	R64	109	ALSHAHRANI Abdulrahman abdullah m	KSA	SINGH Sahil sourav	IND	PTF	2:0
fujairah-open-2025	Senior Men -54kg	R64	110	DIA Mohamed	MTN	LEHTINEN Valtteri	FIN	PTF	2:0
fujairah-open-2025	Senior Men -54kg	R64	115	JOUAD Majd	MAR	QALA Abdulmajeed mohammed t	KSA	PTF	2:0
fujairah-open-2025	Senior Men -54kg	R64	401	JAR Yousef	KSA	IJAAJAANE Salim	MAR	PTF	2:0
fujairah-open-2025	Senior Men -54kg	R64	402	HASSAN M BUHARI Muteb	KSA	ALENEZI Yahya esmail	KUW	PTF	2:1
fujairah-open-2025	Senior Men -54kg	R32	111	ALHUSAMI Anas	JOR	ALKARMATI Abdulrahman khaled	UAE	DSQ	
fujairah-open-2025	Senior Men -54kg	R32	112	ASEM ATA ABU SREE' Moataz bellah	EGY	HASSAN M BUHARI Muteb	KSA	PTF	2:1
fujairah-open-2025	Senior Men -54kg	R32	116	HAMDI Riad nasser a	KSA	TRABELSI Amen allah	TUN	RSC	2:0
fujairah-open-2025	Senior Men -54kg	R32	117	ZIYAEE KANI Saman	IRI	AL-LOUZI Radad	JOR	PTF	2:0
fujairah-open-2025	Senior Men -54kg	R32	118	KLUCHEV Asadbek	KAZ	ALSHAHRANI Hani abdullah	KSA	PTF	2:0
fujairah-open-2025	Senior Men -54kg	R32	119	KAZLOU Aliaksandr	AIN	HMIMES Saber	MAR	RSC	2:0
fujairah-open-2025	Senior Men -54kg	R32	120	KHAN Shahzaib	PAK	ABDELFATTAH AHMED MOHAMED ABDELFATTAH Momen	EGY	PTF	2:0
fujairah-open-2025	Senior Men -54kg	R32	121	ALSHAHRANI Abdulrahman abdullah m	KSA	ALDHANHANI Ahmed	UAE	PTF	2:0
fujairah-open-2025	Senior Men -54kg	R32	122	ALMUSHRAF Abdullah essa a	KSA	DIA Mohamed	MTN	PTF	2:0
fujairah-open-2025	Senior Men -54kg	R32	123	SEO Eunsu	KOR	JOUAD Majd	MAR	PTF	2:0
fujairah-open-2025	Senior Men -54kg	R32	206	TILANI Mohammad parsa	IRI	MARA Jibryl	FRA	PTF	2:1
fujairah-open-2025	Senior Men -54kg	R32	207	ALKHALDI Musaad ali j	KSA	EZZAHERY Mohammed	MAR	PTF	2:0
fujairah-open-2025	Senior Men -54kg	R32	208	GARCIA Noah	FRA	DOLGIYEV Amin	KAZ	PTF	2:1
fujairah-open-2025	Senior Men -54kg	R32	209	ALDAOUD Ja'afar	JOR	ZUBAIDI Hussein watheq	IRQ	PTF	2:0
fujairah-open-2025	Senior Men -54kg	R32	210	VALIZADEH AFROOZI Yasin	IRI	BEN SALEM Anas	TUN	WDR	
fujairah-open-2025	Senior Men -54kg	R32	211	SERIK Artur	KAZ	JAR Yousef	KSA	PTF	2:0
fujairah-open-2025	Senior Men -54kg	R16	124	ZIYAEE KANI Saman	IRI	HAMDI Riad nasser a	KSA	PTF	2:0
fujairah-open-2025	Senior Men -54kg	R16	125	KAZLOU Aliaksandr	AIN	KLUCHEV Asadbek	KAZ	PTF	2:1
fujairah-open-2025	Senior Men -54kg	R16	126	KHAN Shahzaib	PAK	ALSHAHRANI Abdulrahman abdullah m	KSA	PTF	2:1
fujairah-open-2025	Senior Men -54kg	R16	127	SEO Eunsu	KOR	ALMUSHRAF Abdullah essa a	KSA	PTF	2:0
fujairah-open-2025	Senior Men -54kg	R16	218	TILANI Mohammad parsa	IRI	ALKHALDI Musaad ali j	KSA	PTF	2:0
fujairah-open-2025	Senior Men -54kg	R16	219	ALDAOUD Ja'afar	JOR	GARCIA Noah	FRA	PTF	2:0
fujairah-open-2025	Senior Men -54kg	R16	220	VALIZADEH AFROOZI Yasin	IRI	SERIK Artur	KAZ	PTF	2:1
fujairah-open-2025	Senior Men -54kg	R16	221	ASEM ATA ABU SREE' Moataz bellah	EGY	ALHUSAMI Anas	JOR	PTF	2:0
fujairah-open-2025	Senior Men -54kg	QF	128	ZIYAEE KANI Saman	IRI	KAZLOU Aliaksandr	AIN	PTF	2:0
fujairah-open-2025	Senior Men -54kg	QF	129	SEO Eunsu	KOR	KHAN Shahzaib	PAK	PTF	2:0
fujairah-open-2025	Senior Men -54kg	QF	225	ALDAOUD Ja'afar	JOR	TILANI Mohammad parsa	IRI	PTF	2:1
fujairah-open-2025	Senior Men -54kg	QF	226	VALIZADEH AFROOZI Yasin	IRI	ASEM ATA ABU SREE' Moataz bellah	EGY	PTF	2:0
fujairah-open-2025	Senior Men -54kg	SF	131	SEO Eunsu	KOR	ZIYAEE KANI Saman	IRI	PTF	2:1
fujairah-open-2025	Senior Men -54kg	SF	229	ALDAOUD Ja'afar	JOR	VALIZADEH AFROOZI Yasin	IRI	PTF	2:1
fujairah-open-2025	Senior Men -54kg	F	636	SEO Eunsu	KOR	ALDAOUD Ja'afar	JOR	PTF	1:0
fujairah-open-2025	Senior Men -58kg	R64	405	ERSHAD Anas	AFG	KHASANOV Temur	UZB	PTF	2:0
fujairah-open-2025	Senior Men -58kg	R64	406	ZANDI Abolfazl	IRI	ALSAMIH Fahad samih n	KSA	PTF	2:0
fujairah-open-2025	Senior Men -58kg	R64	407	BUREHMA Ali	KUW	SAED KHAMES Khames	UAE	RSC	
fujairah-open-2025	Senior Men -58kg	R64	408	ALI Siyamand Hashim Ali	IRQ	BEHERA Jagannath	IND	PTF	2:0
fujairah-open-2025	Senior Men -58kg	R64	409	CONTI Andrea	ITA	MAHMOUD Ribal	UAE	PTF	2:0
fujairah-open-2025	Senior Men -58kg	R64	410	BINMOGHAISEEB ABDULMAJEED	KSA	ALENEZI Abdulaziz s a	KUW	PTF	2:1
fujairah-open-2025	Senior Men -58kg	R64	411	OSAMA HUSSEIEN Mohamed	EGY	ALFAHMAWI Khaled	JOR	PTF	2:0
fujairah-open-2025	Senior Men -58kg	R64	501	RUSTAMOV Kozimjon	UZB	MOHAMED Ali	UAE	PTF	2:0
fujairah-open-2025	Senior Men -58kg	R64	502	MAJRASHI Essa	KSA	ALDHAFIRI Moahmmed	KUW	PTF	2:0
fujairah-open-2025	Senior Men -58kg	R64	503	TRIKI Noureddine	TUN	MOHAMED SEIF EL DIN MOHAMED Seif el din	EGY	PTF	2:1
fujairah-open-2025	Senior Men -58kg	R64	504	TUKENOV Amir	KAZ	MURAD Moayed	UAE	DSQ	
fujairah-open-2025	Senior Men -58kg	R64	505	DIARRASSOUBA Adam junior	CIV	KHAZMALYAN Vahe	ARM	PTF	2:0
fujairah-open-2025	Senior Men -58kg	R64	506	KHAJAVI Rastin	IRI	AKBI Alisher	KAZ	PTF	2:1
fujairah-open-2025	Senior Men -58kg	R64	507	ALQALLAF Yousef yaqoub	KUW	ALMUTAIRI Muath	KSA	PTF	2:0
fujairah-open-2025	Senior Men -58kg	R32	412	GURTSIEV Georgii	AIN	ERSHAD Anas	AFG	PTF	2:0
fujairah-open-2025	Senior Men -58kg	R32	413	OMRI Abdoullah	TUN	ELZHURKHAYEV Tamerlan	KAZ	PTF	2:0
fujairah-open-2025	Senior Men -58kg	R32	414	ZANDI Abolfazl	IRI	DIMITROPOULOS Konstantinos	GRE	PTF	2:0
fujairah-open-2025	Senior Men -58kg	R32	415	DEL VECCHIO Teodoro	ITA	BUREHMA Ali	KUW	PTF	2:0
fujairah-open-2025	Senior Men -58kg	R32	416	SIDDIQUE Abubakar	PAK	ALI Siyamand Hashim Ali	IRQ	PTF	2:0
fujairah-open-2025	Senior Men -58kg	R32	417	CONTI Andrea	ITA	KAZLOU Yahor	AIN	PTF	2:0
fujairah-open-2025	Senior Men -58kg	R32	417.1	KHAJAVI Rastin	IRI	KOUDSI Raphael	LBN	PTF	2:0
fujairah-open-2025	Senior Men -58kg	R32	417.2	HOIDZ Roman	AIN	SAFADI Hashem	JOR	PTF	2:0
fujairah-open-2025	Senior Men -58kg	R32	418	ABILKASSYM Abdulla	KAZ	BINMOGHAISEEB ABDULMAJEED	KSA	RSC	
fujairah-open-2025	Senior Men -58kg	R32	419	OSAMA HUSSEIEN Mohamed	EGY	MOLJ Domen	SLO	PTF	2:1
fujairah-open-2025	Senior Men -58kg	R32	515	YOUSIF Mahmoud bassam	JOR	RUSTAMOV Kozimjon	UZB	PTF	1:0
fujairah-open-2025	Senior Men -58kg	R32	516	MANENKOV Maksym	UKR	MAJRASHI Essa	KSA	PTF	2:0
fujairah-open-2025	Senior Men -58kg	R32	517	CHEN Jiacheng	CHN	TRIKI Noureddine	TUN	PTF	2:0
fujairah-open-2025	Senior Men -58kg	R32	518	HOSSEINPOUR Alireza	IRI	TUKENOV Amir	KAZ	PTF	2:0
fujairah-open-2025	Senior Men -58kg	R32	519	DIARRASSOUBA Adam junior	CIV	FOTI Giuseppe	ITA	RSC	
fujairah-open-2025	Senior Men -58kg	R32	522	KHAN Haroon	PAK	ALQALLAF Yousef yaqoub	KUW	PTF	2:1
fujairah-open-2025	Senior Men -58kg	R16	420	GURTSIEV Georgii	AIN	OMRI Abdoullah	TUN	PTF	2:0
fujairah-open-2025	Senior Men -58kg	R16	421	ZANDI Abolfazl	IRI	DEL VECCHIO Teodoro	ITA	PTF	2:0
fujairah-open-2025	Senior Men -58kg	R16	422	SIDDIQUE Abubakar	PAK	CONTI Andrea	ITA	RSC	
fujairah-open-2025	Senior Men -58kg	R16	423	OSAMA HUSSEIEN Mohamed	EGY	ABILKASSYM Abdulla	KAZ	PTF	2:1
fujairah-open-2025	Senior Men -58kg	R16	526	MANENKOV Maksym	UKR	YOUSIF Mahmoud bassam	JOR	PTF	2:0
fujairah-open-2025	Senior Men -58kg	R16	527	HOSSEINPOUR Alireza	IRI	CHEN Jiacheng	CHN	PTF	2:0
fujairah-open-2025	Senior Men -58kg	R16	528	KHAJAVI Rastin	IRI	DIARRASSOUBA Adam junior	CIV	PTF	2:0
fujairah-open-2025	Senior Men -58kg	R16	529	KHAN Haroon	PAK	HOIDZ Roman	AIN	PTF	2:0
fujairah-open-2025	Senior Men -58kg	QF	424	ZANDI Abolfazl	IRI	GURTSIEV Georgii	AIN	WDR	
fujairah-open-2025	Senior Men -58kg	QF	532.1	HOSSEINPOUR Alireza	IRI	MANENKOV Maksym	UKR	PTF	2:0
fujairah-open-2025	Senior Men -58kg	QF	533	KHAN Haroon	PAK	KHAJAVI Rastin	IRI	PTF	2:0
fujairah-open-2025	Senior Men -58kg	QF	533.1	OSAMA HUSSEIEN Mohamed	EGY	SIDDIQUE Abubakar	PAK	PTF	2:0
fujairah-open-2025	Senior Men -58kg	SF	427	ZANDI Abolfazl	IRI	OSAMA HUSSEIEN Mohamed	EGY	PTF	2:0
fujairah-open-2025	Senior Men -58kg	SF	534	HOSSEINPOUR Alireza	IRI	KHAN Haroon	PAK	PTF	2:0
fujairah-open-2025	Senior Men -58kg	F	737	ZANDI Abolfazl	IRI	HOSSEINPOUR Alireza	IRI	PTF	2:0
fujairah-open-2025	Senior Men -63kg	R64	601	ZAIRAT Bilal	MAR	TZAVARAS Panagiotis	GRE	PTF	2:0
fujairah-open-2025	Senior Men -63kg	R64	602	MOHAMMED Muath	BRN	ALLOUCHE Yassine	TUN	PTF	2:0
fujairah-open-2025	Senior Men -63kg	R64	603	ALIMORADIAN Ali Asghar	IRI	ALMABROUK Hamad mabrouk s	KSA	PTF	2:0
fujairah-open-2025	Senior Men -63kg	R64	604	ABDIMALIK Dulat	KAZ	MOHAMED OMAR SAYED Omar	EGY	PTF	2:0
fujairah-open-2025	Senior Men -63kg	R64	605	SIDIBE Mohamed kambory	CIV	MURADYAN Sargis	ARM	PTF	2:0
fujairah-open-2025	Senior Men -63kg	R64	701	ERSHAD Abubaker	AFG	FARHAT Mohamed-mahdi s. jawad	CIV	RSC	2:0
fujairah-open-2025	Senior Men -63kg	R64	702	TORKASHVAND Amirhossein	OMA	ABDULGADER Abdulmalik mohamed	LBA	PTF	2:1
fujairah-open-2025	Senior Men -63kg	R64	703	YELSHIBAY Yelzhan	KAZ	IRISBOEV Javohir	UZB	PTF	2:0
fujairah-open-2025	Senior Men -63kg	R64	704	IURLARO Ludovico	ITA	ABUTALEB Abdulbasit ali m	KSA	PTF	2:0
fujairah-open-2025	Senior Men -63kg	R64	705	KONATE Ben younouss	CIV	AKHMETKALIYEV Bakhtiyar	KAZ	PTF	2:0
fujairah-open-2025	Senior Men -63kg	R32	714	BARETTA Dennis	ITA	ERSHAD Abubaker	AFG	PTF	2:0
fujairah-open-2025	Senior Men -63kg	R32	715	MAGDY ABDELMONEM Omar	EGY	AL-AMERI Mohamed jawad	YEM	PTF	2:1
fujairah-open-2025	Senior Men -63kg	R32	716	ALIEV Saidali	ARM	TORKASHVAND Amirhossein	OMA	PTF	2:0
fujairah-open-2025	Senior Men -63kg	R32	717	RAHNAMA Amirabbas	IRI	YELSHIBAY Yelzhan	KAZ	PTF	2:0
fujairah-open-2025	Senior Men -63kg	R32	718	JUNG Jaebin	KOR	IURLARO Ludovico	ITA	PTF	2:0
fujairah-open-2025	Senior Men -63kg	R32	719	BOULAZZE Abderrahmane	MAR	ELSERSY Omar	EGY	PTF	2:1
fujairah-open-2025	Senior Men -63kg	R32	720	HAJIMOUSAEI Mahdi	IRI	SHLOUL Tareq	JOR	PTF	2:0
fujairah-open-2025	Senior Men -63kg	R32	721	ALTARYREH Mahmoud	JOR	KONATE Ben younouss	CIV	PTF	2:0
fujairah-open-2025	Senior Men -63kg	R32	805	GHALI Zakaria mohammed	KSA	ZAIRAT Bilal	MAR	PTF	2:1
fujairah-open-2025	Senior Men -63kg	R32	806	REZAEI Matin	IRI	BIN QANN Salman Mansour B	KSA	RSC	
fujairah-open-2025	Senior Men -63kg	R32	807	SANTINELLI Christian	ITA	HASSAN KAMAL Yahia	EGY	PTF	2:0
fujairah-open-2025	Senior Men -63kg	R32	808	DELEVAL Herwan	FRA	MOHAMMED Muath	BRN	RSC	2:0
fujairah-open-2025	Senior Men -63kg	R32	809	ALIMORADIAN Ali Asghar	IRI	BANDAREVICH Maksim	AIN	PTF	2:1
fujairah-open-2025	Senior Men -63kg	R32	810	ABDIMALIK Dulat	KAZ	KHAN Noman	PAK	PTF	2:0
fujairah-open-2025	Senior Men -63kg	R32	811	ALMADAWI Mohammed ali a	KSA	AL-MUTAIRI Falah	KUW	PTF	2:0
fujairah-open-2025	Senior Men -63kg	R32	812	YASER ISMAIL Omar	PLE	SIDIBE Mohamed kambory	CIV	PTF	2:0
fujairah-open-2025	Senior Men -63kg	R16	423.2	RAHNAMA Amirabbas	IRI	ALIEV Saidali	ARM	PTF	2:0
fujairah-open-2025	Senior Men -63kg	R16	423.3	JUNG Jaebin	KOR	BOULAZZE Abderrahmane	MAR	PTF	2:0
fujairah-open-2025	Senior Men -63kg	R16	423.4	HAJIMOUSAEI Mahdi	IRI	ALTARYREH Mahmoud	JOR	PTF	2:0
fujairah-open-2025	Senior Men -63kg	R16	726	BARETTA Dennis	ITA	MAGDY ABDELMONEM Omar	EGY	PTF	2:0
fujairah-open-2025	Senior Men -63kg	R16	821	REZAEI Matin	IRI	GHALI Zakaria mohammed	KSA	PTF	2:0
fujairah-open-2025	Senior Men -63kg	R16	822	SANTINELLI Christian	ITA	DELEVAL Herwan	FRA	WDR	
fujairah-open-2025	Senior Men -63kg	R16	823	ALIMORADIAN Ali Asghar	IRI	ABDIMALIK Dulat	KAZ	PTF	2:1
fujairah-open-2025	Senior Men -63kg	R16	824	YASER ISMAIL Omar	PLE	ALMADAWI Mohammed ali a	KSA	PTF	2:0
fujairah-open-2025	Senior Men -63kg	QF	733	HAJIMOUSAEI Mahdi	IRI	JUNG Jaebin	KOR	PTF	2:0
fujairah-open-2025	Senior Men -63kg	QF	829	REZAEI Matin	IRI	SANTINELLI Christian	ITA	PTF	2:0
fujairah-open-2025	Senior Men -63kg	QF	830	ALIMORADIAN Ali Asghar	IRI	YASER ISMAIL Omar	PLE	PTF	2:0
fujairah-open-2025	Senior Men -63kg	QF	830.1	BARETTA Dennis	ITA	RAHNAMA Amirabbas	IRI	RSC	2:0
fujairah-open-2025	Senior Men -63kg	SF	831	HAJIMOUSAEI Mahdi	IRI	BARETTA Dennis	ITA	PTF	2:0
fujairah-open-2025	Senior Men -63kg	SF	832	REZAEI Matin	IRI	ALIMORADIAN Ali Asghar	IRI	PTF	2:0
fujairah-open-2025	Senior Men -63kg	F	937	REZAEI Matin	IRI	HAJIMOUSAEI Mahdi	IRI	PTF	2:1
fujairah-open-2025	Senior Men -68kg	R64	201	ABUHATAB Nouredeen	PLE	ALKHAWAHR Mustafa abdulmanam a	KSA	PTF	2:0
fujairah-open-2025	Senior Men -68kg	R64	202	QIN Xingyu	CHN	AL NASHASH Hamzeh	JOR	PTF	2:1
fujairah-open-2025	Senior Men -68kg	R64	203	ZEINALI Radin	IRI	MOHAMED HARHASH Youssuf	EGY	DSQ	
fujairah-open-2025	Senior Men -68kg	R64	204	DAHIRI Mohamed amine	MAR	FEKI Mahdi	TUN	PTF	2:0
fujairah-open-2025	Senior Men -68kg	R64	205	ISAEV Bekhruzbek	KSA	IBRAHIM SHAIKH Mohammad	PLE	PTF	2:0
fujairah-open-2025	Senior Men -68kg	R64	403	ALENEZI Saood	KUW	GIANNOU Efstratios	GRE	PTF	2:0
fujairah-open-2025	Senior Men -68kg	R64	404	KOBENAN Aaron francois	CIV	ISSAOUI Iyed	TUN	PTF	2:0
fujairah-open-2025	Senior Men -68kg	R64	606	ABEDIAN Amir morteza	IRI	HAMOUDA Nafti	TUN	PTF	2:1
fujairah-open-2025	Senior Men -68kg	R64	607	MOHAMED Amr	UAE	MALALLAH Mohammad	KUW	PTF	2:0
fujairah-open-2025	Senior Men -68kg	R64	608	SAIDI Faical	MAR	ZIAD Diaa	PLE	PTF	2:0
fujairah-open-2025	Senior Men -68kg	R64	609	LUPO Davide	ITA	TURABOV Umidjon	UZB	PTF	2:0
fujairah-open-2025	Senior Men -68kg	R64	610	OMRANI Ayoub	TUN	MYLLYNEN Niko	FIN	PTF	2:0
fujairah-open-2025	Senior Men -68kg	R64	611	YAGHOUBIJOUYBARI Abolfazl	IRI	ALRASHEDI Barrak	KUW	PTF	2:0
fujairah-open-2025	Senior Men -68kg	R64	612	MURATKAN Yelnur	KAZ	AL HARBI Mohammed	KSA	PTF	2:0
fujairah-open-2025	Senior Men -68kg	R64	613	TCAKOEV Sarmat	AIN	MESAMEH Yusuf faisal	BRN	PTF	2:0
fujairah-open-2025	Senior Men -68kg	R32	113	NIU Guansen	CHN	ALENEZI Saood	KUW	PTF	2:0
fujairah-open-2025	Senior Men -68kg	R32	114	ASGHARI MAHIABADI Hamed	IRI	AL TAIFI Rayyan mohammed j	KSA	PTF	2:0
fujairah-open-2025	Senior Men -68kg	R32	212	TUKHLIBOEV Diyorbek	UZB	KOBENAN Aaron francois	CIV	PTF	2:0
fujairah-open-2025	Senior Men -68kg	R32	213	CHRZANOWSKI Mateusz	POL	ABUHATAB Nouredeen	PLE	WDR	
fujairah-open-2025	Senior Men -68kg	R32	214	QIN Xingyu	CHN	KASSANOV Izyat	KAZ	PTF	2:0
fujairah-open-2025	Senior Men -68kg	R32	215	KAZEMI Keivan	IRI	ZEINALI Radin	IRI	PTF	2:0
fujairah-open-2025	Senior Men -68kg	R32	216	EREMEEV Dmitrii	AIN	DAHIRI Mohamed amine	MAR	PTF	2:0
fujairah-open-2025	Senior Men -68kg	R32	217	MUN Jinho	KOR	ISAEV Bekhruzbek	KSA	PTF	2:1
fujairah-open-2025	Senior Men -68kg	R32	614	ALHALAWANI Zaid	JOR	ABEDIAN Amir morteza	IRI	PTF	2:0
fujairah-open-2025	Senior Men -68kg	R32	615	ALKHAWAHIR Ahmed	KSA	MOHAMED Amr	UAE	PTF	2:1
fujairah-open-2025	Senior Men -68kg	R32	616	SAIDI Faical	MAR	MIATLITSKI Matsvei	AIN	PTF	2:0
fujairah-open-2025	Senior Men -68kg	R32	617	LUPO Davide	ITA	ARBAZ KHAN Muhammad	PAK	PTF	2:0
fujairah-open-2025	Senior Men -68kg	R32	618	CHEN Yufan	CHN	OMRANI Ayoub	TUN	WDR	
fujairah-open-2025	Senior Men -68kg	R32	619	YAGHOUBIJOUYBARI Abolfazl	IRI	AKHMIM Ayoub	MAR	PTF	2:0
fujairah-open-2025	Senior Men -68kg	R32	620	PALANGAFKAN Mohammad hasan	IRI	MURATKAN Yelnur	KAZ	PTF	2:0
fujairah-open-2025	Senior Men -68kg	R32	621	MUHAMMAD FATHY Omar	EGY	TCAKOEV Sarmat	AIN	PTF	2:1
fujairah-open-2025	Senior Men -68kg	R16	222	NIU Guansen	CHN	ASGHARI MAHIABADI Hamed	IRI	PTF	2:0
fujairah-open-2025	Senior Men -68kg	R16	223	TUKHLIBOEV Diyorbek	UZB	CHRZANOWSKI Mateusz	POL	PTF	2:0
fujairah-open-2025	Senior Men -68kg	R16	224	MUN Jinho	KOR	EREMEEV Dmitrii	AIN	PTF	2:0
fujairah-open-2025	Senior Men -68kg	R16	224.1	KAZEMI Keivan	IRI	QIN Xingyu	CHN	PTF	2:0
fujairah-open-2025	Senior Men -68kg	R16	622	ALHALAWANI Zaid	JOR	ALKHAWAHIR Ahmed	KSA	PTF	2:0
fujairah-open-2025	Senior Men -68kg	R16	623	SAIDI Faical	MAR	LUPO Davide	ITA	PTF	2:1
fujairah-open-2025	Senior Men -68kg	R16	624	YAGHOUBIJOUYBARI Abolfazl	IRI	CHEN Yufan	CHN	PTF	2:0
fujairah-open-2025	Senior Men -68kg	R16	625	PALANGAFKAN Mohammad hasan	IRI	MUHAMMAD FATHY Omar	EGY	PTF	2:0
fujairah-open-2025	Senior Men -68kg	QF	227	NIU Guansen	CHN	TUKHLIBOEV Diyorbek	UZB	PTF	2:0
fujairah-open-2025	Senior Men -68kg	QF	228	MUN Jinho	KOR	KAZEMI Keivan	IRI	PTF	2:0
fujairah-open-2025	Senior Men -68kg	QF	425.1	PALANGAFKAN Mohammad hasan	IRI	YAGHOUBIJOUYBARI Abolfazl	IRI	PTF	2:0
fujairah-open-2025	Senior Men -68kg	QF	626	ALHALAWANI Zaid	JOR	SAIDI Faical	MAR	PTF	2:0
fujairah-open-2025	Senior Men -68kg	SF	231	MUN Jinho	KOR	NIU Guansen	CHN	PTF	2:0
fujairah-open-2025	Senior Men -68kg	SF	628	PALANGAFKAN Mohammad hasan	IRI	ALHALAWANI Zaid	JOR	PTF	2:1
fujairah-open-2025	Senior Men -68kg	F	938	MUN Jinho	KOR	PALANGAFKAN Mohammad hasan	IRI	RSC	2:0
fujairah-open-2025	Senior Men -74kg	R64	311	EMADI Mohammad mahdi	IRI	GATIIATULLIN Timur	AIN	PTF	2:0
fujairah-open-2025	Senior Men -74kg	R64	312	ABDUSALAMOV Magomed	AIN	MOHAMED MAHMOUD Frass	EGY	PTF	2:0
fujairah-open-2025	Senior Men -74kg	R64	313	BIN DOOKHY HASHAM	KSA	SADEGHIAN ABBASALI KESHI Amir reza	IRI	DSQ	
fujairah-open-2025	Senior Men -74kg	R64	313.1	BAKHTIARI Amir sina	IRI	ALKHASHARFA Mohammad Khalil	SYR	PTF	2:0
fujairah-open-2025	Senior Men -74kg	R64	801	HAMMOUDA Mostafa mahmoud saif	UAE	UMAR Hashir	PAK	DSQ	
fujairah-open-2025	Senior Men -74kg	R64	802	KOUAME Jean ezechiel	CIV	ALAGHA Rakan	KSA	RSC	
fujairah-open-2025	Senior Men -74kg	R64	803	ZAHEDI Mohammad Hossein	IRI	HASAN Ali	UAE	PTF	2:0
fujairah-open-2025	Senior Men -74kg	R64	804	TRIPATHI Krishna	IND	ABDULREHEEM Fawaz	KUW	DSQ	
fujairah-open-2025	Senior Men -74kg	R32	314	EMADI Mohammad mahdi	IRI	CUDNOCH Lukasz	POL	PTF	2:0
fujairah-open-2025	Senior Men -74kg	R32	315	EL-ALAMI-SAIDI Rachid	MAR	ELALAOUI Mohtaram	UAE	PTF	2:0
fujairah-open-2025	Senior Men -74kg	R32	316	KENZHEBEK Abyl	KAZ	ASHOUR Mahde	KUW	DSQ	
fujairah-open-2025	Senior Men -74kg	R32	317	BAKHTIARI Amir sina	IRI	BOUJEMAI Fares	TUN	RSC	2:0
fujairah-open-2025	Senior Men -74kg	R32	318	ABDUSALAMOV Magomed	AIN	ORYNBASSAR Yerassyl	KAZ	PTF	2:0
fujairah-open-2025	Senior Men -74kg	R32	319	RAJABOV Islombek	UZB	ALOJAIMAN Ojaiman	KUW	WDR	
fujairah-open-2025	Senior Men -74kg	R32	320	NOURICHAFI Fadl-allah	MAR	ALAJMI Abdulaziz	KUW	PTF	2:1
fujairah-open-2025	Senior Men -74kg	R32	321	BIN DOOKHY HASHAM	KSA	F. A. ABDELRAZEQ Fahid	PLE	PTF	2:1
fujairah-open-2025	Senior Men -74kg	R32	813	ABDELLAOUI Aziz	TUN	HAMMOUDA Mostafa mahmoud saif	UAE	PTF	2:0
fujairah-open-2025	Senior Men -74kg	R32	814	BAHLOOOL Ahmad	PLE	KHASSEN Zhan	KAZ	PTF	2:0
fujairah-open-2025	Senior Men -74kg	R32	815	BABAKHIN Artsiom	AIN	ALENEZI Yousef salama	KUW	DSQ	
fujairah-open-2025	Senior Men -74kg	R32	816	KOUAME Jean ezechiel	CIV	BADR EDDINE Saidi	MAR	PTF	2:0
fujairah-open-2025	Senior Men -74kg	R32	817	ZAHEDI Mohammad Hossein	IRI	JUMA Ahmed sherif mohamed saf	EGY	PTF	2:0
fujairah-open-2025	Senior Men -74kg	R32	818	MOHAMED YASSINE Salim	MAR	BUTI Abdulwahab emad	KUW	PTF	2:0
fujairah-open-2025	Senior Men -74kg	R32	819	NECHIPAS Nikolai	AIN	MANGIONE Angelo	ITA	PTF	2:1
fujairah-open-2025	Senior Men -74kg	R32	820	KOSIMKHOJIEV Najmiddin	UZB	TRIPATHI Krishna	IND	PTF	2:0
fujairah-open-2025	Senior Men -74kg	R16	322	EL-ALAMI-SAIDI Rachid	MAR	EMADI Mohammad mahdi	IRI	RSC	1:0
fujairah-open-2025	Senior Men -74kg	R16	323	BAKHTIARI Amir sina	IRI	KENZHEBEK Abyl	KAZ	PTF	2:0
fujairah-open-2025	Senior Men -74kg	R16	324	ABDUSALAMOV Magomed	AIN	RAJABOV Islombek	UZB	PTF	2:0
fujairah-open-2025	Senior Men -74kg	R16	325	BIN DOOKHY HASHAM	KSA	NOURICHAFI Fadl-allah	MAR	WDR	
fujairah-open-2025	Senior Men -74kg	R16	825	ABDELLAOUI Aziz	TUN	BAHLOOOL Ahmad	PLE	PTF	2:0
fujairah-open-2025	Senior Men -74kg	R16	826	KOUAME Jean ezechiel	CIV	BABAKHIN Artsiom	AIN	PTF	2:0
fujairah-open-2025	Senior Men -74kg	R16	827	ZAHEDI Mohammad Hossein	IRI	MOHAMED YASSINE Salim	MAR	PTF	2:0
fujairah-open-2025	Senior Men -74kg	R16	828	KOSIMKHOJIEV Najmiddin	UZB	NECHIPAS Nikolai	AIN	PTF	2:0
fujairah-open-2025	Senior Men -74kg	QF	326	BAKHTIARI Amir sina	IRI	EL-ALAMI-SAIDI Rachid	MAR	PTF	2:0
fujairah-open-2025	Senior Men -74kg	QF	327	ABDUSALAMOV Magomed	AIN	BIN DOOKHY HASHAM	KSA	RSC	
fujairah-open-2025	Senior Men -74kg	QF	328	KOUAME Jean ezechiel	CIV	ABDELLAOUI Aziz	TUN	PTF	2:1
fujairah-open-2025	Senior Men -74kg	QF	329	KOSIMKHOJIEV Najmiddin	UZB	ZAHEDI Mohammad Hossein	IRI	PTF	2:0
fujairah-open-2025	Senior Men -74kg	SF	330	ABDUSALAMOV Magomed	AIN	BAKHTIARI Amir sina	IRI	PTF	2:1
fujairah-open-2025	Senior Men -74kg	SF	331	KOSIMKHOJIEV Najmiddin	UZB	KOUAME Jean ezechiel	CIV	PTF	2:0
fujairah-open-2025	Senior Men -74kg	F	536	ABDUSALAMOV Magomed	AIN	KOSIMKHOJIEV Najmiddin	UZB	PTF	2:1
fujairah-open-2025	Senior Men -80kg	R32	508	AMIR HASSAN Armin	UAE	ALENEZI Omar	KUW	DSQ	
fujairah-open-2025	Senior Men -80kg	R32	509	GERRONE Antonio	ITA	ALENEZI Bandar	KUW	PTF	2:0
fujairah-open-2025	Senior Men -80kg	R32	510	KHOSHRAVESH Ali	IRI	GANIYEV Mergen	KAZ	PTF	2:0
fujairah-open-2025	Senior Men -80kg	R32	511	ZARHOUTI Haitam	MAR	ABBAS Mazhar	PAK	PTF	2:0
fujairah-open-2025	Senior Men -80kg	R32	512	ZHAO Haolan	CHN	BIGASHEV Rauan	KAZ	PTF	2:0
fujairah-open-2025	Senior Men -80kg	R32	513	HOSSAM ELDEIN Hazem	EGY	HAMEDI Tareg ali m	KSA	PTF	2:0
fujairah-open-2025	Senior Men -80kg	R32	514	TURAVINAU Raman	AIN	AHMADVAND Amin mohammad	IRI	PTF	2:0
fujairah-open-2025	Senior Men -80kg	R32	706	PAPADOPOULOS Ioannis	GRE	ALMUTAIRI Sulatan m kh	KUW	RSC	1:0
fujairah-open-2025	Senior Men -80kg	R32	707	ALSOWAIQ Mohammed	KSA	IBRAHIM Mohammad	KUW	RSC	1:0
fujairah-open-2025	Senior Men -80kg	R32	708	GALIYEV Alisher	KAZ	ALI Abbas	IND	DSQ	
fujairah-open-2025	Senior Men -80kg	R32	709	TUSMATOV Shakhboz	UZB	JI Jingxue	CHN	PTF	2:0
fujairah-open-2025	Senior Men -80kg	R32	710	ELSHEIKH Adham	EGY	LI Yang	CHN	PTF	2:0
fujairah-open-2025	Senior Men -80kg	R32	711	ABU HDEEB Baha'	JOR	AL-MUTAIRI Meshal	KUW	PTF	2:0
fujairah-open-2025	Senior Men -80kg	R32	712	AOUNI Jasser	KSA	BALCIUNAS Gabijus	LTU	RSC	
fujairah-open-2025	Senior Men -80kg	R32	713	EBRAHIMI Aliakbar	IRI	BENHASSINE Mohamed leith	TUN	PTF	2:0
fujairah-open-2025	Senior Men -80kg	R16	423.1	TURAVINAU Raman	AIN	HOSSAM ELDEIN Hazem	EGY	PTF	2:0
fujairah-open-2025	Senior Men -80kg	R16	523	JAYSUNOV Jasurbek	UZB	AMIR HASSAN Armin	UAE	PTF	2:0
fujairah-open-2025	Senior Men -80kg	R16	524	KHOSHRAVESH Ali	IRI	GERRONE Antonio	ITA	RSC	2:0
fujairah-open-2025	Senior Men -80kg	R16	525	ZARHOUTI Haitam	MAR	ZHAO Haolan	CHN	PTF	2:0
fujairah-open-2025	Senior Men -80kg	R16	722	PAPADOPOULOS Ioannis	GRE	ALSOWAIQ Mohammed	KSA	PTF	2:0
fujairah-open-2025	Senior Men -80kg	R16	723	TUSMATOV Shakhboz	UZB	GALIYEV Alisher	KAZ	PTF	2:0
fujairah-open-2025	Senior Men -80kg	R16	724	ABU HDEEB Baha'	JOR	ELSHEIKH Adham	EGY	PTF	2:1
fujairah-open-2025	Senior Men -80kg	R16	725	AOUNI Jasser	KSA	EBRAHIMI Aliakbar	IRI	PTF	2:1
fujairah-open-2025	Senior Men -80kg	QF	530	JAYSUNOV Jasurbek	UZB	KHOSHRAVESH Ali	IRI	PTF	2:0
fujairah-open-2025	Senior Men -80kg	QF	532.2	ZARHOUTI Haitam	MAR	TURAVINAU Raman	AIN	PTF	2:0
fujairah-open-2025	Senior Men -80kg	QF	730	PAPADOPOULOS Ioannis	GRE	TUSMATOV Shakhboz	UZB	PTF	2:0
fujairah-open-2025	Senior Men -80kg	QF	731	AOUNI Jasser	KSA	ABU HDEEB Baha'	JOR	PTF	2:0
fujairah-open-2025	Senior Men -80kg	SF	535	PAPADOPOULOS Ioannis	GRE	AOUNI Jasser	KSA	PTF	2:1
fujairah-open-2025	Senior Men -80kg	SF	734	JAYSUNOV Jasurbek	UZB	ZARHOUTI Haitam	MAR	PTF	2:0
fujairah-open-2025	Senior Men -80kg	F	436	JAYSUNOV Jasurbek	UZB	PAPADOPOULOS Ioannis	GRE	PTF	2:0
fujairah-open-2025	Senior Men -87kg	R32	301	YURKOU Daniil	AIN	ALKHAIBARI Ali mabruk s	KSA	PTF	2:0
fujairah-open-2025	Senior Men -87kg	R32	302	YAZDANI Mohammad hossein	IRI	ELSHARABATY Saleh	JOR	WDR	
fujairah-open-2025	Senior Men -87kg	R32	303	IFAOUI Motaz	TUN	ABDELRAHMAN Mohamed abousedira shaker	UAE	PTF	2:0
fujairah-open-2025	Senior Men -87kg	R32	304	AHMADI Ali	IRI	JAMAZI Mohamed	TUN	PTF	2:0
fujairah-open-2025	Senior Men -87kg	R32	305	RAWY Ahmad	EGY	LIUBINSKI Stsiapan	AIN	PTF	2:1
fujairah-open-2025	Senior Men -87kg	R32	306	ŠIAULYS Emilis	LTU	ALHERAIS Bader l s l	KUW	RSC	2:0
fujairah-open-2025	Senior Men -87kg	R32	307	ALASSALI Llies	UAE	HOSSEINI Mirhashem	IRI	DSQ	
fujairah-open-2025	Senior Men -87kg	R16	907	PIATKOWSKI Szymon	POL	YURKOU Daniil	AIN	PTF	2:0
fujairah-open-2025	Senior Men -87kg	R16	908	ALESSIO Simone	ITA	ALKANDARI Yahyah	KUW	RSC	
fujairah-open-2025	Senior Men -87kg	R16	909	YAZDANI Mohammad hossein	IRI	UL HAQ Ikhtisham	PAK	PTF	2:0
fujairah-open-2025	Senior Men -87kg	R16	910	SALAEV Shukhrat	UZB	IFAOUI Motaz	TUN	PTF	2:0
fujairah-open-2025	Senior Men -87kg	R16	911	AHMADI Ali	IRI	OH Jihoon	KOR	PTF	2:1
fujairah-open-2025	Senior Men -87kg	R16	912	RAWY Ahmad	EGY	OBERHOFER Alexander	ITA	PTF	2:0
fujairah-open-2025	Senior Men -87kg	R16	913	ZHURABOEV Yodgorbek	UZB	ŠIAULYS Emilis	LTU	PTF	2:0
fujairah-open-2025	Senior Men -87kg	R16	914	BEKENOV Bekarys	KAZ	ALASSALI Llies	UAE	PTF	2:1
fujairah-open-2025	Senior Men -87kg	QF	923	ALESSIO Simone	ITA	PIATKOWSKI Szymon	POL	PTF	2:1
fujairah-open-2025	Senior Men -87kg	QF	924	YAZDANI Mohammad hossein	IRI	SALAEV Shukhrat	UZB	PTF	2:1
fujairah-open-2025	Senior Men -87kg	QF	925	AHMADI Ali	IRI	RAWY Ahmad	EGY	PTF	2:0
fujairah-open-2025	Senior Men -87kg	QF	926	ZHURABOEV Yodgorbek	UZB	BEKENOV Bekarys	KAZ	PTF	2:0
fujairah-open-2025	Senior Men -87kg	SF	931	ALESSIO Simone	ITA	YAZDANI Mohammad hossein	IRI	PTF	2:0
fujairah-open-2025	Senior Men -87kg	SF	932	AHMADI Ali	IRI	ZHURABOEV Yodgorbek	UZB	PTF	2:0
fujairah-open-2025	Senior Men -87kg	F	936	ALESSIO Simone	ITA	AHMADI Ali	IRI	PTF	2:1
fujairah-open-2025	Senior Men +87kg	R32	308	SBEIHI Fahed	JOR	ALSAAD Muslim	UAE	PTF	2:0
fujairah-open-2025	Senior Men +87kg	R32	309	MATSABERIDZE Ilia	GEO	SHAHBR Ahmad	KSA	WDR	1:0
fujairah-open-2025	Senior Men +87kg	R32	310	ESSAM MOHIUDDIN Abdullah	EGY	HARBI Anis	TUN	PTF	2:0
fujairah-open-2025	Senior Men +87kg	R32	901	RAHMANIRAD Amirmohammad	IRI	TARCHYLA Aliaksei	AIN	PTF	2:0
fujairah-open-2025	Senior Men +87kg	R32	902	WAHDAN Youssef mohamed ahmed ha	EGY	ZAKARIYA Abdulmohsen	KUW	PTF	2:1
fujairah-open-2025	Senior Men +87kg	R32	903	ZAKARIA Khouyyar	MAR	ALDOSERI Abdulaziz	BRN	PTF	2:0
fujairah-open-2025	Senior Men +87kg	R32	904	MOHAMED MAHMOUD Abdullah	UAE	ALATWAN Jaber	KUW	RSC	
fujairah-open-2025	Senior Men +87kg	R32	905	ALY Mohamed	EGY	HASAN Ali hameed	KUW	PTF	2:0
fujairah-open-2025	Senior Men +87kg	R32	906	NADALIAN JOUYBARI Alireza	IRI	ALSALEM Majed mohammed b	KSA	PTF	2:0
fujairah-open-2025	Senior Men +87kg	R16	915	SBEIHI Fahed	JOR	SALIMI Arian	IRI	RSC	
fujairah-open-2025	Senior Men +87kg	R16	916	ESSAM MOHIUDDIN Abdullah	EGY	MATSABERIDZE Ilia	GEO	PTF	2:0
fujairah-open-2025	Senior Men +87kg	R16	917	RAHMANIRAD Amirmohammad	IRI	SAEED Hamzah omar	PAK	PTF	2:1
fujairah-open-2025	Senior Men +87kg	R16	918	DE ANGELIS Matteo	ITA	WAHDAN Youssef mohamed ahmed ha	EGY	PTF	2:0
fujairah-open-2025	Senior Men +87kg	R16	919	ZAKARIA Khouyyar	MAR	LI Mingsi	CHN	PTF	2:0
fujairah-open-2025	Senior Men +87kg	R16	920	MOLIN Mattia	ITA	MOHAMED MAHMOUD Abdullah	UAE	PTF	2:1
fujairah-open-2025	Senior Men +87kg	R16	921	PLONIS Artsiom	AIN	ALY Mohamed	EGY	PTF	2:0
fujairah-open-2025	Senior Men +87kg	R16	922	MICHOPOULOS Sotirios	GRE	NADALIAN JOUYBARI Alireza	IRI	PTF	2:0
fujairah-open-2025	Senior Men +87kg	QF	127.1	ESSAM MOHIUDDIN Abdullah	EGY	SBEIHI Fahed	JOR	RSC	1:0
fujairah-open-2025	Senior Men +87kg	QF	127.2	RAHMANIRAD Amirmohammad	IRI	DE ANGELIS Matteo	ITA	PTF	2:0
fujairah-open-2025	Senior Men +87kg	QF	626.1	MOLIN Mattia	ITA	ZAKARIA Khouyyar	MAR	PTF	2:1
fujairah-open-2025	Senior Men +87kg	QF	626.2	PLONIS Artsiom	AIN	MICHOPOULOS Sotirios	GRE	PTF	2:1
fujairah-open-2025	Senior Men +87kg	SF	933	RAHMANIRAD Amirmohammad	IRI	ESSAM MOHIUDDIN Abdullah	EGY	PTF	2:0
fujairah-open-2025	Senior Men +87kg	SF	934	PLONIS Artsiom	AIN	MOLIN Mattia	ITA	PTF	2:0
fujairah-open-2025	Senior Men +87kg	F	736	PLONIS Artsiom	AIN	RAHMANIRAD Amirmohammad	IRI	PTF	2:0
fujairah-open-2025	Senior Women -46kg	R64	101	ELZANATY Mariam	EGY	HRAIRAT Raneem	JOR	PTF	2:1
fujairah-open-2025	Senior Women -46kg	R64	201	GEORGIOU Melina	GRE	KHOSHIMJONOVA Zebiniso	UZB	PTF	2:1
fujairah-open-2025	Senior Women -46kg	R64	202	RAMY MOHAMED Salma	EGY	KOLI Darshana	IND	PTF	2:1
fujairah-open-2025	Senior Women -46kg	R32	102	VALINEZHAD Hasti	IRI	ALKHAWAHR Rahmah abdulmanam a	KSA	PTF	2:0
fujairah-open-2025	Senior Women -46kg	R32	103	GALIERO Giulia	ITA	ELZANATY Mariam	EGY	PTF	2:0
fujairah-open-2025	Senior Women -46kg	R32	104	TOUZANI Farah	MAR	AL WERAIKI Sali mansoor hussein	KSA	PTF	2:0
fujairah-open-2025	Senior Women -46kg	R32	105	MOHAMED Noor	BRN	MAHJOUB Asma	TUN	PTF	2:0
fujairah-open-2025	Senior Women -46kg	R32	106	BENSAID Fatima	MAR	MOHAMMAD Soher	SYR	PTF	2:0
fujairah-open-2025	Senior Women -46kg	R32	107	SHONIYOZOVA Madina	UZB	NAGGASH Ilan shadi e	KSA	RSC	1:0
fujairah-open-2025	Senior Women -46kg	R32	108	ALDARDOOK Nour	JOR	RASHED Malak	UAE	PTF	2:0
fujairah-open-2025	Senior Women -46kg	R32	109	SAAD MOHAMMED Shahd	KSA	BINTHANI Yara	BRN	PTF	2:0
fujairah-open-2025	Senior Women -46kg	R32	203	GEORGIOU Melina	GRE	HAMZEH Layan	JOR	PTF	2:0
fujairah-open-2025	Senior Women -46kg	R32	204	SHIN Su-in	KOR	ALSHAMMARI Sahaf Matar A	KSA	PTF	2:0
fujairah-open-2025	Senior Women -46kg	R32	205	SHIRI Sogand	IRI	YAHYAEI Sama	BRN	PTF	2:0
fujairah-open-2025	Senior Women -46kg	R32	206	ALYAMANI Thimar mohammed a	KSA	HASSAN Shama	UAE	PTF	2:0
fujairah-open-2025	Senior Women -46kg	R32	207	TOJIMATOVA Zuhrakhon	UZB	ALMAIMANI Nuha gasem a	KSA	PTF	2:0
fujairah-open-2025	Senior Women -46kg	R32	208	SAIGHI Lyamna	ALG	BADWAN Zaina	JOR	PTF	2:0
fujairah-open-2025	Senior Women -46kg	R32	209	MERYEM Chabba	MAR	YUSSUPBAYEVA Diana	KAZ	PTF	2:0
fujairah-open-2025	Senior Women -46kg	R32	210	RAMY MOHAMED Salma	EGY	ALSHARIF Taiba khalid y	KSA	PTF	2:0
fujairah-open-2025	Senior Women -46kg	R16	110	VALINEZHAD Hasti	IRI	GALIERO Giulia	ITA	PTF	2:1
fujairah-open-2025	Senior Women -46kg	R16	111	TOUZANI Farah	MAR	MOHAMED Noor	BRN	PTF	2:0
fujairah-open-2025	Senior Women -46kg	R16	112	SHONIYOZOVA Madina	UZB	BENSAID Fatima	MAR	PTF	2:0
fujairah-open-2025	Senior Women -46kg	R16	113	SAAD MOHAMMED Shahd	KSA	ALDARDOOK Nour	JOR	PTF	2:0
fujairah-open-2025	Senior Women -46kg	R16	211	SHIN Su-in	KOR	GEORGIOU Melina	GRE	PTF	2:1
fujairah-open-2025	Senior Women -46kg	R16	213	TOJIMATOVA Zuhrakhon	UZB	SAIGHI Lyamna	ALG	PTF	2:0
fujairah-open-2025	Senior Women -46kg	R16	214	MERYEM Chabba	MAR	RAMY MOHAMED Salma	EGY	PTF	2:0
fujairah-open-2025	Senior Women -46kg	R16	312.1	SHIRI Sogand	IRI	ALYAMANI Thimar mohammed a	KSA	RSC	2:0
fujairah-open-2025	Senior Women -46kg	QF	114	VALINEZHAD Hasti	IRI	TOUZANI Farah	MAR	PTF	2:0
fujairah-open-2025	Senior Women -46kg	QF	115	SHONIYOZOVA Madina	UZB	SAAD MOHAMMED Shahd	KSA	PTF	2:0
fujairah-open-2025	Senior Women -46kg	QF	216	TOJIMATOVA Zuhrakhon	UZB	MERYEM Chabba	MAR	PTF	2:0
fujairah-open-2025	Senior Women -46kg	QF	615.1	SHIRI Sogand	IRI	SHIN Su-in	KOR	PTF	2:0
fujairah-open-2025	Senior Women -46kg	SF	116	VALINEZHAD Hasti	IRI	SHONIYOZOVA Madina	UZB	PTF	2:0
fujairah-open-2025	Senior Women -46kg	SF	117	SHIRI Sogand	IRI	TOJIMATOVA Zuhrakhon	UZB	PTF	2:1
fujairah-open-2025	Senior Women -46kg	F	118	SHIRI Sogand	IRI	VALINEZHAD Hasti	IRI	PTF	2:1
fujairah-open-2025	Senior Women -49kg	R32	301	ABI HEYLA Mandy	LBN	ALSHAMMARI Rahaf matar abdulhadi	KSA	PTF	2:1
fujairah-open-2025	Senior Women -49kg	R32	302	TANGIROVA Dilnoza	UZB	A. SH. SALEH Abrar	PLE	PTF	2:0
fujairah-open-2025	Senior Women -49kg	R32	303	MOMENZADEH Mahla	IRI	BEKKOUR Lamiae	MAR	PTF	2:0
fujairah-open-2025	Senior Women -49kg	R32	304	ELAASAL Nezha	MAR	TAIROVA Ramina	KAZ	PTF	2:0
fujairah-open-2025	Senior Women -49kg	R32	305	MOSTAFA ABDALLAH AMMAR Habiba	EGY	GEORGIADOU Gesthimani	GRE	PTF	2:0
fujairah-open-2025	Senior Women -49kg	R32	306	SHIRI Sogol	IRI	YERZHAN Alina	KAZ	PTF	2:0
fujairah-open-2025	Senior Women -49kg	R32	601	HOSSAM Malak	EGY	KAIRKENOVA Aliya	KAZ	PTF	2:0
fujairah-open-2025	Senior Women -49kg	R32	602	KHASANOVA Laylo	UZB	ZOGHBI Aicha	TUN	PTF	2:0
fujairah-open-2025	Senior Women -49kg	R32	603	KALAWADH Fatema	BRN	ALI Hawraa abdullah	KUW	PTF	2:0
fujairah-open-2025	Senior Women -49kg	R32	604	NASIRI DAROUNKOLA Saeideh	IRI	YODGOROVA Shahzoda	UZB	PTF	2:0
fujairah-open-2025	Senior Women -49kg	R32	605	ZHANDILDINOVA Adel	KAZ	MARIEME Nia	MAR	RSC	
fujairah-open-2025	Senior Women -49kg	R32	606	KAUR Sarwar	IND	OBAID SALMEIN Mozah	UAE	PTF	2:0
fujairah-open-2025	Senior Women -49kg	R16	307	KAPANOVA Botakoz	KAZ	ABI HEYLA Mandy	LBN	PTF	2:0
fujairah-open-2025	Senior Women -49kg	R16	308	MOMENZADEH Mahla	IRI	TANGIROVA Dilnoza	UZB	PTF	2:0
fujairah-open-2025	Senior Women -49kg	R16	309	MOSTAFA ABDALLAH AMMAR Habiba	EGY	ELAASAL Nezha	MAR	PTF	2:1
fujairah-open-2025	Senior Women -49kg	R16	310	SHIRI Sogol	IRI	ALSAFADI Sham	JOR	PTF	2:0
fujairah-open-2025	Senior Women -49kg	R16	607	HOSSAM Malak	EGY	BARROSO Kiara	POR	PTF	2:0
fujairah-open-2025	Senior Women -49kg	R16	608	KHASANOVA Laylo	UZB	KALAWADH Fatema	BRN	PTF	2:0
fujairah-open-2025	Senior Women -49kg	R16	609	NASIRI DAROUNKOLA Saeideh	IRI	ZHANDILDINOVA Adel	KAZ	PTF	2:0
fujairah-open-2025	Senior Women -49kg	R16	610	BYRNE Ruby	IRL	KAUR Sarwar	IND	PTF	2:0
fujairah-open-2025	Senior Women -49kg	QF	311	MOMENZADEH Mahla	IRI	KAPANOVA Botakoz	KAZ	PTF	2:0
fujairah-open-2025	Senior Women -49kg	QF	312	SHIRI Sogol	IRI	MOSTAFA ABDALLAH AMMAR Habiba	EGY	PTF	2:0
fujairah-open-2025	Senior Women -49kg	QF	515	KHASANOVA Laylo	UZB	HOSSAM Malak	EGY	PTF	2:0
fujairah-open-2025	Senior Women -49kg	QF	613	NASIRI DAROUNKOLA Saeideh	IRI	BYRNE Ruby	IRL	PTF	2:0
fujairah-open-2025	Senior Women -49kg	SF	314	MOMENZADEH Mahla	IRI	SHIRI Sogol	IRI	PTF	2:1
fujairah-open-2025	Senior Women -49kg	SF	517	NASIRI DAROUNKOLA Saeideh	IRI	KHASANOVA Laylo	UZB	PTF	2:0
fujairah-open-2025	Senior Women -49kg	F	315	MOMENZADEH Mahla	IRI	NASIRI DAROUNKOLA Saeideh	IRI	PTF	2:1
fujairah-open-2025	Senior Women -53kg	R32	704	FARAJ Yaqin	PLE	HADROOS Reem	RTA	PTF	2:0
fujairah-open-2025	Senior Women -53kg	R32	705	ENNAMS Meryem	MAR	DEMIAN Carla	LBN	PTF	2:1
fujairah-open-2025	Senior Women -53kg	R32	801	ATIAH Lujain fahmi a	KSA	SABIR Aidana	KAZ	PTF	2:0
fujairah-open-2025	Senior Women -53kg	R32	802	DHAHRI Ikram	TUN	AWLMOHAMMED Rozhgar ali	IRQ	PTF	2:0
fujairah-open-2025	Senior Women -53kg	R16	706	ABUTALEB Dunya ali m	KSA	FARAJ Yaqin	PLE	WDR	1:0
fujairah-open-2025	Senior Women -53kg	R16	707	BEN AOUN Ouhoud	TUN	IMINZHANOVA Malika	KAZ	PTF	2:0
fujairah-open-2025	Senior Women -53kg	R16	708	AKBERGEN Shamshat	KAZ	AHMAD Shams	SYR	PTF	2:1
fujairah-open-2025	Senior Women -53kg	R16	709	MEIŠTININKAITĖ Gerda	LTU	ENNAMS Meryem	MAR	PTF	2:1
fujairah-open-2025	Senior Women -53kg	R16	805	MATONTI Ilenia elisabetta	ITA	ATIAH Lujain fahmi a	KSA	PTF	2:0
fujairah-open-2025	Senior Women -53kg	R16	806	AL HALWANI Elisa	ITA	ALMARZOOQI Asma ali	UAE	PTF	2:0
fujairah-open-2025	Senior Women -53kg	R16	807	NEMATZADEH Mobina	IRI	KHAIRULLINA Adiya	KAZ	PTF	2:0
fujairah-open-2025	Senior Women -53kg	R16	808	DHAHRI Ikram	TUN	KHATTAB Jana	EGY	RSC	1:0
fujairah-open-2025	Senior Women -53kg	QF	710	ABUTALEB Dunya ali m	KSA	BEN AOUN Ouhoud	TUN	PTF	2:0
fujairah-open-2025	Senior Women -53kg	QF	711	AKBERGEN Shamshat	KAZ	MEIŠTININKAITĖ Gerda	LTU	WDR	
fujairah-open-2025	Senior Women -53kg	QF	712	MATONTI Ilenia elisabetta	ITA	AL HALWANI Elisa	ITA	PTF	2:0
fujairah-open-2025	Senior Women -53kg	QF	714	NEMATZADEH Mobina	IRI	DHAHRI Ikram	TUN	PTF	2:0
fujairah-open-2025	Senior Women -53kg	SF	713	ABUTALEB Dunya ali m	KSA	AKBERGEN Shamshat	KAZ	PTF	2:0
fujairah-open-2025	Senior Women -53kg	SF	717	NEMATZADEH Mobina	IRI	MATONTI Ilenia elisabetta	ITA	PTF	2:0
fujairah-open-2025	Senior Women -53kg	F	718	ABUTALEB Dunya ali m	KSA	NEMATZADEH Mobina	IRI	PTF	2:1
fujairah-open-2025	Senior Women -57kg	R32	501	KAZNABEK Nuray	KAZ	SPEHAR Lea	CRO	PTF	2:1
fujairah-open-2025	Senior Women -57kg	R32	502	ABDUVALIEVA Shabona	UZB	A. M. AMMAR Joweil	PLE	PTF	2:0
fujairah-open-2025	Senior Women -57kg	R32	503	PEZZOLLA Lucia	ITA	ZAYTOUN Leila	QAT	PTF	2:0
fujairah-open-2025	Senior Women -57kg	R32	701	KHIRFAN Fadia	JOR	TVARONAVICIUTE Klaudija	LTU	PTF	2:0
fujairah-open-2025	Senior Women -57kg	R32	702	MERIEME Khoulal	MAR	SAMY Shahd	EGY	PTF	2:1
fujairah-open-2025	Senior Women -57kg	R32	703	MODANLOU Tina	IRI	AHMED Basma	EGY	PTF	2:0
fujairah-open-2025	Senior Women -57kg	R16	507	TOUMI Chaima	TUN	KAZNABEK Nuray	KAZ	PTF	2:0
fujairah-open-2025	Senior Women -57kg	R16	508	TEPINA Alina	AIN	MOHAMED Malak	EGY	PTF	2:1
fujairah-open-2025	Senior Women -57kg	R16	509	ABDUVALIEVA Shabona	UZB	KRAJEWSKA Agnieszka	POL	RSC	
fujairah-open-2025	Senior Women -57kg	R16	510	BLIZNIAKOVA Margarita	AIN	PEZZOLLA Lucia	ITA	PTF	2:0
fujairah-open-2025	Senior Women -57kg	R16	903	AL HALWANI Giada	ITA	KHIRFAN Fadia	JOR	PTF	2:1
fujairah-open-2025	Senior Women -57kg	R16	904	ZDOR Kseniia	AIN	MERIEME Khoulal	MAR	PTF	2:1
fujairah-open-2025	Senior Women -57kg	R16	905	ZHAMAUBAY Aknur	KAZ	ALSHAMMARI Mays Matar Abdulhadi	KSA	PTF	2:0
fujairah-open-2025	Senior Women -57kg	R16	906	MODANLOU Tina	IRI	VUKIC Margarita	CRO	PTF	2:0
fujairah-open-2025	Senior Women -57kg	QF	513	TOUMI Chaima	TUN	TEPINA Alina	AIN	PTF	2:0
fujairah-open-2025	Senior Women -57kg	QF	514	ABDUVALIEVA Shabona	UZB	BLIZNIAKOVA Margarita	AIN	PTF	2:1
fujairah-open-2025	Senior Women -57kg	QF	911	ZDOR Kseniia	AIN	AL HALWANI Giada	ITA	PTF	2:0
fujairah-open-2025	Senior Women -57kg	QF	912	MODANLOU Tina	IRI	ZHAMAUBAY Aknur	KAZ	WDR	1:0
fujairah-open-2025	Senior Women -57kg	SF	516	TOUMI Chaima	TUN	ABDUVALIEVA Shabona	UZB	PTF	2:1
fujairah-open-2025	Senior Women -57kg	SF	518	ZDOR Kseniia	AIN	MODANLOU Tina	IRI	PTF	2:1
fujairah-open-2025	Senior Women -57kg	F	519	TOUMI Chaima	TUN	ZDOR Kseniia	AIN	PTF	2:0
fujairah-open-2025	Senior Women -62kg	R32	401	ISMATULLAEVA Marjona	UZB	PROKOPCHUK Veronika	KAZ	PTF	2:1
fujairah-open-2025	Senior Women -62kg	R32	901	VALIZADEH Nastaran	IRI	HYDER Afreen	IND	PTF	2:0
fujairah-open-2025	Senior Women -62kg	R32	902	IDRISSI Assia	MAR	ASHRAF MOHAMED AHMED HAMDAN Lougina	EGY	RSC	2:0
fujairah-open-2025	Senior Women -62kg	R16	404	MARTON Viviana	HUN	ISMATULLAEVA Marjona	UZB	WDR	1:0
fujairah-open-2025	Senior Women -62kg	R16	405	CHOI Subin	KOR	ALAMERI Shahad a	KUW	PTF	2:0
fujairah-open-2025	Senior Women -62kg	R16	406	WAFA Masghouni	TUN	ASKAROVA Zhanel	KAZ	PTF	2:0
fujairah-open-2025	Senior Women -62kg	R16	407	ASASEH Kosar	IRI	MSADDEK Yasmin	QAT	PTF	2:0
fujairah-open-2025	Senior Women -62kg	R16	907	VALIZADEH Nastaran	IRI	SMYCHKOVA Valeryia	AIN	PTF	2:0
fujairah-open-2025	Senior Women -62kg	R16	908	KAZHIMOVA Aigerim	KAZ	GHULAM Tanver Khanum	UAE	WDR	1:0
fujairah-open-2025	Senior Women -62kg	R16	909	IBO Koumba nanah-helene	CIV	LEE Eunmi	KOR	PTF	2:0
fujairah-open-2025	Senior Women -62kg	R16	910	ARELIC Ivana	CRO	IDRISSI Assia	MAR	PTF	2:0
fujairah-open-2025	Senior Women -62kg	QF	313	MARTON Viviana	HUN	CHOI Subin	KOR	PTF	2:0
fujairah-open-2025	Senior Women -62kg	QF	412	WAFA Masghouni	TUN	ASASEH Kosar	IRI	PTF	2:1
fujairah-open-2025	Senior Women -62kg	QF	913	VALIZADEH Nastaran	IRI	KAZHIMOVA Aigerim	KAZ	PTF	2:0
fujairah-open-2025	Senior Women -62kg	QF	914	ARELIC Ivana	CRO	IBO Koumba nanah-helene	CIV	PTF	2:0
fujairah-open-2025	Senior Women -62kg	SF	915	MARTON Viviana	HUN	WAFA Masghouni	TUN	PTF	2:1
fujairah-open-2025	Senior Women -62kg	SF	916	VALIZADEH Nastaran	IRI	ARELIC Ivana	CRO	PTF	2:0
fujairah-open-2025	Senior Women -62kg	F	917	VALIZADEH Nastaran	IRI	MARTON Viviana	HUN	PTF	2:1
fujairah-open-2025	Senior Women -67kg	R32	504	KOLBAYEVA Bexulu	KAZ	ALHOSANI Eiman Salem	UAE	WDR	
fujairah-open-2025	Senior Women -67kg	R32	505	FATNASSI Maram	QAT	EL ATRI Wafae	MAR	WDR	1:1
fujairah-open-2025	Senior Women -67kg	R32	506	KHALED HUSSEIN MAHMOUD Shahd	EGY	TARIK A BANGASH Lamar	KSA	PTF	2:0
fujairah-open-2025	Senior Women -67kg	R32	803	JALLAB Sara	BRN	ALKETBI Asayel	UAE	PTF	2:0
fujairah-open-2025	Senior Women -67kg	R32	804	CHEN Kexin	CHN	KENGESBEK Nurly	KAZ	PTF	2:0
fujairah-open-2025	Senior Women -67kg	R16	511	SOBIRJONOVA Ozoda	UZB	KOLBAYEVA Bexulu	KAZ	PTF	2:0
fujairah-open-2025	Senior Women -67kg	R16	512	D'ANGELO Natalia	ITA	ZHU Yingyue	CHN	PTF	2:0
fujairah-open-2025	Senior Women -67kg	R16	809	SHEHATA Aya	EGY	JALLAB Sara	BRN	PTF	2:0
fujairah-open-2025	Senior Women -67kg	R16	810	VALINEJAD Yalda	IRI	NINA Urganaeva	ARM	PTF	2:1
fujairah-open-2025	Senior Women -67kg	R16	811	ALRAWASHDEH Razan mohammed	JOR	MARTON Luana	HUN	PTF	2:0
fujairah-open-2025	Senior Women -67kg	R16	812	MARENTAKI Styliani	GRE	CHEN Kexin	CHN	PTF	2:0
fujairah-open-2025	Senior Women -67kg	R16	815	HADDAD Khalida	FRA	FATNASSI Maram	QAT	PTF	2:0
fujairah-open-2025	Senior Women -67kg	R16	816	MORADI SHEIKHLAR Saghar	IRI	KHALED HUSSEIN MAHMOUD Shahd	EGY	PTF	2:0
fujairah-open-2025	Senior Women -67kg	QF	715	SOBIRJONOVA Ozoda	UZB	D'ANGELO Natalia	ITA	PTF	2:0
fujairah-open-2025	Senior Women -67kg	QF	813	SHEHATA Aya	EGY	VALINEJAD Yalda	IRI	PTF	2:0
fujairah-open-2025	Senior Women -67kg	QF	814	MARENTAKI Styliani	GRE	ALRAWASHDEH Razan mohammed	JOR	PTF	2:0
fujairah-open-2025	Senior Women -67kg	QF	817.1	MORADI SHEIKHLAR Saghar	IRI	HADDAD Khalida	FRA	PTF	2:0
fujairah-open-2025	Senior Women -67kg	SF	817	MARENTAKI Styliani	GRE	SHEHATA Aya	EGY	PTF	2:1
fujairah-open-2025	Senior Women -67kg	SF	818	MORADI SHEIKHLAR Saghar	IRI	SOBIRJONOVA Ozoda	UZB	PTF	2:1
fujairah-open-2025	Senior Women -67kg	F	819	MARENTAKI Styliani	GRE	MORADI SHEIKHLAR Saghar	IRI	PTF	2:0
fujairah-open-2025	Senior Women -73kg	QF	611	ABO-ALRUB Rama	JOR	SABER Dunya bushuaib a	KSA	PTF	2:0
fujairah-open-2025	Senior Women -73kg	QF	612	MIRHOSSEINI VAKILI Melika	IRI	ALRABADI Joud	JOR	DSQ	
fujairah-open-2025	Senior Women -73kg	SF	614	ABO-ALRUB Rama	JOR	NAMGUNG Seoyeon	KOR	PTF	2:1
fujairah-open-2025	Senior Women -73kg	SF	615	MIRHOSSEINI VAKILI Melika	IRI	SARVANAKI Theopoula	GRE	PTF	2:0
fujairah-open-2025	Senior Women -73kg	F	616	MIRHOSSEINI VAKILI Melika	IRI	ABO-ALRUB Rama	JOR	PTF	2:0
fujairah-open-2025	Senior Women +73kg	R16	402	FARAH El Majidi	MAR	ALKETBI Salma	UAE	PTF	2:0
fujairah-open-2025	Senior Women +73kg	R16	403	GWAILY Janna	EGY	LAMDARDAR Khadija	MAR	PTF	2:1
fujairah-open-2025	Senior Women +73kg	QF	408	SAIDOVA Svetlana	UZB	FARAH El Majidi	MAR	RSC	1:0
fujairah-open-2025	Senior Women +73kg	QF	409	POURESMAEILKARANI Zahra	IRI	SAMER ELSAYED Nour	EGY	PTF	2:0
fujairah-open-2025	Senior Women +73kg	QF	410	MOHAMMED Noor nazar	QAT	TKEBAEVA Meruert	KAZ	PTF	2:1
fujairah-open-2025	Senior Women +73kg	QF	411	KITSIOU Agoritsa artemia	GRE	GWAILY Janna	EGY	PTF	2:0
fujairah-open-2025	Senior Women +73kg	SF	413	SAIDOVA Svetlana	UZB	POURESMAEILKARANI Zahra	IRI	RSC	1:0
fujairah-open-2025	Senior Women +73kg	SF	414	KITSIOU Agoritsa artemia	GRE	MOHAMMED Noor nazar	QAT	PTF	2:0
fujairah-open-2025	Senior Women +73kg	F	415	SAIDOVA Svetlana	UZB	KITSIOU Agoritsa artemia	GRE	PTF	2:0
turkish-open-2025	Senior Men -54kg	R64	701	SAYICI Muhammed	TUR	GULUZADE Bahruz	AZE	PTF	2:1
turkish-open-2025	Senior Men -54kg	R64	702	TAS yunus emre	TUR	MAMMADOV Shakir	AZE	PTF	2:1
turkish-open-2025	Senior Men -54kg	R64	703	HASSAN M BUHARI Muteb	KSA	TOPCUOGLU Baris	TUR	PTF	2:0
turkish-open-2025	Senior Men -54kg	R64	801	MAMMADOV Khidir	AZE	YETGUN Yagiz efe	TUR	PTF	2:1
turkish-open-2025	Senior Men -54kg	R64	802	OLMEZ Murat Can	TUR	ARAB Ahmad murid	AFG	PTF	2:0
turkish-open-2025	Senior Men -54kg	R64	803	AKIMALI Arslan	KAZ	DOLAS Sirac	TUR	PTF	2:1
turkish-open-2025	Senior Men -54kg	R32	711	MIRAYIMOV Mirdiyorbek	UZB	SAYICI Muhammed	TUR	PTF	2:0
turkish-open-2025	Senior Men -54kg	R32	712	YETGUN Yigit ege	TUR	ERBULUT Berke	TUR	PTF	2:0
turkish-open-2025	Senior Men -54kg	R32	713	UZUN Murat Semih	TUR	YELALDI Kaan	TUR	PTF	2:1
turkish-open-2025	Senior Men -54kg	R32	714	KUSKU Alaattin	TUR	SAHAP Mehmet ali	TUR	PTF	2:0
turkish-open-2025	Senior Men -54kg	R32	715	TAS yunus emre	TUR	MARWAN Mussa	SWE	WDR	2:0
turkish-open-2025	Senior Men -54kg	R32	716	KURU Alihan	TUR	KILIC Oguz kaan	TUR	PTF	2:0
turkish-open-2025	Senior Men -54kg	R32	717	GRITSENKO Vladimir	AIN	TUFAN Egemen	TUR	PTF	2:0
turkish-open-2025	Senior Men -54kg	R32	718	AKSOY Selimhan	TUR	HASSAN M BUHARI Muteb	KSA	PTF	2:1
turkish-open-2025	Senior Men -54kg	R32	806	KHUDAYBERDIEV Jakhongir	UZB	MAMMADOV Khidir	AZE	PTF	2:0
turkish-open-2025	Senior Men -54kg	R32	807	SAYICI Mustafa	TUR	GEVENOGLU Polat	TUR	PTF	2:0
turkish-open-2025	Senior Men -54kg	R32	808	AYAZ Hasan	TUR	BALKI Muhammed Barbaros	TUR	PTF	2:0
turkish-open-2025	Senior Men -54kg	R32	809	ALMUSHRAF Abdullah essa a	KSA	OLMEZ Murat Can	TUR	PTF	2:0
turkish-open-2025	Senior Men -54kg	R32	810	ALRAWASHDEH Laith	JOR	YAZICI Yigit arda	TUR	PTF	2:0
turkish-open-2025	Senior Men -54kg	R32	811	CAMOGLU Furkan ubeyde	TUR	KABAK Murat ege	TUR	PTF	2:0
turkish-open-2025	Senior Men -54kg	R32	812	JAR Yousef	KSA	PISGIN Akin	TUR	PTF	2:0
turkish-open-2025	Senior Men -54kg	R32	813	BALABAN Server	TUR	AKIMALI Arslan	KAZ	PTF	2:0
turkish-open-2025	Senior Men -54kg	R16	325.1	MIRAYIMOV Mirdiyorbek	UZB	YETGUN Yigit ege	TUR	PTF	2:0
turkish-open-2025	Senior Men -54kg	R16	325.2	UZUN Murat Semih	TUR	KUSKU Alaattin	TUR	PTF	2:0
turkish-open-2025	Senior Men -54kg	R16	725	TAS yunus emre	TUR	KURU Alihan	TUR	PTF	2:0
turkish-open-2025	Senior Men -54kg	R16	726	GRITSENKO Vladimir	AIN	AKSOY Selimhan	TUR	PTF	2:0
turkish-open-2025	Senior Men -54kg	R16	822	KHUDAYBERDIEV Jakhongir	UZB	SAYICI Mustafa	TUR	PTF	2:0
turkish-open-2025	Senior Men -54kg	R16	823	ALMUSHRAF Abdullah essa a	KSA	AYAZ Hasan	TUR	PTF	2:0
turkish-open-2025	Senior Men -54kg	R16	824	CAMOGLU Furkan ubeyde	TUR	ALRAWASHDEH Laith	JOR	PTF	2:0
turkish-open-2025	Senior Men -54kg	R16	825	JAR Yousef	KSA	BALABAN Server	TUR	PTF	2:0
turkish-open-2025	Senior Men -54kg	QF	729	MIRAYIMOV Mirdiyorbek	UZB	UZUN Murat Semih	TUR	WDR	2:0
turkish-open-2025	Senior Men -54kg	QF	730	GRITSENKO Vladimir	AIN	TAS yunus emre	TUR	PTF	2:0
turkish-open-2025	Senior Men -54kg	QF	830	KHUDAYBERDIEV Jakhongir	UZB	ALMUSHRAF Abdullah essa a	KSA	PTF	2:0
turkish-open-2025	Senior Men -54kg	QF	831	CAMOGLU Furkan ubeyde	TUR	JAR Yousef	KSA	PTF	2:1
turkish-open-2025	Senior Men -54kg	SF	732	GRITSENKO Vladimir	AIN	MIRAYIMOV Mirdiyorbek	UZB	PTF	2:0
turkish-open-2025	Senior Men -54kg	SF	734	KHUDAYBERDIEV Jakhongir	UZB	CAMOGLU Furkan ubeyde	TUR	PTF	2:0
turkish-open-2025	Senior Men -54kg	F	141	GRITSENKO Vladimir	AIN	KHUDAYBERDIEV Jakhongir	UZB	PTF	2:1
turkish-open-2025	Senior Men -58kg	R64	301	HOUEIJI Chadi	LBN	BILGIN Aziz	TUR	PTF	2:0
turkish-open-2025	Senior Men -58kg	R64	302	OZER Salih	TUR	SALMANZADE Harun	AZE	PTF	2:0
turkish-open-2025	Senior Men -58kg	R64	303	MARWAN Ebrahim	SWE	BERK Yigit	TUR	RSC	
turkish-open-2025	Senior Men -58kg	R64	304	KURBANOV Shamsiddin	UZB	KAYGUSUZ Bugra	TUR	PTF	2:0
turkish-open-2025	Senior Men -58kg	R64	305	YARLI Abdullah Omer	TUR	DONMEZ Abdullah	TUR	PTF	2:0
turkish-open-2025	Senior Men -58kg	R64	306	HAMDI Riad nasser a	KSA	OZDOGAN Kazim	TUR	PTF	2:0
turkish-open-2025	Senior Men -58kg	R64	307	MAGOMEDOV Magomedgadzhi	AIN	CAMOGLU Dogukan	TUR	PTF	2:0
turkish-open-2025	Senior Men -58kg	R64	401	CICEK Selahaddin eyyub	TUR	KVERNADZE Lasha	GEO	PTF	2:1
turkish-open-2025	Senior Men -58kg	R64	402	MANENKOV Maksym	UKR	DELEN Zafer Erdem	TUR	PTF	2:1
turkish-open-2025	Senior Men -58kg	R64	403	SERBETCI Nuri	TUR	BINGOL Recep eren	TUR	PTF	2:0
turkish-open-2025	Senior Men -58kg	R64	404	DEMIR Berk Karan	TUR	GURBANOV Yusif	AZE	PTF	2:0
turkish-open-2025	Senior Men -58kg	R64	405	KILICKAYA Oguzhan	TUR	GULIYEV Asim	AZE	PTF	2:0
turkish-open-2025	Senior Men -58kg	R64	406	ASLANBEKULY Yernur	KAZ	EKINCI Muhammed burak	TUR	PTF	2:1
turkish-open-2025	Senior Men -58kg	R32	310	KAPLAN Enes	TUR	HOUEIJI Chadi	LBN	PTF	2:0
turkish-open-2025	Senior Men -58kg	R32	311	AKKOSE yagiz	TUR	KAYA Kaan Nusret	TUR	PTF	2:1
turkish-open-2025	Senior Men -58kg	R32	312	ILHAN Serdar	TUR	OZER Salih	TUR	PTF	2:0
turkish-open-2025	Senior Men -58kg	R32	313	MARWAN Ebrahim	SWE	GOKALP Cuneyt	TUR	PTF	2:0
turkish-open-2025	Senior Men -58kg	R32	314	POLAT Gorkem	TUR	KURBANOV Shamsiddin	UZB	PTF	2:1
turkish-open-2025	Senior Men -58kg	R32	315	VALIYEV Rahid	AZE	YARLI Abdullah Omer	TUR	PTF	2:0
turkish-open-2025	Senior Men -58kg	R32	316	HAMDI Riad nasser a	KSA	CAN Haktan	TUR	PTG	2:0
turkish-open-2025	Senior Men -58kg	R32	317	MAGOMEDOV Magomedgadzhi	AIN	SARSOZA Zack	GBR	PTF	2:1
turkish-open-2025	Senior Men -58kg	R32	414	MANSUROV Kamronbek	UZB	CICEK Selahaddin eyyub	TUR	PTG	2:0
turkish-open-2025	Senior Men -58kg	R32	415	YASAR Sercan celil	TUR	OZTURK Koray yigit	TUR	PTF	2:0
turkish-open-2025	Senior Men -58kg	R32	416	MANENKOV Maksym	UKR	DADASHOV Sayyad	AZE	PTF	2:0
turkish-open-2025	Senior Men -58kg	R32	417	GUSEINOV Damir	AIN	SERBETCI Nuri	TUR	PTF	2:0
turkish-open-2025	Senior Men -58kg	R32	418	OTAJONOV Omonjon	UZB	DEMIR Berk Karan	TUR	PTF	2:0
turkish-open-2025	Senior Men -58kg	R32	419	KILICKAYA Oguzhan	TUR	TBATOU Amine	MAR	PTF	2:0
turkish-open-2025	Senior Men -58kg	R32	420	DOGANER Mustafa Taha	TUR	DINER Mahmut kursad	TUR	PTF	2:0
turkish-open-2025	Senior Men -58kg	R32	421	BADEM Yusuf	TUR	ASLANBEKULY Yernur	KAZ	PTF	2:0
turkish-open-2025	Senior Men -58kg	R16	322	KAPLAN Enes	TUR	AKKOSE yagiz	TUR	PTF	2:0
turkish-open-2025	Senior Men -58kg	R16	323	MARWAN Ebrahim	SWE	ILHAN Serdar	TUR	PTF	2:1
turkish-open-2025	Senior Men -58kg	R16	324	VALIYEV Rahid	AZE	POLAT Gorkem	TUR	PTF	2:0
turkish-open-2025	Senior Men -58kg	R16	325	HAMDI Riad nasser a	KSA	MAGOMEDOV Magomedgadzhi	AIN	PTF	2:0
turkish-open-2025	Senior Men -58kg	R16	426	MANSUROV Kamronbek	UZB	YASAR Sercan celil	TUR	PTF	2:0
turkish-open-2025	Senior Men -58kg	R16	427	GUSEINOV Damir	AIN	MANENKOV Maksym	UKR	PTF	2:0
turkish-open-2025	Senior Men -58kg	R16	428	KILICKAYA Oguzhan	TUR	OTAJONOV Omonjon	UZB	PTF	2:0
turkish-open-2025	Senior Men -58kg	R16	429	BADEM Yusuf	TUR	DOGANER Mustafa Taha	TUR	PTF	2:0
turkish-open-2025	Senior Men -58kg	QF	328	KAPLAN Enes	TUR	MARWAN Ebrahim	SWE	WDR	
turkish-open-2025	Senior Men -58kg	QF	329	HAMDI Riad nasser a	KSA	VALIYEV Rahid	AZE	PTF	2:0
turkish-open-2025	Senior Men -58kg	QF	432	GUSEINOV Damir	AIN	MANSUROV Kamronbek	UZB	PTF	2:1
turkish-open-2025	Senior Men -58kg	QF	433	BADEM Yusuf	TUR	KILICKAYA Oguzhan	TUR	PTF	2:0
turkish-open-2025	Senior Men -58kg	SF	331	KAPLAN Enes	TUR	HAMDI Riad nasser a	KSA	PTF	2:0
turkish-open-2025	Senior Men -58kg	SF	335	BADEM Yusuf	TUR	GUSEINOV Damir	AIN	PTF	2:0
turkish-open-2025	Senior Men -58kg	F	142	BADEM Yusuf	TUR	KAPLAN Enes	TUR	PTF	2:1
turkish-open-2025	Senior Men -63kg	R64	101	TAHMAZOV Fuad	AZE	AKSOY Ali tahir	TUR	PTF	2:1
turkish-open-2025	Senior Men -63kg	R64	102	KHAMMERMAN Danil	UKR	YILDIRIM Berkay	TUR	PTF	2:0
turkish-open-2025	Senior Men -63kg	R64	103	YURKO Oleksii	UKR	CETIN Veysel	TUR	PTF	2:0
turkish-open-2025	Senior Men -63kg	R64	104	MAGOMEDOV Gashim	AZE	TURKMEN Alaattin	TUR	PTF	2:0
turkish-open-2025	Senior Men -63kg	R64	105	SHISHKO Dmitrii	AIN	AKCABA Burak	TUR	PTG	2:0
turkish-open-2025	Senior Men -63kg	R64	106	ALKHAWAHR Mustafa abdulmanam a	KSA	KURT Berat	TUR	PTF	2:1
turkish-open-2025	Senior Men -63kg	R64	107	AKHMEDOV Shokhijakhon	UZB	GULEC Furkan	TUR	PTF	2:0
turkish-open-2025	Senior Men -63kg	R64	108	YSKAK Alikhan	KAZ	KOC Ibrahim	TUR	PTF	2:0
turkish-open-2025	Senior Men -63kg	R64	201	KAYA Emir Can	TUR	NAZAROV Nazarali	UZB	PTF	2:0
turkish-open-2025	Senior Men -63kg	R64	202	RECBER Hakan	TUR	UZEEV Syimyk	KGZ	PTF	2:0
turkish-open-2025	Senior Men -63kg	R64	203	VAN LIMPT Joep	NED	KARTAL Burak yilmaz	TUR	PTF	2:0
turkish-open-2025	Senior Men -63kg	R64	204	COMBAS Ihsan	TUR	TAZHIBAYEV Akzhol	KAZ	PTF	2:1
turkish-open-2025	Senior Men -63kg	R64	205	KUSKU mahmut	TUR	VAFAEI MORADI Arian	IRI	PTF	2:0
turkish-open-2025	Senior Men -63kg	R64	206	AYDIN Furkan	TUR	TAYAN Mohamad ebaa	SYR	PTF	2:0
turkish-open-2025	Senior Men -63kg	R64	207	BITSUEV Kantemir	AIN	KUNT Ali Agah	TUR	PTF	2:0
turkish-open-2025	Senior Men -63kg	R64	208	GOKMEN Enes Malik	TUR	ABBASOV Malik	AZE	PTF	2:0
turkish-open-2025	Senior Men -63kg	R32	113	ABABAKIROV Samirkhon	KAZ	TAHMAZOV Fuad	AZE	PTG	2:0
turkish-open-2025	Senior Men -63kg	R32	114	KHAMMERMAN Danil	UKR	KURUTAS Eren	TUR	PTF	2:0
turkish-open-2025	Senior Men -63kg	R32	115	KUSKU ahmet	TUR	YURKO Oleksii	UKR	PTF	2:1
turkish-open-2025	Senior Men -63kg	R32	116	MAGOMEDOV Gashim	AZE	OTER Ibrahim	TUR	PTG	2:0
turkish-open-2025	Senior Men -63kg	R32	117	SHISHKO Dmitrii	AIN	KOSE Osman Turker	TUR	PTF	2:0
turkish-open-2025	Senior Men -63kg	R32	118	ALKHAWAHR Mustafa abdulmanam a	KSA	GACIR Muhammet siddik	TUR	PTF	2:0
turkish-open-2025	Senior Men -63kg	R32	119	AKHMEDOV Shokhijakhon	UZB	BAGLAR Can ahmet	TUR	PTF	2:0
turkish-open-2025	Senior Men -63kg	R32	120	YSKAK Alikhan	KAZ	DONKO Ibrahim	BIH	PTF	2:0
turkish-open-2025	Senior Men -63kg	R32	212	KAYA Emir Can	TUR	BAGOV Idar	AIN	PTF	2:1
turkish-open-2025	Senior Men -63kg	R32	213	RECBER Hakan	TUR	GOCMEN Burak	TUR	PTF	2:0
turkish-open-2025	Senior Men -63kg	R32	214	VAN LIMPT Joep	NED	PELIT Ali sami	TUR	PTF	2:0
turkish-open-2025	Senior Men -63kg	R32	215	AYDOGAN Hamza osman	TUR	COMBAS Ihsan	TUR	PTF	2:0
turkish-open-2025	Senior Men -63kg	R32	216	KUSKU mahmut	TUR	BIRCAN Muhammed Utku	TUR	PTF	2:0
turkish-open-2025	Senior Men -63kg	R32	217	CALIK Merdan	TUR	AYDIN Furkan	TUR	PTF	2:0
turkish-open-2025	Senior Men -63kg	R32	218	DAYIOGLU Omer faruk	TUR	BITSUEV Kantemir	AIN	PUN	2:0
turkish-open-2025	Senior Men -63kg	R32	219	BORGEN Kristian storsul	NOR	GOKMEN Enes Malik	TUR	PTF	2:0
turkish-open-2025	Senior Men -63kg	R16	125	ABABAKIROV Samirkhon	KAZ	KHAMMERMAN Danil	UKR	PTF	2:0
turkish-open-2025	Senior Men -63kg	R16	126	MAGOMEDOV Gashim	AZE	KUSKU ahmet	TUR	PTG	2:0
turkish-open-2025	Senior Men -63kg	R16	127	SHISHKO Dmitrii	AIN	ALKHAWAHR Mustafa abdulmanam a	KSA	PTG	2:0
turkish-open-2025	Senior Men -63kg	R16	128	AKHMEDOV Shokhijakhon	UZB	YSKAK Alikhan	KAZ	PTF	2:0
turkish-open-2025	Senior Men -63kg	R16	224	RECBER Hakan	TUR	KAYA Emir Can	TUR	PTF	2:0
turkish-open-2025	Senior Men -63kg	R16	225	AYDOGAN Hamza osman	TUR	VAN LIMPT Joep	NED	PTF	2:0
turkish-open-2025	Senior Men -63kg	R16	226	KUSKU mahmut	TUR	CALIK Merdan	TUR	PTF	2:1
turkish-open-2025	Senior Men -63kg	R16	227	DAYIOGLU Omer faruk	TUR	BORGEN Kristian storsul	NOR	PTF	2:0
turkish-open-2025	Senior Men -63kg	QF	132	SHISHKO Dmitrii	AIN	AKHMEDOV Shokhijakhon	UZB	PTF	2:0
turkish-open-2025	Senior Men -63kg	QF	230	RECBER Hakan	TUR	AYDOGAN Hamza osman	TUR	PTF	2:1
turkish-open-2025	Senior Men -63kg	QF	231	DAYIOGLU Omer faruk	TUR	KUSKU mahmut	TUR	PTG	2:0
turkish-open-2025	Senior Men -63kg	QF	330	ABABAKIROV Samirkhon	KAZ	MAGOMEDOV Gashim	AZE	PTG	2:0
turkish-open-2025	Senior Men -63kg	SF	133	DAYIOGLU Omer faruk	TUR	RECBER Hakan	TUR	PTF	2:0
turkish-open-2025	Senior Men -63kg	SF	134	SHISHKO Dmitrii	AIN	ABABAKIROV Samirkhon	KAZ	PTF	2:0
turkish-open-2025	Senior Men -63kg	F	143	DAYIOGLU Omer faruk	TUR	SHISHKO Dmitrii	AIN	PTF	2:0
turkish-open-2025	Senior Men -68kg	R64	501	ARTAMONOV Mikhail	AIN	KILIC Yusuf	TUR	PTF	2:0
turkish-open-2025	Senior Men -68kg	R64	502	TAYLOR Rayvaughn	GBR	KOCYIGIT Ramazan	TUR	PTG	2:0
turkish-open-2025	Senior Men -68kg	R64	503	BIATETS Maksym	UKR	BASARAN Metin	TUR	PTG	2:0
turkish-open-2025	Senior Men -68kg	R64	504	SHIRALIYEV Riyad	AZE	KAYA Hakan	TUR	PTF	2:0
turkish-open-2025	Senior Men -68kg	R64	601	ALFARRA Abdallah j	PLE	KOCASLAN Ahmed ali abdullah	TUR	PTF	2:0
turkish-open-2025	Senior Men -68kg	R64	602	KAVURAT Ferhat can	TUR	EMKAN Amir shayan	IRI	PTF	2:1
turkish-open-2025	Senior Men -68kg	R64	603	KARIMOV Khanoghlan	AZE	DIKER Arda	TUR	PTF	2:0
turkish-open-2025	Senior Men -68kg	R64	604	HAJIYEV Vagif	AZE	CICEK Mert can	TUR	PTF	2:1
turkish-open-2025	Senior Men -68kg	R32	509	GLASNOVIC Leon	CRO	ARTAMONOV Mikhail	AIN	PTF	2:1
turkish-open-2025	Senior Men -68kg	R32	510	KESGIN Gokhan Emre	TUR	KARAKUZULU Ismail boran	TUR	PTF	2:0
turkish-open-2025	Senior Men -68kg	R32	511	PERCIN Emir	TUR	ADILOVIC Muhammed Fatih	TUR	PTF	2:0
turkish-open-2025	Senior Men -68kg	R32	512	VAN VULPEN Jesse	NED	TAYLOR Rayvaughn	GBR	PTF	2:0
turkish-open-2025	Senior Men -68kg	R32	513	BIATETS Maksym	UKR	KRAJISNIK Zarko	SRB	PTF	2:0
turkish-open-2025	Senior Men -68kg	R32	514	PIRTICI Mehmet emin	TUR	ERCAN Nazmi bugra	TUR	PTF	2:1
turkish-open-2025	Senior Men -68kg	R32	515	NURDAULET Temirbay	KAZ	CELIK Dogukan	TUR	PTF	2:0
turkish-open-2025	Senior Men -68kg	R32	516	HOWELL Matthew	GBR	SHIRALIYEV Riyad	AZE	PTF	2:0
turkish-open-2025	Senior Men -68kg	R32	608	ERER Berkay	TUR	ALFARRA Abdallah j	PLE	PTF	2:0
turkish-open-2025	Senior Men -68kg	R32	609	SAHIN Emirhan	TUR	AVCI Mehmet	TUR	WDR	
turkish-open-2025	Senior Men -68kg	R32	610	OZER Canpolat	TUR	OZDEMIR Halil	TUR	PUN	2:0
turkish-open-2025	Senior Men -68kg	R32	611	KAVURAT Ferhat can	TUR	OZDEMIR Eren	TUR	PTF	2:1
turkish-open-2025	Senior Men -68kg	R32	612	KARIMOV Khanoghlan	AZE	MCINTOSH Jamie	GBR	PTF	2:0
turkish-open-2025	Senior Men -68kg	R32	613	KARATAS Ahmet	TUR	ASLAN Cihan	TUR	PTF	2:0
turkish-open-2025	Senior Men -68kg	R32	614	TURAN Emircan	TUR	MAHMOUD NAGY Mohamed	EGY	PTF	2:0
turkish-open-2025	Senior Men -68kg	R32	615	DJONKO Muhamed	BIH	HAJIYEV Vagif	AZE	PTF	2:0
turkish-open-2025	Senior Men -68kg	R16	521	GLASNOVIC Leon	CRO	KESGIN Gokhan Emre	TUR	PTG	2:0
turkish-open-2025	Senior Men -68kg	R16	522	PERCIN Emir	TUR	VAN VULPEN Jesse	NED	PTG	2:0
turkish-open-2025	Senior Men -68kg	R16	523	BIATETS Maksym	UKR	PIRTICI Mehmet emin	TUR	PTG	2:0
turkish-open-2025	Senior Men -68kg	R16	524	HOWELL Matthew	GBR	NURDAULET Temirbay	KAZ	PTF	2:0
turkish-open-2025	Senior Men -68kg	R16	524.1	ERER Berkay	TUR	SAHIN Emirhan	TUR	PTF	2:0
turkish-open-2025	Senior Men -68kg	R16	524.2	OZER Canpolat	TUR	KAVURAT Ferhat can	TUR	WDR	
turkish-open-2025	Senior Men -68kg	R16	829.1	KARIMOV Khanoghlan	AZE	KARATAS Ahmet	TUR	PTF	2:1
turkish-open-2025	Senior Men -68kg	R16	829.2	TURAN Emircan	TUR	DJONKO Muhamed	BIH	PTF	2:1
turkish-open-2025	Senior Men -68kg	QF	434	HOWELL Matthew	GBR	BIATETS Maksym	UKR	PTF	2:0
turkish-open-2025	Senior Men -68kg	QF	527	GLASNOVIC Leon	CRO	PERCIN Emir	TUR	PTF	2:0
turkish-open-2025	Senior Men -68kg	QF	632	ERER Berkay	TUR	OZER Canpolat	TUR	PTF	2:0
turkish-open-2025	Senior Men -68kg	QF	633	KARIMOV Khanoghlan	AZE	TURAN Emircan	TUR	WDR	
turkish-open-2025	Senior Men -68kg	SF	235	ERER Berkay	TUR	KARIMOV Khanoghlan	AZE	PTF	2:0
turkish-open-2025	Senior Men -68kg	SF	530	HOWELL Matthew	GBR	GLASNOVIC Leon	CRO	PTF	2:0
turkish-open-2025	Senior Men -68kg	F	144	ERER Berkay	TUR	HOWELL Matthew	GBR	PTF	2:0
turkish-open-2025	Senior Men -74kg	R64	605	GOLUBIC Marko	CRO	KILICASLAN Sedat Enes	TUR	PTF	2:0
turkish-open-2025	Senior Men -74kg	R64	606	AKTAS Efe Yagiz	TUR	ALKHAWAHIR Ahmed	KSA	PTG	2:1
turkish-open-2025	Senior Men -74kg	R64	607	BEKASSYL Yergesh	KAZ	KOKSAL Muhammet hanefi	TUR	PTG	2:0
turkish-open-2025	Senior Men -74kg	R64	804	BURUSIC Marko	SRB	SAHIN Mecit ertugrul	TUR	PTF	2:0
turkish-open-2025	Senior Men -74kg	R64	805	BLAZEVSKI Filip	MKD	INAN Abdulkadir	TUR	PTF	2:0
turkish-open-2025	Senior Men -74kg	R32	324.1	TUFAN Yakuphan	TUR	KEYIKPINAR Oguzhan	TUR	PTF	2:0
turkish-open-2025	Senior Men -74kg	R32	616	GOLUBIC Marko	CRO	GALLAND Warrick	SUI	PTF	2:0
turkish-open-2025	Senior Men -74kg	R32	617	KARAKOC Sadullah	TUR	CAYIR Omer	TUR	PTF	2:0
turkish-open-2025	Senior Men -74kg	R32	618	MAMMADZADA Khan	AZE	TURHAN Enes	TUR	PTF	2:1
turkish-open-2025	Senior Men -74kg	R32	619	YUMAK Berk	TUR	MALIK Merey	KAZ	PTF	2:0
turkish-open-2025	Senior Men -74kg	R32	620	HUSIC Benjamin	BIH	AKTAS Efe Yagiz	TUR	PTF	2:0
turkish-open-2025	Senior Men -74kg	R32	622	YORUKOGLU Mustafa said	TUR	MINTAS Muhammed	TUR	PTF	2:0
turkish-open-2025	Senior Men -74kg	R32	623	MUSKEVITS Aleksandr	EST	BEKASSYL Yergesh	KAZ	PTF	2:0
turkish-open-2025	Senior Men -74kg	R32	814	KORPE Omer furkan	TUR	BURUSIC Marko	SRB	PTF	2:0
turkish-open-2025	Senior Men -74kg	R32	815	MUSLU Halil Eren	TUR	NALCIOGLU Ahmet	TUR	PTF	2:0
turkish-open-2025	Senior Men -74kg	R32	816	SULU Idris Atay	TUR	AYAZ Alperen	TUR	PTF	2:0
turkish-open-2025	Senior Men -74kg	R32	817	KURUTAS Dogukan	TUR	ISMAYILZADA Nijat	AZE	PTF	2:0
turkish-open-2025	Senior Men -74kg	R32	818	KNARVIK ANDRESEN Arne	NOR	PELIT Ismail	TUR	PTF	2:1
turkish-open-2025	Senior Men -74kg	R32	819	SANTAS Kadir	TUR	TOSUN Hikmet Faruk	TUR	PTF	2:1
turkish-open-2025	Senior Men -74kg	R32	820	ALTINGOZ Cemil tarik	TUR	ORYNGALI Daulet	KAZ	PTF	2:0
turkish-open-2025	Senior Men -74kg	R32	821	POLAT Mehmet Kani	TUR	BLAZEVSKI Filip	MKD	PTF	2:0
turkish-open-2025	Senior Men -74kg	R16	628	GOLUBIC Marko	CRO	KARAKOC Sadullah	TUR	PTF	2:0
turkish-open-2025	Senior Men -74kg	R16	629	YUMAK Berk	TUR	MAMMADZADA Khan	AZE	PTF	2:0
turkish-open-2025	Senior Men -74kg	R16	630	HUSIC Benjamin	BIH	TUFAN Yakuphan	TUR	PTF	2:0
turkish-open-2025	Senior Men -74kg	R16	631	YORUKOGLU Mustafa said	TUR	MUSKEVITS Aleksandr	EST	PTF	2:1
turkish-open-2025	Senior Men -74kg	R16	826	KORPE Omer furkan	TUR	MUSLU Halil Eren	TUR	PTF	2:0
turkish-open-2025	Senior Men -74kg	R16	827	SULU Idris Atay	TUR	KURUTAS Dogukan	TUR	PTF	2:0
turkish-open-2025	Senior Men -74kg	R16	828	SANTAS Kadir	TUR	KNARVIK ANDRESEN Arne	NOR	PTF	2:0
turkish-open-2025	Senior Men -74kg	R16	829	POLAT Mehmet Kani	TUR	ALTINGOZ Cemil tarik	TUR	PTF	2:0
turkish-open-2025	Senior Men -74kg	QF	634	GOLUBIC Marko	CRO	YUMAK Berk	TUR	PTF	2:0
turkish-open-2025	Senior Men -74kg	QF	635	YORUKOGLU Mustafa said	TUR	HUSIC Benjamin	BIH	PTF	2:1
turkish-open-2025	Senior Men -74kg	QF	832	KORPE Omer furkan	TUR	SULU Idris Atay	TUR	PTF	2:0
turkish-open-2025	Senior Men -74kg	QF	833	POLAT Mehmet Kani	TUR	SANTAS Kadir	TUR	PTF	2:0
turkish-open-2025	Senior Men -74kg	SF	835	POLAT Mehmet Kani	TUR	KORPE Omer furkan	TUR	PTF	2:0
turkish-open-2025	Senior Men -74kg	SF	837	GOLUBIC Marko	CRO	YORUKOGLU Mustafa said	TUR	WDR	1:0
turkish-open-2025	Senior Men -74kg	F	145	GOLUBIC Marko	CRO	POLAT Mehmet Kani	TUR	PTF	2:0
turkish-open-2025	Senior Men -80kg	R32	407	KNIGHT-MITCHELL Dantrell	GBR	KONAK Ilhan	TUR	PTF	2:0
turkish-open-2025	Senior Men -80kg	R32	408	HRGOTA Leon	CRO	KILICOGLU Baturalp	TUR	PTF	2:0
turkish-open-2025	Senior Men -80kg	R32	409	THUNE Sebastian	NOR	TURPANCI Mert ismail	TUR	PTF	2:0
turkish-open-2025	Senior Men -80kg	R32	410	WEIDUM Dion	NED	KUSKU Nesim	TUR	WDR	2:1
turkish-open-2025	Senior Men -80kg	R32	411	SULEYMANOV Taleh	AZE	DEKLI Ugur	TUR	PTF	2:0
turkish-open-2025	Senior Men -80kg	R32	412	DEMIRCI Muhammet furkan	TUR	RAHIMINIYA Sedigh	IRI	PTF	2:0
turkish-open-2025	Senior Men -80kg	R32	413	KOSTENEVYCH Kostiantyn	UKR	ARIK Hasan	TUR	PTF	2:0
turkish-open-2025	Senior Men -80kg	R32	704	MARIPOV Abdurakhmon	KAZ	OKSAN Emirhan	TUR	PTF	2:0
turkish-open-2025	Senior Men -80kg	R32	705	SAHIN Muhammed Enes	TUR	HAMEDI Tareg ali m	KSA	PTF	2:0
turkish-open-2025	Senior Men -80kg	R32	706	HISENI Luan	GER	ULKER Mert	TUR	PTF	2:1
turkish-open-2025	Senior Men -80kg	R32	707	SLEPOV Stepan	AIN	KASAP Isa Berk	TUR	PTF	2:0
turkish-open-2025	Senior Men -80kg	R32	708	CHARALAMBOUS Evangelos	CYP	KILINC Mahir miran	TUR	PTF	2:0
turkish-open-2025	Senior Men -80kg	R32	709	KILIC Yigithan	TUR	BALAGADASHOV Vusal	AZE	PTF	2:0
turkish-open-2025	Senior Men -80kg	R32	710	AGHAYEV Javad	AZE	USLU Enes tuna	TUR	PTF	2:0
turkish-open-2025	Senior Men -80kg	R16	422	MANSOURI Farzad	TRT	KNIGHT-MITCHELL Dantrell	GBR	PTF	2:0
turkish-open-2025	Senior Men -80kg	R16	423	HRGOTA Leon	CRO	THUNE Sebastian	NOR	PTF	2:0
turkish-open-2025	Senior Men -80kg	R16	424	SULEYMANOV Taleh	AZE	WEIDUM Dion	NED	PTF	2:0
turkish-open-2025	Senior Men -80kg	R16	425	KOSTENEVYCH Kostiantyn	UKR	DEMIRCI Muhammet furkan	TUR	PTF	2:0
turkish-open-2025	Senior Men -80kg	R16	719	MARIPOV Abdurakhmon	KAZ	SAHIN Muhammed Enes	TUR	WDR	2:0
turkish-open-2025	Senior Men -80kg	R16	720	SLEPOV Stepan	AIN	HISENI Luan	GER	WDR	
turkish-open-2025	Senior Men -80kg	R16	721	KILIC Yigithan	TUR	CHARALAMBOUS Evangelos	CYP	PTF	2:0
turkish-open-2025	Senior Men -80kg	R16	722	AGHAYEV Javad	AZE	HUSIC Nedzad	BIH	PTF	2:1
turkish-open-2025	Senior Men -80kg	QF	430	MANSOURI Farzad	TRT	HRGOTA Leon	CRO	WDR	1:0
turkish-open-2025	Senior Men -80kg	QF	431	KOSTENEVYCH Kostiantyn	UKR	SULEYMANOV Taleh	AZE	PTF	2:0
turkish-open-2025	Senior Men -80kg	QF	727	SLEPOV Stepan	AIN	MARIPOV Abdurakhmon	KAZ	PTF	2:0
turkish-open-2025	Senior Men -80kg	QF	728	AGHAYEV Javad	AZE	KILIC Yigithan	TUR	PTF	2:0
turkish-open-2025	Senior Men -80kg	SF	731	SLEPOV Stepan	AIN	AGHAYEV Javad	AZE	PTF	2:0
turkish-open-2025	Senior Men -80kg	SF	733	KOSTENEVYCH Kostiantyn	UKR	MANSOURI Farzad	TRT	PTF	2:0
turkish-open-2025	Senior Men -80kg	F	146	SLEPOV Stepan	AIN	KOSTENEVYCH Kostiantyn	UKR	PTF	2:0
turkish-open-2025	Senior Men -87kg	R32	209	AKTAS Recep Alperen	TUR	FRONDA Sandro	SWE	WDR	2:0
turkish-open-2025	Senior Men -87kg	R32	210	YILDIZ Muhammed emin	TUR	ALKHAIBARI Ali mabruk s	KSA	PTF	2:0
turkish-open-2025	Senior Men -87kg	R32	211	IFAOUI Motaz	TUN	SAROGLU Ferhat Muhammet	TUR	PTF	2:1
turkish-open-2025	Senior Men -87kg	R32	308	GAFAROV Eltaj	AZE	KRPAN Vito	CRO	PTF	2:0
turkish-open-2025	Senior Men -87kg	R32	309	KOZHAKHMET Nurkanat	KAZ	DOGRU Munir furkan	TUR	PTF	2:0
turkish-open-2025	Senior Men -87kg	R16	220	NUCI Erol	BIH	AKTAS Recep Alperen	TUR	PTF	2:1
turkish-open-2025	Senior Men -87kg	R16	221	ATESLI Orkun	TUR	OZEN Furkan	TUR	PTF	2:0
turkish-open-2025	Senior Men -87kg	R16	222	YILDIZ Muhammed emin	TUR	FIRAT Berdan ali	TUR	PTF	2:0
turkish-open-2025	Senior Men -87kg	R16	223	IFAOUI Motaz	TUN	AYAZ Samet	TUR	PTF	2:0
turkish-open-2025	Senior Men -87kg	R16	318	BICER Enbiya taha	TUR	GAFAROV Eltaj	AZE	PTF	2:0
turkish-open-2025	Senior Men -87kg	R16	319	CELIK Ertugrul	TUR	BIRNI Fatih gunduzalp	TUR	PTF	2:0
turkish-open-2025	Senior Men -87kg	R16	320	SENOL Yusuf	TUR	SARI Muhammet talha	TUR	PTF	2:0
turkish-open-2025	Senior Men -87kg	R16	321	KOZHAKHMET Nurkanat	KAZ	KARTAL Huseyin	TUR	PTF	2:0
turkish-open-2025	Senior Men -87kg	QF	228	ATESLI Orkun	TUR	NUCI Erol	BIH	PTF	2:0
turkish-open-2025	Senior Men -87kg	QF	229	IFAOUI Motaz	TUN	YILDIZ Muhammed emin	TUR	PTF	2:0
turkish-open-2025	Senior Men -87kg	QF	326	BICER Enbiya taha	TUR	CELIK Ertugrul	TUR	PTF	2:0
turkish-open-2025	Senior Men -87kg	QF	327	KOZHAKHMET Nurkanat	KAZ	SENOL Yusuf	TUR	PTF	2:0
turkish-open-2025	Senior Men -87kg	SF	232	ATESLI Orkun	TUR	IFAOUI Motaz	TUN	WDR	1:0
turkish-open-2025	Senior Men -87kg	SF	233	KOZHAKHMET Nurkanat	KAZ	BICER Enbiya taha	TUR	PTF	2:1
turkish-open-2025	Senior Men -87kg	F	147	ATESLI Orkun	TUR	KOZHAKHMET Nurkanat	KAZ	PTF	2:0
turkish-open-2025	Senior Men +87kg	R32	109	KARADOGAN Ali	TUR	COSKUN Kagan	TUR	PTF	2:1
turkish-open-2025	Senior Men +87kg	R32	110	UZUN Efe haktan	TUR	GARCIA MARTINEZ Ivan	ESP	PTF	2:0
turkish-open-2025	Senior Men +87kg	R32	111	CELEBI Sahin	TUR	GUNGOR Serdar sabit	TUR	PTF	2:1
turkish-open-2025	Senior Men +87kg	R32	112	ZHAPAROV Ruslan	KAZ	TASCI Tarik can	TUR	PTF	2:0
turkish-open-2025	Senior Men +87kg	R32	505	BADRIALIABADI Hamidreza	AZE	YALCIN Ruzgar	TUR	PTF	2:0
turkish-open-2025	Senior Men +87kg	R32	506	SASMAZTIN Ege	TUR	TOK Ridvan	TUR	PTF	2:0
turkish-open-2025	Senior Men +87kg	R32	507	SIMSEK Rahmet Baran	TUR	CURABAZ Sergen	TUR	PTF	2:0
turkish-open-2025	Senior Men +87kg	R32	508	SARIOGLU Ahmet efe	TUR	KOSE Arif efe	TUR	PTF	2:0
turkish-open-2025	Senior Men +87kg	R16	121	SAPINA Ivan	CRO	KARADOGAN Ali	TUR	PUN	2:0
turkish-open-2025	Senior Men +87kg	R16	122	ACIKGOZ Muhammed Emin	TUR	UZUN Efe haktan	TUR	PTF	2:0
turkish-open-2025	Senior Men +87kg	R16	123	MAVLONOV Marat	UZB	CELEBI Sahin	TUR	WDR	1:0
turkish-open-2025	Senior Men +87kg	R16	124	DEMIRCIOGLU Huseyin berat	TUR	ZHAPAROV Ruslan	KAZ	PTG	2:0
turkish-open-2025	Senior Men +87kg	R16	517	BADRIALIABADI Hamidreza	AZE	ATESLI Emre kutalmis	TUR	PTF	2:1
turkish-open-2025	Senior Men +87kg	R16	518	MILLER Logan	GBR	SASMAZTIN Ege	TUR	WDR	2:0
turkish-open-2025	Senior Men +87kg	R16	519	KARIMBOEV Shokhjakhon	UZB	SIMSEK Rahmet Baran	TUR	WDR	1:1
turkish-open-2025	Senior Men +87kg	R16	520	GEORGIEVSKI Dejan	MKD	SARIOGLU Ahmet efe	TUR	WDR	1:0
turkish-open-2025	Senior Men +87kg	QF	129	SAPINA Ivan	CRO	ACIKGOZ Muhammed Emin	TUR	WDR	1:0
turkish-open-2025	Senior Men +87kg	QF	129.1	GEORGIEVSKI Dejan	MKD	KARIMBOEV Shokhjakhon	UZB	PTF	2:1
turkish-open-2025	Senior Men +87kg	QF	130	MAVLONOV Marat	UZB	DEMIRCIOGLU Huseyin berat	TUR	PTF	2:0
turkish-open-2025	Senior Men +87kg	QF	525	BADRIALIABADI Hamidreza	AZE	MILLER Logan	GBR	PTF	2:0
turkish-open-2025	Senior Men +87kg	SF	234	GEORGIEVSKI Dejan	MKD	BADRIALIABADI Hamidreza	AZE	PTF	2:1
turkish-open-2025	Senior Men +87kg	SF	532	MAVLONOV Marat	UZB	SAPINA Ivan	CRO	PTF	2:0
turkish-open-2025	Senior Men +87kg	F	148	MAVLONOV Marat	UZB	GEORGIEVSKI Dejan	MKD	PTF	2:1
turkish-open-2025	Senior Women -46kg	R64	201	AKBAROVA Minaya	AZE	OZDEMIR Sahra nur	TUR	PTF	2:0
turkish-open-2025	Senior Women -46kg	R64	301	ERTAYEVA Nodira	KAZ	BAYER Nazlican	TUR	RSC	1:0
turkish-open-2025	Senior Women -46kg	R32	205	AKBAROVA Minaya	AZE	MAKAS Dzejla	BIH	PTF	2:0
turkish-open-2025	Senior Women -46kg	R32	206	OZKARADUMAN Sudem	TUR	BEDELCI Merve	TUR	PTF	2:0
turkish-open-2025	Senior Women -46kg	R32	207	UZUN Sarah	NED	BURHAN Elif ece	TUR	PTF	2:0
turkish-open-2025	Senior Women -46kg	R32	208	GURBUZ Zehra	TUR	ALLIN Mevlude betul	TUR	PTF	2:0
turkish-open-2025	Senior Women -46kg	R32	209	KESGIN Tuvanna nazli	TUR	TAMMILA Ada-emilia	FIN	PTF	2:0
turkish-open-2025	Senior Women -46kg	R32	210	GOGEBAKAN Emine	TUR	OZTURK Cansu	TUR	PTF	2:0
turkish-open-2025	Senior Women -46kg	R32	211	TURKYILMAZ Zeynep	TUR	KAYA Damla	TUR	PTF	2:0
turkish-open-2025	Senior Women -46kg	R32	212	BAYRAKTAR Hiranur	TUR	SENKAYA Nehir	TUR	PTF	2:0
turkish-open-2025	Senior Women -46kg	R32	306	CERCI Irmak	TUR	ATTOUT Lhena	FRA	PTF	2:1
turkish-open-2025	Senior Women -46kg	R32	307	TARAKCI Inci	TUR	CINAR Gamze	TUR	PTF	2:0
turkish-open-2025	Senior Women -46kg	R32	308	OZAN Berfin	TUR	AKKAYAOGLU Gul nisa	TUR	PTF	2:1
turkish-open-2025	Senior Women -46kg	R32	309	TAMMILA Ida-elina	FIN	OZTEKIN Emine	TUR	PTF	2:0
turkish-open-2025	Senior Women -46kg	R32	310	CHOI Etta	GBR	OZDEMIR Serya naz	TUR	PTF	2:0
turkish-open-2025	Senior Women -46kg	R32	311	ARTAMONOVA Anastasiia	AIN	AKALIN Ruhat	TUR	DSQ	
turkish-open-2025	Senior Women -46kg	R32	312	EKSI Selin	TUR	YESIL Zeynep asya	TUR	PTF	2:0
turkish-open-2025	Senior Women -46kg	R32	313	ERTAYEVA Nodira	KAZ	GULIYEVA Salima	AZE	PTF	2:0
turkish-open-2025	Senior Women -46kg	R16	213	AKBAROVA Minaya	AZE	OZKARADUMAN Sudem	TUR	PTF	2:0
turkish-open-2025	Senior Women -46kg	R16	214	GURBUZ Zehra	TUR	UZUN Sarah	NED	PTF	2:0
turkish-open-2025	Senior Women -46kg	R16	215	GOGEBAKAN Emine	TUR	KESGIN Tuvanna nazli	TUR	PTF	2:0
turkish-open-2025	Senior Women -46kg	R16	216	BAYRAKTAR Hiranur	TUR	TURKYILMAZ Zeynep	TUR	PTF	2:1
turkish-open-2025	Senior Women -46kg	R16	314	CERCI Irmak	TUR	TARAKCI Inci	TUR	PTF	2:0
turkish-open-2025	Senior Women -46kg	R16	315	TAMMILA Ida-elina	FIN	OZAN Berfin	TUR	PTF	2:0
turkish-open-2025	Senior Women -46kg	R16	316	CHOI Etta	GBR	ARTAMONOVA Anastasiia	AIN	PTF	2:0
turkish-open-2025	Senior Women -46kg	R16	317	EKSI Selin	TUR	ERTAYEVA Nodira	KAZ	PTF	2:0
turkish-open-2025	Senior Women -46kg	QF	219	AKBAROVA Minaya	AZE	GURBUZ Zehra	TUR	PTF	2:0
turkish-open-2025	Senior Women -46kg	QF	220	GOGEBAKAN Emine	TUR	BAYRAKTAR Hiranur	TUR	PTF	2:0
turkish-open-2025	Senior Women -46kg	QF	320	CERCI Irmak	TUR	TAMMILA Ida-elina	FIN	PTF	2:0
turkish-open-2025	Senior Women -46kg	QF	321	CHOI Etta	GBR	EKSI Selin	TUR	PTF	2:0
turkish-open-2025	Senior Women -46kg	SF	322	GOGEBAKAN Emine	TUR	AKBAROVA Minaya	AZE	PTF	2:0
turkish-open-2025	Senior Women -46kg	SF	323	CHOI Etta	GBR	CERCI Irmak	TUR	PTF	2:0
turkish-open-2025	Senior Women -46kg	F	130	GOGEBAKAN Emine	TUR	CHOI Etta	GBR	PTF	2:0
turkish-open-2025	Senior Women -49kg	R32	701	CAPKIN Didem	TUR	İMANOVA Yegana	AZE	PTF	2:0
turkish-open-2025	Senior Women -49kg	R32	702	ISMAELPUR Paniz	AZE	GUNEY Rabia	TUR	PTF	2:0
turkish-open-2025	Senior Women -49kg	R32	703	ONER Fatmanur	TUR	ASLAN Hira Nur	TUR	PTF	2:0
turkish-open-2025	Senior Women -49kg	R32	704	DEMIR Aleyna	TUR	HASANZADE Zemfira	AZE	PTF	2:0
turkish-open-2025	Senior Women -49kg	R32	705	OZTABAK Elif ilgin	TUR	TEZGELDI Damla	TUR	PTF	2:0
turkish-open-2025	Senior Women -49kg	R32	706	YAZICI Yesim kayra	TUR	YUKSEL Ayca	TUR	PTF	2:0
turkish-open-2025	Senior Women -49kg	R32	707	GOODMAN Phoenix	GBR	KARAUZUMCU Melike	TUR	PTF	2:0
turkish-open-2025	Senior Women -49kg	R32	801	YILDIZ Melissa	TUR	COSGUNCELEBI Zeynep	TUR	DSQ	
turkish-open-2025	Senior Women -49kg	R32	802	IZMIRLI Elif Ebrar	TUR	CAN Dila goksin	TUR	PTF	2:0
turkish-open-2025	Senior Women -49kg	R32	803	OSMANOVA Samarrukh	AZE	YILDIZ Gonca	TUR	PTF	2:0
turkish-open-2025	Senior Women -49kg	R32	804	GUNDUZ Canan	TUR	ERGIN Beren eda	TUR	RSC	1:0
turkish-open-2025	Senior Women -49kg	R32	805	GURBUZ Hayrunnisa	TUR	YILMAZ Ayse	TUR	PTF	2:0
turkish-open-2025	Senior Women -49kg	R32	806	KILINC Ezgi yagmur	TUR	BILGI Reyyan	TUR	PTF	2:0
turkish-open-2025	Senior Women -49kg	R16	709	ATESLI Supharada	GER	CAPKIN Didem	TUR	PTF	2:0
turkish-open-2025	Senior Women -49kg	R16	710	ISMAELPUR Paniz	AZE	ONER Fatmanur	TUR	PTF	2:1
turkish-open-2025	Senior Women -49kg	R16	711	DEMIR Aleyna	TUR	OZTABAK Elif ilgin	TUR	PTF	2:0
turkish-open-2025	Senior Women -49kg	R16	712	GOODMAN Phoenix	GBR	YAZICI Yesim kayra	TUR	PTF	2:0
turkish-open-2025	Senior Women -49kg	R16	811	EVIN ruveyda nur	TUR	YILDIZ Melissa	TUR	PTF	2:0
turkish-open-2025	Senior Women -49kg	R16	812	OSMANOVA Samarrukh	AZE	IZMIRLI Elif Ebrar	TUR	PTF	2:0
turkish-open-2025	Senior Women -49kg	R16	813	GURBUZ Hayrunnisa	TUR	GUNDUZ Canan	TUR	PTF	2:0
turkish-open-2025	Senior Women -49kg	R16	814	AKGUL Elif sude	TUR	KILINC Ezgi yagmur	TUR	PTF	2:0
turkish-open-2025	Senior Women -49kg	QF	717	ATESLI Supharada	GER	ISMAELPUR Paniz	AZE	PTF	2:0
turkish-open-2025	Senior Women -49kg	QF	718	DEMIR Aleyna	TUR	GOODMAN Phoenix	GBR	PTF	2:1
turkish-open-2025	Senior Women -49kg	QF	819	EVIN ruveyda nur	TUR	OSMANOVA Samarrukh	AZE	PTF	2:1
turkish-open-2025	Senior Women -49kg	QF	820	AKGUL Elif sude	TUR	GURBUZ Hayrunnisa	TUR	PTF	2:1
turkish-open-2025	Senior Women -49kg	SF	721	ATESLI Supharada	GER	DEMIR Aleyna	TUR	PTF	2:1
turkish-open-2025	Senior Women -49kg	SF	722	AKGUL Elif sude	TUR	EVIN ruveyda nur	TUR	PTF	2:0
turkish-open-2025	Senior Women -49kg	F	131	AKGUL Elif sude	TUR	ATESLI Supharada	GER	PTF	2:1
turkish-open-2025	Senior Women -53kg	R32	601	ABDULLAYEVA Nigar	AZE	ERSOY Aybuke	TUR	PTF	2:0
turkish-open-2025	Senior Women -53kg	R32	602	UZUNCAVDAR Sila irmak	TUR	ABU HAMRAH Fatimah ahseen ali	LBA	DSQ	
turkish-open-2025	Senior Women -53kg	R32	603	TEMIZ Melisa	TUR	DEMIRALP Sude	TUR	PTF	2:1
turkish-open-2025	Senior Women -53kg	R32	807	KARAJANOVA Aziza	KAZ	KUCUKSOLAK Saliha	TUR	PTF	2:0
turkish-open-2025	Senior Women -53kg	R32	808	ABDULLAZADA Zahra	AZE	OZEN Merve su	TUR	PTF	2:0
turkish-open-2025	Senior Women -53kg	R32	809	DINCEL KAVURAT Merve	TUR	MAMMADOVA Maryam	AZE	PTF	2:0
turkish-open-2025	Senior Women -53kg	R32	810	KARTAL Nehir	TUR	TULEK Kubra	TUR	PTF	2:1
turkish-open-2025	Senior Women -53kg	R16	610	AVDAGIC Ada	BIH	ABDULLAYEVA Nigar	AZE	PTF	2:0
turkish-open-2025	Senior Women -53kg	R16	611	KOCA Fatma eylul	TUR	CETIN Ela	TUR	PTG	2:0
turkish-open-2025	Senior Women -53kg	R16	612	UZUNCAVDAR Sila irmak	TUR	CELIK Emine	TUR	PTF	2:0
turkish-open-2025	Senior Women -53kg	R16	613	TASKIN Zeynep	TUR	TEMIZ Melisa	TUR	PTF	2:0
turkish-open-2025	Senior Women -53kg	R16	815	ZAYNIDDINOVA Laylo	UZB	KARAJANOVA Aziza	KAZ	PTF	2:1
turkish-open-2025	Senior Women -53kg	R16	816	ABDULLAZADA Zahra	AZE	NEHIR Ilayda nur	TUR	PTF	2:0
turkish-open-2025	Senior Women -53kg	R16	817	DINCEL KAVURAT Merve	TUR	PACACI Aysegul	TUR	PTF	2:0
turkish-open-2025	Senior Women -53kg	R16	818	SPASOJEVIC Sara	CRO	KARTAL Nehir	TUR	PTF	2:0
turkish-open-2025	Senior Women -53kg	QF	618	AVDAGIC Ada	BIH	KOCA Fatma eylul	TUR	PTF	2:0
turkish-open-2025	Senior Women -53kg	QF	619	UZUNCAVDAR Sila irmak	TUR	TASKIN Zeynep	TUR	PTF	2:0
turkish-open-2025	Senior Women -53kg	QF	821	ZAYNIDDINOVA Laylo	UZB	ABDULLAZADA Zahra	AZE	PTG	2:0
turkish-open-2025	Senior Women -53kg	QF	822	DINCEL KAVURAT Merve	TUR	SPASOJEVIC Sara	CRO	PTF	2:0
turkish-open-2025	Senior Women -53kg	SF	622	UZUNCAVDAR Sila irmak	TUR	AVDAGIC Ada	BIH	PTF	2:0
turkish-open-2025	Senior Women -53kg	SF	623	DINCEL KAVURAT Merve	TUR	ZAYNIDDINOVA Laylo	UZB	PTF	2:0
turkish-open-2025	Senior Women -53kg	F	132	DINCEL KAVURAT Merve	TUR	UZUNCAVDAR Sila irmak	TUR	PTF	2:1
turkish-open-2025	Senior Women -57kg	R32	101	SARICICEK Zeynep nur	TUR	KAYA Cansu	TUR	PTF	2:0
turkish-open-2025	Senior Women -57kg	R32	102	DULGER Elif Sudem	TUR	MOUCH Sara	NED	PTF	2:0
turkish-open-2025	Senior Women -57kg	R32	103	HASAN Gizem	TUR	DALKA Ecrin	TUR	PTF	2:0
turkish-open-2025	Senior Women -57kg	R32	104	KANBUR Sevval Melek	TUR	KOLCAK Hatice	TUR	PTF	2:0
turkish-open-2025	Senior Women -57kg	R32	105	GYUNDYUZ Selen	TUR	BAYSAL Yagmur	TUR	PTF	2:0
turkish-open-2025	Senior Women -57kg	R32	106	OZBEY Oyku	TUR	KAZHIMOVA Aigerim	KAZ	WDR	
turkish-open-2025	Senior Women -57kg	R32	107	MIRABZALOVA Madina	UZB	ERDOGAN Irmak	TUR	PTF	2:0
turkish-open-2025	Senior Women -57kg	R32	604	KARAER Amine Nur	TUR	BULBUL Sudenur	TUR	PTF	2:0
turkish-open-2025	Senior Women -57kg	R32	605	IZMIR Hayrunnisa	TUR	DEMIRCI Yelizavetta	TUR	PTF	2:0
turkish-open-2025	Senior Women -57kg	R32	606	DURDU Eylul Mina	TUR	CELIK Senanur	TUR	DSQ	
turkish-open-2025	Senior Women -57kg	R32	607	CELIK Edanur	TUR	OZTURK Eylul efruze	TUR	PTF	2:0
turkish-open-2025	Senior Women -57kg	R32	608	DILER Ruya	TUR	BASHIROVA Leyla	AZE	PTF	2:0
turkish-open-2025	Senior Women -57kg	R32	609	ARAS Senizcan	TUR	GUNES Hatice nur	TUR	PTG	2:0
turkish-open-2025	Senior Women -57kg	R16	111	ILGUN Hatice kubra	TUR	SARICICEK Zeynep nur	TUR	PTF	2:0
turkish-open-2025	Senior Women -57kg	R16	112	HASAN Gizem	TUR	DULGER Elif Sudem	TUR	PTF	2:0
turkish-open-2025	Senior Women -57kg	R16	113	GYUNDYUZ Selen	TUR	KANBUR Sevval Melek	TUR	PTF	2:0
turkish-open-2025	Senior Women -57kg	R16	114	MIRABZALOVA Madina	UZB	OZBEY Oyku	TUR	PTF	2:0
turkish-open-2025	Senior Women -57kg	R16	614	SMITH Teigan	GBR	KARAER Amine Nur	TUR	PTF	2:0
turkish-open-2025	Senior Women -57kg	R16	615	IZMIR Hayrunnisa	TUR	DURDU Eylul Mina	TUR	PTF	2:1
turkish-open-2025	Senior Women -57kg	R16	616	DILER Ruya	TUR	CELIK Edanur	TUR	PTF	2:0
turkish-open-2025	Senior Women -57kg	R16	617	KARABATIC Nika	CRO	ARAS Senizcan	TUR	PTG	2:0
turkish-open-2025	Senior Women -57kg	QF	117	ILGUN Hatice kubra	TUR	HASAN Gizem	TUR	PTF	2:1
turkish-open-2025	Senior Women -57kg	QF	118	MIRABZALOVA Madina	UZB	GYUNDYUZ Selen	TUR	PTF	2:0
turkish-open-2025	Senior Women -57kg	QF	620	IZMIR Hayrunnisa	TUR	SMITH Teigan	GBR	PTF	2:0
turkish-open-2025	Senior Women -57kg	QF	621	KARABATIC Nika	CRO	DILER Ruya	TUR	PTF	2:0
turkish-open-2025	Senior Women -57kg	SF	120	MIRABZALOVA Madina	UZB	ILGUN Hatice kubra	TUR	PTF	2:1
turkish-open-2025	Senior Women -57kg	SF	122	KARABATIC Nika	CRO	IZMIR Hayrunnisa	TUR	PTF	2:0
turkish-open-2025	Senior Women -57kg	F	133	KARABATIC Nika	CRO	MIRABZALOVA Madina	UZB	PTF	2:0
turkish-open-2025	Senior Women -62kg	R64	401	KHUZINA Liliia	AIN	SENGUN Ahsen	TUR	PTF	2:0
turkish-open-2025	Senior Women -62kg	R32	403	KHUZINA Liliia	AIN	SADIKOVA Feruza	UZB	PTF	2:1
turkish-open-2025	Senior Women -62kg	R32	404	YUCE Azra	TUR	BAS Hilal	TUR	PTF	2:0
turkish-open-2025	Senior Women -62kg	R32	405	BAGATOR Sahsenem	TUR	KONAKCI Aysenur	TUR	PTF	2:0
turkish-open-2025	Senior Women -62kg	R32	406	MERCIMEK Rumeysa	TUR	KAZIMOVA Nargiz	AZE	PTF	2:1
turkish-open-2025	Senior Women -62kg	R32	407	CAKAL Sevval	TUR	MARASLI Zeynep Ebrar	TUR	PTF	2:0
turkish-open-2025	Senior Women -62kg	R32	408	KAYGISIZ Zehra	TUR	AVCI Sude reyyan	TUR	WDR	
turkish-open-2025	Senior Women -62kg	R32	409	OZLU Melisa	TUR	AGRALI Melike	TUR	PTF	2:0
turkish-open-2025	Senior Women -62kg	R32	410	SIRIN Dilara	TUR	KHAYITOVA Sevinch	UZB	PTF	2:0
turkish-open-2025	Senior Women -62kg	R32	504	ORTIZ BENITO Arlet	ESP	UYSAL Nisa nur	TUR	PTF	2:0
turkish-open-2025	Senior Women -62kg	R32	505	SENYURT Aleyna	TUR	IYIN Meryem Elif	TUR	PTF	2:0
turkish-open-2025	Senior Women -62kg	R32	506	YIGITALP Hatice pinar	TUR	ILHAN Sevdiye	TUR	PTF	2:0
turkish-open-2025	Senior Women -62kg	R32	507	TURKKOLU Fatma belinay	TUR	NYMAN Ebba	SWE	PTF	2:0
turkish-open-2025	Senior Women -62kg	R32	508	KARABULUT Beyza	TUR	MAZGAL Rumeysa	TUR	PTF	2:0
turkish-open-2025	Senior Women -62kg	R32	509	BAGATOR Nazlican	TUR	CELIK Elifnur	TUR	PTF	2:0
turkish-open-2025	Senior Women -62kg	R32	510	ALICI Rojin Damla	TUR	OZDEMIR Nisa Nur	TUR	PTF	2:0
turkish-open-2025	Senior Women -62kg	R32	511	GOGEBAKAN Huru gokce	TUR	KURT Humeyra	TUR	PTF	2:0
turkish-open-2025	Senior Women -62kg	R16	415	KHUZINA Liliia	AIN	YUCE Azra	TUR	PTF	2:0
turkish-open-2025	Senior Women -62kg	R16	416	BAGATOR Sahsenem	TUR	MERCIMEK Rumeysa	TUR	PTF	2:0
turkish-open-2025	Senior Women -62kg	R16	417	CAKAL Sevval	TUR	KAYGISIZ Zehra	TUR	PTF	2:0
turkish-open-2025	Senior Women -62kg	R16	418	SIRIN Dilara	TUR	OZLU Melisa	TUR	PTF	2:0
turkish-open-2025	Senior Women -62kg	R16	512	ORTIZ BENITO Arlet	ESP	SENYURT Aleyna	TUR	PTF	2:1
turkish-open-2025	Senior Women -62kg	R16	513	YIGITALP Hatice pinar	TUR	TURKKOLU Fatma belinay	TUR	PTF	2:0
turkish-open-2025	Senior Women -62kg	R16	514	KARABULUT Beyza	TUR	BAGATOR Nazlican	TUR	PTF	2:0
turkish-open-2025	Senior Women -62kg	R16	515	GOGEBAKAN Huru gokce	TUR	ALICI Rojin Damla	TUR	PTF	2:0
turkish-open-2025	Senior Women -62kg	QF	223	KHUZINA Liliia	AIN	BAGATOR Sahsenem	TUR	PTF	2:0
turkish-open-2025	Senior Women -62kg	QF	224	CAKAL Sevval	TUR	SIRIN Dilara	TUR	PTF	2:0
turkish-open-2025	Senior Women -62kg	QF	518	YIGITALP Hatice pinar	TUR	ORTIZ BENITO Arlet	ESP	PTF	2:0
turkish-open-2025	Senior Women -62kg	QF	519	GOGEBAKAN Huru gokce	TUR	KARABULUT Beyza	TUR	PTF	2:0
turkish-open-2025	Senior Women -62kg	SF	521	YIGITALP Hatice pinar	TUR	GOGEBAKAN Huru gokce	TUR	PTF	2:1
turkish-open-2025	Senior Women -62kg	SF	522	KHUZINA Liliia	AIN	CAKAL Sevval	TUR	PTF	2:1
turkish-open-2025	Senior Women -62kg	F	134	KHUZINA Liliia	AIN	YIGITALP Hatice pinar	TUR	PTF	2:0
turkish-open-2025	Senior Women -67kg	R32	402	NILSEN Mari romundset	NOR	TETIK Melis	TUR	PTF	2:0
turkish-open-2025	Senior Women -67kg	R32	708	ERGIN Huriye Nur	TUR	ANSARI Narmin	AZE	PTF	2:0
turkish-open-2025	Senior Women -67kg	R16	411	ROBERTS Chloe	GBR	NILSEN Mari romundset	NOR	PTF	2:0
turkish-open-2025	Senior Women -67kg	R16	412	GENCER Sila Nur	TUR	TORLAK Sevval	TUR	PTF	2:0
turkish-open-2025	Senior Women -67kg	R16	413	KAYIR Ikra	TUR	CETINEL Ceren	TUR	PTF	2:1
turkish-open-2025	Senior Women -67kg	R16	414	ZAFER Isil	TUR	DEREBAG Hatice sude	TUR	PTF	2:0
turkish-open-2025	Senior Women -67kg	R16	713	POWELL Aaliyah	GBR	CAKAL Sefika	TUR	PTF	2:1
turkish-open-2025	Senior Women -67kg	R16	714	YILDIZDAL Ecenur	TUR	KOLBAYEVA Bexulu	KAZ	DSQ	
turkish-open-2025	Senior Women -67kg	R16	715	AGRALI Mihriban	TUR	OKYAY Elvin	TUR	DSQ	
turkish-open-2025	Senior Women -67kg	R16	716	JELIć Matea	CRO	ERGIN Huriye Nur	TUR	PTF	2:1
turkish-open-2025	Senior Women -67kg	QF	419	ROBERTS Chloe	GBR	GENCER Sila Nur	TUR	PTF	2:0
turkish-open-2025	Senior Women -67kg	QF	420	KAYIR Ikra	TUR	ZAFER Isil	TUR	PTF	2:1
turkish-open-2025	Senior Women -67kg	QF	719	POWELL Aaliyah	GBR	YILDIZDAL Ecenur	TUR	PTF	2:0
turkish-open-2025	Senior Women -67kg	QF	720	JELIć Matea	CRO	AGRALI Mihriban	TUR	PTF	2:0
turkish-open-2025	Senior Women -67kg	SF	423	KAYIR Ikra	TUR	ROBERTS Chloe	GBR	PTF	2:0
turkish-open-2025	Senior Women -67kg	SF	824	POWELL Aaliyah	GBR	JELIć Matea	CRO	PTF	2:1
turkish-open-2025	Senior Women -67kg	F	135	POWELL Aaliyah	GBR	KAYIR Ikra	TUR	PTF	2:0
turkish-open-2025	Senior Women -73kg	R16	202	STEPANOVA Elizaveta	AIN	BIRNI Nisa Nur	TUR	PTF	2:0
turkish-open-2025	Senior Women -73kg	R16	203	KOLOVRAT Matea	CRO	ROJIN Kaya	TUR	PTF	2:1
turkish-open-2025	Senior Women -73kg	R16	204	MASTELIC Mila	CRO	ERSIN Yusra	TUR	WDR	1:0
turkish-open-2025	Senior Women -73kg	R16	501	DEMIR Kardelen	TUR	ABAVI Sema	TUR	PTF	2:0
turkish-open-2025	Senior Women -73kg	R16	502	KAYMAZ Figen	TUR	DEMIRKOPARAN Emine ilgin	TUR	PTF	2:0
turkish-open-2025	Senior Women -73kg	R16	503	MACKAY Ruby	GBR	TOMAK Eslem Ruveyda	TUR	PTF	2:1
turkish-open-2025	Senior Women -73kg	QF	217	STEPANOVA Elizaveta	AIN	UZUNCAVDAR Sude yaren	TUR	PTF	2:0
turkish-open-2025	Senior Women -73kg	QF	218	MASTELIC Mila	CRO	KOLOVRAT Matea	CRO	PTF	2:1
turkish-open-2025	Senior Women -73kg	QF	516	DEMIR Kardelen	TUR	KAYMAZ Figen	TUR	PTF	2:0
turkish-open-2025	Senior Women -73kg	QF	517	ALIJONOVA Gulsanam	UZB	MACKAY Ruby	GBR	PTF	2:0
turkish-open-2025	Senior Women -73kg	SF	221	MASTELIC Mila	CRO	STEPANOVA Elizaveta	AIN	PTF	2:0
turkish-open-2025	Senior Women -73kg	SF	222	ALIJONOVA Gulsanam	UZB	DEMIR Kardelen	TUR	PTF	2:0
turkish-open-2025	Senior Women -73kg	F	136	MASTELIC Mila	CRO	ALIJONOVA Gulsanam	UZB	PTF	2:1
turkish-open-2025	Senior Women +73kg	R16	108	SAGLIK Ayselnur	TUR	MERCIMEK Maide	TUR	PTF	2:0
turkish-open-2025	Senior Women +73kg	R16	109	AKBULAK Esra	TUR	MIRTADJIEVA Iroda	UZB	PTF	2:0
turkish-open-2025	Senior Women +73kg	R16	110	WILLIAMS Lauren	GBR	ERDOGAN Nisa	TUR	PTF	2:0
turkish-open-2025	Senior Women +73kg	R16	302	MATIC Magdalena	CRO	TEPE Merve	TUR	PTF	2:0
turkish-open-2025	Senior Women +73kg	R16	303	KAVUKCUOGLU Zehra begum	TUR	ZARE Bahar asghar	ALB	PTF	2:0
turkish-open-2025	Senior Women +73kg	R16	304	ARSLAN dilara	TUR	TATAR Hacer	TUR	WDR	1:0
turkish-open-2025	Senior Women +73kg	R16	305	KUS AYDIN Nafia	TUR	TKEBAEVA Meruert	KAZ	DSQ	
turkish-open-2025	Senior Women +73kg	QF	115	LAURIN Althea	FRA	SAGLIK Ayselnur	TUR	PTF	2:0
turkish-open-2025	Senior Women +73kg	QF	116	WILLIAMS Lauren	GBR	AKBULAK Esra	TUR	PTF	2:0
turkish-open-2025	Senior Women +73kg	QF	624	KAVUKCUOGLU Zehra begum	TUR	MATIC Magdalena	CRO	PTF	2:0
turkish-open-2025	Senior Women +73kg	QF	630	KUS AYDIN Nafia	TUR	ARSLAN dilara	TUR	PTF	2:0
turkish-open-2025	Senior Women +73kg	SF	119	LAURIN Althea	FRA	WILLIAMS Lauren	GBR	PTF	2:0
turkish-open-2025	Senior Women +73kg	SF	121	KUS AYDIN Nafia	TUR	KAVUKCUOGLU Zehra begum	TUR	PTF	2:0
turkish-open-2025	Senior Women +73kg	F	137	LAURIN Althea	FRA	KUS AYDIN Nafia	TUR	PTF	2:1
slovenia-open-2025	Senior Men -54kg	R16	401	IVKOVIC Relja	SRB	MIKLAVCIC Aljaz	SLO	PTF	2:0
slovenia-open-2025	Senior Men -54kg	R16	402	ILIC Nikola	SRB	BAILEY Thomas	GBR	PTF	2:0
slovenia-open-2025	Senior Men -54kg	R16	403	MOLJ Ozbolt	SLO	MARICIC Todor	SRB	PTF	2:0
slovenia-open-2025	Senior Men -54kg	QF	415	GEORGIEV Hristiyan	BUL	IVKOVIC Relja	SRB	PTF	2:1
slovenia-open-2025	Senior Men -54kg	QF	416	OTERO SOUSA Javier	ESP	ESCOLAR PARRA Ivan	ESP	PTF	2:1
slovenia-open-2025	Senior Men -54kg	QF	417	TURKALJ Luka	CRO	ILIC Nikola	SRB	PTF	2:0
slovenia-open-2025	Senior Men -54kg	QF	418	ALESIO CAPOLINI Mathis	FRA	MOLJ Ozbolt	SLO	PTF	2:1
slovenia-open-2025	Senior Men -54kg	SF	431	GEORGIEV Hristiyan	BUL	OTERO SOUSA Javier	ESP	PTF	2:1
slovenia-open-2025	Senior Men -54kg	SF	432	TURKALJ Luka	CRO	ALESIO CAPOLINI Mathis	FRA	PTF	2:1
slovenia-open-2025	Senior Men -54kg	F	137.1	GEORGIEV Hristiyan	BUL	TURKALJ Luka	CRO	PTF	2:0
slovenia-open-2025	Senior Men -58kg	R16	201	TRIANTAFYLLOU Dimitrios	GRE	DEVCIC Ivan	CRO	PTF	2:0
slovenia-open-2025	Senior Men -58kg	R16	202	BAHTANOVIC Hamza	BIH	JAKOVAC Vito	IRL	PTF	2:0
slovenia-open-2025	Senior Men -58kg	R16	203	VASILIC Todor	SRB	ALEXANDRU OVIDIU Miu	ROU	WDR	1:0
slovenia-open-2025	Senior Men -58kg	R16	204	SIMPARA Youssouf	MLI	NEUBAUER Michael	AUT	RSC	
slovenia-open-2025	Senior Men -58kg	R16	205	DRAZKIEWICZ Igor	POL	REALE Marco	ITA	PTF	2:0
slovenia-open-2025	Senior Men -58kg	R16	206	BENITEZ DE JESUS Norberto	PUR	THOMPSON Lennon	GBR	PTF	2:0
slovenia-open-2025	Senior Men -58kg	R16	207	MOLJ Domen	SLO	NACHEV Luboslav	BUL	PTF	2:1
slovenia-open-2025	Senior Men -58kg	QF	229	KORNEEV Lev	SRB	TRIANTAFYLLOU Dimitrios	GRE	PTF	2:0
slovenia-open-2025	Senior Men -58kg	QF	230	VASILIC Todor	SRB	BAHTANOVIC Hamza	BIH	PTF	2:0
slovenia-open-2025	Senior Men -58kg	QF	231	SIMPARA Youssouf	MLI	DRAZKIEWICZ Igor	POL	PTF	2:1
slovenia-open-2025	Senior Men -58kg	QF	232	MOLJ Domen	SLO	BENITEZ DE JESUS Norberto	PUR	PTF	2:0
slovenia-open-2025	Senior Men -58kg	SF	237	VASILIC Todor	SRB	KORNEEV Lev	SRB	PTF	2:0
slovenia-open-2025	Senior Men -58kg	SF	238	MOLJ Domen	SLO	SIMPARA Youssouf	MLI	PTF	2:1
slovenia-open-2025	Senior Men -58kg	F	241	MOLJ Domen	SLO	VASILIC Todor	SRB	PTF	2:0
slovenia-open-2025	Senior Men -63kg	R32	120.1	VLAYKOV Dimitur	BUL	MARICIC Damjan	SRB	PTF	2:1
slovenia-open-2025	Senior Men -63kg	R32	208	BELANOVIC Uros	SRB	KOVAC Mihael	BIH	PTF	2:0
slovenia-open-2025	Senior Men -63kg	R32	209	VISINSKI Patrik	CRO	MIHAJLOVIC Vuk	SRB	PTF	1:0
slovenia-open-2025	Senior Men -63kg	R32	210	LOMARTIRE Matias	ITA	LECHNOWSKI Marcin	POL	PTF	2:0
slovenia-open-2025	Senior Men -63kg	R32	211	ZEHETNER Felix	AUT	AGAPOV Dmytriy	POR	PTF	2:0
slovenia-open-2025	Senior Men -63kg	R32	212	SUSILUOTO Otto	FIN	STOJANOVIC Marko	SRB	PTF	2:0
slovenia-open-2025	Senior Men -63kg	R32	213	FLEGAR Jan	CRO	VUKOVIC Mario	MNE	PTF	2:0
slovenia-open-2025	Senior Men -63kg	R32	214	MILETIC Mateja	SRB	MATEJKA matus	SVK	PTF	2:0
slovenia-open-2025	Senior Men -63kg	R32	215	GUBALA Gergő	HUN	PARUZEK Krystof	CZE	PTF	1:0
slovenia-open-2025	Senior Men -63kg	R32	216	OGUZ Niklas kristiansen	NOR	STOJANOVIC Stefan	SRB	PTF	2:0
slovenia-open-2025	Senior Men -63kg	R32	217	TORKHANI Ibrahim ben ahmed	DEN	VUCAK Mislav	CRO	PTF	2:0
slovenia-open-2025	Senior Men -63kg	R32	218	FILIP MURESANU Raul mario	ROU	FLORIDO Eneko	ESP	PTF	2:0
slovenia-open-2025	Senior Men -63kg	R32	219	HORVATH Matej	SVK	ALSAFFOURI Tayam	AUT	PTF	2:1
slovenia-open-2025	Senior Men -63kg	R16	221	BETEL Casimir	CHA	BELANOVIC Uros	SRB	PTF	2:0
slovenia-open-2025	Senior Men -63kg	R16	222	VISINSKI Patrik	CRO	LOMARTIRE Matias	ITA	PTF	2:1
slovenia-open-2025	Senior Men -63kg	R16	223	SUSILUOTO Otto	FIN	ZEHETNER Felix	AUT	PTF	2:0
slovenia-open-2025	Senior Men -63kg	R16	224	FLEGAR Jan	CRO	MILETIC Mateja	SRB	PTF	2:0
slovenia-open-2025	Senior Men -63kg	R16	225	DONKO Ibrahim	BIH	GUBALA Gergő	HUN	PTF	2:1
slovenia-open-2025	Senior Men -63kg	R16	226	OGUZ Niklas kristiansen	NOR	TORKHANI Ibrahim ben ahmed	DEN	PTF	2:0
slovenia-open-2025	Senior Men -63kg	R16	227	FILIP MURESANU Raul mario	ROU	HORVATH Matej	SVK	PTF	2:0
slovenia-open-2025	Senior Men -63kg	R16	228	PAPIEROWSKI Dominik	POL	VLAYKOV Dimitur	BUL	PTF	2:1
slovenia-open-2025	Senior Men -63kg	QF	131.1	BETEL Casimir	CHA	VISINSKI Patrik	CRO	PTF	2:0
slovenia-open-2025	Senior Men -63kg	QF	234	FLEGAR Jan	CRO	SUSILUOTO Otto	FIN	PTF	2:0
slovenia-open-2025	Senior Men -63kg	QF	235	DONKO Ibrahim	BIH	OGUZ Niklas kristiansen	NOR	WDR	
slovenia-open-2025	Senior Men -63kg	QF	236	PAPIEROWSKI Dominik	POL	FILIP MURESANU Raul mario	ROU	RSC	1:1
slovenia-open-2025	Senior Men -63kg	SF	239	BETEL Casimir	CHA	FLEGAR Jan	CRO	PTF	2:0
slovenia-open-2025	Senior Men -63kg	SF	240	PAPIEROWSKI Dominik	POL	DONKO Ibrahim	BIH	PTF	2:1
slovenia-open-2025	Senior Men -63kg	F	243	BETEL Casimir	CHA	PAPIEROWSKI Dominik	POL	PTF	2:0
slovenia-open-2025	Senior Men -68kg	R32	501	MANDIC Milos	SRB	ZISIS Polydefkis	GRE	PTF	2:0
slovenia-open-2025	Senior Men -68kg	R32	502	BYSTROV Volodymyr	UKR	TOZON jure	SLO	PTF	2:0
slovenia-open-2025	Senior Men -68kg	R32	503	SALANOVA LISTE Adrian	ESP	TSOLAS Themistoklis	GRE	PTF	2:0
slovenia-open-2025	Senior Men -68kg	R32	504	BURUSIC Marko	SRB	MORADI Mohammad	AUT	RSC	2:0
slovenia-open-2025	Senior Men -68kg	R32	505	USCIMIUK Sebastian	POL	GOLEMAC Nikola	DEN	PTF	2:1
slovenia-open-2025	Senior Men -68kg	R32	506	JURKIC Miro	CRO	LANDA Karan	GBR	PTF	2:1
slovenia-open-2025	Senior Men -68kg	R32	507	TURKULJ Uros	SRB	WITTEK Lorenz	AUT	PTF	2:1
slovenia-open-2025	Senior Men -68kg	R32	508	KRAJISNIK Zarko	SRB	GIORDANO Riccardo	ITA	PTF	2:0
slovenia-open-2025	Senior Men -68kg	R32	509	PANAGOPOULOS Apostolos	GRE	CHRZANOWSKI Mateusz	POL	PTF	2:1
slovenia-open-2025	Senior Men -68kg	R16	518	MANDIC Milos	SRB	CREP Matija	CRO	PTF	2:0
slovenia-open-2025	Senior Men -68kg	R16	519	BYSTROV Volodymyr	UKR	SALANOVA LISTE Adrian	ESP	PTF	2:0
slovenia-open-2025	Senior Men -68kg	R16	520	ABAD EXPOSITO Iker	ESP	BURUSIC Marko	SRB	PTF	2:0
slovenia-open-2025	Senior Men -68kg	R16	521	GLASNOVIC Leon	CRO	USCIMIUK Sebastian	POL	PTF	2:0
slovenia-open-2025	Senior Men -68kg	R16	522	SPEIGHT Leo	ISL	JURKIC Miro	CRO	PTF	2:0
slovenia-open-2025	Senior Men -68kg	R16	523	TURKULJ Uros	SRB	DJONKO Muhamed	BIH	PTF	2:1
slovenia-open-2025	Senior Men -68kg	R16	524	KRAJISNIK Zarko	SRB	AL GHOTANY Yahya	TRT	PTF	2:0
slovenia-open-2025	Senior Men -68kg	R16	525	JOZSA Levente mark	HUN	PANAGOPOULOS Apostolos	GRE	PTF	2:0
slovenia-open-2025	Senior Men -68kg	QF	530	BYSTROV Volodymyr	UKR	MANDIC Milos	SRB	PTF	2:1
slovenia-open-2025	Senior Men -68kg	QF	531	ABAD EXPOSITO Iker	ESP	GLASNOVIC Leon	CRO	PTF	2:0
slovenia-open-2025	Senior Men -68kg	QF	532	SPEIGHT Leo	ISL	TURKULJ Uros	SRB	PTF	2:1
slovenia-open-2025	Senior Men -68kg	QF	533	KRAJISNIK Zarko	SRB	JOZSA Levente mark	HUN	WDR	
slovenia-open-2025	Senior Men -68kg	SF	536	ABAD EXPOSITO Iker	ESP	BYSTROV Volodymyr	UKR	PTF	2:1
slovenia-open-2025	Senior Men -68kg	SF	537	KRAJISNIK Zarko	SRB	SPEIGHT Leo	ISL	PTF	2:0
slovenia-open-2025	Senior Men -68kg	F	540	KRAJISNIK Zarko	SRB	ABAD EXPOSITO Iker	ESP	PTF	2:1
slovenia-open-2025	Senior Men -74kg	R32	601	KOMATINA Ognjen	MNE	KOPI Gabriel	SLO	PTF	2:0
slovenia-open-2025	Senior Men -74kg	R32	602	BABIC Jaka	SLO	LONCAR Nikola	SRB	PTF	2:1
slovenia-open-2025	Senior Men -74kg	R32	603	KLAJKO David	HUN	ĐODAN Ivan	CRO	PTF	2:0
slovenia-open-2025	Senior Men -74kg	R32	604	LILOV Krasimir	BUL	SZASZ Manyhert	ROU	PTF	2:1
slovenia-open-2025	Senior Men -74kg	R32	605	MILINKOVIC Strahinja	SRB	LENART DRASKOVIC Leon	SLO	PTF	2:0
slovenia-open-2025	Senior Men -74kg	R32	606	MORADI Erfan	TRT	MURATOVIĆ Mateo	MNE	PTF	2:0
slovenia-open-2025	Senior Men -74kg	R16	517.1	DUGAC Grga	CRO	MILINKOVIC Strahinja	SRB	PTF	2:0
slovenia-open-2025	Senior Men -74kg	R16	613	KOMATINA Ognjen	MNE	FLOUSKOUNIS Charalampos	GRE	PTF	2:1
slovenia-open-2025	Senior Men -74kg	R16	614	DOYLE Ryan	IRL	SITTEK Tomas	CZE	PTF	2:0
slovenia-open-2025	Senior Men -74kg	R16	615	HUSIC Benjamin	BIH	BABIC Jaka	SLO	PTF	2:0
slovenia-open-2025	Senior Men -74kg	R16	616	ACHAB Badr	BEL	KLAJKO David	HUN	PTF	2:1
slovenia-open-2025	Senior Men -74kg	R16	617	CUDNOCH Lukasz	POL	LILOV Krasimir	BUL	PTF	2:1
slovenia-open-2025	Senior Men -74kg	R16	619	TAKOV Stefan	SRB	LUKIC Nikola	SRB	PTF	2:0
slovenia-open-2025	Senior Men -74kg	R16	620	KORSAK Mykhailo	UKR	MORADI Erfan	TRT	PTF	2:0
slovenia-open-2025	Senior Men -74kg	QF	629	DOYLE Ryan	IRL	KOMATINA Ognjen	MNE	PTF	2:0
slovenia-open-2025	Senior Men -74kg	QF	630	ACHAB Badr	BEL	HUSIC Benjamin	BIH	PTF	2:1
slovenia-open-2025	Senior Men -74kg	QF	631	DUGAC Grga	CRO	CUDNOCH Lukasz	POL	PTF	2:0
slovenia-open-2025	Senior Men -74kg	QF	632	TAKOV Stefan	SRB	KORSAK Mykhailo	UKR	PTF	2:0
slovenia-open-2025	Senior Men -74kg	SF	637	ACHAB Badr	BEL	DOYLE Ryan	IRL	PTF	2:1
slovenia-open-2025	Senior Men -74kg	SF	638	TAKOV Stefan	SRB	DUGAC Grga	CRO	PTF	2:0
slovenia-open-2025	Senior Men -74kg	F	641	TAKOV Stefan	SRB	ACHAB Badr	BEL	PTF	2:0
slovenia-open-2025	Senior Men -80kg	R32	607	FEGATILLI Luigi	ITA	AGRISAN Stefan Gabriel	ROU	PTF	2:0
slovenia-open-2025	Senior Men -80kg	R32	608	HRGOTA Leon	CRO	OSTOJIC Nikola	SRB	PTF	2:0
slovenia-open-2025	Senior Men -80kg	R32	609	MILAN CANOVAS Juan antonio	ESP	CAPUTO Giuseppe	ITA	PTF	2:0
slovenia-open-2025	Senior Men -80kg	R32	610	NESHYBA Tomas	CZE	VAJNART Alan	CRO	PTF	2:0
slovenia-open-2025	Senior Men -80kg	R32	611	JOCHMAN Adam	CZE	SOKOLOWSKI Mikolaj	POL	PTF	2:1
slovenia-open-2025	Senior Men -80kg	R32	612	PANIC Veljko	SRB	SCAMOLLA Francesco	ITA	PTF	2:0
slovenia-open-2025	Senior Men -80kg	R16	520.1	KOVACIC Oscar	CRO	FEGATILLI Luigi	ITA	PTF	2:1
slovenia-open-2025	Senior Men -80kg	R16	622	FERNANDEZ GARCIA Mikel	ESP	DZHORDZHEV Mitko	BUL	PTF	2:0
slovenia-open-2025	Senior Men -80kg	R16	623	HRGOTA Leon	CRO	PAPADOPOULOS Ioannis	GRE	PTF	2:0
slovenia-open-2025	Senior Men -80kg	R16	624	MILAN CANOVAS Juan antonio	ESP	NIKOLIC Matej	CRO	PTF	2:0
slovenia-open-2025	Senior Men -80kg	R16	625	NESHYBA Tomas	CZE	GONZALEZ Alejandro	PUR	PTF	2:1
slovenia-open-2025	Senior Men -80kg	R16	626	ODINAEV Rustam	SRB	JOCHMAN Adam	CZE	PTF	2:0
slovenia-open-2025	Senior Men -80kg	R16	627	KOVAC Ante	CRO	CRISTESCU Mihai adrian	ROU	PTF	2:0
slovenia-open-2025	Senior Men -80kg	R16	628	SZADKOWSKI Michal	POL	PANIC Veljko	SRB	PTF	2:0
slovenia-open-2025	Senior Men -80kg	QF	633	KOVACIC Oscar	CRO	FERNANDEZ GARCIA Mikel	ESP	PTF	2:1
slovenia-open-2025	Senior Men -80kg	QF	634	MILAN CANOVAS Juan antonio	ESP	HRGOTA Leon	CRO	PTF	2:0
slovenia-open-2025	Senior Men -80kg	QF	635	ODINAEV Rustam	SRB	NESHYBA Tomas	CZE	PTF	2:0
slovenia-open-2025	Senior Men -80kg	QF	636	KOVAC Ante	CRO	SZADKOWSKI Michal	POL	PTF	2:0
slovenia-open-2025	Senior Men -80kg	SF	639	KOVACIC Oscar	CRO	MILAN CANOVAS Juan antonio	ESP	PTF	2:0
slovenia-open-2025	Senior Men -80kg	SF	640	KOVAC Ante	CRO	ODINAEV Rustam	SRB	PTF	2:1
slovenia-open-2025	Senior Men -80kg	F	643	KOVACIC Oscar	CRO	KOVAC Ante	CRO	PTF	2:0
slovenia-open-2025	Senior Men -87kg	R16	301	KRPAN Vito	CRO	GOLUBOVIC Milos	SRB	RSC	
slovenia-open-2025	Senior Men -87kg	R16	302	JABLONSKI Zbigniew	POL	BRANTUŠA Roko	CRO	PTF	2:0
slovenia-open-2025	Senior Men -87kg	R16	303	RADAKOVIĆ Ognjen	SRB	GREUE Marvin	GER	PTF	2:0
slovenia-open-2025	Senior Men -87kg	QF	327	KRPAN Vito	CRO	NUCI Erol	BIH	PTF	2:0
slovenia-open-2025	Senior Men -87kg	QF	328	BAILEY Kelen	HUN	OBERHOFER Alexander	ITA	PTF	2:0
slovenia-open-2025	Senior Men -87kg	QF	329	JABLONSKI Zbigniew	POL	AJDUKOVIC Dimitrije	SRB	PTF	2:0
slovenia-open-2025	Senior Men -87kg	QF	330	SNACOV Laurentiu	ROU	RADAKOVIĆ Ognjen	SRB	PTF	2:0
slovenia-open-2025	Senior Men -87kg	SF	337	BAILEY Kelen	HUN	KRPAN Vito	CRO	WDR	1:0
slovenia-open-2025	Senior Men -87kg	SF	338	JABLONSKI Zbigniew	POL	SNACOV Laurentiu	ROU	PTF	2:0
slovenia-open-2025	Senior Men -87kg	F	342	BAILEY Kelen	HUN	JABLONSKI Zbigniew	POL	PTF	2:1
slovenia-open-2025	Senior Men +87kg	SF	132	DIVKOVIC Patrik	SLO	MANEA Robert	ROU	PTF	2:0
slovenia-open-2025	Senior Men +87kg	SF	133	TRAJKOVIC Ivan konrad	SLO	SAIDI Isa	AUT	PTF	2:0
slovenia-open-2025	Senior Men +87kg	F	138	DIVKOVIC Patrik	SLO	TRAJKOVIC Ivan konrad	SLO	WDR	
slovenia-open-2025	Senior Women -46kg	R16	404	GEORGIOU Melina	GRE	KAMINSKA Michaela	SVK	PTF	2:0
slovenia-open-2025	Senior Women -46kg	QF	419	MAKAS Dzejla	BIH	GEORGIOU Melina	GRE	PTF	2:0
slovenia-open-2025	Senior Women -46kg	QF	420	TAMMILA Ida-elina	FIN	BRAJOVIC Iva	SRB	PTF	2:0
slovenia-open-2025	Senior Women -46kg	QF	421	BERTAGNIN Elisa	ITA	BUSUIOC Ingrid Gabriela	ROU	PTF	2:0
slovenia-open-2025	Senior Women -46kg	QF	422	BARROSO Kiara	POR	PRPIC Sara	CRO	PTF	2:1
slovenia-open-2025	Senior Women -46kg	SF	433	MAKAS Dzejla	BIH	TAMMILA Ida-elina	FIN	PTF	2:0
slovenia-open-2025	Senior Women -46kg	SF	434	BERTAGNIN Elisa	ITA	BARROSO Kiara	POR	PTF	2:0
slovenia-open-2025	Senior Women -46kg	F	440	MAKAS Dzejla	BIH	BERTAGNIN Elisa	ITA	PTF	2:0
slovenia-open-2025	Senior Women -49kg	R16	405	ZAMPETTI Sofia	ITA	SALOMEAH KNEZOVIĆ Francis	CRO	PTF	2:0
slovenia-open-2025	Senior Women -49kg	R16	406	GEORGIEVA Aleksandra	BUL	BUKVIĆ Mia	CRO	PTF	2:0
slovenia-open-2025	Senior Women -49kg	R16	407	MILIC Milica	SRB	TOTH Elizabet laura	HUN	PTF	2:0
slovenia-open-2025	Senior Women -49kg	R16	408	SARGANTANI Charikleia	GRE	BRYHIDA Erika	UKR	PTF	2:0
slovenia-open-2025	Senior Women -49kg	R16	409	NESHER Yarden	ISR	RAMO Jenna	FIN	PTF	2:0
slovenia-open-2025	Senior Women -49kg	R16	410	STURARI Alessia	ITA	KRAJIC Teodora	AUT	PTF	2:0
slovenia-open-2025	Senior Women -49kg	R16	411	DAN (DANSHYNA) Oleksandra	ISR	BUCAR Tara	CRO	PTF	2:0
slovenia-open-2025	Senior Women -49kg	QF	423	ZAMPETTI Sofia	ITA	BAJAN Mihaela nicoleta claudia	ROU	PTF	2:0
slovenia-open-2025	Senior Women -49kg	QF	424	MILIC Milica	SRB	GEORGIEVA Aleksandra	BUL	PTF	2:0
slovenia-open-2025	Senior Women -49kg	QF	425	NESHER Yarden	ISR	SARGANTANI Charikleia	GRE	PTF	2:0
slovenia-open-2025	Senior Women -49kg	QF	426	DAN (DANSHYNA) Oleksandra	ISR	STURARI Alessia	ITA	PTF	2:1
slovenia-open-2025	Senior Women -49kg	SF	435	MILIC Milica	SRB	ZAMPETTI Sofia	ITA	PTF	2:0
slovenia-open-2025	Senior Women -49kg	SF	436	DAN (DANSHYNA) Oleksandra	ISR	NESHER Yarden	ISR	PTF	2:0
slovenia-open-2025	Senior Women -49kg	F	441	DAN (DANSHYNA) Oleksandra	ISR	MILIC Milica	SRB	PTF	2:1
slovenia-open-2025	Senior Women -53kg	R16	101	AVDAGIC Ada	BIH	PERNISCHOVA Simona	SVK	PTF	2:0
slovenia-open-2025	Senior Women -53kg	R16	102	BURUIANA Andreea	ROU	GONCALVES Lara	POR	PTF	2:1
slovenia-open-2025	Senior Women -53kg	R16	103	KIOSKEROGLOU Maria	GRE	KOPCSIK Laura	HUN	PTF	2:0
slovenia-open-2025	Senior Women -53kg	R16	104	BOKAN Andrea	SRB	KARIMI Nuria	SLO	PTF	2:0
slovenia-open-2025	Senior Women -53kg	R16	105	STANKOVIC Vanja	SRB	IOANNOU Antonia	GRE	PTF	2:0
slovenia-open-2025	Senior Women -53kg	R16	106	MARINIC Tara	CRO	VIGDOR Ariel	ISR	PTF	2:0
slovenia-open-2025	Senior Women -53kg	R16	107	STOJANOVIC Nina	SRB	LAZIC Katharina	AUT	PTF	2:0
slovenia-open-2025	Senior Women -53kg	R16	108	HRONOVA Dominika	CZE	BONALS ANARTE Laura	ESP	PTF	2:0
slovenia-open-2025	Senior Women -53kg	QF	124	AVDAGIC Ada	BIH	BURUIANA Andreea	ROU	PTF	2:0
slovenia-open-2025	Senior Women -53kg	QF	125	BOKAN Andrea	SRB	KIOSKEROGLOU Maria	GRE	PTF	2:0
slovenia-open-2025	Senior Women -53kg	QF	126	STANKOVIC Vanja	SRB	MARINIC Tara	CRO	PTF	2:1
slovenia-open-2025	Senior Women -53kg	QF	127	HRONOVA Dominika	CZE	STOJANOVIC Nina	SRB	PTF	2:0
slovenia-open-2025	Senior Women -53kg	SF	134	BOKAN Andrea	SRB	AVDAGIC Ada	BIH	PTF	2:1
slovenia-open-2025	Senior Women -53kg	SF	135	STANKOVIC Vanja	SRB	HRONOVA Dominika	CZE	PTF	2:0
slovenia-open-2025	Senior Women -53kg	F	139	BOKAN Andrea	SRB	STANKOVIC Vanja	SRB	PTF	2:1
slovenia-open-2025	Senior Women -57kg	R32	304	TORRES TENA Elena	ESP	KRAISNIK Ivana	BIH	PTF	2:0
slovenia-open-2025	Senior Women -57kg	R32	305	MILIC Nikolina	SRB	RAVASKA Inka	FIN	PTF	2:0
slovenia-open-2025	Senior Women -57kg	R32	306	MAKRYGIANNI Athina	GRE	KUKIC Iva	SRB	PTF	2:0
slovenia-open-2025	Senior Women -57kg	R32	307	BECKSTEIN Vanessa	GER	RADAK Teodora	SRB	PTF	2:1
slovenia-open-2025	Senior Women -57kg	R32	308	GUAITA Greta	ITA	LILOVA Elena	BUL	PTF	2:1
slovenia-open-2025	Senior Women -57kg	R32	309	MARIC Ela	SRB	COMAN Gabriela bianca	ROU	PTF	2:0
slovenia-open-2025	Senior Women -57kg	R32	310	MAROUFIDOU Georgia	GER	KESIC Helena	BIH	PTF	2:0
slovenia-open-2025	Senior Women -57kg	R32	311	MUSICKI Jovana	SRB	BANGURA Aisha	GER	PTF	2:0
slovenia-open-2025	Senior Women -57kg	R32	312	AJDUKOVIC Vesna	SRB	BULJUBASIC Alma	AUT	PTF	2:0
slovenia-open-2025	Senior Women -57kg	R32	313	TSALLOU Athanasia	GRE	PRICOLO Marina	ITA	PTF	2:0
slovenia-open-2025	Senior Women -57kg	R32	314	STAMENKOVIC Teodora	SRB	TASIC petra	SRB	PTF	2:0
slovenia-open-2025	Senior Women -57kg	R16	117.1	MAKRYGIANNI Athina	GRE	MILIC Nikolina	SRB	PTF	2:1
slovenia-open-2025	Senior Women -57kg	R16	315	VUKIC Margarita	CRO	TORRES TENA Elena	ESP	PTF	2:0
slovenia-open-2025	Senior Women -57kg	R16	317	BECKSTEIN Vanessa	GER	KRAJEWSKA Agnieszka	POL	PTF	2:1
slovenia-open-2025	Senior Women -57kg	R16	318	HAMZIC Dzejna	BIH	GUAITA Greta	ITA	PTF	2:0
slovenia-open-2025	Senior Women -57kg	R16	319	MARIC Ela	SRB	WOLF Jessica	GER	PTF	2:0
slovenia-open-2025	Senior Women -57kg	R16	320	MUSICKI Jovana	SRB	MAROUFIDOU Georgia	GER	PTF	2:0
slovenia-open-2025	Senior Women -57kg	R16	321	AJDUKOVIC Vesna	SRB	TSALLOU Athanasia	GRE	PTF	2:0
slovenia-open-2025	Senior Women -57kg	R16	322	PATAKFALVY Luca	HUN	STAMENKOVIC Teodora	SRB	PTF	2:0
slovenia-open-2025	Senior Women -57kg	QF	331	VUKIC Margarita	CRO	MAKRYGIANNI Athina	GRE	PTF	2:1
slovenia-open-2025	Senior Women -57kg	QF	332	BECKSTEIN Vanessa	GER	HAMZIC Dzejna	BIH	PTF	2:0
slovenia-open-2025	Senior Women -57kg	QF	333	MARIC Ela	SRB	MUSICKI Jovana	SRB	PTF	2:0
slovenia-open-2025	Senior Women -57kg	QF	334	PATAKFALVY Luca	HUN	AJDUKOVIC Vesna	SRB	PTF	2:0
slovenia-open-2025	Senior Women -57kg	SF	339	VUKIC Margarita	CRO	BECKSTEIN Vanessa	GER	PTF	2:1
slovenia-open-2025	Senior Women -57kg	SF	340	MARIC Ela	SRB	PATAKFALVY Luca	HUN	PTF	2:0
slovenia-open-2025	Senior Women -57kg	F	343	MARIC Ela	SRB	VUKIC Margarita	CRO	PTF	2:0
slovenia-open-2025	Senior Women -62kg	R32	109	BUGARINOVIC Ema	CRO	SARE andjela	SRB	PTF	2:0
slovenia-open-2025	Senior Women -62kg	R32	110	CALVARA Greta	ITA	POZNANOVIC Marija	SRB	PTF	2:0
slovenia-open-2025	Senior Women -62kg	R32	111	ORLOVIC Marija	BIH	STANKOVIC Milica	SRB	PTF	2:0
slovenia-open-2025	Senior Women -62kg	R32	112	STEFANOVIC Tamara	SRB	JAKOVAC Kira	IRL	PTF	2:0
slovenia-open-2025	Senior Women -62kg	R32	113	DINKOVIC Lena	CRO	SEVO Tamara	SRB	PTF	2:1
slovenia-open-2025	Senior Women -62kg	R32	114	SAVKOVIC Nadja	SRB	MIRKOVIC Alida	AUT	PTF	2:0
slovenia-open-2025	Senior Women -62kg	R32	115	SECANELL CHARLES Elsa	ESP	STAMENKOVIC Jelena	SRB	PTF	2:0
slovenia-open-2025	Senior Women -62kg	R16	116	BUGARINOVIC Ema	CRO	KOMATINA Andrea	MNE	PTF	2:0
slovenia-open-2025	Senior Women -62kg	R16	117	FLEGROVA Hana	CZE	TRAVERSI Valentina	ITA	PTF	2:0
slovenia-open-2025	Senior Women -62kg	R16	118	MESTROVIC Dora	CRO	CALVARA Greta	ITA	PTF	2:0
slovenia-open-2025	Senior Women -62kg	R16	119	ORLOVIC Marija	BIH	GRETARSDOTTIR Ingibjorg	ISL	PTF	2:1
slovenia-open-2025	Senior Women -62kg	R16	120	ARELIC Ivana	CRO	STEFANOVIC Tamara	SRB	PTF	2:0
slovenia-open-2025	Senior Women -62kg	R16	121	STOLBOVA Petra	CZE	DINKOVIC Lena	CRO	PTF	2:0
slovenia-open-2025	Senior Women -62kg	R16	122	SAVKOVIC Nadja	SRB	MANGEN Lennie	LUX	PTF	2:0
slovenia-open-2025	Senior Women -62kg	R16	123	SECANELL CHARLES Elsa	ESP	KICEMA Helena	CRO	PTF	2:0
slovenia-open-2025	Senior Women -62kg	QF	128	BUGARINOVIC Ema	CRO	FLEGROVA Hana	CZE	PTF	2:1
slovenia-open-2025	Senior Women -62kg	QF	129	MESTROVIC Dora	CRO	ORLOVIC Marija	BIH	PTF	2:0
slovenia-open-2025	Senior Women -62kg	QF	130	ARELIC Ivana	CRO	STOLBOVA Petra	CZE	PTF	2:0
slovenia-open-2025	Senior Women -62kg	QF	131	SECANELL CHARLES Elsa	ESP	SAVKOVIC Nadja	SRB	PTF	2:0
slovenia-open-2025	Senior Women -62kg	SF	136	MESTROVIC Dora	CRO	BUGARINOVIC Ema	CRO	WDR	
slovenia-open-2025	Senior Women -62kg	SF	137	ARELIC Ivana	CRO	SECANELL CHARLES Elsa	ESP	PTF	2:1
slovenia-open-2025	Senior Women -62kg	F	140	MESTROVIC Dora	CRO	ARELIC Ivana	CRO	PTF	2:1
slovenia-open-2025	Senior Women -67kg	R16	412	HODZIC Nihada	BIH	MAGDIC Matea	CRO	PTF	2:0
slovenia-open-2025	Senior Women -67kg	R16	413	MAGGIORE Giulia	ITA	HACKSTEINER Sandra	AUT	PTF	2:0
slovenia-open-2025	Senior Women -67kg	R16	414	MEHMEDOVIC Nadina	BIH	NIKOLIC Tijana	SRB	PTF	2:0
slovenia-open-2025	Senior Women -67kg	QF	427	PERISIC Aleksandra	SRB	HODZIC Nihada	BIH	PTF	2:0
slovenia-open-2025	Senior Women -67kg	QF	428	KLEPAC Nika	CRO	KOWALKOWSKA Justyna	POL	PTF	2:1
slovenia-open-2025	Senior Women -67kg	QF	429	POLE Doris	CRO	MAGGIORE Giulia	ITA	PTF	2:0
slovenia-open-2025	Senior Women -67kg	QF	430	ANYANACHO Elizabeth oluchi	NGR	MEHMEDOVIC Nadina	BIH	PTF	2:0
slovenia-open-2025	Senior Women -67kg	SF	437	PERISIC Aleksandra	SRB	KLEPAC Nika	CRO	PTF	2:0
slovenia-open-2025	Senior Women -67kg	SF	438	ANYANACHO Elizabeth oluchi	NGR	POLE Doris	CRO	PTF	2:0
slovenia-open-2025	Senior Women -67kg	F	442	PERISIC Aleksandra	SRB	ANYANACHO Elizabeth oluchi	NGR	PTF	2:0
slovenia-open-2025	Senior Women -73kg	R16	510	CHAARI Sarah	BEL	FERNANDEZ Julia	ESP	PTF	2:0
slovenia-open-2025	Senior Women -73kg	R16	511	KOLOVRAT Matea	CRO	SAKKA Charikleia	GRE	PTF	2:1
slovenia-open-2025	Senior Women -73kg	R16	512	KRSTINIC Anja	CRO	PRZYBYSZ Weronika	POL	PTF	2:0
slovenia-open-2025	Senior Women -73kg	R16	513	BOZANIC Nadica	SRB	VELAGIĆ JEREB Žana	SLO	PTF	2:0
slovenia-open-2025	Senior Women -73kg	R16	514	OSSIN Kimi laurene	CIV	PETROVIC Iva	SRB	PTF	2:0
slovenia-open-2025	Senior Women -73kg	R16	515	MASTELIC Mila	CRO	RUDOLF Nika	SLO	PTF	2:0
slovenia-open-2025	Senior Women -73kg	R16	516	OREC Ariana	CRO	NOWAK Julia	POL	PTF	2:0
slovenia-open-2025	Senior Women -73kg	R16	517	JUHASZOVA Iveta	CZE	SCHMIDT Lisa	GER	PTF	2:0
slovenia-open-2025	Senior Women -73kg	QF	526	CHAARI Sarah	BEL	KOLOVRAT Matea	CRO	PTF	2:0
slovenia-open-2025	Senior Women -73kg	QF	527	BOZANIC Nadica	SRB	KRSTINIC Anja	CRO	PTF	2:0
slovenia-open-2025	Senior Women -73kg	QF	528	MASTELIC Mila	CRO	OSSIN Kimi laurene	CIV	PTF	2:1
slovenia-open-2025	Senior Women -73kg	QF	529	OREC Ariana	CRO	JUHASZOVA Iveta	CZE	PTF	2:0
slovenia-open-2025	Senior Women -73kg	SF	534	CHAARI Sarah	BEL	BOZANIC Nadica	SRB	PTF	2:0
slovenia-open-2025	Senior Women -73kg	SF	535	OREC Ariana	CRO	MASTELIC Mila	CRO	PTF	2:0
slovenia-open-2025	Senior Women -73kg	F	538	CHAARI Sarah	BEL	OREC Ariana	CRO	PTF	2:0
slovenia-open-2025	Senior Women +73kg	QF	323	MATIC Magdalena	CRO	SEVIC Andela	SRB	PTF	2:0
slovenia-open-2025	Senior Women +73kg	QF	324	URNAUT Nusa	SLO	HRVAT Amina	BIH	PTF	2:1
slovenia-open-2025	Senior Women +73kg	QF	325	TESIC Nadja	SRB	KRIZANAC Ruzica	BIH	PTF	2:0
slovenia-open-2025	Senior Women +73kg	QF	326	HAREMZA Dagmara	POL	PARCINA Mariela	CRO	PTF	2:0
slovenia-open-2025	Senior Women +73kg	SF	335	MATIC Magdalena	CRO	URNAUT Nusa	SLO	WDR	
slovenia-open-2025	Senior Women +73kg	SF	336	TESIC Nadja	SRB	HAREMZA Dagmara	POL	PTF	2:0
slovenia-open-2025	Senior Women +73kg	F	341	MATIC Magdalena	CRO	TESIC Nadja	SRB	PTF	2:0
bulgaria-open-2025	Senior Men -54kg	R32	501	YENSEGENOV Yerkebulan	KAZ	CURVELO Johan	VEN	PTF	2:0
bulgaria-open-2025	Senior Men -54kg	R32	502	DUISENBEK Aziret	KAZ	KAMKASOUMPHOU Aissa	FRA	PTF	2:0
bulgaria-open-2025	Senior Men -54kg	R32	503	QALA Abdulmajeed mohammed t	KSA	TSERTSVADZE Tengiz	GEO	PTF	2:1
bulgaria-open-2025	Senior Men -54kg	R16	514	YENSEGENOV Yerkebulan	KAZ	GEORGIEV Hristiyan	BUL	PTF	2:1
bulgaria-open-2025	Senior Men -54kg	R16	515	PSARROS Aristeidis nikolaos	GRE	PANG Keston	SGP	PTF	2:0
bulgaria-open-2025	Senior Men -54kg	R16	516	KADIRKULOV Begzod	KAZ	HORBATIUK Artem	UKR	PTF	2:0
bulgaria-open-2025	Senior Men -54kg	R16	517	GRITSENKO Vladimir	AIN	ROUNTARIS Stylianos	GRE	PTF	2:0
bulgaria-open-2025	Senior Men -54kg	R16	518	DUISENBEK Aziret	KAZ	ILIC Nikola	SRB	RSC	1:0
bulgaria-open-2025	Senior Men -54kg	R16	519	CAZACU. Andrei	MDA	LACIN Onder	TUR	PTF	2:1
bulgaria-open-2025	Senior Men -54kg	R16	520	BALAKHNEEV Dmitriy	AIN	TRIANTAFYLLAKIS Dimitrios	GRE	PTF	2:0
bulgaria-open-2025	Senior Men -54kg	R16	521	SERIK Artur	KAZ	QALA Abdulmajeed mohammed t	KSA	PTF	2:0
bulgaria-open-2025	Senior Men -54kg	QF	530	PSARROS Aristeidis nikolaos	GRE	YENSEGENOV Yerkebulan	KAZ	PTF	2:0
bulgaria-open-2025	Senior Men -54kg	QF	531	GRITSENKO Vladimir	AIN	KADIRKULOV Begzod	KAZ	PTF	2:0
bulgaria-open-2025	Senior Men -54kg	QF	636.1	DUISENBEK Aziret	KAZ	CAZACU. Andrei	MDA	PTF	2:0
bulgaria-open-2025	Senior Men -54kg	QF	636.2	SERIK Artur	KAZ	BALAKHNEEV Dmitriy	AIN	PTF	2:1
bulgaria-open-2025	Senior Men -54kg	SF	538	PSARROS Aristeidis nikolaos	GRE	GRITSENKO Vladimir	AIN	PTF	2:0
bulgaria-open-2025	Senior Men -54kg	SF	539	DUISENBEK Aziret	KAZ	SERIK Artur	KAZ	PTF	2:0
bulgaria-open-2025	Senior Men -54kg	F	542	PSARROS Aristeidis nikolaos	GRE	DUISENBEK Aziret	KAZ	PTF	2:0
bulgaria-open-2025	Senior Men -58kg	R32	601	MELETIOU Thomas	GRE	STOEV Georgi	BUL	PTF	2:0
bulgaria-open-2025	Senior Men -58kg	R32	602	GERARDIS Georgios	GRE	FLOARES Matei	SWE	PTF	2:0
bulgaria-open-2025	Senior Men -58kg	R32	603	KLJAJIC Nikola	SRB	TOGYZBAYEV Konysbek	KAZ	PTF	2:0
bulgaria-open-2025	Senior Men -58kg	R32	604	OTEGEN Askar	KAZ	YAKIMOV Tsvetan	BUL	PTF	2:0
bulgaria-open-2025	Senior Men -58kg	R32	605	CONTRERAS DAVALOS Aaron	CHI	COLAPINTO Michele	ITA	PTF	2:0
bulgaria-open-2025	Senior Men -58kg	R32	606	NACHEV Luboslav	BUL	MALIAKAS Charilaos	GRE	RSC	1:0
bulgaria-open-2025	Senior Men -58kg	R32	607	ALEXANDRU OVIDIU Miu	ROU	YEE Liming	SGP	PTF	2:1
bulgaria-open-2025	Senior Men -58kg	R16	615	TLEULES Tamirlan	KAZ	MELETIOU Thomas	GRE	RSC	1:0
bulgaria-open-2025	Senior Men -58kg	R16	616	ORALKHANOV Bektore	KAZ	DOLGIYEV Akramat	KAZ	PTF	2:0
bulgaria-open-2025	Senior Men -58kg	R16	617	GUSEINOV Damir	AIN	GERARDIS Georgios	GRE	PTF	2:0
bulgaria-open-2025	Senior Men -58kg	R16	618	KLJAJIC Nikola	SRB	BITSUEV Kantemir	AIN	PTF	2:0
bulgaria-open-2025	Senior Men -58kg	R16	619	DIMITROPOULOS Konstantinos	GRE	OTEGEN Askar	KAZ	PTF	2:0
bulgaria-open-2025	Senior Men -58kg	R16	620	CONTRERAS DAVALOS Aaron	CHI	APOSTOLIDIS Theofilos	GRE	PTF	2:0
bulgaria-open-2025	Senior Men -58kg	R16	621	MAIORKO Lev	AIN	NACHEV Luboslav	BUL	PTF	2:0
bulgaria-open-2025	Senior Men -58kg	R16	622	VASILIC Todor	SRB	ALEXANDRU OVIDIU Miu	ROU	PTF	2:0
bulgaria-open-2025	Senior Men -58kg	QF	631	ORALKHANOV Bektore	KAZ	TLEULES Tamirlan	KAZ	PTF	2:1
bulgaria-open-2025	Senior Men -58kg	QF	632	GUSEINOV Damir	AIN	KLJAJIC Nikola	SRB	RSC	2:0
bulgaria-open-2025	Senior Men -58kg	QF	633	DIMITROPOULOS Konstantinos	GRE	CONTRERAS DAVALOS Aaron	CHI	PTF	2:1
bulgaria-open-2025	Senior Men -58kg	QF	634	MAIORKO Lev	AIN	VASILIC Todor	SRB	PTF	2:0
bulgaria-open-2025	Senior Men -58kg	SF	639	ORALKHANOV Bektore	KAZ	GUSEINOV Damir	AIN	PTF	2:0
bulgaria-open-2025	Senior Men -58kg	SF	640	DIMITROPOULOS Konstantinos	GRE	MAIORKO Lev	AIN	PTF	2:0
bulgaria-open-2025	Senior Men -58kg	F	643	DIMITROPOULOS Konstantinos	GRE	ORALKHANOV Bektore	KAZ	RSC	
bulgaria-open-2025	Senior Men -63kg	R32	201	NESTOROVIĆ Vasilije	MNE	KUNT Ali Agah	TUR	PTF	2:0
bulgaria-open-2025	Senior Men -63kg	R32	202	ATANASOV Atanas	BUL	SPRECA Tommaso	ITA	PTF	2:0
bulgaria-open-2025	Senior Men -63kg	R32	203	DEINICHENKO Aleksandr	AIN	HUBERT Ilan	FRA	PTF	2:1
bulgaria-open-2025	Senior Men -63kg	R32	204	JULES Nathan	FRA	TZOURAS Georgios	GRE	PTF	2:0
bulgaria-open-2025	Senior Men -63kg	R32	205	OSIN Maksim	AIN	IMANTAYEV Aibek	KAZ	PTF	2:0
bulgaria-open-2025	Senior Men -63kg	R32	206	LENZO Ettore	ITA	BEJAOUI Mohamed	FRA	PTF	2:0
bulgaria-open-2025	Senior Men -63kg	R32	207	GAZEZ Nurbek	KAZ	MYLONAS Angelos	GRE	PTF	2:0
bulgaria-open-2025	Senior Men -63kg	R32	208	BAGOV Idar	AIN	KUZNIETSOV Artom	UKR	PTF	2:0
bulgaria-open-2025	Senior Men -63kg	R32	209	ISLAMOV Zhavokhirkhon	KAZ	VLAYKOV Dimitur	BUL	PTF	2:0
bulgaria-open-2025	Senior Men -63kg	R32	210	KONATE Ben younouss	CIV	FLOURIS Iosif	CYP	PTF	2:0
bulgaria-open-2025	Senior Men -63kg	R32	211	CHIN Regan guan cong	SGP	CONTINO Daniele	ITA	PTF	2:0
bulgaria-open-2025	Senior Men -63kg	R32	212	FILIP MURESANU Raul mario	ROU	TORIS Evangelos	GRE	PTF	2:1
bulgaria-open-2025	Senior Men -63kg	R32	213	KANAEV Andrei	AIN	PAPAZOGONOPOULOS Dimitrios Arist	GRE	PTF	2:0
bulgaria-open-2025	Senior Men -63kg	R32	214	SHISHKO Dmitrii	AIN	SIMEONOV Martin	BUL	PTF	2:0
bulgaria-open-2025	Senior Men -63kg	R16	223	BEGIMBETOV Amanbol	KAZ	NESTOROVIĆ Vasilije	MNE	PTF	2:0
bulgaria-open-2025	Senior Men -63kg	R16	224	DEINICHENKO Aleksandr	AIN	ATANASOV Atanas	BUL	WDR	
bulgaria-open-2025	Senior Men -63kg	R16	225	OSIN Maksim	AIN	JULES Nathan	FRA	PTF	2:1
bulgaria-open-2025	Senior Men -63kg	R16	226	GAZEZ Nurbek	KAZ	LENZO Ettore	ITA	PTF	2:0
bulgaria-open-2025	Senior Men -63kg	R16	227	BAGOV Idar	AIN	ISLAMOV Zhavokhirkhon	KAZ	PTF	2:0
bulgaria-open-2025	Senior Men -63kg	R16	228	KONATE Ben younouss	CIV	CHIN Regan guan cong	SGP	PTF	2:0
bulgaria-open-2025	Senior Men -63kg	R16	229	KANAEV Andrei	AIN	FILIP MURESANU Raul mario	ROU	PTF	2:0
bulgaria-open-2025	Senior Men -63kg	R16	230	SHISHKO Dmitrii	AIN	ALIMZHANOV Zharas	KAZ	PTF	2:0
bulgaria-open-2025	Senior Men -63kg	QF	235	BEGIMBETOV Amanbol	KAZ	DEINICHENKO Aleksandr	AIN	PTF	2:0
bulgaria-open-2025	Senior Men -63kg	QF	236	OSIN Maksim	AIN	GAZEZ Nurbek	KAZ	PTF	2:1
bulgaria-open-2025	Senior Men -63kg	QF	237	BAGOV Idar	AIN	KONATE Ben younouss	CIV	PTF	2:0
bulgaria-open-2025	Senior Men -63kg	QF	238	SHISHKO Dmitrii	AIN	KANAEV Andrei	AIN	PTF	2:0
bulgaria-open-2025	Senior Men -63kg	SF	241	OSIN Maksim	AIN	BEGIMBETOV Amanbol	KAZ	PTF	2:0
bulgaria-open-2025	Senior Men -63kg	SF	242	BAGOV Idar	AIN	SHISHKO Dmitrii	AIN	PTF	2:0
bulgaria-open-2025	Senior Men -63kg	F	245	OSIN Maksim	AIN	BAGOV Idar	AIN	PTF	2:0
bulgaria-open-2025	Senior Men -68kg	R32	101	MAIGA Ibrahim	BUR	ROUSSEV Boyan	BUL	PTF	2:0
bulgaria-open-2025	Senior Men -68kg	R32	102	BARKOF Alexandros	GRE	CEKOV David	MKD	PTF	2:0
bulgaria-open-2025	Senior Men -68kg	R32	103	FARMAKIS Ioannis alexandros	CYP	SPRECA Andrea	ITA	PTF	2:0
bulgaria-open-2025	Senior Men -68kg	R32	104	MAGERRAMOV Dzhavid	AIN	MUKHAMETKARYMOV Anuar	KAZ	PTF	2:1
bulgaria-open-2025	Senior Men -68kg	R32	105	TURKULJ Uros	SRB	RZAGALY Rauan	KAZ	PTF	2:1
bulgaria-open-2025	Senior Men -68kg	R32	106	GIKMATOV Ilia	AIN	ZISIS Polydefkis	GRE	PTF	2:0
bulgaria-open-2025	Senior Men -68kg	R32	107	ORYNBEK Sultanbek	KAZ	THEODOSIOU Ilias	GRE	PTF	2:1
bulgaria-open-2025	Senior Men -68kg	R32	108	KRAJISNIK Zarko	SRB	NTOMPROS Ioannis	GRE	PTF	2:0
bulgaria-open-2025	Senior Men -68kg	R32	109	OLIVERO TORO Cristian	CHI	DANILOV Ilia	AIN	PTF	2:0
bulgaria-open-2025	Senior Men -68kg	R32	110	SHULENOV Damir	KAZ	ABRAMISHVILI Giorgi	GEO	PTF	2:0
bulgaria-open-2025	Senior Men -68kg	R32	111	MANDIC Milos	SRB	MORADI Mohammad	AUT	PTF	2:0
bulgaria-open-2025	Senior Men -68kg	R32	112	KASSANOV Izyat	KAZ	ANGELOV Luka	MKD	PTF	2:0
bulgaria-open-2025	Senior Men -68kg	R32	113	ARTAMONOV Mikhail	AIN	BURUSIC Marko	SRB	PTF	2:1
bulgaria-open-2025	Senior Men -68kg	R32	114	MUSSAKHAN Bexultan	KAZ	KONSTANTAS Theodoros	GRE	PTF	2:0
bulgaria-open-2025	Senior Men -68kg	R32	115	SUNDETBAY Bexultan	KAZ	THOMAS Max	ESP	PTF	2:0
bulgaria-open-2025	Senior Men -68kg	R32	116	VYKOV Amir	AIN	KANAT Bagzhan	KAZ	PTF	2:0
bulgaria-open-2025	Senior Men -68kg	R16	122	MAIGA Ibrahim	BUR	BARKOF Alexandros	GRE	PTF	2:1
bulgaria-open-2025	Senior Men -68kg	R16	123	MAGERRAMOV Dzhavid	AIN	FARMAKIS Ioannis alexandros	CYP	PTF	2:0
bulgaria-open-2025	Senior Men -68kg	R16	124	GIKMATOV Ilia	AIN	TURKULJ Uros	SRB	PTF	2:0
bulgaria-open-2025	Senior Men -68kg	R16	125	KRAJISNIK Zarko	SRB	ORYNBEK Sultanbek	KAZ	PTF	2:0
bulgaria-open-2025	Senior Men -68kg	R16	126	SHULENOV Damir	KAZ	OLIVERO TORO Cristian	CHI	PTF	2:0
bulgaria-open-2025	Senior Men -68kg	R16	127	MANDIC Milos	SRB	KASSANOV Izyat	KAZ	PTF	2:0
bulgaria-open-2025	Senior Men -68kg	R16	128	MUSSAKHAN Bexultan	KAZ	ARTAMONOV Mikhail	AIN	PTF	2:0
bulgaria-open-2025	Senior Men -68kg	R16	129	VYKOV Amir	AIN	SUNDETBAY Bexultan	KAZ	PTF	2:0
bulgaria-open-2025	Senior Men -68kg	QF	134	MAGERRAMOV Dzhavid	AIN	MAIGA Ibrahim	BUR	PTF	2:1
bulgaria-open-2025	Senior Men -68kg	QF	135	KRAJISNIK Zarko	SRB	GIKMATOV Ilia	AIN	PTF	2:0
bulgaria-open-2025	Senior Men -68kg	QF	136	SHULENOV Damir	KAZ	MANDIC Milos	SRB	PTF	2:1
bulgaria-open-2025	Senior Men -68kg	QF	137	VYKOV Amir	AIN	MUSSAKHAN Bexultan	KAZ	PTF	2:0
bulgaria-open-2025	Senior Men -68kg	SF	140	KRAJISNIK Zarko	SRB	MAGERRAMOV Dzhavid	AIN	PTF	2:0
bulgaria-open-2025	Senior Men -68kg	SF	141	VYKOV Amir	AIN	SHULENOV Damir	KAZ	PTF	2:0
bulgaria-open-2025	Senior Men -68kg	F	144	VYKOV Amir	AIN	KRAJISNIK Zarko	SRB	RSC	1:0
bulgaria-open-2025	Senior Men -74kg	R32	701	GATIIATULLIN Timur	AIN	LONCAR Nikola	SRB	PTF	2:0
bulgaria-open-2025	Senior Men -74kg	R32	702	BALAKA Artem	UKR	PANAGIOTIDIS Andronikos	GRE	PTF	2:0
bulgaria-open-2025	Senior Men -74kg	R32	703	BEKASSYL Yergesh	KAZ	AGUSHI Elion	KOS	PTF	2:0
bulgaria-open-2025	Senior Men -74kg	R32	704	STAMENOV Stefan	BUL	RASSULIULY Dinmukhanbed	KAZ	PTF	2:0
bulgaria-open-2025	Senior Men -74kg	R32	705	BLAZEVSKI Filip	MKD	SZASZ Manyhert	ROU	PTF	2:0
bulgaria-open-2025	Senior Men -74kg	R32	706	DAVIDOVIC Matija	SRB	GIALLOURAKIS Michail	GRE	PTF	2:0
bulgaria-open-2025	Senior Men -74kg	R32	707	TLEUGABYLOV Adil	KAZ	ZAMPONI Damian	ITA	PTF	2:0
bulgaria-open-2025	Senior Men -74kg	R32	708	TAKOV Stefan	SRB	YERMEKBAY Alibek	KAZ	PTF	2:0
bulgaria-open-2025	Senior Men -74kg	R32	709	AKHTAEV Muslim	AIN	LUKIC Nikola	SRB	PTF	2:0
bulgaria-open-2025	Senior Men -74kg	R32	710	GOGOBERIDZE Nika	GEO	LILOV Krasimir	BUL	PTF	2:0
bulgaria-open-2025	Senior Men -74kg	R16	714	GATIIATULLIN Timur	AIN	BECOVIC Zinedin	MNE	PTF	2:1
bulgaria-open-2025	Senior Men -74kg	R16	715	BEKASSYL Yergesh	KAZ	BALAKA Artem	UKR	PTF	2:1
bulgaria-open-2025	Senior Men -74kg	R16	716	STAMENOV Stefan	BUL	KORSAK Mykhailo	UKR	PTF	2:0
bulgaria-open-2025	Senior Men -74kg	R16	717	FLOUSKOUNIS Charalampos	GRE	BLAZEVSKI Filip	MKD	PTF	2:0
bulgaria-open-2025	Senior Men -74kg	R16	718	CHUMACHENKO Andrii	UKR	DAVIDOVIC Matija	SRB	PTF	2:0
bulgaria-open-2025	Senior Men -74kg	R16	719	DAUROV Kadyrbech	AIN	TLEUGABYLOV Adil	KAZ	PTF	2:0
bulgaria-open-2025	Senior Men -74kg	R16	720	TAKOV Stefan	SRB	AKHTAEV Muslim	AIN	PTF	2:0
bulgaria-open-2025	Senior Men -74kg	R16	721	ORYNBASSAR Maksat	KAZ	GOGOBERIDZE Nika	GEO	PTF	2:0
bulgaria-open-2025	Senior Men -74kg	QF	730	GATIIATULLIN Timur	AIN	BEKASSYL Yergesh	KAZ	PTF	2:1
bulgaria-open-2025	Senior Men -74kg	QF	731	FLOUSKOUNIS Charalampos	GRE	STAMENOV Stefan	BUL	PTF	2:0
bulgaria-open-2025	Senior Men -74kg	QF	732	DAUROV Kadyrbech	AIN	CHUMACHENKO Andrii	UKR	PTF	2:1
bulgaria-open-2025	Senior Men -74kg	QF	733	ORYNBASSAR Maksat	KAZ	TAKOV Stefan	SRB	PTF	2:0
bulgaria-open-2025	Senior Men -74kg	SF	738	FLOUSKOUNIS Charalampos	GRE	GATIIATULLIN Timur	AIN	PTF	2:1
bulgaria-open-2025	Senior Men -74kg	SF	739	ORYNBASSAR Maksat	KAZ	DAUROV Kadyrbech	AIN	PTF	2:1
bulgaria-open-2025	Senior Men -74kg	F	742	ORYNBASSAR Maksat	KAZ	FLOUSKOUNIS Charalampos	GRE	PTF	2:0
bulgaria-open-2025	Senior Men -80kg	R32	401	OMIRBEKOV Altair	KAZ	YEFIMOV Oleksandr	UKR	PTF	2:0
bulgaria-open-2025	Senior Men -80kg	R32	402	GANIYEV Mergen	KAZ	TSARANOV Nikita	AIN	PTF	2:0
bulgaria-open-2025	Senior Men -80kg	R32	403	MYTAREV Artem	AIN	MELNIKOV Artem	AIN	PTF	2:1
bulgaria-open-2025	Senior Men -80kg	R32	404	RAMAZANOV Karim	AIN	AGRISAN Stefan Gabriel	ROU	PTF	2:0
bulgaria-open-2025	Senior Men -80kg	R16	416	TOLEUGALI Batyrkhan	KAZ	OMIRBEKOV Altair	KAZ	PTF	2:0
bulgaria-open-2025	Senior Men -80kg	R16	417	DZHORDZHEV Mitko	BUL	CRISTESCU Mihai adrian	ROU	RSC	
bulgaria-open-2025	Senior Men -80kg	R16	418	KOSTENEVYCH Kostiantyn	UKR	HRGOTA Leon	CRO	PTF	2:1
bulgaria-open-2025	Senior Men -80kg	R16	419	GANIYEV Mergen	KAZ	SWEENEY Liam	AUS	PTF	2:1
bulgaria-open-2025	Senior Men -80kg	R16	420	CHURCHILL MARTINEZ Joaquin	CHI	MYTAREV Artem	AIN	PTF	2:1
bulgaria-open-2025	Senior Men -80kg	R16	421	SLEPOV Stepan	AIN	FELICITE Lawrence	FRA	PTF	2:0
bulgaria-open-2025	Senior Men -80kg	R16	422	BUDIN Vladislav	AIN	PANTAZIS Georgios	GRE	PTF	2:0
bulgaria-open-2025	Senior Men -80kg	R16	423	HURNOV Kyrylo	UKR	RAMAZANOV Karim	AIN	PTF	2:0
bulgaria-open-2025	Senior Men -80kg	QF	234.1	GANIYEV Mergen	KAZ	KOSTENEVYCH Kostiantyn	UKR	PTF	2:0
bulgaria-open-2025	Senior Men -80kg	QF	234.2	TOLEUGALI Batyrkhan	KAZ	DZHORDZHEV Mitko	BUL	WDR	
bulgaria-open-2025	Senior Men -80kg	QF	434	CHURCHILL MARTINEZ Joaquin	CHI	SLEPOV Stepan	AIN	PTF	2:1
bulgaria-open-2025	Senior Men -80kg	QF	435	HURNOV Kyrylo	UKR	BUDIN Vladislav	AIN	PTF	2:1
bulgaria-open-2025	Senior Men -80kg	SF	440	TOLEUGALI Batyrkhan	KAZ	GANIYEV Mergen	KAZ	PTF	2:0
bulgaria-open-2025	Senior Men -80kg	SF	441	CHURCHILL MARTINEZ Joaquin	CHI	HURNOV Kyrylo	UKR	PTF	2:0
bulgaria-open-2025	Senior Men -80kg	F	444	CHURCHILL MARTINEZ Joaquin	CHI	TOLEUGALI Batyrkhan	KAZ	PTF	2:1
bulgaria-open-2025	Senior Men -87kg	R16	315	KAMALOV Rafael	AIN	AJDUKOVIC Dimitrije	SRB	PTF	2:0
bulgaria-open-2025	Senior Men -87kg	R16	316	PRYAZHNIKOV Alexander	AIN	THEOCHAROUS Andreas	CYP	PTF	2:0
bulgaria-open-2025	Senior Men -87kg	QF	330	KAMALOV Rafael	AIN	HARBAR Artem	UKR	PTF	2:0
bulgaria-open-2025	Senior Men -87kg	QF	331	STOJANOVIC Stefan	SRB	SNACOV Laurentiu	ROU	PTF	2:1
bulgaria-open-2025	Senior Men -87kg	QF	332	THOLIOTIS Vasileios	GRE	NURGAZIN Meiir	KAZ	PTF	2:0
bulgaria-open-2025	Senior Men -87kg	QF	333	MYRZABAYEV Nurlan	KAZ	PRYAZHNIKOV Alexander	AIN	RSC	1:0
bulgaria-open-2025	Senior Men -87kg	SF	342	KAMALOV Rafael	AIN	STOJANOVIC Stefan	SRB	PTF	2:0
bulgaria-open-2025	Senior Men -87kg	SF	343	MYRZABAYEV Nurlan	KAZ	THOLIOTIS Vasileios	GRE	PTF	2:0
bulgaria-open-2025	Senior Men -87kg	F	145	KAMALOV Rafael	AIN	MYRZABAYEV Nurlan	KAZ	PTF	2:0
bulgaria-open-2025	Senior Men +87kg	R16	608	VAILEZOUDIS Michail	GRE	NURGAZY Bekarys	KAZ	PTF	2:0
bulgaria-open-2025	Senior Men +87kg	R16	609	LARIN Vladislav	AIN	MANEA Robert	ROU	PTF	2:0
bulgaria-open-2025	Senior Men +87kg	QF	623	AIUKAEV Rafail	AIN	VAILEZOUDIS Michail	GRE	WDR	1:0
bulgaria-open-2025	Senior Men +87kg	QF	624	HARBAR Andrii	UKR	ANDREOU Petros	CYP	PTF	2:0
bulgaria-open-2025	Senior Men +87kg	QF	625	GEORGIEVSKI Dejan	MKD	BADAROVSKI Gorjan	MKD	PTF	2:0
bulgaria-open-2025	Senior Men +87kg	QF	626	LARIN Vladislav	AIN	KABLAN Beibarys	KAZ	PTF	2:0
bulgaria-open-2025	Senior Men +87kg	SF	635	AIUKAEV Rafail	AIN	HARBAR Andrii	UKR	PTF	2:0
bulgaria-open-2025	Senior Men +87kg	SF	636	LARIN Vladislav	AIN	GEORGIEVSKI Dejan	MKD	PTF	2:0
bulgaria-open-2025	Senior Men +87kg	F	641	AIUKAEV Rafail	AIN	LARIN Vladislav	AIN	PTF	2:0
bulgaria-open-2025	Senior Women -46kg	R16	610	BEKULOVA Milana	AIN	KALZHANOVA Aruzhan	KAZ	PTF	2:0
bulgaria-open-2025	Senior Women -46kg	R16	611	KUMARTAYEVA Aidana	KAZ	OZDEMIR Serya naz	TUR	PTF	2:0
bulgaria-open-2025	Senior Women -46kg	R16	612	GEORGIOU Melina	GRE	KHUTOVA Amina	AIN	PTF	2:0
bulgaria-open-2025	Senior Women -46kg	R16	613	ANGELOVA Alisa	AIN	ROKKA Athanasia	GRE	PTF	2:0
bulgaria-open-2025	Senior Women -46kg	R16	614	ARTAMONOVA Anastasiia	AIN	OZDEMIR Sahra nur	TUR	PTF	2:0
bulgaria-open-2025	Senior Women -46kg	QF	627	BEKULOVA Milana	AIN	BRAJOVIC Iva	SRB	PTF	2:0
bulgaria-open-2025	Senior Women -46kg	QF	628	GEORGIOU Melina	GRE	KUMARTAYEVA Aidana	KAZ	PTF	2:0
bulgaria-open-2025	Senior Women -46kg	QF	629	ANGELOVA Alisa	AIN	BUSUIOC Ingrid Gabriela	ROU	PTF	2:0
bulgaria-open-2025	Senior Women -46kg	QF	630	ARTAMONOVA Anastasiia	AIN	MYTILINIOU Magdalini Maria	GRE	PTF	2:0
bulgaria-open-2025	Senior Women -46kg	SF	637	BEKULOVA Milana	AIN	GEORGIOU Melina	GRE	PTF	2:1
bulgaria-open-2025	Senior Women -46kg	SF	638	ANGELOVA Alisa	AIN	ARTAMONOVA Anastasiia	AIN	RSC	2:0
bulgaria-open-2025	Senior Women -46kg	F	642	ANGELOVA Alisa	AIN	BEKULOVA Milana	AIN	PTF	2:0
bulgaria-open-2025	Senior Women -49kg	R32	711	GURBUZ Hayrunnisa	TUR	HOCKEY Maisie	GBR	PTF	2:0
bulgaria-open-2025	Senior Women -49kg	R32	712	SWEENEY Tiarnagh	AUS	KAPANADZE Vera	GEO	PTF	2:0
bulgaria-open-2025	Senior Women -49kg	R32	713	BAKISHEVA Rita	KAZ	SARGANTANI Charikleia	GRE	PTF	2:0
bulgaria-open-2025	Senior Women -49kg	R16	722	BAUYRZHANOVA Nuray	KAZ	GURBUZ Hayrunnisa	TUR	PTF	2:1
bulgaria-open-2025	Senior Women -49kg	R16	723	BOUROGIANNI Konstantina eleni	GRE	NAHURNA Viktoriia	UKR	PTF	2:0
bulgaria-open-2025	Senior Women -49kg	R16	724	GEORGIEVA Aleksandra	BUL	ABDIKADYR Aruzhan	KAZ	PTF	2:0
bulgaria-open-2025	Senior Women -49kg	R16	725	AKHMEDOVA Nodira	KAZ	GEORGIADOU Gesthimani	GRE	PTF	2:0
bulgaria-open-2025	Senior Women -49kg	R16	726	KAPANOVA Botakoz	KAZ	SWEENEY Tiarnagh	AUS	PTF	2:0
bulgaria-open-2025	Senior Women -49kg	R16	727	EREMINA Viktoriya	AIN	NIKOLOVA Victoria	BUL	PTF	2:0
bulgaria-open-2025	Senior Women -49kg	R16	728	ROGOZINA Irina	AIN	MEDVEDEVA Galina	AIN	PTF	2:1
bulgaria-open-2025	Senior Women -49kg	R16	729	BAKISHEVA Rita	KAZ	BAJAN Mihaela nicoleta claudia	ROU	PTF	2:0
bulgaria-open-2025	Senior Women -49kg	QF	734	BAUYRZHANOVA Nuray	KAZ	BOUROGIANNI Konstantina eleni	GRE	PTF	2:0
bulgaria-open-2025	Senior Women -49kg	QF	735	AKHMEDOVA Nodira	KAZ	GEORGIEVA Aleksandra	BUL	PTF	2:0
bulgaria-open-2025	Senior Women -49kg	QF	736	EREMINA Viktoriya	AIN	KAPANOVA Botakoz	KAZ	PTF	2:0
bulgaria-open-2025	Senior Women -49kg	QF	737	ROGOZINA Irina	AIN	BAKISHEVA Rita	KAZ	PTF	2:1
bulgaria-open-2025	Senior Women -49kg	SF	740	AKHMEDOVA Nodira	KAZ	BAUYRZHANOVA Nuray	KAZ	PTF	2:0
bulgaria-open-2025	Senior Women -49kg	SF	741	ROGOZINA Irina	AIN	EREMINA Viktoriya	AIN	WDR	
bulgaria-open-2025	Senior Women -49kg	F	744	ROGOZINA Irina	AIN	AKHMEDOVA Nodira	KAZ	PTF	2:1
bulgaria-open-2025	Senior Women -53kg	R32	504	GUSEINOVA Aziza	AIN	MARKOVIĆ Dea	CRO	PTF	2:0
bulgaria-open-2025	Senior Women -53kg	R32	505	KHOBTAR Sofiia	UKR	BURUIANA Andreea	ROU	PTF	2:0
bulgaria-open-2025	Senior Women -53kg	R32	506	PETRIDI Aimilia	CYP	DE FAZIO Ioanna	GRE	PTF	2:1
bulgaria-open-2025	Senior Women -53kg	R32	507	ARAPBAY Arailym	KAZ	KOKOSI Anastasia Nektaria	GRE	PTF	2:1
bulgaria-open-2025	Senior Women -53kg	R32	508	PAGANI Iris vasiliki	GRE	CALABRO Martina	ITA	PTF	2:1
bulgaria-open-2025	Senior Women -53kg	R32	509	IOANNOU Antonia	GRE	DRAGOVAN Dora	CRO	PTF	2:0
bulgaria-open-2025	Senior Women -53kg	R32	510	KARAJANOVA Aziza	KAZ	KYRIAKOPOULOU Aikaterini eirini	GRE	RSC	
bulgaria-open-2025	Senior Women -53kg	R32	511	KOUTROUMPI Kalliopi	GRE	MERGEMBAYEVA Perizat	KAZ	PTF	2:0
bulgaria-open-2025	Senior Women -53kg	R32	512	KARIMI Nuria	SLO	DZIRKVADZE Maia	GEO	PTF	2:0
bulgaria-open-2025	Senior Women -53kg	R32	513	KLAKALA Magdalini	GRE	ALIEVA Margarita	AIN	PTF	2:1
bulgaria-open-2025	Senior Women -53kg	R16	522	SUNDETBAY Aidana	KAZ	GUSEINOVA Aziza	AIN	PTF	2:0
bulgaria-open-2025	Senior Women -53kg	R16	523	KHOBTAR Sofiia	UKR	PETRIDI Aimilia	CYP	PTF	2:1
bulgaria-open-2025	Senior Women -53kg	R16	524	BOKAN Andrea	SRB	ARAPBAY Arailym	KAZ	PTF	2:0
bulgaria-open-2025	Senior Women -53kg	R16	525	PAGANI Iris vasiliki	GRE	STANKOVIC Vanja	SRB	PTF	2:1
bulgaria-open-2025	Senior Women -53kg	R16	526	SUBBOTINA Anastasia	AIN	IOANNOU Antonia	GRE	PTF	2:0
bulgaria-open-2025	Senior Women -53kg	R16	527	OUHADI Rabab	MON	KARAJANOVA Aziza	KAZ	PTF	2:1
bulgaria-open-2025	Senior Women -53kg	R16	528	KOUTROUMPI Kalliopi	GRE	KARIMI Nuria	SLO	PTF	2:0
bulgaria-open-2025	Senior Women -53kg	R16	529	KLAKALA Magdalini	GRE	TAN Nichelle	SGP	PTF	2:0
bulgaria-open-2025	Senior Women -53kg	QF	137.1	SUNDETBAY Aidana	KAZ	KHOBTAR Sofiia	UKR	PTF	2:0
bulgaria-open-2025	Senior Women -53kg	QF	535	BOKAN Andrea	SRB	PAGANI Iris vasiliki	GRE	PTF	2:0
bulgaria-open-2025	Senior Women -53kg	QF	536	OUHADI Rabab	MON	SUBBOTINA Anastasia	AIN	PTF	2:0
bulgaria-open-2025	Senior Women -53kg	QF	537	KOUTROUMPI Kalliopi	GRE	KLAKALA Magdalini	GRE	PTF	2:0
bulgaria-open-2025	Senior Women -53kg	SF	540	BOKAN Andrea	SRB	SUNDETBAY Aidana	KAZ	PTF	2:0
bulgaria-open-2025	Senior Women -53kg	SF	541	OUHADI Rabab	MON	KOUTROUMPI Kalliopi	GRE	PTF	2:0
bulgaria-open-2025	Senior Women -53kg	F	544	OUHADI Rabab	MON	BOKAN Andrea	SRB	PTF	2:1
bulgaria-open-2025	Senior Women -57kg	R32	405	DZARAGAZOVA Polina	AIN	LILOVA Elena	BUL	PTF	2:0
bulgaria-open-2025	Senior Women -57kg	R32	406	REPOULIA Athanasia	GRE	MILIC Nikolina	SRB	PTF	2:1
bulgaria-open-2025	Senior Women -57kg	R32	407	MAKRYGIANNI Athina	GRE	OZBEY Oyku	TUR	PTF	2:0
bulgaria-open-2025	Senior Women -57kg	R32	408	TZELI Fani	GRE	HEBBAR Nisrin	FRA	PTF	2:0
bulgaria-open-2025	Senior Women -57kg	R32	409	KANAT Almira	KAZ	SAVIJA Isidora	SRB	PTF	2:0
bulgaria-open-2025	Senior Women -57kg	R32	410	ZHAMAUBAY Aknur	KAZ	YORDANOVA Deyna	BUL	PTF	2:0
bulgaria-open-2025	Senior Women -57kg	R32	411	STAMENKOVIC Teodora	SRB	DESYLLA Ioanna - stavroula	GRE	PTF	2:1
bulgaria-open-2025	Senior Women -57kg	R32	412	CHRISTY Beth	GBR	DILER Ruya	TUR	PTF	2:0
bulgaria-open-2025	Senior Women -57kg	R32	413	ZDOR Kseniia	AIN	MUSICKI Jovana	SRB	PTF	2:0
bulgaria-open-2025	Senior Women -57kg	R32	414	EFITSENKO Sofia	AIN	TZELI Maria	GRE	RSC	
bulgaria-open-2025	Senior Women -57kg	R32	415	KAZNABEK Nuray	KAZ	BADMAEVA Dayana	AIN	PTF	2:0
bulgaria-open-2025	Senior Women -57kg	R16	424	DZARAGAZOVA Polina	AIN	SEVOSTYANOVA Mariya	KAZ	PTF	2:1
bulgaria-open-2025	Senior Women -57kg	R16	425	MAKRYGIANNI Athina	GRE	REPOULIA Athanasia	GRE	PTF	2:0
bulgaria-open-2025	Senior Women -57kg	R16	426	TZELI Fani	GRE	STUPAK Kateryna	UKR	PTF	2:0
bulgaria-open-2025	Senior Women -57kg	R16	427	KARABATIC Nika	CRO	KANAT Almira	KAZ	PTF	2:0
bulgaria-open-2025	Senior Women -57kg	R16	428	BLIZNIAKOVA Margarita	AIN	ZHAMAUBAY Aknur	KAZ	PTF	2:0
bulgaria-open-2025	Senior Women -57kg	R16	429	CHRISTY Beth	GBR	STAMENKOVIC Teodora	SRB	PTF	2:1
bulgaria-open-2025	Senior Women -57kg	R16	430	EFITSENKO Sofia	AIN	ZDOR Kseniia	AIN	PTF	2:0
bulgaria-open-2025	Senior Women -57kg	R16	431	KAZNABEK Nuray	KAZ	MERLOS Judit	ESP	PTF	2:0
bulgaria-open-2025	Senior Women -57kg	QF	436	MAKRYGIANNI Athina	GRE	DZARAGAZOVA Polina	AIN	PTF	2:0
bulgaria-open-2025	Senior Women -57kg	QF	437	KARABATIC Nika	CRO	TZELI Fani	GRE	PTF	2:0
bulgaria-open-2025	Senior Women -57kg	QF	438	BLIZNIAKOVA Margarita	AIN	CHRISTY Beth	GBR	PTF	2:1
bulgaria-open-2025	Senior Women -57kg	QF	439	KAZNABEK Nuray	KAZ	EFITSENKO Sofia	AIN	PTF	2:0
bulgaria-open-2025	Senior Women -57kg	SF	442	KARABATIC Nika	CRO	MAKRYGIANNI Athina	GRE	PTF	2:0
bulgaria-open-2025	Senior Women -57kg	SF	443	BLIZNIAKOVA Margarita	AIN	KAZNABEK Nuray	KAZ	PTF	2:0
bulgaria-open-2025	Senior Women -57kg	F	446	BLIZNIAKOVA Margarita	AIN	KARABATIC Nika	CRO	PTF	2:0
bulgaria-open-2025	Senior Women -62kg	R32	301	POETRI ISKANDAR Ingrid	SGP	COMAN Gabriela bianca	ROU	PTF	2:0
bulgaria-open-2025	Senior Women -62kg	R32	302	ADILBEKKYZY Aisha	KAZ	DARATZI Anastasia	GRE	PTF	2:0
bulgaria-open-2025	Senior Women -62kg	R32	303	TAUKENOVA Aida	KAZ	STAMENKOVIC Jelena	SRB	PTF	2:1
bulgaria-open-2025	Senior Women -62kg	R32	304	BROMBERGER Lamprini	GRE	DIAROVA Marina	GEO	PTF	2:0
bulgaria-open-2025	Senior Women -62kg	R32	305	RESANOVIC sara	SRB	ANASTASOVA Anna	UKR	PTF	2:0
bulgaria-open-2025	Senior Women -62kg	R32	306	BANNOVA Anastasiia	AIN	SIRIN Dilara	TUR	PTF	2:1
bulgaria-open-2025	Senior Women -62kg	R32	307	ALIEVA Dzhavriiat	AIN	SEVO Tamara	SRB	PTF	2:0
bulgaria-open-2025	Senior Women -62kg	R32	308	SAVKOVIC Nadja	SRB	ARENAS Camila	PER	PTF	2:1
bulgaria-open-2025	Senior Women -62kg	R32	309	KHUZINA Liliia	AIN	TUKIC Mia	CRO	PTF	2:0
bulgaria-open-2025	Senior Women -62kg	R32	310	SKVORTSOVA Kira	AIN	SARVANAKI Theopoula	GRE	RSC	1:0
bulgaria-open-2025	Senior Women -62kg	R32	311	JELIC Ivona	CRO	ABUTAY Fatikha	KAZ	PTF	2:0
bulgaria-open-2025	Senior Women -62kg	R32	312	MARASLI Zeynep Ebrar	TUR	STAMELLOU Georgia	GRE	PTF	2:1
bulgaria-open-2025	Senior Women -62kg	R32	313	POZNANOVIC Marija	SRB	DRAGANOVA Yana	BUL	PTF	2:0
bulgaria-open-2025	Senior Women -62kg	R32	314	STEFANOVIC Tamara	SRB	SJOVALL Mira	FIN	PTF	2:0
bulgaria-open-2025	Senior Women -62kg	R16	322	RELJIKJ Miljana	MKD	POETRI ISKANDAR Ingrid	SGP	PTF	2:0
bulgaria-open-2025	Senior Women -62kg	R16	323	ADILBEKKYZY Aisha	KAZ	TAUKENOVA Aida	KAZ	PTF	2:0
bulgaria-open-2025	Senior Women -62kg	R16	324	BROMBERGER Lamprini	GRE	RESANOVIC sara	SRB	PTF	2:0
bulgaria-open-2025	Senior Women -62kg	R16	325	BANNOVA Anastasiia	AIN	ALIEVA Dzhavriiat	AIN	PTF	2:0
bulgaria-open-2025	Senior Women -62kg	R16	326	KHUZINA Liliia	AIN	SAVKOVIC Nadja	SRB	PTF	2:0
bulgaria-open-2025	Senior Women -62kg	R16	327	SKVORTSOVA Kira	AIN	JELIC Ivona	CRO	PTF	2:0
bulgaria-open-2025	Senior Women -62kg	R16	328	MARASLI Zeynep Ebrar	TUR	POZNANOVIC Marija	SRB	PTF	2:0
bulgaria-open-2025	Senior Women -62kg	R16	329	AIMUKASHEVA Kamila	KAZ	STEFANOVIC Tamara	SRB	PTF	2:0
bulgaria-open-2025	Senior Women -62kg	QF	338	RELJIKJ Miljana	MKD	ADILBEKKYZY Aisha	KAZ	PTF	2:0
bulgaria-open-2025	Senior Women -62kg	QF	339	BANNOVA Anastasiia	AIN	BROMBERGER Lamprini	GRE	RSC	
bulgaria-open-2025	Senior Women -62kg	QF	340	KHUZINA Liliia	AIN	SKVORTSOVA Kira	AIN	PTF	2:0
bulgaria-open-2025	Senior Women -62kg	QF	341	AIMUKASHEVA Kamila	KAZ	MARASLI Zeynep Ebrar	TUR	PTF	2:0
bulgaria-open-2025	Senior Women -62kg	SF	346	BANNOVA Anastasiia	AIN	RELJIKJ Miljana	MKD	PTF	2:0
bulgaria-open-2025	Senior Women -62kg	SF	347	KHUZINA Liliia	AIN	AIMUKASHEVA Kamila	KAZ	PTF	2:0
bulgaria-open-2025	Senior Women -62kg	F	350	KHUZINA Liliia	AIN	BANNOVA Anastasiia	AIN	PTF	2:0
bulgaria-open-2025	Senior Women -67kg	R16	215	PERISIC Aleksandra	SRB	ZIABLITCEVA Anna	AIN	PTF	2:0
bulgaria-open-2025	Senior Women -67kg	R16	216	BERISAJ Andrea	MNE	MOTSAKOU Varvara	GRE	PTF	2:0
bulgaria-open-2025	Senior Women -67kg	R16	217	ZHELEZNOVA Viktoriia	AIN	DE BENITO GOMEZ Ines	ESP	PTF	2:0
bulgaria-open-2025	Senior Women -67kg	R16	218	KHUSSAINOVA Nuray	KAZ	KRUSH Diana	UKR	PTF	2:0
bulgaria-open-2025	Senior Women -67kg	R16	219	JELIć Matea	CRO	KUTS Uliana	UKR	PTF	2:0
bulgaria-open-2025	Senior Women -67kg	R16	220	SKAPROVSKA Valeriia	AIN	SAPARKHAN Ayazhan	KAZ	PTF	2:1
bulgaria-open-2025	Senior Women -67kg	R16	221	KRADINOVA Uliana	AIN	IVANOVA Ilina	BUL	PTF	2:0
bulgaria-open-2025	Senior Women -67kg	R16	222	MARENTAKI Styliani	GRE	CALABRESE Nancy	ITA	PTF	2:0
bulgaria-open-2025	Senior Women -67kg	QF	231	PERISIC Aleksandra	SRB	BERISAJ Andrea	MNE	PTF	2:0
bulgaria-open-2025	Senior Women -67kg	QF	232	ZHELEZNOVA Viktoriia	AIN	KHUSSAINOVA Nuray	KAZ	PTF	2:0
bulgaria-open-2025	Senior Women -67kg	QF	233	JELIć Matea	CRO	SKAPROVSKA Valeriia	AIN	PTF	2:0
bulgaria-open-2025	Senior Women -67kg	QF	234	MARENTAKI Styliani	GRE	KRADINOVA Uliana	AIN	PTF	2:0
bulgaria-open-2025	Senior Women -67kg	SF	239	PERISIC Aleksandra	SRB	ZHELEZNOVA Viktoriia	AIN	PTF	2:0
bulgaria-open-2025	Senior Women -67kg	SF	240	JELIć Matea	CRO	MARENTAKI Styliani	GRE	PTF	2:1
bulgaria-open-2025	Senior Women -67kg	F	243	PERISIC Aleksandra	SRB	JELIć Matea	CRO	PTF	2:0
bulgaria-open-2025	Senior Women -73kg	R16	317	ERSIN Yusra	TUR	MEYEUR MOUROT Elora	FRA	PTF	2:0
bulgaria-open-2025	Senior Women -73kg	R16	318	STEPANOVA Elizaveta	AIN	PODOLIAN Renata	UKR	PTF	2:0
bulgaria-open-2025	Senior Women -73kg	R16	319	MANASKYZY Dariya	KAZ	SUSNJEVIC Jovana	SRB	PTF	2:0
bulgaria-open-2025	Senior Women -73kg	R16	320	KOSMYCHEVA Anastasiia	AIN	ALBOUSTANY Carla	LBN	PTF	2:0
bulgaria-open-2025	Senior Women -73kg	R16	321	AGUIRRE Fernanda	CHI	ARISTOTELOUS Rafaella	CYP	PTF	2:1
bulgaria-open-2025	Senior Women -73kg	QF	335	STEPANOVA Elizaveta	AIN	MANASKYZY Dariya	KAZ	PTF	2:0
bulgaria-open-2025	Senior Women -73kg	QF	336	KOSMYCHEVA Anastasiia	AIN	MAKHMUTOVA Nazym	KAZ	PTF	2:0
bulgaria-open-2025	Senior Women -73kg	QF	634.1	PETROVIC Iva	SRB	ERSIN Yusra	TUR	PTF	2:0
bulgaria-open-2025	Senior Women -73kg	QF	634.2	BOZANIC Nadica	SRB	AGUIRRE Fernanda	CHI	PTF	2:0
bulgaria-open-2025	Senior Women -73kg	SF	344	STEPANOVA Elizaveta	AIN	PETROVIC Iva	SRB	PTF	2:0
bulgaria-open-2025	Senior Women -73kg	SF	345	KOSMYCHEVA Anastasiia	AIN	BOZANIC Nadica	SRB	PTF	2:0
bulgaria-open-2025	Senior Women -73kg	F	349	KOSMYCHEVA Anastasiia	AIN	STEPANOVA Elizaveta	AIN	PTF	2:1
bulgaria-open-2025	Senior Women +73kg	R16	117	KRAPIVKA Anna	AIN	KAIMOVA Evgeniya	KAZ	PTF	2:0
bulgaria-open-2025	Senior Women +73kg	R16	118	TESIC Nadja	SRB	KOSTA Dimitra	CYP	PTF	2:0
bulgaria-open-2025	Senior Women +73kg	R16	119	SHVEDKOVA Polina	AIN	VLACHOU Anastasia	GRE	PTF	2:0
bulgaria-open-2025	Senior Women +73kg	R16	120	MUSLIMOVA Linara	AIN	ZHUNUSSOVA Mereke	KAZ	RSC	
bulgaria-open-2025	Senior Women +73kg	R16	121	KUTS Mariia	UKR	CIUCHITU Ana	ITA	PTF	2:1
bulgaria-open-2025	Senior Women +73kg	QF	130	MATIC Magdalena	CRO	KRAPIVKA Anna	AIN	PTF	2:0
bulgaria-open-2025	Senior Women +73kg	QF	131	TESIC Nadja	SRB	SHVEDKOVA Polina	AIN	PTF	2:0
bulgaria-open-2025	Senior Women +73kg	QF	132	MUSLIMOVA Linara	AIN	KITSIOU Agoritsa artemia	GRE	PTF	2:0
bulgaria-open-2025	Senior Women +73kg	QF	133	KUTS Mariia	UKR	ADEBAIO Kristina	AIN	RSC	2:0
bulgaria-open-2025	Senior Women +73kg	SF	138	TESIC Nadja	SRB	MATIC Magdalena	CRO	PTF	2:0
bulgaria-open-2025	Senior Women +73kg	SF	139	MUSLIMOVA Linara	AIN	KUTS Mariia	UKR	PTF	2:0
bulgaria-open-2025	Senior Women +73kg	F	142	TESIC Nadja	SRB	MUSLIMOVA Linara	AIN	PTF	2:0
skopje-open-2025	Senior Men -54kg	R16	201	ONUS Emircan	GER	PATAN Semih	KOS	PTF	2:0
skopje-open-2025	Senior Men -54kg	R16	202	KOUKOUSOUDIS Evangelos	GER	FONTINHA Andre	POR	PTF	2:0
skopje-open-2025	Senior Men -54kg	R16	203	ELANY Agam	ISR	RICHTER Lenny rene	GER	PTF	2:0
skopje-open-2025	Senior Men -54kg	R16	204	OWEN Haddad	FRA	SABOURIMANESH MAJID Mohsen	MNE	PTF	2:1
skopje-open-2025	Senior Men -54kg	QF	218	GEORGIEV Hristiyan	BUL	ONUS Emircan	GER	PTF	2:0
skopje-open-2025	Senior Men -54kg	QF	219	GARCIA Noah	FRA	KOUKOUSOUDIS Evangelos	GER	PTF	2:0
skopje-open-2025	Senior Men -54kg	QF	220	ELANY Agam	ISR	PASHCOVSKY Tom	ISR	PTF	2:1
skopje-open-2025	Senior Men -54kg	QF	221	TURKALJ Luka	CRO	OWEN Haddad	FRA	PTF	2:0
skopje-open-2025	Senior Men -54kg	SF	230	GEORGIEV Hristiyan	BUL	GARCIA Noah	FRA	PTF	2:0
skopje-open-2025	Senior Men -54kg	SF	231	TURKALJ Luka	CRO	ELANY Agam	ISR	PTF	2:1
skopje-open-2025	Senior Men -54kg	F	236	TURKALJ Luka	CRO	GEORGIEV Hristiyan	BUL	PTF	2:1
skopje-open-2025	Senior Men -58kg	R16	205	NACHEV Luboslav	BUL	STOEV Georgi	BUL	PTF	2:0
skopje-open-2025	Senior Men -58kg	R16	206	LIKOMETI Tedi	ALB	YAKIMOV Tsvetan	BUL	PTF	2:1
skopje-open-2025	Senior Men -58kg	QF	222	GUMUS Feyyaz	GER	NACHEV Luboslav	BUL	PTF	2:0
skopje-open-2025	Senior Men -58kg	QF	223	YARLI Abdullah Omer	TUR	TRISTAN Scutaru	ROU	PTF	2:0
skopje-open-2025	Senior Men -58kg	QF	224	MEHLMANN Daniel	GER	STEIN Roi	ISR	PTF	2:0
skopje-open-2025	Senior Men -58kg	QF	225	ABDEL HALIM Khaled	GER	LIKOMETI Tedi	ALB	PTF	2:0
skopje-open-2025	Senior Men -58kg	SF	232	GUMUS Feyyaz	GER	YARLI Abdullah Omer	TUR	PTF	2:0
skopje-open-2025	Senior Men -58kg	SF	233	MEHLMANN Daniel	GER	ABDEL HALIM Khaled	GER	PTF	2:0
skopje-open-2025	Senior Men -58kg	F	237	GUMUS Feyyaz	GER	MEHLMANN Daniel	GER	PTF	2:0
skopje-open-2025	Senior Men -63kg	R32	401	PATISHI Ori	ISR	TORGEMAN Ori	ISR	PTF	2:1
skopje-open-2025	Senior Men -63kg	R32	402	NESTOROVIĆ Vasilije	MNE	ABUD Shadi	BUL	PTF	2:0
skopje-open-2025	Senior Men -63kg	R16	405	OZKAYA Imran	GER	PATISHI Ori	ISR	PTF	2:0
skopje-open-2025	Senior Men -63kg	R16	406	FUNKENDORF Vladyslav	UKR	MIHAJLOVIC Vuk	SRB	PTF	2:1
skopje-open-2025	Senior Men -63kg	R16	407	ZEHETNER Felix	AUT	MERDANAJ Ernest	ALB	PTF	2:1
skopje-open-2025	Senior Men -63kg	R16	408	CAVUSMAN Emre	GER	SIMEONOV Martin	BUL	PTF	2:0
skopje-open-2025	Senior Men -63kg	R16	409	BUBA Gledis	ALB	HEN David	ISR	PTF	2:0
skopje-open-2025	Senior Men -63kg	R16	410	FLEGAR Jan	CRO	VLAYKOV Dimitur	BUL	PTF	2:0
skopje-open-2025	Senior Men -63kg	R16	411	LOMARTIRE Matias	ITA	VISINSKI Patrik	CRO	PTF	2:0
skopje-open-2025	Senior Men -63kg	R16	412	BOURGEOIS Owen	FRA	NESTOROVIĆ Vasilije	MNE	PTF	2:1
skopje-open-2025	Senior Men -63kg	QF	422	OZKAYA Imran	GER	FUNKENDORF Vladyslav	UKR	PTF	2:0
skopje-open-2025	Senior Men -63kg	QF	423	CAVUSMAN Emre	GER	ZEHETNER Felix	AUT	PTF	2:0
skopje-open-2025	Senior Men -63kg	QF	424	FLEGAR Jan	CRO	BUBA Gledis	ALB	PTF	2:0
skopje-open-2025	Senior Men -63kg	QF	425	LOMARTIRE Matias	ITA	BOURGEOIS Owen	FRA	PTF	2:0
skopje-open-2025	Senior Men -63kg	SF	432	OZKAYA Imran	GER	CAVUSMAN Emre	GER	PTF	2:0
skopje-open-2025	Senior Men -63kg	SF	433	FLEGAR Jan	CRO	LOMARTIRE Matias	ITA	PTF	2:0
skopje-open-2025	Senior Men -63kg	F	437	OZKAYA Imran	GER	FLEGAR Jan	CRO	PTF	2:0
skopje-open-2025	Senior Men -68kg	R32	207	VUKOVIC Mario	MNE	KANTARCI Ahmet faruk	TUR	PTF	2:0
skopje-open-2025	Senior Men -68kg	R32	208	UYSAL Uygar	TUR	PITUSHI Visar	ALB	PTF	2:0
skopje-open-2025	Senior Men -68kg	R32	209	LIOTSOS Pavlos	GRE	ROUSSEV Boyan	BUL	PTF	2:0
skopje-open-2025	Senior Men -68kg	R16	210	CREP Matija	CRO	VUKOVIC Mario	MNE	RSC	1:0
skopje-open-2025	Senior Men -68kg	R16	211	BILGIN Efe	GER	JURKIC Miro	CRO	PTF	2:0
skopje-open-2025	Senior Men -68kg	R16	212	FALCO Antonio	ITA	HUSREV Victor	GER	PTF	2:0
skopje-open-2025	Senior Men -68kg	R16	213	BURUSIC Marko	SRB	ANGELOV Luka	MKD	PTF	2:0
skopje-open-2025	Senior Men -68kg	R16	214	SALANOVA LISTE Adrian	ESP	UYSAL Uygar	TUR	PTF	2:0
skopje-open-2025	Senior Men -68kg	R16	215	AVIDAN Ben	ISR	HUSSEIN Ulat	GER	PTF	2:1
skopje-open-2025	Senior Men -68kg	R16	216	CAULO Gabriele	ITA	GENZEL Eitan	ISR	PTF	2:0
skopje-open-2025	Senior Men -68kg	R16	217	GLASNOVIC Leon	CRO	LIOTSOS Pavlos	GRE	PTF	2:0
skopje-open-2025	Senior Men -68kg	QF	226	CREP Matija	CRO	BILGIN Efe	GER	PTF	2:0
skopje-open-2025	Senior Men -68kg	QF	227	FALCO Antonio	ITA	BURUSIC Marko	SRB	PTF	2:0
skopje-open-2025	Senior Men -68kg	QF	228	SALANOVA LISTE Adrian	ESP	AVIDAN Ben	ISR	PTF	2:0
skopje-open-2025	Senior Men -68kg	QF	229	CAULO Gabriele	ITA	GLASNOVIC Leon	CRO	PTF	2:0
skopje-open-2025	Senior Men -68kg	SF	234	CREP Matija	CRO	FALCO Antonio	ITA	PTF	2:0
skopje-open-2025	Senior Men -68kg	SF	235	CAULO Gabriele	ITA	SALANOVA LISTE Adrian	ESP	PTF	2:0
skopje-open-2025	Senior Men -68kg	F	238	CREP Matija	CRO	CAULO Gabriele	ITA	WDR	
skopje-open-2025	Senior Men -74kg	R32	501	GEORGIEV Victor	BUL	KOUGBLENOU Kelly	GER	PTF	2:0
skopje-open-2025	Senior Men -74kg	R32	502	BLAZEVSKI Filip	MKD	ĐODAN Ivan	CRO	PTF	2:1
skopje-open-2025	Senior Men -74kg	R32	503	OMEIRAT Mohamed	GER	LONCAR Nikola	SRB	RSC	2:0
skopje-open-2025	Senior Men -74kg	R32	504	STAMENOV Stefan	BUL	EL HAJ KHALIL Mohamad	GER	PTF	2:0
skopje-open-2025	Senior Men -74kg	R32	505	LOTT Liam	GER	GJORGJIEV Darko	MKD	PTF	2:1
skopje-open-2025	Senior Men -74kg	R32	506	SPICK Maximilian	GER	GIALLOURAKIS Michail	GRE	PTF	2:0
skopje-open-2025	Senior Men -74kg	R16	509	BECOVIC Zinedin	MNE	GEORGIEV Victor	BUL	PTF	2:0
skopje-open-2025	Senior Men -74kg	R16	510	SAHITI Mal	KOS	LUKIC Nikola	SRB	PTF	2:1
skopje-open-2025	Senior Men -74kg	R16	511	BLAZEVSKI Filip	MKD	KORSAK Mykhailo	UKR	PTF	2:1
skopje-open-2025	Senior Men -74kg	R16	512	HUSIC Benjamin	BIH	OMEIRAT Mohamed	GER	PTF	2:0
skopje-open-2025	Senior Men -74kg	R16	513	TAKOV Stefan	SRB	STAMENOV Stefan	BUL	PTF	2:1
skopje-open-2025	Senior Men -74kg	R16	514	DUGAC Grga	CRO	LOTT Liam	GER	PTF	2:0
skopje-open-2025	Senior Men -74kg	R16	515	KOMATINA Ognjen	MNE	SANTAS Kadir	TUR	PTF	2:1
skopje-open-2025	Senior Men -74kg	R16	516	GOLUBIC Marko	CRO	SPICK Maximilian	GER	PTF	2:0
skopje-open-2025	Senior Men -74kg	QF	522	SAHITI Mal	KOS	BECOVIC Zinedin	MNE	PTF	2:1
skopje-open-2025	Senior Men -74kg	QF	523	HUSIC Benjamin	BIH	BLAZEVSKI Filip	MKD	PTF	2:0
skopje-open-2025	Senior Men -74kg	QF	524	TAKOV Stefan	SRB	DUGAC Grga	CRO	PTF	2:1
skopje-open-2025	Senior Men -74kg	QF	525	GOLUBIC Marko	CRO	KOMATINA Ognjen	MNE	PTF	2:0
skopje-open-2025	Senior Men -74kg	SF	336.1	HUSIC Benjamin	BIH	SAHITI Mal	KOS	WDR	
skopje-open-2025	Senior Men -74kg	SF	532	TAKOV Stefan	SRB	GOLUBIC Marko	CRO	PTF	2:0
skopje-open-2025	Senior Men -74kg	F	340	TAKOV Stefan	SRB	HUSIC Benjamin	BIH	PTF	2:0
skopje-open-2025	Senior Men -80kg	R32	403	GUMUS Kaan	GER	GASHI Jon	KOS	PTF	2:0
skopje-open-2025	Senior Men -80kg	R32	404	HIDRI Ibrahim	ALB	COLAK Nayan can	GER	PTF	2:1
skopje-open-2025	Senior Men -80kg	R16	413	GUMUS Kaan	GER	RUIZ Ramon	ESP	PTF	2:1
skopje-open-2025	Senior Men -80kg	R16	414	FERNANDEZ GARCIA Mikel	ESP	CHARALAMBOUS Evangelos	CYP	PTF	2:0
skopje-open-2025	Senior Men -80kg	R16	415	MILAN CANOVAS Juan antonio	ESP	HISENI Luan	GER	PTF	2:0
skopje-open-2025	Senior Men -80kg	R16	416	NIKOLIC Matej	CRO	CHETOUI Mohamed tahar	GER	PTF	2:0
skopje-open-2025	Senior Men -80kg	R16	417	KOSTENEVYCH Kostiantyn	UKR	SENKURU Mehmet kaan	TUR	PTF	2:1
skopje-open-2025	Senior Men -80kg	R16	418	HOERMANN Vincent	GER	ALIPOUR Sohrab	GBR	PTF	2:0
skopje-open-2025	Senior Men -80kg	R16	419	HRGOTA Leon	CRO	DZHORDZHEV Mitko	BUL	PTF	2:0
skopje-open-2025	Senior Men -80kg	R16	420	KOVACIC Oscar	CRO	HIDRI Ibrahim	ALB	PTF	2:0
skopje-open-2025	Senior Men -80kg	QF	332.1	KOVACIC Oscar	CRO	HRGOTA Leon	CRO	PTF	2:0
skopje-open-2025	Senior Men -80kg	QF	426	FERNANDEZ GARCIA Mikel	ESP	GUMUS Kaan	GER	PTF	2:0
skopje-open-2025	Senior Men -80kg	QF	427	MILAN CANOVAS Juan antonio	ESP	NIKOLIC Matej	CRO	PTF	2:0
skopje-open-2025	Senior Men -80kg	QF	428	KOSTENEVYCH Kostiantyn	UKR	HOERMANN Vincent	GER	PTF	2:0
skopje-open-2025	Senior Men -80kg	SF	434	FERNANDEZ GARCIA Mikel	ESP	MILAN CANOVAS Juan antonio	ESP	PTF	2:0
skopje-open-2025	Senior Men -80kg	SF	435	KOVACIC Oscar	CRO	KOSTENEVYCH Kostiantyn	UKR	PTF	2:1
skopje-open-2025	Senior Men -80kg	F	438	KOVACIC Oscar	CRO	FERNANDEZ GARCIA Mikel	ESP	PTF	2:0
skopje-open-2025	Senior Men -87kg	QF	517	BILIC PAVLINOVIC Josip	CRO	THEOCHAROUS Andreas	CYP	PTF	2:0
skopje-open-2025	Senior Men -87kg	SF	527	BILIC PAVLINOVIC Josip	CRO	JURGENS Joshua noel	GER	PTF	2:0
skopje-open-2025	Senior Men -87kg	SF	528	AJDUKOVIC Dimitrije	SRB	EMANETOGLU Huseyin berk	TUR	PTF	2:0
skopje-open-2025	Senior Men -87kg	F	534	BILIC PAVLINOVIC Josip	CRO	AJDUKOVIC Dimitrije	SRB	PTF	2:0
skopje-open-2025	Senior Men +87kg	QF	421	KUECUEKSUNGUR Kerim	GER	OUASSOU Zakariya	FRA	PTF	2:1
skopje-open-2025	Senior Men +87kg	SF	430	KUECUEKSUNGUR Kerim	GER	SAPINA Ivan	CRO	PUN	1:0
skopje-open-2025	Senior Men +87kg	SF	431	GEORGIEVSKI Dejan	MKD	BADAROVSKI Gorjan	MKD	PTF	2:0
skopje-open-2025	Senior Men +87kg	F	436	GEORGIEVSKI Dejan	MKD	KUECUEKSUNGUR Kerim	GER	PTF	2:0
skopje-open-2025	Senior Women -46kg	R16	101	KOKKINOU Konstantina	CYP	KODAMAN Helin	GER	PTF	2:1
skopje-open-2025	Senior Women -46kg	R16	102	GAYE Serrah	FRA	OZKEN Aleyna	GER	PTF	2:0
skopje-open-2025	Senior Women -46kg	R16	103	BAYECH Rivka	ISR	POURYOUNES Dina	TRT	PTF	2:1
skopje-open-2025	Senior Women -46kg	R16	104	BERTAGNIN Elisa	ITA	KAMINSKA Michaela	SVK	PTF	2:1
skopje-open-2025	Senior Women -46kg	R16	105	KARAOGLAN Medine	GER	AVIV Shaked	ISR	PTF	2:0
skopje-open-2025	Senior Women -46kg	R16	106	BRAJOVIC Iva	SRB	FRASER Vilja	SWE	PTF	2:0
skopje-open-2025	Senior Women -46kg	R16	107	BARROSO Kiara	POR	ARAYAN Nur	GER	PTF	2:1
skopje-open-2025	Senior Women -46kg	QF	120	MAKAS Dzejla	BIH	KOKKINOU Konstantina	CYP	PTF	2:0
skopje-open-2025	Senior Women -46kg	QF	121	BAYECH Rivka	ISR	GAYE Serrah	FRA	PTF	2:0
skopje-open-2025	Senior Women -46kg	QF	122	BERTAGNIN Elisa	ITA	KARAOGLAN Medine	GER	PTF	2:0
skopje-open-2025	Senior Women -46kg	QF	123	BRAJOVIC Iva	SRB	BARROSO Kiara	POR	PTF	2:1
skopje-open-2025	Senior Women -46kg	SF	132	BAYECH Rivka	ISR	MAKAS Dzejla	BIH	PTF	2:0
skopje-open-2025	Senior Women -46kg	SF	133	BRAJOVIC Iva	SRB	BERTAGNIN Elisa	ITA	PTF	2:1
skopje-open-2025	Senior Women -46kg	F	138	BRAJOVIC Iva	SRB	BAYECH Rivka	ISR	PTF	2:0
skopje-open-2025	Senior Women -49kg	R16	108	RAMO Jenna	FIN	KURT Busra nur	TUR	PTF	2:0
skopje-open-2025	Senior Women -49kg	R16	109	KAMANDI Dina	GER	BUCAR Tara	CRO	PTF	2:0
skopje-open-2025	Senior Women -49kg	QF	124	ATESLI Supharada	GER	RAMO Jenna	FIN	PTF	2:0
skopje-open-2025	Senior Women -49kg	QF	125	GEORGIEVA Aleksandra	BUL	NESHER Yarden	ISR	PTF	2:0
skopje-open-2025	Senior Women -49kg	QF	126	MAESTRO Virginia	ITA	BRYHIDA Erika	UKR	PTF	2:1
skopje-open-2025	Senior Women -49kg	QF	127	DAN (DANSHYNA) Oleksandra	ISR	KAMANDI Dina	GER	PTF	2:0
skopje-open-2025	Senior Women -49kg	SF	134	ATESLI Supharada	GER	GEORGIEVA Aleksandra	BUL	PTF	2:0
skopje-open-2025	Senior Women -49kg	SF	135	DAN (DANSHYNA) Oleksandra	ISR	MAESTRO Virginia	ITA	PTF	2:0
skopje-open-2025	Senior Women -49kg	F	139	DAN (DANSHYNA) Oleksandra	ISR	ATESLI Supharada	GER	PTF	2:0
skopje-open-2025	Senior Women -53kg	R32	110	SABZGHABAEI Sohejla	GER	IOANNOU Antonia	GRE	PTF	2:1
skopje-open-2025	Senior Women -53kg	R32	111	PERNISCHOVA Simona	SVK	GULYAS Evike	GER	PTF	2:0
skopje-open-2025	Senior Women -53kg	R16	112	AVDAGIC Ada	BIH	SABZGHABAEI Sohejla	GER	PTF	2:0
skopje-open-2025	Senior Women -53kg	R16	113	ASIMI Adiba	GER	YALDA RAZAGHI Yalda	SWE	PTF	2:0
skopje-open-2025	Senior Women -53kg	R16	114	VIGDOR Ariel	ISR	KURT Kubra	TUR	PTF	2:0
skopje-open-2025	Senior Women -53kg	R16	115	SPEHAR Lea	CRO	AYDEMIR Nurselin	GER	PTF	2:0
skopje-open-2025	Senior Women -53kg	R16	116	BONALS ANARTE Laura	ESP	SPIROSKA Mia	MKD	PTF	2:0
skopje-open-2025	Senior Women -53kg	R16	117	KOUTROUMPI Kalliopi	GRE	AYDIN KONSTANTINIDIS Ela	GER	PTF	2:0
skopje-open-2025	Senior Women -53kg	R16	118	BINENSTOCK Naama	ISR	MAYER Leonie	GER	PTF	2:1
skopje-open-2025	Senior Women -53kg	R16	119	SPASOJEVIC Sara	CRO	PERNISCHOVA Simona	SVK	PTF	2:1
skopje-open-2025	Senior Women -53kg	QF	128	ASIMI Adiba	GER	AVDAGIC Ada	BIH	PTF	2:1
skopje-open-2025	Senior Women -53kg	QF	129	SPEHAR Lea	CRO	VIGDOR Ariel	ISR	PTF	2:0
skopje-open-2025	Senior Women -53kg	QF	130	KOUTROUMPI Kalliopi	GRE	BONALS ANARTE Laura	ESP	PTF	2:0
skopje-open-2025	Senior Women -53kg	QF	131	SPASOJEVIC Sara	CRO	BINENSTOCK Naama	ISR	PTF	2:1
skopje-open-2025	Senior Women -53kg	SF	136	SPEHAR Lea	CRO	ASIMI Adiba	GER	PTF	2:0
skopje-open-2025	Senior Women -53kg	SF	338.1	KOUTROUMPI Kalliopi	GRE	SPASOJEVIC Sara	CRO	PTF	2:0
skopje-open-2025	Senior Women -53kg	F	140	KOUTROUMPI Kalliopi	GRE	SPEHAR Lea	CRO	PTF	2:0
skopje-open-2025	Senior Women -57kg	R32	301	DESYLLA Ioanna - stavroula	GRE	KARLBERG Tea	SWE	PTF	2:0
skopje-open-2025	Senior Women -57kg	R16	311	KARABATIC Nika	CRO	DESYLLA Ioanna - stavroula	GRE	PTF	2:0
skopje-open-2025	Senior Women -57kg	R16	312	EL BARICHI Manal	GER	STANKOVIC Milica	SRB	PTF	2:1
skopje-open-2025	Senior Women -57kg	R16	313	KUKIC Iva	SRB	KANBUR Sevval Melek	TUR	PTF	2:0
skopje-open-2025	Senior Women -57kg	R16	314	TUKIC Mia	CRO	AJDUKOVIC Vesna	SRB	PTF	2:0
skopje-open-2025	Senior Women -57kg	R16	315	ROVITHIS Anastasia	GER	YORDANOVA Deyna	BUL	PTF	2:0
skopje-open-2025	Senior Women -57kg	R16	316	STAMENKOVIC Teodora	SRB	GASHI Rona	KOS	PTF	2:0
skopje-open-2025	Senior Women -57kg	R16	317	RADAK Teodora	SRB	KESIC Helena	BIH	PTF	2:1
skopje-open-2025	Senior Women -57kg	R16	318	IRHAIEL Karin	ISR	VUKIC Margarita	CRO	PTF	2:0
skopje-open-2025	Senior Women -57kg	QF	327	KARABATIC Nika	CRO	EL BARICHI Manal	GER	PTF	2:0
skopje-open-2025	Senior Women -57kg	QF	328	TUKIC Mia	CRO	KUKIC Iva	SRB	PTF	2:0
skopje-open-2025	Senior Women -57kg	QF	329	ROVITHIS Anastasia	GER	STAMENKOVIC Teodora	SRB	PTF	2:0
skopje-open-2025	Senior Women -57kg	QF	330	RADAK Teodora	SRB	IRHAIEL Karin	ISR	PTF	2:0
skopje-open-2025	Senior Women -57kg	SF	335	KARABATIC Nika	CRO	TUKIC Mia	CRO	WDR	
skopje-open-2025	Senior Women -57kg	SF	336	ROVITHIS Anastasia	GER	RADAK Teodora	SRB	PTF	2:0
skopje-open-2025	Senior Women -57kg	F	339	KARABATIC Nika	CRO	ROVITHIS Anastasia	GER	PTF	2:0
skopje-open-2025	Senior Women -62kg	R16	302	ARELIC Ivana	CRO	RUCINSKI Viktoria	GER	PTF	2:1
skopje-open-2025	Senior Women -62kg	R16	303	MARASLI Zeynep Ebrar	TUR	CECCHI Linda	ITA	PTF	2:1
skopje-open-2025	Senior Women -62kg	R16	304	RELJIKJ Miljana	MKD	POZNANOVIC Marija	SRB	PTF	2:0
skopje-open-2025	Senior Women -62kg	R16	305	GOEBEL Laura	GER	MIRKOVIC Alida	AUT	PTF	2:0
skopje-open-2025	Senior Women -62kg	R16	306	VALENTINO Viviana	GER	KOMATINA Andrea	MNE	PTF	2:0
skopje-open-2025	Senior Women -62kg	R16	307	TZELI Fani	GRE	DRAGANOVA Yana	BUL	PTF	2:0
skopje-open-2025	Senior Women -62kg	R16	308	BUGARINOVIC Ema	CRO	KAROPKA Emma novelie	GER	PTF	2:0
skopje-open-2025	Senior Women -62kg	R16	309	MESTROVIC Dora	CRO	ZECIROVIC Nina	SRB	PTF	2:0
skopje-open-2025	Senior Women -62kg	QF	319	ARELIC Ivana	CRO	MARASLI Zeynep Ebrar	TUR	PTF	2:0
skopje-open-2025	Senior Women -62kg	QF	320	GOEBEL Laura	GER	RELJIKJ Miljana	MKD	PTF	2:0
skopje-open-2025	Senior Women -62kg	QF	321	VALENTINO Viviana	GER	TZELI Fani	GRE	PTF	2:0
skopje-open-2025	Senior Women -62kg	QF	322	MESTROVIC Dora	CRO	BUGARINOVIC Ema	CRO	PTF	2:0
skopje-open-2025	Senior Women -62kg	SF	331	ARELIC Ivana	CRO	GOEBEL Laura	GER	PTF	2:0
skopje-open-2025	Senior Women -62kg	SF	332	MESTROVIC Dora	CRO	VALENTINO Viviana	GER	PTF	2:0
skopje-open-2025	Senior Women -62kg	F	337	MESTROVIC Dora	CRO	ARELIC Ivana	CRO	PTF	2:0
skopje-open-2025	Senior Women -67kg	R16	310	DOKOVIC Ines	SRB	MAGDIC Matea	CRO	PTF	2:0
skopje-open-2025	Senior Women -67kg	QF	323	MARENTAKI Styliani	GRE	DOKOVIC Ines	SRB	PTF	2:1
skopje-open-2025	Senior Women -67kg	QF	324	KLEPAC Nika	CRO	HODZIC Nihada	BIH	PTF	2:0
skopje-open-2025	Senior Women -67kg	QF	325	JELIć Matea	CRO	MEHMEDOVIC Nadina	BIH	WDR	
skopje-open-2025	Senior Women -67kg	QF	326	POLE Doris	CRO	BERISAJ Andrea	MNE	PTF	2:1
skopje-open-2025	Senior Women -67kg	SF	333	KLEPAC Nika	CRO	MARENTAKI Styliani	GRE	PTF	2:1
skopje-open-2025	Senior Women -67kg	SF	334	JELIć Matea	CRO	POLE Doris	CRO	PTF	2:0
skopje-open-2025	Senior Women -67kg	F	338	KLEPAC Nika	CRO	JELIć Matea	CRO	PTF	2:0
skopje-open-2025	Senior Women -73kg	R16	507	GARCIA SUAREZ Helena	ESP	JOKIC Marija	BIH	PTF	2:0
skopje-open-2025	Senior Women -73kg	R16	508	NTOVA Eirini	GRE	KURKAC Ilayda	GER	PTF	2:1
skopje-open-2025	Senior Women -73kg	QF	518	MASTELIC Mila	CRO	GARCIA SUAREZ Helena	ESP	PTF	2:1
skopje-open-2025	Senior Women -73kg	QF	519	KETTEL Edda	GER	KAYMAZ Figen	TUR	PTF	2:0
skopje-open-2025	Senior Women -73kg	QF	520	VALLO ZURDO Ane	ESP	PETROVIC Iva	SRB	PTF	2:0
skopje-open-2025	Senior Women -73kg	QF	521	HOERMANN Emily	GER	NTOVA Eirini	GRE	PTF	2:1
skopje-open-2025	Senior Women -73kg	SF	529	MASTELIC Mila	CRO	KETTEL Edda	GER	PTF	2:0
skopje-open-2025	Senior Women -73kg	SF	530	VALLO ZURDO Ane	ESP	HOERMANN Emily	GER	PTF	2:0
skopje-open-2025	Senior Women -73kg	F	535	MASTELIC Mila	CRO	VALLO ZURDO Ane	ESP	PTF	2:1
skopje-open-2025	Senior Women +73kg	SF	526	KORKUT Kardelen	TUR	TATAR Hacer	TUR	WDR	
skopje-open-2025	Senior Women +73kg	F	533	OUASSOU Mouna	FRA	KORKUT Kardelen	TUR	WDR	
serbia-open-2025	Senior Men -54kg	R32	701	IVKOVIC Relja	SRB	MIKLAVCIC Aljaz	SLO	PTF	2:0
serbia-open-2025	Senior Men -54kg	R32	702	DAGDELEN Deniz	TUR	AYAZ Hasan	TUR	PTF	2:0
serbia-open-2025	Senior Men -54kg	R32	703	KURU Alihan	TUR	DEL RIO CARAMES Manuel	ESP	PTF	2:0
serbia-open-2025	Senior Men -54kg	R16	719	AGENJO TRIGOS Jairo	ESP	IVKOVIC Relja	SRB	PTF	2:1
serbia-open-2025	Senior Men -54kg	R16	720	CAMOGLU Furkan ubeyde	TUR	GRANDE OLIVER Hugo	ESP	PTF	2:0
serbia-open-2025	Senior Men -54kg	R16	721	UZUN Murat Semih	TUR	ZYWARSKI Filip	POL	PTF	2:1
serbia-open-2025	Senior Men -54kg	R16	722	OTERO SOUSA Javier	ESP	MOLJ Ozbolt	SLO	PTF	2:0
serbia-open-2025	Senior Men -54kg	R16	723	DAGDELEN Deniz	TUR	BALABAN Server	TUR	PTF	2:0
serbia-open-2025	Senior Men -54kg	R16	724	TAS yunus emre	TUR	HASSAN M BUHARI Muteb	KSA	PTF	2:0
serbia-open-2025	Senior Men -54kg	R16	725	AKSOY Selimhan	TUR	DELGADO HERNANDEZ David	ESP	RSC	1:0
serbia-open-2025	Senior Men -54kg	R16	726	KURU Alihan	TUR	ESCOLAR PARRA Ivan	ESP	PTF	2:1
serbia-open-2025	Senior Men -54kg	QF	735	CAMOGLU Furkan ubeyde	TUR	AGENJO TRIGOS Jairo	ESP	PTF	2:0
serbia-open-2025	Senior Men -54kg	QF	736	OTERO SOUSA Javier	ESP	UZUN Murat Semih	TUR	PTF	2:1
serbia-open-2025	Senior Men -54kg	QF	737	DAGDELEN Deniz	TUR	TAS yunus emre	TUR	PTF	2:1
serbia-open-2025	Senior Men -54kg	QF	738	KURU Alihan	TUR	AKSOY Selimhan	TUR	PTF	2:1
serbia-open-2025	Senior Men -54kg	SF	743	CAMOGLU Furkan ubeyde	TUR	OTERO SOUSA Javier	ESP	PTF	2:0
serbia-open-2025	Senior Men -54kg	SF	744	DAGDELEN Deniz	TUR	KURU Alihan	TUR	PTF	2:0
serbia-open-2025	Senior Men -54kg	F	747	CAMOGLU Furkan ubeyde	TUR	DAGDELEN Deniz	TUR	RSC	1:0
serbia-open-2025	Senior Men -58kg	R32	601	KILICKAYA Oguzhan	TUR	STRUGLINSKI Bartosz	POL	PTF	2:0
serbia-open-2025	Senior Men -58kg	R32	602	POLAT Gorkem	TUR	CIUPA Bartlomiej	POL	PTF	2:0
serbia-open-2025	Senior Men -58kg	R32	603	HAMDI Riad nasser a	KSA	ERBULUT Berke	TUR	PTF	2:1
serbia-open-2025	Senior Men -58kg	R32	604	ARILLO VAZQUEZ Hugo	ESP	ANGHEL Mario ignacio	ESP	PTF	2:0
serbia-open-2025	Senior Men -58kg	R32	605	BENITEZ DE JESUS Norberto	PUR	JOVANOVIC Nemanja	SRB	PTF	2:0
serbia-open-2025	Senior Men -58kg	R32	606	AKKOSE yagiz	TUR	TRIANTAFYLLOU Dimitrios	GRE	PTF	2:0
serbia-open-2025	Senior Men -58kg	R32	607	FOTI Giuseppe	ITA	GERARDIS Georgios	GRE	PTF	2:0
serbia-open-2025	Senior Men -58kg	R32	608	VASILIC Todor	SRB	OZDOGAN Kazim	TUR	PTF	2:0
serbia-open-2025	Senior Men -58kg	R32	609	NOWAK Lukasz	POL	HRABEC Dimitrije	SRB	PTF	2:1
serbia-open-2025	Senior Men -58kg	R32	610	DRAZKIEWICZ Igor	POL	ALEXANDRU OVIDIU Miu	ROU	PTF	2:0
serbia-open-2025	Senior Men -58kg	R32	611	CONTI Andrea	ITA	NACHEV Luboslav	BUL	PTF	2:0
serbia-open-2025	Senior Men -58kg	R16	619	BADEM Yusuf	TUR	KILICKAYA Oguzhan	TUR	PTF	2:1
serbia-open-2025	Senior Men -58kg	R16	620	POLAT Gorkem	TUR	HAMDI Riad nasser a	KSA	PTF	2:0
serbia-open-2025	Senior Men -58kg	R16	621	KORNEEV Lev	SRB	ARILLO VAZQUEZ Hugo	ESP	PTF	2:0
serbia-open-2025	Senior Men -58kg	R16	622	FRAILE RODRIGUEZ Jesus	ESP	BENITEZ DE JESUS Norberto	PUR	PTF	2:0
serbia-open-2025	Senior Men -58kg	R16	623	MOLJ Domen	SLO	AKKOSE yagiz	TUR	PTF	2:0
serbia-open-2025	Senior Men -58kg	R16	624	FOTI Giuseppe	ITA	VASILIC Todor	SRB	PTF	2:0
serbia-open-2025	Senior Men -58kg	R16	625	NOWAK Lukasz	POL	DRAZKIEWICZ Igor	POL	PTF	2:0
serbia-open-2025	Senior Men -58kg	R16	626	CONTI Andrea	ITA	KAPLAN Enes	TUR	RSC	2:0
serbia-open-2025	Senior Men -58kg	QF	635	BADEM Yusuf	TUR	POLAT Gorkem	TUR	PTF	2:1
serbia-open-2025	Senior Men -58kg	QF	636	KORNEEV Lev	SRB	FRAILE RODRIGUEZ Jesus	ESP	PTF	2:1
serbia-open-2025	Senior Men -58kg	QF	637	FOTI Giuseppe	ITA	MOLJ Domen	SLO	PTF	2:1
serbia-open-2025	Senior Men -58kg	QF	638	CONTI Andrea	ITA	NOWAK Lukasz	POL	PTF	2:0
serbia-open-2025	Senior Men -58kg	SF	447	CONTI Andrea	ITA	FOTI Giuseppe	ITA	PTF	2:1
serbia-open-2025	Senior Men -58kg	SF	643	BADEM Yusuf	TUR	KORNEEV Lev	SRB	PTF	2:1
serbia-open-2025	Senior Men -58kg	F	647	BADEM Yusuf	TUR	CONTI Andrea	ITA	PTF	2:0
serbia-open-2025	Senior Men -63kg	R32	301	HORVATH Matej	SVK	VISINSKI Patrik	CRO	PTF	2:0
serbia-open-2025	Senior Men -63kg	R32	302	RUPAR Kajetan	POL	FILIP MURESANU Raul mario	ROU	PTF	2:1
serbia-open-2025	Senior Men -63kg	R32	303	TOMAS GONZALEZ Lois	ESP	STOJANOVIC Marko	SRB	PTF	2:0
serbia-open-2025	Senior Men -63kg	R32	304	SIMEONOV Martin	BUL	MILETIC Mateja	SRB	PTF	2:0
serbia-open-2025	Senior Men -63kg	R32	305	BELANOVIC Uros	SRB	KOSE Osman Turker	TUR	PTF	2:1
serbia-open-2025	Senior Men -63kg	R32	306	CALIK Merdan	TUR	VLAYKOV Dimitur	BUL	PTF	2:0
serbia-open-2025	Senior Men -63kg	R32	307	SANTINELLI Christian	ITA	MATEJKA matus	SVK	RSC	1:0
serbia-open-2025	Senior Men -63kg	R32	308	OTER Ibrahim	TUR	IURLARO Ludovico	ITA	PTF	2:1
serbia-open-2025	Senior Men -63kg	R32	309	PAPAZOGONOPOULOS Dimitrios Arist	GRE	KUSKU ahmet	TUR	PTF	2:1
serbia-open-2025	Senior Men -63kg	R32	310	KUSKU mahmut	TUR	BATALO Aleksandar	SRB	PTF	2:0
serbia-open-2025	Senior Men -63kg	R32	311	SAFARYN Piotr	POL	HANU gleb	MDA	PTF	2:0
serbia-open-2025	Senior Men -63kg	R32	312	ZEHETNER Felix	AUT	GIANNOPOULOS Andreas	GRE	PTF	2:0
serbia-open-2025	Senior Men -63kg	R32	313	AYDOGAN Hamza osman	TUR	WILENSKI adam	POL	PTF	2:0
serbia-open-2025	Senior Men -63kg	R32	314	KAYA Emir Can	TUR	MIHAJLOVIC Vuk	SRB	PTF	2:0
serbia-open-2025	Senior Men -63kg	R32	315	PAPIEROWSKI Dominik	POL	STOJANOVIC Stefan	SRB	PTF	2:0
serbia-open-2025	Senior Men -63kg	R16	321	DAYIOGLU Omer faruk	TUR	HORVATH Matej	SVK	PTF	2:0
serbia-open-2025	Senior Men -63kg	R16	322	TOMAS GONZALEZ Lois	ESP	RUPAR Kajetan	POL	PTF	2:1
serbia-open-2025	Senior Men -63kg	R16	323	SIMEONOV Martin	BUL	BELANOVIC Uros	SRB	PTF	2:1
serbia-open-2025	Senior Men -63kg	R16	324	SANTINELLI Christian	ITA	CALIK Merdan	TUR	PTF	2:1
serbia-open-2025	Senior Men -63kg	R16	325	OTER Ibrahim	TUR	PAPAZOGONOPOULOS Dimitrios Arist	GRE	PTF	2:0
serbia-open-2025	Senior Men -63kg	R16	326	KUSKU mahmut	TUR	SAFARYN Piotr	POL	PTF	2:1
serbia-open-2025	Senior Men -63kg	R16	327	AYDOGAN Hamza osman	TUR	ZEHETNER Felix	AUT	PTF	2:0
serbia-open-2025	Senior Men -63kg	R16	328	KAYA Emir Can	TUR	PAPIEROWSKI Dominik	POL	PTF	2:0
serbia-open-2025	Senior Men -63kg	QF	140.1	DAYIOGLU Omer faruk	TUR	TOMAS GONZALEZ Lois	ESP	PTF	2:0
serbia-open-2025	Senior Men -63kg	QF	140.2	SANTINELLI Christian	ITA	SIMEONOV Martin	BUL	PTF	2:1
serbia-open-2025	Senior Men -63kg	QF	439.1	OTER Ibrahim	TUR	KUSKU mahmut	TUR	PTF	2:0
serbia-open-2025	Senior Men -63kg	QF	439.2	AYDOGAN Hamza osman	TUR	KAYA Emir Can	TUR	PTF	2:1
serbia-open-2025	Senior Men -63kg	SF	345	DAYIOGLU Omer faruk	TUR	SANTINELLI Christian	ITA	PTF	2:0
serbia-open-2025	Senior Men -63kg	SF	346	AYDOGAN Hamza osman	TUR	OTER Ibrahim	TUR	PTF	2:0
serbia-open-2025	Senior Men -63kg	F	349	DAYIOGLU Omer faruk	TUR	AYDOGAN Hamza osman	TUR	PTF	2:0
serbia-open-2025	Senior Men -68kg	R32	101	KESGIN Gokhan Emre	TUR	THEODOSIOU Ilias	GRE	PTF	2:0
serbia-open-2025	Senior Men -68kg	R32	102	TURKULJ Uros	SRB	FRGOLEC Damien Pavel	SVK	PTF	2:0
serbia-open-2025	Senior Men -68kg	R32	103	SALANOVA LISTE Adrian	ESP	KONDRAJCZAK Dorian	POL	PTF	2:0
serbia-open-2025	Senior Men -68kg	R32	104	OZDEMIR Eren	TUR	PAPPAS Lampros	GRE	PTF	2:1
serbia-open-2025	Senior Men -68kg	R32	105	MANDIC Milos	SRB	VUKOVIC Mario	MNE	PTF	2:0
serbia-open-2025	Senior Men -68kg	R32	106	USCIMIUK Sebastian	POL	POLCZYNSKI Adam	POL	PTF	2:0
serbia-open-2025	Senior Men -68kg	R32	107	CHRZANOWSKI Mateusz	POL	BIN Ahmed Waleed	KSA	PTF	2:0
serbia-open-2025	Senior Men -68kg	R32	108	KRAJISNIK Zarko	SRB	MAKOYAN Chero	BEL	PTF	2:0
serbia-open-2025	Senior Men -68kg	R32	109	BURUSIC Marko	SRB	TOZON jure	SLO	PTF	2:0
serbia-open-2025	Senior Men -68kg	R32	110	MILAN Jorge	ESP	SZUKALSKI Bartosz	POL	PTF	2:1
serbia-open-2025	Senior Men -68kg	R16	117	JORQUERA CALA Joan	ESP	KESGIN Gokhan Emre	TUR	PTF	2:0
serbia-open-2025	Senior Men -68kg	R16	118	SALANOVA LISTE Adrian	ESP	TURKULJ Uros	SRB	PTF	2:0
serbia-open-2025	Senior Men -68kg	R16	119	RECBER Hakan	TUR	OZDEMIR Eren	TUR	PTF	2:0
serbia-open-2025	Senior Men -68kg	R16	120	ERER Berkay	TUR	MANDIC Milos	SRB	PTF	2:0
serbia-open-2025	Senior Men -68kg	R16	121	ABAD EXPOSITO Iker	ESP	USCIMIUK Sebastian	POL	PTF	2:0
serbia-open-2025	Senior Men -68kg	R16	122	CHRZANOWSKI Mateusz	POL	GLASNOVIC Leon	CRO	PTF	2:0
serbia-open-2025	Senior Men -68kg	R16	123	KRAJISNIK Zarko	SRB	BURUSIC Marko	SRB	PTF	2:0
serbia-open-2025	Senior Men -68kg	R16	124	CREP Matija	CRO	MILAN Jorge	ESP	PTF	2:0
serbia-open-2025	Senior Men -68kg	QF	133	SALANOVA LISTE Adrian	ESP	JORQUERA CALA Joan	ESP	PTF	2:1
serbia-open-2025	Senior Men -68kg	QF	134	ERER Berkay	TUR	RECBER Hakan	TUR	PTF	2:1
serbia-open-2025	Senior Men -68kg	QF	135	ABAD EXPOSITO Iker	ESP	CHRZANOWSKI Mateusz	POL	PTF	2:1
serbia-open-2025	Senior Men -68kg	QF	136	KRAJISNIK Zarko	SRB	CREP Matija	CRO	PTF	2:0
serbia-open-2025	Senior Men -68kg	SF	141	SALANOVA LISTE Adrian	ESP	ERER Berkay	TUR	PTF	2:1
serbia-open-2025	Senior Men -68kg	SF	142	KRAJISNIK Zarko	SRB	ABAD EXPOSITO Iker	ESP	PTF	2:0
serbia-open-2025	Senior Men -68kg	F	145	SALANOVA LISTE Adrian	ESP	KRAJISNIK Zarko	SRB	PTF	2:1
serbia-open-2025	Senior Men -74kg	R32	501	QUESADA BARRERA Daniel	ESP	SERRANO MACIAS Jesus	ESP	PTF	2:1
serbia-open-2025	Senior Men -74kg	R32	502	MANGIONE Angelo	ITA	MARINKOVIC andrija	SRB	PTF	2:0
serbia-open-2025	Senior Men -74kg	R32	503	CUDNOCH Lukasz	POL	TSOLAS Themistoklis	GRE	PTF	2:0
serbia-open-2025	Senior Men -74kg	R32	504	HUSIC Benjamin	BIH	HALASU Amir dorin	ROU	PTF	2:0
serbia-open-2025	Senior Men -74kg	R32	505	YUMAK Berk	TUR	DAVIDOVIC Matija	SRB	PTF	2:0
serbia-open-2025	Senior Men -74kg	R32	506	ABDOUNI Abdelhamid	MAR	KOMATINA Ognjen	MNE	PTF	2:0
serbia-open-2025	Senior Men -74kg	R32	507	GOLUBIC Marko	CRO	LONCAR Nikola	SRB	PTF	2:0
serbia-open-2025	Senior Men -74kg	R32	508	LUKIC Nikola	SRB	RASZKOWSKI Wiktor	POL	PTF	2:0
serbia-open-2025	Senior Men -74kg	R32	509	SANTAS Kadir	TUR	SZASZ Manyhert	ROU	PTF	2:0
serbia-open-2025	Senior Men -74kg	R32	510	KORPE Omer furkan	TUR	POLCZYNSKI Nikodem	POL	RSC	
serbia-open-2025	Senior Men -74kg	R32	511	FLOUSKOUNIS Charalampos	GRE	IZARIK Daniel	SVK	PTF	2:0
serbia-open-2025	Senior Men -74kg	R32	512	SITTEK Tomas	CZE	NIKOLIC igor	SRB	PTF	2:0
serbia-open-2025	Senior Men -74kg	R32	513	KARAKOC Sadullah	TUR	MILINKOVIC Strahinja	SRB	PTF	2:1
serbia-open-2025	Senior Men -74kg	R16	519	QUESADA BARRERA Daniel	ESP	RODRIGUES Victor	USA	PTF	2:0
serbia-open-2025	Senior Men -74kg	R16	520	MANGIONE Angelo	ITA	CUDNOCH Lukasz	POL	PTF	2:0
serbia-open-2025	Senior Men -74kg	R16	521	YUMAK Berk	TUR	HUSIC Benjamin	BIH	PTF	2:1
serbia-open-2025	Senior Men -74kg	R16	522	GOLUBIC Marko	CRO	ABDOUNI Abdelhamid	MAR	PTF	2:0
serbia-open-2025	Senior Men -74kg	R16	523	TAKOV Stefan	SRB	LUKIC Nikola	SRB	PTF	2:0
serbia-open-2025	Senior Men -74kg	R16	524	KORPE Omer furkan	TUR	SANTAS Kadir	TUR	PTF	2:0
serbia-open-2025	Senior Men -74kg	R16	525	FLOUSKOUNIS Charalampos	GRE	SITTEK Tomas	CZE	PTF	2:0
serbia-open-2025	Senior Men -74kg	R16	526	POLAT Mehmet Kani	TUR	KARAKOC Sadullah	TUR	PTF	2:0
serbia-open-2025	Senior Men -74kg	QF	535	MANGIONE Angelo	ITA	QUESADA BARRERA Daniel	ESP	PTF	2:1
serbia-open-2025	Senior Men -74kg	QF	536	GOLUBIC Marko	CRO	YUMAK Berk	TUR	PTF	2:0
serbia-open-2025	Senior Men -74kg	QF	537	TAKOV Stefan	SRB	KORPE Omer furkan	TUR	PTF	2:0
serbia-open-2025	Senior Men -74kg	QF	538	FLOUSKOUNIS Charalampos	GRE	POLAT Mehmet Kani	TUR	PTF	2:1
serbia-open-2025	Senior Men -74kg	SF	543	GOLUBIC Marko	CRO	MANGIONE Angelo	ITA	PTF	2:1
serbia-open-2025	Senior Men -74kg	SF	544	TAKOV Stefan	SRB	FLOUSKOUNIS Charalampos	GRE	PTF	2:1
serbia-open-2025	Senior Men -74kg	F	547	TAKOV Stefan	SRB	GOLUBIC Marko	CRO	PTF	2:0
serbia-open-2025	Senior Men -80kg	R32	316	KUSKU Nesim	TUR	PANIC Veljko	SRB	PTF	2:0
serbia-open-2025	Senior Men -80kg	R32	317	SAROGLU Ferhat Muhammet	TUR	AGRISAN Stefan Gabriel	ROU	WDR	1:0
serbia-open-2025	Senior Men -80kg	R32	318	JAWORSKI Konrad	POL	ARIK Hasan	TUR	PTF	2:0
serbia-open-2025	Senior Men -80kg	R32	319	KONAK Ilhan	TUR	NESHYBA Tomas	CZE	PTF	2:0
serbia-open-2025	Senior Men -80kg	R32	320	KURUTAS Dogukan	TUR	LUDWIG Albert	CZE	PTF	2:0
serbia-open-2025	Senior Men -80kg	R16	329	RUIZ Ramon	ESP	KUSKU Nesim	TUR	PTF	2:0
serbia-open-2025	Senior Men -80kg	R16	330	KILIC Yigithan	TUR	PANTAZIS Georgios	GRE	PTF	2:0
serbia-open-2025	Senior Men -80kg	R16	331	SAROGLU Ferhat Muhammet	TUR	FERNANDEZ GARCIA Mikel	ESP	PTF	2:1
serbia-open-2025	Senior Men -80kg	R16	332	MILAN CANOVAS Juan antonio	ESP	JAWORSKI Konrad	POL	PTF	2:0
serbia-open-2025	Senior Men -80kg	R16	333	SZADKOWSKI Michal	POL	KONAK Ilhan	TUR	PTF	2:1
serbia-open-2025	Senior Men -80kg	R16	334	ODINAEV Rustam	SRB	SAHIN Muhammed Enes	TUR	PTF	2:0
serbia-open-2025	Senior Men -80kg	R16	335	HRGOTA Leon	CRO	CRISTESCU Mihai adrian	ROU	PTF	2:0
serbia-open-2025	Senior Men -80kg	R16	336	GONZALEZ Alejandro	PUR	KURUTAS Dogukan	TUR	RSC	1:0
serbia-open-2025	Senior Men -80kg	QF	342	SAROGLU Ferhat Muhammet	TUR	MILAN CANOVAS Juan antonio	ESP	RSC	
serbia-open-2025	Senior Men -80kg	QF	343	ODINAEV Rustam	SRB	SZADKOWSKI Michal	POL	PTF	2:1
serbia-open-2025	Senior Men -80kg	QF	344	GONZALEZ Alejandro	PUR	HRGOTA Leon	CRO	PTF	2:1
serbia-open-2025	Senior Men -80kg	QF	544.1	KILIC Yigithan	TUR	RUIZ Ramon	ESP	PTF	2:0
serbia-open-2025	Senior Men -80kg	SF	347	KILIC Yigithan	TUR	SAROGLU Ferhat Muhammet	TUR	PTF	2:0
serbia-open-2025	Senior Men -80kg	SF	348	ODINAEV Rustam	SRB	GONZALEZ Alejandro	PUR	PTF	2:0
serbia-open-2025	Senior Men -80kg	F	351	KILIC Yigithan	TUR	ODINAEV Rustam	SRB	PTF	2:0
serbia-open-2025	Senior Men -87kg	R16	217	DIVKOVIC Patrik	SLO	PIATKOWSKI Szymon	POL	PTF	2:1
serbia-open-2025	Senior Men -87kg	R16	218	BILIC PAVLINOVIC Josip	CRO	YILDIZ Muhammed emin	TUR	PTF	2:1
serbia-open-2025	Senior Men -87kg	R16	219	BAILEY Kelen	HUN	RADAKOVIĆ Ognjen	SRB	PTF	2:0
serbia-open-2025	Senior Men -87kg	R16	220	BRANTUŠA Roko	CRO	SNACOV Laurentiu	ROU	PTF	2:1
serbia-open-2025	Senior Men -87kg	R16	221	THOLIOTIS Vasileios	GRE	GOLUBOVIC Milos	SRB	PTF	2:0
serbia-open-2025	Senior Men -87kg	R16	222	STOJANOVIC Stefan	SRB	KARTAL Huseyin	TUR	PTF	2:0
serbia-open-2025	Senior Men -87kg	R16	223	AJDUKOVIC Dimitrije	SRB	MARTIN SANCHEZ Alejandro	ESP	PTF	2:1
serbia-open-2025	Senior Men -87kg	R16	224	STYLIANIDIS Aris	CYP	ATESLI Orkun	TUR	PTF	2:0
serbia-open-2025	Senior Men -87kg	QF	233	BILIC PAVLINOVIC Josip	CRO	DIVKOVIC Patrik	SLO	PTF	2:1
serbia-open-2025	Senior Men -87kg	QF	234	BAILEY Kelen	HUN	BRANTUŠA Roko	CRO	PTF	2:0
serbia-open-2025	Senior Men -87kg	QF	235	THOLIOTIS Vasileios	GRE	STOJANOVIC Stefan	SRB	PTF	2:0
serbia-open-2025	Senior Men -87kg	QF	236	STYLIANIDIS Aris	CYP	AJDUKOVIC Dimitrije	SRB	PTF	2:0
serbia-open-2025	Senior Men -87kg	SF	241	BILIC PAVLINOVIC Josip	CRO	BAILEY Kelen	HUN	PTF	2:1
serbia-open-2025	Senior Men -87kg	SF	242	THOLIOTIS Vasileios	GRE	STYLIANIDIS Aris	CYP	PTF	2:0
serbia-open-2025	Senior Men -87kg	F	245	THOLIOTIS Vasileios	GRE	BILIC PAVLINOVIC Josip	CRO	PTF	2:0
serbia-open-2025	Senior Men +87kg	R16	612	BICER Enbiya taha	TUR	ACIKGOZ Muhammed Emin	TUR	RSC	1:0
serbia-open-2025	Senior Men +87kg	R16	613	DEMIRCIOGLU Huseyin berat	TUR	KOSTIC Milan	SRB	PTF	2:0
serbia-open-2025	Senior Men +87kg	R16	614	TELIKOSTOGLOU Apostolos	GRE	DIMITRAKOPOULOS Filippos	GRE	PTF	2:0
serbia-open-2025	Senior Men +87kg	R16	615	GARCIA MARTINEZ Ivan	ESP	TROITINO AMOEDO Sergio	ESP	PTF	2:0
serbia-open-2025	Senior Men +87kg	QF	627	BICER Enbiya taha	TUR	CORREDOR Raul	ESP	PTF	2:0
serbia-open-2025	Senior Men +87kg	QF	628	DEMIRCIOGLU Huseyin berat	TUR	ATESLI Emre kutalmis	TUR	PTF	2:1
serbia-open-2025	Senior Men +87kg	QF	629	TELIKOSTOGLOU Apostolos	GRE	MOLIN Mattia	ITA	PTF	2:0
serbia-open-2025	Senior Men +87kg	QF	630	GARCIA MARTINEZ Ivan	ESP	HAREMZA Krystian	POL	PTF	2:0
serbia-open-2025	Senior Men +87kg	SF	639	BICER Enbiya taha	TUR	DEMIRCIOGLU Huseyin berat	TUR	PTF	2:1
serbia-open-2025	Senior Men +87kg	SF	640	GARCIA MARTINEZ Ivan	ESP	TELIKOSTOGLOU Apostolos	GRE	PTF	2:1
serbia-open-2025	Senior Men +87kg	F	645	BICER Enbiya taha	TUR	GARCIA MARTINEZ Ivan	ESP	PTF	2:0
serbia-open-2025	Senior Women -46kg	R16	704	MAKAS Dzejla	BIH	ROKKA Athanasia	GRE	PTF	2:0
serbia-open-2025	Senior Women -46kg	R16	705	GEORGIOU Melina	GRE	GARCIA Laura	ESP	PTF	2:0
serbia-open-2025	Senior Women -46kg	R16	706	JIMENEZ MONTERO Ana	ESP	BAYRAKTAR Hiranur	TUR	PTF	2:1
serbia-open-2025	Senior Women -46kg	R16	707	GOGEBAKAN Emine	TUR	BUSUIOC Ingrid Gabriela	ROU	WDR	1:0
serbia-open-2025	Senior Women -46kg	R16	708	GALIERO Giulia	ITA	KAMINSKA Michaela	SVK	PTF	2:0
serbia-open-2025	Senior Women -46kg	R16	709	BRAJOVIC Iva	SRB	MYTILINIOU Magdalini Maria	GRE	PTF	2:1
serbia-open-2025	Senior Women -46kg	R16	710	KESGIN Tuvanna nazli	TUR	EKSI Selin	TUR	PTF	2:1
serbia-open-2025	Senior Women -46kg	R16	711	ZAMPETTI Sofia	ITA	MARTINEZ SEVILLA Julia	ESP	PTF	2:0
serbia-open-2025	Senior Women -46kg	QF	727	GEORGIOU Melina	GRE	MAKAS Dzejla	BIH	PTF	2:1
serbia-open-2025	Senior Women -46kg	QF	728	GOGEBAKAN Emine	TUR	JIMENEZ MONTERO Ana	ESP	PTF	2:0
serbia-open-2025	Senior Women -46kg	QF	729	BRAJOVIC Iva	SRB	GALIERO Giulia	ITA	PTF	2:1
serbia-open-2025	Senior Women -46kg	QF	730	KESGIN Tuvanna nazli	TUR	ZAMPETTI Sofia	ITA	PTF	2:1
serbia-open-2025	Senior Women -46kg	SF	739	GOGEBAKAN Emine	TUR	GEORGIOU Melina	GRE	PTF	2:0
serbia-open-2025	Senior Women -46kg	SF	740	BRAJOVIC Iva	SRB	KESGIN Tuvanna nazli	TUR	PTF	2:0
serbia-open-2025	Senior Women -46kg	F	745	GOGEBAKAN Emine	TUR	BRAJOVIC Iva	SRB	PTF	2:0
serbia-open-2025	Senior Women -49kg	R16	712	GURBUZ Hayrunnisa	TUR	DEMIR Aleyna	TUR	PTF	2:1
serbia-open-2025	Senior Women -49kg	R16	713	KRAJEWSKA Alicja	POL	KARYDI Melina	GRE	PTF	2:0
serbia-open-2025	Senior Women -49kg	R16	714	AN Byeo Ri	KOR	EVIN ruveyda nur	TUR	PTF	2:0
serbia-open-2025	Senior Women -49kg	R16	715	MATONTI Ilenia elisabetta	ITA	GOLES Petra	CRO	PTF	2:0
serbia-open-2025	Senior Women -49kg	R16	716	MILIC Milica	SRB	SARGANTANI Charikleia	GRE	RSC	2:0
serbia-open-2025	Senior Women -49kg	R16	717	OZTABAK Elif ilgin	TUR	KRAJEWSKA Nikola	POL	PTF	2:0
serbia-open-2025	Senior Women -49kg	R16	718	AKGUL Elif sude	TUR	GIMENEZ Daniela	ESP	PTF	2:0
serbia-open-2025	Senior Women -49kg	QF	731	CEREZO IGLESIAS Adriana	ESP	GURBUZ Hayrunnisa	TUR	PTF	2:0
serbia-open-2025	Senior Women -49kg	QF	732	KRAJEWSKA Alicja	POL	AN Byeo Ri	KOR	PTF	2:1
serbia-open-2025	Senior Women -49kg	QF	733	MILIC Milica	SRB	MATONTI Ilenia elisabetta	ITA	PTF	2:0
serbia-open-2025	Senior Women -49kg	QF	734	AKGUL Elif sude	TUR	OZTABAK Elif ilgin	TUR	PTF	2:1
serbia-open-2025	Senior Women -49kg	SF	741	CEREZO IGLESIAS Adriana	ESP	KRAJEWSKA Alicja	POL	PTF	2:0
serbia-open-2025	Senior Women -49kg	SF	742	AKGUL Elif sude	TUR	MILIC Milica	SRB	PTF	2:0
serbia-open-2025	Senior Women -49kg	F	248	CEREZO IGLESIAS Adriana	ESP	AKGUL Elif sude	TUR	PTF	2:0
serbia-open-2025	Senior Women -53kg	R32	111	GUSEINOVA Aziza	AIN	PERNISCHOVA Simona	SVK	PTF	2:0
serbia-open-2025	Senior Women -53kg	R32	112	STOJANOVIC Nina	SRB	BAJAN Mihaela nicoleta claudia	ROU	PTF	2:0
serbia-open-2025	Senior Women -53kg	R32	113	MARINIC Tara	CRO	RADOVANOVIC Ana	SRB	PTF	2:0
serbia-open-2025	Senior Women -53kg	R32	114	OLESZCZUK Lucja	POL	APOIKOU Varvara	GRE	PTF	2:0
serbia-open-2025	Senior Women -53kg	R32	115	KAOURTISHI Nagia	CYP	BURUIANA Andreea	ROU	PTF	2:0
serbia-open-2025	Senior Women -53kg	R32	116	EL BOUCHTI Oumaima	MAR	IOANNOU Antonia	GRE	PTF	2:0
serbia-open-2025	Senior Women -53kg	R16	125	ABUTALEB Dunya ali m	KSA	GUSEINOVA Aziza	AIN	WDR	1:0
serbia-open-2025	Senior Women -53kg	R16	126	UZUNCAVDAR Sila irmak	TUR	AL HALWANI Elisa	ITA	PTF	2:0
serbia-open-2025	Senior Women -53kg	R16	127	DINCEL KAVURAT Merve	TUR	STOJANOVIC Nina	SRB	PTF	2:0
serbia-open-2025	Senior Women -53kg	R16	128	CELIK Senanur	TUR	MARINIC Tara	CRO	PTF	2:0
serbia-open-2025	Senior Women -53kg	R16	129	BOKAN Andrea	SRB	OLESZCZUK Lucja	POL	PTF	2:0
serbia-open-2025	Senior Women -53kg	R16	130	STANKOVIC Vanja	SRB	KAOURTISHI Nagia	CYP	PTF	2:0
serbia-open-2025	Senior Women -53kg	R16	131	TASKIN Zeynep	TUR	GARCIA MARQUINA Sofia	ESP	PTF	2:0
serbia-open-2025	Senior Women -53kg	R16	132	EL BOUCHTI Oumaima	MAR	PEREZ PARRADO Alma maria	ESP	PTF	1:0
serbia-open-2025	Senior Women -53kg	QF	137	ABUTALEB Dunya ali m	KSA	UZUNCAVDAR Sila irmak	TUR	PTF	2:0
serbia-open-2025	Senior Women -53kg	QF	138	DINCEL KAVURAT Merve	TUR	CELIK Senanur	TUR	PTF	2:0
serbia-open-2025	Senior Women -53kg	QF	139	BOKAN Andrea	SRB	STANKOVIC Vanja	SRB	PTF	2:0
serbia-open-2025	Senior Women -53kg	QF	140	TASKIN Zeynep	TUR	EL BOUCHTI Oumaima	MAR	PTF	2:0
serbia-open-2025	Senior Women -53kg	SF	143	DINCEL KAVURAT Merve	TUR	ABUTALEB Dunya ali m	KSA	PTF	2:0
serbia-open-2025	Senior Women -53kg	SF	144	BOKAN Andrea	SRB	TASKIN Zeynep	TUR	PTF	2:1
serbia-open-2025	Senior Women -53kg	F	147	DINCEL KAVURAT Merve	TUR	BOKAN Andrea	SRB	PTF	2:0
serbia-open-2025	Senior Women -57kg	R32	201	SESAR VILA Carla	ESP	ILGUN Hatice kubra	TUR	PTF	2:1
serbia-open-2025	Senior Women -57kg	R32	202	CELIK Edanur	TUR	DULGER Elif Sudem	TUR	PTF	2:1
serbia-open-2025	Senior Women -57kg	R32	203	MUSICKI Jovana	SRB	AJDUKOVIC Vesna	SRB	PTF	2:0
serbia-open-2025	Senior Women -57kg	R32	204	DURDU Eylul Mina	TUR	TORRES TENA Elena	ESP	PTF	2:0
serbia-open-2025	Senior Women -57kg	R32	205	MILIC Nikolina	SRB	CAUSSE Estelle	FRA	PTF	2:1
serbia-open-2025	Senior Women -57kg	R32	206	OZBEY Oyku	TUR	KANBUR Sevval Melek	TUR	PTF	2:0
serbia-open-2025	Senior Women -57kg	R32	207	TUKIC Mia	CRO	HASAN Gizem	TUR	PTF	2:0
serbia-open-2025	Senior Women -57kg	R32	208	HRONOVA Dominika	CZE	STEVIC Kristina	SRB	PTF	2:0
serbia-open-2025	Senior Women -57kg	R32	209	AL HALWANI Giada	ITA	KICINSKA Klaudia	POL	PTF	2:0
serbia-open-2025	Senior Women -57kg	R32	210	KRAJEWSKA Agnieszka	POL	GYUNDYUZ Selen	TUR	PTF	2:1
serbia-open-2025	Senior Women -57kg	R32	211	KUKIC Iva	SRB	STAMENKOVIC Teodora	SRB	PTF	2:1
serbia-open-2025	Senior Women -57kg	R32	212	PATAKFALVY Luca	HUN	LISOWSKA Nikol	POL	PTF	2:0
serbia-open-2025	Senior Women -57kg	R32	213	MAKRYGIANNI Athina	GRE	TASIC petra	SRB	PTF	2:0
serbia-open-2025	Senior Women -57kg	R32	214	IZMIR Hayrunnisa	TUR	STANKOVIC Milica	SRB	PTF	2:0
serbia-open-2025	Senior Women -57kg	R32	215	DILER Ruya	TUR	RADAK Teodora	SRB	PTF	2:0
serbia-open-2025	Senior Women -57kg	R32	216	RODRIGUEZ MARQUINA Laura	ESP	SAVIJA Isidora	SRB	PTF	2:0
serbia-open-2025	Senior Women -57kg	R16	225	SESAR VILA Carla	ESP	CELIK Edanur	TUR	PTF	2:0
serbia-open-2025	Senior Women -57kg	R16	226	DURDU Eylul Mina	TUR	MUSICKI Jovana	SRB	PTF	2:0
serbia-open-2025	Senior Women -57kg	R16	227	MILIC Nikolina	SRB	OZBEY Oyku	TUR	PTF	2:1
serbia-open-2025	Senior Women -57kg	R16	228	HRONOVA Dominika	CZE	TUKIC Mia	CRO	PTF	2:0
serbia-open-2025	Senior Women -57kg	R16	229	AL HALWANI Giada	ITA	KRAJEWSKA Agnieszka	POL	PTF	2:0
serbia-open-2025	Senior Women -57kg	R16	230	PATAKFALVY Luca	HUN	KUKIC Iva	SRB	PTF	2:1
serbia-open-2025	Senior Women -57kg	R16	231	IZMIR Hayrunnisa	TUR	MAKRYGIANNI Athina	GRE	PTF	2:0
serbia-open-2025	Senior Women -57kg	R16	232	DILER Ruya	TUR	RODRIGUEZ MARQUINA Laura	ESP	PTF	2:0
serbia-open-2025	Senior Women -57kg	QF	237	SESAR VILA Carla	ESP	DURDU Eylul Mina	TUR	PTF	2:0
serbia-open-2025	Senior Women -57kg	QF	238	HRONOVA Dominika	CZE	MILIC Nikolina	SRB	PTF	2:0
serbia-open-2025	Senior Women -57kg	QF	239	AL HALWANI Giada	ITA	PATAKFALVY Luca	HUN	PTF	2:0
serbia-open-2025	Senior Women -57kg	QF	240	DILER Ruya	TUR	IZMIR Hayrunnisa	TUR	PTF	2:1
serbia-open-2025	Senior Women -57kg	SF	243	SESAR VILA Carla	ESP	HRONOVA Dominika	CZE	PTF	2:0
serbia-open-2025	Senior Women -57kg	SF	244	AL HALWANI Giada	ITA	DILER Ruya	TUR	PTF	2:1
serbia-open-2025	Senior Women -57kg	F	247	SESAR VILA Carla	ESP	AL HALWANI Giada	ITA	PTF	2:0
serbia-open-2025	Senior Women -62kg	R32	401	LIM Su Min	KOR	MANSOURI Leyla	BEL	PTF	2:1
serbia-open-2025	Senior Women -62kg	R32	402	CAKAL Sevval	TUR	REBON FEDOROVA Ekaterina	ESP	PTF	2:0
serbia-open-2025	Senior Women -62kg	R32	403	YIGITALP Hatice pinar	TUR	SARE andjela	SRB	PTF	2:0
serbia-open-2025	Senior Women -62kg	R32	404	JEONG seon hee	KOR	GOGEBAKAN Huru gokce	TUR	PTF	2:1
serbia-open-2025	Senior Women -62kg	R32	405	SAVKOVIC Nadja	SRB	POZNANOVIC Marija	SRB	PTF	2:0
serbia-open-2025	Senior Women -62kg	R32	406	SIRIN Dilara	TUR	RESANOVIC sara	SRB	PTF	2:0
serbia-open-2025	Senior Women -62kg	R32	407	IYIN Meryem Elif	TUR	KOMATINA Andrea	MNE	PTF	2:0
serbia-open-2025	Senior Women -62kg	R32	408	KICEMA Helena	CRO	NIKOLIC Tijana	SRB	PTF	2:0
serbia-open-2025	Senior Women -62kg	R32	409	ORLOVIC Marija	BIH	SEVO Tamara	SRB	PTF	2:0
serbia-open-2025	Senior Women -62kg	R32	410	KALTEKI Faidra	GRE	KARABULUT Beyza	TUR	PTF	2:0
serbia-open-2025	Senior Women -62kg	R32	411	SZPAK Julia	POL	VAN Jada	ESP	PTF	2:0
serbia-open-2025	Senior Women -62kg	R32	412	SENGUN Ahsen	TUR	ORTIZ BENITO Arlet	ESP	PTF	2:1
serbia-open-2025	Senior Women -62kg	R32	413	MARIC Ela	SRB	COMAN Gabriela bianca	ROU	PTF	2:0
serbia-open-2025	Senior Women -62kg	R32	414	JELIC Ivona	CRO	STEFANOVIC Tamara	SRB	PTF	2:0
serbia-open-2025	Senior Women -62kg	R16	416	MARTON Viviana	HUN	LIM Su Min	KOR	PTF	2:0
serbia-open-2025	Senior Women -62kg	R16	417	CAKAL Sevval	TUR	YIGITALP Hatice pinar	TUR	PTF	2:1
serbia-open-2025	Senior Women -62kg	R16	418	SAVKOVIC Nadja	SRB	JEONG seon hee	KOR	WDR	1:0
serbia-open-2025	Senior Women -62kg	R16	419	SIRIN Dilara	TUR	IYIN Meryem Elif	TUR	PTF	2:0
serbia-open-2025	Senior Women -62kg	R16	420	KICEMA Helena	CRO	ORLOVIC Marija	BIH	PTF	2:1
serbia-open-2025	Senior Women -62kg	R16	421	SZPAK Julia	POL	KALTEKI Faidra	GRE	PTF	2:1
serbia-open-2025	Senior Women -62kg	R16	422	MARIC Ela	SRB	SENGUN Ahsen	TUR	PTF	2:0
serbia-open-2025	Senior Women -62kg	R16	423	STOLBOVA Petra	CZE	JELIC Ivona	CRO	PTF	2:0
serbia-open-2025	Senior Women -62kg	QF	432	MARTON Viviana	HUN	CAKAL Sevval	TUR	PTF	2:0
serbia-open-2025	Senior Women -62kg	QF	433	SIRIN Dilara	TUR	SAVKOVIC Nadja	SRB	PTF	2:1
serbia-open-2025	Senior Women -62kg	QF	434	SZPAK Julia	POL	KICEMA Helena	CRO	PTF	2:0
serbia-open-2025	Senior Women -62kg	QF	435	STOLBOVA Petra	CZE	MARIC Ela	SRB	RSC	2:0
serbia-open-2025	Senior Women -62kg	SF	440	MARTON Viviana	HUN	SIRIN Dilara	TUR	PTF	2:0
serbia-open-2025	Senior Women -62kg	SF	441	STOLBOVA Petra	CZE	SZPAK Julia	POL	PTF	2:0
serbia-open-2025	Senior Women -62kg	F	444	MARTON Viviana	HUN	STOLBOVA Petra	CZE	PTF	2:0
serbia-open-2025	Senior Women -67kg	R32	415	PENIC ivana	SRB	VELAGIĆ JEREB Žana	SLO	DSQ	
serbia-open-2025	Senior Women -67kg	R16	424	PERISIC Aleksandra	SRB	PENIC ivana	SRB	PTF	2:0
serbia-open-2025	Senior Women -67kg	R16	425	D'ANGELO Natalia	ITA	ZAFER Isil	TUR	PTF	2:1
serbia-open-2025	Senior Women -67kg	R16	426	MORENO REYES Lena	ESP	MAGGIORE Giulia	ITA	PTF	2:0
serbia-open-2025	Senior Women -67kg	R16	427	KLEPAC Nika	CRO	GENCER Sila Nur	TUR	PTF	2:1
serbia-open-2025	Senior Women -67kg	R16	428	POLE Doris	CRO	ERGIN Huriye Nur	TUR	PTF	2:0
serbia-open-2025	Senior Women -67kg	R16	429	CAKAL Sefika	TUR	KOWALKOWSKA Justyna	POL	PTF	2:1
serbia-open-2025	Senior Women -67kg	R16	430	KAYIR Ikra	TUR	TOMCZAK Tatiana	POL	PTF	2:0
serbia-open-2025	Senior Women -67kg	R16	431	CASTRO BURGOS Cecilia	ESP	HODZIC Nihada	BIH	PTF	2:0
serbia-open-2025	Senior Women -67kg	QF	436	PERISIC Aleksandra	SRB	D'ANGELO Natalia	ITA	PTF	2:0
serbia-open-2025	Senior Women -67kg	QF	437	MORENO REYES Lena	ESP	KLEPAC Nika	CRO	PTF	2:0
serbia-open-2025	Senior Women -67kg	QF	438	POLE Doris	CRO	CAKAL Sefika	TUR	PTF	2:0
serbia-open-2025	Senior Women -67kg	QF	439	KAYIR Ikra	TUR	CASTRO BURGOS Cecilia	ESP	PTF	2:1
serbia-open-2025	Senior Women -67kg	SF	442	PERISIC Aleksandra	SRB	MORENO REYES Lena	ESP	PTF	2:1
serbia-open-2025	Senior Women -67kg	SF	443	POLE Doris	CRO	KAYIR Ikra	TUR	PTF	2:0
serbia-open-2025	Senior Women -67kg	F	446	PERISIC Aleksandra	SRB	POLE Doris	CRO	PTF	2:0
serbia-open-2025	Senior Women -73kg	R32	514	MORAN ROMERO Belen	ESP	MARTINEZ Ana	ESP	PTF	2:0
serbia-open-2025	Senior Women -73kg	R32	515	PRZYBYSZ Weronika	POL	RUDOLF Nika	SLO	PTF	2:0
serbia-open-2025	Senior Women -73kg	R32	516	KOLOVRAT Matea	CRO	FERNANDEZ Julia	ESP	PTF	2:0
serbia-open-2025	Senior Women -73kg	R32	517	MARTON Luana	HUN	JOKIC Marija	BIH	PTF	2:0
serbia-open-2025	Senior Women -73kg	R32	518	NOWAK Julia	POL	KRSTINIC Anja	CRO	PTF	2:0
serbia-open-2025	Senior Women -73kg	R16	527	MORAN ROMERO Belen	ESP	TESIC Nadja	SRB	PTF	2:0
serbia-open-2025	Senior Women -73kg	R16	528	UZUNCAVDAR Sude yaren	TUR	GARCIA SUAREZ Helena	ESP	PTF	2:0
serbia-open-2025	Senior Women -73kg	R16	529	JUHASZOVA Iveta	CZE	PRZYBYSZ Weronika	POL	PTF	2:1
serbia-open-2025	Senior Women -73kg	R16	530	BOZANIC Nadica	SRB	KOLOVRAT Matea	CRO	PTF	2:0
serbia-open-2025	Senior Women -73kg	R16	531	MARTON Luana	HUN	MASTELIC Mila	CRO	PTF	2:0
serbia-open-2025	Senior Women -73kg	R16	532	DEMIR Kardelen	TUR	OREC Ariana	CRO	PTF	2:1
serbia-open-2025	Senior Women -73kg	R16	533	VALLO ZURDO Ane	ESP	PETROVIC Iva	SRB	PTF	2:0
serbia-open-2025	Senior Women -73kg	R16	534	CHAARI Sarah	BEL	NOWAK Julia	POL	PTF	2:0
serbia-open-2025	Senior Women -73kg	QF	539	UZUNCAVDAR Sude yaren	TUR	MORAN ROMERO Belen	ESP	PTF	2:0
serbia-open-2025	Senior Women -73kg	QF	540	BOZANIC Nadica	SRB	JUHASZOVA Iveta	CZE	PTF	2:0
serbia-open-2025	Senior Women -73kg	QF	541	MARTON Luana	HUN	DEMIR Kardelen	TUR	PTF	2:0
serbia-open-2025	Senior Women -73kg	QF	542	CHAARI Sarah	BEL	VALLO ZURDO Ane	ESP	PTF	2:0
serbia-open-2025	Senior Women -73kg	SF	545	BOZANIC Nadica	SRB	UZUNCAVDAR Sude yaren	TUR	PTF	2:1
serbia-open-2025	Senior Women -73kg	SF	546	CHAARI Sarah	BEL	MARTON Luana	HUN	PTF	2:0
serbia-open-2025	Senior Women -73kg	F	549	CHAARI Sarah	BEL	BOZANIC Nadica	SRB	PTF	2:0
serbia-open-2025	Senior Women +73kg	R16	616	AKBULAK Esra	TUR	ARSLAN dilara	TUR	PTF	2:1
serbia-open-2025	Senior Women +73kg	R16	617	RIVADULLA LORENZO Desiree	ESP	MOHAMMED Noor nazar	QAT	PTF	2:1
serbia-open-2025	Senior Women +73kg	R16	618	JUNG Sugee	KOR	KAVUKCUOGLU Zehra begum	TUR	PTF	2:0
serbia-open-2025	Senior Women +73kg	QF	631	AKBULAK Esra	TUR	KUS AYDIN Nafia	TUR	WDR	
serbia-open-2025	Senior Women +73kg	QF	632	CASTINEIRA ETCHEVERRIA Tania	ESP	KOWALCZUK Aleksandra	POL	PTF	2:0
serbia-open-2025	Senior Women +73kg	QF	633	HAREMZA Dagmara	POL	RIVADULLA LORENZO Desiree	ESP	PTF	2:1
serbia-open-2025	Senior Women +73kg	QF	634	MATIC Magdalena	CRO	JUNG Sugee	KOR	PTF	2:0
serbia-open-2025	Senior Women +73kg	SF	641	CASTINEIRA ETCHEVERRIA Tania	ESP	AKBULAK Esra	TUR	PTF	2:0
serbia-open-2025	Senior Women +73kg	SF	642	MATIC Magdalena	CRO	HAREMZA Dagmara	POL	PTF	2:0
serbia-open-2025	Senior Women +73kg	F	551	MATIC Magdalena	CRO	CASTINEIRA ETCHEVERRIA Tania	ESP	PTF	2:0
greece-open-2025	Senior Men -54kg	R16	403	SOUPAS Georgios	GRE	KANELLOS Marios	GRE	PTF	2:1
greece-open-2025	Senior Men -54kg	R16	404	ADAMIDIS Avraam evangelos	GRE	VOUTAS Stefanos	GRE	PTF	2:1
greece-open-2025	Senior Men -54kg	QF	417	AGENJO TRIGOS Jairo	ESP	SOUPAS Georgios	GRE	PTF	2:0
greece-open-2025	Senior Men -54kg	QF	418	CANETE Arian nathan	USA	TRIANTAFYLLOU Dimitrios	GRE	PTF	2:0
greece-open-2025	Senior Men -54kg	QF	419	PSARROS Aristeidis nikolaos	GRE	DERMANIS Spyridon michail	GRE	PTF	2:0
greece-open-2025	Senior Men -54kg	QF	420	OTERO SOUSA Javier	ESP	ADAMIDIS Avraam evangelos	GRE	PTF	2:0
greece-open-2025	Senior Men -54kg	SF	429	CANETE Arian nathan	USA	AGENJO TRIGOS Jairo	ESP	PTF	2:1
greece-open-2025	Senior Men -54kg	SF	430	PSARROS Aristeidis nikolaos	GRE	OTERO SOUSA Javier	ESP	PTF	2:0
greece-open-2025	Senior Men -54kg	F	435	PSARROS Aristeidis nikolaos	GRE	CANETE Arian nathan	USA	PTF	2:0
greece-open-2025	Senior Men -58kg	R16	601	MELETIOU Thomas	GRE	LIKOMETI Tedi	ALB	PTF	2:1
greece-open-2025	Senior Men -58kg	R16	602	ESCOLAR PARRA Ivan	ESP	GALEA Fergeson	MLT	PTF	2:0
greece-open-2025	Senior Men -58kg	R16	603	KORNEEV Lev	SRB	BALLAS Spyridon	GRE	PTF	2:0
greece-open-2025	Senior Men -58kg	R16	604	DIMITROPOULOS Konstantinos	GRE	PITTAKAS Ioakeim	CYP	PTF	2:0
greece-open-2025	Senior Men -58kg	R16	605	KOUDSI Raphael	LBN	HADROVIC Hasan	BIH	PTF	2:0
greece-open-2025	Senior Men -58kg	R16	606	GERARDIS Georgios	GRE	APOSTOLIDIS Theofilos	GRE	PTF	2:0
greece-open-2025	Senior Men -58kg	R16	607	MANENKOV Maksym	UKR	MALIAKAS Charilaos	GRE	PTF	2:0
greece-open-2025	Senior Men -58kg	QF	616	VASILIC Todor	SRB	MELETIOU Thomas	GRE	PTF	2:1
greece-open-2025	Senior Men -58kg	QF	617	KORNEEV Lev	SRB	ESCOLAR PARRA Ivan	ESP	RSC	2:0
greece-open-2025	Senior Men -58kg	QF	618	DIMITROPOULOS Konstantinos	GRE	KOUDSI Raphael	LBN	PTF	2:0
greece-open-2025	Senior Men -58kg	QF	619	MANENKOV Maksym	UKR	GERARDIS Georgios	GRE	PTF	2:0
greece-open-2025	Senior Men -58kg	SF	628	KORNEEV Lev	SRB	VASILIC Todor	SRB	PTF	2:0
greece-open-2025	Senior Men -58kg	SF	629	DIMITROPOULOS Konstantinos	GRE	MANENKOV Maksym	UKR	PTF	2:0
greece-open-2025	Senior Men -58kg	F	438	KORNEEV Lev	SRB	DIMITROPOULOS Konstantinos	GRE	PTF	2:1
greece-open-2025	Senior Men -63kg	R64	101	KARAKOSTAS Konstantinos	GRE	ALEXANDRU OVIDIU Miu	ROU	PTF	2:0
greece-open-2025	Senior Men -63kg	R32	102	COULIBALY YAMEOGO Fadeby	LUX	KATSAMPAS Konstantinos	GRE	PTF	2:0
greece-open-2025	Senior Men -63kg	R32	103	LAMPRIS Georgios	GRE	NESTOROVIĆ Vasilije	MNE	PTF	2:0
greece-open-2025	Senior Men -63kg	R32	104	BUBA Gledis	ALB	KARAKOSTAS Konstantinos	GRE	PTF	2:0
greece-open-2025	Senior Men -63kg	R32	105	BELANOVIC Uros	SRB	GKOROS Charalampos	GRE	PTF	2:0
greece-open-2025	Senior Men -63kg	R32	106	PILAVAKIS Ioannis	CYP	POLIMOS Panagiotis Belos	GRE	PTF	2:1
greece-open-2025	Senior Men -63kg	R32	107	KARRAS Christos	GRE	NUKIC Esad	BIH	PTF	2:1
greece-open-2025	Senior Men -63kg	R32	108	TZOURAS Georgios	GRE	SINOPOULOS Nikolaos	GRE	PTF	2:0
greece-open-2025	Senior Men -63kg	R32	109	LOMARTIRE Matias	ITA	PRASSAS Anargyros	GRE	PTF	2:0
greece-open-2025	Senior Men -63kg	R32	110	MARTINS Alfredo	POR	TORIS Evangelos	GRE	PTF	2:1
greece-open-2025	Senior Men -63kg	R32	111	FLOURIS Iosif	CYP	SPANIDIS Konstantinos	GRE	PTF	2:0
greece-open-2025	Senior Men -63kg	R32	112	MIHAJLOVIC Vuk	SRB	CHARAKOPOS Stefanos	GRE	PTF	2:0
greece-open-2025	Senior Men -63kg	R32	113	GIANNOPOULOS Andreas	GRE	FILIP MURESANU Raul mario	ROU	PTF	2:1
greece-open-2025	Senior Men -63kg	R32	114	FUNKENDORF Vladyslav	UKR	IOANNIDIS Charalampos	GRE	WDR	1:0
greece-open-2025	Senior Men -63kg	R32	115	PAPAZOGONOPOULOS Dimitrios Arist	GRE	MOUSOULIOTIS Kyriakos	CYP	PTF	2:0
greece-open-2025	Senior Men -63kg	R32	116	THEODOSIOU Ilias	GRE	GAVALAS Lazaros	GRE	PTF	2:0
greece-open-2025	Senior Men -63kg	R32	117	WOOLLEY Jack	IRL	MYLONAS Angelos	GRE	PTF	2:0
greece-open-2025	Senior Men -63kg	R16	118	BUBA Gledis	ALB	COULIBALY YAMEOGO Fadeby	LUX	PTF	2:0
greece-open-2025	Senior Men -63kg	R16	119	BELANOVIC Uros	SRB	LAMPRIS Georgios	GRE	PTF	2:1
greece-open-2025	Senior Men -63kg	R16	120	PILAVAKIS Ioannis	CYP	KARRAS Christos	GRE	PTF	2:0
greece-open-2025	Senior Men -63kg	R16	121	LOMARTIRE Matias	ITA	TZOURAS Georgios	GRE	PTF	2:1
greece-open-2025	Senior Men -63kg	R16	122	FLOURIS Iosif	CYP	MARTINS Alfredo	POR	PTF	2:0
greece-open-2025	Senior Men -63kg	R16	123	MIHAJLOVIC Vuk	SRB	GIANNOPOULOS Andreas	GRE	PTF	2:0
greece-open-2025	Senior Men -63kg	R16	124	FUNKENDORF Vladyslav	UKR	PAPAZOGONOPOULOS Dimitrios Arist	GRE	PTF	2:0
greece-open-2025	Senior Men -63kg	R16	125	WOOLLEY Jack	IRL	THEODOSIOU Ilias	GRE	PTF	2:1
greece-open-2025	Senior Men -63kg	QF	130	BELANOVIC Uros	SRB	BUBA Gledis	ALB	PTF	2:1
greece-open-2025	Senior Men -63kg	QF	131	PILAVAKIS Ioannis	CYP	LOMARTIRE Matias	ITA	WDR	1:1
greece-open-2025	Senior Men -63kg	QF	132	FLOURIS Iosif	CYP	MIHAJLOVIC Vuk	SRB	PTF	2:1
greece-open-2025	Senior Men -63kg	QF	133	WOOLLEY Jack	IRL	FUNKENDORF Vladyslav	UKR	PTF	2:0
greece-open-2025	Senior Men -63kg	SF	136	PILAVAKIS Ioannis	CYP	BELANOVIC Uros	SRB	PTF	2:0
greece-open-2025	Senior Men -63kg	SF	137	WOOLLEY Jack	IRL	FLOURIS Iosif	CYP	PTF	2:0
greece-open-2025	Senior Men -63kg	F	139	WOOLLEY Jack	IRL	PILAVAKIS Ioannis	CYP	PTF	2:0
greece-open-2025	Senior Men -68kg	R32	501	BOUGAS Alexios	GRE	GIANNOU Efstratios	GRE	PTF	2:0
greece-open-2025	Senior Men -68kg	R32	502	PAPPAS Lampros	GRE	NEYI Esrom	TRT	RSC	1:0
greece-open-2025	Senior Men -68kg	R32	503	NTOMPROS Ioannis	GRE	CEKOV David	MKD	PTF	2:0
greece-open-2025	Senior Men -68kg	R32	504	LIOTSOS Pavlos	GRE	TSIAOUSIS Marios	GRE	PTF	2:1
greece-open-2025	Senior Men -68kg	R32	505	NAZARIS Georgios	GRE	PETRAKIS Nikolaos	GRE	PTF	2:0
greece-open-2025	Senior Men -68kg	R32	506	BEKOULIS Konstantinos	GRE	DE FAZIO Antonios	GRE	RSC	2:0
greece-open-2025	Senior Men -68kg	R32	507	AGUSHI Elion	KOS	ZIOGAS Andreas Neoklis	GRE	PTF	2:0
greece-open-2025	Senior Men -68kg	R32	508	ZISIS Polydefkis	GRE	CHOUNTAS Spyridon Michail	GRE	PTF	2:0
greece-open-2025	Senior Men -68kg	R32	509	PANAGOPOULOS Apostolos	GRE	DRETAKIS Angelos Emmanouil	GRE	WDR	1:0
greece-open-2025	Senior Men -68kg	R32	510	KAMAGIANNIS Ioannis Aris	GRE	ANGELOV Luka	MKD	PTF	2:0
greece-open-2025	Senior Men -68kg	R16	516	BOUGAS Alexios	GRE	MANDIC Milos	SRB	PTF	2:1
greece-open-2025	Senior Men -68kg	R16	517	NTOMPROS Ioannis	GRE	PAPPAS Lampros	GRE	PTF	2:0
greece-open-2025	Senior Men -68kg	R16	518	COULIBALY Sekou	LUX	LIOTSOS Pavlos	GRE	PTF	2:1
greece-open-2025	Senior Men -68kg	R16	519	NAZARIS Georgios	GRE	REIS Tiago	POR	PTF	2:1
greece-open-2025	Senior Men -68kg	R16	520	BEKOULIS Konstantinos	GRE	NGUILLA Yandric	FRA	PTF	2:0
greece-open-2025	Senior Men -68kg	R16	521	BARKOF Alexandros	GRE	AGUSHI Elion	KOS	PTF	2:0
greece-open-2025	Senior Men -68kg	R16	522	PANAGOPOULOS Apostolos	GRE	ZISIS Polydefkis	GRE	PTF	2:0
greece-open-2025	Senior Men -68kg	R16	523	KAMAGIANNIS Ioannis Aris	GRE	BURUSIC Marko	SRB	PTF	2:0
greece-open-2025	Senior Men -68kg	QF	528	NTOMPROS Ioannis	GRE	BOUGAS Alexios	GRE	PTF	2:1
greece-open-2025	Senior Men -68kg	QF	529	COULIBALY Sekou	LUX	NAZARIS Georgios	GRE	PTF	2:0
greece-open-2025	Senior Men -68kg	QF	530	BEKOULIS Konstantinos	GRE	BARKOF Alexandros	GRE	PTF	2:1
greece-open-2025	Senior Men -68kg	QF	531	PANAGOPOULOS Apostolos	GRE	KAMAGIANNIS Ioannis Aris	GRE	PTF	2:0
greece-open-2025	Senior Men -68kg	SF	338	PANAGOPOULOS Apostolos	GRE	BEKOULIS Konstantinos	GRE	PTF	2:0
greece-open-2025	Senior Men -68kg	SF	534	COULIBALY Sekou	LUX	NTOMPROS Ioannis	GRE	PTF	2:1
greece-open-2025	Senior Men -68kg	F	537	PANAGOPOULOS Apostolos	GRE	COULIBALY Sekou	LUX	PTF	2:0
greece-open-2025	Senior Men -74kg	R32	401	IOANNOU Eleftherios	GRE	SZASZ Manyhert	ROU	PTF	2:1
greece-open-2025	Senior Men -74kg	R32	402	KRIVISHKIY Nimrod	ISR	SUNIL BINDHU Ashik	MLT	PTF	2:0
greece-open-2025	Senior Men -74kg	R16	409	BECOVIC Zinedin	MNE	IOANNOU Eleftherios	GRE	PTF	2:0
greece-open-2025	Senior Men -74kg	R16	410	ABDOUNI Abdelhamid	MAR	LUKIC Nikola	SRB	PTF	2:0
greece-open-2025	Senior Men -74kg	R16	411	TSOLAS Themistoklis	GRE	AGBOGBE Oswin	FRA	PTF	2:1
greece-open-2025	Senior Men -74kg	R16	412	CHUMACHENKO Andrii	UKR	MELANIFIDIS Georgios	GRE	PTF	2:0
greece-open-2025	Senior Men -74kg	R16	413	KARNEZIS Nikolaos	GRE	KORSAK Mykhailo	UKR	WDR	
greece-open-2025	Senior Men -74kg	R16	414	VESTERLUND Linus	SWE	ATHANASIADIS Panagiotis	GRE	RSC	1:0
greece-open-2025	Senior Men -74kg	R16	415	CAMMAERTS Andes	BEL	TOUNAS Nestoras	GRE	PTF	2:0
greece-open-2025	Senior Men -74kg	R16	416	FLOUSKOUNIS Charalampos	GRE	KRIVISHKIY Nimrod	ISR	PTF	2:0
greece-open-2025	Senior Men -74kg	QF	425	BECOVIC Zinedin	MNE	ABDOUNI Abdelhamid	MAR	PTF	2:0
greece-open-2025	Senior Men -74kg	QF	426	CHUMACHENKO Andrii	UKR	TSOLAS Themistoklis	GRE	PTF	2:0
greece-open-2025	Senior Men -74kg	QF	427	VESTERLUND Linus	SWE	KARNEZIS Nikolaos	GRE	PTF	2:0
greece-open-2025	Senior Men -74kg	QF	428	FLOUSKOUNIS Charalampos	GRE	CAMMAERTS Andes	BEL	PTF	2:0
greece-open-2025	Senior Men -74kg	SF	433	CHUMACHENKO Andrii	UKR	BECOVIC Zinedin	MNE	PTF	2:0
greece-open-2025	Senior Men -74kg	SF	434	VESTERLUND Linus	SWE	FLOUSKOUNIS Charalampos	GRE	PTF	2:1
greece-open-2025	Senior Men -74kg	F	437	CHUMACHENKO Andrii	UKR	VESTERLUND Linus	SWE	PTF	2:1
greece-open-2025	Senior Men -80kg	R16	405	GKORIS Konstantinos	GRE	TARAMAS Apostolos	GRE	PTF	2:0
greece-open-2025	Senior Men -80kg	R16	406	SEREMET Nino	BIH	DAGKOVANOS Apostolos	GRE	PTF	2:0
greece-open-2025	Senior Men -80kg	R16	407	CAMMAERTS Troy	BEL	PELTEKIS Dimitrios	GRE	PTF	2:1
greece-open-2025	Senior Men -80kg	R16	408	BAKAS Ioannis	GRE	PANAGIOTIDIS Andronikos	GRE	PTF	2:1
greece-open-2025	Senior Men -80kg	QF	421	PAPADOPOULOS Ioannis	GRE	GKORIS Konstantinos	GRE	PTF	2:1
greece-open-2025	Senior Men -80kg	QF	422	PANTAZIS Georgios	GRE	SEREMET Nino	BIH	RSC	2:0
greece-open-2025	Senior Men -80kg	QF	423	FERNANDEZ GARCIA Mikel	ESP	CAMMAERTS Troy	BEL	WDR	
greece-open-2025	Senior Men -80kg	QF	424	GONZALEZ Alejandro	PUR	BAKAS Ioannis	GRE	PTF	2:0
greece-open-2025	Senior Men -80kg	SF	431	PAPADOPOULOS Ioannis	GRE	PANTAZIS Georgios	GRE	PTF	2:1
greece-open-2025	Senior Men -80kg	SF	432	FERNANDEZ GARCIA Mikel	ESP	GONZALEZ Alejandro	PUR	PTF	2:0
greece-open-2025	Senior Men -80kg	F	436	FERNANDEZ GARCIA Mikel	ESP	PAPADOPOULOS Ioannis	GRE	WDR	
greece-open-2025	Senior Men -87kg	R16	203	THEODOSIOU Georgios	GRE	RADAKOVIĆ Ognjen	SRB	PTF	2:0
greece-open-2025	Senior Men -87kg	R16	204	AJDUKOVIC Dimitrije	SRB	POCZOBUTT ODLANICKI Cezary	MLT	PTF	2:0
greece-open-2025	Senior Men -87kg	R16	205	THEOCHAROUS Andreas	CYP	VAILEZOUDIS Michail	GRE	PTF	2:0
greece-open-2025	Senior Men -87kg	R16	206	GOLUBOVIC Milos	SRB	STYLIANIDIS Aris	CYP	PTF	2:1
greece-open-2025	Senior Men -87kg	QF	219	TROITINO AMOEDO Sergio	ESP	THEODOSIOU Georgios	GRE	RSC	
greece-open-2025	Senior Men -87kg	QF	220	STOJANOVIC Stefan	SRB	AJDUKOVIC Dimitrije	SRB	PTF	2:0
greece-open-2025	Senior Men -87kg	QF	221	SNACOV Laurentiu	ROU	THEOCHAROUS Andreas	CYP	PTF	2:0
greece-open-2025	Senior Men -87kg	QF	222	THOLIOTIS Vasileios	GRE	GOLUBOVIC Milos	SRB	PTF	2:1
greece-open-2025	Senior Men -87kg	SF	231	TROITINO AMOEDO Sergio	ESP	STOJANOVIC Stefan	SRB	PTF	2:0
greece-open-2025	Senior Men -87kg	SF	232	THOLIOTIS Vasileios	GRE	SNACOV Laurentiu	ROU	PTF	2:0
greece-open-2025	Senior Men -87kg	F	237	TROITINO AMOEDO Sergio	ESP	THOLIOTIS Vasileios	GRE	PTF	2:0
greece-open-2025	Senior Men +87kg	R16	207	KOSTIC Milan	SRB	TASIOULAS Alkiviadis	GRE	PTF	2:0
greece-open-2025	Senior Men +87kg	R16	208	DIMITRAKOPOULOS Filippos	GRE	BOZIC Pasko	CRO	PTF	2:1
greece-open-2025	Senior Men +87kg	R16	209	BADAROVSKI Gorjan	MKD	TOLEDO OLIVEIRA Bruno henriques	BRA	PTF	2:0
greece-open-2025	Senior Men +87kg	R16	210	RUDERMAN Ilia	ISR	DIMITRAKOPOULOS Athanasios	GRE	PTF	2:0
greece-open-2025	Senior Men +87kg	QF	223	MICHOPOULOS Sotirios	GRE	KOSTIC Milan	SRB	PTF	2:0
greece-open-2025	Senior Men +87kg	QF	224	DIMITRAKOPOULOS Filippos	GRE	ZAKARIA Khouyyar	MAR	PTF	2:0
greece-open-2025	Senior Men +87kg	QF	225	TELIKOSTOGLOU Apostolos	GRE	BADAROVSKI Gorjan	MKD	PTF	2:0
greece-open-2025	Senior Men +87kg	QF	226	RUDERMAN Ilia	ISR	ANDREOU Petros	CYP	PTF	2:0
greece-open-2025	Senior Men +87kg	SF	233	MICHOPOULOS Sotirios	GRE	DIMITRAKOPOULOS Filippos	GRE	PTF	2:0
greece-open-2025	Senior Men +87kg	SF	234	TELIKOSTOGLOU Apostolos	GRE	RUDERMAN Ilia	ISR	PTF	2:0
greece-open-2025	Senior Men +87kg	F	238	TELIKOSTOGLOU Apostolos	GRE	MICHOPOULOS Sotirios	GRE	PTF	2:0
greece-open-2025	Senior Women -46kg	R16	608	ANGELOPOULOU Aikaterini	GRE	DOUKA Eleni	GRE	PTF	2:0
greece-open-2025	Senior Women -46kg	R16	609	TSAMPALA Stamatia	GRE	LIKOMETI Sidorela	ALB	PTF	2:1
greece-open-2025	Senior Women -46kg	QF	620	MAKAS Dzejla	BIH	ANGELOPOULOU Aikaterini	GRE	PTF	2:0
greece-open-2025	Senior Women -46kg	QF	621	MYTILINIOU Magdalini Maria	GRE	BUSUIOC Ingrid Gabriela	ROU	RSC	1:0
greece-open-2025	Senior Women -46kg	QF	622	BRAJOVIC Iva	SRB	ROKKA Athanasia	GRE	PTF	2:0
greece-open-2025	Senior Women -46kg	QF	623	GEORGIOU Melina	GRE	TSAMPALA Stamatia	GRE	PTF	2:0
greece-open-2025	Senior Women -46kg	SF	630	MYTILINIOU Magdalini Maria	GRE	MAKAS Dzejla	BIH	PTF	2:0
greece-open-2025	Senior Women -46kg	SF	631	GEORGIOU Melina	GRE	BRAJOVIC Iva	SRB	PTF	2:0
greece-open-2025	Senior Women -46kg	F	635	GEORGIOU Melina	GRE	MYTILINIOU Magdalini Maria	GRE	PTF	1:0
greece-open-2025	Senior Women -49kg	R16	610	KONTOU Marina	GRE	GIANNOUKOU Alexandra	GRE	PTF	2:0
greece-open-2025	Senior Women -49kg	R16	611	SARGANTANI Charikleia	GRE	ILIADI Kyriaki Eirini	GRE	PTF	2:1
greece-open-2025	Senior Women -49kg	R16	612	BOUROGIANNI Konstantina eleni	GRE	MAKAS Ejla	BIH	PTF	2:0
greece-open-2025	Senior Women -49kg	R16	613	BRYHIDA Erika	UKR	MASTORI Eleni anthia	GRE	PTF	2:0
greece-open-2025	Senior Women -49kg	R16	614	AIDONIDOU Christina georgia	GRE	KARYDI Melina	GRE	PTF	2:1
greece-open-2025	Senior Women -49kg	R16	615	KAOURTISHI Nagia	CYP	APOIKOU Varvara	GRE	RSC	2:0
greece-open-2025	Senior Women -49kg	QF	624	MILIC Milica	SRB	KONTOU Marina	GRE	PTF	2:0
greece-open-2025	Senior Women -49kg	QF	625	BOUROGIANNI Konstantina eleni	GRE	SARGANTANI Charikleia	GRE	PTF	2:1
greece-open-2025	Senior Women -49kg	QF	626	BRYHIDA Erika	UKR	AIDONIDOU Christina georgia	GRE	PTF	2:1
greece-open-2025	Senior Women -49kg	QF	627	KAOURTISHI Nagia	CYP	BAJAN Mihaela nicoleta claudia	ROU	PTF	2:0
greece-open-2025	Senior Women -49kg	SF	632	BOUROGIANNI Konstantina eleni	GRE	MILIC Milica	SRB	PTF	2:1
greece-open-2025	Senior Women -49kg	SF	633	KAOURTISHI Nagia	CYP	BRYHIDA Erika	UKR	RSC	1:0
greece-open-2025	Senior Women -49kg	F	339	BOUROGIANNI Konstantina eleni	GRE	KAOURTISHI Nagia	CYP	PTF	2:1
greece-open-2025	Senior Women -53kg	R32	301	BOGDANOVIC Tijana	SRB	CHARALAMPOGLOU Maria Anna	GRE	PTF	2:1
greece-open-2025	Senior Women -53kg	R32	302	TZIMA Stamatia	GRE	KAOURTISHI Zeta	CYP	PTF	2:0
greece-open-2025	Senior Women -53kg	R32	303	GEORGIADOU Gesthimani	GRE	CZEPACZYSKA Patrycja	GRE	RSC	2:0
greece-open-2025	Senior Women -53kg	R32	304	LILOVA Elena	BUL	STEFANOU Aikaterini	GRE	PTF	2:0
greece-open-2025	Senior Women -53kg	R32	305	MALADENI Eleni	GRE	GRAFFE Lou	LUX	PTF	2:0
greece-open-2025	Senior Women -53kg	R32	306	KOKOSI Anastasia Nektaria	GRE	KARIMI Nuria	AUT	PTF	2:0
greece-open-2025	Senior Women -53kg	R32	307	PAPAIOANNOU Konstantina	GRE	PISTA Paraskevi	GRE	PTF	2:0
greece-open-2025	Senior Women -53kg	R16	311	EL BOUCHTI Oumaima	MAR	BOGDANOVIC Tijana	SRB	PTF	2:1
greece-open-2025	Senior Women -53kg	R16	312	IOANNOU Antonia	GRE	DE FAZIO Ioanna	GRE	PTF	2:1
greece-open-2025	Senior Women -53kg	R16	313	KOUTROUMPI Kalliopi	GRE	TZIMA Stamatia	GRE	PTF	2:0
greece-open-2025	Senior Women -53kg	R16	314	STANKOVIC Vanja	SRB	GEORGIADOU Gesthimani	GRE	PTF	2:0
greece-open-2025	Senior Women -53kg	R16	315	SPEHAR Lea	CRO	LILOVA Elena	BUL	PTF	2:1
greece-open-2025	Senior Women -53kg	R16	316	PAPPA Christina	GRE	MALADENI Eleni	GRE	PTF	2:0
greece-open-2025	Senior Women -53kg	R16	317	KLAKALA Magdalini	GRE	KOKOSI Anastasia Nektaria	GRE	PTF	2:0
greece-open-2025	Senior Women -53kg	R16	318	BOKAN Andrea	SRB	PAPAIOANNOU Konstantina	GRE	PTF	2:0
greece-open-2025	Senior Women -53kg	QF	325	EL BOUCHTI Oumaima	MAR	IOANNOU Antonia	GRE	PTF	2:0
greece-open-2025	Senior Women -53kg	QF	326	KOUTROUMPI Kalliopi	GRE	STANKOVIC Vanja	SRB	PTF	2:0
greece-open-2025	Senior Women -53kg	QF	327	SPEHAR Lea	CRO	PAPPA Christina	GRE	RSC	
greece-open-2025	Senior Women -53kg	QF	328	KLAKALA Magdalini	GRE	BOKAN Andrea	SRB	PTF	2:1
greece-open-2025	Senior Women -53kg	SF	333	EL BOUCHTI Oumaima	MAR	KOUTROUMPI Kalliopi	GRE	PTF	2:1
greece-open-2025	Senior Women -53kg	SF	334	SPEHAR Lea	CRO	KLAKALA Magdalini	GRE	PTF	2:1
greece-open-2025	Senior Women -53kg	F	337	EL BOUCHTI Oumaima	MAR	SPEHAR Lea	CRO	PTF	2:0
greece-open-2025	Senior Women -57kg	R32	201	TZELI Maria	GRE	MALMGREN GABRIELIN Ellinor	SWE	PTF	2:0
greece-open-2025	Senior Women -57kg	R32	202	DEMIAN Carla	LBN	PAPAIOANNOU Ioanna Maria	GRE	PTF	2:0
greece-open-2025	Senior Women -57kg	R16	211	MAKRYGIANNI Athina	GRE	TZELI Maria	GRE	PTF	2:0
greece-open-2025	Senior Women -57kg	R16	212	TZELI Fani	GRE	TEGGERI Markella	CYP	PTF	2:0
greece-open-2025	Senior Women -57kg	R16	213	KRAISNIK Ivana	BIH	KUKIC Iva	SRB	RSC	2:0
greece-open-2025	Senior Women -57kg	R16	214	TSALLOU Athanasia	GRE	MUSIELLO Giulia	ITA	PTF	2:0
greece-open-2025	Senior Women -57kg	R16	215	AJDUKOVIC Vesna	SRB	MAGIATLI Nikoleta	GRE	PTF	2:0
greece-open-2025	Senior Women -57kg	R16	216	DESYLLA Ioanna - stavroula	GRE	KICINSKA Klaudia	POL	PTF	2:0
greece-open-2025	Senior Women -57kg	R16	217	KRIATSIOTI Anna maria	GRE	MICHALOPOULOU Kyriaki	GRE	PTF	2:1
greece-open-2025	Senior Women -57kg	R16	218	DEMIAN Carla	LBN	RADAK Teodora	SRB	PTF	2:1
greece-open-2025	Senior Women -57kg	QF	227	TZELI Fani	GRE	MAKRYGIANNI Athina	GRE	PTF	2:0
greece-open-2025	Senior Women -57kg	QF	228	KRAISNIK Ivana	BIH	TSALLOU Athanasia	GRE	PTF	2:0
greece-open-2025	Senior Women -57kg	QF	229	AJDUKOVIC Vesna	SRB	DESYLLA Ioanna - stavroula	GRE	RSC	1:0
greece-open-2025	Senior Women -57kg	QF	230	KRIATSIOTI Anna maria	GRE	DEMIAN Carla	LBN	PTF	2:0
greece-open-2025	Senior Women -57kg	SF	235	TZELI Fani	GRE	KRAISNIK Ivana	BIH	PTF	2:0
greece-open-2025	Senior Women -57kg	SF	236	KRIATSIOTI Anna maria	GRE	AJDUKOVIC Vesna	SRB	WDR	
greece-open-2025	Senior Women -57kg	F	239	TZELI Fani	GRE	KRIATSIOTI Anna maria	GRE	PTF	2:0
greece-open-2025	Senior Women -62kg	R16	511	SARVANAKI Theopoula	GRE	BROMBERGER Lamprini	GRE	PTF	2:0
greece-open-2025	Senior Women -62kg	R16	512	SAVKOVIC Nadja	SRB	KAMPOURAKI Zanet Ioanna	GRE	PTF	2:0
greece-open-2025	Senior Women -62kg	R16	513	STAMOU Daphne	GRE	KAMINI Eftychia	GRE	PTF	2:0
greece-open-2025	Senior Women -62kg	R16	514	MARASLI Zeynep Ebrar	TUR	DARATZI Anastasia	GRE	PTF	2:1
greece-open-2025	Senior Women -62kg	R16	515	KANAKI Maria	GRE	SEVO Tamara	SRB	PTF	2:1
greece-open-2025	Senior Women -62kg	QF	524	MARIC Ela	SRB	SARVANAKI Theopoula	GRE	PTF	2:0
greece-open-2025	Senior Women -62kg	QF	525	SAVKOVIC Nadja	SRB	STAMOU Daphne	GRE	PTF	2:0
greece-open-2025	Senior Women -62kg	QF	526	MARASLI Zeynep Ebrar	TUR	RELJIKJ Miljana	MKD	WDR	
greece-open-2025	Senior Women -62kg	QF	527	KOMATINA Andrea	MNE	KANAKI Maria	GRE	PTF	2:0
greece-open-2025	Senior Women -62kg	SF	532	MARIC Ela	SRB	SAVKOVIC Nadja	SRB	PTF	2:0
greece-open-2025	Senior Women -62kg	SF	533	MARASLI Zeynep Ebrar	TUR	KOMATINA Andrea	MNE	PTF	2:0
greece-open-2025	Senior Women -62kg	F	536	MARIC Ela	SRB	MARASLI Zeynep Ebrar	TUR	PTF	2:0
greece-open-2025	Senior Women -67kg	R16	308	MELA Nefeli	CYP	GANTZOULA Stavroula-Eirini	GRE	PTF	2:0
greece-open-2025	Senior Women -67kg	R16	309	BERISAJ Andrea	MNE	ORLOVIC Marija	BIH	PTF	2:0
greece-open-2025	Senior Women -67kg	R16	310	HODZIC Nihada	BIH	MOTSAKOU Varvara	GRE	PTF	2:1
greece-open-2025	Senior Women -67kg	QF	321	MARENTAKI Styliani	GRE	MELA Nefeli	CYP	PTF	2:0
greece-open-2025	Senior Women -67kg	QF	322	TOMCZAK Tatiana	POL	SKAPROVSKA Valeriia	AIN	PTF	2:1
greece-open-2025	Senior Women -67kg	QF	323	MORENO REYES Lena	ESP	BERISAJ Andrea	MNE	PTF	2:0
greece-open-2025	Senior Women -67kg	QF	324	KLEPAC Nika	CRO	HODZIC Nihada	BIH	PTF	2:0
greece-open-2025	Senior Women -67kg	SF	331	MARENTAKI Styliani	GRE	TOMCZAK Tatiana	POL	PTF	2:0
greece-open-2025	Senior Women -67kg	SF	332	MORENO REYES Lena	ESP	KLEPAC Nika	CRO	PTF	2:0
greece-open-2025	Senior Women -67kg	F	336	MORENO REYES Lena	ESP	MARENTAKI Styliani	GRE	PTF	2:1
greece-open-2025	Senior Women -73kg	QF	126	BOZANIC Nadica	SRB	ATHANASIOU Maria Zoi	GRE	PTF	2:0
greece-open-2025	Senior Women -73kg	QF	127	NTOVA Eirini	GRE	SAKKA Charikleia	GRE	PTF	2:1
greece-open-2025	Senior Women -73kg	QF	128	MORAN ROMERO Belen	ESP	DELIDIMITRI Anastasia Christini	GRE	PTF	2:0
greece-open-2025	Senior Women -73kg	QF	129	PETROVIC Iva	SRB	ALBOUSTANY Carla	LBN	PTF	2:0
greece-open-2025	Senior Women -73kg	SF	134	BOZANIC Nadica	SRB	NTOVA Eirini	GRE	PTF	2:0
greece-open-2025	Senior Women -73kg	SF	135	MORAN ROMERO Belen	ESP	PETROVIC Iva	SRB	PTF	2:1
greece-open-2025	Senior Women -73kg	F	138	BOZANIC Nadica	SRB	MORAN ROMERO Belen	ESP	PTF	2:0
greece-open-2025	Senior Women +73kg	QF	319	SPYRIDOU Aliki Victoria	GRE	SAGANA Markella Eleni	GRE	PTF	2:0
greece-open-2025	Senior Women +73kg	QF	320	SEVIC Andela	SRB	VLACHOU Anastasia	GRE	PTF	2:0
greece-open-2025	Senior Women +73kg	SF	329	KITSIOU Agoritsa artemia	GRE	SPYRIDOU Aliki Victoria	GRE	WDR	1:0
greece-open-2025	Senior Women +73kg	SF	330	SEVIC Andela	SRB	TSONTAKI Maria	GRE	PTF	2:0
greece-open-2025	Senior Women +73kg	F	335	KITSIOU Agoritsa artemia	GRE	SEVIC Andela	SRB	PTF	2:0
austrian-open-2025	Senior Men -54kg	R16	305	KITADE Tatsuya	JPN	KAMAN Matej	CZE	PTF	2:0
austrian-open-2025	Senior Men -54kg	R16	306	LAUBHOLD Simon	GER	HAMI Muhammed	GER	PTF	2:0
austrian-open-2025	Senior Men -54kg	R16	307	PASHCOVSKY Tom	ISR	ZACCONE Francesco	ITA	PTF	2:0
austrian-open-2025	Senior Men -54kg	R16	308	YAKIMOV Tsvetan	BUL	SERIK Artur	KAZ	PTF	2:0
austrian-open-2025	Senior Men -54kg	R16	309	MIKLAVCIC Aljaz	SLO	KOUKOUSOUDIS Evangelos	GER	PTF	2:0
austrian-open-2025	Senior Men -54kg	R16	310	MOLJ Ozbolt	SLO	KADIRKULOV Begzod	KAZ	PTF	2:0
austrian-open-2025	Senior Men -54kg	QF	319	GEORGIEV Hristiyan	BUL	KITADE Tatsuya	JPN	PTF	2:0
austrian-open-2025	Senior Men -54kg	QF	320	PASHCOVSKY Tom	ISR	LAUBHOLD Simon	GER	WDR	
austrian-open-2025	Senior Men -54kg	QF	321	YAKIMOV Tsvetan	BUL	MIKLAVCIC Aljaz	SLO	PTF	2:0
austrian-open-2025	Senior Men -54kg	QF	322	KHUDAYBERDIEV Jakhongir	UZB	MOLJ Ozbolt	SLO	PTF	2:0
austrian-open-2025	Senior Men -54kg	SF	327	PASHCOVSKY Tom	ISR	GEORGIEV Hristiyan	BUL	PTF	2:1
austrian-open-2025	Senior Men -54kg	SF	328	KHUDAYBERDIEV Jakhongir	UZB	YAKIMOV Tsvetan	BUL	PTF	2:0
austrian-open-2025	Senior Men -54kg	F	331	PASHCOVSKY Tom	ISR	KHUDAYBERDIEV Jakhongir	UZB	PTF	2:0
austrian-open-2025	Senior Men -58kg	R32	501	PORRINO Giacomo	ITA	REDING Alan je	LUX	PTF	2:0
austrian-open-2025	Senior Men -58kg	R32	502	DIAZ Jhoel	VEN	PAGLIARA Matteo	ITA	PTF	2:0
austrian-open-2025	Senior Men -58kg	R32	503	GASANOVI Rauph	GEO	MISSOSSI BIENVENU Nzamba Nzamba	GAB	PTF	2:0
austrian-open-2025	Senior Men -58kg	R32	504	KHAN Rayhaan	PAK	KNECHT Nicolas	GER	PTF	2:1
austrian-open-2025	Senior Men -58kg	R32	505	ALSAFFOURI Tayam	AUT	ARNEZ VACA Francisco	ITA	PTF	2:0
austrian-open-2025	Senior Men -58kg	R16	509	SIMPARA Youssouf	MLI	PORRINO Giacomo	ITA	PTF	2:0
austrian-open-2025	Senior Men -58kg	R16	510	ABDEL HALIM Khaled	GER	TRISTAN Scutaru	ROU	PTF	2:1
austrian-open-2025	Senior Men -58kg	R16	511	MEHLMANN Daniel	GER	DIAZ Jhoel	VEN	PTF	2:1
austrian-open-2025	Senior Men -58kg	R16	512	MANSUROV Kamronbek	UZB	GASANOVI Rauph	GEO	PTF	2:0
austrian-open-2025	Senior Men -58kg	R16	513	MOLJ Domen	SLO	KHAN Rayhaan	PAK	PTF	2:0
austrian-open-2025	Senior Men -58kg	R16	514	OTAJONOV Omonjon	UZB	MIRAYIMOV Mirdiyorbek	UZB	PTF	2:1
austrian-open-2025	Senior Men -58kg	R16	515	MIRANDA Adrian	ECU	TRIANTAFYLLOU Dimitrios	GRE	PTF	2:1
austrian-open-2025	Senior Men -58kg	R16	516	MANENKOV Maksym	UKR	ALSAFFOURI Tayam	AUT	PTF	2:0
austrian-open-2025	Senior Men -58kg	QF	521	ABDEL HALIM Khaled	GER	SIMPARA Youssouf	MLI	PTF	2:1
austrian-open-2025	Senior Men -58kg	QF	522	MANSUROV Kamronbek	UZB	MEHLMANN Daniel	GER	PTF	2:0
austrian-open-2025	Senior Men -58kg	QF	523	OTAJONOV Omonjon	UZB	MOLJ Domen	SLO	PTF	2:0
austrian-open-2025	Senior Men -58kg	QF	524	MANENKOV Maksym	UKR	MIRANDA Adrian	ECU	PTF	2:0
austrian-open-2025	Senior Men -58kg	SF	527	MANSUROV Kamronbek	UZB	ABDEL HALIM Khaled	GER	PTF	2:0
austrian-open-2025	Senior Men -58kg	SF	528	MANENKOV Maksym	UKR	OTAJONOV Omonjon	UZB	PTF	1:1
austrian-open-2025	Senior Men -58kg	F	530	MANENKOV Maksym	UKR	MANSUROV Kamronbek	UZB	PTF	2:1
austrian-open-2025	Senior Men -63kg	R32	101	RZEPKA Jean-luc	GER	ALEXANDRU OVIDIU Miu	ROU	PTF	2:0
austrian-open-2025	Senior Men -63kg	R32	102	HUBERT Ilan	FRA	FLOURIS Iosif	CYP	PTF	2:0
austrian-open-2025	Senior Men -63kg	R32	103	NACHEV Luboslav	BUL	ONUS Eren	GER	PTF	2:0
austrian-open-2025	Senior Men -63kg	R32	104	NAZAROV Nazarali	UZB	DAXNER Leonard	AUT	PTF	2:0
austrian-open-2025	Senior Men -63kg	R32	105	MAIKOV Vladyslav	UKR	ANDARABI Habil	GER	PTF	2:1
austrian-open-2025	Senior Men -63kg	R32	106	KASSANOV Izyat	KAZ	VISINSKI Patrik	CRO	PTF	2:0
austrian-open-2025	Senior Men -63kg	R32	107	HUSSEIN Ulat	GER	SPRECA Tommaso	ITA	PTF	2:1
austrian-open-2025	Senior Men -63kg	R32	108	ARNOUX Gabriel	FRA	PITUSHI Visar	ALB	PTF	2:0
austrian-open-2025	Senior Men -63kg	R16	110	JULES Nathan	FRA	RZEPKA Jean-luc	GER	PTF	2:0
austrian-open-2025	Senior Men -63kg	R16	111	FUNKENDORF Vladyslav	UKR	HUBERT Ilan	FRA	PTF	2:0
austrian-open-2025	Senior Men -63kg	R16	112	MILETIC Mateja	SRB	NACHEV Luboslav	BUL	PTF	2:0
austrian-open-2025	Senior Men -63kg	R16	113	NAZAROV Nazarali	UZB	GRANADO Yohandri	VEN	PTF	2:0
austrian-open-2025	Senior Men -63kg	R16	114	BOURGEOIS Owen	FRA	MAIKOV Vladyslav	UKR	PTF	2:0
austrian-open-2025	Senior Men -63kg	R16	115	KASSANOV Izyat	KAZ	OGUZ Niklas kristiansen	NOR	PTF	2:0
austrian-open-2025	Senior Men -63kg	R16	116	HUSSEIN Ulat	GER	FILIP MURESANU Raul mario	ROU	PTF	2:1
austrian-open-2025	Senior Men -63kg	R16	117	CAVUSMAN Emre	GER	ARNOUX Gabriel	FRA	PTF	2:0
austrian-open-2025	Senior Men -63kg	QF	122	JULES Nathan	FRA	FUNKENDORF Vladyslav	UKR	PTF	2:0
austrian-open-2025	Senior Men -63kg	QF	123	NAZAROV Nazarali	UZB	MILETIC Mateja	SRB	PTF	2:0
austrian-open-2025	Senior Men -63kg	QF	124	BOURGEOIS Owen	FRA	KASSANOV Izyat	KAZ	PTF	2:1
austrian-open-2025	Senior Men -63kg	QF	125	CAVUSMAN Emre	GER	HUSSEIN Ulat	GER	PTF	2:1
austrian-open-2025	Senior Men -63kg	SF	128	NAZAROV Nazarali	UZB	JULES Nathan	FRA	PTF	2:1
austrian-open-2025	Senior Men -63kg	SF	129	CAVUSMAN Emre	GER	BOURGEOIS Owen	FRA	PTF	2:1
austrian-open-2025	Senior Men -63kg	F	131	NAZAROV Nazarali	UZB	CAVUSMAN Emre	GER	PTF	2:0
austrian-open-2025	Senior Men -68kg	R32	201	MIRZOIEV Simur	UKR	HUSREV Victor	GER	PTF	2:0
austrian-open-2025	Senior Men -68kg	R32	202	TUKHLIBOEV Diyorbek	UZB	FIBY Daniel	AUT	PTF	2:0
austrian-open-2025	Senior Men -68kg	R32	203	ZEHETNER Felix	AUT	NASERI Ansar	RTA	PTF	2:0
austrian-open-2025	Senior Men -68kg	R32	204	SPRECA Andrea	ITA	DRESCHER Tim	GER	PTF	2:0
austrian-open-2025	Senior Men -68kg	R32	205	ABBASI Ali reza	TRT	JURKIC Miro	CRO	PTF	2:0
austrian-open-2025	Senior Men -68kg	R32	206	MORADI Erfan	TRT	HONCHAR Nikita	UKR	PTF	2:0
austrian-open-2025	Senior Men -68kg	R32	207	KOSIMKHOJIEV Najmiddin	UZB	BILGIN Efe	GER	PTF	2:0
austrian-open-2025	Senior Men -68kg	R32	208	BURUSIC Marko	SRB	MORADI Mohammad	AUT	PTF	2:0
austrian-open-2025	Senior Men -68kg	R32	209	RAJABOV Islombek	UZB	SETTA Hamad	DEN	PTF	2:0
austrian-open-2025	Senior Men -68kg	R32	210	JAKOBSEN Carl cai brink	DEN	MEYER Leon	GER	PTF	2:0
austrian-open-2025	Senior Men -68kg	R16	211	CREP Matija	CRO	MIRZOIEV Simur	UKR	PTF	2:1
austrian-open-2025	Senior Men -68kg	R16	212	TUKHLIBOEV Diyorbek	UZB	ZEHETNER Felix	AUT	PTF	2:0
austrian-open-2025	Senior Men -68kg	R16	213	LO Mouhamadou mansour	SEN	SPRECA Andrea	ITA	PTF	2:0
austrian-open-2025	Senior Men -68kg	R16	214	MIRZOIEV Samir	UKR	ABBASI Ali reza	TRT	PTF	2:0
austrian-open-2025	Senior Men -68kg	R16	215	MORADI Erfan	TRT	HYTTEL Tobias	DEN	PTF	2:1
austrian-open-2025	Senior Men -68kg	R16	216	KOSIMKHOJIEV Najmiddin	UZB	AL GHOTANY Yahya	TRT	PTF	2:0
austrian-open-2025	Senior Men -68kg	R16	217	RAJABOV Islombek	UZB	BURUSIC Marko	SRB	PTF	2:1
austrian-open-2025	Senior Men -68kg	R16	218	BYSTROV Volodymyr	UKR	JAKOBSEN Carl cai brink	DEN	PTF	2:0
austrian-open-2025	Senior Men -68kg	QF	221	CREP Matija	CRO	TUKHLIBOEV Diyorbek	UZB	RSC	1:1
austrian-open-2025	Senior Men -68kg	QF	222	MIRZOIEV Samir	UKR	LO Mouhamadou mansour	SEN	PTF	2:1
austrian-open-2025	Senior Men -68kg	QF	223	KOSIMKHOJIEV Najmiddin	UZB	MORADI Erfan	TRT	PTF	2:0
austrian-open-2025	Senior Men -68kg	QF	224	BYSTROV Volodymyr	UKR	RAJABOV Islombek	UZB	PTF	2:0
austrian-open-2025	Senior Men -68kg	SF	227	MIRZOIEV Samir	UKR	CREP Matija	CRO	WDR	
austrian-open-2025	Senior Men -68kg	SF	228	BYSTROV Volodymyr	UKR	KOSIMKHOJIEV Najmiddin	UZB	PTF	2:1
austrian-open-2025	Senior Men -68kg	F	230	MIRZOIEV Samir	UKR	BYSTROV Volodymyr	UKR	PTF	2:0
austrian-open-2025	Senior Men -74kg	R32	801	STAMENOV Stefan	BUL	EL HAJ KHALIL Mohamad	GER	PTF	2:0
austrian-open-2025	Senior Men -74kg	R32	802	HRYHORCHUK Andrii	UKR	MALIK Merey	KAZ	PTF	2:1
austrian-open-2025	Senior Men -74kg	R32	803	ĐODAN Ivan	CRO	COLAK Nayan can	GER	PTF	2:0
austrian-open-2025	Senior Men -74kg	R32	804	LILOV Krasimir	BUL	VALLENILLA Abrahan	VEN	PTF	2:0
austrian-open-2025	Senior Men -74kg	R32	805	SZASZ Manyhert	ROU	GIANNOU Efstratios	GRE	PTF	2:1
austrian-open-2025	Senior Men -74kg	R32	806	KOMATINA Ognjen	MNE	MAURACHER Maximilian	AUT	PTF	2:0
austrian-open-2025	Senior Men -74kg	R16	809	STAMENOV Stefan	BUL	BECOVIC Zinedin	MNE	PTF	2:0
austrian-open-2025	Senior Men -74kg	R16	810	BEKASSYL Yergesh	KAZ	CAMMAERTS Andes	BEL	PTF	2:0
austrian-open-2025	Senior Men -74kg	R16	811	KATOH Takato	JPN	HRYHORCHUK Andrii	UKR	PTF	2:0
austrian-open-2025	Senior Men -74kg	R16	812	GONZALEZ GOMEZ Federico	URU	ĐODAN Ivan	CRO	PTF	2:0
austrian-open-2025	Senior Men -74kg	R16	813	CHUMACHENKO Andrii	UKR	LILOV Krasimir	BUL	PTF	2:0
austrian-open-2025	Senior Men -74kg	R16	814	BALAKA Artem	UKR	SZASZ Manyhert	ROU	PTF	2:0
austrian-open-2025	Senior Men -74kg	R16	815	LOTT Liam	GER	CRESCENTINI Stefano	SMR	PTF	2:0
austrian-open-2025	Senior Men -74kg	R16	816	FLOUSKOUNIS Charalampos	GRE	KOMATINA Ognjen	MNE	PTF	2:0
austrian-open-2025	Senior Men -74kg	QF	821	STAMENOV Stefan	BUL	BEKASSYL Yergesh	KAZ	PTF	2:1
austrian-open-2025	Senior Men -74kg	QF	822	KATOH Takato	JPN	GONZALEZ GOMEZ Federico	URU	PTF	2:0
austrian-open-2025	Senior Men -74kg	QF	823	CHUMACHENKO Andrii	UKR	BALAKA Artem	UKR	PTF	2:0
austrian-open-2025	Senior Men -74kg	QF	824	FLOUSKOUNIS Charalampos	GRE	LOTT Liam	GER	PTF	2:0
austrian-open-2025	Senior Men -74kg	SF	827	KATOH Takato	JPN	STAMENOV Stefan	BUL	PTF	2:0
austrian-open-2025	Senior Men -74kg	SF	828	CHUMACHENKO Andrii	UKR	FLOUSKOUNIS Charalampos	GRE	PTF	2:0
austrian-open-2025	Senior Men -74kg	F	830	KATOH Takato	JPN	CHUMACHENKO Andrii	UKR	PTF	2:0
austrian-open-2025	Senior Men -80kg	R16	607	CAMMAERTS Troy	BEL	SOLMI Pasquale	ITA	PTF	2:0
austrian-open-2025	Senior Men -80kg	R16	608	GUMUS Kaan	GER	PANTIS Patrick	AUT	PTF	2:0
austrian-open-2025	Senior Men -80kg	R16	609	CRISTESCU Mihai adrian	ROU	PERUNIČIĆ Vasilije	MNE	PTF	2:0
austrian-open-2025	Senior Men -80kg	R16	610	AKBABAOZ Muhammed buğrahan	RTA	BOUGRICH Marouane	ITA	PTF	2:0
austrian-open-2025	Senior Men -80kg	R16	611	CAPUTO Giuseppe	ITA	EBERLI Denys	SUI	PTF	2:0
austrian-open-2025	Senior Men -80kg	QF	620	KOSTENEVYCH Kostiantyn	UKR	CAMMAERTS Troy	BEL	PTF	2:1
austrian-open-2025	Senior Men -80kg	QF	621	GUMUS Kaan	GER	CRISTESCU Mihai adrian	ROU	PTF	2:0
austrian-open-2025	Senior Men -80kg	QF	622	GANIYEV Mergen	KAZ	AKBABAOZ Muhammed buğrahan	RTA	PTF	2:0
austrian-open-2025	Senior Men -80kg	QF	623	HURNOV Kyrylo	UKR	CAPUTO Giuseppe	ITA	PTF	2:0
austrian-open-2025	Senior Men -80kg	SF	628	KOSTENEVYCH Kostiantyn	UKR	GUMUS Kaan	GER	PTF	2:0
austrian-open-2025	Senior Men -80kg	SF	629	HURNOV Kyrylo	UKR	GANIYEV Mergen	KAZ	PTF	2:1
austrian-open-2025	Senior Men -80kg	F	632	HURNOV Kyrylo	UKR	KOSTENEVYCH Kostiantyn	UKR	PTF	2:0
austrian-open-2025	Senior Men -87kg	R16	807	CHUANG Po-wu	TPE	GREUE Marvin	GER	PTF	2:0
austrian-open-2025	Senior Men -87kg	R16	808	ABDUKODIROV Azizbek	UZB	CIPLAK Selim	GER	PTF	2:0
austrian-open-2025	Senior Men -87kg	QF	817	ZHURABOEV Yodgorbek	UZB	CHUANG Po-wu	TPE	PTF	2:0
austrian-open-2025	Senior Men -87kg	QF	818	AMER ALI Hassan	DEN	NURGAZIN Meiir	KAZ	PTF	2:0
austrian-open-2025	Senior Men -87kg	QF	819	KOZHAKHMET Nurkanat	KAZ	BRANTUŠA Roko	CRO	PTF	2:0
austrian-open-2025	Senior Men -87kg	QF	820	ABDUKODIROV Azizbek	UZB	SNACOV Laurentiu	ROU	PTF	2:0
austrian-open-2025	Senior Men -87kg	SF	825	ZHURABOEV Yodgorbek	UZB	AMER ALI Hassan	DEN	PTF	2:0
austrian-open-2025	Senior Men -87kg	SF	826	ABDUKODIROV Azizbek	UZB	KOZHAKHMET Nurkanat	KAZ	PTF	2:0
austrian-open-2025	Senior Men -87kg	F	829	ZHURABOEV Yodgorbek	UZB	ABDUKODIROV Azizbek	UZB	PTF	2:0
austrian-open-2025	Senior Men +87kg	QF	706	MAVLONOV Marat	UZB	CAMPANA Pietro-jun	GER	PTF	2:0
austrian-open-2025	Senior Men +87kg	QF	707	KUECUEKSUNGUR Kerim	GER	KHASSENOV Bauyrzhan	KAZ	PTF	2:0
austrian-open-2025	Senior Men +87kg	QF	708	DIVKOVIC Patrik	SLO	SAIDI Isa	AUT	PTF	2:0
austrian-open-2025	Senior Men +87kg	QF	709	KABLAN Beibarys	KAZ	ALVAREZ Luis	VEN	PTF	2:0
austrian-open-2025	Senior Men +87kg	SF	714	MAVLONOV Marat	UZB	KUECUEKSUNGUR Kerim	GER	PTF	2:0
austrian-open-2025	Senior Men +87kg	SF	715	KABLAN Beibarys	KAZ	DIVKOVIC Patrik	SLO	PTF	2:0
austrian-open-2025	Senior Men +87kg	F	718	KABLAN Beibarys	KAZ	MAVLONOV Marat	UZB	PTF	2:0
austrian-open-2025	Senior Women -46kg	R16	506	BUSUIOC Ingrid Gabriela	ROU	KODAMAN Helin	GER	PTF	2:1
austrian-open-2025	Senior Women -46kg	R16	507	STURARI Alessia	ITA	KAMINSKA Michaela	SVK	PTF	2:0
austrian-open-2025	Senior Women -46kg	R16	508	OZKEN Aleyna	GER	SHVARTS Olha	UKR	PTF	2:1
austrian-open-2025	Senior Women -46kg	QF	517	BERTAGNIN Elisa	ITA	BUSUIOC Ingrid Gabriela	ROU	PTF	2:0
austrian-open-2025	Senior Women -46kg	QF	518	TOJIMATOVA Zuhrakhon	UZB	ETTELBRUCK Lilly	GER	PTF	2:0
austrian-open-2025	Senior Women -46kg	QF	519	STURARI Alessia	ITA	SHONIYOZOVA Madina	UZB	PTF	2:0
austrian-open-2025	Senior Women -46kg	QF	520	ZAMPETTI Sofia	ITA	OZKEN Aleyna	GER	PTF	2:0
austrian-open-2025	Senior Women -46kg	SF	525	BERTAGNIN Elisa	ITA	TOJIMATOVA Zuhrakhon	UZB	WDR	1:1
austrian-open-2025	Senior Women -46kg	SF	526	STURARI Alessia	ITA	ZAMPETTI Sofia	ITA	PTF	2:1
austrian-open-2025	Senior Women -46kg	F	529	BERTAGNIN Elisa	ITA	STURARI Alessia	ITA	PTF	2:1
austrian-open-2025	Senior Women -49kg	R16	405	MURAKAMI China	JPN	MARGARYNT Anastacia	GER	PTF	2:0
austrian-open-2025	Senior Women -49kg	R16	406	DELLAN Virginia	VEN	KOSTIUK Yaryna	UKR	PTF	2:0
austrian-open-2025	Senior Women -49kg	R16	407	CURA Yezda	GER	ACCARDO Isabel	AUT	PTF	2:0
austrian-open-2025	Senior Women -49kg	R16	408	BRIGNOLI Sofia	ITA	KRAJIC Teodora	AUT	PTF	2:1
austrian-open-2025	Senior Women -49kg	R16	409	OKAMOTO Ruka	JPN	MAROUFIDOU Anastasia	GER	PTF	2:0
austrian-open-2025	Senior Women -49kg	QF	418	MURAKAMI China	JPN	MAESTRO Virginia	ITA	PTF	2:1
austrian-open-2025	Senior Women -49kg	QF	419	DELLAN Virginia	VEN	CURA Yezda	GER	PTF	2:0
austrian-open-2025	Senior Women -49kg	QF	420	KAMANDI Dina	GER	BRIGNOLI Sofia	ITA	PTF	2:0
austrian-open-2025	Senior Women -49kg	QF	421	OKAMOTO Ruka	JPN	KHASANOVA Laylo	UZB	PTF	2:0
austrian-open-2025	Senior Women -49kg	SF	426	MURAKAMI China	JPN	DELLAN Virginia	VEN	PTF	2:0
austrian-open-2025	Senior Women -49kg	SF	427	OKAMOTO Ruka	JPN	KAMANDI Dina	GER	PTF	2:0
austrian-open-2025	Senior Women -49kg	F	430	MURAKAMI China	JPN	OKAMOTO Ruka	JPN	PTF	1:1
austrian-open-2025	Senior Women -53kg	R32	301	LILOVA Elena	BUL	FIBY Genevieve	AUT	PTF	2:0
austrian-open-2025	Senior Women -53kg	R32	302	SABZGHABAEI Sohejla	GER	GAKHOKIDZE Keso	GEO	PTF	2:1
austrian-open-2025	Senior Women -53kg	R32	303	QALIKHANI Elham	GER	LUNDBERG Sadhbh	IRL	PTF	2:0
austrian-open-2025	Senior Women -53kg	R32	304	VALERIO Ashley	USA	BOESCH Lena	AUT	PTF	2:0
austrian-open-2025	Senior Women -53kg	R16	311	KATOH Yuzuho	JPN	LILOVA Elena	BUL	PTF	2:0
austrian-open-2025	Senior Women -53kg	R16	312	MAYER Leonie	GER	PFAFF Marbele	GER	PTF	2:1
austrian-open-2025	Senior Women -53kg	R16	313	KARAJANOVA Aziza	KAZ	PERNISCHOVA Simona	SVK	PTF	2:0
austrian-open-2025	Senior Women -53kg	R16	314	BUTTARELLI Aurelie	FRA	SABZGHABAEI Sohejla	GER	PTF	2:0
austrian-open-2025	Senior Women -53kg	R16	315	ASIMI Adiba	GER	QALIKHANI Elham	GER	PTF	2:0
austrian-open-2025	Senior Women -53kg	R16	316	ZAYNIDDINOVA Laylo	UZB	KARIMI Nuria	AUT	PTF	2:0
austrian-open-2025	Senior Women -53kg	R16	317	KARMELY Lea anais	GER	MOGHAL Amna	NOR	PTF	2:0
austrian-open-2025	Senior Women -53kg	R16	318	SUNDETBAY Aidana	KAZ	VALERIO Ashley	USA	PTF	2:0
austrian-open-2025	Senior Women -53kg	QF	323	KATOH Yuzuho	JPN	MAYER Leonie	GER	PTF	2:0
austrian-open-2025	Senior Women -53kg	QF	324	KARAJANOVA Aziza	KAZ	BUTTARELLI Aurelie	FRA	PTF	2:0
austrian-open-2025	Senior Women -53kg	QF	325	ASIMI Adiba	GER	ZAYNIDDINOVA Laylo	UZB	PTF	2:1
austrian-open-2025	Senior Women -53kg	QF	326	SUNDETBAY Aidana	KAZ	KARMELY Lea anais	GER	RSC	2:0
austrian-open-2025	Senior Women -53kg	SF	329	KARAJANOVA Aziza	KAZ	KATOH Yuzuho	JPN	PTF	2:0
austrian-open-2025	Senior Women -53kg	SF	330	SUNDETBAY Aidana	KAZ	ASIMI Adiba	GER	PTF	2:0
austrian-open-2025	Senior Women -53kg	F	332	KARAJANOVA Aziza	KAZ	SUNDETBAY Aidana	KAZ	PTF	2:0
austrian-open-2025	Senior Women -57kg	R32	401	MAISURADZE Ani	GEO	ZELENOVIC Misela	AUT	PTF	2:0
austrian-open-2025	Senior Women -57kg	R32	402	SULBARAN Alexmar	VEN	KHOBTAR Sofiia	UKR	PTF	2:0
austrian-open-2025	Senior Women -57kg	R32	403	EL BARICHI Manal	GER	MUSIELLO Giulia	ITA	PTF	2:1
austrian-open-2025	Senior Women -57kg	R32	404	SPILLMANN Sarah	GER	ENTEZARI Nazila	AUT	PTF	2:0
austrian-open-2025	Senior Women -57kg	R16	410	MIRABZALOVA Madina	UZB	MAISURADZE Ani	GEO	PTF	2:0
austrian-open-2025	Senior Women -57kg	R16	411	MAROUFIDOU Georgia	GER	STEINKUELER Frieda margarethe	GER	PTF	2:0
austrian-open-2025	Senior Women -57kg	R16	412	PRICOLO Marina	ITA	WOLF Jessica	GER	PTF	2:1
austrian-open-2025	Senior Women -57kg	R16	413	SULBARAN Alexmar	VEN	BANGURA Aisha	GER	PTF	2:0
austrian-open-2025	Senior Women -57kg	R16	414	ROVITHIS Anastasia	GER	EL BARICHI Manal	GER	PTF	2:0
austrian-open-2025	Senior Women -57kg	R16	415	ABDUVALIEVA Shabona	UZB	REZAIE Roja	GER	PTF	2:1
austrian-open-2025	Senior Women -57kg	R16	416	KOSTENEVYCH Darya	UKR	HEBBAR Nisrin	FRA	PTF	2:0
austrian-open-2025	Senior Women -57kg	R16	417	SEVOSTYANOVA Mariya	KAZ	SPILLMANN Sarah	GER	PTF	2:0
austrian-open-2025	Senior Women -57kg	QF	422	MIRABZALOVA Madina	UZB	MAROUFIDOU Georgia	GER	PTF	2:0
austrian-open-2025	Senior Women -57kg	QF	423	SULBARAN Alexmar	VEN	PRICOLO Marina	ITA	PTF	2:1
austrian-open-2025	Senior Women -57kg	QF	424	ABDUVALIEVA Shabona	UZB	ROVITHIS Anastasia	GER	PTF	2:1
austrian-open-2025	Senior Women -57kg	QF	425	KOSTENEVYCH Darya	UKR	SEVOSTYANOVA Mariya	KAZ	PTF	2:0
austrian-open-2025	Senior Women -57kg	SF	428	MIRABZALOVA Madina	UZB	SULBARAN Alexmar	VEN	PTF	2:0
austrian-open-2025	Senior Women -57kg	SF	429	KOSTENEVYCH Darya	UKR	ABDUVALIEVA Shabona	UZB	PTF	2:1
austrian-open-2025	Senior Women -57kg	F	431	MIRABZALOVA Madina	UZB	KOSTENEVYCH Darya	UKR	PTF	2:0
austrian-open-2025	Senior Women -62kg	R32	601	MIRKOVIC Alida	AUT	BECKER Nele	GER	PTF	2:0
austrian-open-2025	Senior Women -62kg	R32	602	HUESCH Angelina	GER	KRAINOVA Marharyta	UKR	PTF	2:0
austrian-open-2025	Senior Women -62kg	R32	603	GONZALEZ Genesis	VEN	FRANCESCHI Francesca maria	FRA	PTF	2:1
austrian-open-2025	Senior Women -62kg	R32	604	RUCINSKI Viktoria	GER	HARRASSER Allegra	AUT	PTF	2:0
austrian-open-2025	Senior Women -62kg	R32	605	AZIZOVA Diyorakhon	UZB	LABUZOVA Mariia	UKR	PTF	2:0
austrian-open-2025	Senior Women -62kg	R32	606	ATANASOVA Martina	BUL	BALCI Edanur	GER	PTF	2:0
austrian-open-2025	Senior Women -62kg	R16	612	MINA Mell	ECU	MIRKOVIC Alida	AUT	PTF	2:0
austrian-open-2025	Senior Women -62kg	R16	613	ORLOVIC Marija	BIH	KHAYITOVA Sevinch	UZB	PTF	2:0
austrian-open-2025	Senior Women -62kg	R16	614	RELJIKJ Miljana	MKD	HUESCH Angelina	GER	PTF	2:0
austrian-open-2025	Senior Women -62kg	R16	615	KICEMA Helena	CRO	GONZALEZ Genesis	VEN	PTF	2:1
austrian-open-2025	Senior Women -62kg	R16	616	RUCINSKI Viktoria	GER	KOMATINA Andrea	MNE	PTF	2:1
austrian-open-2025	Senior Women -62kg	R16	617	AZIZOVA Diyorakhon	UZB	AIMUKASHEVA Kamila	KAZ	PTF	2:1
austrian-open-2025	Senior Women -62kg	R16	618	MARASLI Zeynep Ebrar	TUR	MANGEN Lennie	LUX	PTF	2:0
austrian-open-2025	Senior Women -62kg	R16	619	GOEBEL Laura	GER	ATANASOVA Martina	BUL	RSC	
austrian-open-2025	Senior Women -62kg	QF	624	MINA Mell	ECU	ORLOVIC Marija	BIH	PTF	2:0
austrian-open-2025	Senior Women -62kg	QF	625	RELJIKJ Miljana	MKD	KICEMA Helena	CRO	PTF	2:0
austrian-open-2025	Senior Women -62kg	QF	626	RUCINSKI Viktoria	GER	AZIZOVA Diyorakhon	UZB	PTF	2:0
austrian-open-2025	Senior Women -62kg	QF	627	GOEBEL Laura	GER	MARASLI Zeynep Ebrar	TUR	PTF	2:0
austrian-open-2025	Senior Women -62kg	SF	630	MINA Mell	ECU	RELJIKJ Miljana	MKD	PTF	2:0
austrian-open-2025	Senior Women -62kg	SF	631	RUCINSKI Viktoria	GER	GOEBEL Laura	GER	PTF	2:1
austrian-open-2025	Senior Women -62kg	F	633	MINA Mell	ECU	RUCINSKI Viktoria	GER	PTF	2:0
austrian-open-2025	Senior Women -67kg	R16	109	LIN Hsin-tung	TPE	KUTS Uliana	UKR	PTF	2:0
austrian-open-2025	Senior Women -67kg	QF	118	SOBIRJONOVA Ozoda	UZB	LIN Hsin-tung	TPE	PTF	2:0
austrian-open-2025	Senior Women -67kg	QF	119	BERISAJ Andrea	MNE	CLEMENTE Hillary	VEN	PTF	2:0
austrian-open-2025	Senior Women -67kg	QF	120	FREDERIKSEN Kathrine kamp nordentoft	DEN	HACKSTEINER Sandra	AUT	PTF	2:0
austrian-open-2025	Senior Women -67kg	QF	121	KANOUTE Iman	MLI	KRUSH Diana	UKR	PTF	2:0
austrian-open-2025	Senior Women -67kg	SF	126	SOBIRJONOVA Ozoda	UZB	BERISAJ Andrea	MNE	PTF	2:0
austrian-open-2025	Senior Women -67kg	SF	127	KANOUTE Iman	MLI	FREDERIKSEN Kathrine kamp nordentoft	DEN	PTF	2:0
austrian-open-2025	Senior Women -67kg	F	130	SOBIRJONOVA Ozoda	UZB	KANOUTE Iman	MLI	PTF	2:0
austrian-open-2025	Senior Women -73kg	R16	701	RUDOLF Nika	SLO	BERISAJ Andela	MNE	PTF	2:0
austrian-open-2025	Senior Women -73kg	R16	702	HELDNER Laura	SUI	SCHMIDT Lisa	GER	PTF	2:0
austrian-open-2025	Senior Women -73kg	R16	703	TARVIDA Jolanta	LAT	SCHWENTNER Eva	AUT	PTF	2:0
austrian-open-2025	Senior Women -73kg	R16	704	KRSTINIC Anja	CRO	HUSOVIC Darija	GER	PTF	2:1
austrian-open-2025	Senior Women -73kg	R16	705	PARDAEVA Sabrina	UZB	DUMINA Mariia	UKR	PTF	2:1
austrian-open-2025	Senior Women -73kg	QF	710	RUDOLF Nika	SLO	HOERMANN Emily	GER	PTF	2:0
austrian-open-2025	Senior Women -73kg	QF	711	TARVIDA Jolanta	LAT	HELDNER Laura	SUI	PTF	2:0
austrian-open-2025	Senior Women -73kg	QF	712	KRSTINIC Anja	CRO	HUTZEN Hanna	GER	PTF	2:0
austrian-open-2025	Senior Women -73kg	QF	713	KURKAC Ilayda	GER	PARDAEVA Sabrina	UZB	PTF	2:0
austrian-open-2025	Senior Women -73kg	SF	716	TARVIDA Jolanta	LAT	RUDOLF Nika	SLO	PTF	2:0
austrian-open-2025	Senior Women -73kg	SF	717	KRSTINIC Anja	CRO	KURKAC Ilayda	GER	PTF	2:0
austrian-open-2025	Senior Women -73kg	F	719	TARVIDA Jolanta	LAT	KRSTINIC Anja	CRO	PTF	2:0
austrian-open-2025	Senior Women +73kg	QF	219	CHTIOUI Hafsa liana	DEN	URNAUT Nusa	SLO	PTF	2:0
austrian-open-2025	Senior Women +73kg	QF	220	BOYADZHIEVA Kalina	BUL	KUTS Mariia	UKR	PTF	2:1
austrian-open-2025	Senior Women +73kg	SF	225	SAIDOVA Svetlana	UZB	CHTIOUI Hafsa liana	DEN	PTF	2:0
austrian-open-2025	Senior Women +73kg	SF	226	BOYADZHIEVA Kalina	BUL	BRANDL Lorena	GER	PTF	2:0
austrian-open-2025	Senior Women +73kg	F	229	SAIDOVA Svetlana	UZB	BOYADZHIEVA Kalina	BUL	PTF	1:1
polish-open-2025	Senior Men -54kg	R16	401	MIKLAVCIC Aljaz	SLO	MOLJ Ozbolt	SLO	PTF	2:0
polish-open-2025	Senior Men -54kg	R16	402	HASSAN M BUHARI Muteb	KSA	CHRZANOWSKI Pawel	POL	PTF	2:0
polish-open-2025	Senior Men -54kg	QF	420	GEORGIEV Hristiyan	BUL	MIKLAVCIC Aljaz	SLO	PTF	2:1
polish-open-2025	Senior Men -54kg	QF	421	ALMUSHRAF Abdullah essa a	KSA	GULUZADE Bahruz	AZE	PTF	2:0
polish-open-2025	Senior Men -54kg	QF	422	PASHCOVSKY Tom	ISR	ZYWARSKI Filip	POL	PTF	2:0
polish-open-2025	Senior Men -54kg	QF	423	HAMDI Riad nasser a	KSA	HASSAN M BUHARI Muteb	KSA	PTF	2:0
polish-open-2025	Senior Men -54kg	SF	432	GEORGIEV Hristiyan	BUL	ALMUSHRAF Abdullah essa a	KSA	PTF	2:0
polish-open-2025	Senior Men -54kg	SF	433	PASHCOVSKY Tom	ISR	HAMDI Riad nasser a	KSA	PTF	2:1
polish-open-2025	Senior Men -54kg	F	438	GEORGIEV Hristiyan	BUL	PASHCOVSKY Tom	ISR	WDR	
polish-open-2025	Senior Men -58kg	R16	301	ALQAHTANI Luay saeed	KSA	FINBURD Sean	ISR	PTF	2:0
polish-open-2025	Senior Men -58kg	R16	302	DRAZKIEWICZ Igor	POL	ZAWAWI Tarek mostafa t	KSA	PTF	2:0
polish-open-2025	Senior Men -58kg	R16	303	TESKERA Josip	CRO	CIUPA Bartlomiej	POL	PTF	2:1
polish-open-2025	Senior Men -58kg	R16	304	MELO Paulo	BRA	HUSSAIN Ibrahim	GBR	PTF	2:0
polish-open-2025	Senior Men -58kg	R16	305	ALSHAHRANI Meshari nasser a	KSA	STEIN Roi	ISR	PTF	2:0
polish-open-2025	Senior Men -58kg	R16	306	STRUGLINSKI Bartosz	POL	ALSHAIKI Firas	KSA	PTF	2:0
polish-open-2025	Senior Men -58kg	QF	321	MOLJ Domen	SLO	ALQAHTANI Luay saeed	KSA	PTF	2:0
polish-open-2025	Senior Men -58kg	QF	322	TESKERA Josip	CRO	DRAZKIEWICZ Igor	POL	PTF	2:0
polish-open-2025	Senior Men -58kg	QF	323	MELO Paulo	BRA	ALSHAHRANI Meshari nasser a	KSA	PTF	2:0
polish-open-2025	Senior Men -58kg	QF	324	MEHLMANN Daniel	GER	STRUGLINSKI Bartosz	POL	PTF	2:1
polish-open-2025	Senior Men -58kg	SF	333	TESKERA Josip	CRO	MOLJ Domen	SLO	PTF	2:0
polish-open-2025	Senior Men -58kg	SF	334	MELO Paulo	BRA	MEHLMANN Daniel	GER	PTF	2:0
polish-open-2025	Senior Men -58kg	F	339	MELO Paulo	BRA	TESKERA Josip	CRO	PTF	2:0
polish-open-2025	Senior Men -63kg	R32	201	BIN Ahmed Waleed	KSA	IOSUB Eduard andrei	ROU	PTF	2:0
polish-open-2025	Senior Men -63kg	R32	202	NOWAK Lukasz	POL	HORVATH Matej	SVK	PTF	2:0
polish-open-2025	Senior Men -63kg	R32	203	DAXNER Leonard	AUT	TORGEMAN Ori	ISR	PTF	2:0
polish-open-2025	Senior Men -63kg	R32	204	CONTRERAS DAVALOS Aaron	CHI	GALEA Fergeson	MLT	PTF	2:0
polish-open-2025	Senior Men -63kg	R32	205	SAFARYN Piotr	POL	ALSAFFOURI Tayam	AUT	PTF	2:0
polish-open-2025	Senior Men -63kg	R32	206	GENZEL Eitan	ISR	ALQUMIZI Abdullah Naif A	KSA	PTF	2:1
polish-open-2025	Senior Men -63kg	R32	207	SPRECA Tommaso	ITA	LECHNOWSKI Marcin	POL	PTF	2:0
polish-open-2025	Senior Men -63kg	R16	210	BIN Ahmed Waleed	KSA	TOMAS GONZALEZ Lois	ESP	PTF	2:0
polish-open-2025	Senior Men -63kg	R16	211	MAGOMEDOV Gashim	AZE	TAHMAZOV Fuad	AZE	PTF	2:0
polish-open-2025	Senior Men -63kg	R16	212	GHALI Zakaria mohammed	KSA	NOWAK Lukasz	POL	PTF	2:0
polish-open-2025	Senior Men -63kg	R16	213	WOOLLEY Jack	IRL	DAXNER Leonard	AUT	PTF	2:0
polish-open-2025	Senior Men -63kg	R16	214	DONKO Ibrahim	BIH	CONTRERAS DAVALOS Aaron	CHI	DSQ	
polish-open-2025	Senior Men -63kg	R16	215	PAPIEROWSKI Dominik	POL	SAFARYN Piotr	POL	PTF	2:0
polish-open-2025	Senior Men -63kg	R16	216	SUSILUOTO Otto	FIN	GENZEL Eitan	ISR	PTF	2:1
polish-open-2025	Senior Men -63kg	R16	217	BOURGEOIS Owen	FRA	SPRECA Tommaso	ITA	PTF	2:0
polish-open-2025	Senior Men -63kg	QF	226	MAGOMEDOV Gashim	AZE	BIN Ahmed Waleed	KSA	PTF	2:0
polish-open-2025	Senior Men -63kg	QF	227	WOOLLEY Jack	IRL	GHALI Zakaria mohammed	KSA	RSC	2:0
polish-open-2025	Senior Men -63kg	QF	228	PAPIEROWSKI Dominik	POL	DONKO Ibrahim	BIH	PTF	2:0
polish-open-2025	Senior Men -63kg	QF	229	SUSILUOTO Otto	FIN	BOURGEOIS Owen	FRA	PTF	2:1
polish-open-2025	Senior Men -63kg	SF	234	WOOLLEY Jack	IRL	MAGOMEDOV Gashim	AZE	PTF	2:1
polish-open-2025	Senior Men -63kg	SF	235	SUSILUOTO Otto	FIN	PAPIEROWSKI Dominik	POL	PTF	2:1
polish-open-2025	Senior Men -63kg	F	238	WOOLLEY Jack	IRL	SUSILUOTO Otto	FIN	PTF	2:0
polish-open-2025	Senior Men -68kg	R32	101	POLCZYNSKI Adam	POL	PARUZEK Krystof	CZE	PTF	2:0
polish-open-2025	Senior Men -68kg	R32	102	ALMADAWI Mohammed ali a	KSA	USCIMIUK Sebastian	POL	PTF	2:1
polish-open-2025	Senior Men -68kg	R32	103	VAN VULPEN Jesse	NED	HUSSAIN Ishaq	GBR	PTF	2:0
polish-open-2025	Senior Men -68kg	R32	104	DJONKO Muhamed	BIH	FRGOLEC Damien Pavel	SVK	PTF	2:0
polish-open-2025	Senior Men -68kg	R32	105	MILAN Jorge	ESP	ROZWOD Mateusz	POL	PTF	2:0
polish-open-2025	Senior Men -68kg	R32	106	GOLEMAC Nikola	DEN	PLONKA Bartosz	POL	PTF	2:0
polish-open-2025	Senior Men -68kg	R32	107	OLIVERO TORO Cristian	CHI	NASERI Ansar	TRT	PTF	2:0
polish-open-2025	Senior Men -68kg	R32	108	CHRZANOWSKI Mateusz	POL	OGUZ Niklas kristiansen	NOR	PTF	2:0
polish-open-2025	Senior Men -68kg	R32	109	VICENTE YUNTA Adrian	ESP	CAIRNS Dylan	GBR	PTF	2:0
polish-open-2025	Senior Men -68kg	R32	110	SHIRALIYEV Riyad	AZE	NICOLAE Sarbu	ROU	PTF	2:0
polish-open-2025	Senior Men -68kg	R32	111	KRIVISHKIY Nimrod	ISR	SZUKALSKI Bartosz	POL	PTF	2:0
polish-open-2025	Senior Men -68kg	R32	112	AVIDAN Ben	ISR	KONDRAJCZAK Dorian	POL	PTF	2:0
polish-open-2025	Senior Men -68kg	R32	113	DZHORDZHEV Aleksandar	BUL	RUPAR Kajetan	POL	PTF	2:0
polish-open-2025	Senior Men -68kg	R32	114	ALHARBI Mohammed maher	KSA	LAUCEVIČIUS Tadas	LTU	PTF	2:1
polish-open-2025	Senior Men -68kg	R32	115	STAMENOV Stefan	BUL	FIBY Daniel	AUT	PTF	2:0
polish-open-2025	Senior Men -68kg	R16	119	SPEIGHT Leo	ISL	POLCZYNSKI Adam	POL	PTF	2:1
polish-open-2025	Senior Men -68kg	R16	120	ALMADAWI Mohammed ali a	KSA	VAN VULPEN Jesse	NED	PTF	2:1
polish-open-2025	Senior Men -68kg	R16	121	MILAN Jorge	ESP	DJONKO Muhamed	BIH	PTF	2:1
polish-open-2025	Senior Men -68kg	R16	122	GOLEMAC Nikola	DEN	OLIVERO TORO Cristian	CHI	PTF	2:0
polish-open-2025	Senior Men -68kg	R16	123	VICENTE YUNTA Adrian	ESP	CHRZANOWSKI Mateusz	POL	PTF	1:0
polish-open-2025	Senior Men -68kg	R16	124	KRIVISHKIY Nimrod	ISR	SHIRALIYEV Riyad	AZE	PTF	2:1
polish-open-2025	Senior Men -68kg	R16	125	DZHORDZHEV Aleksandar	BUL	AVIDAN Ben	ISR	RSC	
polish-open-2025	Senior Men -68kg	R16	126	STAMENOV Stefan	BUL	ALHARBI Mohammed maher	KSA	PTF	2:0
polish-open-2025	Senior Men -68kg	QF	131	SPEIGHT Leo	ISL	ALMADAWI Mohammed ali a	KSA	PTF	2:1
polish-open-2025	Senior Men -68kg	QF	132	GOLEMAC Nikola	DEN	MILAN Jorge	ESP	PTF	2:1
polish-open-2025	Senior Men -68kg	QF	437.1	VICENTE YUNTA Adrian	ESP	KRIVISHKIY Nimrod	ISR	WDR	
polish-open-2025	Senior Men -68kg	QF	538.1	DZHORDZHEV Aleksandar	BUL	STAMENOV Stefan	BUL	PTF	2:1
polish-open-2025	Senior Men -68kg	SF	137	SPEIGHT Leo	ISL	GOLEMAC Nikola	DEN	PTF	2:1
polish-open-2025	Senior Men -68kg	SF	642	VICENTE YUNTA Adrian	ESP	DZHORDZHEV Aleksandar	BUL	WDR	
polish-open-2025	Senior Men -68kg	F	140	VICENTE YUNTA Adrian	ESP	SPEIGHT Leo	ISL	PTF	2:0
polish-open-2025	Senior Men -74kg	R32	403	ALBISHI Dhafer	KSA	WOZNIAK Julian	POL	PTF	2:0
polish-open-2025	Senior Men -74kg	R32	404	KLAJKO David	HUN	BRACH Filip	POL	PTF	2:0
polish-open-2025	Senior Men -74kg	R32	405	GRISKJANS Antons	LAT	STORCHAK Danylo	POL	PTF	2:0
polish-open-2025	Senior Men -74kg	R32	406	FRGOLEC Miroslav	SVK	POLCZYNSKI Nikodem	POL	PTF	2:0
polish-open-2025	Senior Men -74kg	R32	407	CZAJKOWSKI Maciej	POL	PANTIS Patrick	AUT	PTF	2:0
polish-open-2025	Senior Men -74kg	R32	408	SZCZESNOWSKI Mateusz	POL	IZARIK Daniel	SVK	PTF	2:0
polish-open-2025	Senior Men -74kg	R16	412	POLAT Mehmet Kani	TUR	ALBISHI Dhafer	KSA	PTF	2:0
polish-open-2025	Senior Men -74kg	R16	413	KORSAK Mykhailo	UKR	MARCHENKO Mykola	UKR	PTF	2:1
polish-open-2025	Senior Men -74kg	R16	414	DUGAC Grga	CRO	KLAJKO David	HUN	PTF	2:0
polish-open-2025	Senior Men -74kg	R16	415	PONTES Edival	BRA	GRISKJANS Antons	LAT	PTF	2:0
polish-open-2025	Senior Men -74kg	R16	416	SITTEK Tomas	CZE	FRGOLEC Miroslav	SVK	PTF	2:0
polish-open-2025	Senior Men -74kg	R16	417	CUDNOCH Lukasz	POL	CZAJKOWSKI Maciej	POL	PTF	2:0
polish-open-2025	Senior Men -74kg	R16	418	SAHITI Mal	KOS	HAMEDI Tareg ali m	KSA	PTF	2:0
polish-open-2025	Senior Men -74kg	R16	419	QUESADA BARRERA Daniel	ESP	SZCZESNOWSKI Mateusz	POL	WDR	
polish-open-2025	Senior Men -74kg	QF	428	POLAT Mehmet Kani	TUR	KORSAK Mykhailo	UKR	PTF	2:1
polish-open-2025	Senior Men -74kg	QF	429	PONTES Edival	BRA	DUGAC Grga	CRO	PTF	2:0
polish-open-2025	Senior Men -74kg	QF	430	SITTEK Tomas	CZE	CUDNOCH Lukasz	POL	PTF	2:0
polish-open-2025	Senior Men -74kg	QF	431	QUESADA BARRERA Daniel	ESP	SAHITI Mal	KOS	PTF	2:0
polish-open-2025	Senior Men -74kg	SF	436	PONTES Edival	BRA	POLAT Mehmet Kani	TUR	RSC	2:0
polish-open-2025	Senior Men -74kg	SF	437	QUESADA BARRERA Daniel	ESP	SITTEK Tomas	CZE	PTF	2:1
polish-open-2025	Senior Men -74kg	F	440	PONTES Edival	BRA	QUESADA BARRERA Daniel	ESP	PTF	2:0
polish-open-2025	Senior Men -80kg	R32	208	YEFIMOV Oleksandr	UKR	PUTNINS Girts	LAT	PTF	2:0
polish-open-2025	Senior Men -80kg	R32	209	DAWOUD Omer	DEN	STAVROPOULOS Theoharys	GBR	PTF	2:0
polish-open-2025	Senior Men -80kg	R16	218	KOVACIC Oscar	CRO	YEFIMOV Oleksandr	UKR	PTF	2:0
polish-open-2025	Senior Men -80kg	R16	219	DZHORDZHEV Mitko	BUL	ALIPOUR Sohrab	GBR	PTF	2:0
polish-open-2025	Senior Men -80kg	R16	220	KOSTENEVYCH Kostiantyn	UKR	NESHYBA Tomas	CZE	PTF	2:0
polish-open-2025	Senior Men -80kg	R16	221	FERNANDEZ GARCIA Mikel	ESP	LANGRIDGE Christian	GBR	PTF	2:0
polish-open-2025	Senior Men -80kg	R16	222	CINTADO ARTECHE Jon	ESP	CHURCHILL MARTINEZ Joaquin	CHI	PTF	2:1
polish-open-2025	Senior Men -80kg	R16	223	AGHAYEV Javad	AZE	HRGOTA Leon	CRO	PTF	2:1
polish-open-2025	Senior Men -80kg	R16	224	SIGURJONSSON Gudmundur floki	ISL	SZADKOWSKI Michal	POL	PTF	2:0
polish-open-2025	Senior Men -80kg	R16	225	HURNOV Kyrylo	UKR	DAWOUD Omer	DEN	PTF	2:0
polish-open-2025	Senior Men -80kg	QF	230	KOVACIC Oscar	CRO	DZHORDZHEV Mitko	BUL	RSC	1:0
polish-open-2025	Senior Men -80kg	QF	231	FERNANDEZ GARCIA Mikel	ESP	KOSTENEVYCH Kostiantyn	UKR	PTF	2:1
polish-open-2025	Senior Men -80kg	QF	232	AGHAYEV Javad	AZE	CINTADO ARTECHE Jon	ESP	DSQ	
polish-open-2025	Senior Men -80kg	QF	233	SIGURJONSSON Gudmundur floki	ISL	HURNOV Kyrylo	UKR	PTF	2:1
polish-open-2025	Senior Men -80kg	SF	236	KOVACIC Oscar	CRO	FERNANDEZ GARCIA Mikel	ESP	PTF	2:1
polish-open-2025	Senior Men -80kg	SF	441	SIGURJONSSON Gudmundur floki	ISL	AGHAYEV Javad	AZE	PTF	2:0
polish-open-2025	Senior Men -80kg	F	239	SIGURJONSSON Gudmundur floki	ISL	KOVACIC Oscar	CRO	PTF	2:1
polish-open-2025	Senior Men -87kg	R16	409	SULEYMANOV Taleh	AZE	JOCHMAN Adam	CZE	PTF	2:1
polish-open-2025	Senior Men -87kg	R16	410	ALKHAIBARI Ali mabruk s	KSA	POCZOBUTT ODLANICKI Cezary	MLT	PTF	2:0
polish-open-2025	Senior Men -87kg	R16	411	BILIC PAVLINOVIC Josip	CRO	BALCIUNAS Gabijus	LTU	PTF	2:0
polish-open-2025	Senior Men -87kg	QF	424	HARBAR Artem	UKR	SULEYMANOV Taleh	AZE	PTF	2:0
polish-open-2025	Senior Men -87kg	QF	425	BAILEY Kelen	HUN	GAFAROV Eltaj	AZE	PTF	2:0
polish-open-2025	Senior Men -87kg	QF	426	NUCI Erol	BIH	ALKHAIBARI Ali mabruk s	KSA	PTF	2:1
polish-open-2025	Senior Men -87kg	QF	427	BILIC PAVLINOVIC Josip	CRO	PIATKOWSKI Szymon	POL	PTF	2:0
polish-open-2025	Senior Men -87kg	SF	434	BAILEY Kelen	HUN	HARBAR Artem	UKR	WDR	
polish-open-2025	Senior Men -87kg	SF	435	BILIC PAVLINOVIC Josip	CRO	NUCI Erol	BIH	PTF	2:0
polish-open-2025	Senior Men -87kg	F	439	BILIC PAVLINOVIC Josip	CRO	BAILEY Kelen	HUN	PTF	2:0
polish-open-2025	Senior Men +87kg	R16	601	BAILEZ Marcos	ESP	LEPOROWSKI Maciej	POL	PTF	2:0
polish-open-2025	Senior Men +87kg	R16	602	RUDERMAN Ilia	ISR	PIETRUSZKA Michal	POL	PTF	2:0
polish-open-2025	Senior Men +87kg	R16	603	JABLONSKI Zbigniew	POL	HOLDER Chioke	BAR	PTF	2:0
polish-open-2025	Senior Men +87kg	QF	621	HARBAR Andrii	UKR	BAILEZ Marcos	ESP	RSC	
polish-open-2025	Senior Men +87kg	QF	622	BOZIC Pasko	CRO	SAIDI Isa	AUT	PTF	2:0
polish-open-2025	Senior Men +87kg	QF	623	DIVKOVIC Patrik	SLO	RUDERMAN Ilia	ISR	PTF	2:0
polish-open-2025	Senior Men +87kg	QF	624	HAREMZA Krystian	POL	JABLONSKI Zbigniew	POL	PTF	2:1
polish-open-2025	Senior Men +87kg	SF	633	HARBAR Andrii	UKR	BOZIC Pasko	CRO	PTF	2:1
polish-open-2025	Senior Men +87kg	SF	634	DIVKOVIC Patrik	SLO	HAREMZA Krystian	POL	PTF	2:0
polish-open-2025	Senior Men +87kg	F	639	HARBAR Andrii	UKR	DIVKOVIC Patrik	SLO	PTF	2:0
polish-open-2025	Senior Women -46kg	R16	116	POURYOUNES LANGEROUDI Dina	TRT	FUCHS Gaia	ISR	PTF	2:0
polish-open-2025	Senior Women -46kg	R16	117	ALKHAWAHR Rahmah abdulmanam a	KSA	KAMINSKA Michaela	SVK	PTF	2:1
polish-open-2025	Senior Women -46kg	R16	118	AKBAROVA Minaya	AZE	TAMMILA Ada-emilia	FIN	PTF	2:0
polish-open-2025	Senior Women -46kg	QF	127	BERTAGNIN Elisa	ITA	POURYOUNES LANGEROUDI Dina	TRT	PTF	2:1
polish-open-2025	Senior Women -46kg	QF	128	BAYECH Rivka	ISR	ZAMPETTI Sofia	ITA	PTF	2:0
polish-open-2025	Senior Women -46kg	QF	129	ALKHAWAHR Rahmah abdulmanam a	KSA	TAMMILA Ida-elina	FIN	PTF	2:1
polish-open-2025	Senior Women -46kg	QF	130	AKBAROVA Minaya	AZE	MAKAS Dzejla	BIH	PTF	2:0
polish-open-2025	Senior Women -46kg	SF	135	BAYECH Rivka	ISR	BERTAGNIN Elisa	ITA	PTF	2:0
polish-open-2025	Senior Women -46kg	SF	136	AKBAROVA Minaya	AZE	ALKHAWAHR Rahmah abdulmanam a	KSA	PTF	2:0
polish-open-2025	Senior Women -46kg	F	139	AKBAROVA Minaya	AZE	BAYECH Rivka	ISR	PTF	2:0
polish-open-2025	Senior Women -49kg	R16	307	MAESTRO Virginia	ITA	MAKAS Ejla	BIH	PTF	2:0
polish-open-2025	Senior Women -49kg	R16	308	LIÑAN PARDO Naiara	AND	ENJUTO Lucia	ESP	PTF	2:0
polish-open-2025	Senior Women -49kg	R16	309	GEORGIEVA Aleksandra	BUL	JANUSAUSKAITE Ugne	LTU	PTF	2:0
polish-open-2025	Senior Women -49kg	R16	310	DIAZ ARRIBAS Violeta	ESP	GOMEZ RAMIREZ Isidora	CHI	PTF	2:0
polish-open-2025	Senior Women -49kg	R16	311	KRAJEWSKA Nikola	POL	HOCKEY Maisie	GBR	PTF	2:0
polish-open-2025	Senior Women -49kg	QF	325	AKHMEDOVA Nodira	KAZ	MAESTRO Virginia	ITA	PTF	2:0
polish-open-2025	Senior Women -49kg	QF	326	GEORGIEVA Aleksandra	BUL	LIÑAN PARDO Naiara	AND	PTF	2:0
polish-open-2025	Senior Women -49kg	QF	327	DIAZ ARRIBAS Violeta	ESP	KRAJEWSKA Alicja	POL	RSC	2:0
polish-open-2025	Senior Women -49kg	QF	328	KRAJEWSKA Nikola	POL	DAN (DANSHYNA) Oleksandra	ISR	PTF	2:1
polish-open-2025	Senior Women -49kg	SF	335	AKHMEDOVA Nodira	KAZ	GEORGIEVA Aleksandra	BUL	PTF	2:1
polish-open-2025	Senior Women -49kg	SF	336	DIAZ ARRIBAS Violeta	ESP	KRAJEWSKA Nikola	POL	PTF	2:1
polish-open-2025	Senior Women -49kg	F	340	DIAZ ARRIBAS Violeta	ESP	AKHMEDOVA Nodira	KAZ	PTF	2:0
polish-open-2025	Senior Women -53kg	R32	501	NESHER Yarden	ISR	DOMANINA Alisa	CZE	PTF	2:0
polish-open-2025	Senior Women -53kg	R32	502	PARNIAN Noori	IRI	DE TORO OLIVER Lucia	ESP	PTF	2:0
polish-open-2025	Senior Women -53kg	R32	503	PERNISCHOVA Simona	SVK	BEREZNICKA Zuzanna	POL	PTF	2:0
polish-open-2025	Senior Women -53kg	R32	504	SOFIIA Plakhtii	ISR	GORONSKA Blanka	POL	PTF	2:0
polish-open-2025	Senior Women -53kg	R32	505	KLISOWSKA Zuzanna	POL	FIBY Genevieve	AUT	PTF	2:0
polish-open-2025	Senior Women -53kg	R16	513	PEREZ PARRADO Alma maria	ESP	NESHER Yarden	ISR	PTF	2:0
polish-open-2025	Senior Women -53kg	R16	514	MARINIC Tara	CRO	SZYMCZAK Aleksandra	POL	PTF	2:0
polish-open-2025	Senior Women -53kg	R16	515	PARNIAN Noori	IRI	MOGHAL Amna	NOR	PTF	2:0
polish-open-2025	Senior Women -53kg	R16	516	PERNISCHOVA Simona	SVK	WAEVERSTROM Signe wendt	DEN	PTF	2:0
polish-open-2025	Senior Women -53kg	R16	517	VIGDOR Ariel	ISR	SOFIIA Plakhtii	ISR	PTF	2:0
polish-open-2025	Senior Women -53kg	R16	518	SEMBERG Abishag	ISR	SHAW Elisha	GBR	PTF	2:1
polish-open-2025	Senior Women -53kg	R16	519	SUSILUOTO Inari	FIN	BINENSTOCK Naama	ISR	PTF	2:0
polish-open-2025	Senior Women -53kg	R16	520	AVDAGIC Ada	BIH	KLISOWSKA Zuzanna	POL	PTF	2:0
polish-open-2025	Senior Women -53kg	QF	529	PEREZ PARRADO Alma maria	ESP	MARINIC Tara	CRO	PTF	2:1
polish-open-2025	Senior Women -53kg	QF	530	PARNIAN Noori	IRI	PERNISCHOVA Simona	SVK	PTF	2:0
polish-open-2025	Senior Women -53kg	QF	531	VIGDOR Ariel	ISR	SEMBERG Abishag	ISR	PTF	2:1
polish-open-2025	Senior Women -53kg	QF	532	AVDAGIC Ada	BIH	SUSILUOTO Inari	FIN	PTF	2:0
polish-open-2025	Senior Women -53kg	SF	537	PEREZ PARRADO Alma maria	ESP	PARNIAN Noori	IRI	PTF	2:1
polish-open-2025	Senior Women -53kg	SF	538	VIGDOR Ariel	ISR	AVDAGIC Ada	BIH	PTF	2:0
polish-open-2025	Senior Women -53kg	F	541	PEREZ PARRADO Alma maria	ESP	VIGDOR Ariel	ISR	PTF	2:1
polish-open-2025	Senior Women -57kg	R32	312	OCHOCKA Pola	POL	MATKEVICIUTE Estela magdalena	LTU	PTF	2:1
polish-open-2025	Senior Women -57kg	R16	313	ABUTALEB Dunya ali m	KSA	OLESZCZUK Lucja	POL	PTF	2:0
polish-open-2025	Senior Women -57kg	R16	314	VUKIC Margarita	CRO	OCHOCKA Pola	POL	PTF	2:0
polish-open-2025	Senior Women -57kg	R16	315	KOSTENEVYCH Darya	UKR	ENTEZARI Nazila	AUT	PTF	2:0
polish-open-2025	Senior Women -57kg	R16	316	LISOWSKA Nikol	POL	YUE Wing Tung	HKG	PTF	2:0
polish-open-2025	Senior Women -57kg	R16	317	HRONOVA Dominika	CZE	MUTHANNA Lateen omar	KSA	PTF	2:0
polish-open-2025	Senior Women -57kg	R16	318	KRAJEWSKA Agnieszka	POL	TERESHCHENKO Anastasiia	UKR	PTF	2:1
polish-open-2025	Senior Women -57kg	R16	319	SPEHAR Lea	CRO	MEIŠTININKAITĖ Gerda	LTU	PTF	2:0
polish-open-2025	Senior Women -57kg	R16	320	PATAKFALVY Luca	HUN	SZYMCZAK Joanna	POL	PTF	2:0
polish-open-2025	Senior Women -57kg	QF	329	ABUTALEB Dunya ali m	KSA	VUKIC Margarita	CRO	PTF	2:0
polish-open-2025	Senior Women -57kg	QF	330	KOSTENEVYCH Darya	UKR	LISOWSKA Nikol	POL	PTF	2:1
polish-open-2025	Senior Women -57kg	QF	331	HRONOVA Dominika	CZE	KRAJEWSKA Agnieszka	POL	PTF	2:1
polish-open-2025	Senior Women -57kg	QF	332	PATAKFALVY Luca	HUN	SPEHAR Lea	CRO	PTF	2:0
polish-open-2025	Senior Women -57kg	SF	337	KOSTENEVYCH Darya	UKR	ABUTALEB Dunya ali m	KSA	PTF	2:1
polish-open-2025	Senior Women -57kg	SF	338	PATAKFALVY Luca	HUN	HRONOVA Dominika	CZE	PTF	2:0
polish-open-2025	Senior Women -57kg	F	341	PATAKFALVY Luca	HUN	KOSTENEVYCH Darya	UKR	PTF	2:1
polish-open-2025	Senior Women -62kg	R32	604	LANGNER Natalia	POL	MBARKI Boutaina	GBR	PTF	2:0
polish-open-2025	Senior Women -62kg	R32	605	RAVASKA Inka	FIN	HIGNETT Elizabeth	GBR	PTF	2:0
polish-open-2025	Senior Women -62kg	R32	606	LEONOVA Mariia	UKR	LYSKAWA Klaudia	POL	PTF	2:0
polish-open-2025	Senior Women -62kg	R16	613	STOLBOVA Petra	CZE	LANGNER Natalia	POL	PTF	2:0
polish-open-2025	Senior Women -62kg	R16	614	FLEGROVA Hana	CZE	CECCHI Linda	ITA	PTF	2:0
polish-open-2025	Senior Women -62kg	R16	615	KICEMA Helena	CRO	BAHRI Elae	NOR	PTF	2:0
polish-open-2025	Senior Women -62kg	R16	616	RELJIKJ Miljana	MKD	MIRKOVIC Alida	AUT	PTF	2:0
polish-open-2025	Senior Women -62kg	R16	617	MARTON Viviana	HUN	RAVASKA Inka	FIN	PTF	2:0
polish-open-2025	Senior Women -62kg	R16	618	TUKIC Mia	CRO	KICINSKA Klaudia	POL	PTF	2:0
polish-open-2025	Senior Women -62kg	R16	619	ATANASOVA Martina	BUL	ARRONDO BELLOSO Ariadna	ESP	PTF	2:1
polish-open-2025	Senior Women -62kg	R16	620	MESTROVIC Dora	CRO	LEONOVA Mariia	UKR	PTF	2:0
polish-open-2025	Senior Women -62kg	QF	629	STOLBOVA Petra	CZE	FLEGROVA Hana	CZE	PTF	2:0
polish-open-2025	Senior Women -62kg	QF	630	RELJIKJ Miljana	MKD	KICEMA Helena	CRO	PTF	2:1
polish-open-2025	Senior Women -62kg	QF	631	MARTON Viviana	HUN	TUKIC Mia	CRO	PTF	2:0
polish-open-2025	Senior Women -62kg	QF	632	MESTROVIC Dora	CRO	ATANASOVA Martina	BUL	PTF	2:0
polish-open-2025	Senior Women -62kg	SF	637	STOLBOVA Petra	CZE	RELJIKJ Miljana	MKD	PTF	2:0
polish-open-2025	Senior Women -62kg	SF	638	MARTON Viviana	HUN	MESTROVIC Dora	CRO	PTF	2:0
polish-open-2025	Senior Women -62kg	F	641	MARTON Viviana	HUN	STOLBOVA Petra	CZE	WDR	
polish-open-2025	Senior Women -67kg	R16	506	MARTON Luana	HUN	MIKALEVICIUTE Melita	LTU	PTF	2:0
polish-open-2025	Senior Women -67kg	R16	507	GALLARDO Claudia	CHI	DUMINA Mariia	UKR	PTF	2:0
polish-open-2025	Senior Women -67kg	R16	508	TVARONAVICIUTE Klaudija	LTU	TOMCZAK Tatiana	POL	PTF	2:0
polish-open-2025	Senior Women -67kg	R16	509	KANOUTE Iman	MLI	PAVLENKO Alisa	GER	PTF	2:0
polish-open-2025	Senior Women -67kg	R16	510	ZOE Gueli	HUN	BISMIR Salma	DEN	PTF	2:0
polish-open-2025	Senior Women -67kg	R16	511	KRUSH Diana	UKR	MYSZKA Daria	POL	PTF	2:0
polish-open-2025	Senior Women -67kg	QF	521	TITONELI Milena	BRA	MARTON Luana	HUN	PTF	2:1
polish-open-2025	Senior Women -67kg	QF	522	GALLARDO Claudia	CHI	TVARONAVICIUTE Klaudija	LTU	PTF	2:1
polish-open-2025	Senior Women -67kg	QF	523	ZOE Gueli	HUN	KANOUTE Iman	MLI	PTF	2:0
polish-open-2025	Senior Women -67kg	QF	524	JELIć Matea	CRO	KRUSH Diana	UKR	PTF	2:0
polish-open-2025	Senior Women -67kg	SF	533	TITONELI Milena	BRA	GALLARDO Claudia	CHI	PTF	2:0
polish-open-2025	Senior Women -67kg	SF	534	JELIć Matea	CRO	ZOE Gueli	HUN	PTF	2:0
polish-open-2025	Senior Women -67kg	F	539	TITONELI Milena	BRA	JELIć Matea	CRO	WDR	1:1
polish-open-2025	Senior Women -73kg	R16	607	KRSTINIC Anja	CRO	FERNANDEZ Julia	ESP	PTF	2:0
polish-open-2025	Senior Women -73kg	R16	608	POLE Doris	CRO	NOWAK Julia	POL	PTF	2:1
polish-open-2025	Senior Women -73kg	R16	609	ARELIC Ivana	CRO	JUHASZOVA Iveta	CZE	PTF	2:0
polish-open-2025	Senior Women -73kg	R16	610	GARCIA SUAREZ Helena	ESP	KERR Leah	IRL	PTF	2:0
polish-open-2025	Senior Women -73kg	R16	611	KOLOVRAT Matea	CRO	SHAW Erin	GBR	PTF	2:1
polish-open-2025	Senior Women -73kg	R16	612	RUDOLF Nika	SLO	SABER Dunya bushuaib a	KSA	PTF	2:0
polish-open-2025	Senior Women -73kg	QF	625	CHAARI Sarah	BEL	KRSTINIC Anja	CRO	PTF	2:0
polish-open-2025	Senior Women -73kg	QF	626	POLE Doris	CRO	ARELIC Ivana	CRO	PTF	2:1
polish-open-2025	Senior Women -73kg	QF	627	GARCIA SUAREZ Helena	ESP	KOLOVRAT Matea	CRO	PTF	2:0
polish-open-2025	Senior Women -73kg	QF	628	LAURIN Althea	FRA	RUDOLF Nika	SLO	PTF	2:0
polish-open-2025	Senior Women -73kg	SF	635	CHAARI Sarah	BEL	POLE Doris	CRO	PTF	2:0
polish-open-2025	Senior Women -73kg	SF	636	LAURIN Althea	FRA	GARCIA SUAREZ Helena	ESP	PTF	2:0
polish-open-2025	Senior Women -73kg	F	640	CHAARI Sarah	BEL	LAURIN Althea	FRA	RSC	2:0
polish-open-2025	Senior Women +73kg	R16	512	VALLO ZURDO Ane	ESP	PARCINA Mariela	CRO	PTF	2:1
polish-open-2025	Senior Women +73kg	QF	525	MATIC Magdalena	CRO	VALLO ZURDO Ane	ESP	PTF	2:0
polish-open-2025	Senior Women +73kg	QF	526	HELVIGA Viktorija	LAT	KUTS Mariia	UKR	PTF	2:0
polish-open-2025	Senior Women +73kg	QF	527	KOWALCZUK Aleksandra	POL	ZELJKO Darija	CRO	PTF	2:1
polish-open-2025	Senior Women +73kg	QF	528	MACKAY Poppy	GBR	HAREMZA Dagmara	POL	WDR	
polish-open-2025	Senior Women +73kg	SF	535	MATIC Magdalena	CRO	HELVIGA Viktorija	LAT	PTF	2:1
polish-open-2025	Senior Women +73kg	SF	536	KOWALCZUK Aleksandra	POL	MACKAY Poppy	GBR	PTF	2:0
polish-open-2025	Senior Women +73kg	F	540	MATIC Magdalena	CRO	KOWALCZUK Aleksandra	POL	PTF	2:0
malabo-womens-open-2025	Senior Women -46kg	R16	101	OKAMOTO Ruka	JPN	CHOI Etta	GBR	PTF	2:0
malabo-womens-open-2025	Senior Women -46kg	R16	102	WANG Shiyi	CHN	ARTAMONOVA Anastasiia	AIN	PTF	2:1
malabo-womens-open-2025	Senior Women -46kg	R16	103	ANGELOVA Alisa	AIN	BAYECH Rivka	ISR	PTF	2:0
malabo-womens-open-2025	Senior Women -46kg	R16	104	BASSETT Jaycee	CRC	ALI RABIA ABD ELAZIZ Hanin	EGY	PTF	2:0
malabo-womens-open-2025	Senior Women -46kg	R16	201	OKAZAKI Hinata	JPN	YASSER ALY BASIONY Malak	EGY	PTF	2:0
malabo-womens-open-2025	Senior Women -46kg	R16	202	SALIM Kamilah	HUN	OLIVEIRA COSTA Alice caroline	BRA	PTF	2:0
malabo-womens-open-2025	Senior Women -46kg	R16	203	YE Xiaoting	CHN	GEORGIOU Melina	GRE	PTF	2:0
malabo-womens-open-2025	Senior Women -46kg	QF	110	BEKULOVA Milana	AIN	OKAMOTO Ruka	JPN	PTF	2:0
malabo-womens-open-2025	Senior Women -46kg	QF	111	ANGELOVA Alisa	AIN	SALIM Kamilah	HUN	PTF	2:0
malabo-womens-open-2025	Senior Women -46kg	QF	210	WANG Shiyi	CHN	OKAZAKI Hinata	JPN	PTF	2:0
malabo-womens-open-2025	Senior Women -46kg	QF	211	YE Xiaoting	CHN	BASSETT Jaycee	CRC	PTF	2:0
malabo-womens-open-2025	Senior Women -46kg	SF	116	WANG Shiyi	CHN	BEKULOVA Milana	AIN	PTF	2:1
malabo-womens-open-2025	Senior Women -46kg	SF	216	YE Xiaoting	CHN	ANGELOVA Alisa	AIN	PTF	2:0
malabo-womens-open-2025	Senior Women -46kg	F	119	YE Xiaoting	CHN	WANG Shiyi	CHN	PTF	2:0
malabo-womens-open-2025	Senior Women -49kg	R16	101	SHERIF HAMDY Laila	EGY	ELAASAL Nezha	MAR	PTF	2:0
malabo-womens-open-2025	Senior Women -49kg	R16	102	MEDVEDEVA Galina	AIN	SHARMA Deeksha	IND	PTF	2:0
malabo-womens-open-2025	Senior Women -49kg	R16	103	FU Xiaolu	CHN	KHUTOVA Amina	AIN	PTF	2:0
malabo-womens-open-2025	Senior Women -49kg	R16	104	DAN (DANSHYNA) Oleksandra	ISR	BARROSO Kiara	POR	PTF	2:0
malabo-womens-open-2025	Senior Women -49kg	R16	105	ROGOZINA Irina	AIN	GOODMAN Phoenix	GBR	PTF	2:0
malabo-womens-open-2025	Senior Women -49kg	R16	106	EREMINA Viktoriya	AIN	ZOGHBI Aicha	TUN	PTF	2:0
malabo-womens-open-2025	Senior Women -49kg	R16	107	SOUZA Daniela paola	MEX	ELZANATY Mariam	EGY	PTF	2:0
malabo-womens-open-2025	Senior Women -49kg	QF	108	MA Jingyue	CHN	SHERIF HAMDY Laila	EGY	PTF	2:0
malabo-womens-open-2025	Senior Women -49kg	QF	109	FU Xiaolu	CHN	MEDVEDEVA Galina	AIN	PTF	2:0
malabo-womens-open-2025	Senior Women -49kg	QF	110	ROGOZINA Irina	AIN	DAN (DANSHYNA) Oleksandra	ISR	PTF	2:1
malabo-womens-open-2025	Senior Women -49kg	QF	111	EREMINA Viktoriya	AIN	SOUZA Daniela paola	MEX	PTF	2:0
malabo-womens-open-2025	Senior Women -49kg	SF	112	MA Jingyue	CHN	FU Xiaolu	CHN	PTF	2:1
malabo-womens-open-2025	Senior Women -49kg	SF	113	EREMINA Viktoriya	AIN	ROGOZINA Irina	AIN	WDR	
malabo-womens-open-2025	Senior Women -49kg	F	114	MA Jingyue	CHN	EREMINA Viktoriya	AIN	PTF	2:0
malabo-womens-open-2025	Senior Women -53kg	R32	104	RHARSSI Marwa	MAR	KUSHCH Anna	AIN	PTF	2:0
malabo-womens-open-2025	Senior Women -53kg	R32	203	AHN Hye Young	KOR	WOSKOWIAK Natasza	POL	PTF	2:0
malabo-womens-open-2025	Senior Women -53kg	R32	204	ZHU Jingyu	CHN	ABANDA MELINGUI Therese carole	CMR	DSQ	
malabo-womens-open-2025	Senior Women -53kg	R16	111	MALIK Kashish	IND	FERLA Ana Clara	BRA	PTF	2:0
malabo-womens-open-2025	Senior Women -53kg	R16	112	SHOROKHOVA Ekaterina	AIN	DANIEL Melina	USA	PTF	2:0
malabo-womens-open-2025	Senior Women -53kg	R16	113	WANG Xiaolu	CHN	DHAHRI Ikram	TUN	PTF	2:0
malabo-womens-open-2025	Senior Women -53kg	R16	114	BARROS Nivea	BRA	ZHU Jingyu	CHN	PTF	2:1
malabo-womens-open-2025	Senior Women -53kg	R16	210	AHN Hye Young	KOR	KHATTAB Jana	EGY	PTF	2:1
malabo-womens-open-2025	Senior Women -53kg	R16	211	MCKEW Jodie	GBR	FOFANA Mah teninba	FRA	PTF	2:0
malabo-womens-open-2025	Senior Women -53kg	R16	212	SUBBOTINA Anastasia	AIN	RHARSSI Marwa	MAR	PTF	2:0
malabo-womens-open-2025	Senior Women -53kg	R16	213	GUSEINOVA Aziza	AIN	ZUO Ju	CHN	PTF	2:0
malabo-womens-open-2025	Senior Women -53kg	QF	119	AHN Hye Young	KOR	MALIK Kashish	IND	PTF	2:0
malabo-womens-open-2025	Senior Women -53kg	QF	120	WANG Xiaolu	CHN	SUBBOTINA Anastasia	AIN	PTF	2:0
malabo-womens-open-2025	Senior Women -53kg	QF	218	MCKEW Jodie	GBR	SHOROKHOVA Ekaterina	AIN	PTF	2:0
malabo-womens-open-2025	Senior Women -53kg	QF	219	GUSEINOVA Aziza	AIN	BARROS Nivea	BRA	PTF	2:1
malabo-womens-open-2025	Senior Women -53kg	SF	121	MCKEW Jodie	GBR	AHN Hye Young	KOR	PTF	2:1
malabo-womens-open-2025	Senior Women -53kg	SF	220	WANG Xiaolu	CHN	GUSEINOVA Aziza	AIN	PTF	2:0
malabo-womens-open-2025	Senior Women -53kg	F	124	WANG Xiaolu	CHN	MCKEW Jodie	GBR	PTF	2:1
malabo-womens-open-2025	Senior Women -57kg	R16	201	CARABIN Kanelya	FRA	KUCHINA Viktorya	AIN	PTF	2:0
malabo-womens-open-2025	Senior Women -57kg	R16	202	ZDOR Kseniia	AIN	ROCHA Liz	BRA	PTF	2:0
malabo-womens-open-2025	Senior Women -57kg	R16	203	HRONOVA Dominika	CZE	TAMER ZOALFAKAR Karma	EGY	PTF	2:0
malabo-womens-open-2025	Senior Women -57kg	R16	204	DZARAGAZOVA Polina	AIN	NISHIDA Mao	JPN	PTF	2:0
malabo-womens-open-2025	Senior Women -57kg	R16	205	YANG Qingmei	CHN	RODRIGUEZ MARQUINA Laura	ESP	PTF	2:0
malabo-womens-open-2025	Senior Women -57kg	R16	206	ZHANG Chuling	CHN	SAMY Shahd	EGY	PTF	2:1
malabo-womens-open-2025	Senior Women -57kg	R16	207	EFITSENKO Sofia	AIN	SMITH Teigan	GBR	PTF	2:0
malabo-womens-open-2025	Senior Women -57kg	R16	208	SMIRNOVA Kseniia	AIN	KARABATIC Nika	CRO	PTF	2:0
malabo-womens-open-2025	Senior Women -57kg	QF	209	ZDOR Kseniia	AIN	CARABIN Kanelya	FRA	PTF	2:0
malabo-womens-open-2025	Senior Women -57kg	QF	210	DZARAGAZOVA Polina	AIN	HRONOVA Dominika	CZE	PTF	2:1
malabo-womens-open-2025	Senior Women -57kg	QF	211	YANG Qingmei	CHN	ZHANG Chuling	CHN	PTF	
malabo-womens-open-2025	Senior Women -57kg	QF	212	SMIRNOVA Kseniia	AIN	EFITSENKO Sofia	AIN	PTF	2:0
malabo-womens-open-2025	Senior Women -57kg	SF	213	ZDOR Kseniia	AIN	DZARAGAZOVA Polina	AIN	PTF	2:0
malabo-womens-open-2025	Senior Women -57kg	SF	214	YANG Qingmei	CHN	SMIRNOVA Kseniia	AIN	PTF	2:1
malabo-womens-open-2025	Senior Women -57kg	F	115	YANG Qingmei	CHN	ZDOR Kseniia	AIN	PTF	2:0
malabo-womens-open-2025	Senior Women -62kg	R16	105	ORTIZ BENITO Arlet	ESP	BELLAN Nadege	CMR	PTF	2:0
malabo-womens-open-2025	Senior Women -62kg	R16	106	CHEN Ximin	CHN	YONKEU DJAPO Die Livi	CMR	PTF	2:0
malabo-womens-open-2025	Senior Women -62kg	R16	204	BANNOVA Anastasiia	AIN	GU Wenjing	CHN	PTF	2:0
malabo-womens-open-2025	Senior Women -62kg	R16	205	KHUZINA Liliia	AIN	SHEN Zinuo	CHN	PTF	2:0
malabo-womens-open-2025	Senior Women -62kg	R16	206	DE Isadora	BRA	MAHMOUD Nadine	EGY	PTF	2:0
malabo-womens-open-2025	Senior Women -62kg	QF	112	WAFA Masghouni	TUN	BANNOVA Anastasiia	AIN	PTF	2:0
malabo-womens-open-2025	Senior Women -62kg	QF	113	CHEN Ximin	CHN	STOLBOVA Petra	CZE	PTF	2:0
malabo-womens-open-2025	Senior Women -62kg	QF	212	KHUZINA Liliia	AIN	ORTIZ BENITO Arlet	ESP	PTF	2:0
malabo-womens-open-2025	Senior Women -62kg	QF	213	MARTON Viviana	HUN	DE Isadora	BRA	PTF	2:0
malabo-womens-open-2025	Senior Women -62kg	SF	117	KHUZINA Liliia	AIN	WAFA Masghouni	TUN	PTF	2:0
malabo-womens-open-2025	Senior Women -62kg	SF	217	MARTON Viviana	HUN	CHEN Ximin	CHN	PTF	2:0
malabo-womens-open-2025	Senior Women -62kg	F	120	MARTON Viviana	HUN	KHUZINA Liliia	AIN	PTF	2:0
malabo-womens-open-2025	Senior Women -67kg	R32	101	ZIABLITCEVA Anna	AIN	KHALED HUSSEIN MAHMOUD Shahd	EGY	PTF	2:0
malabo-womens-open-2025	Senior Women -67kg	R32	102	MACEDO Sandy	BRA	BEN-YOUNESSSE Soufya	MAR	PTF	2:0
malabo-womens-open-2025	Senior Women -67kg	R32	103	KRADINOVA Uliana	AIN	HYDER Afreen	IND	PTF	2:0
malabo-womens-open-2025	Senior Women -67kg	R32	201	GBAGBI Ruth	CIV	LEE Jinju	KOR	PTF	2:0
malabo-womens-open-2025	Senior Women -67kg	R32	202	MOTLOKH Sofiia	AIN	SKVORTSOVA Kira	AIN	PTF	2:1
malabo-womens-open-2025	Senior Women -67kg	R16	108	MARENTAKI Styliani	GRE	MACEDO Sandy	BRA	PTF	2:0
malabo-womens-open-2025	Senior Women -67kg	R16	109	JELIć Matea	CRO	CASTRO BURGOS Cecilia	ESP	PTF	2:0
malabo-womens-open-2025	Senior Women -67kg	R16	110	MORENO REYES Lena	ESP	KRADINOVA Uliana	AIN	PTF	2:1
malabo-womens-open-2025	Senior Women -67kg	R16	205	TITONELI Milena	BRA	ZIABLITCEVA Anna	AIN	PTF	2:0
malabo-womens-open-2025	Senior Women -67kg	R16	206	XING Jiani	CHN	POWELL Aaliyah	GBR	PTF	1:0
malabo-womens-open-2025	Senior Women -67kg	R16	207	GBAGBI Ruth	CIV	SHEHATA Aya	EGY	PTF	2:0
malabo-womens-open-2025	Senior Women -67kg	R16	208	MARTON Luana	HUN	MOTLOKH Sofiia	AIN	PTF	2:0
malabo-womens-open-2025	Senior Women -67kg	R16	209	SONG Jie	CHN	MEHNANA Ines	FRA	PTF	2:0
malabo-womens-open-2025	Senior Women -67kg	QF	214	XING Jiani	CHN	TITONELI Milena	BRA	PTF	2:0
malabo-womens-open-2025	Senior Women -67kg	QF	215	GBAGBI Ruth	CIV	MARENTAKI Styliani	GRE	PTF	2:1
malabo-womens-open-2025	Senior Women -67kg	QF	216	MARTON Luana	HUN	JELIć Matea	CRO	PTF	2:0
malabo-womens-open-2025	Senior Women -67kg	QF	217	MORENO REYES Lena	ESP	SONG Jie	CHN	PTF	2:1
malabo-womens-open-2025	Senior Women -67kg	SF	221	XING Jiani	CHN	GBAGBI Ruth	CIV	PTF	2:1
malabo-womens-open-2025	Senior Women -67kg	SF	222	MARTON Luana	HUN	MORENO REYES Lena	ESP	PTF	2:0
malabo-womens-open-2025	Senior Women -67kg	F	125	MARTON Luana	HUN	XING Jiani	CHN	PTF	2:0
malabo-womens-open-2025	Senior Women -73kg	R16	105	SAMY ELHOSSEINY Malak	EGY	HWANG Yu jin	KOR	PTF	2:0
malabo-womens-open-2025	Senior Women -73kg	R16	106	POLE Doris	CRO	ALEKSEEVA Anfisa	AIN	PTF	2:0
malabo-womens-open-2025	Senior Women -73kg	QF	115	MORAN ROMERO Belen	ESP	SAMY ELHOSSEINY Malak	EGY	PTF	2:1
malabo-womens-open-2025	Senior Women -73kg	QF	116	GARCIA SUAREZ Helena	ESP	ZHOU Zeqi	CHN	PTF	2:1
malabo-womens-open-2025	Senior Women -73kg	QF	117	POLE Doris	CRO	MACKAY Ruby	GBR	PTF	2:0
malabo-womens-open-2025	Senior Women -73kg	QF	118	KOSMYCHEVA Anastasiia	AIN	ZHAO Xueting	CHN	PTF	2:1
malabo-womens-open-2025	Senior Women -73kg	SF	122	GARCIA SUAREZ Helena	ESP	MORAN ROMERO Belen	ESP	PTF	2:0
malabo-womens-open-2025	Senior Women -73kg	SF	123	KOSMYCHEVA Anastasiia	AIN	POLE Doris	CRO	PTF	2:1
malabo-womens-open-2025	Senior Women -73kg	F	126	KOSMYCHEVA Anastasiia	AIN	GARCIA SUAREZ Helena	ESP	PTF	2:1
malabo-womens-open-2025	Senior Women +73kg	R16	107	SHVEDKOVA Polina	AIN	LAMDARDAR Khadija	MAR	PTF	2:1
malabo-womens-open-2025	Senior Women +73kg	R16	108	WILLIAMS Lauren	GBR	ANTIL Himanshi	IND	PTF	2:0
malabo-womens-open-2025	Senior Women +73kg	R16	109	XU Lei	CHN	CHOI Yeojin	KOR	PTF	2:0
malabo-womens-open-2025	Senior Women +73kg	R16	207	ALADE Naomi	USA	BARUA Rodali	IND	PTF	2:0
malabo-womens-open-2025	Senior Women +73kg	R16	208	MATIC Magdalena	CRO	ZHANG Yinyin	CHN	PTF	2:1
malabo-womens-open-2025	Senior Women +73kg	R16	209	KITSIOU Agoritsa artemia	GRE	AYANG Veronica mbang esono	GEQ	PTF	2:0
malabo-womens-open-2025	Senior Women +73kg	QF	114	SHVEDKOVA Polina	AIN	CASTINEIRA ETCHEVERRIA Tania	ESP	PTF	2:1
malabo-womens-open-2025	Senior Women +73kg	QF	115	XU Lei	CHN	MATIC Magdalena	CRO	PTF	2:0
malabo-womens-open-2025	Senior Women +73kg	QF	214	WILLIAMS Lauren	GBR	ALADE Naomi	USA	PTF	2:0
malabo-womens-open-2025	Senior Women +73kg	QF	215	HAREMZA Dagmara	POL	KITSIOU Agoritsa artemia	GRE	PTF	2:0
malabo-womens-open-2025	Senior Women +73kg	SF	118	SHVEDKOVA Polina	AIN	WILLIAMS Lauren	GBR	PTF	2:0
malabo-womens-open-2025	Senior Women +73kg	SF	218	HAREMZA Dagmara	POL	XU Lei	CHN	PTF	2:1
malabo-womens-open-2025	Senior Women +73kg	F	121	SHVEDKOVA Polina	AIN	HAREMZA Dagmara	POL	PTF	2:0
croatia-open-2025	Senior Men -54kg	R16	301	TRIANTAFYLLAKIS Dimitrios	GRE	KOUKOUSOUDIS Evangelos	GER	PTF	2:0
croatia-open-2025	Senior Men -54kg	R16	302	HAMI Muhammed	TRT	HORSWELL Jordan	GBR	PTF	2:1
croatia-open-2025	Senior Men -54kg	R16	303	RAMOS. Brandon	PUR	BOULAHRAJANE Othmane	ITA	PTF	2:0
croatia-open-2025	Senior Men -54kg	R16	304	MIKLAVCIC Aljaz	SLO	JOVANOVIC Sasha	AUT	PTF	2:0
croatia-open-2025	Senior Men -54kg	QF	311	BRINDAMOHAN Nithan	CAN	TRIANTAFYLLAKIS Dimitrios	GRE	PTF	2:0
croatia-open-2025	Senior Men -54kg	QF	312	MOLJ Ozbolt	SLO	HAMI Muhammed	TRT	PTF	2:0
croatia-open-2025	Senior Men -54kg	QF	313	RAMOS. Brandon	PUR	TURKALJ Luka	CRO	PTF	2:1
croatia-open-2025	Senior Men -54kg	QF	314	DE MORAES Giovanni aubin	BRA	MIKLAVCIC Aljaz	SLO	PTF	2:0
croatia-open-2025	Senior Men -54kg	SF	319	MOLJ Ozbolt	SLO	BRINDAMOHAN Nithan	CAN	PTF	2:0
croatia-open-2025	Senior Men -54kg	SF	320	DE MORAES Giovanni aubin	BRA	RAMOS. Brandon	PUR	PTF	2:0
croatia-open-2025	Senior Men -54kg	F	323	DE MORAES Giovanni aubin	BRA	MOLJ Ozbolt	SLO	WDR	
croatia-open-2025	Senior Men -58kg	R16	501	MISSOSSI BIENVENU Nzamba Nzamba	GAB	KACZAN Neil	GBR	PTF	2:0
croatia-open-2025	Senior Men -58kg	R16	502	AMELHAYI Mehdi	FRA	KNECHT Nicolas	GER	PTF	2:0
croatia-open-2025	Senior Men -58kg	R16	503	LEE Colin	USA	DEVCIC Ivan	CRO	PTF	2:0
croatia-open-2025	Senior Men -58kg	R16	504	OZKAN Batu yasar	GER	ZIVKOVIC Dragan	SRB	PTF	2:0
croatia-open-2025	Senior Men -58kg	R16	505	NORETTO Cole	USA	KHAN Rayhaan	PAK	PTF	2:0
croatia-open-2025	Senior Men -58kg	QF	513	HOEFLING Nicholas	CAN	MISSOSSI BIENVENU Nzamba Nzamba	GAB	PTF	2:0
croatia-open-2025	Senior Men -58kg	QF	514	LEE Colin	USA	AMELHAYI Mehdi	FRA	PTF	2:0
croatia-open-2025	Senior Men -58kg	QF	515	ABDEL HALIM Khaled	GER	OZKAN Batu yasar	GER	PTF	2:0
croatia-open-2025	Senior Men -58kg	QF	516	NORETTO Cole	USA	SILVA Alisson Cauã	BRA	PTF	2:0
croatia-open-2025	Senior Men -58kg	SF	523	LEE Colin	USA	HOEFLING Nicholas	CAN	RSC	1:0
croatia-open-2025	Senior Men -58kg	SF	524	ABDEL HALIM Khaled	GER	NORETTO Cole	USA	PTF	2:0
croatia-open-2025	Senior Men -58kg	F	528	LEE Colin	USA	ABDEL HALIM Khaled	GER	PTF	2:1
croatia-open-2025	Senior Men -63kg	R16	401	RAVET Cyrian	FRA	BALJAK Matej	CRO	PTF	2:0
croatia-open-2025	Senior Men -63kg	R16	402	VISINSKI Patrik	CRO	MENDES Alisson	BRA	PTF	2:1
croatia-open-2025	Senior Men -63kg	R16	403	MILETIC Mateja	SRB	LEMMENS Noah	BEL	PTF	2:0
croatia-open-2025	Senior Men -63kg	R16	404	TOMAS GONZALEZ Lois	ESP	PAGLIARA Matteo	ITA	PTF	2:1
croatia-open-2025	Senior Men -63kg	R16	405	MOLJ Domen	SLO	FLEGAR Jan	CRO	PTF	2:0
croatia-open-2025	Senior Men -63kg	R16	406	LUCERNA Luca	ITA	ULUCAY Can	GER	PTF	2:0
croatia-open-2025	Senior Men -63kg	R16	407	YOON Christopher	USA	HUY Ethan	FRA	PTF	2:1
croatia-open-2025	Senior Men -63kg	R16	408	SUSILUOTO Otto	FIN	CRLJEN Nikola	CRO	PTF	2:0
croatia-open-2025	Senior Men -63kg	QF	418	RAVET Cyrian	FRA	VISINSKI Patrik	CRO	PTF	2:0
croatia-open-2025	Senior Men -63kg	QF	419	TOMAS GONZALEZ Lois	ESP	MILETIC Mateja	SRB	PTF	2:0
croatia-open-2025	Senior Men -63kg	QF	420	MOLJ Domen	SLO	LUCERNA Luca	ITA	PTF	2:0
croatia-open-2025	Senior Men -63kg	QF	421	SUSILUOTO Otto	FIN	YOON Christopher	USA	PTF	2:0
croatia-open-2025	Senior Men -63kg	SF	426	RAVET Cyrian	FRA	TOMAS GONZALEZ Lois	ESP	PTF	2:0
croatia-open-2025	Senior Men -63kg	SF	427	SUSILUOTO Otto	FIN	MOLJ Domen	SLO	WDR	
croatia-open-2025	Senior Men -63kg	F	430	RAVET Cyrian	FRA	SUSILUOTO Otto	FIN	PTF	2:0
croatia-open-2025	Senior Men -68kg	R32	308.1	BOURGEOIS Owen	FRA	WITTEK Lorenz	AUT	PTF	2:0
croatia-open-2025	Senior Men -68kg	R16	312.1	ABBASI Ali reza	TRT	STORDALEN William	NOR	RSC	2:0
croatia-open-2025	Senior Men -68kg	R16	314.1	BURUSIC Marko	SRB	PANOTES Jordan	USA	PTF	2:0
croatia-open-2025	Senior Men -68kg	R16	410	FERREIRA João Vitor	BRA	FREDRICKS Justin	USA	PTF	2:1
croatia-open-2025	Senior Men -68kg	R16	411	FABI Enzo	CAN	MEYER Leon	GER	PTF	2:0
croatia-open-2025	Senior Men -68kg	R16	412	CREP Matija	CRO	BOURGEOIS Owen	FRA	PTF	2:0
croatia-open-2025	Senior Men -68kg	R16	413	AL GHOTANY Yahya	TRT	LAWLOR Christopher	IMN	WDR	1:0
croatia-open-2025	Senior Men -68kg	R16	415	GKOLEMIS Ioannis christos	GRE	DE Pedro Henrique	BRA	RSC	2:1
croatia-open-2025	Senior Men -68kg	R16	416	VEGA GAITAN Rommel alejandro	ESP	HUSSEIN Ulat	GER	PTF	2:0
croatia-open-2025	Senior Men -68kg	QF	222.1	FABI Enzo	CAN	AL GHOTANY Yahya	TRT	PTF	2:1
croatia-open-2025	Senior Men -68kg	QF	422	CREP Matija	CRO	FERREIRA João Vitor	BRA	PTF	2:1
croatia-open-2025	Senior Men -68kg	QF	424	ABBASI Ali reza	TRT	GKOLEMIS Ioannis christos	GRE	PTF	2:0
croatia-open-2025	Senior Men -68kg	QF	425	BURUSIC Marko	SRB	VEGA GAITAN Rommel alejandro	ESP	PTF	2:1
croatia-open-2025	Senior Men -68kg	SF	428	CREP Matija	CRO	FABI Enzo	CAN	PTF	2:0
croatia-open-2025	Senior Men -68kg	SF	429	ABBASI Ali reza	TRT	BURUSIC Marko	SRB	PTF	2:0
croatia-open-2025	Senior Men -68kg	F	432	CREP Matija	CRO	ABBASI Ali reza	TRT	PTF	2:0
croatia-open-2025	Senior Men -74kg	QF	103	FLOUSKOUNIS Charalampos	GRE	MAURACHER Maximilian	AUT	PTF	2:0
croatia-open-2025	Senior Men -74kg	QF	104	BILGIN Efe	GER	WILCOX Sheldon	USA	PTF	2:0
croatia-open-2025	Senior Men -74kg	QF	105	VULETIC Vuk	MNE	CRESCENTINI Stefano	SMR	PTF	2:0
croatia-open-2025	Senior Men -74kg	QF	106	DUGAC Grga	CRO	LONCAR Nikola	SRB	PTF	2:0
croatia-open-2025	Senior Men -74kg	SF	117	FLOUSKOUNIS Charalampos	GRE	BILGIN Efe	GER	PTF	2:1
croatia-open-2025	Senior Men -74kg	SF	118	DUGAC Grga	CRO	VULETIC Vuk	MNE	RSC	2:0
croatia-open-2025	Senior Men -74kg	F	324	DUGAC Grga	CRO	FLOUSKOUNIS Charalampos	GRE	PTF	2:1
croatia-open-2025	Senior Men -80kg	QF	107	LALOAN Sean Jaylen	HAI	BUTT Danyaal	GBR	PTF	2:0
croatia-open-2025	Senior Men -80kg	QF	108	NIKOLIC Matej	CRO	ĐODAN Ivan	CRO	PTF	2:0
croatia-open-2025	Senior Men -80kg	QF	109	HRGOTA Leon	CRO	PANAGIOTIDIS Andronikos	GRE	PTF	2:0
croatia-open-2025	Senior Men -80kg	SF	119	KOVACIC Oscar	CRO	LALOAN Sean Jaylen	HAI	PTF	2:0
croatia-open-2025	Senior Men -80kg	SF	220.1	HRGOTA Leon	CRO	NIKOLIC Matej	CRO	PTF	2:0
croatia-open-2025	Senior Men -80kg	F	128	HRGOTA Leon	CRO	KOVACIC Oscar	CRO	WDR	
croatia-open-2025	Senior Men -87kg	SF	218	KRPAN Vito	CRO	BRANTUŠA Roko	CRO	PTF	2:0
croatia-open-2025	Senior Men -87kg	F	225	THOLIOTIS Vasileios	GRE	KRPAN Vito	CRO	PTF	2:1
croatia-open-2025	Senior Men +87kg	R16	201	DE BONA Antonio	CRO	NASO Marco	ITA	PTF	2:0
croatia-open-2025	Senior Men +87kg	QF	210	MICHOPOULOS Sotirios	GRE	DE BONA Antonio	CRO	PTF	2:0
croatia-open-2025	Senior Men +87kg	QF	211	BOZIC Pasko	CRO	TELIKOSTOGLOU Apostolos	GRE	PTF	2:0
croatia-open-2025	Senior Men +87kg	QF	212	DIVKOVIC Patrik	SLO	TRAJKOVIC Ivan konrad	SLO	PTF	2:0
croatia-open-2025	Senior Men +87kg	QF	213	DEMIRCIOGLU Huseyin berat	TUR	MOISE Frantz	USA	PTF	2:0
croatia-open-2025	Senior Men +87kg	SF	221	BOZIC Pasko	CRO	MICHOPOULOS Sotirios	GRE	PTF	2:1
croatia-open-2025	Senior Men +87kg	SF	222	DIVKOVIC Patrik	SLO	DEMIRCIOGLU Huseyin berat	TUR	PTF	2:1
croatia-open-2025	Senior Men +87kg	F	227	BOZIC Pasko	CRO	DIVKOVIC Patrik	SLO	PTF	2:0
croatia-open-2025	Senior Women -46kg	R16	101	ALERS Alannis Michelle	PUR	BIBERLE Maja lejla	AUT	PTF	2:0
croatia-open-2025	Senior Women -46kg	R16	102	PRPIC Sara	CRO	NOORI Zargunna	TRT	PTF	2:0
croatia-open-2025	Senior Women -46kg	QF	113	TAMMILA Ida-elina	FIN	ALERS Alannis Michelle	PUR	RSC	2:0
croatia-open-2025	Senior Women -46kg	QF	114	OZKEN Aleyna	GER	ETTELBRUCK Lilly	GER	PTF	2:1
croatia-open-2025	Senior Women -46kg	QF	115	GARCIA Laura	ESP	ARAYAN Nur	GER	PTF	2:1
croatia-open-2025	Senior Women -46kg	QF	116	STURARI Alessia	ITA	PRPIC Sara	CRO	PTF	2:0
croatia-open-2025	Senior Women -46kg	SF	125	TAMMILA Ida-elina	FIN	OZKEN Aleyna	GER	PTF	2:0
croatia-open-2025	Senior Women -46kg	SF	322.1	STURARI Alessia	ITA	GARCIA Laura	ESP	PTF	2:0
croatia-open-2025	Senior Women -46kg	F	131	STURARI Alessia	ITA	TAMMILA Ida-elina	FIN	PTF	2:0
croatia-open-2025	Senior Women -49kg	QF	510	SALOMEAH KNEZOVIĆ Francis	CRO	GAVRILOV Lana	CRO	PTF	2:1
croatia-open-2025	Senior Women -49kg	QF	511	KOUTROUMPI Kalliopi	GRE	TAYLOR Ashley	USA	PTF	2:0
croatia-open-2025	Senior Women -49kg	QF	512	KRAJEWSKA Nikola	POL	BUKVIĆ Mia	CRO	PTF	2:0
croatia-open-2025	Senior Women -49kg	SF	521	KRAJEWSKA Alicja	POL	SALOMEAH KNEZOVIĆ Francis	CRO	PTF	2:1
croatia-open-2025	Senior Women -49kg	SF	522	KOUTROUMPI Kalliopi	GRE	KRAJEWSKA Nikola	POL	PTF	2:0
croatia-open-2025	Senior Women -49kg	F	527	KRAJEWSKA Alicja	POL	KOUTROUMPI Kalliopi	GRE	PTF	2:0
croatia-open-2025	Senior Women -53kg	R16	305	PARADIS Olivia	CAN	BOESCH Lena	AUT	PTF	2:0
croatia-open-2025	Senior Women -53kg	R16	306	TATIANCHENKO Sophia	CAN	TEIRA PEREZ Ainhoa	ESP	PTF	2:0
croatia-open-2025	Senior Women -53kg	R16	307	PAGANI Iris vasiliki	GRE	BAČURIN Katarina	CRO	PTF	2:0
croatia-open-2025	Senior Women -53kg	R16	308	BONALS ANARTE Laura	ESP	MORONÈS Béatrice	CAN	PTF	2:0
croatia-open-2025	Senior Women -53kg	R16	309	MARINIC Tara	CRO	HARRISON Olivia	GBR	PTF	2:0
croatia-open-2025	Senior Women -53kg	R16	310	KARIMI Nuria	AUT	ELSAYED Hana Ibrahim Shaban Ibra	ITA	PTF	2:1
croatia-open-2025	Senior Women -53kg	QF	315	AVDAGIC Ada	BIH	PARADIS Olivia	CAN	PTF	2:0
croatia-open-2025	Senior Women -53kg	QF	316	PAGANI Iris vasiliki	GRE	TATIANCHENKO Sophia	CAN	PTF	2:0
croatia-open-2025	Senior Women -53kg	QF	317	MARINIC Tara	CRO	BONALS ANARTE Laura	ESP	PTF	2:0
croatia-open-2025	Senior Women -53kg	QF	318	SPASOJEVIC Sara	CRO	KARIMI Nuria	AUT	RSC	2:0
croatia-open-2025	Senior Women -53kg	SF	321	AVDAGIC Ada	BIH	PAGANI Iris vasiliki	GRE	PTF	2:0
croatia-open-2025	Senior Women -53kg	SF	322	SPASOJEVIC Sara	CRO	MARINIC Tara	CRO	PTF	2:1
croatia-open-2025	Senior Women -53kg	F	325	AVDAGIC Ada	BIH	SPASOJEVIC Sara	CRO	PTF	2:0
croatia-open-2025	Senior Women -57kg	R16	202	FLORES Hermaliz	PUR	LUCERNA Marta	ITA	PTF	2:0
croatia-open-2025	Senior Women -57kg	R16	203	REPOULIA Athanasia	GRE	OZER Binnur	GER	PTF	2:0
croatia-open-2025	Senior Women -57kg	R16	204	BETT Ava	GBR	ST-PIERRE Alycia	CAN	PTF	2:0
croatia-open-2025	Senior Women -57kg	R16	205	KUKIC Iva	SRB	CARTER Mary	USA	PTF	2:0
croatia-open-2025	Senior Women -57kg	R16	206	VAN PASSEL Amelie	BEL	ZELENOVIC Misela	AUT	PTF	2:1
croatia-open-2025	Senior Women -57kg	QF	214	VUKIC Margarita	CRO	FLORES Hermaliz	PUR	PTF	2:1
croatia-open-2025	Senior Women -57kg	QF	215	REPOULIA Athanasia	GRE	BETT Ava	GBR	PTF	2:0
croatia-open-2025	Senior Women -57kg	QF	216	BANGURA Aisha	GER	KUKIC Iva	SRB	PTF	2:0
croatia-open-2025	Senior Women -57kg	QF	217	AYDIN KONSTANTINIDIS Ela	GER	VAN PASSEL Amelie	BEL	PTF	2:0
croatia-open-2025	Senior Women -57kg	SF	223	VUKIC Margarita	CRO	REPOULIA Athanasia	GRE	PTF	2:1
croatia-open-2025	Senior Women -57kg	SF	224	AYDIN KONSTANTINIDIS Ela	GER	BANGURA Aisha	GER	PTF	2:0
croatia-open-2025	Senior Women -57kg	F	228	AYDIN KONSTANTINIDIS Ela	GER	VUKIC Margarita	CRO	PTF	2:0
croatia-open-2025	Senior Women -62kg	R16	506	SHIBA Grace River	USA	ABDEL FATTAH Sarah	AUT	PTF	2:0
croatia-open-2025	Senior Women -62kg	R16	507	KRIATSIOTI Anna maria	GRE	BRAJDIC Anna	CRO	PTF	2:0
croatia-open-2025	Senior Women -62kg	R16	508	LEE Jessica Lynn	HAI	HARRASSER Allegra	AUT	RSC	1:0
croatia-open-2025	Senior Women -62kg	R16	509	MIDZOR Kala	CRO	TORRES TENA Elena	ESP	PTF	2:0
croatia-open-2025	Senior Women -62kg	QF	517	BLITEK Cloe	FRA	SHIBA Grace River	USA	PTF	2:0
croatia-open-2025	Senior Women -62kg	QF	518	MCPHILLIE Neve	GBR	KRIATSIOTI Anna maria	GRE	PTF	2:1
croatia-open-2025	Senior Women -62kg	QF	519	LEE Jessica Lynn	HAI	JELIC Ivona	CRO	PTF	2:0
croatia-open-2025	Senior Women -62kg	QF	520	MIDZOR Kala	CRO	BUGARINOVIC Ema	CRO	PTF	2:0
croatia-open-2025	Senior Women -62kg	SF	525	BLITEK Cloe	FRA	MCPHILLIE Neve	GBR	PTF	2:0
croatia-open-2025	Senior Women -62kg	SF	526	MIDZOR Kala	CRO	LEE Jessica Lynn	HAI	PTF	2:0
croatia-open-2025	Senior Women -62kg	F	529	BLITEK Cloe	FRA	MIDZOR Kala	CRO	PTF	2:0
croatia-open-2025	Senior Women -67kg	QF	207	HABULIN Kim Vivian	GER	ANTONATOU Ioanna	GRE	PTF	2:0
croatia-open-2025	Senior Women -67kg	QF	208	MORALES Britney lisette	CUB	MAGDIC Matea	CRO	PTF	2:0
croatia-open-2025	Senior Women -67kg	QF	209	ARELIC Ivana	CRO	DOUCET Teeyah	FRA	PTF	2:0
croatia-open-2025	Senior Women -67kg	SF	219	HABULIN Kim Vivian	GER	KANOUTE Iman	MLI	PTF	2:0
croatia-open-2025	Senior Women -67kg	SF	220	ARELIC Ivana	CRO	MORALES Britney lisette	CUB	PTF	2:0
croatia-open-2025	Senior Women -67kg	F	324.1	ARELIC Ivana	CRO	HABULIN Kim Vivian	GER	PTF	2:0
croatia-open-2025	Senior Women -73kg	QF	110	KRSTINIC Anja	CRO	NEDIC Marlen sophie	GER	PTF	2:0
croatia-open-2025	Senior Women -73kg	SF	121	KRSTINIC Anja	CRO	LEE Ava Soon	HAI	PTF	2:0
croatia-open-2025	Senior Women -73kg	SF	122	MASTELIC Mila	CRO	RUDOLF Nika	SLO	PTF	2:0
croatia-open-2025	Senior Women -73kg	F	129	MASTELIC Mila	CRO	KRSTINIC Anja	CRO	PTF	2:0
croatia-open-2025	Senior Women +73kg	QF	111	KIBASSA-MALIBA Christina	USA	VALLO ZURDO Ane	ESP	PTF	2:0
croatia-open-2025	Senior Women +73kg	QF	112	ZELJKO Darija	CRO	MAURACHER Alexandra	AUT	PTF	2:0
croatia-open-2025	Senior Women +73kg	SF	123	KIBASSA-MALIBA Christina	USA	VASCONCELOS Elis	BRA	PTF	2:0
croatia-open-2025	Senior Women +73kg	SF	124	ZELJKO Darija	CRO	HUSOVIC Esmeralda	GER	PTF	2:0
croatia-open-2025	Senior Women +73kg	F	130	KIBASSA-MALIBA Christina	USA	ZELJKO Darija	CRO	PTF	2:0
slovenia-open-2026	Senior Men -54kg	R32	101	CHRZANOWSKI Pawel	POL	BALYEMEZ Yakup ali	GER	PTF	2:0
slovenia-open-2026	Senior Men -54kg	R32	102	NIKOLIC MALORA Lucijan	CRO	MEHMEDOVIC Omer	BIH	PTF	2:0
slovenia-open-2026	Senior Men -54kg	R16	119	GEORGIEV Hristiyan	BUL	CHRZANOWSKI Pawel	POL	PTF	2:0
slovenia-open-2026	Senior Men -54kg	R16	120	GRITSENKO Vladimir	RUS	MIKLAVCIC Aljaz	SLO	PTF	2:0
slovenia-open-2026	Senior Men -54kg	R16	121	DIAWARA Abdoul aziz aboubacar	GUI	MIAKHEL Arian	SWE	PTF	2:0
slovenia-open-2026	Senior Men -54kg	R16	122	BALAKHNEEV Dmitriy	RUS	ZACCONE Francesco	ITA	PTF	2:0
slovenia-open-2026	Senior Men -54kg	R16	123	ALESIO CAPOLINI Mathis	FRA	SZENTGYORGYI Balazs	HUN	PTF	2:0
slovenia-open-2026	Senior Men -54kg	R16	124	ZYWARSKI Filip	POL	MAJCZYNA Bartosz	POL	PTF	2:0
slovenia-open-2026	Senior Men -54kg	R16	125	HASSAN M BUHARI Muteb	KSA	KOUKOUSOUDIS Evangelos	GER	PTF	2:0
slovenia-open-2026	Senior Men -54kg	R16	126	DE MORAES Giovanni aubin	BRA	NIKOLIC MALORA Lucijan	CRO	PTF	2:0
slovenia-open-2026	Senior Men -54kg	QF	135	GEORGIEV Hristiyan	BUL	GRITSENKO Vladimir	RUS	PTF	2:0
slovenia-open-2026	Senior Men -54kg	QF	136	BALAKHNEEV Dmitriy	RUS	DIAWARA Abdoul aziz aboubacar	GUI	PTF	2:1
slovenia-open-2026	Senior Men -54kg	QF	137	ALESIO CAPOLINI Mathis	FRA	ZYWARSKI Filip	POL	PTF	2:0
slovenia-open-2026	Senior Men -54kg	QF	138	DE MORAES Giovanni aubin	BRA	HASSAN M BUHARI Muteb	KSA	PTF	2:0
slovenia-open-2026	Senior Men -54kg	SF	144	DE MORAES Giovanni aubin	BRA	ALESIO CAPOLINI Mathis	FRA	PTF	2:0
slovenia-open-2026	Senior Men -54kg	SF	439.1	GEORGIEV Hristiyan	BUL	BALAKHNEEV Dmitriy	RUS	PTF	2:0
slovenia-open-2026	Senior Men -54kg	F	147	DE MORAES Giovanni aubin	BRA	GEORGIEV Hristiyan	BUL	PTF	2:0
slovenia-open-2026	Senior Men -58kg	R32	601	HAMI Muhammed	TRT	ZIVKOVIC Dragan	SRB	PTF	2:1
slovenia-open-2026	Senior Men -58kg	R32	602	DRAZKIEWICZ Igor	POL	STOJANOVIC Stefan	SRB	PTF	2:0
slovenia-open-2026	Senior Men -58kg	R32	603	GUSEINOV Damir	RUS	GAETA Marco	ITA	PTF	2:0
slovenia-open-2026	Senior Men -58kg	R32	604	ADEMI Bleron	KOS	DEVCIC Ivan	CRO	PTF	2:0
slovenia-open-2026	Senior Men -58kg	R32	605	MAJCZYNA Karol	POL	OZKEN Alkan	GER	PTF	2:0
slovenia-open-2026	Senior Men -58kg	R32	606	DONKO Ibrahim	BIH	JOVANOVIC Nemanja	SRB	PTF	2:0
slovenia-open-2026	Senior Men -58kg	R32	607	IVKOVIC Relja	SRB	CAVALIC Eman	BIH	PTF	2:0
slovenia-open-2026	Senior Men -58kg	R32	608	PIZZO Andrea ramzi	ITA	AMATI Federico	SMR	PTF	2:0
slovenia-open-2026	Senior Men -58kg	R32	609	HAMDI Riad nasser a	KSA	CMILJANOVIC Andrija	SRB	PTF	2:0
slovenia-open-2026	Senior Men -58kg	R32	610	ALMUSHRAF Abdullah essa a	KSA	RICHTER Lenny rene	GER	PTF	2:0
slovenia-open-2026	Senior Men -58kg	R32	611	BITSUEV Kantemir	RUS	KOS Luka	SLO	PTF	2:0
slovenia-open-2026	Senior Men -58kg	R32	612	PASTORE Riccardo	ITA	MISSOSSI BIENVENU Nzamba Nzamba	GAB	PTF	2:0
slovenia-open-2026	Senior Men -58kg	R16	623	MOLJ Domen	SLO	HAMI Muhammed	TRT	PTF	2:0
slovenia-open-2026	Senior Men -58kg	R16	624	GUSEINOV Damir	RUS	DRAZKIEWICZ Igor	POL	PTF	2:0
slovenia-open-2026	Senior Men -58kg	R16	625	ADEMI Bleron	KOS	MAJCZYNA Karol	POL	PTF	2:0
slovenia-open-2026	Senior Men -58kg	R16	626	DONKO Ibrahim	BIH	ABDEL HALIM Khaled	GER	PTF	2:0
slovenia-open-2026	Senior Men -58kg	R16	627	TESKERA Josip	CRO	IVKOVIC Relja	SRB	PTF	2:0
slovenia-open-2026	Senior Men -58kg	R16	628	HAMDI Riad nasser a	KSA	PIZZO Andrea ramzi	ITA	PTF	2:0
slovenia-open-2026	Senior Men -58kg	R16	629	BITSUEV Kantemir	RUS	ALMUSHRAF Abdullah essa a	KSA	PTF	2:1
slovenia-open-2026	Senior Men -58kg	R16	630	VASILIC Todor	SRB	PASTORE Riccardo	ITA	PTF	2:0
slovenia-open-2026	Senior Men -58kg	QF	639	GUSEINOV Damir	RUS	MOLJ Domen	SLO	PTF	2:1
slovenia-open-2026	Senior Men -58kg	QF	640	ADEMI Bleron	KOS	DONKO Ibrahim	BIH	PTF	2:1
slovenia-open-2026	Senior Men -58kg	QF	641	TESKERA Josip	CRO	HAMDI Riad nasser a	KSA	PTF	2:1
slovenia-open-2026	Senior Men -58kg	QF	642	BITSUEV Kantemir	RUS	VASILIC Todor	SRB	PTF	2:1
slovenia-open-2026	Senior Men -58kg	SF	647	ADEMI Bleron	KOS	GUSEINOV Damir	RUS	PTF	2:1
slovenia-open-2026	Senior Men -58kg	SF	648	BITSUEV Kantemir	RUS	TESKERA Josip	CRO	PTF	2:0
slovenia-open-2026	Senior Men -58kg	F	651	BITSUEV Kantemir	RUS	ADEMI Bleron	KOS	PTF	2:0
slovenia-open-2026	Senior Men -63kg	R64	301	ALSAFFOURI Tayam	TRT	CIUPA Bartlomiej	POL	PTF	2:1
slovenia-open-2026	Senior Men -63kg	R32	303	LUCERNA Luca	ITA	NESTOROVIĆ Vasilije	MNE	PTF	2:0
slovenia-open-2026	Senior Men -63kg	R32	304	RAVET Cyrian	FRA	ALSAFFOURI Tayam	TRT	PTF	2:0
slovenia-open-2026	Senior Men -63kg	R32	305	SAFARYN Piotr	POL	BALJAK Matej	CRO	PTF	2:1
slovenia-open-2026	Senior Men -63kg	R32	306	KORNEEV Lev	SRB	GUREL Enes ali	GER	PTF	2:0
slovenia-open-2026	Senior Men -63kg	R32	307	SUSILUOTO Otto	FIN	ILIC Nikola	SRB	PTF	2:0
slovenia-open-2026	Senior Men -63kg	R32	308	SHISHKO Dmitrii	RUS	KOBYLINSKI Bartosz	POL	PTF	2:0
slovenia-open-2026	Senior Men -63kg	R32	309	MIHAJLOVIC Vuk	SRB	LEMMENS Noah	BEL	PTF	2:1
slovenia-open-2026	Senior Men -63kg	R32	310	BAGOV Idar	RUS	PAGLIARA Matteo	ITA	PTF	2:0
slovenia-open-2026	Senior Men -63kg	R32	311	MITKOV Stanislav	BUL	KLJAJIC Nikola	SRB	PTF	2:0
slovenia-open-2026	Senior Men -63kg	R32	312	STRUGLINSKI Bartosz	POL	NACHEV Luboslav	BUL	PTF	2:1
slovenia-open-2026	Senior Men -63kg	R32	313	LO PINTO Daniel	ITA	MOLJ Ozbolt	SLO	PTF	2:1
slovenia-open-2026	Senior Men -63kg	R32	314	FLEGAR Jan	CRO	GRMAS Luka	AUT	PTF	2:0
slovenia-open-2026	Senior Men -63kg	R32	315	PAPIEROWSKI Dominik	POL	CURKOVIC Marin	CRO	PTF	2:0
slovenia-open-2026	Senior Men -63kg	R32	316	ADEMI Valton	KOS	BATALO Aleksandar	SRB	PTF	2:0
slovenia-open-2026	Senior Men -63kg	R32	317	VISINSKI Patrik	CRO	FERREIRA Kauan	BRA	PTF	2:1
slovenia-open-2026	Senior Men -63kg	R32	318	OSIN Maksim	RUS	SOLTYSIAK Jakub	POL	PTF	2:0
slovenia-open-2026	Senior Men -63kg	R16	327	RAVET Cyrian	FRA	LUCERNA Luca	ITA	PTF	2:0
slovenia-open-2026	Senior Men -63kg	R16	328	KORNEEV Lev	SRB	SAFARYN Piotr	POL	PTF	2:1
slovenia-open-2026	Senior Men -63kg	R16	329	SHISHKO Dmitrii	RUS	SUSILUOTO Otto	FIN	PTF	2:0
slovenia-open-2026	Senior Men -63kg	R16	330	BAGOV Idar	RUS	MIHAJLOVIC Vuk	SRB	PTF	2:0
slovenia-open-2026	Senior Men -63kg	R16	331	MITKOV Stanislav	BUL	STRUGLINSKI Bartosz	POL	PTF	2:0
slovenia-open-2026	Senior Men -63kg	R16	332	LO PINTO Daniel	ITA	FLEGAR Jan	CRO	PTF	2:0
slovenia-open-2026	Senior Men -63kg	R16	433.1	ADEMI Valton	KOS	PAPIEROWSKI Dominik	POL	PTF	2:1
slovenia-open-2026	Senior Men -63kg	R16	433.2	OSIN Maksim	RUS	VISINSKI Patrik	CRO	PTF	2:0
slovenia-open-2026	Senior Men -63kg	QF	339	RAVET Cyrian	FRA	KORNEEV Lev	SRB	PTF	2:0
slovenia-open-2026	Senior Men -63kg	QF	340	BAGOV Idar	RUS	SHISHKO Dmitrii	RUS	PTF	2:0
slovenia-open-2026	Senior Men -63kg	QF	341	MITKOV Stanislav	BUL	LO PINTO Daniel	ITA	PTF	2:0
slovenia-open-2026	Senior Men -63kg	QF	342	OSIN Maksim	RUS	ADEMI Valton	KOS	PTF	2:0
slovenia-open-2026	Senior Men -63kg	SF	345	RAVET Cyrian	FRA	BAGOV Idar	RUS	PTF	2:1
slovenia-open-2026	Senior Men -63kg	SF	346	MITKOV Stanislav	BUL	OSIN Maksim	RUS	PTF	2:0
slovenia-open-2026	Senior Men -63kg	F	349	RAVET Cyrian	FRA	MITKOV Stanislav	BUL	PTF	2:0
slovenia-open-2026	Senior Men -68kg	R32	701	CAVUSMAN Aslan eymen	GER	GUMUS Feyyaz	GER	PTF	2:0
slovenia-open-2026	Senior Men -68kg	R32	702	RUPAR Kajetan	POL	ZEHETNER Felix	AUT	PTF	2:0
slovenia-open-2026	Senior Men -68kg	R32	703	ABBASI Ali reza	TRT	KONDRAJCZAK Dorian	POL	PTF	2:0
slovenia-open-2026	Senior Men -68kg	R32	704	DJONKO Muhamed	BIH	WITTEK Lorenz	AUT	PTF	2:0
slovenia-open-2026	Senior Men -68kg	R32	705	ERMAKOV Daniil	RUS	AL GHOTANY Yahya	TRT	PTF	2:1
slovenia-open-2026	Senior Men -68kg	R32	706	VUKOTIC Danilo	SRB	SZUKALSKI Bartosz	POL	PTF	2:0
slovenia-open-2026	Senior Men -68kg	R32	707	CHRZANOWSKI Mateusz	POL	MILETIC Mateja	SRB	PTF	2:0
slovenia-open-2026	Senior Men -68kg	R32	708	KRAJISNIK Zarko	SRB	CRLJEN Nikola	CRO	PTF	2:0
slovenia-open-2026	Senior Men -68kg	R32	709	CAVUSMAN Emre	GER	FALCO Antonio	ITA	WDR	1:0
slovenia-open-2026	Senior Men -68kg	R32	710	TURKULJ Uros	SRB	NASERI Ansar	TRT	PTF	2:1
slovenia-open-2026	Senior Men -68kg	R32	711	MANDIC Milos	SRB	KOWALEWSKI Rafal	POL	PTF	2:0
slovenia-open-2026	Senior Men -68kg	R32	712	DANILOV Ilia	RUS	SANTINELLI Christian	ITA	PTF	2:0
slovenia-open-2026	Senior Men -68kg	R32	713	USCIMIUK Sebastian	POL	SUBOTIC Vojin	SRB	PTF	2:0
slovenia-open-2026	Senior Men -68kg	R32	714	MAGERRAMOV Dzhavid	RUS	PARUZEK Krystof	CZE	RSC	2:0
slovenia-open-2026	Senior Men -68kg	R32	715	VYKOV Amir	RUS	BOURHALLA Nour	SUI	PTF	2:0
slovenia-open-2026	Senior Men -68kg	R16	720	LUCIEN Theo	FRA	CAVUSMAN Aslan eymen	GER	PTF	2:1
slovenia-open-2026	Senior Men -68kg	R16	721	ABBASI Ali reza	TRT	RUPAR Kajetan	POL	WDR	
slovenia-open-2026	Senior Men -68kg	R16	722	ERMAKOV Daniil	RUS	DJONKO Muhamed	BIH	PTF	2:0
slovenia-open-2026	Senior Men -68kg	R16	723	CHRZANOWSKI Mateusz	POL	VUKOTIC Danilo	SRB	PTF	2:0
slovenia-open-2026	Senior Men -68kg	R16	724	CAVUSMAN Emre	GER	KRAJISNIK Zarko	SRB	PTF	2:0
slovenia-open-2026	Senior Men -68kg	R16	725	TURKULJ Uros	SRB	MANDIC Milos	SRB	PTF	2:0
slovenia-open-2026	Senior Men -68kg	R16	726	DANILOV Ilia	RUS	USCIMIUK Sebastian	POL	PTF	2:0
slovenia-open-2026	Senior Men -68kg	R16	727	VYKOV Amir	RUS	MAGERRAMOV Dzhavid	RUS	PTF	2:0
slovenia-open-2026	Senior Men -68kg	QF	736	LUCIEN Theo	FRA	ABBASI Ali reza	TRT	PTF	2:0
slovenia-open-2026	Senior Men -68kg	QF	737	CHRZANOWSKI Mateusz	POL	ERMAKOV Daniil	RUS	PTF	2:1
slovenia-open-2026	Senior Men -68kg	QF	738	CAVUSMAN Emre	GER	TURKULJ Uros	SRB	PTF	2:1
slovenia-open-2026	Senior Men -68kg	QF	739	VYKOV Amir	RUS	DANILOV Ilia	RUS	PTF	2:0
slovenia-open-2026	Senior Men -68kg	SF	744	LUCIEN Theo	FRA	CHRZANOWSKI Mateusz	POL	PTF	2:0
slovenia-open-2026	Senior Men -68kg	SF	745	VYKOV Amir	RUS	CAVUSMAN Emre	GER	PTF	2:0
slovenia-open-2026	Senior Men -68kg	F	748	LUCIEN Theo	FRA	VYKOV Amir	RUS	PTF	2:0
slovenia-open-2026	Senior Men -74kg	R64	801	HORVAT Sven	CRO	MILINKOVIC Danilo	SRB	PTF	2:1
slovenia-open-2026	Senior Men -74kg	R64	802	BARANOV Stepan	RUS	MAURACHER Maximilian	AUT	PTF	2:0
slovenia-open-2026	Senior Men -74kg	R64	803	POLCZYNSKI Tymoteusz	POL	STOJANOVIC Marko	SRB	PTF	2:0
slovenia-open-2026	Senior Men -74kg	R32	811	ABDUSALAMOV Magomed	RUS	HORVAT Sven	CRO	PTF	2:1
slovenia-open-2026	Senior Men -74kg	R32	812	VULETIC Vuk	MNE	AGUSHI Elion	KOS	RSC	2:1
slovenia-open-2026	Senior Men -74kg	R32	813	MIRONOV Maksim	RUS	BURUSIC Marko	SRB	PTF	2:0
slovenia-open-2026	Senior Men -74kg	R32	814	CUDNOCH Lukasz	POL	MANUKJAN Moses	GER	PTF	2:0
slovenia-open-2026	Senior Men -74kg	R32	815	BECOVIC Zinedin	MNE	FERNANDEZ Alvaro	ESP	PTF	2:0
slovenia-open-2026	Senior Men -74kg	R32	816	LOTT Liam	GER	MOHAMMAD Ahmad	GER	PTF	2:1
slovenia-open-2026	Senior Men -74kg	R32	817	GASHI Jon	KOS	LUKIC Nikola	SRB	PTF	2:0
slovenia-open-2026	Senior Men -74kg	R32	818	HUSIC Benjamin	BIH	POLCZYNSKI Adam	POL	PTF	2:0
slovenia-open-2026	Senior Men -74kg	R32	819	BARANOV Stepan	RUS	SITTEK Tomas	CZE	PTF	2:0
slovenia-open-2026	Senior Men -74kg	R32	820	HAIDARI Milad	DEN	DAVIDOVIC Matija	SRB	PTF	2:1
slovenia-open-2026	Senior Men -74kg	R32	821	ALIAN Ali	SWE	KLAJKO David	HUN	PTF	2:0
slovenia-open-2026	Senior Men -74kg	R32	822	GOLUBIC Marko	CRO	BORGA Samuele	ITA	PTF	2:0
slovenia-open-2026	Senior Men -74kg	R32	823	DUGAC Grga	CRO	COLAK Nayan can	GER	PTF	2:0
slovenia-open-2026	Senior Men -74kg	R32	824	SPICK Maximilian	GER	JURKIC Miro	CRO	PTF	2:0
slovenia-open-2026	Senior Men -74kg	R32	825	RAMAZANOV Khanmagomed	RUS	LILOV Krasimir	BUL	PTF	2:1
slovenia-open-2026	Senior Men -74kg	R32	826	FLOUSKOUNIS Charalampos	GRE	POLCZYNSKI Tymoteusz	POL	PTF	2:0
slovenia-open-2026	Senior Men -74kg	R16	827	ABDUSALAMOV Magomed	RUS	VULETIC Vuk	MNE	PTF	2:0
slovenia-open-2026	Senior Men -74kg	R16	828	CUDNOCH Lukasz	POL	MIRONOV Maksim	RUS	PTF	2:0
slovenia-open-2026	Senior Men -74kg	R16	829	BECOVIC Zinedin	MNE	LOTT Liam	GER	PTF	2:1
slovenia-open-2026	Senior Men -74kg	R16	830	GASHI Jon	KOS	HUSIC Benjamin	BIH	PTF	2:0
slovenia-open-2026	Senior Men -74kg	R16	831	BARANOV Stepan	RUS	HAIDARI Milad	DEN	PTF	2:0
slovenia-open-2026	Senior Men -74kg	R16	832	GOLUBIC Marko	CRO	ALIAN Ali	SWE	PTF	2:0
slovenia-open-2026	Senior Men -74kg	R16	833	SPICK Maximilian	GER	DUGAC Grga	CRO	PTF	2:0
slovenia-open-2026	Senior Men -74kg	R16	834	FLOUSKOUNIS Charalampos	GRE	RAMAZANOV Khanmagomed	RUS	PTF	2:0
slovenia-open-2026	Senior Men -74kg	QF	839	ABDUSALAMOV Magomed	RUS	CUDNOCH Lukasz	POL	PTF	2:0
slovenia-open-2026	Senior Men -74kg	QF	840	BECOVIC Zinedin	MNE	GASHI Jon	KOS	PTF	2:0
slovenia-open-2026	Senior Men -74kg	QF	841	GOLUBIC Marko	CRO	BARANOV Stepan	RUS	PTF	2:0
slovenia-open-2026	Senior Men -74kg	QF	842	FLOUSKOUNIS Charalampos	GRE	SPICK Maximilian	GER	PTF	2:0
slovenia-open-2026	Senior Men -74kg	SF	845	BECOVIC Zinedin	MNE	ABDUSALAMOV Magomed	RUS	PTF	2:0
slovenia-open-2026	Senior Men -74kg	SF	846	FLOUSKOUNIS Charalampos	GRE	GOLUBIC Marko	CRO	PTF	2:0
slovenia-open-2026	Senior Men -74kg	F	849	FLOUSKOUNIS Charalampos	GRE	BECOVIC Zinedin	MNE	PTF	2:0
slovenia-open-2026	Senior Men -80kg	R32	201	ALIEV Emil	RUS	SEREMET Nino	BIH	PTF	2:1
slovenia-open-2026	Senior Men -80kg	R32	202	GUMUS Kaan	GER	ENGLITSCH Vincent	AUT	PTF	2:0
slovenia-open-2026	Senior Men -80kg	R32	203	TAKOV Stefan	SRB	CORAZZA Lukas	AUT	PTF	2:0
slovenia-open-2026	Senior Men -80kg	R32	204	SLEPOV Stepan	RUS	MILINKOVIC Strahinja	SRB	PTF	2:0
slovenia-open-2026	Senior Men -80kg	R32	205	RIBAUDO Lorenzo	ITA	VITKOVIC Nikola	SRB	WDR	1:1
slovenia-open-2026	Senior Men -80kg	R32	206	RASZKOWSKI Wiktor	POL	ĐODAN Ivan	CRO	PTF	2:0
slovenia-open-2026	Senior Men -80kg	R32	207	MOHAMED-SALEM Mahmud	ESP	NESHYBA Tomas	CZE	PTF	2:0
slovenia-open-2026	Senior Men -80kg	R32	208	HOSSEINI BIJI KOLA Seyed Omid	BUL	CALIK Enis	GER	PTF	2:0
slovenia-open-2026	Senior Men -80kg	R32	209	HUSIC Nedzad	BIH	OSTOJIC Nikola	SRB	PTF	2:0
slovenia-open-2026	Senior Men -80kg	R32	210	SZADKOWSKI Michal	POL	CAJIC Nikola	AUT	PTF	2:0
slovenia-open-2026	Senior Men -80kg	R32	211	JOCHMAN Adam	CZE	ZUNZARREN Inigo	ESP	PTF	2:0
slovenia-open-2026	Senior Men -80kg	R32	212	SOKOLOWSKI Mikolaj	POL	SZEJA Filip	GER	PTF	2:0
slovenia-open-2026	Senior Men -80kg	R16	217	KOVACIC Oscar	CRO	ALIEV Emil	RUS	PTF	2:0
slovenia-open-2026	Senior Men -80kg	R16	218	TAKOV Stefan	SRB	GUMUS Kaan	GER	PTF	2:0
slovenia-open-2026	Senior Men -80kg	R16	219	SLEPOV Stepan	RUS	RIBAUDO Lorenzo	ITA	PTF	2:0
slovenia-open-2026	Senior Men -80kg	R16	220	ODINAEV Rustam	SRB	RASZKOWSKI Wiktor	POL	PTF	2:0
slovenia-open-2026	Senior Men -80kg	R16	221	HRGOTA Leon	CRO	MOHAMED-SALEM Mahmud	ESP	PTF	2:0
slovenia-open-2026	Senior Men -80kg	R16	222	HUSIC Nedzad	BIH	HOSSEINI BIJI KOLA Seyed Omid	BUL	PTF	2:0
slovenia-open-2026	Senior Men -80kg	R16	223	JOCHMAN Adam	CZE	SZADKOWSKI Michal	POL	WDR	1:0
slovenia-open-2026	Senior Men -80kg	R16	224	MYTAREV Artem	RUS	SOKOLOWSKI Mikolaj	POL	PTF	2:0
slovenia-open-2026	Senior Men -80kg	QF	233	TAKOV Stefan	SRB	KOVACIC Oscar	CRO	PTF	2:0
slovenia-open-2026	Senior Men -80kg	QF	234	ODINAEV Rustam	SRB	SLEPOV Stepan	RUS	PTF	2:1
slovenia-open-2026	Senior Men -80kg	QF	235	HUSIC Nedzad	BIH	HRGOTA Leon	CRO	PTF	2:1
slovenia-open-2026	Senior Men -80kg	QF	236	MYTAREV Artem	RUS	JOCHMAN Adam	CZE	PTF	2:1
slovenia-open-2026	Senior Men -80kg	SF	241	ODINAEV Rustam	SRB	TAKOV Stefan	SRB	PTF	2:0
slovenia-open-2026	Senior Men -80kg	SF	242	MYTAREV Artem	RUS	HUSIC Nedzad	BIH	PTF	2:0
slovenia-open-2026	Senior Men -80kg	F	245	MYTAREV Artem	RUS	ODINAEV Rustam	SRB	PTF	2:0
slovenia-open-2026	Senior Men -87kg	R32	302	KOUGBLENOU Kelly	GER	FRONDA Sandro	SWE	PTF	2:0
slovenia-open-2026	Senior Men -87kg	R16	319	PIATKOWSKI Szymon	POL	KOUGBLENOU Kelly	GER	PTF	2:0
slovenia-open-2026	Senior Men -87kg	R16	320	THEOCHAROUS Andreas	CYP	AJDUKOVIC Dimitrije	SRB	PTF	2:0
slovenia-open-2026	Senior Men -87kg	R16	321	BILIC PAVLINOVIC Josip	CRO	DIVKOVIC Patrik	SLO	PTF	2:0
slovenia-open-2026	Senior Men -87kg	R16	322	BABIC Jaka	SLO	KAMALOV Rafael	RUS	PTF	2:1
slovenia-open-2026	Senior Men -87kg	R16	323	SAWADOGO Faysal	BUR	KRPAN Vito	CRO	PTF	2:1
slovenia-open-2026	Senior Men -87kg	R16	324	STOJANOVIC Stefan	SRB	RADAKOVIĆ Ognjen	SRB	PTF	2:0
slovenia-open-2026	Senior Men -87kg	R16	325	BUDIN Vladislav	RUS	MOKHTARI Mohammad	TRT	PTF	2:0
slovenia-open-2026	Senior Men -87kg	R16	326	NUCI Erol	BIH	PETTIGREW Riley	GBR	PTF	2:0
slovenia-open-2026	Senior Men -87kg	QF	335	PIATKOWSKI Szymon	POL	THEOCHAROUS Andreas	CYP	PTF	2:0
slovenia-open-2026	Senior Men -87kg	QF	336	BILIC PAVLINOVIC Josip	CRO	BABIC Jaka	SLO	PTF	2:0
slovenia-open-2026	Senior Men -87kg	QF	337	SAWADOGO Faysal	BUR	STOJANOVIC Stefan	SRB	PTF	2:0
slovenia-open-2026	Senior Men -87kg	QF	338	BUDIN Vladislav	RUS	NUCI Erol	BIH	PTF	2:0
slovenia-open-2026	Senior Men -87kg	SF	343	PIATKOWSKI Szymon	POL	BILIC PAVLINOVIC Josip	CRO	PTF	2:0
slovenia-open-2026	Senior Men -87kg	SF	344	BUDIN Vladislav	RUS	SAWADOGO Faysal	BUR	RSC	1:1
slovenia-open-2026	Senior Men -87kg	F	347	PIATKOWSKI Szymon	POL	BUDIN Vladislav	RUS	PTF	2:0
slovenia-open-2026	Senior Men +87kg	R16	804	JABLONSKI Zbigniew	POL	KUECUEKSUNGUR Kerim	GER	PTF	2:0
slovenia-open-2026	Senior Men +87kg	R16	805	GOLUBOVIC Milos	SRB	HAREMZA Krystian	POL	PTF	2:0
slovenia-open-2026	Senior Men +87kg	R16	806	BOZIC Pasko	CRO	RADAKOVIC Mihailo	SRB	PTF	2:0
slovenia-open-2026	Senior Men +87kg	R16	807	GARCIA MARTINEZ Ivan	ESP	GRUJICIC Ognjen	SRB	PTF	2:0
slovenia-open-2026	Senior Men +87kg	R16	808	SAPINA Ivan	CRO	BRINK Kevin	SWE	PTF	2:0
slovenia-open-2026	Senior Men +87kg	R16	809	SAIDI Isa	AUT	TRAJKOVIC Ivan konrad	SLO	WDR	
slovenia-open-2026	Senior Men +87kg	R16	810	LARIN Vladislav	RUS	ALMAGDY Abdula	AUT	PTF	2:0
slovenia-open-2026	Senior Men +87kg	QF	435.1	SAPINA Ivan	CRO	GARCIA MARTINEZ Ivan	ESP	PTF	2:1
slovenia-open-2026	Senior Men +87kg	QF	435.2	LARIN Vladislav	RUS	SAIDI Isa	AUT	PTF	2:0
slovenia-open-2026	Senior Men +87kg	QF	835	AIUKAEV Rafail	RUS	JABLONSKI Zbigniew	POL	PTF	2:0
slovenia-open-2026	Senior Men +87kg	QF	836	BOZIC Pasko	CRO	GOLUBOVIC Milos	SRB	PTF	2:0
slovenia-open-2026	Senior Men +87kg	SF	843	AIUKAEV Rafail	RUS	BOZIC Pasko	CRO	PTF	2:0
slovenia-open-2026	Senior Men +87kg	SF	844	LARIN Vladislav	RUS	SAPINA Ivan	CRO	WDR	
slovenia-open-2026	Senior Men +87kg	F	847	AIUKAEV Rafail	RUS	LARIN Vladislav	RUS	PTF	2:0
slovenia-open-2026	Senior Women -46kg	R16	501	PEEVA Deya	BUL	BIBERLE Maja lejla	AUT	PTF	2:0
slovenia-open-2026	Senior Women -46kg	R16	502	STURARI Alessia	ITA	RADEVIC Anja	MNE	PTF	2:0
slovenia-open-2026	Senior Women -46kg	R16	503	BRAJOVIC Iva	SRB	STRZEMKOWSKA Barbara	POL	WDR	
slovenia-open-2026	Senior Women -46kg	R16	504	MAKAS Dzejla	BIH	PAVLOVIC Ivana	SRB	PTF	2:0
slovenia-open-2026	Senior Women -46kg	R16	505	PRPIC Sara	CRO	VITALI Marisol	ITA	PTF	2:0
slovenia-open-2026	Senior Women -46kg	R16	506	SCHRENK Jazmin	HUN	GALECKA Hanna	POL	PTF	2:0
slovenia-open-2026	Senior Women -46kg	R16	507	ANGELOVA Alisa	RUS	LIU Alyssa	AUT	PTF	2:0
slovenia-open-2026	Senior Women -46kg	QF	536	BEKULOVA Milana	RUS	PEEVA Deya	BUL	PTF	2:0
slovenia-open-2026	Senior Women -46kg	QF	537	BRAJOVIC Iva	SRB	STURARI Alessia	ITA	PTF	2:0
slovenia-open-2026	Senior Women -46kg	QF	538	MAKAS Dzejla	BIH	PRPIC Sara	CRO	PTF	2:0
slovenia-open-2026	Senior Women -46kg	QF	539	ANGELOVA Alisa	RUS	SCHRENK Jazmin	HUN	PTF	2:0
slovenia-open-2026	Senior Women -46kg	SF	544	BEKULOVA Milana	RUS	BRAJOVIC Iva	SRB	PTF	2:0
slovenia-open-2026	Senior Women -46kg	SF	545	ANGELOVA Alisa	RUS	MAKAS Dzejla	BIH	PTF	2:0
slovenia-open-2026	Senior Women -46kg	F	548	BEKULOVA Milana	RUS	ANGELOVA Alisa	RUS	PTF	2:0
slovenia-open-2026	Senior Women -49kg	R32	716	HINIC Sofija	CRO	TOTH Elizabet laura	HUN	PTF	2:0
slovenia-open-2026	Senior Women -49kg	R32	717	DODIK Nika	CRO	GULYAS Evike	GER	PTF	2:0
slovenia-open-2026	Senior Women -49kg	R32	718	OZKEN Aleyna	GER	KRAJIC Teodora	AUT	PTF	2:0
slovenia-open-2026	Senior Women -49kg	R32	719	GAVRILOV Lana	CRO	CHATZIGEORGIOU Maria	GER	PTF	2:1
slovenia-open-2026	Senior Women -49kg	R16	728	ATESLI Supharada	GER	HINIC Sofija	CRO	PTF	2:0
slovenia-open-2026	Senior Women -49kg	R16	729	MAKAS Ejla	BIH	KRAJEWSKA Nikola	POL	PTF	2:0
slovenia-open-2026	Senior Women -49kg	R16	730	EREMINA Viktoriya	RUS	SALOMEAH KNEZOVIĆ Francis	CRO	PTF	2:0
slovenia-open-2026	Senior Women -49kg	R16	731	LIÑAN PARDO Naiara	AND	DODIK Nika	CRO	PTF	2:0
slovenia-open-2026	Senior Women -49kg	R16	732	KRAJEWSKA Alicja	POL	OZKEN Aleyna	GER	PTF	2:0
slovenia-open-2026	Senior Women -49kg	R16	733	BOKAN Andrea	SRB	ARTAMONOVA Anastasiia	RUS	PTF	2:0
slovenia-open-2026	Senior Women -49kg	R16	734	ROGOZINA Irina	RUS	KLISOWSKA Zuzanna	POL	PTF	2:1
slovenia-open-2026	Senior Women -49kg	R16	735	MEDVEDEVA Galina	RUS	GAVRILOV Lana	CRO	PTF	2:0
slovenia-open-2026	Senior Women -49kg	QF	740	ATESLI Supharada	GER	MAKAS Ejla	BIH	PTF	2:0
slovenia-open-2026	Senior Women -49kg	QF	741	EREMINA Viktoriya	RUS	LIÑAN PARDO Naiara	AND	PTF	2:0
slovenia-open-2026	Senior Women -49kg	QF	742	BOKAN Andrea	SRB	KRAJEWSKA Alicja	POL	PTF	2:0
slovenia-open-2026	Senior Women -49kg	QF	743	MEDVEDEVA Galina	RUS	ROGOZINA Irina	RUS	PTF	2:0
slovenia-open-2026	Senior Women -49kg	SF	246	ATESLI Supharada	GER	EREMINA Viktoriya	RUS	PTF	2:0
slovenia-open-2026	Senior Women -49kg	SF	747	BOKAN Andrea	SRB	MEDVEDEVA Galina	RUS	PTF	2:0
slovenia-open-2026	Senior Women -49kg	F	750	BOKAN Andrea	SRB	ATESLI Supharada	GER	PTF	2:0
slovenia-open-2026	Senior Women -53kg	R32	103	AVDAGIC Ada	BIH	GAVRILOVIC Irina	SRB	PTF	2:0
slovenia-open-2026	Senior Women -53kg	R32	104	WOSKOWIAK Natasza	POL	LILOVA Elena	BUL	PTF	2:1
slovenia-open-2026	Senior Women -53kg	R32	105	OLESZCZUK Lucja	POL	ZIBAR Perla	GER	PTF	2:0
slovenia-open-2026	Senior Women -53kg	R32	106	GUSEINOVA Aziza	RUS	KALIC Lucija	CRO	PTF	2:0
slovenia-open-2026	Senior Women -53kg	R32	107	MAKRYGIANNI Athina	GRE	GEORGIEVA Aleksandra	BUL	PTF	2:0
slovenia-open-2026	Senior Women -53kg	R32	108	STANKOVIC Vanja	SRB	COSKUN Asli	GER	PTF	2:0
slovenia-open-2026	Senior Women -53kg	R32	109	MAYER Leonie	GER	KARIMI Nuria	AUT	PTF	2:1
slovenia-open-2026	Senior Women -53kg	R32	110	SPASOJEVIC Sara	CRO	IEGIANI Jennifer	ITA	PTF	2:0
slovenia-open-2026	Senior Women -53kg	R32	111	RADIC Ozana	CRO	ASIMI Adiba	GER	PTF	2:0
slovenia-open-2026	Senior Women -53kg	R32	112	RADEK Dora	CRO	SUSILUOTO Inari	FIN	PTF	2:0
slovenia-open-2026	Senior Women -53kg	R32	113	AL HALWANI Elisa	ITA	BAČURIN Katarina	CRO	PTF	2:0
slovenia-open-2026	Senior Women -53kg	R32	114	STAMENKOVIC Teodora	SRB	KRAISNIK Katarina	BIH	PTF	2:0
slovenia-open-2026	Senior Women -53kg	R32	115	KARABELEVA Erika	BUL	LOIBL Lotta	AUT	PTF	2:0
slovenia-open-2026	Senior Women -53kg	R32	116	SANGARE Mariam	MLI	CSAKI Hanna	HUN	PTF	2:0
slovenia-open-2026	Senior Women -53kg	R32	117	SHOROKHOVA Ekaterina	RUS	SHAW Elisha	GBR	PTF	2:0
slovenia-open-2026	Senior Women -53kg	R32	118	SUBBOTINA Anastasia	RUS	KARLBERG Tea	SWE	PTF	2:0
slovenia-open-2026	Senior Women -53kg	R16	127	AVDAGIC Ada	BIH	WOSKOWIAK Natasza	POL	PTF	2:0
slovenia-open-2026	Senior Women -53kg	R16	128	GUSEINOVA Aziza	RUS	OLESZCZUK Lucja	POL	PTF	2:1
slovenia-open-2026	Senior Women -53kg	R16	129	MAKRYGIANNI Athina	GRE	STANKOVIC Vanja	SRB	PTF	2:0
slovenia-open-2026	Senior Women -53kg	R16	130	MAYER Leonie	GER	SPASOJEVIC Sara	CRO	PTF	2:1
slovenia-open-2026	Senior Women -53kg	R16	131	RADIC Ozana	CRO	RADEK Dora	CRO	PTF	2:1
slovenia-open-2026	Senior Women -53kg	R16	132	STAMENKOVIC Teodora	SRB	AL HALWANI Elisa	ITA	PTF	2:1
slovenia-open-2026	Senior Women -53kg	R16	133	KARABELEVA Erika	BUL	SANGARE Mariam	MLI	PTF	2:0
slovenia-open-2026	Senior Women -53kg	R16	134	SUBBOTINA Anastasia	RUS	SHOROKHOVA Ekaterina	RUS	PTF	2:0
slovenia-open-2026	Senior Women -53kg	QF	139	AVDAGIC Ada	BIH	GUSEINOVA Aziza	RUS	PTF	2:0
slovenia-open-2026	Senior Women -53kg	QF	140	MAKRYGIANNI Athina	GRE	MAYER Leonie	GER	PTF	2:0
slovenia-open-2026	Senior Women -53kg	QF	141	RADIC Ozana	CRO	STAMENKOVIC Teodora	SRB	PTF	2:1
slovenia-open-2026	Senior Women -53kg	QF	142	SUBBOTINA Anastasia	RUS	KARABELEVA Erika	BUL	PTF	2:1
slovenia-open-2026	Senior Women -53kg	SF	145	AVDAGIC Ada	BIH	MAKRYGIANNI Athina	GRE	PTF	2:0
slovenia-open-2026	Senior Women -53kg	SF	146	SUBBOTINA Anastasia	RUS	RADIC Ozana	CRO	WDR	1:0
slovenia-open-2026	Senior Women -53kg	F	149	SUBBOTINA Anastasia	RUS	AVDAGIC Ada	BIH	PTF	2:0
slovenia-open-2026	Senior Women -57kg	R64	508	KINGSLEY Lily	GBR	MIDZOR Kala	CRO	PTF	2:1
slovenia-open-2026	Senior Women -57kg	R64	509	STOJANOVIC Nina	SRB	TONG Valencia	CAN	PTF	2:0
slovenia-open-2026	Senior Women -57kg	R64	510	SEVO Milica	SRB	DARGIE Olivia	POL	PTF	2:1
slovenia-open-2026	Senior Women -57kg	R64	511	KALLSTRAND Izabella	SWE	POZNANOVIC Marija	SRB	PTF	2:0
slovenia-open-2026	Senior Women -57kg	R32	512	LISOWSKA Nikol	POL	KINGSLEY Lily	GBR	PTF	2:0
slovenia-open-2026	Senior Women -57kg	R32	513	MILIC Nikolina	SRB	KUKIC Iva	SRB	PTF	2:0
slovenia-open-2026	Senior Women -57kg	R32	514	BANGURA Aisha	GER	KLARIC Tianna	SLO	PTF	2:0
slovenia-open-2026	Senior Women -57kg	R32	515	REZAIE Roja	GER	BULOW Alice	SWE	PTF	2:0
slovenia-open-2026	Senior Women -57kg	R32	516	KHORSHIDI Ayda	TRT	AL Sarah	ITA	PTF	2:0
slovenia-open-2026	Senior Women -57kg	R32	517	SEREDA Julia	POL	MILIC Milica	SRB	PTF	2:1
slovenia-open-2026	Senior Women -57kg	R32	518	MARINIC Tara	CRO	KRAISNIK Ivana	BIH	PTF	2:0
slovenia-open-2026	Senior Women -57kg	R32	519	ZDOR Kseniia	RUS	STOJANOVIC Nina	SRB	PTF	2:0
slovenia-open-2026	Senior Women -57kg	R32	520	SEVO Milica	SRB	VUKIC Margarita	CRO	PTF	2:0
slovenia-open-2026	Senior Women -57kg	R32	521	ABUTALEB Dunya ali m	KSA	PRICOLO Marina	ITA	PTF	2:0
slovenia-open-2026	Senior Women -57kg	R32	522	KUCHINA Viktorya	RUS	SAVIJA Isidora	SRB	PTF	2:0
slovenia-open-2026	Senior Women -57kg	R32	523	ROVITHIS Anastasia	GER	ENTEZARI Nazila	TRT	PTF	2:0
slovenia-open-2026	Senior Women -57kg	R32	524	SMIRNOVA Kseniia	RUS	STANKOVIC Milica	SRB	PTF	2:0
slovenia-open-2026	Senior Women -57kg	R32	525	LUKIC Jana	SRB	LUCERNA Marta	ITA	PTF	2:0
slovenia-open-2026	Senior Women -57kg	R32	526	RADAK Teodora	SRB	VAN PASSEL Amelie	BEL	PTF	2:1
slovenia-open-2026	Senior Women -57kg	R32	527	HRONOVA Dominika	CZE	KALLSTRAND Izabella	SWE	PTF	2:1
slovenia-open-2026	Senior Women -57kg	R16	528	MILIC Nikolina	SRB	LISOWSKA Nikol	POL	PTF	2:0
slovenia-open-2026	Senior Women -57kg	R16	529	REZAIE Roja	GER	BANGURA Aisha	GER	PTF	2:0
slovenia-open-2026	Senior Women -57kg	R16	530	KHORSHIDI Ayda	TRT	SEREDA Julia	POL	PTF	2:0
slovenia-open-2026	Senior Women -57kg	R16	531	ZDOR Kseniia	RUS	MARINIC Tara	CRO	PTF	2:0
slovenia-open-2026	Senior Women -57kg	R16	532	ABUTALEB Dunya ali m	KSA	SEVO Milica	SRB	PTF	2:0
slovenia-open-2026	Senior Women -57kg	R16	533	ROVITHIS Anastasia	GER	KUCHINA Viktorya	RUS	PTF	2:0
slovenia-open-2026	Senior Women -57kg	R16	534	LUKIC Jana	SRB	SMIRNOVA Kseniia	RUS	PTF	2:0
slovenia-open-2026	Senior Women -57kg	R16	535	HRONOVA Dominika	CZE	RADAK Teodora	SRB	PTF	2:0
slovenia-open-2026	Senior Women -57kg	QF	540	MILIC Nikolina	SRB	REZAIE Roja	GER	PTF	2:1
slovenia-open-2026	Senior Women -57kg	QF	541	ZDOR Kseniia	RUS	KHORSHIDI Ayda	TRT	PTF	2:0
slovenia-open-2026	Senior Women -57kg	QF	542	ROVITHIS Anastasia	GER	ABUTALEB Dunya ali m	KSA	PTF	2:0
slovenia-open-2026	Senior Women -57kg	QF	543	HRONOVA Dominika	CZE	LUKIC Jana	SRB	PTF	2:0
slovenia-open-2026	Senior Women -57kg	SF	546	ZDOR Kseniia	RUS	MILIC Nikolina	SRB	PTF	2:0
slovenia-open-2026	Senior Women -57kg	SF	547	HRONOVA Dominika	CZE	ROVITHIS Anastasia	GER	PTF	2:0
slovenia-open-2026	Senior Women -57kg	F	550	ZDOR Kseniia	RUS	HRONOVA Dominika	CZE	PTF	2:0
slovenia-open-2026	Senior Women -62kg	R32	613	HOFFMANN Emilia	POL	CECCHI Linda	ITA	PTF	2:0
slovenia-open-2026	Senior Women -62kg	R32	614	JELIC Ivona	CRO	RADOVANOVIC Ana	SRB	PTF	2:0
slovenia-open-2026	Senior Women -62kg	R32	615	KICEMA Helena	CRO	ECKER Zoey	AUT	PTF	2:0
slovenia-open-2026	Senior Women -62kg	R32	616	SEVO Tamara	SRB	HABIJANCIC Dora	CRO	PTF	2:0
slovenia-open-2026	Senior Women -62kg	R32	617	ZECIROVIC Nina	SRB	YAZICI Zumra	GER	PTF	2:0
slovenia-open-2026	Senior Women -62kg	R32	618	MOCALINA Vladislava	LAT	OZER Binnur	GER	PTF	2:0
slovenia-open-2026	Senior Women -62kg	R32	619	FLEGROVA Hana	CZE	JELIC Petra lea	CRO	PTF	2:0
slovenia-open-2026	Senior Women -62kg	R32	620	GOEBEL Laura	GER	KRAJEWSKA Agnieszka	POL	PTF	2:0
slovenia-open-2026	Senior Women -62kg	R32	621	EK Isabella	SWE	JANKOVIC Lana	SRB	PTF	2:0
slovenia-open-2026	Senior Women -62kg	R32	622	PATAKFALVY Luca	HUN	LANGNER Natalia	POL	PTF	2:1
slovenia-open-2026	Senior Women -62kg	R16	429.1	STOLBOVA Petra	CZE	HOFFMANN Emilia	POL	PTF	2:0
slovenia-open-2026	Senior Women -62kg	R16	429.2	JELIC Ivona	CRO	KICEMA Helena	CRO	PTF	2:0
slovenia-open-2026	Senior Women -62kg	R16	633	MARIC Ela	SRB	SEVO Tamara	SRB	PTF	2:0
slovenia-open-2026	Senior Women -62kg	R16	634	SZPAK Julia	POL	ZECIROVIC Nina	SRB	PTF	2:1
slovenia-open-2026	Senior Women -62kg	R16	635	KHUZINA Liliia	RUS	MOCALINA Vladislava	LAT	PTF	2:0
slovenia-open-2026	Senior Women -62kg	R16	636	BANNOVA Anastasiia	RUS	FLEGROVA Hana	CZE	WDR	1:0
slovenia-open-2026	Senior Women -62kg	R16	637	GOEBEL Laura	GER	EK Isabella	SWE	PTF	2:0
slovenia-open-2026	Senior Women -62kg	R16	638	MESTROVIC Dora	CRO	PATAKFALVY Luca	HUN	PTF	2:0
slovenia-open-2026	Senior Women -62kg	QF	643	STOLBOVA Petra	CZE	JELIC Ivona	CRO	PTF	2:0
slovenia-open-2026	Senior Women -62kg	QF	644	MARIC Ela	SRB	SZPAK Julia	POL	PTF	2:0
slovenia-open-2026	Senior Women -62kg	QF	645	KHUZINA Liliia	RUS	BANNOVA Anastasiia	RUS	PTF	2:0
slovenia-open-2026	Senior Women -62kg	QF	646	MESTROVIC Dora	CRO	GOEBEL Laura	GER	PTF	2:0
slovenia-open-2026	Senior Women -62kg	SF	649	MARIC Ela	SRB	STOLBOVA Petra	CZE	PTF	2:0
slovenia-open-2026	Senior Women -62kg	SF	650	MESTROVIC Dora	CRO	KHUZINA Liliia	RUS	PTF	2:1
slovenia-open-2026	Senior Women -62kg	F	653	MESTROVIC Dora	CRO	MARIC Ela	SRB	PTF	2:0
slovenia-open-2026	Senior Women -67kg	R32	401	ZIABLITCEVA Anna	RUS	HABULIN Kim Vivian	GER	PTF	2:0
slovenia-open-2026	Senior Women -67kg	R32	402	ARELIC Ivana	CRO	ORLOVIC Marija	BIH	PTF	2:0
slovenia-open-2026	Senior Women -67kg	R32	403	ZHELEZNOVA Viktoriia	RUS	VELAGIĆ JEREB Žana	SLO	PTF	2:0
slovenia-open-2026	Senior Women -67kg	R32	404	POLE Doris	CRO	NIKOLIC Tijana	SRB	PTF	2:0
slovenia-open-2026	Senior Women -67kg	R32	405	NOWAK Julia	POL	SAVKOVIC Nadja	SRB	PTF	2:0
slovenia-open-2026	Senior Women -67kg	R32	406	MOTLOKH Sofiia	RUS	RUCINSKI Viktoria	GER	PTF	2:0
slovenia-open-2026	Senior Women -67kg	R32	407	KOERNDL Vanessa	GER	LOZOWSKA Oliwia	POL	RSC	2:0
slovenia-open-2026	Senior Women -67kg	R32	408	BERISAJ Andrea	MNE	KOUSHAN Diviana-lara	GER	PTF	2:0
slovenia-open-2026	Senior Women -67kg	R32	409	KOWALKOWSKA Justyna	POL	MAGDIC Matea	CRO	PTF	2:0
slovenia-open-2026	Senior Women -67kg	R32	410	KRADINOVA Uliana	RUS	VUJIN Andjela	SRB	PTF	2:0
slovenia-open-2026	Senior Women -67kg	R32	411	GBAGBI Ruth	CIV	STAMENKOVIC Jelena	SRB	PTF	2:0
slovenia-open-2026	Senior Women -67kg	R32	412	TOMCZAK Tatiana	POL	SUTHERLAND Emily	GBR	PTF	2:0
slovenia-open-2026	Senior Women -67kg	R32	413	SKVORTSOVA Kira	RUS	ABDEL FATTAH Sarah	AUT	PTF	2:0
slovenia-open-2026	Senior Women -67kg	R32	414	HRGIC Anja	BIH	BAUER Caroline	GER	PTF	2:0
slovenia-open-2026	Senior Women -67kg	R16	420	MARENTAKI Styliani	GRE	ZIABLITCEVA Anna	RUS	PTF	2:0
slovenia-open-2026	Senior Women -67kg	R16	421	ARELIC Ivana	CRO	ZHELEZNOVA Viktoriia	RUS	PTF	2:0
slovenia-open-2026	Senior Women -67kg	R16	422	POLE Doris	CRO	NOWAK Julia	POL	PTF	2:0
slovenia-open-2026	Senior Women -67kg	R16	423	KOERNDL Vanessa	GER	MOTLOKH Sofiia	RUS	PTF	2:0
slovenia-open-2026	Senior Women -67kg	R16	424	BERISAJ Andrea	MNE	KOWALKOWSKA Justyna	POL	PTF	2:0
slovenia-open-2026	Senior Women -67kg	R16	425	GBAGBI Ruth	CIV	KRADINOVA Uliana	RUS	PTF	2:0
slovenia-open-2026	Senior Women -67kg	R16	426	SKVORTSOVA Kira	RUS	TOMCZAK Tatiana	POL	PTF	2:0
slovenia-open-2026	Senior Women -67kg	R16	427	PERISIC Aleksandra	SRB	HRGIC Anja	BIH	PTF	2:0
slovenia-open-2026	Senior Women -67kg	QF	432	MARENTAKI Styliani	GRE	ARELIC Ivana	CRO	PTF	2:0
slovenia-open-2026	Senior Women -67kg	QF	433	POLE Doris	CRO	KOERNDL Vanessa	GER	PTF	2:0
slovenia-open-2026	Senior Women -67kg	QF	434	GBAGBI Ruth	CIV	BERISAJ Andrea	MNE	PTF	2:1
slovenia-open-2026	Senior Women -67kg	QF	435	PERISIC Aleksandra	SRB	SKVORTSOVA Kira	RUS	PTF	2:1
slovenia-open-2026	Senior Women -67kg	SF	438	MARENTAKI Styliani	GRE	POLE Doris	CRO	PTF	2:0
slovenia-open-2026	Senior Women -67kg	SF	439	PERISIC Aleksandra	SRB	GBAGBI Ruth	CIV	PTF	2:0
slovenia-open-2026	Senior Women -67kg	F	442	MARENTAKI Styliani	GRE	PERISIC Aleksandra	SRB	PTF	2:0
slovenia-open-2026	Senior Women -73kg	R32	213	VULETIĆ Tea	CRO	AKIN Selina	GER	PTF	2:1
slovenia-open-2026	Senior Women -73kg	R32	214	SHAW Erin	GBR	ČIZMIĆ BORŠI Nina	CRO	PTF	2:0
slovenia-open-2026	Senior Women -73kg	R32	215	BANAS Nina	POL	MERUNOWICZ Martyna	POL	PTF	2:0
slovenia-open-2026	Senior Women -73kg	R32	216	HADZIC Alema	GER	MLADINA Maja	CRO	PTF	2:0
slovenia-open-2026	Senior Women -73kg	R16	225	KOSMYCHEVA Anastasiia	RUS	VULETIĆ Tea	CRO	PTF	2:0
slovenia-open-2026	Senior Women -73kg	R16	226	KOLOVRAT Matea	CRO	RUDOLF Nika	SLO	PTF	2:0
slovenia-open-2026	Senior Women -73kg	R16	227	JUHASZOVA Iveta	CZE	NEDIC Marlen sophie	GER	PTF	2:0
slovenia-open-2026	Senior Women -73kg	R16	228	SABER Dunya bushuaib a	KSA	SHAW Erin	GBR	PTF	2:0
slovenia-open-2026	Senior Women -73kg	R16	229	MASTELIC Mila	CRO	BANAS Nina	POL	PTF	2:0
slovenia-open-2026	Senior Women -73kg	R16	230	ALEKSEEVA Anfisa	RUS	HOERMANN Emily	GER	PTF	2:0
slovenia-open-2026	Senior Women -73kg	R16	231	PETROVIC Iva	SRB	KRSTINIC Anja	CRO	PTF	2:0
slovenia-open-2026	Senior Women -73kg	R16	232	BOZANIC Nadica	SRB	HADZIC Alema	GER	PTF	2:0
slovenia-open-2026	Senior Women -73kg	QF	237	KOSMYCHEVA Anastasiia	RUS	KOLOVRAT Matea	CRO	PTF	2:0
slovenia-open-2026	Senior Women -73kg	QF	238	JUHASZOVA Iveta	CZE	SABER Dunya bushuaib a	KSA	PTF	2:1
slovenia-open-2026	Senior Women -73kg	QF	239	MASTELIC Mila	CRO	ALEKSEEVA Anfisa	RUS	PTF	2:0
slovenia-open-2026	Senior Women -73kg	QF	240	BOZANIC Nadica	SRB	PETROVIC Iva	SRB	PTF	2:0
slovenia-open-2026	Senior Women -73kg	SF	243	KOSMYCHEVA Anastasiia	RUS	JUHASZOVA Iveta	CZE	PTF	2:0
slovenia-open-2026	Senior Women -73kg	SF	244	BOZANIC Nadica	SRB	MASTELIC Mila	CRO	PTF	2:0
slovenia-open-2026	Senior Women -73kg	F	247	KOSMYCHEVA Anastasiia	RUS	BOZANIC Nadica	SRB	PTF	2:0
slovenia-open-2026	Senior Women +73kg	R16	415	SEVIC Andela	SRB	AYANG Veronica mbang esono	GEQ	PTF	2:0
slovenia-open-2026	Senior Women +73kg	R16	416	KOWALCZUK Aleksandra	POL	MAURACHER Alexandra	AUT	PTF	2:0
slovenia-open-2026	Senior Women +73kg	R16	417	ADEBAIO Kristina	RUS	SESAR Lea	AUT	PTF	2:0
slovenia-open-2026	Senior Women +73kg	R16	418	HELVIGA Viktorija	LAT	HUSOVIC Darija	GER	PTF	2:0
slovenia-open-2026	Senior Women +73kg	R16	419	ZELJKO Darija	CRO	HUSOVIC Esmeralda	GER	PTF	2:1
slovenia-open-2026	Senior Women +73kg	QF	428	HAREMZA Dagmara	POL	SEVIC Andela	SRB	PTF	2:0
slovenia-open-2026	Senior Women +73kg	QF	429	ADEBAIO Kristina	RUS	KOWALCZUK Aleksandra	POL	PTF	2:0
slovenia-open-2026	Senior Women +73kg	QF	430	SHVEDKOVA Polina	RUS	HELVIGA Viktorija	LAT	PTF	2:1
slovenia-open-2026	Senior Women +73kg	QF	431	MATIC Magdalena	CRO	ZELJKO Darija	CRO	PTF	2:0
slovenia-open-2026	Senior Women +73kg	SF	436	HAREMZA Dagmara	POL	ADEBAIO Kristina	RUS	PTF	2:0
slovenia-open-2026	Senior Women +73kg	SF	437	MATIC Magdalena	CRO	SHVEDKOVA Polina	RUS	PTF	2:0
slovenia-open-2026	Senior Women +73kg	F	440	HAREMZA Dagmara	POL	MATIC Magdalena	CRO	PTF	2:0
skopje-open-2026	Senior Men -54kg	R16	101	ANDRIĆ Vanja	SRB	SPYROU Antreas	CYP	PTF	2:0
skopje-open-2026	Senior Men -54kg	QF	125	GEORGIEV Hristiyan	BUL	ANDRIĆ Vanja	SRB	PTF	2:0
skopje-open-2026	Senior Men -54kg	QF	126	ROUNTARIS Stylianos	GRE	BOUKARNIA Hamza	FRA	PTF	2:0
skopje-open-2026	Senior Men -54kg	QF	127	CURVELO Johan	VEN	CANI Georgios	ALB	PTF	2:0
skopje-open-2026	Senior Men -54kg	QF	128	PASHCOVSKY Tom	ISR	KARYDIS Alexandros	GRE	PTF	2:0
skopje-open-2026	Senior Men -54kg	SF	135	GEORGIEV Hristiyan	BUL	ROUNTARIS Stylianos	GRE	PTF	2:0
skopje-open-2026	Senior Men -54kg	SF	136	PASHCOVSKY Tom	ISR	CURVELO Johan	VEN	PTF	2:0
skopje-open-2026	Senior Men -54kg	F	141	GEORGIEV Hristiyan	BUL	PASHCOVSKY Tom	ISR	WDR	
skopje-open-2026	Senior Men -58kg	R32	301	STOJANOVIC Stefan	SRB	YIGIT Hakan	DEN	PTF	2:1
skopje-open-2026	Senior Men -58kg	R32	302	N'GAIDE Idriss	FRA	CIMEN Eyupcan	TUR	PTF	2:1
skopje-open-2026	Senior Men -58kg	R32	303	PATAN Semih	KOS	CVETKOVSKI Aleksandar	MKD	PTF	2:0
skopje-open-2026	Senior Men -58kg	R32	401	LIKOMETI Tedi	ALB	CELIK Ahmet Abit	TUR	DSQ	
skopje-open-2026	Senior Men -58kg	R32	402	HADJICOSTI Prodromos angelos	CYP	HARLAND Maximillian	AUT	PTF	2:0
skopje-open-2026	Senior Men -58kg	R32	403	ILIEV Aleksandar	BUL	IOANNOU Stelios	CYP	PTF	2:0
skopje-open-2026	Senior Men -58kg	R32	404	KAMKASOUMPHOU Aissa	FRA	SZABO Benedek	HUN	PTF	2:0
skopje-open-2026	Senior Men -58kg	R16	310	MOLLE Milan	NED	STOJANOVIC Stefan	SRB	PTF	2:0
skopje-open-2026	Senior Men -58kg	R16	311	ESCOLAR PARRA Ivan	ESP	AMELHAYI Mehdi	FRA	PTF	2:0
skopje-open-2026	Senior Men -58kg	R16	312	ALAMI Josef	SWE	N'GAIDE Idriss	FRA	PTF	2:1
skopje-open-2026	Senior Men -58kg	R16	313	BOUKARNIA Amine	FRA	PATAN Semih	KOS	PTF	2:0
skopje-open-2026	Senior Men -58kg	R16	414	TESKERA Josip	CRO	LIKOMETI Tedi	ALB	PTF	2:0
skopje-open-2026	Senior Men -58kg	R16	415	FARNES Ricki Gene	DEN	HADJICOSTI Prodromos angelos	CYP	PTF	2:0
skopje-open-2026	Senior Men -58kg	R16	416	MAJCZYNA Karol	POL	ILIEV Aleksandar	BUL	PTF	2:0
skopje-open-2026	Senior Men -58kg	R16	417	VASILIC Todor	SRB	KAMKASOUMPHOU Aissa	FRA	PTF	2:0
skopje-open-2026	Senior Men -58kg	QF	331	ALAMI Josef	SWE	BOUKARNIA Amine	FRA	PTF	2:1
skopje-open-2026	Senior Men -58kg	QF	434	TESKERA Josip	CRO	FARNES Ricki Gene	DEN	PTF	2:1
skopje-open-2026	Senior Men -58kg	QF	434.1	MOLLE Milan	NED	ESCOLAR PARRA Ivan	ESP	PTF	2:0
skopje-open-2026	Senior Men -58kg	QF	435	VASILIC Todor	SRB	MAJCZYNA Karol	POL	PTF	2:0
skopje-open-2026	Senior Men -58kg	SF	440	MOLLE Milan	NED	ALAMI Josef	SWE	PTF	2:0
skopje-open-2026	Senior Men -58kg	SF	441	VASILIC Todor	SRB	TESKERA Josip	CRO	PTF	2:1
skopje-open-2026	Senior Men -58kg	F	443	VASILIC Todor	SRB	MOLLE Milan	NED	PTF	2:1
skopje-open-2026	Senior Men -63kg	R64	304	KLJAJIC Nikola	SRB	KACI Vasilis	ALB	PTF	2:1
skopje-open-2026	Senior Men -63kg	R64	405	IPEK Emre	TUR	KAREVSKI Filip	MKD	PTF	2:0
skopje-open-2026	Senior Men -63kg	R64	406	BOURAZANIS Georgios	GRE	GASHI Rahim	MKD	PTF	2:0
skopje-open-2026	Senior Men -63kg	R32	314	JULES Nathan	FRA	KLJAJIC Nikola	SRB	PTF	2:1
skopje-open-2026	Senior Men -63kg	R32	315	ANTEQUERA Aaron	ESP	ALSAFFOURI Tayam	TRT	PTF	2:0
skopje-open-2026	Senior Men -63kg	R32	316	NACHEV Luboslav	BUL	BALJAK Matej	CRO	PTF	2:0
skopje-open-2026	Senior Men -63kg	R32	317	PILAVAKIS Ioannis	CYP	VASILEVSKI Andrej	MKD	PTF	2:0
skopje-open-2026	Senior Men -63kg	R32	318	FUNKENDORF Vladyslav	UKR	CHRISTOUDIAS Diogenis	CYP	PTF	2:0
skopje-open-2026	Senior Men -63kg	R32	319	YARLI Abdullah Omer	TUR	FILIP MURESANU Raul mario	ROU	PTF	2:0
skopje-open-2026	Senior Men -63kg	R32	320	AGAPOV Dmytriy	POR	JOVANOVSKI Angel	MKD	PTF	2:0
skopje-open-2026	Senior Men -63kg	R32	321	KORNEEV Lev	SRB	MELETIOU Thomas	GRE	PTF	2:0
skopje-open-2026	Senior Men -63kg	R32	418	SAFARYN Piotr	POL	IPEK Emre	TUR	PTF	2:0
skopje-open-2026	Senior Men -63kg	R32	419	BUBA Gledis	ALB	HRISTOV Anton	BUL	PTF	2:0
skopje-open-2026	Senior Men -63kg	R32	420	FLOURIS Iosif	CYP	GACOV Mihail	ITA	PTF	2:0
skopje-open-2026	Senior Men -63kg	R32	421	BOURGEOIS Owen	FRA	CURKOVIC Marin	CRO	PTF	2:1
skopje-open-2026	Senior Men -63kg	R32	422	MIHAJLOVIC Vuk	SRB	WILKIN Gabriel eric v	BEL	PTF	2:0
skopje-open-2026	Senior Men -63kg	R32	423	STRUGLINSKI Bartosz	POL	KARAMAN Taha Utkan	TUR	PTF	2:1
skopje-open-2026	Senior Men -63kg	R32	424	VUKOTIC Danilo	SRB	NUKIC Esad	BIH	PTF	2:0
skopje-open-2026	Senior Men -63kg	R32	425	FLEGAR Jan	CRO	BOURAZANIS Georgios	GRE	PTF	2:0
skopje-open-2026	Senior Men -63kg	R16	326	JULES Nathan	FRA	ANTEQUERA Aaron	ESP	PTF	2:0
skopje-open-2026	Senior Men -63kg	R16	327	NACHEV Luboslav	BUL	PILAVAKIS Ioannis	CYP	PTF	2:0
skopje-open-2026	Senior Men -63kg	R16	328	FUNKENDORF Vladyslav	UKR	YARLI Abdullah Omer	TUR	PTF	2:0
skopje-open-2026	Senior Men -63kg	R16	329	KORNEEV Lev	SRB	AGAPOV Dmytriy	POR	PTF	2:1
skopje-open-2026	Senior Men -63kg	R16	430	SAFARYN Piotr	POL	BUBA Gledis	ALB	PTF	2:0
skopje-open-2026	Senior Men -63kg	R16	431	BOURGEOIS Owen	FRA	FLOURIS Iosif	CYP	PTF	2:1
skopje-open-2026	Senior Men -63kg	R16	432	STRUGLINSKI Bartosz	POL	MIHAJLOVIC Vuk	SRB	PTF	2:0
skopje-open-2026	Senior Men -63kg	R16	433	FLEGAR Jan	CRO	VUKOTIC Danilo	SRB	PTF	2:1
skopje-open-2026	Senior Men -63kg	QF	334	JULES Nathan	FRA	NACHEV Luboslav	BUL	PTF	2:0
skopje-open-2026	Senior Men -63kg	QF	335	KORNEEV Lev	SRB	FUNKENDORF Vladyslav	UKR	PTF	2:0
skopje-open-2026	Senior Men -63kg	QF	438	SAFARYN Piotr	POL	BOURGEOIS Owen	FRA	PTF	2:0
skopje-open-2026	Senior Men -63kg	QF	439	FLEGAR Jan	CRO	STRUGLINSKI Bartosz	POL	PTF	2:0
skopje-open-2026	Senior Men -63kg	SF	338	KORNEEV Lev	SRB	JULES Nathan	FRA	PTF	2:0
skopje-open-2026	Senior Men -63kg	SF	341	FLEGAR Jan	CRO	SAFARYN Piotr	POL	PTF	2:1
skopje-open-2026	Senior Men -63kg	F	343	KORNEEV Lev	SRB	FLEGAR Jan	CRO	PTF	2:0
skopje-open-2026	Senior Men -68kg	R32	305	EL HADDAOUI Yassine	BEL	ELLINAS Nicolas	CYP	PTF	2:0
skopje-open-2026	Senior Men -68kg	R32	306	REKIK Adam	FRA	VUKOVIC Mario	MNE	PTF	2:1
skopje-open-2026	Senior Men -68kg	R32	307	VEGA GAITAN Rommel alejandro	ESP	NASERI Ansar	TRT	PTF	2:0
skopje-open-2026	Senior Men -68kg	R32	308	VAN LIMPT Joep	NED	TASKIN Azizcan	TUR	PTF	2:0
skopje-open-2026	Senior Men -68kg	R32	309	BORGEN Kristian storsul	NOR	CEKOV David	MKD	PTF	2:0
skopje-open-2026	Senior Men -68kg	R32	701	DE FAZIO Antonios	GRE	CRLJEN Nikola	CRO	PTF	2:0
skopje-open-2026	Senior Men -68kg	R32	702	SAIB Badis	FRA	ALBAYRAK Metin	TUR	PTF	2:0
skopje-open-2026	Senior Men -68kg	R32	703	AGUSHI Elion	KOS	ANGELOV Luka	MKD	PTF	2:0
skopje-open-2026	Senior Men -68kg	R32	704	NGUILLA Yandric	FRA	SIMONOVSKI Hristijan	MKD	PTF	2:0
skopje-open-2026	Senior Men -68kg	R32	705	SUKHOTERIN Mykhailo	UKR	HOXHA Fatih	ALB	PTF	2:1
skopje-open-2026	Senior Men -68kg	R16	322	KRAJISNIK Zarko	SRB	EL HADDAOUI Yassine	BEL	PTF	2:0
skopje-open-2026	Senior Men -68kg	R16	323	VEGA GAITAN Rommel alejandro	ESP	REKIK Adam	FRA	PTF	2:0
skopje-open-2026	Senior Men -68kg	R16	324	TURKULJ Uros	SRB	VAN LIMPT Joep	NED	PTF	2:1
skopje-open-2026	Senior Men -68kg	R16	325	BORGEN Kristian storsul	NOR	HYTTEL Tobias	DEN	PTF	2:0
skopje-open-2026	Senior Men -68kg	R16	718	PANAGOPOULOS Apostolos	GRE	DE FAZIO Antonios	GRE	PTF	2:0
skopje-open-2026	Senior Men -68kg	R16	719	VAN VULPEN Jesse	NED	SAIB Badis	FRA	PTF	2:1
skopje-open-2026	Senior Men -68kg	R16	720	NGUILLA Yandric	FRA	AGUSHI Elion	KOS	PTF	2:1
skopje-open-2026	Senior Men -68kg	R16	721	CHRZANOWSKI Mateusz	POL	SUKHOTERIN Mykhailo	UKR	PTF	2:0
skopje-open-2026	Senior Men -68kg	QF	332	KRAJISNIK Zarko	SRB	VEGA GAITAN Rommel alejandro	ESP	PTF	2:0
skopje-open-2026	Senior Men -68kg	QF	333	TURKULJ Uros	SRB	BORGEN Kristian storsul	NOR	PTF	2:1
skopje-open-2026	Senior Men -68kg	QF	734	VAN VULPEN Jesse	NED	PANAGOPOULOS Apostolos	GRE	RSC	1:1
skopje-open-2026	Senior Men -68kg	QF	735	CHRZANOWSKI Mateusz	POL	NGUILLA Yandric	FRA	PTF	2:1
skopje-open-2026	Senior Men -68kg	SF	336	TURKULJ Uros	SRB	KRAJISNIK Zarko	SRB	PTF	2:1
skopje-open-2026	Senior Men -68kg	SF	337	CHRZANOWSKI Mateusz	POL	VAN VULPEN Jesse	NED	WDR	
skopje-open-2026	Senior Men -68kg	F	339	TURKULJ Uros	SRB	CHRZANOWSKI Mateusz	POL	PTF	2:0
skopje-open-2026	Senior Men -74kg	R32	601	JURKIC Miro	CRO	HRYHORCHUK Andrii	UKR	PTF	2:1
skopje-open-2026	Senior Men -74kg	R32	602	ALAPHILIPPE Souleyman	FRA	WEIDUM Dion	NED	PTF	2:1
skopje-open-2026	Senior Men -74kg	R32	603	GASHI Jon	KOS	ELSHAMI Karim	ESP	PTF	2:0
skopje-open-2026	Senior Men -74kg	R32	604	SAHITI Mal	KOS	MAKHOUKH Mazine	FRA	PTF	2:1
skopje-open-2026	Senior Men -74kg	R32	605	STAMENOV Stefan	BUL	DUSHKU Enes	MNE	PTF	2:0
skopje-open-2026	Senior Men -74kg	R32	606	KRIVISHKIY Nimrod	ISR	LILOV Krasimir	BUL	PTF	2:0
skopje-open-2026	Senior Men -74kg	R32	607	CAMMAERTS Andes	BEL	BOZINOVSKI David	MKD	PTF	2:0
skopje-open-2026	Senior Men -74kg	R32	706	LUKIC Nikola	SRB	MURATOVIĆ Mateo	MNE	PTF	2:0
skopje-open-2026	Senior Men -74kg	R32	707	STOJANOVIC Marko	SRB	NIKOLAOU Nikolas	CYP	PTF	2:0
skopje-open-2026	Senior Men -74kg	R32	708	MIGUEL Moncef	FRA	GORGIOVSKI Damjan	MKD	PTF	2:0
skopje-open-2026	Senior Men -74kg	R32	709	BURUSIC Marko	SRB	AALIOUI Moussa	FRA	PTF	2:1
skopje-open-2026	Senior Men -74kg	R32	710	TSOLAS Themistoklis	GRE	LOUCHI Ilias	BEL	PTF	2:0
skopje-open-2026	Senior Men -74kg	R32	711	AVRAMOV Bozhidar	BUL	GUET Matteo	FRA	PTF	2:0
skopje-open-2026	Senior Men -74kg	R16	615	TAKOV Stefan	SRB	JURKIC Miro	CRO	PTF	2:0
skopje-open-2026	Senior Men -74kg	R16	616	ALAPHILIPPE Souleyman	FRA	GASHI Jon	KOS	PTF	2:1
skopje-open-2026	Senior Men -74kg	R16	617	STAMENOV Stefan	BUL	SAHITI Mal	KOS	PTF	2:0
skopje-open-2026	Senior Men -74kg	R16	618	KRIVISHKIY Nimrod	ISR	CAMMAERTS Andes	BEL	PTF	2:0
skopje-open-2026	Senior Men -74kg	R16	722	GOLUBIC Marko	CRO	LUKIC Nikola	SRB	PTF	2:0
skopje-open-2026	Senior Men -74kg	R16	723	MIGUEL Moncef	FRA	STOJANOVIC Marko	SRB	PTF	2:0
skopje-open-2026	Senior Men -74kg	R16	724	TSOLAS Themistoklis	GRE	BURUSIC Marko	SRB	PTF	2:1
skopje-open-2026	Senior Men -74kg	R16	725	HUSIC Benjamin	BIH	AVRAMOV Bozhidar	BUL	PTF	2:0
skopje-open-2026	Senior Men -74kg	QF	439.1	GOLUBIC Marko	CRO	MIGUEL Moncef	FRA	PTF	2:1
skopje-open-2026	Senior Men -74kg	QF	439.2	HUSIC Benjamin	BIH	TSOLAS Themistoklis	GRE	WDR	1:0
skopje-open-2026	Senior Men -74kg	QF	630	TAKOV Stefan	SRB	ALAPHILIPPE Souleyman	FRA	PTF	2:0
skopje-open-2026	Senior Men -74kg	QF	631	KRIVISHKIY Nimrod	ISR	STAMENOV Stefan	BUL	PTF	2:0
skopje-open-2026	Senior Men -74kg	SF	638	TAKOV Stefan	SRB	KRIVISHKIY Nimrod	ISR	WDR	
skopje-open-2026	Senior Men -74kg	SF	639	GOLUBIC Marko	CRO	HUSIC Benjamin	BIH	PTF	2:1
skopje-open-2026	Senior Men -74kg	F	642	GOLUBIC Marko	CRO	TAKOV Stefan	SRB	PTF	2:1
skopje-open-2026	Senior Men -80kg	R32	501	SOPHOCLEOUS Antonis	CYP	RAFAELL MINEL Ursu	ROU	WDR	1:1
skopje-open-2026	Senior Men -80kg	R32	608	AGBOGBE Oswin	FRA	KORSAK Mykhailo	UKR	PTF	2:0
skopje-open-2026	Senior Men -80kg	R32	609	ZOUROS KARDATOS Konstantinos	GRE	ĐODAN Ivan	CRO	PTF	2:1
skopje-open-2026	Senior Men -80kg	R16	518	KOVACIC Oscar	CRO	SOPHOCLEOUS Antonis	CYP	PTF	2:0
skopje-open-2026	Senior Men -80kg	R16	519	HOSSEINI BIJI KOLA Seyed Omid	BUL	NIKOLIC Matej	CRO	PTF	2:0
skopje-open-2026	Senior Men -80kg	R16	520	KOSTENEVYCH Kostiantyn	UKR	HISENI Luan	GER	PTF	2:0
skopje-open-2026	Senior Men -80kg	R16	521	ODINAEV Rustam	SRB	BLAZEVSKI Filip	MKD	PTF	2:0
skopje-open-2026	Senior Men -80kg	R16	619	HRGOTA Leon	CRO	AGBOGBE Oswin	FRA	PTF	2:0
skopje-open-2026	Senior Men -80kg	R16	620	HUSIC Nedzad	BIH	ROMUNDSET NILSEN Martin	NOR	PTF	2:0
skopje-open-2026	Senior Men -80kg	R16	621	CHARALAMBOUS Evangelos	CYP	PERUNIČIĆ Vasilije	MNE	PTF	2:0
skopje-open-2026	Senior Men -80kg	R16	622	HURNOV Kyrylo	UKR	ZOUROS KARDATOS Konstantinos	GRE	PTF	2:0
skopje-open-2026	Senior Men -80kg	QF	530	KOVACIC Oscar	CRO	HOSSEINI BIJI KOLA Seyed Omid	BUL	PTF	2:0
skopje-open-2026	Senior Men -80kg	QF	531	KOSTENEVYCH Kostiantyn	UKR	ODINAEV Rustam	SRB	PTF	2:0
skopje-open-2026	Senior Men -80kg	QF	632	HRGOTA Leon	CRO	HUSIC Nedzad	BIH	PTF	2:0
skopje-open-2026	Senior Men -80kg	QF	633	HURNOV Kyrylo	UKR	CHARALAMBOUS Evangelos	CYP	PTF	2:0
skopje-open-2026	Senior Men -80kg	SF	536	KOSTENEVYCH Kostiantyn	UKR	KOVACIC Oscar	CRO	PTF	2:0
skopje-open-2026	Senior Men -80kg	SF	537	HURNOV Kyrylo	UKR	HRGOTA Leon	CRO	PTF	2:1
skopje-open-2026	Senior Men -80kg	F	541	KOSTENEVYCH Kostiantyn	UKR	HURNOV Kyrylo	UKR	PTF	2:1
skopje-open-2026	Senior Men -87kg	R16	610	RADAKOVIĆ Ognjen	SRB	STYLIANIDIS Aris	CYP	PTF	2:1
skopje-open-2026	Senior Men -87kg	R16	611	SNACOV Laurentiu	ROU	LEO APARICIO Alvaro	ESP	PTF	2:1
skopje-open-2026	Senior Men -87kg	R16	612	THEOCHAROUS Andreas	CYP	KOLEV Yordan	BUL	WDR	1:1
skopje-open-2026	Senior Men -87kg	R16	613	OBERHOFER Alexander	ITA	BALCIUNAS Gabijus	LTU	PTF	2:0
skopje-open-2026	Senior Men -87kg	R16	614	DIVKOVIC Patrik	SLO	AJDUKOVIC Dimitrije	SRB	PTF	2:0
skopje-open-2026	Senior Men -87kg	QF	626	BILIC PAVLINOVIC Josip	CRO	RADAKOVIĆ Ognjen	SRB	PTF	2:0
skopje-open-2026	Senior Men -87kg	QF	627	THEOCHAROUS Andreas	CYP	SNACOV Laurentiu	ROU	PTF	2:0
skopje-open-2026	Senior Men -87kg	QF	628	STOJANOVIC Stefan	SRB	OBERHOFER Alexander	ITA	PTF	2:0
skopje-open-2026	Senior Men -87kg	QF	629	KRPAN Vito	CRO	DIVKOVIC Patrik	SLO	PTF	2:0
skopje-open-2026	Senior Men -87kg	SF	636	BILIC PAVLINOVIC Josip	CRO	THEOCHAROUS Andreas	CYP	PTF	2:0
skopje-open-2026	Senior Men -87kg	SF	637	KRPAN Vito	CRO	STOJANOVIC Stefan	SRB	PTF	2:0
skopje-open-2026	Senior Men -87kg	F	641	BILIC PAVLINOVIC Josip	CRO	KRPAN Vito	CRO	PTF	2:0
skopje-open-2026	Senior Men +87kg	R16	712	GOLUBOVIC Milos	SRB	JABLONSKI Zbigniew	POL	PTF	2:0
skopje-open-2026	Senior Men +87kg	R16	713	GEORGIEVSKI Dejan	MKD	ALMAGDY Abdula	AUT	PTF	2:0
skopje-open-2026	Senior Men +87kg	R16	714	SAPINA Ivan	CRO	MITROVIC Boban	MNE	PTF	2:0
skopje-open-2026	Senior Men +87kg	R16	715	ANDREOU Petros	CYP	AGBOGBE-SALANON Osmund	FRA	PTF	2:0
skopje-open-2026	Senior Men +87kg	R16	716	RUDERMAN Ilia	ISR	BADAROVSKI Gorjan	MKD	PTF	2:0
skopje-open-2026	Senior Men +87kg	QF	726	BOZIC Pasko	CRO	GOLUBOVIC Milos	SRB	PTF	2:0
skopje-open-2026	Senior Men +87kg	QF	727	GEORGIEVSKI Dejan	MKD	SAPINA Ivan	CRO	PTF	2:0
skopje-open-2026	Senior Men +87kg	QF	728	ANDREOU Petros	CYP	EL YAZIDI Omar	FRA	PTF	2:0
skopje-open-2026	Senior Men +87kg	QF	729	RUDERMAN Ilia	ISR	MICHOPOULOS Sotirios	GRE	PTF	2:0
skopje-open-2026	Senior Men +87kg	SF	738	GEORGIEVSKI Dejan	MKD	BOZIC Pasko	CRO	PTF	2:0
skopje-open-2026	Senior Men +87kg	SF	739	RUDERMAN Ilia	ISR	ANDREOU Petros	CYP	WDR	
skopje-open-2026	Senior Men +87kg	F	742	GEORGIEVSKI Dejan	MKD	RUDERMAN Ilia	ISR	PTF	2:0
skopje-open-2026	Senior Women -46kg	R16	201	BOUHMIDA Aya	NED	KAYA Damla	TUR	PTF	2:0
skopje-open-2026	Senior Women -46kg	R16	202	RADEVIC Anja	MNE	BUSUIOC Ingrid Gabriela	ROU	PTF	2:0
skopje-open-2026	Senior Women -46kg	R16	203	PEEVA Deya	BUL	SAMARZIJA Dora	CRO	PTF	2:0
skopje-open-2026	Senior Women -46kg	R16	204	KASSE -GRUET Manel	FRA	UNLUTURK Ecrin	TUR	PTF	2:0
skopje-open-2026	Senior Women -46kg	QF	228	MAKAS Dzejla	BIH	BOUHMIDA Aya	NED	PTF	2:0
skopje-open-2026	Senior Women -46kg	QF	229	PRPIC Sara	CRO	RADEVIC Anja	MNE	PTF	2:1
skopje-open-2026	Senior Women -46kg	QF	230	STURARI Alessia	ITA	PEEVA Deya	BUL	PTF	2:0
skopje-open-2026	Senior Women -46kg	QF	231	BAYECH Rivka	ISR	KASSE -GRUET Manel	FRA	PTF	2:0
skopje-open-2026	Senior Women -46kg	SF	238	MAKAS Dzejla	BIH	PRPIC Sara	CRO	PTF	2:0
skopje-open-2026	Senior Women -46kg	SF	239	BAYECH Rivka	ISR	STURARI Alessia	ITA	PTF	2:0
skopje-open-2026	Senior Women -46kg	F	242	MAKAS Dzejla	BIH	BAYECH Rivka	ISR	WDR	2:1
skopje-open-2026	Senior Women -49kg	R32	102	SAHIN Makbule	TUR	KAVLAK Ayse	TUR	PTF	2:0
skopje-open-2026	Senior Women -49kg	R32	103	NIKOLOVA Victoria	BUL	KARYDI Melina	GRE	PTF	2:0
skopje-open-2026	Senior Women -49kg	R32	104	NESHER Yarden	ISR	KURT Busra nur	TUR	PTF	2:0
skopje-open-2026	Senior Women -49kg	R32	105	TURAN Sila zeynep	TUR	MASTORI Eleni anthia	GRE	PTF	2:1
skopje-open-2026	Senior Women -49kg	R32	106	GAYE Serrah	FRA	GARCIA Laura	ESP	PTF	2:0
skopje-open-2026	Senior Women -49kg	R32	205	UNAL Deniz	TUR	MARINOVA Teodora	BUL	PTF	2:1
skopje-open-2026	Senior Women -49kg	R32	206	KOUTROUMPI Kalliopi	GRE	LOPEZ Nadia	ESP	PTF	2:0
skopje-open-2026	Senior Women -49kg	R32	207	KRAJEWSKA Nikola	POL	VOLOSENKO Anastasiia	UKR	PTF	2:0
skopje-open-2026	Senior Women -49kg	R32	208	BAJAN Mihaela nicoleta claudia	ROU	ALBU Alessia	ITA	PTF	2:1
skopje-open-2026	Senior Women -49kg	R32	209	DODIK Nika	CRO	CELIKOGLU Zeynep	TUR	PTF	2:0
skopje-open-2026	Senior Women -49kg	R32	210	HINIC Sofija	CRO	KRAJIC Teodora	AUT	PTF	2:0
skopje-open-2026	Senior Women -49kg	R16	113	DAN (DANSHYNA) Oleksandra	ISR	SAHIN Makbule	TUR	PTF	2:0
skopje-open-2026	Senior Women -49kg	R16	114	NESHER Yarden	ISR	NIKOLOVA Victoria	BUL	PTF	2:0
skopje-open-2026	Senior Women -49kg	R16	115	MAKAS Ejla	BIH	TURAN Sila zeynep	TUR	PTF	2:1
skopje-open-2026	Senior Women -49kg	R16	116	LIÑAN PARDO Naiara	AND	GAYE Serrah	FRA	PTF	2:1
skopje-open-2026	Senior Women -49kg	R16	216	UNAL Deniz	TUR	GEORGIEVA Aleksandra	BUL	PTF	2:1
skopje-open-2026	Senior Women -49kg	R16	217	KOUTROUMPI Kalliopi	GRE	KRAJEWSKA Nikola	POL	PTF	2:0
skopje-open-2026	Senior Women -49kg	R16	218	DODIK Nika	CRO	BAJAN Mihaela nicoleta claudia	ROU	PTF	2:1
skopje-open-2026	Senior Women -49kg	R16	219	HINIC Sofija	CRO	KRAJEWSKA Alicja	POL	PTF	2:1
skopje-open-2026	Senior Women -49kg	QF	129	DAN (DANSHYNA) Oleksandra	ISR	NESHER Yarden	ISR	PTF	2:0
skopje-open-2026	Senior Women -49kg	QF	130	MAKAS Ejla	BIH	LIÑAN PARDO Naiara	AND	PTF	2:0
skopje-open-2026	Senior Women -49kg	QF	232	KOUTROUMPI Kalliopi	GRE	UNAL Deniz	TUR	PTF	2:1
skopje-open-2026	Senior Women -49kg	QF	233	HINIC Sofija	CRO	DODIK Nika	CRO	PTF	2:0
skopje-open-2026	Senior Women -49kg	SF	137	DAN (DANSHYNA) Oleksandra	ISR	MAKAS Ejla	BIH	PTF	2:0
skopje-open-2026	Senior Women -49kg	SF	138	KOUTROUMPI Kalliopi	GRE	HINIC Sofija	CRO	PTF	2:0
skopje-open-2026	Senior Women -49kg	F	142	DAN (DANSHYNA) Oleksandra	ISR	KOUTROUMPI Kalliopi	GRE	PTF	2:0
skopje-open-2026	Senior Women -53kg	R32	107	KARIMI Nuria	AUT	GEORGIADOU Gesthimani	GRE	PTF	2:1
skopje-open-2026	Senior Women -53kg	R32	108	RABAUT Elien	BEL	KRIM Sayine	FRA	PTF	2:0
skopje-open-2026	Senior Women -53kg	R32	109	MOGHAL Amna	NOR	LOIBL Lotta	AUT	PTF	2:0
skopje-open-2026	Senior Women -53kg	R32	110	SUNGUR Sumeyye	TUR	LILOVA Elena	BUL	PTF	2:1
skopje-open-2026	Senior Women -53kg	R32	111	WAEVERSTROM Signe wendt	DEN	WENIN Maya	ITA	PTF	2:0
skopje-open-2026	Senior Women -53kg	R32	211	RADIC Ozana	CRO	PAPAIOANNOU Konstantina	GRE	PTF	2:0
skopje-open-2026	Senior Women -53kg	R32	212	LAKEHAL-ROLLINGS Manissa	FRA	IOANNOU Elena	CYP	PTF	2:0
skopje-open-2026	Senior Women -53kg	R32	213	WOSKOWIAK Natasza	POL	ATES Zekiye	TUR	PTF	2:0
skopje-open-2026	Senior Women -53kg	R32	214	STAMENKOVIC Teodora	SRB	KAOURTISHI Nagia	CYP	PTF	2:1
skopje-open-2026	Senior Women -53kg	R16	117	BOKAN Andrea	SRB	KARIMI Nuria	AUT	PTF	2:0
skopje-open-2026	Senior Women -53kg	R16	118	RABAUT Elien	BEL	MOGHAL Amna	NOR	PTF	2:0
skopje-open-2026	Senior Women -53kg	R16	119	KAMKASOUMPHOU Lenya	FRA	SUNGUR Sumeyye	TUR	PTF	2:0
skopje-open-2026	Senior Women -53kg	R16	120	SPASOJEVIC Sara	CRO	WAEVERSTROM Signe wendt	DEN	PTF	2:0
skopje-open-2026	Senior Women -53kg	R16	220	RADIC Ozana	CRO	VIGDOR Ariel	ISR	PTF	2:0
skopje-open-2026	Senior Women -53kg	R16	221	LAKEHAL-ROLLINGS Manissa	FRA	OLESZCZUK Lucja	POL	PTF	2:1
skopje-open-2026	Senior Women -53kg	R16	222	STANKOVIC Vanja	SRB	WOSKOWIAK Natasza	POL	PTF	2:0
skopje-open-2026	Senior Women -53kg	R16	223	STAMENKOVIC Teodora	SRB	KLAKALA Magdalini	GRE	PTF	2:1
skopje-open-2026	Senior Women -53kg	QF	131	BOKAN Andrea	SRB	RABAUT Elien	BEL	PTF	2:0
skopje-open-2026	Senior Women -53kg	QF	132	KAMKASOUMPHOU Lenya	FRA	SPASOJEVIC Sara	CRO	PTF	2:0
skopje-open-2026	Senior Women -53kg	QF	234	LAKEHAL-ROLLINGS Manissa	FRA	RADIC Ozana	CRO	PTF	2:0
skopje-open-2026	Senior Women -53kg	QF	235	STANKOVIC Vanja	SRB	STAMENKOVIC Teodora	SRB	PTF	2:1
skopje-open-2026	Senior Women -53kg	SF	240	BOKAN Andrea	SRB	KAMKASOUMPHOU Lenya	FRA	PTF	2:1
skopje-open-2026	Senior Women -53kg	SF	241	STANKOVIC Vanja	SRB	LAKEHAL-ROLLINGS Manissa	FRA	PTF	2:0
skopje-open-2026	Senior Women -53kg	F	243	STANKOVIC Vanja	SRB	BOKAN Andrea	SRB	WDR	
skopje-open-2026	Senior Women -57kg	R32	407	BOYER-DRUESNE Lea	FRA	FOGED Rosmarin pietak	DEN	PTF	2:1
skopje-open-2026	Senior Women -57kg	R32	408	TEGGERI Markella	CYP	BULOW Alice	SWE	PTF	2:0
skopje-open-2026	Senior Women -57kg	R32	409	MEIŠTININKAITĖ Gerda	LTU	SUBASI Irem	TUR	PTF	2:0
skopje-open-2026	Senior Women -57kg	R32	410	VUKIC Margarita	CRO	CHRISTOU Eftichia	CYP	PTF	2:0
skopje-open-2026	Senior Women -57kg	R32	411	RADAK Teodora	SRB	KAMKASOUMPHOU Alliyah	FRA	PTF	2:1
skopje-open-2026	Senior Women -57kg	R32	412	MOUCH Sara	NED	PAPAIOANNOU Ioanna Maria	GRE	PTF	2:0
skopje-open-2026	Senior Women -57kg	R32	413	KOSTENEVYCH Darya	UKR	VASSILEVA Elena	BUL	PTF	2:0
skopje-open-2026	Senior Women -57kg	R32	502	PATAKFALVY Luca	HUN	BEKETOVA Anastasiia	UKR	PTF	2:0
skopje-open-2026	Senior Women -57kg	R32	503	BOUBACIR Madeenah	FRA	SEVO Milica	SRB	PTF	2:1
skopje-open-2026	Senior Women -57kg	R32	504	DE FAZIO Ioanna	GRE	MILIC Nikolina	SRB	PTF	2:1
skopje-open-2026	Senior Women -57kg	R32	505	LUKIC Jana	SRB	EFTIMOVA Dragana	MKD	PTF	2:0
skopje-open-2026	Senior Women -57kg	R32	506	HANSEN Kaja husby	NOR	STEFANOVA Elitsa	BUL	PTF	2:0
skopje-open-2026	Senior Women -57kg	R32	507	KRAISNIK Ivana	BIH	BINENSTOCK Naama	ISR	PTF	2:0
skopje-open-2026	Senior Women -57kg	R32	508	DARGIE Olivia	POL	KUKIC Iva	SRB	PTF	2:0
skopje-open-2026	Senior Women -57kg	R32	509	XU Yinuo	CHN	SABZGHABAEI Sohejla	GER	PTF	2:0
skopje-open-2026	Senior Women -57kg	R16	426	KARABATIC Nika	CRO	BOYER-DRUESNE Lea	FRA	PTF	2:0
skopje-open-2026	Senior Women -57kg	R16	427	MEIŠTININKAITĖ Gerda	LTU	TEGGERI Markella	CYP	PTF	2:0
skopje-open-2026	Senior Women -57kg	R16	428	VUKIC Margarita	CRO	RADAK Teodora	SRB	PTF	2:1
skopje-open-2026	Senior Women -57kg	R16	429	KOSTENEVYCH Darya	UKR	MOUCH Sara	NED	PTF	2:0
skopje-open-2026	Senior Women -57kg	R16	522	PATAKFALVY Luca	HUN	BOUBACIR Madeenah	FRA	PTF	2:1
skopje-open-2026	Senior Women -57kg	R16	523	LUKIC Jana	SRB	DE FAZIO Ioanna	GRE	PTF	2:0
skopje-open-2026	Senior Women -57kg	R16	524	HANSEN Kaja husby	NOR	KRAISNIK Ivana	BIH	PTF	2:0
skopje-open-2026	Senior Women -57kg	R16	525	XU Yinuo	CHN	DARGIE Olivia	POL	PTF	2:0
skopje-open-2026	Senior Women -57kg	QF	436	KARABATIC Nika	CRO	MEIŠTININKAITĖ Gerda	LTU	PTF	2:0
skopje-open-2026	Senior Women -57kg	QF	437	KOSTENEVYCH Darya	UKR	VUKIC Margarita	CRO	PTF	2:1
skopje-open-2026	Senior Women -57kg	QF	532	LUKIC Jana	SRB	PATAKFALVY Luca	HUN	PTF	2:0
skopje-open-2026	Senior Women -57kg	QF	533	XU Yinuo	CHN	HANSEN Kaja husby	NOR	PTF	2:0
skopje-open-2026	Senior Women -57kg	SF	538	XU Yinuo	CHN	LUKIC Jana	SRB	WDR	
skopje-open-2026	Senior Women -57kg	SF	539	KARABATIC Nika	CRO	KOSTENEVYCH Darya	UKR	PTF	2:0
skopje-open-2026	Senior Women -57kg	F	542	XU Yinuo	CHN	KARABATIC Nika	CRO	WDR	
skopje-open-2026	Senior Women -62kg	R32	112	KOSTADINOVA Stanislava	BUL	AKESSON STANDIG Sofie	SWE	PTF	2:0
skopje-open-2026	Senior Women -62kg	R32	215	PAVLENKO Alisa	GER	ECKER Zoey	AUT	PTF	2:0
skopje-open-2026	Senior Women -62kg	R16	121	MARIC Ela	SRB	KOSTADINOVA Stanislava	BUL	PTF	2:0
skopje-open-2026	Senior Women -62kg	R16	122	PEIMANIDOU Maria Evangelia	GRE	KRAINOVA Marharyta	UKR	PTF	2:0
skopje-open-2026	Senior Women -62kg	R16	123	KRAJEWSKA Agnieszka	POL	ACHILLEOS Antreana	CYP	PTF	2:1
skopje-open-2026	Senior Women -62kg	R16	124	DOUCET Teeyah	FRA	KOENIGSECKER Valerie	AUT	PTF	2:0
skopje-open-2026	Senior Women -62kg	R16	224	WU Shanshan	CHN	VASILIADOU Eleni	CYP	PTF	2:0
skopje-open-2026	Senior Women -62kg	R16	225	MARASLI Zeynep Ebrar	TUR	MICHALOPOULOU Kyriaki	GRE	PTF	2:0
skopje-open-2026	Senior Women -62kg	R16	226	BAGATOR Sahsenem	TUR	SEVO Tamara	SRB	PTF	2:0
skopje-open-2026	Senior Women -62kg	R16	227	PAVLENKO Alisa	GER	BLITEK Cloe	FRA	PTF	2:1
skopje-open-2026	Senior Women -62kg	QF	133	MARIC Ela	SRB	PEIMANIDOU Maria Evangelia	GRE	PTF	2:0
skopje-open-2026	Senior Women -62kg	QF	134	DOUCET Teeyah	FRA	KRAJEWSKA Agnieszka	POL	PTF	2:0
skopje-open-2026	Senior Women -62kg	QF	335.1	WU Shanshan	CHN	MARASLI Zeynep Ebrar	TUR	PTF	2:0
skopje-open-2026	Senior Women -62kg	QF	335.2	BAGATOR Sahsenem	TUR	PAVLENKO Alisa	GER	PTF	2:0
skopje-open-2026	Senior Women -62kg	SF	139	DOUCET Teeyah	FRA	MARIC Ela	SRB	PTF	2:0
skopje-open-2026	Senior Women -62kg	SF	140	WU Shanshan	CHN	BAGATOR Sahsenem	TUR	PTF	2:0
skopje-open-2026	Senior Women -62kg	F	143	WU Shanshan	CHN	DOUCET Teeyah	FRA	PTF	2:0
skopje-open-2026	Senior Women -67kg	R16	510	JELIć Matea	CRO	KVAM Tilda	SWE	PTF	2:0
skopje-open-2026	Senior Women -67kg	R16	511	NOWAK Julia	POL	TVARONAVICIUTE Klaudija	LTU	PTF	2:1
skopje-open-2026	Senior Women -67kg	R16	512	MINK Amy	NED	CASPERSSON Alva	SWE	WDR	1:0
skopje-open-2026	Senior Women -67kg	R16	513	TOMCZAK Tatiana	POL	COELHO Mafalda	POR	PTF	2:0
skopje-open-2026	Senior Women -67kg	R16	514	POLE Doris	CRO	KARAKOC Ruken	TUR	PTF	2:0
skopje-open-2026	Senior Women -67kg	R16	515	NILSEN Mari romundset	NOR	SAVKOVIC Nadja	SRB	PTF	2:0
skopje-open-2026	Senior Women -67kg	R16	516	CHEN Xuyan	CHN	HRGIC Anja	BIH	PTF	2:0
skopje-open-2026	Senior Women -67kg	R16	517	DEMIR Kardelen	TUR	BERISAJ Andrea	MNE	PTF	2:1
skopje-open-2026	Senior Women -67kg	QF	526	JELIć Matea	CRO	NOWAK Julia	POL	PTF	2:1
skopje-open-2026	Senior Women -67kg	QF	527	MINK Amy	NED	TOMCZAK Tatiana	POL	PTF	2:1
skopje-open-2026	Senior Women -67kg	QF	528	POLE Doris	CRO	NILSEN Mari romundset	NOR	PTF	2:0
skopje-open-2026	Senior Women -67kg	QF	529	CHEN Xuyan	CHN	DEMIR Kardelen	TUR	PTF	2:0
skopje-open-2026	Senior Women -67kg	SF	534	JELIć Matea	CRO	MINK Amy	NED	PTF	2:0
skopje-open-2026	Senior Women -67kg	SF	535	CHEN Xuyan	CHN	POLE Doris	CRO	PTF	2:0
skopje-open-2026	Senior Women -67kg	F	540	CHEN Xuyan	CHN	JELIć Matea	CRO	PTF	2:1
skopje-open-2026	Senior Women -73kg	R16	717	GLUMAC Nadja	SRB	OZBEK Nazli Hilal	TUR	PTF	2:0
skopje-open-2026	Senior Women -73kg	QF	730	CHAARI Sarah	BEL	GLUMAC Nadja	SRB	PTF	2:0
skopje-open-2026	Senior Women -73kg	QF	731	BERISAJ Andela	MNE	KOLOVRAT Matea	CRO	PTF	2:1
skopje-open-2026	Senior Women -73kg	QF	732	MASTELIC Mila	CRO	SARVANAKI Theopoula	GRE	PTF	2:1
skopje-open-2026	Senior Women -73kg	QF	733	BOZANIC Nadica	SRB	GEORGIEVSKA Anamarija	MKD	PTF	2:0
skopje-open-2026	Senior Women -73kg	SF	740	CHAARI Sarah	BEL	BERISAJ Andela	MNE	PTF	2:0
skopje-open-2026	Senior Women -73kg	SF	741	BOZANIC Nadica	SRB	MASTELIC Mila	CRO	PTF	2:1
skopje-open-2026	Senior Women -73kg	F	743	CHAARI Sarah	BEL	BOZANIC Nadica	SRB	PTF	2:0
skopje-open-2026	Senior Women +73kg	QF	623	ZHOU Zeqi	CHN	KUCHYNA Viktoriia	UKR	PTF	2:0
skopje-open-2026	Senior Women +73kg	QF	624	VROEGH Nielle	NED	HAMADACHE Emna	FRA	PTF	2:0
skopje-open-2026	Senior Women +73kg	QF	625	SEVIC Andela	SRB	GULPINAR Ayse yagmur	TUR	PTF	2:0
skopje-open-2026	Senior Women +73kg	SF	634	MATIC Magdalena	CRO	ZHOU Zeqi	CHN	PTF	2:1
skopje-open-2026	Senior Women +73kg	SF	635	SEVIC Andela	SRB	VROEGH Nielle	NED	PTF	2:0
skopje-open-2026	Senior Women +73kg	F	640	MATIC Magdalena	CRO	SEVIC Andela	SRB	PTF	2:0
spanish-open-2026	Senior Men -54kg	R32	201	ESSOBAI Mohamed	ESP	DONE Cameron	GBR	PTF	2:1
spanish-open-2026	Senior Men -54kg	R32	202	VIDELA Victor	ESP	CURVELO Johan	VEN	PTF	2:1
spanish-open-2026	Senior Men -54kg	R32	203	OWEN Haddad	FRA	DUMAT Elijah	FRA	PTF	2:0
spanish-open-2026	Senior Men -54kg	R32	204	HIDAYAT TUMAKAKA Aziz	INA	ILKAYLI Kaan	GER	RSC	2:0
spanish-open-2026	Senior Men -54kg	R32	205	MIKLAVCIC Aljaz	SLO	RAYA Joan	ESP	PTF	2:1
spanish-open-2026	Senior Men -54kg	R32	206	LLOPIS Leo	ESP	PINA SIMONET Francisco	ESP	PTF	2:0
spanish-open-2026	Senior Men -54kg	R32	207	NADAL MIR Bernat	ESP	BRACAMONTE Alvaro	ESP	PTF	2:0
spanish-open-2026	Senior Men -54kg	R32	208	BENTEIB Anwar	ESP	ARNAY CURBELO Antonio ramon	ESP	PTF	2:0
spanish-open-2026	Senior Men -54kg	R32	209	CIRIVELLO Gaetano	ITA	BENITO MARTIN Sergio	ESP	PTF	2:0
spanish-open-2026	Senior Men -54kg	R32	210	CARRION COSTA Alejandro	ESP	AMADOR Eneko	ESP	PTF	2:0
spanish-open-2026	Senior Men -54kg	R32	211	NITSAS Christos rafail	GER	DAVILA RODRIGUEZ Adrian	ESP	PTF	2:0
spanish-open-2026	Senior Men -54kg	R32	212	MONTALBAN MORENTE Juan	ESP	LABONG Finn	GBR	PTF	2:1
spanish-open-2026	Senior Men -54kg	R16	223	AGENJO TRIGOS Jairo	ESP	ESSOBAI Mohamed	ESP	PTF	2:0
spanish-open-2026	Senior Men -54kg	R16	224	OWEN Haddad	FRA	VIDELA Victor	ESP	PTF	2:1
spanish-open-2026	Senior Men -54kg	R16	225	HIDAYAT TUMAKAKA Aziz	INA	MIKLAVCIC Aljaz	SLO	PTF	2:0
spanish-open-2026	Senior Men -54kg	R16	226	OTERO SOUSA Javier	ESP	LLOPIS Leo	ESP	PTF	2:0
spanish-open-2026	Senior Men -54kg	R16	227	ALMUSHRAF Abdullah essa a	KSA	NADAL MIR Bernat	ESP	PTF	2:1
spanish-open-2026	Senior Men -54kg	R16	228	CIRIVELLO Gaetano	ITA	BENTEIB Anwar	ESP	PTF	2:0
spanish-open-2026	Senior Men -54kg	R16	229	NITSAS Christos rafail	GER	CARRION COSTA Alejandro	ESP	PTF	2:0
spanish-open-2026	Senior Men -54kg	R16	230	CONTI Andrea	ITA	MONTALBAN MORENTE Juan	ESP	PTF	2:0
spanish-open-2026	Senior Men -54kg	QF	239	AGENJO TRIGOS Jairo	ESP	OWEN Haddad	FRA	PTF	2:0
spanish-open-2026	Senior Men -54kg	QF	240	OTERO SOUSA Javier	ESP	HIDAYAT TUMAKAKA Aziz	INA	PTF	2:0
spanish-open-2026	Senior Men -54kg	QF	241	ALMUSHRAF Abdullah essa a	KSA	CIRIVELLO Gaetano	ITA	PTF	2:0
spanish-open-2026	Senior Men -54kg	QF	242	CONTI Andrea	ITA	NITSAS Christos rafail	GER	PTF	2:0
spanish-open-2026	Senior Men -54kg	SF	247	AGENJO TRIGOS Jairo	ESP	OTERO SOUSA Javier	ESP	PTF	2:0
spanish-open-2026	Senior Men -54kg	SF	248	CONTI Andrea	ITA	ALMUSHRAF Abdullah essa a	KSA	PTF	2:1
spanish-open-2026	Senior Men -54kg	F	251	AGENJO TRIGOS Jairo	ESP	CONTI Andrea	ITA	PTF	2:0
spanish-open-2026	Senior Men -58kg	R32	301	GRANDA TACO Pablo vinicio	ESP	LANG Matthias	GER	DSQ	1:0
spanish-open-2026	Senior Men -58kg	R32	302	ESCOLAR PARRA Ivan	ESP	CEREZO Ignacio	ESP	PTF	2:0
spanish-open-2026	Senior Men -58kg	R32	303	PAZOS AMOEDO Alex	ESP	DEL RIO CARAMES Manuel	ESP	PTF	2:0
spanish-open-2026	Senior Men -58kg	R32	304	PAZOS SIERRA Marcos	ESP	YENSEGENOV Yerkebulan	KAZ	PTF	2:1
spanish-open-2026	Senior Men -58kg	R32	305	CARREIRA Pablo	ESP	MARTINEZ Eric	ESP	PTF	2:0
spanish-open-2026	Senior Men -58kg	R32	306	LEPAPE Andreas	FRA	IVAN Faruk Eduard	ROU	PTF	2:0
spanish-open-2026	Senior Men -58kg	R32	307	ELIA Luigi antonio	ITA	JARA Sergio	ESP	PTF	2:0
spanish-open-2026	Senior Men -58kg	R32	308	CIRES Alejandro	ESP	SAN BARTOLOME SORIA Ismael	ESP	PTF	2:1
spanish-open-2026	Senior Men -58kg	R16	310	DELL'AQUILA Vito	ITA	GRANDA TACO Pablo vinicio	ESP	PTF	2:0
spanish-open-2026	Senior Men -58kg	R16	311	LEE Colin	USA	ESCOLAR PARRA Ivan	ESP	PTF	2:1
spanish-open-2026	Senior Men -58kg	R16	312	DE DIOS JOSE Alex	ESP	PAZOS AMOEDO Alex	ESP	PTF	2:0
spanish-open-2026	Senior Men -58kg	R16	313	GELADZE Vitali	GEO	PAZOS SIERRA Marcos	ESP	PTF	2:1
spanish-open-2026	Senior Men -58kg	R16	314	VASILIC Todor	SRB	CARREIRA Pablo	ESP	PTF	2:1
spanish-open-2026	Senior Men -58kg	R16	315	VIVES SAEZ Isaac	ESP	LEPAPE Andreas	FRA	PTF	2:0
spanish-open-2026	Senior Men -58kg	R16	316	ELIA Luigi antonio	ITA	HAMDI Riad nasser a	KSA	PTF	2:1
spanish-open-2026	Senior Men -58kg	R16	317	MOLJ Domen	SLO	CIRES Alejandro	ESP	PTF	2:0
spanish-open-2026	Senior Men -58kg	QF	326	DELL'AQUILA Vito	ITA	LEE Colin	USA	PTF	2:0
spanish-open-2026	Senior Men -58kg	QF	327	DE DIOS JOSE Alex	ESP	GELADZE Vitali	GEO	PTF	2:0
spanish-open-2026	Senior Men -58kg	QF	328	VIVES SAEZ Isaac	ESP	VASILIC Todor	SRB	WDR	1:0
spanish-open-2026	Senior Men -58kg	QF	329	MOLJ Domen	SLO	ELIA Luigi antonio	ITA	PTF	2:0
spanish-open-2026	Senior Men -58kg	SF	334	DELL'AQUILA Vito	ITA	DE DIOS JOSE Alex	ESP	PTF	2:0
spanish-open-2026	Senior Men -58kg	SF	335	MOLJ Domen	SLO	VIVES SAEZ Isaac	ESP	PTF	2:0
spanish-open-2026	Senior Men -58kg	F	338	MOLJ Domen	SLO	DELL'AQUILA Vito	ITA	WDR	1:0
spanish-open-2026	Senior Men -63kg	R64	401	MURILLO Jorge	ESP	CHIMCAK Artur	SVK	PTF	2:0
spanish-open-2026	Senior Men -63kg	R64	402	NORETTO Cole	USA	BEGIASHVILI Saba	GEO	PTF	2:0
spanish-open-2026	Senior Men -63kg	R64	403	FERNANDEZ AYARZA Nicolas	ESP	DALISAY Neil Erikson	ESP	PTF	2:0
spanish-open-2026	Senior Men -63kg	R64	404	ANTEQUERA Aaron	ESP	RODRIGUEZ REY Lander	ESP	PTF	2:0
spanish-open-2026	Senior Men -63kg	R64	405	IBRAHIM Nouralden	ITA	BENDECH Ziyed	FRA	PTF	2:0
spanish-open-2026	Senior Men -63kg	R64	406	RAMIREZ Tomas	ESP	MOLINA Iker	ESP	PTF	2:1
spanish-open-2026	Senior Men -63kg	R64	407	GUMUS Feyyaz	GER	KOUTRAKOS Vasilis	GBR	PTF	2:0
spanish-open-2026	Senior Men -63kg	R64	408	RODRIGUEZ Carlos	ESP	ISLAMOV Zhavokhirkhon	KAZ	PTF	2:0
spanish-open-2026	Senior Men -63kg	R64	409	PAZOS Anxo	ESP	ALQUMIZI Abdullah	KSA	PTF	2:0
spanish-open-2026	Senior Men -63kg	R64	410	COLLADOS Carlos	ESP	GARCIA Jorge	ESP	PTF	2:0
spanish-open-2026	Senior Men -63kg	R64	411	MUNIZ CACERES Marcos	ESP	MASSANO Goncalo	POR	PTF	2:1
spanish-open-2026	Senior Men -63kg	R64	412	ZABALETA Aaron	ESP	DEL Noah	ESP	PTF	2:0
spanish-open-2026	Senior Men -63kg	R64	413	RODRIGUEZ Hugo	ESP	XIA Lu Wei	ESP	PTF	2:0
spanish-open-2026	Senior Men -63kg	R64	414	MOLJ Ozbolt	SLO	MAGGI Paolo	ITA	PTF	2:0
spanish-open-2026	Senior Men -63kg	R64	415	CORDOBA VILLARTE Alvaro	ESP	CASELLA Oscar	SUI	PTF	2:0
spanish-open-2026	Senior Men -63kg	R64	416	ISRAILOV Zhassurbek	KAZ	DALVA LATORRE Joel	ESP	PTF	2:0
spanish-open-2026	Senior Men -63kg	R64	417	MONTOYA ZANCUDO Alvaro	ESP	VICENTE Marc	ESP	PTF	2:1
spanish-open-2026	Senior Men -63kg	R32	418	MIRZOIEV Samir	UKR	MURILLO Jorge	ESP	PTF	2:0
spanish-open-2026	Senior Men -63kg	R32	419	NORETTO Cole	USA	FERNANDEZ AYARZA Nicolas	ESP	PTF	2:1
spanish-open-2026	Senior Men -63kg	R32	420	BOURGEOIS Owen	FRA	ANTEQUERA Aaron	ESP	PTF	2:0
spanish-open-2026	Senior Men -63kg	R32	421	RAIHAN Muhammad bassam	INA	IBRAHIM Nouralden	ITA	PTF	2:1
spanish-open-2026	Senior Men -63kg	R32	422	IURLARO Ludovico	ITA	RAMIREZ Tomas	ESP	PTF	2:0
spanish-open-2026	Senior Men -63kg	R32	423	GUMUS Feyyaz	GER	VISINSKI Patrik	CRO	PTF	2:0
spanish-open-2026	Senior Men -63kg	R32	424	FRAILE RODRIGUEZ Jesus	ESP	RODRIGUEZ Carlos	ESP	PTF	2:0
spanish-open-2026	Senior Men -63kg	R32	425	KORNEEV Lev	SRB	PAZOS Anxo	ESP	PTF	2:0
spanish-open-2026	Senior Men -63kg	R32	426	OZKAYA Imran	GER	COLLADOS Carlos	ESP	PTF	2:0
spanish-open-2026	Senior Men -63kg	R32	427	MUNIZ CACERES Marcos	ESP	CORTES Carlos	MEX	PTF	2:0
spanish-open-2026	Senior Men -63kg	R32	428	ZABALETA Aaron	ESP	KHAVARI Mahdi	TRT	PTF	2:1
spanish-open-2026	Senior Men -63kg	R32	429	RODRIGUEZ Hugo	ESP	TOMAS GONZALEZ Lois	ESP	PTF	2:1
spanish-open-2026	Senior Men -63kg	R32	430	LO PINTO Daniel	ITA	MOLJ Ozbolt	SLO	PTF	2:0
spanish-open-2026	Senior Men -63kg	R32	431	CORDOBA VILLARTE Alvaro	ESP	ALLEN Chris	USA	PTF	2:0
spanish-open-2026	Senior Men -63kg	R32	432	NIYAZOV Azim	KAZ	ISRAILOV Zhassurbek	KAZ	PTF	2:0
spanish-open-2026	Senior Men -63kg	R32	433	SUSILUOTO Otto	FIN	MONTOYA ZANCUDO Alvaro	ESP	PTF	2:1
spanish-open-2026	Senior Men -63kg	R16	434	MIRZOIEV Samir	UKR	NORETTO Cole	USA	PTF	2:0
spanish-open-2026	Senior Men -63kg	R16	435	RAIHAN Muhammad bassam	INA	BOURGEOIS Owen	FRA	PTF	2:0
spanish-open-2026	Senior Men -63kg	R16	436	IURLARO Ludovico	ITA	GUMUS Feyyaz	GER	PTF	2:0
spanish-open-2026	Senior Men -63kg	R16	437	FRAILE RODRIGUEZ Jesus	ESP	KORNEEV Lev	SRB	PTF	2:0
spanish-open-2026	Senior Men -63kg	R16	438	OZKAYA Imran	GER	MUNIZ CACERES Marcos	ESP	PTF	2:0
spanish-open-2026	Senior Men -63kg	R16	439	ZABALETA Aaron	ESP	RODRIGUEZ Hugo	ESP	PTF	2:0
spanish-open-2026	Senior Men -63kg	R16	440	LO PINTO Daniel	ITA	CORDOBA VILLARTE Alvaro	ESP	PTF	2:0
spanish-open-2026	Senior Men -63kg	R16	441	NIYAZOV Azim	KAZ	SUSILUOTO Otto	FIN	PTF	2:1
spanish-open-2026	Senior Men -63kg	QF	442	MIRZOIEV Samir	UKR	RAIHAN Muhammad bassam	INA	PTF	2:0
spanish-open-2026	Senior Men -63kg	QF	443	IURLARO Ludovico	ITA	FRAILE RODRIGUEZ Jesus	ESP	PTF	2:0
spanish-open-2026	Senior Men -63kg	QF	444	OZKAYA Imran	GER	ZABALETA Aaron	ESP	PTF	2:1
spanish-open-2026	Senior Men -63kg	QF	445	NIYAZOV Azim	KAZ	LO PINTO Daniel	ITA	PTF	2:1
spanish-open-2026	Senior Men -63kg	SF	446	MIRZOIEV Samir	UKR	IURLARO Ludovico	ITA	PTF	2:1
spanish-open-2026	Senior Men -63kg	SF	447	NIYAZOV Azim	KAZ	OZKAYA Imran	GER	WDR	1:0
spanish-open-2026	Senior Men -63kg	F	448	MIRZOIEV Samir	UKR	NIYAZOV Azim	KAZ	PTF	2:0
spanish-open-2026	Senior Men -68kg	R64	501	GAVIN Roberto	ITA	MALLOL Franc	ESP	PTF	2:0
spanish-open-2026	Senior Men -68kg	R64	502	LOPEZ Marcos	ESP	CAAMANO Rodrigo	ESP	PTF	2:0
spanish-open-2026	Senior Men -68kg	R64	503	CERNADAS Alejandro	ESP	INFANTE Aitor	ESP	PTF	2:0
spanish-open-2026	Senior Men -68kg	R64	504	LORENTE David	ESP	FRGOLEC Damien Pavel	SVK	PTF	2:0
spanish-open-2026	Senior Men -68kg	R64	505	PARLAPIANO Cristian	ITA	MARTINEZ SUAREZ Adrian	ESP	PTF	2:0
spanish-open-2026	Senior Men -68kg	R64	506	GAVIN Davide	ITA	NDONG Ansou	ESP	PTF	2:1
spanish-open-2026	Senior Men -68kg	R32	507	KRAJISNIK Zarko	SRB	GAVIN Roberto	ITA	PTF	2:0
spanish-open-2026	Senior Men -68kg	R32	508	ABABAKIROV Samirkhon	KAZ	SILVA Ricardo	POR	PTF	2:0
spanish-open-2026	Senior Men -68kg	R32	509	ROMERO Ian	PAN	DI Daniel Santiago	ESP	PTF	2:0
spanish-open-2026	Senior Men -68kg	R32	510	MILAN Jorge	ESP	RODRIGUEZ Pau	ESP	PTF	2:0
spanish-open-2026	Senior Men -68kg	R32	511	ABAD EXPOSITO Iker	ESP	LOPEZ Marcos	ESP	PTF	2:0
spanish-open-2026	Senior Men -68kg	R32	512	JENDOUBI Mohamed khalil	TUN	MANOLE Alin	MDA	PTF	2:0
spanish-open-2026	Senior Men -68kg	R32	513	VEGA GAITAN Rommel alejandro	ESP	BONNA Baptiste	FRA	PTF	2:1
spanish-open-2026	Senior Men -68kg	R32	514	SALANOVA LISTE Adrian	ESP	CERNADAS Alejandro	ESP	PTF	2:0
spanish-open-2026	Senior Men -68kg	R32	515	JORQUERA CALA Joan	ESP	LORENTE David	ESP	PTF	2:0
spanish-open-2026	Senior Men -68kg	R32	516	CAVUSMAN Emre	GER	HUBERT Ilan	FRA	PTF	2:0
spanish-open-2026	Senior Men -68kg	R32	517	KAVTARADZE Beka	GEO	LEPINS-ZAGARS Ruslans	LAT	PTF	2:0
spanish-open-2026	Senior Men -68kg	R32	518	VICENTE YUNTA Adrian	ESP	PARLAPIANO Cristian	ITA	PTF	2:0
spanish-open-2026	Senior Men -68kg	R32	519	CAVUSMAN Aslan eymen	GER	PARAMO COBAS Alejandro	ESP	PTF	2:0
spanish-open-2026	Senior Men -68kg	R32	520	THOMAS Max	ESP	NEYI Esrom	TRT	PTF	2:1
spanish-open-2026	Senior Men -68kg	R32	521	VUKOTIC Danilo	SRB	MENDEZ Samuel	ESP	PTF	2:0
spanish-open-2026	Senior Men -68kg	R32	522	BYSTROV Volodymyr	UKR	GAVIN Davide	ITA	PTF	2:0
spanish-open-2026	Senior Men -68kg	R16	524	KRAJISNIK Zarko	SRB	ABABAKIROV Samirkhon	KAZ	PTF	2:1
spanish-open-2026	Senior Men -68kg	R16	525	MILAN Jorge	ESP	ROMERO Ian	PAN	PTF	2:0
spanish-open-2026	Senior Men -68kg	R16	526	ABAD EXPOSITO Iker	ESP	JENDOUBI Mohamed khalil	TUN	PTF	2:0
spanish-open-2026	Senior Men -68kg	R16	527	SALANOVA LISTE Adrian	ESP	VEGA GAITAN Rommel alejandro	ESP	PTF	2:0
spanish-open-2026	Senior Men -68kg	R16	528	JORQUERA CALA Joan	ESP	CAVUSMAN Emre	GER	PTF	2:0
spanish-open-2026	Senior Men -68kg	R16	529	VICENTE YUNTA Adrian	ESP	KAVTARADZE Beka	GEO	PTF	2:1
spanish-open-2026	Senior Men -68kg	R16	530	CAVUSMAN Aslan eymen	GER	THOMAS Max	ESP	PTF	2:0
spanish-open-2026	Senior Men -68kg	R16	531	BYSTROV Volodymyr	UKR	VUKOTIC Danilo	SRB	PTF	2:0
spanish-open-2026	Senior Men -68kg	QF	540	KRAJISNIK Zarko	SRB	MILAN Jorge	ESP	PTF	2:1
spanish-open-2026	Senior Men -68kg	QF	541	SALANOVA LISTE Adrian	ESP	ABAD EXPOSITO Iker	ESP	PTF	2:0
spanish-open-2026	Senior Men -68kg	QF	542	JORQUERA CALA Joan	ESP	VICENTE YUNTA Adrian	ESP	PTF	2:0
spanish-open-2026	Senior Men -68kg	QF	543	BYSTROV Volodymyr	UKR	CAVUSMAN Aslan eymen	GER	PTF	2:1
spanish-open-2026	Senior Men -68kg	SF	548	SALANOVA LISTE Adrian	ESP	KRAJISNIK Zarko	SRB	PTF	2:0
spanish-open-2026	Senior Men -68kg	SF	549	JORQUERA CALA Joan	ESP	BYSTROV Volodymyr	UKR	PTF	2:1
spanish-open-2026	Senior Men -68kg	F	552	SALANOVA LISTE Adrian	ESP	JORQUERA CALA Joan	ESP	WDR	1:0
spanish-open-2026	Senior Men -74kg	R64	701	WILLIAMS Ricardo	GBR	CORBALAN David	ESP	PTF	2:1
spanish-open-2026	Senior Men -74kg	R64	702	ELSHAMI Karim	ESP	IGLESIAS Ayrton	ESP	PTF	2:0
spanish-open-2026	Senior Men -74kg	R64	703	FERNANDEZ Alvaro	ESP	TENA Alex	ESP	PTF	2:0
spanish-open-2026	Senior Men -74kg	R64	704	LOPEZ Daniel	ESP	DOMINGUEZ VARGAS Gerard	ESP	PTF	2:1
spanish-open-2026	Senior Men -74kg	R64	705	ANDREOLI Gabriele	ITA	ZAFRA Alex	ESP	PTF	2:0
spanish-open-2026	Senior Men -74kg	R64	706	SHULENOV Damir	KAZ	SANZ Alejandro	ESP	PTF	2:0
spanish-open-2026	Senior Men -74kg	R32	707	KINTSURASHVILI Zurab	GEO	WILLIAMS Ricardo	GBR	PTF	2:0
spanish-open-2026	Senior Men -74kg	R32	708	GARCIA ALVAREZ Gabriel	ESP	LUKIC Nikola	SRB	PTF	2:0
spanish-open-2026	Senior Men -74kg	R32	709	CEDRUN MARTINEZ Cesar	ESP	NICOLAE Dogari	MDA	PTF	2:0
spanish-open-2026	Senior Men -74kg	R32	710	ABDOUNI Abdelhamid	MAR	COLAK Nayan can	GER	PTF	2:0
spanish-open-2026	Senior Men -74kg	R32	711	HUSIC Benjamin	BIH	ELSHAMI Karim	ESP	PTF	2:0
spanish-open-2026	Senior Men -74kg	R32	712	COSTA Diogo rafael alves da	POR	IZARIK Daniel	SVK	PTF	2:1
spanish-open-2026	Senior Men -74kg	R32	713	HORVAT Sven	CRO	GRISKJANS Antons	LAT	PTF	2:1
spanish-open-2026	Senior Men -74kg	R32	714	SITTEK Tomas	CZE	FERNANDEZ Alvaro	ESP	PTF	2:0
spanish-open-2026	Senior Men -74kg	R32	715	TAKOV Stefan	SRB	LOPEZ Daniel	ESP	PTF	2:0
spanish-open-2026	Senior Men -74kg	R32	716	GARCIA KLAIL Pedro	ESP	DE LUCAS GUEMEZ Marcos	ESP	PTF	2:0
spanish-open-2026	Senior Men -74kg	R32	717	ALBISHI Dhafer	KSA	LOTT Liam	GER	PTF	2:0
spanish-open-2026	Senior Men -74kg	R32	718	MANGIONE Angelo	ITA	ANDREOLI Gabriele	ITA	PTF	2:0
spanish-open-2026	Senior Men -74kg	R32	719	BIRIMBAY Eldar	KAZ	CAMPUSANO Juan daniel	ESP	PTF	2:0
spanish-open-2026	Senior Men -74kg	R32	720	HAMEDI Tareg ali m	KSA	PUJOL GILI Antoni	ESP	PTF	2:1
spanish-open-2026	Senior Men -74kg	R32	721	SERRANO MACIAS Jesus	ESP	HAKOBYAN VARDANYAN Alexander	ESP	PTF	2:0
spanish-open-2026	Senior Men -74kg	R32	722	SHULENOV Damir	KAZ	JORGENSEN Otto	DEN	PTF	2:0
spanish-open-2026	Senior Men -74kg	R16	729	KINTSURASHVILI Zurab	GEO	GARCIA ALVAREZ Gabriel	ESP	PTF	2:0
spanish-open-2026	Senior Men -74kg	R16	730	ABDOUNI Abdelhamid	MAR	CEDRUN MARTINEZ Cesar	ESP	PTF	2:1
spanish-open-2026	Senior Men -74kg	R16	731	COSTA Diogo rafael alves da	POR	HUSIC Benjamin	BIH	PTF	2:0
spanish-open-2026	Senior Men -74kg	R16	732	SITTEK Tomas	CZE	HORVAT Sven	CRO	PTF	2:0
spanish-open-2026	Senior Men -74kg	R16	733	GARCIA KLAIL Pedro	ESP	TAKOV Stefan	SRB	PTF	2:0
spanish-open-2026	Senior Men -74kg	R16	734	MANGIONE Angelo	ITA	ALBISHI Dhafer	KSA	PTF	2:0
spanish-open-2026	Senior Men -74kg	R16	735	BIRIMBAY Eldar	KAZ	HAMEDI Tareg ali m	KSA	PTF	2:0
spanish-open-2026	Senior Men -74kg	R16	736	SHULENOV Damir	KAZ	SERRANO MACIAS Jesus	ESP	PTF	2:0
spanish-open-2026	Senior Men -74kg	QF	745	KINTSURASHVILI Zurab	GEO	ABDOUNI Abdelhamid	MAR	PTF	2:0
spanish-open-2026	Senior Men -74kg	QF	746	SITTEK Tomas	CZE	COSTA Diogo rafael alves da	POR	PTF	2:1
spanish-open-2026	Senior Men -74kg	QF	747	MANGIONE Angelo	ITA	GARCIA KLAIL Pedro	ESP	PTF	2:0
spanish-open-2026	Senior Men -74kg	QF	748	SHULENOV Damir	KAZ	BIRIMBAY Eldar	KAZ	WDR	1:0
spanish-open-2026	Senior Men -74kg	SF	753	KINTSURASHVILI Zurab	GEO	SITTEK Tomas	CZE	PTF	2:1
spanish-open-2026	Senior Men -74kg	SF	754	SHULENOV Damir	KAZ	MANGIONE Angelo	ITA	PTF	2:0
spanish-open-2026	Senior Men -74kg	F	757	KINTSURASHVILI Zurab	GEO	SHULENOV Damir	KAZ	PTF	2:0
spanish-open-2026	Senior Men -80kg	R32	601	VESTERLUND Linus	SWE	CALIK Enis	GER	WDR	1:0
spanish-open-2026	Senior Men -80kg	R32	602	GUMUS Kaan	GER	KORSAK Mykhailo	UKR	PTF	2:0
spanish-open-2026	Senior Men -80kg	R32	603	BALAKA Artem	UKR	GANIYEV Mergen	KAZ	PTF	2:0
spanish-open-2026	Senior Men -80kg	R32	604	HUSIC Nedzad	BIH	FERO GOMEZ Luis	ESP	PTF	2:0
spanish-open-2026	Senior Men -80kg	R32	605	AKBABAOZ Muhammed buğrahan	TRT	GOMEZ LACATUS Juan	ESP	PTF	2:0
spanish-open-2026	Senior Men -80kg	R32	606	MOHAMED-SALEM Mahmud	ESP	MATILLA Adrian	ESP	PTF	2:0
spanish-open-2026	Senior Men -80kg	R32	607	SWEENEY Liam	AUS	ALI BASHIR Bashir	SVK	PTF	2:0
spanish-open-2026	Senior Men -80kg	R32	608	MATURO Emanuele vittorio	ITA	GONZALEZ NUNEZ Giovanni	ESP	PTF	2:1
spanish-open-2026	Senior Men -80kg	R32	609	MARTINHO Manuel	POR	ZUNZARREN Inigo	ESP	PTF	2:0
spanish-open-2026	Senior Men -80kg	R32	610	RAIHAN FADHILA Mhd	INA	FRGOLEC Miroslav	SVK	PTF	2:0
spanish-open-2026	Senior Men -80kg	R32	611	ROBLETO David	NCA	ZINATO Cristian	ITA	PTF	2:0
spanish-open-2026	Senior Men -80kg	R32	612	BEKASSYL Yergesh	KAZ	JOCHMAN Adam	CZE	PTF	2:0
spanish-open-2026	Senior Men -80kg	R32	613	MALLO PENA Iago	ESP	BENCHAHBA BENOUKHAYE Adam	ESP	PTF	2:0
spanish-open-2026	Senior Men -80kg	R16	621	FERNANDEZ GARCIA Mikel	ESP	VESTERLUND Linus	SWE	PTF	2:0
spanish-open-2026	Senior Men -80kg	R16	622	GUMUS Kaan	GER	BALAKA Artem	UKR	PTF	2:0
spanish-open-2026	Senior Men -80kg	R16	623	HUSIC Nedzad	BIH	AKBABAOZ Muhammed buğrahan	TRT	PTF	2:0
spanish-open-2026	Senior Men -80kg	R16	624	SWEENEY Liam	AUS	MOHAMED-SALEM Mahmud	ESP	PTF	2:0
spanish-open-2026	Senior Men -80kg	R16	625	MILAN CANOVAS Juan antonio	ESP	MATURO Emanuele vittorio	ITA	PTF	2:0
spanish-open-2026	Senior Men -80kg	R16	626	MARTINHO Manuel	POR	RAIHAN FADHILA Mhd	INA	PTF	2:0
spanish-open-2026	Senior Men -80kg	R16	627	ROBLETO David	NCA	BEKASSYL Yergesh	KAZ	PTF	2:1
spanish-open-2026	Senior Men -80kg	R16	628	ZARHOUTI Haitam	MAR	MALLO PENA Iago	ESP	PTF	2:0
spanish-open-2026	Senior Men -80kg	QF	637	FERNANDEZ GARCIA Mikel	ESP	GUMUS Kaan	GER	PTF	2:0
spanish-open-2026	Senior Men -80kg	QF	638	HUSIC Nedzad	BIH	SWEENEY Liam	AUS	PTF	2:0
spanish-open-2026	Senior Men -80kg	QF	639	MILAN CANOVAS Juan antonio	ESP	MARTINHO Manuel	POR	PTF	2:0
spanish-open-2026	Senior Men -80kg	QF	640	ZARHOUTI Haitam	MAR	ROBLETO David	NCA	PTF	2:1
spanish-open-2026	Senior Men -80kg	SF	645	FERNANDEZ GARCIA Mikel	ESP	HUSIC Nedzad	BIH	WDR	1:0
spanish-open-2026	Senior Men -80kg	SF	646	ZARHOUTI Haitam	MAR	MILAN CANOVAS Juan antonio	ESP	WDR	1:0
spanish-open-2026	Senior Men -80kg	F	649	FERNANDEZ GARCIA Mikel	ESP	ZARHOUTI Haitam	MAR	PTF	2:0
spanish-open-2026	Senior Men -87kg	R32	801	ACOSTA SANTANA Saul	ESP	BENITEZ DONATE Alejandro	ESP	PTF	2:0
spanish-open-2026	Senior Men -87kg	R32	802	DIVKOVIC Patrik	SLO	BYELOUS Eric	ESP	PTF	2:0
spanish-open-2026	Senior Men -87kg	R32	803	MARTIN SANCHEZ Alejandro	ESP	SPAK Aurel	SVK	RSC	1:0
spanish-open-2026	Senior Men -87kg	R32	804	GUASCH Ramon	ESP	REGRAGUI Ziad	MAR	PTF	2:1
spanish-open-2026	Senior Men -87kg	R32	805	GALLARDO Oscar	ESP	MARCOS Aaron	ESP	PTF	2:0
spanish-open-2026	Senior Men -87kg	R32	806	SANCHEZ Hector	ESP	MARTIN Marcos	ESP	PTF	2:0
spanish-open-2026	Senior Men -87kg	R16	821	ALESSIO Simone	ITA	ACOSTA SANTANA Saul	ESP	PTF	2:0
spanish-open-2026	Senior Men -87kg	R16	822	HOERMANN Vincent	GER	NURGAZIN Meiir	KAZ	PTF	2:0
spanish-open-2026	Senior Men -87kg	R16	823	DIVKOVIC Patrik	SLO	ALKHAIBARI Ali mabruk s	KSA	PTF	2:0
spanish-open-2026	Senior Men -87kg	R16	824	STOJANOVIC Stefan	SRB	MARTIN SANCHEZ Alejandro	ESP	PTF	2:0
spanish-open-2026	Senior Men -87kg	R16	825	GUASCH Ramon	ESP	TOLEUGALI Batyrkhan	KAZ	WDR	1:0
spanish-open-2026	Senior Men -87kg	R16	826	ABEDINI Mehdi	TRT	GALLARDO Oscar	ESP	PTF	2:0
spanish-open-2026	Senior Men -87kg	R16	827	SAWADOGO Faysal	BUR	RIBEIRO Tiago	POR	PTF	2:0
spanish-open-2026	Senior Men -87kg	R16	828	TROITINO AMOEDO Sergio	ESP	SANCHEZ Hector	ESP	PTF	2:0
spanish-open-2026	Senior Men -87kg	QF	842	ALESSIO Simone	ITA	HOERMANN Vincent	GER	PTF	2:0
spanish-open-2026	Senior Men -87kg	QF	843	DIVKOVIC Patrik	SLO	STOJANOVIC Stefan	SRB	PTF	2:0
spanish-open-2026	Senior Men -87kg	QF	844	ABEDINI Mehdi	TRT	GUASCH Ramon	ESP	PTF	2:0
spanish-open-2026	Senior Men -87kg	QF	845	TROITINO AMOEDO Sergio	ESP	SAWADOGO Faysal	BUR	PTF	2:1
spanish-open-2026	Senior Men -87kg	SF	854	ALESSIO Simone	ITA	DIVKOVIC Patrik	SLO	WDR	1:0
spanish-open-2026	Senior Men -87kg	SF	855	ABEDINI Mehdi	TRT	TROITINO AMOEDO Sergio	ESP	PTF	2:1
spanish-open-2026	Senior Men -87kg	F	860	ALESSIO Simone	ITA	ABEDINI Mehdi	TRT	PTF	2:1
spanish-open-2026	Senior Men +87kg	R32	523	CURATS Santiago	ESP	CIOBANU Tudor	ESP	PTF	2:0
spanish-open-2026	Senior Men +87kg	R16	532	KABLAN Beibarys	KAZ	CURATS Santiago	ESP	PTF	2:0
spanish-open-2026	Senior Men +87kg	R16	533	GOLUBOVIC Milos	SRB	HANUSOVSKY Richard	SVK	PTF	2:0
spanish-open-2026	Senior Men +87kg	R16	534	GOMIS Paivou johnouario	GBS	MURILLO Daniel	ESP	PTF	2:0
spanish-open-2026	Senior Men +87kg	R16	535	DE ANGELIS Matteo	ITA	ISBRECHT Kevin	GER	PTF	2:0
spanish-open-2026	Senior Men +87kg	R16	536	MOLIN Mattia	ITA	GISBERT Genis	ESP	PTF	2:0
spanish-open-2026	Senior Men +87kg	R16	537	KHASSENOV Bauyrzhan	KAZ	BAILEZ Marcos	ESP	PTF	2:0
spanish-open-2026	Senior Men +87kg	R16	538	TRAJKOVIC Ivan konrad	SLO	GORDO Raul	ESP	PTF	2:0
spanish-open-2026	Senior Men +87kg	R16	539	MARTINEZ Raul	ESP	GARCIA MARTINEZ Ivan	ESP	WDR	1:0
spanish-open-2026	Senior Men +87kg	QF	544	KABLAN Beibarys	KAZ	GOLUBOVIC Milos	SRB	PTF	2:0
spanish-open-2026	Senior Men +87kg	QF	545	DE ANGELIS Matteo	ITA	GOMIS Paivou johnouario	GBS	PTF	2:0
spanish-open-2026	Senior Men +87kg	QF	546	MOLIN Mattia	ITA	KHASSENOV Bauyrzhan	KAZ	PTF	2:0
spanish-open-2026	Senior Men +87kg	QF	547	TRAJKOVIC Ivan konrad	SLO	MARTINEZ Raul	ESP	PTF	2:0
spanish-open-2026	Senior Men +87kg	SF	550	KABLAN Beibarys	KAZ	DE ANGELIS Matteo	ITA	PTF	2:0
spanish-open-2026	Senior Men +87kg	SF	551	MOLIN Mattia	ITA	TRAJKOVIC Ivan konrad	SLO	WDR	1:0
spanish-open-2026	Senior Men +87kg	F	553	KABLAN Beibarys	KAZ	MOLIN Mattia	ITA	PTF	2:1
spanish-open-2026	Senior Women -46kg	R32	120	MORENO MUNOZ Erkuden jinxin	ESP	LOPEZ Leyre	ESP	PTF	2:0
spanish-open-2026	Senior Women -46kg	R32	121	BOUALI Chehrazad	FRA	ESCRIG Andrea	ESP	PTF	2:1
spanish-open-2026	Senior Women -46kg	R32	122	RODRIGUEZ Lucia	ESP	MORELL DOMINGUEZ Raquel	ESP	PTF	2:0
spanish-open-2026	Senior Women -46kg	R16	131	BERTAGNIN Elisa	ITA	MORENO MUNOZ Erkuden jinxin	ESP	PTF	2:0
spanish-open-2026	Senior Women -46kg	R16	132	QUINONERO MEDINA Nuria	ESP	KAMINSKA Michaela	SVK	PTF	2:1
spanish-open-2026	Senior Women -46kg	R16	133	GARCIES I SALA Lluisa	ESP	ACEBAL VILA Lluna Nhi	ESP	PTF	2:0
spanish-open-2026	Senior Women -46kg	R16	134	RODRIGUEZ Adriana	ESP	PRIKASIH Ni Kadek Heni	INA	PTF	2:0
spanish-open-2026	Senior Women -46kg	R16	135	GALIERO Giulia	ITA	BOUALI Chehrazad	FRA	PTF	2:0
spanish-open-2026	Senior Women -46kg	R16	136	NORDH Olivia	SWE	FARINA Aitana	ESP	PTF	2:1
spanish-open-2026	Senior Women -46kg	R16	137	DUNSMORE Lauren	GBR	VAZQUEZ Ariadna	ESP	PTF	2:0
spanish-open-2026	Senior Women -46kg	R16	138	DIAZ ARRIBAS Violeta	ESP	RODRIGUEZ Lucia	ESP	PTF	2:0
spanish-open-2026	Senior Women -46kg	QF	143	BERTAGNIN Elisa	ITA	QUINONERO MEDINA Nuria	ESP	PTF	2:0
spanish-open-2026	Senior Women -46kg	QF	144	RODRIGUEZ Adriana	ESP	GARCIES I SALA Lluisa	ESP	PTF	2:0
spanish-open-2026	Senior Women -46kg	QF	145	GALIERO Giulia	ITA	NORDH Olivia	SWE	PTF	2:0
spanish-open-2026	Senior Women -46kg	QF	146	DIAZ ARRIBAS Violeta	ESP	DUNSMORE Lauren	GBR	PTF	2:0
spanish-open-2026	Senior Women -46kg	SF	149	BERTAGNIN Elisa	ITA	RODRIGUEZ Adriana	ESP	PTF	2:0
spanish-open-2026	Senior Women -46kg	SF	150	DIAZ ARRIBAS Violeta	ESP	GALIERO Giulia	ITA	PTF	2:1
spanish-open-2026	Senior Women -46kg	F	152	DIAZ ARRIBAS Violeta	ESP	BERTAGNIN Elisa	ITA	PTF	2:0
spanish-open-2026	Senior Women -49kg	R32	213	NOGUERA Anira	ESP	MUNOZ Nagore	ESP	PTF	2:0
spanish-open-2026	Senior Women -49kg	R32	214	HINIC Sofija	CRO	CLARK Emily	GBR	WDR	1:0
spanish-open-2026	Senior Women -49kg	R32	215	MAKAS Dzejla	BIH	FERNANDEZ Carlota	ESP	PTF	2:0
spanish-open-2026	Senior Women -49kg	R32	216	PATRICIO Ana Rita	POR	AVILA SOLDEVILA Tania	ESP	PTF	2:1
spanish-open-2026	Senior Women -49kg	R32	217	CORTEGOSO LIMA Sara	ESP	GARCIA Laura	ESP	PTF	2:0
spanish-open-2026	Senior Women -49kg	R32	218	CRISOSTOMO Ana	PER	GONZALEZ NOVOA Maria	ESP	PTF	2:1
spanish-open-2026	Senior Women -49kg	R32	219	MARTINEZ SEVILLA Julia	ESP	GAVRILOV Lana	CRO	PTF	2:1
spanish-open-2026	Senior Women -49kg	R32	220	KUMARTAYEVA Aidana	KAZ	LOPEZ Ana	ESP	PTF	2:1
spanish-open-2026	Senior Women -49kg	R32	221	LOPEZ Nadia	ESP	CRISTESCU Anamaria	ROU	PTF	2:1
spanish-open-2026	Senior Women -49kg	R32	222	ROLDAN Marta	ESP	LAGANA Giulia	ITA	PTF	2:0
spanish-open-2026	Senior Women -49kg	R16	231	CEREZO IGLESIAS Adriana	ESP	NOGUERA Anira	ESP	PTF	2:0
spanish-open-2026	Senior Women -49kg	R16	232	HINIC Sofija	CRO	MAKAS Dzejla	BIH	PTF	2:1
spanish-open-2026	Senior Women -49kg	R16	233	ALLASSAK Oumaima	FRA	PATRICIO Ana Rita	POR	PTF	2:0
spanish-open-2026	Senior Women -49kg	R16	234	MAKAS Ejla	BIH	CORTEGOSO LIMA Sara	ESP	PTF	2:1
spanish-open-2026	Senior Women -49kg	R16	235	LIÑAN PARDO Naiara	AND	CRISOSTOMO Ana	PER	PTF	2:0
spanish-open-2026	Senior Women -49kg	R16	236	MARTINEZ SEVILLA Julia	ESP	BARROSO Kiara	POR	PTF	2:0
spanish-open-2026	Senior Women -49kg	R16	237	KUMARTAYEVA Aidana	KAZ	LOPEZ Nadia	ESP	PTF	2:0
spanish-open-2026	Senior Women -49kg	R16	238	FOFANA Mah teninba	FRA	ROLDAN Marta	ESP	PTF	2:0
spanish-open-2026	Senior Women -49kg	QF	243	CEREZO IGLESIAS Adriana	ESP	HINIC Sofija	CRO	PTF	2:0
spanish-open-2026	Senior Women -49kg	QF	244	ALLASSAK Oumaima	FRA	MAKAS Ejla	BIH	PTF	2:0
spanish-open-2026	Senior Women -49kg	QF	245	MARTINEZ SEVILLA Julia	ESP	LIÑAN PARDO Naiara	AND	PTF	2:1
spanish-open-2026	Senior Women -49kg	QF	246	FOFANA Mah teninba	FRA	KUMARTAYEVA Aidana	KAZ	PTF	2:0
spanish-open-2026	Senior Women -49kg	SF	249	CEREZO IGLESIAS Adriana	ESP	ALLASSAK Oumaima	FRA	PTF	2:0
spanish-open-2026	Senior Women -49kg	SF	250	FOFANA Mah teninba	FRA	MARTINEZ SEVILLA Julia	ESP	PTF	2:0
spanish-open-2026	Senior Women -49kg	F	252	CEREZO IGLESIAS Adriana	ESP	FOFANA Mah teninba	FRA	PTF	2:0
spanish-open-2026	Senior Women -53kg	R64	101	WALTON Lorena Keehan	ESP	KONICA Katerina	ALB	PTF	2:0
spanish-open-2026	Senior Women -53kg	R64	102	FERNANDEZ Elisa	ESP	NUNEZ Alicia	ESP	PTF	2:1
spanish-open-2026	Senior Women -53kg	R64	103	SANCHEZ Marta	ESP	ABDULLAH Azeen yousef m	KSA	PTF	2:0
spanish-open-2026	Senior Women -53kg	R32	104	ABUTALEB Dunya ali m	KSA	WALTON Lorena Keehan	ESP	PTF	2:0
spanish-open-2026	Senior Women -53kg	R32	105	MORA DOMINGUEZ Margarita	ESP	LEE Ruby	GBR	PTF	2:1
spanish-open-2026	Senior Women -53kg	R32	106	FRASSICA Anna	ITA	CANOVAS Natalia	ESP	PTF	2:0
spanish-open-2026	Senior Women -53kg	R32	107	DANIEL Melina	USA	NSANGU June	ESP	PTF	2:0
spanish-open-2026	Senior Women -53kg	R32	108	CARPENA Leire	ESP	ASIMI Adiba	GER	WDR	1:0
spanish-open-2026	Senior Women -53kg	R32	109	GARCIA MARQUINA Sofia	ESP	PLUGARU Bianca	MDA	PTF	2:0
spanish-open-2026	Senior Women -53kg	R32	110	SUSILUOTO Inari	FIN	TEIRA PEREZ Ainhoa	ESP	PTF	2:1
spanish-open-2026	Senior Women -53kg	R32	111	BENETTI Ines	FRA	GARCIA Paula	ESP	PTF	2:0
spanish-open-2026	Senior Women -53kg	R32	112	EL BOUCHTI Oumaima	MAR	FERNANDEZ Elisa	ESP	PTF	2:0
spanish-open-2026	Senior Women -53kg	R32	113	RODRIGUEZ MARQUINA Laura	ESP	ESCRIG Marta	ESP	PTF	2:0
spanish-open-2026	Senior Women -53kg	R32	114	STANKOVIC Vanja	SRB	CANO PALACIOS Lorena	ESP	PTF	2:0
spanish-open-2026	Senior Women -53kg	R32	115	KARAJANOVA Aziza	KAZ	MONTERO Carmen	ESP	PTF	2:0
spanish-open-2026	Senior Women -53kg	R32	116	SUNDETBAY Aidana	KAZ	ECHANIZ Leire	ESP	PTF	2:0
spanish-open-2026	Senior Women -53kg	R32	117	AKHMEDOVA Nodira	KAZ	ENJUTO Lucia	ESP	PTF	2:0
spanish-open-2026	Senior Women -53kg	R32	118	DE TORO OLIVER Lucia	ESP	PERNISCHOVA Simona	SVK	PTF	2:1
spanish-open-2026	Senior Women -53kg	R32	119	PEREZ PARRADO Alma maria	ESP	SANCHEZ Marta	ESP	RSC	2:0
spanish-open-2026	Senior Women -53kg	R16	123	ABUTALEB Dunya ali m	KSA	MORA DOMINGUEZ Margarita	ESP	PTF	2:0
spanish-open-2026	Senior Women -53kg	R16	124	DANIEL Melina	USA	FRASSICA Anna	ITA	PTF	2:1
spanish-open-2026	Senior Women -53kg	R16	125	GARCIA MARQUINA Sofia	ESP	CARPENA Leire	ESP	PTF	2:0
spanish-open-2026	Senior Women -53kg	R16	126	SUSILUOTO Inari	FIN	BENETTI Ines	FRA	PTF	2:0
spanish-open-2026	Senior Women -53kg	R16	127	RODRIGUEZ MARQUINA Laura	ESP	EL BOUCHTI Oumaima	MAR	PTF	2:0
spanish-open-2026	Senior Women -53kg	R16	128	KARAJANOVA Aziza	KAZ	STANKOVIC Vanja	SRB	PTF	2:0
spanish-open-2026	Senior Women -53kg	R16	129	AKHMEDOVA Nodira	KAZ	SUNDETBAY Aidana	KAZ	PTF	2:1
spanish-open-2026	Senior Women -53kg	R16	130	PEREZ PARRADO Alma maria	ESP	DE TORO OLIVER Lucia	ESP	PTF	2:0
spanish-open-2026	Senior Women -53kg	QF	139	ABUTALEB Dunya ali m	KSA	DANIEL Melina	USA	PTF	2:0
spanish-open-2026	Senior Women -53kg	QF	140	GARCIA MARQUINA Sofia	ESP	SUSILUOTO Inari	FIN	PTF	2:0
spanish-open-2026	Senior Women -53kg	QF	141	RODRIGUEZ MARQUINA Laura	ESP	KARAJANOVA Aziza	KAZ	PTF	2:0
spanish-open-2026	Senior Women -53kg	QF	142	PEREZ PARRADO Alma maria	ESP	AKHMEDOVA Nodira	KAZ	PTF	2:1
spanish-open-2026	Senior Women -53kg	SF	147	ABUTALEB Dunya ali m	KSA	GARCIA MARQUINA Sofia	ESP	PTF	2:1
spanish-open-2026	Senior Women -53kg	SF	148	RODRIGUEZ MARQUINA Laura	ESP	PEREZ PARRADO Alma maria	ESP	PTF	2:0
spanish-open-2026	Senior Women -53kg	F	151	RODRIGUEZ MARQUINA Laura	ESP	ABUTALEB Dunya ali m	KSA	PTF	2:1
spanish-open-2026	Senior Women -57kg	R32	614	AL Sarah	ITA	BLESA Eva	ESP	PTF	2:1
spanish-open-2026	Senior Women -57kg	R32	615	SEVO Milica	SRB	MONTERO Malen	ESP	PTF	2:0
spanish-open-2026	Senior Women -57kg	R32	616	DE FRUTOS FERNANDEZ CANADAS Alejandra	ESP	ERIKSSON Lova	SWE	PTF	2:1
spanish-open-2026	Senior Women -57kg	R32	617	REIMUNDEZ Yadira	ESP	SORIANO Irene	ESP	PTF	2:0
spanish-open-2026	Senior Women -57kg	R32	618	CAUSSE Estelle	FRA	EHATE TRUJILLO Noa	ESP	PTF	2:0
spanish-open-2026	Senior Women -57kg	R32	619	ORTIZ BENITO Arlet	ESP	ROJAS FERNANDEZ Ainara	ESP	PTF	2:0
spanish-open-2026	Senior Women -57kg	R32	620	DOMINGUEZ VARGAS Marta	ESP	RODRIGUEZ VILA Irene	ESP	PTF	2:1
spanish-open-2026	Senior Women -57kg	R16	629	CARABIN Kanelya	FRA	AL Sarah	ITA	PTF	2:0
spanish-open-2026	Senior Women -57kg	R16	630	MILIC Nikolina	SRB	MERLOS Judit	ESP	PTF	2:0
spanish-open-2026	Senior Women -57kg	R16	631	SESAR VILA Carla	ESP	SEVO Milica	SRB	PTF	2:0
spanish-open-2026	Senior Women -57kg	R16	632	REZAIE Roja	GER	DE FRUTOS FERNANDEZ CANADAS Alejandra	ESP	PTF	2:0
spanish-open-2026	Senior Women -57kg	R16	633	HRONOVA Dominika	CZE	REIMUNDEZ Yadira	ESP	PTF	2:0
spanish-open-2026	Senior Women -57kg	R16	634	KAZNABEK Togzhan	KAZ	CAUSSE Estelle	FRA	PTF	2:0
spanish-open-2026	Senior Women -57kg	R16	635	PEZZOLLA Lucia	ITA	ORTIZ BENITO Arlet	ESP	PTF	2:0
spanish-open-2026	Senior Women -57kg	R16	636	DOMINGUEZ VARGAS Marta	ESP	SEVOSTYANOVA Mariya	KAZ	PTF	2:1
spanish-open-2026	Senior Women -57kg	QF	641	CARABIN Kanelya	FRA	MILIC Nikolina	SRB	PTF	2:0
spanish-open-2026	Senior Women -57kg	QF	642	REZAIE Roja	GER	SESAR VILA Carla	ESP	PTF	2:0
spanish-open-2026	Senior Women -57kg	QF	643	HRONOVA Dominika	CZE	KAZNABEK Togzhan	KAZ	PTF	2:0
spanish-open-2026	Senior Women -57kg	QF	644	PEZZOLLA Lucia	ITA	DOMINGUEZ VARGAS Marta	ESP	PTF	2:0
spanish-open-2026	Senior Women -57kg	SF	647	REZAIE Roja	GER	CARABIN Kanelya	FRA	WDR	1:0
spanish-open-2026	Senior Women -57kg	SF	648	HRONOVA Dominika	CZE	PEZZOLLA Lucia	ITA	PTF	2:0
spanish-open-2026	Senior Women -57kg	F	650	REZAIE Roja	GER	HRONOVA Dominika	CZE	PTF	2:0
spanish-open-2026	Senior Women -62kg	R32	807	MONTEMUINO Irene	ESP	BRILZ Emilia	GER	PTF	2:0
spanish-open-2026	Senior Women -62kg	R32	808	FRANCO MARTINEZ Tomasa	ESP	LANGOUSTE-ASSOUMAYA Lyhana	FRA	PTF	2:0
spanish-open-2026	Senior Women -62kg	R32	809	REBON FEDOROVA Ekaterina	ESP	GARCIA Martina	ESP	PTF	2:0
spanish-open-2026	Senior Women -62kg	R32	810	MARIC Ela	SRB	RAHMANI Ruqia	FIN	PTF	2:0
spanish-open-2026	Senior Women -62kg	R32	811	HERNANDEZ ROCAFULL Rocio Anahi	ESP	MANSO ANDRES Sara	ESP	PTF	2:0
spanish-open-2026	Senior Women -62kg	R32	812	ARRONDO BELLOSO Ariadna	ESP	LOURENCO Beatriz	POR	PTF	2:0
spanish-open-2026	Senior Women -62kg	R32	813	SECANELL CHARLES Elsa	ESP	EASTLAND Emily Rose	ITA	PTF	2:0
spanish-open-2026	Senior Women -62kg	R32	814	STOLBOVA Petra	CZE	HIDALGO Carlota	ESP	PTF	2:0
spanish-open-2026	Senior Women -62kg	R32	815	TORRES TENA Elena	ESP	MAROTO Irene	ESP	PTF	2:0
spanish-open-2026	Senior Women -62kg	R32	816	FRANCESCHI Francesca maria	FRA	NAVARRO IBANEZ Celia	ESP	PTF	2:0
spanish-open-2026	Senior Women -62kg	R32	817	AIMUKASHEVA Kamila	KAZ	HABIJANCIC Dora	CRO	PTF	2:1
spanish-open-2026	Senior Women -62kg	R32	818	DOUCET Teeyah	FRA	KALLSTRAND Izabella	SWE	PTF	2:0
spanish-open-2026	Senior Women -62kg	R32	819	SALANOVA LISTE Lucia	ESP	SANTOS Caroline	BRA	PTF	2:1
spanish-open-2026	Senior Women -62kg	R32	820	HABULIN Kim Vivian	GER	JIMENEZ Irune	ESP	PTF	2:0
spanish-open-2026	Senior Women -62kg	R16	829	MARTON Viviana	HUN	MONTEMUINO Irene	ESP	PTF	2:0
spanish-open-2026	Senior Women -62kg	R16	830	FRANCO MARTINEZ Tomasa	ESP	REBON FEDOROVA Ekaterina	ESP	PTF	2:0
spanish-open-2026	Senior Women -62kg	R16	831	HERNANDEZ ROCAFULL Rocio Anahi	ESP	MARIC Ela	SRB	PTF	2:1
spanish-open-2026	Senior Women -62kg	R16	832	SECANELL CHARLES Elsa	ESP	ARRONDO BELLOSO Ariadna	ESP	PTF	2:0
spanish-open-2026	Senior Women -62kg	R16	833	STOLBOVA Petra	CZE	TORRES TENA Elena	ESP	PTF	2:1
spanish-open-2026	Senior Women -62kg	R16	834	AIMUKASHEVA Kamila	KAZ	FRANCESCHI Francesca maria	FRA	PTF	2:1
spanish-open-2026	Senior Women -62kg	R16	835	SALANOVA LISTE Lucia	ESP	DOUCET Teeyah	FRA	PTF	2:1
spanish-open-2026	Senior Women -62kg	R16	836	HABULIN Kim Vivian	GER	MESTROVIC Dora	CRO	PTF	2:0
spanish-open-2026	Senior Women -62kg	QF	846	MARTON Viviana	HUN	FRANCO MARTINEZ Tomasa	ESP	PTF	2:0
spanish-open-2026	Senior Women -62kg	QF	847	SECANELL CHARLES Elsa	ESP	HERNANDEZ ROCAFULL Rocio Anahi	ESP	PTF	2:0
spanish-open-2026	Senior Women -62kg	QF	848	STOLBOVA Petra	CZE	AIMUKASHEVA Kamila	KAZ	PTF	2:0
spanish-open-2026	Senior Women -62kg	QF	849	HABULIN Kim Vivian	GER	SALANOVA LISTE Lucia	ESP	PTF	2:0
spanish-open-2026	Senior Women -62kg	SF	856	MARTON Viviana	HUN	SECANELL CHARLES Elsa	ESP	PTF	2:0
spanish-open-2026	Senior Women -62kg	SF	857	STOLBOVA Petra	CZE	HABULIN Kim Vivian	GER	PTF	2:0
spanish-open-2026	Senior Women -62kg	F	861	MARTON Viviana	HUN	STOLBOVA Petra	CZE	PTF	2:0
spanish-open-2026	Senior Women -67kg	R32	723	SUAREZ Andrea Alba	ESP	BLANCO LOPEZ Jessica	ESP	PTF	2:0
spanish-open-2026	Senior Women -67kg	R32	724	FERNANDEZ Julia	ESP	ROLDAN LLAMAZARES Sonia	ESP	PTF	2:0
spanish-open-2026	Senior Women -67kg	R32	725	REY FRANQUEIRA Alba	ESP	GONZALEZ Adriana	ESP	WDR	1:0
spanish-open-2026	Senior Women -67kg	R32	726	ALONSO Laura	ESP	CHILLON Ana	ESP	PTF	2:0
spanish-open-2026	Senior Women -67kg	R32	727	SALGADO REYES Yessenia	ESP	KRUPJAKOVA Alzbeta	SVK	PTF	2:0
spanish-open-2026	Senior Women -67kg	R32	728	GELABERT Nuria	ESP	SHESTOPALKA Vanessa	ESP	PTF	2:0
spanish-open-2026	Senior Women -67kg	R16	737	MARTON Luana	HUN	SUAREZ Andrea Alba	ESP	PTF	2:0
spanish-open-2026	Senior Women -67kg	R16	738	MAGGIORE Giulia	ITA	CASPERSSON Alva	SWE	PTF	2:0
spanish-open-2026	Senior Women -67kg	R16	739	GBAGBI Ruth	CIV	FERNANDEZ Julia	ESP	PTF	2:0
spanish-open-2026	Senior Women -67kg	R16	740	MEHNANA Ines	FRA	REY FRANQUEIRA Alba	ESP	PTF	2:0
spanish-open-2026	Senior Women -67kg	R16	741	PERISIC Aleksandra	SRB	ALONSO Laura	ESP	PTF	2:0
spanish-open-2026	Senior Women -67kg	R16	742	HADDAD Khalida	ALG	SALGADO REYES Yessenia	ESP	PTF	2:0
spanish-open-2026	Senior Women -67kg	R16	743	D'ANGELO Natalia	ITA	ASKAR Ayaulym	KAZ	PTF	2:0
spanish-open-2026	Senior Women -67kg	R16	744	MORENO REYES Lena	ESP	GELABERT Nuria	ESP	PTF	2:0
spanish-open-2026	Senior Women -67kg	QF	749	MARTON Luana	HUN	MAGGIORE Giulia	ITA	PTF	2:1
spanish-open-2026	Senior Women -67kg	QF	750	GBAGBI Ruth	CIV	MEHNANA Ines	FRA	PTF	2:0
spanish-open-2026	Senior Women -67kg	QF	751	PERISIC Aleksandra	SRB	HADDAD Khalida	ALG	PTF	2:0
spanish-open-2026	Senior Women -67kg	QF	752	MORENO REYES Lena	ESP	D'ANGELO Natalia	ITA	PTF	2:0
spanish-open-2026	Senior Women -67kg	SF	755	GBAGBI Ruth	CIV	MARTON Luana	HUN	PTF	2:0
spanish-open-2026	Senior Women -67kg	SF	756	PERISIC Aleksandra	SRB	MORENO REYES Lena	ESP	PTF	2:0
spanish-open-2026	Senior Women -67kg	F	758	PERISIC Aleksandra	SRB	GBAGBI Ruth	CIV	PTF	2:0
spanish-open-2026	Senior Women -73kg	R32	309	KLEPAC Nika	CRO	CARVALHO Maialen	POR	PTF	2:0
spanish-open-2026	Senior Women -73kg	R16	318	CHAARI Sarah	BEL	KLEPAC Nika	CRO	PTF	2:0
spanish-open-2026	Senior Women -73kg	R16	319	RUDOLF Nika	SLO	PODOLIAN Renata	UKR	PTF	2:1
spanish-open-2026	Senior Women -73kg	R16	320	SABER Dunya bushuaib a	KSA	DIEGUEZ DOMINGUEZ Andrea	ESP	PTF	2:0
spanish-open-2026	Senior Women -73kg	R16	321	MAKHMUTOVA Nazym	KAZ	HAMADACHE Emna	FRA	PTF	2:0
spanish-open-2026	Senior Women -73kg	R16	322	BOZANIC Nadica	SRB	MOHAMMED Noor nazar	QAT	PTF	2:0
spanish-open-2026	Senior Women -73kg	R16	323	JUHASZOVA Iveta	CZE	AKIN Selina	GER	PTF	2:0
spanish-open-2026	Senior Women -73kg	R16	324	HOERMANN Emily	GER	HELDNER Laura	SUI	PTF	2:0
spanish-open-2026	Senior Women -73kg	R16	325	MORAN ROMERO Belen	ESP	GUTIERREZ Alejandra	ESP	PTF	2:0
spanish-open-2026	Senior Women -73kg	QF	330	CHAARI Sarah	BEL	RUDOLF Nika	SLO	PTF	2:0
spanish-open-2026	Senior Women -73kg	QF	331	MAKHMUTOVA Nazym	KAZ	SABER Dunya bushuaib a	KSA	PTF	2:0
spanish-open-2026	Senior Women -73kg	QF	332	BOZANIC Nadica	SRB	JUHASZOVA Iveta	CZE	PTF	2:0
spanish-open-2026	Senior Women -73kg	QF	333	MORAN ROMERO Belen	ESP	HOERMANN Emily	GER	PTF	2:1
spanish-open-2026	Senior Women -73kg	SF	336	CHAARI Sarah	BEL	MAKHMUTOVA Nazym	KAZ	PTF	2:0
spanish-open-2026	Senior Women -73kg	SF	337	BOZANIC Nadica	SRB	MORAN ROMERO Belen	ESP	PTF	2:0
spanish-open-2026	Senior Women -73kg	F	339	CHAARI Sarah	BEL	BOZANIC Nadica	SRB	PTF	2:0
spanish-open-2026	Senior Women +73kg	R16	837	PEREZ Violeta	ESP	SMITHERS Charleigh	IRL	PTF	2:0
spanish-open-2026	Senior Women +73kg	R16	838	RIVADULLA LORENZO Desiree	ESP	ACEDO Sara	ESP	PTF	2:0
spanish-open-2026	Senior Women +73kg	R16	839	PASTOR Ainhoa	ESP	LEON COROZO Andrea naiara	ESP	PTF	2:0
spanish-open-2026	Senior Women +73kg	R16	840	HAWASH Dania	SWE	LOPEZ Paula	ESP	PTF	2:0
spanish-open-2026	Senior Women +73kg	R16	841	YERKASSIMOVA Axaule	KAZ	HERNANDEZ Xiomara	ESP	PTF	2:0
spanish-open-2026	Senior Women +73kg	QF	850	CASTINEIRA ETCHEVERRIA Tania	ESP	PEREZ Violeta	ESP	PTF	2:0
spanish-open-2026	Senior Women +73kg	QF	851	RIVADULLA LORENZO Desiree	ESP	PASTOR Ainhoa	ESP	PTF	2:0
spanish-open-2026	Senior Women +73kg	QF	852	VALLO ZURDO Ane	ESP	HAWASH Dania	SWE	PTF	2:1
spanish-open-2026	Senior Women +73kg	QF	853	SEVIC Andela	SRB	YERKASSIMOVA Axaule	KAZ	PTF	2:0
spanish-open-2026	Senior Women +73kg	SF	858	CASTINEIRA ETCHEVERRIA Tania	ESP	RIVADULLA LORENZO Desiree	ESP	PTF	2:0
spanish-open-2026	Senior Women +73kg	SF	859	SEVIC Andela	SRB	VALLO ZURDO Ane	ESP	PTF	2:1
spanish-open-2026	Senior Women +73kg	F	862	CASTINEIRA ETCHEVERRIA Tania	ESP	SEVIC Andela	SRB	PTF	2:0
kimunyong-cup-2026	Senior Women -46kg	QF	113	SARZA Clarence	PHI	RAI Santoshi	NEP	PTF	2:0
kimunyong-cup-2026	Senior Women -46kg	QF	114	SHIN Su-in	KOR	DA COSTA DA SILVA PINTO BELO Ana	TLS	PTF	2:1
kimunyong-cup-2026	Senior Women -46kg	SF	123	SARZA Clarence	PHI	GOMEZ Chelsea	AUS	PTF	2:0
kimunyong-cup-2026	Senior Women -46kg	SF	124	SHIN Su-in	KOR	KANG Jiyeon	KOR	PTF	2:0
kimunyong-cup-2026	Senior Women -46kg	F	129	SHIN Su-in	KOR	SARZA Clarence	PHI	PTF	2:0
kimunyong-cup-2026	Senior Women -49kg	R16	101	MANGIN Tachiana keizha	PHI	DO REGO CRUZ LEIN Domingas	TLS	PTF	2:0
kimunyong-cup-2026	Senior Women -49kg	R16	102	LAHOOD Juliet	AUS	HA Yoon seo	KOR	PTF	2:0
kimunyong-cup-2026	Senior Women -49kg	R16	103	SHONIYOZOVA Madina	UZB	AN Byeo Ri	KOR	PTF	2:0
kimunyong-cup-2026	Senior Women -49kg	R16	104	LEE Ye-ji	KOR	BAT-ERDENE Uchral	MGL	PTF	2:0
kimunyong-cup-2026	Senior Women -49kg	R16	105	LEE Siwoo	KOR	HAN Nayeon	KOR	PTF	2:1
kimunyong-cup-2026	Senior Women -49kg	R16	106	HA Minseo	KOR	NEPARDZE Ketevan	GEO	PTF	2:0
kimunyong-cup-2026	Senior Women -49kg	QF	115	MURAKAMI China	JPN	MANGIN Tachiana keizha	PHI	PTF	2:1
kimunyong-cup-2026	Senior Women -49kg	QF	116	LAHOOD Juliet	AUS	SHONIYOZOVA Madina	UZB	PTF	2:1
kimunyong-cup-2026	Senior Women -49kg	QF	117	LEE Siwoo	KOR	LEE Ye-ji	KOR	PTF	2:1
kimunyong-cup-2026	Senior Women -49kg	QF	118	BAUYRZHANOVA Nuray	KAZ	HA Minseo	KOR	PTF	2:0
kimunyong-cup-2026	Senior Women -49kg	SF	125	MURAKAMI China	JPN	LAHOOD Juliet	AUS	PTF	2:0
kimunyong-cup-2026	Senior Women -49kg	SF	126	BAUYRZHANOVA Nuray	KAZ	LEE Siwoo	KOR	PTF	2:0
kimunyong-cup-2026	Senior Women -49kg	F	130	BAUYRZHANOVA Nuray	KAZ	MURAKAMI China	JPN	PTF	2:0
kimunyong-cup-2026	Senior Women -53kg	R16	107	MASIELLO Giuliana	AUS	KHALIL Yasmin	AUS	PTF	2:0
kimunyong-cup-2026	Senior Women -53kg	R16	108	CHOI Jiseon	KOR	ASIMI Adiba	GER	PTF	2:0
kimunyong-cup-2026	Senior Women -53kg	R16	109	JIANG Yi-syuan	TPE	CANABAL Baby jessica	PHI	PTF	2:0
kimunyong-cup-2026	Senior Women -53kg	R16	110	MOTTA Bianca	AUS	ABUCAY Laizel angela	PHI	PTF	2:0
kimunyong-cup-2026	Senior Women -53kg	R16	111	TAMBYRAJAH Saffron	AUS	SHUMSKY Sofia	USA	PTF	2:0
kimunyong-cup-2026	Senior Women -53kg	R16	112	CHOI Ashley	USA	PAPPAS Ruby	AUS	PTF	2:1
kimunyong-cup-2026	Senior Women -53kg	R16	119	JIANG Yi-shan	TPE	OH Jungmin	KOR	PTF	2:0
kimunyong-cup-2026	Senior Women -53kg	QF	120	KHASANOVA Laylo	UZB	MASIELLO Giuliana	AUS	PTF	2:0
kimunyong-cup-2026	Senior Women -53kg	QF	121	JIANG Yi-syuan	TPE	CHOI Jiseon	KOR	PTF	2:0
kimunyong-cup-2026	Senior Women -53kg	QF	122	MOTTA Bianca	AUS	TAMBYRAJAH Saffron	AUS	WDR	
kimunyong-cup-2026	Senior Women -53kg	QF	127	JIANG Yi-shan	TPE	CHOI Ashley	USA	PTF	2:0
kimunyong-cup-2026	Senior Women -53kg	SF	128	JIANG Yi-syuan	TPE	KHASANOVA Laylo	UZB	PTF	2:1
kimunyong-cup-2026	Senior Women -53kg	SF	131	MOTTA Bianca	AUS	JIANG Yi-shan	TPE	PTF	2:1
kimunyong-cup-2026	Senior Women -53kg	F	132	JIANG Yi-syuan	TPE	MOTTA Bianca	AUS	PTF	2:0
kimunyong-cup-2026	Senior Men -54kg	R16	603	BARBOSA Kurt bryan	PHI	PARK Jimin	KOR	PTF	2:0
kimunyong-cup-2026	Senior Men -54kg	QF	612	BARBOSA Kurt bryan	PHI	ODILOV Yosinbek	UZB	PTF	2:0
kimunyong-cup-2026	Senior Men -54kg	QF	613	CHAN Iek hei	MAC	MUNKHSOYOL Usukhbayar	MGL	PTF	2:0
kimunyong-cup-2026	Senior Men -54kg	QF	614	KANG Byunghoon	KOR	PARK Jungeon	KOR	PTF	2:1
kimunyong-cup-2026	Senior Men -54kg	QF	615	CALAMBA, III Reymundo	PHI	PARK Yong bin	KOR	PTF	2:0
kimunyong-cup-2026	Senior Men -54kg	SF	624	BARBOSA Kurt bryan	PHI	CHAN Iek hei	MAC	PTF	2:0
kimunyong-cup-2026	Senior Men -54kg	SF	625	CALAMBA, III Reymundo	PHI	KANG Byunghoon	KOR	PTF	2:0
kimunyong-cup-2026	Senior Men -54kg	F	629	BARBOSA Kurt bryan	PHI	CALAMBA, III Reymundo	PHI	PTF	2:1
kimunyong-cup-2026	Senior Women -57kg	R16	201	LEE Hanna	KOR	PAVIA Bianca	AUS	PTF	2:0
kimunyong-cup-2026	Senior Women -57kg	R16	202	NAM Yurim	KOR	RAHMANI Ruqia	FIN	PTF	2:0
kimunyong-cup-2026	Senior Women -57kg	R16	203	SOTERIOU Ayva	AUS	KIM Ryeoeun	KOR	PTF	2:1
kimunyong-cup-2026	Senior Women -57kg	QF		LEE Hanna	KOR	HYMER Stacey	AUS	PTF	2:0
kimunyong-cup-2026	Senior Women -57kg	QF	209	ABDUVALIEVA Shabona	UZB	DANGANAN Czarina mae	PHI	PTF	2:0
kimunyong-cup-2026	Senior Women -57kg	QF	210	PARK Skylar	CAN	NAM Yurim	KOR	PTF	2:0
kimunyong-cup-2026	Senior Women -57kg	QF	211	MIRABZALOVA Madina	UZB	SOTERIOU Ayva	AUS	PTF	2:0
kimunyong-cup-2026	Senior Women -57kg	SF	212	LEE Hanna	KOR	ABDUVALIEVA Shabona	UZB	PTF	2:1
kimunyong-cup-2026	Senior Women -57kg	SF	220	PARK Skylar	CAN	MIRABZALOVA Madina	UZB	PTF	2:0
kimunyong-cup-2026	Senior Women -57kg	F	221	PARK Skylar	CAN	LEE Hanna	KOR	PTF	2:1
kimunyong-cup-2026	Senior Men -58kg	R32	301	OTAJONOV Omonjon	UZB	YONDONJAMTS Purevdash	MGL	PTF	2:0
kimunyong-cup-2026	Senior Men -58kg	R32	302	LEE Colin	USA	KANG Youngguk	KOR	PTF	2:0
kimunyong-cup-2026	Senior Men -58kg	R16	304	KHUDAYBERDIEV Jakhongir	UZB	OTAJONOV Omonjon	UZB	PTF	2:0
kimunyong-cup-2026	Senior Men -58kg	R16	305	CHOI Hwani	KOR	RESIMO Abram josiah	PHI	PTF	2:0
kimunyong-cup-2026	Senior Men -58kg	R16	306	SHUHRATZOD Loiqjoni	TJK	LABATTE Jean Desaix	USA	PTF	2:0
kimunyong-cup-2026	Senior Men -58kg	R16	307	CHOI Ju-an	KOR	YEOM Junhan	KOR	PTF	2:1
kimunyong-cup-2026	Senior Men -58kg	R16	308	SAMANDAROV Asadbek	UZB	CERILIO Do rego cruz lein	TLS	PTF	2:0
kimunyong-cup-2026	Senior Men -58kg	R16	309	KIM Tae min	KOR	VONG Man fai	MAC	PTF	2:0
kimunyong-cup-2026	Senior Men -58kg	R16	310	AYNAGA Aljen	PHI	WOO Ji-ho	KOR	PTF	2:0
kimunyong-cup-2026	Senior Men -58kg	R16	311	MANENKOV Maksym	UKR	LEE Colin	USA	PTF	2:1
kimunyong-cup-2026	Senior Men -58kg	QF	316	KHUDAYBERDIEV Jakhongir	UZB	CHOI Hwani	KOR	PTF	2:0
kimunyong-cup-2026	Senior Men -58kg	QF	317	CHOI Ju-an	KOR	SHUHRATZOD Loiqjoni	TJK	PTF	2:0
kimunyong-cup-2026	Senior Men -58kg	QF	318	SAMANDAROV Asadbek	UZB	KIM Tae min	KOR	PTF	2:0
kimunyong-cup-2026	Senior Men -58kg	QF	319	AYNAGA Aljen	PHI	MANENKOV Maksym	UKR	PTF	2:1
kimunyong-cup-2026	Senior Men -58kg	SF	324	KHUDAYBERDIEV Jakhongir	UZB	CHOI Ju-an	KOR	PTF	2:0
kimunyong-cup-2026	Senior Men -58kg	SF	325	SAMANDAROV Asadbek	UZB	AYNAGA Aljen	PHI	PTF	2:0
kimunyong-cup-2026	Senior Men -58kg	F	329	KHUDAYBERDIEV Jakhongir	UZB	SAMANDAROV Asadbek	UZB	PTF	2:0
kimunyong-cup-2026	Senior Women -62kg	R16	205	SHIN Hyenhee	KOR	SHARIPOVA Bibioisha	TJK	PTF	2:0
kimunyong-cup-2026	Senior Women -62kg	R16	206	SEO Jung eun	KOR	OTTER Sophie	AUS	PTF	2:0
kimunyong-cup-2026	Senior Women -62kg	R16	207	KIM Gahyeon	KOR	YOU Songhwa	KOR	PTF	2:0
kimunyong-cup-2026	Senior Women -62kg	R16	208	DEATON Danica	USA	BRIONES Jubilee	PHI	PTF	2:0
kimunyong-cup-2026	Senior Women -62kg	QF	213	BLEWITT Gabriella	AUS	SHIN Hyenhee	KOR	PTF	2:0
kimunyong-cup-2026	Senior Women -62kg	QF	214	UKTAMJONOVA Mohidil	UZB	SEO Jung eun	KOR	PTF	2:0
kimunyong-cup-2026	Senior Women -62kg	QF	215	KIM Gahyeon	KOR	SITAPA Angel	TGA	PTF	2:0
kimunyong-cup-2026	Senior Women -62kg	QF	216	DEATON Danica	USA	KHAYITOVA Sevinch	UZB	PTF	2:0
kimunyong-cup-2026	Senior Women -62kg	SF	222	BLEWITT Gabriella	AUS	UKTAMJONOVA Mohidil	UZB	PTF	2:0
kimunyong-cup-2026	Senior Women -62kg	SF	223	KIM Gahyeon	KOR	DEATON Danica	USA	PTF	2:0
kimunyong-cup-2026	Senior Women -62kg	F	227	BLEWITT Gabriella	AUS	KIM Gahyeon	KOR	PTF	2:0
kimunyong-cup-2026	Senior Men -63kg	R32	303	JEONG Sein	KOR	YOO Ryan	AUS	PTF	2:0
kimunyong-cup-2026	Senior Men -63kg	R32	601	KIM Hyeong jun	KOR	KIM Junyoung	KOR	PTF	2:0
kimunyong-cup-2026	Senior Men -63kg	R32	602	KIM Taeseong	KOR	BOTEROS Brendan ysrael hugh	PHI	PTF	2:0
kimunyong-cup-2026	Senior Men -63kg	R16	604	KIM Hyeong jun	KOR	CHOY Aaron	AUS	PTF	2:0
kimunyong-cup-2026	Senior Men -63kg	R16	605	HAM Seokjun	KOR	PARK Jaeu	KOR	PTF	2:1
kimunyong-cup-2026	Senior Men -63kg	R16	606	YANG Huichan	KOR	LAM Mun chok	MAC	PTF	2:0
kimunyong-cup-2026	Senior Men -63kg	R16	607	BAE Jun-seo	KOR	MARTIN Jack	AUS	PTF	2:0
kimunyong-cup-2026	Senior Men -63kg	R16	608	ORCHARD Jack	AUS	KIM Taeseong	KOR	PTF	2:1
kimunyong-cup-2026	Senior Men -63kg	R16	609	JUNG Woo-hyeok	KOR	YU Jun yong	KOR	PTF	2:0
kimunyong-cup-2026	Senior Men -63kg	R16	610	SOATALIEV Asadbek	UZB	SIM Junho	KOR	PTF	2:1
kimunyong-cup-2026	Senior Men -63kg	R16	611	NAZAROV Nazarali	UZB	JEONG Sein	KOR	PTF	2:0
kimunyong-cup-2026	Senior Men -63kg	QF	616	KIM Hyeong jun	KOR	HAM Seokjun	KOR	PTF	2:0
kimunyong-cup-2026	Senior Men -63kg	QF	617	BAE Jun-seo	KOR	YANG Huichan	KOR	WDR	2:0
kimunyong-cup-2026	Senior Men -63kg	QF	618	JUNG Woo-hyeok	KOR	ORCHARD Jack	AUS	PTF	2:0
kimunyong-cup-2026	Senior Men -63kg	QF	619	NAZAROV Nazarali	UZB	SOATALIEV Asadbek	UZB	PTF	2:0
kimunyong-cup-2026	Senior Men -63kg	SF	326	BAE Jun-seo	KOR	KIM Hyeong jun	KOR	PTF	2:1
kimunyong-cup-2026	Senior Men -63kg	SF	626	JUNG Woo-hyeok	KOR	NAZAROV Nazarali	UZB	PTF	2:0
kimunyong-cup-2026	Senior Men -63kg	F	330	BAE Jun-seo	KOR	JUNG Woo-hyeok	KOR	PTF	2:0
kimunyong-cup-2026	Senior Women -67kg	QF	217	LIM Su Min	KOR	DELO Laila	PHI	PTF	2:0
kimunyong-cup-2026	Senior Women -67kg	QF	218	KIM Mi jeong	KOR	COVER Paige	AUS	PTF	2:0
kimunyong-cup-2026	Senior Women -67kg	QF	219	ABELA Rose letizia	AUS	CHAN Merica lillyn	PHI	PTF	2:0
kimunyong-cup-2026	Senior Women -67kg	SF	224	SOBIRJONOVA Ozoda	UZB	LIM Su Min	KOR	PTF	2:0
kimunyong-cup-2026	Senior Women -67kg	SF	225	KIM Mi jeong	KOR	ABELA Rose letizia	AUS	PTF	2:1
kimunyong-cup-2026	Senior Women -67kg	F	228	SOBIRJONOVA Ozoda	UZB	KIM Mi jeong	KOR	PTF	2:0
kimunyong-cup-2026	Senior Men -68kg	R32	401	OH Jung su	KOR	KUMAR Ajay	IND	PTF	2:0
kimunyong-cup-2026	Senior Men -68kg	R32	402	ABDURASULOV Khojiakbar	UZB	SABLJAK Lucas	AUS	PTF	2:0
kimunyong-cup-2026	Senior Men -68kg	R32	403	ANGELL Leonardo	AUS	ANJUM Hussain	PAK	PTF	2:0
kimunyong-cup-2026	Senior Men -68kg	R32	404	TUKHLIBOEV Diyorbek	UZB	KIM Seokjin	KOR	PTF	2:0
kimunyong-cup-2026	Senior Men -68kg	R32	405	BUENAVIDES Kenneth riley	PHI	FOZILOV Avrongzeb	TJK	PTF	2:1
kimunyong-cup-2026	Senior Men -68kg	R32	406	PARK Braven	CAN	SUNAR Sahil	NEP	PTF	2:0
kimunyong-cup-2026	Senior Men -68kg	R32	407	YUN Joon hyuk	KOR	NIKOLOVSKI Xavier	AUS	PTF	2:1
kimunyong-cup-2026	Senior Men -68kg	R32	408	MUZAFFAROV Mironshokhmirzo	UZB	SUMMERFIELD Matthew	AUS	PTF	2:0
kimunyong-cup-2026	Senior Men -68kg	R32	409	KIM Taeyu	KOR	ORCHARD Lachlan	AUS	PTF	2:0
kimunyong-cup-2026	Senior Men -68kg	R32	410	GANTULGA Enkhbayar	MGL	MOALA Venilaite samuel otto	TGA	RSC	2:0
kimunyong-cup-2026	Senior Men -68kg	R32	411	JANG Jun	KOR	PARK Moonsijun	KOR	PTF	2:0
kimunyong-cup-2026	Senior Men -68kg	R32	412	LEE Jeonghoon	KOR	MASSIMINO Christian	AUS	PTF	2:1
kimunyong-cup-2026	Senior Men -68kg	R32	413	NABIEV Ayyubkhon	UZB	JEONG Jiwoong	KOR	PTF	2:1
kimunyong-cup-2026	Senior Men -68kg	R32	414	LEE Hun	KOR	JIN Joshua	USA	PTF	2:0
kimunyong-cup-2026	Senior Men -68kg	R16	415	OH Jung su	KOR	MAIGA Ibrahim	BUR	PTF	2:0
kimunyong-cup-2026	Senior Men -68kg	R16	416	ABDURASULOV Khojiakbar	UZB	ANGELL Leonardo	AUS	PTF	2:0
kimunyong-cup-2026	Senior Men -68kg	R16	417	TUKHLIBOEV Diyorbek	UZB	BUENAVIDES Kenneth riley	PHI	PTF	2:0
kimunyong-cup-2026	Senior Men -68kg	R16	418	YUN Joon hyuk	KOR	PARK Braven	CAN	PTF	2:1
kimunyong-cup-2026	Senior Men -68kg	R16	419	KIM Taeyu	KOR	MUZAFFAROV Mironshokhmirzo	UZB	PTF	2:0
kimunyong-cup-2026	Senior Men -68kg	R16	420	JANG Jun	KOR	GANTULGA Enkhbayar	MGL	PTF	2:0
kimunyong-cup-2026	Senior Men -68kg	R16	421	NABIEV Ayyubkhon	UZB	LEE Jeonghoon	KOR	PTF	2:0
kimunyong-cup-2026	Senior Men -68kg	R16	422	LEE Hun	KOR	OTABEKOV Omadbek	UZB	PTF	2:1
kimunyong-cup-2026	Senior Men -68kg	QF	423	ABDURASULOV Khojiakbar	UZB	OH Jung su	KOR	PTF	2:1
kimunyong-cup-2026	Senior Men -68kg	QF	424	YUN Joon hyuk	KOR	TUKHLIBOEV Diyorbek	UZB	PTF	2:1
kimunyong-cup-2026	Senior Men -68kg	QF	425	JANG Jun	KOR	KIM Taeyu	KOR	PTF	2:0
kimunyong-cup-2026	Senior Men -68kg	QF	426	NABIEV Ayyubkhon	UZB	LEE Hun	KOR	PTF	2:0
kimunyong-cup-2026	Senior Men -68kg	SF	427	YUN Joon hyuk	KOR	ABDURASULOV Khojiakbar	UZB	PTF	2:0
kimunyong-cup-2026	Senior Men -68kg	SF	428	JANG Jun	KOR	NABIEV Ayyubkhon	UZB	PTF	2:1
kimunyong-cup-2026	Senior Men -68kg	F	429	JANG Jun	KOR	YUN Joon hyuk	KOR	WDR	2:0
kimunyong-cup-2026	Senior Women -73kg	QF	312	JANG Eun-ji	KOR	LOLOHEA Pauline	TGA	PTF	2:0
kimunyong-cup-2026	Senior Women -73kg	QF	313	OH Seungju	KOR	YU Hyogyeong	KOR	PTF	2:0
kimunyong-cup-2026	Senior Women -73kg	SF	320	JANG Eun-ji	KOR	MURRAY Rebecca	AUS	PTF	2:0
kimunyong-cup-2026	Senior Women -73kg	SF	321	BAAK Akon	AUS	OH Seungju	KOR	PTF	2:0
kimunyong-cup-2026	Senior Women -73kg	F	327	JANG Eun-ji	KOR	BAAK Akon	AUS	PTF	2:0
kimunyong-cup-2026	Senior Men -74kg	R16	501	HAN Dogyeom	KOR	SIM Giung	KOR	PTF	2:0
kimunyong-cup-2026	Senior Men -74kg	R16	502	KIM Geonwoo	KOR	CASTILLO Nicolas	PHI	PTF	2:0
kimunyong-cup-2026	Senior Men -74kg	R16	503	CEA Dave	PHI	GURJAR Ramveer	IND	PTF	2:0
kimunyong-cup-2026	Senior Men -74kg	R16	504	SIM Hyeongseung	KOR	EGAN Liam	AUS	PTF	2:0
kimunyong-cup-2026	Senior Men -74kg	R16	505	TURABOV Umidjon	UZB	RYU Huisang	KOR	PTF	2:1
kimunyong-cup-2026	Senior Men -74kg	QF	510	RAGHEB Taye	AUS	HAN Dogyeom	KOR	PTF	2:0
kimunyong-cup-2026	Senior Men -74kg	QF	511	KIM Geonwoo	KOR	CEA Dave	PHI	PTF	2:1
kimunyong-cup-2026	Senior Men -74kg	QF	512	JANG Eunseok	KOR	SIM Hyeongseung	KOR	PTF	2:0
kimunyong-cup-2026	Senior Men -74kg	QF	513	MURODOV Nurullo	TJK	TURABOV Umidjon	UZB	PTF	2:1
kimunyong-cup-2026	Senior Men -74kg	SF	520	KIM Geonwoo	KOR	RAGHEB Taye	AUS	PTF	2:0
kimunyong-cup-2026	Senior Men -74kg	SF	521	JANG Eunseok	KOR	MURODOV Nurullo	TJK	PTF	2:0
kimunyong-cup-2026	Senior Men -74kg	F	526	JANG Eunseok	KOR	KIM Geonwoo	KOR	PTF	2:0
kimunyong-cup-2026	Senior Men -80kg	R16	506	PARK Tae ku	CAN	BARAL Abhishek	NEP	PTF	2:0
kimunyong-cup-2026	Senior Men -80kg	R16	507	LEE Jun seo	KOR	IM Hyeong been	KOR	PTF	2:1
kimunyong-cup-2026	Senior Men -80kg	R16	508	KIM Hyun-woo	KOR	PARK Jae won	KOR	PTF	2:0
kimunyong-cup-2026	Senior Men -80kg	R16	509	ASLANBEK Fazylov	TJK	TUPOU Akuila	TGA	PTF	2:0
kimunyong-cup-2026	Senior Men -80kg	QF	514	JAYSUNOV Jasurbek	UZB	PARK Tae ku	CAN	WDR	
kimunyong-cup-2026	Senior Men -80kg	QF	515	AKBABAOZ Muhammed bugrahan	FIN	LEE Jun seo	KOR	PTF	2:1
kimunyong-cup-2026	Senior Men -80kg	QF	516	KIM Hyun-woo	KOR	GANIYEV Mergen	KAZ	PTF	2:0
kimunyong-cup-2026	Senior Men -80kg	QF	517	ZHURABOEV Yodgorbek	UZB	ASLANBEK Fazylov	TJK	PTF	2:0
kimunyong-cup-2026	Senior Men -80kg	SF	522	JAYSUNOV Jasurbek	UZB	AKBABAOZ Muhammed bugrahan	FIN	PTF	2:0
kimunyong-cup-2026	Senior Men -80kg	SF	523	ZHURABOEV Yodgorbek	UZB	KIM Hyun-woo	KOR	PTF	2:1
kimunyong-cup-2026	Senior Men -80kg	F	527	JAYSUNOV Jasurbek	UZB	ZHURABOEV Yodgorbek	UZB	PTF	2:0
kimunyong-cup-2026	Senior Men -87kg	QF	518	PARK Hanul	KOR	KIM Sejin	KOR	PTF	2:0
kimunyong-cup-2026	Senior Men -87kg	QF	519	STEWART Jobe	AUS	CHOI Jun pyo	KOR	PTF	2:1
kimunyong-cup-2026	Senior Men -87kg	SF	524	OH Jihoon	KOR	PARK Hanul	KOR	PTF	2:0
kimunyong-cup-2026	Senior Men -87kg	SF	525	LEE Yo-seph	KOR	STEWART Jobe	AUS	PTF	2:0
kimunyong-cup-2026	Senior Men -87kg	F	528	OH Jihoon	KOR	LEE Yo-seph	KOR	PTF	2:0
kimunyong-cup-2026	Senior Women +73kg	QF	314	ABDUSALOMOVA Munira	TJK	FAITANGANE Alisi	TGA	PTF	2:0
kimunyong-cup-2026	Senior Women +73kg	QF	315	JUNG Sugee	KOR	KWON Miseo	KOR	PTF	2:0
kimunyong-cup-2026	Senior Women +73kg	SF	322	STEWART Reba	AUS	ABDUSALOMOVA Munira	TJK	PTF	2:1
kimunyong-cup-2026	Senior Women +73kg	SF	323	JUNG Sugee	KOR	MIRTADJIEVA Iroda	UZB	PTF	2:0
kimunyong-cup-2026	Senior Women +73kg	F	328	STEWART Reba	AUS	JUNG Sugee	KOR	PTF	2:0
kimunyong-cup-2026	Senior Men +87kg	QF	620	PARK Chan-hui	KOR	MAVLONOV Marat	UZB	PTF	2:0
kimunyong-cup-2026	Senior Men +87kg	QF	621	LYU Kuk Hwan	KOR	SRISONGKRAM Master pitakchon	THA	PTF	2:0
kimunyong-cup-2026	Senior Men +87kg	QF	622	YOO Donghyeon	KOR	SHODMONOV Khudoynazar	UZB	PTF	2:1
kimunyong-cup-2026	Senior Men +87kg	QF	623	STILLEY Aiden	AUS	LEE Jinuk	KOR	PTF	2:1
kimunyong-cup-2026	Senior Men +87kg	SF	627	PARK Chan-hui	KOR	LYU Kuk Hwan	KOR	PTF	2:0
kimunyong-cup-2026	Senior Men +87kg	SF	628	STILLEY Aiden	AUS	YOO Donghyeon	KOR	PTF	2:1
kimunyong-cup-2026	Senior Men +87kg	F	630	PARK Chan-hui	KOR	STILLEY Aiden	AUS	PTF	2:0
asian-open-2026	Senior Women -53kg	R32	108	EL GHLID Karima	MAR	WIBOWO Salsabila	INA	PTF	2:0
asian-open-2026	Senior Women -53kg	R32	109	DELA CRUZ Sharifa Vianca	PHI	KUSUMO Nafisa Anindya	INA	PTF	2:0
asian-open-2026	Senior Women -53kg	R32	110	VILLA Soraya	USA	DESAK MADE Raina Artanthi	INA	PTF	2:0
asian-open-2026	Senior Women -53kg	R32	111	OH Jungmin	KOR	TRIKADI BUSANA Suvitta Patricia	INA	PTF	2:0
asian-open-2026	Senior Women -53kg	R32	207	HUMAIRAH Qisthi	INA	FITRI SALSABILA Aulia	INA	PTF	2:0
asian-open-2026	Senior Women -53kg	R32	208	LESNUSSA Girl	INA	FEBIOLA Debora	INA	PTF	2:0
asian-open-2026	Senior Women -53kg	R32	209	ZAHIRA Nisrina	INA	KUMALA Ni Made Putri Ayu	INA	PTF	2:0
asian-open-2026	Senior Women -53kg	R32	210	SHARMA Deeksha	IND	SAHWAHITA Malika Afifah	INA	PTF	2:1
asian-open-2026	Senior Women -53kg	R16	118	JIANG Yi-shan	TPE	EL GHLID Karima	MAR	PTF	2:0
asian-open-2026	Senior Women -53kg	R16	119	DELA CRUZ Sharifa Vianca	PHI	KWOK Tsz Tung	HKG	PTF	2:0
asian-open-2026	Senior Women -53kg	R16	120	VILLA Soraya	USA	JIANG Yi-syuan	TPE	PTF	2:0
asian-open-2026	Senior Women -53kg	R16	121	OH Jungmin	KOR	CHAHAR Raksha	IND	PTF	2:0
asian-open-2026	Senior Women -53kg	R16	218	HUMAIRAH Qisthi	INA	SILALAHI Aspasya	INA	PTF	2:1
asian-open-2026	Senior Women -53kg	R16	219	LESNUSSA Girl	INA	TAMBYRAJAH Saffron	AUS	WDR	
asian-open-2026	Senior Women -53kg	R16	220	ZAHIRA Nisrina	INA	SO Yuen ting	HKG	PTF	2:0
asian-open-2026	Senior Women -53kg	R16	221	MOTTA Bianca	AUS	SHARMA Deeksha	IND	PTF	2:0
asian-open-2026	Senior Women -53kg	QF	130	JIANG Yi-shan	TPE	HUMAIRAH Qisthi	INA	PTF	2:0
asian-open-2026	Senior Women -53kg	QF	131	VILLA Soraya	USA	ZAHIRA Nisrina	INA	PTF	2:0
asian-open-2026	Senior Women -53kg	QF	227	DELA CRUZ Sharifa Vianca	PHI	LESNUSSA Girl	INA	PTF	2:0
asian-open-2026	Senior Women -53kg	QF	228	MOTTA Bianca	AUS	OH Jungmin	KOR	PTF	2:0
asian-open-2026	Senior Women -53kg	SF	134	JIANG Yi-shan	TPE	DELA CRUZ Sharifa Vianca	PHI	PTF	2:0
asian-open-2026	Senior Women -53kg	SF	233	MOTTA Bianca	AUS	VILLA Soraya	USA	PTF	2:1
asian-open-2026	Senior Women -53kg	F	235	JIANG Yi-shan	TPE	MOTTA Bianca	AUS	PTF	2:0
asian-open-2026	Senior Men -54kg	R64	101	GHAISAN Afsar Maqil	INA	PUTRA AS'ARI Diandra	INA	PTF	2:0
asian-open-2026	Senior Men -54kg	R64	102	SUTRISNO Jilli	INA	IBNU WAHYU Al Ramadhan	INA	PTF	2:0
asian-open-2026	Senior Men -54kg	R64	103	SALADIN PAHLEVI Sultan	INA	ILHAMSYAH Fadhil	INA	PTF	2:1
asian-open-2026	Senior Men -54kg	R64	104	MOOTALU Moh. Iqbal	INA	WICAKSONO Maulana Putra	INA	PTF	2:0
asian-open-2026	Senior Men -54kg	R64	105	PIYANDRY HUTAMA Devin	INA	ADIFSYAUQI Muh Abyan Adifsyauqi	INA	PTF	2:0
asian-open-2026	Senior Men -54kg	R64	106	DAVIN FULVIAN Audrey	INA	PEPATI Muh. Ghhoufar Putra	INA	PTF	2:0
asian-open-2026	Senior Men -54kg	R64	107	GILL Harman singh	IND	RAQIB RPA Muhammad	INA	PTF	2:0
asian-open-2026	Senior Men -54kg	R64	201	AL TOOQI Nibras	OMA	NURDIN Masyuri Wardani	INA	PTF	2:0
asian-open-2026	Senior Men -54kg	R64	202	MIRZAKARIMOV Mirislom	KAZ	BLEGUR Siloam	INA	PTF	2:0
asian-open-2026	Senior Men -54kg	R64	203	PUTRA Xyafiqqyanshah	INA	GALILI Sumaker Efgar	INA	PTF	2:0
asian-open-2026	Senior Men -54kg	R64	204	CANETE Arian nathan	USA	Rudraksh	IND	PTF	2:0
asian-open-2026	Senior Men -54kg	R64	205	BARBOSA Vongabriel Polo	PHI	PUTRA JONASTI Muhammad Iqbal	INA	PTF	2:0
asian-open-2026	Senior Men -54kg	R64	206	TAUFIQURRAHMAN Muhammad	INA	ALHABSY Muhammad	INA	PTF	2:0
asian-open-2026	Senior Men -54kg	R32	112	HIDAYAT TUMAKAKA Aziz	INA	GHAISAN Afsar Maqil	INA	PTF	2:0
asian-open-2026	Senior Men -54kg	R32	113	AL TOOQI Nibras	OMA	TOMATALA Aldrian Putra	INA	PTF	2:0
asian-open-2026	Senior Men -54kg	R32	114	MIRZAKARIMOV Mirislom	KAZ	CHENG Yuen fung	HKG	PTF	2:0
asian-open-2026	Senior Men -54kg	R32	115	PUTRA Xyafiqqyanshah	INA	PADANGGA Javier	INA	PTF	2:0
asian-open-2026	Senior Men -54kg	R32	116	PANG Keston	SGP	CANETE Arian nathan	USA	PTF	2:1
asian-open-2026	Senior Men -54kg	R32	117	RAFI Muhammad	INA	PIYANDRY HUTAMA Devin	INA	PTF	2:1
asian-open-2026	Senior Men -54kg	R32	211	ZUNI SETIANGGA Riga	INA	TANG Hin Lok	HKG	PTF	2:0
asian-open-2026	Senior Men -54kg	R32	212	THREEANSYAH Muhammad Farel	INA	SUTRISNO Jilli	INA	PTF	2:0
asian-open-2026	Senior Men -54kg	R32	213	SALADIN PAHLEVI Sultan	INA	LUBIS Muhammad	INA	PTF	2:1
asian-open-2026	Senior Men -54kg	R32	214	SHAPULATOV Bakhodir	KAZ	MOOTALU Moh. Iqbal	INA	PTF	2:0
asian-open-2026	Senior Men -54kg	R32	215	RAMADHAN Zidan Irly	INA	S Chandra mouleshwaran	IND	PTF	2:0
asian-open-2026	Senior Men -54kg	R32	216	BARBOSA Vongabriel Polo	PHI	ADRIANSYAH BREMA DAMANIK Ryan	INA	PTF	2:1
asian-open-2026	Senior Men -54kg	R32	217	RAMADHAN Ryzki Oktavian	INA	TAUFIQURRAHMAN Muhammad	INA	PTF	2:0
asian-open-2026	Senior Men -54kg	R32	308	CHINNADURAI Boopathy	IND	RISALDI Rian	INA	PTF	2:0
asian-open-2026	Senior Men -54kg	R32	312	SUGAI Kanade	JPN	DAVIN FULVIAN Audrey	INA	PTF	2:0
asian-open-2026	Senior Men -54kg	R32	317	GILL Harman singh	IND	CHAU Ngai long	HKG	PTF	2:1
asian-open-2026	Senior Men -54kg	R16	122	HIDAYAT TUMAKAKA Aziz	INA	ZUNI SETIANGGA Riga	INA	PTF	2:0
asian-open-2026	Senior Men -54kg	R16	123	MIRZAKARIMOV Mirislom	KAZ	SALADIN PAHLEVI Sultan	INA	PTF	2:0
asian-open-2026	Senior Men -54kg	R16	124	RAMADHAN Zidan Irly	INA	PANG Keston	SGP	PTF	2:1
asian-open-2026	Senior Men -54kg	R16	125	SUGAI Kanade	JPN	RAMADHAN Ryzki Oktavian	INA	PTF	2:1
asian-open-2026	Senior Men -54kg	R16	222	AL TOOQI Nibras	OMA	THREEANSYAH Muhammad Farel	INA	PTF	2:0
asian-open-2026	Senior Men -54kg	R16	223	SHAPULATOV Bakhodir	KAZ	PUTRA Xyafiqqyanshah	INA	PTF	2:0
asian-open-2026	Senior Men -54kg	R16	224	BARBOSA Vongabriel Polo	PHI	RAFI Muhammad	INA	PTF	2:0
asian-open-2026	Senior Men -54kg	R16	225	GILL Harman singh	IND	CHINNADURAI Boopathy	IND	PTF	2:1
asian-open-2026	Senior Men -54kg	QF	128	AL TOOQI Nibras	OMA	HIDAYAT TUMAKAKA Aziz	INA	PTF	2:0
asian-open-2026	Senior Men -54kg	QF	129	RAMADHAN Zidan Irly	INA	BARBOSA Vongabriel Polo	PHI	PTF	2:1
asian-open-2026	Senior Men -54kg	QF	229	SHAPULATOV Bakhodir	KAZ	MIRZAKARIMOV Mirislom	KAZ	WDR	
asian-open-2026	Senior Men -54kg	QF	230	GILL Harman singh	IND	SUGAI Kanade	JPN	PTF	2:0
asian-open-2026	Senior Men -54kg	SF	234	GILL Harman singh	IND	RAMADHAN Zidan Irly	INA	PTF	2:0
asian-open-2026	Senior Men -54kg	SF	335	AL TOOQI Nibras	OMA	SHAPULATOV Bakhodir	KAZ	PTF	2:1
asian-open-2026	Senior Men -54kg	F	238	GILL Harman singh	IND	AL TOOQI Nibras	OMA	PTF	2:0
asian-open-2026	Senior Men -63kg	R32	301	AKBI Alisher	KAZ	MURROD Arriza	INA	PTF	2:0
asian-open-2026	Senior Men -63kg	R32	302	YOO Ryan	AUS	SUARBAWA Made Deva Sathya Mahotta	INA	PTF	2:0
asian-open-2026	Senior Men -63kg	R32	303	DONI Hafidz	INA	SINGH Harsh	IND	PTF	2:0
asian-open-2026	Senior Men -63kg	R32	304	PRATAMA Bagus	INA	NOORHIDAYAT Zacky	INA	PTF	2:0
asian-open-2026	Senior Men -63kg	R32	305	WONG Shao en	SGP	RIO Andrew	INA	PTF	2:1
asian-open-2026	Senior Men -63kg	R32	306	TANJUNG Gading	INA	ALIF RABBANI Muhammad	INA	PTF	2:0
asian-open-2026	Senior Men -63kg	R32	307	ISRAILOV Zhassurbek	KAZ	HARSH Harsh	IND	PTF	2:0
asian-open-2026	Senior Men -63kg	R32	309	KURNIAWAN Izza Rifqii	INA	SAPUTRA Rico	INA	PTF	2:0
asian-open-2026	Senior Men -63kg	R32	310	ADHIYODHA Gigih	INA	ARRAFI Kumara Arsyi	INA	PTF	2:0
asian-open-2026	Senior Men -63kg	R32	311	CASTILLO Tor Timothy	PHI	RADHI Muhamad	INA	PTF	2:0
asian-open-2026	Senior Men -63kg	R32	313	ADAM Al Alim	INA	RAPPE Gabriel	INA	PTF	2:0
asian-open-2026	Senior Men -63kg	R32	314	BITSUEV Kantemir	RUS	AL KAYSAN Rye	INA	PTF	2:0
asian-open-2026	Senior Men -63kg	R32	315	SHARMA Tilak	IND	TAROREH Neville Piet Arend	INA	PTF	2:0
asian-open-2026	Senior Men -63kg	R32	316	WAHID Abdul	IND	BAHRAIN Muhammad Cesar	INA	PTF	2:0
asian-open-2026	Senior Men -63kg	R16	318	CHAN Kin fung	HKG	AKBI Alisher	KAZ	PTF	2:1
asian-open-2026	Senior Men -63kg	R16	319	YOO Ryan	AUS	DONI Hafidz	INA	PTF	2:0
asian-open-2026	Senior Men -63kg	R16	320	PRATAMA Bagus	INA	WONG Shao en	SGP	PTF	2:0
asian-open-2026	Senior Men -63kg	R16	321	BITSUEV Kantemir	RUS	TANJUNG Gading	INA	PTF	2:0
asian-open-2026	Senior Men -63kg	R16	322	ISRAILOV Zhassurbek	KAZ	CASTILLO Tor Timothy	PHI	PTF	2:0
asian-open-2026	Senior Men -63kg	R16	323	KURNIAWAN Izza Rifqii	INA	SHARMA Tilak	IND	PTF	2:0
asian-open-2026	Senior Men -63kg	R16	324	WAHID Abdul	IND	ADAM Al Alim	INA	PTF	2:0
asian-open-2026	Senior Men -63kg	R16	325	SALMI Adem	TUN	ADHIYODHA Gigih	INA	PTF	2:0
asian-open-2026	Senior Men -63kg	QF	327	YOO Ryan	AUS	CHAN Kin fung	HKG	PTF	2:1
asian-open-2026	Senior Men -63kg	QF	328	BITSUEV Kantemir	RUS	PRATAMA Bagus	INA	PTF	2:0
asian-open-2026	Senior Men -63kg	QF	329	ISRAILOV Zhassurbek	KAZ	KURNIAWAN Izza Rifqii	INA	PTF	2:0
asian-open-2026	Senior Men -63kg	QF	330	SALMI Adem	TUN	WAHID Abdul	IND	PTF	2:0
asian-open-2026	Senior Men -63kg	SF	331	BITSUEV Kantemir	RUS	YOO Ryan	AUS	PTF	2:0
asian-open-2026	Senior Men -63kg	SF	332	SALMI Adem	TUN	ISRAILOV Zhassurbek	KAZ	PTF	2:0
asian-open-2026	Senior Men -63kg	F	236	SALMI Adem	TUN	BITSUEV Kantemir	RUS	PTF	2:0
asian-open-2026	Senior Women -73kg	R16	126	DAS Etisha	IND	CHEUNG Ho yan	HKG	PTF	2:0
asian-open-2026	Senior Women -73kg	R16	127	SEHRAWAT Manya	IND	DSOUZA Aria	IND	PTF	2:1
asian-open-2026	Senior Women -73kg	R16	226	PRABAWANI Olivia Intan Widi	INA	MAHESWARI Nadira Putri	INA	PTF	2:0
asian-open-2026	Senior Women -73kg	R16	326	LESTARI Dinda Putri	INA	SILALAHI Sarah Nauli	INA	PTF	2:0
asian-open-2026	Senior Women -73kg	QF	132	PRABAWANI Olivia Intan Widi	INA	ANDREA Gwen	INA	PTF	2:1
asian-open-2026	Senior Women -73kg	QF	133	HWANG Yu jin	KOR	LESTARI Dinda Putri	INA	PTF	2:1
asian-open-2026	Senior Women -73kg	QF	231	DAS Etisha	IND	MARY HEART Capulong	PHI	PTF	2:0
asian-open-2026	Senior Women -73kg	QF	232	PUTRI ALIANDI Diyah Maulida	INA	SEHRAWAT Manya	IND	PTF	2:0
asian-open-2026	Senior Women -73kg	SF	333	DAS Etisha	IND	PUTRI ALIANDI Diyah Maulida	INA	PTF	2:0
asian-open-2026	Senior Women -73kg	SF	334	HWANG Yu jin	KOR	PRABAWANI Olivia Intan Widi	INA	PTF	2:0
asian-open-2026	Senior Women -73kg	F	237	DAS Etisha	IND	HWANG Yu jin	KOR	PTF	2:1
asian-open-2026	Senior Women -46kg	R32	201	MAHARANI Siti	INA	PUSPA RINJANI Pradinda	INA	PTF	2:0
asian-open-2026	Senior Women -46kg	R32	202	NATHAGRACIA AZZAHRA Aurel	INA	DEWI Divia	INA	PTF	2:0
asian-open-2026	Senior Women -46kg	R32	203	ALAMANDA Fortuna	INA	ATALIE Gendis Kirana	INA	PTF	2:0
asian-open-2026	Senior Women -46kg	R32	204	FONSECA Caliana	USA	WALISUNDARA MUDIYANSELAGE Nethmi Ka	UNK	PTF	2:0
asian-open-2026	Senior Women -46kg	R32	301	SUZUKI Koharu	JPN	APRIANI Syivana	INA	PTF	2:0
asian-open-2026	Senior Women -46kg	R32	302	GODARA Janvi	IND	PRATIWI Thalitha	INA	PTF	2:0
asian-open-2026	Senior Women -46kg	R32	303	PANGGABEAN Sarah maria	INA	JANNAH Zahratul	INA	PTF	2:0
asian-open-2026	Senior Women -46kg	R32	304	AGHNIA Az-zahra Violin	INA	ADINEGORO Andreana	INA	PTF	2:0
asian-open-2026	Senior Women -46kg	R16	207	CARLOS Caitlin Julia	PHI	SUZUKI Koharu	JPN	PTF	2:0
asian-open-2026	Senior Women -46kg	R16	208	GODARA Janvi	IND	LABIBAH Alika	INA	PTF	2:0
asian-open-2026	Senior Women -46kg	R16	209	PANGGABEAN Sarah maria	INA	ALEXANDRA Rayinda Syah	INA	PTF	2:0
asian-open-2026	Senior Women -46kg	R16	210	LAU Tsz wan	HKG	AGHNIA Az-zahra Violin	INA	PTF	2:0
asian-open-2026	Senior Women -46kg	R16	306	LAHOOD Juliet	AUS	MAHARANI Siti	INA	PTF	2:0
asian-open-2026	Senior Women -46kg	R16	307	VIRMANSYAH Kamilia	INA	NATHAGRACIA AZZAHRA Aurel	INA	PTF	2:0
asian-open-2026	Senior Women -46kg	R16	308	MA Sum yi	HKG	ALAMANDA Fortuna	INA	PTF	2:0
asian-open-2026	Senior Women -46kg	R16	309	TOMITA Chisaki	JPN	FONSECA Caliana	USA	PTF	2:1
asian-open-2026	Senior Women -46kg	QF	219	TOMITA Chisaki	JPN	LAU Tsz wan	HKG	PTF	2:0
asian-open-2026	Senior Women -46kg	QF	319	LAHOOD Juliet	AUS	CARLOS Caitlin Julia	PHI	PTF	2:0
asian-open-2026	Senior Women -46kg	QF	320	VIRMANSYAH Kamilia	INA	GODARA Janvi	IND	PTF	2:0
asian-open-2026	Senior Women -46kg	QF	321	PANGGABEAN Sarah maria	INA	MA Sum yi	HKG	PTF	2:1
asian-open-2026	Senior Women -46kg	SF	226	LAHOOD Juliet	AUS	VIRMANSYAH Kamilia	INA	PTF	2:0
asian-open-2026	Senior Women -46kg	SF	329	TOMITA Chisaki	JPN	PANGGABEAN Sarah maria	INA	PTF	2:1
asian-open-2026	Senior Women -46kg	F	231	LAHOOD Juliet	AUS	TOMITA Chisaki	JPN	PTF	2:0
asian-open-2026	Senior Women -49kg	R32	205	DWI PUTRI Winda	INA	VILLASENOR Bobbi monique	USA	PTF	2:0
asian-open-2026	Senior Women -49kg	R32	206	CHETIA Nayatri	IND	KEISHA AZZAHRA Queenita	INA	PTF	2:0
asian-open-2026	Senior Women -49kg	R32	305	ALIYKA Putri	INA	HAIRA Ighfirna	INA	PTF	2:0
asian-open-2026	Senior Women -49kg	R16	212	JEON Mihyeon	KOR	W KADIR Ikja Artina	INA	PTF	2:0
asian-open-2026	Senior Women -49kg	R16	213	Vaishnave	IND	LARASATI Keysha Az Zahra	INA	PTF	2:0
asian-open-2026	Senior Women -49kg	R16	214	SOFYAN Nazwa	INA	JAYAWARDHANA MUDIYANSELAGE	UNK	PTF	2:0
asian-open-2026	Senior Women -49kg	R16	215	BAT-ERDENE Uchral	MGL	CHETIA Nayatri	IND	PTF	2:0
asian-open-2026	Senior Women -49kg	R16	311	OKAMOTO Ruka	JPN	DWI PUTRI Winda	INA	PTF	2:0
asian-open-2026	Senior Women -49kg	R16	312	CASTEL Felicity Jana	PHI	LAM Siu wai	HKG	PTF	2:0
asian-open-2026	Senior Women -49kg	R16	313	ALIYKA Putri	INA	NURUL ISLAMI Refa	INA	PTF	2:1
asian-open-2026	Senior Women -49kg	R16	314	AN Byeo Ri	KOR	KHAN Zoya	IND	PTF	2:0
asian-open-2026	Senior Women -49kg	QF	221	CASTEL Felicity Jana	PHI	Vaishnave	IND	PTF	2:0
asian-open-2026	Senior Women -49kg	QF	222	BAT-ERDENE Uchral	MGL	AN Byeo Ri	KOR	PTF	2:1
asian-open-2026	Senior Women -49kg	QF	323	OKAMOTO Ruka	JPN	JEON Mihyeon	KOR	PTF	2:0
asian-open-2026	Senior Women -49kg	QF	324	ALIYKA Putri	INA	SOFYAN Nazwa	INA	PTF	2:0
asian-open-2026	Senior Women -49kg	SF	227	OKAMOTO Ruka	JPN	CASTEL Felicity Jana	PHI	PTF	2:0
asian-open-2026	Senior Women -49kg	SF	230	BAT-ERDENE Uchral	MGL	ALIYKA Putri	INA	PTF	2:0
asian-open-2026	Senior Women -49kg	F	233	OKAMOTO Ruka	JPN	BAT-ERDENE Uchral	MGL	PTF	2:0
asian-open-2026	Senior Women -57kg	R16	117	NAM Yurim	KOR	CADILENA Rhiyanne Agatha Shay	PHI	PTF	2:0
asian-open-2026	Senior Women -57kg	R16	118	LAMANDA Silvana	INA	TSE Wing Chi	HKG	PTF	2:0
asian-open-2026	Senior Women -57kg	R16	217	HAPSARI Aura Gita	INA	KAMILAH Alsa	INA	PTF	2:1
asian-open-2026	Senior Women -57kg	R16	218	YANTHI I Gusti Ayu Agung Darma	INA	RAMADHANI Nia	INA	PTF	2:1
asian-open-2026	Senior Women -57kg	R16	317	SONAWANE Ishwari	IND	LOW Xin Er Daycia	SGP	PTF	2:0
asian-open-2026	Senior Women -57kg	R16	318	RAMADANI Aqila	INA	SAFIRA Jihan	INA	PTF	2:0
asian-open-2026	Senior Women -57kg	QF	124	HYMER Stacey	AUS	NAM Yurim	KOR	PTF	2:0
asian-open-2026	Senior Women -57kg	QF	125	SONAWANE Ishwari	IND	YANTHI I Gusti Ayu Agung Darma	INA	PTF	2:0
asian-open-2026	Senior Women -57kg	QF	224	LAMANDA Silvana	INA	HAPSARI Aura Gita	INA	PTF	2:0
asian-open-2026	Senior Women -57kg	QF	225	RAMADANI Aqila	INA	MURATA Lila ardian	JPN	PTF	2:1
asian-open-2026	Senior Women -57kg	SF	129	LAMANDA Silvana	INA	HYMER Stacey	AUS	PTF	2:0
asian-open-2026	Senior Women -57kg	SF	229	RAMADANI Aqila	INA	SONAWANE Ishwari	IND	PTF	2:0
asian-open-2026	Senior Women -57kg	F	235	RAMADANI Aqila	INA	LAMANDA Silvana	INA	PTF	2:0
asian-open-2026	Senior Men -74kg	R32	101	BAGUS RAMA DWISATRIA I Gusti	INA	YADAV Nishit	IND	PTF	2:0
asian-open-2026	Senior Men -74kg	R32	102	RAHMATULLAH Ariq Alfatih Ageng	INA	JAIN Arjun	IND	PTF	2:0
asian-open-2026	Senior Men -74kg	R32	103	ALZAYED Panduaji	INA	HAPU ARACHCHILAGE Ashan Maduka	SRI	PTF	2:0
asian-open-2026	Senior Men -74kg	R32	104	JUNIO Cyvir	PHI	FEBRIANTO Afif	INA	PTF	2:0
asian-open-2026	Senior Men -74kg	R32	105	SINGH Rahul	IND	DHARMA DUTA Dewa Gede Tri	INA	PTF	2:1
asian-open-2026	Senior Men -74kg	R16	106	TAM Ching nam	HKG	BAGUS RAMA DWISATRIA I Gusti	INA	PTF	2:0
asian-open-2026	Senior Men -74kg	R16	107	ALFARISI Arizul	INA	SAPUTRA Ihlas	INA	PTF	2:1
asian-open-2026	Senior Men -74kg	R16	108	IZARIK Daniel	SVK	RAHMATULLAH Ariq Alfatih Ageng	INA	PTF	2:0
asian-open-2026	Senior Men -74kg	R16	109	LAM Ka Hei Tank	HKG	ALZAYED Panduaji	INA	PTF	2:0
asian-open-2026	Senior Men -74kg	R16	110	JUNIO Cyvir	PHI	QAIKAL Aru	INA	PTF	2:0
asian-open-2026	Senior Men -74kg	R16	111	AZHAR Salim	INA	ISBACH Faliqul	INA	PTF	2:1
asian-open-2026	Senior Men -74kg	R16	211	ABDUSALAMOV Magomed	RUS	SINGH Rahul	IND	PTF	2:0
asian-open-2026	Senior Men -74kg	R16	310	PRASETYO Dhimas	INA	OMIRBEKOV Altair	KAZ	PTF	2:1
asian-open-2026	Senior Men -74kg	QF	119	TAM Ching nam	HKG	ALFARISI Arizul	INA	PTF	2:0
asian-open-2026	Senior Men -74kg	QF	120	JUNIO Cyvir	PHI	PRASETYO Dhimas	INA	PTF	2:0
asian-open-2026	Senior Men -74kg	QF	220	ABDUSALAMOV Magomed	RUS	AZHAR Salim	INA	PTF	2:0
asian-open-2026	Senior Men -74kg	QF	322	IZARIK Daniel	SVK	LAM Ka Hei Tank	HKG	PTF	2:0
asian-open-2026	Senior Men -74kg	SF	126	IZARIK Daniel	SVK	TAM Ching nam	HKG	PTF	2:0
asian-open-2026	Senior Men -74kg	SF	127	ABDUSALAMOV Magomed	RUS	JUNIO Cyvir	PHI	PTF	2:0
asian-open-2026	Senior Men -74kg	F	232	ABDUSALAMOV Magomed	RUS	IZARIK Daniel	SVK	PTF	2:0
asian-open-2026	Senior Men -80kg	R16	112	SASTAMA Edgar	INA	NURZY Valdo Caesar	INA	PTF	2:0
asian-open-2026	Senior Men -80kg	R16	113	AL GIFARI Muhammad	INA	DELOS SANTOS Marcus Neil	PHI	PTF	2:1
asian-open-2026	Senior Men -80kg	R16	114	HOODA Akshay	IND	AL HAQQI Muhammad Faiz	INA	PTF	2:0
asian-open-2026	Senior Men -80kg	R16	115	MARIPOV Abdurakhmon	KAZ	SUSILO Arya danu	INA	PTF	2:0
asian-open-2026	Senior Men -80kg	R16	116	NARAYANA DIVTA I Nyoman	INA	TAUFIQURRAHMAN Muhammad	INA	PTF	2:0
asian-open-2026	Senior Men -80kg	R16	216	PRIYAM Piyush	IND	HABIBURIZKI Avicenna	INA	PTF	2:0
asian-open-2026	Senior Men -80kg	QF	121	SASTAMA Edgar	INA	HAMEDI Tareg ali m	KSA	PTF	2:0
asian-open-2026	Senior Men -80kg	QF	122	HOODA Akshay	IND	AL GIFARI Muhammad	INA	PTF	2:0
asian-open-2026	Senior Men -80kg	QF	123	MARIPOV Abdurakhmon	KAZ	NARAYANA DIVTA I Nyoman	INA	PTF	2:0
asian-open-2026	Senior Men -80kg	QF	223	RAIHAN FADHILA Mhd	INA	PRIYAM Piyush	IND	PTF	2:0
asian-open-2026	Senior Men -80kg	SF	128	HOODA Akshay	IND	SASTAMA Edgar	INA	PTF	2:0
asian-open-2026	Senior Men -80kg	SF	228	RAIHAN FADHILA Mhd	INA	MARIPOV Abdurakhmon	KAZ	PTF	2:1
asian-open-2026	Senior Men -80kg	F	234	RAIHAN FADHILA Mhd	INA	HOODA Akshay	IND	PTF	2:0
asian-open-2026	Senior Men +87kg	R16	315	SAEED Hamzah omar	PAK	RATHOD Manjeet Singh	IND	PTF	2:0
asian-open-2026	Senior Men +87kg	R16	316	ARACHMAN Mohammad	INA	HUSSAIN Mohamed Ashiff	IND	PTF	2:0
asian-open-2026	Senior Men +87kg	QF	325	SAEED Hamzah omar	PAK	STILLEY Aiden	AUS	PTF	2:1
asian-open-2026	Senior Men +87kg	QF	326	FAADIHILLAH Ezar	INA	ARMANTO Nicholas	INA	PTF	2:0
asian-open-2026	Senior Men +87kg	QF	327	WARKEY Benaya Rafael	INA	WIJIYATMAKA Dimas Bagas Praband	UNK	PTF	2:0
asian-open-2026	Senior Men +87kg	QF	328	HANUSOVSKY Richard	SVK	ARACHMAN Mohammad	INA	PTF	2:0
asian-open-2026	Senior Men +87kg	SF	130	HANUSOVSKY Richard	SVK	WARKEY Benaya Rafael	INA	PTF	2:0
asian-open-2026	Senior Men +87kg	SF	330	SAEED Hamzah omar	PAK	FAADIHILLAH Ezar	INA	PTF	2:0
asian-open-2026	Senior Men +87kg	F	236	SAEED Hamzah omar	PAK	HANUSOVSKY Richard	SVK	PTF	2:0
asian-open-2026	Senior Women -62kg	R16	108	BLEWITT Gabriella	AUS	KIM Hye Ryeong	KOR	PTF	2:0
asian-open-2026	Senior Women -62kg	R16	109	KUMARI Peehu	IND	LUM Shanice Bei Xin	SGP	PTF	2:0
asian-open-2026	Senior Women -62kg	R16	110	POETRI ISKANDAR Ingrid	SGP	HO Cathy minly	HKG	PTF	2:0
asian-open-2026	Senior Women -62kg	R16	208	DEWI Oktavia	INA	PHURAILATPAM Gharluxmi	IND	PTF	2:0
asian-open-2026	Senior Women -62kg	R16	209	TIURMA BERTHA HUTAPEA Marcia	INA	PERMATA Ni Made	INA	PTF	2:1
asian-open-2026	Senior Women -62kg	R16	210	SURJANTO Raffaya	INA	PUTRI Hayananda	INA	PTF	2:0
asian-open-2026	Senior Women -62kg	R16	308	TRI HAPSARI Della	INA	CACILDES VINOTHKANNA Annsofna	SRI	PTF	2:1
asian-open-2026	Senior Women -62kg	R16	309	PIRENANINGTYAS Reininda	INA	INAYAH Inayah	INA	PTF	2:0
asian-open-2026	Senior Women -62kg	QF	118	BLEWITT Gabriella	AUS	DEWI Oktavia	INA	PTF	2:0
asian-open-2026	Senior Women -62kg	QF	119	POETRI ISKANDAR Ingrid	SGP	SURJANTO Raffaya	INA	PTF	2:0
asian-open-2026	Senior Women -62kg	QF	218	KUMARI Peehu	IND	TRI HAPSARI Della	INA	PTF	2:0
asian-open-2026	Senior Women -62kg	QF	318	PIRENANINGTYAS Reininda	INA	TIURMA BERTHA HUTAPEA Marcia	INA	PTF	2:0
asian-open-2026	Senior Women -62kg	SF	126	BLEWITT Gabriella	AUS	KUMARI Peehu	IND	PTF	2:0
asian-open-2026	Senior Women -62kg	SF	226	POETRI ISKANDAR Ingrid	SGP	PIRENANINGTYAS Reininda	INA	PTF	2:0
asian-open-2026	Senior Women -62kg	F	230	BLEWITT Gabriella	AUS	POETRI ISKANDAR Ingrid	SGP	PTF	2:0
asian-open-2026	Senior Women -67kg	R16	114	BAJAJ Magan	IND	JAYANTI Dwi	INA	PTF	2:0
asian-open-2026	Senior Women -67kg	R16	213	KHAN Sania	IND	LAM Tsz Ching	HKG	PTF	2:0
asian-open-2026	Senior Women -67kg	R16	313	LIM Su Min	KOR	WIDIA NINGRUM Sekar Embun	INA	PTF	2:0
asian-open-2026	Senior Women -67kg	QF	121	PARK Jeong-hyeon	KOR	PRATIWI Emanuela Grace Masyu	INA	PTF	2:0
asian-open-2026	Senior Women -67kg	QF	221	LIM Su Min	KOR	AURA Nabila	INA	PTF	2:0
asian-open-2026	Senior Women -67kg	QF	320	KHAN Sania	IND	JAVIER Jizyl	PHI	PTF	2:0
asian-open-2026	Senior Women -67kg	QF	321	BAJAJ Magan	IND	SARI Varas Indah	INA	PTF	2:0
asian-open-2026	Senior Women -67kg	SF	227	PARK Jeong-hyeon	KOR	KHAN Sania	IND	PTF	2:1
asian-open-2026	Senior Women -67kg	SF	327	LIM Su Min	KOR	BAJAJ Magan	IND	PTF	2:0
asian-open-2026	Senior Women -67kg	F	232	LIM Su Min	KOR	PARK Jeong-hyeon	KOR	PTF	2:0
asian-open-2026	Senior Women +73kg	QF	124	ANTIL Himanshi	IND	SARI Syaida	INA	PTF	2:1
asian-open-2026	Senior Women +73kg	QF	223	STEWART Reba	AUS	PERMATA SARI Indah	INA	PTF	2:0
asian-open-2026	Senior Women +73kg	QF	224	YADAV Jyoti	IND	WIBOWO Amelia Putri	INA	PTF	2:0
asian-open-2026	Senior Women +73kg	QF	323	BARUA Rodali	IND	RENIEDO Ashley Rose	PHI	PTF	2:0
asian-open-2026	Senior Women +73kg	SF	129	YADAV Jyoti	IND	ANTIL Himanshi	IND	PTF	2:0
asian-open-2026	Senior Women +73kg	SF	328	STEWART Reba	AUS	BARUA Rodali	IND	PTF	2:0
asian-open-2026	Senior Women +73kg	F	234	STEWART Reba	AUS	YADAV Jyoti	IND	PTF	2:0
asian-open-2026	Senior Men -58kg	R32	101	DAMOPOLII Moch Rizky Pratama	INA	SITORUS PANE Anggi Syahputra S	INA	PTF	2:1
asian-open-2026	Senior Men -58kg	R32	102	SASTRA Putu Ryan Angga Pratama	INA	RASYA ABHINAYA Muhammad	INA	PTF	2:0
asian-open-2026	Senior Men -58kg	R32	103	RAMADHAN Frans Dwiki	INA	DWI YANDY Andi Muhammad Dzul Iqram	INA	PTF	2:0
asian-open-2026	Senior Men -58kg	R32	104	CURATA Kurt Mykel	PHI	IUDIN Irsyad	INA	PTF	2:0
asian-open-2026	Senior Men -58kg	R32	201	CHAVEZ Ethan Jervey Dayne	PHI	AKBAR Muhammad Prana	INA	PTF	2:0
asian-open-2026	Senior Men -58kg	R32	202	CHAN Hin Hang	HKG	MER Ankit	IND	PTF	2:1
asian-open-2026	Senior Men -58kg	R32	203	YONDONJAMTS Purevdash	MGL	AZCA JAYANINGRAT Muhammad	INA	PTF	2:0
asian-open-2026	Senior Men -58kg	R32	204	AKBAR Muhammad	INA	YASRI Affandi Syawal	INA	PTF	2:0
asian-open-2026	Senior Men -58kg	R32	301	YADAV Shubh	IND	MEIDITO RIFKI Rama	INA	PTF	2:0
asian-open-2026	Senior Men -58kg	R32	302	MAHAR Nishant	IND	DHARMAWAN Kemal Yusuf	INA	PTF	2:0
asian-open-2026	Senior Men -58kg	R32	303	RAHMAD Andi	INA	SANTOSO Alvino	INA	PTF	2:0
asian-open-2026	Senior Men -58kg	R16	111	YADAV Shubh	IND	CHAVEZ Ethan Jervey Dayne	PHI	PTF	2:0
asian-open-2026	Senior Men -58kg	R16	112	CHIOK Chun yin	HKG	MAHAR Nishant	IND	PTF	2:0
asian-open-2026	Senior Men -58kg	R16	113	HAMDI Riad nasser a	KSA	AKBAR Muhammad	INA	PTF	2:0
asian-open-2026	Senior Men -58kg	R16	211	SASTRA Putu Ryan Angga Pratama	INA	SERHALAY Jeremiah	NED	PTF	2:0
asian-open-2026	Senior Men -58kg	R16	212	YONDONJAMTS Purevdash	MGL	RAMADHAN Frans Dwiki	INA	PTF	2:0
asian-open-2026	Senior Men -58kg	R16	310	ALMUSHRAF Abdullah essa a	KSA	DAMOPOLII Moch Rizky Pratama	INA	PTF	2:0
asian-open-2026	Senior Men -58kg	R16	311	CHAN Hin Hang	HKG	INDRAYANA Ariqfallah Rasyid	INA	PTF	2:1
asian-open-2026	Senior Men -58kg	R16	312	CURATA Kurt Mykel	PHI	RAHMAD Andi	INA	PTF	2:0
asian-open-2026	Senior Men -58kg	QF	120	YONDONJAMTS Purevdash	MGL	CHIOK Chun yin	HKG	PTF	2:1
asian-open-2026	Senior Men -58kg	QF	219	YADAV Shubh	IND	ALMUSHRAF Abdullah essa a	KSA	PTF	2:0
asian-open-2026	Senior Men -58kg	QF	220	HAMDI Riad nasser a	KSA	CURATA Kurt Mykel	PHI	PTF	2:0
asian-open-2026	Senior Men -58kg	QF	319	CHAN Hin Hang	HKG	SASTRA Putu Ryan Angga Pratama	INA	PTF	2:0
asian-open-2026	Senior Men -58kg	SF	127	HAMDI Riad nasser a	KSA	YONDONJAMTS Purevdash	MGL	PTF	2:0
asian-open-2026	Senior Men -58kg	SF	326	YADAV Shubh	IND	CHAN Hin Hang	HKG	PTF	2:1
asian-open-2026	Senior Men -58kg	F	231	HAMDI Riad nasser a	KSA	YADAV Shubh	IND	PTF	2:0
asian-open-2026	Senior Men -68kg	R32	105	GANTULGA Enkhbayar	MGL	DEEPANSHU Deepanshu	IND	PTF	2:1
asian-open-2026	Senior Men -68kg	R32	106	ANDY CHUNG Ming Pong	HKG	SALSABIL H ALI Thoriqh Hilbram	INA	PTF	2:0
asian-open-2026	Senior Men -68kg	R32	107	RAI Rishi	IND	PRAYUDI Zahitd	INA	PTF	2:0
asian-open-2026	Senior Men -68kg	R32	205	ATALLAH Rava	INA	KUMAR Akhil	IND	PTF	2:0
asian-open-2026	Senior Men -68kg	R32	206	TAN Nigel	SGP	AVATAR M Aqil	INA	PTF	2:0
asian-open-2026	Senior Men -68kg	R32	207	UMARO Meazza Faza	INA	FADHILA Rizqy	INA	PTF	2:0
asian-open-2026	Senior Men -68kg	R32	304	NOVEAN Aga	INA	HILMI Muhammad Mustofa	INA	PTF	2:1
asian-open-2026	Senior Men -68kg	R32	305	KUSUMA Sakti Yudhajaya Permata	INA	PAVANANTHARASA Tharmilan	SRI	PTF	2:1
asian-open-2026	Senior Men -68kg	R32	306	PUTRA Arga	INA	YEE Liming	SGP	PTF	2:0
asian-open-2026	Senior Men -68kg	R32	307	RAIHAN Muhammad bassam	INA	RACHA Jericho Muhammad	INA	PTF	2:0
asian-open-2026	Senior Men -68kg	R16	115	GILBUENA Sturdy Jay	PHI	KUSUMA Sakti Yudhajaya Permata	INA	PTF	2:0
asian-open-2026	Senior Men -68kg	R16	116	PUTRA Arga	INA	DARMAYOGA I Gusti Bagus Agung	UNK	PTF	2:0
asian-open-2026	Senior Men -68kg	R16	214	NIKOLOVSKI Xavier	AUS	NOVEAN Aga	INA	PTF	2:0
asian-open-2026	Senior Men -68kg	R16	215	SUMMERFIELD Matthew	AUS	ANDY CHUNG Ming Pong	HKG	PTF	2:0
asian-open-2026	Senior Men -68kg	R16	216	UMARO Meazza Faza	INA	RAI Rishi	IND	PTF	2:0
asian-open-2026	Senior Men -68kg	R16	314	GANTULGA Enkhbayar	MGL	ATALLAH Rava	INA	PTF	2:0
asian-open-2026	Senior Men -68kg	R16	315	Dinesh	IND	TAN Nigel	SGP	PTF	2:0
asian-open-2026	Senior Men -68kg	R16	316	LO Wai fung	HKG	RAIHAN Muhammad bassam	INA	PTF	2:1
asian-open-2026	Senior Men -68kg	QF	122	NIKOLOVSKI Xavier	AUS	GANTULGA Enkhbayar	MGL	PTF	2:0
asian-open-2026	Senior Men -68kg	QF	123	LO Wai fung	HKG	UMARO Meazza Faza	INA	PTF	2:0
asian-open-2026	Senior Men -68kg	QF	222	SUMMERFIELD Matthew	AUS	GILBUENA Sturdy Jay	PHI	PTF	2:0
asian-open-2026	Senior Men -68kg	QF	322	PUTRA Arga	INA	Dinesh	IND	PTF	2:1
asian-open-2026	Senior Men -68kg	SF	128	SUMMERFIELD Matthew	AUS	NIKOLOVSKI Xavier	AUS	PTF	2:1
asian-open-2026	Senior Men -68kg	SF	228	LO Wai fung	HKG	PUTRA Arga	INA	PTF	2:0
asian-open-2026	Senior Men -68kg	F	233	SUMMERFIELD Matthew	AUS	LO Wai fung	HKG	PTF	2:0
asian-open-2026	Senior Men -87kg	R16	117	SETYAPUTRA Adhetian	INA	HUTAGALUNG Rhaditya Keola Namora	INA	PTF	2:0
asian-open-2026	Senior Men -87kg	R16	217	PATEL Shashank Singh	IND	ADHIPRATAMA Poetra	INA	PTF	2:0
asian-open-2026	Senior Men -87kg	R16	317	NAUVAL Ossanando	INA	Rishabh	IND	PTF	2:0
asian-open-2026	Senior Men -87kg	QF	125	KAISER Adrian	INA	VIJAYRAN Lakshay	IND	PTF	2:0
asian-open-2026	Senior Men -87kg	QF	225	KOZHAKHMET Nurkanat	KAZ	PATEL Shashank Singh	IND	PTF	2:0
asian-open-2026	Senior Men -87kg	QF	324	HOERMANN Vincent	GER	SETYAPUTRA Adhetian	INA	PTF	2:0
asian-open-2026	Senior Men -87kg	QF	325	BUDIN Vladislav	RUS	NAUVAL Ossanando	INA	PTF	2:0
asian-open-2026	Senior Men -87kg	SF	229	KAISER Adrian	INA	HOERMANN Vincent	GER	PTF	2:0
asian-open-2026	Senior Men -87kg	SF	329	BUDIN Vladislav	RUS	KOZHAKHMET Nurkanat	KAZ	PTF	2:0
asian-open-2026	Senior Men -87kg	F	235	BUDIN Vladislav	RUS	KAISER Adrian	INA	PTF	2:0
