manchester-grand-prix-final-2023	Senior Women +67kg	F	224	LEE Dabin	KOR	MCGOWAN Rebecca	GBR	WDR	
pan-american-championships-2022	Senior Men -87kg	R16	302	ESTRADA Jahn Luis	PUR	DESILIEN Emmanuel	HAI	PTF	2:0
pan-american-championships-2022	Senior Men -87kg	QF	113	SALAZAR Bryan	MEX	SOTO BAUTISTA Luis german	COL	PTF	2:1
pan-american-championships-2022	Senior Men -87kg	QF	212	MARTINS Icaro Migu	BRA	ESTRADA Jahn Luis	PUR	PTF	2:0
pan-american-championships-2022	Senior Men -87kg	QF	213	STEWART Jordan	CAN	FERRERA Miguel	HON	PTF	2:0
pan-american-championships-2022	Senior Men -87kg	QF	312	RODRIGUEZ Michael c	USA	LIMONTA Yadier	CUB	PTF	1:1
pan-american-championships-2022	Senior Men -87kg	SF	220	MARTINS Icaro Migu	BRA	RODRIGUEZ Michael c	USA	PTF	2:0
pan-american-championships-2022	Senior Men -87kg	SF	320	SALAZAR Bryan	MEX	STEWART Jordan	CAN	PTF	2:0
pan-american-championships-2022	Senior Men -87kg	F	125	MARTINS Icaro Migu	BRA	SALAZAR Bryan	MEX	PTF	2:1
pan-american-championships-2022	Senior Men -58kg	R16	105	DE Yeuri	DOM	LIMA Juliano	BRA	PTF	2:0
pan-american-championships-2022	Senior Men -58kg	R16	106	KIM David	USA	MICHEL Youdlyno	HAI	PTF	2:0
pan-american-championships-2022	Senior Men -58kg	R16	107	OCHOA Jefferson	COL	GALEAS Julen	HON	PTF	2:0
pan-american-championships-2022	Senior Men -58kg	R16	205	CHANG Yohan	CAN	AROSEMENA Hector	PAN	PTF	2:0
pan-american-championships-2022	Senior Men -58kg	R16	206	FUENTES David	GUA	RIVERA Edgar	PUR	PTF	2:0
pan-american-championships-2022	Senior Men -58kg	R16	305	GRANADO Yohandri	VEN	RODRIGUEZ Roger	WT	PTF	2:0
pan-american-championships-2022	Senior Men -58kg	R16	306	BARRETO Raymiguel	PER	AREVALO Fabricio	ECU	PTF	2:1
pan-american-championships-2022	Senior Men -58kg	QF	117	KIM David	USA	FUENTES David	GUA	PTF	2:0
pan-american-championships-2022	Senior Men -58kg	QF	216	PLAZA HERNANDEZ Brandon	MEX	DE Yeuri	DOM	PTF	2:0
pan-american-championships-2022	Senior Men -58kg	QF	217	OCHOA Jefferson	COL	BARRETO Raymiguel	PER	PTF	2:0
pan-american-championships-2022	Senior Men -58kg	QF	316	GRANADO Yohandri	VEN	CHANG Yohan	CAN	PTF	2:0
pan-american-championships-2022	Senior Men -58kg	SF	222	GRANADO Yohandri	VEN	PLAZA HERNANDEZ Brandon	MEX	PUN	1:0
pan-american-championships-2022	Senior Men -58kg	SF	322	KIM David	USA	OCHOA Jefferson	COL	PTF	2:0
pan-american-championships-2022	Senior Men -58kg	F	124	GRANADO Yohandri	VEN	KIM David	USA	PTF	2:0
pan-american-championships-2022	Senior Men -54kg	R16	103	REYES Cristofer	DOM	MANSELL MURILLO THOMAS	NCA	PTF	2:1
pan-american-championships-2022	Senior Men -54kg	R16	203	MIRANDA Adrian	ECU	CRUZ Kariel	PUR	PTF	2:0
pan-american-championships-2022	Senior Men -54kg	QF	114	HOEFLING Nicholas	CAN	RIVERO Tomas	ARG	PTF	2:0
pan-american-championships-2022	Senior Men -54kg	QF	214	MORENO Andres	COL	RODRIGUEZ Cesar	MEX	PTF	2:0
pan-american-championships-2022	Senior Men -54kg	QF	313	MELO Paulo	BRA	REYES Cristofer	DOM	PTG	2:0
pan-american-championships-2022	Senior Men -54kg	QF	314	ALVAREZ Melvy	USA	MIRANDA Adrian	ECU	PTF	2:0
pan-american-championships-2022	Senior Men -54kg	SF	121	MELO Paulo	BRA	HOEFLING Nicholas	CAN	PTF	2:0
pan-american-championships-2022	Senior Men -54kg	SF	221	MORENO Andres	COL	ALVAREZ Melvy	USA	PTF	1:1
pan-american-championships-2022	Senior Men -54kg	F	123	MELO Paulo	BRA	MORENO Andres	COL	PTF	2:0
pan-american-championships-2022	Senior Men +87kg	QF	109	ALVAREZ Luis	VEN	BERGERON Marc andre	CAN	PTF	2:0
pan-american-championships-2022	Senior Men +87kg	QF	209	SIQUEIRA Maicon	BRA	SALDARRIAGA Walter	COL	PTF	2:0
pan-american-championships-2022	Senior Men +87kg	QF	308	SANSORES Carlos	MEX	VAZQUEZ ORTIZ Jerry Luis	PUR	PTF	2:0
pan-american-championships-2022	Senior Men +87kg	QF	309	HEALY Jonathan	USA	NAZARENO Julio Ces	ECU	PTF	2:0
pan-american-championships-2022	Senior Men +87kg	SF	218	SANSORES Carlos	MEX	ALVAREZ Luis	VEN	PTF	1:0
pan-american-championships-2022	Senior Men +87kg	SF	318	HEALY Jonathan	USA	SIQUEIRA Maicon	BRA	PTF	2:0
pan-american-championships-2022	Senior Men +87kg	F	126	SANSORES Carlos	MEX	HEALY Jonathan	USA	PTF	1:1
pan-american-championships-2022	Senior Women -73kg	QF	110	TAMEZ Victoria	MEX	CASTELLANOS Jarolit	VEN	PTF	2:1
pan-american-championships-2022	Senior Women -73kg	QF	210	DE Marlin Nalleli	DOM	KERMICHE Yasmine	CAN	PTF	2:1
pan-american-championships-2022	Senior Women -73kg	QF	310	GALACHO Raphaella	BRA	MOLINA Yosselyn	HON	PTF	2:0
pan-american-championships-2022	Senior Women -73kg	SF	119	GORMAN-SHORE Madelynn	USA	TAMEZ Victoria	MEX	PTF	2:0
pan-american-championships-2022	Senior Women -73kg	SF	219	GALACHO Raphaella	BRA	DE Marlin Nalleli	DOM	PTF	2:0
pan-american-championships-2022	Senior Women -73kg	F	225	GORMAN-SHORE Madelynn	USA	GALACHO Raphaella	BRA	PTF	2:0
pan-american-championships-2022	Senior Women -49kg	R16	101	ESPINOZA Fernanda	ECU	GRIPPOLI Maria Sar	URU	PTF	1:1
pan-american-championships-2022	Senior Women -49kg	R16	102	VICTOR Nahomy	DOM	ROSADO CRUZ CHANEL	PUR	PTF	2:0
pan-american-championships-2022	Senior Women -49kg	R16	201	BEZERRA Camila	BRA	CHIRINOS Jaimar Sa	ARU	PTF	2:0
pan-american-championships-2022	Senior Women -49kg	R16	202	XX Xxx	PER	TALBOTT Riccy	HON	PTF	2:1
pan-american-championships-2022	Senior Women -49kg	R16	301	SALAS Lizette	USA	OLIVAS CHRISLEY	NCA	PTF	1:1
pan-american-championships-2022	Senior Women -49kg	QF	111	SOUZA Daniela Paola	MEX	ESPINOZA Fernanda	ECU	PTF	2:0
pan-american-championships-2022	Senior Women -49kg	QF	112	TRANQUILLE Viviane	CAN	XX Xxx	PER	PTF	2:0
pan-american-championships-2022	Senior Women -49kg	QF	211	SALAS Lizette	USA	BEZERRA Camila	BRA	PTF	2:0
pan-american-championships-2022	Senior Women -49kg	QF	311	GONZALEZ Daniella	GUA	VICTOR Nahomy	DOM	PTF	1:1
pan-american-championships-2022	Senior Women -49kg	SF	120	TRANQUILLE Viviane	CAN	GONZALEZ Daniella	GUA	PTF	2:0
pan-american-championships-2022	Senior Women -49kg	SF	319	SOUZA Daniela Paola	MEX	SALAS Lizette	USA	WDR	2:1
pan-american-championships-2022	Senior Women -49kg	F	224	SOUZA Daniela Paola	MEX	TRANQUILLE Viviane	CAN	PTF	2:0
pan-american-championships-2022	Senior Women -46kg	R16	104	CASTILLO Karoline Stephanie	PAN	FONSECA Caliana	USA	PTF	2:0
pan-american-championships-2022	Senior Women -46kg	R16	204	ESPINOSA Amelia Is	MEX	OROZCO Angelique	CAN	PTF	2:1
pan-american-championships-2022	Senior Women -46kg	R16	303	DELLAN Virginia	VEN	LARA Vanessa	DOM	PTF	2:0
pan-american-championships-2022	Senior Women -46kg	R16	304	VEGA BON Veronica	PUR	VICENTE Sidney	HON	PTF	2:0
pan-american-championships-2022	Senior Women -46kg	QF	115	SANTOS Valeria	BRA	DELLAN Virginia	VEN	PTF	2:1
pan-american-championships-2022	Senior Women -46kg	QF	116	RAMIREZ VARGAS Andrea	COL	VEGA BON Veronica	PUR	WDR	1:0
pan-american-championships-2022	Senior Women -46kg	QF	215	CASTILLO Karoline Stephanie	PAN	LIEGHIO Maria Sofi	URU	PTF	2:0
pan-american-championships-2022	Senior Women -46kg	QF	315	SANCHO Laura	WT	ESPINOSA Amelia Is	MEX	PTG	2:0
pan-american-championships-2022	Senior Women -46kg	SF	122	RAMIREZ VARGAS Andrea	COL	SANCHO Laura	WT	PTF	2:0
pan-american-championships-2022	Senior Women -46kg	SF	321	CASTILLO Karoline Stephanie	PAN	SANTOS Valeria	BRA	PTF	2:0
pan-american-championships-2022	Senior Women -46kg	F	223	RAMIREZ VARGAS Andrea	COL	CASTILLO Karoline Stephanie	PAN	PTF	2:0
pan-american-championships-2022	Senior Women +73kg	QF	108	MOSQUERA Gloria Ca	COL	GARCIA Paloma	MEX	PTF	2:0
pan-american-championships-2022	Senior Women +73kg	QF	207	SIQUEIRA Gabriele	BRA	FOUNTAIN Rachel	CAN	PTF	2:1
pan-american-championships-2022	Senior Women +73kg	QF	208	RODRIGUEZ Katherine	DOM	FERNANDEZ Carolina	VEN	PTF	2:1
pan-american-championships-2022	Senior Women +73kg	QF	307	KECK Hannah	USA	AVILA Keyla	HON	PTF	2:0
pan-american-championships-2022	Senior Women +73kg	SF	118	MOSQUERA Gloria Ca	COL	RODRIGUEZ Katherine	DOM	PTF	2:0
pan-american-championships-2022	Senior Women +73kg	SF	317	SIQUEIRA Gabriele	BRA	KECK Hannah	USA	PTF	2:0
pan-american-championships-2022	Senior Women +73kg	F	226	MOSQUERA Gloria Ca	COL	SIQUEIRA Gabriele	BRA	PTF	1:0
pan-american-championships-2022	Senior Men -80kg	R16	109	COBAS Jose	CUB	SEALY. Brandon	JAM	PTF	2:0
pan-american-championships-2022	Senior Men -80kg	R16	110	RODRIGUES FERNANDES Henrique marques	BRA	BENITES Jose	ECU	PTF	2:0
pan-american-championships-2022	Senior Men -80kg	R16	209	ROBLETO David	NCA	ANDRADE HERRERA Hassani	PER	PTF	2:0
pan-american-championships-2022	Senior Men -80kg	R16	210	WEBB Julian	WT	GONZALEZ Alejandro	PUR	PTF	2:1
pan-american-championships-2022	Senior Men -80kg	R16	308	POTVIN Maxime	CAN	PASTOR Jose	MEX	PTF	2:0
pan-american-championships-2022	Senior Men -80kg	R16	309	TREJOS SALAS Miguel	COL	OLMEDO Dylan leonel	ARG	PTF	2:0
pan-american-championships-2022	Senior Men -80kg	R16	310	NICKOLAS CJ	USA	CHURCHILL MARTINEZ Joaquin	CHI	PTF	2:0
pan-american-championships-2022	Senior Men -80kg	QF	121	RODRIGUES FERNANDES Henrique marques	BRA	TREJOS SALAS Miguel	COL	PTF	1:0
pan-american-championships-2022	Senior Men -80kg	QF	220	HERNANDEZ Moises	DOM	POTVIN Maxime	CAN	PTF	2:1
pan-american-championships-2022	Senior Men -80kg	QF	221	NICKOLAS CJ	USA	WEBB Julian	WT	PTF	2:0
pan-american-championships-2022	Senior Men -80kg	QF	320	ROBLETO David	NCA	COBAS Jose	CUB	RSC	1:0
pan-american-championships-2022	Senior Men -80kg	SF	226	HERNANDEZ Moises	DOM	ROBLETO David	NCA	PTF	2:0
pan-american-championships-2022	Senior Men -80kg	SF	326	NICKOLAS CJ	USA	RODRIGUES FERNANDES Henrique marques	BRA	PTF	2:0
pan-american-championships-2022	Senior Men -80kg	F	130	NICKOLAS CJ	USA	HERNANDEZ Moises	DOM	PTF	2:1
pan-american-championships-2022	Senior Men -74kg	R16	106	VALENCIA Juan Seba	COL	HERRERA Josue	NCA	PTF	2:0
pan-american-championships-2022	Senior Men -74kg	R16	305	CONTRERAS Edgar	VEN	ZEPEDA Victor Julio (HON-1505)	HON	PTF	2:0
pan-american-championships-2022	Senior Men -74kg	QF	118	PARK Tae ku	CAN	MARTINEZ Pedro Lui	DOM	PTF	2:0
pan-american-championships-2022	Senior Men -74kg	QF	218	LIU Joshua	USA	ROSADO CRUZ Yandel	PUR	PTF	2:0
pan-american-championships-2022	Senior Men -74kg	QF	317	LIZARRAGA Rene	MEX	CONTRERAS Edgar	VEN	PTF	2:0
pan-american-championships-2022	Senior Men -74kg	QF	318	PONTES Edival	BRA	VALENCIA Juan Seba	COL	PTF	2:0
pan-american-championships-2022	Senior Men -74kg	SF	125	LIZARRAGA Rene	MEX	PARK Tae ku	CAN	PTF	2:1
pan-american-championships-2022	Senior Men -74kg	SF	225	PONTES Edival	BRA	LIU Joshua	USA	PTF	2:0
pan-american-championships-2022	Senior Men -74kg	F	129	PONTES Edival	BRA	LIZARRAGA Rene	MEX	PTF	2:0
pan-american-championships-2022	Senior Men -68kg	R16	107	NKOGHO MENGUE Hervan	CAN	RUIZ Alexander	VEN	PTF	2:0
pan-american-championships-2022	Senior Men -68kg	R16	108	GONZALEZ GOMEZ Federico	URU	CAMPOS Santiago	ARG	PTF	2:0
pan-american-championships-2022	Senior Men -68kg	R16	206	HARRIS Khalfani	USA	SANTOS Gabriel	BRA	PTF	2:0
pan-american-championships-2022	Senior Men -68kg	R16	207	PIE Bernardo	DOM	VICENTE Rabbin	HON	PTF	2:0
pan-american-championships-2022	Senior Men -68kg	R16	208	PAZ ROCHA David felipe	COL	NIETO Jose	ECU	PTF	2:0
pan-american-championships-2022	Senior Men -68kg	R16	306	CASAS GARCIA Iker	MEX	MONTUFAR Diego	GUA	PTF	2:0
pan-american-championships-2022	Senior Men -68kg	R16	307	LEON Braulio	PER	BENITEZ Adrian	PUR	PTF	2:0
pan-american-championships-2022	Senior Men -68kg	QF	119	MORALES Ignacio	CHI	HARRIS Khalfani	USA	PTF	2:1
pan-american-championships-2022	Senior Men -68kg	QF	120	PAZ ROCHA David felipe	COL	GONZALEZ GOMEZ Federico	URU	PTF	2:0
pan-american-championships-2022	Senior Men -68kg	QF	219	NKOGHO MENGUE Hervan	CAN	CASAS GARCIA Iker	MEX	PTF	2:1
pan-american-championships-2022	Senior Men -68kg	QF	319	PIE Bernardo	DOM	LEON Braulio	PER	PTF	2:1
pan-american-championships-2022	Senior Men -68kg	SF	126	PIE Bernardo	DOM	PAZ ROCHA David felipe	COL	PTF	2:0
pan-american-championships-2022	Senior Men -68kg	SF	325	NKOGHO MENGUE Hervan	CAN	MORALES Ignacio	CHI	PTF	2:0
pan-american-championships-2022	Senior Men -68kg	F	128	PIE Bernardo	DOM	NKOGHO MENGUE Hervan	CAN	PTF	2:0
pan-american-championships-2022	Senior Men -63kg	R16	105	GARRIDO REYES Jhon deivi	COL	LAU Adrian	GUA	PTF	2:0
pan-american-championships-2022	Senior Men -63kg	R16	204	CHRISTENSEN Ayden	USA	ROBLES Johan	NCA	PTF	2:1
pan-american-championships-2022	Senior Men -63kg	R16	205	WILLIAM Jackson IV	HAI	RAMIREZ Mauricio	ECU	PTF	2:0
pan-american-championships-2022	Senior Men -63kg	R16	304	RAMOS Gabriel	BRA	DE JESUS Luis	PUR	PTF	2:0
pan-american-championships-2022	Senior Men -63kg	QF	117	GUZMAN Lucas	ARG	GARRIDO REYES Jhon deivi	COL	PTF	2:1
pan-american-championships-2022	Senior Men -63kg	QF	216	NAVARRO Carlos	MEX	CHRISTENSEN Ayden	USA	PTF	2:0
pan-american-championships-2022	Senior Men -63kg	QF	217	PARK Braven	CAN	WILLIAM Jackson IV	HAI	PTF	2:0
pan-american-championships-2022	Senior Men -63kg	QF	316	RAMOS Gabriel	BRA	PIE Luis	DOM	PTF	2:1
pan-american-championships-2022	Senior Men -63kg	SF	224	RAMOS Gabriel	BRA	NAVARRO Carlos	MEX	PTF	2:0
pan-american-championships-2022	Senior Men -63kg	SF	324	GUZMAN Lucas	ARG	PARK Braven	CAN	PTF	2:0
pan-american-championships-2022	Senior Men -63kg	F	127	RAMOS Gabriel	BRA	GUZMAN Lucas	ARG	PTF	1:0
pan-american-championships-2022	Senior Women -67kg	R16	104	VASQUEZ MENDOZA Eliana	PER	ROMAN TORRES Naishka	PUR	PTF	2:1
pan-american-championships-2022	Senior Women -67kg	R16	303	RIVAS Victoria	ARG	RODRIGUEZ Madelyn Andrea	DOM	PTF	2:0
pan-american-championships-2022	Senior Women -67kg	QF	115	TITONELI Milena	BRA	RIVAS Victoria	ARG	PTF	2:0
pan-american-championships-2022	Senior Women -67kg	QF	116	PAGNOTTA Melissa	CAN	VASQUEZ MENDOZA Eliana	PER	PTF	2:0
pan-american-championships-2022	Senior Women -67kg	QF	215	VIANA Alena	USA	ACOSTA Arlettys De La Caridad	CUB	PTF	2:1
pan-american-championships-2022	Senior Women -67kg	QF	315	SOLTERO Leslie	MEX	GALLARDO Claudia	CHI	PTF	2:1
pan-american-championships-2022	Senior Women -67kg	SF	124	SOLTERO Leslie	MEX	PAGNOTTA Melissa	CAN	PTF	2:0
pan-american-championships-2022	Senior Women -67kg	SF	323	TITONELI Milena	BRA	VIANA Alena	USA	PTF	2:0
pan-american-championships-2022	Senior Women -67kg	F	230	TITONELI Milena	BRA	SOLTERO Leslie	MEX	PTF	2:0
pan-american-championships-2022	Senior Women -62kg	R16	101	SULBARAN Alexmar	VEN	MORAN Geisha	DOM	PTF	2:0
pan-american-championships-2022	Senior Women -62kg	R16	201	DUMAR Katherine	COL	LEON Natalia	PUR	PTF	2:0
pan-american-championships-2022	Senior Women -62kg	QF	111	SANTOS Caroline	BRA	SULBARAN Alexmar	VEN	PTF	2:0
pan-american-championships-2022	Senior Women -62kg	QF	112	DUMAR Katherine	COL	KRAAYEVELD Ashley	CAN	SUP	1:1
pan-american-championships-2022	Senior Women -62kg	QF	211	DILLON Faith	USA	EVOLO Gianella	ARG	PTF	2:0
pan-american-championships-2022	Senior Women -62kg	QF	311	MINA Mell	ECU	VELAZQUEZ Itzel	MEX	PTF	2:1
pan-american-championships-2022	Senior Women -62kg	SF	122	DUMAR Katherine	COL	MINA Mell	ECU	PTF	1:1
pan-american-championships-2022	Senior Women -62kg	SF	321	SANTOS Caroline	BRA	DILLON Faith	USA	PTF	1:0
pan-american-championships-2022	Senior Women -62kg	F	229	SANTOS Caroline	BRA	DUMAR Katherine	COL	PTF	2:0
pan-american-championships-2022	Senior Women -57kg	R16	102	FELIX Anel	MEX	GONZALEZ Genesis	VEN	PTF	2:0
pan-american-championships-2022	Senior Women -57kg	R16	202	MUNOZ Daniela Alej	COL	CEDENO Anggelina B	ECU	PTF	2:1
pan-american-championships-2022	Senior Women -57kg	R16	301	RUIZ Yuliana	ARG	MEJIA Mayerlin Yan	DOM	PTF	2:0
pan-american-championships-2022	Senior Women -57kg	QF	113	AGUIRRE Fernanda	CHI	FELIX Anel	MEX	PTF	2:1
pan-american-championships-2022	Senior Women -57kg	QF	212	PARK Skylar	CAN	RUIZ Yuliana	ARG	PTF	2:0
pan-american-championships-2022	Senior Women -57kg	QF	213	MACEDO Sandy	BRA	MUNOZ Daniela Alej	COL	PTF	1:0
pan-american-championships-2022	Senior Women -57kg	QF	312	FLORES Hermaliz	PUR	XX Xxx	PER	PTF	2:0
pan-american-championships-2022	Senior Women -57kg	SF	222	PARK Skylar	CAN	FLORES Hermaliz	PUR	PTF	2:0
pan-american-championships-2022	Senior Women -57kg	SF	322	MACEDO Sandy	BRA	AGUIRRE Fernanda	CHI	PTF	2:0
pan-american-championships-2022	Senior Women -57kg	F	228	PARK Skylar	CAN	MACEDO Sandy	BRA	PTF	2:0
pan-american-championships-2022	Senior Women -53kg	R16	103	GOMEZ Lucero	COL	FOKAS Sophia	CAN	PTF	2:0
pan-american-championships-2022	Senior Women -53kg	R16	203	GODOY Carla	ARG	BONILLA CRUZ Andrialis ramona	DOM	PTF	2:0
pan-american-championships-2022	Senior Women -53kg	R16	302	ROBLES Tamara	CUB	LUO Mariana	WT	SUP	2:0
pan-american-championships-2022	Senior Women -53kg	QF	114	PEDROZA Yuliena	GUA	SANTIAGO Keishlie	PUR	PTF	2:0
pan-american-championships-2022	Senior Women -53kg	QF	214	REIS Talisca	BRA	GOMEZ Lucero	COL	PTF	2:0
pan-american-championships-2022	Senior Women -53kg	QF	313	ROBLES Tamara	CUB	VILLEGAS Fabiola G	MEX	PTF	2:1
pan-american-championships-2022	Senior Women -53kg	QF	314	GREENWOOD Makayla	USA	GODOY Carla	ARG	PTF	2:0
pan-american-championships-2022	Senior Women -53kg	SF	123	ROBLES Tamara	CUB	PEDROZA Yuliena	GUA	PTF	2:0
pan-american-championships-2022	Senior Women -53kg	SF	223	GREENWOOD Makayla	USA	REIS Talisca	BRA	PTF	2:0
pan-american-championships-2022	Senior Women -53kg	F	227	GREENWOOD Makayla	USA	ROBLES Tamara	CUB	PTF	2:0
european-championships-2022	Senior Women -49kg	R32		YLONEN Jenna	FIN	HADJICOSTI Antriana	CYP		
european-championships-2022	Senior Women -49kg	R32		CASTILLO Jade theresa	DEN	BAJAN Mihaela nicoleta claudia	ROU		
european-championships-2022	Senior Women -49kg	R32		KOKOSI Anastasia Nektaria	GRE	LIÑAN PARDO Naiara	AND		
european-championships-2022	Senior Women -49kg	R16		ATESLI Supharada	GER	ABAKAROVA Patimat	AZE		
european-championships-2022	Senior Women -49kg	R16		CORELLI Martina	ITA	STANKOVIC Vanja	SRB		
european-championships-2022	Senior Women -49kg	R16		DINCEL KAVURAT Merve	TUR	KOSTOVA Nikolet	BUL		
european-championships-2022	Senior Women -49kg	R16		MOORE Maddison	GBR	KAMKASOUMPHOU Maysane	FRA		
european-championships-2022	Senior Women -49kg	R16		DUVANCIC Bruna	CRO	ROMOLDANOVA Iryna	UKR		
european-championships-2022	Senior Women -49kg	R16		SEMBERG Abishag	ISR	CASTILLO Jade theresa	DEN		
european-championships-2022	Senior Women -49kg	R16		CEREZO IGLESIAS Adriana	ESP	YLONEN Jenna	FIN		
european-championships-2022	Senior Women -49kg	R16		YILDIRIM Rukiye	TUR	KOKOSI Anastasia Nektaria	GRE		
european-championships-2022	Senior Women -49kg	QF		CEREZO IGLESIAS Adriana	ESP	CORELLI Martina	ITA		
european-championships-2022	Senior Women -49kg	QF		DINCEL KAVURAT Merve	TUR	MOORE Maddison	GBR		
european-championships-2022	Senior Women -49kg	QF		SEMBERG Abishag	ISR	ATESLI Supharada	GER		
european-championships-2022	Senior Women -49kg	QF		DUVANCIC Bruna	CRO	YILDIRIM Rukiye	TUR		
european-championships-2022	Senior Women -49kg	SF		DINCEL KAVURAT Merve	TUR	CEREZO IGLESIAS Adriana	ESP		
european-championships-2022	Senior Women -49kg	SF		SEMBERG Abishag	ISR	DUVANCIC Bruna	CRO		
european-championships-2022	Senior Women -49kg	F		DINCEL KAVURAT Merve	TUR	SEMBERG Abishag	ISR		
european-championships-2022	Senior Women -53kg	R32		HAJIYEVA Roya	AZE	LYNGBAEK Louise	DEN		
european-championships-2022	Senior Women -53kg	R32		KHOBTAR Sofiia	UKR	AGAOU Khalissa	FRA		
european-championships-2022	Senior Women -53kg	R32		TEGGERI Markella	CYP	ERGATI Eleni	GRE		
european-championships-2022	Senior Women -53kg	R16		DUVANCIC IVANA	CRO	HRONOVA Dominika	CZE		
european-championships-2022	Senior Women -53kg	R16		MUSTEATA Liana	ROU	BRISKAROVA Gabriela	SVK		
european-championships-2022	Senior Women -53kg	R16		AGRIS Zeliha	TUR	HOGLINGER Lea	AUT		
european-championships-2022	Senior Women -53kg	R16		PATAKFALVY Luca	HUN	PREISS Noa	ISR		
european-championships-2022	Senior Women -53kg	R16		MEIŠTININKAITĖ Gerda	LTU	AL HALWANI Sarah	ITA		
european-championships-2022	Senior Women -53kg	R16		AYDIN KONSTANTINIDIS Ela	GER	HAJIYEVA Roya	AZE		
european-championships-2022	Senior Women -53kg	R16		BOGDANOVIC Tijana	SRB	KHOBTAR Sofiia	UKR		
european-championships-2022	Senior Women -53kg	R16		PEREZ PARRADO Alma maria	ESP	TEGGERI Markella	CYP		
european-championships-2022	Senior Women -53kg	QF		AYDIN KONSTANTINIDIS Ela	GER	MUSTEATA Liana	ROU		
european-championships-2022	Senior Women -53kg	QF		AGRIS Zeliha	TUR	PATAKFALVY Luca	HUN		
european-championships-2022	Senior Women -53kg	QF		DUVANCIC IVANA	CRO	BOGDANOVIC Tijana	SRB		
european-championships-2022	Senior Women -53kg	QF		PEREZ PARRADO Alma maria	ESP	MEIŠTININKAITĖ Gerda	LTU		
european-championships-2022	Senior Women -53kg	SF		AGRIS Zeliha	TUR	AYDIN KONSTANTINIDIS Ela	GER		
european-championships-2022	Senior Women -53kg	SF		PEREZ PARRADO Alma maria	ESP	DUVANCIC IVANA	CRO		
european-championships-2022	Senior Women -53kg	F		AGRIS Zeliha	TUR	PEREZ PARRADO Alma maria	ESP		
european-championships-2022	Senior Men -54kg	R32		MARWAN Ebrahim	SWE	FEIEREISEN Louis	LUX		
european-championships-2022	Senior Men -54kg	R32		ANDRONIKOU Kyriakos	CYP	AULAQI Yones Darid	DEN		
european-championships-2022	Senior Men -54kg	R16		TESKERA Josip	CRO	DADASHOV Sayyad	AZE		
european-championships-2022	Senior Men -54kg	R16		DIMITROV Vadim	MDA	CONTI Andrea	ITA		
european-championships-2022	Senior Men -54kg	R16		ARILLO VAZQUEZ Hugo	ESP	PASHCOVSKY Tom	ISR		
european-championships-2022	Senior Men -54kg	R16		POLAT Gorkem	TUR	MARWAN Ebrahim	SWE		
european-championships-2022	Senior Men -54kg	R16		DAGDELEN Deniz	TUR	ANARGYROS PRASSAS	GRE		
european-championships-2022	Senior Men -54kg	R16		MOLJ Domen	SLO	ONUS Emircan	GER		
european-championships-2022	Senior Men -54kg	R16		MOLLE Milan	NED	BOGDANOV Lyubomir	BUL		
european-championships-2022	Senior Men -54kg	R16		SALIM Omar gergely	HUN	ANDRONIKOU Kyriakos	CYP		
european-championships-2022	Senior Men -54kg	QF		TESKERA Josip	CRO	DIMITROV Vadim	MDA		
european-championships-2022	Senior Men -54kg	QF		POLAT Gorkem	TUR	ARILLO VAZQUEZ Hugo	ESP		
european-championships-2022	Senior Men -54kg	QF		SALIM Omar gergely	HUN	MOLJ Domen	SLO		
european-championships-2022	Senior Men -54kg	QF		DAGDELEN Deniz	TUR	MOLLE Milan	NED		
european-championships-2022	Senior Men -54kg	SF		POLAT Gorkem	TUR	TESKERA Josip	CRO		
european-championships-2022	Senior Men -54kg	SF		SALIM Omar gergely	HUN	DAGDELEN Deniz	TUR		
european-championships-2022	Senior Men -54kg	F		SALIM Omar gergely	HUN	POLAT Gorkem	TUR		
european-championships-2022	Senior Men -63kg	R32		ROGOZHINE Egor	ISR	NIKOLAOU Evangelos	GRE		
european-championships-2022	Senior Men -63kg	R32		STANIC Novak	SRB	HABURAJ Jakub	SVK		
european-championships-2022	Senior Men -63kg	R32		USCOV Serghei	MDA	PILAVAKIS Ioannis	CYP		
european-championships-2022	Senior Men -63kg	R32		DIMITROV Denis	BUL	BRAGANCA Rui	POR		
european-championships-2022	Senior Men -63kg	R32		SAARINEN Niko	FIN	TOZON jure	SLO		
european-championships-2022	Senior Men -63kg	R32		MAGOMEDOV Gashim	AZE	BYSTROV Volodymyr	UKR		
european-championships-2022	Senior Men -63kg	R16		HYTTEL Tobias	DEN	CANI Juirdo	ALB		
european-championships-2022	Senior Men -63kg	R16		ALAPHILIPPE Souleyman	FRA	BARETTA Dennis	ITA		
european-championships-2022	Senior Men -63kg	R16		JORQUERA CALA Joan	ESP	ROGOZHINE Egor	ISR		
european-championships-2022	Senior Men -63kg	R16		STANIC Novak	SRB	KONSTANTINIDIS Iordanis	GER		
european-championships-2022	Senior Men -63kg	R16		RECBER Hakan	TUR	USCOV Serghei	MDA		
european-championships-2022	Senior Men -63kg	R16		BRECIC Lovre	CRO	DIMITROV Denis	BUL		
european-championships-2022	Senior Men -63kg	R16		OZKAYA Imran	GER	SAARINEN Niko	FIN		
european-championships-2022	Senior Men -63kg	R16		ACHAB Jaouad	BEL	MAGOMEDOV Gashim	AZE		
european-championships-2022	Senior Men -63kg	QF		JORQUERA CALA Joan	ESP	HYTTEL Tobias	DEN		
european-championships-2022	Senior Men -63kg	QF		RECBER Hakan	TUR	STANIC Novak	SRB		
european-championships-2022	Senior Men -63kg	QF		OZKAYA Imran	GER	BRECIC Lovre	CRO		
european-championships-2022	Senior Men -63kg	QF		ALAPHILIPPE Souleyman	FRA	ACHAB Jaouad	BEL		
european-championships-2022	Senior Men -63kg	SF		RECBER Hakan	TUR	JORQUERA CALA Joan	ESP		
european-championships-2022	Senior Men -63kg	SF		ALAPHILIPPE Souleyman	FRA	OZKAYA Imran	GER		
european-championships-2022	Senior Men -63kg	F		RECBER Hakan	TUR	ALAPHILIPPE Souleyman	FRA		
european-championships-2022	Senior Women -73kg	R16		TATAR Nur	TUR	ZANONI Carlota Ter	ESP		
european-championships-2022	Senior Women -73kg	R16		BOZANIC Nadica	SRB	NTEMOGIANNI Paraskevi	GRE		
european-championships-2022	Senior Women -73kg	R16		KLEPAC Nika	CRO	OOGINK Reshmie	NED		
european-championships-2022	Senior Women -73kg	QF		LAURIN Althea	FRA	TATAR Nur	TUR		
european-championships-2022	Senior Women -73kg	QF		MCGOWAN Rebecca	GBR	SMIRAGLIA Maristella	ITA		
european-championships-2022	Senior Women -73kg	QF		BLE Marie-Paule	FRA	BOZANIC Nadica	SRB		
european-championships-2022	Senior Women -73kg	QF		KLEPAC Nika	CRO	HADZIC Alema	GER		
european-championships-2022	Senior Women -73kg	SF		LAURIN Althea	FRA	MCGOWAN Rebecca	GBR		
european-championships-2022	Senior Women -73kg	SF		KLEPAC Nika	CRO	BLE Marie-Paule	FRA		
european-championships-2022	Senior Women -73kg	F		LAURIN Althea	FRA	KLEPAC Nika	CRO		
european-championships-2022	Senior Women +73kg	R16		TEPAVAC Ana	SRB	AZRAN Dana	ISR		
european-championships-2022	Senior Women +73kg	R16		UZUNCAVDAR Sude yaren	TUR	BRANDL Lorena	GER		
european-championships-2022	Senior Women +73kg	R16		AVOULETTE Solene	FRA	HAUGEN Eliza frazier	NOR		
european-championships-2022	Senior Women +73kg	R16		JAHL Marlene	AUT	LAURIDSEN Natalie	DEN		
european-championships-2022	Senior Women +73kg	R16		PETANJEK NIKA	CRO	CASTINEIRA ETCHEVERRIA Tania	ESP		
european-championships-2022	Senior Women +73kg	R16		KUS AYDIN Nafia	TUR	KITSIOU Agoritsa artemia	GRE		
european-championships-2022	Senior Women +73kg	QF		WALKDEN Bianca	GBR	TEPAVAC Ana	SRB		
european-championships-2022	Senior Women +73kg	QF		AVOULETTE Solene	FRA	UZUNCAVDAR Sude yaren	TUR		
european-championships-2022	Senior Women +73kg	QF		KUS AYDIN Nafia	TUR	JAHL Marlene	AUT		
european-championships-2022	Senior Women +73kg	QF		KOWALCZUK Aleksandra	POL	PETANJEK NIKA	CRO		
european-championships-2022	Senior Women +73kg	SF		WALKDEN Bianca	GBR	AVOULETTE Solene	FRA		
european-championships-2022	Senior Women +73kg	SF		KOWALCZUK Aleksandra	POL	KUS AYDIN Nafia	TUR		
european-championships-2022	Senior Women +73kg	F		WALKDEN Bianca	GBR	KOWALCZUK Aleksandra	POL		
european-championships-2022	Senior Men -58kg	R32		FARNES Ricki Gene	DEN	PATISHI Ori	ISR		
european-championships-2022	Senior Men -58kg	R32		HAJNAL Filip	SRB	ANTONIOU Evangelos georgios	CYP		
european-championships-2022	Senior Men -58kg	R16		DELL'AQUILA Vito	ITA	FARNES Ricki Gene	DEN		
european-championships-2022	Senior Men -58kg	R16		SALIM Sharif gergely	HUN	DIMITROV Stepan	MDA		
european-championships-2022	Senior Men -58kg	R16		RAVET Cyrian	FRA	ISKANDAROV Parviz	AZE		
european-championships-2022	Senior Men -58kg	R16		NOUR Mohammed	GBR	YURKO Oleksii	UKR		
european-championships-2022	Senior Men -58kg	R16		VICENTE YUNTA Adrian	ESP	SERER Fran	CRO		
european-championships-2022	Senior Men -58kg	R16		RAPSOMANIKIS Dionysios	GRE	ALESIO Sebastien	FRA		
european-championships-2022	Senior Men -58kg	R16		DAYIOGLU Omer faruk	TUR	BORGEN Kristian storsul	NOR		
european-championships-2022	Senior Men -58kg	R16		WOOLLEY Jack	IRL	HAJNAL Filip	SRB		
european-championships-2022	Senior Men -58kg	QF		DELL'AQUILA Vito	ITA	SALIM Sharif gergely	HUN		
european-championships-2022	Senior Men -58kg	QF		RAVET Cyrian	FRA	NOUR Mohammed	GBR		
european-championships-2022	Senior Men -58kg	QF		VICENTE YUNTA Adrian	ESP	RAPSOMANIKIS Dionysios	GRE		
european-championships-2022	Senior Men -58kg	QF		WOOLLEY Jack	IRL	DAYIOGLU Omer faruk	TUR		
european-championships-2022	Senior Men -58kg	SF		RAVET Cyrian	FRA	DELL'AQUILA Vito	ITA		
european-championships-2022	Senior Men -58kg	SF		WOOLLEY Jack	IRL	VICENTE YUNTA Adrian	ESP		
european-championships-2022	Senior Men -58kg	F		RAVET Cyrian	FRA	WOOLLEY Jack	IRL		
european-championships-2022	Senior Men -87kg	R32		THEOCHAROUS Andreas	CYP	STASTNY Jiri	CZE		
european-championships-2022	Senior Men -87kg	R32		BILIC PAVLINOVIC Josip	CRO	SNACOV Laurentiu	ROU		
european-championships-2022	Senior Men -87kg	R32		BEIGI HARCHEGANI Milad	AZE	PAPADOPOULOS Ioannis	GRE		
european-championships-2022	Senior Men -87kg	R16		SAPINA Ivan	CRO	THEOCHAROUS Andreas	CYP		
european-championships-2022	Senior Men -87kg	R16		BICER Enbiya taha	TUR	DODEVSKI Filip	MKD		
european-championships-2022	Senior Men -87kg	R16		DIVKOVIC Partik	SLO	GOLUBOVIC Milos	SRB		
european-championships-2022	Senior Men -87kg	R16		CUNNINGHAM Caden	GBR	BAILEY Kelen	HUN		
european-championships-2022	Senior Men -87kg	R16		BONDAR Vladyslav	UKR	SEGEDIN Dinko	BIH		
european-championships-2022	Senior Men -87kg	R16		MARTINEZ GARCIA Raul	ESP	N'DIAYE M'bar	FRA		
european-championships-2022	Senior Men -87kg	R16		BACHMANN Alexander	GER	BILIC PAVLINOVIC Josip	CRO		
european-championships-2022	Senior Men -87kg	R16		BEIGI HARCHEGANI Milad	AZE	BOTTA Roberto	ITA		
european-championships-2022	Senior Men -87kg	QF		SAPINA Ivan	CRO	BONDAR Vladyslav	UKR		
european-championships-2022	Senior Men -87kg	QF		DIVKOVIC Partik	SLO	CUNNINGHAM Caden	GBR		
european-championships-2022	Senior Men -87kg	QF		MARTINEZ GARCIA Raul	ESP	BACHMANN Alexander	GER		
european-championships-2022	Senior Men -87kg	QF		BICER Enbiya taha	TUR	BEIGI HARCHEGANI Milad	AZE		
european-championships-2022	Senior Men -87kg	SF		SAPINA Ivan	CRO	DIVKOVIC Partik	SLO		
european-championships-2022	Senior Men -87kg	SF		MARTINEZ GARCIA Raul	ESP	BICER Enbiya taha	TUR		
european-championships-2022	Senior Men -87kg	F		SAPINA Ivan	CRO	MARTINEZ GARCIA Raul	ESP		
european-championships-2022	Senior Women -46kg	R32		CELIK Sueheda	GER	PAU Veronica	ITA		
european-championships-2022	Senior Women -46kg	R32		TSAMPALA Stamatia	GRE	IOVU Iasmina Iuliana	ROU		
european-championships-2022	Senior Women -46kg	R16		TAMMILA Ida-elina	FIN	MAKANJUOLA Catherine	GBR		
european-championships-2022	Senior Women -46kg	R16		KOUTTOUKI Kyriaki	CYP	JIMENEZ MONTERO Ana	ESP		
european-championships-2022	Senior Women -46kg	R16		ZRIHEN Michal	POR	AKBAROVA Minaya	AZE		
european-championships-2022	Senior Women -46kg	R16		STOJKOVIC Lena	CRO	CELIK Sueheda	GER		
european-championships-2022	Senior Women -46kg	R16		GOGEBAKAN Emine	TUR	PERUNICIC Jelena	MNE		
european-championships-2022	Senior Women -46kg	R16		REHANI Dalya	FRA	JOVIC Teodora	SRB		
european-championships-2022	Senior Women -46kg	R16		BAYECH Rivka	ISR	KELES Fatma	TUR		
european-championships-2022	Senior Women -46kg	R16		POURYOUNES LANGEROUDI Dina	RTA	TSAMPALA Stamatia	GRE		
european-championships-2022	Senior Women -46kg	QF		STOJKOVIC Lena	CRO	KOUTTOUKI Kyriaki	CYP		
european-championships-2022	Senior Women -46kg	QF		ZRIHEN Michal	POR	TAMMILA Ida-elina	FIN		
european-championships-2022	Senior Women -46kg	QF		GOGEBAKAN Emine	TUR	REHANI Dalya	FRA		
european-championships-2022	Senior Women -46kg	QF		BAYECH Rivka	ISR	POURYOUNES LANGEROUDI Dina	RTA		
european-championships-2022	Senior Women -46kg	SF		STOJKOVIC Lena	CRO	ZRIHEN Michal	POR		
european-championships-2022	Senior Women -46kg	SF		GOGEBAKAN Emine	TUR	BAYECH Rivka	ISR		
european-championships-2022	Senior Women -46kg	F		STOJKOVIC Lena	CRO	GOGEBAKAN Emine	TUR		
european-championships-2022	Senior Women -67kg	R32		SANDIC Zorana	BIH	FABER Isabelle	LUX		
european-championships-2022	Senior Women -67kg	R16		PERISIC Aleksandra	SRB	FUREDI Rebeka	HUN		
european-championships-2022	Senior Women -67kg	R16		CASTRO BURGOS Cecilia	ESP	NILSEN Mari romundset	NOR		
european-championships-2022	Senior Women -67kg	R16		KOERNDL Vanessa	GER	D'ANGELO Natalia	ITA		
european-championships-2022	Senior Women -67kg	R16		WIET HENIN Magda	FRA	GEORGIEVSKA Anamarija	MKD		
european-championships-2022	Senior Women -67kg	R16		AZIZOVA Farida	AZE	EVCI Mervenur	TUR		
european-championships-2022	Senior Women -67kg	R16		JELIC Matea	CRO	SANDIC Zorana	BIH		
european-championships-2022	Senior Women -67kg	R16		JIRANKOVA Iveta	CZE	MITSOPOULOU Athanasia	GRE		
european-championships-2022	Senior Women -67kg	R16		WILLIAMS Lauren	GBR	MEHNANA Ines	FRA		
european-championships-2022	Senior Women -67kg	QF		PERISIC Aleksandra	SRB	JELIC Matea	CRO		
european-championships-2022	Senior Women -67kg	QF		CASTRO BURGOS Cecilia	ESP	KOERNDL Vanessa	GER		
european-championships-2022	Senior Women -67kg	QF		WIET HENIN Magda	FRA	AZIZOVA Farida	AZE		
european-championships-2022	Senior Women -67kg	QF		WILLIAMS Lauren	GBR	JIRANKOVA Iveta	CZE		
european-championships-2022	Senior Women -67kg	SF		CASTRO BURGOS Cecilia	ESP	PERISIC Aleksandra	SRB		
european-championships-2022	Senior Women -67kg	SF		WIET HENIN Magda	FRA	WILLIAMS Lauren	GBR		
european-championships-2022	Senior Women -67kg	F		CASTRO BURGOS Cecilia	ESP	WIET HENIN Magda	FRA		
european-championships-2022	Senior Men -68kg	R32		KETBI Si mohamed	BEL	SARGSYAN Sargis	ARM		
european-championships-2022	Senior Men -68kg	R32		BEQAJ Zinedin	MNE	COULIBALY Sekou	LUX		
european-championships-2022	Senior Men -68kg	R32		LUCIEN Theo	FRA	AZEMI Arber	KOS		
european-championships-2022	Senior Men -68kg	R32		CHUMACHENKO Andrii	UKR	ALIAN Ali	SWE		
european-championships-2022	Senior Men -68kg	R32		KAVURAT Ferhat can	TUR	CECCARONI Michele	SMR		
european-championships-2022	Senior Men -68kg	R32		GLASNOVIC Leon	CRO	CRESCENZI Simone	ITA		
european-championships-2022	Senior Men -68kg	R32		KRIVISHKIY Nimrod	ISR	CHARALAMBOUS Evangelos	CYP		
european-championships-2022	Senior Men -68kg	R32		JOZSA Levente mark	HUN	FRGOLEC Miroslav	SVK		
european-championships-2022	Senior Men -68kg	R32		AGHAYEV Javad	AZE	KOVACIC Lin	SLO		
european-championships-2022	Senior Men -68kg	R32		JØRGENSEN Otto	DEN	DRAGOJEVIC Lazar	SRB		
european-championships-2022	Senior Men -68kg	R32		SZCZESNOWSKI Mateusz	POL	PEREIRA Renato	POR		
european-championships-2022	Senior Men -68kg	R32		DZHORDZHEV Mitko	BUL	GALLAND Warrick	SUI		
european-championships-2022	Senior Men -68kg	R32		CABALLERO Marcos	ESP	SITTEK Tomas	CZE		
european-championships-2022	Senior Men -68kg	R16		BEQAJ Zinedin	MNE	KETBI Si mohamed	BEL		
european-championships-2022	Senior Men -68kg	R16		LUCIEN Theo	FRA	CHUMACHENKO Andrii	UKR		
european-championships-2022	Senior Men -68kg	R16		SINDEN Bradly	GBR	SZCZESNOWSKI Mateusz	POL		
european-championships-2022	Senior Men -68kg	R16		CHAMALIDIS Konstantinos	GRE	KAVURAT Ferhat can	TUR		
european-championships-2022	Senior Men -68kg	R16		KRIVISHKIY Nimrod	ISR	GLASNOVIC Leon	CRO		
european-championships-2022	Senior Men -68kg	R16		AGHAYEV Javad	AZE	JOZSA Levente mark	HUN		
european-championships-2022	Senior Men -68kg	R16		PEREZ POLO Javier	ESP	JØRGENSEN Otto	DEN		
european-championships-2022	Senior Men -68kg	R16		CABALLERO Marcos	ESP	DZHORDZHEV Mitko	BUL		
european-championships-2022	Senior Men -68kg	QF		LUCIEN Theo	FRA	BEQAJ Zinedin	MNE		
european-championships-2022	Senior Men -68kg	QF		SINDEN Bradly	GBR	CABALLERO Marcos	ESP		
european-championships-2022	Senior Men -68kg	QF		KRIVISHKIY Nimrod	ISR	CHAMALIDIS Konstantinos	GRE		
european-championships-2022	Senior Men -68kg	QF		PEREZ POLO Javier	ESP	AGHAYEV Javad	AZE		
european-championships-2022	Senior Men -68kg	SF		SINDEN Bradly	GBR	LUCIEN Theo	FRA		
european-championships-2022	Senior Men -68kg	SF		PEREZ POLO Javier	ESP	KRIVISHKIY Nimrod	ISR		
european-championships-2022	Senior Men -68kg	F		SINDEN Bradly	GBR	PEREZ POLO Javier	ESP		
european-championships-2022	Senior Men -80kg	R32		MANSOURI Farzad	RTA	SULEYMANOV Taleh	AZE		
european-championships-2022	Senior Men -80kg	R32		CRISTESCU Mihai adrian	ROU	BAJRA Arber	KOS		
european-championships-2022	Senior Men -80kg	R16		PIATKOWSKI Szymon	POL	FERREIRA Julio	POR		
european-championships-2022	Senior Men -80kg	R16		ALESSIO Simone	ITA	KARAJLOVIC Ivan	SRB		
european-championships-2022	Senior Men -80kg	R16		HRNIC Edi	DEN	TELIKOSTOGLOU Apostolos	GRE		
european-championships-2022	Senior Men -80kg	R16		KARTAL Huseyin	TUR	BOUZID SOUIHILI Ismael	FRA		
european-championships-2022	Senior Men -80kg	R16		ORDEMANN Richard andre	NOR	MANSOURI Farzad	RTA		
european-championships-2022	Senior Men -80kg	R16		FILIPPOV Oleksandr	ISR	CINTADO ARTECHE Jon	ESP		
european-championships-2022	Senior Men -80kg	R16		GERRONE Antonio	ITA	RADOJKOVIC Aleksandar	AUT		
european-championships-2022	Senior Men -80kg	R16		KANAET Toni	CRO	CRISTESCU Mihai adrian	ROU		
european-championships-2022	Senior Men -80kg	QF		ALESSIO Simone	ITA	GERRONE Antonio	ITA		
european-championships-2022	Senior Men -80kg	QF		KANAET Toni	CRO	PIATKOWSKI Szymon	POL		
european-championships-2022	Senior Men -80kg	QF		HRNIC Edi	DEN	FILIPPOV Oleksandr	ISR		
european-championships-2022	Senior Men -80kg	QF		ORDEMANN Richard andre	NOR	KARTAL Huseyin	TUR		
european-championships-2022	Senior Men -80kg	SF		ALESSIO Simone	ITA	KANAET Toni	CRO		
european-championships-2022	Senior Men -80kg	SF		HRNIC Edi	DEN	ORDEMANN Richard andre	NOR		
european-championships-2022	Senior Men -80kg	F		ALESSIO Simone	ITA	HRNIC Edi	DEN		
european-championships-2022	Senior Women -57kg	R32		AL HALWANI Giada	ITA	MAJIDOVA Fatima	AZE		
european-championships-2022	Senior Women -57kg	R32		CARABIN Kanelya	FRA	BORISOVA Borislava	BUL		
european-championships-2022	Senior Women -57kg	R32		ORTIZ BENITO Arlet	ESP	RACHE Tania maria	ROU		
european-championships-2022	Senior Women -57kg	R32		TARVIDA Inese	LAT	LIPATOVA Juliana	UKR		
european-championships-2022	Senior Women -57kg	R32		KICEMA Helena	CRO	KINDL Melanie	AUT		
european-championships-2022	Senior Women -57kg	R32		ZDERO Petra	BIH	CUNHA Joana	POR		
european-championships-2022	Senior Women -57kg	R32		HARKONEN Helmi	FIN	ANTONIOU Anna Maria	CYP		
european-championships-2022	Senior Women -57kg	R16		ZDERO Petra	BIH	ASEMANI Raheleh	BEL		
european-championships-2022	Senior Women -57kg	R16		AL HALWANI Giada	ITA	POWELL Aaliyah	GBR		
european-championships-2022	Senior Women -57kg	R16		TARVIDA Inese	LAT	SCHOENMAKERS Bodine	NED		
european-championships-2022	Senior Women -57kg	R16		KALTEKI Faidra	GRE	ORTIZ BENITO Arlet	ESP		
european-championships-2022	Senior Women -57kg	R16		ADAMKIEWICZ Patrycja	POL	CARABIN Kanelya	FRA		
european-championships-2022	Senior Women -57kg	R16		JONES Jade	GBR	KICEMA Helena	CRO		
european-championships-2022	Senior Women -57kg	R16		ILGUN Hatice kubra	TUR	HARKONEN Helmi	FIN		
european-championships-2022	Senior Women -57kg	R16		TVARONAVICIUTE Klaudija	LTU	RADMILOVIC Aleksandra	SRB		
european-championships-2022	Senior Women -57kg	QF		AL HALWANI Giada	ITA	ZDERO Petra	BIH		
european-championships-2022	Senior Women -57kg	QF		ADAMKIEWICZ Patrycja	POL	KALTEKI Faidra	GRE		
european-championships-2022	Senior Women -57kg	QF		JONES Jade	GBR	TARVIDA Inese	LAT		
european-championships-2022	Senior Women -57kg	QF		ILGUN Hatice kubra	TUR	TVARONAVICIUTE Klaudija	LTU		
european-championships-2022	Senior Women -57kg	SF		ADAMKIEWICZ Patrycja	POL	JONES Jade	GBR		
european-championships-2022	Senior Women -57kg	SF		ILGUN Hatice kubra	TUR	AL HALWANI Giada	ITA		
european-championships-2022	Senior Women -57kg	F		ILGUN Hatice kubra	TUR	ADAMKIEWICZ Patrycja	POL		
european-championships-2022	Senior Women -62kg	R32		MANNINEN Jasmin	FIN	GAIZAUSKAITE Gerda	LTU		
european-championships-2022	Senior Women -62kg	R32		MALLIEN Clara	FRA	ENGSTROM Anna	SWE		
european-championships-2022	Senior Women -62kg	R32		SARVANAKI Theopoula	GRE	LABUZOVA Mariia	UKR		
european-championships-2022	Senior Women -62kg	R16		ROBERTS Chloe	GBR	GJELSVIK Karoline	NOR		
european-championships-2022	Senior Women -62kg	R16		CHAARI Sarah	BEL	TARVIDA Jolanta	LAT		
european-championships-2022	Senior Women -62kg	R16		MAGDALENO ALBIZU Jone	ESP	PATAKFALVY Csenge Eleonora	HUN		
european-championships-2022	Senior Women -62kg	R16		VULETIC Bruna	CRO	MANNINEN Jasmin	FIN		
european-championships-2022	Senior Women -62kg	R16		FROEMMING Anna-Lena	GER	MALLIEN Clara	FRA		
european-championships-2022	Senior Women -62kg	R16		STOLBOVA Petra	CZE	SAVKOVIC Nadja	SRB		
european-championships-2022	Senior Women -62kg	R16		ALIZADEH Kimia	RTA	KAYIR Ikra	TUR		
european-championships-2022	Senior Women -62kg	R16		SARVANAKI Theopoula	GRE	CALVO GOMEZ Marta	ESP		
european-championships-2022	Senior Women -62kg	QF		CHAARI Sarah	BEL	VULETIC Bruna	CRO		
european-championships-2022	Senior Women -62kg	QF		MAGDALENO ALBIZU Jone	ESP	ROBERTS Chloe	GBR		
european-championships-2022	Senior Women -62kg	QF		STOLBOVA Petra	CZE	FROEMMING Anna-Lena	GER		
european-championships-2022	Senior Women -62kg	QF		ALIZADEH Kimia	RTA	SARVANAKI Theopoula	GRE		
european-championships-2022	Senior Women -62kg	SF		MAGDALENO ALBIZU Jone	ESP	CHAARI Sarah	BEL		
european-championships-2022	Senior Women -62kg	SF		STOLBOVA Petra	CZE	ALIZADEH Kimia	RTA		
european-championships-2022	Senior Women -62kg	F		MAGDALENO ALBIZU Jone	ESP	STOLBOVA Petra	CZE		
european-championships-2022	Senior Men -74kg	R32		CHEHADE Mohamad	SWE	PROCOPCIUC Lucian	POR		
european-championships-2022	Senior Men -74kg	R32		GAFAROV Eltaj	AZE	STROOM Karl kunter	EST		
european-championships-2022	Senior Men -74kg	R32		PELTEKIS Dimitrios	GRE	KTORI Vasilis	CYP		
european-championships-2022	Senior Men -74kg	R32		PERUNIČIĆ Vasilije	MNE	NSILU DILANDU Leroy	IRL		
european-championships-2022	Senior Men -74kg	R32		BALIVA Samuele	ITA	CRESCENTINI Stefano	SMR		
european-championships-2022	Senior Men -74kg	R32		CHUMACHENKO Oleksandr	UKR	THUNE Sebastian	NOR		
european-championships-2022	Senior Men -74kg	R32		BAJRA Arbnor	KOS	AMER Abdullah	DEN		
european-championships-2022	Senior Men -74kg	R16		QUESADA BARRERA Daniel	ESP	CHEHADE Mohamad	SWE		
european-championships-2022	Senior Men -74kg	R16		YILDIZ Muhammed emin	TUR	GAFAROV Eltaj	AZE		
european-championships-2022	Senior Men -74kg	R16		BOOTH Cameron	GBR	PELTEKIS Dimitrios	GRE		
european-championships-2022	Senior Men -74kg	R16		TAKOV Stefan	SRB	JERMAMI Mehdi	FRA		
european-championships-2022	Senior Men -74kg	R16		ACHAB Badr	BEL	PERUNIČIĆ Vasilije	MNE		
european-championships-2022	Senior Men -74kg	R16		DREWLAU Eduard	GER	BALIVA Samuele	ITA		
european-championships-2022	Senior Men -74kg	R16		GOLUBIC Marko	CRO	CHUMACHENKO Oleksandr	UKR		
european-championships-2022	Senior Men -74kg	R16		HUSIC Nedzad	BIH	BAJRA Arbnor	KOS		
european-championships-2022	Senior Men -74kg	QF		TAKOV Stefan	SRB	QUESADA BARRERA Daniel	ESP		
european-championships-2022	Senior Men -74kg	QF		YILDIZ Muhammed emin	TUR	BOOTH Cameron	GBR		
european-championships-2022	Senior Men -74kg	QF		ACHAB Badr	BEL	DREWLAU Eduard	GER		
european-championships-2022	Senior Men -74kg	QF		HUSIC Nedzad	BIH	GOLUBIC Marko	CRO		
european-championships-2022	Senior Men -74kg	SF		TAKOV Stefan	SRB	YILDIZ Muhammed emin	TUR		
european-championships-2022	Senior Men -74kg	SF		HUSIC Nedzad	BIH	ACHAB Badr	BEL		
european-championships-2022	Senior Men -74kg	F		TAKOV Stefan	SRB	HUSIC Nedzad	BIH		
european-championships-2022	Senior Men +87kg	R16		BOZIC Pasko	CRO	PILIPOVIC Milos	NOR		
european-championships-2022	Senior Men +87kg	R16		EL YAZIDI Omar	FRA	ANGELOPOULOS Spyridon	GRE		
european-championships-2022	Senior Men +87kg	R16		GARCIA MARTINEZ Ivan	ESP	DJURICIC Marko	SRB		
european-championships-2022	Senior Men +87kg	R16		TRAJKOVIC Ivan konrad	SLO	STRATOURAS Kyriakos	CYP		
european-championships-2022	Senior Men +87kg	R16		UNLUSOY Cem	GER	FARMAKAS Erik	SWE		
european-championships-2022	Senior Men +87kg	QF		BOZIC Pasko	CRO	GEORGIEVSKI Dejan	MKD		
european-championships-2022	Senior Men +87kg	QF		GARCIA MARTINEZ Ivan	ESP	EL YAZIDI Omar	FRA		
european-championships-2022	Senior Men +87kg	QF		ATESLI Emre kutalmis	TUR	TRAJKOVIC Ivan konrad	SLO		
european-championships-2022	Senior Men +87kg	QF		ISAEV Radik	AZE	UNLUSOY Cem	GER		
european-championships-2022	Senior Men +87kg	SF		GARCIA MARTINEZ Ivan	ESP	BOZIC Pasko	CRO		
european-championships-2022	Senior Men +87kg	SF		ATESLI Emre kutalmis	TUR	ISAEV Radik	AZE		
european-championships-2022	Senior Men +87kg	F		ATESLI Emre kutalmis	TUR	GARCIA MARTINEZ Ivan	ESP		
asian-championships-2022	Senior Men -54kg	R16	102	YAMAMORI Kotaro	JPN	MOHAMED Ali	UAE	PTF	2:0
asian-championships-2022	Senior Men -54kg	R16	103	DUISENBEK Aziret	KAZ	CHAN Hin Hang	HKG	PTF	2:0
asian-championships-2022	Senior Men -54kg	R16	202	BARBOSA Kurt bryan	PHI	YAN Hao wei	TPE	PTF	2:0
asian-championships-2022	Senior Men -54kg	R16	203	IHMEDAN Loiy	JOR	TAN Sebastian	MAS	PTF	2:0
asian-championships-2022	Senior Men -54kg	R16	302	PARK Tae-joon	KOR	YONDONJAMTS Purevdash	MGL	PTF	2:0
asian-championships-2022	Senior Men -54kg	R16	303	KRAIRIKSH Veerapat	THA	ALQALLAF Yousef yaqoub	KUW	PTF	2:0
asian-championships-2022	Senior Men -54kg	QF	111	PARK Tae-joon	KOR	BARBOSA Kurt bryan	PHI	PTF	2:0
asian-championships-2022	Senior Men -54kg	QF	211	IHMEDAN Loiy	JOR	DUISENBEK Aziret	KAZ	PTF	2:0
asian-championships-2022	Senior Men -54kg	QF	310	ALSAMIH Fahad samih n	KSA	YAMAMORI Kotaro	JPN	PTF	2:0
asian-championships-2022	Senior Men -54kg	QF	311	KHAN Shahzaib	PAK	KRAIRIKSH Veerapat	THA	PTF	2:0
asian-championships-2022	Senior Men -54kg	SF	217	PARK Tae-joon	KOR	ALSAMIH Fahad samih n	KSA	PTF	2:0
asian-championships-2022	Senior Men -54kg	SF	218	IHMEDAN Loiy	JOR	KHAN Shahzaib	PAK	PTF	2:0
asian-championships-2022	Senior Men -54kg	F	227	PARK Tae-joon	KOR	IHMEDAN Loiy	JOR	PTF	2:0
asian-championships-2022	Senior Men -68kg	R32	101	F. A. ABDELRAZEQ Fahid	PLE	MORITA Shu	JPN	PTF	2:0
asian-championships-2022	Senior Men -68kg	R32	201	XIAO Chenming	CHN	TAM Ching nam	HKG	PTF	2:0
asian-championships-2022	Senior Men -68kg	R32	301	THEPSEN Nareupong	THA	TSAI Min-chi	TPE	PTF	2:0
asian-championships-2022	Senior Men -68kg	R16	104	ENKHBOLD Buyanshagai	MGL	MAHARA Bir bahadur	NEP	PTF	2:1
asian-championships-2022	Senior Men -68kg	R16	105	RASHITOV Ulugbek	UZB	F. A. ABDELRAZEQ Fahid	PLE	PTF	2:0
asian-championships-2022	Senior Men -68kg	R16	106	SHOMAKHMADOV Mukhammadkhusein	TJK	DGHBAS Ahmed	QAT	PTF	2:0
asian-championships-2022	Senior Men -68kg	R16	204	LOTFI Hossein	AFG	JUMAH Rashed	KUW	PTF	2:0
asian-championships-2022	Senior Men -68kg	R16	205	XIAO Chenming	CHN	ALCANTARA Arven	PHI	PTF	2:1
asian-championships-2022	Senior Men -68kg	R16	206	KAREEM Zaid	JOR	THEPSEN Nareupong	THA	PTF	2:0
asian-championships-2022	Senior Men -68kg	R16	304	BOZORGISHOOB Danial	IRI	JANG Eunseok	KOR	PTF	2:0
asian-championships-2022	Senior Men -68kg	R16	305	BIN DOOKHY HASHAM	KSA	RAJA MAHMOD Raja zulfadli	SGP	PTF	2:0
asian-championships-2022	Senior Men -68kg	QF	112	RASHITOV Ulugbek	UZB	ENKHBOLD Buyanshagai	MGL	PTF	2:0
asian-championships-2022	Senior Men -68kg	QF	113	KAREEM Zaid	JOR	SHOMAKHMADOV Mukhammadkhusein	TJK	PTF	2:0
asian-championships-2022	Senior Men -68kg	QF	212	BOZORGISHOOB Danial	IRI	LOTFI Hossein	AFG	PTF	2:1
asian-championships-2022	Senior Men -68kg	QF	312	XIAO Chenming	CHN	BIN DOOKHY HASHAM	KSA	PTF	2:1
asian-championships-2022	Senior Men -68kg	SF	219	RASHITOV Ulugbek	UZB	BOZORGISHOOB Danial	IRI	PTF	2:0
asian-championships-2022	Senior Men -68kg	SF	220	KAREEM Zaid	JOR	XIAO Chenming	CHN	PTF	2:0
asian-championships-2022	Senior Men -68kg	F	228	RASHITOV Ulugbek	UZB	KAREEM Zaid	JOR	PTF	2:0
asian-championships-2022	Senior Women -46kg	R16	107	YAN Yi-jun	TPE	DELA CRUZ Sharifa bainca	PHI	PTF	2:0
asian-championships-2022	Senior Women -46kg	R16	207	LI Xiao Yu Zerlinda	HKG	ALOMRAN Gnan	KUW	PTF	2:0
asian-championships-2022	Senior Women -46kg	R16	306	KHUSNIDDINOVA Zarnigor	UZB	RIVAS Isabel felipa	SGP	PTF	2:0
asian-championships-2022	Senior Women -46kg	QF	114	KHANTIKULANON julanan	THA	YAN Yi-jun	TPE	PTF	2:1
asian-championships-2022	Senior Women -46kg	QF	213	KANG Mi-reu	KOR	KHUSNIDDINOVA Zarnigor	UZB	PTF	2:0
asian-championships-2022	Senior Women -46kg	QF	214	BAKISHEVA Rita	KAZ	LI Xiao Yu Zerlinda	HKG	PTF	2:0
asian-championships-2022	Senior Women -46kg	QF	313	OSHIMA Karen	JPN	DA COSTA DA SILVA PINTO BELO Ana	TLS	PTF	2:1
asian-championships-2022	Senior Women -46kg	SF	221	KANG Mi-reu	KOR	OSHIMA Karen	JPN	PTF	2:0
asian-championships-2022	Senior Women -46kg	SF	222	KHANTIKULANON julanan	THA	BAKISHEVA Rita	KAZ	PTF	2:1
asian-championships-2022	Senior Women -46kg	F	229	KANG Mi-reu	KOR	KHANTIKULANON julanan	THA	PTF	2:0
asian-championships-2022	Senior Women -53kg	R16	108	ABUTALEB Dunya ali m	KSA	OIMATOVA Munisa	TJK	PTF	2:0
asian-championships-2022	Senior Women -53kg	R16	109	CANABAL Baby jessica	PHI	VU Thi Dung	VIE	PTF	2:0
asian-championships-2022	Senior Women -53kg	R16	208	TAN Nichelle Ying Xuan	SGP	BOU HABIB Mariella	LBN	PTF	2:1
asian-championships-2022	Senior Women -53kg	R16	307	HUANG Shih yuan	TPE	KOZHOMBERDIEVA Akylai	KGZ	PTF	2:0
asian-championships-2022	Senior Women -53kg	R16	308	WANG Xiaolu	CHN	ALDANGOROVA Fariza	KAZ	PTF	2:0
asian-championships-2022	Senior Women -53kg	QF	115	ABUTALEB Dunya ali m	KSA	TAN Nichelle Ying Xuan	SGP	PTF	2:0
asian-championships-2022	Senior Women -53kg	QF	215	WANG Xiaolu	CHN	WONGPATTANAKIT Panipak	THA	PTF	2:1
asian-championships-2022	Senior Women -53kg	QF	314	KAYUMOVA Charos	UZB	HUANG Shih yuan	TPE	PTF	2:0
asian-championships-2022	Senior Women -53kg	QF	315	KIYANICHANDEH Nahid	IRI	CANABAL Baby jessica	PHI	PTF	2:0
asian-championships-2022	Senior Women -53kg	SF	223	KAYUMOVA Charos	UZB	ABUTALEB Dunya ali m	KSA	PTF	2:0
asian-championships-2022	Senior Women -53kg	SF	224	KIYANICHANDEH Nahid	IRI	WANG Xiaolu	CHN	PTF	2:0
asian-championships-2022	Senior Women -53kg	F	230	KIYANICHANDEH Nahid	IRI	KAYUMOVA Charos	UZB	PTF	2:0
asian-championships-2022	Senior Women -57kg	R16	110	YASEEN Yara Mohammad	JOR	ALAWADHI Bedoor	KUW	PTF	2:0
asian-championships-2022	Senior Women -57kg	R16	209	SO Yuen ting	HKG	SABIR Zoya	PAK	PTF	2:1
asian-championships-2022	Senior Women -57kg	R16	210	CHANG Rui en	TPE	TABIANDO Realis lorena	PHI	PTF	2:0
asian-championships-2022	Senior Women -57kg	R16	309	HARNSUJIN Phannapa	THA	AIMUKASHEVA Kamila	KAZ	PTF	2:0
asian-championships-2022	Senior Women -57kg	QF	116	LEE AHREUM	KOR	SO Yuen ting	HKG	PTF	2:0
asian-championships-2022	Senior Women -57kg	QF	117	LUO Zongshi	CHN	CHANG Rui en	TPE	PTF	2:0
asian-championships-2022	Senior Women -57kg	QF	216	HARNSUJIN Phannapa	THA	AOUN Laetitia	LBN	PTF	1:0
asian-championships-2022	Senior Women -57kg	QF	316	SHEIDAEI Zahra	IRI	YASEEN Yara Mohammad	JOR	PTF	2:0
asian-championships-2022	Senior Women -57kg	SF	225	LEE AHREUM	KOR	HARNSUJIN Phannapa	THA	PTF	2:0
asian-championships-2022	Senior Women -57kg	SF	226	LUO Zongshi	CHN	SHEIDAEI Zahra	IRI	PTF	2:0
asian-championships-2022	Senior Women -57kg	F	231	LUO Zongshi	CHN	LEE AHREUM	KOR	PTF	2:0
asian-championships-2022	Senior Men -58kg	R32	101	BATMUNKH Soyol-erdene	MGL	CHIOK Chun yin	HKG	PTF	2:0
asian-championships-2022	Senior Men -58kg	R32	201	ALEBRAHEEM Abdallah	KUW	DOS SANTOS ARAUJO Fortunato	TLS	PTF	2:0
asian-championships-2022	Senior Men -58kg	R16	102	MORIKAWA Hikaru	JPN	YOUDETH Sam	CAM	PTF	2:0
asian-championships-2022	Senior Men -58kg	R16	103	ISRAILOV Zhassurbek	KAZ	HAMDI Riad nasser a	KSA	PTF	2:1
asian-championships-2022	Senior Men -58kg	R16	105	REZAEE Mohsen	AFG	BATMUNKH Soyol-erdene	MGL	PTF	2:0
asian-championships-2022	Senior Men -58kg	R16	202	ALTARYREH Mahmoud	JOR	MOHAMED Mushari	UAE	PTF	2:0
asian-championships-2022	Senior Men -58kg	R16	203	YODRAK Thanakrit	THA	LAI Chin shian	TPE	PTF	2:0
asian-championships-2022	Senior Men -58kg	R16	205	KHAN Haroon	PAK	ALEBRAHEEM Abdallah	KUW	PTF	2:0
asian-championships-2022	Senior Men -58kg	R16	302	BAE Jun-seo	KOR	ASFOOR Abdulqader	QAT	PTF	2:0
asian-championships-2022	Senior Men -58kg	R16	303	HAJIMOUSAEI Mahdi	IRI	KHALIFE mark	LBN	PTF	2:0
asian-championships-2022	Senior Men -58kg	QF	110	BAE Jun-seo	KOR	ALTARYREH Mahmoud	JOR	PTF	2:1
asian-championships-2022	Senior Men -58kg	QF	210	ISRAILOV Zhassurbek	KAZ	YODRAK Thanakrit	THA	PTF	2:1
asian-championships-2022	Senior Men -58kg	QF	309	REZAEE Mohsen	AFG	MORIKAWA Hikaru	JPN	PTF	2:0
asian-championships-2022	Senior Men -58kg	QF	310	HAJIMOUSAEI Mahdi	IRI	KHAN Haroon	PAK	PTF	2:0
asian-championships-2022	Senior Men -58kg	SF	215	BAE Jun-seo	KOR	REZAEE Mohsen	AFG	PTF	2:0
asian-championships-2022	Senior Men -58kg	SF	216	HAJIMOUSAEI Mahdi	IRI	ISRAILOV Zhassurbek	KAZ	PTF	2:0
asian-championships-2022	Senior Men -58kg	F	223	BAE Jun-seo	KOR	HAJIMOUSAEI Mahdi	IRI	PTF	2:0
asian-championships-2022	Senior Men -74kg	R32	301	CUI Yang	CHN	NAUVAL Ossanando	INA	PTF	2:0
asian-championships-2022	Senior Men -74kg	R16	104	LY Hong Phuc	VIE	KHEIRALLAH Mohammad	SYR	PTF	2:0
asian-championships-2022	Senior Men -74kg	R16	106	BAHLOOOL Ahmad	PLE	ALENEZI Bandar	KUW	PTF	2:0
asian-championships-2022	Senior Men -74kg	R16	107	JAYSUNOV Jasurbek	UZB	IQBAL Muhammad	PAK	PTF	2:0
asian-championships-2022	Senior Men -74kg	R16	204	TSAGAANTSOOJ Bayanbat	MGL	ZEINOUN Marc	LBN	PTF	2:0
asian-championships-2022	Senior Men -74kg	R16	206	SUZUKI Ricardo	JPN	AL FARRAJ Wael	THF	PTF	2:0
asian-championships-2022	Senior Men -74kg	R16	304	HAUIHONGTHONG Lakchai	THA	MITHONA VA	CAM	PTF	2:1
asian-championships-2022	Senior Men -74kg	R16	305	HOSSEINI Mirhashem	IRI	CUI Yang	CHN	PTF	2:0
asian-championships-2022	Senior Men -74kg	R16	306	CHEN Jyun-wei	TPE	ALMUWALLAD Ahmad	KSA	PTF	2:1
asian-championships-2022	Senior Men -74kg	QF	111	HOSSEINI Mirhashem	IRI	LY Hong Phuc	VIE	PTF	2:0
asian-championships-2022	Senior Men -74kg	QF	112	JAYSUNOV Jasurbek	UZB	CHEN Jyun-wei	TPE	PTF	2:0
asian-championships-2022	Senior Men -74kg	QF	211	HAUIHONGTHONG Lakchai	THA	TSAGAANTSOOJ Bayanbat	MGL	PTF	2:1
asian-championships-2022	Senior Men -74kg	QF	311	BAHLOOOL Ahmad	PLE	SUZUKI Ricardo	JPN	PTF	2:1
asian-championships-2022	Senior Men -74kg	SF	217	HOSSEINI Mirhashem	IRI	HAUIHONGTHONG Lakchai	THA	RSC	
asian-championships-2022	Senior Men -74kg	SF	218	JAYSUNOV Jasurbek	UZB	BAHLOOOL Ahmad	PLE	PTF	2:0
asian-championships-2022	Senior Men -74kg	F	224	JAYSUNOV Jasurbek	UZB	HOSSEINI Mirhashem	IRI	PTF	1:0
asian-championships-2022	Senior Women -49kg	R16	108	JHUANG Tien yu	TPE	ZAHRAA KHAWAR Fateemaah tuz	PAK	PTF	2:0
asian-championships-2022	Senior Women -49kg	R16	109	LAM Siu wai	HKG	RAI Yunisha	NEP	PTF	2:0
asian-championships-2022	Senior Women -49kg	R16	207	GUO Qing	CHN	MIRSHAKARZODA Shirinmohi	TJK	PTF	2:0
asian-championships-2022	Senior Women -49kg	R16	208	NEMATZADEH Mobina	IRI	ADELAIDE DE SOUSA FERNANDES Santina	TLS	PTF	2:0
asian-championships-2022	Senior Women -49kg	R16	209	KANG Bora	KOR	AKAE Sayoko	JPN	PTF	2:0
asian-championships-2022	Senior Women -49kg	R16	307	KAPANOVA Botakoz	KAZ	M ZAHRUDDIN Nur fadzlyn	SGP	PTF	2:0
asian-championships-2022	Senior Women -49kg	R16	308	JONGKOLRATTANAWATTANA Chutikan	THA	MUKHTAROVA Dinora	UZB	PTF	2:0
asian-championships-2022	Senior Women -49kg	QF	113	NEMATZADEH Mobina	IRI	JONGKOLRATTANAWATTANA Chutikan	THA	PTF	2:1
asian-championships-2022	Senior Women -49kg	QF	212	GUO Qing	CHN	TRUONG Thi kim tuyen	VIE	PTF	2:0
asian-championships-2022	Senior Women -49kg	QF	213	KANG Bora	KOR	LAM Siu wai	HKG	PTF	2:0
asian-championships-2022	Senior Women -49kg	QF	312	KAPANOVA Botakoz	KAZ	JHUANG Tien yu	TPE	PTF	2:1
asian-championships-2022	Senior Women -49kg	SF	219	GUO Qing	CHN	KAPANOVA Botakoz	KAZ	PTF	2:0
asian-championships-2022	Senior Women -49kg	SF	220	NEMATZADEH Mobina	IRI	KANG Bora	KOR	PTF	2:1
asian-championships-2022	Senior Women -49kg	F	225	GUO Qing	CHN	NEMATZADEH Mobina	IRI	PTF	2:0
asian-championships-2022	Senior Women -62kg	QF	114	NAM Min-seo	KOR	CHENG Ya xin	TPE	PTF	2:0
asian-championships-2022	Senior Women -62kg	QF	214	TONGCHAN Sasikarn	THA	HO Cathy minly	HKG	PTF	2:0
asian-championships-2022	Senior Women -62kg	QF	313	VALIZADEH Nastaran	IRI	BAC Thi khiem	VIE	PTF	2:0
asian-championships-2022	Senior Women -62kg	SF	221	VALIZADEH Nastaran	IRI	SADIKOVA Feruza	UZB	PTF	2:0
asian-championships-2022	Senior Women -62kg	SF	222	NAM Min-seo	KOR	TONGCHAN Sasikarn	THA	PTF	2:0
asian-championships-2022	Senior Women -62kg	F	226	NAM Min-seo	KOR	VALIZADEH Nastaran	IRI	PTF	2:0
asian-championships-2022	Senior Men -87kg	QF	201	DUISEBAY Smaiyl	KAZ	MENG Mingkuan	CHN	PTF	2:0
asian-championships-2022	Senior Men -87kg	QF	202	RAFALOVICH Nikita	UZB	ALMABROUK Ali mabrouk s	KSA	PTF	2:0
asian-championships-2022	Senior Men -87kg	QF	203	SBEIHI Fahed	JOR	DEUBA Niraj	NEP	DSQ	
asian-championships-2022	Senior Men -87kg	QF	204	LEE Meng-en	TPE	TAREK Mousalli	LBN	PTF	2:0
asian-championships-2022	Senior Men -87kg	SF	213	RAFALOVICH Nikita	UZB	DUISEBAY Smaiyl	KAZ	PTF	2:1
asian-championships-2022	Senior Men -87kg	SF	214	SBEIHI Fahed	JOR	LEE Meng-en	TPE	PTF	2:0
asian-championships-2022	Senior Men -87kg	F	221	RAFALOVICH Nikita	UZB	SBEIHI Fahed	JOR	PTF	2:1
asian-championships-2022	Senior Men +87kg	QF	205	SONG Zhaoxiang	CHN	ZHAPAROV Ruslan	KAZ	PTF	2:0
asian-championships-2022	Senior Men +87kg	QF	206	KANG Yeon ho	KOR	SAEED Hamzah omar	PAK	PTF	2:0
asian-championships-2022	Senior Men +87kg	QF	207	NADALIAN JOUYBARI Alireza	IRI	AL AHMED Wadhah	QAT	PTF	2:0
asian-championships-2022	Senior Men +87kg	QF	208	AMIRI Ali akbar	AFG	RADJABOV Shokhrukh	UZB	PTF	2:1
asian-championships-2022	Senior Men +87kg	SF	215	SONG Zhaoxiang	CHN	KANG Yeon ho	KOR	PTF	2:0
asian-championships-2022	Senior Men +87kg	SF	216	NADALIAN JOUYBARI Alireza	IRI	AMIRI Ali akbar	AFG	PTF	2:0
asian-championships-2022	Senior Men +87kg	F	222	SONG Zhaoxiang	CHN	NADALIAN JOUYBARI Alireza	IRI	PTF	2:0
asian-championships-2022	Senior Women -73kg	QF	209	SELMAN Ward	LBN	TRAN NGUYEN Anh ngan	VIE	PTF	2:1
asian-championships-2022	Senior Women -73kg	QF	210	MYEONG Mi-na	KOR	SONG Jie	CHN	PTF	2:1
asian-championships-2022	Senior Women -73kg	QF	211	POURESMAEILKARANI Zahra	IRI	ABO-ALRUB Rama	JOR	PTF	2:0
asian-championships-2022	Senior Women -73kg	SF	217	DENIZ Cansel	KAZ	SELMAN Ward	LBN	PTF	2:0
asian-championships-2022	Senior Women -73kg	SF	218	POURESMAEILKARANI Zahra	IRI	MYEONG Mi-na	KOR	WDR	
asian-championships-2022	Senior Women -73kg	F	223	POURESMAEILKARANI Zahra	IRI	DENIZ Cansel	KAZ	PTF	2:0
asian-championships-2022	Senior Women +73kg	QF	212	ZHOU Zeqi	CHN	JUHAR Tahera	KUW	PTF	2:0
asian-championships-2022	Senior Women +73kg	SF	219	ZHOU Zeqi	CHN	OSIPOVA Svetlana	UZB	PTF	2:1
asian-championships-2022	Senior Women +73kg	SF	220	KHODABANDEH Akram	IRI	ELIAS Alissar	SYR	WDR	
asian-championships-2022	Senior Women +73kg	F	224	KHODABANDEH Akram	IRI	ZHOU Zeqi	CHN		
asian-championships-2022	Senior Men -63kg	R32	101	SUNATOV Mahmadjon	TJK	DA COSTA PINTO Giovanio monico	TLS	PTF	2:0
asian-championships-2022	Senior Men -63kg	R32	201	PHAM Dang quang	VIE	LIU Tsung-lin	TPE	PTF	2:0
asian-championships-2022	Senior Men -63kg	R32	301	KO Chung hon	HKG	BOFTEEN Huseeen a.t	KUW	PTF	2:0
asian-championships-2022	Senior Men -63kg	R16	102	HONEINE Ralph	LBN	DASHDAVAA Chinzorig	MGL	PTF	2:0
asian-championships-2022	Senior Men -63kg	R16	103	BAZARBAYEV Adilet	KAZ	PHAM Dang quang	VIE	PTF	2:0
asian-championships-2022	Senior Men -63kg	R16	104	ALHALAWANI Zaid	JOR	SUNATOV Mahmadjon	TJK	PTF	2:1
asian-championships-2022	Senior Men -63kg	R16	202	TANGCHATKAEW Saran	THA	ALMABROUK Hamad mabrouk s	KSA	PTF	2:1
asian-championships-2022	Senior Men -63kg	R16	203	ZAIN Hikmatullah	AFG	RAIHAN Muhammad bassam	INA	PTF	2:0
asian-championships-2022	Senior Men -63kg	R16	204	PULATOV Niyaz	UZB	KO Chung hon	HKG	PTF	2:0
asian-championships-2022	Senior Men -63kg	R16	302	KIM Tae yong	KOR	TSURUOKA Jin	JPN	PTF	2:0
asian-championships-2022	Senior Men -63kg	R16	303	LIANG Yushuai	CHN	ASHOURZADEH FALLAH Farzan	IRI	PTF	2:0
asian-championships-2022	Senior Men -63kg	QF	107	ALHALAWANI Zaid	JOR	HONEINE Ralph	LBN	PTF	2:0
asian-championships-2022	Senior Men -63kg	QF	108	LIANG Yushuai	CHN	PULATOV Niyaz	UZB	PTF	2:1
asian-championships-2022	Senior Men -63kg	QF	207	KIM Tae yong	KOR	TANGCHATKAEW Saran	THA	PTF	2:0
asian-championships-2022	Senior Men -63kg	QF	307	BAZARBAYEV Adilet	KAZ	ZAIN Hikmatullah	AFG	PTF	2:0
asian-championships-2022	Senior Men -63kg	SF	211	KIM Tae yong	KOR	ALHALAWANI Zaid	JOR	PTF	2:1
asian-championships-2022	Senior Men -63kg	SF	212	LIANG Yushuai	CHN	BAZARBAYEV Adilet	KAZ	PTF	2:0
asian-championships-2022	Senior Men -63kg	F	217	KIM Tae yong	KOR	LIANG Yushuai	CHN	PTF	2:1
asian-championships-2022	Senior Men -80kg	R16	105	BAKHSHI Amir Mohammad	IRI	HUSSAINI Ramesh	AFG	PTF	2:0
asian-championships-2022	Senior Men -80kg	R16	106	ZHANG Kai	CHN	ALE Kiran bahadur	NEP	DSQ	
asian-championships-2022	Senior Men -80kg	R16	205	SEO Geon-woo	KOR	ABBAS Mazhar	PAK	PTF	2:0
asian-championships-2022	Senior Men -80kg	R16	304	ALTANGEREL AZBAYAR	MGL	AITAKHUNOV Akbar	KGZ	PTF	2:0
asian-championships-2022	Senior Men -80kg	R16	305	KYRILLOS Charbel	LBN	SARARAT Athi	THA	PTF	2:1
asian-championships-2022	Senior Men -80kg	QF	109	MYRZABAYEV Nurlan	KAZ	KYRILLOS Charbel	LBN	PTF	2:0
asian-championships-2022	Senior Men -80kg	QF	208	ELSHARABATY Saleh	JOR	ALTANGEREL AZBAYAR	MGL	PTF	2:0
asian-championships-2022	Senior Men -80kg	QF	209	SALAEV Shukhrat	UZB	ZHANG Kai	CHN	PTF	2:0
asian-championships-2022	Senior Men -80kg	QF	308	SEO Geon-woo	KOR	BAKHSHI Amir Mohammad	IRI	PTF	2:1
asian-championships-2022	Senior Men -80kg	SF	213	ELSHARABATY Saleh	JOR	SEO Geon-woo	KOR	PTF	2:1
asian-championships-2022	Senior Men -80kg	SF	214	SALAEV Shukhrat	UZB	MYRZABAYEV Nurlan	KAZ	PTF	2:1
asian-championships-2022	Senior Men -80kg	F	218	SALAEV Shukhrat	UZB	ELSHARABATY Saleh	JOR	PTF	1:1
asian-championships-2022	Senior Women -67kg	R16	206	NGUYEN Thi huong	VIE	BOUSTANY Carla	LBN	PTF	2:0
asian-championships-2022	Senior Women -67kg	R16	306	DELO Laila	PHI	YEH Yen hsin	TPE	PTF	2:1
asian-championships-2022	Senior Women -67kg	QF	110	MOKHRU Khalimova	TJK	FATNASSI Maram	QAT	PTF	2:0
asian-championships-2022	Senior Women -67kg	QF	210	LIU Junhong	CHN	SONG Da bin	KOR	PTF	2:0
asian-championships-2022	Senior Women -67kg	QF	309	AL-SADEQ Julyana	JOR	NGUYEN Thi huong	VIE	PTF	2:0
asian-championships-2022	Senior Women -67kg	QF	310	KHUSSAINOVA Nuray	KAZ	DELO Laila	PHI	PTF	1:1
asian-championships-2022	Senior Women -67kg	SF	215	AL-SADEQ Julyana	JOR	MOKHRU Khalimova	TJK	PTF	2:0
asian-championships-2022	Senior Women -67kg	SF	216	LIU Junhong	CHN	KHUSSAINOVA Nuray	KAZ	PTF	2:0
asian-championships-2022	Senior Women -67kg	F	219	AL-SADEQ Julyana	JOR	LIU Junhong	CHN	PTF	2:1
european-games-2023	Senior Women -46kg	R16		STOJKOVIC Lena	CRO	CSAKI Hanna	HUN	PTF	2:0
european-games-2023	Senior Women -46kg	R16		GOODMAN Phoenix Faith H	GBR	JIMENEZ MONTERO Ana	ESP	PTF	2:1
european-games-2023	Senior Women -46kg	R16		NAHURNA Viktoriia	UKR	REHANI Dalya	FRA	PTF	1:0
european-games-2023	Senior Women -46kg	R16		KOUTTOUKI Kyriaki	CYP	KAMINSKA Anita	POL	PTF	2:0
european-games-2023	Senior Women -46kg	R16		POURYOUNES Dina	ERT	KOMNENOVIC Lana	SRB	PTF	2:1
european-games-2023	Senior Women -46kg	R16		ZAMPETTI Sofia	ITA	AKBAROVA Minaya	AZE	PTF	2:0
european-games-2023	Senior Women -46kg	R16		CELIK Sueheda Nur	GER	YILDIRIM Rukiye	TUR	PTF	2:0
european-games-2023	Senior Women -46kg	R16		BAYECH Rivka	ISR	TAMMILA Ida-Elina Irene	FIN	PTF	2:0
european-games-2023	Senior Women -46kg	QF		STOJKOVIC Lena	CRO	GOODMAN Phoenix Faith H	GBR	PTF	2:0
european-games-2023	Senior Women -46kg	QF		KOUTTOUKI Kyriaki	CYP	NAHURNA Viktoriia	UKR	PTF	2:1
european-games-2023	Senior Women -46kg	QF		ZAMPETTI Sofia	ITA	POURYOUNES Dina	ERT	PTF	2:0
european-games-2023	Senior Women -46kg	QF		CELIK Sueheda Nur	GER	BAYECH Rivka	ISR	PTF	2:0
european-games-2023	Senior Women -46kg	SF		STOJKOVIC Lena	CRO	KOUTTOUKI Kyriaki	CYP	PTF	2:0
european-games-2023	Senior Women -46kg	SF		ZAMPETTI Sofia	ITA	CELIK Sueheda Nur	GER	PTF	2:0
european-games-2023	Senior Women -46kg	RPC		GOODMAN Phoenix Faith H	GBR	CSAKI Hanna	HUN	PTF	2:0
european-games-2023	Senior Women -46kg	RPC		AKBAROVA Minaya	AZE	POURYOUNES Dina	ERT	PTF	2:0
european-games-2023	Senior Women -46kg	BRZ		CELIK Sueheda Nur	GER	GOODMAN Phoenix Faith H	GBR	PTF	2:0
european-games-2023	Senior Women -46kg	BRZ		KOUTTOUKI Kyriaki	CYP	AKBAROVA Minaya	AZE	PTF	2:0
european-games-2023	Senior Women -46kg	F		STOJKOVIC Lena	CRO	ZAMPETTI Sofia	ITA	PTF	2:0
european-games-2023	Senior Women -49kg	R16		MAESTRO Virginia	ITA	KOSTOVA Nikolet	BUL	PTF	2:0
european-games-2023	Senior Women -49kg	R16		SEMBERG Abishag	ISR	LIÑAN PARDO Naiara	AND	PTF	2:0
european-games-2023	Senior Women -49kg	R16		KRAJEWSKA Nikola	POL	YLONEN Jenna Kristiina	FIN	PTF	2:1
european-games-2023	Senior Women -49kg	R16		AVDAGIC Ada	BIH	DUVANCIC Bruna	CRO	PTF	2:1
european-games-2023	Senior Women -49kg	R16		ATESLI Supharada	GER	ABAKAROVA Patimat	AZE	PTF	2:0
european-games-2023	Senior Women -49kg	R16		MOORE Maddison Samant	GBR	KAMKASOUMPHOU Maysane	FRA	PTF	2:0
european-games-2023	Senior Women -49kg	QF		CEREZO IGLESIAS Adriana	ESP	MAESTRO Virginia	ITA	PTF	2:0
european-games-2023	Senior Women -49kg	QF		SEMBERG Abishag	ISR	KRAJEWSKA Nikola	POL	PTF	2:0
european-games-2023	Senior Women -49kg	QF		ATESLI Supharada	GER	AVDAGIC Ada	BIH	PTF	2:0
european-games-2023	Senior Women -49kg	QF		DINCEL KAVURAT Merve	TUR	MOORE Maddison Samant	GBR	PTF	2:0
european-games-2023	Senior Women -49kg	SF		CEREZO IGLESIAS Adriana	ESP	SEMBERG Abishag	ISR	PTF	2:0
european-games-2023	Senior Women -49kg	SF		DINCEL KAVURAT Merve	TUR	ATESLI Supharada	GER	PTF	2:0
european-games-2023	Senior Women -49kg	BRZ		ATESLI Supharada	GER	MAESTRO Virginia	ITA	PTF	2:1
european-games-2023	Senior Women -49kg	BRZ		MOORE Maddison Samant	GBR	SEMBERG Abishag	ISR	PTF	2:1
european-games-2023	Senior Women -49kg	F		CEREZO IGLESIAS Adriana	ESP	DINCEL KAVURAT Merve	TUR	PTF	2:1
european-games-2023	Senior Men -54kg	R16		MARWAN Ebrahim	SWE	POLAT Gorkem	TUR	PTF	2:0
european-games-2023	Senior Men -54kg	R16		DADASHOV Sayyad	AZE	ABDEL HALIM Khaled	GER	PTF	2:0
european-games-2023	Senior Men -54kg	R16		BOGDANOV Lyubomir	BUL	WIECZOREK Bartlomiej	POL	PTF	2:0
european-games-2023	Senior Men -54kg	R16		ARILLO VAZQUEZ Hugo	ESP	DIMITROPOULOS Konstantinos	GRE	PTF	2:1
european-games-2023	Senior Men -54kg	R16		MOLLE Milan	NED	THOMAS SARSOZA Zack Riley	GBR	PTF	2:0
european-games-2023	Senior Men -54kg	R16		CONTI Andrea	ITA	MOLJ Domen	SLO	PTF	2:0
european-games-2023	Senior Men -54kg	R16		PASHCOVSKY Tom	ISR	DIMITROV Vadim	MDA	PTF	2:0
european-games-2023	Senior Men -54kg	QF		MARWAN Ebrahim	SWE	TESKERA Josip	CRO	PTF	2:0
european-games-2023	Senior Men -54kg	QF		DADASHOV Sayyad	AZE	BOGDANOV Lyubomir	BUL	PTF	2:0
european-games-2023	Senior Men -54kg	QF		ARILLO VAZQUEZ Hugo	ESP	MOLLE Milan	NED	PTF	2:0
european-games-2023	Senior Men -54kg	QF		CONTI Andrea	ITA	PASHCOVSKY Tom	ISR	PTF	2:0
european-games-2023	Senior Men -54kg	SF		DADASHOV Sayyad	AZE	MARWAN Ebrahim	SWE	PTF	2:0
european-games-2023	Senior Men -54kg	SF		ARILLO VAZQUEZ Hugo	ESP	CONTI Andrea	ITA	PTF	2:1
european-games-2023	Senior Men -54kg	RPC		BOGDANOV Lyubomir	BUL	ABDEL HALIM Khaled	GER	PTF	2:1
european-games-2023	Senior Men -54kg	RPC		DIMITROPOULOS Konstantinos	GRE	MOLLE Milan	NED	PTF	2:0
european-games-2023	Senior Men -54kg	BRZ		CONTI Andrea	ITA	BOGDANOV Lyubomir	BUL	PTF	2:0
european-games-2023	Senior Men -54kg	BRZ		DIMITROPOULOS Konstantinos	GRE	MARWAN Ebrahim	SWE	PTF	2:1
european-games-2023	Senior Men -54kg	F		ARILLO VAZQUEZ Hugo	ESP	DADASHOV Sayyad	AZE	PTF	2:1
european-games-2023	Senior Men -58kg	R16		WOOLLEY Jack	IRL	ALAMI Josef Hodayfa	SWE	PTF	2:0
european-games-2023	Senior Men -58kg	R16		NOUR Mohammed	GBR	DAYIOGLU Omer faruk	TUR	PTF	2:0
european-games-2023	Senior Men -58kg	R16		LOMARTIRE Matias	ITA	RAPSOMANIKIS Dionysios	GRE	PTF	2:0
european-games-2023	Senior Men -58kg	R16		MALKOC Cemal Can	GER	NOWAK Lukasz	POL	PTF	2:0
european-games-2023	Senior Men -58kg	R16		VICENTE YUNTA Adrian	ESP	NAGAEV Dmitriy	ISR	PTF	2:0
european-games-2023	Senior Men -58kg	R16		MAGOMEDOV Gashim	AZE	ACHNINE Aymen	NED	PTF	2:0
european-games-2023	Senior Men -58kg	R16		SALIM Sharif gergely	HUN	USCOV Serghei	MDA	PTF	2:1
european-games-2023	Senior Men -58kg	R16		RAVET Cyrian	FRA	REBELO BRAGANCA Rui	POR	PTF	2:0
european-games-2023	Senior Men -58kg	QF		WOOLLEY Jack	IRL	NOUR Mohammed	GBR	PTF	2:1
european-games-2023	Senior Men -58kg	QF		LOMARTIRE Matias	ITA	MALKOC Cemal Can	GER	PTF	2:0
european-games-2023	Senior Men -58kg	QF		VICENTE YUNTA Adrian	ESP	MAGOMEDOV Gashim	AZE	PTF	2:0
european-games-2023	Senior Men -58kg	QF		RAVET Cyrian	FRA	SALIM Sharif gergely	HUN	PTF	2:0
european-games-2023	Senior Men -58kg	SF		WOOLLEY Jack	IRL	LOMARTIRE Matias	ITA	PTF	2:0
european-games-2023	Senior Men -58kg	SF		VICENTE YUNTA Adrian	ESP	RAVET Cyrian	FRA	PTF	2:1
european-games-2023	Senior Men -58kg	RPC		NOUR Mohammed	GBR	ALAMI Josef Hodayfa	SWE	PTF	3:0
european-games-2023	Senior Men -58kg	RPC		MAGOMEDOV Gashim	AZE	NAGAEV Dmitriy	ISR	PTF	2:0
european-games-2023	Senior Men -58kg	BRZ		RAVET Cyrian	FRA	NOUR Mohammed	GBR	PTF	2:0
european-games-2023	Senior Men -58kg	BRZ		MAGOMEDOV Gashim	AZE	LOMARTIRE Matias	ITA	PTF	2:0
european-games-2023	Senior Men -58kg	F		VICENTE YUNTA Adrian	ESP	WOOLLEY Jack	IRL	PTF	2:1
european-games-2023	Senior Women -53kg	R16		DUVANCIC IVANA	CRO	COMAN Gabriela bianca	ROU	PTF	2:0
european-games-2023	Senior Women -53kg	R16		LAGER Biana	ISR	MEIŠTININKAITĖ Gerda	LTU	PTF	2:1
european-games-2023	Senior Women -53kg	R16		AYDIN KONSTANTINIDIS Ela	GER	AL HALWANI Sarah	ITA	PTF	2:1
european-games-2023	Senior Women -53kg	R16		YAGCI Sila Ezgi	TUR	OLESZCZUK Lucja	POL	PTF	2:1
european-games-2023	Senior Women -53kg	R16		MCKEW Jodie Anna	GBR	BOGDANOVIC Tijana	SRB	PTF	2:1
european-games-2023	Senior Women -53kg	R16		PATAKFALVY Luca Marta	HUN	LYNGBAEK Louise Sinkjaer	DEN	PTF	2:0
european-games-2023	Senior Women -53kg	R16		HRONOVA Dominika	CZE	BRISKAROVA Gabriela	SVK	PTF	2:0
european-games-2023	Senior Women -53kg	R16		PEREZ PARRADO Alma maria	ESP	PILAVAKI Despina	CYP	PTF	2:0
european-games-2023	Senior Women -53kg	QF		DUVANCIC IVANA	CRO	LAGER Biana	ISR	PTF	2:0
european-games-2023	Senior Women -53kg	QF		AYDIN KONSTANTINIDIS Ela	GER	YAGCI Sila Ezgi	TUR	PTF	2:1
european-games-2023	Senior Women -53kg	QF		PATAKFALVY Luca Marta	HUN	MCKEW Jodie Anna	GBR	PTF	2:1
european-games-2023	Senior Women -53kg	QF		PEREZ PARRADO Alma maria	ESP	HRONOVA Dominika	CZE	PTF	2:0
european-games-2023	Senior Women -53kg	SF		DUVANCIC IVANA	CRO	AYDIN KONSTANTINIDIS Ela	GER	PTF	2:1
european-games-2023	Senior Women -53kg	SF		PEREZ PARRADO Alma maria	ESP	PATAKFALVY Luca Marta	HUN	PTF	2:0
european-games-2023	Senior Women -53kg	RPC		LAGER Biana	ISR	COMAN Gabriela bianca	ROU	PTF	2:0
european-games-2023	Senior Women -53kg	RPC		HRONOVA Dominika	CZE	PILAVAKI Despina	CYP	PTF	2:0
european-games-2023	Senior Women -53kg	BRZ		PATAKFALVY Luca Marta	HUN	LAGER Biana	ISR	PTF	2:0
european-games-2023	Senior Women -53kg	BRZ		HRONOVA Dominika	CZE	AYDIN KONSTANTINIDIS Ela	GER	PTF	2:0
european-games-2023	Senior Women -53kg	F		DUVANCIC IVANA	CRO	PEREZ PARRADO Alma maria	ESP	PTF	2:0
european-games-2023	Senior Women -57kg	R16		TVARONAVICIUTE Klaudija	LTU	KINDL Melanie	AUT	PTF	2:1
european-games-2023	Senior Women -57kg	R16		KALTEKI Faidra	GRE	RAHMANI Ruqia	FIN	PTF	2:0
european-games-2023	Senior Women -57kg	R16		MARTON Luana	HUN	ASEMANI Raheleh	BEL	PTF	2:1
european-games-2023	Senior Women -57kg	R16		ADAMKIEWICZ Patrycja	POL	DA SILVA CUNHA Joana Filipa	POR	PTF	2:0
european-games-2023	Senior Women -57kg	R16		TOMIC Kristina	CRO	SCHOENMAKERS Bodine	NED	PTF	2:0
european-games-2023	Senior Women -57kg	R16		ORTIZ BENITO Arlet	ESP	AL HALWANI Giada	ITA	PTF	2:1
european-games-2023	Senior Women -57kg	R16		JONES Jade Louise	GBR	GRETARSDOTTIR Ingibjorg E.	ISL	PTF	2:0
european-games-2023	Senior Women -57kg	QF		ILGUN Hatice kubra	TUR	TVARONAVICIUTE Klaudija	LTU	PTF	2:0
european-games-2023	Senior Women -57kg	QF		MARTON Luana	HUN	KALTEKI Faidra	GRE	PTF	2:0
european-games-2023	Senior Women -57kg	QF		TOMIC Kristina	CRO	ADAMKIEWICZ Patrycja	POL	PTF	2:0
european-games-2023	Senior Women -57kg	QF		JONES Jade Louise	GBR	ORTIZ BENITO Arlet	ESP	PTF	2:0
european-games-2023	Senior Women -57kg	SF		MARTON Luana	HUN	ILGUN Hatice kubra	TUR	PTF	2:1
european-games-2023	Senior Women -57kg	SF		JONES Jade Louise	GBR	TOMIC Kristina	CRO	WDR	
european-games-2023	Senior Women -57kg	RPC		KALTEKI Faidra	GRE	ASEMANI Raheleh	BEL	PTF	2:1
european-games-2023	Senior Women -57kg	RPC		ORTIZ BENITO Arlet	ESP	GRETARSDOTTIR Ingibjorg E.	ISL	PTF	2:1
european-games-2023	Senior Women -57kg	BRZ		TOMIC Kristina	CRO	KALTEKI Faidra	GRE	PTF	2:0
european-games-2023	Senior Women -57kg	BRZ		ILGUN Hatice kubra	TUR	ORTIZ BENITO Arlet	ESP	PTF	2:0
european-games-2023	Senior Women -57kg	F		JONES Jade Louise	GBR	MARTON Luana	HUN	PTF	2:0
european-games-2023	Senior Men -63kg	R16		BYSTROV Volodymyr	UKR	HYTTEL Tobias Otterstr	DEN	PTF	2:0
european-games-2023	Senior Men -63kg	R16		BARETTA Dennis	ITA	CANI Juirdo	ALB	PTG	2:1
european-games-2023	Senior Men -63kg	R16		USCIMIUK Sebastian	POL	SAARINEN Niko Mikael	FIN	PTF	2:0
european-games-2023	Senior Men -63kg	R16		ALAPHILIPPE Souleyman	FRA	ROGOZHINE Egor	ISR	PTG	2:0
european-games-2023	Senior Men -63kg	R16		RECBER Hakan	TUR	AVRAMOV Bozhidar	BUL	PTF	2:0
european-games-2023	Senior Men -63kg	R16		STANIC Novak	SRB	OEZKAYA Imran	GER	PTF	2:1
european-games-2023	Senior Men -63kg	R16		BRECIC Lovre	CRO	PILAVAKIS Ioannis	CYP	PTF	2:0
european-games-2023	Senior Men -63kg	QF		JORQUERA CALA Joan	ESP	BYSTROV Volodymyr	UKR	PTF	2:1
european-games-2023	Senior Men -63kg	QF		BARETTA Dennis	ITA	USCIMIUK Sebastian	POL	PTF	2:0
european-games-2023	Senior Men -63kg	QF		ALAPHILIPPE Souleyman	FRA	RECBER Hakan	TUR	PTF	1:0
european-games-2023	Senior Men -63kg	QF		BRECIC Lovre	CRO	STANIC Novak	SRB	PTF	2:0
european-games-2023	Senior Men -63kg	SF		BARETTA Dennis	ITA	JORQUERA CALA Joan	ESP	PTF	2:0
european-games-2023	Senior Men -63kg	SF		BRECIC Lovre	CRO	ALAPHILIPPE Souleyman	FRA	PTF	2:0
european-games-2023	Senior Men -63kg	RPC		CANI Juirdo	ALB	USCIMIUK Sebastian	POL	PTF	2:1
european-games-2023	Senior Men -63kg	RPC		STANIC Novak	SRB	PILAVAKIS Ioannis	CYP	PTF	2:0
european-games-2023	Senior Men -63kg	BRZ		ALAPHILIPPE Souleyman	FRA	CANI Juirdo	ALB	PTF	2:0
european-games-2023	Senior Men -63kg	BRZ		JORQUERA CALA Joan	ESP	STANIC Novak	SRB	PTF	2:1
european-games-2023	Senior Men -63kg	F		BARETTA Dennis	ITA	BRECIC Lovre	CRO	PTF	2:0
european-games-2023	Senior Men -68kg	R16		SINDEN Bradly John	GBR	CHUMACHENKO Andrii	UKR	PTF	2:0
european-games-2023	Senior Men -68kg	R16		JOERGENSEN Otto Herlev	DEN	JOZSA Levente mark	HUN	PTF	2:0
european-games-2023	Senior Men -68kg	R16		GLASNOVIC Leon	CRO	KAVURAT Ferhat can	TUR	PTF	2:1
european-games-2023	Senior Men -68kg	R16		DZHORDZHEV Mitko	BUL	SZCZESNOWSKI Mateusz	POL	PTF	2:1
european-games-2023	Senior Men -68kg	R16		BECOVIC Zinedin	MNE	ALIAN Ali Jawad	SWE	PTF	2:1
european-games-2023	Senior Men -68kg	R16		LUCIEN Theo	FRA	KRIVISHKIY Nimrod	ISR	PTF	2:0
european-games-2023	Senior Men -68kg	R16		CHAMALIDIS Konstantinos	GRE	AGHAYEV Javad	AZE	PTF	2:1
european-games-2023	Senior Men -68kg	R16		PEREZ POLO Javier	ESP	GALLAND Warrick	SUI	PTF	2:0
european-games-2023	Senior Men -68kg	QF		SINDEN Bradly John	GBR	JOERGENSEN Otto Herlev	DEN	PTF	2:0
european-games-2023	Senior Men -68kg	QF		GLASNOVIC Leon	CRO	DZHORDZHEV Mitko	BUL	PTF	2:1
european-games-2023	Senior Men -68kg	QF		LUCIEN Theo	FRA	BECOVIC Zinedin	MNE	RSC	
european-games-2023	Senior Men -68kg	QF		PEREZ POLO Javier	ESP	CHAMALIDIS Konstantinos	GRE	PTF	2:0
european-games-2023	Senior Men -68kg	SF		SINDEN Bradly John	GBR	GLASNOVIC Leon	CRO	WDR	
european-games-2023	Senior Men -68kg	SF		PEREZ POLO Javier	ESP	LUCIEN Theo	FRA	PTF	2:0
european-games-2023	Senior Men -68kg	RPC		JOERGENSEN Otto Herlev	DEN	CHUMACHENKO Andrii	UKR	PTF	2:0
european-games-2023	Senior Men -68kg	RPC		CHAMALIDIS Konstantinos	GRE	GALLAND Warrick	SUI	PTF	2:1
european-games-2023	Senior Men -68kg	BRZ		JOERGENSEN Otto Herlev	DEN	LUCIEN Theo	FRA	PTF	2:1
european-games-2023	Senior Men -68kg	BRZ		CHAMALIDIS Konstantinos	GRE	GLASNOVIC Leon	CRO	PTF	2:1
european-games-2023	Senior Men -68kg	F		PEREZ POLO Javier	ESP	SINDEN Bradly John	GBR	WDR	
european-games-2023	Senior Women -62kg	R16		CHAARI Sarah	BEL	ANDERSSON Tindra Elin	SWE	PTF	2:0
european-games-2023	Senior Women -62kg	R16		TARVIDA Jolanta	LAT	SAVKOVIC Nada	SRB	PTF	2:1
european-games-2023	Senior Women -62kg	R16		POWELL Aaliyah Jadine	GBR	MAGDALENO ALBIZU Jone	ESP	PTF	2:0
european-games-2023	Senior Women -62kg	R16		SZPAK Julia	POL	PATAKFALVY Csenge Eleonora	HUN	PTF	2:0
european-games-2023	Senior Women -62kg	R16		STOLBOVA Petra	CZE	GASPA Cristina	ITA	PTF	2:1
european-games-2023	Senior Women -62kg	R16		RELJIKJ Milijana	MKD	GJELSVIK Karoline	NOR	PTF	2:0
european-games-2023	Senior Women -62kg	R16		ARELIC Ivana	CRO	FROEMMING Anna-Lena	GER	PTF	2:0
european-games-2023	Senior Women -62kg	R16		SARVANAKI Theopoula	GRE	HARKONEN Helmi Mirjami	FIN	PTF	2:0
european-games-2023	Senior Women -62kg	QF		CHAARI Sarah	BEL	TARVIDA Jolanta	LAT	PTF	2:0
european-games-2023	Senior Women -62kg	QF		POWELL Aaliyah Jadine	GBR	SZPAK Julia	POL	PTF	2:0
european-games-2023	Senior Women -62kg	QF		STOLBOVA Petra	CZE	RELJIKJ Milijana	MKD	PTF	2:1
european-games-2023	Senior Women -62kg	QF		ARELIC Ivana	CRO	SARVANAKI Theopoula	GRE	PTF	2:0
european-games-2023	Senior Women -62kg	SF		CHAARI Sarah	BEL	POWELL Aaliyah Jadine	GBR	PTF	2:0
european-games-2023	Senior Women -62kg	SF		STOLBOVA Petra	CZE	ARELIC Ivana	CRO	PTF	2:0
european-games-2023	Senior Women -62kg	RPC		TARVIDA Jolanta	LAT	ANDERSSON Tindra Elin	SWE	PTF	2:0
european-games-2023	Senior Women -62kg	RPC		RELJIKJ Milijana	MKD	GASPA Cristina	ITA	PTF	2:1
european-games-2023	Senior Women -62kg	BRZ		TARVIDA Jolanta	LAT	ARELIC Ivana	CRO	PTF	2:1
european-games-2023	Senior Women -62kg	BRZ		POWELL Aaliyah Jadine	GBR	RELJIKJ Milijana	MKD	PTF	2:0
european-games-2023	Senior Women -62kg	F		CHAARI Sarah	BEL	STOLBOVA Petra	CZE	PTF	2:1
european-games-2023	Senior Women -67kg	R16		WIET HENIN Magda	FRA	MARTON Viviana	HUN	PTF	2:0
european-games-2023	Senior Women -67kg	R16		MITSOPOULOU Athanasia	GRE	AZIZOVA Farida	AZE	PTF	2:1
european-games-2023	Senior Women -67kg	R16		CASTRO BURGOS Cecilia	ESP	MINK Amy Jo	NED	PTF	2:0
european-games-2023	Senior Women -67kg	R16		D'ANGELO Natalia	ITA	KOWALKOWSKA Justyna	POL	PTF	2:0
european-games-2023	Senior Women -67kg	R16		JELIC Matea	CRO	KAYIR Ikra	TUR	PTF	2:0
european-games-2023	Senior Women -67kg	R16		KOERNDL Vanessa Maria	GER	ROBERTS Chloe Faith	GBR	PTF	2:1
european-games-2023	Senior Women -67kg	R16		JIRANKOVA Iveta	CZE	NILSEN Mari romundset	NOR	PTF	2:1
european-games-2023	Senior Women -67kg	R16		PERISIC Aleksandra	SRB	FABER Isabelle	LUX	PTF	2:0
european-games-2023	Senior Women -67kg	QF		WIET HENIN Magda	FRA	MITSOPOULOU Athanasia	GRE	PTF	2:0
european-games-2023	Senior Women -67kg	QF		CASTRO BURGOS Cecilia	ESP	D'ANGELO Natalia	ITA	PTF	2:1
european-games-2023	Senior Women -67kg	QF		JELIC Matea	CRO	KOERNDL Vanessa Maria	GER	PTF	2:1
european-games-2023	Senior Women -67kg	QF		PERISIC Aleksandra	SRB	JIRANKOVA Iveta	CZE	PTF	2:0
european-games-2023	Senior Women -67kg	SF		CASTRO BURGOS Cecilia	ESP	WIET HENIN Magda	FRA	PTF	2:0
european-games-2023	Senior Women -67kg	SF		PERISIC Aleksandra	SRB	JELIC Matea	CRO	PTF	2:1
european-games-2023	Senior Women -67kg	RPC		D'ANGELO Natalia	ITA	MINK Amy Jo	NED	PTF	2:1
european-games-2023	Senior Women -67kg	RPC		JIRANKOVA Iveta	CZE	FABER Isabelle	LUX	PTF	2:0
european-games-2023	Senior Women -67kg	BRZ		D'ANGELO Natalia	ITA	JELIC Matea	CRO	PTF	2:1
european-games-2023	Senior Women -67kg	BRZ		WIET HENIN Magda	FRA	JIRANKOVA Iveta	CZE	PTF	2:0
european-games-2023	Senior Women -67kg	F		PERISIC Aleksandra	SRB	CASTRO BURGOS Cecilia	ESP	PTF	2:0
european-games-2023	Senior Men -74kg	R16		QUESADA BARRERA Daniel	ESP	SARGSYAN Sargis	ARM	WDR	
european-games-2023	Senior Men -74kg	R16		KINTSURASHVILI Zurab	GEO	NSILU DILANDU Leroy	IRL	PTF	2:0
european-games-2023	Senior Men -74kg	R16		TAKOV Stefan	SRB	BOUTHOUYAK Athman	FRA	PTF	2:0
european-games-2023	Senior Men -74kg	R16		GAFAROV Eltaj	AZE	CUDNOCH Lukasz	POL	WDR	
european-games-2023	Senior Men -74kg	R16		HUSIC Nedzad	BIH	BINEV Kaloyan	BUL	PTF	2:0
european-games-2023	Senior Men -74kg	R16		ACHAB Badr	BEL	KOVACIC Lin	SLO	PTF	2:1
european-games-2023	Senior Men -74kg	R16		YILDIZ Muhammed emin	TUR	THUNE Sebastian	NOR	PTF	2:0
european-games-2023	Senior Men -74kg	R16		GOLUBIC Marko	CRO	CHEHADE Mohamad Ali	SWE	PTF	2:0
european-games-2023	Senior Men -74kg	QF		KINTSURASHVILI Zurab	GEO	QUESADA BARRERA Daniel	ESP	PTF	2:0
european-games-2023	Senior Men -74kg	QF		TAKOV Stefan	SRB	GAFAROV Eltaj	AZE	PTF	2:0
european-games-2023	Senior Men -74kg	QF		HUSIC Nedzad	BIH	ACHAB Badr	BEL	PTF	2:0
european-games-2023	Senior Men -74kg	QF		GOLUBIC Marko	CRO	YILDIZ Muhammed emin	TUR	PTF	2:1
european-games-2023	Senior Men -74kg	SF		KINTSURASHVILI Zurab	GEO	TAKOV Stefan	SRB	PTF	2:0
european-games-2023	Senior Men -74kg	SF		HUSIC Nedzad	BIH	GOLUBIC Marko	CRO	PTF	2:0
european-games-2023	Senior Men -74kg	RPC		QUESADA BARRERA Daniel	ESP	NSILU DILANDU Leroy	IRL	PTF	2:0
european-games-2023	Senior Men -74kg	RPC		BINEV Kaloyan	BUL	ACHAB Badr	BEL	PTF	2:0
european-games-2023	Senior Men -74kg	BRZ		QUESADA BARRERA Daniel	ESP	GOLUBIC Marko	CRO	PTF	2:0
european-games-2023	Senior Men -74kg	BRZ		TAKOV Stefan	SRB	BINEV Kaloyan	BUL	PTF	2:1
european-games-2023	Senior Men -74kg	F		KINTSURASHVILI Zurab	GEO	HUSIC Nedzad	BIH	PTF	2:0
european-games-2023	Senior Men -80kg	R32		JOCHMAN Adam	CZE	ACHILLEOS Christos	CYP	PTF	2:0
european-games-2023	Senior Men -80kg	R16		ORDEMANN Richard Andre K	NOR	JOCHMAN Adam	CZE	PTF	2:0
european-games-2023	Senior Men -80kg	R16		KARTAL Huseyin	TUR	BOUZID SOUIHILI Ismael	FRA	PTF	2:1
european-games-2023	Senior Men -80kg	R16		KOSTENEVYCH Kostiantyn	UKR	BACELAR OLIVEIRA Julio A.	POR	PTF	2:0
european-games-2023	Senior Men -80kg	R16		PIATKOWSKI Szymon	POL	FILIPPOV Aleksandr	ISR	PTF	2:1
european-games-2023	Senior Men -80kg	R16		CINTADO ARTECHE Jon Andoni	ESP	GERRONE Antonio	ITA	PTF	2:0
european-games-2023	Senior Men -80kg	R16		MEHDIPOURNEJAD Kasra	ERT	NIKOLIC Matej	CRO	PTF	2:0
european-games-2023	Senior Men -80kg	R16		HRNIC Edi	DEN	RADOJKOVIC Aleksandar	AUT	PTF	2:1
european-games-2023	Senior Men -80kg	R16		TELIKOSTOGLOU Apostolos	GRE	BAJRA Arber	KOS	PTF	2:0
european-games-2023	Senior Men -80kg	QF		ORDEMANN Richard Andre K	NOR	KARTAL Huseyin	TUR	PTF	2:1
european-games-2023	Senior Men -80kg	QF		PIATKOWSKI Szymon	POL	KOSTENEVYCH Kostiantyn	UKR	PTF	2:1
european-games-2023	Senior Men -80kg	QF		CINTADO ARTECHE Jon Andoni	ESP	MEHDIPOURNEJAD Kasra	ERT	PTF	2:0
european-games-2023	Senior Men -80kg	QF		HRNIC Edi	DEN	TELIKOSTOGLOU Apostolos	GRE	PTF	2:1
european-games-2023	Senior Men -80kg	SF		ORDEMANN Richard Andre K	NOR	PIATKOWSKI Szymon	POL	PTF	2:0
european-games-2023	Senior Men -80kg	SF		HRNIC Edi	DEN	CINTADO ARTECHE Jon Andoni	ESP	PTF	2:1
european-games-2023	Senior Men -80kg	RPC		KARTAL Huseyin	TUR	JOCHMAN Adam	CZE	PTF	2:1
european-games-2023	Senior Men -80kg	RPC		TELIKOSTOGLOU Apostolos	GRE	RADOJKOVIC Aleksandar	AUT	PTF	2:0
european-games-2023	Senior Men -80kg	BRZ		KARTAL Huseyin	TUR	CINTADO ARTECHE Jon Andoni	ESP	PTF	2:0
european-games-2023	Senior Men -80kg	BRZ		TELIKOSTOGLOU Apostolos	GRE	PIATKOWSKI Szymon	POL	PTF	2:1
european-games-2023	Senior Men -80kg	F		HRNIC Edi	DEN	ORDEMANN Richard Andre K	NOR	PTF	2:0
european-games-2023	Senior Women -73kg	R16		SMIRAGLIA Maristella	ITA	NTEMOGIANNI Paraskevi	GRE	PTF	2:0
european-games-2023	Senior Women -73kg	R16		BERISAJ Andjela	MNE	HADZIC Alema	GER	PTF	2:0
european-games-2023	Senior Women -73kg	R16		KOSZEL Marcelina	POL	PYPOT Iryna	UKR	PTF	2:0
european-games-2023	Senior Women -73kg	R16		MCGOWAN Rebecca Louise	GBR	HAUGEN Eliza frazier	NOR	PTF	2:0
european-games-2023	Senior Women -73kg	R16		KLEPAC Nika	CRO	GEORGIEVSKA Anamarija	MKD	PTF	2:0
european-games-2023	Senior Women -73kg	R16		UZUNCAVDAR Sude yaren	TUR	FUREDI Rebeka	HUN	PTF	2:0
european-games-2023	Senior Women -73kg	R16		LAURIN Althea	FRA	TOMAZOU Souzanna	CYP	PTF	2:0
european-games-2023	Senior Women -73kg	QF		BOZANIC Nadica	SRB	SMIRAGLIA Maristella	ITA	PTF	2:1
european-games-2023	Senior Women -73kg	QF		BERISAJ Andjela	MNE	KOSZEL Marcelina	POL	PTF	2:1
european-games-2023	Senior Women -73kg	QF		KLEPAC Nika	CRO	MCGOWAN Rebecca Louise	GBR	WDR	
european-games-2023	Senior Women -73kg	QF		UZUNCAVDAR Sude yaren	TUR	LAURIN Althea	FRA	PTF	2:0
european-games-2023	Senior Women -73kg	SF		BOZANIC Nadica	SRB	BERISAJ Andjela	MNE	PTF	2:0
european-games-2023	Senior Women -73kg	SF		UZUNCAVDAR Sude yaren	TUR	KLEPAC Nika	CRO	PTF	2:0
european-games-2023	Senior Women -73kg	RPC		LAURIN Althea	FRA	FUREDI Rebeka	HUN	PTF	2:0
european-games-2023	Senior Women -73kg	BRZ		KLEPAC Nika	CRO	SMIRAGLIA Maristella	ITA	PTF	2:0
european-games-2023	Senior Women -73kg	BRZ		LAURIN Althea	FRA	BERISAJ Andjela	MNE	PTF	2:0
european-games-2023	Senior Women -73kg	F		UZUNCAVDAR Sude yaren	TUR	BOZANIC Nadica	SRB	PTF	2:0
european-games-2023	Senior Women +73kg	R16		CASTINEIRA E. Tania Maria	ESP	PETANJEK NIKA	CRO	PTF	2:0
european-games-2023	Senior Women +73kg	R16		JAHL Marlene	AUT	ANTONIOU Sofia	CYP	PTF	2:0
european-games-2023	Senior Women +73kg	R16		KOWALCZUK Aleksandra	POL	PODOLIAN Renata	UKR	PTF	2:0
european-games-2023	Senior Women +73kg	R16		KUS AYDIN Nafia	TUR	PADLA Orsolya Henriet	HUN	PTF	2:0
european-games-2023	Senior Women +73kg	R16		BOYADZHIEVA Kalina	BUL	AZRAN Dana	ISR	PTF	2:0
european-games-2023	Senior Women +73kg	R16		AVOULETE Solene	FRA	KITSIOU Agoritsa artemia	GRE	PTF	2:0
european-games-2023	Senior Women +73kg	QF		COOK Bianca Michaela	GBR	CASTINEIRA E. Tania Maria	ESP	PTF	2:0
european-games-2023	Senior Women +73kg	QF		KOWALCZUK Aleksandra	POL	JAHL Marlene	AUT	PTF	2:0
european-games-2023	Senior Women +73kg	QF		KUS AYDIN Nafia	TUR	BOYADZHIEVA Kalina	BUL	PTF	2:0
european-games-2023	Senior Women +73kg	QF		AVOULETE Solene	FRA	BRANDL Lorena	GER	PTF	2:0
european-games-2023	Senior Women +73kg	SF		KOWALCZUK Aleksandra	POL	COOK Bianca Michaela	GBR	PTF	2:1
european-games-2023	Senior Women +73kg	SF		KUS AYDIN Nafia	TUR	AVOULETE Solene	FRA	PTF	2:0
european-games-2023	Senior Women +73kg	RPC		JAHL Marlene	AUT	PODOLIAN Renata	UKR	PTF	2:0
european-games-2023	Senior Women +73kg	RPC		BOYADZHIEVA Kalina	BUL	PADLA Orsolya Henriet	HUN	PTF	2:0
european-games-2023	Senior Women +73kg	BRZ		AVOULETE Solene	FRA	JAHL Marlene	AUT	PTF	2:1
european-games-2023	Senior Women +73kg	BRZ		BOYADZHIEVA Kalina	BUL	COOK Bianca Michaela	GBR	PTF	2:0
european-games-2023	Senior Women +73kg	F		KUS AYDIN Nafia	TUR	KOWALCZUK Aleksandra	POL	PTF	2:0
european-games-2023	Senior Men -87kg	R16		THOLIOTIS Vasileios	GRE	SEGEDIN Dinko	BIH	PTF	2:0
european-games-2023	Senior Men -87kg	R16		BICER Enbiya taha	TUR	THEOCHAROUS Andreas	CYP	PTF	2:0
european-games-2023	Senior Men -87kg	R16		SNACOV Laurentiu Andre	ROU	ROBAK Karol wladyslaw	POL	WDR	
european-games-2023	Senior Men -87kg	R16		BACHMANN Alexander	GER	SULEYMANOV Taleh	AZE	PTF	2:1
european-games-2023	Senior Men -87kg	R16		BAILEY Kelen	HUN	BONDAR Vladyslav	UKR	PTF	2:1
european-games-2023	Senior Men -87kg	QF		SAPINA Ivan	CRO	THOLIOTIS Vasileios	GRE	PTF	2:0
european-games-2023	Senior Men -87kg	QF		BICER Enbiya taha	TUR	SNACOV Laurentiu Andre	ROU	PTF	2:0
european-games-2023	Senior Men -87kg	QF		MARTINEZ GARCIA Raul	ESP	BACHMANN Alexander	GER	PTF	2:0
european-games-2023	Senior Men -87kg	QF		DIVKOVIC Patrik	SLO	BAILEY Kelen	HUN	PTF	2:0
european-games-2023	Senior Men -87kg	SF		SAPINA Ivan	CRO	BICER Enbiya taha	TUR	PTF	2:0
european-games-2023	Senior Men -87kg	SF		DIVKOVIC Patrik	SLO	MARTINEZ GARCIA Raul	ESP	PTF	2:0
european-games-2023	Senior Men -87kg	BRZ		MARTINEZ GARCIA Raul	ESP	THOLIOTIS Vasileios	GRE	PTF	2:1
european-games-2023	Senior Men -87kg	BRZ		BAILEY Kelen	HUN	BICER Enbiya taha	TUR	PTF	2:1
european-games-2023	Senior Men -87kg	F		SAPINA Ivan	CRO	DIVKOVIC Patrik	SLO	PTF	2:0
asian-games-2022	Senior Men -58kg	R32	1201	LIYANAGE Chalinda Sampath Liyanage	SRI	YOUDETH Sam	CAM	PTF	2:0
asian-games-2022	Senior Men -58kg	R32	1202	KOUDSI Raphael	LBN	SAEED Yaaqob	QAT	DSQ	
asian-games-2022	Senior Men -58kg	R32	1203	REZAEE Mohsen	AFG	MURODOV Nurullo (TJK-2118)	TJK	PTF	2:0
asian-games-2022	Senior Men -58kg	R32	1204	ALMAAZMI Abdalla	UAE	CHIOK Chun yin	HKG	PTF	2:0
asian-games-2022	Senior Men -58kg	R32	1205	OTAJONOV Omonjon	UZB	BARBOSA Kurt bryan	PHI	PTF	2:0
asian-games-2022	Senior Men -58kg	R32	2201	HUANG Yu-xiang	TPE	RAI Sagar	BHU	WDR	
asian-games-2022	Senior Men -58kg	R32	2202	YSKAK Yeldos	KAZ	CERILIO Do rego cruz lein	TLS	PTF	2:0
asian-games-2022	Senior Men -58kg	R32	2203	YODRAK Thanakrit	THA	KOU Hin Kit	MAC	PTF	2:0
asian-games-2022	Senior Men -58kg	R32	2204	HANTOLI Omar	PLE	KHENTHONGLATH Kitsada	LAO	PTF	2:0
asian-games-2022	Senior Men -58kg	R32	2205	ALTYBAEV Aidin	KGZ	SAINBILEG Gan-erdene	MGL	PTF	2:0
asian-games-2022	Senior Men -58kg	R32	3201	HAMDI Riad nasser a	KSA	KUMAL Rahul	NEP	PTF	2:0
asian-games-2022	Senior Men -58kg	R32	3202	HIGASHIJIMA Seiya	JPN	MOHAMMED Muath Ebrahim Ahmed	BRN	PTF	2:0
asian-games-2022	Senior Men -58kg	R32	3203	CHENG Kai	CHN	ALMERSHAD Ali	KUW	PTF	2:0
asian-games-2022	Senior Men -58kg	R32	3204	HAJIMOUSAEINAFOUTI Mahdi	IRI	ELEAS Md	BAN	PTF	2:0
asian-games-2022	Senior Men -58kg	R16	1208	HUANG Yu-xiang	TPE	HAMDI Riad nasser a	KSA	PTF	2:0
asian-games-2022	Senior Men -58kg	R16	1209	CHENG Kai	CHN	YODRAK Thanakrit	THA	PTF	2:0
asian-games-2022	Senior Men -58kg	R16	1210	ALTYBAEV Aidin	KGZ	KHAN Haroon	PAK	PTF	2:1
asian-games-2022	Senior Men -58kg	R16	2208	YSKAK Yeldos	KAZ	KOUDSI Raphael	LBN	PTF	2:0
asian-games-2022	Senior Men -58kg	R16	2209	HANTOLI Omar	PLE	ALMAAZMI Abdalla	UAE	PTF	2:0
asian-games-2022	Senior Men -58kg	R16	3207	JANG Jun	KOR	LIYANAGE Chalinda Sampath Liyanage	SRI	PTF	2:0
asian-games-2022	Senior Men -58kg	R16	3208	REZAEE Mohsen	AFG	HIGASHIJIMA Seiya	JPN	PTF	2:0
asian-games-2022	Senior Men -58kg	R16	3209	HAJIMOUSAEINAFOUTI Mahdi	IRI	OTAJONOV Omonjon	UZB	PTF	2:0
asian-games-2022	Senior Men -58kg	QF	1213	JANG Jun	KOR	HUANG Yu-xiang	TPE	PTF	2:0
asian-games-2022	Senior Men -58kg	QF	1214	HAJIMOUSAEINAFOUTI Mahdi	IRI	ALTYBAEV Aidin	KGZ	PTF	2:0
asian-games-2022	Senior Men -58kg	QF	2216	REZAEE Mohsen	AFG	YSKAK Yeldos	KAZ	PTF	2:0
asian-games-2022	Senior Men -58kg	QF	3213	CHENG Kai	CHN	HANTOLI Omar	PLE	PTF	2:0
asian-games-2022	Senior Men -58kg	SF	1216	JANG Jun	KOR	REZAEE Mohsen	AFG	PTF	2:0
asian-games-2022	Senior Men -58kg	SF	2219	HAJIMOUSAEINAFOUTI Mahdi	IRI	CHENG Kai	CHN	PTF	2:1
asian-games-2022	Senior Men -58kg	F	2223	JANG Jun	KOR	HAJIMOUSAEINAFOUTI Mahdi	IRI	PTF	2:0
asian-games-2022	Senior Women -49kg	R32	1206	KONG Chi Lam	MAC	MAHADULA Irangani pushpa kumari	SRI	DSQ	
asian-games-2022	Senior Women -49kg	R32	1207	OKAMOTO Ruka	JPN	QABAHA Miar	PLE	PTF	2:0
asian-games-2022	Senior Women -49kg	R32	2206	da COSTA da SILVA PINTO B Ana	TLS	ALMUTAWAH Kaltham	QAT	PTF	2:0
asian-games-2022	Senior Women -49kg	R32	2207	PRIKASIH Ni Kadek Heni	INA	BAT-ERDENE Uchral	MGL	PTF	2:0
asian-games-2022	Senior Women -49kg	R32	3205	TAMANG Anjali	NEP	KRY Lyden	CAM	PTF	2:0
asian-games-2022	Senior Women -49kg	R32	3206	GARCES Veronica	PHI	MIRSHAKARZODA Shirinmohi	TJK	PTF	2:0
asian-games-2022	Senior Women -49kg	R16	1211	MANNOPOVA Madinabonu	UZB	KONG Chi Lam	MAC	PTF	2:0
asian-games-2022	Senior Women -49kg	R16	1212	KAPANOVA Botakoz	KAZ	OKAMOTO Ruka	JPN	PTF	2:0
asian-games-2022	Senior Women -49kg	R16	2210	WONGPATTANAKIT Panipak	THA	TAMANG Anjali	NEP	PTF	2:0
asian-games-2022	Senior Women -49kg	R16	2211	TRUONG Thi kim tuyen	VIE	da COSTA da SILVA PINTO B Ana	TLS	PTF	2:1
asian-games-2022	Senior Women -49kg	R16	2212	ABUTALEB Dunya ali m	KSA	KANG Mireu	KOR	PTF	2:0
asian-games-2022	Senior Women -49kg	R16	3210	JHUANG Tien yu	TPE	LAM Siu wai	HKG	PTF	2:0
asian-games-2022	Senior Women -49kg	R16	3211	NEMATZADEH Mobina	IRI	GARCES Veronica	PHI	PTF	2:0
asian-games-2022	Senior Women -49kg	R16	3212	GUO Qing	CHN	PRIKASIH Ni Kadek Heni	INA	PTF	2:0
asian-games-2022	Senior Women -49kg	QF	1215	NEMATZADEH Mobina	IRI	KAPANOVA Botakoz	KAZ	PTF	2:0
asian-games-2022	Senior Women -49kg	QF	2217	WONGPATTANAKIT Panipak	THA	JHUANG Tien yu	TPE	PTF	2:0
asian-games-2022	Senior Women -49kg	QF	2218	GUO Qing	CHN	ABUTALEB Dunya ali m	KSA	PTF	2:0
asian-games-2022	Senior Women -49kg	QF	3214	MANNOPOVA Madinabonu	UZB	TRUONG Thi kim tuyen	VIE	PTF	2:0
asian-games-2022	Senior Women -49kg	SF	1217	WONGPATTANAKIT Panipak	THA	MANNOPOVA Madinabonu	UZB	PTF	2:0
asian-games-2022	Senior Women -49kg	SF	2220	GUO Qing	CHN	NEMATZADEH Mobina	IRI	PTF	2:0
asian-games-2022	Senior Women -49kg	F	2224	WONGPATTANAKIT Panipak	THA	GUO Qing	CHN	PTF	2:1
asian-games-2022	Senior Men -63kg	R32	1301	SADR ZADA Bizhan	AFG	SUNATOV Mahmadjon	TJK	PTF	2:1
asian-games-2022	Senior Men -63kg	R32	1302	LEE Gibeom	KOR	PHAM Dang quang	VIE	PTF	2:0
asian-games-2022	Senior Men -63kg	R32	1303	SUZUKI Sergio	JPN	ALMESMARI Hassan	UAE	PTF	2:0
asian-games-2022	Senior Men -63kg	R32	2301	DASHDAVAA Chinzorig	MGL	DENGPASEUTH Phongsak	LAO	PTF	2:0
asian-games-2022	Senior Men -63kg	R32	2302	HOSSEINPOUR Alireza	IRI	RAIHAN Muhammad bassam	INA	PTF	2:0
asian-games-2022	Senior Men -63kg	R32	3301	ALE Gobinda bahadur	NEP	SILVA Jose da Costa E	TLS	RSC	
asian-games-2022	Senior Men -63kg	R32	3302	GHALI Zakariya Muhammed	KSA	KHANDO Dorji	BHU	PTF	2:0
asian-games-2022	Senior Men -63kg	R16	1304	LIANG Yushuai	CHN	SADR ZADA Bizhan	AFG	PTF	2:0
asian-games-2022	Senior Men -63kg	R16	1305	TUBTIMDANG Banlung	THA	ALE Gobinda bahadur	NEP	PTF	2:0
asian-games-2022	Senior Men -63kg	R16	1306	HNEINEH Ralph	LBN	GHALI Zakariya Muhammed	KSA	PTF	2:0
asian-games-2022	Senior Men -63kg	R16	2304	GAZEZ Nurbek	KAZ	CHUA Joseph	PHI	RSC	
asian-games-2022	Senior Men -63kg	R16	2305	LEE Gibeom	KOR	PULATOV Niyaz	UZB	PTF	2:0
asian-games-2022	Senior Men -63kg	R16	2306	ALHALAWANI Zaid	JOR	SUZUKI Sergio	JPN	PTF	2:0
asian-games-2022	Senior Men -63kg	R16	3304	HSU Hao-yu	TPE	DASHDAVAA Chinzorig	MGL	PTF	2:1
asian-games-2022	Senior Men -63kg	R16	3305	HOSSEINPOUR Alireza	IRI	ARBAZ KHAN Muhammad	PAK	PTF	2:0
asian-games-2022	Senior Men -63kg	QF	1312	LIANG Yushuai	CHN	GAZEZ Nurbek	KAZ	PTF	2:0
asian-games-2022	Senior Men -63kg	QF	1313	ALHALAWANI Zaid	JOR	HNEINEH Ralph	LBN	PTF	2:0
asian-games-2022	Senior Men -63kg	QF	2312	TUBTIMDANG Banlung	THA	HSU Hao-yu	TPE	PTF	2:1
asian-games-2022	Senior Men -63kg	QF	3311	HOSSEINPOUR Alireza	IRI	LEE Gibeom	KOR	PTF	2:0
asian-games-2022	Senior Men -63kg	SF	1316	TUBTIMDANG Banlung	THA	LIANG Yushuai	CHN	PTF	2:0
asian-games-2022	Senior Men -63kg	SF	2316	HOSSEINPOUR Alireza	IRI	ALHALAWANI Zaid	JOR	PTF	2:0
asian-games-2022	Senior Men -63kg	F	2319	TUBTIMDANG Banlung	THA	HOSSEINPOUR Alireza	IRI	PTF	2:0
asian-games-2022	Senior Women -53kg	R32	2303	JONGKOLRATTANAWATTANA Chutikan	THA	MOE MYINT Myat	MYA	PTF	2:0
asian-games-2022	Senior Women -53kg	R32	3303	TAN Nichelle Ying Xuan	SGP	SEMOI DO REGO CRUZ LEIN Teresa	TLS	PTF	2:0
asian-games-2022	Senior Women -53kg	R16	1307	MAHESWARI Megawati Tamesti	INA	MAM Julie	CAM	WDR	2:0
asian-games-2022	Senior Women -53kg	R16	1308	KAYUMOVA Charos	UZB	SO Yuen ting	HKG	PTF	2:0
asian-games-2022	Senior Women -53kg	R16	1309	ZUO Ju	CHN	TAN Nichelle Ying Xuan	SGP	PTF	2:0
asian-games-2022	Senior Women -53kg	R16	2307	KARAJANOVA Aziza	KAZ	VU Thi Dung	VIE	PTF	2:0
asian-games-2022	Senior Women -53kg	R16	2308	CANABAL Baby jessica	PHI	KATOH Yuzuho	JPN	PTF	2:1
asian-games-2022	Senior Women -53kg	R16	3306	JONGKOLRATTANAWATTANA Chutikan	THA	KIYANICHANDEH Nahid	IRI	PTF	2:1
asian-games-2022	Senior Women -53kg	R16	3307	PARK Hyejin	KOR	LAMA Ayasha	NEP	PTF	2:0
asian-games-2022	Senior Women -53kg	R16	3308	LIN Wei-chun	TPE	BOU HABIB Mariella	LBN	PTF	2:0
asian-games-2022	Senior Women -53kg	QF	1314	KAYUMOVA Charos	UZB	CANABAL Baby jessica	PHI	PTF	2:1
asian-games-2022	Senior Women -53kg	QF	2313	JONGKOLRATTANAWATTANA Chutikan	THA	MAHESWARI Megawati Tamesti	INA	PTF	2:0
asian-games-2022	Senior Women -53kg	QF	2314	LIN Wei-chun	TPE	ZUO Ju	CHN	PTF	2:0
asian-games-2022	Senior Women -53kg	QF	3312	PARK Hyejin	KOR	KARAJANOVA Aziza	KAZ	PTF	2:0
asian-games-2022	Senior Women -53kg	SF	1317	PARK Hyejin	KOR	JONGKOLRATTANAWATTANA Chutikan	THA	PTF	2:0
asian-games-2022	Senior Women -53kg	SF	2317	LIN Wei-chun	TPE	KAYUMOVA Charos	UZB	PTF	2:0
asian-games-2022	Senior Women -53kg	F	2320	PARK Hyejin	KOR	LIN Wei-chun	TPE	PTF	2:1
asian-games-2022	Senior Women -57kg	R16	1310	KIM Yujin	KOR	MIR NOOROLLAHI Seyedeh narges	IRI	PTF	2:0
asian-games-2022	Senior Women -57kg	R16	1311	MIRABZALOVA Madina	UZB	OIMATOVA Munisa	TJK	PTF	2:0
asian-games-2022	Senior Women -57kg	R16	2309	TRAN Thi anh tuyet	VIE	ALIZA Chheoung	CAM	PTF	2:1
asian-games-2022	Senior Women -57kg	R16	2310	AOUN Laetitia	LBN	SINGH Sandhya Kumari	NEP	PTF	2:0
asian-games-2022	Senior Women -57kg	R16	2311	LO Chia-ling	TPE	YANGCHEN Tshering	BHU	PTF	2:0
asian-games-2022	Senior Women -57kg	R16	3309	SEVOSTYANOVA Mariya	KAZ	LAW Sin yi	HKG	PTF	2:0
asian-games-2022	Senior Women -57kg	R16	3310	HARNSUJIN Phannapa	THA	BRIONES Jubilee	PHI	PTF	2:0
asian-games-2022	Senior Women -57kg	QF	1315	KIM Yujin	KOR	SEVOSTYANOVA Mariya	KAZ	PTF	2:0
asian-games-2022	Senior Women -57kg	QF	2315	HARNSUJIN Phannapa	THA	AOUN Laetitia	LBN	PTF	2:1
asian-games-2022	Senior Women -57kg	QF	3313	LUO Zongshi	CHN	TRAN Thi anh tuyet	VIE	PTF	2:0
asian-games-2022	Senior Women -57kg	QF	3314	LO Chia-ling	TPE	MIRABZALOVA Madina	UZB	PTF	2:0
asian-games-2022	Senior Women -57kg	SF	1318	LUO Zongshi	CHN	KIM Yujin	KOR	PTF	2:0
asian-games-2022	Senior Women -57kg	SF	2318	LO Chia-ling	TPE	HARNSUJIN Phannapa	THA	PTF	2:0
asian-games-2022	Senior Women -57kg	F	2321	LUO Zongshi	CHN	LO Chia-ling	TPE	PTF	2:0
asian-games-2022	Senior Men -68kg	R32	1401	LY Hong Phuc	VIE	SHALAN Mohammad	QAT	DSQ	
asian-games-2022	Senior Men -68kg	R32	1402	ZAIN Hikmatullah	AFG	KHANTHAVONGSA Souladeth	LAO	PTF	2:0
asian-games-2022	Senior Men -68kg	R32	2401	BIN DOOKHY HASHAM	KSA	AL-LAMI Hussein Imad Fadhil	IRQ	PTF	2:1
asian-games-2022	Senior Men -68kg	R32	2402	LO Wai fung	HKG	BAHLOOL Ahmad	PLE	DSQ	
asian-games-2022	Senior Men -68kg	R32	3401	KURMANALIEV Eldar	KGZ	ASLANBEK Fazylov	TJK	PTF	2:0
asian-games-2022	Senior Men -68kg	R16	1404	ABDUL KAREEM Zaid	JOR	LY Hong Phuc	VIE	PTF	2:0
asian-games-2022	Senior Men -68kg	R16	1405	REZAEI Matin	IRI	KURMANALIEV Eldar	KGZ	PTF	2:0
asian-games-2022	Senior Men -68kg	R16	1406	CHIU Yi-jui	TPE	MAHARA Bir bahadur	NEP	PTF	2:0
asian-games-2022	Senior Men -68kg	R16	2404	ALCANTARA Arven	PHI	CHO Chaichon	THA	PTF	2:0
asian-games-2022	Senior Men -68kg	R16	2405	JIN Hojun	KOR	ZAIN Hikmatullah	AFG	PTF	2:0
asian-games-2022	Senior Men -68kg	R16	2406	RASHITOV Ulugbek	UZB	LO Wai fung	HKG	PTF	2:0
asian-games-2022	Senior Men -68kg	R16	3404	XIAO Chenming	CHN	BIN DOOKHY HASHAM	KSA	PTF	2:0
asian-games-2022	Senior Men -68kg	R16	3405	BIRIMBAY Eldar	KAZ	TSAGAANTSOOJ Bayanbat	MGL	PTF	2:1
asian-games-2022	Senior Men -68kg	QF	1411	ABDUL KAREEM Zaid	JOR	ALCANTARA Arven	PHI	PTF	2:0
asian-games-2022	Senior Men -68kg	QF	1412	RASHITOV Ulugbek	UZB	CHIU Yi-jui	TPE	PTF	2:0
asian-games-2022	Senior Men -68kg	QF	2411	REZAEI Matin	IRI	XIAO Chenming	CHN	PTF	2:1
asian-games-2022	Senior Men -68kg	QF	3411	JIN Hojun	KOR	BIRIMBAY Eldar	KAZ	PTF	2:0
asian-games-2022	Senior Men -68kg	SF	1415	ABDUL KAREEM Zaid	JOR	REZAEI Matin	IRI	PTF	2:1
asian-games-2022	Senior Men -68kg	SF	2415	RASHITOV Ulugbek	UZB	JIN Hojun	KOR	PTF	2:0
asian-games-2022	Senior Men -68kg	F	2418	RASHITOV Ulugbek	UZB	ABDUL KAREEM Zaid	JOR	PTF	2:0
asian-games-2022	Senior Men -80kg	R32	1403	AL RAMMAHI Saif Thaer Habeeb	IRQ	LIN Ka Ho	MAC	PTF	2:0
asian-games-2022	Senior Men -80kg	R32	2403	SAHAK Omid	AFG	BARAL Abhishek	NEP	PTF	2:0
asian-games-2022	Senior Men -80kg	R32	3402	CUI Yang	CHN	TAM Ching nam	HKG	PTF	2:0
asian-games-2022	Senior Men -80kg	R32	3403	TYAGI Shivansh	IND	MITHONA VA	CAM	PTF	2:0
asian-games-2022	Senior Men -80kg	R16	1409	WANG Te-Lung	TPE	SUZUKI Ricardo Saburou	JPN	PTF	2:0
asian-games-2022	Senior Men -80kg	R16	1410	CEA Dave	PHI	ALSOWAIQ Mohammed	KSA	PTF	2:0
asian-games-2022	Senior Men -80kg	R16	2408	ELSHARABATY Saleh	JOR	CUI Yang	CHN	PTF	2:0
asian-games-2022	Senior Men -80kg	R16	2409	AL RAMMAHI Saif Thaer Habeeb	IRQ	MYRZABAYEV Nurlan	KAZ	PTF	2:1
asian-games-2022	Senior Men -80kg	R16	2410	MERCER Jack woody	THA	PHAM Minh bao kha	VIE	PTF	2:0
asian-games-2022	Senior Men -80kg	R16	3408	JAYSUNOV Jasurbek	UZB	ALENEZI Bandar	KUW	PTF	2:0
asian-games-2022	Senior Men -80kg	R16	3409	BARKHORDARI Mehran	IRI	SAHAK Omid	AFG	PTF	2:0
asian-games-2022	Senior Men -80kg	R16	3410	PARK Woohyeok	KOR	TYAGI Shivansh	IND	PTF	2:0
asian-games-2022	Senior Men -80kg	QF	1414	AL RAMMAHI Saif Thaer Habeeb	IRQ	WANG Te-Lung	TPE	PTF	2:0
asian-games-2022	Senior Men -80kg	QF	2414	BARKHORDARI Mehran	IRI	CEA Dave	PHI	PTF	2:0
asian-games-2022	Senior Men -80kg	QF	3413	ELSHARABATY Saleh	JOR	JAYSUNOV Jasurbek	UZB	PTF	2:1
asian-games-2022	Senior Men -80kg	QF	3414	PARK Woohyeok	KOR	MERCER Jack woody	THA	PTF	2:0
asian-games-2022	Senior Men -80kg	SF	1417	ELSHARABATY Saleh	JOR	AL RAMMAHI Saif Thaer Habeeb	IRQ	PTF	2:0
asian-games-2022	Senior Men -80kg	SF	2417	PARK Woohyeok	KOR	BARKHORDARI Mehran	IRI	PTF	2:1
asian-games-2022	Senior Men -80kg	F	2420	PARK Woohyeok	KOR	ELSHARABATY Saleh	JOR	PTF	2:0
asian-games-2022	Senior Women -67kg	R16	1407	SADIKOVA Feruza	UZB	TONGCHAN Sasikarn	THA	PTF	2:1
asian-games-2022	Senior Women -67kg	R16	1408	CHANG Jui-en	TPE	REGI Margerette maria	IND	PTF	2:0
asian-games-2022	Senior Women -67kg	R16	2407	KHUSSAINOVA Nuray	KAZ	FARAJ Darin	PLE	PTF	2:0
asian-games-2022	Senior Women -67kg	R16	3406	MIRHOSSEINI VAKILI Melika	IRI	BASNET Indira	NEP	PTF	2:0
asian-games-2022	Senior Women -67kg	R16	3407	BAC Thi khiem	VIE	DELO Laila	PHI	PTF	2:0
asian-games-2022	Senior Women -67kg	QF	1413	BAC Thi khiem	VIE	KIM Jandi	KOR	PTF	2:0
asian-games-2022	Senior Women -67kg	QF	2412	MIRHOSSEINI VAKILI Melika	IRI	AL-SADEQ Julyana	JOR	PTF	2:0
asian-games-2022	Senior Women -67kg	QF	2413	SONG Jie	CHN	CHANG Jui-en	TPE	PTF	2:1
asian-games-2022	Senior Women -67kg	QF	3412	SADIKOVA Feruza	UZB	KHUSSAINOVA Nuray	KAZ	PTF	2:1
asian-games-2022	Senior Women -67kg	SF	1416	SADIKOVA Feruza	UZB	MIRHOSSEINI VAKILI Melika	IRI	PTF	2:1
asian-games-2022	Senior Women -67kg	SF	2416	SONG Jie	CHN	BAC Thi khiem	VIE	PTF	2:0
asian-games-2022	Senior Women -67kg	F	2419	SONG Jie	CHN	SADIKOVA Feruza	UZB	PTF	2:0
asian-games-2022	Senior Men +80kg	R16	1503	SADEK Anas	JOR	YADAV Jackie	NEP	PTF	2:0
asian-games-2022	Senior Men +80kg	R16	1504	DUISEBAY Smaiyl	KAZ	WANGDI Nima	BHU	PTF	2:0
asian-games-2022	Senior Men +80kg	R16	1505	AMIRI Ali akbar	AFG	LEE SEONGI	KOR	PTF	2:0
asian-games-2022	Senior Men +80kg	R16	2502	LEE Meng-en	TPE	RAHI Ray	LBN	PTF	2:0
asian-games-2022	Senior Men +80kg	R16	2503	SALIMI Arian	IRI	MORRISON Samuel Thomas Harper	PHI	PTF	2:0
asian-games-2022	Senior Men +80kg	R16	2504	SAEED Hamzah omar	PAK	ALAHMED Wadhah	QAT	PTF	2:0
asian-games-2022	Senior Men +80kg	R16	2505	SONG Zhaoxiang	CHN	ALMABROUK Ali Mabrouk S	KSA	PTF	2:0
asian-games-2022	Senior Men +80kg	QF	1508	LEE Meng-en	TPE	RAFALOVICH Nikita	UZB	PTF	2:1
asian-games-2022	Senior Men +80kg	QF	1509	DUISEBAY Smaiyl	KAZ	SAEED Hamzah omar	PAK	PTF	2:0
asian-games-2022	Senior Men +80kg	QF	2508	SALIMI Arian	IRI	SADEK Anas	JOR	PTF	2:0
asian-games-2022	Senior Men +80kg	QF	2509	SONG Zhaoxiang	CHN	AMIRI Ali akbar	AFG	PTF	2:1
asian-games-2022	Senior Men +80kg	SF	2512	SALIMI Arian	IRI	LEE Meng-en	TPE	PTF	2:0
asian-games-2022	Senior Men +80kg	SF	2513	SONG Zhaoxiang	CHN	DUISEBAY Smaiyl	KAZ	PTF	2:0
asian-games-2022	Senior Men +80kg	F	2515	SONG Zhaoxiang	CHN	SALIMI Arian	IRI	PTF	2:1
asian-games-2022	Senior Women +67kg	R16	1501	TAVAKOLI Anahita	IRI	ALORA Kirstie Elaine	PHI	PTF	2:0
asian-games-2022	Senior Women +67kg	R16	1502	SELMAN Ward	LBN	FATNASSI Maram	QAT	DSQ	
asian-games-2022	Senior Women +67kg	R16	2501	PAN Yun ci	TPE	ABDUSALOMOVA Munira	TJK	PTF	2:0
asian-games-2022	Senior Women +67kg	QF	1506	OSIPOVA Svetlana	UZB	TAVAKOLI Anahita	IRI	PTF	2:1
asian-games-2022	Senior Women +67kg	QF	1507	DENIZ Cansel	KAZ	SELMAN Ward	LBN	PTF	2:0
asian-games-2022	Senior Women +67kg	QF	2506	ZHOU Zeqi	CHN	ABO-ALRUB Rama	JOR	PTF	2:0
asian-games-2022	Senior Women +67kg	QF	2507	LEE Dabin	KOR	PAN Yun ci	TPE	PTF	2:0
asian-games-2022	Senior Women +67kg	SF	2510	ZHOU Zeqi	CHN	OSIPOVA Svetlana	UZB	PTF	2:1
asian-games-2022	Senior Women +67kg	SF	2511	LEE Dabin	KOR	DENIZ Cansel	KAZ	PTF	2:1
asian-games-2022	Senior Women +67kg	F	2514	ZHOU Zeqi	CHN	LEE Dabin	KOR	PTF	2:1
african-olympic-qualification-2024	Senior Men -80kg	QF	206	NKOY Arno	COD	SAMOTSHOZO Ernest	BOT	PTF	2:1
african-olympic-qualification-2024	Senior Men -80kg	SF	116	KATOUSI Firas	TUN	NKOY Arno	COD	WDR	1:0
african-olympic-qualification-2024	Senior Men -80kg	SF	117	SAWADOGO Faysal	BUR	ELASBI Soufiane	MAR	PTF	2:0
african-olympic-qualification-2024	Senior Men -80kg	F	122	KATOUSI Firas	TUN	SAWADOGO Faysal	BUR	PTF	
african-olympic-qualification-2024	Senior Men -58kg	R16	101	AMTAWAA Osamah	LBA	MANSON Maxwell	SLE	PTF	2:0
african-olympic-qualification-2024	Senior Men -58kg	R16	102	BETEL Casimir	CHA	GNOLO Jopiza Blond	CMR	DSQ	
african-olympic-qualification-2024	Senior Men -58kg	R16	103	OCIRA Oswaldo	UGA	ADDO Benson	GHA	PTF	2:1
african-olympic-qualification-2024	Senior Men -58kg	R16	201	SIMPARA Youssouf	MLI	ZELEKE Zemedkun	ETH	PTF	2:1
african-olympic-qualification-2024	Senior Men -58kg	R16	202	DIAWARA Abdoul Azi	GUI	DUBE Mfanawekhaya	SWZ	PTF	2:0
african-olympic-qualification-2024	Senior Men -58kg	QF	108	BETEL Casimir	CHA	SIMPARA Youssouf	MLI	PTF	2:1
african-olympic-qualification-2024	Senior Men -58kg	QF	109	DIAKITE Issa	CIV	OCIRA Oswaldo	UGA	PTF	2:0
african-olympic-qualification-2024	Senior Men -58kg	QF	207	ISSAKA GARBA Nouridine	NIG	AMTAWAA Osamah	LBA	PTF	2:0
african-olympic-qualification-2024	Senior Men -58kg	QF	208	DIOP Bocar	SEN	DIAWARA Abdoul Azi	GUI	PTF	2:0
african-olympic-qualification-2024	Senior Men -58kg	SF	112	ISSAKA GARBA Nouridine	NIG	BETEL Casimir	CHA	PTF	2:1
african-olympic-qualification-2024	Senior Men -58kg	SF	113	DIOP Bocar	SEN	DIAKITE Issa	CIV	PTF	2:0
african-olympic-qualification-2024	Senior Men -58kg	F	120	DIOP Bocar	SEN	ISSAKA GARBA Nouridine	NIG	PTF	
african-olympic-qualification-2024	Senior Women -49kg	R16	104	ABDIWAHID Munirah warsame	SOM	MBUBU Flore	COD	PTF	2:0
african-olympic-qualification-2024	Senior Women -49kg	R16	105	DHAHRI Ikram	TUN	JEBEL Amina	ETH	PTF	2:0
african-olympic-qualification-2024	Senior Women -49kg	R16	106	FALL Ngone	SEN	MADUNA Nonhle	SWZ	PTF	2:0
african-olympic-qualification-2024	Senior Women -49kg	R16	203	ABDOU BILANE Zaraou	NIG	KULA Karabo	BOT	PTF	2:0
african-olympic-qualification-2024	Senior Women -49kg	R16	204	SIBY Aissata Mohamed	MLI	CHINAZUM Nwosu	NGR	PTF	2:1
african-olympic-qualification-2024	Senior Women -49kg	R16	205	ARMAH Henrietta	GHA	KEMBI Sadia-leocho	CAF	PTF	2:0
african-olympic-qualification-2024	Senior Women -49kg	QF	110	SIBY Aissata Mohamed	MLI	ABDIWAHID Munirah warsame	SOM	PTF	2:0
african-olympic-qualification-2024	Senior Women -49kg	QF	111	KHATTAB Jana	EGY	FALL Ngone	SEN	PTF	2:0
african-olympic-qualification-2024	Senior Women -49kg	QF	209	TAU Michelle	LES	ABDOU BILANE Zaraou	NIG	PTF	2:0
african-olympic-qualification-2024	Senior Women -49kg	QF	210	DHAHRI Ikram	TUN	ARMAH Henrietta	GHA	PTF	2:0
african-olympic-qualification-2024	Senior Women -49kg	SF	114	TAU Michelle	LES	SIBY Aissata Mohamed	MLI	PTF	2:1
african-olympic-qualification-2024	Senior Women -49kg	SF	115	DHAHRI Ikram	TUN	KHATTAB Jana	EGY	PTF	2:0
african-olympic-qualification-2024	Senior Women -49kg	F	121	DHAHRI Ikram	TUN	TAU Michelle	LES	PTF	
african-olympic-qualification-2024	Senior Women +67kg	QF	107	AYANG Veronica Mba	GEQ	MUNAVE Carlota	SWZ	PTF	2:0
african-olympic-qualification-2024	Senior Women +67kg	SF	118	ABOUFARAS Fatima-ezzahra	MAR	AYANG Veronica Mba	GEQ	PTF	2:0
african-olympic-qualification-2024	Senior Women +67kg	SF	119	BATHILY Astan Kath	CIV	MOUEGA Urgence	GAB	PTF	2:0
african-olympic-qualification-2024	Senior Women +67kg	F	123	BATHILY Astan Kath	CIV	ABOUFARAS Fatima-ezzahra	MAR	PTF	
african-olympic-qualification-2024	Senior Men -68kg	R16	101	WAEL Ahmed	EGY	ATNAFU Getnet	ETH	PTF	2:0
african-olympic-qualification-2024	Senior Men -68kg	R16	102	FOFANA Mohamed	MLI	AJAYI Ifeoluwa	NGR	PTF	2:0
african-olympic-qualification-2024	Senior Men -68kg	R16	103	LO Mouhamadou mansour	SEN	MAZIYA Wandile	SWZ	PTF	2:0
african-olympic-qualification-2024	Senior Men -68kg	R16	104	BIRZEEQ Najimuldin	LBA	SAMOTSHOZO Wardell	BOT	PTF	2:0
african-olympic-qualification-2024	Senior Men -68kg	R16	201	FERNANDES Nicalas	CPV	BOUASSA TANDIALA Jonathan	CGO	PTF	2:0
african-olympic-qualification-2024	Senior Men -68kg	R16	202	MOUSSA Amar Cisse	GAB	RASOLOFO Mananariv	MAD	DSQ	
african-olympic-qualification-2024	Senior Men -68kg	R16	203	HOLLAND Edward	SLE	ZINK Robert	STP	PTF	2:0
african-olympic-qualification-2024	Senior Men -68kg	R16	204	MAIGA Ibrahim	BUR	DIALLO Thierno Mam	GUI	PTF	2:0
african-olympic-qualification-2024	Senior Men -68kg	QF	109	FOFANA Mohamed	MLI	MOUSSA Amar Cisse	GAB	PTF	2:0
african-olympic-qualification-2024	Senior Men -68kg	QF	110	MAIGA Ibrahim	BUR	BIRZEEQ Najimuldin	LBA	PTF	2:0
african-olympic-qualification-2024	Senior Men -68kg	QF	208	WAEL Ahmed	EGY	FERNANDES Nicalas	CPV	PTF	2:0
african-olympic-qualification-2024	Senior Men -68kg	QF	209	LO Mouhamadou mansour	SEN	HOLLAND Edward	SLE	PTF	2:0
african-olympic-qualification-2024	Senior Men -68kg	SF	113	FOFANA Mohamed	MLI	WAEL Ahmed	EGY	PTF	2:1
african-olympic-qualification-2024	Senior Men -68kg	SF	114	LO Mouhamadou mansour	SEN	MAIGA Ibrahim	BUR	PTF	2:1
african-olympic-qualification-2024	Senior Men -68kg	F	121	LO Mouhamadou mansour	SEN	FOFANA Mohamed	MLI	WDR	
african-olympic-qualification-2024	Senior Men +80kg	QF	106	BASSEL Ayoub	MAR	OBARA Moses odhiambo	KEN	PTF	2:0
african-olympic-qualification-2024	Senior Men +80kg	QF	107	MYLANN Antony	GAB	OKUOMOSE Benjamin	NGR	PTF	2:0
african-olympic-qualification-2024	Senior Men +80kg	QF	206	ISSOUFOU Abdoul	NIG	GOMIS Païvou johnouario	GBS	PTF	2:0
african-olympic-qualification-2024	Senior Men +80kg	QF	207	ANN Alasan	GAM	HONGBE ADOUA Frederic	CHA	PTF	2:0
african-olympic-qualification-2024	Senior Men +80kg	SF	117	ISSOUFOU Abdoul	NIG	BASSEL Ayoub	MAR	PTF	2:1
african-olympic-qualification-2024	Senior Men +80kg	SF	118	ANN Alasan	GAM	MYLANN Antony	GAB	PTF	2:0
african-olympic-qualification-2024	Senior Men +80kg	F	123	ANN Alasan	GAM	ISSOUFOU Abdoul	NIG	WDR	
african-olympic-qualification-2024	Senior Women -67kg	QF	108	MOUSSA SAKO Madinatou	NIG	KOUTOUBALI KADIDJA	CHA	PTF	2:1
african-olympic-qualification-2024	Senior Women -67kg	SF	119	SHEHATA Aya	EGY	MOUSSA SAKO Madinatou	NIG	PTF	2:0
african-olympic-qualification-2024	Senior Women -67kg	SF	120	ANYANACHO Elizabet	NGR	MUSANGI Jully Alun	KEN	PTF	2:0
african-olympic-qualification-2024	Senior Women -67kg	F	124	ANYANACHO Elizabet	NGR	SHEHATA Aya	EGY	WDR	
african-olympic-qualification-2024	Senior Women -57kg	R16	105	BALEW Tsiyon	ETH	OMAR Nadia	SOM	PTF	2:0
african-olympic-qualification-2024	Senior Women -57kg	R16	205	MARCHLINSKI Maria	GAM	NOBLE Trinity Aria	SLE	PTF	2:1
african-olympic-qualification-2024	Senior Women -57kg	QF	111	EMMANUEL Hahumi	GAB	KONATE Maimouna	MLI	PTF	2:0
african-olympic-qualification-2024	Senior Women -57kg	QF	112	TOUMI Chaima	TUN	MARCHLINSKI Maria	GAM	PTF	2:0
african-olympic-qualification-2024	Senior Women -57kg	QF	210	LAARAJ Nada	MAR	BALEW Tsiyon	ETH	PTF	2:0
african-olympic-qualification-2024	Senior Women -57kg	QF	211	DIAW Yacine	SEN	ADEDAPO Eunice omolara	GHA	PTF	2:0
african-olympic-qualification-2024	Senior Women -57kg	SF	115	EMMANUEL Hahumi	GAB	LAARAJ Nada	MAR	PTF	2:1
african-olympic-qualification-2024	Senior Women -57kg	SF	116	TOUMI Chaima	TUN	DIAW Yacine	SEN	PTF	2:1
african-olympic-qualification-2024	Senior Women -57kg	F	122	TOUMI Chaima	TUN	EMMANUEL Hahumi	GAB	WDR	
european-olympic-qualification-2024	Senior Men -80kg	R32	101	CHARALAMBOUS Evangelos	CYP	CRESCENTINI Stefano	SMR	PTF	2:0
european-olympic-qualification-2024	Senior Men -80kg	R32	102	FERREIRA Julio	POR	GASHI Jon	KOS	PTF	2:1
european-olympic-qualification-2024	Senior Men -80kg	R32	103	PERUNIČIĆ Vasilije	MNE	MIRZAEI Bardia	FIN	PTF	2:1
european-olympic-qualification-2024	Senior Men -80kg	R32	104	TRAJKOVIC Ivan konrad	SLO	CRISTESCU Mihai adrian	ROU		
european-olympic-qualification-2024	Senior Men -80kg	R16	113	TAKOV Stefan	SRB	CHARALAMBOUS Evangelos	CYP	PTF	2:1
european-olympic-qualification-2024	Senior Men -80kg	R16	114	KOSTENEVYCH Kostiantyn	UKR	PIATKOWSKI Szymon	POL	PTF	2:0
european-olympic-qualification-2024	Senior Men -80kg	R16	115	KHRAMTCOV Maksim	AIN	KINTSURASHVILI Zurab	GEO	PTF	2:0
european-olympic-qualification-2024	Senior Men -80kg	R16	116	FERREIRA Julio	POR	ACHAB Badr	BEL	PTF	2:1
european-olympic-qualification-2024	Senior Men -80kg	R16	117	TELIKOSTOGLOU Apostolos	GRE	PERUNIČIĆ Vasilije	MNE	PTF	2:0
european-olympic-qualification-2024	Senior Men -80kg	R16	118	HRNIC Edi	DEN	MEHDIPOURNEJAD Kasra	RTA	PTF	2:0
european-olympic-qualification-2024	Senior Men -80kg	R16	119	MANSOURI Farzad	RTA	RADOJKOVIC Aleksandar	AUT	PTF	2:1
european-olympic-qualification-2024	Senior Men -80kg	R16	120	HUSIC Nedzad	BIH	TRAJKOVIC Ivan konrad	SLO	PTF	2:0
european-olympic-qualification-2024	Senior Men -80kg	QF	125	TAKOV Stefan	SRB	KOSTENEVYCH Kostiantyn	UKR	PTF	2:0
european-olympic-qualification-2024	Senior Men -80kg	QF	126	KHRAMTCOV Maksim	AIN	FERREIRA Julio	POR	PTF	2:0
european-olympic-qualification-2024	Senior Men -80kg	QF	127	HRNIC Edi	DEN	TELIKOSTOGLOU Apostolos	GRE	PTF	2:0
european-olympic-qualification-2024	Senior Men -80kg	QF	128	MANSOURI Farzad	RTA	HUSIC Nedzad	BIH	PTF	2:1
european-olympic-qualification-2024	Senior Men -80kg	SF	231	KHRAMTCOV Maksim	AIN	TAKOV Stefan	SRB	PTF	2:1
european-olympic-qualification-2024	Senior Men -80kg	SF	232	HRNIC Edi	DEN	MANSOURI Farzad	RTA	PTF	2:1
european-olympic-qualification-2024	Senior Men -80kg	BR	238	MANSOURI Farzad	RTA	TAKOV Stefan	SRB	PTF	2:0
european-olympic-qualification-2024	Senior Men +80kg	R16	209	BEIGI HARCHEGANI Milad	AZE	THEOCHAROUS Andreas	CYP	PTF	2:0
european-olympic-qualification-2024	Senior Men +80kg	R16	210	JOCHMAN Adam	CZE	SEGEDIN Dinko	BIH	PTF	2:0
european-olympic-qualification-2024	Senior Men +80kg	R16	211	WOJTKOWIAK Adrian	POL	SNACOV Laurentiu	ROU	PTF	2:0
european-olympic-qualification-2024	Senior Men +80kg	R16	212	PLONIS Artsiom	AIN	FARMAKAS Erik	SWE	PTF	2:0
european-olympic-qualification-2024	Senior Men +80kg	QF	221	ORDEMANN Richard andre	NOR	BEIGI HARCHEGANI Milad	AZE	PTF	2:0
european-olympic-qualification-2024	Senior Men +80kg	QF	222	HARBAR Andrii	UKR	JOCHMAN Adam	CZE	PTF	2:0
european-olympic-qualification-2024	Senior Men +80kg	QF	223	DIVKOVIC Patrik	SLO	WOJTKOWIAK Adrian	POL	PTF	2:0
european-olympic-qualification-2024	Senior Men +80kg	QF	224	PLONIS Artsiom	AIN	GEORGIEVSKI Dejan	MKD	PTF	2:1
european-olympic-qualification-2024	Senior Men +80kg	SF	235	ORDEMANN Richard andre	NOR	HARBAR Andrii	UKR	PTF	2:0
european-olympic-qualification-2024	Senior Men +80kg	SF	236	DIVKOVIC Patrik	SLO	PLONIS Artsiom	AIN	PTF	2:1
european-olympic-qualification-2024	Senior Men +80kg	BR	240	PLONIS Artsiom	AIN	HARBAR Andrii	UKR	PTF	2:0
european-olympic-qualification-2024	Senior Women -49kg	R16	105	AYDIN KONSTANTINIDIS Ela	GER	HASANZADE Zemfira	AZE	PTF	2:0
european-olympic-qualification-2024	Senior Women -49kg	R16	106	MATONTI Ilenia elisabetta	ITA	TAMMILA Ida-elina	FIN	PTF	2:0
european-olympic-qualification-2024	Senior Women -49kg	R16	107	BODEN Indra	SWE	LIÑAN PARDO Naiara	AND	PTF	2:0
european-olympic-qualification-2024	Senior Women -49kg	R16	108	KOUTTOUKI Kyriaki	CYP	FERREIRA Matilde	POR	PTF	2:0
european-olympic-qualification-2024	Senior Women -49kg	R16	109	BAJAN Mihaela nicoleta claudia	ROU	POURYOUNES LANGEROUDI Dina	RTA	PTF	2:1
european-olympic-qualification-2024	Senior Women -49kg	R16	110	MAKAS Dzejla	BIH	MEIŠTININKAITĖ Gerda	LTU	PTF	2:1
european-olympic-qualification-2024	Senior Women -49kg	R16	111	GEORGIEVA Aleksandra	BUL	CASTILLO Jade theresa	DEN	PTF	2:1
european-olympic-qualification-2024	Senior Women -49kg	R16	112	SEMBERG Abishag	ISR	SAROKINA Uladzislava	AIN	PTF	2:0
european-olympic-qualification-2024	Senior Women -49kg	QF	121	MATONTI Ilenia elisabetta	ITA	AYDIN KONSTANTINIDIS Ela	GER	PTF	2:0
european-olympic-qualification-2024	Senior Women -49kg	QF	122	BODEN Indra	SWE	KOUTTOUKI Kyriaki	CYP	PTF	2:0
european-olympic-qualification-2024	Senior Women -49kg	QF	123	MAKAS Dzejla	BIH	BAJAN Mihaela nicoleta claudia	ROU	PTF	2:0
european-olympic-qualification-2024	Senior Women -49kg	QF	124	SEMBERG Abishag	ISR	GEORGIEVA Aleksandra	BUL	PTF	2:1
european-olympic-qualification-2024	Senior Women -49kg	SF	229	MATONTI Ilenia elisabetta	ITA	BODEN Indra	SWE	PTF	2:0
european-olympic-qualification-2024	Senior Women -49kg	SF	230	SEMBERG Abishag	ISR	MAKAS Dzejla	BIH	PTF	2:0
european-olympic-qualification-2024	Senior Women -49kg	BR	237	BODEN Indra	SWE	MAKAS Dzejla	BIH	PTF	2:0
european-olympic-qualification-2024	Senior Women -57kg	R32	201	KRUSH Diana	UKR	HOGFELDT Nora	SWE	PTF	2:0
european-olympic-qualification-2024	Senior Women -57kg	R32	202	ALIZADEH ZENOZI Kimia	RTA	VITKO Yuliya	AIN	PTF	2:0
european-olympic-qualification-2024	Senior Women -57kg	R32	203	TARVIDA Inese	LAT	HANSEN Kaja husby	NOR	PTF	2:0
european-olympic-qualification-2024	Senior Women -57kg	R32	204	ZDERO Petra	BIH	COMAN Gabriela bianca	ROU	PTF	2:0
european-olympic-qualification-2024	Senior Women -57kg	R32	205	GRETARSDOTTIR Ingibjorg	ISL	HARKONEN Helmi	FIN	PTF	2:0
european-olympic-qualification-2024	Senior Women -57kg	R32	206	MARIC Ela	SRB	ANTONIOU Anna Maria	CYP	PTF	2:0
european-olympic-qualification-2024	Senior Women -57kg	R32	207	KINDL Melanie	AUT	ABDULLAYEVA Nigar	AZE	PTF	2:0
european-olympic-qualification-2024	Senior Women -57kg	R32	208	ATANASOVA Martina	BUL	CUNHA Joana	POR		
european-olympic-qualification-2024	Senior Women -57kg	R16	213	MARTON Luana	HUN	KRUSH Diana	UKR	PTF	2:0
european-olympic-qualification-2024	Senior Women -57kg	R16	214	ALIZADEH ZENOZI Kimia	RTA	TVARONAVICIUTE Klaudija	LTU	PTF	2:0
european-olympic-qualification-2024	Senior Women -57kg	R16	215	TARVIDA Inese	LAT	SCHOENMAKERS Bodine	NED	PTF	2:0
european-olympic-qualification-2024	Senior Women -57kg	R16	216	ASEMANI Raheleh	BEL	ZDERO Petra	BIH	PTF	2:0
european-olympic-qualification-2024	Senior Women -57kg	R16	217	KALTEKI Faidra	GRE	GRETARSDOTTIR Ingibjorg	ISL	PTF	2:0
european-olympic-qualification-2024	Senior Women -57kg	R16	218	MININA Tatiana	AIN	MARIC Ela	SRB	PTF	2:0
european-olympic-qualification-2024	Senior Women -57kg	R16	219	HRONOVA Dominika	CZE	KINDL Melanie	AUT	PTF	2:0
european-olympic-qualification-2024	Senior Women -57kg	R16	220	ATANASOVA Martina	BUL	ADAMKIEWICZ Patrycja	POL	PTF	2:1
european-olympic-qualification-2024	Senior Women -57kg	QF	225	ALIZADEH ZENOZI Kimia	RTA	MARTON Luana	HUN	PTF	2:1
european-olympic-qualification-2024	Senior Women -57kg	QF	226	TARVIDA Inese	LAT	ASEMANI Raheleh	BEL	PTF	2:0
european-olympic-qualification-2024	Senior Women -57kg	QF	227	MININA Tatiana	AIN	KALTEKI Faidra	GRE	PTF	2:0
european-olympic-qualification-2024	Senior Women -57kg	QF	228	HRONOVA Dominika	CZE	ATANASOVA Martina	BUL	PTF	2:0
european-olympic-qualification-2024	Senior Women -57kg	SF	233	ALIZADEH ZENOZI Kimia	RTA	TARVIDA Inese	LAT	PTF	2:1
european-olympic-qualification-2024	Senior Women -57kg	SF	234	MININA Tatiana	AIN	HRONOVA Dominika	CZE	PTF	2:0
european-olympic-qualification-2024	Senior Women -57kg	BR	239	HRONOVA Dominika	CZE	TARVIDA Inese	LAT	WDR	
asian-olympic-qualification-2024	Senior Women -49kg	R16	102	OKAMOTO Ruka	JPN	BAT-ERDENE Uchral	MGL	PTF	2:0
asian-olympic-qualification-2024	Senior Women -49kg	R16	103	MANGIN Tachiana kezhia	PHI	TRUONG Thi kim tuyen	VIE	PTF	2:1
asian-olympic-qualification-2024	Senior Women -49kg	R16	104	LAM Siu wai	HKG	QABAHA Maiar	PLE	PTF	2:0
asian-olympic-qualification-2024	Senior Women -49kg	R16	201	DA COSTA DA SILVA PINTO BELO Ana	TLS	TAMANG Anjali	NEP	PTF	2:0
asian-olympic-qualification-2024	Senior Women -49kg	R16	202	SU Po-ya	TPE	KRY Lyden	CAM	PTF	2:0
asian-olympic-qualification-2024	Senior Women -49kg	R16	203	HENI Ni kadek	INA	AHMED Aisha	UAE	PTF	2:0
asian-olympic-qualification-2024	Senior Women -49kg	QF	109	NEMATZADEH Mobina	IRI	DA COSTA DA SILVA PINTO BELO Ana	TLS	PTF	2:0
asian-olympic-qualification-2024	Senior Women -49kg	QF	110	MANGIN Tachiana kezhia	PHI	HENI Ni kadek	INA	PTF	2:1
asian-olympic-qualification-2024	Senior Women -49kg	QF	209	OKAMOTO Ruka	JPN	SU Po-ya	TPE	PTF	2:1
asian-olympic-qualification-2024	Senior Women -49kg	QF	210	ABUTALEB Dunya ali m	KSA	LAM Siu wai	HKG	PTF	2:0
asian-olympic-qualification-2024	Senior Women -49kg	SF	116	NEMATZADEH Mobina	IRI	OKAMOTO Ruka	JPN	PTF	2:0
asian-olympic-qualification-2024	Senior Women -49kg	SF	117	ABUTALEB Dunya ali m	KSA	MANGIN Tachiana kezhia	PHI	PTF	2:0
asian-olympic-qualification-2024	Senior Women -49kg	BR	124	OKAMOTO Ruka	JPN	MANGIN Tachiana kezhia	PHI	PTF	2:0
asian-olympic-qualification-2024	Senior Women -67kg	QF	113	BASNET Indira	NEP	FATNASSI Maram	QAT	PTF	2:1
asian-olympic-qualification-2024	Senior Women -67kg	QF	213	BAC Thi khiem	VIE	MOKHRU Khalimova	TJK	PTF	2:0
asian-olympic-qualification-2024	Senior Women -67kg	SF	120	TONGCHAN Sasikarn	THA	BASNET Indira	NEP	PTF	2:0
asian-olympic-qualification-2024	Senior Women -67kg	SF	121	SOBIRJONOVA Ozoda	UZB	BAC Thi khiem	VIE	PTF	2:1
asian-olympic-qualification-2024	Senior Women -67kg	BR	126	BAC Thi khiem	VIE	BASNET Indira	NEP	PTF	2:0
asian-olympic-qualification-2024	Senior Men -68kg	R32	101	KUMAR Aman	IND	GHLOUM Abdulla	UAE	PTF	2:0
asian-olympic-qualification-2024	Senior Men -68kg	R16	105	LY Hong Phuc	VIE	AL GHOTANY Yahya	RTA	PTF	2:1
asian-olympic-qualification-2024	Senior Men -68kg	R16	106	TUBTIMDANG Banlung	THA	KUMAR Aman	IND	PTF	2:0
asian-olympic-qualification-2024	Senior Men -68kg	R16	107	ABBASI Ali Reza	RTA	MAHARA Bir bahadur	NEP	PTF	2:1
asian-olympic-qualification-2024	Senior Men -68kg	R16	108	CHIU Yi-jui	TPE	SUNATOV Mahmadjon	TJK	PTF	2:1
asian-olympic-qualification-2024	Senior Men -68kg	R16	204	BAHLOOOL Ahmad	PLE	FERDYANSYAH Adam yazid	INA	PTF	2:0
asian-olympic-qualification-2024	Senior Men -68kg	R16	205	IWAKI Kaito	JPN	HONEINE Ralph	LBN	PTF	2:0
asian-olympic-qualification-2024	Senior Men -68kg	R16	206	ALCANTARA Arven	PHI	JAIDANI Nour aldin	SYR	PTF	2:0
asian-olympic-qualification-2024	Senior Men -68kg	R16	207	LO Wai fung	HKG	TSAGAANTSOOJ Bayanbat	MGL	PTF	2:0
asian-olympic-qualification-2024	Senior Men -68kg	QF	111	TUBTIMDANG Banlung	THA	LY Hong Phuc	VIE	PTF	2:0
asian-olympic-qualification-2024	Senior Men -68kg	QF	112	ABBASI Ali Reza	RTA	ALCANTARA Arven	PHI	PTF	2:1
asian-olympic-qualification-2024	Senior Men -68kg	QF	211	BAHLOOOL Ahmad	PLE	IWAKI Kaito	JPN	PTF	2:0
asian-olympic-qualification-2024	Senior Men -68kg	QF	212	LO Wai fung	HKG	CHIU Yi-jui	TPE	PTF	2:1
asian-olympic-qualification-2024	Senior Men -68kg	SF	118	TUBTIMDANG Banlung	THA	BAHLOOOL Ahmad	PLE		
asian-olympic-qualification-2024	Senior Men -68kg	SF	119	ABBASI Ali Reza	RTA	LO Wai fung	HKG	RSC	
asian-olympic-qualification-2024	Senior Men -68kg	BR	125	LO Wai fung	HKG	BAHLOOOL Ahmad	PLE	PTF	2:0
asian-olympic-qualification-2024	Senior Men -80kg	R16	208	MITHONA VA	CAM	AL FARRAJ Wael	RTA	PTF	2:0
asian-olympic-qualification-2024	Senior Men -80kg	QF	114	JAYSUNOV Jasurbek	UZB	MITHONA VA	CAM	PTF	2:0
asian-olympic-qualification-2024	Senior Men -80kg	QF	115	TOLEUGALI Batyrkhan	KAZ	HOODA Akshay	IND	PTF	2:0
asian-olympic-qualification-2024	Senior Men -80kg	QF	214	ALRAMMAHI Saif Taher Habeeb	IRQ	ZUBER Muhammad syafiq	MAS	PTF	2:0
asian-olympic-qualification-2024	Senior Men -80kg	QF	215	ALMABROUK Ali mabrouk s	KSA	NAUVAL Ossanando	INA	PTF	2:0
asian-olympic-qualification-2024	Senior Men -80kg	SF	122	JAYSUNOV Jasurbek	UZB	ALRAMMAHI Saif Taher Habeeb	IRQ	PTF	2:0
asian-olympic-qualification-2024	Senior Men -80kg	SF	123	TOLEUGALI Batyrkhan	KAZ	ALMABROUK Ali mabrouk s	KSA	PTF	2:0
asian-olympic-qualification-2024	Senior Men -80kg	BR	127	ALRAMMAHI Saif Taher Habeeb	IRQ	ALMABROUK Ali mabrouk s	KSA	PTF	2:0
asian-olympic-qualification-2024	Senior Men +80kg	QF	113	SONG Zhaoxiang	CHN	AITAKHUNOV Akbar	KGZ	PTF	2:0
asian-olympic-qualification-2024	Senior Men +80kg	QF	114	RAHY Ray	LBN	SAEED Hamzah omar	PAK	PTF	2:0
asian-olympic-qualification-2024	Senior Men +80kg	QF	213	LEE Meng-en	TPE	AMIRI Ali akbar	AFG	PTF	2:1
asian-olympic-qualification-2024	Senior Men +80kg	QF	214	SALIMI Arian	IRI	AL AHMED Wadhah	QAT	PTF	2:0
asian-olympic-qualification-2024	Senior Men +80kg	SF	121	SONG Zhaoxiang	CHN	LEE Meng-en	TPE	PTF	2:0
asian-olympic-qualification-2024	Senior Men +80kg	SF	122	SALIMI Arian	IRI	RAHY Ray	LBN	PTF	2:0
asian-olympic-qualification-2024	Senior Men +80kg	BR	126	RAHY Ray	LBN	LEE Meng-en	TPE	PTF	2:0
asian-olympic-qualification-2024	Senior Men -58kg	R32	101	FARTTOOSI Mohammed nadhim	IRQ	KUMAL Rahul	NEP	PTF	2:0
asian-olympic-qualification-2024	Senior Men -58kg	R32	201	SAMIDINOV Nurkhan	KGZ	NGUYEN Hong trong	VIE	PTF	2:0
asian-olympic-qualification-2024	Senior Men -58kg	R16	103	KHAVARI Mahdi	RTA	TAN Sebastian	MAS	PTF	2:1
asian-olympic-qualification-2024	Senior Men -58kg	R16	104	REZAEE Mohsen	AFG	MAEDA Hidetaka	JPN	PTF	2:0
asian-olympic-qualification-2024	Senior Men -58kg	R16	105	CHIOK Chun yin	HKG	KHAN Haroon	PAK	DSQ	
asian-olympic-qualification-2024	Senior Men -58kg	R16	106	HAMDI Riad nasser a	KSA	FARTTOOSI Mohammed nadhim	IRQ	PTF	2:0
asian-olympic-qualification-2024	Senior Men -58kg	R16	203	YASER ISMAIL Omar	PLE	AL-ALI Sultan	UAE	PTF	2:0
asian-olympic-qualification-2024	Senior Men -58kg	R16	204	BARBOSA Kurt bryan	PHI	LIYANGE Chalinda sampath liyange	SRI	PTF	2:0
asian-olympic-qualification-2024	Senior Men -58kg	R16	205	YODRAK Thanakrit	THA	DASHDAVAA Chinzorig	MGL	PTF	2:0
asian-olympic-qualification-2024	Senior Men -58kg	R16	206	ABABAKIROV Samirkhon	KAZ	SAMIDINOV Nurkhan	KGZ	PTF	2:1
asian-olympic-qualification-2024	Senior Men -58kg	QF	109	HAMDI Riad nasser a	KSA	KHAVARI Mahdi	RTA	PTF	2:1
asian-olympic-qualification-2024	Senior Men -58kg	QF	110	BARBOSA Kurt bryan	PHI	CHIOK Chun yin	HKG	PTF	2:1
asian-olympic-qualification-2024	Senior Men -58kg	QF	209	YASER ISMAIL Omar	PLE	REZAEE Mohsen	AFG	PTF	2:0
asian-olympic-qualification-2024	Senior Men -58kg	QF	210	ABABAKIROV Samirkhon	KAZ	YODRAK Thanakrit	THA	PTF	2:0
asian-olympic-qualification-2024	Senior Men -58kg	SF	117	YASER ISMAIL Omar	PLE	HAMDI Riad nasser a	KSA	PTF	2:1
asian-olympic-qualification-2024	Senior Men -58kg	SF	118	ABABAKIROV Samirkhon	KAZ	BARBOSA Kurt bryan	PHI		
asian-olympic-qualification-2024	Senior Men -58kg	BR	124	BARBOSA Kurt bryan	PHI	HAMDI Riad nasser a	KSA	PTF	2:0
asian-olympic-qualification-2024	Senior Women +67kg	QF	111	DENIZ Cansel	KAZ	GANZORIG Enkhchimeg	MGL	PTF	2:0
asian-olympic-qualification-2024	Senior Women +67kg	QF	112	SELMAN Ward	LBN	MOHAMMED Noor nazar	QAT	PTF	2:0
asian-olympic-qualification-2024	Senior Women +67kg	QF	211	ABDUSALOMOVA Munira	TJK	ALKETBI Salma	UAE	PTF	2:0
asian-olympic-qualification-2024	Senior Women +67kg	QF	212	ABO-ALRUB Rama	JOR	REGI Margerette maria	IND	PTF	2:0
asian-olympic-qualification-2024	Senior Women +67kg	SF	119	ABDUSALOMOVA Munira	TJK	DENIZ Cansel	KAZ	PTF	2:1
asian-olympic-qualification-2024	Senior Women +67kg	SF	120	ABO-ALRUB Rama	JOR	SELMAN Ward	LBN	PTF	2:0
asian-olympic-qualification-2024	Senior Women +67kg	BR	125	SELMAN Ward	LBN	DENIZ Cansel	KAZ	WDR	
asian-olympic-qualification-2024	Senior Women -57kg	R16	102	AHMAD Shams	SYR	LAW Sin yi	HKG	PTF	2:0
asian-olympic-qualification-2024	Senior Women -57kg	R16	202	KATOH Yuzuho	JPN	KHAN Sania	IND	PTF	2:0
asian-olympic-qualification-2024	Senior Women -57kg	QF	107	AOUN Laetitia	LBN	AHMAD Shams	SYR	PTF	2:0
asian-olympic-qualification-2024	Senior Women -57kg	QF	108	MAM Julie	CAM	SEVOSTYANOVA Mariya	KAZ	PTF	2:0
asian-olympic-qualification-2024	Senior Women -57kg	QF	207	CANABAL Baby jessica	PHI	MAHESWARI Megawati Tamesti	INA	PTF	2:0
asian-olympic-qualification-2024	Senior Women -57kg	QF	208	KIM Yu-jin	KOR	KATOH Yuzuho	JPN	PTF	2:0
asian-olympic-qualification-2024	Senior Women -57kg	SF	115	AOUN Laetitia	LBN	CANABAL Baby jessica	PHI	PTF	2:0
asian-olympic-qualification-2024	Senior Women -57kg	SF	116	KIM Yu-jin	KOR	MAM Julie	CAM	PTF	2:0
asian-olympic-qualification-2024	Senior Women -57kg	BR	123	CANABAL Baby jessica	PHI	MAM Julie	CAM	PTF	2:1
european-championships-2024	Senior Men -54kg	R32	301	MARWAN Mussa	SWE	MELIKYAN Aleks	ARM	PTF	2:1
european-championships-2024	Senior Men -54kg	R32	302	MEHLMANN Daniel	GER	DOS SANTOS Diego	POR	PTF	2:0
european-championships-2024	Senior Men -54kg	R32	309	AULAQI Yones Darid	DEN	HADJICOSTI Prodromos angelos	CYP	PTF	2:0
european-championships-2024	Senior Men -54kg	R32	311	KAZLOU Yahor	AIN	TABACARI Igor	MDA		
european-championships-2024	Senior Men -54kg	R32	313	MOLLE Milan	NED	IVAN Faruk Eduard	ROU	PTF	2:0
european-championships-2024	Senior Men -54kg	R32	401	CAMOGLU Furkan ubeyde	TUR	BOUKARNIA Amine	FRA	PTF	2:0
european-championships-2024	Senior Men -54kg	R16	316	DIMITROPOULOS Konstantinos	GRE	AULAQI Yones Darid	DEN	PTF	2:0
european-championships-2024	Senior Men -54kg	R16	317	MOLLE Milan	NED	GEORGIEV Hristiyan	BUL	PTF	2:0
european-championships-2024	Senior Men -54kg	R16	318	MANENKOV Maksym	UKR	SARSOZA Zack	GBR	PTF	2:0
european-championships-2024	Senior Men -54kg	R16	319	CONTI Andrea	ITA	KAZLOU Yahor	AIN	PTF	2:1
european-championships-2024	Senior Men -54kg	R16	409	TESKERA Josip	CRO	MARWAN Mussa	SWE	PTF	2:0
european-championships-2024	Senior Men -54kg	R16	410	DADASHOV Sayyad	AZE	MOLJ Domen	SLO	PTF	2:0
european-championships-2024	Senior Men -54kg	R16	411	PASHCOVSKY Tom	ISR	MEHLMANN Daniel	GER	PTF	2:1
european-championships-2024	Senior Men -54kg	R16	412	CAMOGLU Furkan ubeyde	TUR	IVKOVIC Relja	SRB	PTF	2:0
european-championships-2024	Senior Men -54kg	QF	322	DIMITROPOULOS Konstantinos	GRE	MOLLE Milan	NED	PTF	2:0
european-championships-2024	Senior Men -54kg	QF	323	MANENKOV Maksym	UKR	CONTI Andrea	ITA	PTF	2:1
european-championships-2024	Senior Men -54kg	QF	419	TESKERA Josip	CRO	DADASHOV Sayyad	AZE	PTF	2:1
european-championships-2024	Senior Men -54kg	QF	420	CAMOGLU Furkan ubeyde	TUR	PASHCOVSKY Tom	ISR	PTF	2:1
european-championships-2024	Senior Men -54kg	SF	325	DIMITROPOULOS Konstantinos	GRE	MANENKOV Maksym	UKR	PTF	2:1
european-championships-2024	Senior Men -54kg	SF	424	CAMOGLU Furkan ubeyde	TUR	TESKERA Josip	CRO	PTF	2:1
european-championships-2024	Senior Men -54kg	F	328	CAMOGLU Furkan ubeyde	TUR	DIMITROPOULOS Konstantinos	GRE	PTF	2:1
european-championships-2024	Senior Men -63kg	R32	305	BORGEN Kristian storsul	NOR	GERARDIS Georgios	GRE	PTF	2:1
european-championships-2024	Senior Men -63kg	R32	306	ARTAMONOV Mikhail	AIN	TOROSYAN Davit	ARM	PTF	2:0
european-championships-2024	Senior Men -63kg	R32	307	DAXNER Leonard	AUT	PILAVAKIS Ioannis	CYP	PTF	2:1
european-championships-2024	Senior Men -63kg	R32	308	SALIM Omar gergely	HUN	BOUHMIDA Riad	NED		
european-championships-2024	Senior Men -63kg	R32	402	MCINTOSH Jamie	GBR	BANDAREVICH Maksim	AIN	PTF	2:0
european-championships-2024	Senior Men -63kg	R32	403	LO PINTO Daniel	ITA	FRGOLEC Damien Pavel	SVK	PTF	2:0
european-championships-2024	Senior Men -63kg	R32	404	NAGAEV Dmitriy	ISR	ZELLER Joao	POR	PTF	2:0
european-championships-2024	Senior Men -63kg	R32	405	SHIRALIYEV Riyad	AZE	DJONKO Ibrahim	BIH	PTF	2:1
european-championships-2024	Senior Men -63kg	R16	212	STANIC Novak	SRB	BORGEN Kristian storsul	NOR	PTF	2:0
european-championships-2024	Senior Men -63kg	R16	213	BYSTROV Volodymyr	UKR	ARTAMONOV Mikhail	AIN	PTF	2:1
european-championships-2024	Senior Men -63kg	R16	214	CANI Juirdo	ALB	DAXNER Leonard	AUT	PTF	2:0
european-championships-2024	Senior Men -63kg	R16	215	SALIM Omar gergely	HUN	JORQUERA CALA Joan	ESP	PTF	2:0
european-championships-2024	Senior Men -63kg	R16	413	RECBER Hakan	TUR	MCINTOSH Jamie	GBR	PTF	2:0
european-championships-2024	Senior Men -63kg	R16	414	LO PINTO Daniel	ITA	CHRZANOWSKI Mateusz	POL	PTF	2:1
european-championships-2024	Senior Men -63kg	R16	415	OZKAYA Imran	GER	NAGAEV Dmitriy	ISR	WDR	2:0
european-championships-2024	Senior Men -63kg	R16	416	HYTTEL Tobias	DEN	SHIRALIYEV Riyad	AZE	PTF	2:0
european-championships-2024	Senior Men -63kg	QF	220	BYSTROV Volodymyr	UKR	STANIC Novak	SRB	PTF	2:0
european-championships-2024	Senior Men -63kg	QF	221	SALIM Omar gergely	HUN	CANI Juirdo	ALB	RSC	2:0
european-championships-2024	Senior Men -63kg	QF	421	RECBER Hakan	TUR	LO PINTO Daniel	ITA	PTF	2:0
european-championships-2024	Senior Men -63kg	QF	422	HYTTEL Tobias	DEN	OZKAYA Imran	GER	PTF	2:0
european-championships-2024	Senior Men -63kg	SF	224	SALIM Omar gergely	HUN	BYSTROV Volodymyr	UKR	PTF	2:0
european-championships-2024	Senior Men -63kg	SF	425	RECBER Hakan	TUR	HYTTEL Tobias	DEN	PTF	2:0
european-championships-2024	Senior Men -63kg	F	330	SALIM Omar gergely	HUN	RECBER Hakan	TUR	PTF	2:0
european-championships-2024	Senior Women -49kg	R32	201	ROGOZINA Irina	AIN	SAROKINA Uladzislava	AIN	PTF	2:0
european-championships-2024	Senior Women -49kg	R32	202	BUSUIOC Ingrid Gabriela	ROU	FERREIRA Matilde	POR	PTF	2:1
european-championships-2024	Senior Women -49kg	R32	203	FOFANA Mah teninba	FRA	BRYHIDA Erika	UKR	PTF	2:0
european-championships-2024	Senior Women -49kg	R32	303	SARGANTANI Charikleia	GRE	IOANNOU Elena	CYP	PTF	2:0
european-championships-2024	Senior Women -49kg	R32	304	MCKEW Jodie	GBR	MAMMADOVA Maryam	AZE		
european-championships-2024	Senior Women -49kg	R16	208	CEREZO IGLESIAS Adriana	ESP	ROGOZINA Irina	AIN	PTF	2:0
european-championships-2024	Senior Women -49kg	R16	209	GEORGIEVA Aleksandra	BUL	LIÑAN PARDO Naiara	AND	PTF	2:1
european-championships-2024	Senior Women -49kg	R16	210	ATESLI Supharada	GER	BUSUIOC Ingrid Gabriela	ROU	PTF	2:0
european-championships-2024	Senior Women -49kg	R16	211	MILIC Milica	SRB	FOFANA Mah teninba	FRA	PTF	2:1
european-championships-2024	Senior Women -49kg	R16	310	BODEN Indra	SWE	KRAJEWSKA Alicja	POL	PTF	2:0
european-championships-2024	Senior Women -49kg	R16	312	CASTILLO Jade theresa	DEN	CORELLI Martina	ITA	PTF	2:0
european-championships-2024	Senior Women -49kg	R16	314	DUVANCIC Bruna	CRO	SARGANTANI Charikleia	GRE	PTF	2:0
european-championships-2024	Senior Women -49kg	R16	315	DINCEL KAVURAT Merve	TUR	MCKEW Jodie	GBR	PTF	2:0
european-championships-2024	Senior Women -49kg	QF	218	CEREZO IGLESIAS Adriana	ESP	GEORGIEVA Aleksandra	BUL	PTF	2:0
european-championships-2024	Senior Women -49kg	QF	219	ATESLI Supharada	GER	MILIC Milica	SRB	PTF	2:0
european-championships-2024	Senior Women -49kg	QF	320	DUVANCIC Bruna	CRO	BODEN Indra	SWE	PTF	2:0
european-championships-2024	Senior Women -49kg	QF	321	DINCEL KAVURAT Merve	TUR	CASTILLO Jade theresa	DEN	PTF	2:0
european-championships-2024	Senior Women -49kg	SF	223	CEREZO IGLESIAS Adriana	ESP	ATESLI Supharada	GER	PTF	2:0
european-championships-2024	Senior Women -49kg	SF	324	DINCEL KAVURAT Merve	TUR	DUVANCIC Bruna	CRO	PTF	2:0
european-championships-2024	Senior Women -49kg	F	329	CEREZO IGLESIAS Adriana	ESP	DINCEL KAVURAT Merve	TUR	PTF	2:1
european-championships-2024	Senior Women -73kg	R16	204	WILLIAMS Lauren	GBR	FUREDI Rebeka	HUN	PTF	2:1
european-championships-2024	Senior Women -73kg	R16	205	JELIC Matea	CRO	PIDRO Sara	BIH	PTF	2:0
european-championships-2024	Senior Women -73kg	R16	206	PETROVIC Iva	SRB	PODOLIAN Renata	UKR	PTF	2:0
european-championships-2024	Senior Women -73kg	R16	207	SCHNEIDER Yanna	GER	NOWAK Julia	POL	PTF	2:1
european-championships-2024	Senior Women -73kg	R16	406	KHAN Polina	AIN	DELIDIMITRI Anastasia christini	GRE	PTF	2:0
european-championships-2024	Senior Women -73kg	R16	407	JIRANKOVA Iveta	CZE	MORAN ROMERO Belen	ESP	PTF	2:1
european-championships-2024	Senior Women -73kg	R16	408	UZUNCAVDAR Sude yaren	TUR	COSTA CARDOSO Joana	POR	PTF	2:0
european-championships-2024	Senior Women -73kg	QF	216	LAURIN Althea	FRA	WILLIAMS Lauren	GBR	PTF	2:0
european-championships-2024	Senior Women -73kg	QF	217	JELIC Matea	CRO	PETROVIC Iva	SRB	PTF	2:1
european-championships-2024	Senior Women -73kg	QF	417	SCHNEIDER Yanna	GER	KHAN Polina	AIN	PTF	2:0
european-championships-2024	Senior Women -73kg	QF	418	UZUNCAVDAR Sude yaren	TUR	JIRANKOVA Iveta	CZE	PTF	2:1
european-championships-2024	Senior Women -73kg	SF	222	LAURIN Althea	FRA	JELIC Matea	CRO	PTF	2:0
european-championships-2024	Senior Women -73kg	SF	423	UZUNCAVDAR Sude yaren	TUR	SCHNEIDER Yanna	GER	PTF	2:0
european-championships-2024	Senior Women -73kg	F	331	LAURIN Althea	FRA	UZUNCAVDAR Sude yaren	TUR	PTF	2:1
european-championships-2024	Senior Men -58kg	R32	203	MERDANAJ Ernest	ALB	OGUZ Niklas kristiansen	NOR	PTF	2:0
european-championships-2024	Senior Men -58kg	R32	204	USCOV Serghei	MDA	LOPES Tiago	POR	PTF	2:0
european-championships-2024	Senior Men -58kg	R32	205	DAYIOGLU Omer faruk	TUR	MAKHMURYAN Garegin	ARM	PTF	2:0
european-championships-2024	Senior Men -58kg	R32	206	SUSILUOTO Otto	FIN	STRUGLINSKI Bartosz	POL	PTF	2:0
european-championships-2024	Senior Men -58kg	R32	207	FUNKENDORF Vladyslav	UKR	FARNES Ricki Gene	DEN	PTF	2:1
european-championships-2024	Senior Men -58kg	R32	208	BAGOV Idar	AIN	FLEGAR Jan	CRO	PTF	2:0
european-championships-2024	Senior Men -58kg	R32	304	ABDEL HALIM Khaled	GER	BAHTANOVIC Hamza	BIH	PTF	2:0
european-championships-2024	Senior Men -58kg	R32	305	MAGOMEDOV Gashim	AZE	TRISTAN Scutaru	ROU	PTF	2:0
european-championships-2024	Senior Men -58kg	R32	306	SALIM Sharif gergely	HUN	PALOURTIS Charalampos	CYP	PTF	2:0
european-championships-2024	Senior Men -58kg	R32	307	ACHNINE Aymen	NED	GELADZE Vitali	GEO	PTF	2:1
european-championships-2024	Senior Men -58kg	R32	308	PATISHI Ori	ISR	BULATOVIC Nikolaj	SLO	PTF	2:1
european-championships-2024	Senior Men -58kg	R16	217	VICENTE YUNTA Adrian	ESP	MERDANAJ Ernest	ALB	PTF	2:1
european-championships-2024	Senior Men -58kg	R16	313	WOOLLEY Jack	IRL	SUSILUOTO Otto	FIN	PTF	2:0
european-championships-2024	Senior Men -58kg	R16	314	MAGOMEDOV Gashim	AZE	ABDEL HALIM Khaled	GER	PTF	2:1
european-championships-2024	Senior Men -58kg	R16	315	SALIM Sharif gergely	HUN	ACHNINE Aymen	NED	PTF	2:0
european-championships-2024	Senior Men -58kg	R16	316	DELL'AQUILA Vito	ITA	PATISHI Ori	ISR	PTF	2:0
european-championships-2024	Senior Men -58kg	R16	317	DAYIOGLU Omer faruk	TUR	USCOV Serghei	MDA	PTF	2:0
european-championships-2024	Senior Men -58kg	R16	416	RAPSOMANIKIS Dionysios	GRE	BAGOV Idar	AIN	PTF	2:1
european-championships-2024	Senior Men -58kg	R16	417	KORNEEV Lev	SRB	FUNKENDORF Vladyslav	UKR	PTF	2:0
european-championships-2024	Senior Men -58kg	QF	221	VICENTE YUNTA Adrian	ESP	DAYIOGLU Omer faruk	TUR	PTF	2:1
european-championships-2024	Senior Men -58kg	QF	222	KORNEEV Lev	SRB	RAPSOMANIKIS Dionysios	GRE	PTF	2:0
european-championships-2024	Senior Men -58kg	QF	321	MAGOMEDOV Gashim	AZE	WOOLLEY Jack	IRL	PTF	2:0
european-championships-2024	Senior Men -58kg	QF	322	DELL'AQUILA Vito	ITA	SALIM Sharif gergely	HUN	PTF	2:0
european-championships-2024	Senior Men -58kg	SF	225	KORNEEV Lev	SRB	VICENTE YUNTA Adrian	ESP	PTF	2:0
european-championships-2024	Senior Men -58kg	SF	324	DELL'AQUILA Vito	ITA	MAGOMEDOV Gashim	AZE	PTF	2:0
european-championships-2024	Senior Men -58kg	F	328	DELL'AQUILA Vito	ITA	KORNEEV Lev	SRB	PTF	2:1
european-championships-2024	Senior Men -87kg	R32	301	ORDEMANN Richard andre	NOR	PRYAZHNIKOV Alexander	AIN	PTF	2:1
european-championships-2024	Senior Men -87kg	R32	302	SZAFERSKI Mikolaj	POL	THEOCHAROUS Andreas	CYP	PTF	2:0
european-championships-2024	Senior Men -87kg	R32	303	MANSOURI Farzad	RTA	BOUZID SOUIHILI Ismael	FRA	PTF	2:0
european-championships-2024	Senior Men -87kg	R32	402	MEHDIPOURNEJAD Kasra	RTA	SNACOV Laurentiu	ROU	PTF	2:0
european-championships-2024	Senior Men -87kg	R32	404	FARMAKAS Erik	SWE	SASSON Itamar	ISR		
european-championships-2024	Senior Men -87kg	R16	309	ORDEMANN Richard andre	NOR	SAPINA Ivan	CRO	PTF	2:0
european-championships-2024	Senior Men -87kg	R16	310	BAILEY Kelen	HUN	PLONIS Artsiom	AIN	PTF	2:1
european-championships-2024	Senior Men -87kg	R16	311	HARBAR Artem	UKR	SZAFERSKI Mikolaj	POL	PTF	2:0
european-championships-2024	Senior Men -87kg	R16	312	MANSOURI Farzad	RTA	GOLUBOVIC Milos	SRB	PTF	2:0
european-championships-2024	Senior Men -87kg	R16	412	BICER Enbiya taha	TUR	MEHDIPOURNEJAD Kasra	RTA	WDR	
european-championships-2024	Senior Men -87kg	R16	413	TROITINO AMOEDO Sergio	ESP	POLLET Manuel	BEL	PTF	2:0
european-championships-2024	Senior Men -87kg	R16	414	THOLIOTIS Vasileios	GRE	AMER ALI Hassan	DEN	PTF	2:0
european-championships-2024	Senior Men -87kg	R16	415	FARMAKAS Erik	SWE	SULEYMANOV Taleh	AZE	PTF	2:1
european-championships-2024	Senior Men -87kg	QF	318	ORDEMANN Richard andre	NOR	BAILEY Kelen	HUN	PTF	2:0
european-championships-2024	Senior Men -87kg	QF	319	HARBAR Artem	UKR	MANSOURI Farzad	RTA	PTF	2:1
european-championships-2024	Senior Men -87kg	QF	422	BICER Enbiya taha	TUR	TROITINO AMOEDO Sergio	ESP	PTF	2:1
european-championships-2024	Senior Men -87kg	QF	423	THOLIOTIS Vasileios	GRE	FARMAKAS Erik	SWE	PTF	2:0
european-championships-2024	Senior Men -87kg	SF	323	ORDEMANN Richard andre	NOR	HARBAR Artem	UKR	PTF	2:1
european-championships-2024	Senior Men -87kg	SF	425	BICER Enbiya taha	TUR	THOLIOTIS Vasileios	GRE	PTF	2:0
european-championships-2024	Senior Men -87kg	F	330	BICER Enbiya taha	TUR	ORDEMANN Richard andre	NOR	PTF	2:0
european-championships-2024	Senior Women -53kg	R32	201	KHOBTAR Sofiia	UKR	KAOURTISHI Nagia	CYP	PTF	2:1
european-championships-2024	Senior Women -53kg	R32	202	MALMGREN GABRIELIN Ellinor	SWE	BASTOS Filipa	POR	PTF	2:1
european-championships-2024	Senior Women -53kg	R32	401	ABDULLAYEVA Nigar	AZE	KOUTROUMPI Kalliopi	GRE		
european-championships-2024	Senior Women -53kg	R16	213	PEREZ PARRADO Alma maria	ESP	KHOBTAR Sofiia	UKR	PTF	2:0
european-championships-2024	Senior Women -53kg	R16	214	MININA Tatiana	AIN	LYNGBAEK Louise	DEN	PTF	2:0
european-championships-2024	Senior Women -53kg	R16	215	PATAKFALVY Luca	HUN	AL HALWANI Sarah	ITA	PTF	2:0
european-championships-2024	Senior Women -53kg	R16	216	BOKAN Andrea	SRB	SMITH Teigan	GBR	PTF	2:0
european-championships-2024	Senior Women -53kg	R16	408	FOLGMANN Madeline	GER	MALMGREN GABRIELIN Ellinor	SWE	PTF	2:0
european-championships-2024	Senior Women -53kg	R16	409	TASKIN Zeynep	TUR	LAGER Biana	ISR	PTF	2:0
european-championships-2024	Senior Women -53kg	R16	410	AVDAGIC Ada	BIH	TUKIC Mia	CRO	PTF	2:0
european-championships-2024	Senior Women -53kg	R16	411	HRONOVA Dominika	CZE	ABDULLAYEVA Nigar	AZE	PTF	2:0
european-championships-2024	Senior Women -53kg	QF	219	MININA Tatiana	AIN	PEREZ PARRADO Alma maria	ESP	PTF	2:0
european-championships-2024	Senior Women -53kg	QF	220	BOKAN Andrea	SRB	PATAKFALVY Luca	HUN	PTF	2:1
european-championships-2024	Senior Women -53kg	QF	420	TASKIN Zeynep	TUR	FOLGMANN Madeline	GER	PTF	2:1
european-championships-2024	Senior Women -53kg	QF	421	AVDAGIC Ada	BIH	HRONOVA Dominika	CZE	PTF	2:0
european-championships-2024	Senior Women -53kg	SF	224	MININA Tatiana	AIN	BOKAN Andrea	SRB	PTF	2:0
european-championships-2024	Senior Women -53kg	SF	325	TASKIN Zeynep	TUR	AVDAGIC Ada	BIH	PTF	2:1
european-championships-2024	Senior Women -53kg	F	329	MININA Tatiana	AIN	TASKIN Zeynep	TUR	PTF	2:0
european-championships-2024	Senior Women +73kg	R16	209	JAHL Marlene	AUT	AZRAN Dana	ISR	PTF	2:1
european-championships-2024	Senior Women +73kg	R16	210	AVOULETTE Solene	FRA	HELVIGA Viktorija	LAT	PTF	2:0
european-championships-2024	Senior Women +73kg	R16	211	MCGOWAN Rebecca	GBR	MATIC Magdalena	CRO	PTF	2:0
european-championships-2024	Senior Women +73kg	R16	212	BRANDL Lorena	GER	KUTS Mariia	UKR	PTF	2:0
european-championships-2024	Senior Women +73kg	R16	405	CASTINEIRA ETCHEVERRIA Tania	ESP	KITSIOU Agoritsa artemia	GRE	PTF	2:1
european-championships-2024	Senior Women +73kg	R16	406	ADEBAIO Kristina	AIN	KOWALCZUK Aleksandra	POL	PTF	2:1
european-championships-2024	Senior Women +73kg	R16	407	COOK Bianca	IMN	ANDERSEN Jasmin	DEN	PTF	2:0
european-championships-2024	Senior Women +73kg	QF	218	KUS AYDIN Nafia	TUR	JAHL Marlene	AUT	PTF	2:0
european-championships-2024	Senior Women +73kg	QF	320	MCGOWAN Rebecca	GBR	AVOULETTE Solene	FRA	PTF	2:1
european-championships-2024	Senior Women +73kg	QF	418	BRANDL Lorena	GER	CASTINEIRA ETCHEVERRIA Tania	ESP	PTF	2:1
european-championships-2024	Senior Women +73kg	QF	419	ADEBAIO Kristina	AIN	COOK Bianca	IMN	PTF	2:0
european-championships-2024	Senior Women +73kg	SF	223	KUS AYDIN Nafia	TUR	MCGOWAN Rebecca	GBR	PTF	2:1
european-championships-2024	Senior Women +73kg	SF	424	BRANDL Lorena	GER	ADEBAIO Kristina	AIN	PTF	2:1
european-championships-2024	Senior Women +73kg	F	331	BRANDL Lorena	GER	KUS AYDIN Nafia	TUR	PTF	2:1
european-championships-2024	Senior Men -68kg	R32	202	FALCO Antonio	ITA	MAMMADLI Yashar	AZE	PTF	2:0
european-championships-2024	Senior Men -68kg	R32	203	GOLUBIC Marko	CRO	VAN VULPEN Jesse	NED	PTF	2:0
european-championships-2024	Senior Men -68kg	R32	204	KAVURAT Ferhat can	TUR	HOVHANNISYAN Artak	ARM	PTF	2:0
european-championships-2024	Senior Men -68kg	R32	205	ALIAN Ali	SWE	MORADI Erfan	RTA	PTF	2:0
european-championships-2024	Senior Men -68kg	R32	206	RADWAN Ali	AIN	DZHORDZHEV Aleksandar	BUL	PTF	2:0
european-championships-2024	Senior Men -68kg	R32	207	MIRZOIEV Simur	UKR	XANTHAKOS Theofanis	GRE	PTF	2:0
european-championships-2024	Senior Men -68kg	R32	208	KRAJISNIK Zarko	SRB	BLAZEVSKI Filip	MKD	PTF	2:0
european-championships-2024	Senior Men -68kg	R32	405	ALIU Egers	ALB	FRGOLEC Miroslav	SVK	PTF	2:0
european-championships-2024	Senior Men -68kg	R32	406	KAVTARADZE Beka	GEO	HABIBOVIC Sadmir	BIH	PTF	2:0
european-championships-2024	Senior Men -68kg	R32	407	LUCIEN Theo	FRA	REIS Tiago	POR	PTF	2:0
european-championships-2024	Senior Men -68kg	R32	408	JØRGENSEN Otto	DEN	NIITMETS Keanu	EST	PTF	2:0
european-championships-2024	Senior Men -68kg	R32	409	BECOVIC Zinedin	MNE	MYLLYNEN Niko	FIN	PTF	2:0
european-championships-2024	Senior Men -68kg	R32	410	DANILOV Ilia	AIN	SPEIGHT Leo	ISL	PTF	2:0
european-championships-2024	Senior Men -68kg	R16	216	SINDEN Bradly	GBR	FALCO Antonio	ITA	PTF	2:0
european-championships-2024	Senior Men -68kg	R16	217	GOLUBIC Marko	CRO	KAVURAT Ferhat can	TUR	PTF	2:0
european-championships-2024	Senior Men -68kg	R16	218	ALIAN Ali	SWE	RADWAN Ali	AIN	PTF	2:0
european-championships-2024	Senior Men -68kg	R16	219	MIRZOIEV Simur	UKR	KRAJISNIK Zarko	SRB	RSC	
european-championships-2024	Senior Men -68kg	R16	416	JOZSA Levente mark	HUN	ALIU Egers	ALB	PTF	2:0
european-championships-2024	Senior Men -68kg	R16	417	LUCIEN Theo	FRA	KAVTARADZE Beka	GEO	PTF	2:0
european-championships-2024	Senior Men -68kg	R16	418	BECOVIC Zinedin	MNE	JØRGENSEN Otto	DEN	PTF	2:1
european-championships-2024	Senior Men -68kg	R16	419	DANILOV Ilia	AIN	PEREZ POLO Javier	ESP	PTF	2:0
european-championships-2024	Senior Men -68kg	QF	222	SINDEN Bradly	GBR	GOLUBIC Marko	CRO	PTF	2:1
european-championships-2024	Senior Men -68kg	QF	223	MIRZOIEV Simur	UKR	ALIAN Ali	SWE	PTF	2:0
european-championships-2024	Senior Men -68kg	QF	422	JOZSA Levente mark	HUN	LUCIEN Theo	FRA	PTF	2:0
european-championships-2024	Senior Men -68kg	QF	423	DANILOV Ilia	AIN	BECOVIC Zinedin	MNE	PTF	2:1
european-championships-2024	Senior Men -68kg	SF	226	SINDEN Bradly	GBR	MIRZOIEV Simur	UKR	PTF	2:0
european-championships-2024	Senior Men -68kg	SF	427	DANILOV Ilia	AIN	JOZSA Levente mark	HUN	PTF	2:1
european-championships-2024	Senior Men -68kg	F	331	SINDEN Bradly	GBR	DANILOV Ilia	AIN	PTF	2:0
european-championships-2024	Senior Men -80kg	R32	301	POLAT Mehmet Kani	TUR	ALVES Tiago	POR	PTF	2:0
european-championships-2024	Senior Men -80kg	R32	401	PAPADOPOULOS Ioannis	GRE	RUDERMAN Ilia	ISR	PTF	2:0
european-championships-2024	Senior Men -80kg	R32	403	AKBABAOZ Muhammed buğrahan	RTA	ELENIN Nicolai	MDA		
european-championships-2024	Senior Men -80kg	R16	209	ALESSIO Simone	ITA	PAPADOPOULOS Ioannis	GRE	PTF	2:0
european-championships-2024	Senior Men -80kg	R16	210	KHRAMTSOV Maksim	AIN	CRISTESCU Mihai adrian	ROU	PTF	2:1
european-championships-2024	Senior Men -80kg	R16	211	KOSTENEVYCH Kostiantyn	UKR	DOYLE Ryan	IRL	PTF	2:0
european-championships-2024	Senior Men -80kg	R16	212	ODINAEV Rustam	SRB	STYLIANIDIS Aris	CYP	PTF	2:0
european-championships-2024	Senior Men -80kg	R16	308	HRNIC Edi	DEN	POLAT Mehmet Kani	TUR	PTF	2:0
european-championships-2024	Senior Men -80kg	R16	309	KANAET Toni	CRO	LUDWIG Albert	CZE	PTF	2:0
european-championships-2024	Senior Men -80kg	R16	411	HUSIC Nedzad	BIH	GAFAROV Eltaj	AZE	RSC	2:0
european-championships-2024	Senior Men -80kg	R16	412	CINTADO ARTECHE Jon	ESP	AKBABAOZ Muhammed buğrahan	RTA	PTF	2:0
european-championships-2024	Senior Men -80kg	QF	220	KHRAMTSOV Maksim	AIN	ALESSIO Simone	ITA	PTF	2:0
european-championships-2024	Senior Men -80kg	QF	320	KOSTENEVYCH Kostiantyn	UKR	ODINAEV Rustam	SRB	PTF	2:1
european-championships-2024	Senior Men -80kg	QF	321	KANAET Toni	CRO	HRNIC Edi	DEN	PTF	2:0
european-championships-2024	Senior Men -80kg	QF	420	HUSIC Nedzad	BIH	CINTADO ARTECHE Jon	ESP	PTF	2:0
european-championships-2024	Senior Men -80kg	SF	225	KOSTENEVYCH Kostiantyn	UKR	KHRAMTSOV Maksim	AIN	PTF	2:1
european-championships-2024	Senior Men -80kg	SF	425	KANAET Toni	CRO	HUSIC Nedzad	BIH	PTF	2:0
european-championships-2024	Senior Men -80kg	F	333	KANAET Toni	CRO	KOSTENEVYCH Kostiantyn	UKR	PTF	2:0
european-championships-2024	Senior Women -46kg	R32	201	BAJAN Mihaela nicoleta claudia	ROU	CSAKI Hanna	HUN	PTF	2:1
european-championships-2024	Senior Women -46kg	R32	302	GEORGIOU Melina	GRE	SALGUEIRO Patricia	POR		
european-championships-2024	Senior Women -46kg	R32	402	HASANZADE Zemfira	AZE	WROBEL Michalina	POL	PTF	2:1
european-championships-2024	Senior Women -46kg	R32	404	BEKULOVA Milana	AIN	IVANOV Felizia	SWE	PTF	2:0
european-championships-2024	Senior Women -46kg	R16	213	STOJKOVIC Lena	CRO	HASANZADE Zemfira	AZE	PTF	2:0
european-championships-2024	Senior Women -46kg	R16	214	KOUTTOUKI Kyriaki	CYP	TAMMILA Ida-elina	FIN	PTF	2:0
european-championships-2024	Senior Women -46kg	R16	215	NAHURNA Viktoriia	UKR	POURYOUNES LANGEROUDI Dina	RTA	PTF	2:1
european-championships-2024	Senior Women -46kg	R16	310	MAKAS Dzejla	BIH	ZAMPETTI Sofia	ITA	PTF	2:1
european-championships-2024	Senior Women -46kg	R16	311	GEORGIOU Melina	GRE	BAYECH Rivka	ISR	PTF	2:1
european-championships-2024	Senior Women -46kg	R16	413	KOLAREK Nika	SRB	BAJAN Mihaela nicoleta claudia	ROU	PTF	2:1
european-championships-2024	Senior Women -46kg	R16	414	BEKULOVA Milana	AIN	GOGEBAKAN Emine	TUR	PTF	2:0
european-championships-2024	Senior Women -46kg	R16	415	GOODMAN Phoenix	GBR	GARCIA MARQUINA Sofia	ESP	PTF	2:1
european-championships-2024	Senior Women -46kg	QF	221	STOJKOVIC Lena	CRO	KOUTTOUKI Kyriaki	CYP	PTF	2:0
european-championships-2024	Senior Women -46kg	QF	322	GOODMAN Phoenix	GBR	BEKULOVA Milana	AIN	PTF	2:1
european-championships-2024	Senior Women -46kg	QF	323	MAKAS Dzejla	BIH	GEORGIOU Melina	GRE	PTF	2:0
european-championships-2024	Senior Women -46kg	QF	421	NAHURNA Viktoriia	UKR	KOLAREK Nika	SRB	PTF	2:0
european-championships-2024	Senior Women -46kg	SF	326	MAKAS Dzejla	BIH	GOODMAN Phoenix	GBR	PTF	2:1
european-championships-2024	Senior Women -46kg	SF	426	STOJKOVIC Lena	CRO	NAHURNA Viktoriia	UKR	PTF	2:0
european-championships-2024	Senior Women -46kg	F	332	STOJKOVIC Lena	CRO	MAKAS Dzejla	BIH	PTF	2:1
european-championships-2024	Senior Women -67kg	R32	303	MARTON Viviana	HUN	NINA Urganaeva	ARM	PTF	2:0
european-championships-2024	Senior Women -67kg	R32	304	TARVIDA Jolanta	LAT	PYPOT Iryna	UKR	PTF	2:0
european-championships-2024	Senior Women -67kg	R32	305	MEHMEDOVIC Nadina	BIH	KARABELESKA Lea	SWE	PTF	2:0
european-championships-2024	Senior Women -67kg	R32	306	MARENTAKI Styliani	GRE	VITAL Sara	POR	PTF	2:0
european-championships-2024	Senior Women -67kg	R32	307	KHUZINA Liliia	AIN	BOUGHRARA Chahrazed	FIN		
european-championships-2024	Senior Women -67kg	R16	312	WIET HENIN Magda	FRA	MARTON Viviana	HUN	PTF	2:0
european-championships-2024	Senior Women -67kg	R16	313	KAYIR Ikra	TUR	MINK Amy	NED	PTF	2:0
european-championships-2024	Senior Women -67kg	R16	314	TARVIDA Jolanta	LAT	KOERNDL Vanessa	GER	PTF	2:0
european-championships-2024	Senior Women -67kg	R16	315	CASTRO BURGOS Cecilia	ESP	MEHMEDOVIC Nadina	BIH	PTF	2:0
european-championships-2024	Senior Women -67kg	R16	316	CHAARI Sarah	BEL	MARENTAKI Styliani	GRE	PTF	2:0
european-championships-2024	Senior Women -67kg	R16	317	ROBERTS Chloe	GBR	D'ANGELO Natalia	ITA	PTF	2:1
european-championships-2024	Senior Women -67kg	R16	318	POLE Doris	CRO	NILSEN Mari romundset	NOR	PTF	2:1
european-championships-2024	Senior Women -67kg	R16	319	PERISIC Aleksandra	SRB	KHUZINA Liliia	AIN	PTF	2:0
european-championships-2024	Senior Women -67kg	QF	224	PERISIC Aleksandra	SRB	POLE Doris	CRO	PTF	2:1
european-championships-2024	Senior Women -67kg	QF	324	WIET HENIN Magda	FRA	KAYIR Ikra	TUR	PTF	2:1
european-championships-2024	Senior Women -67kg	QF	325	TARVIDA Jolanta	LAT	CASTRO BURGOS Cecilia	ESP	PTF	2:0
european-championships-2024	Senior Women -67kg	QF	424	CHAARI Sarah	BEL	ROBERTS Chloe	GBR	PTF	2:0
european-championships-2024	Senior Women -67kg	SF	227	CHAARI Sarah	BEL	PERISIC Aleksandra	SRB	PTF	2:1
european-championships-2024	Senior Women -67kg	SF	327	WIET HENIN Magda	FRA	TARVIDA Jolanta	LAT	PTF	2:0
european-championships-2024	Senior Women -67kg	F	334	CHAARI Sarah	BEL	WIET HENIN Magda	FRA	PTF	2:0
european-championships-2024	Senior Men -74kg	R32	307	HRGOTA Leon	CRO	SULEAC Dmitrii	MDA	PTF	2:1
european-championships-2024	Senior Men -74kg	R32	308	PERUNI?I? Vasilije	MNE	NESHYBA Tomas	CZE	PTF	2:0
european-championships-2024	Senior Men -74kg	R32	309	NSILU DILANDU Leroy	IRL	DZHORDZHEV Mitko	BUL	PTF	2:1
european-championships-2024	Senior Men -74kg	R32	310	CELIN Lyve-stone	FRA	HUSIC Benjamin	BIH	PTF	2:0
european-championships-2024	Senior Men -74kg	R32	311	DAWOUD Omer Khaled	DEN	SEDIQI Abdullah	RTA	PTF	2:0
european-championships-2024	Senior Men -74kg	R32	312	FLOUSKOUNIS Charalampos	GRE	PROCOPCIUC Lucian	POR	PTF	2:0
european-championships-2024	Senior Men -74kg	R32	407	CHUMACHENKO Andrii	UKR	CRESCENTINI Stefano	SMR	PTF	2:0
european-championships-2024	Senior Men -74kg	R32	408	KILIC Yigithan	TUR	KNIGHT-MITCHELL Dantrell	GBR	PTF	2:1
european-championships-2024	Senior Men -74kg	R32	409	DAUROV Kadyrbech	AIN	VESTERLUND Linus	SWE	PTF	2:0
european-championships-2024	Senior Men -74kg	R32	410	THUNE Sebastian	NOR	AGRISAN Stefan Gabriel	ROU	PTF	2:0
european-championships-2024	Senior Men -74kg	R32	411	AGHAYEV Javad	AZE	KRIVISHKIY Nimrod	ISR	PTF	2:0
european-championships-2024	Senior Men -74kg	R32	412	MANGIONE Angelo	ITA	CHARALAMBOUS Evangelos	CYP	RSC	2:1
european-championships-2024	Senior Men -74kg	R16	318	KINTSURASHVILI Zurab	GEO	HRGOTA Leon	CRO	PTF	2:0
european-championships-2024	Senior Men -74kg	R16	319	NSILU DILANDU Leroy	IRL	PERUNI?I? Vasilije	MNE	PTF	2:0
european-championships-2024	Senior Men -74kg	R16	320	CELIN Lyve-stone	FRA	DAWOUD Omer Khaled	DEN	PTF	2:1
european-championships-2024	Senior Men -74kg	R16	321	FLOUSKOUNIS Charalampos	GRE	KOVACIC Lin	SLO	PTF	2:0
european-championships-2024	Senior Men -74kg	R16	322	MILINKOVIC Strahinja	SRB	MANGIONE Angelo	ITA	DQB	
european-championships-2024	Senior Men -74kg	R16	421	QUESADA BARRERA Daniel	ESP	CHUMACHENKO Andrii	UKR	PTF	2:1
european-championships-2024	Senior Men -74kg	R16	422	DAUROV Kadyrbech	AIN	KILIC Yigithan	TUR	PTF	2:0
european-championships-2024	Senior Men -74kg	R16	423	AGHAYEV Javad	AZE	THUNE Sebastian	NOR	PTF	2:0
european-championships-2024	Senior Men -74kg	QF	326	KINTSURASHVILI Zurab	GEO	NSILU DILANDU Leroy	IRL	PTF	2:0
european-championships-2024	Senior Men -74kg	QF	327	FLOUSKOUNIS Charalampos	GRE	CELIN Lyve-stone	FRA	PTF	2:0
european-championships-2024	Senior Men -74kg	QF	426	QUESADA BARRERA Daniel	ESP	DAUROV Kadyrbech	AIN	PTF	2:1
european-championships-2024	Senior Men -74kg	QF	427	AGHAYEV Javad	AZE	MILINKOVIC Strahinja	SRB	PTF	2:0
european-championships-2024	Senior Men -74kg	SF	231	QUESADA BARRERA Daniel	ESP	AGHAYEV Javad	AZE	PTF	2:0
european-championships-2024	Senior Men -74kg	SF	330	KINTSURASHVILI Zurab	GEO	FLOUSKOUNIS Charalampos	GRE	PTF	2:0
european-championships-2024	Senior Men -74kg	F	334	QUESADA BARRERA Daniel	ESP	KINTSURASHVILI Zurab	GEO	PTF	2:1
european-championships-2024	Senior Men +87kg	R32	201	MARINESCU Dragos	MDA	VIANA Andre pinheiro	POR	PTF	2:0
european-championships-2024	Senior Men +87kg	R32	202	MOLIN Mattia	ITA	MANEA Robert	ROU		
european-championships-2024	Senior Men +87kg	R32	401	DIMITRAKOPOULOS Filippos	GRE	ANDREOU Petros	CYP	PTF	2:1
european-championships-2024	Senior Men +87kg	R16	213	GARCIA MARTINEZ Ivan	ESP	MARINESCU Dragos	MDA	PTF	2:0
european-championships-2024	Senior Men +87kg	R16	214	BADRIALIABADI Hamidreza	AZE	GEORGIEVSKI Dejan	MKD	PTF	2:0
european-championships-2024	Senior Men +87kg	R16	215	LARIN Vladislav	AIN	ZONDEROP Bryan	NED	PTF	2:0
european-championships-2024	Senior Men +87kg	R16	216	ATESLI Emre kutalmis	TUR	MOLIN Mattia	ITA	PTF	2:0
european-championships-2024	Senior Men +87kg	R16	413	CUNNINGHAM Caden	GBR	DIMITRAKOPOULOS Filippos	GRE	PTF	2:0
european-championships-2024	Senior Men +87kg	R16	414	TRAJKOVIC Ivan konrad	SLO	HARBAR Andrii	UKR	PTF	2:0
european-championships-2024	Senior Men +87kg	R16	415	HAREMZA Krystian	POL	BOZIC Pasko	CRO	PTF	2:0
european-championships-2024	Senior Men +87kg	R16	416	FILIPPOV Aleksandr	ISR	RADAKOVIC Mihailo	SRB	PTF	2:0
european-championships-2024	Senior Men +87kg	QF	225	GARCIA MARTINEZ Ivan	ESP	BADRIALIABADI Hamidreza	AZE	PTF	2:0
european-championships-2024	Senior Men +87kg	QF	226	ATESLI Emre kutalmis	TUR	LARIN Vladislav	AIN	PTF	2:1
european-championships-2024	Senior Men +87kg	QF	424	CUNNINGHAM Caden	GBR	TRAJKOVIC Ivan konrad	SLO	PTF	2:0
european-championships-2024	Senior Men +87kg	QF	425	HAREMZA Krystian	POL	FILIPPOV Aleksandr	ISR	PTF	2:0
european-championships-2024	Senior Men +87kg	SF	229	GARCIA MARTINEZ Ivan	ESP	ATESLI Emre kutalmis	TUR	PTF	2:0
european-championships-2024	Senior Men +87kg	SF	430	CUNNINGHAM Caden	GBR	HAREMZA Krystian	POL	PTF	2:0
european-championships-2024	Senior Men +87kg	F	336	CUNNINGHAM Caden	GBR	GARCIA MARTINEZ Ivan	ESP	PTF	2:1
european-championships-2024	Senior Women -57kg	R32	207	BLIZNIAKOVA Margarita	AIN	BASHIROVA Leyla	AZE	PTF	2:0
european-championships-2024	Senior Women -57kg	R32	208	RODRIGUEZ MARQUINA Laura	ESP	TEGGERI Markella	CYP	PTF	2:0
european-championships-2024	Senior Women -57kg	R32	209	AL HALWANI Giada	ITA	NAZAROVA Iulia	MDA	PTF	2:0
european-championships-2024	Senior Women -57kg	R32	210	SCHOENMAKERS Bodine	NED	CORREIA Leonor	POR	PTF	2:0
european-championships-2024	Senior Women -57kg	R32	211	KARABATIC Nika	CRO	MAHNU Mariam	DEN	PTF	2:0
european-championships-2024	Senior Women -57kg	R32	212	FLEGROVA Hana	CZE	GRETARSDOTTIR Ingibjorg	ISL	PTF	2:0
european-championships-2024	Senior Women -57kg	R32	402	KOSTENEVYCH Darya	UKR	COMAN Gabriela bianca	ROU	PTF	2:0
european-championships-2024	Senior Women -57kg	R32	403	CARABIN Kanelya	FRA	HAMZIC Dzejna	BIH	PTF	2:0
european-championships-2024	Senior Women -57kg	R32	404	TVARONAVICIUTE Klaudija	LTU	KOMATINA Andrea	MNE	PTF	2:0
european-championships-2024	Senior Women -57kg	R32	405	ATANASOVA Martina	BUL	RAHMANI Ruqia	FIN	PTF	2:1
european-championships-2024	Senior Women -57kg	R32	406	TZELI Fani	GRE	VITKO Yuliya	AIN	PTF	2:1
european-championships-2024	Senior Women -57kg	R16	220	MARTON Luana	HUN	BLIZNIAKOVA Margarita	AIN	PTF	2:1
european-championships-2024	Senior Women -57kg	R16	221	AL HALWANI Giada	ITA	RODRIGUEZ MARQUINA Laura	ESP	PTF	2:0
european-championships-2024	Senior Women -57kg	R16	222	KARABATIC Nika	CRO	SCHOENMAKERS Bodine	NED	PTF	2:0
european-championships-2024	Senior Women -57kg	R16	223	ILGUN Hatice kubra	TUR	FLEGROVA Hana	CZE	PTF	2:0
european-championships-2024	Senior Women -57kg	R16	417	JONES Jade	GBR	KOSTENEVYCH Darya	UKR	PTF	2:0
european-championships-2024	Senior Women -57kg	R16	418	TVARONAVICIUTE Klaudija	LTU	CARABIN Kanelya	FRA	PTF	2:1
european-championships-2024	Senior Women -57kg	R16	419	ASEMANI Raheleh	BEL	ATANASOVA Martina	BUL	PTF	2:0
european-championships-2024	Senior Women -57kg	R16	420	TZELI Fani	GRE	MARIC Ela	SRB	PTF	2:1
european-championships-2024	Senior Women -57kg	QF	227	MARTON Luana	HUN	AL HALWANI Giada	ITA	PTF	2:0
european-championships-2024	Senior Women -57kg	QF	228	KARABATIC Nika	CRO	ILGUN Hatice kubra	TUR	PTF	2:1
european-championships-2024	Senior Women -57kg	QF	428	JONES Jade	GBR	TVARONAVICIUTE Klaudija	LTU	PTF	2:0
european-championships-2024	Senior Women -57kg	QF	429	TZELI Fani	GRE	ASEMANI Raheleh	BEL	PTF	2:0
european-championships-2024	Senior Women -57kg	SF	230	KARABATIC Nika	CRO	MARTON Luana	HUN	PTF	2:0
european-championships-2024	Senior Women -57kg	SF	431	JONES Jade	GBR	TZELI Fani	GRE	PTF	2:0
european-championships-2024	Senior Women -57kg	F	335	KARABATIC Nika	CRO	JONES Jade	GBR	PTF	2:1
european-championships-2024	Senior Women -62kg	R32	203	ZOE Gueli	HUN	ACHILLEOS Antreana	CYP	PTF	2:0
european-championships-2024	Senior Women -62kg	R32	204	ZENOZI Kimia alizadeh	BUL	LANGOUSTE-ASSOUMAYA Lyhana	FRA	PTF	2:0
european-championships-2024	Senior Women -62kg	R32	205	DE MATTEO Luna	ITA	GJELSVIK Karoline	NOR	PTF	2:1
european-championships-2024	Senior Women -62kg	R32	206	SMYCHKOVA Valeryia	AIN	HARKONEN Helmi	FIN	PTF	2:0
european-championships-2024	Senior Women -62kg	R32	301	YIGITALP Hatice pinar	TUR	LABUZOVA Mariia	UKR	PTF	2:0
european-championships-2024	Senior Women -62kg	R32	302	KUCHINA Viktorya	AIN	MONTEIRO Maisa	POR	PTF	2:0
european-championships-2024	Senior Women -62kg	R32	303	ANDERSSON Tindra	SWE	HOVHANNISYAN Meline	ARM	PTF	2:0
european-championships-2024	Senior Women -62kg	R32	304	SARVANAKI Theopoula	GRE	BERISAJ Andrea	MNE	PTF	2:0
european-championships-2024	Senior Women -62kg	R32	305	SZPAK Julia	POL	ORLOVIC Marija	BIH	PTF	2:1
european-championships-2024	Senior Women -62kg	R32	306	TARVIDA Inese	LAT	RAAGMETS Carmen	EST	PTF	2:0
european-championships-2024	Senior Women -62kg	R16	217	TESIC Nadja	SRB	ZOE Gueli	HUN	PTF	2:0
european-championships-2024	Senior Women -62kg	R16	218	ZENOZI Kimia alizadeh	BUL	DE MATTEO Luna	ITA	PTF	2:0
european-championships-2024	Senior Women -62kg	R16	219	ARELIC Ivana	CRO	SMYCHKOVA Valeryia	AIN	PTF	2:0
european-championships-2024	Senior Women -62kg	R16	313	RELJIKJ Miljana	MKD	YIGITALP Hatice pinar	TUR	PTF	2:1
european-championships-2024	Senior Women -62kg	R16	314	KUCHINA Viktorya	AIN	MAGDALENO ALBIZU Jone	ESP	PTF	2:1
european-championships-2024	Senior Women -62kg	R16	315	POWELL Aaliyah	GBR	ANDERSSON Tindra	SWE	PTF	2:0
european-championships-2024	Senior Women -62kg	R16	316	SARVANAKI Theopoula	GRE	SZPAK Julia	POL	PTF	2:0
european-championships-2024	Senior Women -62kg	R16	317	STOLBOVA Petra	CZE	TARVIDA Inese	LAT	PTF	2:0
european-championships-2024	Senior Women -62kg	QF	224	ZENOZI Kimia alizadeh	BUL	TESIC Nadja	SRB	PTF	2:0
european-championships-2024	Senior Women -62kg	QF	323	ARELIC Ivana	CRO	RELJIKJ Miljana	MKD	PTF	2:0
european-championships-2024	Senior Women -62kg	QF	324	POWELL Aaliyah	GBR	KUCHINA Viktorya	AIN	PTF	2:1
european-championships-2024	Senior Women -62kg	QF	325	STOLBOVA Petra	CZE	SARVANAKI Theopoula	GRE	PTF	2:0
european-championships-2024	Senior Women -62kg	SF	328	ZENOZI Kimia alizadeh	BUL	ARELIC Ivana	CRO	PTF	2:0
european-championships-2024	Senior Women -62kg	SF	329	POWELL Aaliyah	GBR	STOLBOVA Petra	CZE	PTF	2:0
european-championships-2024	Senior Women -62kg	F	337	ZENOZI Kimia alizadeh	BUL	POWELL Aaliyah	GBR	PTF	2:1
asian-championships-2024	Senior Men -54kg	R32	101	PANG Keston Ghim Weng	SGP	JAMEEL Mohamed	BRN	PTF	2:0
asian-championships-2024	Senior Men -54kg	R32	102	SHUKUROV Muhammadrizo	TJK	ALDHALEA Mohammed	YEM	PTF	2:0
asian-championships-2024	Senior Men -54kg	R32	201	LI Ci En	TPE	BANZON Kent john ilde	PHI	PTF	1:0
asian-championships-2024	Senior Men -54kg	R32	202	OHARA Ryusei	JPN	ALDHANHANI Ahmed	UAE	RSC	2:0
asian-championships-2024	Senior Men -54kg	R16	207	KHAN Shahzaib	PAK	PANG Keston Ghim Weng	SGP	PTF	2:0
asian-championships-2024	Senior Men -54kg	R16	208	ORALKHANOV Bektore	KAZ	ASIRI Abdulelah yahya a	KSA	PTF	2:0
asian-championships-2024	Senior Men -54kg	R16	209	KHUDAYBERDIEV Jakhongir	UZB	TAKAMARU Riku	JPN	PTF	2:0
asian-championships-2024	Senior Men -54kg	R16	210	NGUYEN Hong trong	VIE	SHUKUROV Muhammadrizo	TJK	PTF	2:1
asian-championships-2024	Senior Men -54kg	R16	211	LI Ci En	TPE	ALRAWASHDEH Laith	JOR	PTF	2:1
asian-championships-2024	Senior Men -54kg	R16	306	YANG Huichan	KOR	YONDONJAMTS Purevdash	MGL	PTF	2:0
asian-championships-2024	Senior Men -54kg	R16	307	MAHAMAD Sirawit	THA	SAMIDINOV Nurkhan	KGZ	PTF	
asian-championships-2024	Senior Men -54kg	R16	308	HAMDI Riad nasser a	KSA	OHARA Ryusei	JPN	PTF	
asian-championships-2024	Senior Men -54kg	QF	115	KHAN Shahzaib	PAK	ORALKHANOV Bektore	KAZ	PTF	2:0
asian-championships-2024	Senior Men -54kg	QF	116	KHUDAYBERDIEV Jakhongir	UZB	NGUYEN Hong trong	VIE	PTF	2:0
asian-championships-2024	Senior Men -54kg	QF	215	YANG Huichan	KOR	LI Ci En	TPE	PTF	2:0
asian-championships-2024	Senior Men -54kg	QF	216	HAMDI Riad nasser a	KSA	MAHAMAD Sirawit	THA	PTF	2:0
asian-championships-2024	Senior Men -54kg	SF	317	KHAN Shahzaib	PAK	KHUDAYBERDIEV Jakhongir	UZB	PTF	2:0
asian-championships-2024	Senior Men -54kg	SF	318	HAMDI Riad nasser a	KSA	YANG Huichan	KOR	RSC	2:1
asian-championships-2024	Senior Men -54kg	F	123	HAMDI Riad nasser a	KSA	KHAN Shahzaib	PAK	PTF	2:2
asian-championships-2024	Senior Men -63kg	R32	301	YEH Chi-hsun	TPE	SAINBILEG Gan-erdene	MGL	PTF	2:0
asian-championships-2024	Senior Men -63kg	R16	107	YEH Chi-hsun	TPE	ALHALAWANI Zaid	JOR	PTF	1:1
asian-championships-2024	Senior Men -63kg	R16	108	ZHANG Hao	CHN	KUMAR Ajay	IND	PTF	
asian-championships-2024	Senior Men -63kg	R16	109	TURAEV Amirbek	UZB	GAZEZ Nurbek	KAZ	PTF	
asian-championships-2024	Senior Men -63kg	R16	110	SRITIMONGKOL Napat	THA	PEÑAREDONDO Legolas	PHI	PTF	2:0
asian-championships-2024	Senior Men -63kg	R16	111	GHALI Zakariya Mohamma	KSA	CHIA Dylan	SGP	PTF	2:1
asian-championships-2024	Senior Men -63kg	R16	309	REZAEI Matin	IRI	TSURUOKA Jin	JPN	PTF	2:0
asian-championships-2024	Senior Men -63kg	R16	310	JANG Jun	KOR	CHAN Kin fung	HKG	PTF	2:0
asian-championships-2024	Senior Men -63kg	R16	311	KIM Tae yong	KOR	J. ABDULRIDHA Mohammed	IRQ	PTF	2:0
asian-championships-2024	Senior Men -63kg	QF	117	JANG Jun	KOR	KIM Tae yong	KOR	PTF	2:0
asian-championships-2024	Senior Men -63kg	QF	314	ZHANG Hao	CHN	YEH Chi-hsun	TPE	PTF	2:0
asian-championships-2024	Senior Men -63kg	QF	315	SRITIMONGKOL Napat	THA	TURAEV Amirbek	UZB	PTF	2:0
asian-championships-2024	Senior Men -63kg	QF	316	REZAEI Matin	IRI	GHALI Zakariya Mohamma	KSA	PTF	2:0
asian-championships-2024	Senior Men -63kg	SF	120	SRITIMONGKOL Napat	THA	ZHANG Hao	CHN	PTF	2:1
asian-championships-2024	Senior Men -63kg	SF	219	JANG Jun	KOR	REZAEI Matin	IRI	PTF	2:0
asian-championships-2024	Senior Men -63kg	F	124	JANG Jun	KOR	SRITIMONGKOL Napat	THA	PTF	2:0
asian-championships-2024	Senior Women -46kg	R16	103	ALKHAWAHR Rahmah Ab	KSA	BINTHANI Yara	BRN	PTF	2:0
asian-championships-2024	Senior Women -46kg	R16	104	MA Yu-Hsin	TPE	OKAZAKI Hinata	JPN	PTF	2:1
asian-championships-2024	Senior Women -46kg	R16	105	SEEKEN Kamonchanok	THA	KHOSHIMJONOVA Zebiniso	UZB	PTF	2:0
asian-championships-2024	Senior Women -46kg	R16	106	OKAMOTO Ruka	JPN	LAI Hiu ching	HKG	PTF	2:0
asian-championships-2024	Senior Women -46kg	R16	203	NASIRI DAROUNKOLA Saeideh	IRI	LKHAGVA Badam	MGL	PTF	2:0
asian-championships-2024	Senior Women -46kg	R16	204	WANG Shiyi	CHN	SARZA Clarence	PHI	PTF	2:0
asian-championships-2024	Senior Women -46kg	QF	213	NASIRI DAROUNKOLA Saeideh	IRI	OKAMOTO Ruka	JPN	PTF	2:0
asian-championships-2024	Senior Women -46kg	QF	214	WANG Shiyi	CHN	HUANG Ying hsuan	TPE	PTF	2:1
asian-championships-2024	Senior Women -46kg	QF	312	KANG Mi-reu	KOR	ALKHAWAHR Rahmah Ab	KSA	PTF	2:0
asian-championships-2024	Senior Women -46kg	QF	313	SEEKEN Kamonchanok	THA	MA Yu-Hsin	TPE	PTF	2:0
asian-championships-2024	Senior Women -46kg	SF	118	SEEKEN Kamonchanok	THA	KANG Mi-reu	KOR	PTF	2:0
asian-championships-2024	Senior Women -46kg	SF	119	WANG Shiyi	CHN	NASIRI DAROUNKOLA Saeideh	IRI	PTF	2:0
asian-championships-2024	Senior Women -46kg	F	121	WANG Shiyi	CHN	SEEKEN Kamonchanok	THA	PTF	2:0
asian-championships-2024	Senior Women -53kg	R16	205	CANABAL Baby jessica	PHI	SUNDETBAY Aidana	KAZ	PTF	2:1
asian-championships-2024	Senior Women -53kg	R16	206	TAN Nichelle Ying Xuan	SGP	LEE Jaehee	KOR	PTF	
asian-championships-2024	Senior Women -53kg	R16	302	JONGKOLRATTANAWATT	THA	KATOH Yuzuho	JPN	PTF	2:0
asian-championships-2024	Senior Women -53kg	R16	303	PARK Hye jin	KOR	VONG Chi Kei	MAC	PTF	2:0
asian-championships-2024	Senior Women -53kg	R16	304	VU Thi Dung	VIE	KUO Yi-fan	TPE	PTF	2:0
asian-championships-2024	Senior Women -53kg	R16	305	ABUTALEB Dunya ali m	KSA	CHAHAR Raksha	IND	PTF	2:0
asian-championships-2024	Senior Women -53kg	QF	112	JONGKOLRATTANAWATT	THA	KIYANICHANDEH Nahid	IRI	PTF	2:0
asian-championships-2024	Senior Women -53kg	QF	113	PARK Hye jin	KOR	VU Thi Dung	VIE	PTF	2:0
asian-championships-2024	Senior Women -53kg	QF	114	ABUTALEB Dunya ali m	KSA	CANABAL Baby jessica	PHI	PTF	2:0
asian-championships-2024	Senior Women -53kg	QF	212	SU Po-ya	TPE	TAN Nichelle Ying Xuan	SGP	PTF	2:0
asian-championships-2024	Senior Women -53kg	SF	217	JONGKOLRATTANAWATT	THA	PARK Hye jin	KOR	PTF	2:0
asian-championships-2024	Senior Women -53kg	SF	218	ABUTALEB Dunya ali m	KSA	SU Po-ya	TPE	PTF	1:1
asian-championships-2024	Senior Women -53kg	F	122	ABUTALEB Dunya ali m	KSA	JONGKOLRATTANAWATT	THA	PTF	2:1
asian-championships-2024	Senior Men -58kg	R32	101	PAN Kuei-an	TPE	BAROMEY Chim	CAM	PTF	2:0
asian-championships-2024	Senior Men -58kg	R32	102	JAR Yousef	KSA	SIDDIQUE Abubakar	PAK	PTF	2:1
asian-championships-2024	Senior Men -58kg	R16	107	CHENG Kai	CHN	CHIOK Chun yin	HKG	PTF	2:1
asian-championships-2024	Senior Men -58kg	R16	108	ZANDI Abolfazl	IRI	PUT THAI Fu Cern	MAS	PTF	2:1
asian-championships-2024	Senior Men -58kg	R16	109	HAJIMOUSAEI Mahdi	IRI	JAR Yousef	KSA	PTF	2:0
asian-championships-2024	Senior Men -58kg	R16	207	YASER ISMAIL Omar	PLE	MOHAMMED Muath	BRN	PTF	1:0
asian-championships-2024	Senior Men -58kg	R16	208	TLEULES Tamirlan	KAZ	ALTYBAEV Aidin	KGZ	PTF	2:0
asian-championships-2024	Senior Men -58kg	R16	306	BAE Jun-seo	KOR	PAN Kuei-an	TPE	PTF	2:0
asian-championships-2024	Senior Men -58kg	R16	307	PARK Tae-joon	KOR	RANA Prashant	IND	PTF	2:0
asian-championships-2024	Senior Men -58kg	R16	308	BARBOSA Kurt bryan	PHI	MAEDA Hidetaka	JPN	PTF	2:0
asian-championships-2024	Senior Men -58kg	QF	117	BAE Jun-seo	KOR	CHENG Kai	CHN	PTF	2:1
asian-championships-2024	Senior Men -58kg	QF	118	HAJIMOUSAEI Mahdi	IRI	BARBOSA Kurt bryan	PHI	PTF	2:0
asian-championships-2024	Senior Men -58kg	QF	217	PARK Tae-joon	KOR	YASER ISMAIL Omar	PLE	PTF	2:0
asian-championships-2024	Senior Men -58kg	QF	317	ZANDI Abolfazl	IRI	TLEULES Tamirlan	KAZ	PTF	2:0
asian-championships-2024	Senior Men -58kg	SF	123	PARK Tae-joon	KOR	BAE Jun-seo	KOR	PTF	2:0
asian-championships-2024	Senior Men -58kg	SF	124	HAJIMOUSAEI Mahdi	IRI	ZANDI Abolfazl	IRI	PTF	2:0
asian-championships-2024	Senior Men -58kg	F	128	HAJIMOUSAEI Mahdi	IRI	PARK Tae-joon	KOR	PTF	2:1
asian-championships-2024	Senior Men -74kg	R16	110	KIM Taewook	KOR	SUZUKI Ricardo	JPN	PTF	2:0
asian-championships-2024	Senior Men -74kg	R16	111	LEE Sang Ryeol	KOR	XIANG Qizhang	CHN	PTF	2:1
asian-championships-2024	Senior Men -74kg	R16	209	BAHLOOOL Ahmad	PLE	HSU Hao-yu	TPE	PTF	2:1
asian-championships-2024	Senior Men -74kg	R16	210	LY Hong Phuc	VIE	OTGONTSOOJ Munkhzolboo	MGL	PTF	2:0
asian-championships-2024	Senior Men -74kg	R16	211	BAKHTIARI Amir sina	IRI	ALMUWALLAD Ahmad	KSA	PTF	2:0
asian-championships-2024	Senior Men -74kg	R16	309	CAI Zhaoxun	CHN	ALADARBI Mohammad	JOR	PTF	2:0
asian-championships-2024	Senior Men -74kg	R16	310	CEA Dave	PHI	TAM Ching nam	HKG	PTF	2:0
asian-championships-2024	Senior Men -74kg	R16	311	KOSIMKHOJIEV Najmiddin	UZB	MAITHIL Bhumesh kumar	IND	PTF	2:0
asian-championships-2024	Senior Men -74kg	QF	119	LEE Sang Ryeol	KOR	CEA Dave	PHI	PTF	2:0
asian-championships-2024	Senior Men -74kg	QF	218	CAI Zhaoxun	CHN	BAHLOOOL Ahmad	PLE	PTF	2:0
asian-championships-2024	Senior Men -74kg	QF	219	KOSIMKHOJIEV Najmiddin	UZB	BAKHTIARI Amir sina	IRI	PTF	2:1
asian-championships-2024	Senior Men -74kg	QF	318	KIM Taewook	KOR	LY Hong Phuc	VIE	PTF	2:0
asian-championships-2024	Senior Men -74kg	SF	223	KIM Taewook	KOR	CAI Zhaoxun	CHN	PTF	2:1
asian-championships-2024	Senior Men -74kg	SF	224	LEE Sang Ryeol	KOR	KOSIMKHOJIEV Najmiddin	UZB	PTF	2:1
asian-championships-2024	Senior Men -74kg	F	129	LEE Sang Ryeol	KOR	KIM Taewook	KOR	PTF	2:1
asian-championships-2024	Senior Men -87kg	R16	112	YAZDANI Mohammad hossein	IRI	KABLAN Beibarys	KAZ	PTF	2:0
asian-championships-2024	Senior Men -87kg	R16	212	BARKHORDARI Mehran	IRI	CHEN Liang-hsi	TPE	PTF	2:0
asian-championships-2024	Senior Men -87kg	R16	312	Rishabh	IND	UL HAQ Ikhtisham	PAK	PTF	2:1
asian-championships-2024	Senior Men -87kg	QF	120	SBEIHI Fahed	JOR	le Phi Hung	VIE	PTF	2:0
asian-championships-2024	Senior Men -87kg	QF	220	BARKHORDARI Mehran	IRI	RAFALOVICH Nikita	UZB	PTF	2:1
asian-championships-2024	Senior Men -87kg	QF	319	YAZDANI Mohammad hossein	IRI	KANG Sanghyun	KOR	PTF	2:0
asian-championships-2024	Senior Men -87kg	QF	320	MENG Mingkuan	CHN	Rishabh	IND	PTF	2:0
asian-championships-2024	Senior Men -87kg	SF	323	YAZDANI Mohammad hossein	IRI	SBEIHI Fahed	JOR	PTF	2:0
asian-championships-2024	Senior Men -87kg	SF	324	BARKHORDARI Mehran	IRI	MENG Mingkuan	CHN	PTF	2:0
asian-championships-2024	Senior Men -87kg	F	130	YAZDANI Mohammad hossein	IRI	BARKHORDARI Mehran	IRI	RSC	
asian-championships-2024	Senior Women -49kg	R16	103	KANG Bora	KOR	IBRAHIM Rojda	SYR	PTF	2:0
asian-championships-2024	Senior Women -49kg	R16	104	SHEN Chia chen	TPE	GUO Qing	CHN	WDR	
asian-championships-2024	Senior Women -49kg	R16	201	WONGPATTANAKIT Panipak	THA	YADAV Saksham	IND	PTF	2:0
asian-championships-2024	Senior Women -49kg	R16	202	NEMATZADEH Mobina	IRI	MANGIN Tachiana Kezhia	PHI	PTF	2:0
asian-championships-2024	Senior Women -49kg	R16	203	KAPANOVA Botakoz	KAZ	KRY Lyden	CAM	PTF	2:0
asian-championships-2024	Senior Women -49kg	R16	301	LAM Siu wai	HKG	ALRAWAJFEH Dalia	BRN	PTF	2:1
asian-championships-2024	Senior Women -49kg	R16	302	TRUONG Thi kim tuyen	VIE	KONG Chi Lam	MAC	PTF	2:0
asian-championships-2024	Senior Women -49kg	R16	303	WANG Xiaolu	CHN	ALSHARIF Taiba khalid y	KSA	PTF	2:0
asian-championships-2024	Senior Women -49kg	QF	113	WONGPATTANAKIT Panipak	THA	LAM Siu wai	HKG	PTF	2:0
asian-championships-2024	Senior Women -49kg	QF	114	WANG Xiaolu	CHN	SHEN Chia chen	TPE	PTF	2:0
asian-championships-2024	Senior Women -49kg	QF	213	TRUONG Thi kim tuyen	VIE	NEMATZADEH Mobina	IRI	PTF	2:1
asian-championships-2024	Senior Women -49kg	QF	313	KANG Bora	KOR	KAPANOVA Botakoz	KAZ	PTF	2:1
asian-championships-2024	Senior Women -49kg	SF	121	WONGPATTANAKIT Panipak	THA	TRUONG Thi kim tuyen	VIE	PTF	2:0
asian-championships-2024	Senior Women -49kg	SF	122	WANG Xiaolu	CHN	KANG Bora	KOR	PTF	2:0
asian-championships-2024	Senior Women -49kg	F	125	WANG Xiaolu	CHN	WONGPATTANAKIT Panipak	THA	PTF	2:0
asian-championships-2024	Senior Women -62kg	R16	105	PHAM Ngoc Cham	VIE	HOSSEN Alaa	SYR	PTF	2:0
asian-championships-2024	Senior Women -62kg	R16	204	HAGHIGHI Elham	IRI	LAMANDA Silvana	INA	PTF	2:0
asian-championships-2024	Senior Women -62kg	R16	205	YANG Junli	CHN	BRIONES Jubilee	PHI	PTF	2:0
asian-championships-2024	Senior Women -62kg	R16	304	ISSINA Zhazira	KAZ	LAW Sin yi	HKG	PTF	2:1
asian-championships-2024	Senior Women -62kg	R16	305	HSU Yu-hsi	TPE	PREMRAJ Anushiya Priyadarshini	IND	PTF	2:0
asian-championships-2024	Senior Women -62kg	QF	115	CHANG Jui-en	TPE	YANG Junli	CHN	PTF	2:0
asian-championships-2024	Senior Women -62kg	QF	214	SADIKOVA Feruza	UZB	HAGHIGHI Elham	IRI	PTF	2:0
asian-championships-2024	Senior Women -62kg	QF	215	TONGCHAN Sasikarn	THA	HSU Yu-hsi	TPE	PTF	2:0
asian-championships-2024	Senior Women -62kg	QF	314	PHAM Ngoc Cham	VIE	ISSINA Zhazira	KAZ	PTF	2:0
asian-championships-2024	Senior Women -62kg	SF	221	SADIKOVA Feruza	UZB	PHAM Ngoc Cham	VIE	PTF	1:0
asian-championships-2024	Senior Women -62kg	SF	222	TONGCHAN Sasikarn	THA	CHANG Jui-en	TPE	PTF	2:0
asian-championships-2024	Senior Women -62kg	F	126	TONGCHAN Sasikarn	THA	SADIKOVA Feruza	UZB	PTF	2:0
asian-championships-2024	Senior Women -73kg	R16	106	ALIJONOVA Gulsanam	UZB	DAS Etisha	IND	PTF	2:0
asian-championships-2024	Senior Women -73kg	R16	206	MYEONG Mi-na	KOR	ALI Maliha	PAK	PTF	1:0
asian-championships-2024	Senior Women -73kg	QF	116	MIRHOSSEINI VAKILI Melika	IRI	TRAN NGUYEN Anh ngan	VIE	PTF	2:0
asian-championships-2024	Senior Women -73kg	QF	216	XIAO Shunan	CHN	LEE Dabin	KOR	PTF	2:1
asian-championships-2024	Senior Women -73kg	QF	315	ALIJONOVA Gulsanam	UZB	ZHOU Zeqi	CHN	PTF	2:0
asian-championships-2024	Senior Women -73kg	QF	316	MYEONG Mi-na	KOR	ABO-ALRUB Rama	JOR	PTF	2:0
asian-championships-2024	Senior Women -73kg	SF	321	MIRHOSSEINI VAKILI Melika	IRI	ALIJONOVA Gulsanam	UZB	PTF	2:0
asian-championships-2024	Senior Women -73kg	SF	322	MYEONG Mi-na	KOR	XIAO Shunan	CHN	PTF	2:0
asian-championships-2024	Senior Women -73kg	F	127	MYEONG Mi-na	KOR	MIRHOSSEINI VAKILI Melika	IRI	PTF	2:1
asian-championships-2024	Senior Men -68kg	R32	101	IWAKI Kaito	JPN	GILBUENA Sturdy Jay	PHI	PTF	2:1
asian-championships-2024	Senior Men -68kg	R32	201	AL-IEDANI Hussein	IRQ	MURODOV Nurullo	TJK	PTF	2:0
asian-championships-2024	Senior Men -68kg	R16	106	MUSSAKHAN Bexultan	KAZ	KURMANALIEV Eldar	KGZ	PTF	2:0
asian-championships-2024	Senior Men -68kg	R16	107	TUBTIMDANG Banlung	THA	LIANG Yushuai	CHN	PTF	2:0
asian-championships-2024	Senior Men -68kg	R16	108	XIAO Chenming	CHN	AL-IEDANI Hussein	IRQ	PTF	2:0
asian-championships-2024	Senior Men -68kg	R16	206	CHIU Yi-jui	TPE	TUMENJARGAL Enkhjin	MGL	PTF	2:1
asian-championships-2024	Senior Men -68kg	R16	207	Naveen	IND	F. A. ABDELRAZEQ Fahid	PLE	PTF	2:0
asian-championships-2024	Senior Men -68kg	R16	305	JIN Ho-jun	KOR	IWAKI Kaito	JPN	PTF	2:0
asian-championships-2024	Senior Men -68kg	R16	306	THANH LONG Hoang	VIE	AL GHOTANY Yahya	RTA	PTF	2:0
asian-championships-2024	Senior Men -68kg	R16	307	TUKHLIBOEV Diyorbek	UZB	LO Wai fung	HKG	PTF	2:0
asian-championships-2024	Senior Men -68kg	QF	115	CHIU Yi-jui	TPE	THANH LONG Hoang	VIE	PTF	2:0
asian-championships-2024	Senior Men -68kg	QF	215	TUBTIMDANG Banlung	THA	Naveen	IND	PTF	2:0
asian-championships-2024	Senior Men -68kg	QF	314	JIN Ho-jun	KOR	MUSSAKHAN Bexultan	KAZ	PTF	2:0
asian-championships-2024	Senior Men -68kg	QF	315	TUKHLIBOEV Diyorbek	UZB	XIAO Chenming	CHN	PTF	2:0
asian-championships-2024	Senior Men -68kg	SF	121	TUBTIMDANG Banlung	THA	TUKHLIBOEV Diyorbek	UZB	PTF	2:0
asian-championships-2024	Senior Men -68kg	SF	320	JIN Ho-jun	KOR	CHIU Yi-jui	TPE	PTF	1:0
asian-championships-2024	Senior Men -68kg	F	126	JIN Ho-jun	KOR	TUBTIMDANG Banlung	THA	PTF	2:0
asian-championships-2024	Senior Men -80kg	R16	109	PHAM Minh bao kha	VIE	AGNO Justin mark	PHI	PTF	2:0
asian-championships-2024	Senior Men -80kg	R16	208	TYAGI Shivansh	IND	ALRAMMAHI Saif Taher Habeeb	IRQ	PTF	1:0
asian-championships-2024	Senior Men -80kg	R16	209	KHOSHRAVESH Ali	IRI	HUNG Jiun-yi	TPE	PTF	2:0
asian-championships-2024	Senior Men -80kg	R16	308	JAYSUNOV Jasurbek	UZB	SHIRMENBAATAR Inguun	MGL	PTF	2:0
asian-championships-2024	Senior Men -80kg	R16	309	KOZHAKHMET Nurkanat	KAZ	ZUBER Muhammad syafiq	MAS	PTF	2:0
asian-championships-2024	Senior Men -80kg	QF	116	SEO Geon-woo	KOR	TYAGI Shivansh	IND	PTF	2:0
asian-championships-2024	Senior Men -80kg	QF	117	ELSHARABATY Saleh	JOR	KOZHAKHMET Nurkanat	KAZ	PTF	2:0
asian-championships-2024	Senior Men -80kg	QF	216	JAYSUNOV Jasurbek	UZB	PHAM Minh bao kha	VIE	PTF	2:0
asian-championships-2024	Senior Men -80kg	QF	316	KHOSHRAVESH Ali	IRI	SALAEV Shukhrat	UZB	RSC	2:0
asian-championships-2024	Senior Men -80kg	SF	221	JAYSUNOV Jasurbek	UZB	SEO Geon-woo	KOR	PTF	2:0
asian-championships-2024	Senior Men -80kg	SF	321	KHOSHRAVESH Ali	IRI	ELSHARABATY Saleh	JOR	RSC	2:2
asian-championships-2024	Senior Men -80kg	F	127	JAYSUNOV Jasurbek	UZB	KHOSHRAVESH Ali	IRI	PTF	2:0
asian-championships-2024	Senior Men +87kg	R16	110	PARK Woo hyeok	KOR	MAVLONOV Marat	UZB	PTF	2:0
asian-championships-2024	Senior Men +87kg	R16	210	WANG Yaoxi	CHN	ALENEZI Abdullah Frahan	KUW	PTF	2:0
asian-championships-2024	Senior Men +87kg	QF	118	SALIMI Arian	IRI	BAE Yoon min	KOR	PTF	2:0
asian-championships-2024	Senior Men +87kg	QF	217	PARK Woo hyeok	KOR	SONG Zhaoxiang	CHN	PTF	2:0
asian-championships-2024	Senior Men +87kg	QF	218	WANG Yaoxi	CHN	SAEED Hamzah omar	PAK	PTF	2:1
asian-championships-2024	Senior Men +87kg	QF	317	LEE Meng-en	TPE	PHAN Phu Quy	VIE	PTF	2:0
asian-championships-2024	Senior Men +87kg	SF	122	PARK Woo hyeok	KOR	LEE Meng-en	TPE	PTF	2:0
asian-championships-2024	Senior Men +87kg	SF	222	SALIMI Arian	IRI	WANG Yaoxi	CHN	PTF	2:1
asian-championships-2024	Senior Men +87kg	F	128	SALIMI Arian	IRI	PARK Woo hyeok	KOR	PTF	2:0
asian-championships-2024	Senior Women -57kg	R16	102	LIN Wei-chun	TPE	NISHIDA Mao	JPN	PTF	2:0
asian-championships-2024	Senior Women -57kg	R16	103	KIM Yu-jin	KOR	KHAN Sania	IND	PTF	2:0
asian-championships-2024	Senior Women -57kg	R16	104	AOUN Laetitia	LBN	CHAN Merica lillyn	PHI	PTF	2:0
asian-championships-2024	Senior Women -57kg	R16	202	SEVOSTYANOVA Mariya	KAZ	MAM Julie	CAM	PTF	2:1
asian-championships-2024	Senior Women -57kg	R16	203	HARNSUJIN Phannapa	THA	MAHESWARI Megawati Tamesti	INA	PTF	2:0
asian-championships-2024	Senior Women -57kg	R16	301	KHERFAN Fadia	JOR	LUO Zongshi	CHN	WDR	
asian-championships-2024	Senior Women -57kg	R16	302	TRAN Thi anh tuyet	VIE	AHMAD Shams	SYR	PTF	2:0
asian-championships-2024	Senior Women -57kg	R16	303	MIRABZALOVA Madina	UZB	SO Yuen ting	HKG	PTF	2:0
asian-championships-2024	Senior Women -57kg	QF	111	SEVOSTYANOVA Mariya	KAZ	TRAN Thi anh tuyet	VIE	PTF	2:1
asian-championships-2024	Senior Women -57kg	QF	211	KIM Yu-jin	KOR	HARNSUJIN Phannapa	THA	PTF	2:0
asian-championships-2024	Senior Women -57kg	QF	310	LIN Wei-chun	TPE	KHERFAN Fadia	JOR	PTF	2:0
asian-championships-2024	Senior Women -57kg	QF	311	AOUN Laetitia	LBN	MIRABZALOVA Madina	UZB	PTF	2:1
asian-championships-2024	Senior Women -57kg	SF	119	KIM Yu-jin	KOR	AOUN Laetitia	LBN	WDR	
asian-championships-2024	Senior Women -57kg	SF	318	SEVOSTYANOVA Mariya	KAZ	LIN Wei-chun	TPE	PTF	2:0
asian-championships-2024	Senior Women -57kg	F	123	KIM Yu-jin	KOR	SEVOSTYANOVA Mariya	KAZ	PTF	2:0
asian-championships-2024	Senior Women -67kg	R16	204	KWAK Min-Ju	KOR	VALINEJAD Yalda	IRI	PTF	2:0
asian-championships-2024	Senior Women -67kg	R16	304	CHIU Shao-hsuan	TPE	DELO Laila	PHI	PTF	2:0
asian-championships-2024	Senior Women -67kg	QF	112	KWAK Min-Ju	KOR	AL-SADEQ Julyana	JOR	PTF	2:1
asian-championships-2024	Senior Women -67kg	QF	113	CHIU Shao-hsuan	TPE	ZHANG Mengyu	CHN	PTF	2:1
asian-championships-2024	Senior Women -67kg	QF	212	BAC Thi khiem	VIE	KHUSSAINOVA Nuray	KAZ	PTF	2:0
asian-championships-2024	Senior Women -67kg	QF	312	SONG Jie	CHN	SOBIRJONOVA Ozoda	UZB	PTF	2:0
asian-championships-2024	Senior Women -67kg	SF	219	BAC Thi khiem	VIE	KWAK Min-Ju	KOR	PTF	2:0
asian-championships-2024	Senior Women -67kg	SF	319	SONG Jie	CHN	CHIU Shao-hsuan	TPE	PTF	2:1
asian-championships-2024	Senior Women -67kg	F	124	BAC Thi khiem	VIE	SONG Jie	CHN	PTF	2:1
asian-championships-2024	Senior Women +73kg	R16	105	ABDUSALOMOVA Munira	TJK	ALI Manisha	PAK	PTF	2:0
asian-championships-2024	Senior Women +73kg	R16	205	MOHAMMED Noor nazar	QAT	ELIAS Alissar	SYR	PTF	2:0
asian-championships-2024	Senior Women +73kg	QF	114	SONG Da bin	KOR	MU Wenzhe	CHN	PTF	2:0
asian-championships-2024	Senior Women +73kg	QF	213	XU Lei	CHN	ABDUSALOMOVA Munira	TJK	PTF	2:0
asian-championships-2024	Senior Women +73kg	QF	214	OSIPOVA Svetlana	UZB	MOHAMMED Noor nazar	QAT	PTF	2:0
asian-championships-2024	Senior Women +73kg	QF	313	BARUA Rodali	IND	MIRTADJIEVA Iroda	UZB	PTF	2:2
asian-championships-2024	Senior Women +73kg	SF	120	XU Lei	CHN	BARUA Rodali	IND	PTF	2:0
asian-championships-2024	Senior Women +73kg	SF	220	SONG Da bin	KOR	OSIPOVA Svetlana	UZB	PTF	2:0
asian-championships-2024	Senior Women +73kg	F	125	XU Lei	CHN	SONG Da bin	KOR	PTF	2:0
