daegu-university-festival-2026	Senior Women +67kg	F	232	NAMGUNG Seoyeon	KOR	BAC Thi khiem	VIE	PTF	2:0
austrian-open-2024	Senior Men -54kg	R32	101	VASHAHI Armin	NED	AZAOUM Souleymane	FRA	PUN	2:0
austrian-open-2024	Senior Men -54kg	R32	901	COSTARELLI Enea	ITA	KOUKOUSOUDIS Evangelos	GER	PTF	2:1
austrian-open-2024	Senior Men -54kg	R16	111	TESKERA Josip	CRO	VASHAHI Armin	NED	PTF	2:0
austrian-open-2024	Senior Men -54kg	R16	112	AULAQI Yones Darid	DEN	HAMI Muhammed	GER	PTF	2:0
austrian-open-2024	Senior Men -54kg	R16	113	TURKALJ Luka	CRO	CONGIATTU Daniel	ITA	PTF	2:0
austrian-open-2024	Senior Men -54kg	R16	114	GEORGIEV Hristiyan	BUL	SHIRZAD Nematullah	GER	PTF	2:0
austrian-open-2024	Senior Men -54kg	R16	906	CONTI Andrea	ITA	DEMENOPOULOS Frantzeskos	GRE	PTF	2:0
austrian-open-2024	Senior Men -54kg	R16	907	ALESIO CAPOLINI Mathis	FRA	KOVDRIA Kyrylo	UKR	PTF	2:1
austrian-open-2024	Senior Men -54kg	R16	908	IVKOVIC Relja	SRB	SALVATORI Mattia	ITA	PTF	2:0
austrian-open-2024	Senior Men -54kg	R16	909	SARSOZA Zack	GBR	COSTARELLI Enea	ITA	PTF	2:0
austrian-open-2024	Senior Men -54kg	QF	123	AULAQI Yones Darid	DEN	TESKERA Josip	CRO	PTF	2:0
austrian-open-2024	Senior Men -54kg	QF	124	TURKALJ Luka	CRO	GEORGIEV Hristiyan	BUL	PTF	2:1
austrian-open-2024	Senior Men -54kg	QF	926	CONTI Andrea	ITA	ALESIO CAPOLINI Mathis	FRA	PTF	2:0
austrian-open-2024	Senior Men -54kg	QF	927	IVKOVIC Relja	SRB	SARSOZA Zack	GBR	PTF	2:0
austrian-open-2024	Senior Men -54kg	SF	129	TURKALJ Luka	CRO	AULAQI Yones Darid	DEN	PTF	2:1
austrian-open-2024	Senior Men -54kg	SF	130	IVKOVIC Relja	SRB	CONTI Andrea	ITA	PTF	2:0
austrian-open-2024	Senior Men -54kg	F	133	IVKOVIC Relja	SRB	TURKALJ Luka	CRO	WDR	
austrian-open-2024	Senior Men -58kg	R32	102	TIRANVALIPOUR Hadi	RTA	MAGHRIOUE Ilias	BEL	PTF	2:0
austrian-open-2024	Senior Men -58kg	R32	103	PASHCOVSKY Tom	ISR	CATAFFO Lorenzo	ITA	PTG	2:0
austrian-open-2024	Senior Men -58kg	R32	104	MOLJ Domen	SLO	CORDIER Gabin	FRA	PTF	2:0
austrian-open-2024	Senior Men -58kg	R32	105	VLAYKOV Dimitur	BUL	ONUS Emircan	GER	PTG	2:0
austrian-open-2024	Senior Men -58kg	R32	301	FATHI Arsalaan	FRA	NEUBAUER Michael	AUT	PTF	2:0
austrian-open-2024	Senior Men -58kg	R32	302	SUSILUOTO Otto	FIN	TRIANTAFYLLOU Dimitrios	GRE	PTF	2:0
austrian-open-2024	Senior Men -58kg	R32	303	TORRE Elia	ITA	PETERSEN Felix Moon	DEN	PTF	2:1
austrian-open-2024	Senior Men -58kg	R32	304	BULATOVIC Nikolaj	SLO	MEHLMANN Daniel	GER	PTF	2:0
austrian-open-2024	Senior Men -58kg	R16	115	USCOV Serghei	MDA	TIRANVALIPOUR Hadi	RTA	PTF	2:1
austrian-open-2024	Senior Men -58kg	R16	116	PASHCOVSKY Tom	ISR	PATISHI Ori	ISR	PTF	1:0
austrian-open-2024	Senior Men -58kg	R16	117	MOLJ Domen	SLO	BELANOVIC Uros	SRB	PTF	2:1
austrian-open-2024	Senior Men -58kg	R16	118	MOLLE Milan	NED	VLAYKOV Dimitur	BUL	PTF	2:0
austrian-open-2024	Senior Men -58kg	R16	315	ALESIO Sebastien	FRA	FATHI Arsalaan	FRA	PTF	2:1
austrian-open-2024	Senior Men -58kg	R16	316	SUSILUOTO Otto	FIN	TAN Sebastian	MAS	PTF	2:0
austrian-open-2024	Senior Men -58kg	R16	317	KORNEEV Lev	SRB	TORRE Elia	ITA	PTF	2:0
austrian-open-2024	Senior Men -58kg	R16	318	ACHNINE Aymen	NED	BULATOVIC Nikolaj	SLO	PTF	2:1
austrian-open-2024	Senior Men -58kg	QF	125	USCOV Serghei	MDA	PASHCOVSKY Tom	ISR	PTF	2:0
austrian-open-2024	Senior Men -58kg	QF	126	MOLLE Milan	NED	MOLJ Domen	SLO	PTF	2:1
austrian-open-2024	Senior Men -58kg	QF	327	ALESIO Sebastien	FRA	SUSILUOTO Otto	FIN	PTF	2:1
austrian-open-2024	Senior Men -58kg	QF	328	ACHNINE Aymen	NED	KORNEEV Lev	SRB	PTF	2:1
austrian-open-2024	Senior Men -58kg	SF	131	MOLLE Milan	NED	USCOV Serghei	MDA	PTF	2:0
austrian-open-2024	Senior Men -58kg	SF	132	ALESIO Sebastien	FRA	ACHNINE Aymen	NED	PTF	2:1
austrian-open-2024	Senior Men -58kg	F	134	MOLLE Milan	NED	ALESIO Sebastien	FRA	RSC	1:0
austrian-open-2024	Senior Men -63kg	R32	106	BOURGEOIS Owen	FRA	PETRAKIS Nikolaos	GRE	PTF	2:0
austrian-open-2024	Senior Men -63kg	R32	107	CAVUSMAN Emre	GER	HARRISON Ben	GBR	PTG	2:0
austrian-open-2024	Senior Men -63kg	R32	108	CAPUANO Lorenzo	FRA	NEUBAUER Dominik	AUT	PTG	2:0
austrian-open-2024	Senior Men -63kg	R32	109	SZUKALSKI Bartosz	POL	STOJANOVIC Stefan (SRB-2850)	SRB	PTF	2:0
austrian-open-2024	Senior Men -63kg	R32	110	EL BOUJJOUFI Nasser	NED	OZKEN Alkan	GER	PTF	2:0
austrian-open-2024	Senior Men -63kg	R32	601	BIATETS Maksym	UKR	PARUZEK Krystof	CZE	PTF	2:0
austrian-open-2024	Senior Men -63kg	R32	602	DELL'AQUILA Vito	ITA	MILETIC Mateja	SRB	PTF	2:0
austrian-open-2024	Senior Men -63kg	R32	603	NAGAEV Dmitriy	ISR	ZEHETNER Felix	AUT	PTF	2:0
austrian-open-2024	Senior Men -63kg	R32	604	WOOLLEY Jack	IRL	STOJANOVIC Marko	SRB	PTF	2:0
austrian-open-2024	Senior Men -63kg	R32	605	BOUHMIDA Riad	NED	HUBERT Ilan	FRA	PTF	2:0
austrian-open-2024	Senior Men -63kg	R32	606	MYLONAS Angelos	GRE	HUSSEIN Ulat	GER	PTF	2:0
austrian-open-2024	Senior Men -63kg	R16	119	KONSTANTINIDIS Iordanis	GER	BOURGEOIS Owen	FRA	PTF	2:0
austrian-open-2024	Senior Men -63kg	R16	120	CAVUSMAN Emre	GER	CAPUANO Lorenzo	FRA	PTF	2:0
austrian-open-2024	Senior Men -63kg	R16	121	SZUKALSKI Bartosz	POL	COMPRELLE Enzo	FRA	PTF	2:1
austrian-open-2024	Senior Men -63kg	R16	122	CRESCENZI Simone	ITA	EL BOUJJOUFI Nasser	NED	WDR	1:0
austrian-open-2024	Senior Men -63kg	R16	615	JULES Nathan	FRA	BIATETS Maksym	UKR	PTF	2:1
austrian-open-2024	Senior Men -63kg	R16	616	DELL'AQUILA Vito	ITA	NAGAEV Dmitriy	ISR	PTF	2:0
austrian-open-2024	Senior Men -63kg	R16	617	BOUHMIDA Riad	NED	WOOLLEY Jack	IRL	PTF	2:0
austrian-open-2024	Senior Men -63kg	R16	618	DIMITROV Denis	BUL	MYLONAS Angelos	GRE	PTF	2:1
austrian-open-2024	Senior Men -63kg	QF	127	KONSTANTINIDIS Iordanis	GER	CAVUSMAN Emre	GER	PTF	2:0
austrian-open-2024	Senior Men -63kg	QF	128	SZUKALSKI Bartosz	POL	CRESCENZI Simone	ITA	PTF	2:0
austrian-open-2024	Senior Men -63kg	QF	627	DELL'AQUILA Vito	ITA	JULES Nathan	FRA	PTF	2:0
austrian-open-2024	Senior Men -63kg	QF	628	BOUHMIDA Riad	NED	DIMITROV Denis	BUL	RSC	2:0
austrian-open-2024	Senior Men -63kg	SF	633	KONSTANTINIDIS Iordanis	GER	SZUKALSKI Bartosz	POL	PTF	2:0
austrian-open-2024	Senior Men -63kg	SF	634	DELL'AQUILA Vito	ITA	BOUHMIDA Riad	NED	PTF	2:0
austrian-open-2024	Senior Men -63kg	F	636	DELL'AQUILA Vito	ITA	KONSTANTINIDIS Iordanis	GER	PTF	2:0
austrian-open-2024	Senior Men -68kg	R64	201	FRATTESI Alessandro	ITA	MAIER Benedikt	GER	PTF	2:0
austrian-open-2024	Senior Men -68kg	R64	202	SKJOLBERG Sebastian	NOR	POLCZYNSKI Adam	POL	PTF	2:1
austrian-open-2024	Senior Men -68kg	R64	203	MESSAHLI Mohamed	FRA	OZTURK Ceyhun	NED	PTF	2:0
austrian-open-2024	Senior Men -68kg	R64	401	GAVIN Roberto	ITA	NIITMETS Keanu	EST	PTF	2:0
austrian-open-2024	Senior Men -68kg	R64	402	VAN VULPEN Jesse	NED	SAHITI Mal	KOS	PTF	2:0
austrian-open-2024	Senior Men -68kg	R32	208	RECBER Hakan	TUR	FRATTESI Alessandro	ITA	PTF	2:0
austrian-open-2024	Senior Men -68kg	R32	209	USCIMIUK Sebastian	POL	XANTHAKOS Theofanis	GRE	PTF	2:1
austrian-open-2024	Senior Men -68kg	R32	210	DZHORDZHEV Aleksandar	BUL	NASERI Ansar	RTA	PTF	2:0
austrian-open-2024	Senior Men -68kg	R32	211	GALLAND Warrick	SUI	DUGAC Grga	CRO	PTF	2:1
austrian-open-2024	Senior Men -68kg	R32	212	KRAJISNIK Zarko	SRB	SKJOLBERG Sebastian	NOR	PTF	2:0
austrian-open-2024	Senior Men -68kg	R32	213	CHUMACHENKO Andrii	UKR	SETTA Hamad	DEN	PTF	2:0
austrian-open-2024	Senior Men -68kg	R32	214	ZISIS Polydefkis	GRE	TOFT Joel	DEN	PTF	2:1
austrian-open-2024	Senior Men -68kg	R32	215	DZHORDZHEV Mitko	BUL	MESSAHLI Mohamed	FRA	PTF	2:0
austrian-open-2024	Senior Men -68kg	R32	409	SZCZESNOWSKI Mateusz	POL	GAVIN Roberto	ITA	PTF	2:0
austrian-open-2024	Senior Men -68kg	R32	410	SPEIGHT Leo	ISL	PILAVAKIS Ioannis	CYP	PTF	2:0
austrian-open-2024	Senior Men -68kg	R32	411	OMEIRAT Mohamed	GER	KORSAK Mykhailo	UKR	PTF	2:1
austrian-open-2024	Senior Men -68kg	R32	412	GOLUBIC Marko	CRO	HYTTEL Tobias	DEN	PTF	2:1
austrian-open-2024	Senior Men -68kg	R32	413	ACHAB Jaouad	BEL	KAUDELKA Ananda Leon	GER	PTF	2:0
austrian-open-2024	Senior Men -68kg	R32	414	MIRZOIEV Simur	UKR	AVRAMOV Bozhidar	BUL	PTF	2:0
austrian-open-2024	Senior Men -68kg	R32	415	FALCO Antonio	ITA	MANDIC Milos	SRB	PTF	2:0
austrian-open-2024	Senior Men -68kg	R32	416	JORGENSEN Otto	DEN	VAN VULPEN Jesse	NED	PTF	2:0
austrian-open-2024	Senior Men -68kg	R16	220	RECBER Hakan	TUR	USCIMIUK Sebastian	POL	PTF	2:0
austrian-open-2024	Senior Men -68kg	R16	221	DZHORDZHEV Aleksandar	BUL	GALLAND Warrick	SUI	PTF	2:0
austrian-open-2024	Senior Men -68kg	R16	222	KRAJISNIK Zarko	SRB	CHUMACHENKO Andrii	UKR	PTF	2:0
austrian-open-2024	Senior Men -68kg	R16	223	DZHORDZHEV Mitko	BUL	ZISIS Polydefkis	GRE	PTF	2:0
austrian-open-2024	Senior Men -68kg	R16	421	SZCZESNOWSKI Mateusz	POL	SPEIGHT Leo	ISL	PTF	2:1
austrian-open-2024	Senior Men -68kg	R16	422	GOLUBIC Marko	CRO	OMEIRAT Mohamed	GER	PTF	2:0
austrian-open-2024	Senior Men -68kg	R16	423	MIRZOIEV Simur	UKR	ACHAB Jaouad	BEL	PTF	2:0
austrian-open-2024	Senior Men -68kg	R16	424	JORGENSEN Otto	DEN	FALCO Antonio	ITA	PTF	2:1
austrian-open-2024	Senior Men -68kg	QF	226	DZHORDZHEV Aleksandar	BUL	RECBER Hakan	TUR	PTF	2:1
austrian-open-2024	Senior Men -68kg	QF	227	KRAJISNIK Zarko	SRB	DZHORDZHEV Mitko	BUL	PTF	2:0
austrian-open-2024	Senior Men -68kg	QF	427	GOLUBIC Marko	CRO	SZCZESNOWSKI Mateusz	POL	PTF	2:0
austrian-open-2024	Senior Men -68kg	QF	428	MIRZOIEV Simur	UKR	JORGENSEN Otto	DEN	PTF	2:1
austrian-open-2024	Senior Men -68kg	SF	229	DZHORDZHEV Aleksandar	BUL	KRAJISNIK Zarko	SRB	PTF	2:0
austrian-open-2024	Senior Men -68kg	SF	230	GOLUBIC Marko	CRO	MIRZOIEV Simur	UKR	PTF	2:0
austrian-open-2024	Senior Men -68kg	F	232	GOLUBIC Marko	CRO	DZHORDZHEV Aleksandar	BUL	PTF	2:0
austrian-open-2024	Senior Men -74kg	R32	305	NESOVIC Vukasin	SRB	RAMADAN Judi	AUT	PTF	2:0
austrian-open-2024	Senior Men -74kg	R32	306	GUMUS Kaan	GER	FUGAZZOTTO Michele	ITA	PTF	2:0
austrian-open-2024	Senior Men -74kg	R32	307	BECOVIC Zinedin	MNE	CREP Matija	CRO	PTF	2:1
austrian-open-2024	Senior Men -74kg	R32	308	SULEAC Dmitrii	MDA	MUSIC Muris	GER	PTF	2:0
austrian-open-2024	Senior Men -74kg	R32	309	MANGIONE Angelo	ITA	AALIOUI Moussa	FRA	PTF	2:0
austrian-open-2024	Senior Men -74kg	R32	310	CHERIET Naoufel	GER	AGUSHI Elion	KOS	DSQ	1:0
austrian-open-2024	Senior Men -74kg	R32	311	CHUMACHENKO Oleksandr	UKR	LAWSON Matheo	SWE	PTF	2:0
austrian-open-2024	Senior Men -74kg	R32	403	NESHYBA Tomas	CZE	EL HAJ KHALIL Mohamad	GER	PTF	2:0
austrian-open-2024	Senior Men -74kg	R32	404	GLASNOVIC Leon	CRO	GASHI Jon	KOS	PTF	2:0
austrian-open-2024	Senior Men -74kg	R32	405	KASIDIARIS Grigoriospanagiotis	GRE	SPICK Maximilian	GER	RSC	
austrian-open-2024	Senior Men -74kg	R32	406	DOYLE Ryan	IRL	CASSATA Alex	ITA	PTF	2:0
austrian-open-2024	Senior Men -74kg	R32	407	HRGOTA Leon	CRO	PETROVIC Vojislav	AUT	PTF	2:0
austrian-open-2024	Senior Men -74kg	R32	408	BALAKA Artem	UKR	AKOUN Paul Antoine	GER	PTF	2:0
austrian-open-2024	Senior Men -74kg	R16	319	KOVACIC Lin	SLO	NESOVIC Vukasin	SRB	RSC	1:0
austrian-open-2024	Senior Men -74kg	R16	320	BECOVIC Zinedin	MNE	GUMUS Kaan	GER	PTF	2:0
austrian-open-2024	Senior Men -74kg	R16	321	MANGIONE Angelo	ITA	SULEAC Dmitrii	MDA	PTF	2:1
austrian-open-2024	Senior Men -74kg	R16	322	CHUMACHENKO Oleksandr	UKR	CHERIET Naoufel	GER	PTF	2:0
austrian-open-2024	Senior Men -74kg	R16	417	NSILU DILANDU Leroy	IRL	NESHYBA Tomas	CZE	PTF	2:1
austrian-open-2024	Senior Men -74kg	R16	418	GLASNOVIC Leon	CRO	KASIDIARIS Grigoriospanagiotis	GRE	PTF	2:1
austrian-open-2024	Senior Men -74kg	R16	419	HRGOTA Leon	CRO	DOYLE Ryan	IRL	PTF	2:0
austrian-open-2024	Senior Men -74kg	R16	420	BALAKA Artem	UKR	ACHAB Badr	BEL	PTF	2:0
austrian-open-2024	Senior Men -74kg	QF	329	KOVACIC Lin	SLO	BECOVIC Zinedin	MNE	PTF	2:0
austrian-open-2024	Senior Men -74kg	QF	425	GLASNOVIC Leon	CRO	NSILU DILANDU Leroy	IRL	PTF	2:0
austrian-open-2024	Senior Men -74kg	QF	426	HRGOTA Leon	CRO	BALAKA Artem	UKR	RSC	1:0
austrian-open-2024	Senior Men -74kg	QF	430	CHUMACHENKO Oleksandr	UKR	MANGIONE Angelo	ITA	PTF	2:0
austrian-open-2024	Senior Men -74kg	SF	429	HRGOTA Leon	CRO	GLASNOVIC Leon	CRO	PTF	2:1
austrian-open-2024	Senior Men -74kg	SF	432	KOVACIC Lin	SLO	CHUMACHENKO Oleksandr	UKR	RSC	
austrian-open-2024	Senior Men -74kg	F	434	KOVACIC Lin	SLO	HRGOTA Leon	CRO	PTF	2:0
austrian-open-2024	Senior Men -80kg	R32	501	TRAJKOVIC Ivan Konrad	SLO	HOERMANN Vincent	GER	PTF	2:0
austrian-open-2024	Senior Men -80kg	R32	502	GONZALEZ Alejandro	HUN	HEHENBERGER Manuel	AUT	PTF	2:0
austrian-open-2024	Senior Men -80kg	R32	503	MEHDIPOURNEJAD Kasra	GER	KOVAC Ante	CRO	PTF	2:0
austrian-open-2024	Senior Men -80kg	R32	504	MENDY Mohamed	FRA	AKBABAOZ Muhammed Buğrahan	FIN	PTF	2:0
austrian-open-2024	Senior Men -80kg	R32	505	KRPAN Vito	CRO	MINGUEZ Kevin	FRA	PTF	2:0
austrian-open-2024	Senior Men -80kg	R32	701	JOCHMAN Adam	CZE	WEIDUM Dion	NED	RSC	2:0
austrian-open-2024	Senior Men -80kg	R32	702	FERREIRA Julio	POR	TRIEBEL Robert	GER	PTF	2:0
austrian-open-2024	Senior Men -80kg	R32	703	PIATKOWSKI Szymon	POL	PICHLER Florian	AUT	PTF	2:0
austrian-open-2024	Senior Men -80kg	R32	704	TAKOV Stefan	SRB	PRIMORAC Dennis	AUT	PTF	2:0
austrian-open-2024	Senior Men -80kg	R32	705	HURNOV Kyrylo	UKR	LUDWIG Albert	CZE	RSC	
austrian-open-2024	Senior Men -80kg	R16	514	ALESSIO Simone	ITA	TRAJKOVIC Ivan Konrad	SLO	PTF	2:1
austrian-open-2024	Senior Men -80kg	R16	515	MEHDIPOURNEJAD Kasra	GER	GONZALEZ Alejandro	HUN	PTF	2:0
austrian-open-2024	Senior Men -80kg	R16	516	RADOJKOVIC Aleksandar	AUT	MENDY Mohamed	FRA	PTF	2:1
austrian-open-2024	Senior Men -80kg	R16	517	HRNIC Edi	DEN	KRPAN Vito	CRO	PTF	2:0
austrian-open-2024	Senior Men -80kg	R16	708	KANAET Toni	CRO	JOCHMAN Adam	CZE	PTF	2:0
austrian-open-2024	Senior Men -80kg	R16	709	FERREIRA Julio	POR	KOSTENEVYCH Kostiantyn	UKR	PTF	2:0
austrian-open-2024	Senior Men -80kg	R16	710	PIATKOWSKI Szymon	POL	TAKOV Stefan	SRB	PTF	2:0
austrian-open-2024	Senior Men -80kg	R16	711	NICKOLAS CJ	USA	HURNOV Kyrylo	UKR	PTF	2:0
austrian-open-2024	Senior Men -80kg	QF	526	ALESSIO Simone	ITA	MEHDIPOURNEJAD Kasra	GER	PTF	2:0
austrian-open-2024	Senior Men -80kg	QF	527	HRNIC Edi	DEN	RADOJKOVIC Aleksandar	AUT	PTF	2:0
austrian-open-2024	Senior Men -80kg	QF	728	KANAET Toni	CRO	FERREIRA Julio	POR	PTF	2:0
austrian-open-2024	Senior Men -80kg	QF	729	NICKOLAS CJ	USA	PIATKOWSKI Szymon	POL	PTF	2:0
austrian-open-2024	Senior Men -80kg	SF	532	ALESSIO Simone	ITA	HRNIC Edi	DEN	PTF	2:1
austrian-open-2024	Senior Men -80kg	SF	533	NICKOLAS CJ	USA	KANAET Toni	CRO	PTF	2:0
austrian-open-2024	Senior Men -80kg	F	535	ALESSIO Simone	ITA	NICKOLAS CJ	USA	PTF	2:0
austrian-open-2024	Senior Men -87kg	R16	607	HASSAN Camran	GBR	OVONO Davy	FRA	PTF	2:1
austrian-open-2024	Senior Men -87kg	R16	608	AMER ALI Hassan	DEN	RADAKOVIĆ Ognjen	SRB	PTF	2:0
austrian-open-2024	Senior Men -87kg	R16	609	BAILEY Kelen	HUN	SOCHA Jakub	POL	PTF	2:0
austrian-open-2024	Senior Men -87kg	R16	610	WOJTKOWIAK Adrian	POL	MEHNANA Nahil	FRA	PTF	2:0
austrian-open-2024	Senior Men -87kg	R16	611	AJDUKOVIC Dimitrije	SRB	GREUE Marvin	GER	WDR	1:0
austrian-open-2024	Senior Men -87kg	R16	612	JURGENS Joshua Noel	GER	STOJANOVIC Stefan	SRB	PTF	2:0
austrian-open-2024	Senior Men -87kg	QF	623	HARBAR Artem	UKR	HASSAN Camran	GBR	PTF	2:0
austrian-open-2024	Senior Men -87kg	QF	624	BAILEY Kelen	HUN	AMER ALI Hassan	DEN	PTF	2:1
austrian-open-2024	Senior Men -87kg	QF	625	WOJTKOWIAK Adrian	POL	AJDUKOVIC Dimitrije	SRB	PTF	2:0
austrian-open-2024	Senior Men -87kg	QF	626	BILIC PAVLINOVIC Josip	CRO	JURGENS Joshua Noel	GER	PTF	2:0
austrian-open-2024	Senior Men -87kg	SF	533.1	WOJTKOWIAK Adrian	POL	BILIC PAVLINOVIC Josip	CRO	PTF	2:0
austrian-open-2024	Senior Men -87kg	SF	631	HARBAR Artem	UKR	BAILEY Kelen	HUN	PTF	2:0
austrian-open-2024	Senior Men -87kg	F	635	HARBAR Artem	UKR	WOJTKOWIAK Adrian	POL	PTF	2:0
austrian-open-2024	Senior Men +87kg	R16	506	ANDREOU Petros	CYP	SCHADLICH Philipp	AUT	RSC	1:0
austrian-open-2024	Senior Men +87kg	R16	507	FILIPPOV Aleksandr	ISR	LANGER Marek	GER	PTF	2:0
austrian-open-2024	Senior Men +87kg	R16	508	DIVKOVIC Patrik	SLO	AYHAN Semih	GER	RSC	1:0
austrian-open-2024	Senior Men +87kg	R16	509	SZAFERSKI Mikolaj	POL	SAIDI Isa	AUT	PTF	2:0
austrian-open-2024	Senior Men +87kg	R16	510	KUECUEKSUNGUR Kerim	GER	MOLIN Mattia	ITA	WDR	
austrian-open-2024	Senior Men +87kg	R16	511	SECIC Edijan	CRO	POPOV Theodoros	CYP	PTF	2:0
austrian-open-2024	Senior Men +87kg	R16	512	HARBAR Andrii	UKR	HUN Inan	GER	PTF	2:0
austrian-open-2024	Senior Men +87kg	QF	522	ATESLI Emre Kutalmis	TUR	ANDREOU Petros	CYP	PTF	2:0
austrian-open-2024	Senior Men +87kg	QF	523	FILIPPOV Aleksandr	ISR	DIVKOVIC Patrik	SLO	PTF	2:1
austrian-open-2024	Senior Men +87kg	QF	524	SZAFERSKI Mikolaj	POL	KUECUEKSUNGUR Kerim	GER	PTF	2:0
austrian-open-2024	Senior Men +87kg	QF	525	SECIC Edijan	CRO	HARBAR Andrii	UKR	PTF	2:1
austrian-open-2024	Senior Men +87kg	SF	530	ATESLI Emre Kutalmis	TUR	FILIPPOV Aleksandr	ISR	PTF	2:0
austrian-open-2024	Senior Men +87kg	SF	531	SZAFERSKI Mikolaj	POL	SECIC Edijan	CRO	PTF	2:1
austrian-open-2024	Senior Men +87kg	F	534	ATESLI Emre Kutalmis	TUR	SZAFERSKI Mikolaj	POL	PTF	2:0
austrian-open-2024	Senior Women -46kg	R32	312	RAMO Jenna	FIN	KODAMAN Helin	GER	WDR	
austrian-open-2024	Senior Women -46kg	R32	313	OZKEN Aleyna	GER	AMMARI Hadjar	FRA	PTF	2:0
austrian-open-2024	Senior Women -46kg	R32	314	WROBEL Michalina	POL	MASSOMI Zahra	GER	PTF	2:0
austrian-open-2024	Senior Women -46kg	R32	613	ETTELBRUCK Lilly	GER	TAMMILA Ada-Emilia	FIN	WDR	
austrian-open-2024	Senior Women -46kg	R32	614	GEORGIOU Melina	GRE	ATTOUT Lhena	FRA	PTF	2:0
austrian-open-2024	Senior Women -46kg	R16	323	BAYECH Rivka	ISR	RAMO Jenna	FIN	PTF	2:1
austrian-open-2024	Senior Women -46kg	R16	324	HOUSNI Manal	NED	MUSTAPHA Hajer	FRA	PTF	2:0
austrian-open-2024	Senior Women -46kg	R16	325	CSAKI Hanna	HUN	OZKEN Aleyna	GER	PTF	2:1
austrian-open-2024	Senior Women -46kg	R16	326	WROBEL Michalina	POL	NAHURNA Viktoriia	UKR	PTF	2:0
austrian-open-2024	Senior Women -46kg	R16	619	GAYE Serrah	FRA	ETTELBRUCK Lilly	GER	PTF	2:0
austrian-open-2024	Senior Women -46kg	R16	620	BERTAGNIN Elisa	ITA	KARAOGLAN Medine	GER	PTF	2:0
austrian-open-2024	Senior Women -46kg	R16	621	UZUN Sarah	NED	ARAYAN Nur	GER	PTF	2:0
austrian-open-2024	Senior Women -46kg	R16	622	GEORGIOU Melina	GRE	TAMMILA Ida-Elina	FIN	PTF	2:0
austrian-open-2024	Senior Women -46kg	QF	331	BAYECH Rivka	ISR	HOUSNI Manal	NED	PTF	2:0
austrian-open-2024	Senior Women -46kg	QF	332	WROBEL Michalina	POL	CSAKI Hanna	HUN	PTF	2:0
austrian-open-2024	Senior Women -46kg	QF	629	BERTAGNIN Elisa	ITA	GAYE Serrah	FRA	PTF	2:1
austrian-open-2024	Senior Women -46kg	QF	630	GEORGIOU Melina	GRE	UZUN Sarah	NED	PTF	2:0
austrian-open-2024	Senior Women -46kg	SF	333	GEORGIOU Melina	GRE	BERTAGNIN Elisa	ITA	PTF	2:0
austrian-open-2024	Senior Women -46kg	SF	334	BAYECH Rivka	ISR	WROBEL Michalina	POL	PTF	2:0
austrian-open-2024	Senior Women -46kg	F	336	BAYECH Rivka	ISR	GEORGIOU Melina	GRE	PTF	2:0
austrian-open-2024	Senior Women -49kg	R32	1001	MATONTI Ilenia Elisabetta	ITA	GUREL Irem Elvida	GER	PTF	2:0
austrian-open-2024	Senior Women -49kg	R16	1010	DUVANCIC Bruna	CRO	MATONTI Ilenia Elisabetta	ITA	PTF	2:1
austrian-open-2024	Senior Women -49kg	R16	1011	ZAMPETTI Sofia	ITA	BRYHIDA Erika	UKR	PTF	2:0
austrian-open-2024	Senior Women -49kg	R16	1012	GEORGIEVA Aleksandra	BUL	GOLES Petra	CRO	PTF	2:0
austrian-open-2024	Senior Women -49kg	R16	1013	CORELLI Martina	ITA	ABEDALSALAM Mariam	DEN	PTF	2:0
austrian-open-2024	Senior Women -49kg	R16	1014	STOJKOVIC Lena	CRO	BADIOLI Elisabetta	ITA	PTF	2:0
austrian-open-2024	Senior Women -49kg	R16	1015	CASTILLO Jade Theresa	DEN	BUTTARELLI Aurelie	FRA	PTF	2:0
austrian-open-2024	Senior Women -49kg	R16	1016	AL HALWANI Sarah	ITA	SARGANTANI Charikleia	GRE	PTF	2:0
austrian-open-2024	Senior Women -49kg	R16	1017	KISSKALT Supharada	GER	KRAJIC Teodora	AUT	WDR	
austrian-open-2024	Senior Women -49kg	QF	1026	DUVANCIC Bruna	CRO	ZAMPETTI Sofia	ITA	PTF	2:0
austrian-open-2024	Senior Women -49kg	QF	1027	GEORGIEVA Aleksandra	BUL	CORELLI Martina	ITA	PTF	2:1
austrian-open-2024	Senior Women -49kg	QF	1028	STOJKOVIC Lena	CRO	CASTILLO Jade Theresa	DEN	PTF	2:0
austrian-open-2024	Senior Women -49kg	QF	1029	KISSKALT Supharada	GER	AL HALWANI Sarah	ITA	PTF	2:0
austrian-open-2024	Senior Women -49kg	SF	834	STOJKOVIC Lena	CRO	KISSKALT Supharada	GER	PTF	2:1
austrian-open-2024	Senior Women -49kg	SF	1034	GEORGIEVA Aleksandra	BUL	DUVANCIC Bruna	CRO	PTF	2:0
austrian-open-2024	Senior Women -49kg	F	1038	STOJKOVIC Lena	CRO	GEORGIEVA Aleksandra	BUL	PTF	2:0
austrian-open-2024	Senior Women -53kg	R32	204	ROMANENKO Mariia	UKR	BURUSIC Andjela	SRB	PTF	2:1
austrian-open-2024	Senior Women -53kg	R32	205	PAPPA Christina	GRE	DUCOS Iris	FRA	PTF	2:1
austrian-open-2024	Senior Women -53kg	R32	206	HOY Lily	GBR	SCARABELLO Martina	ITA	PTF	2:1
austrian-open-2024	Senior Women -53kg	R32	207	DE FAZIO Ioanna	GRE	RIBITSCH Viktoria	GER	PTF	2:1
austrian-open-2024	Senior Women -53kg	R32	902	PFAFF Marbele	GER	SYLTHE Therese	NOR	PTF	2:0
austrian-open-2024	Senior Women -53kg	R32	903	HEBBAR Nisrin	FRA	SEGREDAKI Elpida Evangelia	GRE	PTF	2:0
austrian-open-2024	Senior Women -53kg	R32	904	TUKIC Mia	CRO	CUMUR Azra	GER	PTF	2:0
austrian-open-2024	Senior Women -53kg	R32	905	AYDEMIR Nurselin	GER	MLINARIC Tia	GBR	PTF	2:0
austrian-open-2024	Senior Women -53kg	R16	216	FOLGMANN Madeline	GER	ROMANENKO Mariia	UKR	WDR	
austrian-open-2024	Senior Women -53kg	R16	217	MOUCH Sara	NED	PAPPA Christina	GRE	PTF	2:0
austrian-open-2024	Senior Women -53kg	R16	218	ASIMI Adiba	GER	HOY Lily	GBR	PTF	2:0
austrian-open-2024	Senior Women -53kg	R16	219	BOKAN Andrea	SRB	DE FAZIO Ioanna	GRE	PTF	2:1
austrian-open-2024	Senior Women -53kg	R16	910	LYNGBAEK Louise	DEN	PFAFF Marbele	GER	PTF	2:0
austrian-open-2024	Senior Women -53kg	R16	911	MAYER Leonie	GER	HEBBAR Nisrin	FRA	PTF	2:0
austrian-open-2024	Senior Women -53kg	R16	912	TUKIC Mia	CRO	STANKOVIC Vanja	SRB	PTF	2:0
austrian-open-2024	Senior Women -53kg	R16	913	SEMBERG Abishag	ISR	AYDEMIR Nurselin	GER	PTF	2:0
austrian-open-2024	Senior Women -53kg	QF	224	FOLGMANN Madeline	GER	MOUCH Sara	NED	PTF	2:0
austrian-open-2024	Senior Women -53kg	QF	225	ASIMI Adiba	GER	BOKAN Andrea	SRB	PTF	2:1
austrian-open-2024	Senior Women -53kg	QF	928	MAYER Leonie	GER	LYNGBAEK Louise	DEN	PTF	2:1
austrian-open-2024	Senior Women -53kg	QF	929	SEMBERG Abishag	ISR	TUKIC Mia	CRO	PTF	2:1
austrian-open-2024	Senior Women -53kg	SF	228	FOLGMANN Madeline	GER	ASIMI Adiba	GER	PTF	2:0
austrian-open-2024	Senior Women -53kg	SF	231	SEMBERG Abishag	ISR	MAYER Leonie	GER	PTF	2:0
austrian-open-2024	Senior Women -53kg	F	233	SEMBERG Abishag	ISR	FOLGMANN Madeline	GER	PTF	2:0
austrian-open-2024	Senior Women -57kg	R64	706	GEORGIOU Angeliki	GRE	SPILLMANN Sarah	GER	PTF	2:0
austrian-open-2024	Senior Women -57kg	R64	801	RYAN Niamh	GBR	CHARALAMBOUS Ioanna	CYP	PTF	2:1
austrian-open-2024	Senior Women -57kg	R64	802	KARIMI Nuria	SLO	PRYSTUPA-DAVIES Anna	GBR	PTF	2:0
austrian-open-2024	Senior Women -57kg	R32	712	MARTON Luana	HUN	GEORGIOU Angeliki	GRE	PTF	2:0
austrian-open-2024	Senior Women -57kg	R32	713	VUKIC Margarita	CRO	KOSTENEVYCH Darya	UKR	PTF	2:1
austrian-open-2024	Senior Women -57kg	R32	714	CUNHA Joana	POR	CANCELLIERI Giorgia	ITA	PTF	2:0
austrian-open-2024	Senior Women -57kg	R32	715	KARABATIC Nika	CRO	GUAITA Greta	ITA	RSC	
austrian-open-2024	Senior Women -57kg	R32	716	AL HALWANI Giada	ITA	LELANDAIS Oceane	FRA	PTF	2:0
austrian-open-2024	Senior Women -57kg	R32	717	HRONOVA Dominika	CZE	MILIC Nikolina	SRB	PTF	2:0
austrian-open-2024	Senior Women -57kg	R32	718	AL HALWANI Elisa	ITA	WOLF Jessica	GER	PTF	2:0
austrian-open-2024	Senior Women -57kg	R32	719	ASEMANI Raheleh	BEL	GUSTAFSSON Ada	FIN	PTF	2:0
austrian-open-2024	Senior Women -57kg	R32	804	KALTEKI Faidra	GRE	RYAN Niamh	GBR	PTF	2:0
austrian-open-2024	Senior Women -57kg	R32	805	MURIU Mary	KEN	STEINKUHLER Frieda	GER	PTF	2:0
austrian-open-2024	Senior Women -57kg	R32	806	HARKONEN Helmi	FIN	MAHNU Mariam	DEN	PTF	2:1
austrian-open-2024	Senior Women -57kg	R32	807	SCHOENMAKERS Bodine	NED	KOSTADINOVA Mihaela	BUL	PTF	2:1
austrian-open-2024	Senior Women -57kg	R32	808	KINDL Melanie	AUT	STEVIC Kristina	SRB	PTF	2:0
austrian-open-2024	Senior Women -57kg	R32	809	MAKRYGIANNI Athina	GRE	AGAOU Khalissa	FRA	PTF	2:0
austrian-open-2024	Senior Women -57kg	R32	810	LAGER Biana	ISR	HAMIDI Marzieh	FRA	RSC	2:0
austrian-open-2024	Senior Women -57kg	R32	811	ADAMKIEWICZ Patrycja	POL	KARIMI Nuria	SLO	PTF	2:0
austrian-open-2024	Senior Women -57kg	R16	724	MARTON Luana	HUN	VUKIC Margarita	CRO	PTF	2:0
austrian-open-2024	Senior Women -57kg	R16	725	KARABATIC Nika	CRO	CUNHA Joana	POR	PTF	2:0
austrian-open-2024	Senior Women -57kg	R16	726	AL HALWANI Giada	ITA	HRONOVA Dominika	CZE	PTF	2:1
austrian-open-2024	Senior Women -57kg	R16	727	ASEMANI Raheleh	BEL	AL HALWANI Elisa	ITA	PTF	2:0
austrian-open-2024	Senior Women -57kg	R16	820	KALTEKI Faidra	GRE	MURIU Mary	KEN	PTF	2:0
austrian-open-2024	Senior Women -57kg	R16	821	SCHOENMAKERS Bodine	NED	HARKONEN Helmi	FIN	PTF	2:0
austrian-open-2024	Senior Women -57kg	R16	822	MAKRYGIANNI Athina	GRE	KINDL Melanie	AUT	PTF	2:1
austrian-open-2024	Senior Women -57kg	R16	823	ADAMKIEWICZ Patrycja	POL	LAGER Biana	ISR	PTF	2:0
austrian-open-2024	Senior Women -57kg	QF	732	MARTON Luana	HUN	KARABATIC Nika	CRO	PTF	2:1
austrian-open-2024	Senior Women -57kg	QF	733	AL HALWANI Giada	ITA	ASEMANI Raheleh	BEL	PTF	2:0
austrian-open-2024	Senior Women -57kg	QF	828	KALTEKI Faidra	GRE	SCHOENMAKERS Bodine	NED	PTF	2:1
austrian-open-2024	Senior Women -57kg	QF	829	ADAMKIEWICZ Patrycja	POL	MAKRYGIANNI Athina	GRE	PTF	2:1
austrian-open-2024	Senior Women -57kg	SF	832	KALTEKI Faidra	GRE	ADAMKIEWICZ Patrycja	POL	PTF	2:1
austrian-open-2024	Senior Women -57kg	SF	835	MARTON Luana	HUN	AL HALWANI Giada	ITA	PTF	2:0
austrian-open-2024	Senior Women -57kg	F	837	MARTON Luana	HUN	KALTEKI Faidra	GRE	PTF	2:0
austrian-open-2024	Senior Women -62kg	R64	803	KETTEL Edda	GER	FOURNIER Alexane	FRA	PTF	2:0
austrian-open-2024	Senior Women -62kg	R32	812	SAVKOVIC Nadja	SRB	KETTEL Edda	GER	PTF	2:0
austrian-open-2024	Senior Women -62kg	R32	813	SPEHAR Lea	CRO	CHRISTOU Eftichia	CYP	PTF	2:0
austrian-open-2024	Senior Women -62kg	R32	814	GOEBEL Laura	GER	HOUSNI Maha	NED	PTF	2:0
austrian-open-2024	Senior Women -62kg	R32	815	ATANASOVA Martina	BUL	GASHI Rona	KOS	RSC	1:0
austrian-open-2024	Senior Women -62kg	R32	816	DUMINA Mariia	UKR	GASPA Cristina	ITA	SUP	1:0
austrian-open-2024	Senior Women -62kg	R32	817	REZAIE Roja	GER	FLEGROVA Hana	CZE	PTF	2:0
austrian-open-2024	Senior Women -62kg	R32	818	SANDS Ella	GBR	RAAGMETS Carmen	EST	PTF	2:0
austrian-open-2024	Senior Women -62kg	R32	819	ALIZADEH ZENOZI Kimia	RTA	LEITNER Phoebe-Joliene	GER	PTF	2:0
austrian-open-2024	Senior Women -62kg	R32	914	ARELIC Ivana	CRO	PATAKFALVY Luca	HUN	PTF	2:1
austrian-open-2024	Senior Women -62kg	R32	915	KREUZER Kim Vivian	GER	VASILIADOU Eleni	CYP	PTF	2:0
austrian-open-2024	Senior Women -62kg	R32	916	LABUZOVA Mariia	UKR	AMMOUR Nouhaila	ITA	PTF	2:0
austrian-open-2024	Senior Women -62kg	R32	917	MINA Mell	ECU	LANGOUSTE-ASSOUMAYA Lyhana	FRA	PTF	2:0
austrian-open-2024	Senior Women -62kg	R32	918	MAXIC Ela	SRB	SZPAK Julia	POL	PTF	2:1
austrian-open-2024	Senior Women -62kg	R32	919	STAMOU Daphne	GRE	BECK Antonia	GER	PTF	2:0
austrian-open-2024	Senior Women -62kg	R32	920	KRIATSIOTI Anna Maria	GRE	TRAVERSI Valentina	ITA	PTF	2:0
austrian-open-2024	Senior Women -62kg	R32	921	FROEMMING Anna-Lena	GER	ANDRIC Andjela	AUT	PTF	2:0
austrian-open-2024	Senior Women -62kg	R16	824	SAVKOVIC Nadja	SRB	SPEHAR Lea	CRO	PTF	2:0
austrian-open-2024	Senior Women -62kg	R16	825	ATANASOVA Martina	BUL	GOEBEL Laura	GER	PTF	2:0
austrian-open-2024	Senior Women -62kg	R16	826	REZAIE Roja	GER	DUMINA Mariia	UKR	PTF	2:1
austrian-open-2024	Senior Women -62kg	R16	827	ALIZADEH ZENOZI Kimia	RTA	SANDS Ella	GBR	PTF	2:0
austrian-open-2024	Senior Women -62kg	R16	922	ARELIC Ivana	CRO	KREUZER Kim Vivian	GER	PTF	2:0
austrian-open-2024	Senior Women -62kg	R16	923	MINA Mell	ECU	LABUZOVA Mariia	UKR	PTF	2:0
austrian-open-2024	Senior Women -62kg	R16	924	MAXIC Ela	SRB	STAMOU Daphne	GRE	PTF	2:0
austrian-open-2024	Senior Women -62kg	R16	925	FROEMMING Anna-Lena	GER	KRIATSIOTI Anna Maria	GRE	PTF	2:0
austrian-open-2024	Senior Women -62kg	QF	830	SAVKOVIC Nadja	SRB	ATANASOVA Martina	BUL	PTF	2:0
austrian-open-2024	Senior Women -62kg	QF	831	ALIZADEH ZENOZI Kimia	RTA	REZAIE Roja	GER	PTF	2:0
austrian-open-2024	Senior Women -62kg	QF	930	ARELIC Ivana	CRO	MINA Mell	ECU	PTF	2:0
austrian-open-2024	Senior Women -62kg	QF	931	MAXIC Ela	SRB	FROEMMING Anna-Lena	GER	PTF	2:1
austrian-open-2024	Senior Women -62kg	SF	435	ALIZADEH ZENOZI Kimia	RTA	SAVKOVIC Nadja	SRB	PTF	2:1
austrian-open-2024	Senior Women -62kg	SF	934	MAXIC Ela	SRB	ARELIC Ivana	CRO	PTF	2:0
austrian-open-2024	Senior Women -62kg	F	936	MAXIC Ela	SRB	ALIZADEH ZENOZI Kimia	RTA	WDR	
austrian-open-2024	Senior Women -67kg	R32	513	SCHWENTNER Eva	AUT	FUERLER Laura	ITA	PTF	2:1
austrian-open-2024	Senior Women -67kg	R32	707	HOERMANN Emily	GER	HACKSTEINER Sandra	AUT	PTF	2:1
austrian-open-2024	Senior Women -67kg	R16	518	CASTRO BURGOS Cecilia	ESP	SCHWENTNER Eva	AUT	PTF	2:0
austrian-open-2024	Senior Women -67kg	R16	519	SARVANAKI Theopoula	GRE	KOWALKOWSKA Justyna	POL	PTF	2:1
austrian-open-2024	Senior Women -67kg	R16	520	STOLBOVA Petra	CZE	SEELE Lisa-Marie	GER	PTF	2:0
austrian-open-2024	Senior Women -67kg	R16	521	TEACHOUT Kristina	USA	VALENTINO Viviana	GER	PTF	2:0
austrian-open-2024	Senior Women -67kg	R16	720	D'ANGELO Natalia	ITA	OREC Ariana	CRO	RSC	
austrian-open-2024	Senior Women -67kg	R16	721	MINK Amy	NED	YOUKOUBOVA Karina	FRA	PTF	2:0
austrian-open-2024	Senior Women -67kg	R16	722	POLE Doris	CRO	MARTON Viviana	HUN	PTF	2:1
austrian-open-2024	Senior Women -67kg	R16	723	JELIC Matea	CRO	HOERMANN Emily	GER	PTF	2:0
austrian-open-2024	Senior Women -67kg	QF	528	CASTRO BURGOS Cecilia	ESP	SARVANAKI Theopoula	GRE	RSC	1:0
austrian-open-2024	Senior Women -67kg	QF	529	TEACHOUT Kristina	USA	STOLBOVA Petra	CZE	WDR	1:0
austrian-open-2024	Senior Women -67kg	QF	730	D'ANGELO Natalia	ITA	MINK Amy	NED	PTF	2:0
austrian-open-2024	Senior Women -67kg	QF	731	POLE Doris	CRO	JELIC Matea	CRO	PTF	2:0
austrian-open-2024	Senior Women -67kg	SF	734	CASTRO BURGOS Cecilia	ESP	TEACHOUT Kristina	USA	PTF	2:0
austrian-open-2024	Senior Women -67kg	SF	735	POLE Doris	CRO	D'ANGELO Natalia	ITA	RSC	1:0
austrian-open-2024	Senior Women -67kg	F	737	POLE Doris	CRO	CASTRO BURGOS Cecilia	ESP	RSC	
austrian-open-2024	Senior Women -73kg	R16	1002	PODOLIAN Renata	UKR	KOLOVRAT Matea	CRO	PTF	2:0
austrian-open-2024	Senior Women -73kg	R16	1003	HUSOVIC Darija	GER	LJUBINKOVIC Anastasija	SLO	PTF	2:1
austrian-open-2024	Senior Women -73kg	R16	1004	DIAKITE Bintou	FRA	Vuletić Tea	CRO	PTF	2:0
austrian-open-2024	Senior Women -73kg	R16	1005	JIRANKOVA Iveta	CZE	PAUNOVIC Andrea	SRB	PTF	2:1
austrian-open-2024	Senior Women -73kg	R16	1006	NOWAK Julia	POL	JIRKA Kathrin	AUT	PTF	2:0
austrian-open-2024	Senior Women -73kg	QF	1018	SCHNEIDER Yanna	GER	PODOLIAN Renata	UKR	PTF	2:0
austrian-open-2024	Senior Women -73kg	QF	1019	DIAKITE Bintou	FRA	HUSOVIC Darija	GER	PTF	2:0
austrian-open-2024	Senior Women -73kg	QF	1020	MASTELIC Mila	CRO	JIRANKOVA Iveta	CZE	PTF	2:0
austrian-open-2024	Senior Women -73kg	QF	1021	NOWAK Julia	POL	BERISAJ Andela	MNE	PTF	2:1
austrian-open-2024	Senior Women -73kg	SF	1030	DIAKITE Bintou	FRA	SCHNEIDER Yanna	GER	PTF	2:1
austrian-open-2024	Senior Women -73kg	SF	1031	MASTELIC Mila	CRO	NOWAK Julia	POL	PTF	2:0
austrian-open-2024	Senior Women -73kg	F	1036	MASTELIC Mila	CRO	DIAKITE Bintou	FRA	PTF	2:0
austrian-open-2024	Senior Women +73kg	R16	1007	CHTIOUI Hafsa Liana	DEN	HAWASH Dania	SWE	PTF	2:0
austrian-open-2024	Senior Women +73kg	R16	1008	HUSOVIC Esmeralda	GER	HAMADACHE Emna	FRA	PTF	2:0
austrian-open-2024	Senior Women +73kg	R16	1009	KUTS Mariia	UKR	HADZIC Alema	GER	RSC	1:0
austrian-open-2024	Senior Women +73kg	QF	1022	COOK Bianca	GBR	CHTIOUI Hafsa Liana	DEN	PTF	2:1
austrian-open-2024	Senior Women +73kg	QF	1023	BOYADZHIEVA Kalina	BUL	SMIRAGLIA Maristella	ITA	PTF	2:0
austrian-open-2024	Senior Women +73kg	QF	1024	AZRAN Dana	ISR	HUSOVIC Esmeralda	GER	PTF	2:0
austrian-open-2024	Senior Women +73kg	QF	1025	KOWALCZUK Aleksandra	POL	KUTS Mariia	UKR	PTF	2:0
austrian-open-2024	Senior Women +73kg	SF	230.1	KOWALCZUK Aleksandra	POL	AZRAN Dana	ISR	PTF	2:1
austrian-open-2024	Senior Women +73kg	SF	431	COOK Bianca	GBR	BOYADZHIEVA Kalina	BUL	PTF	2:0
austrian-open-2024	Senior Women +73kg	F	1037	KOWALCZUK Aleksandra	POL	COOK Bianca	GBR	PTF	2:0
fujairah-open-2024	Senior Women -46kg	R32	312	SABEEL Rayan	UAE	ALYAMANI Thimar mohammed a	KSA	PTF	2:0
fujairah-open-2024	Senior Women -46kg	R32	313	ALSHARIF Taiba khalid y	KSA	BADWAN Zaina	JOR	PTF	2:0
fujairah-open-2024	Senior Women -46kg	R32	314	MOHAMMED Shahd saad mohammed	IRQ	HAMZEH Layan	JOR	PTF	2:1
fujairah-open-2024	Senior Women -46kg	R32	315	BARROSO Kiara	POR	MOHAMED Noor	BRN	PTF	2:0
fujairah-open-2024	Senior Women -46kg	R32	316	FEYZABADI Zahra	IRI	KAZIM Lara osama e	KSA	PTF	2:0
fujairah-open-2024	Senior Women -46kg	R32	317	SHIRI Sogand	IRI	ALTHOBAITI Fai bandar	KSA	DSQ	
fujairah-open-2024	Senior Women -46kg	R32	318	YOUSSEF Afnan	UAE	ALKHAWAJI Daniyah	KSA	PTF	2:1
fujairah-open-2024	Senior Women -46kg	R32	319	BINTHANI Yara	BRN	HASSAN Shama	UAE	PTF	2:0
fujairah-open-2024	Senior Women -46kg	R32	320	ANIKA	IND	AL-HINAI Umaima harib	OMA	PTF	2:0
fujairah-open-2024	Senior Women -46kg	R32	321	RAHJERDI Sayna karimi	IRI	ELHAOUZY Roumayssaa	MAR	PTF	2:0
fujairah-open-2024	Senior Women -46kg	R32	322	YADAV Saksham	IND	ALKHAWAHR Rahmah abdulmanam a	KSA	PTF	2:0
fujairah-open-2024	Senior Women -46kg	R32	323	RASHED Malak	UAE	ALMAIMANI Nuha gasem a	KSA	PTF	2:0
fujairah-open-2024	Senior Women -46kg	R16	135.1	MAKAS Dzejla	BIH	YOUSSEF Afnan	UAE	PTF	2:0
fujairah-open-2024	Senior Women -46kg	R16	135.2	ANIKA	IND	BINTHANI Yara	BRN	PTF	2:1
fujairah-open-2024	Senior Women -46kg	R16	135.3	RAHJERDI Sayna karimi	IRI	YADAV Saksham	IND	PTF	2:0
fujairah-open-2024	Senior Women -46kg	R16	332	POURYOUNES LANGEROUDI Dina	WT	SABEEL Rayan	UAE	PTF	2:0
fujairah-open-2024	Senior Women -46kg	R16	333	MOHAMMED Shahd saad mohammed	IRQ	ALSHARIF Taiba khalid y	KSA	PTF	2:1
fujairah-open-2024	Senior Women -46kg	R16	334	FEYZABADI Zahra	IRI	BARROSO Kiara	POR	PTF	2:0
fujairah-open-2024	Senior Women -46kg	R16	335	SHIRI Sogand	IRI	KUMARTAYEVA Aidana	KAZ	PTF	2:0
fujairah-open-2024	Senior Women -46kg	R16	339	HUANG Ying hsuan	TPE	RASHED Malak	UAE	PTF	2:0
fujairah-open-2024	Senior Women -46kg	QF	344	POURYOUNES LANGEROUDI Dina	WT	MOHAMMED Shahd saad mohammed	IRQ	PTF	2:1
fujairah-open-2024	Senior Women -46kg	QF	345	SHIRI Sogand	IRI	FEYZABADI Zahra	IRI	PTF	2:0
fujairah-open-2024	Senior Women -46kg	QF	346	MAKAS Dzejla	BIH	ANIKA	IND	PTF	2:0
fujairah-open-2024	Senior Women -46kg	QF	347	RAHJERDI Sayna karimi	IRI	HUANG Ying hsuan	TPE	PTF	2:0
fujairah-open-2024	Senior Women -46kg	SF	350	SHIRI Sogand	IRI	POURYOUNES LANGEROUDI Dina	WT	WDR	
fujairah-open-2024	Senior Women -46kg	SF	351	RAHJERDI Sayna karimi	IRI	MAKAS Dzejla	BIH	PTF	2:0
fujairah-open-2024	Senior Women -46kg	F	849	SHIRI Sogand	IRI	RAHJERDI Sayna karimi	IRI	PTF	2:1
fujairah-open-2024	Senior Women -49kg	R32	421	ALDARDOOK Nour	JOR	KALAWADH Fatema	BRN	PTF	2:0
fujairah-open-2024	Senior Women -49kg	R32	422	SHIRI Sogol	IRI	AKBAROVA Minaya	AZE	PTF	2:0
fujairah-open-2024	Senior Women -49kg	R32	423	BEN AOUN Ouhoud	TUN	IBRAHIM Eman	JOR	PTF	2:0
fujairah-open-2024	Senior Women -49kg	R32	424	SHERIF HAMDY Laila	EGY	KHAN Zoya	IND	PTF	2:0
fujairah-open-2024	Senior Women -49kg	R32	425	IDRISSOVA Tomiris	KAZ	KARYDI Melina	GRE	PTF	2:0
fujairah-open-2024	Senior Women -49kg	R32	426	OSMANOVA Samarrukh	AZE	QABAHA Maiar	PLE	PTF	2:0
fujairah-open-2024	Senior Women -49kg	R32	427	TAMANG Anjali	NEP	ALASSAF Amnah mohammed m	KSA	PTF	2:0
fujairah-open-2024	Senior Women -49kg	R32	428	HASANZADE Zemfira	AZE	AHMED Aisha	UAE	PTF	2:0
fujairah-open-2024	Senior Women -49kg	R32	429	MAMMADOVA Maryam	AZE	USSINOVA Arna	KAZ	PTF	2:0
fujairah-open-2024	Senior Women -49kg	R32	430	TANGIROVA Dilnoza	UZB	FARHOUD Neda	OMA	PTF	2:1
fujairah-open-2024	Senior Women -49kg	R32	431	MEIŠTININKAITE Gerda	LTU	MOHAMMED Mariam	UAE	PTF	2:0
fujairah-open-2024	Senior Women -49kg	R32	432	SYDORENKO Anastasiia	LTU	KHATIRI Asra	IRI	PTF	2:0
fujairah-open-2024	Senior Women -49kg	R32	433	KHUSNIDDINOVA Zarnigor	UZB	ZHANDILDINOVA Adel	KAZ	PTF	2:0
fujairah-open-2024	Senior Women -49kg	R16	434	KAMKASOUMPHOU Maysane	FRA	ALDARDOOK Nour	JOR	PTF	2:0
fujairah-open-2024	Senior Women -49kg	R16	435	SHIRI Sogol	IRI	BEN AOUN Ouhoud	TUN	PTF	2:0
fujairah-open-2024	Senior Women -49kg	R16	436	SHERIF HAMDY Laila	EGY	IDRISSOVA Tomiris	KAZ	PTF	2:1
fujairah-open-2024	Senior Women -49kg	R16	437	OSMANOVA Samarrukh	AZE	TAMANG Anjali	NEP	PTF	2:0
fujairah-open-2024	Senior Women -49kg	R16	438	HASANZADE Zemfira	AZE	HENI Ni kadek	INA	PTF	
fujairah-open-2024	Senior Women -49kg	R16	439	MAMMADOVA Maryam	AZE	TANGIROVA Dilnoza	UZB	PTF	2:1
fujairah-open-2024	Senior Women -49kg	R16	440	MEIŠTININKAITE Gerda	LTU	SYDORENKO Anastasiia	LTU	PTF	2:0
fujairah-open-2024	Senior Women -49kg	R16	441	BODEN Indra	SWE	KHUSNIDDINOVA Zarnigor	UZB	PTF	2:0
fujairah-open-2024	Senior Women -49kg	QF	442	SHIRI Sogol	IRI	KAMKASOUMPHOU Maysane	FRA	PTF	2:1
fujairah-open-2024	Senior Women -49kg	QF	443	OSMANOVA Samarrukh	AZE	SHERIF HAMDY Laila	EGY	PTF	2:1
fujairah-open-2024	Senior Women -49kg	QF	444	MAMMADOVA Maryam	AZE	HASANZADE Zemfira	AZE	PTF	2:0
fujairah-open-2024	Senior Women -49kg	QF	445	BODEN Indra	SWE	MEIŠTININKAITE Gerda	LTU	WDR	
fujairah-open-2024	Senior Women -49kg	SF	446	SHIRI Sogol	IRI	OSMANOVA Samarrukh	AZE	PTF	2:1
fujairah-open-2024	Senior Women -49kg	SF	447	BODEN Indra	SWE	MAMMADOVA Maryam	AZE	PTF	2:0
fujairah-open-2024	Senior Women -49kg	F	749	BODEN Indra	SWE	SHIRI Sogol	IRI	PTF	2:1
fujairah-open-2024	Senior Women -53kg	R32	803	BOURCHIH Aya	MAR	BIN DUWAYS Sharifah	KSA	PTF	2:0
fujairah-open-2024	Senior Women -53kg	R32	804	ABDUVALIEVA Shabona	UZB	EISA Fatmah	UAE	PTF	2:0
fujairah-open-2024	Senior Women -53kg	R32	805	NARBAYEVA Yasmina	KAZ	ALAWEEN Roaa	JOR	PTF	2:0
fujairah-open-2024	Senior Women -53kg	R32	806	BAIDOLDA Aray	KAZ	RASHED SAED Hessa	UAE	PTF	2:0
fujairah-open-2024	Senior Women -53kg	R32	807	EL GHLID Karima	MAR	TURYMBETOVA Tangzhuldyz	KAZ	PTF	2:0
fujairah-open-2024	Senior Women -53kg	R32	808	STAMENKOVIC Teodora	SRB	BAUYRZHANOVA Nuray	KAZ	WDR	
fujairah-open-2024	Senior Women -53kg	R32	809	HAYYAN Eithar mohammed i	KSA	CHEBLI Ghofrane	TUN	PTF	2:1
fujairah-open-2024	Senior Women -53kg	R32	810	ENNOUINI Assia	MAR	ALMAHMADI Layan	KSA	PTF	2:0
fujairah-open-2024	Senior Women -53kg	R16	825	BOURCHIH Aya	MAR	SU Po-ya	TPE	RSC	
fujairah-open-2024	Senior Women -53kg	R16	826	AKHMEDOVA Nodira	KAZ	ABDUVALIEVA Shabona	UZB	PTF	2:0
fujairah-open-2024	Senior Women -53kg	R16	827	NARBAYEVA Yasmina	KAZ	DEMIAN Carla	LBN	PTF	2:1
fujairah-open-2024	Senior Women -53kg	R16	828	KAMKASOUMPHOU Lenya	FRA	BAIDOLDA Aray	KAZ	PTF	2:0
fujairah-open-2024	Senior Women -53kg	R16	829	EL GHLID Karima	MAR	BOU HABIB Mariella	LBN	PTF	2:0
fujairah-open-2024	Senior Women -53kg	R16	830	GIRE Ines	FRA	STAMENKOVIC Teodora	SRB	PTF	2:1
fujairah-open-2024	Senior Women -53kg	R16	831	ABI FARAH Ella	LBN	HAYYAN Eithar mohammed i	KSA	PTF	2:0
fujairah-open-2024	Senior Women -53kg	R16	832	ABUTALEB Dunya ali m	KSA	ENNOUINI Assia	MAR	PTF	2:0
fujairah-open-2024	Senior Women -53kg	QF	840	AKHMEDOVA Nodira	KAZ	BOURCHIH Aya	MAR	PTF	2:0
fujairah-open-2024	Senior Women -53kg	QF	841	NARBAYEVA Yasmina	KAZ	KAMKASOUMPHOU Lenya	FRA	RSC	2:0
fujairah-open-2024	Senior Women -53kg	QF	842	EL GHLID Karima	MAR	GIRE Ines	FRA	PTF	2:1
fujairah-open-2024	Senior Women -53kg	QF	843	ABUTALEB Dunya ali m	KSA	ABI FARAH Ella	LBN	PTF	2:0
fujairah-open-2024	Senior Women -53kg	SF	845.1	NARBAYEVA Yasmina	KAZ	AKHMEDOVA Nodira	KAZ	WDR	
fujairah-open-2024	Senior Women -53kg	SF	845.2	ABUTALEB Dunya ali m	KSA	EL GHLID Karima	MAR	PTF	2:0
fujairah-open-2024	Senior Women -53kg	F	147	ABUTALEB Dunya ali m	KSA	NARBAYEVA Yasmina	KAZ	PTF	2:0
fujairah-open-2024	Senior Women -57kg	R32	301	MOHAMED AMIN Malak	EGY	GOUZMIR Aya	FRA	PTF	2:0
fujairah-open-2024	Senior Women -57kg	R32	302	MAHESWARI Megawati	INA	ASKAROVA Arailym	KAZ	PTF	2:1
fujairah-open-2024	Senior Women -57kg	R32	303	HANSEN Kaja husby	NOR	ALMANASEER Jana	JOR	PTF	2:0
fujairah-open-2024	Senior Women -57kg	R32	304	ALIYEVA Saida	AZE	KAZHIMOVA Aigerim	KAZ	WDR	
fujairah-open-2024	Senior Women -57kg	R32	305	KHOBTAR Sofiia	UKR	BOLATOVA Ayanat	KAZ	PTF	2:0
fujairah-open-2024	Senior Women -57kg	R32	306	ZHAMAUBAY Aknur	KAZ	ALSHAMMARI Mays matar abdulhadi	KSA	PTF	2:0
fujairah-open-2024	Senior Women -57kg	R32	307	ASHRAF MOHAMED AHMED HAMDAN Lougina	EGY	ALSHUROOQI Hanan	BRN	PTF	2:0
fujairah-open-2024	Senior Women -57kg	R32	308	NUTS Gelashvili	UAE	KRUSH Diana	UKR	PTF	2:0
fujairah-open-2024	Senior Women -57kg	R32	309	CHANG Jui-en	TPE	HOSSEN Alaa	SYR	PTF	2:0
fujairah-open-2024	Senior Women -57kg	R32	310	ZAYNIDDINOVA Laylo	UZB	AHUJA Aanchal	IND	PTF	2:0
fujairah-open-2024	Senior Women -57kg	R32	311	IMINZHANOVA Malika	KAZ	SAMEER M MALAIKAH Safanah	KSA	PTF	2:0
fujairah-open-2024	Senior Women -57kg	R16	324	DILLON Faith	USA	MOHAMED AMIN Malak	EGY	PTF	2:0
fujairah-open-2024	Senior Women -57kg	R16	325	MAHESWARI Megawati	INA	HANSEN Kaja husby	NOR	PTF	2:0
fujairah-open-2024	Senior Women -57kg	R16	326	MODANLOU Tina	IRI	ALIYEVA Saida	AZE	PTF	2:0
fujairah-open-2024	Senior Women -57kg	R16	327	MIRABZALOVA Madina	UZB	KHOBTAR Sofiia	UKR	PTF	2:0
fujairah-open-2024	Senior Women -57kg	R16	328	CARABIN Kanelya	FRA	ZHAMAUBAY Aknur	KAZ	PTF	2:1
fujairah-open-2024	Senior Women -57kg	R16	329	NUTS Gelashvili	UAE	ASHRAF MOHAMED AHMED HAMDAN Lougina	EGY	PTF	2:0
fujairah-open-2024	Senior Women -57kg	R16	330	CHANG Jui-en	TPE	ZAYNIDDINOVA Laylo	UZB	PTF	2:0
fujairah-open-2024	Senior Women -57kg	R16	331	TVARONAVICIUTE Klaudija	LTU	IMINZHANOVA Malika	KAZ	PTF	2:0
fujairah-open-2024	Senior Women -57kg	QF	340	DILLON Faith	USA	MAHESWARI Megawati	INA	PTF	2:0
fujairah-open-2024	Senior Women -57kg	QF	341	MODANLOU Tina	IRI	MIRABZALOVA Madina	UZB	PTF	2:1
fujairah-open-2024	Senior Women -57kg	QF	342	CARABIN Kanelya	FRA	NUTS Gelashvili	UAE	PTF	2:0
fujairah-open-2024	Senior Women -57kg	QF	343	TVARONAVICIUTE Klaudija	LTU	CHANG Jui-en	TPE	PTF	2:0
fujairah-open-2024	Senior Women -57kg	SF	243	MODANLOU Tina	IRI	DILLON Faith	USA	PTF	2:1
fujairah-open-2024	Senior Women -57kg	SF	349	CARABIN Kanelya	FRA	TVARONAVICIUTE Klaudija	LTU	PTF	2:0
fujairah-open-2024	Senior Women -57kg	F	354	MODANLOU Tina	IRI	CARABIN Kanelya	FRA	PTF	2:0
fujairah-open-2024	Senior Women -62kg	R32	801	WAFA Masghouni	TUN	NAVAEE Elham	IRI	PTF	2:0
fujairah-open-2024	Senior Women -62kg	R16	811	WAFA Masghouni	TUN	RELJIKJ Miljana	MKD	PTF	2:0
fujairah-open-2024	Senior Women -62kg	R16	812	KANINA Zhansaya	KAZ	SISSENGALIYEVA Nargiz	KAZ	PTF	2:0
fujairah-open-2024	Senior Women -62kg	R16	813	DOUCET Teeyah	FRA	ELMASOUDI Aya	MAR	PTF	2:0
fujairah-open-2024	Senior Women -62kg	R16	814	ANDERSSON Tindra	SWE	ZOWID Rawdhah	UAE	PTF	2:0
fujairah-open-2024	Senior Women -62kg	R16	815	HAMAIDI Natali	JOR	ALKETBI Asayel	UAE	PTF	2:0
fujairah-open-2024	Senior Women -62kg	R16	816	ISSINA Zhazira	KAZ	SAGINBAYEVA Sabrina	KAZ	PTF	2:0
fujairah-open-2024	Senior Women -62kg	R16	817	AL-SALTI Sabra moosa	OMA	KURMANOVA Adelya	KAZ	PTF	2:0
fujairah-open-2024	Senior Women -62kg	R16	818	MERIEME Khoulal	MAR	MUBARAK Fatema	BRN	PTF	2:0
fujairah-open-2024	Senior Women -62kg	QF	833	WAFA Masghouni	TUN	KANINA Zhansaya	KAZ	PTF	2:0
fujairah-open-2024	Senior Women -62kg	QF	834	DOUCET Teeyah	FRA	ANDERSSON Tindra	SWE	PTF	2:1
fujairah-open-2024	Senior Women -62kg	QF	835	HAMAIDI Natali	JOR	ISSINA Zhazira	KAZ	PTF	2:1
fujairah-open-2024	Senior Women -62kg	QF	836	MERIEME Khoulal	MAR	AL-SALTI Sabra moosa	OMA	PTF	2:0
fujairah-open-2024	Senior Women -62kg	SF	844	WAFA Masghouni	TUN	DOUCET Teeyah	FRA	PTF	2:0
fujairah-open-2024	Senior Women -62kg	SF	845	MERIEME Khoulal	MAR	HAMAIDI Natali	JOR	PTF	2:0
fujairah-open-2024	Senior Women -62kg	F	353	WAFA Masghouni	TUN	MERIEME Khoulal	MAR	PTF	2:0
fujairah-open-2024	Senior Women -67kg	R32	715	BOUZAIENE Maryam	UAE	ALZAABI Shaima	UAE	PTF	2:1
fujairah-open-2024	Senior Women -67kg	R32	802	NINA Urganaeva	ARM	SHEN Diana	KAZ	PTF	2:0
fujairah-open-2024	Senior Women -67kg	R16	732	HADDAD Khalida	FRA	BOUZAIENE Maryam	UAE	PTF	2:0
fujairah-open-2024	Senior Women -67kg	R16	733	MARENTAKI Styliani	GRE	KANOUTE Iman	MLI	PTF	2:0
fujairah-open-2024	Senior Women -67kg	R16	819	FATNASSI Maram	QAT	SALEM Maryam	UAE	PTF	2:0
fujairah-open-2024	Senior Women -67kg	R16	820	REGI Margerette maria	IND	BERIKKYZY Samal	KAZ	PTF	2:0
fujairah-open-2024	Senior Women -67kg	R16	821	SADIKOVA Feruza	UZB	ASKAROVA Zhanel	KAZ	PTF	2:0
fujairah-open-2024	Senior Women -67kg	R16	822	BASNET Indira	NEP	JALLAB Sara	BRN	PTF	2:0
fujairah-open-2024	Senior Women -67kg	R16	823	SOBIRJONOVA Ozoda	UZB	MAJIDOVA Fatima	AZE	PTF	2:0
fujairah-open-2024	Senior Women -67kg	R16	824	KHUSSAINOVA Nuray	KAZ	NINA Urganaeva	ARM	PTF	2:1
fujairah-open-2024	Senior Women -67kg	QF	242.1	SADIKOVA Feruza	UZB	BASNET Indira	NEP	PTF	2:0
fujairah-open-2024	Senior Women -67kg	QF	242.2	SOBIRJONOVA Ozoda	UZB	KHUSSAINOVA Nuray	KAZ	RSC	2:0
fujairah-open-2024	Senior Women -67kg	QF	742	MARENTAKI Styliani	GRE	HADDAD Khalida	FRA	PTF	2:0
fujairah-open-2024	Senior Women -67kg	QF	837	FATNASSI Maram	QAT	REGI Margerette maria	IND	PTF	2:1
fujairah-open-2024	Senior Women -67kg	SF	846	MARENTAKI Styliani	GRE	FATNASSI Maram	QAT	PTF	2:0
fujairah-open-2024	Senior Women -67kg	SF	847	SOBIRJONOVA Ozoda	UZB	SADIKOVA Feruza	UZB	RSC	2:0
fujairah-open-2024	Senior Women -67kg	F	245	SOBIRJONOVA Ozoda	UZB	MARENTAKI Styliani	GRE	PTF	2:0
fujairah-open-2024	Senior Women -73kg	R16	209	KOLBAYEVA Beksulu	KAZ	ABSENOVA Diana	KAZ	PTF	2:0
fujairah-open-2024	Senior Women -73kg	R16	210	ALIJONOVA Gulsanam	UZB	ZEKRAOUI Lydia	FRA	PTF	2:0
fujairah-open-2024	Senior Women -73kg	R16	211	MAKHMUTOVA Nazym	KAZ	HIBA Aouin	MAR	RSC	
fujairah-open-2024	Senior Women -73kg	QF	225	ABO-ALRUB Rama	JOR	KOLBAYEVA Beksulu	KAZ	PTF	2:1
fujairah-open-2024	Senior Women -73kg	QF	226	OMAYMA Boumh	MAR	SELMAN Ward	LBN	PTF	2:0
fujairah-open-2024	Senior Women -73kg	QF	227	UZUNCAVDAR Sude yaren	TUR	ALIJONOVA Gulsanam	UZB	PTF	2:0
fujairah-open-2024	Senior Women -73kg	QF	228	DENIZ Cansel	KAZ	MAKHMUTOVA Nazym	KAZ	PTF	2:0
fujairah-open-2024	Senior Women -73kg	SF	237	OMAYMA Boumh	MAR	ABO-ALRUB Rama	JOR	PTF	2:0
fujairah-open-2024	Senior Women -73kg	SF	238	DENIZ Cansel	KAZ	UZUNCAVDAR Sude yaren	TUR	PTF	2:1
fujairah-open-2024	Senior Women -73kg	F	654	OMAYMA Boumh	MAR	DENIZ Cansel	KAZ	PTF	2:0
fujairah-open-2024	Senior Women +73kg	R16	212	SHADLOO Niyousha	IRI	SAMER ELSAYED Nour	EGY	PTF	2:0
fujairah-open-2024	Senior Women +73kg	R16	213	FARAH El majidi	MAR	ALADWAN Raha	JOR	PTF	2:1
fujairah-open-2024	Senior Women +73kg	R16	214	MIRTADJIEVA Iroda	UZB	GHODHBANI Mayssa	TUN	PTF	2:0
fujairah-open-2024	Senior Women +73kg	R16	215	IBRAHIM Alyaa	UAE	ALDOSERI Ola	BRN	PTF	2:1
fujairah-open-2024	Senior Women +73kg	R16	216	MAHDAN Maedeh	IRI	ALKETBI Salma	UAE	PTF	2:0
fujairah-open-2024	Senior Women +73kg	QF	229	SHAABAN SLEMAN HASSAN Toka	EGY	SHADLOO Niyousha	IRI	PTF	2:0
fujairah-open-2024	Senior Women +73kg	QF	230	MIRTADJIEVA Iroda	UZB	FARAH El majidi	MAR	PTF	2:1
fujairah-open-2024	Senior Women +73kg	QF	231	MESIC Nikolina	CRO	IBRAHIM Alyaa	UAE	PTF	2:0
fujairah-open-2024	Senior Women +73kg	QF	232	ZELJKO Darija	CRO	MAHDAN Maedeh	IRI	PTF	2:0
fujairah-open-2024	Senior Women +73kg	SF	239	MIRTADJIEVA Iroda	UZB	SHAABAN SLEMAN HASSAN Toka	EGY	PTF	2:1
fujairah-open-2024	Senior Women +73kg	SF	240	ZELJKO Darija	CRO	MESIC Nikolina	CRO	PTF	2:0
fujairah-open-2024	Senior Women +73kg	F	550	MIRTADJIEVA Iroda	UZB	ZELJKO Darija	CRO	RSC	2:0
fujairah-open-2024	Senior Men -54kg	R64	501	KHALIL Albaraa	KSA	DOCTOLERO Alyson ii	UAE	PTF	2:0
fujairah-open-2024	Senior Men -54kg	R64	502	NASR Nadim	LBN	MARWAN Mussa	SWE	PTF	2:1
fujairah-open-2024	Senior Men -54kg	R64	503	QALA Abdulmajeed mohammed t	KSA	ALSHEKH SADON Mohammed	SYR	PTF	2:0
fujairah-open-2024	Senior Men -54kg	R64	504	KHASANOV Temur	UZB	BISSENGALIYEV Sayat	KAZ	PTF	2:1
fujairah-open-2024	Senior Men -54kg	R64	505	NARTBAI Adilet	KAZ	HASSAN Mohammed	SUD	PTF	2:0
fujairah-open-2024	Senior Men -54kg	R64	506	HAMDI Kathem nasser a	KSA	ALMALKI Hasan	JOR	PTF	2:0
fujairah-open-2024	Senior Men -54kg	R64	507	NURGAZY Alibek	KAZ	AL-QARAGHULI Ahmed hameed obaid	IRQ	RSC	2:0
fujairah-open-2024	Senior Men -54kg	R64	508	YENSEGENOV Yerkebulan	KAZ	ALMUTAIRI Fawaz	KUW	WDR	1:0
fujairah-open-2024	Senior Men -54kg	R64	509	ALDAOUD Ja'afar	JOR	ALSHAHRANI Hani abdullah	KSA	PTF	2:0
fujairah-open-2024	Senior Men -54kg	R64	510	ALASIRI Yahya mohammed y	KSA	MOHAMED ABD EL KADER AYOUB Hamza	EGY	PTF	2:1
fujairah-open-2024	Senior Men -54kg	R64	511	NAFAA El maaida	MAR	ERESHEEV Elnur	KGZ	RSC	2:0
fujairah-open-2024	Senior Men -54kg	R64	512	NABIYEV Diar	KAZ	MANDAL Manish	IND	DSQ	
fujairah-open-2024	Senior Men -54kg	R64	513	IJAAJAANE Salim	MAR	JAR Yousef	KSA	PTF	2:0
fujairah-open-2024	Senior Men -54kg	R64	514	NURPEISSOV Sanzhar	KAZ	MOHAMED Alaa uldeen nabil hassan	SUD	PTF	2:0
fujairah-open-2024	Senior Men -54kg	R64	515	KLUCHEV Asadbek	KAZ	JAMEEL Mohamed	BRN	PTF	2:1
fujairah-open-2024	Senior Men -54kg	R64	516	JENDOUBI Ayoub	TUN	ALMALKI Majed	KSA	PTF	2:0
fujairah-open-2024	Senior Men -54kg	R64	517	MELIKYAN Aleks	ARM	AL HASANI Mohamed	OMA	PTG	2:0
fujairah-open-2024	Senior Men -54kg	R64	518	ALDHANHANI Ahmed	UAE	ALMUTAIRI Saleh bader h	KSA	PTF	2:1
fujairah-open-2024	Senior Men -54kg	R32	519	KHAN Shahzaib	PAK	KHALIL Albaraa	KSA	PTF	2:0
fujairah-open-2024	Senior Men -54kg	R32	520	QALA Abdulmajeed mohammed t	KSA	NASR Nadim	LBN	PTF	2:1
fujairah-open-2024	Senior Men -54kg	R32	521	KHASANOV Temur	UZB	DIA Mohamed	MTN	PTF	2:0
fujairah-open-2024	Senior Men -54kg	R32	522	AMINI Mohammad ramin	AFG	NARTBAI Adilet	KAZ	PTF	2:0
fujairah-open-2024	Senior Men -54kg	R32	523	HAMDI Kathem nasser a	KSA	AHQAAF Ahmed	LBA	PTF	2:0
fujairah-open-2024	Senior Men -54kg	R32	524	KADIRKULOV Begzod	KAZ	NURGAZY Alibek	KAZ	WDR	1:1
fujairah-open-2024	Senior Men -54kg	R32	525	YENSEGENOV Yerkebulan	KAZ	BENAICHA Ismael	FRA	PTF	2:0
fujairah-open-2024	Senior Men -54kg	R32	526	KHUDAYBERDIEV Jakhongir	UZB	ALDAOUD Ja'afar	JOR	PTF	2:0
fujairah-open-2024	Senior Men -54kg	R32	527	MANENKOV Maksym	UKR	ALASIRI Yahya mohammed y	KSA	PTF	2:0
fujairah-open-2024	Senior Men -54kg	R32	528	NAFAA El maaida	MAR	SALEH AHMED Ebrahim	UAE	PTF	2:0
fujairah-open-2024	Senior Men -54kg	R32	529	NURAKHAN Yerassyl	KAZ	NABIYEV Diar	KAZ	PTF	2:0
fujairah-open-2024	Senior Men -54kg	R32	530	SERIK Artur	KAZ	IJAAJAANE Salim	MAR	PTG	2:1
fujairah-open-2024	Senior Men -54kg	R32	531	ASIRI Abdulelah yahya a	KSA	NURPEISSOV Sanzhar	KAZ	PTG	2:1
fujairah-open-2024	Senior Men -54kg	R32	532	KLUCHEV Asadbek	KAZ	ALMALKI Khalid	KSA	PTF	2:0
fujairah-open-2024	Senior Men -54kg	R32	533	MELIKYAN Aleks	ARM	JENDOUBI Ayoub	TUN	PTF	2:0
fujairah-open-2024	Senior Men -54kg	R32	534	ASEM ATA ABU SREE' Moataz bellah	EGY	ALDHANHANI Ahmed	UAE	PTF	2:0
fujairah-open-2024	Senior Men -54kg	R16	535	KHAN Shahzaib	PAK	QALA Abdulmajeed mohammed t	KSA	PTF	2:0
fujairah-open-2024	Senior Men -54kg	R16	536	AMINI Mohammad ramin	AFG	KHASANOV Temur	UZB	PTF	2:0
fujairah-open-2024	Senior Men -54kg	R16	537	KADIRKULOV Begzod	KAZ	HAMDI Kathem nasser a	KSA	RSC	1:1
fujairah-open-2024	Senior Men -54kg	R16	538	KHUDAYBERDIEV Jakhongir	UZB	YENSEGENOV Yerkebulan	KAZ	PTF	2:0
fujairah-open-2024	Senior Men -54kg	R16	539	MANENKOV Maksym	UKR	NAFAA El maaida	MAR	PTF	2:0
fujairah-open-2024	Senior Men -54kg	R16	540	SERIK Artur	KAZ	NURAKHAN Yerassyl	KAZ	PTF	2:1
fujairah-open-2024	Senior Men -54kg	R16	541	ASIRI Abdulelah yahya a	KSA	KLUCHEV Asadbek	KAZ	PTF	2:0
fujairah-open-2024	Senior Men -54kg	R16	542	ASEM ATA ABU SREE' Moataz bellah	EGY	MELIKYAN Aleks	ARM	PTF	2:0
fujairah-open-2024	Senior Men -54kg	QF	543	KHAN Shahzaib	PAK	AMINI Mohammad ramin	AFG	PTF	2:0
fujairah-open-2024	Senior Men -54kg	QF	544	KHUDAYBERDIEV Jakhongir	UZB	KADIRKULOV Begzod	KAZ	PTF	2:0
fujairah-open-2024	Senior Men -54kg	QF	546	ASEM ATA ABU SREE' Moataz bellah	EGY	ASIRI Abdulelah yahya a	KSA	PTF	2:0
fujairah-open-2024	Senior Men -54kg	QF	945.3	MANENKOV Maksym	UKR	SERIK Artur	KAZ	PTF	2:0
fujairah-open-2024	Senior Men -54kg	SF	547	KHUDAYBERDIEV Jakhongir	UZB	KHAN Shahzaib	PAK	PTF	2:1
fujairah-open-2024	Senior Men -54kg	SF	548	MANENKOV Maksym	UKR	ASEM ATA ABU SREE' Moataz bellah	EGY	PTF	2:0
fujairah-open-2024	Senior Men -54kg	F	653	KHUDAYBERDIEV Jakhongir	UZB	MANENKOV Maksym	UKR	PTF	2:0
fujairah-open-2024	Senior Men -58kg	R64	601	ABILKASSYM Abdulla	KAZ	AKHMETKALIYEV Bakhtiyar	KAZ	PTF	2:1
fujairah-open-2024	Senior Men -58kg	R64	602	RANA Prashant	IND	BERROUHOU Hatim	MAR	RSC	2:0
fujairah-open-2024	Senior Men -58kg	R64	603	OTAJONOV Omonjon	UZB	ABDELKADER Islam	TUN	PTF	2:0
fujairah-open-2024	Senior Men -58kg	R64	604	MAATUGH Saoud	LBA	ALHARBI Mohamed jameel	KSA	PTF	2:0
fujairah-open-2024	Senior Men -58kg	R64	605	ALMUTAIRI Muath	KSA	BATHILY Sirre	FRA	PTF	2:0
fujairah-open-2024	Senior Men -58kg	R64	606	BINMOGHAISEEB Abdulmajeed khaled i	KSA	AL-ARIF Shiab	YEM	PTF	2:0
fujairah-open-2024	Senior Men -58kg	R64	607	BIN QANN Salman mansour b	KSA	ALQALLAF Yousef yaqoub	KUW	PTF	2:0
fujairah-open-2024	Senior Men -58kg	R64	608	AL ABDALI Laeth	OMA	YOUSSOUF Moktar	DJI	PTF	2:0
fujairah-open-2024	Senior Men -58kg	R64	609	JABBARI ASYABI Barbod	IRI	SHERIF OTHMAN MOAHMED OTHMAN Abdullah	EGY	PTF	2:0
fujairah-open-2024	Senior Men -58kg	R64	610	DADASHOV Sayyad	AZE	LANKHOMBA MEITEI Wahengbam	IND	PTF	2:0
fujairah-open-2024	Senior Men -58kg	R64	611	YSKAK Alikhan	KAZ	AITBAYEV Nursayan	KAZ	PTF	2:0
fujairah-open-2024	Senior Men -58kg	R64	612	NURKOZHAULY Dinmukhamed	KAZ	TUKENOV Amir	KAZ	PTF	2:0
fujairah-open-2024	Senior Men -58kg	R64	613	AL-ALI Sultan	UAE	SAMIDINOV Nurkhan	KGZ	PTF	2:0
fujairah-open-2024	Senior Men -58kg	R64	614	OGUZ Niklas kristiansen	NOR	NASER Hussain	BRN	PTF	2:0
fujairah-open-2024	Senior Men -58kg	R64	615	HASAN Alav	SYR	OTEGEN Askar	KAZ	RSC	
fujairah-open-2024	Senior Men -58kg	R64	616	CLEMENTE Aragorn	USA	YASSER Mohamed	UAE	PTF	2:0
fujairah-open-2024	Senior Men -58kg	R64	617	PUT THAI Fu cern	MAS	ALMASHWAKHI Abdalkarim	KSA	PTF	2:0
fujairah-open-2024	Senior Men -58kg	R64	618	ALDHAFIRI Moahmmed	KUW	ALABBADI Sadiq ahmed m	KSA	PTF	2:0
fujairah-open-2024	Senior Men -58kg	R64	619	RAHMAH ALHANTOOBI Ali amro	UAE	GAMIL Ibrahim	YEM	PTF	2:0
fujairah-open-2024	Senior Men -58kg	R64	620	GHLOUM Abdulla	UAE	OMRI Abdoullah	TUN	PTF	2:0
fujairah-open-2024	Senior Men -58kg	R64	621	AOUIN Wahib	MAR	BUREHMA Ali	KUW	PTF	2:1
fujairah-open-2024	Senior Men -58kg	R64	622	ORDABEK Nurzat	KAZ	BULATOV Dias	KAZ	PTF	2:1
fujairah-open-2024	Senior Men -58kg	R32	241.1	GHLOUM Abdulla	UAE	AOUIN Wahib	MAR	PTF	2:0
fujairah-open-2024	Senior Men -58kg	R32	241.2	HAJIMOUSAEI Mahdi	IRI	ORDABEK Nurzat	KAZ	PTF	2:0
fujairah-open-2024	Senior Men -58kg	R32	623	ZANDI Abolfazl	IRI	ABILKASSYM Abdulla	KAZ	PTF	2:0
fujairah-open-2024	Senior Men -58kg	R32	624	OTAJONOV Omonjon	UZB	RANA Prashant	IND	PTF	2:0
fujairah-open-2024	Senior Men -58kg	R32	625	CHEN Po-yen	TPE	MAATUGH Saoud	LBA	PTF	2:0
fujairah-open-2024	Senior Men -58kg	R32	626	HAMDI Riad	KSA	ALMUTAIRI Muath	KSA	RSC	2:0
fujairah-open-2024	Senior Men -58kg	R32	627	KHAN Haroon	PAK	BINMOGHAISEEB Abdulmajeed khaled i	KSA	PTG	2:1
fujairah-open-2024	Senior Men -58kg	R32	628	BIN QANN Salman mansour b	KSA	AL ABDALI Laeth	OMA	PTF	2:0
fujairah-open-2024	Senior Men -58kg	R32	629	DADASHOV Sayyad	AZE	JABBARI ASYABI Barbod	IRI	PTF	2:0
fujairah-open-2024	Senior Men -58kg	R32	630	HOSSEINPOUR Alireza	IRI	YSKAK Alikhan	KAZ	PTF	2:0
fujairah-open-2024	Senior Men -58kg	R32	631	REZAEE Mohsen	AFG	NURKOZHAULY Dinmukhamed	KAZ	PTF	2:1
fujairah-open-2024	Senior Men -58kg	R32	632	AL-ALI Sultan	UAE	OGUZ Niklas kristiansen	NOR	PTF	2:0
fujairah-open-2024	Senior Men -58kg	R32	633	CLEMENTE Aragorn	USA	HASAN Alav	SYR	PTF	2:1
fujairah-open-2024	Senior Men -58kg	R32	634	YASER ISMAIL Omar	PLE	PUT THAI Fu cern	MAS	PTF	2:0
fujairah-open-2024	Senior Men -58kg	R32	635	KOUDSI Raphael	LBN	ALDHAFIRI Moahmmed	KUW	PTF	2:0
fujairah-open-2024	Senior Men -58kg	R32	636	ALTYBAEV Aidin	KGZ	RAHMAH ALHANTOOBI Ali amro	UAE	PTF	2:1
fujairah-open-2024	Senior Men -58kg	R16	639	ZANDI Abolfazl	IRI	OTAJONOV Omonjon	UZB	PTF	2:0
fujairah-open-2024	Senior Men -58kg	R16	640	CHEN Po-yen	TPE	HAMDI Riad	KSA	PTF	2:0
fujairah-open-2024	Senior Men -58kg	R16	641	KHAN Haroon	PAK	BIN QANN Salman mansour b	KSA	PTF	2:0
fujairah-open-2024	Senior Men -58kg	R16	642	HOSSEINPOUR Alireza	IRI	DADASHOV Sayyad	AZE	PTF	2:0
fujairah-open-2024	Senior Men -58kg	R16	643	REZAEE Mohsen	AFG	AL-ALI Sultan	UAE	PTF	2:0
fujairah-open-2024	Senior Men -58kg	R16	644	YASER ISMAIL Omar	PLE	CLEMENTE Aragorn	USA	PTF	2:0
fujairah-open-2024	Senior Men -58kg	R16	645	KOUDSI Raphael	LBN	ALTYBAEV Aidin	KGZ	PTF	2:1
fujairah-open-2024	Senior Men -58kg	R16	646	HAJIMOUSAEI Mahdi	IRI	GHLOUM Abdulla	UAE	RSC	1:0
fujairah-open-2024	Senior Men -58kg	QF	244	REZAEE Mohsen	AFG	YASER ISMAIL Omar	PLE	PTF	2:1
fujairah-open-2024	Senior Men -58kg	QF	647	ZANDI Abolfazl	IRI	CHEN Po-yen	TPE	PTF	2:0
fujairah-open-2024	Senior Men -58kg	QF	648	HOSSEINPOUR Alireza	IRI	KHAN Haroon	PAK	PTF	2:0
fujairah-open-2024	Senior Men -58kg	QF	650	HAJIMOUSAEI Mahdi	IRI	KOUDSI Raphael	LBN	PTF	2:0
fujairah-open-2024	Senior Men -58kg	SF	547.1	ZANDI Abolfazl	IRI	HOSSEINPOUR Alireza	IRI	PTF	2:0
fujairah-open-2024	Senior Men -58kg	SF	652	HAJIMOUSAEI Mahdi	IRI	REZAEE Mohsen	AFG	PTF	2:0
fujairah-open-2024	Senior Men -58kg	F	250	HAJIMOUSAEI Mahdi	IRI	ZANDI Abolfazl	IRI	PTF	2:0
fujairah-open-2024	Senior Men -63kg	R64	701	HISHAM MOHAMED Ahmed	EGY	HASSAN KAMAL Yahia	EGY	WDR	
fujairah-open-2024	Senior Men -63kg	R64	702	NURDAULET Temirbay	KAZ	SHIRELIYEV Riyad	AZE	PTF	1:1
fujairah-open-2024	Senior Men -63kg	R64	703	ALIEV Saidali	ARM	ALMADAWI Mohammed ali a	KSA	PTF	2:0
fujairah-open-2024	Senior Men -63kg	R64	704	SAGADI Kosay	TUN	AL MUSHRIF Nazer ahmed a	KSA	PTF	2:0
fujairah-open-2024	Senior Men -63kg	R64	705	SMANKULOV Askar	KAZ	ALRASHEED Mohammad ali	KUW	PTF	2:0
fujairah-open-2024	Senior Men -63kg	R64	706	MALIK Merey	KAZ	NACER Wadii	MAR	PTF	2:0
fujairah-open-2024	Senior Men -63kg	R64	707	SOLEIMAN Hamid	IRI	AL HAJ Fahad	KSA	PTF	2:1
fujairah-open-2024	Senior Men -63kg	R64	708	VAFAEI MORADI Arian	IRI	MESAMEH Yusuf faisal	BRN	PTF	2:0
fujairah-open-2024	Senior Men -63kg	R64	709	MARAT Eduard	KAZ	ABDULWAHAB MANSOOR Hamad	UAE	PTF	2:0
fujairah-open-2024	Senior Men -63kg	R64	710	RAHEEM ABBAS Baqer	IRQ	KUANYSH Kazybekbi	KAZ	WDR	
fujairah-open-2024	Senior Men -63kg	R64	711	MANSUROV Shokhrukh	UZB	ALKHAWAHR Mustafa abdulmanam a	KSA	RSC	
fujairah-open-2024	Senior Men -63kg	R64	712	TURAEV Amirbek	UZB	ABUTALEB Abdulbasit ali m	KSA	PTF	2:0
fujairah-open-2024	Senior Men -63kg	R64	713	PAK Anton	KAZ	SAINI. Ankur singh	IND	PTF	2:0
fujairah-open-2024	Senior Men -63kg	R64	714	AL NASHASH Hamzeh	JOR	NUSAIF Ali	BRN	RSC	
fujairah-open-2024	Senior Men -63kg	R32	716	ALHALAWANI Zaid	JOR	HISHAM MOHAMED Ahmed	EGY	PTF	2:0
fujairah-open-2024	Senior Men -63kg	R32	717	ABDIMALIK Dulat	KAZ	AKBI Alisher	KAZ	PTF	2:1
fujairah-open-2024	Senior Men -63kg	R32	718	RAKYM Rakhat	KAZ	NURDAULET Temirbay	KAZ	RSC	
fujairah-open-2024	Senior Men -63kg	R32	719	ALIEV Saidali	ARM	AZIZI Alisina	WT	PTF	2:0
fujairah-open-2024	Senior Men -63kg	R32	720	ALMABROUK Hamad mabrouk s	KSA	SAGADI Kosay	TUN	PTF	2:0
fujairah-open-2024	Senior Men -63kg	R32	721	SMANKULOV Askar	KAZ	ALSALEH Ebrahim saken	BRN	PTF	2:0
fujairah-open-2024	Senior Men -63kg	R32	722	MALIK Merey	KAZ	MOHAMED OMAR SAYED Omar	EGY	PTF	2:1
fujairah-open-2024	Senior Men -63kg	R32	723	AL HJALEH Mohamad	JOR	SOLEIMAN Hamid	IRI	PTF	2:0
fujairah-open-2024	Senior Men -63kg	R32	724	HONEINE Ralph	LBN	VAFAEI MORADI Arian	IRI	PTF	
fujairah-open-2024	Senior Men -63kg	R32	725	MOHAMMED Muath	BRN	MARAT Eduard	KAZ	PTF	2:0
fujairah-open-2024	Senior Men -63kg	R32	726	BEGIMBETOV Amanbol	KAZ	RAHEEM ABBAS Baqer	IRQ	WDR	
fujairah-open-2024	Senior Men -63kg	R32	727	DUISENOV Shamsat	KAZ	MANSUROV Shokhrukh	UZB	PTF	2:0
fujairah-open-2024	Senior Men -63kg	R32	728	TURAEV Amirbek	UZB	SADR ZADA Bizhan	AFG	PTF	2:0
fujairah-open-2024	Senior Men -63kg	R32	729	HAMDI Mohamed aziz	TUN	PAK Anton	KAZ	PTF	2:0
fujairah-open-2024	Senior Men -63kg	R32	730	ABABAKIROV Samirkhon	KAZ	YELSHIBAY Yelzhan	KAZ	PTF	2:0
fujairah-open-2024	Senior Men -63kg	R32	731	AL NASHASH Hamzeh	JOR	ARBAZ KHAN Muhammad	PAK	PTF	2:0
fujairah-open-2024	Senior Men -63kg	R16	241.3	RAKYM Rakhat	KAZ	ALIEV Saidali	ARM	PTF	2:0
fujairah-open-2024	Senior Men -63kg	R16	241.4	ALMABROUK Hamad mabrouk s	KSA	SMANKULOV Askar	KAZ	PTF	2:1
fujairah-open-2024	Senior Men -63kg	R16	734	ALHALAWANI Zaid	JOR	ABDIMALIK Dulat	KAZ	PTF	2:0
fujairah-open-2024	Senior Men -63kg	R16	737	AL HJALEH Mohamad	JOR	MALIK Merey	KAZ	PTF	2:0
fujairah-open-2024	Senior Men -63kg	R16	738	HONEINE Ralph	LBN	MOHAMMED Muath	BRN	PTF	2:0
fujairah-open-2024	Senior Men -63kg	R16	739	BEGIMBETOV Amanbol	KAZ	DUISENOV Shamsat	KAZ	PTF	2:1
fujairah-open-2024	Senior Men -63kg	R16	740	HAMDI Mohamed aziz	TUN	TURAEV Amirbek	UZB	PTF	2:0
fujairah-open-2024	Senior Men -63kg	R16	741	AL NASHASH Hamzeh	JOR	ABABAKIROV Samirkhon	KAZ	PTF	2:0
fujairah-open-2024	Senior Men -63kg	QF	743	ALHALAWANI Zaid	JOR	RAKYM Rakhat	KAZ	PTF	2:0
fujairah-open-2024	Senior Men -63kg	QF	744	AL HJALEH Mohamad	JOR	ALMABROUK Hamad mabrouk s	KSA	PTF	2:0
fujairah-open-2024	Senior Men -63kg	QF	745	BEGIMBETOV Amanbol	KAZ	HONEINE Ralph	LBN	PTF	2:1
fujairah-open-2024	Senior Men -63kg	QF	848	AL NASHASH Hamzeh	JOR	HAMDI Mohamed aziz	TUN	PTF	2:1
fujairah-open-2024	Senior Men -63kg	SF	448	ALHALAWANI Zaid	JOR	AL HJALEH Mohamad	JOR	PTF	2:1
fujairah-open-2024	Senior Men -63kg	SF	748	BEGIMBETOV Amanbol	KAZ	AL NASHASH Hamzeh	JOR	PTF	2:0
fujairah-open-2024	Senior Men -63kg	F	449	ALHALAWANI Zaid	JOR	BEGIMBETOV Amanbol	KAZ	PTF	2:0
fujairah-open-2024	Senior Men -68kg	R64	101	ALHARBI Mohamed	KSA	NIAZ Farooq	KSA	PTF	2:0
fujairah-open-2024	Senior Men -68kg	R64	102	GHALI Zakariya mohammad	KSA	JHA Animesh	IND	PTF	2:0
fujairah-open-2024	Senior Men -68kg	R64	103	ALMASRI Rashed	JOR	ALKHAWAHIR Ahmed	KSA	DSQ	
fujairah-open-2024	Senior Men -68kg	R64	104	VAGAPOV Gleb	KAZ	ELAGAMY Amrou	UAE	DSQ	
fujairah-open-2024	Senior Men -68kg	R64	105	AL GHOTANI Yehya	WT	ABDURASULOV Khojiakbar	UZB	DSQ	
fujairah-open-2024	Senior Men -68kg	R64	106	YOUSIF Yazan	JOR	ALDOSERI Abdulla	BRN	PTF	2:0
fujairah-open-2024	Senior Men -68kg	R64	107	KASSANOV Izyat	KAZ	ANDRES Alexander	UAE	PTF	2:0
fujairah-open-2024	Senior Men -68kg	R64	108	AL TAIFI Rayyan mohammed j	KSA	HAMMOUDA Mostafa mahmoud seif moh	UAE	PTF	2:1
fujairah-open-2024	Senior Men -68kg	R64	109	RAI Rishi	IND	KHAN Noman	PAK	PTF	2:0
fujairah-open-2024	Senior Men -68kg	R64	110	BORGEN Kristian storsul	NOR	VATANI Milad javid	UAE	RSC	
fujairah-open-2024	Senior Men -68kg	R64	111	GAZEZ Nurbek	KAZ	JOUDEH Tawfeq	JOR	PTF	2:0
fujairah-open-2024	Senior Men -68kg	R64	112	THUNE Sebastian	NOR	ABUSAKOUT Diab	JOR	WDR	1:0
fujairah-open-2024	Senior Men -68kg	R64	113	MOHTARAM ELALAOUI Abdelllah	MAR	MALALLAH Mohammad	KUW	PTF	2:0
fujairah-open-2024	Senior Men -68kg	R64	114	OMRANI Ayoub	TUN	BURUSIC Marko	SRB	PTF	2:0
fujairah-open-2024	Senior Men -68kg	R64	115	ALMUWALLAD Talal	KSA	ALMESSMARY Hassan	UAE	PTF	2:0
fujairah-open-2024	Senior Men -68kg	R32	116	CHAMALIDIS Konstantinos	GRE	ALHARBI Mohamed	KSA	PTF	2:0
fujairah-open-2024	Senior Men -68kg	R32	117	SHULENOV Damir	KAZ	NGUILLA Yandric	FRA	PTF	2:0
fujairah-open-2024	Senior Men -68kg	R32	118	TUKHLIBOEV Diyorbek	UZB	GHALI Zakariya mohammad	KSA	PTF	2:0
fujairah-open-2024	Senior Men -68kg	R32	119	KURMANALIEV Eldar	KGZ	ALMASRI Rashed	JOR	PTF	2:0
fujairah-open-2024	Senior Men -68kg	R32	120	ZAIN Hikmatullah	AFG	VAGAPOV Gleb	KAZ	PTF	2:0
fujairah-open-2024	Senior Men -68kg	R32	121	AL GHOTANI Yehya	WT	LOTFI Hossein	AFG	PTF	2:0
fujairah-open-2024	Senior Men -68kg	R32	122	YOUSIF Yazan	JOR	MIGUEL Moncef	FRA	PTF	2:1
fujairah-open-2024	Senior Men -68kg	R32	123	F. A. ABDELRAZEQ Fahid	PLE	KASSANOV Izyat	KAZ	PTF	2:1
fujairah-open-2024	Senior Men -68kg	R32	124	SAIDI Faical	MAR	AL TAIFI Rayyan mohammed j	KSA	PTF	2:0
fujairah-open-2024	Senior Men -68kg	R32	125	YERMEKBAY Alibek	KAZ	RAI Rishi	IND	PTF	2:0
fujairah-open-2024	Senior Men -68kg	R32	126	HSU Hao-yu	TPE	BORGEN Kristian storsul	NOR	RSC	
fujairah-open-2024	Senior Men -68kg	R32	127	GAZEZ Nurbek	KAZ	CHOUHAN Prithvi raj	IND	PTF	
fujairah-open-2024	Senior Men -68kg	R32	128	THUNE Sebastian	NOR	ABDELMONEIM Tamer	EGY	RSC	2:0
fujairah-open-2024	Senior Men -68kg	R32	129	MUSSAKHAN Bexultan	KAZ	MOHTARAM ELALAOUI Abdelllah	MAR	PTF	2:0
fujairah-open-2024	Senior Men -68kg	R32	130	BYSTROV Volodymyr	UKR	OMRANI Ayoub	TUN	PTF	2:0
fujairah-open-2024	Senior Men -68kg	R32	131	CHIU Yi-jui	TPE	ALMUWALLAD Talal	KSA	RSC	
fujairah-open-2024	Senior Men -68kg	R16	132	CHAMALIDIS Konstantinos	GRE	SHULENOV Damir	KAZ	PTF	2:0
fujairah-open-2024	Senior Men -68kg	R16	133	TUKHLIBOEV Diyorbek	UZB	KURMANALIEV Eldar	KGZ	PTF	2:0
fujairah-open-2024	Senior Men -68kg	R16	134	ZAIN Hikmatullah	AFG	AL GHOTANI Yehya	WT	PTF	2:0
fujairah-open-2024	Senior Men -68kg	R16	135	YOUSIF Yazan	JOR	F. A. ABDELRAZEQ Fahid	PLE	PTF	2:0
fujairah-open-2024	Senior Men -68kg	R16	136	SAIDI Faical	MAR	YERMEKBAY Alibek	KAZ	PTF	2:0
fujairah-open-2024	Senior Men -68kg	R16	137	HSU Hao-yu	TPE	GAZEZ Nurbek	KAZ	PTF	2:0
fujairah-open-2024	Senior Men -68kg	R16	138	MUSSAKHAN Bexultan	KAZ	THUNE Sebastian	NOR	PTF	2:0
fujairah-open-2024	Senior Men -68kg	R16	139	BYSTROV Volodymyr	UKR	CHIU Yi-jui	TPE	PTF	2:1
fujairah-open-2024	Senior Men -68kg	QF	140	TUKHLIBOEV Diyorbek	UZB	CHAMALIDIS Konstantinos	GRE	PTF	2:1
fujairah-open-2024	Senior Men -68kg	QF	141	ZAIN Hikmatullah	AFG	YOUSIF Yazan	JOR	PTF	2:1
fujairah-open-2024	Senior Men -68kg	QF	142	HSU Hao-yu	TPE	SAIDI Faical	MAR	PTG	2:0
fujairah-open-2024	Senior Men -68kg	QF	143	MUSSAKHAN Bexultan	KAZ	BYSTROV Volodymyr	UKR	PTF	2:0
fujairah-open-2024	Senior Men -68kg	SF	145	HSU Hao-yu	TPE	MUSSAKHAN Bexultan	KAZ	PTF	2:1
fujairah-open-2024	Senior Men -68kg	SF	352	TUKHLIBOEV Diyorbek	UZB	ZAIN Hikmatullah	AFG	PTF	2:0
fujairah-open-2024	Senior Men -68kg	F	750	TUKHLIBOEV Diyorbek	UZB	HSU Hao-yu	TPE	PTF	2:0
fujairah-open-2024	Senior Men -74kg	R32	901	HOSSAM ELDEIN Hazem	EGY	AL FARRAJ Wael	WT	PTF	2:0
fujairah-open-2024	Senior Men -74kg	R32	902	ALTARYREH Mahmoud	JOR	MANE Aliou	FRA	PTF	2:0
fujairah-open-2024	Senior Men -74kg	R32	903	AGHAYEV Javad	AZE	ALHAJJAJI Ahmed	BRN	PTF	2:0
fujairah-open-2024	Senior Men -74kg	R32	904	OTHMAN Mohammad	JOR	MOHAMED Mohammedulameen imad moh	IRQ	PTF	2:0
fujairah-open-2024	Senior Men -74kg	R32	905	PETIT PHAR Shannon	FRA	BAKINOV Yerganat	KAZ	PTF	2:1
fujairah-open-2024	Senior Men -74kg	R32	906	OMIRBEKOV Altair	KAZ	AGBOGBE SALANON Oswin	FRA	PTF	2:1
fujairah-open-2024	Senior Men -74kg	R32	907	KOSIMKHOJIEV Najmiddin	UZB	MOHAMMED RAFIEI Yassin	UAE	WDR	1:0
fujairah-open-2024	Senior Men -74kg	R32	908	AOUINI Jasser	TUN	ALHOOTI Mohamed	BRN	PTF	2:0
fujairah-open-2024	Senior Men -74kg	R32	909	MAKAROV Ruslan	KGZ	ZHOKEN Nurbek	KAZ	PTF	2:0
fujairah-open-2024	Senior Men -74kg	R32	910	SAHAK Omid	AFG	IRI Shervin khalil	IRI	PTF	2:0
fujairah-open-2024	Senior Men -74kg	R32	911	MARIPOV Abdurakhmon	KAZ	FERDYANSYAH Adam yazid	INA	PTF	2:0
fujairah-open-2024	Senior Men -74kg	R32	912	ORYNBASSAR Yerassyl	KAZ	ORUCHEV Asker	KAZ	PTF	2:0
fujairah-open-2024	Senior Men -74kg	R32	913	ALADARBI Mohammad	JOR	DAOUDI Khalid	MAR	PTF	2:1
fujairah-open-2024	Senior Men -74kg	R16	914	HOSSAM ELDEIN Hazem	EGY	BOUTHOUYAK Athman	FRA	PTF	2:1
fujairah-open-2024	Senior Men -74kg	R16	915	AGHAYEV Javad	AZE	ALTARYREH Mahmoud	JOR	WDR	1:0
fujairah-open-2024	Senior Men -74kg	R16	916	OTHMAN Mohammad	JOR	PETIT PHAR Shannon	FRA	PTF	2:0
fujairah-open-2024	Senior Men -74kg	R16	917	KOSIMKHOJIEV Najmiddin	UZB	OMIRBEKOV Altair	KAZ	PTF	2:1
fujairah-open-2024	Senior Men -74kg	R16	918	RASHITOV Ulugbek	UZB	AOUINI Jasser	TUN	PTF	2:1
fujairah-open-2024	Senior Men -74kg	R16	919	SAHAK Omid	AFG	MAKAROV Ruslan	KGZ	RSC	
fujairah-open-2024	Senior Men -74kg	R16	920	ORYNBASSAR Yerassyl	KAZ	MARIPOV Abdurakhmon	KAZ	PTF	2:0
fujairah-open-2024	Senior Men -74kg	R16	921	BAHLOOOL Ahmad	PLE	ALADARBI Mohammad	JOR	PTF	2:1
fujairah-open-2024	Senior Men -74kg	QF	922	AGHAYEV Javad	AZE	HOSSAM ELDEIN Hazem	EGY	PTF	2:1
fujairah-open-2024	Senior Men -74kg	QF	923	KOSIMKHOJIEV Najmiddin	UZB	OTHMAN Mohammad	JOR	PTF	2:0
fujairah-open-2024	Senior Men -74kg	QF	924	RASHITOV Ulugbek	UZB	SAHAK Omid	AFG	RSC	2:0
fujairah-open-2024	Senior Men -74kg	QF	925	ORYNBASSAR Yerassyl	KAZ	BAHLOOOL Ahmad	PLE	PTF	2:1
fujairah-open-2024	Senior Men -74kg	SF	926	KOSIMKHOJIEV Najmiddin	UZB	AGHAYEV Javad	AZE	RSC	2:0
fujairah-open-2024	Senior Men -74kg	SF	931.1	RASHITOV Ulugbek	UZB	ORYNBASSAR Yerassyl	KAZ	PTF	2:0
fujairah-open-2024	Senior Men -74kg	F	950	RASHITOV Ulugbek	UZB	KOSIMKHOJIEV Najmiddin	UZB	RSC	
fujairah-open-2024	Senior Men -80kg	R32	201	ASHOUR Mahde	KUW	KUANDYK Nurassyl	KAZ	PTF	2:0
fujairah-open-2024	Senior Men -80kg	R32	202	NAUVAL Ossanando	INA	CHERIF Abdrahman	SWE	PTF	2:0
fujairah-open-2024	Senior Men -80kg	R32	203	ABOU DARGHAM Adam	LBN	ABOSADERA SHAKER Mohamed	EGY	RSC	
fujairah-open-2024	Senior Men -80kg	R32	204	FELICITE Lawrence	FRA	HASAN Ali	UAE	PTF	2:1
fujairah-open-2024	Senior Men -80kg	R32	205	TOKTABAYEV Alibek	KAZ	ABDELKADER Amr ali	UAE	PTF	2:0
fujairah-open-2024	Senior Men -80kg	R32	206	TOLEUGALI Batyrkhan	KAZ	AHMED Ben el bacaria	MAR	RSC	2:0
fujairah-open-2024	Senior Men -80kg	R32	207	SABAH Abdelrahman	JOR	ALZAHRANI Raed	KSA	RSC	1:0
fujairah-open-2024	Senior Men -80kg	R32	208	IBRAHIM Mohammad	KUW	SEKERKOJA Daulet	KAZ	PTF	2:0
fujairah-open-2024	Senior Men -80kg	R16	217	ASHOUR Mahde	KUW	ELSHARABATY Saleh	JOR	WDR	
fujairah-open-2024	Senior Men -80kg	R16	218	NAUVAL Ossanando	INA	GAFAROV Eltaj	AZE	PTF	2:1
fujairah-open-2024	Senior Men -80kg	R16	219	JAYSUNOV Jasurbek	UZB	ABOU DARGHAM Adam	LBN	PTF	2:0
fujairah-open-2024	Senior Men -80kg	R16	220	HUSIC Nedzad	BIH	FELICITE Lawrence	FRA	WDR	
fujairah-open-2024	Senior Men -80kg	R16	221	TOKTABAYEV Alibek	KAZ	SALAEV Shukhrat	UZB	WDR	
fujairah-open-2024	Senior Men -80kg	R16	222	TOLEUGALI Batyrkhan	KAZ	ABBAS Mazhar	PAK	PTF	2:0
fujairah-open-2024	Senior Men -80kg	R16	223	ZUBER Muhammad syafiq	MAS	SABAH Abdelrahman	JOR	PTG	2:0
fujairah-open-2024	Senior Men -80kg	R16	224	TELIKOSTOGLOU Apostolos	GRE	IBRAHIM Mohammad	KUW	PTG	2:0
fujairah-open-2024	Senior Men -80kg	QF	233	NAUVAL Ossanando	INA	ASHOUR Mahde	KUW	PTF	2:0
fujairah-open-2024	Senior Men -80kg	QF	234	JAYSUNOV Jasurbek	UZB	HUSIC Nedzad	BIH	PTF	2:0
fujairah-open-2024	Senior Men -80kg	QF	235	TOLEUGALI Batyrkhan	KAZ	TOKTABAYEV Alibek	KAZ	PTF	2:0
fujairah-open-2024	Senior Men -80kg	QF	236	TELIKOSTOGLOU Apostolos	GRE	ZUBER Muhammad syafiq	MAS	PTF	2:0
fujairah-open-2024	Senior Men -80kg	SF	241	JAYSUNOV Jasurbek	UZB	NAUVAL Ossanando	INA	PTF	2:0
fujairah-open-2024	Senior Men -80kg	SF	242	TELIKOSTOGLOU Apostolos	GRE	TOLEUGALI Batyrkhan	KAZ	PTF	2:1
fujairah-open-2024	Senior Men -80kg	F	949	JAYSUNOV Jasurbek	UZB	TELIKOSTOGLOU Apostolos	GRE	PTF	2:0
fujairah-open-2024	Senior Men -87kg	R32	929	AITAKHUNOV Akbar	KGZ	ALNASHASH Ibraheem	JOR	WDR	
fujairah-open-2024	Senior Men -87kg	R32	930	MYRZABAYEV Nurlan	KAZ	ALASSALI Llies	UAE	PTF	2:0
fujairah-open-2024	Senior Men -87kg	R32	931	ORDEMANN Richard andre	NOR	ALHERAIS Bader l s l	KUW	WDR	
fujairah-open-2024	Senior Men -87kg	R32	932	SUHAIMI Muhammad luqman haqim	MAS	CHUPONKULOV Abbos	UZB	PTF	2:0
fujairah-open-2024	Senior Men -87kg	R32	933	TAWFIK Hussein	EGY	TARRAZI Oliver	LBN	PTF	2:0
fujairah-open-2024	Senior Men -87kg	R16	934	IFAOUI Motaz	TUN	AITAKHUNOV Akbar	KGZ	PTF	2:0
fujairah-open-2024	Senior Men -87kg	R16	937	ORDEMANN Richard andre	NOR	SHUKRAN Mohammad ashraf	AFG	PTF	2:0
fujairah-open-2024	Senior Men -87kg	R16	938	SUHAIMI Muhammad luqman haqim	MAS	UL HAQ Ikhtisham	PAK	PTF	2:0
fujairah-open-2024	Senior Men -87kg	R16	939	TUKHTASINBOEV Mavlonbek	UZB	YESSIM Kuanysh	KAZ	RSC	
fujairah-open-2024	Senior Men -87kg	R16	940	ALKANDARI Yahyah	KUW	DURAYE Sajjad yahya ahmed	IRQ	PTF	2:1
fujairah-open-2024	Senior Men -87kg	R16	941	ALMABROUK Ali mabrouk s	KSA	TAWFIK Hussein	EGY	PTF	2:0
fujairah-open-2024	Senior Men -87kg	R16	941.1	BOUZID SOUIHILI Ismael	FRA	YASIR ABED Maytham	IRQ	WDR	1:0
fujairah-open-2024	Senior Men -87kg	R16	941.2	MYRZABAYEV Nurlan	KAZ	ALMUWALLAD Ahmad	KSA	PTF	2:0
fujairah-open-2024	Senior Men -87kg	QF	844.1	ALMABROUK Ali mabrouk s	KSA	ALKANDARI Yahyah	KUW	WDR	1:0
fujairah-open-2024	Senior Men -87kg	QF	944	TUKHTASINBOEV Mavlonbek	UZB	SUHAIMI Muhammad luqman haqim	MAS	PTF	2:0
fujairah-open-2024	Senior Men -87kg	QF	945.1	BOUZID SOUIHILI Ismael	FRA	IFAOUI Motaz	TUN	PTF	2:0
fujairah-open-2024	Senior Men -87kg	QF	945.2	MYRZABAYEV Nurlan	KAZ	ORDEMANN Richard andre	NOR	PTF	2:1
fujairah-open-2024	Senior Men -87kg	SF	946	BOUZID SOUIHILI Ismael	FRA	MYRZABAYEV Nurlan	KAZ	PTF	2:1
fujairah-open-2024	Senior Men -87kg	SF	947	ALMABROUK Ali mabrouk s	KSA	TUKHTASINBOEV Mavlonbek	UZB	PTF	2:0
fujairah-open-2024	Senior Men -87kg	F	146	ALMABROUK Ali mabrouk s	KSA	BOUZID SOUIHILI Ismael	FRA	RSC	2:0
fujairah-open-2024	Senior Men +87kg	R32	401	HOSSEINI Mirhashem	IRI	ABULATIFA Muhannad	KSA	PTF	2:0
fujairah-open-2024	Senior Men +87kg	R32	402	MUYDINOV Diyorbek	UZB	SHADEED Taisser	UAE	PTF	2:0
fujairah-open-2024	Senior Men +87kg	R32	403	ZHAMSHAYEV Nurbek	KAZ	OTHMAN Taim	GBR	PTF	2:0
fujairah-open-2024	Senior Men +87kg	R32	404	AGBOGBE-SALANON Osmund	FRA	ALDOSERI Abdulaziz	BRN	PTF	2:0
fujairah-open-2024	Senior Men +87kg	R32	405	MYRZAKHMET Sanzhar	KAZ	ALSALEM Majed mohammed b	KSA	PTF	2:1
fujairah-open-2024	Senior Men +87kg	R16	406	ZHAPAROV Ruslan	KAZ	HOSSEINI Mirhashem	IRI	PTF	2:1
fujairah-open-2024	Senior Men +87kg	R16	407	SALIMI Arian	IRI	MAVLONOV Marat	UZB	RSC	2:0
fujairah-open-2024	Senior Men +87kg	R16	408	LEE Meng-en	TPE	MUYDINOV Diyorbek	UZB	PTF	2:0
fujairah-open-2024	Senior Men +87kg	R16	409	SAEED Hamzah omar	PAK	ZHAMSHAYEV Nurbek	KAZ	PTF	
fujairah-open-2024	Senior Men +87kg	R16	410	AMIRI Ali akbar	AFG	AGBOGBE-SALANON Osmund	FRA	PTF	2:0
fujairah-open-2024	Senior Men +87kg	R16	411	BEIGI HARCHEGANI Milad	AZE	ESSAM MOHIUDDIN Abdullah	EGY	RSC	2:0
fujairah-open-2024	Senior Men +87kg	R16	412	BADRIALIABADI Hamidreza	AZE	AL AHMED Wadhah	QAT	PTF	2:0
fujairah-open-2024	Senior Men +87kg	R16	413	RAFALOVICH Nikita	UZB	MYRZAKHMET Sanzhar	KAZ	PTF	2:0
fujairah-open-2024	Senior Men +87kg	QF	414	SALIMI Arian	IRI	ZHAPAROV Ruslan	KAZ	WDR	1:0
fujairah-open-2024	Senior Men +87kg	QF	415	LEE Meng-en	TPE	SAEED Hamzah omar	PAK	PTF	2:0
fujairah-open-2024	Senior Men +87kg	QF	416	BEIGI HARCHEGANI Milad	AZE	AMIRI Ali akbar	AFG	PTF	2:0
fujairah-open-2024	Senior Men +87kg	QF	417	RAFALOVICH Nikita	UZB	BADRIALIABADI Hamidreza	AZE	PTF	2:0
fujairah-open-2024	Senior Men +87kg	SF	418	SALIMI Arian	IRI	LEE Meng-en	TPE	PTF	2:0
fujairah-open-2024	Senior Men +87kg	SF	419	BEIGI HARCHEGANI Milad	AZE	RAFALOVICH Nikita	UZB	PTF	2:0
fujairah-open-2024	Senior Men +87kg	F	948	SALIMI Arian	IRI	BEIGI HARCHEGANI Milad	AZE	PTF	2:1
canada-open-2024	Senior Men -87kg	R16	611	GOMEZ Jesus Fabian	MEX	DE Walter Gaebriel	CAN	PTF	2:0
canada-open-2024	Senior Men -87kg	QF	620	RODRIGUEZ Michael c	USA	GOMEZ Jesus Fabian	MEX	PTF	2:0
canada-open-2024	Senior Men -87kg	QF	621	SOUZA Allif	BRA	CHANG Yu-ling	TPE	PTF	2:1
canada-open-2024	Senior Men -87kg	QF	622	ESQUIVEL Juan	MEX	EDMISTON Tyler	USA	PTF	2:1
canada-open-2024	Senior Men -87kg	QF	623	STEWART Jordan	CAN	STEWART Jobe	AUS	PTF	1:1
canada-open-2024	Senior Men -87kg	SF	631	SOUZA Allif	BRA	RODRIGUEZ Michael c	USA	PTF	2:0
canada-open-2024	Senior Men -87kg	SF	632	STEWART Jordan	CAN	ESQUIVEL Juan	MEX	PTF	2:0
canada-open-2024	Senior Men -87kg	F	638	SOUZA Allif	BRA	STEWART Jordan	CAN	PTF	2:0
canada-open-2024	Senior Men -80kg	R32	601	AHMED Sinan Ashfaq	PAK	MANSFIELD Zaine	AUS	PTF	2:1
canada-open-2024	Senior Men -80kg	R32	602	OH Jihoon	KOR	GUZZO Pascal	CAN	PTF	2:0
canada-open-2024	Senior Men -80kg	R16	603	SEO Geon-woo	KOR	AHMED Sinan Ashfaq	PAK	PTF	2:0
canada-open-2024	Senior Men -80kg	R16	604	ALEJANDRO-VARGAS Diego	PUR	MERCIER Charlelie	CAN	PTF	1:1
canada-open-2024	Senior Men -80kg	R16	605	CHURCHILL Joaquin	CHI	HURTADO Jose Migue	MEX	PTF	2:0
canada-open-2024	Senior Men -80kg	R16	606	RODRIGUES FERNANDES Henrique marques	BRA	CURRAN Fergus	USA	WDR	2:0
canada-open-2024	Senior Men -80kg	R16	607	SEJRANOVIC Leon	AUS	MCLEAN Ethan	CAN	PTF	2:0
canada-open-2024	Senior Men -80kg	R16	608	ROBLETO David	NCA	HARMAN Baran	AUS	PTF	2:0
canada-open-2024	Senior Men -80kg	R16	609	FLORES Alejandro	CRC	BEAUDET Victor	CAN	PTF	2:0
canada-open-2024	Senior Men -80kg	R16	610	OH Jihoon	KOR	SWEENEY Liam	AUS	PTF	2:0
canada-open-2024	Senior Men -80kg	QF	616	SEO Geon-woo	KOR	ALEJANDRO-VARGAS Diego	PUR	PTF	2:0
canada-open-2024	Senior Men -80kg	QF	617	RODRIGUES FERNANDES Henrique marques	BRA	CHURCHILL Joaquin	CHI	PTF	1:0
canada-open-2024	Senior Men -80kg	QF	618	SEJRANOVIC Leon	AUS	ROBLETO David	NCA	PTF	1:0
canada-open-2024	Senior Men -80kg	QF	619	OH Jihoon	KOR	FLORES Alejandro	CRC	PTF	2:1
canada-open-2024	Senior Men -80kg	SF	629	RODRIGUES FERNANDES Henrique marques	BRA	SEO Geon-woo	KOR	PTF	2:1
canada-open-2024	Senior Men -80kg	SF	630	OH Jihoon	KOR	SEJRANOVIC Leon	AUS	PTF	2:0
canada-open-2024	Senior Men -80kg	F	637	RODRIGUES FERNANDES Henrique marques	BRA	OH Jihoon	KOR	PTF	2:0
canada-open-2024	Senior Men -74kg	R16	518	CARPENTIER Olivier	CAN	DAZA Louis	CAN	PTF	2:0
canada-open-2024	Senior Men -74kg	R16	519	WILCOX Sheldon	USA	MCMAHON Luke	AUS	PTF	2:0
canada-open-2024	Senior Men -74kg	R16	520	SHANAFELT Noah	USA	BOODOO Jacob	CAN	PTF	2:0
canada-open-2024	Senior Men -74kg	R16	521	BOURIEL Ayoub	CAN	TSAI Sheng-liang	TPE	PTF	2:0
canada-open-2024	Senior Men -74kg	R16	522	BUENAVENTURA Luke	USA	PRIDDLE Jonah	CAN	PTF	2:0
canada-open-2024	Senior Men -74kg	R16	523	BENAOUDA Zakaria	CAN	LARA Clemente	MEX	PTF	2:1
canada-open-2024	Senior Men -74kg	R16	524	MASSAY Cameron	USA	CEFAI Jamie	AUS	PTF	2:1
canada-open-2024	Senior Men -74kg	QF	529	NDE Aurele Tcheh	CAN	CARPENTIER Olivier	CAN	PTF	2:0
canada-open-2024	Senior Men -74kg	QF	530	SHANAFELT Noah	USA	WILCOX Sheldon	USA	PTF	2:1
canada-open-2024	Senior Men -74kg	QF	531	BUENAVENTURA Luke	USA	BOURIEL Ayoub	CAN	PTF	2:0
canada-open-2024	Senior Men -74kg	QF	532	BENAOUDA Zakaria	CAN	MASSAY Cameron	USA	PTF	2:0
canada-open-2024	Senior Men -74kg	SF	535	SHANAFELT Noah	USA	NDE Aurele Tcheh	CAN	PTF	2:1
canada-open-2024	Senior Men -74kg	SF	536	BENAOUDA Zakaria	CAN	BUENAVENTURA Luke	USA	PTF	2:1
canada-open-2024	Senior Men -74kg	F	538	SHANAFELT Noah	USA	BENAOUDA Zakaria	CAN	PTF	2:0
canada-open-2024	Senior Men -68kg	R64	401	MORALES Leroy	AUS	CASTILLO Edgard	USA	PTF	2:0
canada-open-2024	Senior Men -68kg	R64	402	PANOTES Jordan	USA	ZIDI Khaled	CAN	PTF	2:0
canada-open-2024	Senior Men -68kg	R64	403	CORNELL Devin	USA	SOLHJOO Sobhan	CAN	PTF	2:0
canada-open-2024	Senior Men -68kg	R64	404	DA William	BRA	HILAL Ali	CAN	PTF	2:0
canada-open-2024	Senior Men -68kg	R64	405	MINER Nathen	USA	PUOPOLO Corey	AUS	WDR	
canada-open-2024	Senior Men -68kg	R64	406	FORTIN Jacob	CAN	FREDRICKS Jeremy	USA	PTF	2:0
canada-open-2024	Senior Men -68kg	R64	407	LEE Hosoo	CAN	RAGHEB Taye	AUS	PTF	2:0
canada-open-2024	Senior Men -68kg	R64	408	PELLERIN Vincent	CAN	RODAS Athan	AUS	PTF	2:0
canada-open-2024	Senior Men -68kg	R32	409	PEREZ Javier	ESP	MORALES Leroy	AUS	PTF	2:0
canada-open-2024	Senior Men -68kg	R32	410	NIKOLOVSKI Xavier	AUS	TAIT Benjamin	CAN	PTF	2:0
canada-open-2024	Senior Men -68kg	R32	411	RODRIGUEZ Maikol	USA	BETTS Dustin	AUS	PTF	2:0
canada-open-2024	Senior Men -68kg	R32	412	PONTES Edival	BRA	PANOTES Jordan	USA	PTF	1:0
canada-open-2024	Senior Men -68kg	R32	413	CHIU Yi-jui	TPE	CORNELL Devin	USA	PTF	2:0
canada-open-2024	Senior Men -68kg	R32	414	HSU Hao-yu	TPE	AHMED Ammar Ashfaq	PAK	PTF	2:0
canada-open-2024	Senior Men -68kg	R32	415	BRITTON Shane	CAN	YOO John	AUS	PTF	2:0
canada-open-2024	Senior Men -68kg	R32	416	SUMMERFIELD Matthew	AUS	DA William	BRA	PTF	2:1
canada-open-2024	Senior Men -68kg	R32	417	SOUZA Joao Victor	BRA	MINER Nathen	USA	PTF	2:0
canada-open-2024	Senior Men -68kg	R32	418	ALMEIDA Fillipe	BRA	JENKINS Ethan	CAN	PTF	2:0
canada-open-2024	Senior Men -68kg	R32	419	OLIVERO Cristian	CHI	RUVALCABA Adrian	MEX	PTF	2:0
canada-open-2024	Senior Men -68kg	R32	420	ALCANTARA Arven	PHI	FORTIN Jacob	CAN	PTF	2:0
canada-open-2024	Senior Men -68kg	R32	421	YOUNG Isaiah	USA	LEE Hosoo	CAN	PTF	2:0
canada-open-2024	Senior Men -68kg	R32	422	ACUNA Jose Luis	ARG	DE Pedro Henrique	BRA	PTF	2:0
canada-open-2024	Senior Men -68kg	R32	423	CENDEJAS Emilio	USA	LALOAN Sean Jaylen	HAI	PTF	2:0
canada-open-2024	Senior Men -68kg	R32	424	MORALES Ignacio	CHI	PELLERIN Vincent	CAN	PTF	2:0
canada-open-2024	Senior Men -68kg	R16	428	PEREZ Javier	ESP	NIKOLOVSKI Xavier	AUS	PTF	2:0
canada-open-2024	Senior Men -68kg	R16	429	PONTES Edival	BRA	RODRIGUEZ Maikol	USA	PTF	2:0
canada-open-2024	Senior Men -68kg	R16	430	CHIU Yi-jui	TPE	HSU Hao-yu	TPE	WDR	
canada-open-2024	Senior Men -68kg	R16	431	BRITTON Shane	CAN	SUMMERFIELD Matthew	AUS	PTF	2:0
canada-open-2024	Senior Men -68kg	R16	432	SOUZA Joao Victor	BRA	ALMEIDA Fillipe	BRA	PTF	2:1
canada-open-2024	Senior Men -68kg	R16	433	OLIVERO Cristian	CHI	ALCANTARA Arven	PHI	PTF	2:1
canada-open-2024	Senior Men -68kg	R16	434	YOUNG Isaiah	USA	ACUNA Jose Luis	ARG	PTF	2:0
canada-open-2024	Senior Men -68kg	R16	435	MORALES Ignacio	CHI	CENDEJAS Emilio	USA	PTF	2:1
canada-open-2024	Senior Men -68kg	QF	444	PONTES Edival	BRA	PEREZ Javier	ESP	PTF	2:0
canada-open-2024	Senior Men -68kg	QF	445	CHIU Yi-jui	TPE	BRITTON Shane	CAN	PTF	2:0
canada-open-2024	Senior Men -68kg	QF	446	SOUZA Joao Victor	BRA	OLIVERO Cristian	CHI	PTF	2:0
canada-open-2024	Senior Men -68kg	QF	447	MORALES Ignacio	CHI	YOUNG Isaiah	USA	PTF	2:0
canada-open-2024	Senior Men -68kg	SF	452	PONTES Edival	BRA	CHIU Yi-jui	TPE	PTF	2:0
canada-open-2024	Senior Men -68kg	SF	453	SOUZA Joao Victor	BRA	MORALES Ignacio	CHI	PTF	2:0
canada-open-2024	Senior Men -68kg	F	456	SOUZA Joao Victor	BRA	PONTES Edival	BRA	PTF	2:0
canada-open-2024	Senior Men -63kg	R32	501	KIM Seung Ju	CAN	ROSARIO Michael	PUR	PTF	2:0
canada-open-2024	Senior Men -63kg	R32	502	JUNG Jaebin	KOR	MILLAN David	MEX	PTF	2:0
canada-open-2024	Senior Men -63kg	R32	503	YUN Jung Ho	KOR	LABATTE Jean Desaix	USA	PTF	2:0
canada-open-2024	Senior Men -63kg	R32	504	MONTONE Luca	AUS	DHILLON Rowan	CAN	PTF	2:0
canada-open-2024	Senior Men -63kg	R32	505	SPINOSO Juan Diego	MEX	BENNETT Dylan	CAN	PTF	2:0
canada-open-2024	Senior Men -63kg	R32	506	MOSTELLER Barron	USA	HOBBS John	CAN	PTF	2:0
canada-open-2024	Senior Men -63kg	R32	507	MATIN Fida	AUS	SABLJAK Lucas	AUS	PTF	2:1
canada-open-2024	Senior Men -63kg	R32	508	SALIM Omar Gergely	HUN	LEWIS Jason	USA	PTF	2:0
canada-open-2024	Senior Men -63kg	R32	509	BESPALYI Artur	CAN	SALEH James	CAN	PTF	2:0
canada-open-2024	Senior Men -63kg	R16	510	BUENAVIDES Kenneth	USA	KIM Seung Ju	CAN	PTF	2:0
canada-open-2024	Senior Men -63kg	R16	511	YUN Jung Ho	KOR	JUNG Jaebin	KOR	PTF	2:0
canada-open-2024	Senior Men -63kg	R16	512	VICENTE Adrian	ESP	MONTONE Luca	AUS	PTF	2:0
canada-open-2024	Senior Men -63kg	R16	513	BARETTA Eduardo	BRA	SPINOSO Juan Diego	MEX	PTF	2:1
canada-open-2024	Senior Men -63kg	R16	514	BARTHOLO Matheus	BRA	MOSTELLER Barron	USA	PTF	2:0
canada-open-2024	Senior Men -63kg	R16	515	MATIN Fida	AUS	KLABER Jourde	ARU	PTF	2:0
canada-open-2024	Senior Men -63kg	R16	516	SALIM Omar Gergely	HUN	POLICELI Santino	ARG	PTF	2:1
canada-open-2024	Senior Men -63kg	R16	517	CHUA Joseph	PHI	BESPALYI Artur	CAN	PTF	2:0
canada-open-2024	Senior Men -63kg	QF	525	BUENAVIDES Kenneth	USA	YUN Jung Ho	KOR	PTF	2:0
canada-open-2024	Senior Men -63kg	QF	526	VICENTE Adrian	ESP	BARETTA Eduardo	BRA	RSC	2:0
canada-open-2024	Senior Men -63kg	QF	527	BARTHOLO Matheus	BRA	MATIN Fida	AUS	PTF	2:0
canada-open-2024	Senior Men -63kg	QF	528	SALIM Omar Gergely	HUN	CHUA Joseph	PHI	PTF	2:0
canada-open-2024	Senior Men -63kg	SF	533	VICENTE Adrian	ESP	BUENAVIDES Kenneth	USA	PTF	2:0
canada-open-2024	Senior Men -63kg	SF	534	SALIM Omar Gergely	HUN	BARTHOLO Matheus	BRA	PTF	2:0
canada-open-2024	Senior Men -63kg	F	537	SALIM Omar Gergely	HUN	VICENTE Adrian	ESP	PTF	2:1
canada-open-2024	Senior Men -58kg	R32	201	PLAZA Brandon	MEX	CHOY Aaron	AUS	PTF	2:0
canada-open-2024	Senior Men -58kg	R32	202	WEEKES Jeremi	PUR	RODRIGUEZ Ilay	PUR	PTF	2:0
canada-open-2024	Senior Men -58kg	R32	203	RAMOS Jorge	CHI	BADALUCCO Lucas	CAN	PTF	2:1
canada-open-2024	Senior Men -58kg	R32	204	AQUINO Luiz	BRA	DELA Jonah	USA	PTF	2:0
canada-open-2024	Senior Men -58kg	R32	205	GUZMAN Lucas	ARG	MUNTEANU Roman	CAN	PTF	2:0
canada-open-2024	Senior Men -58kg	R32	206	PUMA Jose	PER	AYAZ Ibad	AUS	PTF	2:0
canada-open-2024	Senior Men -58kg	R32	207	MOTTA Damon	AUS	NORETTO Cole	USA	PTF	2:0
canada-open-2024	Senior Men -58kg	R32	208	CAMUA Benjamin	AUS	ALBA Juan-sebastia	CAN	PTF	2:0
canada-open-2024	Senior Men -58kg	R32	209	SALIM Sharif gergely	HUN	SAABEDRA Trinidad	USA	PTF	2:0
canada-open-2024	Senior Men -58kg	R32	210	KLABER Joshua	ARU	FERNANDEZ Tristan	AUS	PTF	2:0
canada-open-2024	Senior Men -58kg	R32	211	LEE Jaeuk	KOR	DULIN Bailey	USA	PTF	2:0
canada-open-2024	Senior Men -58kg	R32	212	RODRIGUEZ Cesar	MEX	DULIN Taylor	USA	PTF	2:0
canada-open-2024	Senior Men -58kg	R32	213	HOEFLING Nicholas	CAN	WALKER Kellen	USA	PTF	2:0
canada-open-2024	Senior Men -58kg	R32	214	SANTIAGO Jose Dani	PUR	NEGRETE Rodrigo Da	USA	PTF	2:0
canada-open-2024	Senior Men -58kg	R32	215	OMAR Rayan	CAN	PASHNIN Mark	CAN	PTF	2:0
canada-open-2024	Senior Men -58kg	R32	216	LEWIS Bailey	AUS	VASDEV Sidharth	CAN	PTF	2:0
canada-open-2024	Senior Men -58kg	R16	219	PLAZA Brandon	MEX	WEEKES Jeremi	PUR	PTF	2:1
canada-open-2024	Senior Men -58kg	R16	220	AQUINO Luiz	BRA	RAMOS Jorge	CHI	PTF	2:0
canada-open-2024	Senior Men -58kg	R16	221	GUZMAN Lucas	ARG	PUMA Jose	PER	PTF	2:0
canada-open-2024	Senior Men -58kg	R16	222	MOTTA Damon	AUS	CAMUA Benjamin	AUS	PTF	2:1
canada-open-2024	Senior Men -58kg	R16	223	SALIM Sharif gergely	HUN	KLABER Joshua	ARU	PTF	1:0
canada-open-2024	Senior Men -58kg	R16	224	LEE Jaeuk	KOR	RODRIGUEZ Cesar	MEX	PTF	2:0
canada-open-2024	Senior Men -58kg	R16	225	SANTIAGO Jose Dani	PUR	HOEFLING Nicholas	CAN	PTF	2:0
canada-open-2024	Senior Men -58kg	R16	226	LEWIS Bailey	AUS	OMAR Rayan	CAN	PTF	2:0
canada-open-2024	Senior Men -58kg	QF	235	AQUINO Luiz	BRA	PLAZA Brandon	MEX	PTF	2:1
canada-open-2024	Senior Men -58kg	QF	236	GUZMAN Lucas	ARG	MOTTA Damon	AUS	PTF	1:0
canada-open-2024	Senior Men -58kg	QF	237	SALIM Sharif gergely	HUN	LEE Jaeuk	KOR	PTF	2:0
canada-open-2024	Senior Men -58kg	QF	238	LEWIS Bailey	AUS	SANTIAGO Jose Dani	PUR	PTF	2:1
canada-open-2024	Senior Men -58kg	SF	243	GUZMAN Lucas	ARG	AQUINO Luiz	BRA	PTF	2:0
canada-open-2024	Senior Men -58kg	SF	244	LEWIS Bailey	AUS	SALIM Sharif gergely	HUN	WDR	
canada-open-2024	Senior Men -58kg	F	247	LEWIS Bailey	AUS	GUZMAN Lucas	ARG	WDR	
canada-open-2024	Senior Men -54kg	R32	101	BENAVIDES Ivan Haz	MEX	GONZALEZ Gael	USA	PTF	2:0
canada-open-2024	Senior Men -54kg	R32	102	WOO Ji-ho	KOR	GASTON Gabriel	MEX	PTF	2:0
canada-open-2024	Senior Men -54kg	R32	103	GONZALEZ Alessandro	USA	HARRISON Mason	AUS	PTF	2:1
canada-open-2024	Senior Men -54kg	R32	104	NICULAE Matthew	USA	JANSEN Jayvan Mair	ARU	PTF	2:0
canada-open-2024	Senior Men -54kg	R32	105	ORTEGA Axel	MEX	TAN Emmanuel	USA	PTF	2:0
canada-open-2024	Senior Men -54kg	R32	106	HEALY Seth	AUS	HEIDARY Sourena	CAN	PTF	2:0
canada-open-2024	Senior Men -54kg	R32	107	BARAJAS Mateo	USA	NG Titus	CAN	PTF	2:0
canada-open-2024	Senior Men -54kg	R16	115	DE MORAES Giovanni aubin	BRA	BENAVIDES Ivan Haz	MEX	PTF	2:0
canada-open-2024	Senior Men -54kg	R16	116	BERUBE Zachary	CAN	VASQUEZ Gaston	CHI	PTF	2:1
canada-open-2024	Senior Men -54kg	R16	117	WOO Ji-ho	KOR	PAVONE Hunter	USA	PTF	2:1
canada-open-2024	Senior Men -54kg	R16	118	GONZALEZ Alessandro	USA	KADAM Aaditya	AUS	PTF	2:1
canada-open-2024	Senior Men -54kg	R16	119	BRINDAMOHAN Nithan	CAN	NICULAE Matthew	USA	PTF	2:0
canada-open-2024	Senior Men -54kg	R16	120	ORTEGA Axel	MEX	MENACHO Yosthin Be	BOL	PTF	2:0
canada-open-2024	Senior Men -54kg	R16	121	HEALY Seth	AUS	CORREA Cristian damian	ARG	PTF	2:1
canada-open-2024	Senior Men -54kg	R16	122	MARQUES Flavio	BRA	BARAJAS Mateo	USA	PTF	2:0
canada-open-2024	Senior Men -54kg	QF	131	DE MORAES Giovanni aubin	BRA	BERUBE Zachary	CAN	PTF	2:0
canada-open-2024	Senior Men -54kg	QF	132	WOO Ji-ho	KOR	GONZALEZ Alessandro	USA	RSC	2:0
canada-open-2024	Senior Men -54kg	QF	133	BRINDAMOHAN Nithan	CAN	ORTEGA Axel	MEX	PTF	2:0
canada-open-2024	Senior Men -54kg	QF	134	HEALY Seth	AUS	MARQUES Flavio	BRA	PTF	2:0
canada-open-2024	Senior Men -54kg	SF	143	WOO Ji-ho	KOR	DE MORAES Giovanni aubin	BRA	RSC	1:0
canada-open-2024	Senior Men -54kg	SF	144	BRINDAMOHAN Nithan	CAN	HEALY Seth	AUS	PTF	2:0
canada-open-2024	Senior Men -54kg	F	149	BRINDAMOHAN Nithan	CAN	WOO Ji-ho	KOR	PTF	2:0
canada-open-2024	Senior Men +87kg	R16	612	JURADO Diego	MEX	MENCL Thomas	CAN	PTF	2:1
canada-open-2024	Senior Men +87kg	R16	613	STILLEY Aiden	AUS	ALVES Agustin	ARG	PTF	2:1
canada-open-2024	Senior Men +87kg	R16	614	LEBEL Aubert	CAN	NIEVES Victor Manu	PUR	PTF	2:0
canada-open-2024	Senior Men +87kg	R16	615	CARLO Nicholas	USA	CORONADO Edgar	MEX	PTF	2:0
canada-open-2024	Senior Men +87kg	QF	624	SANSORES Carlos	MEX	JURADO Diego	MEX	PTF	2:0
canada-open-2024	Senior Men +87kg	QF	625	LEE Meng-en	TPE	STILLEY Aiden	AUS	PTF	2:0
canada-open-2024	Senior Men +87kg	QF	626	MARTINS Icaro Miguel	BRA	LEBEL Aubert	CAN	RSC	2:0
canada-open-2024	Senior Men +87kg	QF	627	SIQUEIRA Maicon	BRA	CARLO Nicholas	USA	PTF	2:0
canada-open-2024	Senior Men +87kg	SF	633	SANSORES Carlos	MEX	LEE Meng-en	TPE	PTF	2:1
canada-open-2024	Senior Men +87kg	SF	634	SIQUEIRA Maicon	BRA	MARTINS Icaro Miguel	BRA	PTF	2:1
canada-open-2024	Senior Men +87kg	F	639	SANSORES Carlos	MEX	SIQUEIRA Maicon	BRA	WDR	
canada-open-2024	Senior Women -73kg	QF	139	RIVAS Victoria	ARG	LEE Ava Soon	HAI	PTF	2:1
canada-open-2024	Senior Women -73kg	QF	140	ROBERTS Olivia	AUS	LAUZON Lauriane	CAN	PTF	2:0
canada-open-2024	Senior Women -73kg	QF	141	KIEFER Grace	AUS	DREGER Hannah	CAN	PTF	2:0
canada-open-2024	Senior Women -73kg	QF	142	WEEKES Crystal	PUR	TALHA Asma	CAN	PTF	2:0
canada-open-2024	Senior Women -73kg	SF	147	RIVAS Victoria	ARG	ROBERTS Olivia	AUS	PTF	2:1
canada-open-2024	Senior Women -73kg	SF	148	WEEKES Crystal	PUR	KIEFER Grace	AUS	PTF	2:0
canada-open-2024	Senior Women -73kg	F	151	WEEKES Crystal	PUR	RIVAS Victoria	ARG	PTF	2:0
canada-open-2024	Senior Women -67kg	R32	217	KUPEC Adrianna nike	USA	BARRON Sara Lucia	MEX	PTF	2:0
canada-open-2024	Senior Women -67kg	R32	218	DA SILVA BATISTA DE SOUZA Thaisa	BRA	PARK Su Hyun	KOR	PTF	2:0
canada-open-2024	Senior Women -67kg	R16	227	TITONELI Milena	BRA	KUPEC Adrianna nike	USA	PTF	2:0
canada-open-2024	Senior Women -67kg	R16	228	LOPEZ Valeria	PUR	KIEFER Hannah	AUS	PTF	2:0
canada-open-2024	Senior Women -67kg	R16	229	MACEDO Sandy	BRA	LUKIC Maya	CAN	PTF	2:0
canada-open-2024	Senior Women -67kg	R16	230	GALLARDO Claudia	CHI	CROOK Aria	AUS	PTF	2:0
canada-open-2024	Senior Women -67kg	R16	231	MURRAY Rebecca	AUS	NICHOLSON Sofie	CAN	PTF	2:0
canada-open-2024	Senior Women -67kg	R16	232	BAC Thi Khiem	VIE	AGUIRRE Fernanda	CHI	PTF	2:0
canada-open-2024	Senior Women -67kg	R16	233	TYPOU Sofia	AUS	PEZZO Giorgia	CAN	PTF	2:0
canada-open-2024	Senior Women -67kg	R16	234	SOLTERO Leslie	MEX	DA SILVA BATISTA DE SOUZA Thaisa	BRA	PTF	2:1
canada-open-2024	Senior Women -67kg	QF	239	TITONELI Milena	BRA	LOPEZ Valeria	PUR	PTF	2:0
canada-open-2024	Senior Women -67kg	QF	240	GALLARDO Claudia	CHI	MACEDO Sandy	BRA	PTF	2:0
canada-open-2024	Senior Women -67kg	QF	241	BAC Thi Khiem	VIE	MURRAY Rebecca	AUS	PTF	2:0
canada-open-2024	Senior Women -67kg	QF	242	SOLTERO Leslie	MEX	TYPOU Sofia	AUS	PTF	2:1
canada-open-2024	Senior Women -67kg	SF	245	TITONELI Milena	BRA	GALLARDO Claudia	CHI	PTF	1:0
canada-open-2024	Senior Women -67kg	SF	246	BAC Thi Khiem	VIE	SOLTERO Leslie	MEX	PTF	2:1
canada-open-2024	Senior Women -67kg	F	248	TITONELI Milena	BRA	BAC Thi Khiem	VIE	PTF	2:0
canada-open-2024	Senior Women -62kg	R32	425	PEREZ Ashley	USA	AU Shevana	CAN	PTF	2:0
canada-open-2024	Senior Women -62kg	R32	426	ALVAREZ Valentina	MEX	BEAULIEU Gabrielle	CAN	PTF	2:1
canada-open-2024	Senior Women -62kg	R32	427	COLLYER Isabelle	USA	STIRBU Andrea	CAN	PTF	2:0
canada-open-2024	Senior Women -62kg	R16	436	ANDRIC Leonarda	CAN	PEREZ Ashley	USA	PTF	2:0
canada-open-2024	Senior Women -62kg	R16	437	MEDD Saskia	AUS	SANTERRE Frederiqu	CAN	PTF	2:0
canada-open-2024	Senior Women -62kg	R16	438	CHANG Jui-en	TPE	HUTCHINGS Avery	CAN	PTF	2:0
canada-open-2024	Senior Women -62kg	R16	439	BLEWITT Gabriella	AUS	LECLERC Marianne	CAN	PTF	2:0
canada-open-2024	Senior Women -62kg	R16	440	VELAZQUEZ Itzel	MEX	ALVAREZ Valentina	MEX	PTF	2:0
canada-open-2024	Senior Women -62kg	R16	441	SOTO Isuangelis	PUR	MACGREGOR Makenzie	USA	PTF	2:0
canada-open-2024	Senior Women -62kg	R16	442	TRAN Thi Anh Tuyet	VIE	DEATON Danica	USA	PTF	2:0
canada-open-2024	Senior Women -62kg	R16	443	TESIC Nadja	SRB	COLLYER Isabelle	USA	PTF	2:0
canada-open-2024	Senior Women -62kg	QF	448	ANDRIC Leonarda	CAN	MEDD Saskia	AUS	PTF	2:0
canada-open-2024	Senior Women -62kg	QF	449	CHANG Jui-en	TPE	BLEWITT Gabriella	AUS	PTF	2:0
canada-open-2024	Senior Women -62kg	QF	450	VELAZQUEZ Itzel	MEX	SOTO Isuangelis	PUR	PTF	2:0
canada-open-2024	Senior Women -62kg	QF	451	TESIC Nadja	SRB	TRAN Thi Anh Tuyet	VIE	PTF	2:1
canada-open-2024	Senior Women -62kg	SF	454	ANDRIC Leonarda	CAN	CHANG Jui-en	TPE	PTF	2:0
canada-open-2024	Senior Women -62kg	SF	455	TESIC Nadja	SRB	VELAZQUEZ Itzel	MEX	PTF	2:1
canada-open-2024	Senior Women -62kg	F	457	TESIC Nadja	SRB	ANDRIC Leonarda	CAN	WDR	
canada-open-2024	Senior Women -57kg	R32	301	ABELA Rose Letizia	AUS	MORRISSEY Bella Ca	USA	PTF	2:0
canada-open-2024	Senior Women -57kg	R16	315	PACHECO Maria clara	BRA	ABELA Rose Letizia	AUS	PTF	2:0
canada-open-2024	Senior Women -57kg	R16	316	GRETARSDOTTIR Ingibjorg	ISL	ST-PIERRE Alycia	CAN	PTF	2:0
canada-open-2024	Senior Women -57kg	R16	317	VILLEGAS Fabiola G	MEX	KIM Nanhee	KOR	PTF	2:0
canada-open-2024	Senior Women -57kg	R16	318	KIM Yurin	KOR	LINDO Neshi Lee	CRC	PTF	2:1
canada-open-2024	Senior Women -57kg	R16	319	KINDL Melanie	AUT	SCHWARTZ Ava	CAN	PTF	2:0
canada-open-2024	Senior Women -57kg	R16	320	COX Caitlyn	USA	LAW Sin Yi	HKG	PTF	2:0
canada-open-2024	Senior Women -57kg	R16	321	LIN Wei-chun	TPE	LECLERC Gabrielle	CAN	PTF	2:0
canada-open-2024	Senior Women -57kg	R16	322	HYMER Stacey	AUS	SALGADO Zaira Paul	MEX	PTF	2:0
canada-open-2024	Senior Women -57kg	QF	339	PACHECO Maria clara	BRA	GRETARSDOTTIR Ingibjorg	ISL	PTF	2:0
canada-open-2024	Senior Women -57kg	QF	340	VILLEGAS Fabiola G	MEX	KIM Yurin	KOR	PTF	2:1
canada-open-2024	Senior Women -57kg	QF	341	KINDL Melanie	AUT	COX Caitlyn	USA	PTF	2:0
canada-open-2024	Senior Women -57kg	QF	342	LIN Wei-chun	TPE	HYMER Stacey	AUS	PTF	2:0
canada-open-2024	Senior Women -57kg	SF	351	PACHECO Maria clara	BRA	VILLEGAS Fabiola G	MEX	PTF	2:0
canada-open-2024	Senior Women -57kg	SF	352	LIN Wei-chun	TPE	KINDL Melanie	AUT	PTF	2:1
canada-open-2024	Senior Women -57kg	F	357	PACHECO Maria clara	BRA	LIN Wei-chun	TPE	PTF	2:0
canada-open-2024	Senior Women -53kg	R32	302	MASIELLO Giuliana	AUS	MUNOZ Thalia	USA	PTF	2:0
canada-open-2024	Senior Women -53kg	R32	303	POIRE Aurelie	CAN	CARPENTIER Vicky	CAN	PTF	2:1
canada-open-2024	Senior Women -53kg	R32	304	TRUONG Thi kim tuyen	VIE	TATIANCHENKO Sophi	CAN	PTF	2:0
canada-open-2024	Senior Women -53kg	R32	305	CHAVEZ Christina	USA	HERRERA Fernanda S	MEX	PTF	2:0
canada-open-2024	Senior Women -53kg	R32	306	BARROS Nivea	BRA	VILLASENOR Bobbi M	USA	PTF	2:0
canada-open-2024	Senior Women -53kg	R32	307	CELORIO Vania Judi	MEX	RUIZ Destiny	USA	PTF	2:0
canada-open-2024	Senior Women -53kg	R32	308	DURNIN Jaden	CAN	MALANG Alexia	CAN	PTF	2:0
canada-open-2024	Senior Women -53kg	R32	309	DUMAS Mathilde	CAN	HAN Seoheun	KOR	PTF	2:0
canada-open-2024	Senior Women -53kg	R32	310	AU Yivana	CAN	PALOK Kseniia	UKR	PTF	2:0
canada-open-2024	Senior Women -53kg	R32	311	PAPPAS Ruby	AUS	AHO Sophia	USA	PTF	2:0
canada-open-2024	Senior Women -53kg	R16	323	SU Po-ya	TPE	MASIELLO Giuliana	AUS	PTF	2:0
canada-open-2024	Senior Women -53kg	R16	324	TRUONG Thi kim tuyen	VIE	POIRE Aurelie	CAN	RSC	2:0
canada-open-2024	Senior Women -53kg	R16	325	GODOY Carla	ARG	CHAVEZ Christina	USA	PTF	2:0
canada-open-2024	Senior Women -53kg	R16	326	BARROS Nivea	BRA	FOKAS Sophia	CAN	PTF	2:0
canada-open-2024	Senior Women -53kg	R16	327	CELORIO Vania Judi	MEX	OCEGUERA Sophia	USA	PTF	2:0
canada-open-2024	Senior Women -53kg	R16	328	BREWSTER Megan	CAN	DURNIN Jaden	CAN	PTF	2:0
canada-open-2024	Senior Women -53kg	R16	329	DUMAS Mathilde	CAN	AU Yivana	CAN	PTF	2:0
canada-open-2024	Senior Women -53kg	R16	330	SANTIAGO Keishlie	PUR	PAPPAS Ruby	AUS	PTF	2:0
canada-open-2024	Senior Women -53kg	QF	343	SU Po-ya	TPE	TRUONG Thi kim tuyen	VIE	PTF	2:1
canada-open-2024	Senior Women -53kg	QF	344	BARROS Nivea	BRA	GODOY Carla	ARG	PTF	2:0
canada-open-2024	Senior Women -53kg	QF	345	CELORIO Vania Judi	MEX	BREWSTER Megan	CAN	PTF	2:0
canada-open-2024	Senior Women -53kg	QF	346	DUMAS Mathilde	CAN	SANTIAGO Keishlie	PUR	PTF	2:0
canada-open-2024	Senior Women -53kg	SF	353	SU Po-ya	TPE	BARROS Nivea	BRA	PTF	2:1
canada-open-2024	Senior Women -53kg	SF	354	DUMAS Mathilde	CAN	CELORIO Vania Judi	MEX	PTF	2:0
canada-open-2024	Senior Women -53kg	F	358	SU Po-ya	TPE	DUMAS Mathilde	CAN	PTF	2:0
canada-open-2024	Senior Women -49kg	R32	312	ESPINOSA Maria Eli	MEX	OH Sophia	USA	PTF	2:0
canada-open-2024	Senior Women -49kg	R32	313	GRANT Leah	CAN	LANDSBERG Ambrosia	AUS	PTF	2:0
canada-open-2024	Senior Women -49kg	R32	314	KHAN Laila	CAN	YE Zi	CAN	PTF	2:0
canada-open-2024	Senior Women -49kg	R16	331	TAMBYRAJAH Saffron	AUS	ESPINOSA Maria Eli	MEX	PTF	2:1
canada-open-2024	Senior Women -49kg	R16	332	MORALES Kayla	USA	LAM Siu Wai	HKG	PTF	2:0
canada-open-2024	Senior Women -49kg	R16	333	KAFADAR Josipa	CAN	CASTILLO Karoline	PAN	PTF	2:0
canada-open-2024	Senior Women -49kg	R16	334	MILLER Montana	USA	AU Ivana	CAN	PTF	2:0
canada-open-2024	Senior Women -49kg	R16	335	SENDRA Giulia Clar	ARG	GRANT Leah	CAN	PTF	2:0
canada-open-2024	Senior Women -49kg	R16	336	MATA Maya	USA	QUERUBIN Sofia	AUS	PTF	2:1
canada-open-2024	Senior Women -49kg	R16	337	CHOI Ashley	USA	LINAN Naiara	AND	PTF	2:1
canada-open-2024	Senior Women -49kg	R16	338	KHAN Laila	CAN	LAHOOD Juliet	AUS	PTF	2:0
canada-open-2024	Senior Women -49kg	QF	347	TAMBYRAJAH Saffron	AUS	MORALES Kayla	USA	PTF	2:0
canada-open-2024	Senior Women -49kg	QF	348	KAFADAR Josipa	CAN	MILLER Montana	USA	PTF	2:1
canada-open-2024	Senior Women -49kg	QF	349	MATA Maya	USA	SENDRA Giulia Clar	ARG	PTF	2:0
canada-open-2024	Senior Women -49kg	QF	350	CHOI Ashley	USA	KHAN Laila	CAN	PTF	2:0
canada-open-2024	Senior Women -49kg	SF	355	TAMBYRAJAH Saffron	AUS	KAFADAR Josipa	CAN	PTF	2:1
canada-open-2024	Senior Women -49kg	SF	356	MATA Maya	USA	CHOI Ashley	USA	PTF	2:0
canada-open-2024	Senior Women -49kg	F	359	MATA Maya	USA	TAMBYRAJAH Saffron	AUS	PTF	2:1
canada-open-2024	Senior Women -46kg	R32	108	BASSETT Jaycee	CRC	CARPENTIER Justine	CAN	PTF	2:1
canada-open-2024	Senior Women -46kg	R32	109	BARROSO Kiara	POR	WONG Hoi Ying	CAN	PTF	1:0
canada-open-2024	Senior Women -46kg	R32	110	MORONES Beatrice	CAN	SARDANA Claire	AUS	PTF	2:0
canada-open-2024	Senior Women -46kg	R32	111	SWEENEY Tiarnagh	AUS	ARRID Rim	CAN	DSQ	
canada-open-2024	Senior Women -46kg	R32	112	GAUDREAULT Leanne	CAN	AGUSTIN Kaelynn jae	USA	PTF	2:0
canada-open-2024	Senior Women -46kg	R32	113	MOTTA Bianca	AUS	CAPOLO Daniela Roc	ARG	PTF	2:0
canada-open-2024	Senior Women -46kg	R32	114	HERNANDEZ Fernanda	MEX	BURKLUND Tayra	CRC	PTF	2:0
canada-open-2024	Senior Women -46kg	R16	123	HUANG Ying Hsuan	TPE	BASSETT Jaycee	CRC	PTF	2:0
canada-open-2024	Senior Women -46kg	R16	124	SILVA Julia	BRA	LECLERCQ Karine	USA	PTF	2:0
canada-open-2024	Senior Women -46kg	R16	125	BARROSO Kiara	POR	FAFARD Mathilde	CAN	PTF	2:1
canada-open-2024	Senior Women -46kg	R16	126	OKAZAKI Hinata	JPN	MORONES Beatrice	CAN	PTF	2:0
canada-open-2024	Senior Women -46kg	R16	127	LLAUCA Camila	PER	SWEENEY Tiarnagh	AUS	PTF	2:1
canada-open-2024	Senior Women -46kg	R16	128	FONSECA Caliana	USA	GAUDREAULT Leanne	CAN	RSC	
canada-open-2024	Senior Women -46kg	R16	129	MOTTA Bianca	AUS	BRINDAMOHAN Sarangi	CAN	PTF	2:0
canada-open-2024	Senior Women -46kg	R16	130	HERNANDEZ Fernanda	MEX	OROZCO Angelique	CAN	PTF	2:0
canada-open-2024	Senior Women -46kg	QF	135	SILVA Julia	BRA	HUANG Ying Hsuan	TPE	PTF	2:0
canada-open-2024	Senior Women -46kg	QF	136	OKAZAKI Hinata	JPN	BARROSO Kiara	POR	RSC	2:0
canada-open-2024	Senior Women -46kg	QF	137	LLAUCA Camila	PER	FONSECA Caliana	USA	PTF	2:0
canada-open-2024	Senior Women -46kg	QF	138	MOTTA Bianca	AUS	HERNANDEZ Fernanda	MEX	PTF	2:0
canada-open-2024	Senior Women -46kg	SF	145	OKAZAKI Hinata	JPN	SILVA Julia	BRA	PTF	2:1
canada-open-2024	Senior Women -46kg	SF	146	MOTTA Bianca	AUS	LLAUCA Camila	PER	PTF	2:0
canada-open-2024	Senior Women -46kg	F	150	MOTTA Bianca	AUS	OKAZAKI Hinata	JPN	PTF	2:0
canada-open-2024	Senior Women +73kg	QF	628	DIAZ Carla Melina	ARG	JONES Iseabel	CAN	PTF	2:0
canada-open-2024	Senior Women +73kg	SF	635	STEWART Reba	AUS	DIAZ Carla Melina	ARG	PTF	2:1
canada-open-2024	Senior Women +73kg	SF	636	ALADE Naomi	USA	FOUNTAIN Rachel	CAN	PTF	2:0
canada-open-2024	Senior Women +73kg	F	640	ALADE Naomi	USA	STEWART Reba	AUS	PTF	2:1
