asian-championships-2024	Senior Women +73kg	OSIPOVA Svetlana	UZB	3
presidents-cup-europe-2022	Senior Men -87kg	SAPINA Ivan	CRO	1
presidents-cup-europe-2022	Senior Men -87kg	THOLIOTIS Vasileios	GRE	
presidents-cup-europe-2022	Senior Men -87kg	ISHBERDIN Dali	RUS	
presidents-cup-europe-2022	Senior Men -87kg	SEGEDIN Dinko	CRO	
presidents-cup-europe-2022	Senior Men -87kg	DIVKOVIC Patrik	SLO	
presidents-cup-europe-2022	Senior Men -87kg	KIRICHENKO Yury	RUS	
presidents-cup-europe-2022	Senior Men -87kg	MARTINEZ GARCIA Raul	ESP	
presidents-cup-europe-2022	Senior Men -87kg	KRPAN Vito	CRO	
presidents-cup-europe-2022	Senior Men -87kg	CUNNINGHAM Caden	GBR	3
presidents-cup-europe-2022	Senior Men -87kg	TRAJKOVSKI Damjan	MKD	
presidents-cup-europe-2022	Senior Men -87kg	ROS GÓMEZ Daniel	ESP	
presidents-cup-europe-2022	Senior Men -87kg	KAMALOV Rafael	RUS	3
presidents-cup-europe-2022	Senior Men -87kg	GOLUBOVIC Milos	SRB	
presidents-cup-europe-2022	Senior Men -87kg	GOMIS Païvou johnouario	GBS	
presidents-cup-europe-2022	Senior Men -87kg	BICER Enbiya taha	TUR	
presidents-cup-europe-2022	Senior Men -87kg	PRYAZHNIKOV Alexander	RUS	
presidents-cup-europe-2022	Senior Men -87kg	BACHMANN Alexander	GER	
presidents-cup-europe-2022	Senior Men -87kg	CISSE Cheick sallah	CIV	
presidents-cup-europe-2022	Senior Men -87kg	DODEVSKI Filip	MKD	
presidents-cup-europe-2022	Senior Men -87kg	BILIC PAVLINOVIC Josip	CRO	
presidents-cup-europe-2022	Senior Men -87kg	BOCHEROV Konstantin	RUS	
presidents-cup-europe-2022	Senior Men -87kg	DUISEBAY Smaiyl	KAZ	2
presidents-cup-europe-2022	Senior Men -68kg	PEREZ POLO Javier	ESP	2
presidents-cup-europe-2022	Senior Men -68kg	ORYNBASSAR Maksat	KAZ	
presidents-cup-europe-2022	Senior Men -68kg	NASERI Milad	AUT	
presidents-cup-europe-2022	Senior Men -68kg	BIRIMBAY Eldar	KAZ	
presidents-cup-europe-2022	Senior Men -68kg	NASERI Ansar	AUT	
presidents-cup-europe-2022	Senior Men -68kg	RAMAZANOV Khanmagomed	RUS	
presidents-cup-europe-2022	Senior Men -68kg	MAMATOV Oleh	UKR	
presidents-cup-europe-2022	Senior Men -68kg	CABALLERO Marcos	ESP	
presidents-cup-europe-2022	Senior Men -68kg	DEMIR Arslan	TUR	
presidents-cup-europe-2022	Senior Men -68kg	SYLSHABANAJ Erjon	ALB	
presidents-cup-europe-2022	Senior Men -68kg	GLASNOVIC Leon	CRO	
presidents-cup-europe-2022	Senior Men -68kg	OMAROV Magomedrasul	RUS	
presidents-cup-europe-2022	Senior Men -68kg	ABDULLAEV Said	RUS	
presidents-cup-europe-2022	Senior Men -68kg	DZHORDZHEV Mitko	BUL	
presidents-cup-europe-2022	Senior Men -68kg	AGUSHI Arnis	KOS	
presidents-cup-europe-2022	Senior Men -68kg	BIATETS Maksym	UKR	
presidents-cup-europe-2022	Senior Men -68kg	PARADA Manuel	ESP	
presidents-cup-europe-2022	Senior Men -68kg	CRESCENZI Simone	ITA	
presidents-cup-europe-2022	Senior Men -68kg	NAZARYAN David	RUS	
presidents-cup-europe-2022	Senior Men -68kg	PATINO POMBAL Pablo	ESP	3
presidents-cup-europe-2022	Senior Men -68kg	CREP Matija	CRO	
presidents-cup-europe-2022	Senior Men -68kg	AALIOUI Moussa	FRA	
presidents-cup-europe-2022	Senior Men -68kg	KRIVISHKIY Nimrod	ISR	
presidents-cup-europe-2022	Senior Men -68kg	HAKCANI Ardit	ALB	
presidents-cup-europe-2022	Senior Men -68kg	STORDALEN William	NOR	
presidents-cup-europe-2022	Senior Men -68kg	CHAMALIDIS Konstantinos	GRE	
presidents-cup-europe-2022	Senior Men -68kg	TOZON jure	SLO	
presidents-cup-europe-2022	Senior Men -68kg	ARCHER Marotea	FRA	
presidents-cup-europe-2022	Senior Men -68kg	DZHORDZHEV Aleksandar	BUL	
presidents-cup-europe-2022	Senior Men -68kg	USCIMIUK Sebastian	POL	
presidents-cup-europe-2022	Senior Men -68kg	AGEENKO Erik	RUS	
presidents-cup-europe-2022	Senior Men -68kg	SVITLYCHNYI Oleksii	UKR	
presidents-cup-europe-2022	Senior Men -68kg	KAVURAT Ferhat can	TUR	3
presidents-cup-europe-2022	Senior Men -68kg	DRAGOJEVIC Lazar	SRB	
presidents-cup-europe-2022	Senior Men -68kg	ALMAGDY Abdula	AUT	
presidents-cup-europe-2022	Senior Men -68kg	CHELLAMOOTOO Dylan	FRA	
presidents-cup-europe-2022	Senior Men -68kg	LUCIEN Theo	FRA	
presidents-cup-europe-2022	Senior Men -68kg	RADTKE Paul	GER	
presidents-cup-europe-2022	Senior Men -68kg	BECOVIC Zinedin	MNE	
presidents-cup-europe-2022	Senior Men -68kg	MAGERRAMOV Dzhavid	RUS	
presidents-cup-europe-2022	Senior Men -68kg	SALNIKOV Sergei	RUS	
presidents-cup-europe-2022	Senior Men -68kg	JOZSA Levente mark	HUN	
presidents-cup-europe-2022	Senior Men -68kg	TUMANOV Albert	RUS	
presidents-cup-europe-2022	Senior Men -68kg	JANICIJEVIC Marko	SRB	
presidents-cup-europe-2022	Senior Men -68kg	SZCZESNOWSKI Mateusz	POL	
presidents-cup-europe-2022	Senior Men -68kg	DAWOUD Omer Khaled	DEN	
presidents-cup-europe-2022	Senior Men -68kg	HERNANDEZ Oscar	ESP	
presidents-cup-europe-2022	Senior Men -68kg	AIT NACER Ayoub	FRA	
presidents-cup-europe-2022	Senior Men -68kg	LEO Speight	GBR	
presidents-cup-europe-2022	Senior Men -68kg	XANTHAKOS Theofanis	GRE	
presidents-cup-europe-2022	Senior Men -68kg	TCAKOEV Sarmat	RUS	1
presidents-cup-europe-2022	Senior Men -54kg	POLAT Gorkem	TUR	3
presidents-cup-europe-2022	Senior Men -54kg	YUSUPGADZHIEV Rasu	RUS	
presidents-cup-europe-2022	Senior Men -54kg	SAAL Rynald	FRA	
presidents-cup-europe-2022	Senior Men -54kg	DUISENBEK Aziret	KAZ	
presidents-cup-europe-2022	Senior Men -54kg	CAN Haktan	TUR	
presidents-cup-europe-2022	Senior Men -54kg	DADASHOV Maksud	RUS	
presidents-cup-europe-2022	Senior Men -54kg	TRIANTAFYLLOU Dimitrios	GRE	
presidents-cup-europe-2022	Senior Men -54kg	ONUS Emircan	GER	
presidents-cup-europe-2022	Senior Men -54kg	IBRAGIMOV Ziyadin	RUS	
presidents-cup-europe-2022	Senior Men -54kg	ABDEL HALIM Khaled	GER	
presidents-cup-europe-2022	Senior Men -54kg	SALIM Omar gergely	HUN	
presidents-cup-europe-2022	Senior Men -54kg	OUDAI Yanis	FRA	
presidents-cup-europe-2022	Senior Men -54kg	JAKSIC Vanja	SRB	
presidents-cup-europe-2022	Senior Men -54kg	MOLLE Milan	NED	
presidents-cup-europe-2022	Senior Men -54kg	MUÑOZ Jose Ignacio	ESP	
presidents-cup-europe-2022	Senior Men -54kg	LENZO Ettore	ITA	
presidents-cup-europe-2022	Senior Men -54kg	LIKOMETI Tedi	ALB	
presidents-cup-europe-2022	Senior Men -54kg	TESKERA Josip	CRO	
presidents-cup-europe-2022	Senior Men -54kg	BAGOV Idar	RUS	1
presidents-cup-europe-2022	Senior Men -54kg	BELLO MUNOZ David	ESP	
presidents-cup-europe-2022	Senior Men -54kg	TEMIRKHAN Samat	KAZ	
presidents-cup-europe-2022	Senior Men -54kg	DIMITROPOULOS Konstantinos	GRE	
presidents-cup-europe-2022	Senior Men -54kg	LILA Mateo	ALB	
presidents-cup-europe-2022	Senior Men -54kg	PATISHI Ori	ISR	
presidents-cup-europe-2022	Senior Men -54kg	ELOIAN Leon	RUS	
presidents-cup-europe-2022	Senior Men -54kg	PASHCOVSKY Tom	ISR	
presidents-cup-europe-2022	Senior Men -54kg	TUREKUL Sayat	KAZ	
presidents-cup-europe-2022	Senior Men -54kg	GRITSENKO Vladimir	RUS	2
presidents-cup-europe-2022	Senior Men -54kg	BOUCHETA Yazid	FRA	
presidents-cup-europe-2022	Senior Men -54kg	PAVONE Hunter	USA	
presidents-cup-europe-2022	Senior Men -54kg	BEDART Samuel	FRA	
presidents-cup-europe-2022	Senior Men -54kg	JIMENEZ Marcos	ESP	
presidents-cup-europe-2022	Senior Men -54kg	KIZMAZ Bilal	TUR	
presidents-cup-europe-2022	Senior Men -54kg	CONTI Andrea	ITA	
presidents-cup-europe-2022	Senior Men -54kg	ZHARKOV Denis	RUS	
presidents-cup-europe-2022	Senior Men -54kg	MOLJ Domen	SLO	
presidents-cup-europe-2022	Senior Men -54kg	IVKOVIC Relja	SRB	
presidents-cup-europe-2022	Senior Men -54kg	ESIPOV Aleksandr	RUS	3
presidents-cup-europe-2022	Senior Men -54kg	UNAL Ismail	TUR	
presidents-cup-europe-2022	Senior Men -54kg	TURKALJ Luka	CRO	
presidents-cup-europe-2022	Senior Women -67kg	WIET HENIN Magda	FRA	1
presidents-cup-europe-2022	Senior Women -67kg	ROBERTS Chloe	GBR	
presidents-cup-europe-2022	Senior Women -67kg	ALIEVA Dzhavriiat	RUS	
presidents-cup-europe-2022	Senior Women -67kg	GASPA Cristina	ITA	
presidents-cup-europe-2022	Senior Women -67kg	GRUNNING Alma	SWE	
presidents-cup-europe-2022	Senior Women -67kg	JUHASZOVA Iveta	CZE	
presidents-cup-europe-2022	Senior Women -67kg	SANDIC Zorana	BIH	
presidents-cup-europe-2022	Senior Women -67kg	CASTRO BURGOS Cecilia	ESP	3
presidents-cup-europe-2022	Senior Women -67kg	OREC Ariana	CRO	
presidents-cup-europe-2022	Senior Women -67kg	GEORGIEVSKA Anamarija	MKD	
presidents-cup-europe-2022	Senior Women -67kg	YOUKOUBOVA Karina	FRA	
presidents-cup-europe-2022	Senior Women -67kg	DELIDIMITRI Anasta	GRE	
presidents-cup-europe-2022	Senior Women -67kg	RANECKA Izabela	CZE	
presidents-cup-europe-2022	Senior Women -67kg	FUREDI Rebeka	HUN	
presidents-cup-europe-2022	Senior Women -67kg	MEHMEDOVIC Nadina	BIH	
presidents-cup-europe-2022	Senior Women -67kg	MITSOPOULOU Athanasia	GRE	
presidents-cup-europe-2022	Senior Women -67kg	DINKOVIC Iris	CRO	
presidents-cup-europe-2022	Senior Women -67kg	ZHELEZNOVA Viktoriia	RUS	3
presidents-cup-europe-2022	Senior Women -67kg	URGANAEVA Nina	RUS	
presidents-cup-europe-2022	Senior Women -67kg	NILSEN Mari romundset	NOR	
presidents-cup-europe-2022	Senior Women -67kg	SHESTOPALKA Vanessa Chiamaka	ESP	
presidents-cup-europe-2022	Senior Women -67kg	ANDERSEN Jasmin	DEN	
presidents-cup-europe-2022	Senior Women -67kg	TEACHOUT Kristina	USA	
presidents-cup-europe-2022	Senior Women -67kg	PERISIC Aleksandra	SRB	
presidents-cup-europe-2022	Senior Women -67kg	LJUBINKOVIC Anastasija	SLO	
presidents-cup-europe-2022	Senior Women -67kg	KHUSSAINOVA Nuray	KAZ	
presidents-cup-europe-2022	Senior Women -67kg	ARSLAN dilara	TUR	
presidents-cup-europe-2022	Senior Women -67kg	EVCI Mervenur	TUR	
presidents-cup-europe-2022	Senior Women -67kg	ZANONI Carlota Ter	ESP	
presidents-cup-europe-2022	Senior Women -67kg	KOERNDL Vanessa	GER	2
presidents-cup-europe-2022	Senior Women -46kg	STOJKOVIC Lena	CRO	
presidents-cup-europe-2022	Senior Women -46kg	TAHRAOUI Ines	FRA	
presidents-cup-europe-2022	Senior Women -46kg	KOMNENOVIC Lana	SRB	
presidents-cup-europe-2022	Senior Women -46kg	JOVIC Teodora	SRB	
presidents-cup-europe-2022	Senior Women -46kg	BEKULOVA Milana	RUS	2
presidents-cup-europe-2022	Senior Women -46kg	OGEL Filiz	TUR	
presidents-cup-europe-2022	Senior Women -46kg	JAGODIC Marija	SRB	
presidents-cup-europe-2022	Senior Women -46kg	ANTUNOVIC Paula	CRO	3
presidents-cup-europe-2022	Senior Women -46kg	JIMENEZ MONTERO Ana	ESP	
presidents-cup-europe-2022	Senior Women -46kg	RAJKOVSKA Frosina	MKD	
presidents-cup-europe-2022	Senior Women -46kg	NAHURNA Viktoriia	UKR	
presidents-cup-europe-2022	Senior Women -46kg	KOISHYBEKOVA Nargiza	KAZ	
presidents-cup-europe-2022	Senior Women -46kg	ZRIHEN Michal	POR	
presidents-cup-europe-2022	Senior Women -46kg	MEDVEDEVA Larisa	RUS	
presidents-cup-europe-2022	Senior Women -46kg	REHANI Dalya	FRA	
presidents-cup-europe-2022	Senior Women -46kg	KUMARTAYEVA Aidana	KAZ	
presidents-cup-europe-2022	Senior Women -46kg	FOMICHEVA Sofia	RUS	
presidents-cup-europe-2022	Senior Women -46kg	RABAB OUHADI	MAR	
presidents-cup-europe-2022	Senior Women -46kg	GOGEBAKAN Emine	TUR	1
presidents-cup-europe-2022	Senior Women -46kg	ZAMPETTI Sofia	ITA	
presidents-cup-europe-2022	Senior Women -46kg	MORALDE Jet	USA	
presidents-cup-europe-2022	Senior Women -46kg	AKALIN Ruhat	TUR	
presidents-cup-europe-2022	Senior Women -46kg	ANGELOVA Alisa	RUS	
presidents-cup-europe-2022	Senior Women -46kg	MYTILINIOU Magdali	GRE	
presidents-cup-europe-2022	Senior Women -46kg	KOLAREK Nika	CRO	3
presidents-cup-europe-2022	Senior Women -46kg	ARTAMONOVA Anastasiia	RUS	
presidents-cup-europe-2022	Senior Women +73kg	WALKDEN Bianca	GBR	3
presidents-cup-europe-2022	Senior Women +73kg	RIVADULLA LORENZO Desiree	ESP	
presidents-cup-europe-2022	Senior Women +73kg	KRAPIVKA Anna	RUS	
presidents-cup-europe-2022	Senior Women +73kg	AZRAN Dana	ISR	
presidents-cup-europe-2022	Senior Women +73kg	ADEBAIO Kristina	RUS	
presidents-cup-europe-2022	Senior Women +73kg	MORAN ROMERO Belen	ESP	
presidents-cup-europe-2022	Senior Women +73kg	OOGINK Reshmie	NED	
presidents-cup-europe-2022	Senior Women +73kg	ZELJKO Darija	CRO	
presidents-cup-europe-2022	Senior Women +73kg	KUS AYDIN Nafia	TUR	1
presidents-cup-europe-2022	Senior Women +73kg	AVOULETTE Solene	FRA	2
presidents-cup-europe-2022	Senior Women +73kg	PICHUGINA Anna	RUS	
presidents-cup-europe-2022	Senior Women +73kg	SMIRAGLIA Maristella	ITA	
presidents-cup-europe-2022	Senior Women +73kg	JAHL Marlene	AUT	
presidents-cup-europe-2022	Senior Women +73kg	CASTINEIRA ETCHEVERRIA Tania	ESP	
presidents-cup-europe-2022	Senior Women +73kg	GIACOMINI Laura	ITA	
presidents-cup-europe-2022	Senior Women +73kg	PETANJEK NIKA	CRO	3
presidents-cup-europe-2022	Senior Women +73kg	KOWALCZUK Aleksandra	POL	
presidents-cup-europe-2022	Senior Men -74kg	QUESADA BARRERA Daniel	ESP	
presidents-cup-europe-2022	Senior Men -74kg	KOVACIC Lin	SLO	
presidents-cup-europe-2022	Senior Men -74kg	ARFAN Muhammad	PAK	
presidents-cup-europe-2022	Senior Men -74kg	THUNE Sebastian	NOR	
presidents-cup-europe-2022	Senior Men -74kg	ODINAEV Rustam	RUS	
presidents-cup-europe-2022	Senior Men -74kg	HUSIC Nedzad	BIH	3
presidents-cup-europe-2022	Senior Men -74kg	PERUNIČIĆ Vasilije	MNE	
presidents-cup-europe-2022	Senior Men -74kg	RUIZ DOMENECH Ramon	ESP	
presidents-cup-europe-2022	Senior Men -74kg	KOREN Matevz	SLO	
presidents-cup-europe-2022	Senior Men -74kg	DREWLAU Eduard	GER	
presidents-cup-europe-2022	Senior Men -74kg	OUAHBI Oussama	FRA	
presidents-cup-europe-2022	Senior Men -74kg	DAUROV Kadyrbech	RUS	1
presidents-cup-europe-2022	Senior Men -74kg	CAZAUX Adrien	FRA	
presidents-cup-europe-2022	Senior Men -74kg	GARCIA Ruben	ESP	
presidents-cup-europe-2022	Senior Men -74kg	MARIPOV Abdurakhmon	KAZ	
presidents-cup-europe-2022	Senior Men -74kg	YILDIZ Muhammed emin	TUR	
presidents-cup-europe-2022	Senior Men -74kg	TAHRAOUI Yanis	FRA	
presidents-cup-europe-2022	Senior Men -74kg	ARTYUKHOV Dmitriy	RUS	2
presidents-cup-europe-2022	Senior Men -74kg	FOFANOV Konstantin	CRC	
presidents-cup-europe-2022	Senior Men -74kg	KETBI Si mohamed	BEL	
presidents-cup-europe-2022	Senior Men -74kg	FERNANDEZ Jose	ESP	
presidents-cup-europe-2022	Senior Men -74kg	JERMAMI Mehdi	FRA	
presidents-cup-europe-2022	Senior Men -74kg	CELIN Lyve-stone	FRA	
presidents-cup-europe-2022	Senior Men -74kg	GOLUBIC Marko	CRO	
presidents-cup-europe-2022	Senior Men -74kg	NSILU DILANDU Leroy	IRL	
presidents-cup-europe-2022	Senior Men -74kg	MARIC Piero	CRO	
presidents-cup-europe-2022	Senior Men -74kg	MICHAILIDIS Ilias	GRE	
presidents-cup-europe-2022	Senior Men -74kg	KRIVEYCHENKO Nikita	RUS	3
presidents-cup-europe-2022	Senior Men -74kg	CHEHADE Mohamad	SWE	
presidents-cup-europe-2022	Senior Men -74kg	TAKOV Stefan	SRB	
presidents-cup-europe-2022	Senior Men -74kg	SAROGLU Ferhat Muhammet	TUR	
presidents-cup-europe-2022	Senior Men -74kg	KILIC Yigithan	TUR	
presidents-cup-europe-2022	Senior Men -74kg	FELICITE Lawrence	FRA	
presidents-cup-europe-2022	Senior Men -74kg	ACHAB Badr	BEL	
presidents-cup-europe-2022	Senior Men -63kg	JORQUERA CALA Joan	ESP	
presidents-cup-europe-2022	Senior Men -63kg	NIKOLAOU Evangelos	GRE	
presidents-cup-europe-2022	Senior Men -63kg	VASIC Nemanja	SLO	
presidents-cup-europe-2022	Senior Men -63kg	BAZARBAYEV Adilet	KAZ	
presidents-cup-europe-2022	Senior Men -63kg	COMPRELLE Enzo	FRA	
presidents-cup-europe-2022	Senior Men -63kg	STANIC Novak	SRB	
presidents-cup-europe-2022	Senior Men -63kg	LO PINTO Daniel	ITA	
presidents-cup-europe-2022	Senior Men -63kg	JANZEN Jonas	AUT	
presidents-cup-europe-2022	Senior Men -63kg	OZKAYA Imran	GER	2
presidents-cup-europe-2022	Senior Men -63kg	ABDIRASHEV Sapargali	KAZ	
presidents-cup-europe-2022	Senior Men -63kg	ERER Berkay	TUR	
presidents-cup-europe-2022	Senior Men -63kg	KONSTANTINIDIS Iordanis	GER	
presidents-cup-europe-2022	Senior Men -63kg	ROGOZHINE Egor	ISR	
presidents-cup-europe-2022	Senior Men -63kg	BRNARDIC Nikola	CRO	
presidents-cup-europe-2022	Senior Men -63kg	HYTTEL Tobias	DEN	3
presidents-cup-europe-2022	Senior Men -63kg	STEPANENKO Artem	RUS	
presidents-cup-europe-2022	Senior Men -63kg	SHKALLA Orseld	ALB	
presidents-cup-europe-2022	Senior Men -63kg	ARTAMONOV Mikhail	RUS	
presidents-cup-europe-2022	Senior Men -63kg	EVLOEV Ibragim	RUS	
presidents-cup-europe-2022	Senior Men -63kg	PAPPA Rafael	GRE	
presidents-cup-europe-2022	Senior Men -63kg	RECBER Hakan	TUR	
presidents-cup-europe-2022	Senior Men -63kg	SAEZ Pablo	FRA	
presidents-cup-europe-2022	Senior Men -63kg	DUISENOV Shamsat	KAZ	
presidents-cup-europe-2022	Senior Men -63kg	BRECIC Lovre	CRO	
presidents-cup-europe-2022	Senior Men -63kg	IVASHCHENKO Denys	UKR	
presidents-cup-europe-2022	Senior Men -63kg	LILA Omar	ALB	
presidents-cup-europe-2022	Senior Men -63kg	VLADIMIROV Aleksei	RUS	
presidents-cup-europe-2022	Senior Men -63kg	BARETTA Dennis	ITA	3
presidents-cup-europe-2022	Senior Men -63kg	BURUSIC Marko	SRB	
presidents-cup-europe-2022	Senior Men -63kg	ALAPHILIPPE Souleyman	FRA	
presidents-cup-europe-2022	Senior Men -63kg	KULUK Kemal	TUR	
presidents-cup-europe-2022	Senior Men -63kg	BYSTROV Volodymyr	UKR	
presidents-cup-europe-2022	Senior Men -63kg	DEL Adrian	ESP	
presidents-cup-europe-2022	Senior Men -63kg	PETROPOULOS Georgios	GRE	
presidents-cup-europe-2022	Senior Men -63kg	SIKOVELAS Michail	GRE	
presidents-cup-europe-2022	Senior Men -63kg	KANAEV Andrei	RUS	
presidents-cup-europe-2022	Senior Men -63kg	QUAGLIERI Giovanni	FRA	
presidents-cup-europe-2022	Senior Men -63kg	ZUPANCIC Zan	SLO	
presidents-cup-europe-2022	Senior Men -63kg	PILAVAKIS Ioannis	CYP	
presidents-cup-europe-2022	Senior Men -63kg	ABAD EXPOSITO Iker	ESP	
presidents-cup-europe-2022	Senior Men -63kg	TOSUN Hikmet Faruk	TUR	
presidents-cup-europe-2022	Senior Men -63kg	MADUENO Adria	ESP	
presidents-cup-europe-2022	Senior Men -63kg	LIOTSOS Pavlos	GRE	
presidents-cup-europe-2022	Senior Men -63kg	ALIEV Ali	RUS	1
presidents-cup-europe-2022	Senior Men -63kg	RADEK Fran	CRO	
presidents-cup-europe-2022	Senior Men -63kg	ACHAB Jaouad	BEL	
presidents-cup-europe-2022	Senior Women -73kg	KHAN Polina	RUS	3
presidents-cup-europe-2022	Senior Women -73kg	JIRKA Kathrin	AUT	
presidents-cup-europe-2022	Senior Women -73kg	KAVUKCUOGLU Zehra begum	TUR	
presidents-cup-europe-2022	Senior Women -73kg	KORKUT Huri	TUR	
presidents-cup-europe-2022	Senior Women -73kg	DIAKITE Bintou	FRA	
presidents-cup-europe-2022	Senior Women -73kg	POLE Doris	CRO	
presidents-cup-europe-2022	Senior Women -73kg	AMERIDI Afroditi	GRE	
presidents-cup-europe-2022	Senior Women -73kg	OZTURK Busra	TUR	
presidents-cup-europe-2022	Senior Women -73kg	MILOSEVIC Nikol	AUT	
presidents-cup-europe-2022	Senior Women -73kg	LAURIN Althea	FRA	1
presidents-cup-europe-2022	Senior Women -73kg	SCHNEIDER Yanna	GER	
presidents-cup-europe-2022	Senior Women -73kg	RUIZ Judith	ESP	
presidents-cup-europe-2022	Senior Women -73kg	UZUNCAVDAR Sude yaren	TUR	
presidents-cup-europe-2022	Senior Women -73kg	HUSOVIC Darija	GER	
presidents-cup-europe-2022	Senior Women -73kg	VANDER-ZWALM Estelle	FRA	3
presidents-cup-europe-2022	Senior Women -73kg	WILLIAMS Lauren	GBR	2
presidents-cup-europe-2022	Senior Women -73kg	DIUBINA Kristina	RUS	
presidents-cup-europe-2022	Senior Women -73kg	STEPANOVA Elizaveta	RUS	
presidents-cup-europe-2022	Senior Women -73kg	KLEPAC Nika	CRO	
presidents-cup-europe-2022	Senior Women -73kg	HADZIC Alema	GER	
presidents-cup-europe-2022	Senior Women -57kg	ILGUN Hatice kubra	TUR	3
presidents-cup-europe-2022	Senior Women -57kg	TSANTE Maria	GRE	
presidents-cup-europe-2022	Senior Women -57kg	LIPATOVA Juliana	UKR	
presidents-cup-europe-2022	Senior Women -57kg	ORTIZ BENITO Arlet	ESP	
presidents-cup-europe-2022	Senior Women -57kg	BEROS Kristina	CRO	
presidents-cup-europe-2022	Senior Women -57kg	SCHOENMAKERS Bodine	NED	
presidents-cup-europe-2022	Senior Women -57kg	AIMUKASHEVA Kamila	KAZ	
presidents-cup-europe-2022	Senior Women -57kg	RADMILOVIC Aleksandra	SRB	
presidents-cup-europe-2022	Senior Women -57kg	GRITCUN Mariia	RUS	
presidents-cup-europe-2022	Senior Women -57kg	LAARAJ Nada	MAR	
presidents-cup-europe-2022	Senior Women -57kg	GAIZAUSKAITE Gerda	LTU	
presidents-cup-europe-2022	Senior Women -57kg	KUCHINA Viktorya	RUS	
presidents-cup-europe-2022	Senior Women -57kg	TVARONAVICIUTE Klaudija	LTU	
presidents-cup-europe-2022	Senior Women -57kg	CARABIN Kanelya	FRA	
presidents-cup-europe-2022	Senior Women -57kg	TARVIDA Inese	LAT	
presidents-cup-europe-2022	Senior Women -57kg	MIRONYUK Alena	RUS	
presidents-cup-europe-2022	Senior Women -57kg	GLASNOVIC Nikita	CRO	2
presidents-cup-europe-2022	Senior Women -57kg	SHCHERBAKOVA Polina	RUS	
presidents-cup-europe-2022	Senior Women -57kg	OZBEY Ozge	TUR	
presidents-cup-europe-2022	Senior Women -57kg	ADAMKIEWICZ Patryc	POL	
presidents-cup-europe-2022	Senior Women -57kg	BASHKIROVA Elizaveta	RUS	
presidents-cup-europe-2022	Senior Women -57kg	REIMUNDEZ Yadira	ESP	
presidents-cup-europe-2022	Senior Women -57kg	GOEBEL Laura	GER	
presidents-cup-europe-2022	Senior Women -57kg	TESIC Nadja	SRB	
presidents-cup-europe-2022	Senior Women -57kg	KALTEKI Faidra	GRE	
presidents-cup-europe-2022	Senior Women -57kg	AL HALWANI Giada	ITA	
presidents-cup-europe-2022	Senior Women -57kg	ASEMANI Raheleh	BEL	3
presidents-cup-europe-2022	Senior Women -57kg	KICEMA Helena	CRO	
presidents-cup-europe-2022	Senior Women -57kg	POPOSKA Sanja	MKD	
presidents-cup-europe-2022	Senior Women -57kg	TZELI Fani	GRE	
presidents-cup-europe-2022	Senior Women -57kg	JIMENEZ Maria	ESP	
presidents-cup-europe-2022	Senior Women -57kg	KRIVEICHENKO Elena	RUS	
presidents-cup-europe-2022	Senior Women -57kg	SPEHAR Lea	CRO	
presidents-cup-europe-2022	Senior Women -57kg	DILLON Faith	USA	
presidents-cup-europe-2022	Senior Women -57kg	ASPROGERAKA Andriana	GRE	
presidents-cup-europe-2022	Senior Women -57kg	BOKAN Andrea	SRB	
presidents-cup-europe-2022	Senior Women -57kg	PROTSENKO Diana	RUS	
presidents-cup-europe-2022	Senior Women -57kg	JONES Jade	GBR	1
presidents-cup-europe-2022	Senior Women -49kg	CEREZO IGLESIAS Adriana	ESP	
presidents-cup-europe-2022	Senior Women -49kg	SENYURT Aleyna	TUR	
presidents-cup-europe-2022	Senior Women -49kg	KAMKASOUMPHOU Maysane	FRA	
presidents-cup-europe-2022	Senior Women -49kg	PERUNICIC Jelena	MNE	
presidents-cup-europe-2022	Senior Women -49kg	MUSICKI Jovana	SRB	
presidents-cup-europe-2022	Senior Women -49kg	DINCEL KAVURAT Merve	TUR	1
presidents-cup-europe-2022	Senior Women -49kg	LAZIC Katharina	AUT	
presidents-cup-europe-2022	Senior Women -49kg	CORELLI Martina	ITA	
presidents-cup-europe-2022	Senior Women -49kg	PAPAGEORGIOU Zoi	GRE	
presidents-cup-europe-2022	Senior Women -49kg	MEDVEDEVA Galina	RUS	3
presidents-cup-europe-2022	Senior Women -49kg	PACHANSKY Mia	GBR	
presidents-cup-europe-2022	Senior Women -49kg	KAZARNOVSKAIA Anna	RUS	
presidents-cup-europe-2022	Senior Women -49kg	MAKANJUOLA Catheri	GBR	
presidents-cup-europe-2022	Senior Women -49kg	KHOBTAR Sofiia	UKR	
presidents-cup-europe-2022	Senior Women -49kg	CORTEGOSO LIMA Sara	ESP	
presidents-cup-europe-2022	Senior Women -49kg	CELIK Sueheda	GER	
presidents-cup-europe-2022	Senior Women -49kg	KHOMENKO Yekateryna	UKR	
presidents-cup-europe-2022	Senior Women -49kg	RYADNINSKAYA Elizaveta	RUS	
presidents-cup-europe-2022	Senior Women -49kg	ENTEZARI Nazila	AUT	
presidents-cup-europe-2022	Senior Women -49kg	DUVANCIC Bruna	CRO	2
presidents-cup-europe-2022	Senior Women -49kg	THEODOSA Chrysoula	GRE	
presidents-cup-europe-2022	Senior Women -49kg	OZTABAK Elif ilgin	TUR	
presidents-cup-europe-2022	Senior Women -49kg	TASKIN Zeynep	TUR	
presidents-cup-europe-2022	Senior Women -49kg	SEMBERG Abishag	ISR	
presidents-cup-europe-2022	Senior Women -49kg	ROGOZINA Irina	RUS	
presidents-cup-europe-2022	Senior Women -49kg	MOORE Maddison	GBR	
presidents-cup-europe-2022	Senior Women -49kg	MAESTRO Virginia	ITA	
presidents-cup-europe-2022	Senior Women -49kg	ATESLI Supharada	GER	
presidents-cup-europe-2022	Senior Women -49kg	GUNDUZ Selen	TUR	
presidents-cup-europe-2022	Senior Women -49kg	KAPANOVA Botakoz	KAZ	
presidents-cup-europe-2022	Senior Women -49kg	PAPAGEORGIOU Olga	GRE	
presidents-cup-europe-2022	Senior Women -49kg	CHIOTI Agni Danai	GRE	
presidents-cup-europe-2022	Senior Women -49kg	RIMON Moria	ISR	
presidents-cup-europe-2022	Senior Women -49kg	YILDIRIM Rukiye	TUR	3
presidents-cup-europe-2022	Senior Men -80kg	TELIKOSTOGLOU Apostolos	GRE	3
presidents-cup-europe-2022	Senior Men -80kg	STAMENOV Filip	MKD	
presidents-cup-europe-2022	Senior Men -80kg	AJHMAJER Tilen	SLO	
presidents-cup-europe-2022	Senior Men -80kg	KARAJLOVIC Ivan	SRB	
presidents-cup-europe-2022	Senior Men -80kg	GERRONE Antonio	ITA	
presidents-cup-europe-2022	Senior Men -80kg	RADOJKOVIC Aleksandar	AUT	
presidents-cup-europe-2022	Senior Men -80kg	PANTIS Patrick	AUT	
presidents-cup-europe-2022	Senior Men -80kg	NICKOLAS CJ	USA	2
presidents-cup-europe-2022	Senior Men -80kg	PIATKOWSKI Szymon	POL	
presidents-cup-europe-2022	Senior Men -80kg	LES Abdussamat	KAZ	
presidents-cup-europe-2022	Senior Men -80kg	NIKOLIC Matej	CRO	
presidents-cup-europe-2022	Senior Men -80kg	LANTRATOV Denis	RUS	
presidents-cup-europe-2022	Senior Men -80kg	KOTKOV Anton	RUS	
presidents-cup-europe-2022	Senior Men -80kg	KANAET Toni	CRO	
presidents-cup-europe-2022	Senior Men -80kg	KOZHAKHMET Nurkanat	KAZ	
presidents-cup-europe-2022	Senior Men -80kg	MICHOPOULOS Sotirios	GRE	
presidents-cup-europe-2022	Senior Men -80kg	ZEMLEDELTSEV Andrei	RUS	
presidents-cup-europe-2022	Senior Men -80kg	HARBAR Artem	UKR	
presidents-cup-europe-2022	Senior Men -80kg	ALESSIO Simone	ITA	1
presidents-cup-europe-2022	Senior Men -80kg	SASSON Itamar	ISR	
presidents-cup-europe-2022	Senior Men -80kg	MYRZABAYEV Nurlan	KAZ	
presidents-cup-europe-2022	Senior Men -80kg	MILINKOVIC Strahinja	SRB	
presidents-cup-europe-2022	Senior Men -80kg	KOSTENEVYCH Kostiantyn	UKR	
presidents-cup-europe-2022	Senior Men -80kg	LENART DRASKOVIC Leon	SLO	
presidents-cup-europe-2022	Senior Men -80kg	STOJANOVIC Stefan	SRB	
presidents-cup-europe-2022	Senior Men -80kg	PANTAZIS Georgios	GRE	
presidents-cup-europe-2022	Senior Men -80kg	ORDEMANN Richard andre	NOR	3
presidents-cup-europe-2022	Senior Men -58kg	DELL'AQUILA Vito	ITA	
presidents-cup-europe-2022	Senior Men -58kg	FRAILE RODRIGUEZ Jesus	ESP	
presidents-cup-europe-2022	Senior Men -58kg	DAYIOGLU Omer faruk	TUR	
presidents-cup-europe-2022	Senior Men -58kg	LIPOVAC Marko	CRO	
presidents-cup-europe-2022	Senior Men -58kg	CANAN Hueseyin	GER	
presidents-cup-europe-2022	Senior Men -58kg	ARILLO VAZQUEZ Hugo	ESP	
presidents-cup-europe-2022	Senior Men -58kg	LOMARTIRE Matias	ITA	
presidents-cup-europe-2022	Senior Men -58kg	MYLONAS Ioannis	GRE	
presidents-cup-europe-2022	Senior Men -58kg	RAPSOMANIKIS Dionysios	GRE	3
presidents-cup-europe-2022	Senior Men -58kg	ABABAKIROV Samirkhon	KAZ	
presidents-cup-europe-2022	Senior Men -58kg	FARNES Ricki Gene	DEN	
presidents-cup-europe-2022	Senior Men -58kg	POPOV Georgy	RUS	
presidents-cup-europe-2022	Senior Men -58kg	DELEVAL Herwan	FRA	
presidents-cup-europe-2022	Senior Men -58kg	MONTEIRO Pierre	FRA	
presidents-cup-europe-2022	Senior Men -58kg	BORGEN Kristian storsul	NOR	
presidents-cup-europe-2022	Senior Men -58kg	BOVKUN Viacheslav	RUS	
presidents-cup-europe-2022	Senior Men -58kg	YELSHIBAY Yelzhan	KAZ	
presidents-cup-europe-2022	Senior Men -58kg	KIRSANOV Sergei	RUS	
presidents-cup-europe-2022	Senior Men -58kg	ISRAILOV Zhassurbek	KAZ	
presidents-cup-europe-2022	Senior Men -58kg	GIKMATOV Ilia	RUS	
presidents-cup-europe-2022	Senior Men -58kg	RAVET Cyrian	FRA	2
presidents-cup-europe-2022	Senior Men -58kg	PASCHALIDIS Ioanni	GRE	
presidents-cup-europe-2022	Senior Men -58kg	BANTRALEXIS Antoni	GRE	
presidents-cup-europe-2022	Senior Men -58kg	VICENTE YUNTA Adrian	ESP	
presidents-cup-europe-2022	Senior Men -58kg	GASANOV Abdulmazhid	RUS	
presidents-cup-europe-2022	Senior Men -58kg	GAZEZ Nurbek	KAZ	
presidents-cup-europe-2022	Senior Men -58kg	SALIM Sharif gergely	HUN	
presidents-cup-europe-2022	Senior Men -58kg	SHISHKO Dmitrii	RUS	
presidents-cup-europe-2022	Senior Men -58kg	HAJNAL Filip	SRB	
presidents-cup-europe-2022	Senior Men -58kg	NOUR Mohammed	GBR	
presidents-cup-europe-2022	Senior Men -58kg	NOKA Romario	ALB	
presidents-cup-europe-2022	Senior Men -58kg	MAGOMEDOV Shamil	RUS	
presidents-cup-europe-2022	Senior Men -58kg	GURTSIEV Georgii	RUS	1
presidents-cup-europe-2022	Senior Men -58kg	KHACHATRIAN Vachagan	RUS	
presidents-cup-europe-2022	Senior Men -58kg	SERER Fran	CRO	
presidents-cup-europe-2022	Senior Men -58kg	DAGDELEN Deniz	TUR	
presidents-cup-europe-2022	Senior Men -58kg	DANIILIDIS Christos	GRE	
presidents-cup-europe-2022	Senior Men -58kg	FAIRHEAD Jacob	GBR	
presidents-cup-europe-2022	Senior Men -58kg	FLECCA Antonio	ITA	
presidents-cup-europe-2022	Senior Men -58kg	AVRAMOVSKI Marko	MKD	
presidents-cup-europe-2022	Senior Men -58kg	YURKO Oleksii	UKR	
presidents-cup-europe-2022	Senior Men -58kg	MALKOC Cemal Can	GER	
presidents-cup-europe-2022	Senior Men -58kg	ALESIO Sebastien	FRA	
presidents-cup-europe-2022	Senior Men -58kg	ILHAN Serdar	TUR	
presidents-cup-europe-2022	Senior Men -58kg	OSIN Maksim	RUS	
presidents-cup-europe-2022	Senior Men -58kg	WOOLLEY Jack	IRL	3
presidents-cup-europe-2022	Senior Men +87kg	LARIN Vladislav	RUS	1
presidents-cup-europe-2022	Senior Men +87kg	SIDOROCHEV Egor	RUS	
presidents-cup-europe-2022	Senior Men +87kg	RUZIC Matija	CRO	
presidents-cup-europe-2022	Senior Men +87kg	UNLUSOY Cem	GER	
presidents-cup-europe-2022	Senior Men +87kg	GARCIA MARTINEZ Ivan	ESP	
presidents-cup-europe-2022	Senior Men +87kg	ATESLI Emre kutalmis	TUR	
presidents-cup-europe-2022	Senior Men +87kg	BERISHA Don	KOS	
presidents-cup-europe-2022	Senior Men +87kg	PUSKIC Viktor	SRB	
presidents-cup-europe-2022	Senior Men +87kg	LUKASHOV Konstantin	RUS	
presidents-cup-europe-2022	Senior Men +87kg	AIUKAEV Rafail	RUS	3
presidents-cup-europe-2022	Senior Men +87kg	HEALY Jonathan	USA	3
presidents-cup-europe-2022	Senior Men +87kg	BANGURA Jonathan	GBR	
presidents-cup-europe-2022	Senior Men +87kg	LUKASHOV Kirill	RUS	
presidents-cup-europe-2022	Senior Men +87kg	BOZIC Pasko	CRO	
presidents-cup-europe-2022	Senior Men +87kg	ZHAPAROV Ruslan	KAZ	
presidents-cup-europe-2022	Senior Men +87kg	EL YAZIDI Omar	FRA	
presidents-cup-europe-2022	Senior Men +87kg	KHASSENOV Bauyrzhan	KAZ	
presidents-cup-europe-2022	Senior Men +87kg	ANGELOPOULOS Spyridon	GRE	
presidents-cup-europe-2022	Senior Men +87kg	FARMAKAS Erik	SWE	
presidents-cup-europe-2022	Senior Men +87kg	GEORGIEVSKI Dejan	MKD	2
presidents-cup-europe-2022	Senior Women -62kg	VULETIC Bruna	CRO	
presidents-cup-europe-2022	Senior Women -62kg	ENGSTROM Anna	SWE	
presidents-cup-europe-2022	Senior Women -62kg	RELJIKJ Miljana	MKD	
presidents-cup-europe-2022	Senior Women -62kg	ANDRIC Leonarda	CAN	
presidents-cup-europe-2022	Senior Women -62kg	KAYIR Ikra	TUR	
presidents-cup-europe-2022	Senior Women -62kg	PAPAIOANNOU Lefki	GRE	
presidents-cup-europe-2022	Senior Women -62kg	ZAITSEVA Yulia	RUS	2
presidents-cup-europe-2022	Senior Women -62kg	ZIMINA Elizaveta	RUS	
presidents-cup-europe-2022	Senior Women -62kg	MAGDALENO ALBIZU Jone	ESP	
presidents-cup-europe-2022	Senior Women -62kg	CHAARI Sarah	BEL	3
presidents-cup-europe-2022	Senior Women -62kg	GARCÍA Miryam	ESP	
presidents-cup-europe-2022	Senior Women -62kg	RUBTSOVA Olesia	RUS	
presidents-cup-europe-2022	Senior Women -62kg	ARMERIA Paulina	ITA	
presidents-cup-europe-2022	Senior Women -62kg	YAGUSSEVICH Celine	GER	
presidents-cup-europe-2022	Senior Women -62kg	STOLBOVA Petra	CZE	
presidents-cup-europe-2022	Senior Women -62kg	VIDINSKA Anastasij	MKD	
presidents-cup-europe-2022	Senior Women -62kg	CALVO GOMEZ Marta	ESP	3
presidents-cup-europe-2022	Senior Women -62kg	ANDERSSON Tindra	SWE	
presidents-cup-europe-2022	Senior Women -62kg	MAGOMEDOVA Ninakhanum	RUS	
presidents-cup-europe-2022	Senior Women -62kg	SOUIDI Fatima	FRA	
presidents-cup-europe-2022	Senior Women -62kg	SAVKOVIC Nadja	SRB	
presidents-cup-europe-2022	Senior Women -62kg	HADDAD Khalida	FRA	
presidents-cup-europe-2022	Senior Women -62kg	TARVIDA Jolanta	LAT	
presidents-cup-europe-2022	Senior Women -62kg	SHCHERBAKOVA Iana	RUS	
presidents-cup-europe-2022	Senior Women -62kg	KHUZINA Liliia	RUS	1
presidents-cup-europe-2022	Senior Women -62kg	HOGFELDT Nora	SWE	
presidents-cup-europe-2022	Senior Women -62kg	PROKUDINA Kristina	CRC	
presidents-cup-europe-2022	Senior Women -62kg	KOZLOVA Veronika	RUS	
presidents-cup-europe-2022	Senior Women -62kg	SEREDA Julia	POL	
presidents-cup-europe-2022	Senior Women -62kg	BLIZNIAKOVA Margarita	RUS	
presidents-cup-europe-2022	Senior Women -62kg	ZAFER Isil	TUR	
presidents-cup-europe-2022	Senior Women -62kg	FROEMMING Anna-Lena	GER	
presidents-cup-europe-2022	Senior Women -53kg	MININA Tatiana	RUS	1
presidents-cup-europe-2022	Senior Women -53kg	DUCOS Iris	FRA	
presidents-cup-europe-2022	Senior Women -53kg	MANZOLLI Noemi	ITA	
presidents-cup-europe-2022	Senior Women -53kg	KUCUKSOLAK Saliha	TUR	
presidents-cup-europe-2022	Senior Women -53kg	KIRANSAL Hulya Eda	TUR	
presidents-cup-europe-2022	Senior Women -53kg	LAGER Biana	RUS	
presidents-cup-europe-2022	Senior Women -53kg	HOGLINGER Lea	AUT	
presidents-cup-europe-2022	Senior Women -53kg	TOMIC Kristina	CRO	
presidents-cup-europe-2022	Senior Women -53kg	KARAJANOVA Aziza	KAZ	
presidents-cup-europe-2022	Senior Women -53kg	AYDIN KONSTANTINIDIS Ela	GER	
presidents-cup-europe-2022	Senior Women -53kg	YAGCI Sila Ezgi	TUR	
presidents-cup-europe-2022	Senior Women -53kg	DUJMIC Helena	CRO	
presidents-cup-europe-2022	Senior Women -53kg	DUVANCIC IVANA	CRO	3
presidents-cup-europe-2022	Senior Women -53kg	AL HALWANI Sarah	ITA	
presidents-cup-europe-2022	Senior Women -53kg	DOURDIN Mathilde	FRA	
presidents-cup-europe-2022	Senior Women -53kg	PEREZ PARRADO Alma maria	ESP	
presidents-cup-europe-2022	Senior Women -53kg	IYIN Meryem Elif	TUR	
presidents-cup-europe-2022	Senior Women -53kg	SCARABELLO Martina	ITA	
presidents-cup-europe-2022	Senior Women -53kg	AGRIS Zeliha	TUR	
presidents-cup-europe-2022	Senior Women -53kg	KOREN Ayelet hasachar	ISR	
presidents-cup-europe-2022	Senior Women -53kg	HOLMSTROM Anna	SWE	
presidents-cup-europe-2022	Senior Women -53kg	ZDOR Kseniia	RUS	2
presidents-cup-europe-2022	Senior Women -53kg	CASTILLO Jade theresa	DEN	
presidents-cup-europe-2022	Senior Women -53kg	ALIEVA Margarita	RUS	
presidents-cup-europe-2022	Senior Women -53kg	KRAJNOVIC Antonia	CRO	
presidents-cup-europe-2022	Senior Women -53kg	RODRIGUEZ MARQUINA Laura	ESP	
presidents-cup-europe-2022	Senior Women -53kg	LYNGBAEK Louise	DEN	
presidents-cup-europe-2022	Senior Women -53kg	HRONOVA Dominika	CZE	3
presidents-cup-europe-2022	Senior Women -53kg	BONNA Clara	FRA	
presidents-cup-europe-2022	Senior Women -53kg	ALDANGOROVA Fariza	KAZ	
presidents-cup-europe-2022	Senior Women -53kg	HEBBAR Nisrin	FRA	
presidents-cup-europe-2022	Senior Women -53kg	PODREZ Vasilina	RUS	
presidents-cup-europe-2022	Senior Women -53kg	MEIŠTININKAITĖ Gerda	LTU	
presidents-cup-europe-2022	Senior Women -53kg	SUBBOTINA Anastasia	RUS	
presidents-cup-europe-2022	Senior Women -53kg	KAMKASOUMPHOU Lenya	FRA	
presidents-cup-europe-2022	Senior Women -53kg	FOLGMANN Madeline	GER	
puerto-rico-open-2022	Senior Men -87kg	MARTINS Icaro Migu	BRA	1
puerto-rico-open-2022	Senior Men -87kg	ESTRADA Jahn Luis	PUR	
puerto-rico-open-2022	Senior Men -87kg	HERNANDEZ Moises	DOM	3
puerto-rico-open-2022	Senior Men -87kg	SOUZA Leandro	BRA	2
puerto-rico-open-2022	Senior Men -87kg	LLANOS Hanssel	USA	3
puerto-rico-open-2022	Senior Men -80kg	NICKOLAS CJ	USA	1
puerto-rico-open-2022	Senior Men -80kg	ALEJANDRO-VARGAS Diego	PUR	
puerto-rico-open-2022	Senior Men -80kg	GONZALEZ Alejandro	PUR	
puerto-rico-open-2022	Senior Men -80kg	OSTAPIV Lucas	BRA	3
puerto-rico-open-2022	Senior Men -80kg	ROBLETO David	NCA	3
puerto-rico-open-2022	Senior Men -80kg	SANTOS Dereck	PUR	
puerto-rico-open-2022	Senior Men -80kg	RIVERO Miguel	GBR	
puerto-rico-open-2022	Senior Men -80kg	TREJOS SALAS Miguel	COL	2
puerto-rico-open-2022	Senior Men -74kg	COLON Luis	PUR	2
puerto-rico-open-2022	Senior Men -74kg	ORTIZ Wilfredo	PUR	
puerto-rico-open-2022	Senior Men -74kg	RELFORD Jordan	USA	
puerto-rico-open-2022	Senior Men -74kg	RODRIGUEZ Osvaldo	CHI	3
puerto-rico-open-2022	Senior Men -74kg	FLORES Alejandro	WT	3
puerto-rico-open-2022	Senior Men -74kg	GONZALEZ Mario	PAN	
puerto-rico-open-2022	Senior Men -74kg	CONTRERAS Diego	CHI	
puerto-rico-open-2022	Senior Men -74kg	LIU Joshua	USA	1
puerto-rico-open-2022	Senior Men -68kg	MORALES Ignacio	CHI	3
puerto-rico-open-2022	Senior Men -68kg	LALOAN Sean Jaylen	HAI	
puerto-rico-open-2022	Senior Men -68kg	NAZARIO SANCHEZ Edgardo	PUR	
puerto-rico-open-2022	Senior Men -68kg	AVROYA Noah	GBR	
puerto-rico-open-2022	Senior Men -68kg	SOUZA DINIZ Joao victor	BRA	
puerto-rico-open-2022	Senior Men -68kg	MILES Nolan	USA	
puerto-rico-open-2022	Senior Men -68kg	SALVAT Januel	PUR	
puerto-rico-open-2022	Senior Men -68kg	HARRIS Khalfani	USA	2
puerto-rico-open-2022	Senior Men -68kg	PIE Bernardo	DOM	1
puerto-rico-open-2022	Senior Men -68kg	KHALILI Kanishka	USA	
puerto-rico-open-2022	Senior Men -68kg	REIS Kaleb	GBR	
puerto-rico-open-2022	Senior Men -68kg	BENITEZ Adrian	PUR	
puerto-rico-open-2022	Senior Men -68kg	BENAOUDA Zakaria	CAN	3
puerto-rico-open-2022	Senior Men -68kg	ROSADO CRUZ Yandel	PUR	
puerto-rico-open-2022	Senior Men -68kg	LARGAESPADA Oliver	USA	
puerto-rico-open-2022	Senior Men -68kg	YACOUBA Ismael	NIG	
puerto-rico-open-2022	Senior Men -63kg	PIE Luis	DOM	
puerto-rico-open-2022	Senior Men -63kg	DE JESUS Luis	PUR	3
puerto-rico-open-2022	Senior Men -63kg	GOMEZ Jorge	PUR	
puerto-rico-open-2022	Senior Men -63kg	AQUINO Miguel A.	PUR	
puerto-rico-open-2022	Senior Men -63kg	WILLIAM Jackson IV	HAI	2
puerto-rico-open-2022	Senior Men -63kg	JEAN-BAPTISTE Gregory	HAI	
puerto-rico-open-2022	Senior Men -63kg	AROSEMENA Hector	PAN	
puerto-rico-open-2022	Senior Men -63kg	HERRERA Nicolas	CHI	
puerto-rico-open-2022	Senior Men -63kg	OLIVERO TORO Cristian	CHI	1
puerto-rico-open-2022	Senior Men -63kg	MARTINEZ Orlando J	PUR	
puerto-rico-open-2022	Senior Men -63kg	LEWIS Fernando	PAN	
puerto-rico-open-2022	Senior Men -63kg	VUONG-SALAMANCA Joshua	USA	
puerto-rico-open-2022	Senior Men -63kg	MEDINA Andrew	USA	
puerto-rico-open-2022	Senior Men -63kg	GUZMAN Luis Yael	PUR	
puerto-rico-open-2022	Senior Men -63kg	BELEN Ian manuel	PUR	
puerto-rico-open-2022	Senior Men -63kg	RAMOS Gabriel	BRA	3
puerto-rico-open-2022	Senior Men -58kg	MELO Paulo	BRA	1
puerto-rico-open-2022	Senior Men -58kg	RODRIGUEZ Michael	PUR	
puerto-rico-open-2022	Senior Men -58kg	OTERO Javier	PUR	
puerto-rico-open-2022	Senior Men -58kg	MENDEZ Luis Adan	USA	
puerto-rico-open-2022	Senior Men -58kg	SALEH James	CAN	3
puerto-rico-open-2022	Senior Men -58kg	GRANT Gavin	USA	2
puerto-rico-open-2022	Senior Men -58kg	RIVERA Edgar	PUR	
puerto-rico-open-2022	Senior Men -58kg	MORALES Edrick	PUR	
puerto-rico-open-2022	Senior Men -58kg	LOPEZ Edyangel	PUR	
puerto-rico-open-2022	Senior Men -58kg	GONZALEZ Andre	PUR	
puerto-rico-open-2022	Senior Men -58kg	SALIM Sharif gergely	HUN	3
puerto-rico-open-2022	Senior Men -54kg	SALIM Omar gergely	HUN	1
puerto-rico-open-2022	Senior Men -54kg	GONZALEZ Bastian	CHI	
puerto-rico-open-2022	Senior Men -54kg	ARCE Avier	PUR	
puerto-rico-open-2022	Senior Men -54kg	MARTINEZ Angel Felipe	PUR	3
puerto-rico-open-2022	Senior Men -54kg	RODRIGUEZ Jean Lui	PUR	
puerto-rico-open-2022	Senior Men -54kg	MENACHO Yosthin Be	BOL	
puerto-rico-open-2022	Senior Men -54kg	PAVONE Hunter	USA	
puerto-rico-open-2022	Senior Men -54kg	NORZAGARAY-GARCIA Juancarlos	USA	2
puerto-rico-open-2022	Senior Men -54kg	CRUZ Kariel	PUR	
puerto-rico-open-2022	Senior Men -54kg	LUIS Gonzalez Ayal	PUR	
puerto-rico-open-2022	Senior Men -54kg	AGUILO Javier	PUR	
puerto-rico-open-2022	Senior Men -54kg	GONZALEZ-CAMPOS Lu	PUR	
puerto-rico-open-2022	Senior Men -54kg	HOEFLING Nicholas	CAN	3
puerto-rico-open-2022	Senior Men +87kg	HEALY Jonathan	USA	1
puerto-rico-open-2022	Senior Men +87kg	VAZQUEZ ORTIZ Jerry Luis	PUR	3
puerto-rico-open-2022	Senior Men +87kg	ANN Alasan	GAM	2
puerto-rico-open-2022	Senior Men +87kg	ESPINOSA Luis	GBR	3
puerto-rico-open-2022	Senior Women -73kg	GORMAN-SHORE Madelynn	USA	1
puerto-rico-open-2022	Senior Women -73kg	WEEKES Crystal	PUR	2
puerto-rico-open-2022	Senior Women -73kg	DIAZ Isabella	PUR	3
puerto-rico-open-2022	Senior Women -67kg	TITONELI Milena	BRA	1
puerto-rico-open-2022	Senior Women -67kg	LAROCCA Lauren	USA	
puerto-rico-open-2022	Senior Women -67kg	KRAAYEVELD Ashley	CAN	3
puerto-rico-open-2022	Senior Women -67kg	ROMAN TORRES Naishka	PUR	2
puerto-rico-open-2022	Senior Women -67kg	LEE Lauren Anna	HAI	3
puerto-rico-open-2022	Senior Women -62kg	SANTOS Caroline	BRA	1
puerto-rico-open-2022	Senior Women -62kg	LEON Natalia	PUR	
puerto-rico-open-2022	Senior Women -62kg	BRIE Bianca	USA	
puerto-rico-open-2022	Senior Women -62kg	AGUIRRE Fernanda	CHI	3
puerto-rico-open-2022	Senior Women -62kg	MACEDO Sandy	BRA	
puerto-rico-open-2022	Senior Women -62kg	LECLERC Marianne	CAN	
puerto-rico-open-2022	Senior Women -62kg	DEATON Danica	USA	3
puerto-rico-open-2022	Senior Women -62kg	SELLAS Jathmarilys	PUR	
puerto-rico-open-2022	Senior Women -62kg	MORALES Britney	GBR	
puerto-rico-open-2022	Senior Women -62kg	SOTO CASTILLO Isuangelis	PUR	
puerto-rico-open-2022	Senior Women -62kg	BROOKS Brenda	PAN	
puerto-rico-open-2022	Senior Women -62kg	ANDRIC Leonarda	CAN	2
puerto-rico-open-2022	Senior Women -57kg	DILLON Faith	USA	1
puerto-rico-open-2022	Senior Women -57kg	VEGA Gianna	PUR	3
puerto-rico-open-2022	Senior Women -57kg	LOPEZ Miliany	PUR	
puerto-rico-open-2022	Senior Women -57kg	LECLERC Gabrielle	CAN	3
puerto-rico-open-2022	Senior Women -57kg	FLORES Hermaliz	PUR	2
puerto-rico-open-2022	Senior Women -53kg	DIAS DE LIMA PENNA SARAIVA Leonor	BRA	2
puerto-rico-open-2022	Senior Women -53kg	EMILY Valentina	COL	
puerto-rico-open-2022	Senior Women -53kg	SANTIAGO Keishlie	PUR	3
puerto-rico-open-2022	Senior Women -53kg	PEDROZA Yuliena	GUA	
puerto-rico-open-2022	Senior Women -53kg	LUO Mariana	WT	3
puerto-rico-open-2022	Senior Women -53kg	JOGLAR Nichole	PUR	
puerto-rico-open-2022	Senior Women -53kg	GREENWOOD Makayla	USA	1
puerto-rico-open-2022	Senior Women -49kg	BEZERRA Camila	BRA	1
puerto-rico-open-2022	Senior Women -49kg	AVERBECK Teana	CAN	
puerto-rico-open-2022	Senior Women -49kg	MONELL Alondra	PUR	
puerto-rico-open-2022	Senior Women -49kg	ROSADO CRUZ CHANEL	PUR	
puerto-rico-open-2022	Senior Women -49kg	PEREA Karla	USA	3
puerto-rico-open-2022	Senior Women -49kg	PORTUGUÉZ BARBOZA Ariana	WT	3
puerto-rico-open-2022	Senior Women -49kg	MORALES Neylee	PUR	
puerto-rico-open-2022	Senior Women -49kg	VALDERRAMA Sabrina	PUR	
puerto-rico-open-2022	Senior Women -49kg	CASTILLO Karoline Stephanie	PAN	
puerto-rico-open-2022	Senior Women -49kg	OLIVAS CHRISLEY	NCA	
puerto-rico-open-2022	Senior Women -49kg	TAYLOR Ashley	USA	2
puerto-rico-open-2022	Senior Women -46kg	SANCHO Laura	WT	1
puerto-rico-open-2022	Senior Women -46kg	SYLVESTER Marley	USA	
puerto-rico-open-2022	Senior Women -46kg	ANDINO Dinorah Mar	PUR	
puerto-rico-open-2022	Senior Women -46kg	DEBLASIO Alyssa	GBR	
puerto-rico-open-2022	Senior Women -46kg	MENDEZ Mirna Gabri	PUR	3
puerto-rico-open-2022	Senior Women -46kg	SANCHEZ Sarai	PUR	3
puerto-rico-open-2022	Senior Women -46kg	COLON Dailiana	PUR	
puerto-rico-open-2022	Senior Women -46kg	TORRES Linoushka	PUR	
puerto-rico-open-2022	Senior Women -46kg	VEGA BON Veronica	PUR	2
puerto-rico-open-2022	Senior Women +73kg	RODRIGUEZ Katherine	DOM	1
puerto-rico-open-2022	Senior Women +73kg	USSERMAN Brianne	USA	3
puerto-rico-open-2022	Senior Women +73kg	ADAMS Paityn Mckinley	HAI	2
puerto-rico-open-2022	Senior Women +73kg	HOVNANIAN Sofia	CAN	3
rio-open-2022	Senior Men -87kg	MARTINS Icaro Migu	BRA	1
rio-open-2022	Senior Men -87kg	OTERO Fernando	ARG	
rio-open-2022	Senior Men -87kg	MACAGNAN Luiz Feli	BRA	
rio-open-2022	Senior Men -87kg	MANRESA Fernando	BRA	3
rio-open-2022	Senior Men -87kg	RODRIGUEZ Michael c	USA	3
rio-open-2022	Senior Men -87kg	HERNANDEZ Moises	DOM	
rio-open-2022	Senior Men -87kg	ESQUIVEL Juan	MEX	2
rio-open-2022	Senior Men -87kg	SOUZA Leandro	BRA	
rio-open-2022	Senior Men -80kg	TREJOS SALAS Miguel	COL	1
rio-open-2022	Senior Men -80kg	DOS Ewerton	BRA	
rio-open-2022	Senior Men -80kg	MARCIANO Iago	BRA	
rio-open-2022	Senior Men -80kg	DOS REIS SILVA MELLO Gabriel	BRA	
rio-open-2022	Senior Men -80kg	SILVA Alberto	BRA	
rio-open-2022	Senior Men -80kg	ANDRADE HERRERA Hassani	PER	3
rio-open-2022	Senior Men -80kg	SILVA David	BRA	
rio-open-2022	Senior Men -80kg	BENITES Jose	ECU	
rio-open-2022	Senior Men -80kg	MARCEL Guilherme	BRA	
rio-open-2022	Senior Men -80kg	DA Juan Silva	BRA	
rio-open-2022	Senior Men -80kg	CHURCHILL MARTINEZ Joaquin	CHI	2
rio-open-2022	Senior Men -80kg	DE OLIVEIRA Gabriel	BRA	
rio-open-2022	Senior Men -80kg	RODRIGUES FERNANDES Henrique marques	BRA	3
rio-open-2022	Senior Men -80kg	DA Fabio Junior	BRA	
rio-open-2022	Senior Men -80kg	OSTAPIV Lucas	BRA	
rio-open-2022	Senior Men -74kg	PONTES Edival	BRA	1
rio-open-2022	Senior Men -74kg	TULA Rafael	ARG	
rio-open-2022	Senior Men -74kg	DA Maikon	BRA	
rio-open-2022	Senior Men -74kg	OSTAPIV Gabriel	BRA	
rio-open-2022	Senior Men -74kg	FREITAS Lucas	BRA	3
rio-open-2022	Senior Men -74kg	ASSIS MATOS Vinicius	BRA	2
rio-open-2022	Senior Men -74kg	VALENCIA Juan Seba	COL	
rio-open-2022	Senior Men -74kg	BECERRA Mario	CHI	
rio-open-2022	Senior Men -74kg	CAICEDO Carlos	ECU	
rio-open-2022	Senior Men -74kg	CONTRERAS Diego	CHI	
rio-open-2022	Senior Men -74kg	RIBEIRO Nickollas	BRA	3
rio-open-2022	Senior Men -68kg	MORALES Ignacio	CHI	
rio-open-2022	Senior Men -68kg	AVILA Daniel Aleja	MEX	
rio-open-2022	Senior Men -68kg	NASCIMENTO Matheus	BRA	
rio-open-2022	Senior Men -68kg	SANTOS Gabriel	BRA	1
rio-open-2022	Senior Men -68kg	NAVEA Sebastian	CHI	
rio-open-2022	Senior Men -68kg	GONZALEZ GOMEZ Federico	URU	3
rio-open-2022	Senior Men -68kg	DE Marcos Toledo	BRA	
rio-open-2022	Senior Men -68kg	DE Thales Henrique	BRA	
rio-open-2022	Senior Men -68kg	PEREIRA Gabriel	BRA	
rio-open-2022	Senior Men -68kg	ALMEIDA RABELLO Fillipe	BRA	
rio-open-2022	Senior Men -68kg	LEON Braulio	PER	
rio-open-2022	Senior Men -68kg	PIE Bernardo	DOM	2
rio-open-2022	Senior Men -68kg	NIETO Jose	ECU	
rio-open-2022	Senior Men -68kg	BEZERRA Gusmann	BRA	
rio-open-2022	Senior Men -68kg	GOMEZTAGLE Uriel	MEX	
rio-open-2022	Senior Men -68kg	SILVA Henrique	BRA	
rio-open-2022	Senior Men -68kg	SOUZA DINIZ Joao victor	BRA	
rio-open-2022	Senior Men -68kg	DOS SANTOS Bruno gabriel	BRA	
rio-open-2022	Senior Men -68kg	SANTOS Cleiton	BRA	
rio-open-2022	Senior Men -68kg	DOS Vytor	BRA	
rio-open-2022	Senior Men -68kg	PAZ ROCHA David felipe	COL	3
rio-open-2022	Senior Men -63kg	DA William	BRA	2
rio-open-2022	Senior Men -63kg	RAMOS Victor Marti	URU	
rio-open-2022	Senior Men -63kg	RACHAEL Paulo Henr	BRA	
rio-open-2022	Senior Men -63kg	FERREIRA João Vito	BRA	
rio-open-2022	Senior Men -63kg	MATTHAUS Carlos	BRA	
rio-open-2022	Senior Men -63kg	HERRERA Nicolas	CHI	
rio-open-2022	Senior Men -63kg	DOS SANTOS MORAIS Guilherme	BRA	
rio-open-2022	Senior Men -63kg	MIGUEL João	BRA	
rio-open-2022	Senior Men -63kg	OLIVERO TORO Cristian	CHI	3
rio-open-2022	Senior Men -63kg	RAMOS Gabriel	BRA	1
rio-open-2022	Senior Men -63kg	CAMILLO Luis Gabri	BRA	
rio-open-2022	Senior Men -63kg	GARRIDO REYES Jhon deivi	COL	
rio-open-2022	Senior Men -63kg	RODRIGUES Michael	BRA	
rio-open-2022	Senior Men -63kg	BLANCO Marco Tulio	COL	
rio-open-2022	Senior Men -63kg	CASTILHO Lucas	BRA	
rio-open-2022	Senior Men -63kg	GOMES João Vitor	BRA	
rio-open-2022	Senior Men -63kg	RAMIREZ Mauricio	ECU	
rio-open-2022	Senior Men -63kg	PRADO Thiago	BRA	
rio-open-2022	Senior Men -63kg	PIE Luis	DOM	3
rio-open-2022	Senior Men -58kg	WOOLLEY Jack	IRL	3
rio-open-2022	Senior Men -58kg	SANTOS Davi Vinici	BRA	
rio-open-2022	Senior Men -58kg	GOMES Clauder	BRA	
rio-open-2022	Senior Men -58kg	BARTHOLO Matheus	BRA	
rio-open-2022	Senior Men -58kg	FLORES Diego	CHI	
rio-open-2022	Senior Men -58kg	LIMA Aaron	BRA	
rio-open-2022	Senior Men -58kg	DE Mauricio Henriq	BRA	
rio-open-2022	Senior Men -58kg	OCAMPO Sergio Ange	MEX	
rio-open-2022	Senior Men -58kg	SILVA Pedro	BRA	
rio-open-2022	Senior Men -58kg	AREVALO Fabricio	ECU	
rio-open-2022	Senior Men -58kg	BARETTA Eduardo	BRA	2
rio-open-2022	Senior Men -58kg	MELO Paulo	BRA	3
rio-open-2022	Senior Men -58kg	PEREIRA Leonardo	BRA	
rio-open-2022	Senior Men -58kg	ALVAREZ Melvy	USA	
rio-open-2022	Senior Men -58kg	DE Pedro Lima	BRA	
rio-open-2022	Senior Men -58kg	BARRETO Raymiguel	PER	
rio-open-2022	Senior Men -58kg	LIMA Juliano	BRA	
rio-open-2022	Senior Men -58kg	MILLAR Lenin	CHI	
rio-open-2022	Senior Men -58kg	VIEIRA Vander Woll	BRA	
rio-open-2022	Senior Men -58kg	AQUINO Luiz	BRA	
rio-open-2022	Senior Men -58kg	OCHOA Jefferson	COL	1
rio-open-2022	Senior Men -54kg	PIZARRO GALLARDO Vicente	CHI	
rio-open-2022	Senior Men -54kg	MERY Byron	ECU	
rio-open-2022	Senior Men -54kg	DE Gabriel	BRA	
rio-open-2022	Senior Men -54kg	DE MORAES Giovanni aubin	BRA	2
rio-open-2022	Senior Men -54kg	KARAN Tikaram	IND	
rio-open-2022	Senior Men -54kg	GONZALEZ Bastian	CHI	
rio-open-2022	Senior Men -54kg	OTONI Phelipe Kaua	BRA	
rio-open-2022	Senior Men -54kg	MARQUES Flavio	BRA	3
rio-open-2022	Senior Men -54kg	MIRANDA Adrian	ECU	3
rio-open-2022	Senior Men -54kg	MENACHO Yosthin Be	BOL	
rio-open-2022	Senior Men -54kg	NAKA Macaulay Massahiro	BRA	
rio-open-2022	Senior Men -54kg	FERREIRA Ieverson	BRA	
rio-open-2022	Senior Men -54kg	DOS Thayllon	BRA	
rio-open-2022	Senior Men -54kg	GONZALEZ FIMBRES Jesus Marlon	MEX	
rio-open-2022	Senior Men -54kg	AZEVEDO Klebenilso	BRA	
rio-open-2022	Senior Men -54kg	TEIXEIRA Leonardo	BRA	1
rio-open-2022	Senior Men +87kg	HEALY Jonathan	USA	1
rio-open-2022	Senior Men +87kg	CAMPOS Michael	BRA	
rio-open-2022	Senior Men +87kg	LUZ Matheus Gabrie	BRA	
rio-open-2022	Senior Men +87kg	ALVES JESUS Pedro arthur	BRA	3
rio-open-2022	Senior Men +87kg	SOUZA Allif	BRA	
rio-open-2022	Senior Men +87kg	ANN Alasan	GAM	2
rio-open-2022	Senior Men +87kg	NAZARENO Julio Ces	ECU	
rio-open-2022	Senior Men +87kg	PEREIRA Patrik	BRA	3
rio-open-2022	Senior Men +87kg	CHAVES Joao Pedro	BRA	
rio-open-2022	Senior Men +87kg	SIQUEIRA Maicon	BRA	
rio-open-2022	Senior Women -73kg	GALACHO Raphaella	BRA	1
rio-open-2022	Senior Women -73kg	DANÚBIA Isnara	BRA	3
rio-open-2022	Senior Women -73kg	OLIVEIRA DOS SANTOS Mikaela	BRA	3
rio-open-2022	Senior Women -73kg	DA SILVA BATISTA DE SOUZA Thaisa	BRA	2
rio-open-2022	Senior Women -67kg	TITONELI Milena	BRA	1
rio-open-2022	Senior Women -67kg	MORAIS Ana	BRA	
rio-open-2022	Senior Women -67kg	LOJUDICE Luana	BRA	
rio-open-2022	Senior Women -67kg	ABOUCHDAK Yasmine	FRA	3
rio-open-2022	Senior Women -67kg	REBELO Beatriz	BRA	
rio-open-2022	Senior Women -67kg	DOS Gabriela	BRA	3
rio-open-2022	Senior Women -67kg	VASQUEZ MENDOZA Eliana	PER	
rio-open-2022	Senior Women -67kg	SILVA Bruna Letici	BRA	
rio-open-2022	Senior Women -67kg	DA Isadora Heloysa	BRA	
rio-open-2022	Senior Women -67kg	AMBROSIA Ana Claud	BRA	
rio-open-2022	Senior Women -67kg	LIMA Paloma	BRA	2
rio-open-2022	Senior Women -62kg	SANTOS Caroline	BRA	3
rio-open-2022	Senior Women -62kg	CRUZATTY Nahomy	ECU	
rio-open-2022	Senior Women -62kg	CORREA Giovanna	BRA	
rio-open-2022	Senior Women -62kg	FERLA Gabriela	BRA	
rio-open-2022	Senior Women -62kg	ZAGNOLI Marina	BRA	
rio-open-2022	Senior Women -62kg	DUMAR Katherine	COL	1
rio-open-2022	Senior Women -62kg	AGUIRRE Fernanda	CHI	2
rio-open-2022	Senior Women -62kg	MARTINEZ Lucia Eli	URU	
rio-open-2022	Senior Women -62kg	AIRES Amanda Stefa	BRA	
rio-open-2022	Senior Women -62kg	ZEPEDA Francisca	CHI	
rio-open-2022	Senior Women -62kg	BRAIDO Renata	BRA	
rio-open-2022	Senior Women -62kg	MINA Mell	ECU	3
rio-open-2022	Senior Women -57kg	MACEDO Sandy	BRA	1
rio-open-2022	Senior Women -57kg	LIMA Vitoria	BRA	
rio-open-2022	Senior Women -57kg	PACHECO Maria clara	BRA	
rio-open-2022	Senior Women -57kg	LOPEZ Javiera	CHI	3
rio-open-2022	Senior Women -57kg	XX Xxx	PER	
rio-open-2022	Senior Women -57kg	CARNEIRO Celydiene	BRA	
rio-open-2022	Senior Women -57kg	OLGA Amanda	BRA	
rio-open-2022	Senior Women -57kg	SCHARDOSIN Giovann	BRA	3
rio-open-2022	Senior Women -57kg	JUBANSKI Maria Edu	BRA	
rio-open-2022	Senior Women -57kg	CEDENO Anggelina B	ECU	
rio-open-2022	Senior Women -57kg	DILLON Faith	USA	2
rio-open-2022	Senior Women -53kg	GREENWOOD Makayla	USA	1
rio-open-2022	Senior Women -53kg	MILAN  JULIA	BRA	
rio-open-2022	Senior Women -53kg	DE Angela	BRA	
rio-open-2022	Senior Women -53kg	ACOSTA Lourdes	ARG	3
rio-open-2022	Senior Women -53kg	PEREIRA Maria Gabr	BRA	
rio-open-2022	Senior Women -53kg	ARAUJO Carolina	BRA	
rio-open-2022	Senior Women -53kg	ROSSI Larissa Nasc	BRA	2
rio-open-2022	Senior Women -53kg	PENEDA FERREIRA Adryelle	BRA	
rio-open-2022	Senior Women -53kg	FERREIRA Ana Carol	BRA	
rio-open-2022	Senior Women -53kg	REIS Talisca	BRA	3
rio-open-2022	Senior Women -49kg	RAMIREZ VARGAS Andrea	COL	3
rio-open-2022	Senior Women -49kg	LEITE Ana Carolina	BRA	
rio-open-2022	Senior Women -49kg	GOSCH CAMARGO Camilly	BRA	
rio-open-2022	Senior Women -49kg	FARIAS Ana Grazielly	BRA	
rio-open-2022	Senior Women -49kg	GALLARDO ARRANO Francisca	CHI	
rio-open-2022	Senior Women -49kg	LAISE Debora	BRA	
rio-open-2022	Senior Women -49kg	DIAS DE LIMA PENNA SARAIVA Leonor	BRA	
rio-open-2022	Senior Women -49kg	BEZERRA Camila	BRA	2
rio-open-2022	Senior Women -49kg	OLIVEIRA Letícia Lérica	BRA	
rio-open-2022	Senior Women -49kg	XX Xxx	PER	
rio-open-2022	Senior Women -49kg	ESPINOZA Fernanda	ECU	3
rio-open-2022	Senior Women -49kg	MOURA Rafaela	BRA	
rio-open-2022	Senior Women -49kg	CAPOLO Daniela rocio	ARG	
rio-open-2022	Senior Women -49kg	FERLA Ana Clara	BRA	
rio-open-2022	Senior Women -49kg	GRIPPOLI Maria Sar	URU	
rio-open-2022	Senior Women -49kg	BARROS Nivea	BRA	1
rio-open-2022	Senior Women -46kg	SANTOS Valeria	BRA	
rio-open-2022	Senior Women -46kg	MENDEZ Damariz	ECU	
rio-open-2022	Senior Women -46kg	DIAS Kamilla	BRA	2
rio-open-2022	Senior Women -46kg	SAEZ Daniela	CHI	
rio-open-2022	Senior Women -46kg	AMBALDI Eduarda	BRA	
rio-open-2022	Senior Women -46kg	OLIVEIRA Alice Car	BRA	3
rio-open-2022	Senior Women -46kg	GONÇALVES Anna	BRA	
rio-open-2022	Senior Women -46kg	NAIARA Daiane	BRA	
rio-open-2022	Senior Women -46kg	LIEGHIO Maria Sofi	URU	
rio-open-2022	Senior Women -46kg	TAHRAOUI Ines	FRA	
rio-open-2022	Senior Women -46kg	BALDINI Gabriela	BRA	3
rio-open-2022	Senior Women -46kg	DOGANI Julia	BRA	
rio-open-2022	Senior Women -46kg	MORI Renata	BRA	
rio-open-2022	Senior Women -46kg	PAIVA Laura	BRA	
rio-open-2022	Senior Women -46kg	LIENDRO Camila Aylen	ARG	
rio-open-2022	Senior Women -46kg	DE Lillian Kelly	BRA	
rio-open-2022	Senior Women -46kg	GUIMARAES Dangela	BRA	1
rio-open-2022	Senior Women +73kg	SIQUEIRA Gabriele	BRA	3
rio-open-2022	Senior Women +73kg	ESPINOZA Matvelin	ECU	
rio-open-2022	Senior Women +73kg	DOS Ana Paula	BRA	
rio-open-2022	Senior Women +73kg	HERCULANO Gabriela	BRA	
rio-open-2022	Senior Women +73kg	MOSQUERA Gloria Ca	COL	1
rio-open-2022	Senior Women +73kg	GORMAN-SHORE Madelynn	USA	2
rio-open-2022	Senior Women +73kg	BRASIL Lara Maria	BRA	
rio-open-2022	Senior Women +73kg	TURCI Izabela	BRA	
rio-open-2022	Senior Women +73kg	DIAZ Carla Melina	ARG	
rio-open-2022	Senior Women +73kg	RODRIGUEZ Katherine	DOM	3
dominican-open-2022	Senior Men -87kg	STEWART Jordan	CAN	2
dominican-open-2022	Senior Men -87kg	SOTO BAUTISTA Luis german	COL	3
dominican-open-2022	Senior Men -87kg	CASTAñEDA ARIAS Yarobis Michael	CUB	
dominican-open-2022	Senior Men -87kg	GOMIS Païvou johnouario	GBS	
dominican-open-2022	Senior Men -87kg	FERRERA Miguel	HON	3
dominican-open-2022	Senior Men -87kg	HERNANDEZ Moises	DOM	
dominican-open-2022	Senior Men -87kg	SALAZAR Bryan	MEX	1
dominican-open-2022	Senior Men -80kg	NICKOLAS CJ	USA	1
dominican-open-2022	Senior Men -80kg	OLMEDO Dylan leonel	ARG	
dominican-open-2022	Senior Men -80kg	LEJARAZO Kenny	VEN	
dominican-open-2022	Senior Men -80kg	WEBB Julian	WT	
dominican-open-2022	Senior Men -80kg	CHURCHILL MARTINEZ Joaquin	CHI	3
dominican-open-2022	Senior Men -80kg	PASTOR Jose	MEX	
dominican-open-2022	Senior Men -80kg	ROBLETO David	NCA	
dominican-open-2022	Senior Men -80kg	PAYET Taumatai	FPO	
dominican-open-2022	Senior Men -80kg	RODRIGUES FERNANDES Henrique marques	BRA	3
dominican-open-2022	Senior Men -80kg	ANDRADE HERRERA Hassani	PER	
dominican-open-2022	Senior Men -80kg	ALEJANDRO-VARGAS Diego	PUR	
dominican-open-2022	Senior Men -80kg	TREJOS SALAS Miguel	COL	2
dominican-open-2022	Senior Men -74kg	LIZARRAGA Rene	MEX	
dominican-open-2022	Senior Men -74kg	VALENCIA Juan Seba	COL	1
dominican-open-2022	Senior Men -74kg	BOCIO Esquivel	DOM	
dominican-open-2022	Senior Men -74kg	MERCIER Charlelie	CAN	
dominican-open-2022	Senior Men -74kg	CARROLL Brock	CAN	
dominican-open-2022	Senior Men -74kg	OROZCO Maickol	DOM	
dominican-open-2022	Senior Men -74kg	PARK Tae ku	CAN	3
dominican-open-2022	Senior Men -74kg	LIU Joshua	USA	3
dominican-open-2022	Senior Men -74kg	IORSS Rahiti	FPO	
dominican-open-2022	Senior Men -74kg	BIEN Starlin	DOM	
dominican-open-2022	Senior Men -74kg	GIL LOPEZ Damian steven	COL	
dominican-open-2022	Senior Men -74kg	MARTINEZ Pedro Lui	DOM	
dominican-open-2022	Senior Men -74kg	ZEPEDA Victor Julio (HON-1505)	HON	
dominican-open-2022	Senior Men -74kg	PONTES Edival	BRA	2
dominican-open-2022	Senior Men -68kg	MORALES Ignacio	CHI	
dominican-open-2022	Senior Men -68kg	MONTUFAR Diego	GUA	
dominican-open-2022	Senior Men -68kg	DE Rafael Alfredo	DOM	
dominican-open-2022	Senior Men -68kg	HARRIS Khalfani	USA	3
dominican-open-2022	Senior Men -68kg	GONZALEZ GOMEZ Federico	URU	
dominican-open-2022	Senior Men -68kg	NKOGHO MENGUE Hervan	CAN	
dominican-open-2022	Senior Men -68kg	RODGERS Nathan	USA	
dominican-open-2022	Senior Men -68kg	FERNANDEZ Angel Ya	CUB	
dominican-open-2022	Senior Men -68kg	MORAN Manuel	PAN	
dominican-open-2022	Senior Men -68kg	VICENTE Rabbin	HON	
dominican-open-2022	Senior Men -68kg	PIE Bernardo	DOM	1
dominican-open-2022	Senior Men -68kg	PAZ ROCHA David felipe	COL	
dominican-open-2022	Senior Men -68kg	TAPIA Michael	DOM	
dominican-open-2022	Senior Men -68kg	DOMINGUEZ Alvis	PAN	
dominican-open-2022	Senior Men -68kg	CAMPOS Santiago	ARG	
dominican-open-2022	Senior Men -68kg	CASAS GARCIA Iker	MEX	3
dominican-open-2022	Senior Men -68kg	LEON Braulio	PER	
dominican-open-2022	Senior Men -68kg	SANTOS Gabriel	BRA	2
dominican-open-2022	Senior Men -68kg	YAN Robinson Felix	DOM	
dominican-open-2022	Senior Men -68kg	RUIZ Alexander	VEN	
dominican-open-2022	Senior Men -68kg	YACOUBA Ismael	NIG	
dominican-open-2022	Senior Men -63kg	PARK Braven	CAN	1
dominican-open-2022	Senior Men -63kg	AROSEMENA Hector	PAN	
dominican-open-2022	Senior Men -63kg	OGER Fausto Bladimir	DOM	
dominican-open-2022	Senior Men -63kg	OLIVERO TORO Cristian	CHI	
dominican-open-2022	Senior Men -63kg	GONZALEZ Wander	DOM	
dominican-open-2022	Senior Men -63kg	LEE Hosoo	CAN	
dominican-open-2022	Senior Men -63kg	RAMOS Gabriel	BRA	3
dominican-open-2022	Senior Men -63kg	PIE Luis	DOM	3
dominican-open-2022	Senior Men -63kg	GOMEZ Jorge	PUR	
dominican-open-2022	Senior Men -63kg	PASHNIN Mark	CAN	
dominican-open-2022	Senior Men -63kg	LAU Adrian	GUA	
dominican-open-2022	Senior Men -63kg	BLANCO Marco Tulio	COL	
dominican-open-2022	Senior Men -63kg	TAVERAS Saul Ismae	DOM	
dominican-open-2022	Senior Men -63kg	GRANADO Yohandri	VEN	2
dominican-open-2022	Senior Men -63kg	GUZMAN Lucas	ARG	
dominican-open-2022	Senior Men -58kg	OCHOA Jefferson	COL	
dominican-open-2022	Senior Men -58kg	GALEAS Julen	HON	
dominican-open-2022	Senior Men -58kg	ALVAREZ Melvy	USA	3
dominican-open-2022	Senior Men -58kg	LIMA Juliano	BRA	
dominican-open-2022	Senior Men -58kg	BARRETO Raymiguel	PER	
dominican-open-2022	Senior Men -58kg	CHANG Yohan	CAN	1
dominican-open-2022	Senior Men -58kg	DE Yeuri	DOM	
dominican-open-2022	Senior Men -58kg	WEEKES Jeremi	PUR	
dominican-open-2022	Senior Men -58kg	MELO Paulo	BRA	
dominican-open-2022	Senior Men -58kg	KIM David	USA	2
dominican-open-2022	Senior Men -58kg	MORALES Edrick	PUR	
dominican-open-2022	Senior Men -58kg	MORENO Andres	COL	
dominican-open-2022	Senior Men -58kg	PUMA Jose	PER	
dominican-open-2022	Senior Men -58kg	HOEFLING Nicholas	CAN	
dominican-open-2022	Senior Men -58kg	FUENTES David	GUA	
dominican-open-2022	Senior Men -58kg	GRANT Gavin	USA	3
dominican-open-2022	Senior Men -58kg	PEÑALBA Adrian	PAN	
dominican-open-2022	Senior Men -58kg	RODRIGUEZ Roger	WT	
dominican-open-2022	Senior Men -58kg	RODRIGUEZ Cesar	MEX	
dominican-open-2022	Senior Men -54kg	NORZAGARAY-GARCIA Juancarlos	USA	
dominican-open-2022	Senior Men -54kg	REYES Cristofer	DOM	1
dominican-open-2022	Senior Men -54kg	REYES Jaime David	DOM	
dominican-open-2022	Senior Men -54kg	PERALTA Carlos Daniel	DOM	
dominican-open-2022	Senior Men -54kg	MANSELL MURILLO THOMAS	NCA	3
dominican-open-2022	Senior Men -54kg	RIVERO Tomas	ARG	2
dominican-open-2022	Senior Men -54kg	ALLEN Chris	USA	
dominican-open-2022	Senior Men -54kg	MARTINEZ Felix	DOM	
dominican-open-2022	Senior Men -54kg	MENDOZA Victor	PAN	
dominican-open-2022	Senior Men -54kg	ESPINOSA Edward	DOM	3
dominican-open-2022	Senior Men +87kg	SANSORES Carlos	MEX	1
dominican-open-2022	Senior Men +87kg	ALVAREZ Luis	VEN	3
dominican-open-2022	Senior Men +87kg	ANN Alasan	GAM	
dominican-open-2022	Senior Men +87kg	BERGERON Marc andre	CAN	3
dominican-open-2022	Senior Men +87kg	SALDARRIAGA Walter	COL	
dominican-open-2022	Senior Men +87kg	HEALY Jonathan	USA	2
dominican-open-2022	Senior Women -73kg	GORMAN-SHORE Madelynn	USA	1
dominican-open-2022	Senior Women -73kg	MOLINA Yosselyn	HON	
dominican-open-2022	Senior Women -73kg	CASTELLANOS Jarolit	VEN	
dominican-open-2022	Senior Women -73kg	PETIT Yeni	DOM	3
dominican-open-2022	Senior Women -73kg	VIANA Alena	USA	3
dominican-open-2022	Senior Women -73kg	DE Marlin Nalleli	DOM	
dominican-open-2022	Senior Women -73kg	TAMEZ Victoria	MEX	2
dominican-open-2022	Senior Women -73kg	WEEKES Crystal	PUR	
dominican-open-2022	Senior Women -67kg	TITONELI Milena	BRA	2
dominican-open-2022	Senior Women -67kg	RODRIGUEZ Madelyn Andrea	DOM	3
dominican-open-2022	Senior Women -67kg	GALLARDO Claudia	CHI	
dominican-open-2022	Senior Women -67kg	ACOSTA Arlettys De La Caridad	CUB	
dominican-open-2022	Senior Women -67kg	ILIESCO Nathalie	CAN	3
dominican-open-2022	Senior Women -67kg	RIVAS Victoria	ARG	
dominican-open-2022	Senior Women -67kg	SOLTERO Leslie	MEX	1
dominican-open-2022	Senior Women -62kg	SANTOS Caroline	BRA	1
dominican-open-2022	Senior Women -62kg	SELLAS Jathmarilys	PUR	
dominican-open-2022	Senior Women -62kg	RODRIGUEZ Karla L	DOM	
dominican-open-2022	Senior Women -62kg	EVOLO Gianella	ARG	3
dominican-open-2022	Senior Women -62kg	AGUIRRE Fernanda	CHI	
dominican-open-2022	Senior Women -62kg	PARK Skylar	CAN	2
dominican-open-2022	Senior Women -62kg	IORSS Kawehi	FPO	
dominican-open-2022	Senior Women -62kg	VELAZQUEZ Itzel	MEX	
dominican-open-2022	Senior Women -62kg	MORAN Geisha	DOM	
dominican-open-2022	Senior Women -62kg	SULBARAN Alexmar	VEN	
dominican-open-2022	Senior Women -62kg	KRAAYEVELD Ashley	CAN	3
dominican-open-2022	Senior Women -57kg	MACEDO Sandy	BRA	2
dominican-open-2022	Senior Women -57kg	MUNOZ Daniela Alej	COL	
dominican-open-2022	Senior Women -57kg	RUIZ Yuliana	ARG	
dominican-open-2022	Senior Women -57kg	SANTOS Cariani Isa	DOM	
dominican-open-2022	Senior Women -57kg	XX Xxx	PER	3
dominican-open-2022	Senior Women -57kg	GREENWOOD Makayla	USA	3
dominican-open-2022	Senior Women -57kg	GONZALEZ Genesis	VEN	
dominican-open-2022	Senior Women -57kg	MEJIA Mayerlin Yan	DOM	
dominican-open-2022	Senior Women -57kg	SOTO CASTILLO Isuangelis	PUR	
dominican-open-2022	Senior Women -57kg	DILLON Faith	USA	1
dominican-open-2022	Senior Women -53kg	VILLEGAS Fabiola G	MEX	1
dominican-open-2022	Senior Women -53kg	ROBLES Tamara	CUB	
dominican-open-2022	Senior Women -53kg	DUMAS Mathilde	CAN	
dominican-open-2022	Senior Women -53kg	SANTIAGO Keishlie	PUR	
dominican-open-2022	Senior Women -53kg	JOGLAR Nichole	PUR	
dominican-open-2022	Senior Women -53kg	BONILLA CRUZ Andrialis ramona	DOM	
dominican-open-2022	Senior Women -53kg	PEDROZA Yuliena	GUA	3
dominican-open-2022	Senior Women -53kg	REIS Talisca	BRA	
dominican-open-2022	Senior Women -53kg	LUO Mariana	WT	
dominican-open-2022	Senior Women -53kg	GONZALEZ Daniella	GUA	
dominican-open-2022	Senior Women -53kg	GOMEZ Lucero	COL	3
dominican-open-2022	Senior Women -53kg	GODOY Carla	ARG	2
dominican-open-2022	Senior Women -53kg	VICTOR Nahomy	DOM	
dominican-open-2022	Senior Women -53kg	FOKAS Sophia	CAN	
dominican-open-2022	Senior Women -53kg	DIAS DE LIMA PENNA SARAIVA Leonor	BRA	
dominican-open-2022	Senior Women -49kg	SOUZA Daniela Paola	MEX	2
dominican-open-2022	Senior Women -49kg	OLIVAS CHRISLEY	NCA	
dominican-open-2022	Senior Women -49kg	CASTILLO Karoline Stephanie	PAN	
dominican-open-2022	Senior Women -49kg	RIVERA Emely Cristina	DOM	
dominican-open-2022	Senior Women -49kg	LIEGHIO Maria Sofi	URU	
dominican-open-2022	Senior Women -49kg	POIRE Aurelie	CAN	3
dominican-open-2022	Senior Women -49kg	GRIPPOLI Maria Sar	URU	
dominican-open-2022	Senior Women -49kg	VALDERRAMA Sabrina	PUR	
dominican-open-2022	Senior Women -49kg	SALAS Lizette	USA	
dominican-open-2022	Senior Women -49kg	TRANQUILLE Viviane	CAN	
dominican-open-2022	Senior Women -49kg	MONELL Alondra	PUR	
dominican-open-2022	Senior Women -49kg	BALDINI Gabriela	BRA	
dominican-open-2022	Senior Women -49kg	BEZERRA Camila	BRA	3
dominican-open-2022	Senior Women -49kg	DANIEL Melina	USA	
dominican-open-2022	Senior Women -49kg	TALBOTT Riccy	HON	
dominican-open-2022	Senior Women -49kg	XX Xxx	PER	
dominican-open-2022	Senior Women -49kg	RAMIREZ VARGAS Andrea	COL	1
dominican-open-2022	Senior Women -46kg	SANTOS Valeria	BRA	3
dominican-open-2022	Senior Women -46kg	MENDEZ Mirna Gabri	PUR	
dominican-open-2022	Senior Women -46kg	OROZCO Angelique	CAN	
dominican-open-2022	Senior Women -46kg	DELLAN Virginia	VEN	1
dominican-open-2022	Senior Women -46kg	LLAUCA MENDOZA Camila	PER	
dominican-open-2022	Senior Women -46kg	LARA Vanessa	DOM	
dominican-open-2022	Senior Women -46kg	ESPINOSA Amelia Is	MEX	
dominican-open-2022	Senior Women -46kg	FONSECA Caliana	USA	3
dominican-open-2022	Senior Women -46kg	VICENTE Sidney	HON	
dominican-open-2022	Senior Women -46kg	MARTÍNEZ Ilvelis Wanda	DOM	
dominican-open-2022	Senior Women -46kg	CHIRINOS Jaimar Sa	ARU	
dominican-open-2022	Senior Women -46kg	SANCHO Laura	WT	2
dominican-open-2022	Senior Women +73kg	MOSQUERA Gloria Ca	COL	1
dominican-open-2022	Senior Women +73kg	FERNANDEZ Carolina	VEN	3
dominican-open-2022	Senior Women +73kg	GARCIA Paloma	MEX	
dominican-open-2022	Senior Women +73kg	AVILA Keyla	HON	
dominican-open-2022	Senior Women +73kg	BOUDREAU Emmanuelle	CAN	2
dominican-open-2022	Senior Women +73kg	KECK Hannah	USA	3
pan-am-series-costa-rica-2022	Senior Men -87kg	LLANOS Hanssel	USA	1
pan-am-series-costa-rica-2022	Senior Men -87kg	BRUNET Ethienne	CAN	3
pan-am-series-costa-rica-2022	Senior Men -87kg	ESTRADA Jahn Luis	PUR	
pan-am-series-costa-rica-2022	Senior Men -87kg	ESQUIVEL Juan	MEX	2
pan-am-series-costa-rica-2022	Senior Men -87kg	CORDERO Kenneth	WT	
pan-am-series-costa-rica-2022	Senior Men -87kg	VOMIERO Stefano	CHI	3
pan-am-series-costa-rica-2022	Senior Men -87kg	FERRERA Miguel	HON	
pan-am-series-costa-rica-2022	Senior Men -80kg	HERNANDEZ Moises	DOM	3
pan-am-series-costa-rica-2022	Senior Men -80kg	GONZALEZ Daniel	PAN	
pan-am-series-costa-rica-2022	Senior Men -80kg	FLORES Alejandro	WT	
pan-am-series-costa-rica-2022	Senior Men -80kg	PASTOR Jose	MEX	2
pan-am-series-costa-rica-2022	Senior Men -80kg	GONZALEZ Alejandro	PUR	
pan-am-series-costa-rica-2022	Senior Men -80kg	OSTAPIV Lucas	BRA	
pan-am-series-costa-rica-2022	Senior Men -80kg	STEWART Jordan	CAN	3
pan-am-series-costa-rica-2022	Senior Men -80kg	WEBB Julian	WT	
pan-am-series-costa-rica-2022	Senior Men -80kg	ALEJANDRO-VARGAS Diego	PUR	
pan-am-series-costa-rica-2022	Senior Men -80kg	MARTINEZ Daniel	HON	
pan-am-series-costa-rica-2022	Senior Men -80kg	ROBLETO David	NCA	1
pan-am-series-costa-rica-2022	Senior Men -74kg	KIM Sohwon	HAI	3
pan-am-series-costa-rica-2022	Senior Men -74kg	MORONI CASTILLO	USA	
pan-am-series-costa-rica-2022	Senior Men -74kg	SHRIEF Mohamed	CAN	
pan-am-series-costa-rica-2022	Senior Men -74kg	SEALY. Brandon	JAM	1
pan-am-series-costa-rica-2022	Senior Men -74kg	ROSADO CRUZ Yandel	PUR	
pan-am-series-costa-rica-2022	Senior Men -74kg	RODRIGUEZ Osvaldo	CHI	
pan-am-series-costa-rica-2022	Senior Men -74kg	XX Xxx	PER	3
pan-am-series-costa-rica-2022	Senior Men -74kg	GONZALEZ GOMEZ Federico	URU	2
pan-am-series-costa-rica-2022	Senior Men -74kg	LARA Francisco	ESA	
pan-am-series-costa-rica-2022	Senior Men -74kg	MERCIER Charlelie	CAN	
pan-am-series-costa-rica-2022	Senior Men -68kg	PIE Bernardo	DOM	1
pan-am-series-costa-rica-2022	Senior Men -68kg	DOMINGUEZ Alvis	PAN	
pan-am-series-costa-rica-2022	Senior Men -68kg	CRISTEL Leonardo	CAN	
pan-am-series-costa-rica-2022	Senior Men -68kg	GOMEZTAGLE Uriel	MEX	3
pan-am-series-costa-rica-2022	Senior Men -68kg	VICENTE Rabbin	HON	
pan-am-series-costa-rica-2022	Senior Men -68kg	MONTUFAR Diego	GUA	3
pan-am-series-costa-rica-2022	Senior Men -68kg	GARCIA Eliecer Ger	WT	
pan-am-series-costa-rica-2022	Senior Men -68kg	KASPER Carlos	PAN	
pan-am-series-costa-rica-2022	Senior Men -68kg	PALACIOS Luis	ESA	
pan-am-series-costa-rica-2022	Senior Men -68kg	CENDEJAS Emilio	USA	2
pan-am-series-costa-rica-2022	Senior Men -68kg	NKOGHO MENGUE Hervan	CAN	
pan-am-series-costa-rica-2022	Senior Men -63kg	PIE Luis	DOM	2
pan-am-series-costa-rica-2022	Senior Men -63kg	BENAVIDES Omar	ESA	
pan-am-series-costa-rica-2022	Senior Men -63kg	RAMIREZ Mauricio	ECU	
pan-am-series-costa-rica-2022	Senior Men -63kg	DE JESUS Luis	PUR	3
pan-am-series-costa-rica-2022	Senior Men -63kg	BESPALYI Artur	CAN	
pan-am-series-costa-rica-2022	Senior Men -63kg	JIMENEZ Cesar	WT	
pan-am-series-costa-rica-2022	Senior Men -63kg	VILLA Damian	USA	
pan-am-series-costa-rica-2022	Senior Men -63kg	LAU Adrian	GUA	3
pan-am-series-costa-rica-2022	Senior Men -63kg	BELEN Ian manuel	PUR	
pan-am-series-costa-rica-2022	Senior Men -63kg	FERNANDES Nicalas	CPV	
pan-am-series-costa-rica-2022	Senior Men -63kg	HERRERA Nicolas	CHI	
pan-am-series-costa-rica-2022	Senior Men -63kg	LEWIS Fernando	PAN	
pan-am-series-costa-rica-2022	Senior Men -63kg	NAVEA Sebastian	CHI	1
pan-am-series-costa-rica-2022	Senior Men -58kg	CHANG Yohan	CAN	3
pan-am-series-costa-rica-2022	Senior Men -58kg	PIZARRO GALLARDO Vicente	CHI	
pan-am-series-costa-rica-2022	Senior Men -58kg	SALVATIERRA Carlos Steve	GUA	
pan-am-series-costa-rica-2022	Senior Men -58kg	PUMA Jose	PER	
pan-am-series-costa-rica-2022	Senior Men -58kg	SOLANO Pablo	WT	
pan-am-series-costa-rica-2022	Senior Men -58kg	RIVERA Edgar	PUR	
pan-am-series-costa-rica-2022	Senior Men -58kg	AQUINO Miguel A.	PUR	
pan-am-series-costa-rica-2022	Senior Men -58kg	PASHNIN Mark	CAN	
pan-am-series-costa-rica-2022	Senior Men -58kg	KLABER Joshua	ARU	
pan-am-series-costa-rica-2022	Senior Men -58kg	ALVAREZ Melvy	USA	1
pan-am-series-costa-rica-2022	Senior Men -58kg	FUENTES David	GUA	2
pan-am-series-costa-rica-2022	Senior Men -58kg	MENACHO Yosthin Be	BOL	
pan-am-series-costa-rica-2022	Senior Men -58kg	CHAVEZ Tomas Sebas	ECU	
pan-am-series-costa-rica-2022	Senior Men -58kg	CASTILLO Nefi	USA	
pan-am-series-costa-rica-2022	Senior Men -58kg	AROSEMENA Hector	PAN	
pan-am-series-costa-rica-2022	Senior Men -58kg	MORALES Edrick	PUR	
pan-am-series-costa-rica-2022	Senior Men -58kg	JEAN-BAPTISTE Gregory	HAI	
pan-am-series-costa-rica-2022	Senior Men -58kg	SAVARD Marc-Antoine	CAN	
pan-am-series-costa-rica-2022	Senior Men -58kg	AQUINO Luiz	BRA	3
pan-am-series-costa-rica-2022	Senior Men -58kg	SALIM Sharif gergely	HUN	
pan-am-series-costa-rica-2022	Senior Men -54kg	HOEFLING Nicholas	CAN	2
pan-am-series-costa-rica-2022	Senior Men -54kg	ALONZO Ian Paolo	HON	
pan-am-series-costa-rica-2022	Senior Men -54kg	GHAOUI Taha	CAN	
pan-am-series-costa-rica-2022	Senior Men -54kg	PAVONE Hunter	USA	
pan-am-series-costa-rica-2022	Senior Men -54kg	CRUZ Kariel	PUR	3
pan-am-series-costa-rica-2022	Senior Men -54kg	LUIS Gonzalez Ayal	PUR	
pan-am-series-costa-rica-2022	Senior Men -54kg	SALAZAR Andres	WT	
pan-am-series-costa-rica-2022	Senior Men -54kg	DE MORAES Giovanni aubin	BRA	
pan-am-series-costa-rica-2022	Senior Men -54kg	MANSELL MURILLO THOMAS	NCA	
pan-am-series-costa-rica-2022	Senior Men -54kg	ARIAS Steven Germa	ECU	
pan-am-series-costa-rica-2022	Senior Men -54kg	LARREYNAGA Amilcar	ESA	
pan-am-series-costa-rica-2022	Senior Men -54kg	RODRIGUEZ Lester	NCA	3
pan-am-series-costa-rica-2022	Senior Men -54kg	BERUBE Zachary	CAN	
pan-am-series-costa-rica-2022	Senior Men -54kg	MENDOZA Victor	PAN	
pan-am-series-costa-rica-2022	Senior Men -54kg	QUISPILLOCLLA Fabr	PER	
pan-am-series-costa-rica-2022	Senior Men -54kg	MORENO Andres	COL	1
pan-am-series-costa-rica-2022	Senior Men +87kg	BERGERON Marc andre	CAN	1
pan-am-series-costa-rica-2022	Senior Men +87kg	VAZQUEZ ORTIZ Jerry Luis	PUR	2
pan-am-series-costa-rica-2022	Senior Women -73kg	MOLINA Yosselyn	HON	2
pan-am-series-costa-rica-2022	Senior Women -73kg	PEREZ Karla Lucia	MEX	1
pan-am-series-costa-rica-2022	Senior Women -67kg	SOLTERO Leslie	MEX	1
pan-am-series-costa-rica-2022	Senior Women -67kg	LUKIC Maya	CAN	3
pan-am-series-costa-rica-2022	Senior Women -67kg	ROSADO Rosa	PER	
pan-am-series-costa-rica-2022	Senior Women -67kg	ILIESCO Nathalie	CAN	2
pan-am-series-costa-rica-2022	Senior Women -67kg	CORREA Giovanna	BRA	
pan-am-series-costa-rica-2022	Senior Women -67kg	ROMAN TORRES Naishka	PUR	3
pan-am-series-costa-rica-2022	Senior Women -62kg	KRAAYEVELD Ashley	CAN	1
pan-am-series-costa-rica-2022	Senior Women -62kg	ZENTENO Cintia	MEX	
pan-am-series-costa-rica-2022	Senior Women -62kg	SANTERRE Frederiqu	CAN	
pan-am-series-costa-rica-2022	Senior Women -62kg	LECLERC Marianne	CAN	3
pan-am-series-costa-rica-2022	Senior Women -62kg	MORALES Britney	USA	3
pan-am-series-costa-rica-2022	Senior Women -62kg	VARGAS Nicole Vale	WT	
pan-am-series-costa-rica-2022	Senior Women -62kg	BROOKS Brenda	PAN	
pan-am-series-costa-rica-2022	Senior Women -62kg	VELAZQUEZ Itzel	MEX	2
pan-am-series-costa-rica-2022	Senior Women -57kg	DILLON Faith	USA	1
pan-am-series-costa-rica-2022	Senior Women -57kg	LOPEZ Miliany	PUR	
pan-am-series-costa-rica-2022	Senior Women -57kg	DIAZ Marcela	WT	
pan-am-series-costa-rica-2022	Senior Women -57kg	MONTANO Alisson	ESA	
pan-am-series-costa-rica-2022	Senior Women -57kg	SOTO CASTILLO Isuangelis	PUR	
pan-am-series-costa-rica-2022	Senior Women -57kg	ST-PIERRE Alycia	CAN	
pan-am-series-costa-rica-2022	Senior Women -57kg	FELIX Anel	MEX	3
pan-am-series-costa-rica-2022	Senior Women -57kg	FLORES Hermaliz	PUR	
pan-am-series-costa-rica-2022	Senior Women -57kg	IMBARACK Catalina	CHI	
pan-am-series-costa-rica-2022	Senior Women -57kg	CASTILLO Melissa	MEX	2
pan-am-series-costa-rica-2022	Senior Women -57kg	LECLERC Gabrielle	CAN	3
pan-am-series-costa-rica-2022	Senior Women -57kg	VANEGAS Mariling	NCA	
pan-am-series-costa-rica-2022	Senior Women -57kg	LINDO Neshi Lee	WT	
pan-am-series-costa-rica-2022	Senior Women -53kg	PEDROZA Yuliena	GUA	2
pan-am-series-costa-rica-2022	Senior Women -53kg	EMILY Valentina	COL	
pan-am-series-costa-rica-2022	Senior Women -53kg	SHUMSKY Sofia	USA	
pan-am-series-costa-rica-2022	Senior Women -53kg	BUCHELI Maria belen	ECU	
pan-am-series-costa-rica-2022	Senior Women -53kg	FERLA Ana Clara	BRA	
pan-am-series-costa-rica-2022	Senior Women -53kg	CONDE Yajaidy	NCA	
pan-am-series-costa-rica-2022	Senior Women -53kg	DUMAS Mathilde	CAN	3
pan-am-series-costa-rica-2022	Senior Women -53kg	LUO Mariana	WT	
pan-am-series-costa-rica-2022	Senior Women -53kg	AVERBECK Teana	CAN	
pan-am-series-costa-rica-2022	Senior Women -53kg	MUNOZ Jenniffer	ESA	3
pan-am-series-costa-rica-2022	Senior Women -53kg	GONZALEZ Daniella	GUA	
pan-am-series-costa-rica-2022	Senior Women -53kg	OCEGUERA Sophia	USA	
pan-am-series-costa-rica-2022	Senior Women -53kg	SANTIAGO Keishlie	PUR	1
pan-am-series-costa-rica-2022	Senior Women -49kg	TRANQUILLE Viviane	CAN	2
pan-am-series-costa-rica-2022	Senior Women -49kg	ESTRADA Daphne	GUA	
pan-am-series-costa-rica-2022	Senior Women -49kg	CALDERON Katherine	PER	
pan-am-series-costa-rica-2022	Senior Women -49kg	PORTUGUÉZ BARBOZA Ariana	WT	3
pan-am-series-costa-rica-2022	Senior Women -49kg	SUAREZ Sigrid Nell	NCA	
pan-am-series-costa-rica-2022	Senior Women -49kg	GUTIERREZ Isidora	CHI	
pan-am-series-costa-rica-2022	Senior Women -49kg	POIRE Aurelie	CAN	
pan-am-series-costa-rica-2022	Senior Women -49kg	OLIVAS CHRISLEY	NCA	
pan-am-series-costa-rica-2022	Senior Women -49kg	CARPENTIER Vicky	CAN	3
pan-am-series-costa-rica-2022	Senior Women -49kg	ROSADO CRUZ CHANEL	PUR	
pan-am-series-costa-rica-2022	Senior Women -49kg	TALBOTT Riccy	HON	
pan-am-series-costa-rica-2022	Senior Women -49kg	FARSAD Farzaneh	CAN	
pan-am-series-costa-rica-2022	Senior Women -49kg	VENEGAS Angie Jaqu	MEX	1
pan-am-series-costa-rica-2022	Senior Women -46kg	SANCHO Laura	WT	1
pan-am-series-costa-rica-2022	Senior Women -46kg	FAFARD Mathilde	CAN	
pan-am-series-costa-rica-2022	Senior Women -46kg	CASTAÑEDA Patricia	MEX	
pan-am-series-costa-rica-2022	Senior Women -46kg	MENDEZ Mirna Gabri	PUR	
pan-am-series-costa-rica-2022	Senior Women -46kg	CHIRINOS Jaimar Sa	ARU	
pan-am-series-costa-rica-2022	Senior Women -46kg	BALDINI Gabriela	BRA	3
pan-am-series-costa-rica-2022	Senior Women -46kg	SANCHEZ Sarai	PUR	
pan-am-series-costa-rica-2022	Senior Women -46kg	RODRIGUEZ Marcela	NCA	
pan-am-series-costa-rica-2022	Senior Women -46kg	VICENTE Sidney	HON	3
pan-am-series-costa-rica-2022	Senior Women -46kg	SYLVESTER Marley	USA	
pan-am-series-costa-rica-2022	Senior Women -46kg	LLAUCA MENDOZA Camila	PER	
pan-am-series-costa-rica-2022	Senior Women -46kg	OROZCO Angelique	CAN	2
pan-am-series-costa-rica-2022	Senior Women +73kg	RODRIGUEZ Katherine	DOM	1
pan-am-series-costa-rica-2022	Senior Women +73kg	GARZA Nicole	ESA	
pan-am-series-costa-rica-2022	Senior Women +73kg	GOMEZ Yessica	MEX	3
pan-am-series-costa-rica-2022	Senior Women +73kg	TALHA Asma	CAN	3
pan-am-series-costa-rica-2022	Senior Women +73kg	KECK Hannah	USA	2
presidents-cup-america-2022	Senior Men -80kg	NICKOLAS CJ	USA	1
presidents-cup-america-2022	Senior Men -80kg	ALEJANDRO-VARGAS Diego	PUR	
presidents-cup-america-2022	Senior Men -80kg	GONZALEZ Alejandro	PUR	
presidents-cup-america-2022	Senior Men -80kg	RODRIGUES FERNANDES Henrique marques	BRA	3
presidents-cup-america-2022	Senior Men -80kg	ROBLETO David	NCA	
presidents-cup-america-2022	Senior Men -80kg	TREJOS SALAS Miguel	COL	2
presidents-cup-america-2022	Senior Men -80kg	MERCIER Charlelie	CAN	
presidents-cup-america-2022	Senior Men -80kg	PASTOR Jose	MEX	
presidents-cup-america-2022	Senior Men -80kg	CHURCHILL MARTINEZ Joaquin	CHI	3
presidents-cup-america-2022	Senior Men -80kg	PINCHERLI Kelvyn	CAN	
presidents-cup-america-2022	Senior Men -80kg	HERNANDEZ Moises	DOM	
presidents-cup-america-2022	Senior Men -74kg	PONTES Edival	BRA	1
presidents-cup-america-2022	Senior Men -74kg	SASTRE Juan carlos	PUR	
presidents-cup-america-2022	Senior Men -74kg	SARR Ousmane	SEN	
presidents-cup-america-2022	Senior Men -74kg	CABRERA Davyd	USA	
presidents-cup-america-2022	Senior Men -74kg	BUENAVENTURA Loren	USA	
presidents-cup-america-2022	Senior Men -74kg	ASSIS MATOS Vinicius	BRA	
presidents-cup-america-2022	Senior Men -74kg	SMITH William	USA	
presidents-cup-america-2022	Senior Men -74kg	HOWARD Rodney	USA	
presidents-cup-america-2022	Senior Men -74kg	SEALY. Brandon	JAM	3
presidents-cup-america-2022	Senior Men -74kg	PARK Tae ku	CAN	2
presidents-cup-america-2022	Senior Men -74kg	REITZ David	USA	
presidents-cup-america-2022	Senior Men -74kg	NDE Aurele Tcheh	CAN	
presidents-cup-america-2022	Senior Men -74kg	YI Timothy	USA	
presidents-cup-america-2022	Senior Men -74kg	XX Xxx	PER	
presidents-cup-america-2022	Senior Men -74kg	BEVEL Aiden	USA	3
presidents-cup-america-2022	Senior Men -74kg	IORSS Rahiti	FPO	
presidents-cup-america-2022	Senior Men -74kg	SANTAELLA Eric	USA	
presidents-cup-america-2022	Senior Men -74kg	RODGERS Nathan	USA	
presidents-cup-america-2022	Senior Men -74kg	LIZARRAGA Rene	MEX	
presidents-cup-america-2022	Senior Men -68kg	PIE Bernardo	DOM	1
presidents-cup-america-2022	Senior Men -68kg	NOAH AVROYA	USA	
presidents-cup-america-2022	Senior Men -68kg	BOWMAN Steven	USA	
presidents-cup-america-2022	Senior Men -68kg	SAMOTSHOZO Wardell	BOT	
presidents-cup-america-2022	Senior Men -68kg	GOMEZTAGLE Uriel	MEX	
presidents-cup-america-2022	Senior Men -68kg	PAZ ROCHA David felipe	COL	
presidents-cup-america-2022	Senior Men -68kg	NAVEA Sebastian	CHI	
presidents-cup-america-2022	Senior Men -68kg	CURRAN Fergus	USA	
presidents-cup-america-2022	Senior Men -68kg	HARRIS Khalfani	USA	3
presidents-cup-america-2022	Senior Men -68kg	SOUZA DINIZ Joao victor	BRA	
presidents-cup-america-2022	Senior Men -68kg	LARGAESPADA Oliver	USA	
presidents-cup-america-2022	Senior Men -68kg	JAMES CHOI	USA	
presidents-cup-america-2022	Senior Men -68kg	LECLERC Jean-Samuel	CAN	
presidents-cup-america-2022	Senior Men -68kg	NKOGHO MENGUE Hervan	CAN	3
presidents-cup-america-2022	Senior Men -68kg	CASAS GARCIA Iker	MEX	
presidents-cup-america-2022	Senior Men -68kg	BENAOUDA Zakaria	CAN	
presidents-cup-america-2022	Senior Men -68kg	JENKINS Ethan	CAN	
presidents-cup-america-2022	Senior Men -68kg	ROMERO FEARON Ian mateo	MEX	
presidents-cup-america-2022	Senior Men -68kg	MORALES Ignacio	CHI	2
presidents-cup-america-2022	Senior Men -63kg	RAMOS Gabriel	BRA	
presidents-cup-america-2022	Senior Men -63kg	BRITTON Shane	CAN	3
presidents-cup-america-2022	Senior Men -63kg	HERRERA Nicolas	CHI	
presidents-cup-america-2022	Senior Men -63kg	OLIVERO TORO Cristian	CHI	
presidents-cup-america-2022	Senior Men -63kg	JAFARZADEHPOUR Sam	CAN	
presidents-cup-america-2022	Senior Men -63kg	DEFREITAS Daniel	CAN	
presidents-cup-america-2022	Senior Men -63kg	PARK Braven	CAN	2
presidents-cup-america-2022	Senior Men -63kg	NAVARRO Carlos	MEX	1
presidents-cup-america-2022	Senior Men -63kg	GOMEZ Jorge	PUR	
presidents-cup-america-2022	Senior Men -63kg	CHANG Yohan	CAN	
presidents-cup-america-2022	Senior Men -63kg	DA William	BRA	
presidents-cup-america-2022	Senior Men -63kg	FERNANDES Nicalas	CPV	
presidents-cup-america-2022	Senior Men -63kg	LABATTE Jean Desaix	USA	
presidents-cup-america-2022	Senior Men -63kg	BUENAVIDES Kenneth	USA	3
presidents-cup-america-2022	Senior Men -63kg	PIE Luis	DOM	
presidents-cup-america-2022	Senior Men +87kg	HEALY Jonathan	USA	1
presidents-cup-america-2022	Senior Men +87kg	CHOI Brian	USA	
presidents-cup-america-2022	Senior Men +87kg	PUTNAM Zeph	USA	
presidents-cup-america-2022	Senior Men +87kg	BERGERON Marc andre	CAN	3
presidents-cup-america-2022	Senior Men +87kg	SIQUEIRA Maicon	BRA	2
presidents-cup-america-2022	Senior Men +87kg	HOLDER Chioke	BAR	
presidents-cup-america-2022	Senior Men +87kg	PRESTMO Ryder	USA	
presidents-cup-america-2022	Senior Men +87kg	SANSORES Carlos	MEX	3
presidents-cup-america-2022	Senior Women -57kg	PARK Skylar	CAN	1
presidents-cup-america-2022	Senior Women -57kg	LOPEZ Miliany	PUR	
presidents-cup-america-2022	Senior Women -57kg	WEBER Logan	USA	
presidents-cup-america-2022	Senior Women -57kg	CASTILLO Melissa	MEX	3
presidents-cup-america-2022	Senior Women -57kg	GREENWOOD Makayla	USA	
presidents-cup-america-2022	Senior Women -57kg	DILLON Faith	USA	3
presidents-cup-america-2022	Senior Women -57kg	LECLERC Gabrielle	CAN	
presidents-cup-america-2022	Senior Women -57kg	ST-PIERRE Alycia	CAN	
presidents-cup-america-2022	Senior Women -57kg	MACEDO Sandy	BRA	2
presidents-cup-america-2022	Senior Women -53kg	VILLEGAS Fabiola G	MEX	1
presidents-cup-america-2022	Senior Women -53kg	EMILY Valentina	COL	
presidents-cup-america-2022	Senior Women -53kg	FOKAS Sophia	CAN	
presidents-cup-america-2022	Senior Women -53kg	PEREA Karla	USA	3
presidents-cup-america-2022	Senior Women -53kg	ESTRADA Daphne	GUA	
presidents-cup-america-2022	Senior Women -53kg	KNIGHT So'mora	TTO	
presidents-cup-america-2022	Senior Women -53kg	MILAN  JULIA	BRA	
presidents-cup-america-2022	Senior Women -53kg	OCEGUERA Sophia	USA	
presidents-cup-america-2022	Senior Women -53kg	CASTILLO Luisa	GUA	
presidents-cup-america-2022	Senior Women -53kg	VENEGAS Angie Jaqu	MEX	
presidents-cup-america-2022	Senior Women -53kg	ROSSI Larissa Nasc	BRA	2
presidents-cup-america-2022	Senior Women -53kg	DUMAS Mathilde	CAN	
presidents-cup-america-2022	Senior Women -53kg	LEWIS Kylie	USA	3
presidents-cup-america-2022	Senior Women -53kg	SALAS Lizette	USA	
presidents-cup-america-2022	Senior Women -53kg	REIS Talisca	BRA	
presidents-cup-america-2022	Senior Women -49kg	SOUZA Daniela Paola	MEX	1
presidents-cup-america-2022	Senior Women -49kg	ROSADO CRUZ CHANEL	PUR	
presidents-cup-america-2022	Senior Women -49kg	TAYLOR Ashley	USA	
presidents-cup-america-2022	Senior Women -49kg	BARROS Nivea	BRA	
presidents-cup-america-2022	Senior Women -49kg	GALLARDO ARRANO Francisca	CHI	
presidents-cup-america-2022	Senior Women -49kg	VALDERRAMA Sabrina	PUR	
presidents-cup-america-2022	Senior Women -49kg	TRANQUILLE Viviane	CAN	3
presidents-cup-america-2022	Senior Women -49kg	BEZERRA Camila	BRA	
presidents-cup-america-2022	Senior Women -49kg	MONELL Alondra	PUR	
presidents-cup-america-2022	Senior Women -49kg	CARPENTIER Vicky	CAN	
presidents-cup-america-2022	Senior Women -49kg	POIRE Aurelie	CAN	3
presidents-cup-america-2022	Senior Women -49kg	KAFADAR Josipa	CAN	2
presidents-cup-america-2022	Senior Women -49kg	OLIVAS CHRISLEY	NCA	
presidents-cup-america-2022	Senior Women -49kg	RAMIREZ VARGAS Andrea	COL	
presidents-cup-america-2022	Senior Women -46kg	SANCHO Laura	WT	1
presidents-cup-america-2022	Senior Women -46kg	SYLVESTER Marley	USA	
presidents-cup-america-2022	Senior Women -46kg	SAEZ Daniela	CHI	
presidents-cup-america-2022	Senior Women -46kg	VEGA BON Veronica	PUR	
presidents-cup-america-2022	Senior Women -46kg	FAFARD Mathilde	CAN	3
presidents-cup-america-2022	Senior Women -46kg	CASTILLO Karoline Stephanie	PAN	3
presidents-cup-america-2022	Senior Women -46kg	DELLA Hazel	USA	
presidents-cup-america-2022	Senior Women -46kg	FONSECA Caliana	USA	
presidents-cup-america-2022	Senior Women -46kg	SANCHEZ Sarai	PUR	
presidents-cup-america-2022	Senior Women -46kg	OLIVEIRA Ana Julia	BRA	
presidents-cup-america-2022	Senior Women -46kg	SANTOS Valeria	BRA	2
presidents-cup-america-2022	Senior Women +73kg	RODRIGUEZ Katherine	DOM	2
presidents-cup-america-2022	Senior Women +73kg	VIANA Alena	USA	
presidents-cup-america-2022	Senior Women +73kg	KECK Hannah	USA	3
presidents-cup-america-2022	Senior Women +73kg	SIQUEIRA Gabriele	BRA	3
presidents-cup-america-2022	Senior Women +73kg	MOSQUERA Gloria Ca	COL	1
presidents-cup-america-2022	Senior Men -87kg	MARTINS Icaro Migu	BRA	1
presidents-cup-america-2022	Senior Men -87kg	ESQUIVEL Juan	MEX	3
presidents-cup-america-2022	Senior Men -87kg	LLANOS Hanssel	USA	
presidents-cup-america-2022	Senior Men -87kg	RODRIGUEZ Michael c	USA	3
presidents-cup-america-2022	Senior Men -87kg	FINDLEY William	USA	
presidents-cup-america-2022	Senior Men -87kg	SALAZAR Bryan	MEX	2
presidents-cup-america-2022	Senior Men -58kg	PLAZA HERNANDEZ Brandon	MEX	
presidents-cup-america-2022	Senior Men -58kg	CAEZ José G	PUR	
presidents-cup-america-2022	Senior Men -58kg	MARCELO ANDREWS	USA	
presidents-cup-america-2022	Senior Men -58kg	CUNNINGHAM William	USA	
presidents-cup-america-2022	Senior Men -58kg	SAVARD Marc-Antoine	CAN	
presidents-cup-america-2022	Senior Men -58kg	RAMOS Jorge	CHI	3
presidents-cup-america-2022	Senior Men -58kg	BARTHOLO Matheus	BRA	2
presidents-cup-america-2022	Senior Men -58kg	PIZARRO GALLARDO Vicente	CHI	
presidents-cup-america-2022	Senior Men -58kg	KLABER Jourde	ARU	
presidents-cup-america-2022	Senior Men -58kg	KLABER Joshua	ARU	
presidents-cup-america-2022	Senior Men -58kg	JEAN-BAPTISTE Gregory	HAI	
presidents-cup-america-2022	Senior Men -58kg	ALVAREZ Melvy	USA	
presidents-cup-america-2022	Senior Men -58kg	RODRIGUEZ Cesar	MEX	
presidents-cup-america-2022	Senior Men -58kg	FLORES Diego	CHI	
presidents-cup-america-2022	Senior Men -58kg	LOPEZ Edyangel	PUR	
presidents-cup-america-2022	Senior Men -58kg	AQUINO Luiz	BRA	3
presidents-cup-america-2022	Senior Men -58kg	DIAGNE Mouhamed	USA	
presidents-cup-america-2022	Senior Men -58kg	GRANT Gavin	USA	
presidents-cup-america-2022	Senior Men -58kg	MORALES Edrick	PUR	
presidents-cup-america-2022	Senior Men -58kg	SALEH James	CAN	
presidents-cup-america-2022	Senior Men -58kg	DUONG Jimmy	USA	
presidents-cup-america-2022	Senior Men -58kg	SALGADO Jake	PUR	
presidents-cup-america-2022	Senior Men -58kg	CAMPBELL Sherman	CAN	
presidents-cup-america-2022	Senior Men -58kg	KIM David	USA	1
presidents-cup-america-2022	Senior Men -54kg	MELO Paulo	BRA	2
presidents-cup-america-2022	Senior Men -54kg	RODRIGUEZ Lester	NCA	
presidents-cup-america-2022	Senior Men -54kg	PAVONE Hunter	USA	
presidents-cup-america-2022	Senior Men -54kg	CRUZ Kariel	PUR	
presidents-cup-america-2022	Senior Men -54kg	KELLEY Samuel	USA	
presidents-cup-america-2022	Senior Men -54kg	GONZALEZ-CAMPOS Lu	PUR	
presidents-cup-america-2022	Senior Men -54kg	NORZAGARAY-GARCIA Juancarlos	USA	3
presidents-cup-america-2022	Senior Men -54kg	MORENO Andres	COL	3
presidents-cup-america-2022	Senior Men -54kg	MENACHO Yosthin Be	BOL	
presidents-cup-america-2022	Senior Men -54kg	MARQUES Flavio	BRA	
presidents-cup-america-2022	Senior Men -54kg	DE MORAES Giovanni aubin	BRA	
presidents-cup-america-2022	Senior Men -54kg	GONZALEZ Jean Vinc	CAN	
presidents-cup-america-2022	Senior Men -54kg	HOEFLING Nicholas	CAN	1
presidents-cup-america-2022	Senior Women -73kg	GORMAN-SHORE Madelynn	USA	2
presidents-cup-america-2022	Senior Women -73kg	MORAIS Ana	BRA	3
presidents-cup-america-2022	Senior Women -73kg	SHIPMAN Aliyah	HAI	1
presidents-cup-america-2022	Senior Women -67kg	TITONELI Milena	BRA	2
presidents-cup-america-2022	Senior Women -67kg	LOPEZ LAUREANO Valeria	PUR	
presidents-cup-america-2022	Senior Women -67kg	ROMAN TORRES Naishka	PUR	3
presidents-cup-america-2022	Senior Women -67kg	ILIESCO Nathalie	CAN	
presidents-cup-america-2022	Senior Women -67kg	PAGNOTTA Melissa	CAN	3
presidents-cup-america-2022	Senior Women -67kg	GALLARDO Claudia	CHI	
presidents-cup-america-2022	Senior Women -67kg	NICHOLSON Sofie	CAN	
presidents-cup-america-2022	Senior Women -67kg	SOLTERO Leslie	MEX	1
presidents-cup-america-2022	Senior Women -62kg	KRAAYEVELD Ashley	CAN	1
presidents-cup-america-2022	Senior Women -62kg	DEATON Danica	USA	
presidents-cup-america-2022	Senior Women -62kg	ZOLOTIC Anastasija	USA	
presidents-cup-america-2022	Senior Women -62kg	LECLERC Marianne	CAN	
presidents-cup-america-2022	Senior Women -62kg	SELLAS Jathmarilys	PUR	
presidents-cup-america-2022	Senior Women -62kg	AMIRKHANYAN Mia	USA	
presidents-cup-america-2022	Senior Women -62kg	VELAZQUEZ Itzel	MEX	3
presidents-cup-america-2022	Senior Women -62kg	DUMAR Katherine	COL	
presidents-cup-america-2022	Senior Women -62kg	SCHARDOSIN Giovann	BRA	
presidents-cup-america-2022	Senior Women -62kg	CORREA Giovanna	BRA	
presidents-cup-america-2022	Senior Women -62kg	AGUIRRE Fernanda	CHI	2
presidents-cup-america-2022	Senior Women -62kg	MORALES Britney	GBR	
presidents-cup-america-2022	Senior Women -62kg	IORSS Kawehi	FPO	
presidents-cup-america-2022	Senior Women -62kg	PITTS Madeline	USA	
presidents-cup-america-2022	Senior Women -62kg	ANDRIC Leonarda	CAN	3
pan-am-series-brazil-2023	Senior Men -87kg	SALAZAR Bryan	MEX	2
pan-am-series-brazil-2023	Senior Men -87kg	RUALES Santiago	COL	
pan-am-series-brazil-2023	Senior Men -87kg	GONCALVES Luiz Edu	BRA	
pan-am-series-brazil-2023	Senior Men -87kg	MANRESA Fernando	NCA	
pan-am-series-brazil-2023	Senior Men -87kg	LUZ Matheus Gabrie	BRA	3
pan-am-series-brazil-2023	Senior Men -87kg	SOUZA Leandro	BRA	3
pan-am-series-brazil-2023	Senior Men -87kg	DA Fabio Junior	BRA	
pan-am-series-brazil-2023	Senior Men -87kg	VOMIERO Stefano	CHI	
pan-am-series-brazil-2023	Senior Men -87kg	SOUZA Allif	BRA	
pan-am-series-brazil-2023	Senior Men -87kg	BARCELO Cristhian	CHI	
pan-am-series-brazil-2023	Senior Men -87kg	RODRIGUEZ Michael c	USA	1
pan-am-series-brazil-2023	Senior Men -80kg	NICKOLAS CJ	USA	1
pan-am-series-brazil-2023	Senior Men -80kg	DE Thales Henrique	BRA	
pan-am-series-brazil-2023	Senior Men -80kg	VALENCIA Juan Seba	COL	
pan-am-series-brazil-2023	Senior Men -80kg	ANDRADE HERRERA Hassani	PER	
pan-am-series-brazil-2023	Senior Men -80kg	OLMEDO Dylan leonel	ARG	
pan-am-series-brazil-2023	Senior Men -80kg	RODRIGUES FERNANDES Henrique marques	BRA	3
pan-am-series-brazil-2023	Senior Men -80kg	MERCIER Charlelie	CAN	
pan-am-series-brazil-2023	Senior Men -80kg	SEALY. Brandon	JAM	
pan-am-series-brazil-2023	Senior Men -80kg	ROBLETO David	NCA	
pan-am-series-brazil-2023	Senior Men -80kg	TREJOS SALAS Miguel	COL	
pan-am-series-brazil-2023	Senior Men -80kg	CAICEDO Carlos	ECU	
pan-am-series-brazil-2023	Senior Men -80kg	NOA Yunier Alexis	CUB	
pan-am-series-brazil-2023	Senior Men -80kg	MARCEL Guilherme	BRA	
pan-am-series-brazil-2023	Senior Men -80kg	CHURCHILL MARTINEZ Joaquin	CHI	2
pan-am-series-brazil-2023	Senior Men -80kg	GONZALEZ Alejandro	PUR	3
pan-am-series-brazil-2023	Senior Men -80kg	FLORES Alejandro	WT	
pan-am-series-brazil-2023	Senior Men -80kg	DE OLIVEIRA Gabriel	BRA	
pan-am-series-brazil-2023	Senior Men -80kg	CONTRERAS Edgar	VEN	
pan-am-series-brazil-2023	Senior Men -80kg	HERNANDEZ Moises	DOM	
pan-am-series-brazil-2023	Senior Men -74kg	PONTES Edival	BRA	1
pan-am-series-brazil-2023	Senior Men -74kg	TULA Rafael	ARG	
pan-am-series-brazil-2023	Senior Men -74kg	OSTAPIV Gabriel	BRA	
pan-am-series-brazil-2023	Senior Men -74kg	GOMEZTAGLE Uriel	MEX	
pan-am-series-brazil-2023	Senior Men -74kg	SILVA Henrique	BRA	
pan-am-series-brazil-2023	Senior Men -74kg	BECERRA Mario	CHI	
pan-am-series-brazil-2023	Senior Men -74kg	HERNANDEZ Damian	CHI	
pan-am-series-brazil-2023	Senior Men -74kg	RIBEIRO Nickollas	BRA	3
pan-am-series-brazil-2023	Senior Men -74kg	ASSIS MATOS Vinicius	BRA	2
pan-am-series-brazil-2023	Senior Men -74kg	FERREIRA Valdeck B	BRA	
pan-am-series-brazil-2023	Senior Men -74kg	BIANCHI Gustavo	BRA	
pan-am-series-brazil-2023	Senior Men -74kg	FREITAS Lucas	BRA	
pan-am-series-brazil-2023	Senior Men -74kg	GONZALEZ GOMEZ Federico	URU	
pan-am-series-brazil-2023	Senior Men -74kg	XXX Xxxxx	PER	
pan-am-series-brazil-2023	Senior Men -74kg	CHURQUINA Roger	BOL	
pan-am-series-brazil-2023	Senior Men -74kg	PARK Tae ku	CAN	3
pan-am-series-brazil-2023	Senior Men -68kg	PIE Bernardo	DOM	
pan-am-series-brazil-2023	Senior Men -68kg	ACOSTA Luis	VEN	
pan-am-series-brazil-2023	Senior Men -68kg	GARCIA Alex	MEX	
pan-am-series-brazil-2023	Senior Men -68kg	ALCANTARA Arven	PHI	3
pan-am-series-brazil-2023	Senior Men -68kg	NASCIMENTO Matheus	BRA	
pan-am-series-brazil-2023	Senior Men -68kg	VICENTE Rabbin	HON	
pan-am-series-brazil-2023	Senior Men -68kg	BRAZ Joao Emanuel	BRA	
pan-am-series-brazil-2023	Senior Men -68kg	CASAS GARCIA Iker	MEX	
pan-am-series-brazil-2023	Senior Men -68kg	NIETO Jose	ECU	
pan-am-series-brazil-2023	Senior Men -68kg	ACUNA Jose Luis	ARG	
pan-am-series-brazil-2023	Senior Men -68kg	ALMEIDA RABELLO Fillipe	BRA	
pan-am-series-brazil-2023	Senior Men -68kg	DELGADO Bairon And	COL	
pan-am-series-brazil-2023	Senior Men -68kg	HARRIS Khalfani	USA	2
pan-am-series-brazil-2023	Senior Men -68kg	SOUZA DINIZ Joao victor	BRA	1
pan-am-series-brazil-2023	Senior Men -68kg	PEREIRA Gabriel	BRA	
pan-am-series-brazil-2023	Senior Men -68kg	PINAS Samaki	SUR	
pan-am-series-brazil-2023	Senior Men -68kg	DOS Vytor	BRA	
pan-am-series-brazil-2023	Senior Men -68kg	LOPEZ BATE Matias	URU	
pan-am-series-brazil-2023	Senior Men -68kg	LEON Braulio	PER	
pan-am-series-brazil-2023	Senior Men -68kg	BENITEZ Adrian	PUR	
pan-am-series-brazil-2023	Senior Men -68kg	DOS SANTOS Bruno gabriel	BRA	
pan-am-series-brazil-2023	Senior Men -68kg	AGUILERA Diego	BOL	
pan-am-series-brazil-2023	Senior Men -68kg	BEZERRA Gusmann	BRA	
pan-am-series-brazil-2023	Senior Men -68kg	PORTO Vitor	BRA	
pan-am-series-brazil-2023	Senior Men -68kg	MORALES Ignacio	CHI	3
pan-am-series-brazil-2023	Senior Men -63kg	RAMOS Gabriel	BRA	
pan-am-series-brazil-2023	Senior Men -63kg	DA Davi Guilherme	BRA	
pan-am-series-brazil-2023	Senior Men -63kg	LIMA Antonio Henri	BRA	
pan-am-series-brazil-2023	Senior Men -63kg	SANCHEZ Joaquin	CHI	
pan-am-series-brazil-2023	Senior Men -63kg	BARETTA Eduardo	BRA	3
pan-am-series-brazil-2023	Senior Men -63kg	GRANADO Yohandri	VEN	
pan-am-series-brazil-2023	Senior Men -63kg	BARTHOLO Matheus	BRA	
pan-am-series-brazil-2023	Senior Men -63kg	KLABER Joshua	ARU	
pan-am-series-brazil-2023	Senior Men -63kg	NAVEA Sebastian	CHI	1
pan-am-series-brazil-2023	Senior Men -63kg	DA William	BRA	
pan-am-series-brazil-2023	Senior Men -63kg	CASTILHO Lucas	BRA	
pan-am-series-brazil-2023	Senior Men -63kg	LOPES Bryan	BRA	
pan-am-series-brazil-2023	Senior Men -63kg	DE Pedro Henrique	BRA	
pan-am-series-brazil-2023	Senior Men -63kg	MATTHAUS Carlos	BRA	2
pan-am-series-brazil-2023	Senior Men -63kg	FLORES Diego	CHI	
pan-am-series-brazil-2023	Senior Men -63kg	DOS SANTOS MORAIS Guilherme	BRA	3
pan-am-series-brazil-2023	Senior Men -63kg	GRANT Gavin	USA	
pan-am-series-brazil-2023	Senior Men -63kg	SOBARZO Sebastian	CHI	
pan-am-series-brazil-2023	Senior Men -63kg	PARK Braven	CAN	
pan-am-series-brazil-2023	Senior Men -58kg	PLAZA HERNANDEZ Brandon	MEX	1
pan-am-series-brazil-2023	Senior Men -58kg	FRAGA Welinton	BRA	
pan-am-series-brazil-2023	Senior Men -58kg	PEREIRA Daniel	BRA	
pan-am-series-brazil-2023	Senior Men -58kg	PIZARRO GALLARDO Vicente	CHI	
pan-am-series-brazil-2023	Senior Men -58kg	LOUGA Dhiego	BRA	
pan-am-series-brazil-2023	Senior Men -58kg	SILVA Pedro	BRA	
pan-am-series-brazil-2023	Senior Men -58kg	AQUINO Luiz	BRA	3
pan-am-series-brazil-2023	Senior Men -58kg	PUMA Jose	PER	
pan-am-series-brazil-2023	Senior Men -58kg	MANCILLA Paulino	BOL	
pan-am-series-brazil-2023	Senior Men -58kg	ESPINOSA Edward	DOM	
pan-am-series-brazil-2023	Senior Men -58kg	NUNEZ Lautaro	ARG	
pan-am-series-brazil-2023	Senior Men -58kg	ALVAREZ Melvy	USA	
pan-am-series-brazil-2023	Senior Men -58kg	LIMA Juliano	BRA	
pan-am-series-brazil-2023	Senior Men -58kg	MIRANDA Adrian	ECU	
pan-am-series-brazil-2023	Senior Men -58kg	ZAPATA Hayran Gere	CHI	3
pan-am-series-brazil-2023	Senior Men -58kg	BARRETO Raymiguel	PER	
pan-am-series-brazil-2023	Senior Men -58kg	FERNANDEZ Tomas Na	ARG	
pan-am-series-brazil-2023	Senior Men -58kg	FUENTES David	GUA	
pan-am-series-brazil-2023	Senior Men -58kg	GUZMAN Lucas	ARG	
pan-am-series-brazil-2023	Senior Men -58kg	MORALES Edrick	PUR	
pan-am-series-brazil-2023	Senior Men -58kg	RENTERIA Brany	COL	
pan-am-series-brazil-2023	Senior Men -58kg	MATOS RUBAN Akely	CUB	
pan-am-series-brazil-2023	Senior Men -58kg	RODRIGUES Marcio M	BRA	
pan-am-series-brazil-2023	Senior Men -58kg	MELO Paulo	BRA	2
pan-am-series-brazil-2023	Senior Men -54kg	DE MORAES Giovanni aubin	BRA	2
pan-am-series-brazil-2023	Senior Men -54kg	GASTON GUERRERO Gabriel	MEX	
pan-am-series-brazil-2023	Senior Men -54kg	SCHMITZ Everaldo M	BRA	
pan-am-series-brazil-2023	Senior Men -54kg	GILLIARD GONCALVES Matheus	BRA	
pan-am-series-brazil-2023	Senior Men -54kg	RIVERO Tomas	ARG	3
pan-am-series-brazil-2023	Senior Men -54kg	MARQUES Flavio	BRA	1
pan-am-series-brazil-2023	Senior Men -54kg	AZEVEDO Klebenilso	BRA	
pan-am-series-brazil-2023	Senior Men -54kg	ALVES Leonardo	BRA	
pan-am-series-brazil-2023	Senior Men -54kg	MARQUES SILVA Pablo yuri	BRA	
pan-am-series-brazil-2023	Senior Men -54kg	HOEFLING Nicholas	CAN	3
pan-am-series-brazil-2023	Senior Men +87kg	SANSORES Carlos	MEX	2
pan-am-series-brazil-2023	Senior Men +87kg	ALVAREZ Juan	PUR	
pan-am-series-brazil-2023	Senior Men +87kg	MUNOZ Franco	CHI	
pan-am-series-brazil-2023	Senior Men +87kg	ALVAREZ Luis	VEN	3
pan-am-series-brazil-2023	Senior Men +87kg	BERGERON Marc andre	CAN	
pan-am-series-brazil-2023	Senior Men +87kg	ALBA Rafael	CUB	1
pan-am-series-brazil-2023	Senior Men +87kg	FERRERA Miguel	HON	
pan-am-series-brazil-2023	Senior Men +87kg	NAZARENO Julio Ces	ECU	
pan-am-series-brazil-2023	Senior Men +87kg	ALVES Agustin	ARG	
pan-am-series-brazil-2023	Senior Men +87kg	PEREZ Esmerlyn	DOM	
pan-am-series-brazil-2023	Senior Men +87kg	HEALY Jonathan	USA	3
pan-am-series-brazil-2023	Senior Women -73kg	GORMAN-SHORE Madelynn	USA	1
pan-am-series-brazil-2023	Senior Women -73kg	XX Xxx	PER	
pan-am-series-brazil-2023	Senior Women -73kg	SOUZA Nathassia	BRA	
pan-am-series-brazil-2023	Senior Women -73kg	LEE Ava Soon	HAI	3
pan-am-series-brazil-2023	Senior Women -73kg	HERCULANO Gabriela	BRA	
pan-am-series-brazil-2023	Senior Women -73kg	DA SILVA BATISTA DE SOUZA Thaisa	BRA	3
pan-am-series-brazil-2023	Senior Women -73kg	CALERO Karol Yulie	COL	
pan-am-series-brazil-2023	Senior Women -73kg	TURCI Izabela	BRA	
pan-am-series-brazil-2023	Senior Women -73kg	FOLLECO MINA Dayana	ECU	
pan-am-series-brazil-2023	Senior Women -73kg	CASTRO Vilma	CHI	
pan-am-series-brazil-2023	Senior Women -73kg	TAMEZ Victoria	MEX	2
pan-am-series-brazil-2023	Senior Women -67kg	TITONELI Milena	BRA	1
pan-am-series-brazil-2023	Senior Women -67kg	BANEGAS Alejandra	HON	
pan-am-series-brazil-2023	Senior Women -67kg	VELAZQUEZ Itzel	MEX	
pan-am-series-brazil-2023	Senior Women -67kg	VASQUEZ MENDOZA Eliana	PER	
pan-am-series-brazil-2023	Senior Women -67kg	ACOSTA Arlettys De La Caridad	CUB	
pan-am-series-brazil-2023	Senior Women -67kg	ROMAN TORRES Naishka	PUR	3
pan-am-series-brazil-2023	Senior Women -67kg	MINA Mell	ECU	
pan-am-series-brazil-2023	Senior Women -67kg	CASAGRANDE Maria E	BRA	
pan-am-series-brazil-2023	Senior Women -67kg	RIVAS Victoria	ARG	
pan-am-series-brazil-2023	Senior Women -67kg	GALLARDO Claudia	CHI	3
pan-am-series-brazil-2023	Senior Women -67kg	RAMIREZ Maria Vito	COL	
pan-am-series-brazil-2023	Senior Women -67kg	SILVA Ivana Elen	BRA	
pan-am-series-brazil-2023	Senior Women -67kg	DOS Gabriela	BRA	
pan-am-series-brazil-2023	Senior Women -67kg	RODRIGUEZ Madelyn Andrea	DOM	
pan-am-series-brazil-2023	Senior Women -67kg	TEACHOUT Kristina	USA	2
pan-am-series-brazil-2023	Senior Women -67kg	REBELO Beatriz	BRA	
pan-am-series-brazil-2023	Senior Women -67kg	GONZALEZ Genesis	VEN	
pan-am-series-brazil-2023	Senior Women -67kg	SOLTERO Leslie	MEX	
pan-am-series-brazil-2023	Senior Women -62kg	KRAAYEVELD Ashley	CAN	1
pan-am-series-brazil-2023	Senior Women -62kg	URIBE Jhalib	BOL	
pan-am-series-brazil-2023	Senior Women -62kg	FERNANDEZ Monserra	CHI	
pan-am-series-brazil-2023	Senior Women -62kg	JUBANSKI Maria Edu	BRA	
pan-am-series-brazil-2023	Senior Women -62kg	CARSTENS Carolena	PAN	3
pan-am-series-brazil-2023	Senior Women -62kg	CARNEIRO Celydiene	BRA	3
pan-am-series-brazil-2023	Senior Women -62kg	AIRES Amanda Stefa	BRA	
pan-am-series-brazil-2023	Senior Women -62kg	SCHARDOSIN Giovann	BRA	
pan-am-series-brazil-2023	Senior Women -62kg	RATIVA Leidy Meche	COL	
pan-am-series-brazil-2023	Senior Women -62kg	AGUIRRE Fernanda	CHI	2
pan-am-series-brazil-2023	Senior Women -57kg	PARK Skylar	CAN	1
pan-am-series-brazil-2023	Senior Women -57kg	DE Isadora	BRA	
pan-am-series-brazil-2023	Senior Women -57kg	BONILLA CRUZ Andrialis ramona	DOM	
pan-am-series-brazil-2023	Senior Women -57kg	GODOY Carla	ARG	
pan-am-series-brazil-2023	Senior Women -57kg	RIVEROS Johanna	CHI	
pan-am-series-brazil-2023	Senior Women -57kg	LIMA Vitoria	BRA	
pan-am-series-brazil-2023	Senior Women -57kg	SULBARAN Alexmar	VEN	3
pan-am-series-brazil-2023	Senior Women -57kg	ASSIS Vitoria	BRA	
pan-am-series-brazil-2023	Senior Women -57kg	ISAAC Liz Mariana	COL	
pan-am-series-brazil-2023	Senior Women -57kg	XX Xxx	PER	
pan-am-series-brazil-2023	Senior Women -57kg	LINDO Neshi Lee	WT	3
pan-am-series-brazil-2023	Senior Women -57kg	PALACIOS Melanny	COL	
pan-am-series-brazil-2023	Senior Women -57kg	GORGE Larissa	BRA	
pan-am-series-brazil-2023	Senior Women -57kg	COX Caitlyn	USA	
pan-am-series-brazil-2023	Senior Women -57kg	MONTANO Alisson	ESA	
pan-am-series-brazil-2023	Senior Women -57kg	LOPEZ Javiera	CHI	
pan-am-series-brazil-2023	Senior Women -57kg	VEGA Gianna	PUR	
pan-am-series-brazil-2023	Senior Women -57kg	ANEZ Maria Celeste	BOL	
pan-am-series-brazil-2023	Senior Women -57kg	TITO Carla	ECU	
pan-am-series-brazil-2023	Senior Women -57kg	DILLON Faith	USA	2
pan-am-series-brazil-2023	Senior Women -53kg	VILLEGAS Fabiola G	MEX	1
pan-am-series-brazil-2023	Senior Women -53kg	BETANCOURTH Natali	COL	
pan-am-series-brazil-2023	Senior Women -53kg	HOLANDA Luziane Br	BRA	
pan-am-series-brazil-2023	Senior Women -53kg	BREWSTER Megan	CAN	
pan-am-series-brazil-2023	Senior Women -53kg	ACOSTA Lourdes	ARG	
pan-am-series-brazil-2023	Senior Women -53kg	PEREIRA Maria Gabr	BRA	
pan-am-series-brazil-2023	Senior Women -53kg	FARINA Maria Clara	BRA	
pan-am-series-brazil-2023	Senior Women -53kg	BINIMELIS Dailyn P	CHI	3
pan-am-series-brazil-2023	Senior Women -53kg	ARAUJO Carolina	BRA	
pan-am-series-brazil-2023	Senior Women -53kg	OCEGUERA Sophia	USA	2
pan-am-series-brazil-2023	Senior Women -53kg	SEGUEL Renata	CHI	
pan-am-series-brazil-2023	Senior Women -53kg	SANTOS Fernanda	BRA	
pan-am-series-brazil-2023	Senior Women -53kg	GONZALEZ Daniella	GUA	
pan-am-series-brazil-2023	Senior Women -53kg	SENDRA Giulia Clar	ARG	
pan-am-series-brazil-2023	Senior Women -53kg	GUANGA Miley Domen	ECU	
pan-am-series-brazil-2023	Senior Women -53kg	RISSI Maria Eduard	BRA	
pan-am-series-brazil-2023	Senior Women -53kg	ROSSI Larissa Nasc	BRA	3
pan-am-series-brazil-2023	Senior Women -49kg	BEZERRA Camila	BRA	
pan-am-series-brazil-2023	Senior Women -49kg	LARA Vanessa	DOM	
pan-am-series-brazil-2023	Senior Women -49kg	ALVES Leticia Cris	BRA	
pan-am-series-brazil-2023	Senior Women -49kg	FERLA Ana Clara	BRA	
pan-am-series-brazil-2023	Senior Women -49kg	LEITE Ana Carolina	BRA	2
pan-am-series-brazil-2023	Senior Women -49kg	VILLAMIL Dalila On	CUB	
pan-am-series-brazil-2023	Senior Women -49kg	GRIPPOLI Maria Sar	URU	3
pan-am-series-brazil-2023	Senior Women -49kg	HURTADO TAPIA Jireh	BOL	
pan-am-series-brazil-2023	Senior Women -49kg	MOURA Rafaela	BRA	
pan-am-series-brazil-2023	Senior Women -49kg	COSTA RICA Brenda	MEX	
pan-am-series-brazil-2023	Senior Women -49kg	XX Xxx	PER	
pan-am-series-brazil-2023	Senior Women -49kg	PORTUGUÉZ BARBOZA Ariana	WT	
pan-am-series-brazil-2023	Senior Women -49kg	GALLARDO ARRANO Francisca	CHI	
pan-am-series-brazil-2023	Senior Women -49kg	SILVA GONCALVES Lis Danielle	BRA	
pan-am-series-brazil-2023	Senior Women -49kg	CHIRINOS Jaimar Sa	ARU	
pan-am-series-brazil-2023	Senior Women -49kg	TALBOTT Riccy	HON	3
pan-am-series-brazil-2023	Senior Women -49kg	DANIEL Melina	USA	
pan-am-series-brazil-2023	Senior Women -49kg	BALDINI Gabriela	BRA	
pan-am-series-brazil-2023	Senior Women -49kg	SAEZ Daniela	CHI	
pan-am-series-brazil-2023	Senior Women -49kg	CHOI Ashley	USA	
pan-am-series-brazil-2023	Senior Women -49kg	BARROS Nivea	BRA	1
pan-am-series-brazil-2023	Senior Women -46kg	SANCHO Laura	WT	
pan-am-series-brazil-2023	Senior Women -46kg	NERIS Danielly	BRA	2
pan-am-series-brazil-2023	Senior Women -46kg	OLIVEIRA Alice Car	BRA	
pan-am-series-brazil-2023	Senior Women -46kg	DOGANI Julia	BRA	
pan-am-series-brazil-2023	Senior Women -46kg	SILVA NAZARIO Julia	BRA	3
pan-am-series-brazil-2023	Senior Women -46kg	SILVA Taynara Rebeca	BRA	
pan-am-series-brazil-2023	Senior Women -46kg	DIAS Kamilla	BRA	
pan-am-series-brazil-2023	Senior Women -46kg	GUIMARÃES Dangela	NCA	1
pan-am-series-brazil-2023	Senior Women -46kg	GONÇALVES Anna	BRA	
pan-am-series-brazil-2023	Senior Women -46kg	OLIVEIRA Ana Julia	BRA	
pan-am-series-brazil-2023	Senior Women -46kg	LLAUCA MENDOZA Camila	PER	
pan-am-series-brazil-2023	Senior Women -46kg	MORI Renata	BRA	
pan-am-series-brazil-2023	Senior Women -46kg	XXX Xxx	PER	
pan-am-series-brazil-2023	Senior Women -46kg	BURGOS Sandra	CHI	
pan-am-series-brazil-2023	Senior Women -46kg	OROZCO Angelique	CAN	3
pan-am-series-brazil-2023	Senior Women +73kg	SIQUEIRA Gabriele	BRA	3
pan-am-series-brazil-2023	Senior Women +73kg	DIAZ Carla Melina	ARG	
pan-am-series-brazil-2023	Senior Women +73kg	FOUNTAIN Rachel	CAN	
pan-am-series-brazil-2023	Senior Women +73kg	VIANA Alena	USA	1
pan-am-series-brazil-2023	Senior Women +73kg	FERNANDEZ Carolina	VEN	3
pan-am-series-brazil-2023	Senior Women +73kg	MORAIS Victoria	BRA	
pan-am-series-brazil-2023	Senior Women +73kg	CRESPO Elianet Mar	CUB	2
pan-am-series-brazil-2023	Senior Women +73kg	KECK Hannah	USA	
spanish-open-2023	Senior Men -87kg	MARTINS Icaro Migu	BRA	3
spanish-open-2023	Senior Men -87kg	GARCIA Ruben	ESP	
spanish-open-2023	Senior Men -87kg	MAS Lluis	ESP	
spanish-open-2023	Senior Men -87kg	TROITINO AMOEDO Sergio	ESP	1
spanish-open-2023	Senior Men -87kg	LLOPIS SANCHEZ Lucas	ESP	
spanish-open-2023	Senior Men -87kg	CORREDOR Raul	ESP	2
spanish-open-2023	Senior Men -87kg	RIBEIRO Tiago	POR	
spanish-open-2023	Senior Men -87kg	MARCOS Aaron	ESP	
spanish-open-2023	Senior Men -87kg	LOPEZ Pablo	ESP	3
spanish-open-2023	Senior Men -87kg	GOMIS Païvou johnouario	GBS	
spanish-open-2023	Senior Men -80kg	ALESSIO Simone	ITA	1
spanish-open-2023	Senior Men -80kg	RUIZ DOMENECH Ramon	ESP	
spanish-open-2023	Senior Men -80kg	MALLO Iago	ESP	
spanish-open-2023	Senior Men -80kg	SOUMARE Ababacar sadikh	SEN	3
spanish-open-2023	Senior Men -80kg	DORCA Pau	ESP	
spanish-open-2023	Senior Men -80kg	MARTIN SANCHEZ Alejandro	ESP	
spanish-open-2023	Senior Men -80kg	GERRONE Antonio	ITA	
spanish-open-2023	Senior Men -80kg	RODRIGUES FERNANDES Henrique marques	BRA	2
spanish-open-2023	Senior Men -80kg	BJORGVINSSON Bjorn	ISL	
spanish-open-2023	Senior Men -80kg	FERNANDEZ Jon	ESP	
spanish-open-2023	Senior Men -80kg	PLAZA RODRIGUEZ David	ESP	
spanish-open-2023	Senior Men -80kg	KARA Yusuf	TUR	
spanish-open-2023	Senior Men -80kg	SULCS Kristofers	LAT	
spanish-open-2023	Senior Men -80kg	FERNANDEZ GARCIA Mikel	ESP	
spanish-open-2023	Senior Men -80kg	NICKOLAS CJ	USA	3
spanish-open-2023	Senior Men -74kg	KATOUSI Firas	TUN	1
spanish-open-2023	Senior Men -74kg	MOHAMED-SALEM Mahmud	ESP	
spanish-open-2023	Senior Men -74kg	LIBRADO Diego	ESP	
spanish-open-2023	Senior Men -74kg	PETTERSEN Jonas	NOR	
spanish-open-2023	Senior Men -74kg	CORDESCHI Francesco	ITA	
spanish-open-2023	Senior Men -74kg	FUMADO Arnau	ESP	
spanish-open-2023	Senior Men -74kg	SERRANO MACIAS Jesus	ESP	
spanish-open-2023	Senior Men -74kg	HERNANDEZ Alejandr	ESP	
spanish-open-2023	Senior Men -74kg	COSTA Diogo rafael alves da	POR	
spanish-open-2023	Senior Men -74kg	THUNE Sebastian	NOR	3
spanish-open-2023	Senior Men -74kg	NSILU DILANDU Leroy	IRL	
spanish-open-2023	Senior Men -74kg	PAN GARROTE Adrian	ESP	
spanish-open-2023	Senior Men -74kg	BOE-NJAA Benjamin	NOR	
spanish-open-2023	Senior Men -74kg	BATISTA Edgar	ESP	
spanish-open-2023	Senior Men -74kg	MILAN CANOVAS Juan antonio	ESP	3
spanish-open-2023	Senior Men -74kg	DOYLE Ryan	IRL	
spanish-open-2023	Senior Men -74kg	FERNANDEZ Ismael	ESP	
spanish-open-2023	Senior Men -74kg	SALVADOR MARTINEZ Enric	ESP	
spanish-open-2023	Senior Men -74kg	DOMINGUEZ Gerard	ESP	
spanish-open-2023	Senior Men -74kg	ASSIS MATOS Vinicius	BRA	2
spanish-open-2023	Senior Men -68kg	MAIGA Ibrahim	BUR	
spanish-open-2023	Senior Men -68kg	GRACIAN Marc	ESP	
spanish-open-2023	Senior Men -68kg	MENDEZ LEIS Samuel	ESP	
spanish-open-2023	Senior Men -68kg	DÁVASON Høgni	FRO	
spanish-open-2023	Senior Men -68kg	LAJA Tiago	POR	
spanish-open-2023	Senior Men -68kg	ALCANTARA Arven	PHI	1
spanish-open-2023	Senior Men -68kg	LORENTE LAMAS David	ESP	
spanish-open-2023	Senior Men -68kg	HOWELL Matthew	GBR	
spanish-open-2023	Senior Men -68kg	AKEL Romet	EST	
spanish-open-2023	Senior Men -68kg	MIRZOIEV Simur	UKR	3
spanish-open-2023	Senior Men -68kg	BOUDJENANE Mateo	ESP	
spanish-open-2023	Senior Men -68kg	ABDELHAMID Abdouni	ESP	
spanish-open-2023	Senior Men -68kg	BARRANCO Valentin	ESP	
spanish-open-2023	Senior Men -68kg	CAULO Gabriele	ITA	
spanish-open-2023	Senior Men -68kg	SOUSA Francisco	POR	
spanish-open-2023	Senior Men -68kg	PATINO POMBAL Pablo	ESP	
spanish-open-2023	Senior Men -68kg	THOMAS Max	ESP	
spanish-open-2023	Senior Men -68kg	BARETTA Dennis	ITA	
spanish-open-2023	Senior Men -68kg	SALANOVA LISTE Adrian	ESP	
spanish-open-2023	Senior Men -68kg	MAMATOV Oleh	UKR	
spanish-open-2023	Senior Men -68kg	COMPANY Eduard	ESP	
spanish-open-2023	Senior Men -68kg	LO Mouhamadou mansour	SEN	2
spanish-open-2023	Senior Men -68kg	DELGADO Victor	ESP	
spanish-open-2023	Senior Men -68kg	HERNANDEZ Oscar	ESP	
spanish-open-2023	Senior Men -68kg	SILVA Diogo	POR	
spanish-open-2023	Senior Men -68kg	WRIGHT Oakley	GBR	
spanish-open-2023	Senior Men -68kg	HERNANDEZ Jorge	ESP	
spanish-open-2023	Senior Men -68kg	VILLA Adrian	ESP	
spanish-open-2023	Senior Men -68kg	DOMINGUEZ Alvaro	ESP	
spanish-open-2023	Senior Men -68kg	AGUADO Oscar	ESP	
spanish-open-2023	Senior Men -68kg	CABALLERO Marcos	ESP	3
spanish-open-2023	Senior Men -63kg	JORQUERA CALA Joan	ESP	1
spanish-open-2023	Senior Men -63kg	SANCHIS Edgar	ESP	
spanish-open-2023	Senior Men -63kg	ALBERT Ivan	ESP	
spanish-open-2023	Senior Men -63kg	RODER Justus	GER	
spanish-open-2023	Senior Men -63kg	GONZALEZ Ignacio	ESP	
spanish-open-2023	Senior Men -63kg	TOMAS GONZALEZ Lois	ESP	
spanish-open-2023	Senior Men -63kg	ARANDA Jordi	ESP	
spanish-open-2023	Senior Men -63kg	BORGEN Kristian storsul	NOR	
spanish-open-2023	Senior Men -63kg	JIMENEZ Nicolas Ma	ESP	
spanish-open-2023	Senior Men -63kg	A David	FRO	
spanish-open-2023	Senior Men -63kg	FERNANDEZ Michael	ESP	
spanish-open-2023	Senior Men -63kg	BOBEKAR Seddik	AND	
spanish-open-2023	Senior Men -63kg	DEL Adrian	ESP	3
spanish-open-2023	Senior Men -63kg	ABAD EXPOSITO Iker	ESP	2
spanish-open-2023	Senior Men -63kg	NANDA. Yohan	IND	
spanish-open-2023	Senior Men -63kg	DEL Victor	ESP	
spanish-open-2023	Senior Men -63kg	QUINONERO Daniel	ESP	
spanish-open-2023	Senior Men -63kg	MARTINS Alfredo	POR	
spanish-open-2023	Senior Men -63kg	LO PINTO Daniel	ITA	
spanish-open-2023	Senior Men -63kg	MALLOL Franc	ESP	
spanish-open-2023	Senior Men -63kg	JENDOUBI Mohamed khalil	TUN	3
spanish-open-2023	Senior Men -63kg	MURILLO Jorge	ESP	
spanish-open-2023	Senior Men -63kg	JIMENEZ Javier	ESP	
spanish-open-2023	Senior Men -63kg	CERÓN Pablo	ESP	
spanish-open-2023	Senior Men -63kg	SHOMAKHMUDOV Shoabbos	LAT	
spanish-open-2023	Senior Men -63kg	REGUERA Sergio	ESP	
spanish-open-2023	Senior Men -63kg	BYSTROV Volodymyr	UKR	
spanish-open-2023	Senior Men -58kg	DELL'AQUILA Vito	ITA	2
spanish-open-2023	Senior Men -58kg	SÁNCHEZ OLMO Nicolas	ESP	
spanish-open-2023	Senior Men -58kg	ROMERO John	ESP	
spanish-open-2023	Senior Men -58kg	MARTINEZ Jorge	ESP	
spanish-open-2023	Senior Men -58kg	GUEDZI Oussama	ESP	
spanish-open-2023	Senior Men -58kg	LEMMENS Maarten	BEL	
spanish-open-2023	Senior Men -58kg	ARILLO VAZQUEZ Hugo	ESP	3
spanish-open-2023	Senior Men -58kg	VARGAS Alvaro	ESP	
spanish-open-2023	Senior Men -58kg	SORIANO Ignacio	ESP	
spanish-open-2023	Senior Men -58kg	MEILÁN Samuel	ESP	
spanish-open-2023	Senior Men -58kg	VAREJAO Dinis	POR	
spanish-open-2023	Senior Men -58kg	ALVAREZ Melvy	USA	
spanish-open-2023	Senior Men -58kg	ISSAKA GARBA Nouridine	NIG	
spanish-open-2023	Senior Men -58kg	FERNANDEZ Francesc	ESP	
spanish-open-2023	Senior Men -58kg	DEL VECCHIO Teodoro	ITA	
spanish-open-2023	Senior Men -58kg	FUNKENDORF Vladyslav	UKR	
spanish-open-2023	Senior Men -58kg	MARTINS Filipe	POR	
spanish-open-2023	Senior Men -58kg	FRAILE RODRIGUEZ Jesus	ESP	3
spanish-open-2023	Senior Men -58kg	MUÑOZ Jose Ignacio	ESP	
spanish-open-2023	Senior Men -58kg	PAZOS AMOEDO Alex	ESP	
spanish-open-2023	Senior Men -58kg	ALMEIDA GARAU Jorge	ESP	
spanish-open-2023	Senior Men -58kg	ZABALETA Aaron	ESP	
spanish-open-2023	Senior Men -58kg	ALARCON Allen	ESP	
spanish-open-2023	Senior Men -58kg	WOOLLEY Jack	IRL	1
spanish-open-2023	Senior Men -54kg	SARSOZA Zack	GBR	
spanish-open-2023	Senior Men -54kg	CANOSA Brais	ESP	3
spanish-open-2023	Senior Men -54kg	CURVELO Johan Seba	ESP	
spanish-open-2023	Senior Men -54kg	SERHALAY Jeremiah	NED	
spanish-open-2023	Senior Men -54kg	SAN BARTOLOME SORIA Ismael	ESP	
spanish-open-2023	Senior Men -54kg	FEIJOO Julian	ESP	
spanish-open-2023	Senior Men -54kg	CUENCA Jorge	ESP	1
spanish-open-2023	Senior Men -54kg	MANENKOV Maksym	UKR	3
spanish-open-2023	Senior Men -54kg	DAVILA Fernando	ESP	
spanish-open-2023	Senior Men -54kg	ORTIZ GARCIA Pepe	ESP	
spanish-open-2023	Senior Men -54kg	DELGADO David	ESP	
spanish-open-2023	Senior Men -54kg	ESCOLAR PARRA Ivan	ESP	2
spanish-open-2023	Senior Men -54kg	SANCHEZ Domingo	ESP	
spanish-open-2023	Senior Men -54kg	LOPEZ Francisco	ESP	
spanish-open-2023	Senior Men -54kg	BELLO MUNOZ David	ESP	
spanish-open-2023	Senior Men +87kg	HEALY Jonathan	USA	1
spanish-open-2023	Senior Men +87kg	HERRERA Moises	ESP	
spanish-open-2023	Senior Men +87kg	PEREZ Julian	ESP	
spanish-open-2023	Senior Men +87kg	PEREZ CAMPOS Andreu	ESP	3
spanish-open-2023	Senior Men +87kg	MURILLO RUBIO Daniel	ESP	
spanish-open-2023	Senior Men +87kg	PILIPOVIC Milos	NOR	
spanish-open-2023	Senior Men +87kg	ISSOUFOU Abdoul	NIG	2
spanish-open-2023	Senior Men +87kg	MARTINEZ GARCIA Raul	ESP	
spanish-open-2023	Senior Men +87kg	GISBERT Genis	ESP	
spanish-open-2023	Senior Men +87kg	ELHATRI Mohammed	NOR	
spanish-open-2023	Senior Men +87kg	VEIGA Jesus	ESP	
spanish-open-2023	Senior Men +87kg	MYLANN Antony	GAB	3
spanish-open-2023	Senior Women -73kg	GORMAN-SHORE Madelynn	USA	2
spanish-open-2023	Senior Women -73kg	ZUGAZAGA Leyre	ESP	
spanish-open-2023	Senior Women -73kg	GARCIA SUAREZ Helena	ESP	
spanish-open-2023	Senior Women -73kg	DIAKITE Bintou	FRA	3
spanish-open-2023	Senior Women -73kg	ALONSO Laura	ESP	
spanish-open-2023	Senior Women -73kg	SELMAN Ward	LBN	
spanish-open-2023	Senior Women -73kg	SMIRAGLIA Maristella	ITA	
spanish-open-2023	Senior Women -73kg	MARTINEZ Ana	ESP	
spanish-open-2023	Senior Women -73kg	UZUNCAVDAR Sude yaren	TUR	1
spanish-open-2023	Senior Women -73kg	MORAN ROMERO Belen	ESP	
spanish-open-2023	Senior Women -73kg	PASTOR Ainhoa	ESP	
spanish-open-2023	Senior Women -73kg	MOUEGA Urgence	GAB	3
spanish-open-2023	Senior Women -67kg	D'ANGELO Natalia	ITA	1
spanish-open-2023	Senior Women -67kg	LAATSPERA Kaia	EST	
spanish-open-2023	Senior Women -67kg	FERNANDEZ INSA Julia	ESP	
spanish-open-2023	Senior Women -67kg	MAGGIORE Giulia	ITA	
spanish-open-2023	Senior Women -67kg	PARDO Lorena	ESP	
spanish-open-2023	Senior Women -67kg	MACEDO Sandy	BRA	3
spanish-open-2023	Senior Women -67kg	TEACHOUT Kristina	USA	2
spanish-open-2023	Senior Women -67kg	DOUIEB Soumaya	ESP	
spanish-open-2023	Senior Women -67kg	SHESTOPALKA Vanessa Chiamaka	ESP	
spanish-open-2023	Senior Women -67kg	MORENO REYES Lena	ESP	
spanish-open-2023	Senior Women -67kg	RAAGMETS Carmen	EST	
spanish-open-2023	Senior Women -67kg	KAYIR Ikra	TUR	3
spanish-open-2023	Senior Women -62kg	CALVO GOMEZ Marta	ESP	
spanish-open-2023	Senior Women -62kg	MONTERO Malén	ESP	
spanish-open-2023	Senior Women -62kg	GREENWOOD Makayla	USA	
spanish-open-2023	Senior Women -62kg	MAY Ruth	GBR	
spanish-open-2023	Senior Women -62kg	ORTIZ BENITO Arlet	ESP	2
spanish-open-2023	Senior Women -62kg	MONTEMUIÑO MARTINEZ Irene	ESP	
spanish-open-2023	Senior Women -62kg	ARRONDO BELLOSO Ariadna	ESP	
spanish-open-2023	Senior Women -62kg	PINTO Bruna	POR	
spanish-open-2023	Senior Women -62kg	MOQVIST Nomi	NOR	
spanish-open-2023	Senior Women -62kg	GARCÍA Miryam	ESP	3
spanish-open-2023	Senior Women -62kg	DIAW Yacine	SEN	
spanish-open-2023	Senior Women -62kg	FORGAN Alison	ESP	
spanish-open-2023	Senior Women -62kg	MOCALINA Anastasija	LAT	
spanish-open-2023	Senior Women -62kg	IRIGOIEN Irati	ESP	
spanish-open-2023	Senior Women -62kg	DILLON Faith	USA	1
spanish-open-2023	Senior Women -62kg	GASPA Cristina	ITA	
spanish-open-2023	Senior Women -62kg	ALMELA Estefania	ESP	
spanish-open-2023	Senior Women -62kg	PORTILLO LAZARO Nerea	ESP	
spanish-open-2023	Senior Women -62kg	TRAN Lily	NOR	
spanish-open-2023	Senior Women -62kg	GJELSVIK Karoline	NOR	3
spanish-open-2023	Senior Women -57kg	ILGUN Hatice kubra	TUR	3
spanish-open-2023	Senior Women -57kg	TOLSAU Zoe	AND	
spanish-open-2023	Senior Women -57kg	CORREIA Leonor	POR	
spanish-open-2023	Senior Women -57kg	MERLOS ORDONEZ Judit	ESP	
spanish-open-2023	Senior Women -57kg	REMENTERIA Arene L	ESP	
spanish-open-2023	Senior Women -57kg	TOUMI Chaima	TUN	1
spanish-open-2023	Senior Women -57kg	SPASOJEVIC Sara	CRO	
spanish-open-2023	Senior Women -57kg	DINKOVIC Lena	CRO	
spanish-open-2023	Senior Women -57kg	PACHECO Maria clara	BRA	
spanish-open-2023	Senior Women -57kg	AL HALWANI Giada	ITA	2
spanish-open-2023	Senior Women -57kg	GLODEANU Andreea Teodora	ESP	
spanish-open-2023	Senior Women -57kg	HABIJANČIĆ Sara	CRO	
spanish-open-2023	Senior Women -57kg	JIMENEZ Maria	ESP	
spanish-open-2023	Senior Women -57kg	TORRES TENA Elena	ESP	
spanish-open-2023	Senior Women -57kg	REIMUNDEZ Yadira	ESP	
spanish-open-2023	Senior Women -57kg	DE Alejandra	ESP	
spanish-open-2023	Senior Women -57kg	TRETO Azahara	ESP	
spanish-open-2023	Senior Women -57kg	ASEMANI Raheleh	BEL	3
spanish-open-2023	Senior Women -53kg	RODRIGUEZ MARQUINA Laura	ESP	
spanish-open-2023	Senior Women -53kg	IGNATYEV Ekaterina	ESP	
spanish-open-2023	Senior Women -53kg	SORIANO BACETE Silvia	ESP	
spanish-open-2023	Senior Women -53kg	CUORVO Anna	ITA	
spanish-open-2023	Senior Women -53kg	TEMINA MONLEON Paula	ESP	2
spanish-open-2023	Senior Women -53kg	BONALS ANARTE Laura	ESP	
spanish-open-2023	Senior Women -53kg	CAMPOY Adela	ESP	
spanish-open-2023	Senior Women -53kg	ALCAYDE Noelia	ESP	
spanish-open-2023	Senior Women -53kg	NAJAR Anais	ESP	
spanish-open-2023	Senior Women -53kg	PEREZ Ariadna	ESP	
spanish-open-2023	Senior Women -53kg	HAMMICH Amina	NOR	3
spanish-open-2023	Senior Women -53kg	HERNANDEZ Elsa	ESP	3
spanish-open-2023	Senior Women -53kg	FERREIRO Maria	ESP	
spanish-open-2023	Senior Women -53kg	SERRANO Alicia	ESP	
spanish-open-2023	Senior Women -53kg	SENYURT Aleyna	TUR	
spanish-open-2023	Senior Women -53kg	ALCANTARA Emma	ESP	
spanish-open-2023	Senior Women -53kg	MATONTI Ilenia elisabetta	ITA	
spanish-open-2023	Senior Women -53kg	ABDIWAHID Munirah warsame	SOM	
spanish-open-2023	Senior Women -53kg	BEZERRA Camila	BRA	
spanish-open-2023	Senior Women -53kg	MURRAY Kayla	IRL	
spanish-open-2023	Senior Women -53kg	HOCKEY Isabelle	GBR	
spanish-open-2023	Senior Women -53kg	PEREZ PARRADO Alma maria	ESP	1
spanish-open-2023	Senior Women -49kg	YILDIRIM Rukiye	TUR	1
spanish-open-2023	Senior Women -49kg	LARKIN Shannon	IRL	
spanish-open-2023	Senior Women -49kg	MEIŠTININKAITĖ Gerda	LTU	
spanish-open-2023	Senior Women -49kg	LOSCOS Laura	ESP	
spanish-open-2023	Senior Women -49kg	LEWIS Kylie	USA	
spanish-open-2023	Senior Women -49kg	AL HALWANI Sarah	ITA	
spanish-open-2023	Senior Women -49kg	HOCKEY Maisie	GBR	
spanish-open-2023	Senior Women -49kg	SAHLI Amina	ESP	
spanish-open-2023	Senior Women -49kg	NSANGU MORALES June	ESP	
spanish-open-2023	Senior Women -49kg	CORELLI Martina	ITA	3
spanish-open-2023	Senior Women -49kg	DHAHRI Ikram	TUN	3
spanish-open-2023	Senior Women -49kg	KOLAREK Nika	CRO	
spanish-open-2023	Senior Women -49kg	NÚÑEZ Sara	ESP	
spanish-open-2023	Senior Women -49kg	GALINDO Lidia	ESP	
spanish-open-2023	Senior Women -49kg	MORALES Kayla	USA	
spanish-open-2023	Senior Women -49kg	LIÑAN PARDO Naiara	AND	
spanish-open-2023	Senior Women -49kg	BABIANO RAMIREZ Erika	ESP	
spanish-open-2023	Senior Women -49kg	FONN Cecilie	NOR	
spanish-open-2023	Senior Women -49kg	VENTSISLAVOVA Vict	ESP	
spanish-open-2023	Senior Women -49kg	MAESTRO Virginia	ITA	2
spanish-open-2023	Senior Women -46kg	POURYOUNES Dina	NED	3
spanish-open-2023	Senior Women -46kg	ROJAS FERNANDEZ Ainara	ESP	
spanish-open-2023	Senior Women -46kg	FRASER Olivia	SWE	
spanish-open-2023	Senior Women -46kg	GALIERO Giulia	ITA	
spanish-open-2023	Senior Women -46kg	BERTAGNIN Elisa	ITA	
spanish-open-2023	Senior Women -46kg	ZAMPETTI Sofia	ITA	1
spanish-open-2023	Senior Women -46kg	LOPEZ IZQUIERDO Ana	ESP	
spanish-open-2023	Senior Women -46kg	GARCIES I SALA Lluisa	ESP	
spanish-open-2023	Senior Women -46kg	SANCHEZ Blanca Lun	ESP	
spanish-open-2023	Senior Women -46kg	JIMENEZ MONTERO Ana	ESP	
spanish-open-2023	Senior Women -46kg	CASTILLO Karoline Stephanie	PAN	
spanish-open-2023	Senior Women -46kg	FARIÑA Aitana	ESP	
spanish-open-2023	Senior Women -46kg	SERRANO Elena	ESP	
spanish-open-2023	Senior Women -46kg	SILVA NAZARIO Julia	BRA	
spanish-open-2023	Senior Women -46kg	CORTEGOSO LIMA Sara	ESP	2
spanish-open-2023	Senior Women -46kg	CHOI Ashley	USA	3
spanish-open-2023	Senior Women -46kg	GARCIA MARQUINA Sofia	ESP	
spanish-open-2023	Senior Women -46kg	GARCIA Laura	ESP	
spanish-open-2023	Senior Women -46kg	MORENO Erkuden Jin	ESP	
spanish-open-2023	Senior Women -46kg	GOODMAN Phoenix	GBR	
spanish-open-2023	Senior Women +73kg	KUS AYDIN Nafia	TUR	1
spanish-open-2023	Senior Women +73kg	PERALES Julia	ESP	
spanish-open-2023	Senior Women +73kg	HELVIGA Viktorija	LAT	
spanish-open-2023	Senior Women +73kg	GIACOMINI Laura	ITA	3
spanish-open-2023	Senior Women +73kg	RIVADULLA LORENZO Desiree	ESP	
spanish-open-2023	Senior Women +73kg	KECK Hannah	USA	2
spanish-open-2023	Senior Women +73kg	RUIZ Judith	ESP	
spanish-open-2023	Senior Women +73kg	PEREZ Violeta	ESP	
spanish-open-2023	Senior Women +73kg	CERNADAS Nuria	ESP	
spanish-open-2023	Senior Women +73kg	CASTINEIRA ETCHEVERRIA Tania	ESP	3
costa-rica-open-2023	Senior Men -87kg	MARTINS Icaro Migu	BRA	1
costa-rica-open-2023	Senior Men -87kg	SOUZA Allif	BRA	3
costa-rica-open-2023	Senior Men -87kg	LUZ Matheus Gabrie	BRA	
costa-rica-open-2023	Senior Men -87kg	GOMIS Païvou johnouario	GBS	
costa-rica-open-2023	Senior Men -87kg	RUALES Santiago	COL	2
costa-rica-open-2023	Senior Men -87kg	LLANOS Hanssel	USA	3
costa-rica-open-2023	Senior Men -80kg	TREJOS SALAS Miguel	COL	2
costa-rica-open-2023	Senior Men -80kg	LARA Francisco	ESA	
costa-rica-open-2023	Senior Men -80kg	RELFORD Jordan	USA	
costa-rica-open-2023	Senior Men -80kg	STEWART Jordan	CAN	3
costa-rica-open-2023	Senior Men -80kg	TAHRAOUI Yanis	FRA	
costa-rica-open-2023	Senior Men -80kg	GONZALEZ Alejandro	PUR	3
costa-rica-open-2023	Senior Men -80kg	MERCIER Charlelie	CAN	
costa-rica-open-2023	Senior Men -80kg	WEBB Julian	WT	
costa-rica-open-2023	Senior Men -80kg	RODRIGUES FERNANDES Henrique marques	BRA	1
costa-rica-open-2023	Senior Men -74kg	PONTES Edival	BRA	1
costa-rica-open-2023	Senior Men -74kg	CORDERO Kenneth	WT	
costa-rica-open-2023	Senior Men -74kg	BENITEZ Adrian	PUR	
costa-rica-open-2023	Senior Men -74kg	BEVEL Aiden	USA	
costa-rica-open-2023	Senior Men -74kg	VALENCIA Juan Seba	COL	3
costa-rica-open-2023	Senior Men -74kg	BOUTHOUYAK Athman	FRA	2
costa-rica-open-2023	Senior Men -74kg	NDE Aurele Tcheh	CAN	
costa-rica-open-2023	Senior Men -74kg	RODRIGUEZ Osvaldo	CHI	
costa-rica-open-2023	Senior Men -74kg	RIBEIRO Nickollas	BRA	3
costa-rica-open-2023	Senior Men -68kg	PIE Bernardo	DOM	1
costa-rica-open-2023	Senior Men -68kg	DOMINGUEZ Alvis	PAN	
costa-rica-open-2023	Senior Men -68kg	ROMERO FEARON Ian mateo	MEX	
costa-rica-open-2023	Senior Men -68kg	BOURIEL Ayoub	CAN	
costa-rica-open-2023	Senior Men -68kg	MONTUFAR Diego	GUA	
costa-rica-open-2023	Senior Men -68kg	RODRIGUEZ Maikol	USA	3
costa-rica-open-2023	Senior Men -68kg	WALKER Kellen	USA	
costa-rica-open-2023	Senior Men -68kg	BENAVIDES Omar	ESA	
costa-rica-open-2023	Senior Men -68kg	DE JESUS Luis	PUR	
costa-rica-open-2023	Senior Men -68kg	BONILLA Sebastian	CRC	
costa-rica-open-2023	Senior Men -68kg	YOUNG Isaiah	USA	
costa-rica-open-2023	Senior Men -68kg	NKOGHO MENGUE Hervan	CAN	2
costa-rica-open-2023	Senior Men -68kg	DELGADO Bairon And	COL	
costa-rica-open-2023	Senior Men -68kg	BALABARCA Sebastia	PER	
costa-rica-open-2023	Senior Men -68kg	CARPENTIER Olivier	CAN	
costa-rica-open-2023	Senior Men -68kg	NASCIMENTO Matheus	BRA	
costa-rica-open-2023	Senior Men -68kg	VICENTE Rabbin	HON	
costa-rica-open-2023	Senior Men -68kg	DOS SANTOS Bruno gabriel	BRA	
costa-rica-open-2023	Senior Men -68kg	BOWLES Henri	TTO	
costa-rica-open-2023	Senior Men -68kg	HERNANDEZ Renato	NCA	
costa-rica-open-2023	Senior Men -68kg	MINER Nathen	USA	
costa-rica-open-2023	Senior Men -68kg	HARRIS Khalfani	USA	3
costa-rica-open-2023	Senior Men -63kg	OLIVERO TORO Cristian	CHI	1
costa-rica-open-2023	Senior Men -63kg	CASTILLO RAMOS Alejandro	PER	
costa-rica-open-2023	Senior Men -63kg	EUGENIO Donovan	USA	
costa-rica-open-2023	Senior Men -63kg	AROSEMENA Hector	PAN	
costa-rica-open-2023	Senior Men -63kg	FERREIRA João Vito	BRA	3
costa-rica-open-2023	Senior Men -63kg	MEDINA Matthew	USA	
costa-rica-open-2023	Senior Men -63kg	INNISS Leslie	TTO	
costa-rica-open-2023	Senior Men -63kg	BARTHOLO Matheus	BRA	
costa-rica-open-2023	Senior Men -63kg	BUENAVIDES Kenneth	USA	2
costa-rica-open-2023	Senior Men -63kg	HERNANDEZ Bratt	WT	
costa-rica-open-2023	Senior Men -63kg	SALAS Olman	CRC	
costa-rica-open-2023	Senior Men -63kg	GRANT Gavin	USA	
costa-rica-open-2023	Senior Men -63kg	CASTILHO Lucas	BRA	
costa-rica-open-2023	Senior Men -63kg	PUMA Jose	PER	
costa-rica-open-2023	Senior Men -63kg	SALVATIERRA Carlos Steve	GUA	
costa-rica-open-2023	Senior Men -63kg	NAVEA Sebastian	CHI	3
costa-rica-open-2023	Senior Men -58kg	MELO Paulo	BRA	1
costa-rica-open-2023	Senior Men -58kg	YOUNG Jean-maurice	TTO	
costa-rica-open-2023	Senior Men -58kg	GUTIERREZ ESPINOZA SAUL	WT	
costa-rica-open-2023	Senior Men -58kg	SOLANO Pablo	WT	
costa-rica-open-2023	Senior Men -58kg	SANTIAGO Jose Dani	PUR	
costa-rica-open-2023	Senior Men -58kg	BARRETO Raymiguel	PER	
costa-rica-open-2023	Senior Men -58kg	CUBERO Leyner Fabr	WT	
costa-rica-open-2023	Senior Men -58kg	PIZARRO GALLARDO Vicente	CHI	3
costa-rica-open-2023	Senior Men -58kg	PASHNIN Mark	CAN	
costa-rica-open-2023	Senior Men -58kg	RODRIGUEZ Lester	NCA	
costa-rica-open-2023	Senior Men -58kg	RENTERIA Brany	COL	
costa-rica-open-2023	Senior Men -58kg	PEÑALBA Adrian	PAN	
costa-rica-open-2023	Senior Men -58kg	FUENTES David	GUA	
costa-rica-open-2023	Senior Men -58kg	LIMA Juliano	BRA	2
costa-rica-open-2023	Senior Men -58kg	WEEKES Jeremi	PUR	
costa-rica-open-2023	Senior Men -58kg	PUNONGBAYAN Isaac	CRC	
costa-rica-open-2023	Senior Men -58kg	MORENO Franco Javi	PER	
costa-rica-open-2023	Senior Men -58kg	TAN Sebastian	USA	
costa-rica-open-2023	Senior Men -58kg	RAMOS Jorge	CHI	
costa-rica-open-2023	Senior Men -58kg	MORALES Edrick	PUR	3
costa-rica-open-2023	Senior Men -58kg	RIVERA Edgar	PUR	
costa-rica-open-2023	Senior Men -58kg	RAMIREZ Dylan Arye	CRC	
costa-rica-open-2023	Senior Men -58kg	CHEVEZ John Josue	WT	
costa-rica-open-2023	Senior Men -58kg	LOPEZ Camilo	ESA	
costa-rica-open-2023	Senior Men -58kg	CUNNINGHAM William	USA	
costa-rica-open-2023	Senior Men -54kg	DE MORAES Giovanni aubin	BRA	2
costa-rica-open-2023	Senior Men -54kg	ALFONSO Matthew	USA	
costa-rica-open-2023	Senior Men -54kg	ALLEN Chris	USA	3
costa-rica-open-2023	Senior Men -54kg	NORZAGARAY-GARCIA Juancarlos	USA	3
costa-rica-open-2023	Senior Men -54kg	MAYORGA Victor	PER	
costa-rica-open-2023	Senior Men -54kg	MARQUES Flavio	BRA	1
costa-rica-open-2023	Senior Men +87kg	SIQUEIRA Maicon	BRA	2
costa-rica-open-2023	Senior Men +87kg	RODRIGUEZ Alan	ESA	
costa-rica-open-2023	Senior Men +87kg	ALVAREZ Juan	PUR	3
costa-rica-open-2023	Senior Men +87kg	MUNOZ Franco	CHI	
costa-rica-open-2023	Senior Men +87kg	FERRERA Miguel	HON	3
costa-rica-open-2023	Senior Men +87kg	NIEVES Victor Manu	PUR	
costa-rica-open-2023	Senior Men +87kg	ANN Alasan	GAM	1
costa-rica-open-2023	Senior Women -73kg	WEEKES Crystal	PUR	3
costa-rica-open-2023	Senior Women -73kg	CALERO Karol Yulie	COL	
costa-rica-open-2023	Senior Women -73kg	LEE Ava Soon	HAI	2
costa-rica-open-2023	Senior Women -73kg	MOLINA Yosselyn	HON	3
costa-rica-open-2023	Senior Women -73kg	MADRIGAL Pamela	WT	
costa-rica-open-2023	Senior Women -73kg	PEREIRA Raiany	BRA	1
costa-rica-open-2023	Senior Women -67kg	TITONELI Milena	BRA	2
costa-rica-open-2023	Senior Women -67kg	VASQUEZ MENDOZA Eliana	PER	
costa-rica-open-2023	Senior Women -67kg	MACEDO Sandy	BRA	
costa-rica-open-2023	Senior Women -67kg	ROMAN TORRES Naishka	PUR	
costa-rica-open-2023	Senior Women -67kg	ESCOBAR Fabiola	ESA	
costa-rica-open-2023	Senior Women -67kg	BROOKS Brenda	PAN	
costa-rica-open-2023	Senior Women -67kg	ILIESCO Nathalie	CAN	3
costa-rica-open-2023	Senior Women -67kg	HADDAD Khalida	FRA	3
costa-rica-open-2023	Senior Women -67kg	MEDINA Juliana	PUR	
costa-rica-open-2023	Senior Women -67kg	RAMIREZ Maria Vito	COL	
costa-rica-open-2023	Senior Women -67kg	DOS Gabriela	BRA	
costa-rica-open-2023	Senior Women -67kg	TEACHOUT Kristina	USA	1
costa-rica-open-2023	Senior Women -67kg	LOPEZ LAUREANO Valeria	PUR	
costa-rica-open-2023	Senior Women -67kg	SANCHEZ Maria Jime	CRC	
costa-rica-open-2023	Senior Women -67kg	SOLTERO Leslie	MEX	
costa-rica-open-2023	Senior Women -62kg	SANTOS Caroline	BRA	1
costa-rica-open-2023	Senior Women -62kg	NOBLE Trinity Aria	USA	
costa-rica-open-2023	Senior Women -62kg	SOTO CASTILLO Isuangelis	PUR	
costa-rica-open-2023	Senior Women -62kg	SANTERRE Frederiqu	CAN	
costa-rica-open-2023	Senior Women -62kg	GREENWOOD Makayla	USA	3
costa-rica-open-2023	Senior Women -62kg	MEDINA Emily	USA	
costa-rica-open-2023	Senior Women -62kg	LECLERC Marianne	CAN	
costa-rica-open-2023	Senior Women -62kg	MORALES Britney	USA	3
costa-rica-open-2023	Senior Women -62kg	MARCHLINSKI Maria	USA	
costa-rica-open-2023	Senior Women -62kg	RAMIREZ Angelique	WT	
costa-rica-open-2023	Senior Women -62kg	LOPEZ Sheylee Daya	HON	
costa-rica-open-2023	Senior Women -62kg	VARGAS Nicole Vale	WT	
costa-rica-open-2023	Senior Women -62kg	RATIVA Leidy Meche	COL	
costa-rica-open-2023	Senior Women -62kg	ANDRIC Leonarda	CAN	2
costa-rica-open-2023	Senior Women -57kg	PARK Skylar	CAN	1
costa-rica-open-2023	Senior Women -57kg	WEBER Logan	USA	
costa-rica-open-2023	Senior Women -57kg	LECLERC Gabrielle	CAN	
costa-rica-open-2023	Senior Women -57kg	ST-PIERRE Alycia	CAN	3
costa-rica-open-2023	Senior Women -57kg	FLORES Hermaliz	PUR	
costa-rica-open-2023	Senior Women -57kg	LINDO Neshi Lee	WT	3
costa-rica-open-2023	Senior Women -57kg	PALACIOS Melanny	COL	
costa-rica-open-2023	Senior Women -57kg	COX Caitlyn	USA	
costa-rica-open-2023	Senior Women -57kg	DIAZ Marcela	WT	
costa-rica-open-2023	Senior Women -57kg	ISAAC Liz Mariana	COL	
costa-rica-open-2023	Senior Women -57kg	PACHECO Maria clara	BRA	2
costa-rica-open-2023	Senior Women -53kg	OCEGUERA Sophia	USA	3
costa-rica-open-2023	Senior Women -53kg	DANIEL Melina	USA	
costa-rica-open-2023	Senior Women -53kg	BETANCOURTH Natali	COL	
costa-rica-open-2023	Senior Women -53kg	GONZALEZ Daniella	GUA	2
costa-rica-open-2023	Senior Women -53kg	RISSI Maria Eduard	BRA	
costa-rica-open-2023	Senior Women -53kg	CLEONARES Ana Paul	PER	
costa-rica-open-2023	Senior Women -53kg	DUMAS Mathilde	CAN	
costa-rica-open-2023	Senior Women -53kg	TRANQUILLE Viviane	CAN	
costa-rica-open-2023	Senior Women -53kg	VALERIO Ashley	USA	
costa-rica-open-2023	Senior Women -53kg	BLANCO Avril	WT	
costa-rica-open-2023	Senior Women -53kg	SOUZA Daniela Paola	MEX	1
costa-rica-open-2023	Senior Women -53kg	LEWIS Kylie	USA	3
costa-rica-open-2023	Senior Women -53kg	TALBOTT Riccy	HON	
costa-rica-open-2023	Senior Women -53kg	DIAS DE LIMA PENNA SARAIVA Leonor	BRA	
costa-rica-open-2023	Senior Women -49kg	PORTUGUÉZ BARBOZA Ariana	WT	
costa-rica-open-2023	Senior Women -49kg	ZAMBRANO Andrea Ma	MEX	3
costa-rica-open-2023	Senior Women -49kg	CARPENTIER Vicky	CAN	
costa-rica-open-2023	Senior Women -49kg	ROSADO CRUZ CHANEL	PUR	
costa-rica-open-2023	Senior Women -49kg	MATA Maya	USA	2
costa-rica-open-2023	Senior Women -49kg	AGUILAR Andrea Sof	ESA	
costa-rica-open-2023	Senior Women -49kg	SUAREZ ESCOBEDO Alessandra	PER	
costa-rica-open-2023	Senior Women -49kg	MILLER Montana	USA	1
costa-rica-open-2023	Senior Women -49kg	FERLA Ana Clara	BRA	
costa-rica-open-2023	Senior Women -49kg	MORALES Kayla	USA	
costa-rica-open-2023	Senior Women -49kg	SANCHO Laura	WT	
costa-rica-open-2023	Senior Women -49kg	BALDINI Gabriela	BRA	
costa-rica-open-2023	Senior Women -49kg	POIRE Aurelie	CAN	3
costa-rica-open-2023	Senior Women -46kg	OROZCO Angelique	CAN	2
costa-rica-open-2023	Senior Women -46kg	LOPEZ Jimena	CRC	
costa-rica-open-2023	Senior Women -46kg	GUTIERREZ Monica	CRC	
costa-rica-open-2023	Senior Women -46kg	SANCHEZ Sarai	PUR	3
costa-rica-open-2023	Senior Women -46kg	DOGANI Julia	BRA	
costa-rica-open-2023	Senior Women -46kg	CHOI Ashley	USA	1
costa-rica-open-2023	Senior Women -46kg	TORRES Linoushka	PUR	
costa-rica-open-2023	Senior Women -46kg	WAY Nicolle	GUA	
costa-rica-open-2023	Senior Women -46kg	CRUZ Alisson	CRC	
costa-rica-open-2023	Senior Women -46kg	TOSI Emily	CAN	
costa-rica-open-2023	Senior Women -46kg	LLAUCA MENDOZA Camila	PER	3
costa-rica-open-2023	Senior Women +73kg	SIQUEIRA Gabriele	BRA	2
costa-rica-open-2023	Senior Women +73kg	CEBALLOS Nathali	COL	3
costa-rica-open-2023	Senior Women +73kg	AGUIRRE Silvia	ESA	
costa-rica-open-2023	Senior Women +73kg	DA SILVA BATISTA DE SOUZA Thaisa	BRA	3
costa-rica-open-2023	Senior Women +73kg	SHIPMAN Aliyah	HAI	1
dakar-grand-prix-challenge-2023	Senior Men -68kg	COULIBALY Sekou	LUX	
dakar-grand-prix-challenge-2023	Senior Men -68kg	DIOP Bocar	SEN	2
dakar-grand-prix-challenge-2023	Senior Men -68kg	OSIN Maksim	AIN	
dakar-grand-prix-challenge-2023	Senior Men -68kg	SERI Christ Cedric	CIV	
dakar-grand-prix-challenge-2023	Senior Men -68kg	TRAORE Alpha El Habib	GUI	
dakar-grand-prix-challenge-2023	Senior Men -68kg	KONATE Ben younouss	CIV	
dakar-grand-prix-challenge-2023	Senior Men -68kg	MOUSSA Amar Cisse	GAB	3
dakar-grand-prix-challenge-2023	Senior Men -68kg	TOURE Ibrahim	CIV	
dakar-grand-prix-challenge-2023	Senior Men -68kg	DIOUF Abdoul Ahad	SEN	
dakar-grand-prix-challenge-2023	Senior Men -68kg	CISSE Oumar	SEN	
dakar-grand-prix-challenge-2023	Senior Men -68kg	TRAORE Aliou Bilguissa	GUI	
dakar-grand-prix-challenge-2023	Senior Men -68kg	LO Mouhamadou mansour	SEN	1
dakar-grand-prix-challenge-2023	Senior Men +80kg	ESSAM MOHIUDDIN Abdullah	EGY	1
dakar-grand-prix-challenge-2023	Senior Men +80kg	TOURE Sie Clofolo	CIV	
dakar-grand-prix-challenge-2023	Senior Men +80kg	TOURE Mouhameth	SEN	
dakar-grand-prix-challenge-2023	Senior Men +80kg	PRYAZHNIKOV Alexander	AIN	
dakar-grand-prix-challenge-2023	Senior Men +80kg	NIANG Malick	SEN	2
dakar-grand-prix-challenge-2023	Senior Men +80kg	ANICET Kassi	CIV	
dakar-grand-prix-challenge-2023	Senior Men +80kg	ESSOGHO Alexandre	GAB	3
dakar-grand-prix-challenge-2023	Senior Men +80kg	LOUM Massaer	SEN	
dakar-grand-prix-challenge-2023	Senior Women -67kg	KANOUTE Iman	MLI	
dakar-grand-prix-challenge-2023	Senior Women -67kg	ZHELEZNOVA Viktoriia	AIN	2
dakar-grand-prix-challenge-2023	Senior Women -67kg	ALIEVA Dzhavriiat	AIN	
dakar-grand-prix-challenge-2023	Senior Women -67kg	ILBOUDO Chimene Ys	BUR	
dakar-grand-prix-challenge-2023	Senior Women -67kg	MACEDO Sandy	BRA	1
dakar-grand-prix-challenge-2023	Senior Women -67kg	FALL Bintou	SEN	
dakar-grand-prix-challenge-2023	Senior Women -67kg	TEACHOUT Kristina	USA	3
dakar-grand-prix-challenge-2023	Senior Women -49kg	ARMAH Henrietta	GHA	
dakar-grand-prix-challenge-2023	Senior Women -49kg	ALIEVA Margarita	AIN	2
dakar-grand-prix-challenge-2023	Senior Women -49kg	BADIANE Awa Sarr	SEN	
dakar-grand-prix-challenge-2023	Senior Women -49kg	FALL Ngone	SEN	
dakar-grand-prix-challenge-2023	Senior Women -49kg	KHATTAB Jana	EGY	3
dakar-grand-prix-challenge-2023	Senior Women -49kg	ABOMBWET MOSSABO Fatima	GAB	
dakar-grand-prix-challenge-2023	Senior Women -49kg	BEKULOVA Milana	AIN	1
dakar-grand-prix-challenge-2023	Senior Women -49kg	MATA Maya	USA	
dakar-grand-prix-challenge-2023	Senior Women -49kg	LOUM Mame Diarra Bousso	SEN	
dakar-grand-prix-challenge-2023	Senior Women -49kg	CHOI Ashley	USA	
dakar-grand-prix-challenge-2023	Senior Men -80kg	SOUMARE Ababacar sadikh	SEN	
dakar-grand-prix-challenge-2023	Senior Men -80kg	COULIBALY Ismael	MLI	2
dakar-grand-prix-challenge-2023	Senior Men -80kg	CAMARA Aboubacar S	GUI	
dakar-grand-prix-challenge-2023	Senior Men -80kg	DIALLO Ibrahima	GUI	
dakar-grand-prix-challenge-2023	Senior Men -80kg	SECK Cheikhouna	SEN	3
dakar-grand-prix-challenge-2023	Senior Men -80kg	THIAM Abdoul bakhy	SEN	
dakar-grand-prix-challenge-2023	Senior Men -80kg	DIOR El Hadji Ahma	SEN	
dakar-grand-prix-challenge-2023	Senior Men -80kg	OMAROV Magomedrasul	AIN	1
dakar-grand-prix-challenge-2023	Senior Men -80kg	BUENAVENTURA Loren	USA	
dakar-grand-prix-challenge-2023	Senior Men -58kg	MYLONAS Ioannis	GRE	3
dakar-grand-prix-challenge-2023	Senior Men -58kg	DOUMBIA Lassina	BUR	
dakar-grand-prix-challenge-2023	Senior Men -58kg	SOUMAHORO Tiemo	CIV	
dakar-grand-prix-challenge-2023	Senior Men -58kg	DIARRASSOUBA Adam junior	CIV	
dakar-grand-prix-challenge-2023	Senior Men -58kg	NIANG Mohamed	SEN	1
dakar-grand-prix-challenge-2023	Senior Men -58kg	ADDO Benson	GHA	
dakar-grand-prix-challenge-2023	Senior Men -58kg	SANOH Lonceny	GUI	
dakar-grand-prix-challenge-2023	Senior Men -58kg	GUEYE Mouhamadou F	SEN	2
dakar-grand-prix-challenge-2023	Senior Men -58kg	GUEYE Bathie	SEN	
dakar-grand-prix-challenge-2023	Senior Men -58kg	SACKALAT Diallo	GAB	
dakar-grand-prix-challenge-2023	Senior Men -58kg	NDOYE Souleymane	SEN	
dakar-grand-prix-challenge-2023	Senior Women -57kg	CISSE Mariama	CIV	2
dakar-grand-prix-challenge-2023	Senior Women -57kg	GNING Khadidiatou	SEN	
dakar-grand-prix-challenge-2023	Senior Women -57kg	TOURE Sokhna Aminata	SEN	
dakar-grand-prix-challenge-2023	Senior Women -57kg	NDIAYE Mama	SEN	
dakar-grand-prix-challenge-2023	Senior Women -57kg	DJAKO Cessy Florence	CIV	1
dakar-grand-prix-challenge-2023	Senior Women -57kg	EMMANUEL Hahumi	GAB	3
dakar-grand-prix-challenge-2023	Senior Women +67kg	STEPANOVA Elizaveta	AIN	1
dakar-grand-prix-challenge-2023	Senior Women +67kg	FAYE Mareme	SEN	
dakar-grand-prix-challenge-2023	Senior Women +67kg	DANGNIDE Abenan Je	CIV	2
dakar-grand-prix-challenge-2023	Senior Women +67kg	DIEYNABA Diouf	SEN	3
presidents-cup-america-2023	Senior Men -87kg	MARTINS Icaro Migu	BRA	1
presidents-cup-america-2023	Senior Men -87kg	SILVA GUTIERREZ Cesar daniel	COL	
presidents-cup-america-2023	Senior Men -87kg	CORRO Thiago Joaqu	ARG	
presidents-cup-america-2023	Senior Men -87kg	LUZ Matheus Gabrie	BRA	3
presidents-cup-america-2023	Senior Men -87kg	BRUNET Ethienne	CAN	
presidents-cup-america-2023	Senior Men -87kg	SOUZA Leandro	BRA	3
presidents-cup-america-2023	Senior Men -87kg	MANRESA Fernando	BRA	
presidents-cup-america-2023	Senior Men -87kg	SOUZA Allif	BRA	
presidents-cup-america-2023	Senior Men -87kg	MERCIER Charlelie	CAN	
presidents-cup-america-2023	Senior Men -87kg	SALAZAR Bryan	MEX	2
presidents-cup-america-2023	Senior Men -80kg	NICKOLAS CJ	USA	1
presidents-cup-america-2023	Senior Men -80kg	VAN Tosh	SUR	
presidents-cup-america-2023	Senior Men -80kg	RODRIGUES Diego	BRA	
presidents-cup-america-2023	Senior Men -80kg	DA Bryan Erkmann	BRA	
presidents-cup-america-2023	Senior Men -80kg	FLORES Alejandro	WT	
presidents-cup-america-2023	Senior Men -80kg	GONZALEZ Alejandro	PUR	
presidents-cup-america-2023	Senior Men -80kg	RODRIGUEZ Michael c	USA	3
presidents-cup-america-2023	Senior Men -80kg	MARCEL Guilherme	BRA	
presidents-cup-america-2023	Senior Men -80kg	OSTAPIV Lucas	BRA	
presidents-cup-america-2023	Senior Men -80kg	CHURCHILL MARTINEZ Joaquin	CHI	3
presidents-cup-america-2023	Senior Men -80kg	ALEJANDRO-VARGAS Diego	PUR	
presidents-cup-america-2023	Senior Men -80kg	SILVA David	BRA	
presidents-cup-america-2023	Senior Men -80kg	OLMEDO Dylan leonel	ARG	
presidents-cup-america-2023	Senior Men -80kg	STEWART Jordan	CAN	
presidents-cup-america-2023	Senior Men -80kg	BROWNE Jerome	TTO	
presidents-cup-america-2023	Senior Men -80kg	SILVA Henrique	BRA	
presidents-cup-america-2023	Senior Men -80kg	TREJOS SALAS Miguel	COL	2
presidents-cup-america-2023	Senior Men -74kg	PONTES Edival	BRA	1
presidents-cup-america-2023	Senior Men -74kg	DOS Daniel Rogerio	BRA	
presidents-cup-america-2023	Senior Men -74kg	BENITEZ Adrian	PUR	
presidents-cup-america-2023	Senior Men -74kg	OSTAPIV Gabriel	BRA	
presidents-cup-america-2023	Senior Men -74kg	FREITAS Lucas	BRA	
presidents-cup-america-2023	Senior Men -74kg	PORTO Vitor	BRA	
presidents-cup-america-2023	Senior Men -74kg	BONAZZOLA Lucas	ARG	
presidents-cup-america-2023	Senior Men -74kg	GONZALEZ GOMEZ Federico	URU	3
presidents-cup-america-2023	Senior Men -74kg	RIBEIRO Nickollas	BRA	
presidents-cup-america-2023	Senior Men -74kg	CASAS GARCIA Iker	MEX	3
presidents-cup-america-2023	Senior Men -74kg	BIANCHI Gustavo	BRA	
presidents-cup-america-2023	Senior Men -74kg	NDE Aurele Tcheh	CAN	
presidents-cup-america-2023	Senior Men -74kg	BOURIEL Ayoub	CAN	
presidents-cup-america-2023	Senior Men -74kg	JUNIOR Jose	BRA	
presidents-cup-america-2023	Senior Men -74kg	DI LEO BLAS Mateo	ARG	
presidents-cup-america-2023	Senior Men -74kg	ASSIS MATOS Vinicius	BRA	2
presidents-cup-america-2023	Senior Men -68kg	PIE Bernardo	DOM	
presidents-cup-america-2023	Senior Men -68kg	BEZERRA Gusmann	BRA	
presidents-cup-america-2023	Senior Men -68kg	NOBRE Felipe	BRA	
presidents-cup-america-2023	Senior Men -68kg	RODRIGUEZ Maikol	USA	2
presidents-cup-america-2023	Senior Men -68kg	DE Marcos Toledo	BRA	
presidents-cup-america-2023	Senior Men -68kg	VICENTE Rabbin	HON	
presidents-cup-america-2023	Senior Men -68kg	BRITTON Shane	CAN	
presidents-cup-america-2023	Senior Men -68kg	PAZ ROCHA David felipe	COL	
presidents-cup-america-2023	Senior Men -68kg	PINAS Samaki	SUR	
presidents-cup-america-2023	Senior Men -68kg	DOS SANTOS Bruno gabriel	BRA	
presidents-cup-america-2023	Senior Men -68kg	OLIVERO TORO Cristian	CHI	3
presidents-cup-america-2023	Senior Men -68kg	ACUNA Jose Luis	ARG	
presidents-cup-america-2023	Senior Men -68kg	MAZZANTI Santino	ARG	
presidents-cup-america-2023	Senior Men -68kg	SOUZA DINIZ Joao victor	BRA	
presidents-cup-america-2023	Senior Men -68kg	HILAL Ali	CAN	
presidents-cup-america-2023	Senior Men -68kg	HARRIS Khalfani	USA	
presidents-cup-america-2023	Senior Men -68kg	DOS Vytor	BRA	
presidents-cup-america-2023	Senior Men -68kg	AMARAL Matheus	BRA	
presidents-cup-america-2023	Senior Men -68kg	NAVARRO Carlos	MEX	
presidents-cup-america-2023	Senior Men -68kg	ROSAS Ronald Stive	COL	
presidents-cup-america-2023	Senior Men -68kg	SANTOS Gabriel	BRA	1
presidents-cup-america-2023	Senior Men -68kg	GONZALEZ Nahuel Ag	ARG	
presidents-cup-america-2023	Senior Men -68kg	YOUNG Isaiah	USA	3
presidents-cup-america-2023	Senior Men -68kg	MUNOZ Benjamin	CHI	
presidents-cup-america-2023	Senior Men -68kg	MONTUFAR Diego	GUA	
presidents-cup-america-2023	Senior Men -68kg	PEREIRA Nicolas	BRA	
presidents-cup-america-2023	Senior Men -68kg	NASCIMENTO Matheus	BRA	
presidents-cup-america-2023	Senior Men -68kg	OLIVEIRA Raphael	BRA	
presidents-cup-america-2023	Senior Men -68kg	MORALES Ignacio	CHI	
presidents-cup-america-2023	Senior Men -63kg	RAMOS Gabriel	BRA	
presidents-cup-america-2023	Senior Men -63kg	DA Davi Guilherme	BRA	
presidents-cup-america-2023	Senior Men -63kg	STANG Thiago Valen	ARG	
presidents-cup-america-2023	Senior Men -63kg	GOMES João Vitor	BRA	
presidents-cup-america-2023	Senior Men -63kg	BONILLA Sebastian	CRC	
presidents-cup-america-2023	Senior Men -63kg	BARTHOLO Matheus	BRA	2
presidents-cup-america-2023	Senior Men -63kg	CAETANO Renan	BRA	
presidents-cup-america-2023	Senior Men -63kg	GARRIDO REYES Jhon deivi	COL	3
presidents-cup-america-2023	Senior Men -63kg	SANCHEZ Joaquin	CHI	
presidents-cup-america-2023	Senior Men -63kg	MOTTA Miguel Eduar	PER	
presidents-cup-america-2023	Senior Men -63kg	DOS SANTOS MORAIS Guilherme	BRA	
presidents-cup-america-2023	Senior Men -63kg	POLICELI Santino	ARG	
presidents-cup-america-2023	Senior Men -63kg	GRANADO Yohandri	VEN	
presidents-cup-america-2023	Senior Men -63kg	DA William	BRA	3
presidents-cup-america-2023	Senior Men -63kg	CASTILHO Lucas	BRA	
presidents-cup-america-2023	Senior Men -63kg	DE Darlan	BRA	
presidents-cup-america-2023	Senior Men -63kg	FLORES Diego	CHI	
presidents-cup-america-2023	Senior Men -63kg	FONCUBERTA Nehuen	ARG	
presidents-cup-america-2023	Senior Men -63kg	MATTHAUS Carlos	BRA	
presidents-cup-america-2023	Senior Men -63kg	FERREIRA João Vito	BRA	
presidents-cup-america-2023	Senior Men -63kg	ALMEIDA RABELLO Fillipe	BRA	1
presidents-cup-america-2023	Senior Men -63kg	LOWE Hakeem	JAM	
presidents-cup-america-2023	Senior Men -63kg	LIRA Victor August	BRA	
presidents-cup-america-2023	Senior Men -63kg	SALAS Olman	CRC	
presidents-cup-america-2023	Senior Men -63kg	PARK Braven	CAN	
presidents-cup-america-2023	Senior Men -58kg	PLAZA HERNANDEZ Brandon	MEX	
presidents-cup-america-2023	Senior Men -58kg	SALIM Sharif Gerge	USA	3
presidents-cup-america-2023	Senior Men -58kg	DE Gustavo Dylan	BRA	
presidents-cup-america-2023	Senior Men -58kg	JEAN-BAPTISTE Gregory	HAI	
presidents-cup-america-2023	Senior Men -58kg	OMAR Rayan	CAN	
presidents-cup-america-2023	Senior Men -58kg	SILVA Pedro	BRA	
presidents-cup-america-2023	Senior Men -58kg	PEREIRA Daniel	BRA	
presidents-cup-america-2023	Senior Men -58kg	PIZARRO GALLARDO Vicente	CHI	
presidents-cup-america-2023	Senior Men -58kg	NUNEZ Lautaro	ARG	
presidents-cup-america-2023	Senior Men -58kg	ALVAREZ Melvy	USA	
presidents-cup-america-2023	Senior Men -58kg	NEGRETE Rodrigo Da	USA	
presidents-cup-america-2023	Senior Men -58kg	LEMUS Pedro Daniel	COL	
presidents-cup-america-2023	Senior Men -58kg	BARRETO Raymiguel	PER	
presidents-cup-america-2023	Senior Men -58kg	DA Diogo	BRA	
presidents-cup-america-2023	Senior Men -58kg	PUMA Jose	PER	
presidents-cup-america-2023	Senior Men -58kg	SANTIAGO Jose Dani	PUR	2
presidents-cup-america-2023	Senior Men -58kg	LIMA Juliano	BRA	
presidents-cup-america-2023	Senior Men -58kg	CONTRERAS DAVALOS Aaron	CHI	
presidents-cup-america-2023	Senior Men -58kg	SAABEDRA Trinidad	USA	
presidents-cup-america-2023	Senior Men -58kg	CUNNINGHAM William	USA	3
presidents-cup-america-2023	Senior Men -58kg	ROJAS Andres Felip	COL	
presidents-cup-america-2023	Senior Men -58kg	CHAVES Pedro Henri	BRA	
presidents-cup-america-2023	Senior Men -58kg	SALEH James	CAN	
presidents-cup-america-2023	Senior Men -58kg	WEEKES Jeremi	PUR	
presidents-cup-america-2023	Senior Men -58kg	MORALES Edrick	PUR	
presidents-cup-america-2023	Senior Men -58kg	BAILEY DULIN	USA	
presidents-cup-america-2023	Senior Men -58kg	AQUINO Luiz	BRA	
presidents-cup-america-2023	Senior Men -58kg	RODRIGUES Marcio M	BRA	
presidents-cup-america-2023	Senior Men -58kg	PAVONE Hunter	USA	
presidents-cup-america-2023	Senior Men -58kg	FUENTES David	GUA	
presidents-cup-america-2023	Senior Men -58kg	DULIN Taylor	USA	
presidents-cup-america-2023	Senior Men -58kg	GUZMAN Lucas	ARG	
presidents-cup-america-2023	Senior Men -58kg	BRANDAO Guilherme	BRA	
presidents-cup-america-2023	Senior Men -58kg	BARETTA Eduardo	BRA	1
presidents-cup-america-2023	Senior Men -58kg	PASHNIN Mark	CAN	
presidents-cup-america-2023	Senior Men -58kg	SALES Gabriel	BRA	
presidents-cup-america-2023	Senior Men -58kg	BUSANO Juan Ignaci	ARG	
presidents-cup-america-2023	Senior Men -58kg	MELO Paulo	BRA	
presidents-cup-america-2023	Senior Men -54kg	RODRIGUEZ Cesar	MEX	3
presidents-cup-america-2023	Senior Men -54kg	RAMIREZ Dylan Arye	CRC	
presidents-cup-america-2023	Senior Men -54kg	JURI Jorge Ignacio	CHI	
presidents-cup-america-2023	Senior Men -54kg	BERUBE Zachary	CAN	
presidents-cup-america-2023	Senior Men -54kg	QUISPILLOCLLA Fabr	PER	
presidents-cup-america-2023	Senior Men -54kg	REYES Cristofer	DOM	
presidents-cup-america-2023	Senior Men -54kg	VASQUEZ Gaston	CHI	
presidents-cup-america-2023	Senior Men -54kg	ALVES Leonardo	BRA	
presidents-cup-america-2023	Senior Men -54kg	TEIXEIRA Leonardo	BRA	2
presidents-cup-america-2023	Senior Men -54kg	MARQUES Flavio	BRA	
presidents-cup-america-2023	Senior Men -54kg	MAYORGA Victor	PER	
presidents-cup-america-2023	Senior Men -54kg	ALMEIDA Lucas Soar	BRA	
presidents-cup-america-2023	Senior Men -54kg	AZEVEDO Klebenilso	BRA	
presidents-cup-america-2023	Senior Men -54kg	GILLIARD GONCALVES Matheus	BRA	1
presidents-cup-america-2023	Senior Men -54kg	GARRIDO REYES Brayan	COL	
presidents-cup-america-2023	Senior Men -54kg	CORREA Cristian damian	ARG	
presidents-cup-america-2023	Senior Men -54kg	LANCHEROS Herlhy	COL	
presidents-cup-america-2023	Senior Men -54kg	FONCUBERTA Thaiel	ARG	
presidents-cup-america-2023	Senior Men -54kg	HOEFLING Nicholas	CAN	3
presidents-cup-america-2023	Senior Men +87kg	SANSORES Carlos	MEX	2
presidents-cup-america-2023	Senior Men +87kg	FERRERA Miguel	HON	
presidents-cup-america-2023	Senior Men +87kg	MUNOZ Franco	CHI	
presidents-cup-america-2023	Senior Men +87kg	ALVES Agustin	ARG	
presidents-cup-america-2023	Senior Men +87kg	ALVAREZ Luis	VEN	3
presidents-cup-america-2023	Senior Men +87kg	BERGERON Marc andre	CAN	
presidents-cup-america-2023	Senior Men +87kg	VIDOTTE Pedro	BRA	
presidents-cup-america-2023	Senior Men +87kg	PEREIRA Patrik	BRA	3
presidents-cup-america-2023	Senior Men +87kg	ALVES JESUS Pedro arthur	BRA	
presidents-cup-america-2023	Senior Men +87kg	BATISTA Erick Vini	BRA	
presidents-cup-america-2023	Senior Men +87kg	HEALY Jonathan	USA	1
presidents-cup-america-2023	Senior Women -73kg	WEEKES Crystal	PUR	3
presidents-cup-america-2023	Senior Women -73kg	LARA Barbara	CHI	
presidents-cup-america-2023	Senior Women -73kg	BRASIL Lara Maria	BRA	
presidents-cup-america-2023	Senior Women -73kg	LEE Ava Soon	HAI	1
presidents-cup-america-2023	Senior Women -73kg	GALACHO Raphaella	BRA	
presidents-cup-america-2023	Senior Women -73kg	PEREIRA Raiany	BRA	
presidents-cup-america-2023	Senior Women -73kg	DA SILVA BATISTA DE SOUZA Thaisa	BRA	3
presidents-cup-america-2023	Senior Women -73kg	ECKSTEIN Catalina	CHI	
presidents-cup-america-2023	Senior Women -73kg	TAMEZ Victoria	MEX	2
presidents-cup-america-2023	Senior Women -67kg	TITONELI Milena	BRA	
presidents-cup-america-2023	Senior Women -67kg	SANCHEZ Maria Jime	CRC	
presidents-cup-america-2023	Senior Women -67kg	MOLINA Yosselyn	HON	
presidents-cup-america-2023	Senior Women -67kg	RODRIGUEZ Madelyn Andrea	DOM	
presidents-cup-america-2023	Senior Women -67kg	MACEDO Sandy	BRA	1
presidents-cup-america-2023	Senior Women -67kg	ILIESCO Nathalie	CAN	
presidents-cup-america-2023	Senior Women -67kg	VELAZQUEZ Itzel	MEX	
presidents-cup-america-2023	Senior Women -67kg	AGUIRRE Fernanda	CHI	
presidents-cup-america-2023	Senior Women -67kg	TEACHOUT Kristina	USA	3
presidents-cup-america-2023	Senior Women -67kg	GALLARDO Claudia	CHI	2
presidents-cup-america-2023	Senior Women -67kg	ROCHA Liz	BRA	
presidents-cup-america-2023	Senior Women -67kg	LUKIC Maya	CAN	
presidents-cup-america-2023	Senior Women -67kg	ROMAN TORRES Naishka	PUR	
presidents-cup-america-2023	Senior Women -67kg	DOS Gabriela	BRA	3
presidents-cup-america-2023	Senior Women -67kg	VASQUEZ MENDOZA Eliana	PER	
presidents-cup-america-2023	Senior Women -67kg	ZOLOTIC Anastasija	USA	
presidents-cup-america-2023	Senior Women -67kg	SOLTERO Leslie	MEX	
presidents-cup-america-2023	Senior Women -62kg	SANTOS Caroline	BRA	1
presidents-cup-america-2023	Senior Women -62kg	SCHARDOSIN Giovann	BRA	
presidents-cup-america-2023	Senior Women -62kg	JUBANSKI Maria Edu	BRA	
presidents-cup-america-2023	Senior Women -62kg	LECLERC Marianne	CAN	
presidents-cup-america-2023	Senior Women -62kg	MALAGON Laura Nata	COL	
presidents-cup-america-2023	Senior Women -62kg	CASTRO Vilma	CHI	
presidents-cup-america-2023	Senior Women -62kg	CARNEIRO Celydiene	BRA	3
presidents-cup-america-2023	Senior Women -62kg	ANDRIC Leonarda	CAN	3
presidents-cup-america-2023	Senior Women -62kg	CASAGRANDE Maria E	BRA	
presidents-cup-america-2023	Senior Women -62kg	CORREA Giovanna	BRA	
presidents-cup-america-2023	Senior Women -62kg	RUIZ DIAZ Brenda anahi	ARG	
presidents-cup-america-2023	Senior Women -62kg	DA Isadora Heloysa	BRA	
presidents-cup-america-2023	Senior Women -62kg	KRAAYEVELD Ashley	CAN	2
presidents-cup-america-2023	Senior Women -57kg	PARK Skylar	CAN	1
presidents-cup-america-2023	Senior Women -57kg	RIVEROS Johanna	CHI	
presidents-cup-america-2023	Senior Women -57kg	MEJIA Mayerlin Yan	DOM	
presidents-cup-america-2023	Senior Women -57kg	CACERES GONZALES Camila	PER	
presidents-cup-america-2023	Senior Women -57kg	PORTIGLIOTTI Fabia	BRA	
presidents-cup-america-2023	Senior Women -57kg	LEONARDELLI Dianel	ARG	
presidents-cup-america-2023	Senior Women -57kg	LINDO Neshi Lee	WT	3
presidents-cup-america-2023	Senior Women -57kg	DILLON Faith	USA	
presidents-cup-america-2023	Senior Women -57kg	BONILLA CRUZ Andrialis ramona	DOM	
presidents-cup-america-2023	Senior Women -57kg	COX Caitlyn	USA	3
presidents-cup-america-2023	Senior Women -57kg	LOPEZ Javiera	CHI	
presidents-cup-america-2023	Senior Women -57kg	DE Isadora	BRA	
presidents-cup-america-2023	Senior Women -57kg	PACHECO Maria clara	BRA	2
presidents-cup-america-2023	Senior Women -53kg	VILLEGAS Fabiola G	MEX	2
presidents-cup-america-2023	Senior Women -53kg	CLEONARES Ana Paul	PER	
presidents-cup-america-2023	Senior Women -53kg	RISSI Maria Eduard	BRA	
presidents-cup-america-2023	Senior Women -53kg	PEREIRA Maria Gabr	BRA	
presidents-cup-america-2023	Senior Women -53kg	MENDOZA Lesly Vane	COL	
presidents-cup-america-2023	Senior Women -53kg	GODOY Carla	ARG	
presidents-cup-america-2023	Senior Women -53kg	DANIEL Melina	USA	
presidents-cup-america-2023	Senior Women -53kg	SOARES Brennda Kam	BRA	
presidents-cup-america-2023	Senior Women -53kg	MENDIVELSO Natalia	COL	3
presidents-cup-america-2023	Senior Women -53kg	FERREIRA Dafine	BRA	
presidents-cup-america-2023	Senior Women -53kg	OCEGUERA Sophia	USA	
presidents-cup-america-2023	Senior Women -53kg	REIS Talisca	BRA	
presidents-cup-america-2023	Senior Women -53kg	ACOSTA Lourdes	ARG	
presidents-cup-america-2023	Senior Women -53kg	COLLINS Maggie-rei	CAN	
presidents-cup-america-2023	Senior Women -53kg	DUMAS Mathilde	CAN	
presidents-cup-america-2023	Senior Women -53kg	POIRE Aurelie	CAN	
presidents-cup-america-2023	Senior Women -53kg	FOKAS Sophia	CAN	1
presidents-cup-america-2023	Senior Women -53kg	BREWSTER Megan	CAN	
presidents-cup-america-2023	Senior Women -53kg	ARAUJO Carolina	BRA	
presidents-cup-america-2023	Senior Women -53kg	MONIQUE VILLASENOR	USA	
presidents-cup-america-2023	Senior Women -53kg	TOURNIER Sofia	ARG	
presidents-cup-america-2023	Senior Women -53kg	OCHOA Sofia Belen	ARG	
presidents-cup-america-2023	Senior Women -53kg	ROSSI Larissa Nasc	BRA	3
presidents-cup-america-2023	Senior Women -49kg	SOUZA Daniela Paola	MEX	
presidents-cup-america-2023	Senior Women -49kg	STAMBAUGH Victoria	PUR	2
presidents-cup-america-2023	Senior Women -49kg	SANCHO Laura	WT	
presidents-cup-america-2023	Senior Women -49kg	GUELET Deisy Karin	CHI	
presidents-cup-america-2023	Senior Women -49kg	AMBALDI Eduarda	BRA	
presidents-cup-america-2023	Senior Women -49kg	TAYLOR Ashley	USA	
presidents-cup-america-2023	Senior Women -49kg	SILVA GONCALVES Lis Danielle	BRA	
presidents-cup-america-2023	Senior Women -49kg	KAFADAR Josipa	CAN	
presidents-cup-america-2023	Senior Women -49kg	LLAUCA MENDOZA Camila	PER	
presidents-cup-america-2023	Senior Women -49kg	GRIPPOLI Maria Sar	URU	
presidents-cup-america-2023	Senior Women -49kg	DIAS DE LIMA PENNA SARAIVA Leonor	BRA	
presidents-cup-america-2023	Senior Women -49kg	LEITE Ana Carolina	BRA	
presidents-cup-america-2023	Senior Women -49kg	DELLAN Virginia	VEN	
presidents-cup-america-2023	Senior Women -49kg	BARROS Nivea	BRA	3
presidents-cup-america-2023	Senior Women -49kg	TRANQUILLE Viviane	CAN	3
presidents-cup-america-2023	Senior Women -49kg	MORALES Kayla	USA	
presidents-cup-america-2023	Senior Women -49kg	FERLA Ana Clara	BRA	
presidents-cup-america-2023	Senior Women -49kg	TALBOTT Riccy	HON	
presidents-cup-america-2023	Senior Women -49kg	MOURA Rafaela	BRA	
presidents-cup-america-2023	Senior Women -49kg	PORTUGUÉZ BARBOZA Ariana	WT	
presidents-cup-america-2023	Senior Women -49kg	PEDROZO Beatriz	BRA	
presidents-cup-america-2023	Senior Women -49kg	SENDRA Giulia Clar	ARG	
presidents-cup-america-2023	Senior Women -49kg	TRASLAVINA Mariana	COL	
presidents-cup-america-2023	Senior Women -49kg	SUAREZ ESCOBEDO Alessandra	PER	
presidents-cup-america-2023	Senior Women -49kg	GOSCH CAMARGO Camilly	BRA	
presidents-cup-america-2023	Senior Women -49kg	MATA Maya	USA	1
presidents-cup-america-2023	Senior Women -49kg	BALDINI Gabriela	BRA	
presidents-cup-america-2023	Senior Women -49kg	BEZERRA Camila	BRA	
presidents-cup-america-2023	Senior Women -46kg	POURYOUNES Dina	NED	3
presidents-cup-america-2023	Senior Women -46kg	SILVA NAZARIO Julia	BRA	
presidents-cup-america-2023	Senior Women -46kg	NERIS Danielly	BRA	
presidents-cup-america-2023	Senior Women -46kg	FAFARD Mathilde	CAN	
presidents-cup-america-2023	Senior Women -46kg	MUNOZ Darling	CHI	
presidents-cup-america-2023	Senior Women -46kg	CRUZ Alisson	CRC	
presidents-cup-america-2023	Senior Women -46kg	CHOI Ashley	USA	2
presidents-cup-america-2023	Senior Women -46kg	GUIMARÃES Dangela	NCA	1
presidents-cup-america-2023	Senior Women -46kg	GONÇALVES Anna	BRA	
presidents-cup-america-2023	Senior Women -46kg	NAIARA Daiane	BRA	
presidents-cup-america-2023	Senior Women -46kg	MORI Renata	BRA	
presidents-cup-america-2023	Senior Women -46kg	DOGANI Julia	BRA	
presidents-cup-america-2023	Senior Women -46kg	OLIVEIRA Ana Julia	BRA	
presidents-cup-america-2023	Senior Women -46kg	OROZCO Angelique	CAN	3
presidents-cup-america-2023	Senior Women +73kg	SIQUEIRA Gabriele	BRA	2
presidents-cup-america-2023	Senior Women +73kg	SILVA Ana Beatriz	BRA	
presidents-cup-america-2023	Senior Women +73kg	RIVAS Victoria	ARG	
presidents-cup-america-2023	Senior Women +73kg	PIROLA Larissa	BRA	3
presidents-cup-america-2023	Senior Women +73kg	SILVA Bruna Letici	BRA	
presidents-cup-america-2023	Senior Women +73kg	FOUNTAIN Rachel	CAN	
presidents-cup-america-2023	Senior Women +73kg	GORMAN-SHORE Madelynn	USA	1
presidents-cup-america-2023	Senior Women +73kg	PEREIRA Marina Bea	BRA	
presidents-cup-america-2023	Senior Women +73kg	DIAZ Carla Melina	ARG	
presidents-cup-america-2023	Senior Women +73kg	DE Millena	BRA	
presidents-cup-america-2023	Senior Women +73kg	MESQUISTA Yasmin	BRA	
presidents-cup-america-2023	Senior Women +73kg	RODRIGUEZ Katherine	DOM	3
swedish-open-2023	Senior Men -87kg	MARTINS Icaro Migu	BRA	2
swedish-open-2023	Senior Men -87kg	GISBERT Genis	ESP	
swedish-open-2023	Senior Men -87kg	FARMAKAS Erik	SWE	3
swedish-open-2023	Senior Men -87kg	LLANOS Hanssel	VAN	
swedish-open-2023	Senior Men -87kg	MEHDIPOURNEJAD Kas	GER	3
swedish-open-2023	Senior Men -87kg	TROITINO AMOEDO Sergio	ESP	1
swedish-open-2023	Senior Men -80kg	ALESSIO Simone	ITA	1
swedish-open-2023	Senior Men -80kg	LUDWIG Albert	CZE	
swedish-open-2023	Senior Men -80kg	JOCHMAN Adam	CZE	
swedish-open-2023	Senior Men -80kg	QUESADA BARRERA Daniel	ESP	3
swedish-open-2023	Senior Men -80kg	MIRZAEI Bardia	FIN	
swedish-open-2023	Senior Men -80kg	BALDE Mamadou	TRT	
swedish-open-2023	Senior Men -80kg	GONZALEZ Alejandro	ESP	
swedish-open-2023	Senior Men -80kg	PIATKOWSKI Szymon	POL	
swedish-open-2023	Senior Men -80kg	WEIDUM Dion	NED	
swedish-open-2023	Senior Men -80kg	SOKOLOWSKI Mikolaj	POL	
swedish-open-2023	Senior Men -80kg	MANSOURI Farzad	TRT	2
swedish-open-2023	Senior Men -80kg	HUNG Jiun-yi	TPE	
swedish-open-2023	Senior Men -80kg	COSTA Joao Victor	USA	
swedish-open-2023	Senior Men -80kg	SULCS Kristofers	LAT	
swedish-open-2023	Senior Men -80kg	NIKOLIC Matej	CRO	3
swedish-open-2023	Senior Men -74kg	THUNE Sebastian	NOR	2
swedish-open-2023	Senior Men -74kg	MUSKEVITS Aleksandr	GER	
swedish-open-2023	Senior Men -74kg	OUAHBI Oussama	FRA	
swedish-open-2023	Senior Men -74kg	PETTERSEN Jonas	NOR	
swedish-open-2023	Senior Men -74kg	CAMMAERTS Troy	BEL	3
swedish-open-2023	Senior Men -74kg	PRIDDLE Jonah	CAN	
swedish-open-2023	Senior Men -74kg	CRESCENTINI Stefano	SMR	
swedish-open-2023	Senior Men -74kg	GAYE Hamady	FRA	
swedish-open-2023	Senior Men -74kg	KNIGHT-MITCHELL Dantrell	GBR	3
swedish-open-2023	Senior Men -74kg	CAMMAERTS Andes	BEL	
swedish-open-2023	Senior Men -74kg	GUMUS Kaan	GER	
swedish-open-2023	Senior Men -74kg	MLINARIČ Timotej	SUI	
swedish-open-2023	Senior Men -74kg	BECOVIC Zinedin	MNE	
swedish-open-2023	Senior Men -74kg	KNARVIK Arne	NOR	
swedish-open-2023	Senior Men -74kg	CELIN Lyve-stone	FRA	1
swedish-open-2023	Senior Men -68kg	ALIAN Ali	SWE	2
swedish-open-2023	Senior Men -68kg	STORCHAK Danylo	POL	
swedish-open-2023	Senior Men -68kg	MUNTANIOL Daniel	GER	
swedish-open-2023	Senior Men -68kg	LEO Speight	GBR	
swedish-open-2023	Senior Men -68kg	DÁVASON Høgni	FRO	
swedish-open-2023	Senior Men -68kg	ACHAB Jaouad	BEL	3
swedish-open-2023	Senior Men -68kg	AKEL Romet	EST	
swedish-open-2023	Senior Men -68kg	SKJOLBERG Sebastian	NOR	
swedish-open-2023	Senior Men -68kg	BYSTROV Volodymyr	UKR	
swedish-open-2023	Senior Men -68kg	NIITMETS Keanu	EST	
swedish-open-2023	Senior Men -68kg	KRAJISNIK Zarko	SRB	
swedish-open-2023	Senior Men -68kg	DZHORDZHEV Mitko	BUL	3
swedish-open-2023	Senior Men -68kg	BOOTH Cameron	GBR	
swedish-open-2023	Senior Men -68kg	MARCHENKO Mykola	UKR	
swedish-open-2023	Senior Men -68kg	USCIMIUK Sebastian	POL	
swedish-open-2023	Senior Men -68kg	DZHORDZHEV Aleksandar	BUL	
swedish-open-2023	Senior Men -68kg	ZISIS Polydefkis	GRE	
swedish-open-2023	Senior Men -68kg	PAN Kuei en	TPE	1
swedish-open-2023	Senior Men -68kg	VESTERLUND Linus	SWE	
swedish-open-2023	Senior Men -68kg	MISLJENOVIC Sasa	SWE	
swedish-open-2023	Senior Men -68kg	GLASNOVIC Leon	CRO	
swedish-open-2023	Senior Men -63kg	BURUSIC Marko	SRB	
swedish-open-2023	Senior Men -63kg	FREDRICKS Justin	USA	
swedish-open-2023	Senior Men -63kg	HABIBI Fardin	SWE	
swedish-open-2023	Senior Men -63kg	CHRZANOWSKI Mateusz	POL	1
swedish-open-2023	Senior Men -63kg	KHAMMERMAN Danil	UKR	
swedish-open-2023	Senior Men -63kg	BERZINS Davids	LAT	
swedish-open-2023	Senior Men -63kg	MCINTOSH Jamie	GBR	3
swedish-open-2023	Senior Men -63kg	HUSSEIN Ulat	GER	
swedish-open-2023	Senior Men -63kg	CAVUSMAN Emre	GER	
swedish-open-2023	Senior Men -63kg	TIRANVALIPOUR Hadi	TRT	3
swedish-open-2023	Senior Men -63kg	MYLLYNEN Niko	FIN	
swedish-open-2023	Senior Men -63kg	SAFARYN Piotr	POL	
swedish-open-2023	Senior Men -63kg	GRANT Gavin	USA	
swedish-open-2023	Senior Men -63kg	CHEN Pen-ren	TPE	
swedish-open-2023	Senior Men -63kg	CALIK Enis	GER	
swedish-open-2023	Senior Men -63kg	BOJERUD Elias Ibra	SWE	
swedish-open-2023	Senior Men -63kg	WOOLLEY Jack	IRL	2
swedish-open-2023	Senior Men -58kg	DELL'AQUILA Vito	ITA	1
swedish-open-2023	Senior Men -58kg	ADEMI Valton	SWE	
swedish-open-2023	Senior Men -58kg	ALLEN Chris	USA	
swedish-open-2023	Senior Men -58kg	SAARINEN Niko	FIN	
swedish-open-2023	Senior Men -58kg	FLEGAR Jan	CRO	
swedish-open-2023	Senior Men -58kg	ABDEL HALIM Khaled	GER	
swedish-open-2023	Senior Men -58kg	GEORGIEV Hristiyan	BUL	3
swedish-open-2023	Senior Men -58kg	VIVES SAEZ Isaac	ESP	
swedish-open-2023	Senior Men -58kg	MALKOC Cemal Can	GER	
swedish-open-2023	Senior Men -58kg	FOTI Giuseppe	ITA	
swedish-open-2023	Senior Men -58kg	KAMA Mustafa	SWE	
swedish-open-2023	Senior Men -58kg	SCUTARU Tristan	GBR	
swedish-open-2023	Senior Men -58kg	ALAMI Josef	SWE	2
swedish-open-2023	Senior Men -58kg	TAN Sebastian	MAS	3
swedish-open-2023	Senior Men -58kg	SUSILUOTO Otto	FIN	
swedish-open-2023	Senior Men -58kg	HEYDARI Salman	SWE	
swedish-open-2023	Senior Men -58kg	ALESIO Sebastien	FRA	
swedish-open-2023	Senior Men -54kg	SARSOZA Zack	GBR	2
swedish-open-2023	Senior Men -54kg	LEHTINEN Valtteri	FIN	
swedish-open-2023	Senior Men -54kg	BENZIAN REGRAG Yousef	GBR	
swedish-open-2023	Senior Men -54kg	HEALY Seth	AUS	
swedish-open-2023	Senior Men -54kg	EDWARDS Jayden	USA	
swedish-open-2023	Senior Men -54kg	MARWAN Mussa	SWE	
swedish-open-2023	Senior Men -54kg	YAKIMOV Tsvetan	BUL	3
swedish-open-2023	Senior Men -54kg	MEHLMANN Daniel	GER	3
swedish-open-2023	Senior Men -54kg	NIEVES Alexander	USA	
swedish-open-2023	Senior Men -54kg	OTERO SOUSA Javier	ESP	
swedish-open-2023	Senior Men -54kg	VASHAHI Armin	NED	
swedish-open-2023	Senior Men -54kg	MUBARAK Anis	SWE	
swedish-open-2023	Senior Men -54kg	ALESIO CAPOLINI Mathis	FRA	1
swedish-open-2023	Senior Men +87kg	GARCIA MARTINEZ Ivan	ESP	1
swedish-open-2023	Senior Men +87kg	KARLSSON Gustav	SWE	
swedish-open-2023	Senior Men +87kg	POLLET Manuel	BEL	3
swedish-open-2023	Senior Men +87kg	BRINK Kevin	SWE	3
swedish-open-2023	Senior Men +87kg	OTHMAN Taim	GBR	
swedish-open-2023	Senior Men +87kg	SECIC Edijan	CRO	2
swedish-open-2023	Senior Women -73kg	BERISAJ Andela	MNE	3
swedish-open-2023	Senior Women -73kg	MACKAY Poppy	GBR	
swedish-open-2023	Senior Women -73kg	RANNIKKO Noora	FIN	
swedish-open-2023	Senior Women -73kg	JUHASZOVA Iveta	CZE	2
swedish-open-2023	Senior Women -73kg	MEDD Katja	AUS	
swedish-open-2023	Senior Women -73kg	MESIC Nikolina	CRO	3
swedish-open-2023	Senior Women -73kg	USSERMAN Brianne	USA	
swedish-open-2023	Senior Women -73kg	PRZYBYSZ Weronika	POL	
swedish-open-2023	Senior Women -73kg	FUERLER Laura	ITA	
swedish-open-2023	Senior Women -73kg	WILLIAMS Lauren	GBR	1
swedish-open-2023	Senior Women -67kg	PERISIC Aleksandra	SRB	1
swedish-open-2023	Senior Women -67kg	ZOE Gueli	HUN	
swedish-open-2023	Senior Women -67kg	GEJDNER My	SWE	
swedish-open-2023	Senior Women -67kg	ABLEY Simone	GBR	
swedish-open-2023	Senior Women -67kg	BOUGHRARA Chahraze	FIN	
swedish-open-2023	Senior Women -67kg	MORENO REYES Lena	ESP	3
swedish-open-2023	Senior Women -67kg	SCHWENTNER Eva	AUT	
swedish-open-2023	Senior Women -67kg	KANOUTE Iman	MLI	
swedish-open-2023	Senior Women -67kg	KOWALKOWSKA Justyna	POL	
swedish-open-2023	Senior Women -67kg	ROBERTS Chloe	GBR	2
swedish-open-2023	Senior Women -67kg	GRUNNING Alma	SWE	
swedish-open-2023	Senior Women -67kg	ZOLOTIC Anastasija	USA	
swedish-open-2023	Senior Women -67kg	MARENTAKI Styliani	GRE	
swedish-open-2023	Senior Women -67kg	FERNANDEZ INSA Julia	ESP	
swedish-open-2023	Senior Women -67kg	WHITE Ara	USA	
swedish-open-2023	Senior Women -67kg	RAAGMETS Carmen	EST	
swedish-open-2023	Senior Women -67kg	D'ANGELO Natalia	ITA	3
swedish-open-2023	Senior Women -62kg	RELJIKJ Miljana	MKD	
swedish-open-2023	Senior Women -62kg	KOTBI Sofia	BEL	
swedish-open-2023	Senior Women -62kg	TVARONAVICIUTE Klaudija	LTU	
swedish-open-2023	Senior Women -62kg	GOEBEL Laura	GER	
swedish-open-2023	Senior Women -62kg	EK Isabella	SWE	
swedish-open-2023	Senior Women -62kg	GREENWOOD Makayla	USA	2
swedish-open-2023	Senior Women -62kg	MOCALINA Anastasija	LAT	
swedish-open-2023	Senior Women -62kg	MARTON Viviana	ESP	3
swedish-open-2023	Senior Women -62kg	FLEGROVA Hana	CZE	
swedish-open-2023	Senior Women -62kg	GRETARSDOTTIR Ingibjorg	ISL	
swedish-open-2023	Senior Women -62kg	LAARAJ Nada	MAR	
swedish-open-2023	Senior Women -62kg	MCPHILLIE Neve	GBR	
swedish-open-2023	Senior Women -62kg	GJELSVIK Karoline	NOR	
swedish-open-2023	Senior Women -62kg	TESIC Nadja	SRB	1
swedish-open-2023	Senior Women -62kg	RAHMANI Ruqia	FIN	
swedish-open-2023	Senior Women -62kg	MEDD Saskia	AUS	
swedish-open-2023	Senior Women -62kg	SARENAC Ivana	BIH	
swedish-open-2023	Senior Women -62kg	MARINOV Elizabeth	USA	
swedish-open-2023	Senior Women -62kg	ALIZADEH Kimia	TRT	
swedish-open-2023	Senior Women -62kg	TRAN Lily	NOR	
swedish-open-2023	Senior Women -62kg	ANDERSSON Tindra	SWE	
swedish-open-2023	Senior Women -62kg	TOUMA Sparnita	SWE	
swedish-open-2023	Senior Women -62kg	SZPAK Julia	POL	
swedish-open-2023	Senior Women -62kg	BECK Antonia	GER	
swedish-open-2023	Senior Women -62kg	TOMCZAK Tatiana	POL	
swedish-open-2023	Senior Women -62kg	MARTON Luana	ESP	
swedish-open-2023	Senior Women -62kg	CALVO GOMEZ Marta	ESP	3
swedish-open-2023	Senior Women -57kg	ASEMANI Raheleh	BEL	
swedish-open-2023	Senior Women -57kg	HEINONEN Vilhelmii	FIN	
swedish-open-2023	Senior Women -57kg	RAVASKA Inka	FIN	
swedish-open-2023	Senior Women -57kg	ENGSTROM Anna	SWE	
swedish-open-2023	Senior Women -57kg	VOLDERS Caroline	BEL	1
swedish-open-2023	Senior Women -57kg	PEREZ PARRADO Alma maria	ESP	
swedish-open-2023	Senior Women -57kg	STEINKUHLER Frieda	GER	
swedish-open-2023	Senior Women -57kg	ATANASOVA Martina	BUL	
swedish-open-2023	Senior Women -57kg	KINDL Melanie	AUT	3
swedish-open-2023	Senior Women -57kg	AL HALWANI Giada	ITA	3
swedish-open-2023	Senior Women -57kg	MAM Julie	CAM	
swedish-open-2023	Senior Women -57kg	VUKIC Margarita	CRO	
swedish-open-2023	Senior Women -57kg	HRONOVA Dominika	CZE	
swedish-open-2023	Senior Women -57kg	MCKEW Jodie	GBR	
swedish-open-2023	Senior Women -57kg	TORRES TENA Elena	ESP	
swedish-open-2023	Senior Women -57kg	HOGFELDT Nora	SWE	
swedish-open-2023	Senior Women -57kg	DILLON Faith	USA	2
swedish-open-2023	Senior Women -53kg	EL BOUCHTI Oumaima	MAR	1
swedish-open-2023	Senior Women -53kg	VENDEL Maja	SWE	
swedish-open-2023	Senior Women -53kg	ENTEZARI Nazila	AUT	
swedish-open-2023	Senior Women -53kg	GIRE Ines	FRA	
swedish-open-2023	Senior Women -53kg	IBARS ALCANTARA Anna	ESP	
swedish-open-2023	Senior Women -53kg	MOGHAL Amna	NOR	
swedish-open-2023	Senior Women -53kg	AVDAGIC Ada	BIH	3
swedish-open-2023	Senior Women -53kg	OCEGUERA Sophia	USA	2
swedish-open-2023	Senior Women -53kg	GUSTAFSSON Ada	FIN	
swedish-open-2023	Senior Women -53kg	MALMGREN GABRIELIN Ellinor	SWE	
swedish-open-2023	Senior Women -53kg	SMITH Teigan	GBR	
swedish-open-2023	Senior Women -53kg	TAIROVSKA Melissa	SWE	
swedish-open-2023	Senior Women -53kg	FOLGMANN Madeline	GER	3
swedish-open-2023	Senior Women -49kg	CEREZO IGLESIAS Adriana	ESP	1
swedish-open-2023	Senior Women -49kg	GOODMAN Phoenix	GBR	
swedish-open-2023	Senior Women -49kg	LIU You-yun	TPE	
swedish-open-2023	Senior Women -49kg	MORALES Kayla	USA	3
swedish-open-2023	Senior Women -49kg	TALBOTT Riccy	HON	
swedish-open-2023	Senior Women -49kg	BODEN Indra	SWE	3
swedish-open-2023	Senior Women -49kg	SZYMCZAK Aleksandra	POL	
swedish-open-2023	Senior Women -49kg	MANKONEN Juuli	FIN	
swedish-open-2023	Senior Women -49kg	CELIK Sueheda	GER	2
swedish-open-2023	Senior Women -46kg	POURYOUNES Dina	NED	
swedish-open-2023	Senior Women -46kg	DELLA Hazel	USA	1
swedish-open-2023	Senior Women -46kg	LOPEZ IZQUIERDO Ana	ESP	
swedish-open-2023	Senior Women -46kg	LIGHTFOOT Ashleigh	GBR	
swedish-open-2023	Senior Women -46kg	AL-HASHIMI Jena	GBR	
swedish-open-2023	Senior Women -46kg	NGUYEN An-vy	SWE	
swedish-open-2023	Senior Women -46kg	GAYE Serrah	FRA	3
swedish-open-2023	Senior Women -46kg	TAMMILA Ida-elina	FIN	
swedish-open-2023	Senior Women -46kg	UZUN Sarah	NED	3
swedish-open-2023	Senior Women -46kg	ARAYAN Nur	GER	
swedish-open-2023	Senior Women -46kg	CHOI Etta	GBR	
swedish-open-2023	Senior Women -46kg	FRASER Olivia	SWE	
swedish-open-2023	Senior Women -46kg	CHOI Ashley	USA	2
swedish-open-2023	Senior Women +73kg	MCGOWAN Rebecca	GBR	2
swedish-open-2023	Senior Women +73kg	ZELJKO Darija	CRO	1
swedish-open-2023	Senior Women +73kg	HELVIGA Viktorija	LAT	3
peru-open-2023	Senior Men -87kg	SALAZAR Bryan	MEX	1
peru-open-2023	Senior Men -87kg	CHAVEZ Josue	PER	2
peru-open-2023	Senior Men -80kg	RODRIGUEZ Michael c	USA	2
peru-open-2023	Senior Men -80kg	JUSTINIANO Roberto	BOL	
peru-open-2023	Senior Men -80kg	ROMMEL Luis Ricard	PER	3
peru-open-2023	Senior Men -80kg	SILVA Henrique	BRA	3
peru-open-2023	Senior Men -80kg	BASTIAS Wladimir	CHI	
peru-open-2023	Senior Men -80kg	COLON Sebastian Ki	PER	
peru-open-2023	Senior Men -80kg	ANDRADE HERRERA Hassani	PER	1
peru-open-2023	Senior Men -74kg	GONZALEZ GOMEZ Federico	URU	3
peru-open-2023	Senior Men -74kg	ESPINOZA Tomas	CHI	
peru-open-2023	Senior Men -74kg	CASTRO Sebastian	PER	
peru-open-2023	Senior Men -74kg	LEON Braulio	PER	1
peru-open-2023	Senior Men -74kg	RODRIGUEZ Osvaldo	CHI	
peru-open-2023	Senior Men -74kg	BECERRA Mario	CHI	3
peru-open-2023	Senior Men -74kg	PONCE Gabriel	CHI	
peru-open-2023	Senior Men -74kg	ORTIZ Alexander	PER	2
peru-open-2023	Senior Men -68kg	SOUZA DINIZ Joao victor	BRA	1
peru-open-2023	Senior Men -68kg	DOMINGUEZ Alvis	PAN	
peru-open-2023	Senior Men -68kg	GONZALES Gustavo	CHI	
peru-open-2023	Senior Men -68kg	ESCOBAR Aldair	PER	3
peru-open-2023	Senior Men -68kg	PUMA Luis	PER	
peru-open-2023	Senior Men -68kg	FLORES Diego	CHI	3
peru-open-2023	Senior Men -68kg	CORDERO Sebastian	PER	
peru-open-2023	Senior Men -68kg	CARREON Dante	PER	
peru-open-2023	Senior Men -68kg	FLORES Nelson Arie	ECU	
peru-open-2023	Senior Men -68kg	ZAGACETA Rodrigo E	PER	
peru-open-2023	Senior Men -68kg	OLIVERO TORO Cristian	CHI	2
peru-open-2023	Senior Men -63kg	CORTES Carlos	MEX	1
peru-open-2023	Senior Men -63kg	RUIZ Diego David	ECU	
peru-open-2023	Senior Men -63kg	BARRETO Raymiguel	PER	3
peru-open-2023	Senior Men -63kg	PIZARRO GALLARDO Vicente	CHI	
peru-open-2023	Senior Men -63kg	CARROLL Brock	CAN	
peru-open-2023	Senior Men -63kg	ALVAREZ Melvy	USA	2
peru-open-2023	Senior Men -63kg	YUPANQUI Fabian	PER	
peru-open-2023	Senior Men -63kg	RODRIGUEZ Alejandr	PER	3
peru-open-2023	Senior Men -58kg	CUNNINGHAM William	USA	1
peru-open-2023	Senior Men -58kg	QUIÑÓNEZ Noah	DOM	
peru-open-2023	Senior Men -58kg	PASHNIN Mark	CAN	
peru-open-2023	Senior Men -58kg	CONTRERAS DAVALOS Aaron	CHI	3
peru-open-2023	Senior Men -58kg	PEREIRA Daniel	BRA	
peru-open-2023	Senior Men -58kg	RAMIREZ Mauricio	ECU	
peru-open-2023	Senior Men -58kg	RAMOS Jorge	CHI	
peru-open-2023	Senior Men -58kg	RODRIGUEZ Cesar	MEX	2
peru-open-2023	Senior Men -58kg	MARCHENA Leonardo	PER	
peru-open-2023	Senior Men -58kg	PUMA Jose	PER	
peru-open-2023	Senior Men -58kg	MORENO Franco Javi	PER	3
peru-open-2023	Senior Men -58kg	RIOS Agustin	CHI	
peru-open-2023	Senior Men -58kg	LIMA Juliano	BRA	
peru-open-2023	Senior Men -54kg	MARQUES Flavio	BRA	1
peru-open-2023	Senior Men -54kg	MANCILLA Paulino	BOL	
peru-open-2023	Senior Men -54kg	PASTOR Edgardo	PAN	
peru-open-2023	Senior Men -54kg	RODRIGUEZ Juan	PER	
peru-open-2023	Senior Men -54kg	BARRA Ivan Ignacio	CHI	
peru-open-2023	Senior Men -54kg	SANTANA Cesar	PER	
peru-open-2023	Senior Men -54kg	SOTOMAYOR Dante	PER	
peru-open-2023	Senior Men -54kg	PEREZ Isaac Baruc	ECU	3
peru-open-2023	Senior Men -54kg	DE LA CRUZ Moises	USA	
peru-open-2023	Senior Men -54kg	ALVES Leonardo	BRA	
peru-open-2023	Senior Men -54kg	MONARDEZ Benjamin	CHI	
peru-open-2023	Senior Men -54kg	MERY Byron	ECU	2
peru-open-2023	Senior Men -54kg	ABARCA Gerardo Joe	PER	
peru-open-2023	Senior Men -54kg	JURI Jorge Ignacio	CHI	
peru-open-2023	Senior Men -54kg	PEÑA Daniel	VEN	
peru-open-2023	Senior Men -54kg	MAYORGA Victor	PER	
peru-open-2023	Senior Men -54kg	CAMPOVERDE Omar Leonardo	ECU	3
peru-open-2023	Senior Men -54kg	QUISPILLOCLLA Fabr	PER	
peru-open-2023	Senior Women -73kg	RAMIREZ Alexia Nao	MEX	3
peru-open-2023	Senior Women -73kg	ESPINOZA Matvelin	ECU	
peru-open-2023	Senior Women -73kg	SOLTERO Leslie	MEX	1
peru-open-2023	Senior Women -73kg	LOVAGLIO Isabella	MEX	3
peru-open-2023	Senior Women -73kg	PEREZ Karla Lucia	MEX	2
peru-open-2023	Senior Women -67kg	MINA Mell	ECU	1
peru-open-2023	Senior Women -67kg	AGUIRRE Fernanda	CHI	2
peru-open-2023	Senior Women -67kg	ORIHUELA Camila	PER	3
peru-open-2023	Senior Women -62kg	CARNEIRO Celydiene	BRA	1
peru-open-2023	Senior Women -62kg	REYNAUD Nicole	PER	3
peru-open-2023	Senior Women -62kg	DEATON Danica	USA	2
peru-open-2023	Senior Women -62kg	ROCHA Liz	BRA	3
peru-open-2023	Senior Women -57kg	VILLEGAS Fabiola G	MEX	1
peru-open-2023	Senior Women -57kg	NUNEZ Jubel M.	PER	
peru-open-2023	Senior Women -57kg	AVILA Natalia	CHI	3
peru-open-2023	Senior Women -57kg	RIVEROS Johanna	CHI	2
peru-open-2023	Senior Women -57kg	PEIXOTO Lara	BRA	
peru-open-2023	Senior Women -57kg	PUENTE Mell Camily	ECU	
peru-open-2023	Senior Women -57kg	CACERES GONZALES Camila	PER	3
peru-open-2023	Senior Women -53kg	BUCHELI Maria belen	ECU	1
peru-open-2023	Senior Women -53kg	CASTILLO Karoline Stephanie	PAN	3
peru-open-2023	Senior Women -53kg	SISLEY Melanie	PER	
peru-open-2023	Senior Women -53kg	BINIMELIS Dailyn P	CHI	3
peru-open-2023	Senior Women -53kg	PARRA Daniela Mica	ECU	
peru-open-2023	Senior Women -53kg	CLEONARES Ana Paul	PER	2
peru-open-2023	Senior Women -49kg	MATA Maya	USA	1
peru-open-2023	Senior Women -49kg	AGUILERA Barbara	CHI	
peru-open-2023	Senior Women -49kg	CHAVEZ Shlomit	PER	
peru-open-2023	Senior Women -49kg	HURTADO TAPIA Jireh	BOL	3
peru-open-2023	Senior Women -49kg	ESPINOZA Fernanda	ECU	
peru-open-2023	Senior Women -49kg	BALDINI Gabriela	BRA	2
peru-open-2023	Senior Women -49kg	CALDERON Katherine	PER	
peru-open-2023	Senior Women -49kg	JERVES Kadens Dome	ECU	
peru-open-2023	Senior Women -49kg	SUAREZ ESCOBEDO Alessandra	PER	3
peru-open-2023	Senior Women -46kg	LLAUCA MENDOZA Camila	PER	1
peru-open-2023	Senior Women -46kg	ROSALES Gabriela	VEN	3
peru-open-2023	Senior Women -46kg	MENDEZ Damariz	ECU	
peru-open-2023	Senior Women -46kg	AVELLANEDA Dayana	PER	2
peru-open-2023	Senior Women -46kg	PADILLA Samira	PER	3
