roma-grand-prix-2022	Senior Men -58kg	JANG Jun	KOR	1
roma-grand-prix-2022	Senior Men -58kg	JENDOUBI Mohamed khalil	TUN	2
roma-grand-prix-2022	Senior Men -58kg	POLAT Gorkem	TUR	3
roma-grand-prix-2022	Senior Men -58kg	VICENTE YUNTA Adrian	ESP	3
roma-grand-prix-2022	Senior Men -58kg	RAVET Cyrian	FRA	
roma-grand-prix-2022	Senior Men -58kg	HYTTEL Tobias	DEN	
roma-grand-prix-2022	Senior Men -58kg	KIM David	USA	
roma-grand-prix-2022	Senior Men -58kg	BAE Jun-seo	KOR	
roma-grand-prix-2022	Senior Men -58kg	ALVAREZ Melvy	USA	
roma-grand-prix-2022	Senior Men -58kg	RODRIGUEZ Cesar	MEX	
roma-grand-prix-2022	Senior Men -58kg	MAGOMEDOV Gashim	AZE	
roma-grand-prix-2022	Senior Men -58kg	PLAZA HERNANDEZ Brandon	MEX	
roma-grand-prix-2022	Senior Men -58kg	DELL'AQUILA Vito	ITA	
roma-grand-prix-2022	Senior Men -58kg	SALIM Omar gergely	HUN	
roma-grand-prix-2022	Senior Men -58kg	WOOLLEY Jack	IRL	
roma-grand-prix-2022	Senior Men -58kg	SALIM Sharif gergely	HUN	
roma-grand-prix-2022	Senior Men -58kg	KONSTANTINIDIS Iordanis	GER	
roma-grand-prix-2022	Senior Men -58kg	KUMAR Aman	IND	
roma-grand-prix-2022	Senior Men -58kg	AMADOU Mahamadou	NIG	
roma-grand-prix-2022	Senior Men -58kg	SHARAKY Omar	EGY	
roma-grand-prix-2022	Senior Men -58kg	ALTARYREH Mahmoud	JOR	
roma-grand-prix-2022	Senior Men -58kg	ARILLO VAZQUEZ Hugo	ESP	
roma-grand-prix-2022	Senior Men -58kg	TESKERA Josip	CRO	
roma-grand-prix-2022	Senior Men -58kg	LAKEHAL OMAR	MAR	
roma-grand-prix-2022	Senior Men -58kg	HOEFLING Nicholas	CAN	
roma-grand-prix-2022	Senior Men -58kg	RAPSOMANIKIS Dionysios	GRE	
roma-grand-prix-2022	Senior Men -58kg	MELO Paulo	BRA	
roma-grand-prix-2022	Senior Men -58kg	ABABAKIROV Samirkhon	KAZ	
roma-grand-prix-2022	Senior Men -58kg	DIAKITE Issa	CIV	
roma-grand-prix-2022	Senior Men -58kg	DAGDELEN Deniz	TUR	
roma-grand-prix-2022	Senior Men -58kg	CONTI Andrea	ITA	
roma-grand-prix-2022	Senior Men -68kg	RECBER Hakan	TUR	1
roma-grand-prix-2022	Senior Men -68kg	ALIAN Ali	SWE	2
roma-grand-prix-2022	Senior Men -68kg	JIN Ho-jun	KOR	3
roma-grand-prix-2022	Senior Men -68kg	SINDEN Bradly	GBR	3
roma-grand-prix-2022	Senior Men -68kg	JORQUERA CALA Joan	ESP	
roma-grand-prix-2022	Senior Men -68kg	CHELLAMOOTOO Dylan	FRA	
roma-grand-prix-2022	Senior Men -68kg	PONTES Edival	BRA	
roma-grand-prix-2022	Senior Men -68kg	ALHALAWANI Zaid	JOR	
roma-grand-prix-2022	Senior Men -68kg	OZKAYA Imran	GER	
roma-grand-prix-2022	Senior Men -68kg	KAREEM Zaid	JOR	
roma-grand-prix-2022	Senior Men -68kg	KRIVISHKIY Nimrod	ISR	
roma-grand-prix-2022	Senior Men -68kg	PEREZ POLO Javier	ESP	
roma-grand-prix-2022	Senior Men -68kg	CRESCENZI Simone	ITA	
roma-grand-prix-2022	Senior Men -68kg	GLASNOVIC Leon	CRO	
roma-grand-prix-2022	Senior Men -68kg	ACHAB Jaouad	BEL	
roma-grand-prix-2022	Senior Men -68kg	RASHITOV Ulugbek	UZB	
roma-grand-prix-2022	Senior Men -68kg	KAVURAT Ferhat can	TUR	
roma-grand-prix-2022	Senior Men -68kg	JOZSA Levente mark	HUN	
roma-grand-prix-2022	Senior Men -68kg	NAVARRO Carlos	MEX	
roma-grand-prix-2022	Senior Men -68kg	WASFI Abdelbasset	MAR	
roma-grand-prix-2022	Senior Men -68kg	AGHAYEV Javad	AZE	
roma-grand-prix-2022	Senior Men -68kg	BRECIC Lovre	CRO	
roma-grand-prix-2022	Senior Men -68kg	DZHORDZHEV Mitko	BUL	
roma-grand-prix-2022	Senior Men -68kg	NAVA Ruben	MEX	
roma-grand-prix-2022	Senior Men -68kg	YACOUBA Ismael	NIG	
roma-grand-prix-2022	Senior Men -68kg	NASSAR Ahmed	EGY	
roma-grand-prix-2022	Senior Men -68kg	PULATOV Niyaz	UZB	
roma-grand-prix-2022	Senior Men -68kg	KOBENAN Aaron francois	CIV	
roma-grand-prix-2022	Senior Men -68kg	SOUZA DINIZ Joao victor	BRA	
roma-grand-prix-2022	Senior Men -68kg	CHAMALIDIS Konstantinos	GRE	
roma-grand-prix-2022	Senior Men -68kg	SAIDI Faical	MAR	
roma-grand-prix-2022	Senior Men -80kg	ALESSIO Simone	ITA	1
roma-grand-prix-2022	Senior Men -80kg	EISSA Seif	EGY	2
roma-grand-prix-2022	Senior Men -80kg	PARK Woo hyeok	KOR	3
roma-grand-prix-2022	Senior Men -80kg	SALAEV Shukhrat	UZB	3
roma-grand-prix-2022	Senior Men -80kg	QUESADA BARRERA Daniel	ESP	
roma-grand-prix-2022	Senior Men -80kg	TELIKOSTOGLOU Apostolos	GRE	
roma-grand-prix-2022	Senior Men -80kg	KATOUSSI Firas	TUN	
roma-grand-prix-2022	Senior Men -80kg	NICKOLAS CJ	USA	
roma-grand-prix-2022	Senior Men -80kg	ELSHARABATY Saleh	JOR	
roma-grand-prix-2022	Senior Men -80kg	ACHAB Badr	BEL	
roma-grand-prix-2022	Senior Men -80kg	RAFALOVICH Nikita	UZB	
roma-grand-prix-2022	Senior Men -80kg	KANAET Toni	CRO	
roma-grand-prix-2022	Senior Men -80kg	HUSIC Nedzad	BIH	
roma-grand-prix-2022	Senior Men -80kg	LIZARRAGA Rene	MEX	
roma-grand-prix-2022	Senior Men -80kg	MARTINEZ GARCIA Raul	ESP	
roma-grand-prix-2022	Senior Men -80kg	PIATKOWSKI Szymon	POL	
roma-grand-prix-2022	Senior Men -80kg	TAKOV Stefan	SRB	
roma-grand-prix-2022	Senior Men -80kg	EL BOURY YOUNES	MAR	
roma-grand-prix-2022	Senior Men -80kg	SBEIHI Fahed	JOR	
roma-grand-prix-2022	Senior Men -80kg	MYRZABAYEV Nurlan	KAZ	
roma-grand-prix-2022	Senior Men -80kg	GOLUBIC Marko	CRO	
roma-grand-prix-2022	Senior Men -80kg	BOUZID SOUIHILI Ismael	FRA	
roma-grand-prix-2022	Senior Men -80kg	KARTAL Huseyin	TUR	
roma-grand-prix-2022	Senior Men -80kg	TAREK Mousalli	LBN	
roma-grand-prix-2022	Senior Men -80kg	SAWADOGO Faysal	BUR	
roma-grand-prix-2022	Senior Men -80kg	ORDEMANN Richard andre	NOR	
roma-grand-prix-2022	Senior Men -80kg	TAGHIZADE Aykhan	AZE	
roma-grand-prix-2022	Senior Men -80kg	GERRONE Antonio	ITA	
roma-grand-prix-2022	Senior Men -80kg	SOUMARE Ababacar sadikh	SEN	
roma-grand-prix-2022	Senior Men -80kg	YILDIZ Muhammed emin	TUR	
roma-grand-prix-2022	Senior Men -80kg	RADOJKOVIC Aleksandar	AUT	
roma-grand-prix-2022	Senior Men +80kg	ATESLI Emre kutalmis	TUR	1
roma-grand-prix-2022	Senior Men +80kg	CISSE Cheick sallah	CIV	2
roma-grand-prix-2022	Senior Men +80kg	CUNNINGHAM Caden	GBR	3
roma-grand-prix-2022	Senior Men +80kg	GEORGIEVSKI Dejan	MKD	3
roma-grand-prix-2022	Senior Men +80kg	ROS GÓMEZ Daniel	ESP	
roma-grand-prix-2022	Senior Men +80kg	SIQUEIRA Maicon	BRA	
roma-grand-prix-2022	Senior Men +80kg	MARTINS SOARES Icaro miguel	BRA	
roma-grand-prix-2022	Senior Men +80kg	EL YAZIDI Omar	FRA	
roma-grand-prix-2022	Senior Men +80kg	GARCIA MARTINEZ Ivan	ESP	
roma-grand-prix-2022	Senior Men +80kg	SALAZAR Bryan	MEX	
roma-grand-prix-2022	Senior Men +80kg	BOTTA Roberto	ITA	
roma-grand-prix-2022	Senior Men +80kg	PILIPOVIC Milos	NOR	
roma-grand-prix-2022	Senior Men +80kg	BACHMANN Alexander	GER	
roma-grand-prix-2022	Senior Men +80kg	DUISEBAY Smaiyl	KAZ	
roma-grand-prix-2022	Senior Men +80kg	ANN Alasan	GAM	
roma-grand-prix-2022	Senior Men +80kg	BICER Enbiya taha	TUR	
roma-grand-prix-2022	Senior Men +80kg	LEE SEONGI	KOR	
roma-grand-prix-2022	Senior Men +80kg	RAWY Ahmad	EGY	
roma-grand-prix-2022	Senior Men +80kg	ZHAPAROV Ruslan	KAZ	
roma-grand-prix-2022	Senior Men +80kg	RAHY Ray	LBN	
roma-grand-prix-2022	Senior Men +80kg	SANSORES Carlos	MEX	
roma-grand-prix-2022	Senior Men +80kg	HEALY Jonathan	USA	
roma-grand-prix-2022	Senior Men +80kg	GBANE Seydou	CIV	
roma-grand-prix-2022	Senior Men +80kg	BONDAR Vladyslav	UKR	
roma-grand-prix-2022	Senior Men +80kg	LEE Meng-en	TPE	
roma-grand-prix-2022	Senior Men +80kg	RADJABOV Shokhrukh	UZB	
roma-grand-prix-2022	Senior Men +80kg	DARWISH Abdelrahman	EGY	
roma-grand-prix-2022	Senior Men +80kg	SAPINA Ivan	CRO	
roma-grand-prix-2022	Senior Men +80kg	BASSEL Ayoub	MAR	
roma-grand-prix-2022	Senior Women -49kg	CEREZO IGLESIAS Adriana	ESP	1
roma-grand-prix-2022	Senior Women -49kg	DUVANCIC Bruna	CRO	2
roma-grand-prix-2022	Senior Women -49kg	SOUZA Daniela Paola	MEX	3
roma-grand-prix-2022	Senior Women -49kg	SIM JAEYOUNG	KOR	3
roma-grand-prix-2022	Senior Women -49kg	CELIK Sueheda	GER	
roma-grand-prix-2022	Senior Women -49kg	AL HALWANI Sarah	ITA	
roma-grand-prix-2022	Senior Women -49kg	SEMBERG Abishag	ISR	
roma-grand-prix-2022	Senior Women -49kg	STOJKOVIC Lena	CRO	
roma-grand-prix-2022	Senior Women -49kg	NAWFAL ELHORRI	MAR	
roma-grand-prix-2022	Senior Women -49kg	ABAKAROVA Patimat	AZE	
roma-grand-prix-2022	Senior Women -49kg	YILDIRIM Rukiye	TUR	
roma-grand-prix-2022	Senior Women -49kg	YONG Yvette Hui Hua	CAN	
roma-grand-prix-2022	Senior Women -49kg	KANG Mi-reu	KOR	
roma-grand-prix-2022	Senior Women -49kg	BOGDANOVIC Tijana	SRB	
roma-grand-prix-2022	Senior Women -49kg	MOORE Maddison	GBR	
roma-grand-prix-2022	Senior Women -49kg	AYDIN KONSTANTINIDIS Ela	GER	
roma-grand-prix-2022	Senior Women -49kg	SAMY ELHOSSEINY Shahd	EGY	
roma-grand-prix-2022	Senior Women -49kg	JOVIC Teodora	SRB	
roma-grand-prix-2022	Senior Women -49kg	SANTOS Valeria	BRA	
roma-grand-prix-2022	Senior Women -49kg	BAYECH Rivka	ISR	
roma-grand-prix-2022	Senior Women -49kg	DIAS DE LIMA PENNA SARAIVA Leonor	BRA	
roma-grand-prix-2022	Senior Women -49kg	CORELLI Martina	ITA	
roma-grand-prix-2022	Senior Women -49kg	KAFADAR Josipa	CAN	
roma-grand-prix-2022	Senior Women -49kg	POURYOUNES LANGEROUDI Dina	TRT	
roma-grand-prix-2022	Senior Women -49kg	ZAMPETTI Sofia	ITA	
roma-grand-prix-2022	Senior Women -49kg	TYROLOGOU Christianna	GRE	
roma-grand-prix-2022	Senior Women -49kg	ROMOLDANOVA Iryna	UKR	
roma-grand-prix-2022	Senior Women -49kg	SAHIB SOUKAINA	MAR	
roma-grand-prix-2022	Senior Women -49kg	COULIBALY Bouma ferimata	CIV	
roma-grand-prix-2022	Senior Women -57kg	LUO Zongshi	CHN	1
roma-grand-prix-2022	Senior Women -57kg	JONES Jade	GBR	2
roma-grand-prix-2022	Senior Women -57kg	ZOLOTIC Anastasija	USA	3
roma-grand-prix-2022	Senior Women -57kg	PARK Skylar	CAN	3
roma-grand-prix-2022	Senior Women -57kg	BAYJA BOUNAAJ	MAR	
roma-grand-prix-2022	Senior Women -57kg	LEE AHREUM	KOR	
roma-grand-prix-2022	Senior Women -57kg	AL HALWANI Giada	ITA	
roma-grand-prix-2022	Senior Women -57kg	ADAMKIEWICZ Patrycja	POL	
roma-grand-prix-2022	Senior Women -57kg	ILGUN Hatice kubra	TUR	
roma-grand-prix-2022	Senior Women -57kg	TARVIDA Inese	LAT	
roma-grand-prix-2022	Senior Women -57kg	KAYUMOVA Charos	UZB	
roma-grand-prix-2022	Senior Women -57kg	MACEDO Sandy	BRA	
roma-grand-prix-2022	Senior Women -57kg	ZHOU Lijun	CHN	
roma-grand-prix-2022	Senior Women -57kg	ASEMANI Raheleh	BEL	
roma-grand-prix-2022	Senior Women -57kg	FROEMMING Anna-Lena	GER	
roma-grand-prix-2022	Senior Women -57kg	CALVO GOMEZ Marta	ESP	
roma-grand-prix-2022	Senior Women -57kg	FOLGMANN Madeline	GER	
roma-grand-prix-2022	Senior Women -57kg	LO Chia-ling	TPE	
roma-grand-prix-2022	Senior Women -57kg	RADMILOVIC Aleksandra	SRB	
roma-grand-prix-2022	Senior Women -57kg	TVARONAVICIUTE Klaudija	LTU	
roma-grand-prix-2022	Senior Women -57kg	KALTEKI Faidra	GRE	
roma-grand-prix-2022	Senior Women -57kg	PEREZ PARRADO Alma maria	ESP	
roma-grand-prix-2022	Senior Women -57kg	VILLEGAS Fabiola G	MEX	
roma-grand-prix-2022	Senior Women -57kg	PATAKFALVY Luca	HUN	
roma-grand-prix-2022	Senior Women -57kg	AGRIS Zeliha	TUR	
roma-grand-prix-2022	Senior Women -57kg	TZELI Fani	GRE	
roma-grand-prix-2022	Senior Women -57kg	SCHOENMAKERS Bodine	NED	
roma-grand-prix-2022	Senior Women -67kg	WIET HENIN Magda	FRA	1
roma-grand-prix-2022	Senior Women -67kg	AL-SADEQ Julyana	JOR	2
roma-grand-prix-2022	Senior Women -67kg	KIM Jan-di	KOR	3
roma-grand-prix-2022	Senior Women -67kg	GBAGBI Ruth	CIV	3
roma-grand-prix-2022	Senior Women -67kg	PERISIC Aleksandra	SRB	
roma-grand-prix-2022	Senior Women -67kg	BOZANIC Nadica	SRB	
roma-grand-prix-2022	Senior Women -67kg	SANTOS Caroline	BRA	
roma-grand-prix-2022	Senior Women -67kg	CASTRO BURGOS Cecilia	ESP	
roma-grand-prix-2022	Senior Women -67kg	JELIC Matea	CRO	
roma-grand-prix-2022	Senior Women -67kg	TITONELI Milena	BRA	
roma-grand-prix-2022	Senior Women -67kg	AZIZOVA Farida	AZE	
roma-grand-prix-2022	Senior Women -67kg	ZHANG Mengyu	CHN	
roma-grand-prix-2022	Senior Women -67kg	VULETIC Bruna	CRO	
roma-grand-prix-2022	Senior Women -67kg	SADIKOVA Feruza	UZB	
roma-grand-prix-2022	Senior Women -67kg	STOLBOVA Petra	CZE	
roma-grand-prix-2022	Senior Women -67kg	SOLTERO Leslie	MEX	
roma-grand-prix-2022	Senior Women -67kg	FUREDI Rebeka	HUN	
roma-grand-prix-2022	Senior Women -67kg	YAGUSSEVICH Celine	GER	
roma-grand-prix-2022	Senior Women -67kg	TAMEZ Victoria	MEX	
roma-grand-prix-2022	Senior Women -67kg	TARVIDA Jolanta	LAT	
roma-grand-prix-2022	Senior Women -67kg	ILIESCO Nathalie	CAN	
roma-grand-prix-2022	Senior Women -67kg	ROTOLO Daniela	ITA	
roma-grand-prix-2022	Senior Women -67kg	IBO Koumba nanah-helene	CIV	
roma-grand-prix-2022	Senior Women -67kg	MITSOPOULOU Athanasia	GRE	
roma-grand-prix-2022	Senior Women -67kg	KRAAYEVELD Ashley	CAN	
roma-grand-prix-2022	Senior Women -67kg	MAGDALENO ALBIZU Jone	ESP	
roma-grand-prix-2022	Senior Women -67kg	JUHASZOVA Iveta	CZE	
roma-grand-prix-2022	Senior Women -67kg	GASPA Cristina	ITA	
roma-grand-prix-2022	Senior Women -67kg	KAYIR Ikra	TUR	
roma-grand-prix-2022	Senior Women -67kg	FAROUK Maisoun	EGY	
roma-grand-prix-2022	Senior Women -67kg	KOERNDL Vanessa	GER	
roma-grand-prix-2022	Senior Women +67kg	LEE Dabin	KOR	1
roma-grand-prix-2022	Senior Women +67kg	WEEKES Crystal	PUR	2
roma-grand-prix-2022	Senior Women +67kg	MCGOWAN Rebecca	GBR	3
roma-grand-prix-2022	Senior Women +67kg	SMIRAGLIA Maristella	ITA	3
roma-grand-prix-2022	Senior Women +67kg	OSIPOVA Svetlana	UZB	
roma-grand-prix-2022	Senior Women +67kg	BRANDL Lorena	GER	
roma-grand-prix-2022	Senior Women +67kg	MYEONG Mi-na	KOR	
roma-grand-prix-2022	Senior Women +67kg	CASTINEIRA ETCHEVERRIA Tania	ESP	
roma-grand-prix-2022	Senior Women +67kg	KOUTBI SABAH	MAR	
roma-grand-prix-2022	Senior Women +67kg	DENIZ Cansel	KAZ	
roma-grand-prix-2022	Senior Women +67kg	KOWALCZUK Aleksandra	POL	
roma-grand-prix-2022	Senior Women +67kg	ABO-ALRUB Rama	JOR	
roma-grand-prix-2022	Senior Women +67kg	COOK Bianca	GBR	
roma-grand-prix-2022	Senior Women +67kg	GORMAN-SHORE Madelynn	USA	
roma-grand-prix-2022	Senior Women +67kg	ABOUFARAS Fatima-ezzahra	MAR	
roma-grand-prix-2022	Senior Women +67kg	KUS AYDIN Nafia	TUR	
roma-grand-prix-2022	Senior Women +67kg	JAHL Marlene	AUT	
roma-grand-prix-2022	Senior Women +67kg	AVOULETTE Solene	FRA	
roma-grand-prix-2022	Senior Women +67kg	VIANA Alena	USA	
roma-grand-prix-2022	Senior Women +67kg	RESHMIE OOGINK	NED	
roma-grand-prix-2022	Senior Women +67kg	MORAN ROMERO Belen	ESP	
roma-grand-prix-2022	Senior Women +67kg	D'ANGELO Natalia	ITA	
roma-grand-prix-2022	Senior Women +67kg	HAUGEN Eliza frazier	NOR	
roma-grand-prix-2022	Senior Women +67kg	GIACOMINI Laura	ITA	
roma-grand-prix-2022	Senior Women +67kg	PETANJEK NIKA	CRO	
roma-grand-prix-2022	Senior Women +67kg	KORKUT Huri	TUR	
roma-grand-prix-2022	Senior Women +67kg	AZRAN Dana	ISR	
roma-grand-prix-2022	Senior Women +67kg	BATHILY Astan katherine feghe	CIV	
roma-grand-prix-2022	Senior Women +67kg	SIQUEIRA Gabriele	BRA	
paris-grand-prix-2022	Senior Men -58kg	RAVET Cyrian	FRA	1
paris-grand-prix-2022	Senior Men -58kg	JENDOUBI Mohamed khalil	TUN	2
paris-grand-prix-2022	Senior Men -58kg	VICENTE YUNTA Adrian	ESP	3
paris-grand-prix-2022	Senior Men -58kg	LEWIS Bailey	AUS	3
paris-grand-prix-2022	Senior Men -58kg	OCHOA Jefferson	COL	
paris-grand-prix-2022	Senior Men -58kg	JANG Jun	KOR	
paris-grand-prix-2022	Senior Men -58kg	ALTARYREH Mahmoud	JOR	
paris-grand-prix-2022	Senior Men -58kg	WOOLLEY Jack	IRL	
paris-grand-prix-2022	Senior Men -58kg	MELO Paulo	BRA	
paris-grand-prix-2022	Senior Men -58kg	ALVAREZ Melvy	USA	
paris-grand-prix-2022	Senior Men -58kg	PLAZA HERNANDEZ Brandon	MEX	
paris-grand-prix-2022	Senior Men -58kg	DAGDELEN Deniz	TUR	
paris-grand-prix-2022	Senior Men -58kg	ARILLO VAZQUEZ Hugo	ESP	
paris-grand-prix-2022	Senior Men -58kg	HYTTEL Tobias	DEN	
paris-grand-prix-2022	Senior Men -58kg	RODRIGUEZ Cesar	MEX	
paris-grand-prix-2022	Senior Men -58kg	POLAT Gorkem	TUR	
paris-grand-prix-2022	Senior Men -58kg	PARK Braven	CAN	
paris-grand-prix-2022	Senior Men -58kg	SAAL Rynald	FRA	
paris-grand-prix-2022	Senior Men -58kg	NAGAEV Dmitriy	ISR	
paris-grand-prix-2022	Senior Men -58kg	MOLLE Milan	NED	
paris-grand-prix-2022	Senior Men -58kg	SALIM Omar gergely	HUN	
paris-grand-prix-2022	Senior Men -58kg	RAPSOMANIKIS Dionysios	GRE	
paris-grand-prix-2022	Senior Men -58kg	HOEFLING Nicholas	CAN	
paris-grand-prix-2022	Senior Men -58kg	TESKERA Josip	CRO	
paris-grand-prix-2022	Senior Men -58kg	KONSTANTINIDIS Iordanis	GER	
paris-grand-prix-2022	Senior Men -58kg	KIM David	USA	
paris-grand-prix-2022	Senior Men -58kg	ALSAMIH Fahad samih n	KSA	
paris-grand-prix-2022	Senior Men -58kg	SALIM Sharif gergely	HUN	
paris-grand-prix-2022	Senior Men -68kg	PEREZ POLO Javier	ESP	1
paris-grand-prix-2022	Senior Men -68kg	KAREEM Zaid	JOR	2
paris-grand-prix-2022	Senior Men -68kg	SINDEN Bradly	GBR	3
paris-grand-prix-2022	Senior Men -68kg	LUCIEN Theo	FRA	3
paris-grand-prix-2022	Senior Men -68kg	GLASNOVIC Leon	CRO	
paris-grand-prix-2022	Senior Men -68kg	JOZSA Levente mark	HUN	
paris-grand-prix-2022	Senior Men -68kg	ALAPHILIPPE Souleyman	FRA	
paris-grand-prix-2022	Senior Men -68kg	CHELLAMOOTOO Dylan	FRA	
paris-grand-prix-2022	Senior Men -68kg	ALIAN Ali	SWE	
paris-grand-prix-2022	Senior Men -68kg	JIN Ho-jun	KOR	
paris-grand-prix-2022	Senior Men -68kg	PONTES Edival	BRA	
paris-grand-prix-2022	Senior Men -68kg	PIE Bernardo	DOM	
paris-grand-prix-2022	Senior Men -68kg	RECBER Hakan	TUR	
paris-grand-prix-2022	Senior Men -68kg	HARRIS Khalfani	USA	
paris-grand-prix-2022	Senior Men -68kg	KAVURAT Ferhat can	TUR	
paris-grand-prix-2022	Senior Men -68kg	ACHAB Jaouad	BEL	
paris-grand-prix-2022	Senior Men -68kg	JORQUERA CALA Joan	ESP	
paris-grand-prix-2022	Senior Men -68kg	MORALES Ignacio	CHI	
paris-grand-prix-2022	Senior Men -68kg	AFONCZENKO Thomas	AUS	
paris-grand-prix-2022	Senior Men -68kg	ALHALAWANI Zaid	JOR	
paris-grand-prix-2022	Senior Men -68kg	CHAMALIDIS Konstantinos	GRE	
paris-grand-prix-2022	Senior Men -68kg	NKOGHO MENGUE Hervan	CAN	
paris-grand-prix-2022	Senior Men -68kg	KRIVISHKIY Nimrod	ISR	
paris-grand-prix-2022	Senior Men -68kg	PAZ ROCHA David felipe	COL	
paris-grand-prix-2022	Senior Men -68kg	OZKAYA Imran	GER	
paris-grand-prix-2022	Senior Men -68kg	RAMOS Gabriel	BRA	
paris-grand-prix-2022	Senior Men -68kg	BAZARBAYEV Adilet	KAZ	
paris-grand-prix-2022	Senior Men -68kg	DREWLAU Eduard	GER	
paris-grand-prix-2022	Senior Men -68kg	NAVARRO Carlos	MEX	
paris-grand-prix-2022	Senior Men -80kg	ALESSIO Simone	ITA	1
paris-grand-prix-2022	Senior Men -80kg	ORDEMANN Richard andre	NOR	2
paris-grand-prix-2022	Senior Men -80kg	KATOUSSI Firas	TUN	3
paris-grand-prix-2022	Senior Men -80kg	NICKOLAS CJ	USA	3
paris-grand-prix-2022	Senior Men -80kg	ELSHARABATY Saleh	JOR	
paris-grand-prix-2022	Senior Men -80kg	EISSA Seif	EGY	
paris-grand-prix-2022	Senior Men -80kg	NAMGOONG Hwan	KOR	
paris-grand-prix-2022	Senior Men -80kg	QUESADA BARRERA Daniel	ESP	
paris-grand-prix-2022	Senior Men -80kg	FERREIRA Julio	POR	
paris-grand-prix-2022	Senior Men -80kg	TAKOV Stefan	SRB	
paris-grand-prix-2022	Senior Men -80kg	HERNANDEZ Moises	DOM	
paris-grand-prix-2022	Senior Men -80kg	ACHAB Badr	BEL	
paris-grand-prix-2022	Senior Men -80kg	PARK Woo hyeok	KOR	
paris-grand-prix-2022	Senior Men -80kg	GOLUBIC Marko	CRO	
paris-grand-prix-2022	Senior Men -80kg	KANAET Toni	CRO	
paris-grand-prix-2022	Senior Men -80kg	HUSIC Nedzad	BIH	
paris-grand-prix-2022	Senior Men -80kg	BOUZID SOUIHILI Ismael	FRA	
paris-grand-prix-2022	Senior Men -80kg	TELIKOSTOGLOU Apostolos	GRE	
paris-grand-prix-2022	Senior Men -80kg	RADOJKOVIC Aleksandar	AUT	
paris-grand-prix-2022	Senior Men -80kg	YILDIZ Muhammed emin	TUR	
paris-grand-prix-2022	Senior Men -80kg	MARTINEZ GARCIA Raul	ESP	
paris-grand-prix-2022	Senior Men -80kg	KARTAL Huseyin	TUR	
paris-grand-prix-2022	Senior Men -80kg	SEJRANOVIC Leon	AUS	
paris-grand-prix-2022	Senior Men -80kg	JERMAMI Mehdi	FRA	
paris-grand-prix-2022	Senior Men -80kg	CELIN Lyve-stone	FRA	
paris-grand-prix-2022	Senior Men -80kg	MYRZABAYEV Nurlan	KAZ	
paris-grand-prix-2022	Senior Men -80kg	STEWART Jordan	CAN	
paris-grand-prix-2022	Senior Men -80kg	LIZARRAGA Rene	MEX	
paris-grand-prix-2022	Senior Men -80kg	TREJOS Miguel Angel	COL	
paris-grand-prix-2022	Senior Men +80kg	ALBA Rafael	CUB	1
paris-grand-prix-2022	Senior Men +80kg	SAPINA Ivan	CRO	2
paris-grand-prix-2022	Senior Men +80kg	GARCIA MARTINEZ Ivan	ESP	3
paris-grand-prix-2022	Senior Men +80kg	CISSE Cheick sallah	CIV	3
paris-grand-prix-2022	Senior Men +80kg	SONG Zhaoxiang	CHN	
paris-grand-prix-2022	Senior Men +80kg	SIQUEIRA Maicon	BRA	
paris-grand-prix-2022	Senior Men +80kg	CUNNINGHAM Caden	GBR	
paris-grand-prix-2022	Senior Men +80kg	BOZIC Pasko	CRO	
paris-grand-prix-2022	Senior Men +80kg	KANG yeonho	KOR	
paris-grand-prix-2022	Senior Men +80kg	MARTINS SOARES Icaro miguel	BRA	
paris-grand-prix-2022	Senior Men +80kg	DUISEBAY Smaiyl	KAZ	
paris-grand-prix-2022	Senior Men +80kg	EL YAZIDI Omar	FRA	
paris-grand-prix-2022	Senior Men +80kg	GBANE Seydou	CIV	
paris-grand-prix-2022	Senior Men +80kg	BASSEL Ayoub	MAR	
paris-grand-prix-2022	Senior Men +80kg	HEALY Jonathan	USA	
paris-grand-prix-2022	Senior Men +80kg	ATESLI Emre kutalmis	TUR	
paris-grand-prix-2022	Senior Men +80kg	RAWY Ahmad	EGY	
paris-grand-prix-2022	Senior Men +80kg	BERGERON Marc andre	CAN	
paris-grand-prix-2022	Senior Men +80kg	ZHAPAROV Ruslan	KAZ	
paris-grand-prix-2022	Senior Men +80kg	BOTTA Roberto	ITA	
paris-grand-prix-2022	Senior Men +80kg	PILIPOVIC Milos	NOR	
paris-grand-prix-2022	Senior Men +80kg	BONDAR Vladyslav	UKR	
paris-grand-prix-2022	Senior Men +80kg	SANSORES Carlos	MEX	
paris-grand-prix-2022	Senior Men +80kg	TRAJKOVIC Ivan konrad	SLO	
paris-grand-prix-2022	Senior Men +80kg	N'DIAYE M'bar	FRA	
paris-grand-prix-2022	Senior Men +80kg	SALAZAR Bryan	MEX	
paris-grand-prix-2022	Senior Men +80kg	SEGEDIN Dinko	BIH	
paris-grand-prix-2022	Senior Men +80kg	DIVKOVIC Patrik	SLO	
paris-grand-prix-2022	Senior Men +80kg	LEE SEONGI	KOR	
paris-grand-prix-2022	Senior Men +80kg	BICER Enbiya taha	TUR	
paris-grand-prix-2022	Senior Women -49kg	WONGPATTANAKIT Panipak	THA	1
paris-grand-prix-2022	Senior Women -49kg	DINCEL KAVURAT Merve	TUR	2
paris-grand-prix-2022	Senior Women -49kg	KANG Bora	KOR	3
paris-grand-prix-2022	Senior Women -49kg	AYDIN KONSTANTINIDIS Ela	GER	3
paris-grand-prix-2022	Senior Women -49kg	STOJKOVIC Lena	CRO	
paris-grand-prix-2022	Senior Women -49kg	YILDIRIM Rukiye	TUR	
paris-grand-prix-2022	Senior Women -49kg	CEREZO IGLESIAS Adriana	ESP	
paris-grand-prix-2022	Senior Women -49kg	BOGDANOVIC Tijana	SRB	
paris-grand-prix-2022	Senior Women -49kg	TRANQUILLE Viviane	CAN	
paris-grand-prix-2022	Senior Women -49kg	GUO Qing	CHN	
paris-grand-prix-2022	Senior Women -49kg	REIS Talisca	BRA	
paris-grand-prix-2022	Senior Women -49kg	DUVANCIC Bruna	CRO	
paris-grand-prix-2022	Senior Women -49kg	EL BOUCHTI Oumaima	MAR	
paris-grand-prix-2022	Senior Women -49kg	ATESLI Supharada	GER	
paris-grand-prix-2022	Senior Women -49kg	SOUZA Daniela Paola	MEX	
paris-grand-prix-2022	Senior Women -49kg	MOORE Maddison	GBR	
paris-grand-prix-2022	Senior Women -49kg	TRUONG Thi kim tuyen	VIE	
paris-grand-prix-2022	Senior Women -49kg	ROMOLDANOVA Iryna	UKR	
paris-grand-prix-2022	Senior Women -49kg	ZRIHEN Michal	POR	
paris-grand-prix-2022	Senior Women -49kg	POURYOUNES LANGEROUDI Dina	TRT	
paris-grand-prix-2022	Senior Women -49kg	SAMY ELHOSSEINY Shahd	EGY	
paris-grand-prix-2022	Senior Women -49kg	SEMBERG Abishag	ISR	
paris-grand-prix-2022	Senior Women -49kg	BAYECH Rivka	ISR	
paris-grand-prix-2022	Senior Women -49kg	SIM JAEYOUNG	KOR	
paris-grand-prix-2022	Senior Women -49kg	RAMIREZ VARGAS Andrea	COL	
paris-grand-prix-2022	Senior Women -49kg	RABAB OUHADI	MAR	
paris-grand-prix-2022	Senior Women -49kg	COULIBALY Bouma ferimata	CIV	
paris-grand-prix-2022	Senior Women -49kg	SANTOS Valeria	BRA	
paris-grand-prix-2022	Senior Women -49kg	YONG Yvette Hui Hua	CAN	
paris-grand-prix-2022	Senior Women -49kg	KAMKASOUMPHOU Maysane	FRA	
paris-grand-prix-2022	Senior Women -49kg	REHANI Dalya	FRA	
paris-grand-prix-2022	Senior Women -57kg	LUO Zongshi	CHN	1
paris-grand-prix-2022	Senior Women -57kg	PARK Skylar	CAN	2
paris-grand-prix-2022	Senior Women -57kg	ZHOU Lijun	CHN	3
paris-grand-prix-2022	Senior Women -57kg	LAARAJ Nada	MAR	3
paris-grand-prix-2022	Senior Women -57kg	POWELL Aaliyah	GBR	
paris-grand-prix-2022	Senior Women -57kg	KIYANICHANDEH Nahid	IRI	
paris-grand-prix-2022	Senior Women -57kg	VILLEGAS Fabiola G	MEX	
paris-grand-prix-2022	Senior Women -57kg	ILGUN Hatice kubra	TUR	
paris-grand-prix-2022	Senior Women -57kg	TZELI Fani	GRE	
paris-grand-prix-2022	Senior Women -57kg	ZOLOTIC Anastasija	USA	
paris-grand-prix-2022	Senior Women -57kg	ASEMANI Raheleh	BEL	
paris-grand-prix-2022	Senior Women -57kg	LEE AHREUM	KOR	
paris-grand-prix-2022	Senior Women -57kg	LO Chia-ling	TPE	
paris-grand-prix-2022	Senior Women -57kg	MACEDO Sandy	BRA	
paris-grand-prix-2022	Senior Women -57kg	JONES Jade	GBR	
paris-grand-prix-2022	Senior Women -57kg	FROEMMING Anna-Lena	GER	
paris-grand-prix-2022	Senior Women -57kg	TVARONAVICIUTE Klaudija	LTU	
paris-grand-prix-2022	Senior Women -57kg	CARABIN Kanelya	FRA	
paris-grand-prix-2022	Senior Women -57kg	ADAMKIEWICZ Patrycja	POL	
paris-grand-prix-2022	Senior Women -57kg	FOLGMANN Madeline	GER	
paris-grand-prix-2022	Senior Women -57kg	PATAKFALVY Luca	HUN	
paris-grand-prix-2022	Senior Women -57kg	HARNSUJIN Phannapa	THA	
paris-grand-prix-2022	Senior Women -57kg	RADMILOVIC Aleksandra	SRB	
paris-grand-prix-2022	Senior Women -57kg	KALTEKI Faidra	GRE	
paris-grand-prix-2022	Senior Women -57kg	ORTIZ BENITO Arlet	ESP	
paris-grand-prix-2022	Senior Women -57kg	GREENWOOD Makayla	USA	
paris-grand-prix-2022	Senior Women -57kg	PEREZ PARRADO Alma maria	ESP	
paris-grand-prix-2022	Senior Women -57kg	SCHOENMAKERS Bodine	NED	
paris-grand-prix-2022	Senior Women -67kg	GBAGBI Ruth	CIV	1
paris-grand-prix-2022	Senior Women -67kg	NAM Min-seo	KOR	2
paris-grand-prix-2022	Senior Women -67kg	CHAARI Sarah	BEL	3
paris-grand-prix-2022	Senior Women -67kg	SOLTERO Leslie	MEX	3
paris-grand-prix-2022	Senior Women -67kg	WIET HENIN Magda	FRA	
paris-grand-prix-2022	Senior Women -67kg	AL-SADEQ Julyana	JOR	
paris-grand-prix-2022	Senior Women -67kg	KLEPAC Nika	CRO	
paris-grand-prix-2022	Senior Women -67kg	KIM Jan-di	KOR	
paris-grand-prix-2022	Senior Women -67kg	JELIC Matea	CRO	
paris-grand-prix-2022	Senior Women -67kg	KRAAYEVELD Ashley	CAN	
paris-grand-prix-2022	Senior Women -67kg	TARVIDA Jolanta	LAT	
paris-grand-prix-2022	Senior Women -67kg	MITSOPOULOU Athanasia	GRE	
paris-grand-prix-2022	Senior Women -67kg	KOERNDL Vanessa	GER	
paris-grand-prix-2022	Senior Women -67kg	ASASEH Kosar	IRI	
paris-grand-prix-2022	Senior Women -67kg	WILLIAMS Lauren	GBR	
paris-grand-prix-2022	Senior Women -67kg	ZHANG Mengyu	CHN	
paris-grand-prix-2022	Senior Women -67kg	KAYIR Ikra	TUR	
paris-grand-prix-2022	Senior Women -67kg	FUREDI Rebeka	HUN	
paris-grand-prix-2022	Senior Women -67kg	MAGDALENO ALBIZU Jone	ESP	
paris-grand-prix-2022	Senior Women -67kg	MOUEGA Urgence	GAB	
paris-grand-prix-2022	Senior Women -67kg	PERISIC Aleksandra	SRB	
paris-grand-prix-2022	Senior Women -67kg	SANTOS Caroline	BRA	
paris-grand-prix-2022	Senior Women -67kg	CASTRO BURGOS Cecilia	ESP	
paris-grand-prix-2022	Senior Women -67kg	PAGNOTTA Melissa	CAN	
paris-grand-prix-2022	Senior Women -67kg	JUHASZOVA Iveta	CZE	
paris-grand-prix-2022	Senior Women -67kg	STOLBOVA Petra	CZE	
paris-grand-prix-2022	Senior Women -67kg	BOZANIC Nadica	SRB	
paris-grand-prix-2022	Senior Women -67kg	VANDER-ZWALM Estelle	FRA	
paris-grand-prix-2022	Senior Women -67kg	TITONELI Milena	BRA	
paris-grand-prix-2022	Senior Women -67kg	SONG Jie	CHN	
paris-grand-prix-2022	Senior Women -67kg	ANYANACHO Elizabeth oluchi	NGR	
paris-grand-prix-2022	Senior Women +67kg	LEE Dabin	KOR	1
paris-grand-prix-2022	Senior Women +67kg	LAURIN Althea	FRA	2
paris-grand-prix-2022	Senior Women +67kg	KUS AYDIN Nafia	TUR	3
paris-grand-prix-2022	Senior Women +67kg	SIQUEIRA Gabriele	BRA	3
paris-grand-prix-2022	Senior Women +67kg	DENIZ Cansel	KAZ	
paris-grand-prix-2022	Senior Women +67kg	MCGOWAN Rebecca	GBR	
paris-grand-prix-2022	Senior Women +67kg	BRANDL Lorena	GER	
paris-grand-prix-2022	Senior Women +67kg	GLORIA Mosquera	COL	
paris-grand-prix-2022	Senior Women +67kg	KOWALCZUK Aleksandra	POL	
paris-grand-prix-2022	Senior Women +67kg	COOK Bianca	GBR	
paris-grand-prix-2022	Senior Women +67kg	WEEKES Crystal	PUR	
paris-grand-prix-2022	Senior Women +67kg	SCHNEIDER Yanna	GER	
paris-grand-prix-2022	Senior Women +67kg	CASTINEIRA ETCHEVERRIA Tania	ESP	
paris-grand-prix-2022	Senior Women +67kg	KHODABANDEH Akram	IRI	
paris-grand-prix-2022	Senior Women +67kg	AZRAN Dana	ISR	
paris-grand-prix-2022	Senior Women +67kg	SMIRAGLIA Maristella	ITA	
paris-grand-prix-2022	Senior Women +67kg	STEWART Reba	AUS	
paris-grand-prix-2022	Senior Women +67kg	UZUNCAVDAR Sude yaren	TUR	
paris-grand-prix-2022	Senior Women +67kg	AVOULETTE Solene	FRA	
paris-grand-prix-2022	Senior Women +67kg	MORAN ROMERO Belen	ESP	
paris-grand-prix-2022	Senior Women +67kg	GORMAN-SHORE Madelynn	USA	
paris-grand-prix-2022	Senior Women +67kg	BLE Marie-Paule	FRA	
paris-grand-prix-2022	Senior Women +67kg	JAHL Marlene	AUT	
paris-grand-prix-2022	Senior Women +67kg	BATHILY Astan katherine feghe	CIV	
paris-grand-prix-2022	Senior Women +67kg	PETANJEK NIKA	CRO	
paris-grand-prix-2022	Senior Women +67kg	ABO-ALRUB Rama	JOR	
paris-grand-prix-2022	Senior Women +67kg	RODRIGUEZ Katherine	DOM	
paris-grand-prix-2022	Senior Women +67kg	VIANA Alena	USA	
paris-grand-prix-2022	Senior Women +67kg	GAO Pan	CHN	
manchester-grand-prix-2022	Senior Men -58kg	PARK Tae-joon	KOR	1
manchester-grand-prix-2022	Senior Men -58kg	JENDOUBI Mohamed khalil	TUN	2
manchester-grand-prix-2022	Senior Men -58kg	WOOLLEY Jack	IRL	3
manchester-grand-prix-2022	Senior Men -58kg	DELL'AQUILA Vito	ITA	3
manchester-grand-prix-2022	Senior Men -58kg	YODRAK Thanakrit	THA	
manchester-grand-prix-2022	Senior Men -58kg	SALIM Omar gergely	HUN	
manchester-grand-prix-2022	Senior Men -58kg	RAVET Cyrian	FRA	
manchester-grand-prix-2022	Senior Men -58kg	VICENTE YUNTA Adrian	ESP	
manchester-grand-prix-2022	Senior Men -58kg	HOEFLING Nicholas	CAN	
manchester-grand-prix-2022	Senior Men -58kg	NOUR Mohammed	GBR	
manchester-grand-prix-2022	Senior Men -58kg	MELO Paulo	BRA	
manchester-grand-prix-2022	Senior Men -58kg	TESKERA Josip	CRO	
manchester-grand-prix-2022	Senior Men -58kg	SALIM Sharif gergely	HUN	
manchester-grand-prix-2022	Senior Men -58kg	POLAT Gorkem	TUR	
manchester-grand-prix-2022	Senior Men -58kg	DAGDELEN Deniz	TUR	
manchester-grand-prix-2022	Senior Men -58kg	BAE Jun-seo	KOR	
manchester-grand-prix-2022	Senior Men -58kg	ARILLO VAZQUEZ Hugo	ESP	
manchester-grand-prix-2022	Senior Men -58kg	LEWIS Bailey	AUS	
manchester-grand-prix-2022	Senior Men -58kg	RODRIGUEZ Cesar	MEX	
manchester-grand-prix-2022	Senior Men -58kg	ALVAREZ Melvy	USA	
manchester-grand-prix-2022	Senior Men -58kg	RAPSOMANIKIS Dionysios	GRE	
manchester-grand-prix-2022	Senior Men -58kg	PLAZA HERNANDEZ Brandon	MEX	
manchester-grand-prix-2022	Senior Men -58kg	SHARAKY Omar	EGY	
manchester-grand-prix-2022	Senior Men -58kg	MAGOMEDOV Gashim	AZE	
manchester-grand-prix-2022	Senior Men -58kg	MOLLE Milan	NED	
manchester-grand-prix-2022	Senior Men -68kg	JIN Ho-jun	KOR	1
manchester-grand-prix-2022	Senior Men -68kg	KAREEM Zaid	JOR	2
manchester-grand-prix-2022	Senior Men -68kg	HARRIS Khalfani	USA	3
manchester-grand-prix-2022	Senior Men -68kg	SINDEN Bradly	GBR	3
manchester-grand-prix-2022	Senior Men -68kg	JORQUERA CALA Joan	ESP	
manchester-grand-prix-2022	Senior Men -68kg	ALIAN Ali	SWE	
manchester-grand-prix-2022	Senior Men -68kg	KRIVISHKIY Nimrod	ISR	
manchester-grand-prix-2022	Senior Men -68kg	RECBER Hakan	TUR	
manchester-grand-prix-2022	Senior Men -68kg	NAVARRO Carlos	MEX	
manchester-grand-prix-2022	Senior Men -68kg	PEREZ POLO Javier	ESP	
manchester-grand-prix-2022	Senior Men -68kg	KAVURAT Ferhat can	TUR	
manchester-grand-prix-2022	Senior Men -68kg	SEO Kang-eun	KOR	
manchester-grand-prix-2022	Senior Men -68kg	ALHALAWANI Zaid	JOR	
manchester-grand-prix-2022	Senior Men -68kg	PONTES Edival	BRA	
manchester-grand-prix-2022	Senior Men -68kg	RAMOS Gabriel	BRA	
manchester-grand-prix-2022	Senior Men -68kg	LIN Wenye	CHN	
manchester-grand-prix-2022	Senior Men -68kg	LEO Speight	GBR	
manchester-grand-prix-2022	Senior Men -68kg	JOZSA Levente mark	HUN	
manchester-grand-prix-2022	Senior Men -68kg	ACHAB Jaouad	BEL	
manchester-grand-prix-2022	Senior Men -68kg	GLASNOVIC Leon	CRO	
manchester-grand-prix-2022	Senior Men -68kg	PIE Bernardo	DOM	
manchester-grand-prix-2022	Senior Men -68kg	CHAMALIDIS Konstantinos	GRE	
manchester-grand-prix-2022	Senior Men -68kg	NASSAR Ahmed	EGY	
manchester-grand-prix-2022	Senior Men -68kg	BARAKAT Eyad	EGY	
manchester-grand-prix-2022	Senior Men -68kg	LUCIEN Theo	FRA	
manchester-grand-prix-2022	Senior Men -68kg	OZKAYA Imran	GER	
manchester-grand-prix-2022	Senior Men -68kg	CHELLAMOOTOO Dylan	FRA	
manchester-grand-prix-2022	Senior Men -80kg	SEO Geon-woo	KOR	1
manchester-grand-prix-2022	Senior Men -80kg	ALESSIO Simone	ITA	2
manchester-grand-prix-2022	Senior Men -80kg	KATOUSSI Firas	TUN	3
manchester-grand-prix-2022	Senior Men -80kg	NAMGOONG Hwan	KOR	3
manchester-grand-prix-2022	Senior Men -80kg	ORDEMANN Richard andre	NOR	
manchester-grand-prix-2022	Senior Men -80kg	HUSIC Nedzad	BIH	
manchester-grand-prix-2022	Senior Men -80kg	ELSHARABATY Saleh	JOR	
manchester-grand-prix-2022	Senior Men -80kg	EISSA Seif	EGY	
manchester-grand-prix-2022	Senior Men -80kg	QUESADA BARRERA Daniel	ESP	
manchester-grand-prix-2022	Senior Men -80kg	TAKOV Stefan	SRB	
manchester-grand-prix-2022	Senior Men -80kg	PARK Woo hyeok	KOR	
manchester-grand-prix-2022	Senior Men -80kg	GOLUBIC Marko	CRO	
manchester-grand-prix-2022	Senior Men -80kg	HERNANDEZ Moises	DOM	
manchester-grand-prix-2022	Senior Men -80kg	ACHAB Badr	BEL	
manchester-grand-prix-2022	Senior Men -80kg	KANAET Toni	CRO	
manchester-grand-prix-2022	Senior Men -80kg	TELIKOSTOGLOU Apostolos	GRE	
manchester-grand-prix-2022	Senior Men -80kg	KARTAL Huseyin	TUR	
manchester-grand-prix-2022	Senior Men -80kg	JERMAMI Mehdi	FRA	
manchester-grand-prix-2022	Senior Men -80kg	FERREIRA Julio	POR	
manchester-grand-prix-2022	Senior Men -80kg	BOUZID SOUIHILI Ismael	FRA	
manchester-grand-prix-2022	Senior Men -80kg	STEWART Jordan	CAN	
manchester-grand-prix-2022	Senior Men -80kg	NICKOLAS CJ	USA	
manchester-grand-prix-2022	Senior Men -80kg	YILDIZ Muhammed emin	TUR	
manchester-grand-prix-2022	Senior Men -80kg	ROBLETO David	NCA	
manchester-grand-prix-2022	Senior Men -80kg	LIZARRAGA Rene	MEX	
manchester-grand-prix-2022	Senior Men -80kg	RADOJKOVIC Aleksandar	AUT	
manchester-grand-prix-2022	Senior Men -80kg	SAWADOGO Faysal	BUR	
manchester-grand-prix-2022	Senior Men -80kg	MARTINEZ GARCIA Raul	ESP	
manchester-grand-prix-2022	Senior Men +80kg	SIQUEIRA Maicon	BRA	1
manchester-grand-prix-2022	Senior Men +80kg	CUNNINGHAM Caden	GBR	2
manchester-grand-prix-2022	Senior Men +80kg	CISSE Cheick sallah	CIV	3
manchester-grand-prix-2022	Senior Men +80kg	ATESLI Emre kutalmis	TUR	3
manchester-grand-prix-2022	Senior Men +80kg	HEALY Jonathan	USA	
manchester-grand-prix-2022	Senior Men +80kg	MARTINS SOARES Icaro miguel	BRA	
manchester-grand-prix-2022	Senior Men +80kg	SANSORES Carlos	MEX	
manchester-grand-prix-2022	Senior Men +80kg	SALAZAR Bryan	MEX	
manchester-grand-prix-2022	Senior Men +80kg	SONG Zhaoxiang	CHN	
manchester-grand-prix-2022	Senior Men +80kg	ANN Alasan	GAM	
manchester-grand-prix-2022	Senior Men +80kg	RAWY Ahmad	EGY	
manchester-grand-prix-2022	Senior Men +80kg	KANG yeonho	KOR	
manchester-grand-prix-2022	Senior Men +80kg	BOZIC Pasko	CRO	
manchester-grand-prix-2022	Senior Men +80kg	BICER Enbiya taha	TUR	
manchester-grand-prix-2022	Senior Men +80kg	SAPINA Ivan	CRO	
manchester-grand-prix-2022	Senior Men +80kg	TRAJKOVIC Ivan konrad	SLO	
manchester-grand-prix-2022	Senior Men +80kg	GEORGIEVSKI Dejan	MKD	
manchester-grand-prix-2022	Senior Men +80kg	ZHAPAROV Ruslan	KAZ	
manchester-grand-prix-2022	Senior Men +80kg	BONDAR Vladyslav	UKR	
manchester-grand-prix-2022	Senior Men +80kg	BOTTA Roberto	ITA	
manchester-grand-prix-2022	Senior Men +80kg	ALBA Rafael	CUB	
manchester-grand-prix-2022	Senior Men +80kg	EL YAZIDI Omar	FRA	
manchester-grand-prix-2022	Senior Men +80kg	LEE Meng-en	TPE	
manchester-grand-prix-2022	Senior Men +80kg	SEGEDIN Dinko	BIH	
manchester-grand-prix-2022	Senior Men +80kg	DIVKOVIC Patrik	SLO	
manchester-grand-prix-2022	Senior Men +80kg	BASSEL Ayoub	MAR	
manchester-grand-prix-2022	Senior Men +80kg	GARCIA MARTINEZ Ivan	ESP	
manchester-grand-prix-2022	Senior Women -49kg	WONGPATTANAKIT Panipak	THA	1
manchester-grand-prix-2022	Senior Women -49kg	DINCEL KAVURAT Merve	TUR	2
manchester-grand-prix-2022	Senior Women -49kg	GUO Qing	CHN	3
manchester-grand-prix-2022	Senior Women -49kg	CEREZO IGLESIAS Adriana	ESP	3
manchester-grand-prix-2022	Senior Women -49kg	MOORE Maddison	GBR	
manchester-grand-prix-2022	Senior Women -49kg	SOUZA Daniela Paola	MEX	
manchester-grand-prix-2022	Senior Women -49kg	SEMBERG Abishag	ISR	
manchester-grand-prix-2022	Senior Women -49kg	STOJKOVIC Lena	CRO	
manchester-grand-prix-2022	Senior Women -49kg	ZRIHEN Michal	POR	
manchester-grand-prix-2022	Senior Women -49kg	EL BOUCHTI Oumaima	MAR	
manchester-grand-prix-2022	Senior Women -49kg	CATHERINE Makanjuola	GBR	
manchester-grand-prix-2022	Senior Women -49kg	YILDIRIM Rukiye	TUR	
manchester-grand-prix-2022	Senior Women -49kg	SIM JAEYOUNG	KOR	
manchester-grand-prix-2022	Senior Women -49kg	BOGDANOVIC Tijana	SRB	
manchester-grand-prix-2022	Senior Women -49kg	KANG Bora	KOR	
manchester-grand-prix-2022	Senior Women -49kg	SAMY ELHOSSEINY Shahd	EGY	
manchester-grand-prix-2022	Senior Women -49kg	BAYECH Rivka	ISR	
manchester-grand-prix-2022	Senior Women -49kg	SANCHO Laura	WT	
manchester-grand-prix-2022	Senior Women -49kg	LEE Ye-ji	KOR	
manchester-grand-prix-2022	Senior Women -49kg	KOUTTOUKI Kyriaki	CYP	
manchester-grand-prix-2022	Senior Women -49kg	YONG Yvette Hui Hua	CAN	
manchester-grand-prix-2022	Senior Women -49kg	TRANQUILLE Viviane	CAN	
manchester-grand-prix-2022	Senior Women -49kg	DUVANCIC Bruna	CRO	
manchester-grand-prix-2022	Senior Women -49kg	AYDIN KONSTANTINIDIS Ela	GER	
manchester-grand-prix-2022	Senior Women -49kg	CELIK Sueheda	GER	
manchester-grand-prix-2022	Senior Women -49kg	REIS Talisca	BRA	
manchester-grand-prix-2022	Senior Women -49kg	TRUONG Thi kim tuyen	VIE	
manchester-grand-prix-2022	Senior Women -49kg	SANTOS Valeria	BRA	
manchester-grand-prix-2022	Senior Women -57kg	LUO Zongshi	CHN	1
manchester-grand-prix-2022	Senior Women -57kg	JONES Jade	GBR	2
manchester-grand-prix-2022	Senior Women -57kg	ILGUN Hatice kubra	TUR	3
manchester-grand-prix-2022	Senior Women -57kg	ZOLOTIC Anastasija	USA	3
manchester-grand-prix-2022	Senior Women -57kg	ADAMKIEWICZ Patrycja	POL	
manchester-grand-prix-2022	Senior Women -57kg	LEE AHREUM	KOR	
manchester-grand-prix-2022	Senior Women -57kg	LO Chia-ling	TPE	
manchester-grand-prix-2022	Senior Women -57kg	POWELL Aaliyah	GBR	
manchester-grand-prix-2022	Senior Women -57kg	AOUN Laetitia	LBN	
manchester-grand-prix-2022	Senior Women -57kg	ASEMANI Raheleh	BEL	
manchester-grand-prix-2022	Senior Women -57kg	KALTEKI Faidra	GRE	
manchester-grand-prix-2022	Senior Women -57kg	TVARONAVICIUTE Klaudija	LTU	
manchester-grand-prix-2022	Senior Women -57kg	PEREZ PARRADO Alma maria	ESP	
manchester-grand-prix-2022	Senior Women -57kg	PARK Skylar	CAN	
manchester-grand-prix-2022	Senior Women -57kg	FROEMMING Anna-Lena	GER	
manchester-grand-prix-2022	Senior Women -57kg	LAARAJ Nada	MAR	
manchester-grand-prix-2022	Senior Women -57kg	KIM Yu-jin	KOR	
manchester-grand-prix-2022	Senior Women -57kg	VILLEGAS Fabiola G	MEX	
manchester-grand-prix-2022	Senior Women -57kg	TARVIDA Inese	LAT	
manchester-grand-prix-2022	Senior Women -57kg	ZHOU Lijun	CHN	
manchester-grand-prix-2022	Senior Women -57kg	SU Po-ya	TPE	
manchester-grand-prix-2022	Senior Women -57kg	DILLON Faith	USA	
manchester-grand-prix-2022	Senior Women -57kg	SCHOENMAKERS Bodine	NED	
manchester-grand-prix-2022	Senior Women -57kg	CHANG Jui-en	TPE	
manchester-grand-prix-2022	Senior Women -57kg	MCKEW Jodie	GBR	
manchester-grand-prix-2022	Senior Women -57kg	CHEN Lin	CHN	
manchester-grand-prix-2022	Senior Women -57kg	DUVANCIC IVANA	CRO	
manchester-grand-prix-2022	Senior Women -57kg	TZELI Fani	GRE	
manchester-grand-prix-2022	Senior Women -57kg	AL HALWANI Giada	ITA	
manchester-grand-prix-2022	Senior Women -57kg	CALVO GOMEZ Marta	ESP	
manchester-grand-prix-2022	Senior Women -57kg	MACEDO Sandy	BRA	
manchester-grand-prix-2022	Senior Women -67kg	WIET HENIN Magda	FRA	1
manchester-grand-prix-2022	Senior Women -67kg	PERISIC Aleksandra	SRB	2
manchester-grand-prix-2022	Senior Women -67kg	STOLBOVA Petra	CZE	3
manchester-grand-prix-2022	Senior Women -67kg	WILLIAMS Lauren	GBR	3
manchester-grand-prix-2022	Senior Women -67kg	SANTOS Caroline	BRA	
manchester-grand-prix-2022	Senior Women -67kg	ZHOU Zeqi	CHN	
manchester-grand-prix-2022	Senior Women -67kg	CHAARI Sarah	BEL	
manchester-grand-prix-2022	Senior Women -67kg	KIM Jan-di	KOR	
manchester-grand-prix-2022	Senior Women -67kg	ZHANG Mengyu	CHN	
manchester-grand-prix-2022	Senior Women -67kg	VULETIC Bruna	CRO	
manchester-grand-prix-2022	Senior Women -67kg	KWAK Min-ju	KOR	
manchester-grand-prix-2022	Senior Women -67kg	PAGNOTTA Melissa	CAN	
manchester-grand-prix-2022	Senior Women -67kg	AL-SADEQ Julyana	JOR	
manchester-grand-prix-2022	Senior Women -67kg	KRAAYEVELD Ashley	CAN	
manchester-grand-prix-2022	Senior Women -67kg	TITONELI Milena	BRA	
manchester-grand-prix-2022	Senior Women -67kg	CASTRO BURGOS Cecilia	ESP	
manchester-grand-prix-2022	Senior Women -67kg	SOLTERO Leslie	MEX	
manchester-grand-prix-2022	Senior Women -67kg	MITSOPOULOU Athanasia	GRE	
manchester-grand-prix-2022	Senior Women -67kg	SHEHATA Aya	EGY	
manchester-grand-prix-2022	Senior Women -67kg	BOZANIC Nadica	SRB	
manchester-grand-prix-2022	Senior Women -67kg	FAROUK Maisoun	EGY	
manchester-grand-prix-2022	Senior Women -67kg	JUHASZOVA Iveta	CZE	
manchester-grand-prix-2022	Senior Women -67kg	TARVIDA Jolanta	LAT	
manchester-grand-prix-2022	Senior Women -67kg	MAGDALENO ALBIZU Jone	ESP	
manchester-grand-prix-2022	Senior Women -67kg	KOERNDL Vanessa	GER	
manchester-grand-prix-2022	Senior Women -67kg	ROBERTS Chloe	GBR	
manchester-grand-prix-2022	Senior Women +67kg	BRANDL Lorena	GER	1
manchester-grand-prix-2022	Senior Women +67kg	LAURIN Althea	FRA	2
manchester-grand-prix-2022	Senior Women +67kg	XU Lei	CHN	3
manchester-grand-prix-2022	Senior Women +67kg	KOWALCZUK Aleksandra	POL	3
manchester-grand-prix-2022	Senior Women +67kg	WEEKES Crystal	PUR	
manchester-grand-prix-2022	Senior Women +67kg	KECK Hannah	USA	
manchester-grand-prix-2022	Senior Women +67kg	KUS AYDIN Nafia	TUR	
manchester-grand-prix-2022	Senior Women +67kg	COOK Bianca	GBR	
manchester-grand-prix-2022	Senior Women +67kg	SMIRAGLIA Maristella	ITA	
manchester-grand-prix-2022	Senior Women +67kg	MCGOWAN Rebecca	GBR	
manchester-grand-prix-2022	Senior Women +67kg	RESHMIE OOGINK	NED	
manchester-grand-prix-2022	Senior Women +67kg	AZRAN Dana	ISR	
manchester-grand-prix-2022	Senior Women +67kg	UZUNCAVDAR Sude yaren	TUR	
manchester-grand-prix-2022	Senior Women +67kg	DENIZ Cansel	KAZ	
manchester-grand-prix-2022	Senior Women +67kg	GORMAN-SHORE Madelynn	USA	
manchester-grand-prix-2022	Senior Women +67kg	STEWART Reba	AUS	
manchester-grand-prix-2022	Senior Women +67kg	MESIC Nikolina	CRO	
manchester-grand-prix-2022	Senior Women +67kg	CASTINEIRA ETCHEVERRIA Tania	ESP	
manchester-grand-prix-2022	Senior Women +67kg	ABO-ALRUB Rama	JOR	
manchester-grand-prix-2022	Senior Women +67kg	MORAN ROMERO Belen	ESP	
manchester-grand-prix-2022	Senior Women +67kg	WANG Huan	CHN	
manchester-grand-prix-2022	Senior Women +67kg	SCHNEIDER Yanna	GER	
manchester-grand-prix-2022	Senior Women +67kg	JAHL Marlene	AUT	
manchester-grand-prix-2022	Senior Women +67kg	AVOULETTE Solene	FRA	
manchester-grand-prix-2022	Senior Women +67kg	SIQUEIRA Gabriele	BRA	
manchester-grand-prix-2022	Senior Women +67kg	CURTIS Morgan	GBR	
manchester-grand-prix-2022	Senior Women +67kg	RODRIGUEZ Katherine	DOM	
manchester-grand-prix-2022	Senior Women +67kg	HAREMZA Dagmara	POL	
riyadh-grand-prix-final-2022	Senior Men -58kg	JANG Jun	KOR	1
riyadh-grand-prix-final-2022	Senior Men -58kg	JENDOUBI Mohamed khalil	TUN	2
riyadh-grand-prix-final-2022	Senior Men -58kg	RAVET Cyrian	FRA	3
riyadh-grand-prix-final-2022	Senior Men -58kg	DELL'AQUILA Vito	ITA	
riyadh-grand-prix-final-2022	Senior Men -58kg	PLAZA HERNANDEZ Brandon	MEX	
riyadh-grand-prix-final-2022	Senior Men -58kg	PARK Tae-joon	KOR	
riyadh-grand-prix-final-2022	Senior Men -58kg	WOOLLEY Jack	IRL	
riyadh-grand-prix-final-2022	Senior Men -58kg	VICENTE YUNTA Adrian	ESP	
riyadh-grand-prix-final-2022	Senior Men -58kg	AMADOU Mahamadou	NIG	
riyadh-grand-prix-final-2022	Senior Men -58kg	ALVAREZ Melvy	USA	
riyadh-grand-prix-final-2022	Senior Men -58kg	HOEFLING Nicholas	CAN	
riyadh-grand-prix-final-2022	Senior Men -58kg	RAPSOMANIKIS Dionysios	GRE	
riyadh-grand-prix-final-2022	Senior Men -58kg	MELO Paulo	BRA	
riyadh-grand-prix-final-2022	Senior Men -58kg	ALSAMIH Fahad samih n	KSA	
riyadh-grand-prix-final-2022	Senior Men -58kg	POLAT Gorkem	TUR	
riyadh-grand-prix-final-2022	Senior Men -58kg	SALIM Omar gergely	HUN	
riyadh-grand-prix-final-2022	Senior Men -68kg	KAREEM Zaid	JOR	1
riyadh-grand-prix-final-2022	Senior Men -68kg	RASHITOV Ulugbek	UZB	2
riyadh-grand-prix-final-2022	Senior Men -68kg	RECBER Hakan	TUR	3
riyadh-grand-prix-final-2022	Senior Men -68kg	SINDEN Bradly	GBR	
riyadh-grand-prix-final-2022	Senior Men -68kg	ALIAN Ali	SWE	
riyadh-grand-prix-final-2022	Senior Men -68kg	JIN Ho-jun	KOR	
riyadh-grand-prix-final-2022	Senior Men -68kg	ALHALAWANI Zaid	JOR	
riyadh-grand-prix-final-2022	Senior Men -68kg	PEREZ POLO Javier	ESP	
riyadh-grand-prix-final-2022	Senior Men -68kg	JORQUERA CALA Joan	ESP	
riyadh-grand-prix-final-2022	Senior Men -68kg	AGHAYEV Javad	AZE	
riyadh-grand-prix-final-2022	Senior Men -68kg	ACHAB Jaouad	BEL	
riyadh-grand-prix-final-2022	Senior Men -68kg	GLASNOVIC Leon	CRO	
riyadh-grand-prix-final-2022	Senior Men -68kg	KRIVISHKIY Nimrod	ISR	
riyadh-grand-prix-final-2022	Senior Men -68kg	PONTES Edival	BRA	
riyadh-grand-prix-final-2022	Senior Men -80kg	ALESSIO Simone	ITA	1
riyadh-grand-prix-final-2022	Senior Men -80kg	SEO Geon-woo	KOR	2
riyadh-grand-prix-final-2022	Senior Men -80kg	EISSA Seif	EGY	3
riyadh-grand-prix-final-2022	Senior Men -80kg	NICKOLAS CJ	USA	
riyadh-grand-prix-final-2022	Senior Men -80kg	QUESADA BARRERA Daniel	ESP	
riyadh-grand-prix-final-2022	Senior Men -80kg	RAFALOVICH Nikita	UZB	
riyadh-grand-prix-final-2022	Senior Men -80kg	ORDEMANN Richard andre	NOR	
riyadh-grand-prix-final-2022	Senior Men -80kg	KATOUSSI Firas	TUN	
riyadh-grand-prix-final-2022	Senior Men -80kg	ALKHAIBARI Ali mabruk s	KSA	
riyadh-grand-prix-final-2022	Senior Men -80kg	TAKOV Stefan	SRB	
riyadh-grand-prix-final-2022	Senior Men -80kg	MARTINEZ GARCIA Raul	ESP	
riyadh-grand-prix-final-2022	Senior Men -80kg	SALAEV Shukhrat	UZB	
riyadh-grand-prix-final-2022	Senior Men -80kg	HUSIC Nedzad	BIH	
riyadh-grand-prix-final-2022	Senior Men -80kg	TELIKOSTOGLOU Apostolos	GRE	
riyadh-grand-prix-final-2022	Senior Men -80kg	ELSHARABATY Saleh	JOR	
riyadh-grand-prix-final-2022	Senior Men -80kg	SEJRANOVIC Leon	AUS	
riyadh-grand-prix-final-2022	Senior Men +80kg	CISSE Cheick sallah	CIV	1
riyadh-grand-prix-final-2022	Senior Men +80kg	SANSORES Carlos	MEX	2
riyadh-grand-prix-final-2022	Senior Men +80kg	GEORGIEVSKI Dejan	MKD	3
riyadh-grand-prix-final-2022	Senior Men +80kg	DUISEBAY Smaiyl	KAZ	
riyadh-grand-prix-final-2022	Senior Men +80kg	BASSEL Ayoub	MAR	
riyadh-grand-prix-final-2022	Senior Men +80kg	MARTINS SOARES Icaro miguel	BRA	
riyadh-grand-prix-final-2022	Senior Men +80kg	SAPINA Ivan	CRO	
riyadh-grand-prix-final-2022	Senior Men +80kg	BOTTA Roberto	ITA	
riyadh-grand-prix-final-2022	Senior Men +80kg	ALMUWALLAD Ahmad	KSA	
riyadh-grand-prix-final-2022	Senior Men +80kg	SALAZAR Bryan	MEX	
riyadh-grand-prix-final-2022	Senior Men +80kg	MARDANI Sajjad	IRI	
riyadh-grand-prix-final-2022	Senior Men +80kg	GARCIA MARTINEZ Ivan	ESP	
riyadh-grand-prix-final-2022	Senior Men +80kg	RAWY Ahmad	EGY	
riyadh-grand-prix-final-2022	Senior Men +80kg	SIQUEIRA Maicon	BRA	
riyadh-grand-prix-final-2022	Senior Men +80kg	HEALY Jonathan	USA	
riyadh-grand-prix-final-2022	Senior Men +80kg	ATESLI Emre kutalmis	TUR	
riyadh-grand-prix-final-2022	Senior Women -49kg	WONGPATTANAKIT Panipak	THA	1
riyadh-grand-prix-final-2022	Senior Women -49kg	DINCEL KAVURAT Merve	TUR	2
riyadh-grand-prix-final-2022	Senior Women -49kg	CEREZO IGLESIAS Adriana	ESP	3
riyadh-grand-prix-final-2022	Senior Women -49kg	SOUZA Daniela Paola	MEX	
riyadh-grand-prix-final-2022	Senior Women -49kg	RAMIREZ VARGAS Andrea	COL	
riyadh-grand-prix-final-2022	Senior Women -49kg	SEMBERG Abishag	ISR	
riyadh-grand-prix-final-2022	Senior Women -49kg	AYDIN KONSTANTINIDIS Ela	GER	
riyadh-grand-prix-final-2022	Senior Women -49kg	EL BOUCHTI Oumaima	MAR	
riyadh-grand-prix-final-2022	Senior Women -49kg	ALSHARIF Taiba khalid y	KSA	
riyadh-grand-prix-final-2022	Senior Women -49kg	YILDIRIM Rukiye	TUR	
riyadh-grand-prix-final-2022	Senior Women -49kg	NEMATZADEH Mobina	IRI	
riyadh-grand-prix-final-2022	Senior Women -49kg	BOGDANOVIC Tijana	SRB	
riyadh-grand-prix-final-2022	Senior Women -49kg	DUVANCIC Bruna	CRO	
riyadh-grand-prix-final-2022	Senior Women -49kg	STOJKOVIC Lena	CRO	
riyadh-grand-prix-final-2022	Senior Women -49kg	KANG Mi-reu	KOR	
riyadh-grand-prix-final-2022	Senior Women -57kg	LUO Zongshi	CHN	1
riyadh-grand-prix-final-2022	Senior Women -57kg	ILGUN Hatice kubra	TUR	2
riyadh-grand-prix-final-2022	Senior Women -57kg	PARK Skylar	CAN	3
riyadh-grand-prix-final-2022	Senior Women -57kg	LAARAJ Nada	MAR	
riyadh-grand-prix-final-2022	Senior Women -57kg	ADAMKIEWICZ Patrycja	POL	
riyadh-grand-prix-final-2022	Senior Women -57kg	JONES Jade	GBR	
riyadh-grand-prix-final-2022	Senior Women -57kg	LEE AHREUM	KOR	
riyadh-grand-prix-final-2022	Senior Women -57kg	VILLEGAS Fabiola G	MEX	
riyadh-grand-prix-final-2022	Senior Women -57kg	ASEMANI Raheleh	BEL	
riyadh-grand-prix-final-2022	Senior Women -57kg	ALSALAH Fatimah	KSA	
riyadh-grand-prix-final-2022	Senior Women -57kg	PEREZ PARRADO Alma maria	ESP	
riyadh-grand-prix-final-2022	Senior Women -57kg	FROEMMING Anna-Lena	GER	
riyadh-grand-prix-final-2022	Senior Women -67kg	AL-SADEQ Julyana	JOR	1
riyadh-grand-prix-final-2022	Senior Women -67kg	ZHANG Mengyu	CHN	2
riyadh-grand-prix-final-2022	Senior Women -67kg	WIET HENIN Magda	FRA	3
riyadh-grand-prix-final-2022	Senior Women -67kg	GBAGBI Ruth	CIV	
riyadh-grand-prix-final-2022	Senior Women -67kg	TITONELI Milena	BRA	
riyadh-grand-prix-final-2022	Senior Women -67kg	CASTRO BURGOS Cecilia	ESP	
riyadh-grand-prix-final-2022	Senior Women -67kg	STOLBOVA Petra	CZE	
riyadh-grand-prix-final-2022	Senior Women -67kg	KOERNDL Vanessa	GER	
riyadh-grand-prix-final-2022	Senior Women -67kg	WILLIAMS Lauren	GBR	
riyadh-grand-prix-final-2022	Senior Women -67kg	MAGDALENO ALBIZU Jone	ESP	
riyadh-grand-prix-final-2022	Senior Women -67kg	BOZANIC Nadica	SRB	
riyadh-grand-prix-final-2022	Senior Women -67kg	KRAAYEVELD Ashley	CAN	
riyadh-grand-prix-final-2022	Senior Women -67kg	PERISIC Aleksandra	SRB	
riyadh-grand-prix-final-2022	Senior Women -67kg	ALSHAMMARI Mays Matar Abdulhadi	KSA	
riyadh-grand-prix-final-2022	Senior Women -67kg	SANTOS Caroline	BRA	
riyadh-grand-prix-final-2022	Senior Women -67kg	CHAARI Sarah	BEL	
riyadh-grand-prix-final-2022	Senior Women +67kg	UZUNCAVDAR Sude yaren	TUR	1
riyadh-grand-prix-final-2022	Senior Women +67kg	COOK Bianca	GBR	2
riyadh-grand-prix-final-2022	Senior Women +67kg	KUS AYDIN Nafia	TUR	3
riyadh-grand-prix-final-2022	Senior Women +67kg	AVOULETTE Solene	FRA	
riyadh-grand-prix-final-2022	Senior Women +67kg	JAHL Marlene	AUT	
riyadh-grand-prix-final-2022	Senior Women +67kg	MCGOWAN Rebecca	GBR	
riyadh-grand-prix-final-2022	Senior Women +67kg	LAURIN Althea	FRA	
riyadh-grand-prix-final-2022	Senior Women +67kg	BRANDL Lorena	GER	
riyadh-grand-prix-final-2022	Senior Women +67kg	KOWALCZUK Aleksandra	POL	
riyadh-grand-prix-final-2022	Senior Women +67kg	DENIZ Cansel	KAZ	
riyadh-grand-prix-final-2022	Senior Women +67kg	OSIPOVA Svetlana	UZB	
riyadh-grand-prix-final-2022	Senior Women +67kg	LEE Dabin	KOR	
riyadh-grand-prix-final-2022	Senior Women +67kg	SIQUEIRA Gabriele	BRA	
riyadh-grand-prix-final-2022	Senior Women +67kg	GORMAN-SHORE Madelynn	USA	
riyadh-grand-prix-final-2022	Senior Women +67kg	CASTINEIRA ETCHEVERRIA Tania	ESP	
roma-grand-prix-2023	Senior Men -58kg	VICENTE YUNTA Adrian	ESP	1
roma-grand-prix-2023	Senior Men -58kg	HAJIMOUSAEI Mahdi	IRI	2
roma-grand-prix-2023	Senior Men -58kg	ZANDI Abolfazl	IRI	3
roma-grand-prix-2023	Senior Men -58kg	JANG Jun	KOR	3
roma-grand-prix-2023	Senior Men -58kg	ARILLO VAZQUEZ Hugo	ESP	
roma-grand-prix-2023	Senior Men -58kg	SALIM Omar gergely	HUN	
roma-grand-prix-2023	Senior Men -58kg	BAE Jun-seo	KOR	
roma-grand-prix-2023	Senior Men -58kg	LEWIS Bailey	AUS	
roma-grand-prix-2023	Senior Men -58kg	HYTTEL Tobias	DEN	
roma-grand-prix-2023	Senior Men -58kg	RAPSOMANIKIS Dionysios	GRE	
roma-grand-prix-2023	Senior Men -58kg	FOTI Giuseppe	ITA	
roma-grand-prix-2023	Senior Men -58kg	WOOLLEY Jack	IRL	
roma-grand-prix-2023	Senior Men -58kg	RAVET Cyrian	FRA	
roma-grand-prix-2023	Senior Men -58kg	DIMITROPOULOS Konstantinos	GRE	
roma-grand-prix-2023	Senior Men -58kg	PARK Braven	CAN	
roma-grand-prix-2023	Senior Men -58kg	NOUR Mohammed	GBR	
roma-grand-prix-2023	Senior Men -58kg	RODRIGUEZ Cesar	MEX	
roma-grand-prix-2023	Senior Men -58kg	DIAKITE Issa	CIV	
roma-grand-prix-2023	Senior Men -58kg	HOEFLING Nicholas	CAN	
roma-grand-prix-2023	Senior Men -58kg	MELO Paulo	BRA	
roma-grand-prix-2023	Senior Men -58kg	POLAT Gorkem	TUR	
roma-grand-prix-2023	Senior Men -58kg	GUZMAN Lucas	ARG	
roma-grand-prix-2023	Senior Men -58kg	SALIM Sharif gergely	HUN	
roma-grand-prix-2023	Senior Men -58kg	ALSAMIH Fahad samih n	KSA	
roma-grand-prix-2023	Senior Men -58kg	ALVAREZ Melvy	USA	
roma-grand-prix-2023	Senior Men -58kg	TESKERA Josip	CRO	
roma-grand-prix-2023	Senior Men -58kg	PLAZA HERNANDEZ Brandon	MEX	
roma-grand-prix-2023	Senior Men -68kg	RASHITOV Ulugbek	UZB	1
roma-grand-prix-2023	Senior Men -68kg	JOZSA Levente mark	HUN	2
roma-grand-prix-2023	Senior Men -68kg	GOLUBIC Marko	CRO	3
roma-grand-prix-2023	Senior Men -68kg	CHAMALIDIS Konstantinos	GRE	3
roma-grand-prix-2023	Senior Men -68kg	RECBER Hakan	TUR	
roma-grand-prix-2023	Senior Men -68kg	LIANG Yushuai	CHN	
roma-grand-prix-2023	Senior Men -68kg	KAREEM Zaid	JOR	
roma-grand-prix-2023	Senior Men -68kg	BARETTA Dennis	ITA	
roma-grand-prix-2023	Senior Men -68kg	KWON Doyun	KOR	
roma-grand-prix-2023	Senior Men -68kg	PEREZ POLO Javier	ESP	
roma-grand-prix-2023	Senior Men -68kg	ALAPHILIPPE Souleyman	FRA	
roma-grand-prix-2023	Senior Men -68kg	PARK Tae ku	CAN	
roma-grand-prix-2023	Senior Men -68kg	REZAEI Matin	IRI	
roma-grand-prix-2023	Senior Men -68kg	LUCIEN Theo	FRA	
roma-grand-prix-2023	Senior Men -68kg	SINDEN Bradly	GBR	
roma-grand-prix-2023	Senior Men -68kg	KAVURAT Ferhat can	TUR	
roma-grand-prix-2023	Senior Men -68kg	DZHORDZHEV Mitko	BUL	
roma-grand-prix-2023	Senior Men -68kg	JØRGENSEN Otto	DEN	
roma-grand-prix-2023	Senior Men -68kg	ALIAN Ali	SWE	
roma-grand-prix-2023	Senior Men -68kg	MORALES Ignacio	CHI	
roma-grand-prix-2023	Senior Men -68kg	ACHAB Jaouad	BEL	
roma-grand-prix-2023	Senior Men -68kg	JIN Ho-jun	KOR	
roma-grand-prix-2023	Senior Men -68kg	KONSTANTINIDIS Iordanis	GER	
roma-grand-prix-2023	Senior Men -68kg	SAIDI Faical	MAR	
roma-grand-prix-2023	Senior Men -68kg	ALHALAWANI Zaid	JOR	
roma-grand-prix-2023	Senior Men -68kg	HARRIS Khalfani	USA	
roma-grand-prix-2023	Senior Men -68kg	PONTES Edival	BRA	
roma-grand-prix-2023	Senior Men -68kg	RAMOS Gabriel	BRA	
roma-grand-prix-2023	Senior Men -68kg	JORQUERA CALA Joan	ESP	
roma-grand-prix-2023	Senior Men -68kg	OZKAYA Imran	GER	
roma-grand-prix-2023	Senior Men -68kg	WASFI Abdelbasset	MAR	
roma-grand-prix-2023	Senior Men -80kg	ELSHARABATY Saleh	JOR	1
roma-grand-prix-2023	Senior Men -80kg	BARKHORDARI Mehran	IRI	2
roma-grand-prix-2023	Senior Men -80kg	ORDEMANN Richard andre	NOR	3
roma-grand-prix-2023	Senior Men -80kg	SEO Geon-woo	KOR	3
roma-grand-prix-2023	Senior Men -80kg	SAWADOGO Faysal	BUR	
roma-grand-prix-2023	Senior Men -80kg	ALESSIO Simone	ITA	
roma-grand-prix-2023	Senior Men -80kg	RODRIGUES FERNANDES Henrique marques	BRA	
roma-grand-prix-2023	Senior Men -80kg	JAYSUNOV Jasurbek	UZB	
roma-grand-prix-2023	Senior Men -80kg	SEJRANOVIC Leon	AUS	
roma-grand-prix-2023	Senior Men -80kg	HUSIC Nedzad	BIH	
roma-grand-prix-2023	Senior Men -80kg	EISSA Seif	EGY	
roma-grand-prix-2023	Senior Men -80kg	TELIKOSTOGLOU Apostolos	GRE	
roma-grand-prix-2023	Senior Men -80kg	KATOUSSI Firas	TUN	
roma-grand-prix-2023	Senior Men -80kg	SALAEV Shukhrat	UZB	
roma-grand-prix-2023	Senior Men -80kg	BOUZID SOUIHILI Ismael	FRA	
roma-grand-prix-2023	Senior Men -80kg	PARK Woo hyeok	KOR	
roma-grand-prix-2023	Senior Men -80kg	BAKHSHI Amir Mohammad	IRI	
roma-grand-prix-2023	Senior Men -80kg	ROBLETO David	NCA	
roma-grand-prix-2023	Senior Men -80kg	GERRONE Antonio	ITA	
roma-grand-prix-2023	Senior Men -80kg	TAKOV Stefan	SRB	
roma-grand-prix-2023	Senior Men -80kg	YILDIZ Muhammed emin	TUR	
roma-grand-prix-2023	Senior Men -80kg	ACHAB Badr	BEL	
roma-grand-prix-2023	Senior Men -80kg	QUESADA BARRERA Daniel	ESP	
roma-grand-prix-2023	Senior Men -80kg	STEWART Jordan	CAN	
roma-grand-prix-2023	Senior Men -80kg	SALAZAR Bryan	MEX	
roma-grand-prix-2023	Senior Men -80kg	KARTAL Huseyin	TUR	
roma-grand-prix-2023	Senior Men -80kg	CHURCHILL MARTINEZ Joaquin	CHI	
roma-grand-prix-2023	Senior Men -80kg	NICKOLAS CJ	USA	
roma-grand-prix-2023	Senior Men -80kg	CINTADO ARTECHE Jon	ESP	
roma-grand-prix-2023	Senior Men -80kg	KOSTENEVYCH Kostiantyn	UKR	
roma-grand-prix-2023	Senior Men -80kg	RADOJKOVIC Aleksandar	AUT	
roma-grand-prix-2023	Senior Men -80kg	RODRIGUEZ Michael c	USA	
roma-grand-prix-2023	Senior Men +80kg	CUNNINGHAM Caden	GBR	1
roma-grand-prix-2023	Senior Men +80kg	RAFALOVICH Nikita	UZB	2
roma-grand-prix-2023	Senior Men +80kg	SONG Zhaoxiang	CHN	3
roma-grand-prix-2023	Senior Men +80kg	SAPINA Ivan	CRO	3
roma-grand-prix-2023	Senior Men +80kg	HEALY Jonathan	USA	
roma-grand-prix-2023	Senior Men +80kg	DUISEBAY Smaiyl	KAZ	
roma-grand-prix-2023	Senior Men +80kg	ABBASI POUYA Abolfazl	IRI	
roma-grand-prix-2023	Senior Men +80kg	TRAJKOVIC Ivan konrad	SLO	
roma-grand-prix-2023	Senior Men +80kg	EL YAZIDI Omar	FRA	
roma-grand-prix-2023	Senior Men +80kg	SIQUEIRA Maicon	BRA	
roma-grand-prix-2023	Senior Men +80kg	ATESLI Emre kutalmis	TUR	
roma-grand-prix-2023	Senior Men +80kg	BOZIC Pasko	CRO	
roma-grand-prix-2023	Senior Men +80kg	GARCIA MARTINEZ Ivan	ESP	
roma-grand-prix-2023	Senior Men +80kg	SANSORES Carlos	MEX	
roma-grand-prix-2023	Senior Men +80kg	MARTINS SOARES Icaro miguel	BRA	
roma-grand-prix-2023	Senior Men +80kg	CISSE Cheick sallah	CIV	
roma-grand-prix-2023	Senior Men +80kg	MARTINEZ GARCIA Raul	ESP	
roma-grand-prix-2023	Senior Men +80kg	DIVKOVIC Patrik	SLO	
roma-grand-prix-2023	Senior Men +80kg	SBEIHI Fahed	JOR	
roma-grand-prix-2023	Senior Men +80kg	NADALIAN JOUYBARI Alireza	IRI	
roma-grand-prix-2023	Senior Men +80kg	ZHAPAROV Ruslan	KAZ	
roma-grand-prix-2023	Senior Men +80kg	MENG Mingkuan	CHN	
roma-grand-prix-2023	Senior Men +80kg	RAWY Ahmad	EGY	
roma-grand-prix-2023	Senior Men +80kg	GEORGIEVSKI Dejan	MKD	
roma-grand-prix-2023	Senior Men +80kg	BASSEL Ayoub	MAR	
roma-grand-prix-2023	Senior Men +80kg	ANN Alasan	GAM	
roma-grand-prix-2023	Senior Men +80kg	BICER Enbiya taha	TUR	
roma-grand-prix-2023	Senior Men +80kg	BONDAR Vladyslav	UKR	
roma-grand-prix-2023	Senior Men +80kg	MOLIN Mattia	ITA	
roma-grand-prix-2023	Senior Men +80kg	BERGERON Marc andre	CAN	
roma-grand-prix-2023	Senior Women -49kg	WONGPATTANAKIT Panipak	THA	1
roma-grand-prix-2023	Senior Women -49kg	CEREZO IGLESIAS Adriana	ESP	2
roma-grand-prix-2023	Senior Women -49kg	NEMATZADEH Mobina	IRI	3
roma-grand-prix-2023	Senior Women -49kg	GUO Qing	CHN	3
roma-grand-prix-2023	Senior Women -49kg	DUVANCIC Bruna	CRO	
roma-grand-prix-2023	Senior Women -49kg	SOUZA Daniela Paola	MEX	
roma-grand-prix-2023	Senior Women -49kg	SOLTANI Ghazal	IRI	
roma-grand-prix-2023	Senior Women -49kg	AYDIN KONSTANTINIDIS Ela	GER	
roma-grand-prix-2023	Senior Women -49kg	SANTOS Valeria	BRA	
roma-grand-prix-2023	Senior Women -49kg	SAHIB SOUKAINA	MAR	
roma-grand-prix-2023	Senior Women -49kg	CELIK Sueheda	GER	
roma-grand-prix-2023	Senior Women -49kg	KANG Mi-reu	KOR	
roma-grand-prix-2023	Senior Women -49kg	MAESTRO Virginia	ITA	
roma-grand-prix-2023	Senior Women -49kg	RAMIREZ VARGAS Andrea	COL	
roma-grand-prix-2023	Senior Women -49kg	STOJKOVIC Lena	CRO	
roma-grand-prix-2023	Senior Women -49kg	SEMBERG Abishag	ISR	
roma-grand-prix-2023	Senior Women -49kg	ABUTALEB Dunya ali m	KSA	
roma-grand-prix-2023	Senior Women -49kg	TAMBYRAJAH Saffron	AUS	
roma-grand-prix-2023	Senior Women -49kg	BEZERRA Camila	BRA	
roma-grand-prix-2023	Senior Women -49kg	KOUTTOUKI Kyriaki	CYP	
roma-grand-prix-2023	Senior Women -49kg	BAYECH Rivka	ISR	
roma-grand-prix-2023	Senior Women -49kg	BAKISHEVA Rita	KAZ	
roma-grand-prix-2023	Senior Women -49kg	TRANQUILLE Viviane	CAN	
roma-grand-prix-2023	Senior Women -49kg	KANG Bora	KOR	
roma-grand-prix-2023	Senior Women -49kg	MOORE Maddison	GBR	
roma-grand-prix-2023	Senior Women -49kg	TAU Michelle	LES	
roma-grand-prix-2023	Senior Women -49kg	TRUONG Thi kim tuyen	VIE	
roma-grand-prix-2023	Senior Women -49kg	YILDIRIM Rukiye	TUR	
roma-grand-prix-2023	Senior Women -57kg	JONES Jade	GBR	1
roma-grand-prix-2023	Senior Women -57kg	KIYANICHANDEH Nahid	IRI	2
roma-grand-prix-2023	Senior Women -57kg	DILLON Faith	USA	3
roma-grand-prix-2023	Senior Women -57kg	KIM Yu-jin	KOR	3
roma-grand-prix-2023	Senior Women -57kg	VILLEGAS Fabiola G	MEX	
roma-grand-prix-2023	Senior Women -57kg	LEE AHREUM	KOR	
roma-grand-prix-2023	Senior Women -57kg	LO Chia-ling	TPE	
roma-grand-prix-2023	Senior Women -57kg	ADAMKIEWICZ Patrycja	POL	
roma-grand-prix-2023	Senior Women -57kg	ILGUN Hatice kubra	TUR	
roma-grand-prix-2023	Senior Women -57kg	AOUN Laetitia	LBN	
roma-grand-prix-2023	Senior Women -57kg	FROEMMING Anna-Lena	GER	
roma-grand-prix-2023	Senior Women -57kg	TARVIDA Inese	LAT	
roma-grand-prix-2023	Senior Women -57kg	PARK Skylar	CAN	
roma-grand-prix-2023	Senior Women -57kg	TVARONAVICIUTE Klaudija	LTU	
roma-grand-prix-2023	Senior Women -57kg	LAARAJ Nada	MAR	
roma-grand-prix-2023	Senior Women -57kg	AL HALWANI Giada	ITA	
roma-grand-prix-2023	Senior Women -57kg	SCHOENMAKERS Bodine	NED	
roma-grand-prix-2023	Senior Women -57kg	KALTEKI Faidra	GRE	
roma-grand-prix-2023	Senior Women -57kg	HARNSUJIN Phannapa	THA	
roma-grand-prix-2023	Senior Women -57kg	ASEMANI Raheleh	BEL	
roma-grand-prix-2023	Senior Women -57kg	CALVO GOMEZ Marta	ESP	
roma-grand-prix-2023	Senior Women -57kg	SU Po-ya	TPE	
roma-grand-prix-2023	Senior Women -57kg	HYMER Stacey	AUS	
roma-grand-prix-2023	Senior Women -57kg	ARMERIA Paulina	ITA	
roma-grand-prix-2023	Senior Women -57kg	TZELI Fani	GRE	
roma-grand-prix-2023	Senior Women -57kg	PEREZ PARRADO Alma maria	ESP	
roma-grand-prix-2023	Senior Women -57kg	FOLGMANN Madeline	GER	
roma-grand-prix-2023	Senior Women -67kg	SONG Jie	CHN	1
roma-grand-prix-2023	Senior Women -67kg	CHAARI Sarah	BEL	2
roma-grand-prix-2023	Senior Women -67kg	SHEHATA Aya	EGY	3
roma-grand-prix-2023	Senior Women -67kg	WIET HENIN Magda	FRA	3
roma-grand-prix-2023	Senior Women -67kg	WILLIAMS Lauren	GBR	
roma-grand-prix-2023	Senior Women -67kg	SANTOS Caroline	BRA	
roma-grand-prix-2023	Senior Women -67kg	PERISIC Aleksandra	SRB	
roma-grand-prix-2023	Senior Women -67kg	ZHANG Mengyu	CHN	
roma-grand-prix-2023	Senior Women -67kg	SADIKOVA Feruza	UZB	
roma-grand-prix-2023	Senior Women -67kg	SOLTERO Leslie	MEX	
roma-grand-prix-2023	Senior Women -67kg	SARVANAKI Theopoula	GRE	
roma-grand-prix-2023	Senior Women -67kg	D'ANGELO Natalia	ITA	
roma-grand-prix-2023	Senior Women -67kg	SCHNEIDER Yanna	GER	
roma-grand-prix-2023	Senior Women -67kg	AL-SADEQ Julyana	JOR	
roma-grand-prix-2023	Senior Women -67kg	KRAAYEVELD Ashley	CAN	
roma-grand-prix-2023	Senior Women -67kg	TARVIDA Jolanta	LAT	
roma-grand-prix-2023	Senior Women -67kg	MIR NOOROLLAHI Seyedeh narges	IRI	
roma-grand-prix-2023	Senior Women -67kg	KAYIR Ikra	TUR	
roma-grand-prix-2023	Senior Women -67kg	FUREDI Rebeka	HUN	
roma-grand-prix-2023	Senior Women -67kg	CASTRO BURGOS Cecilia	ESP	
roma-grand-prix-2023	Senior Women -67kg	MIRHOSSEINI VAKILI Melika	IRI	
roma-grand-prix-2023	Senior Women -67kg	KIM Jan-di	KOR	
roma-grand-prix-2023	Senior Women -67kg	NILSEN Mari romundset	NOR	
roma-grand-prix-2023	Senior Women -67kg	GALLARDO Claudia	CHI	
roma-grand-prix-2023	Senior Women -67kg	HONG Hyo rim	KOR	
roma-grand-prix-2023	Senior Women -67kg	MAGDALENO ALBIZU Jone	ESP	
roma-grand-prix-2023	Senior Women -67kg	TITONELI Milena	BRA	
roma-grand-prix-2023	Senior Women -67kg	MITSOPOULOU Athanasia	GRE	
roma-grand-prix-2023	Senior Women -67kg	MURRAY Rebecca	AUS	
roma-grand-prix-2023	Senior Women -67kg	ROBERTS Chloe	GBR	
roma-grand-prix-2023	Senior Women -67kg	KLEPAC Nika	CRO	
roma-grand-prix-2023	Senior Women +67kg	XU Lei	CHN	1
roma-grand-prix-2023	Senior Women +67kg	LAURIN Althea	FRA	2
roma-grand-prix-2023	Senior Women +67kg	MCGOWAN Rebecca	GBR	3
roma-grand-prix-2023	Senior Women +67kg	ZHOU Zeqi	CHN	3
roma-grand-prix-2023	Senior Women +67kg	AZRAN Dana	ISR	
roma-grand-prix-2023	Senior Women +67kg	AVOULETTE Solene	FRA	
roma-grand-prix-2023	Senior Women +67kg	GLORIA Mosquera	COL	
roma-grand-prix-2023	Senior Women +67kg	KOWALCZUK Aleksandra	POL	
roma-grand-prix-2023	Senior Women +67kg	BRANDL Lorena	GER	
roma-grand-prix-2023	Senior Women +67kg	HADZIC Alema	GER	
roma-grand-prix-2023	Senior Women +67kg	BOZANIC Nadica	SRB	
roma-grand-prix-2023	Senior Women +67kg	BATHILY Astan katherine feghe	CIV	
roma-grand-prix-2023	Senior Women +67kg	OSIPOVA Svetlana	UZB	
roma-grand-prix-2023	Senior Women +67kg	LEE Dabin	KOR	
roma-grand-prix-2023	Senior Women +67kg	CASTINEIRA ETCHEVERRIA Tania	ESP	
roma-grand-prix-2023	Senior Women +67kg	UZUNCAVDAR Sude yaren	TUR	
roma-grand-prix-2023	Senior Women +67kg	DENIZ Cansel	KAZ	
roma-grand-prix-2023	Senior Women +67kg	MORAN ROMERO Belen	ESP	
roma-grand-prix-2023	Senior Women +67kg	STEWART Reba	AUS	
roma-grand-prix-2023	Senior Women +67kg	ABO-ALRUB Rama	JOR	
roma-grand-prix-2023	Senior Women +67kg	VIANA Alena	USA	
roma-grand-prix-2023	Senior Women +67kg	KUS AYDIN Nafia	TUR	
roma-grand-prix-2023	Senior Women +67kg	JAHL Marlene	AUT	
roma-grand-prix-2023	Senior Women +67kg	COOK Bianca	GBR	
roma-grand-prix-2023	Senior Women +67kg	SMIRAGLIA Maristella	ITA	
roma-grand-prix-2023	Senior Women +67kg	ABOUFARAS Fatima-ezzahra	MAR	
roma-grand-prix-2023	Senior Women +67kg	ILIC Alessandra	ITA	
roma-grand-prix-2023	Senior Women +67kg	FAROUK Maisoun	EGY	
roma-grand-prix-2023	Senior Women +67kg	GORMAN-SHORE Madelynn	USA	
roma-grand-prix-2023	Senior Women +67kg	JELIC Matea	CRO	
roma-grand-prix-2023	Senior Women +67kg	WEEKES Crystal	PUR	
roma-grand-prix-2023	Senior Women +67kg	SIQUEIRA Gabriele	BRA	
paris-grand-prix-2023	Senior Men -58kg	HAJIMOUSAEI Mahdi	IRI	1
paris-grand-prix-2023	Senior Men -58kg	ZANDI Abolfazl	IRI	2
paris-grand-prix-2023	Senior Men -58kg	LEWIS Bailey	AUS	3
paris-grand-prix-2023	Senior Men -58kg	JENDOUBI Mohamed khalil	TUN	3
paris-grand-prix-2023	Senior Men -58kg	RAVET Cyrian	FRA	
paris-grand-prix-2023	Senior Men -58kg	WOOLLEY Jack	IRL	
paris-grand-prix-2023	Senior Men -58kg	JANG Jun	KOR	
paris-grand-prix-2023	Senior Men -58kg	VICENTE YUNTA Adrian	ESP	
paris-grand-prix-2023	Senior Men -58kg	SALIM Omar gergely	HUN	
paris-grand-prix-2023	Senior Men -58kg	PARK Tae-joon	KOR	
paris-grand-prix-2023	Senior Men -58kg	DELL'AQUILA Vito	ITA	
paris-grand-prix-2023	Senior Men -58kg	PARK Braven	CAN	
paris-grand-prix-2023	Senior Men -58kg	SALIM Sharif gergely	HUN	
paris-grand-prix-2023	Senior Men -58kg	RODRIGUEZ Cesar	MEX	
paris-grand-prix-2023	Senior Men -58kg	TESKERA Josip	CRO	
paris-grand-prix-2023	Senior Men -58kg	DIMITROPOULOS Konstantinos	GRE	
paris-grand-prix-2023	Senior Men -58kg	ARILLO VAZQUEZ Hugo	ESP	
paris-grand-prix-2023	Senior Men -58kg	NOUR Mohammed	GBR	
paris-grand-prix-2023	Senior Men -58kg	ALVAREZ Melvy	USA	
paris-grand-prix-2023	Senior Men -58kg	RAPSOMANIKIS Dionysios	GRE	
paris-grand-prix-2023	Senior Men -58kg	MELO Paulo	BRA	
paris-grand-prix-2023	Senior Men -58kg	POLAT Gorkem	TUR	
paris-grand-prix-2023	Senior Men -58kg	HYTTEL Tobias	DEN	
paris-grand-prix-2023	Senior Men -58kg	BEDART Samuel	FRA	
paris-grand-prix-2023	Senior Men -58kg	ISSAKA GARBA Nouridine	NIG	
paris-grand-prix-2023	Senior Men -58kg	NIANG Mohamed	SEN	
paris-grand-prix-2023	Senior Men -58kg	PLAZA HERNANDEZ Brandon	MEX	
paris-grand-prix-2023	Senior Men -58kg	HOEFLING Nicholas	CAN	
paris-grand-prix-2023	Senior Men -68kg	RASHITOV Ulugbek	UZB	1
paris-grand-prix-2023	Senior Men -68kg	PONTES Edival	BRA	2
paris-grand-prix-2023	Senior Men -68kg	GOLUBIC Marko	CRO	3
paris-grand-prix-2023	Senior Men -68kg	ALHALAWANI Zaid	JOR	3
paris-grand-prix-2023	Senior Men -68kg	LIANG Yushuai	CHN	
paris-grand-prix-2023	Senior Men -68kg	KAREEM Zaid	JOR	
paris-grand-prix-2023	Senior Men -68kg	BARETTA Dennis	ITA	
paris-grand-prix-2023	Senior Men -68kg	LUCIEN Theo	FRA	
paris-grand-prix-2023	Senior Men -68kg	NAVARRO Carlos	MEX	
paris-grand-prix-2023	Senior Men -68kg	OLIVERO TORO Cristian	CHI	
paris-grand-prix-2023	Senior Men -68kg	MORALES Ignacio	CHI	
paris-grand-prix-2023	Senior Men -68kg	JOZSA Levente mark	HUN	
paris-grand-prix-2023	Senior Men -68kg	PEREZ POLO Javier	ESP	
paris-grand-prix-2023	Senior Men -68kg	JØRGENSEN Otto	DEN	
paris-grand-prix-2023	Senior Men -68kg	JIN Ho-jun	KOR	
paris-grand-prix-2023	Senior Men -68kg	REZAEI Matin	IRI	
paris-grand-prix-2023	Senior Men -68kg	OZKAYA Imran	GER	
paris-grand-prix-2023	Senior Men -68kg	CHAMALIDIS Konstantinos	GRE	
paris-grand-prix-2023	Senior Men -68kg	BARAKAT Eyad	EGY	
paris-grand-prix-2023	Senior Men -68kg	KOBENAN Aaron francois	CIV	
paris-grand-prix-2023	Senior Men -68kg	LO Mouhamadou mansour	SEN	
paris-grand-prix-2023	Senior Men -68kg	GLASNOVIC Leon	CRO	
paris-grand-prix-2023	Senior Men -68kg	CHELLAMOOTOO Dylan	FRA	
paris-grand-prix-2023	Senior Men -68kg	NSILU DILANDU Leroy	IRL	
paris-grand-prix-2023	Senior Men -68kg	DZHORDZHEV Mitko	BUL	
paris-grand-prix-2023	Senior Men -68kg	HARRIS Khalfani	USA	
paris-grand-prix-2023	Senior Men -68kg	ALAPHILIPPE Souleyman	FRA	
paris-grand-prix-2023	Senior Men -68kg	JORQUERA CALA Joan	ESP	
paris-grand-prix-2023	Senior Men -68kg	MOUSSA Amar Cisse	GAB	
paris-grand-prix-2023	Senior Men -68kg	PARK Tae ku	CAN	
paris-grand-prix-2023	Senior Men -68kg	KWON Doyun	KOR	
paris-grand-prix-2023	Senior Men -68kg	ALIAN Ali	SWE	
paris-grand-prix-2023	Senior Men -80kg	BARKHORDARI Mehran	IRI	1
paris-grand-prix-2023	Senior Men -80kg	TELIKOSTOGLOU Apostolos	GRE	2
paris-grand-prix-2023	Senior Men -80kg	YILDIZ Muhammed emin	TUR	3
paris-grand-prix-2023	Senior Men -80kg	NICKOLAS CJ	USA	3
paris-grand-prix-2023	Senior Men -80kg	EISSA Seif	EGY	
paris-grand-prix-2023	Senior Men -80kg	PARK Woo hyeok	KOR	
paris-grand-prix-2023	Senior Men -80kg	SEO Geon-woo	KOR	
paris-grand-prix-2023	Senior Men -80kg	BOUZID SOUIHILI Ismael	FRA	
paris-grand-prix-2023	Senior Men -80kg	ELSHARABATY Saleh	JOR	
paris-grand-prix-2023	Senior Men -80kg	RODRIGUES FERNANDES Henrique marques	BRA	
paris-grand-prix-2023	Senior Men -80kg	KARTAL Huseyin	TUR	
paris-grand-prix-2023	Senior Men -80kg	KATOUSSI Firas	TUN	
paris-grand-prix-2023	Senior Men -80kg	SALAEV Shukhrat	UZB	
paris-grand-prix-2023	Senior Men -80kg	SAWADOGO Faysal	BUR	
paris-grand-prix-2023	Senior Men -80kg	JAYSUNOV Jasurbek	UZB	
paris-grand-prix-2023	Senior Men -80kg	RODRIGUEZ Michael c	USA	
paris-grand-prix-2023	Senior Men -80kg	HUSIC Nedzad	BIH	
paris-grand-prix-2023	Senior Men -80kg	TREJOS Miguel Angel	COL	
paris-grand-prix-2023	Senior Men -80kg	KOSTENEVYCH Kostiantyn	UKR	
paris-grand-prix-2023	Senior Men -80kg	SALAZAR Bryan	MEX	
paris-grand-prix-2023	Senior Men -80kg	TAKOV Stefan	SRB	
paris-grand-prix-2023	Senior Men -80kg	OMAROV Magomedrasul	AIN	
paris-grand-prix-2023	Senior Men -80kg	HRNIC Edi	DEN	
paris-grand-prix-2023	Senior Men -80kg	BOUTHOUYAK Athman	FRA	
paris-grand-prix-2023	Senior Men -80kg	KINTSURASHVILI Zurab	GEO	
paris-grand-prix-2023	Senior Men -80kg	ORDEMANN Richard andre	NOR	
paris-grand-prix-2023	Senior Men -80kg	RADOJKOVIC Aleksandar	AUT	
paris-grand-prix-2023	Senior Men -80kg	CINTADO ARTECHE Jon	ESP	
paris-grand-prix-2023	Senior Men -80kg	COULIBALY Ismael	MLI	
paris-grand-prix-2023	Senior Men -80kg	SEJRANOVIC Leon	AUS	
paris-grand-prix-2023	Senior Men -80kg	QUESADA BARRERA Daniel	ESP	
paris-grand-prix-2023	Senior Men +80kg	CISSE Cheick sallah	CIV	1
paris-grand-prix-2023	Senior Men +80kg	CUNNINGHAM Caden	GBR	2
paris-grand-prix-2023	Senior Men +80kg	BOZIC Pasko	CRO	3
paris-grand-prix-2023	Senior Men +80kg	SANSORES Carlos	MEX	3
paris-grand-prix-2023	Senior Men +80kg	SAPINA Ivan	CRO	
paris-grand-prix-2023	Senior Men +80kg	ABBASI POUYA Abolfazl	IRI	
paris-grand-prix-2023	Senior Men +80kg	SIQUEIRA Maicon	BRA	
paris-grand-prix-2023	Senior Men +80kg	GEORGIEVSKI Dejan	MKD	
paris-grand-prix-2023	Senior Men +80kg	GARCIA MARTINEZ Ivan	ESP	
paris-grand-prix-2023	Senior Men +80kg	EL YAZIDI Omar	FRA	
paris-grand-prix-2023	Senior Men +80kg	RAWY Ahmad	EGY	
paris-grand-prix-2023	Senior Men +80kg	ZHAPAROV Ruslan	KAZ	
paris-grand-prix-2023	Senior Men +80kg	ATESLI Emre kutalmis	TUR	
paris-grand-prix-2023	Senior Men +80kg	HEALY Jonathan	USA	
paris-grand-prix-2023	Senior Men +80kg	KANG Sanghyun	KOR	
paris-grand-prix-2023	Senior Men +80kg	ALBA Rafael	CUB	
paris-grand-prix-2023	Senior Men +80kg	RAFALOVICH Nikita	UZB	
paris-grand-prix-2023	Senior Men +80kg	ESSAM MOHIUDDIN Abdullah	EGY	
paris-grand-prix-2023	Senior Men +80kg	TRAJKOVIC Ivan konrad	SLO	
paris-grand-prix-2023	Senior Men +80kg	MARTINS SOARES Icaro miguel	BRA	
paris-grand-prix-2023	Senior Men +80kg	OBAME Anthony mylann	GAB	
paris-grand-prix-2023	Senior Men +80kg	SBEIHI Fahed	JOR	
paris-grand-prix-2023	Senior Men +80kg	SONG Zhaoxiang	CHN	
paris-grand-prix-2023	Senior Men +80kg	SADEK Anas	JOR	
paris-grand-prix-2023	Senior Men +80kg	MENG Mingkuan	CHN	
paris-grand-prix-2023	Senior Men +80kg	ANN Alasan	GAM	
paris-grand-prix-2023	Senior Men +80kg	NIANG Malick	SEN	
paris-grand-prix-2023	Senior Men +80kg	DIVKOVIC Patrik	SLO	
paris-grand-prix-2023	Senior Men +80kg	MARTINEZ GARCIA Raul	ESP	
paris-grand-prix-2023	Senior Men +80kg	BICER Enbiya taha	TUR	
paris-grand-prix-2023	Senior Men +80kg	TADJIBAEV Azizjan	FRA	
paris-grand-prix-2023	Senior Women -49kg	DINCEL KAVURAT Merve	TUR	1
paris-grand-prix-2023	Senior Women -49kg	CEREZO IGLESIAS Adriana	ESP	2
paris-grand-prix-2023	Senior Women -49kg	WANG Xiaolu	CHN	3
paris-grand-prix-2023	Senior Women -49kg	NEMATZADEH Mobina	IRI	3
paris-grand-prix-2023	Senior Women -49kg	DUVANCIC Bruna	CRO	
paris-grand-prix-2023	Senior Women -49kg	GUO Qing	CHN	
paris-grand-prix-2023	Senior Women -49kg	BEKULOVA Milana	AIN	
paris-grand-prix-2023	Senior Women -49kg	AYDIN KONSTANTINIDIS Ela	GER	
paris-grand-prix-2023	Senior Women -49kg	BEZERRA Camila	BRA	
paris-grand-prix-2023	Senior Women -49kg	TRUONG Thi kim tuyen	VIE	
paris-grand-prix-2023	Senior Women -49kg	RAMIREZ VARGAS Andrea	COL	
paris-grand-prix-2023	Senior Women -49kg	ZAMPETTI Sofia	ITA	
paris-grand-prix-2023	Senior Women -49kg	SAMY ELHOSSEINY Shahd	EGY	
paris-grand-prix-2023	Senior Women -49kg	KHATTAB Jana	EGY	
paris-grand-prix-2023	Senior Women -49kg	KOUTTOUKI Kyriaki	CYP	
paris-grand-prix-2023	Senior Women -49kg	ABUTALEB Dunya ali m	KSA	
paris-grand-prix-2023	Senior Women -49kg	YILDIRIM Rukiye	TUR	
paris-grand-prix-2023	Senior Women -49kg	BAKISHEVA Rita	KAZ	
paris-grand-prix-2023	Senior Women -49kg	CELIK Sueheda	GER	
paris-grand-prix-2023	Senior Women -49kg	KANG Mi-reu	KOR	
paris-grand-prix-2023	Senior Women -49kg	SEMBERG Abishag	ISR	
paris-grand-prix-2023	Senior Women -49kg	KAMKASOUMPHOU Lenya	FRA	
paris-grand-prix-2023	Senior Women -49kg	SOUZA Daniela Paola	MEX	
paris-grand-prix-2023	Senior Women -49kg	KANG Bora	KOR	
paris-grand-prix-2023	Senior Women -49kg	BAYECH Rivka	ISR	
paris-grand-prix-2023	Senior Women -49kg	POURYOUNES LANGEROUDI Dina	TRT	
paris-grand-prix-2023	Senior Women -49kg	OROZCO Angelique	CAN	
paris-grand-prix-2023	Senior Women -49kg	STOJKOVIC Lena	CRO	
paris-grand-prix-2023	Senior Women -49kg	TAMBYRAJAH Saffron	AUS	
paris-grand-prix-2023	Senior Women -49kg	TAU Michelle	LES	
paris-grand-prix-2023	Senior Women -57kg	JONES Jade	GBR	1
paris-grand-prix-2023	Senior Women -57kg	LUO Zongshi	CHN	2
paris-grand-prix-2023	Senior Women -57kg	POWELL Aaliyah	GBR	3
paris-grand-prix-2023	Senior Women -57kg	ILGUN Hatice kubra	TUR	3
paris-grand-prix-2023	Senior Women -57kg	PARK Skylar	CAN	
paris-grand-prix-2023	Senior Women -57kg	LO Chia-ling	TPE	
paris-grand-prix-2023	Senior Women -57kg	PACHECO Maria clara	BRA	
paris-grand-prix-2023	Senior Women -57kg	HRONOVA Dominika	CZE	
paris-grand-prix-2023	Senior Women -57kg	AL HALWANI Giada	ITA	
paris-grand-prix-2023	Senior Women -57kg	TOUMI Chaima	TUN	
paris-grand-prix-2023	Senior Women -57kg	PEREZ PARRADO Alma maria	ESP	
paris-grand-prix-2023	Senior Women -57kg	ADAMKIEWICZ Patrycja	POL	
paris-grand-prix-2023	Senior Women -57kg	MARTON Luana	HUN	
paris-grand-prix-2023	Senior Women -57kg	DILLON Faith	USA	
paris-grand-prix-2023	Senior Women -57kg	MININA Tatiana	AIN	
paris-grand-prix-2023	Senior Women -57kg	LEE AHREUM	KOR	
paris-grand-prix-2023	Senior Women -57kg	KIYANICHANDEH Nahid	IRI	
paris-grand-prix-2023	Senior Women -57kg	VILLEGAS Fabiola G	MEX	
paris-grand-prix-2023	Senior Women -57kg	TESIC Nadja	SRB	
paris-grand-prix-2023	Senior Women -57kg	ORTIZ BENITO Arlet	ESP	
paris-grand-prix-2023	Senior Women -57kg	FROEMMING Anna-Lena	GER	
paris-grand-prix-2023	Senior Women -57kg	KIM Yu-jin	KOR	
paris-grand-prix-2023	Senior Women -57kg	AOUN Laetitia	LBN	
paris-grand-prix-2023	Senior Women -57kg	SU Po-ya	TPE	
paris-grand-prix-2023	Senior Women -57kg	ATORA Emmannuella	GAB	
paris-grand-prix-2023	Senior Women -57kg	DJAKO Cessy Florence	CIV	
paris-grand-prix-2023	Senior Women -57kg	CARABIN Kanelya	FRA	
paris-grand-prix-2023	Senior Women -57kg	TVARONAVICIUTE Klaudija	LTU	
paris-grand-prix-2023	Senior Women -57kg	KALTEKI Faidra	GRE	
paris-grand-prix-2023	Senior Women -57kg	SCHOENMAKERS Bodine	NED	
paris-grand-prix-2023	Senior Women -57kg	HYMER Stacey	AUS	
paris-grand-prix-2023	Senior Women -67kg	ZHANG Mengyu	CHN	1
paris-grand-prix-2023	Senior Women -67kg	SONG Jie	CHN	2
paris-grand-prix-2023	Senior Women -67kg	HONG Hyo rim	KOR	3
paris-grand-prix-2023	Senior Women -67kg	WIET HENIN Magda	FRA	3
paris-grand-prix-2023	Senior Women -67kg	KHUZINA Liliia	AIN	
paris-grand-prix-2023	Senior Women -67kg	CASTRO BURGOS Cecilia	ESP	
paris-grand-prix-2023	Senior Women -67kg	GBAGBI Ruth	CIV	
paris-grand-prix-2023	Senior Women -67kg	STOLBOVA Petra	CZE	
paris-grand-prix-2023	Senior Women -67kg	SARVANAKI Theopoula	GRE	
paris-grand-prix-2023	Senior Women -67kg	WILLIAMS Lauren	GBR	
paris-grand-prix-2023	Senior Women -67kg	SHEHATA Aya	EGY	
paris-grand-prix-2023	Senior Women -67kg	ANYANACHO Elizabeth oluchi	NGR	
paris-grand-prix-2023	Senior Women -67kg	KAYIR Ikra	TUR	
paris-grand-prix-2023	Senior Women -67kg	CHAARI Sarah	BEL	
paris-grand-prix-2023	Senior Women -67kg	MACEDO Sandy	BRA	
paris-grand-prix-2023	Senior Women -67kg	PERISIC Aleksandra	SRB	
paris-grand-prix-2023	Senior Women -67kg	TITONELI Milena	BRA	
paris-grand-prix-2023	Senior Women -67kg	D'ANGELO Natalia	ITA	
paris-grand-prix-2023	Senior Women -67kg	TARVIDA Jolanta	LAT	
paris-grand-prix-2023	Senior Women -67kg	MAGDALENO ALBIZU Jone	ESP	
paris-grand-prix-2023	Senior Women -67kg	ZHELEZNOVA Viktoriia	AIN	
paris-grand-prix-2023	Senior Women -67kg	SCHNEIDER Yanna	GER	
paris-grand-prix-2023	Senior Women -67kg	SOLTERO Leslie	MEX	
paris-grand-prix-2023	Senior Women -67kg	NAM Min-seo	KOR	
paris-grand-prix-2023	Senior Women -67kg	AL-SADEQ Julyana	JOR	
paris-grand-prix-2023	Senior Women -67kg	HADDAD Khalida	FRA	
paris-grand-prix-2023	Senior Women -67kg	KLEPAC Nika	CRO	
paris-grand-prix-2023	Senior Women -67kg	KRAAYEVELD Ashley	CAN	
paris-grand-prix-2023	Senior Women -67kg	JUHASZOVA Iveta	CZE	
paris-grand-prix-2023	Senior Women -67kg	SADIKOVA Feruza	UZB	
paris-grand-prix-2023	Senior Women -67kg	KOERNDL Vanessa	GER	
paris-grand-prix-2023	Senior Women +67kg	LAURIN Althea	FRA	1
paris-grand-prix-2023	Senior Women +67kg	MCGOWAN Rebecca	GBR	2
paris-grand-prix-2023	Senior Women +67kg	UZUNCAVDAR Sude yaren	TUR	3
paris-grand-prix-2023	Senior Women +67kg	LEE Dabin	KOR	3
paris-grand-prix-2023	Senior Women +67kg	OSIPOVA Svetlana	UZB	
paris-grand-prix-2023	Senior Women +67kg	BRANDL Lorena	GER	
paris-grand-prix-2023	Senior Women +67kg	JELIC Matea	CRO	
paris-grand-prix-2023	Senior Women +67kg	KUS AYDIN Nafia	TUR	
paris-grand-prix-2023	Senior Women +67kg	JAHL Marlene	AUT	
paris-grand-prix-2023	Senior Women +67kg	WEEKES Crystal	PUR	
paris-grand-prix-2023	Senior Women +67kg	XU Lei	CHN	
paris-grand-prix-2023	Senior Women +67kg	BOZANIC Nadica	SRB	
paris-grand-prix-2023	Senior Women +67kg	CASTINEIRA ETCHEVERRIA Tania	ESP	
paris-grand-prix-2023	Senior Women +67kg	ABO-ALRUB Rama	JOR	
paris-grand-prix-2023	Senior Women +67kg	GORMAN-SHORE Madelynn	USA	
paris-grand-prix-2023	Senior Women +67kg	KHAN Polina	AIN	
paris-grand-prix-2023	Senior Women +67kg	ZHOU Zeqi	CHN	
paris-grand-prix-2023	Senior Women +67kg	HADZIC Alema	GER	
paris-grand-prix-2023	Senior Women +67kg	SMIRAGLIA Maristella	ITA	
paris-grand-prix-2023	Senior Women +67kg	DANGNIDE Abenan Je	CIV	
paris-grand-prix-2023	Senior Women +67kg	MOUEGA Urgence	GAB	
paris-grand-prix-2023	Senior Women +67kg	FAROUK Maisoun	EGY	
paris-grand-prix-2023	Senior Women +67kg	SIQUEIRA Gabriele	BRA	
paris-grand-prix-2023	Senior Women +67kg	BLE Marie-Paule	FRA	
paris-grand-prix-2023	Senior Women +67kg	STEPANOVA Elizaveta	AIN	
paris-grand-prix-2023	Senior Women +67kg	MORAN ROMERO Belen	ESP	
paris-grand-prix-2023	Senior Women +67kg	AVOULETTE Solene	FRA	
paris-grand-prix-2023	Senior Women +67kg	ADEBAIO Kristina	AIN	
paris-grand-prix-2023	Senior Women +67kg	STEWART Reba	AUS	
taiyuan-grand-prix-2023	Senior Men -58kg	JENDOUBI Mohamed khalil	TUN	1
taiyuan-grand-prix-2023	Senior Men -58kg	JANG Jun	KOR	2
taiyuan-grand-prix-2023	Senior Men -58kg	PARK Tae-joon	KOR	3
taiyuan-grand-prix-2023	Senior Men -58kg	VICENTE YUNTA Adrian	ESP	3
taiyuan-grand-prix-2023	Senior Men -58kg	CHENG Kai	CHN	
taiyuan-grand-prix-2023	Senior Men -58kg	RAVET Cyrian	FRA	
taiyuan-grand-prix-2023	Senior Men -58kg	CUNNINGHAM William	USA	
taiyuan-grand-prix-2023	Senior Men -58kg	SALIM Omar gergely	HUN	
taiyuan-grand-prix-2023	Senior Men -58kg	HOEFLING Nicholas	CAN	
taiyuan-grand-prix-2023	Senior Men -58kg	HAJIMOUSAEI Mahdi	IRI	
taiyuan-grand-prix-2023	Senior Men -58kg	NOUR Mohammed	GBR	
taiyuan-grand-prix-2023	Senior Men -58kg	RAPSOMANIKIS Dionysios	GRE	
taiyuan-grand-prix-2023	Senior Men -58kg	PLAZA HERNANDEZ Brandon	MEX	
taiyuan-grand-prix-2023	Senior Men -58kg	BARBOSA Kurt bryan	PHI	
taiyuan-grand-prix-2023	Senior Men -58kg	ZANDI Abolfazl	IRI	
taiyuan-grand-prix-2023	Senior Men -58kg	ARILLO VAZQUEZ Hugo	ESP	
taiyuan-grand-prix-2023	Senior Men -58kg	MAHAMAD Sirawit	THA	
taiyuan-grand-prix-2023	Senior Men -58kg	PASHCOVSKY Tom	ISR	
taiyuan-grand-prix-2023	Senior Men -58kg	WOOLLEY Jack	IRL	
taiyuan-grand-prix-2023	Senior Men -58kg	LEWIS Bailey	AUS	
taiyuan-grand-prix-2023	Senior Men -58kg	POLAT Gorkem	TUR	
taiyuan-grand-prix-2023	Senior Men -58kg	ABDEL HALIM Khaled	GER	
taiyuan-grand-prix-2023	Senior Men -58kg	RODRIGUEZ Cesar	MEX	
taiyuan-grand-prix-2023	Senior Men -58kg	KIM Si yun	KOR	
taiyuan-grand-prix-2023	Senior Men -58kg	ALSAMIH Fahad samih n	KSA	
taiyuan-grand-prix-2023	Senior Men -58kg	HAMDI Riad nasser a	KSA	
taiyuan-grand-prix-2023	Senior Men -58kg	GURTSIEV Georgii	AIN	
taiyuan-grand-prix-2023	Senior Men -58kg	ALVAREZ Melvy	USA	
taiyuan-grand-prix-2023	Senior Men -58kg	TESKERA Josip	CRO	
taiyuan-grand-prix-2023	Senior Men -58kg	SALIM Sharif gergely	HUN	
taiyuan-grand-prix-2023	Senior Men -68kg	JIN Ho-jun	KOR	1
taiyuan-grand-prix-2023	Senior Men -68kg	ALAPHILIPPE Souleyman	FRA	2
taiyuan-grand-prix-2023	Senior Men -68kg	PEREZ POLO Javier	ESP	3
taiyuan-grand-prix-2023	Senior Men -68kg	RASHITOV Ulugbek	UZB	3
taiyuan-grand-prix-2023	Senior Men -68kg	RECBER Hakan	TUR	
taiyuan-grand-prix-2023	Senior Men -68kg	GOLUBIC Marko	CRO	
taiyuan-grand-prix-2023	Senior Men -68kg	JOZSA Levente mark	HUN	
taiyuan-grand-prix-2023	Senior Men -68kg	PONTES Edival	BRA	
taiyuan-grand-prix-2023	Senior Men -68kg	KAREEM Zaid	JOR	
taiyuan-grand-prix-2023	Senior Men -68kg	REZAEI Matin	IRI	
taiyuan-grand-prix-2023	Senior Men -68kg	PIE Bernardo	DOM	
taiyuan-grand-prix-2023	Senior Men -68kg	SINDEN Bradly	GBR	
taiyuan-grand-prix-2023	Senior Men -68kg	XIAO Chenming	CHN	
taiyuan-grand-prix-2023	Senior Men -68kg	ALHALAWANI Zaid	JOR	
taiyuan-grand-prix-2023	Senior Men -68kg	LIANG Yushuai	CHN	
taiyuan-grand-prix-2023	Senior Men -68kg	PULATOV Niyaz	UZB	
taiyuan-grand-prix-2023	Senior Men -68kg	ENKHBOLD Buyanshagai	MGL	
taiyuan-grand-prix-2023	Senior Men -68kg	DZHORDZHEV Mitko	BUL	
taiyuan-grand-prix-2023	Senior Men -68kg	LEE Sang Ryeol	KOR	
taiyuan-grand-prix-2023	Senior Men -68kg	KWON Doyun	KOR	
taiyuan-grand-prix-2023	Senior Men -68kg	LUCIEN Theo	FRA	
taiyuan-grand-prix-2023	Senior Men -68kg	WASFI Abdelbasset	MAR	
taiyuan-grand-prix-2023	Senior Men -68kg	BARETTA Dennis	ITA	
taiyuan-grand-prix-2023	Senior Men -68kg	CHAMALIDIS Konstantinos	GRE	
taiyuan-grand-prix-2023	Senior Men -68kg	RAMOS Gabriel	BRA	
taiyuan-grand-prix-2023	Senior Men -68kg	KAVURAT Ferhat can	TUR	
taiyuan-grand-prix-2023	Senior Men -68kg	HARRIS Khalfani	USA	
taiyuan-grand-prix-2023	Senior Men -68kg	NAVARRO Carlos	MEX	
taiyuan-grand-prix-2023	Senior Men -68kg	OZKAYA Imran	GER	
taiyuan-grand-prix-2023	Senior Men -68kg	JORQUERA CALA Joan	ESP	
taiyuan-grand-prix-2023	Senior Men -80kg	KATOUSSI Firas	TUN	1
taiyuan-grand-prix-2023	Senior Men -80kg	SEO Geon-woo	KOR	2
taiyuan-grand-prix-2023	Senior Men -80kg	JAYSUNOV Jasurbek	UZB	3
taiyuan-grand-prix-2023	Senior Men -80kg	NICKOLAS CJ	USA	3
taiyuan-grand-prix-2023	Senior Men -80kg	HOSSEINI Mirhashem	IRI	
taiyuan-grand-prix-2023	Senior Men -80kg	RODRIGUEZ Michael c	USA	
taiyuan-grand-prix-2023	Senior Men -80kg	ELSHARABATY Saleh	JOR	
taiyuan-grand-prix-2023	Senior Men -80kg	ALESSIO Simone	ITA	
taiyuan-grand-prix-2023	Senior Men -80kg	MANSOURI Farzad	TRT	
taiyuan-grand-prix-2023	Senior Men -80kg	CINTADO ARTECHE Jon	ESP	
taiyuan-grand-prix-2023	Senior Men -80kg	ORDEMANN Richard andre	NOR	
taiyuan-grand-prix-2023	Senior Men -80kg	EISSA Seif	EGY	
taiyuan-grand-prix-2023	Senior Men -80kg	BARKHORDARI Mehran	IRI	
taiyuan-grand-prix-2023	Senior Men -80kg	TAKOV Stefan	SRB	
taiyuan-grand-prix-2023	Senior Men -80kg	YILDIZ Muhammed emin	TUR	
taiyuan-grand-prix-2023	Senior Men -80kg	CELIN Lyve-stone	FRA	
taiyuan-grand-prix-2023	Senior Men -80kg	KHRAMTCOV Maksim	AIN	
taiyuan-grand-prix-2023	Senior Men -80kg	BOUZID SOUIHILI Ismael	FRA	
taiyuan-grand-prix-2023	Senior Men -80kg	SALAEV Shukhrat	UZB	
taiyuan-grand-prix-2023	Senior Men -80kg	QUESADA BARRERA Daniel	ESP	
taiyuan-grand-prix-2023	Senior Men -80kg	PARK Woo hyeok	KOR	
taiyuan-grand-prix-2023	Senior Men -80kg	SEJRANOVIC Leon	AUS	
taiyuan-grand-prix-2023	Senior Men -80kg	TELIKOSTOGLOU Apostolos	GRE	
taiyuan-grand-prix-2023	Senior Men -80kg	SALAZAR Bryan	MEX	
taiyuan-grand-prix-2023	Senior Men -80kg	ALKHAIBARI Ali mabruk s	KSA	
taiyuan-grand-prix-2023	Senior Men -80kg	RADOJKOVIC Aleksandar	AUT	
taiyuan-grand-prix-2023	Senior Men -80kg	HUANG Yu-jen	TPE	
taiyuan-grand-prix-2023	Senior Men -80kg	SWEENEY Liam	AUS	
taiyuan-grand-prix-2023	Senior Men -80kg	XIANG Qizhang	CHN	
taiyuan-grand-prix-2023	Senior Men +80kg	LARIN Vladislav	AIN	1
taiyuan-grand-prix-2023	Senior Men +80kg	RAFALOVICH Nikita	UZB	2
taiyuan-grand-prix-2023	Senior Men +80kg	KANG Sanghyun	KOR	3
taiyuan-grand-prix-2023	Senior Men +80kg	SAPINA Ivan	CRO	3
taiyuan-grand-prix-2023	Senior Men +80kg	PARK Chan-hui	KOR	
taiyuan-grand-prix-2023	Senior Men +80kg	CUNNINGHAM Caden	GBR	
taiyuan-grand-prix-2023	Senior Men +80kg	RAHY Ray	LBN	
taiyuan-grand-prix-2023	Senior Men +80kg	MARTINEZ GARCIA Raul	ESP	
taiyuan-grand-prix-2023	Senior Men +80kg	SIQUEIRA Maicon	BRA	
taiyuan-grand-prix-2023	Senior Men +80kg	BOZIC Pasko	CRO	
taiyuan-grand-prix-2023	Senior Men +80kg	SONG Zhaoxiang	CHN	
taiyuan-grand-prix-2023	Senior Men +80kg	SANSORES Carlos	MEX	
taiyuan-grand-prix-2023	Senior Men +80kg	ABBASI POUYA Abolfazl	IRI	
taiyuan-grand-prix-2023	Senior Men +80kg	MENG Mingkuan	CHN	
taiyuan-grand-prix-2023	Senior Men +80kg	SADEK Anas	JOR	
taiyuan-grand-prix-2023	Senior Men +80kg	HEALY Jonathan	USA	
taiyuan-grand-prix-2023	Senior Men +80kg	LEE Meng-en	TPE	
taiyuan-grand-prix-2023	Senior Men +80kg	RAWY Ahmad	EGY	
taiyuan-grand-prix-2023	Senior Men +80kg	SBEIHI Fahed	JOR	
taiyuan-grand-prix-2023	Senior Men +80kg	MARDANI Sajjad	IRI	
taiyuan-grand-prix-2023	Senior Men +80kg	EMAMI Mohammad	RTA	
taiyuan-grand-prix-2023	Senior Men +80kg	IFAOUI Motaz	TUN	
taiyuan-grand-prix-2023	Senior Men +80kg	ZHAPAROV Ruslan	KAZ	
taiyuan-grand-prix-2023	Senior Men +80kg	ATESLI Emre kutalmis	TUR	
taiyuan-grand-prix-2023	Senior Men +80kg	TRAJKOVIC Ivan konrad	SLO	
taiyuan-grand-prix-2023	Senior Men +80kg	GARCIA MARTINEZ Ivan	ESP	
taiyuan-grand-prix-2023	Senior Men +80kg	PLONIS Artsiom	AIN	
taiyuan-grand-prix-2023	Senior Men +80kg	MARTINS SOARES Icaro miguel	BRA	
taiyuan-grand-prix-2023	Senior Men +80kg	DIVKOVIC Patrik	SLO	
taiyuan-grand-prix-2023	Senior Men +80kg	WANG Yaoxi	CHN	
taiyuan-grand-prix-2023	Senior Men +80kg	BASSEL Ayoub	MAR	
taiyuan-grand-prix-2023	Senior Women -49kg	WONGPATTANAKIT Panipak	THA	1
taiyuan-grand-prix-2023	Senior Women -49kg	GUO Qing	CHN	2
taiyuan-grand-prix-2023	Senior Women -49kg	KANG Mi-reu	KOR	3
taiyuan-grand-prix-2023	Senior Women -49kg	MANNOPOVA Madinabonu	UZB	3
taiyuan-grand-prix-2023	Senior Women -49kg	KANG Bora	KOR	
taiyuan-grand-prix-2023	Senior Women -49kg	ABUTALEB Dunya ali m	KSA	
taiyuan-grand-prix-2023	Senior Women -49kg	AYDIN KONSTANTINIDIS Ela	GER	
taiyuan-grand-prix-2023	Senior Women -49kg	CEREZO IGLESIAS Adriana	ESP	
taiyuan-grand-prix-2023	Senior Women -49kg	DUVANCIC Bruna	CRO	
taiyuan-grand-prix-2023	Senior Women -49kg	STOJKOVIC Lena	CRO	
taiyuan-grand-prix-2023	Senior Women -49kg	LAHOOD Juliet	AUS	
taiyuan-grand-prix-2023	Senior Women -49kg	SEEKEN Kamonchanok	THA	
taiyuan-grand-prix-2023	Senior Women -49kg	BAKISHEVA Rita	KAZ	
taiyuan-grand-prix-2023	Senior Women -49kg	EL BOUCHTI Oumaima	MAR	
taiyuan-grand-prix-2023	Senior Women -49kg	SOUZA Daniela Paola	MEX	
taiyuan-grand-prix-2023	Senior Women -49kg	CELIK Sueheda	GER	
taiyuan-grand-prix-2023	Senior Women -49kg	TAU Michelle	LES	
taiyuan-grand-prix-2023	Senior Women -49kg	SAHIB SOUKAINA	MAR	
taiyuan-grand-prix-2023	Senior Women -49kg	TAMBYRAJAH Saffron	AUS	
taiyuan-grand-prix-2023	Senior Women -49kg	BAYECH Rivka	ISR	
taiyuan-grand-prix-2023	Senior Women -49kg	OKAMOTO Ruka	JPN	
taiyuan-grand-prix-2023	Senior Women -49kg	POURYOUNES LANGEROUDI Dina	TRT	
taiyuan-grand-prix-2023	Senior Women -49kg	SEMBERG Abishag	ISR	
taiyuan-grand-prix-2023	Senior Women -49kg	HUANG Ying hsuan	TPE	
taiyuan-grand-prix-2023	Senior Women -49kg	BEZERRA Camila	BRA	
taiyuan-grand-prix-2023	Senior Women -49kg	YILDIRIM Rukiye	TUR	
taiyuan-grand-prix-2023	Senior Women -57kg	PARK Skylar	CAN	1
taiyuan-grand-prix-2023	Senior Women -57kg	KIYANICHANDEH Nahid	IRI	2
taiyuan-grand-prix-2023	Senior Women -57kg	LEE AHREUM	KOR	3
taiyuan-grand-prix-2023	Senior Women -57kg	MININA Tatiana	AIN	3
taiyuan-grand-prix-2023	Senior Women -57kg	LO Chia-ling	TPE	
taiyuan-grand-prix-2023	Senior Women -57kg	TOUMI Chaima	TUN	
taiyuan-grand-prix-2023	Senior Women -57kg	KARABATIC Nika	CRO	
taiyuan-grand-prix-2023	Senior Women -57kg	MARTON Luana	HUN	
taiyuan-grand-prix-2023	Senior Women -57kg	JONES Jade	GBR	
taiyuan-grand-prix-2023	Senior Women -57kg	ILGUN Hatice kubra	TUR	
taiyuan-grand-prix-2023	Senior Women -57kg	PEREZ PARRADO Alma maria	ESP	
taiyuan-grand-prix-2023	Senior Women -57kg	LIN Wei-chun	TPE	
taiyuan-grand-prix-2023	Senior Women -57kg	HYMER Stacey	AUS	
taiyuan-grand-prix-2023	Senior Women -57kg	GU Wenjing	CHN	
taiyuan-grand-prix-2023	Senior Women -57kg	POWELL Aaliyah	GBR	
taiyuan-grand-prix-2023	Senior Women -57kg	DILLON Faith	USA	
taiyuan-grand-prix-2023	Senior Women -57kg	SPEHAR Lea	CRO	
taiyuan-grand-prix-2023	Senior Women -57kg	ADAMKIEWICZ Patrycja	POL	
taiyuan-grand-prix-2023	Senior Women -57kg	SU Po-ya	TPE	
taiyuan-grand-prix-2023	Senior Women -57kg	AL HALWANI Giada	ITA	
taiyuan-grand-prix-2023	Senior Women -57kg	LEE Hanna	KOR	
taiyuan-grand-prix-2023	Senior Women -57kg	SCHOENMAKERS Bodine	NED	
taiyuan-grand-prix-2023	Senior Women -57kg	KALTEKI Faidra	GRE	
taiyuan-grand-prix-2023	Senior Women -57kg	KAYUMOVA Charos	UZB	
taiyuan-grand-prix-2023	Senior Women -57kg	ORTIZ BENITO Arlet	ESP	
taiyuan-grand-prix-2023	Senior Women -57kg	LAARAJ Nada	MAR	
taiyuan-grand-prix-2023	Senior Women -57kg	VILLEGAS Fabiola G	MEX	
taiyuan-grand-prix-2023	Senior Women -57kg	HRONOVA Dominika	CZE	
taiyuan-grand-prix-2023	Senior Women -67kg	PERISIC Aleksandra	SRB	1
taiyuan-grand-prix-2023	Senior Women -67kg	CHAARI Sarah	BEL	2
taiyuan-grand-prix-2023	Senior Women -67kg	ANYANACHO Elizabeth oluchi	NGR	3
taiyuan-grand-prix-2023	Senior Women -67kg	AL-SADEQ Julyana	JOR	3
taiyuan-grand-prix-2023	Senior Women -67kg	CASTRO BURGOS Cecilia	ESP	
taiyuan-grand-prix-2023	Senior Women -67kg	HONG Hyo rim	KOR	
taiyuan-grand-prix-2023	Senior Women -67kg	SADIKOVA Feruza	UZB	
taiyuan-grand-prix-2023	Senior Women -67kg	TITONELI Milena	BRA	
taiyuan-grand-prix-2023	Senior Women -67kg	POLE Doris	CRO	
taiyuan-grand-prix-2023	Senior Women -67kg	KHUZINA Liliia	AIN	
taiyuan-grand-prix-2023	Senior Women -67kg	WIET HENIN Magda	FRA	
taiyuan-grand-prix-2023	Senior Women -67kg	D'ANGELO Natalia	ITA	
taiyuan-grand-prix-2023	Senior Women -67kg	TARVIDA Jolanta	LAT	
taiyuan-grand-prix-2023	Senior Women -67kg	TEACHOUT Kristina	USA	
taiyuan-grand-prix-2023	Senior Women -67kg	ZHANG Mengyu	CHN	
taiyuan-grand-prix-2023	Senior Women -67kg	NAM Min-seo	KOR	
taiyuan-grand-prix-2023	Senior Women -67kg	HADDAD Khalida	FRA	
taiyuan-grand-prix-2023	Senior Women -67kg	CHANG Jui-en	TPE	
taiyuan-grand-prix-2023	Senior Women -67kg	SHEHATA Aya	EGY	
taiyuan-grand-prix-2023	Senior Women -67kg	SANTOS Caroline	BRA	
taiyuan-grand-prix-2023	Senior Women -67kg	MAGDALENO ALBIZU Jone	ESP	
taiyuan-grand-prix-2023	Senior Women -67kg	KAYIR Ikra	TUR	
taiyuan-grand-prix-2023	Senior Women -67kg	XING Jiani	CHN	
taiyuan-grand-prix-2023	Senior Women -67kg	SARVANAKI Theopoula	GRE	
taiyuan-grand-prix-2023	Senior Women -67kg	MURRAY Rebecca	AUS	
taiyuan-grand-prix-2023	Senior Women -67kg	SONG Jie	CHN	
taiyuan-grand-prix-2023	Senior Women -67kg	KLEPAC Nika	CRO	
taiyuan-grand-prix-2023	Senior Women -67kg	SOLTERO Leslie	MEX	
taiyuan-grand-prix-2023	Senior Women -67kg	STOLBOVA Petra	CZE	
taiyuan-grand-prix-2023	Senior Women +67kg	XU Lei	CHN	1
taiyuan-grand-prix-2023	Senior Women +67kg	UZUNCAVDAR Sude yaren	TUR	2
taiyuan-grand-prix-2023	Senior Women +67kg	LEE Dabin	KOR	3
taiyuan-grand-prix-2023	Senior Women +67kg	BRANDL Lorena	GER	3
taiyuan-grand-prix-2023	Senior Women +67kg	KHAN Polina	AIN	
taiyuan-grand-prix-2023	Senior Women +67kg	AVOULETTE Solene	FRA	
taiyuan-grand-prix-2023	Senior Women +67kg	LAURIN Althea	FRA	
taiyuan-grand-prix-2023	Senior Women +67kg	KUS AYDIN Nafia	TUR	
taiyuan-grand-prix-2023	Senior Women +67kg	MCGOWAN Rebecca	GBR	
taiyuan-grand-prix-2023	Senior Women +67kg	OSIPOVA Svetlana	UZB	
taiyuan-grand-prix-2023	Senior Women +67kg	JELIC Matea	CRO	
taiyuan-grand-prix-2023	Senior Women +67kg	COOK Bianca	GBR	
taiyuan-grand-prix-2023	Senior Women +67kg	ZHOU Zeqi	CHN	
taiyuan-grand-prix-2023	Senior Women +67kg	MU Wenzhe	CHN	
taiyuan-grand-prix-2023	Senior Women +67kg	DENIZ Cansel	KAZ	
taiyuan-grand-prix-2023	Senior Women +67kg	CASTINEIRA ETCHEVERRIA Tania	ESP	
taiyuan-grand-prix-2023	Senior Women +67kg	JAHL Marlene	AUT	
taiyuan-grand-prix-2023	Senior Women +67kg	STEWART Reba	AUS	
taiyuan-grand-prix-2023	Senior Women +67kg	ABO-ALRUB Rama	JOR	
taiyuan-grand-prix-2023	Senior Women +67kg	ABOUFARAS Fatima-ezzahra	MAR	
taiyuan-grand-prix-2023	Senior Women +67kg	OMAYMA Boumh	MAR	
taiyuan-grand-prix-2023	Senior Women +67kg	BOYADZHIEVA Kalina	BUL	
taiyuan-grand-prix-2023	Senior Women +67kg	GORMAN-SHORE Madelynn	USA	
taiyuan-grand-prix-2023	Senior Women +67kg	HADZIC Alema	GER	
taiyuan-grand-prix-2023	Senior Women +67kg	PEREIRA Raiany	BRA	
taiyuan-grand-prix-2023	Senior Women +67kg	ADEBAIO Kristina	AIN	
taiyuan-grand-prix-2023	Senior Women +67kg	MORAN ROMERO Belen	ESP	
taiyuan-grand-prix-2023	Senior Women +67kg	FAROUK Maisoun	EGY	
taiyuan-grand-prix-2023	Senior Women +67kg	SELMAN Ward	LBN	
manchester-grand-prix-final-2023	Senior Men -58kg	DELL'AQUILA Vito	ITA	1
manchester-grand-prix-final-2023	Senior Men -58kg	VICENTE YUNTA Adrian	ESP	2
manchester-grand-prix-final-2023	Senior Men -58kg	ARILLO VAZQUEZ Hugo	ESP	3
manchester-grand-prix-final-2023	Senior Men -58kg	JENDOUBI Mohamed khalil	TUN	
manchester-grand-prix-final-2023	Senior Men -58kg	WOOLLEY Jack	IRL	
manchester-grand-prix-final-2023	Senior Men -58kg	MELO Paulo	BRA	
manchester-grand-prix-final-2023	Senior Men -58kg	JANG Jun	KOR	
manchester-grand-prix-final-2023	Senior Men -58kg	PARK Tae-joon	KOR	
manchester-grand-prix-final-2023	Senior Men -58kg	SALIM Omar gergely	HUN	
manchester-grand-prix-final-2023	Senior Men -58kg	NOUR Mohammed	GBR	
manchester-grand-prix-final-2023	Senior Men -58kg	RAVET Cyrian	FRA	
manchester-grand-prix-final-2023	Senior Men -58kg	RAPSOMANIKIS Dionysios	GRE	
manchester-grand-prix-final-2023	Senior Men -58kg	RODRIGUEZ Cesar	MEX	
manchester-grand-prix-final-2023	Senior Men -58kg	PLAZA HERNANDEZ Brandon	MEX	
manchester-grand-prix-final-2023	Senior Men -68kg	JOZSA Levente mark	HUN	1
manchester-grand-prix-final-2023	Senior Men -68kg	PEREZ POLO Javier	ESP	2
manchester-grand-prix-final-2023	Senior Men -68kg	KAREEM Zaid	JOR	3
manchester-grand-prix-final-2023	Senior Men -68kg	ALHALAWANI Zaid	JOR	
manchester-grand-prix-final-2023	Senior Men -68kg	ALIAN Ali	SWE	
manchester-grand-prix-final-2023	Senior Men -68kg	SINDEN Bradly	GBR	
manchester-grand-prix-final-2023	Senior Men -68kg	JIN Ho-jun	KOR	
manchester-grand-prix-final-2023	Senior Men -68kg	RECBER Hakan	TUR	
manchester-grand-prix-final-2023	Senior Men -68kg	GOLUBIC Marko	CRO	
manchester-grand-prix-final-2023	Senior Men -68kg	CHAMALIDIS Konstantinos	GRE	
manchester-grand-prix-final-2023	Senior Men -68kg	LIANG Yushuai	CHN	
manchester-grand-prix-final-2023	Senior Men -68kg	BARETTA Dennis	ITA	
manchester-grand-prix-final-2023	Senior Men -68kg	ALAPHILIPPE Souleyman	FRA	
manchester-grand-prix-final-2023	Senior Men -68kg	JORQUERA CALA Joan	ESP	
manchester-grand-prix-final-2023	Senior Men -80kg	SEO Geon-woo	KOR	1
manchester-grand-prix-final-2023	Senior Men -80kg	EISSA Seif	EGY	2
manchester-grand-prix-final-2023	Senior Men -80kg	NICKOLAS CJ	USA	3
manchester-grand-prix-final-2023	Senior Men -80kg	ELSHARABATY Saleh	JOR	
manchester-grand-prix-final-2023	Senior Men -80kg	SALAEV Shukhrat	UZB	
manchester-grand-prix-final-2023	Senior Men -80kg	QUESADA BARRERA Daniel	ESP	
manchester-grand-prix-final-2023	Senior Men -80kg	ALESSIO Simone	ITA	
manchester-grand-prix-final-2023	Senior Men -80kg	ORDEMANN Richard andre	NOR	
manchester-grand-prix-final-2023	Senior Men -80kg	TELIKOSTOGLOU Apostolos	GRE	
manchester-grand-prix-final-2023	Senior Men -80kg	KATOUSSI Firas	TUN	
manchester-grand-prix-final-2023	Senior Men -80kg	HUSIC Nedzad	BIH	
manchester-grand-prix-final-2023	Senior Men -80kg	SEJRANOVIC Leon	AUS	
manchester-grand-prix-final-2023	Senior Men +80kg	CISSE Cheick sallah	CIV	1
manchester-grand-prix-final-2023	Senior Men +80kg	SIQUEIRA Maicon	BRA	2
manchester-grand-prix-final-2023	Senior Men +80kg	GARCIA MARTINEZ Ivan	ESP	3
manchester-grand-prix-final-2023	Senior Men +80kg	BOZIC Pasko	CRO	
manchester-grand-prix-final-2023	Senior Men +80kg	SANSORES Carlos	MEX	
manchester-grand-prix-final-2023	Senior Men +80kg	HEALY Jonathan	USA	
manchester-grand-prix-final-2023	Senior Men +80kg	MARTINS SOARES Icaro miguel	BRA	
manchester-grand-prix-final-2023	Senior Men +80kg	KANG Sanghyun	KOR	
manchester-grand-prix-final-2023	Senior Men +80kg	SONG Zhaoxiang	CHN	
manchester-grand-prix-final-2023	Senior Men +80kg	CUNNINGHAM Caden	GBR	
manchester-grand-prix-final-2023	Senior Men +80kg	ATESLI Emre kutalmis	TUR	
manchester-grand-prix-final-2023	Senior Men +80kg	RAWY Ahmad	EGY	
manchester-grand-prix-final-2023	Senior Men +80kg	SAPINA Ivan	CRO	
manchester-grand-prix-final-2023	Senior Men +80kg	RAFALOVICH Nikita	UZB	
manchester-grand-prix-final-2023	Senior Men +80kg	DIVKOVIC Patrik	SLO	
manchester-grand-prix-final-2023	Senior Men +80kg	GEORGIEVSKI Dejan	MKD	
manchester-grand-prix-final-2023	Senior Women -49kg	WONGPATTANAKIT Panipak	THA	1
manchester-grand-prix-final-2023	Senior Women -49kg	CEREZO IGLESIAS Adriana	ESP	2
manchester-grand-prix-final-2023	Senior Women -49kg	DINCEL KAVURAT Merve	TUR	3
manchester-grand-prix-final-2023	Senior Women -49kg	SOUZA Daniela Paola	MEX	
manchester-grand-prix-final-2023	Senior Women -49kg	SEMBERG Abishag	ISR	
manchester-grand-prix-final-2023	Senior Women -49kg	KANG Mi-reu	KOR	
manchester-grand-prix-final-2023	Senior Women -49kg	YILDIRIM Rukiye	TUR	
manchester-grand-prix-final-2023	Senior Women -49kg	GUO Qing	CHN	
manchester-grand-prix-final-2023	Senior Women -49kg	CELIK Sueheda	GER	
manchester-grand-prix-final-2023	Senior Women -49kg	RAMIREZ VARGAS Andrea	COL	
manchester-grand-prix-final-2023	Senior Women -49kg	DUVANCIC Bruna	CRO	
manchester-grand-prix-final-2023	Senior Women -49kg	AYDIN KONSTANTINIDIS Ela	GER	
manchester-grand-prix-final-2023	Senior Women -49kg	EL BOUCHTI Oumaima	MAR	
manchester-grand-prix-final-2023	Senior Women -49kg	SAMY ELHOSSEINY Shahd	EGY	
manchester-grand-prix-final-2023	Senior Women -49kg	STOJKOVIC Lena	CRO	
manchester-grand-prix-final-2023	Senior Women -49kg	GOODMAN Phoenix	GBR	
manchester-grand-prix-final-2023	Senior Women -57kg	LUO Zongshi	CHN	1
manchester-grand-prix-final-2023	Senior Women -57kg	DILLON Faith	USA	2
manchester-grand-prix-final-2023	Senior Women -57kg	POWELL Aaliyah	GBR	3
manchester-grand-prix-final-2023	Senior Women -57kg	LO Chia-ling	TPE	
manchester-grand-prix-final-2023	Senior Women -57kg	ASEMANI Raheleh	BEL	
manchester-grand-prix-final-2023	Senior Women -57kg	LAARAJ Nada	MAR	
manchester-grand-prix-final-2023	Senior Women -57kg	JONES Jade	GBR	
manchester-grand-prix-final-2023	Senior Women -57kg	LEE AHREUM	KOR	
manchester-grand-prix-final-2023	Senior Women -57kg	MARTON Luana	HUN	
manchester-grand-prix-final-2023	Senior Women -57kg	HYMER Stacey	AUS	
manchester-grand-prix-final-2023	Senior Women -57kg	PARK Skylar	CAN	
manchester-grand-prix-final-2023	Senior Women -57kg	KALTEKI Faidra	GRE	
manchester-grand-prix-final-2023	Senior Women -57kg	ILGUN Hatice kubra	TUR	
manchester-grand-prix-final-2023	Senior Women -57kg	PACHECO Maria clara	BRA	
manchester-grand-prix-final-2023	Senior Women -57kg	PEREZ PARRADO Alma maria	ESP	
manchester-grand-prix-final-2023	Senior Women -57kg	VILLEGAS Fabiola G	MEX	
manchester-grand-prix-final-2023	Senior Women -67kg	CHAARI Sarah	BEL	1
manchester-grand-prix-final-2023	Senior Women -67kg	ZHANG Mengyu	CHN	2
manchester-grand-prix-final-2023	Senior Women -67kg	AL-SADEQ Julyana	JOR	3
manchester-grand-prix-final-2023	Senior Women -67kg	PERISIC Aleksandra	SRB	
manchester-grand-prix-final-2023	Senior Women -67kg	STOLBOVA Petra	CZE	
manchester-grand-prix-final-2023	Senior Women -67kg	CASTRO BURGOS Cecilia	ESP	
manchester-grand-prix-final-2023	Senior Women -67kg	WIET HENIN Magda	FRA	
manchester-grand-prix-final-2023	Senior Women -67kg	GBAGBI Ruth	CIV	
manchester-grand-prix-final-2023	Senior Women -67kg	WILLIAMS Lauren	GBR	
manchester-grand-prix-final-2023	Senior Women -67kg	SONG Jie	CHN	
manchester-grand-prix-final-2023	Senior Women -67kg	KRAAYEVELD Ashley	CAN	
manchester-grand-prix-final-2023	Senior Women -67kg	TITONELI Milena	BRA	
manchester-grand-prix-final-2023	Senior Women -67kg	SOLTERO Leslie	MEX	
manchester-grand-prix-final-2023	Senior Women -67kg	MAGDALENO ALBIZU Jone	ESP	
manchester-grand-prix-final-2023	Senior Women -67kg	SADIKOVA Feruza	UZB	
manchester-grand-prix-final-2023	Senior Women -67kg	SANTOS Caroline	BRA	
manchester-grand-prix-final-2023	Senior Women +67kg	LEE Dabin	KOR	1
manchester-grand-prix-final-2023	Senior Women +67kg	MCGOWAN Rebecca	GBR	2
manchester-grand-prix-final-2023	Senior Women +67kg	LAURIN Althea	FRA	3
manchester-grand-prix-final-2023	Senior Women +67kg	AVOULETTE Solene	FRA	
manchester-grand-prix-final-2023	Senior Women +67kg	OSIPOVA Svetlana	UZB	
manchester-grand-prix-final-2023	Senior Women +67kg	COOK Bianca	GBR	
manchester-grand-prix-final-2023	Senior Women +67kg	JELIC Matea	CRO	
manchester-grand-prix-final-2023	Senior Women +67kg	ZHOU Zeqi	CHN	
manchester-grand-prix-final-2023	Senior Women +67kg	GORMAN-SHORE Madelynn	USA	
manchester-grand-prix-final-2023	Senior Women +67kg	DENIZ Cansel	KAZ	
manchester-grand-prix-final-2023	Senior Women +67kg	UZUNCAVDAR Sude yaren	TUR	
manchester-grand-prix-final-2023	Senior Women +67kg	BRANDL Lorena	GER	
manchester-grand-prix-final-2023	Senior Women +67kg	KUS AYDIN Nafia	TUR	
manchester-grand-prix-final-2023	Senior Women +67kg	JAHL Marlene	AUT	
manchester-grand-prix-final-2023	Senior Women +67kg	XU Lei	CHN	
manchester-grand-prix-final-2023	Senior Women +67kg	CASTINEIRA ETCHEVERRIA Tania	ESP	
