british-open-2025	Senior Men -54kg	SHERRATT Alexander	GBR	1
british-open-2025	Senior Men -54kg	GUN Youngsuk Ethan	USA	2
british-open-2025	Senior Men -54kg	GARCIA Noah	POR	3
british-open-2025	Senior Men -54kg	LUQUE RUIZ Pablo	ESP	3
british-open-2025	Senior Men -54kg	YIGIT Hakan	DEN	
british-open-2025	Senior Men -54kg	BAILEY Thomas	GBR	
british-open-2025	Senior Men -54kg	DELGADO David	ESP	
british-open-2025	Senior Men -54kg	ESCOLAR PARRA Ivan	ESP	
british-open-2025	Senior Men -54kg	CRUZ RAMOS Kariel	PUR	
british-open-2025	Senior Men -54kg	ALESIO CAPOLINI Mathis	FRA	
british-open-2025	Senior Men -54kg	HIGNELL Owen	GBR	
british-open-2025	Senior Men -54kg	ZACCONE Francesco	ITA	
british-open-2025	Senior Men -54kg	SERHALAY Jeremiah	NED	
british-open-2025	Senior Men -54kg	LIKOMETI Tedi	ALB	
british-open-2025	Senior Men -54kg	MARTINS Filipe	POR	
british-open-2025	Senior Men -54kg	LA MATTINA Giovanni	ITA	
british-open-2025	Senior Men -54kg	BIN MAJEED Mohammed nasir	LBA	
british-open-2025	Senior Men -54kg	CARRION COSTA Alejandro	ESP	
british-open-2025	Senior Men -54kg	HORSWELL Jordan	GBR	
british-open-2025	Senior Men -58kg	DE DIOS JOSE Alex	ESP	1
british-open-2025	Senior Men -58kg	SARSOZA Zack	GBR	2
british-open-2025	Senior Men -58kg	SPRECA Tommaso	ITA	3
british-open-2025	Senior Men -58kg	TRISTAN Scutaru	ROU	3
british-open-2025	Senior Men -58kg	FARNES Ricki Gene	DEN	
british-open-2025	Senior Men -58kg	ALESIO Sebastien	FRA	
british-open-2025	Senior Men -58kg	BENITEZ Norberto	PUR	
british-open-2025	Senior Men -58kg	KACZAN Neil	GBR	
british-open-2025	Senior Men -58kg	JAMSHIDI Sonil	DEN	
british-open-2025	Senior Men -58kg	RODRIGUEZ Ilay	PUR	
british-open-2025	Senior Men -58kg	THOMPSON Lennon	GBR	
british-open-2025	Senior Men -58kg	AMELHAYI Mehdi	FRA	
british-open-2025	Senior Men -58kg	JAKOVAC Vito	IRL	
british-open-2025	Senior Men -58kg	ASHMORE Cillian	IRL	
british-open-2025	Senior Men -58kg	BEDART Samuel	FRA	
british-open-2025	Senior Men -58kg	SIU William	GBR	
british-open-2025	Senior Men -58kg	KHAN Rayhaan	PAK	
british-open-2025	Senior Men -58kg	ALOUBEADY Abd alsalam	USA	
british-open-2025	Senior Men -63kg	FRAILE Jesus	ESP	1
british-open-2025	Senior Men -63kg	BORGEN Kristian storsul	NOR	2
british-open-2025	Senior Men -63kg	JULES Nathan	FRA	3
british-open-2025	Senior Men -63kg	DELEVAL Herwan	FRA	3
british-open-2025	Senior Men -63kg	MARTINS Alfredo	POR	
british-open-2025	Senior Men -63kg	NAZARIO SANCHEZ Edgardo	PUR	
british-open-2025	Senior Men -63kg	HUBERT Ilan	FRA	
british-open-2025	Senior Men -63kg	BELLO MUNOZ David	ESP	
british-open-2025	Senior Men -63kg	HUY Ethan	FRA	
british-open-2025	Senior Men -63kg	BOURGEOIS Owen	FRA	
british-open-2025	Senior Men -63kg	COSTA Luis	POR	
british-open-2025	Senior Men -63kg	GRANT Gavin	USA	
british-open-2025	Senior Men -63kg	AGAPOV Dmytriy	POR	
british-open-2025	Senior Men -63kg	ZELLER Joao	POR	
british-open-2025	Senior Men -63kg	BUONAIUTO Antonio	GBR	
british-open-2025	Senior Men -63kg	HORVATH Matej	SVK	
british-open-2025	Senior Men -63kg	TEILMANN Anton boesgaard	DEN	
british-open-2025	Senior Men -63kg	PETRAKIS Nikolaos	GRE	
british-open-2025	Senior Men -63kg	SABATIER David	FRA	
british-open-2025	Senior Men -63kg	MATEJKA Matus	SVK	
british-open-2025	Senior Men -68kg	ABAD EXPOSITO Iker	ESP	1
british-open-2025	Senior Men -68kg	HYTTEL Tobias	DEN	2
british-open-2025	Senior Men -68kg	HOWELL Matthew	GBR	3
british-open-2025	Senior Men -68kg	SARR Matar	FRA	3
british-open-2025	Senior Men -68kg	SPEIGHT Leo	ISL	
british-open-2025	Senior Men -68kg	NGUILLA Yandric	FRA	
british-open-2025	Senior Men -68kg	VEGA GAITAN Rommel alejandro	ESP	
british-open-2025	Senior Men -68kg	SETTA Hamad	DEN	
british-open-2025	Senior Men -68kg	SILVA Ricardo	POR	
british-open-2025	Senior Men -68kg	ROSADO CRUZ Yandel	PUR	
british-open-2025	Senior Men -68kg	DE JESUS Luis	PUR	
british-open-2025	Senior Men -68kg	SAIB Badis	FRA	
british-open-2025	Senior Men -68kg	HARRISON Ben	GBR	
british-open-2025	Senior Men -68kg	SOUSA Francisco	POR	
british-open-2025	Senior Men -68kg	STAU HANSEN Max	DEN	
british-open-2025	Senior Men -68kg	SANTIAGO BURGOS Jose daniel	PUR	
british-open-2025	Senior Men -68kg	CORREIA DA SILVA Carlos henrique	BRA	
british-open-2025	Senior Men -68kg	FOX Mackenzie	GBR	
british-open-2025	Senior Men -68kg	JAKOBSEN Carl cai brink	DEN	
british-open-2025	Senior Men -68kg	CHEETHAM Owen	GBR	
british-open-2025	Senior Men -68kg	CAIRNS Dylan	GBR	
british-open-2025	Senior Men -68kg	SUNG Wang shing	HKG	
british-open-2025	Senior Men -68kg	COCKER Christoper	GBR	
british-open-2025	Senior Men -68kg	ANDREOLI Gabriele	ITA	
british-open-2025	Senior Men -68kg	TOFT Joel	DEN	
british-open-2025	Senior Men -68kg	NEYI Esrom	RTA	
british-open-2025	Senior Men -68kg	PEDRO Emidio	POR	
british-open-2025	Senior Men -74kg	JORGENSEN Otto	DEN	1
british-open-2025	Senior Men -74kg	DAWOUD Omer	DEN	2
british-open-2025	Senior Men -74kg	RODRIGUES Victor	USA	3
british-open-2025	Senior Men -74kg	HAIDARI Milad	DEN	3
british-open-2025	Senior Men -74kg	AGBOGBE SALANON Oswin	FRA	
british-open-2025	Senior Men -74kg	AMRI Bassem	FRA	
british-open-2025	Senior Men -74kg	DOYLE Ryan	IRL	
british-open-2025	Senior Men -74kg	NSILU DILANDU Leroy	IRL	
british-open-2025	Senior Men -74kg	MUSKEVITS Aleksandr	EST	
british-open-2025	Senior Men -74kg	REIS Tiago	POR	
british-open-2025	Senior Men -74kg	NIITMETS Keanu	EST	
british-open-2025	Senior Men -74kg	MAGONE Andre	POR	
british-open-2025	Senior Men -74kg	OR Pak lam	GBR	
british-open-2025	Senior Men -74kg	BREGNBALLE Emil	DEN	
british-open-2025	Senior Men -74kg	TAVAREZ Jann dennis	PUR	
british-open-2025	Senior Men -74kg	CARTWRIGHT Max	GBR	
british-open-2025	Senior Men -74kg	SKJOLBERG Sebastian	NOR	
british-open-2025	Senior Men -74kg	GWIAZDOWSKI Kacper	GBR	
british-open-2025	Senior Men -74kg	HAKOBYAN VARDANYAN Alexander	ESP	
british-open-2025	Senior Men -74kg	AIT NACER Ayoub	FRA	
british-open-2025	Senior Men -80kg	MANSOURI Farzad	RTA	1
british-open-2025	Senior Men -80kg	GONZALEZ Alejandro	PUR	2
british-open-2025	Senior Men -80kg	ANGELL Zak	GBR	3
british-open-2025	Senior Men -80kg	PAPADOPOULOS Ioannis	GRE	3
british-open-2025	Senior Men -80kg	SIGURJONSSON Gudmundur floki	ISL	
british-open-2025	Senior Men -80kg	KNIGHT-MITCHELL Dantrell	GBR	
british-open-2025	Senior Men -80kg	ROBLETO David	NCA	
british-open-2025	Senior Men -80kg	THUNE Sebastian	NOR	
british-open-2025	Senior Men -80kg	STAVROPOULOS Theoharys	GBR	
british-open-2025	Senior Men -80kg	BALCIUNAS Gabijus	LTU	
british-open-2025	Senior Men -80kg	BARRUOL Uggo	FRA	
british-open-2025	Senior Men -80kg	MARTINHO Manuel	POR	
british-open-2025	Senior Men -80kg	LAWSON Matheo	TOG	
british-open-2025	Senior Men -80kg	MILAN CANOVAS Juan antonio	ESP	
british-open-2025	Senior Men -80kg	ALIPOUR Sohrab	GBR	
british-open-2025	Senior Men -80kg	CAPUTO Giuseppe	ITA	
british-open-2025	Senior Men -87kg	ORDEMANN Richard andre	NOR	1
british-open-2025	Senior Men -87kg	ISMAIL Abdelazim	KAZ	2
british-open-2025	Senior Men -87kg	MOKHTARI Mohammad	GBR	3
british-open-2025	Senior Men -87kg	RIBEIRO Tiago	POR	3
british-open-2025	Senior Men -87kg	ŠIAULYS Emilis	LTU	
british-open-2025	Senior Men -87kg	ALEJANDRO-VARGAS Diego	PUR	
british-open-2025	Senior Men -87kg	SMITH Xander	GBR	
british-open-2025	Senior Men -87kg	JERMAMI Mehdi	FRA	
british-open-2025	Senior Men -87kg	EL Ayoub	ESP	
british-open-2025	Senior Men +87kg	EL YAZIDI Omar	FRA	1
british-open-2025	Senior Men +87kg	CORREDOR Raul	ESP	2
british-open-2025	Senior Men +87kg	MILLER Logan	GBR	3
british-open-2025	Senior Men +87kg	AGBOGBE SALANON Osmund	FRA	3
british-open-2025	Senior Men +87kg	CLABAUX Thibaut	FRA	
british-open-2025	Senior Men +87kg	VOLGIN Ilja	EST	
british-open-2025	Senior Men +87kg	JOEL Jordan	NGR	
british-open-2025	Senior Men +87kg	RAGNARSSON VIBORG Daniel arnar	ISL	
british-open-2025	Senior Men +87kg	NIEVES TORRES Victor manuel	PUR	
british-open-2025	Senior Women -46kg	CHOI Etta	GBR	1
british-open-2025	Senior Women -46kg	KHORSHIDI Aysa	GBR	2
british-open-2025	Senior Women -46kg	GARCIA MARTINEZ Laura	ESP	3
british-open-2025	Senior Women -46kg	NIKOLAJEVA Stefani	EST	3
british-open-2025	Senior Women -46kg	BARROSO Kiara	POR	
british-open-2025	Senior Women -46kg	ZHAO Huanna	HKG	
british-open-2025	Senior Women -46kg	KWOK Tsz Tung	HKG	
british-open-2025	Senior Women -46kg	GONZALEZ Judith	ESP	
british-open-2025	Senior Women -49kg	CEREZO IGLESIAS Adriana	ESP	1
british-open-2025	Senior Women -49kg	GOODMAN Phoenix	GBR	2
british-open-2025	Senior Women -49kg	BYRNE Ruby	IRL	3
british-open-2025	Senior Women -49kg	LINAN PARDO Naiara	AND	3
british-open-2025	Senior Women -49kg	GARBETT Latisha	GBR	
british-open-2025	Senior Women -49kg	BENE HAMILL Gina	GBR	
british-open-2025	Senior Women -49kg	ARTAGAME Ariela	USA	
british-open-2025	Senior Women -49kg	ZANZI Imene	FRA	
british-open-2025	Senior Women -49kg	SETTA Sara tarik abu	DEN	
british-open-2025	Senior Women -49kg	BRIGNOLI Sofia	ITA	
british-open-2025	Senior Women -53kg	MEIŠTININKAITĖ Gerda	LTU	1
british-open-2025	Senior Women -53kg	GIRE Ines	FRA	2
british-open-2025	Senior Women -53kg	BENETTI Ines	FRA	3
british-open-2025	Senior Women -53kg	BUTTARELLI Aurelie	FRA	3
british-open-2025	Senior Women -53kg	QURESHI Nafisa	GBR	
british-open-2025	Senior Women -53kg	CHOI Ashley	USA	
british-open-2025	Senior Women -53kg	HTUT Eve	GBR	
british-open-2025	Senior Women -53kg	WAEVERSTROM Signe wendt	DEN	
british-open-2025	Senior Women -53kg	SCHOLES Millie	GBR	
british-open-2025	Senior Women -53kg	GARCIA MARQUINA Sofia	ESP	
british-open-2025	Senior Women -53kg	KINGSLEY Lily	GBR	
british-open-2025	Senior Women -53kg	SHAW Elisha	GBR	
british-open-2025	Senior Women -53kg	LUNDBERG Sadhbh	IRL	
british-open-2025	Senior Women -53kg	ABEDALSALAM Mariam	DEN	
british-open-2025	Senior Women -53kg	HOY Lily	GBR	
british-open-2025	Senior Women -53kg	JANOLINO Sam	GBR	
british-open-2025	Senior Women -53kg	BASTOS Filipa	POR	
british-open-2025	Senior Women -53kg	BIANT Laiyla	GBR	
british-open-2025	Senior Women -53kg	SYLTHE Therese	NOR	
british-open-2025	Senior Women -57kg	CARABIN Kanelya	FRA	1
british-open-2025	Senior Women -57kg	RODRIGUEZ Laura	ESP	2
british-open-2025	Senior Women -57kg	BETT Ava	GBR	3
british-open-2025	Senior Women -57kg	SMITH Teigan	GBR	3
british-open-2025	Senior Women -57kg	CORREIA Leonor	POR	
british-open-2025	Senior Women -57kg	MURRAY Kayla	IRL	
british-open-2025	Senior Women -57kg	RASMUSSEN Caroline Bjerring	DEN	
british-open-2025	Senior Women -57kg	TORRES TENA Elena	ESP	
british-open-2025	Senior Women -57kg	FOGED Rosmarin pietak	DEN	
british-open-2025	Senior Women -57kg	DALGAARD Julie	DEN	
british-open-2025	Senior Women -57kg	GUHA Kiera	GBR	
british-open-2025	Senior Women -57kg	KIM Soohyeon	AUS	
british-open-2025	Senior Women -57kg	KHORSHIDI Aida	GBR	
british-open-2025	Senior Women -57kg	REIMUNDEZ Yadira	ESP	
british-open-2025	Senior Women -57kg	KAADACH Sophia jusra	DEN	
british-open-2025	Senior Women -57kg	GHANNAM Maria	DEN	
british-open-2025	Senior Women -57kg	BREVIK Amilie	NOR	
british-open-2025	Senior Women -57kg	BAEZ THOMAS Sofia	PUR	
british-open-2025	Senior Women -57kg	MUSIELLO Giulia	ITA	
british-open-2025	Senior Women -62kg	MARTON Viviana	HUN	1
british-open-2025	Senior Women -62kg	TVARONAVICIUTE Klaudija	LTU	2
british-open-2025	Senior Women -62kg	SOTO CASTILLO Isuangelis	PUR	3
british-open-2025	Senior Women -62kg	MCPHILLIE Neve	GBR	3
british-open-2025	Senior Women -62kg	CHRISTY Beth	GBR	
british-open-2025	Senior Women -62kg	BLITEK Cloe	FRA	
british-open-2025	Senior Women -62kg	LANGOUSTE-ASSOUMAYA Lyhana	FRA	
british-open-2025	Senior Women -62kg	GRETARSDOTTIR Ingibjorg	ISL	
british-open-2025	Senior Women -62kg	RAAGMETS Carmen	EST	
british-open-2025	Senior Women -62kg	ARRONDO BELLOSO Ariadna	ESP	
british-open-2025	Senior Women -62kg	MAHESH Lisbeth	IRL	
british-open-2025	Senior Women -62kg	JAKOVAC Kira	IRL	
british-open-2025	Senior Women -62kg	KRIATSIOTI Anna maria	GRE	
british-open-2025	Senior Women -67kg	MEHNANA Ines	FRA	1
british-open-2025	Senior Women -67kg	KANOUTE Iman	MLI	2
british-open-2025	Senior Women -67kg	ROBERTS Chloe	GBR	3
british-open-2025	Senior Women -67kg	MORENO REYES Lena	ESP	3
british-open-2025	Senior Women -67kg	LOPEZ LAUREANO Valeria	PUR	
british-open-2025	Senior Women -67kg	COELHO Mafalda	POR	
british-open-2025	Senior Women -67kg	DIAZ ISABELLA	PUR	
british-open-2025	Senior Women -67kg	NILSEN Mari romundset	NOR	
british-open-2025	Senior Women -67kg	FREDERIKSEN Kathrine kamp nordentoft	DEN	
british-open-2025	Senior Women -67kg	BISMIR Salma	DEN	
british-open-2025	Senior Women -73kg	GARCIA SUAREZ Helena	ESP	1
british-open-2025	Senior Women -73kg	MACKAY Ruby	GBR	2
british-open-2025	Senior Women -73kg	MARTON Luana	HUN	3
british-open-2025	Senior Women -73kg	ANDERSEN Jasmin	DEN	3
british-open-2025	Senior Women -73kg	VALLO ZURDO Ane	ESP	
british-open-2025	Senior Women -73kg	MEYEUR MOUROT Elora	FRA	
british-open-2025	Senior Women -73kg	KRAMOH Courtney	GBR	
british-open-2025	Senior Women -73kg	HOERMANN Emily	GER	
british-open-2025	Senior Women +73kg	WILLIAMS Lauren	GBR	1
british-open-2025	Senior Women +73kg	ROMAN TORRES Naishka	PUR	2
british-open-2025	Senior Women +73kg	OUASSOU Mouna	FRA	3
british-open-2025	Senior Women +73kg	MOHAMMED Noor nazar	QAT	3
british-open-2025	Senior Women +73kg	HAWASH Dania	SWE	
british-open-2025	Senior Women +73kg	HIGNETT Elizabeth	GBR	
european-club-championships-2025	Senior Men -54kg	PSARROS Aristeidis nikolaos	GRE	1
european-club-championships-2025	Senior Men -54kg	GEORGIEV Hristiyan	BUL	2
european-club-championships-2025	Senior Men -54kg	GUN Youngsuk Ethan	USA	3
european-club-championships-2025	Senior Men -54kg	MARWAN Mussa	SWE	3
european-club-championships-2025	Senior Men -54kg	MELIKYAN Aleks	ARM	
european-club-championships-2025	Senior Men -54kg	OTERO SOUSA Javier	ESP	
european-club-championships-2025	Senior Men -54kg	ZYWARSKI Filip	POL	
european-club-championships-2025	Senior Men -54kg	AL TOOQI Nibras	OMA	
european-club-championships-2025	Senior Men -54kg	KAFATARIDIS Ioannis	GRE	
european-club-championships-2025	Senior Men -54kg	ESSOBAI Mohamed	ESP	
european-club-championships-2025	Senior Men -54kg	SALMANZADE Harun	AZE	
european-club-championships-2025	Senior Men -54kg	MIRANDA Adrian	ECU	
european-club-championships-2025	Senior Men -54kg	KAMKASOUMPHOU Aissa	FRA	
european-club-championships-2025	Senior Men -54kg	CARRION COSTA Alejandro	ESP	
european-club-championships-2025	Senior Men -54kg	DELGADO David	ESP	
european-club-championships-2025	Senior Men -54kg	DAVILA Adrian	ESP	
european-club-championships-2025	Senior Men -54kg	HANAFY Fayez	EST	
european-club-championships-2025	Senior Men -54kg	ROSCA Artiom	MDA	
european-club-championships-2025	Senior Men -54kg	FONTINHA Andre	POR	
european-club-championships-2025	Senior Men -54kg	LEHTINEN Valtteri	FIN	
european-club-championships-2025	Senior Men -58kg	VASILIC Todor	SRB	1
european-club-championships-2025	Senior Men -58kg	DIMITROPOULOS Konstantinos	GRE	2
european-club-championships-2025	Senior Men -58kg	DE DIOS JOSE Alex	ESP	3
european-club-championships-2025	Senior Men -58kg	ESCOLAR PARRA Ivan	ESP	3
european-club-championships-2025	Senior Men -58kg	SIMPARA Youssouf	MLI	
european-club-championships-2025	Senior Men -58kg	VIVES SAEZ Isaac	ESP	
european-club-championships-2025	Senior Men -58kg	USCOV Serghei	MDA	
european-club-championships-2025	Senior Men -58kg	NOWAK Lukasz	POL	
european-club-championships-2025	Senior Men -58kg	KHAZMALYAN Vahe	ARM	
european-club-championships-2025	Senior Men -58kg	AMELHAYI Mehdi	FRA	
european-club-championships-2025	Senior Men -58kg	ANGHEL Mario ignacio	ESP	
european-club-championships-2025	Senior Men -58kg	DEMIR Berk Karan	TUR	
european-club-championships-2025	Senior Men -58kg	IOANNOU Stelios	CYP	
european-club-championships-2025	Senior Men -58kg	LOPES Tiago	POR	
european-club-championships-2025	Senior Men -58kg	SERBETCI Nuri	TUR	
european-club-championships-2025	Senior Men -58kg	DRAZKIEWICZ Igor	POL	
european-club-championships-2025	Senior Men -58kg	ORTIZ GARCIA Pepe	ESP	
european-club-championships-2025	Senior Men -58kg	KAYA Kaan Nusret	TUR	
european-club-championships-2025	Senior Men -58kg	GRAU GARCIA Jose antonio	ESP	
european-club-championships-2025	Senior Men -58kg	ROSSOKHATYI Ruslan	UKR	
european-club-championships-2025	Senior Men -63kg	VICENTE YUNTA Adrian	ESP	1
european-club-championships-2025	Senior Men -63kg	MIRZOIEV Samir	UKR	2
european-club-championships-2025	Senior Men -63kg	KORNEEV Lev	SRB	3
european-club-championships-2025	Senior Men -63kg	OGUZ Niklas kristiansen	NOR	3
european-club-championships-2025	Senior Men -63kg	HUY Ethan	FRA	
european-club-championships-2025	Senior Men -63kg	JULES Nathan	FRA	
european-club-championships-2025	Senior Men -63kg	COMPRELLE Enzo	FRA	
european-club-championships-2025	Senior Men -63kg	QUINONERO Daniel	ESP	
european-club-championships-2025	Senior Men -63kg	KHAMMERMAN Danil	UKR	
european-club-championships-2025	Senior Men -63kg	TZOURAS Georgios	GRE	
european-club-championships-2025	Senior Men -63kg	ARECHABALA Inigo	ESP	
european-club-championships-2025	Senior Men -63kg	MALLOL SORIANO Franc	ESP	
european-club-championships-2025	Senior Men -63kg	SUSILUOTO Otto	FIN	
european-club-championships-2025	Senior Men -63kg	TORKHANI Ibrahim ben ahmed	DEN	
european-club-championships-2025	Senior Men -63kg	DJONKO Ibrahim	BIH	
european-club-championships-2025	Senior Men -63kg	SAFARYN Piotr	POL	
european-club-championships-2025	Senior Men -63kg	FLOURIS Iosif	CYP	
european-club-championships-2025	Senior Men -63kg	PETRAKIS Nikolaos	GRE	
european-club-championships-2025	Senior Men -63kg	VAN PASSEL Guillaume	BEL	
european-club-championships-2025	Senior Men -63kg	LEMMENS Noah	BEL	
european-club-championships-2025	Senior Men -63kg	LAMPRIS Georgios	GRE	
european-club-championships-2025	Senior Men -63kg	ALAKBARLI Fuad	AZE	
european-club-championships-2025	Senior Men -63kg	CIFTCI Muhammed enes	TUR	
european-club-championships-2025	Senior Men -63kg	MAIKOV Vladyslav	UKR	
european-club-championships-2025	Senior Men -63kg	VISINSKI Patrik	CRO	
european-club-championships-2025	Senior Men -68kg	CHRZANOWSKI Mateusz	POL	1
european-club-championships-2025	Senior Men -68kg	BYSTROV Volodymyr	UKR	2
european-club-championships-2025	Senior Men -68kg	MANDIC Milos	SRB	3
european-club-championships-2025	Senior Men -68kg	KRAJISNIK Zarko	SRB	3
european-club-championships-2025	Senior Men -68kg	SARR Matar	FRA	
european-club-championships-2025	Senior Men -68kg	TOFT Joel	DEN	
european-club-championships-2025	Senior Men -68kg	NTOMPROS Ioannis	GRE	
european-club-championships-2025	Senior Men -68kg	LO Mouhamadou mansour	SEN	
european-club-championships-2025	Senior Men -68kg	DJONKO Muhamed	BIH	
european-club-championships-2025	Senior Men -68kg	MILAN CANOVAS Jorge	ESP	
european-club-championships-2025	Senior Men -68kg	MIRZOIEV Simur	UKR	
european-club-championships-2025	Senior Men -68kg	VEGA GAITAN Rommel alejandro	ESP	
european-club-championships-2025	Senior Men -68kg	SZUKALSKI Bartosz	POL	
european-club-championships-2025	Senior Men -68kg	BARBARI Mahdi	GER	
european-club-championships-2025	Senior Men -68kg	JAKOBSEN Carl cai brink	DEN	
european-club-championships-2025	Senior Men -68kg	SPANIDIS Konstantinos	GRE	
european-club-championships-2025	Senior Men -68kg	HONCHAR Nikita	UKR	
european-club-championships-2025	Senior Men -68kg	HARRISON Ben	GBR	
european-club-championships-2025	Senior Men -68kg	ANDREOLI Gabriele	ITA	
european-club-championships-2025	Senior Men -68kg	NIITMETS Keanu	EST	
european-club-championships-2025	Senior Men -68kg	LAUCEVIČIUS Tadas	LTU	
european-club-championships-2025	Senior Men -68kg	MYLLYNEN Niko	FIN	
european-club-championships-2025	Senior Men -68kg	MAKHOUKH Mazine	FRA	
european-club-championships-2025	Senior Men -68kg	BIATETS Maksym	UKR	
european-club-championships-2025	Senior Men -68kg	FARMAKIS Ioannis alexandros	CYP	
european-club-championships-2025	Senior Men -68kg	BERZINS Davids	LAT	
european-club-championships-2025	Senior Men -74kg	MANGUE GAYA Boubacar	NIG	1
european-club-championships-2025	Senior Men -74kg	HUSIC Benjamin	BIH	2
european-club-championships-2025	Senior Men -74kg	QUESADA BARRERA Daniel	ESP	3
european-club-championships-2025	Senior Men -74kg	DUGAC Grga	CRO	3
european-club-championships-2025	Senior Men -74kg	BALAKA Artem	UKR	
european-club-championships-2025	Senior Men -74kg	CUDNOCH Lukasz	POL	
european-club-championships-2025	Senior Men -74kg	ZELENKO Vladyslav	UKR	
european-club-championships-2025	Senior Men -74kg	DAWOUD Omer	DEN	
european-club-championships-2025	Senior Men -74kg	MARCHENKO Mykola	UKR	
european-club-championships-2025	Senior Men -74kg	CEDRUN MARTINEZ Cesar	ESP	
european-club-championships-2025	Senior Men -74kg	CAMMAERTS Andes	BEL	
european-club-championships-2025	Senior Men -74kg	KORSAK Mykhailo	UKR	
european-club-championships-2025	Senior Men -74kg	PAN GARROTE Adrian	ESP	
european-club-championships-2025	Senior Men -74kg	AGBOGBE SALANON Oswin	FRA	
european-club-championships-2025	Senior Men -74kg	JORGENSEN Otto	DEN	
european-club-championships-2025	Senior Men -74kg	MUSKEVITS Aleksandr	EST	
european-club-championships-2025	Senior Men -74kg	RASZKOWSKI Wiktor	POL	
european-club-championships-2025	Senior Men -74kg	PUTNINS Girts	LAT	
european-club-championships-2025	Senior Men -74kg	HRYHORCHUK Andrii	UKR	
european-club-championships-2025	Senior Men -74kg	POLCZYNSKI Adam	POL	
european-club-championships-2025	Senior Men -74kg	PANAGIOTIDIS Andronikos	GRE	
european-club-championships-2025	Senior Men -74kg	SAHITI Mal	KOS	
european-club-championships-2025	Senior Men -74kg	VESTERLUND Linus	SWE	
european-club-championships-2025	Senior Men -74kg	VILAR CONEJERO Francisco	ESP	
european-club-championships-2025	Senior Men -74kg	ALIAN Ali	SWE	
european-club-championships-2025	Senior Men -80kg	HURNOV Kyrylo	UKR	1
european-club-championships-2025	Senior Men -80kg	KOSTENEVYCH Kostiantyn	UKR	2
european-club-championships-2025	Senior Men -80kg	COULIBALY Ismael	MLI	3
european-club-championships-2025	Senior Men -80kg	KOVACIC Oscar	CRO	3
european-club-championships-2025	Senior Men -80kg	MILAN CANOVAS Juan antonio	ESP	
european-club-championships-2025	Senior Men -80kg	HOERMANN Vincent	GER	
european-club-championships-2025	Senior Men -80kg	THUNE Sebastian	NOR	
european-club-championships-2025	Senior Men -80kg	MENDY Mohamed	FRA	
european-club-championships-2025	Senior Men -80kg	GALLAND Warrick	SUI	
european-club-championships-2025	Senior Men -80kg	CAMMAERTS Troy	BEL	
european-club-championships-2025	Senior Men -80kg	BARRUOL Uggo	FRA	
european-club-championships-2025	Senior Men -80kg	GASHI Jon	KOS	
european-club-championships-2025	Senior Men -80kg	AKBABAOZ Muhammed buğrahan	RTA	
european-club-championships-2025	Senior Men -80kg	BENITEZ DONATE Alejandro	ESP	
european-club-championships-2025	Senior Men -80kg	YEFIMOV Oleksandr	UKR	
european-club-championships-2025	Senior Men -87kg	HARBAR Artem	UKR	1
european-club-championships-2025	Senior Men -87kg	NUCI Erol	BIH	2
european-club-championships-2025	Senior Men -87kg	MEHNANA Nahil	FRA	3
european-club-championships-2025	Senior Men -87kg	BRANTUŠA Roko	CRO	3
european-club-championships-2025	Senior Men -87kg	SASMAZTIN Ege	TUR	
european-club-championships-2025	Senior Men -87kg	DOGRU Munir furkan	TUR	
european-club-championships-2025	Senior Men -87kg	AMER ALI Hassan	DEN	
european-club-championships-2025	Senior Men -87kg	VOLGIN Ilja	EST	
european-club-championships-2025	Senior Men -87kg	EL Ayoub	ESP	
european-club-championships-2025	Senior Men +87kg	GARCIA MARTINEZ Ivan	ESP	1
european-club-championships-2025	Senior Men +87kg	ANDREOU Petros	CYP	2
european-club-championships-2025	Senior Men +87kg	MEDIAVILLA Ivan	ESP	3
european-club-championships-2025	Senior Men +87kg	CORREDOR Raul	ESP	3
european-club-championships-2025	Senior Men +87kg	VALENTE Tivini	FPO	
european-club-championships-2025	Senior Men +87kg	MANEA Robert	GER	
european-club-championships-2025	Senior Men +87kg	GOMIS Paivou johnouario	GBS	
european-club-championships-2025	Senior Men +87kg	POLLET Manuel	BEL	
european-club-championships-2025	Senior Men +87kg	GIL LETAMENDI Ander	ESP	
european-club-championships-2025	Senior Men +87kg	TOLEDO OLIVEIRA Bruno henriques	BRA	
european-club-championships-2025	Senior Men +87kg	AGBOGBE-SALANON Osmund	FRA	
european-club-championships-2025	Senior Men +87kg	BRADING Rasmus	SWE	
european-club-championships-2025	Senior Men +87kg	POPOV Theodoros	CYP	
european-club-championships-2025	Senior Women -46kg	MAKAS Dzejla	BIH	1
european-club-championships-2025	Senior Women -46kg	TAMMILA Ida-elina	FIN	2
european-club-championships-2025	Senior Women -46kg	NIKOLAJEVA Stefani	EST	3
european-club-championships-2025	Senior Women -46kg	GAYE Serrah	FRA	3
european-club-championships-2025	Senior Women -46kg	SHVARTS Olha	UKR	
european-club-championships-2025	Senior Women -46kg	BARROSO Kiara	POR	
european-club-championships-2025	Senior Women -46kg	GARCIA MARTINEZ Laura	ESP	
european-club-championships-2025	Senior Women -46kg	GEORGIOU Melina	GRE	
european-club-championships-2025	Senior Women -46kg	KRASKA Maja	POL	
european-club-championships-2025	Senior Women -46kg	MAJLUND Sofia	FIN	
european-club-championships-2025	Senior Women -46kg	CHORNUKHA Mariia	UKR	
european-club-championships-2025	Senior Women -46kg	TAMMILA Ada-emilia	FIN	
european-club-championships-2025	Senior Women -46kg	MORENO MUNOZ Erkuden jinxin	ESP	
european-club-championships-2025	Senior Women -46kg	VAZQUEZ KABDUR Ariadna	ESP	
european-club-championships-2025	Senior Women -46kg	KODAMAN Helin	GER	
european-club-championships-2025	Senior Women -46kg	GARCIES I SALA Lluisa	ESP	
european-club-championships-2025	Senior Women -49kg	GEORGIEVA Aleksandra	BUL	1
european-club-championships-2025	Senior Women -49kg	BOKAN Andrea	SRB	2
european-club-championships-2025	Senior Women -49kg	LINAN PARDO Naiara	AND	3
european-club-championships-2025	Senior Women -49kg	KRAJEWSKA Alicja	POL	3
european-club-championships-2025	Senior Women -49kg	CHOI Ashley	USA	
european-club-championships-2025	Senior Women -49kg	SARGANTANI Charikleia	GRE	
european-club-championships-2025	Senior Women -49kg	BOUROGIANNI Konstantina eleni	GRE	
european-club-championships-2025	Senior Women -49kg	KAMKASOUMPHOU Maysane	FRA	
european-club-championships-2025	Senior Women -49kg	JANUSAUSKAITE Ugne	LTU	
european-club-championships-2025	Senior Women -49kg	YILDIZ Gonca	TUR	
european-club-championships-2025	Senior Women -49kg	RUIZ ROSELL Alba	ESP	
european-club-championships-2025	Senior Women -49kg	FOFANA Mah teninba	FRA	
european-club-championships-2025	Senior Women -49kg	RAMO Jenna	FIN	
european-club-championships-2025	Senior Women -49kg	NSANGU MORALES June	ESP	
european-club-championships-2025	Senior Women -49kg	KARYDI Melina	GRE	
european-club-championships-2025	Senior Women -49kg	KRAJEWSKA Nikola	POL	
european-club-championships-2025	Senior Women -53kg	AVDAGIC Ada	BIH	1
european-club-championships-2025	Senior Women -53kg	KRAISNIK Katarina	BIH	2
european-club-championships-2025	Senior Women -53kg	PAGANI Iris vasiliki	GRE	3
european-club-championships-2025	Senior Women -53kg	SPEHAR Lea	CRO	3
european-club-championships-2025	Senior Women -53kg	RABAUT Elien	BEL	
european-club-championships-2025	Senior Women -53kg	GIRE Ines	FRA	
european-club-championships-2025	Senior Women -53kg	ASIMI Adiba	GER	
european-club-championships-2025	Senior Women -53kg	KAMKASOUMPHOU Lenya	FRA	
european-club-championships-2025	Senior Women -53kg	DE FAZIO Ioanna	GRE	
european-club-championships-2025	Senior Women -53kg	GEORGIADOU Gesthimani	GRE	
european-club-championships-2025	Senior Women -53kg	OLESZCZUK Lucja	POL	
european-club-championships-2025	Senior Women -53kg	KHOBTAR Sofiia	UKR	
european-club-championships-2025	Senior Women -53kg	BUTTARELLI Aurelie	FRA	
european-club-championships-2025	Senior Women -53kg	IBARS ALCANTARA Anna	ESP	
european-club-championships-2025	Senior Women -53kg	MORA DOMINGUEZ Margarita	ESP	
european-club-championships-2025	Senior Women -53kg	HOY Lily	GBR	
european-club-championships-2025	Senior Women -53kg	SEGREDAKI Elpida evangelia	GRE	
european-club-championships-2025	Senior Women -53kg	RENTERIA PEREZ Maialen	ESP	
european-club-championships-2025	Senior Women -57kg	TORRES TENA Elena	ESP	1
european-club-championships-2025	Senior Women -57kg	KOSTENEVYCH Darya	UKR	2
european-club-championships-2025	Senior Women -57kg	HAMZIC Dzejna	BIH	3
european-club-championships-2025	Senior Women -57kg	HEBBAR Nisrin	FRA	3
european-club-championships-2025	Senior Women -57kg	BANGURA Aisha	GER	
european-club-championships-2025	Senior Women -57kg	KRIATSIOTI Anna maria	GRE	
european-club-championships-2025	Senior Women -57kg	VITKO YULIYA	RTA	
european-club-championships-2025	Senior Women -57kg	LISOWSKA Nikol	POL	
european-club-championships-2025	Senior Women -57kg	MAKRYGIANNI Athina	GRE	
european-club-championships-2025	Senior Women -57kg	DULGER Elif Sudem	TUR	
european-club-championships-2025	Senior Women -57kg	TVARONAVICIUTE Klaudija	LTU	
european-club-championships-2025	Senior Women -57kg	MICHALOPOULOU Kyriaki	GRE	
european-club-championships-2025	Senior Women -57kg	KICINSKA Klaudia	POL	
european-club-championships-2025	Senior Women -57kg	VUKIC Margarita	CRO	
european-club-championships-2025	Senior Women -57kg	TEGGERI Markella	CYP	
european-club-championships-2025	Senior Women -57kg	RASMUSSEN Caroline Bjerring	DEN	
european-club-championships-2025	Senior Women -57kg	GEORGIOU Angeliki	GRE	
european-club-championships-2025	Senior Women -57kg	VASILIADOU Eleni	CYP	
european-club-championships-2025	Senior Women -57kg	RADAK Teodora	SRB	
european-club-championships-2025	Senior Women -57kg	GHANNAM Maria	DEN	
european-club-championships-2025	Senior Women -57kg	VAN PASSEL Amelie	BEL	
european-club-championships-2025	Senior Women -57kg	HEINONEN Vilhelmiina	FIN	
european-club-championships-2025	Senior Women -57kg	MAHNU Mariam	DEN	
european-club-championships-2025	Senior Women -57kg	RAVASKA Inka	FIN	
european-club-championships-2025	Senior Women -57kg	KRAJEWSKA Agnieszka	POL	
european-club-championships-2025	Senior Women -57kg	DANIEL Marrin	EST	
european-club-championships-2025	Senior Women -62kg	ARELIC Ivana	CRO	1
european-club-championships-2025	Senior Women -62kg	MARIC Ela	SRB	2
european-club-championships-2025	Senior Women -62kg	ORTIZ BENITO Arlet	ESP	3
european-club-championships-2025	Senior Women -62kg	BLITEK Cloe	FRA	3
european-club-championships-2025	Senior Women -62kg	DOUCET Teeyah	FRA	
european-club-championships-2025	Senior Women -62kg	MESTROVIC Dora	CRO	
european-club-championships-2025	Senior Women -62kg	SZPAK Julia	POL	
european-club-championships-2025	Senior Women -62kg	LANGOUSTE-ASSOUMAYA Lyhana	FRA	
european-club-championships-2025	Senior Women -62kg	RAAGMETS Carmen	EST	
european-club-championships-2025	Senior Women -62kg	TORRENTS QUERA Martina	ESP	
european-club-championships-2025	Senior Women -62kg	VAN WIJNGAARDEN Jada	ESP	
european-club-championships-2025	Senior Women -62kg	LABUZOVA Mariia	UKR	
european-club-championships-2025	Senior Women -62kg	BUGARINOVIC Ema	CRO	
european-club-championships-2025	Senior Women -62kg	SEVO Tamara	SRB	
european-club-championships-2025	Senior Women -62kg	BOUBACIR Madeenah	FRA	
european-club-championships-2025	Senior Women -62kg	STUPAK Kateryna	UKR	
european-club-championships-2025	Senior Women -62kg	DAGNET Miliane haizel	FRA	
european-club-championships-2025	Senior Women -62kg	CHRISTOU Eftichia	CYP	
european-club-championships-2025	Senior Women -62kg	KRAINOVA Marharyta	UKR	
european-club-championships-2025	Senior Women -62kg	BAHRI Elae	NOR	
european-club-championships-2025	Senior Women -62kg	MARTINEZ FEIJOO Erika	ESP	
european-club-championships-2025	Senior Women -62kg	UNZUETA LOPEZ Olatz	ESP	
european-club-championships-2025	Senior Women -62kg	HOVHANNISYAN Meline	ARM	
european-club-championships-2025	Senior Women -62kg	MOCALINA Vladislava	LAT	
european-club-championships-2025	Senior Women -62kg	SJOVALL Mira	FIN	
european-club-championships-2025	Senior Women -67kg	ANYANACHO Elizabeth oluchi	NGR	1
european-club-championships-2025	Senior Women -67kg	MARENTAKI Styliani	GRE	2
european-club-championships-2025	Senior Women -67kg	KLEPAC Nika	CRO	3
european-club-championships-2025	Senior Women -67kg	HADDAD Khalida	FRA	3
european-club-championships-2025	Senior Women -67kg	SARVANAKI Theopoula	GRE	
european-club-championships-2025	Senior Women -67kg	YOUKOUBOVA Karina	FRA	
european-club-championships-2025	Senior Women -67kg	TOMCZAK Tatiana	POL	
european-club-championships-2025	Senior Women -67kg	DIAKITE Bintou	FRA	
european-club-championships-2025	Senior Women -67kg	FABER Isabelle	LUX	
european-club-championships-2025	Senior Women -67kg	NILSEN Mari romundset	NOR	
european-club-championships-2025	Senior Women -67kg	CASPERSSON Alva	SWE	
european-club-championships-2025	Senior Women -67kg	KRUSH Diana	UKR	
european-club-championships-2025	Senior Women -67kg	BOUGHRARA Chahrazed	FIN	
european-club-championships-2025	Senior Women -67kg	MYSZKA Daria	POL	
european-club-championships-2025	Senior Women -73kg	GARCIA SUAREZ Helena	ESP	1
european-club-championships-2025	Senior Women -73kg	BOZANIC Nadica	SRB	2
european-club-championships-2025	Senior Women -73kg	ANDERSEN Jasmin	DEN	3
european-club-championships-2025	Senior Women -73kg	OSSIN Kimi laurene	CIV	3
european-club-championships-2025	Senior Women -73kg	HOERMANN Emily	GER	
european-club-championships-2025	Senior Women -73kg	NOWAK Julia	POL	
european-club-championships-2025	Senior Women -73kg	NTOVA Eirini	GRE	
european-club-championships-2025	Senior Women -73kg	TARVIDA Jolanta	LAT	
european-club-championships-2025	Senior Women -73kg	MORAN ROMERO Belen	ESP	
european-club-championships-2025	Senior Women -73kg	VALLO ZURDO Ane	ESP	
european-club-championships-2025	Senior Women -73kg	ARISTOTELOUS Rafaella	CYP	
european-club-championships-2025	Senior Women -73kg	KUCHERIAVA Polina	UKR	
european-club-championships-2025	Senior Women -73kg	DUMINA Mariia	UKR	
european-club-championships-2025	Senior Women +73kg	KUTS Mariia	UKR	1
european-club-championships-2025	Senior Women +73kg	HELVIGA Viktorija	LAT	2
european-club-championships-2025	Senior Women +73kg	PEREZ MANZANO Violeta	ESP	3
european-club-championships-2025	Senior Women +73kg	HAMADACHE Emna	FRA	3
european-club-championships-2025	Senior Women +73kg	GIL LETAMENDI Ainhize	ESP	
european-club-championships-2025	Senior Women +73kg	HAWASH Dania	SWE	
tallinn-open-2025	Senior Men -54kg	GUN Youngsuk Ethan	USA	1
tallinn-open-2025	Senior Men -54kg	AGENJO TRIGOS Jairo	ESP	2
tallinn-open-2025	Senior Men -54kg	AL TOOQI Nibras	OMA	3
tallinn-open-2025	Senior Men -54kg	OTERO SOUSA Javier	ESP	3
tallinn-open-2025	Senior Men -54kg	MIRANDA Adrian	ECU	
tallinn-open-2025	Senior Men -54kg	MARWAN Mussa	SWE	
tallinn-open-2025	Senior Men -54kg	DAVILA Adrian	ESP	
tallinn-open-2025	Senior Men -54kg	CARRION COSTA Alejandro	ESP	
tallinn-open-2025	Senior Men -54kg	SALMANZADE Harun	AZE	
tallinn-open-2025	Senior Men -54kg	KAMKASSOUMPHOU Aissa	FRA	
tallinn-open-2025	Senior Men -54kg	OWEN Haddad	FRA	
tallinn-open-2025	Senior Men -54kg	MAJCZYNA Bartosz	POL	
tallinn-open-2025	Senior Men -54kg	HANAFY Fayez	EST	
tallinn-open-2025	Senior Men -54kg	YIGIT Hakan	DEN	
tallinn-open-2025	Senior Men -54kg	DELGADO David	ESP	
tallinn-open-2025	Senior Men -54kg	MELIKYAN Aleks	ARM	
tallinn-open-2025	Senior Men -54kg	LEHTINEN Valtteri	FIN	
tallinn-open-2025	Senior Men -58kg	ARILLO VAZQUEZ Hugo	ESP	1
tallinn-open-2025	Senior Men -58kg	VASILIC Todor	SRB	2
tallinn-open-2025	Senior Men -58kg	MARWAN Ebrahim	SWE	3
tallinn-open-2025	Senior Men -58kg	KOUDSI Raphael	LBN	3
tallinn-open-2025	Senior Men -58kg	USCOV Serghei	MDA	
tallinn-open-2025	Senior Men -58kg	ESCOLAR PARRA Ivan	ESP	
tallinn-open-2025	Senior Men -58kg	DRAZKIEWICZ Igor	POL	
tallinn-open-2025	Senior Men -58kg	SIMPARA Youssouf	MLI	
tallinn-open-2025	Senior Men -58kg	JAMSHIDI Sonil	DEN	
tallinn-open-2025	Senior Men -58kg	AMELHAYI Mehdi	FRA	
tallinn-open-2025	Senior Men -58kg	ALESIO Sebastien	FRA	
tallinn-open-2025	Senior Men -58kg	TORRE Elia	ITA	
tallinn-open-2025	Senior Men -58kg	LOPES Tiago	POR	
tallinn-open-2025	Senior Men -58kg	NOWAK Lukasz	POL	
tallinn-open-2025	Senior Men -58kg	FARNES Ricki Gene	DEN	
tallinn-open-2025	Senior Men -58kg	BEDART Samuel	FRA	
tallinn-open-2025	Senior Men -58kg	MAJCZYNA Karol	POL	
tallinn-open-2025	Senior Men -58kg	IOANNOU Stelios	CYP	
tallinn-open-2025	Senior Men -58kg	KHAZMALYAN Vahe	ARM	
tallinn-open-2025	Senior Men -58kg	GRAU GARCIA Jose antonio	ESP	
tallinn-open-2025	Senior Men -63kg	VICENTE YUNTA Adrian	ESP	1
tallinn-open-2025	Senior Men -63kg	JULES Nathan	FRA	2
tallinn-open-2025	Senior Men -63kg	KORNEEV Lev	SRB	3
tallinn-open-2025	Senior Men -63kg	BORGEN Kristian storsul	NOR	3
tallinn-open-2025	Senior Men -63kg	SAFARYN Piotr	POL	
tallinn-open-2025	Senior Men -63kg	TORKHANI Ibrahim ben ahmed	DEN	
tallinn-open-2025	Senior Men -63kg	KHAMMERMAN Danil	UKR	
tallinn-open-2025	Senior Men -63kg	SUSILUOTO Otto	FIN	
tallinn-open-2025	Senior Men -63kg	LEMMENS Noah	BEL	
tallinn-open-2025	Senior Men -63kg	NDIAYE Leopold	FRA	
tallinn-open-2025	Senior Men -63kg	MARTINS Alfredo	POR	
tallinn-open-2025	Senior Men -63kg	DJONKO Ibrahim	BIH	
tallinn-open-2025	Senior Men -63kg	VISINSKI Patrik	CRO	
tallinn-open-2025	Senior Men -63kg	QUINONERO Daniel	ESP	
tallinn-open-2025	Senior Men -63kg	HUY Ethan	FRA	
tallinn-open-2025	Senior Men -63kg	ALAKBARLI Fuad	AZE	
tallinn-open-2025	Senior Men -63kg	LAMPRIS Georgios	GRE	
tallinn-open-2025	Senior Men -63kg	FLOURIS Iosif	CYP	
tallinn-open-2025	Senior Men -63kg	VAN PASSEL Guillaume	BEL	
tallinn-open-2025	Senior Men -68kg	LO Mouhamadou mansour	SEN	1
tallinn-open-2025	Senior Men -68kg	KRAJISNIK Zarko	SRB	2
tallinn-open-2025	Senior Men -68kg	CHRZANOWSKI Mateusz	POL	3
tallinn-open-2025	Senior Men -68kg	DJONKO Muhamed	BIH	3
tallinn-open-2025	Senior Men -68kg	SARR Matar	FRA	
tallinn-open-2025	Senior Men -68kg	MANDIC Milos	SRB	
tallinn-open-2025	Senior Men -68kg	BIATETS Maksym	UKR	
tallinn-open-2025	Senior Men -68kg	SZUKALSKI Bartosz	POL	
tallinn-open-2025	Senior Men -68kg	MYLLYNEN Niko	FIN	
tallinn-open-2025	Senior Men -68kg	STAU HANSEN Max	DEN	
tallinn-open-2025	Senior Men -68kg	MILAN CANOVAS Jorge	ESP	
tallinn-open-2025	Senior Men -68kg	FARMAKIS Ioannis alexandros	CYP	
tallinn-open-2025	Senior Men -68kg	JAKOBSEN Carl cai brink	DEN	
tallinn-open-2025	Senior Men -68kg	HARRISON Ben	GBR	
tallinn-open-2025	Senior Men -68kg	RIBBESTAD Markus	SWE	
tallinn-open-2025	Senior Men -68kg	HYTTEL Tobias	DEN	
tallinn-open-2025	Senior Men -68kg	LAUCEVIČIUS Tadas	LTU	
tallinn-open-2025	Senior Men -68kg	NIITMETS Keanu	EST	
tallinn-open-2025	Senior Men -68kg	MAKHOUKH Mazine	FRA	
tallinn-open-2025	Senior Men -74kg	JORGENSEN Otto	DEN	1
tallinn-open-2025	Senior Men -74kg	QUESADA BARRERA Daniel	ESP	2
tallinn-open-2025	Senior Men -74kg	ALIAN Ali	SWE	3
tallinn-open-2025	Senior Men -74kg	VESTERLUND Linus	SWE	3
tallinn-open-2025	Senior Men -74kg	DUGAC Grga	CRO	
tallinn-open-2025	Senior Men -74kg	MUSKEVITS Aleksandr	EST	
tallinn-open-2025	Senior Men -74kg	SAHITI Mal	KOS	
tallinn-open-2025	Senior Men -74kg	KORSAK Mykhailo	UKR	
tallinn-open-2025	Senior Men -74kg	AMRI Bassem	FRA	
tallinn-open-2025	Senior Men -74kg	MARCHENKO Mykola	UKR	
tallinn-open-2025	Senior Men -74kg	MANGUE GAYA Boubacar	NIG	
tallinn-open-2025	Senior Men -74kg	CAMMAERTS Andes	BEL	
tallinn-open-2025	Senior Men -74kg	ACHAB Badr	BEL	
tallinn-open-2025	Senior Men -74kg	AGBOGBE SALANON Oswin	FRA	
tallinn-open-2025	Senior Men -74kg	DAWOUD Omer	DEN	
tallinn-open-2025	Senior Men -74kg	CUDNOCH Lukasz	POL	
tallinn-open-2025	Senior Men -74kg	MENDONCA Pedro	POR	
tallinn-open-2025	Senior Men -74kg	VILAR CONEJERO Francisco	ESP	
tallinn-open-2025	Senior Men -74kg	POLCZYNSKI Adam	POL	
tallinn-open-2025	Senior Men -80kg	COULIBALY Ismael	MLI	1
tallinn-open-2025	Senior Men -80kg	FERNANDEZ Mikel	ESP	2
tallinn-open-2025	Senior Men -80kg	KOSTENEVYCH Kostiantyn	UKR	3
tallinn-open-2025	Senior Men -80kg	HURNOV Kyrylo	UKR	3
tallinn-open-2025	Senior Men -80kg	BARRUOL Uggo	FRA	
tallinn-open-2025	Senior Men -80kg	AKBABAOZ Muhammed buğrahan	RTA	
tallinn-open-2025	Senior Men -80kg	NIKOLIC Matej	CRO	
tallinn-open-2025	Senior Men -80kg	HOERMANN Vincent	GER	
tallinn-open-2025	Senior Men -80kg	CAMMAERTS Troy	BEL	
tallinn-open-2025	Senior Men -80kg	BALCIUNAS Gabijus	LTU	
tallinn-open-2025	Senior Men -80kg	LAWSON Matheo	TOG	
tallinn-open-2025	Senior Men -80kg	GASHI Jon	KOS	
tallinn-open-2025	Senior Men -80kg	MILAN CANOVAS Juan antonio	ESP	
tallinn-open-2025	Senior Men -80kg	BENITEZ DONATE Alejandro	ESP	
tallinn-open-2025	Senior Men -80kg	GALLAND Warrick	SUI	
tallinn-open-2025	Senior Men -80kg	ALIPOUR Sohrab	GBR	
tallinn-open-2025	Senior Men -87kg	ORDEMANN Richard andre	NOR	1
tallinn-open-2025	Senior Men -87kg	MEHNANA Nahil	FRA	2
tallinn-open-2025	Senior Men -87kg	NUCI Erol	BIH	3
tallinn-open-2025	Senior Men -87kg	AMER ALI Hassan	DEN	3
tallinn-open-2025	Senior Men -87kg	ŠIAULYS Emilis	LTU	
tallinn-open-2025	Senior Men -87kg	VOLGIN Ilja	EST	
tallinn-open-2025	Senior Men +87kg	GARCIA MARTINEZ Ivan	ESP	1
tallinn-open-2025	Senior Men +87kg	ANDREOU Petros	CYP	2
tallinn-open-2025	Senior Men +87kg	POLLET Manuel	BEL	3
tallinn-open-2025	Senior Men +87kg	GOMIS Paivou johnouario	GBS	3
tallinn-open-2025	Senior Men +87kg	MANEA Robert	GER	
tallinn-open-2025	Senior Men +87kg	MEDIAVILLA Ivan	ESP	
tallinn-open-2025	Senior Men +87kg	AGBOGBE-SALANON Osmund	FRA	
tallinn-open-2025	Senior Men +87kg	CORREDOR Raul	ESP	
tallinn-open-2025	Senior Men +87kg	POPOV Theodoros	CYP	
tallinn-open-2025	Senior Men +87kg	BRADING Rasmus	SWE	
tallinn-open-2025	Senior Men +87kg	VALENTE Tivini	FPO	
tallinn-open-2025	Senior Women -46kg	GEORGIOU Melina	GRE	1
tallinn-open-2025	Senior Women -46kg	GAYE Serrah	FRA	2
tallinn-open-2025	Senior Women -46kg	TAMMILA Ida-elina	FIN	3
tallinn-open-2025	Senior Women -46kg	GARCIES I SALA Lluisa	ESP	3
tallinn-open-2025	Senior Women -46kg	GARCIA MARTINEZ Laura	ESP	
tallinn-open-2025	Senior Women -46kg	BARROSO Kiara	POR	
tallinn-open-2025	Senior Women -46kg	STURARI Alessia	ITA	
tallinn-open-2025	Senior Women -46kg	VAZQUEZ KABDUR Ariadna	ESP	
tallinn-open-2025	Senior Women -46kg	TAMMILA Ada-emilia	FIN	
tallinn-open-2025	Senior Women -46kg	NIKOLAJEVA Stefani	EST	
tallinn-open-2025	Senior Women -46kg	MAJLUND Sofia	FIN	
tallinn-open-2025	Senior Women -49kg	BOKAN Andrea	SRB	1
tallinn-open-2025	Senior Women -49kg	KAMKASOUMPHOU Maysane	FRA	2
tallinn-open-2025	Senior Women -49kg	KLISOWSKA Zuzanna	POL	3
tallinn-open-2025	Senior Women -49kg	FOFANA Mah teninba	FRA	3
tallinn-open-2025	Senior Women -49kg	BAJER Wiktoria	POL	
tallinn-open-2025	Senior Women -49kg	SYDORENKO Anastasiia	LTU	
tallinn-open-2025	Senior Women -49kg	LINAN PARDO Naiara	AND	
tallinn-open-2025	Senior Women -49kg	CHOI Ashley	USA	
tallinn-open-2025	Senior Women -49kg	ABEDALSALAM Mariam	DEN	
tallinn-open-2025	Senior Women -49kg	LUIRO Enna	FIN	
tallinn-open-2025	Senior Women -49kg	KARYDI Melina	GRE	
tallinn-open-2025	Senior Women -49kg	RAMO Jenna	FIN	
tallinn-open-2025	Senior Women -53kg	SPEHAR Lea	CRO	1
tallinn-open-2025	Senior Women -53kg	BUTTARELLI Aurelie	FRA	2
tallinn-open-2025	Senior Women -53kg	KHOBTAR Sofiia	UKR	3
tallinn-open-2025	Senior Women -53kg	OLESZCUK Lucja	POL	3
tallinn-open-2025	Senior Women -53kg	SUSILUOTO Inari	FIN	
tallinn-open-2025	Senior Women -53kg	MEIŠTININKAITĖ Gerda	LTU	
tallinn-open-2025	Senior Women -53kg	RABAUT Elien	BEL	
tallinn-open-2025	Senior Women -53kg	BOU HABIB Mariella	LBN	
tallinn-open-2025	Senior Women -53kg	MORA DOMINGUEZ Margarita	ESP	
tallinn-open-2025	Senior Women -53kg	WAEVERSTROM Signe wendt	DEN	
tallinn-open-2025	Senior Women -53kg	KAMKASOUMPHOU Lenya	FRA	
tallinn-open-2025	Senior Women -53kg	OSLOVAR Viktorija	CRO	
tallinn-open-2025	Senior Women -53kg	GEORGIADOU Gesthimani	GRE	
tallinn-open-2025	Senior Women -53kg	KLAKALA Magdalini	GRE	
tallinn-open-2025	Senior Women -53kg	GIRE Ines	FRA	
tallinn-open-2025	Senior Women -53kg	HOY Lily	GBR	
tallinn-open-2025	Senior Women -57kg	AOUN Laetitia	LBN	1
tallinn-open-2025	Senior Women -57kg	VITKO Yuliya	AIN	2
tallinn-open-2025	Senior Women -57kg	MAKRYGIANNI Athina	GRE	3
tallinn-open-2025	Senior Women -57kg	RADAK Teodora	SRB	3
tallinn-open-2025	Senior Women -57kg	LISOWSKA Nikol	POL	
tallinn-open-2025	Senior Women -57kg	KICINSKA Klaudia	POL	
tallinn-open-2025	Senior Women -57kg	AVDAGIC Ada	BIH	
tallinn-open-2025	Senior Women -57kg	KRAJEWSKA Agnieszka	POL	
tallinn-open-2025	Senior Women -57kg	TORRES TENA Elena	ESP	
tallinn-open-2025	Senior Women -57kg	BANGURA Aisha	GER	
tallinn-open-2025	Senior Women -57kg	TEGGERI Markella	CYP	
tallinn-open-2025	Senior Women -57kg	GHANNAM Maria	DEN	
tallinn-open-2025	Senior Women -57kg	VAN PASSEL Amelie	BEL	
tallinn-open-2025	Senior Women -57kg	RAVASKA Inka	FIN	
tallinn-open-2025	Senior Women -57kg	VUKIC Margarita	CRO	
tallinn-open-2025	Senior Women -57kg	GUAITA Greta	ITA	
tallinn-open-2025	Senior Women -57kg	VASILIADOU Eleni	CYP	
tallinn-open-2025	Senior Women -57kg	DANIEL Marrin	EST	
tallinn-open-2025	Senior Women -57kg	GUSTAFSSON Ada	FIN	
tallinn-open-2025	Senior Women -57kg	KAADACH Sophia jusra	DEN	
tallinn-open-2025	Senior Women -57kg	HEBBAR Nisrin	FRA	
tallinn-open-2025	Senior Women -57kg	FOGED Rosmarin pietak	DEN	
tallinn-open-2025	Senior Women -62kg	ORTIZ BENITO Arlet	ESP	1
tallinn-open-2025	Senior Women -62kg	DOUCET Teeyah	FRA	2
tallinn-open-2025	Senior Women -62kg	TVARONAVICIUTE Klaudija	LTU	3
tallinn-open-2025	Senior Women -62kg	MARIC Ela	SRB	3
tallinn-open-2025	Senior Women -62kg	LANGOUSTE-ASSOUMAYA Lyhana	FRA	
tallinn-open-2025	Senior Women -62kg	SZPAK Julia	POL	
tallinn-open-2025	Senior Women -62kg	BUGARINOVIC Ema	CRO	
tallinn-open-2025	Senior Women -62kg	BLITEK Cloe	FRA	
tallinn-open-2025	Senior Women -62kg	KUCINSKA Zofia	POL	
tallinn-open-2025	Senior Women -62kg	SEVO Tamara	SRB	
tallinn-open-2025	Senior Women -62kg	VAN WIJNGAARDEN Jada	ESP	
tallinn-open-2025	Senior Women -62kg	HAMIDI Marzieh	RTA	
tallinn-open-2025	Senior Women -62kg	BOUBACIR Madeenah	FRA	
tallinn-open-2025	Senior Women -62kg	MOCALINA Vladislava	LAT	
tallinn-open-2025	Senior Women -62kg	SJOVALL Mira	FIN	
tallinn-open-2025	Senior Women -62kg	KARLSSON Alma friis	DEN	
tallinn-open-2025	Senior Women -62kg	KRAINOVA Marharyta	UKR	
tallinn-open-2025	Senior Women -62kg	HOVHANNISYAN Meline	ARM	
tallinn-open-2025	Senior Women -62kg	CHRISTOU Eftichia	CYP	
tallinn-open-2025	Senior Women -62kg	RAAGMETS Carmen	EST	
tallinn-open-2025	Senior Women -67kg	ANYANACHO Elizabeth oluchi	NGR	1
tallinn-open-2025	Senior Women -67kg	DIAKITE Bintou	FRA	2
tallinn-open-2025	Senior Women -67kg	HADDAD Khalida	FRA	3
tallinn-open-2025	Senior Women -67kg	KLEPAC Nika	CRO	3
tallinn-open-2025	Senior Women -67kg	NILSEN Mari romundset	NOR	
tallinn-open-2025	Senior Women -67kg	MIKALEVICIUTE Melita	LTU	
tallinn-open-2025	Senior Women -67kg	TOMCZAK Tatiana	POL	
tallinn-open-2025	Senior Women -67kg	MEHNANA Ines	FRA	
tallinn-open-2025	Senior Women -67kg	YOUKOUBOVA Karina	FRA	
tallinn-open-2025	Senior Women -67kg	ARELIC Ivana	CRO	
tallinn-open-2025	Senior Women -67kg	FREDERIKSEN Kathrine kamp nordentoft	DEN	
tallinn-open-2025	Senior Women -67kg	BOUSTANY Carla	LBN	
tallinn-open-2025	Senior Women -67kg	CASPERSSON Alva	SWE	
tallinn-open-2025	Senior Women -67kg	BISMIR Salma	DEN	
tallinn-open-2025	Senior Women -67kg	FABER Isabelle	LUX	
tallinn-open-2025	Senior Women -73kg	CHAARI Sarah	BEL	1
tallinn-open-2025	Senior Women -73kg	MORAN ROMERO Belen	ESP	2
tallinn-open-2025	Senior Women -73kg	BOZANIC Nadica	SRB	3
tallinn-open-2025	Senior Women -73kg	NOWAK Julia	POL	3
tallinn-open-2025	Senior Women -73kg	GUELI Sophie	HUN	
tallinn-open-2025	Senior Women -73kg	ARISTOTELOUS Rafaella	CYP	
tallinn-open-2025	Senior Women -73kg	GARCIA SUAREZ Helena	ESP	
tallinn-open-2025	Senior Women -73kg	VALLO ZURDO Ane	ESP	
tallinn-open-2025	Senior Women +73kg	HELVIGA Viktorija	LAT	1
tallinn-open-2025	Senior Women +73kg	HAMADACHE Emna	FRA	2
tallinn-open-2025	Senior Women +73kg	AKBABAOZ Ayca	FIN	3
tallinn-open-2025	Senior Women +73kg	HAWASH Dania	SWE	3
presidents-cup-europe-2025	Senior Men -54kg	PSARROS Aristeidis nikolaos	GRE	1
presidents-cup-europe-2025	Senior Men -54kg	YELALDI Kaan	TUR	2
presidents-cup-europe-2025	Senior Men -54kg	AGENJO Jairo	ESP	3
presidents-cup-europe-2025	Senior Men -54kg	BALAKHNEEV Dmitriy	AIN	3
presidents-cup-europe-2025	Senior Men -54kg	ALDAOUD Ja'afar	JOR	
presidents-cup-europe-2025	Senior Men -54kg	UZUN Murat Semih	TUR	
presidents-cup-europe-2025	Senior Men -54kg	KAZLOU Yahor	AIN	
presidents-cup-europe-2025	Senior Men -54kg	KANELLOS Marios	GRE	
presidents-cup-europe-2025	Senior Men -54kg	KURU Alihan	TUR	
presidents-cup-europe-2025	Senior Men -54kg	TESKERA Josip	CRO	
presidents-cup-europe-2025	Senior Men -54kg	ZYWARSKI Filip	POL	
presidents-cup-europe-2025	Senior Men -54kg	PISGIN Akin	TUR	
presidents-cup-europe-2025	Senior Men -54kg	KAZLOU Aliaksandr	AIN	
presidents-cup-europe-2025	Senior Men -54kg	TURKALJ Luka	CRO	
presidents-cup-europe-2025	Senior Men -54kg	OTERO Javier	ESP	
presidents-cup-europe-2025	Senior Men -54kg	GULUZADE Bahruz	AZE	
presidents-cup-europe-2025	Senior Men -54kg	ZACCONE Francesco	ITA	
presidents-cup-europe-2025	Senior Men -54kg	GARCIA Noah	FRA	
presidents-cup-europe-2025	Senior Men -54kg	DOLAS Sirac	TUR	
presidents-cup-europe-2025	Senior Men -54kg	LUQUE Pablo	ESP	
presidents-cup-europe-2025	Senior Men -54kg	MELIKYAN Aleks	ARM	
presidents-cup-europe-2025	Senior Men -54kg	CARRION COSTA Alejandro	ESP	
presidents-cup-europe-2025	Senior Men -54kg	PANTOS Evangelos	GRE	
presidents-cup-europe-2025	Senior Men -54kg	ESCOLAR Ivan	ESP	
presidents-cup-europe-2025	Senior Men -54kg	CURVELO Johan	VEN	
presidents-cup-europe-2025	Senior Men -54kg	TRIANTAFYLLOU Dimitrios	GRE	
presidents-cup-europe-2025	Senior Men -54kg	MOLJ Ozbolt	SLO	
presidents-cup-europe-2025	Senior Men -54kg	DEL Manuel	ESP	
presidents-cup-europe-2025	Senior Men -54kg	GEORGIEV Hristiyan	BUL	
presidents-cup-europe-2025	Senior Men -54kg	YIGIT Hakan	DEN	
presidents-cup-europe-2025	Senior Men -54kg	GRITSENKO Vladimir	AIN	
presidents-cup-europe-2025	Senior Men -54kg	HORSWELL Jordan	GBR	
presidents-cup-europe-2025	Senior Men -54kg	CIRES Alejandro	ESP	
presidents-cup-europe-2025	Senior Men -58kg	DELL'AQUILA Vito	ITA	1
presidents-cup-europe-2025	Senior Men -58kg	BAGOV Idar	AIN	2
presidents-cup-europe-2025	Senior Men -58kg	GURTSIEV Georgii	AIN	3
presidents-cup-europe-2025	Senior Men -58kg	MOLJ Domen	SLO	3
presidents-cup-europe-2025	Senior Men -58kg	POLAT Gorkem	TUR	
presidents-cup-europe-2025	Senior Men -58kg	FRAILE Jesus	ESP	
presidents-cup-europe-2025	Senior Men -58kg	BADEM Yusuf	TUR	
presidents-cup-europe-2025	Senior Men -58kg	KORNEEV Lev	SRB	
presidents-cup-europe-2025	Senior Men -58kg	DEL Teodoro	ITA	
presidents-cup-europe-2025	Senior Men -58kg	VASILIC Todor	SRB	
presidents-cup-europe-2025	Senior Men -58kg	GERARDIS Georgios	GRE	
presidents-cup-europe-2025	Senior Men -58kg	DIMITROPOULOS Konstantinos	GRE	
presidents-cup-europe-2025	Senior Men -58kg	KAPLAN Enes	TUR	
presidents-cup-europe-2025	Senior Men -58kg	BESAEV Azat	AIN	
presidents-cup-europe-2025	Senior Men -58kg	MANENKOV Maksym	UKR	
presidents-cup-europe-2025	Senior Men -58kg	GUSEINOV Damir	AIN	
presidents-cup-europe-2025	Senior Men -58kg	VALIYEV Rahid	AZE	
presidents-cup-europe-2025	Senior Men -58kg	YOUSIF Mahmoud bassam	JOR	
presidents-cup-europe-2025	Senior Men -58kg	YARLI Abdullah Omer	TUR	
presidents-cup-europe-2025	Senior Men -58kg	ARILLO Hugo	ESP	
presidents-cup-europe-2025	Senior Men -58kg	CIRIVELLO Gaetano	ITA	
presidents-cup-europe-2025	Senior Men -58kg	FARNES Ricki Gene	DEN	
presidents-cup-europe-2025	Senior Men -58kg	CONTI Andrea	ITA	
presidents-cup-europe-2025	Senior Men -58kg	MEHLMANN Daniel	GER	
presidents-cup-europe-2025	Senior Men -58kg	STRUGLINSKI Bartosz	POL	
presidents-cup-europe-2025	Senior Men -58kg	ADEMI Bleron	KOS	
presidents-cup-europe-2025	Senior Men -58kg	GELADZE Vitali	GEO	
presidents-cup-europe-2025	Senior Men -58kg	SERBETCI Nuri	TUR	
presidents-cup-europe-2025	Senior Men -58kg	DELEVAL Herwan	FRA	
presidents-cup-europe-2025	Senior Men -58kg	CARATOZZOLO A.(ITA) (x) CARATOZZOLO Antoni	ITA	
presidents-cup-europe-2025	Senior Men -58kg	TORRE Elia	ITA	
presidents-cup-europe-2025	Senior Men -58kg	IVKOVIC Relja	SRB	
presidents-cup-europe-2025	Senior Men -58kg	YAKIMOV Tsvetan	BUL	
presidents-cup-europe-2025	Senior Men -58kg	AMELHAYI Mehdi	FRA	
presidents-cup-europe-2025	Senior Men -58kg	CAMOGLU Furkan ubeyde	TUR	
presidents-cup-europe-2025	Senior Men -58kg	CHARNIAK Viktar	AIN	
presidents-cup-europe-2025	Senior Men -58kg	MALIAKAS Charilaos	GRE	
presidents-cup-europe-2025	Senior Men -58kg	DRAZKIEWICZ Igor	POL	
presidents-cup-europe-2025	Senior Men -58kg	ERBULUT Berke	TUR	
presidents-cup-europe-2025	Senior Men -58kg	DELGADO David	ESP	
presidents-cup-europe-2025	Senior Men -58kg	NACHEV Luboslav	BUL	
presidents-cup-europe-2025	Senior Men -58kg	ANGHEL Mario ignacio	ESP	
presidents-cup-europe-2025	Senior Men -58kg	THOMPSON Lennon	GBR	
presidents-cup-europe-2025	Senior Men -58kg	JAMSHIDI Sonil	DEN	
presidents-cup-europe-2025	Senior Men -58kg	PAPAZOGONOPOULOS Dimitrios Arist	GRE	
presidents-cup-europe-2025	Senior Men -58kg	GRAU Jose Antonio	ESP	
presidents-cup-europe-2025	Senior Men -58kg	NOWAK Lukasz	POL	
presidents-cup-europe-2025	Senior Men -58kg	HRABEC Dimitrije	SRB	
presidents-cup-europe-2025	Senior Men -58kg	BENITEZ Norberto	ESP	
presidents-cup-europe-2025	Senior Men -58kg	ALESIO Sebastien	FRA	
presidents-cup-europe-2025	Senior Men -58kg	HOIDZ Roman	AIN	
presidents-cup-europe-2025	Senior Men -58kg	VINOGRADOV Pavel	AIN	
presidents-cup-europe-2025	Senior Men -58kg	FOTI Giuseppe	ITA	
presidents-cup-europe-2025	Senior Men -58kg	SALIM Sharif gergely	HUN	
presidents-cup-europe-2025	Senior Men -63kg	VICENTE Adrian	ESP	1
presidents-cup-europe-2025	Senior Men -63kg	AYDOGAN Hamza osman	TUR	2
presidents-cup-europe-2025	Senior Men -63kg	BARETTA Dennis	ITA	3
presidents-cup-europe-2025	Senior Men -63kg	OSIN Maksim	AIN	3
presidents-cup-europe-2025	Senior Men -63kg	LO Daniel	ITA	
presidents-cup-europe-2025	Senior Men -63kg	SALIM Omar gergely	HUN	
presidents-cup-europe-2025	Senior Men -63kg	FLEGAR Jan	CRO	
presidents-cup-europe-2025	Senior Men -63kg	MIRZOIEV Samir	UKR	
presidents-cup-europe-2025	Senior Men -63kg	DJONKO Ibrahim	BIH	
presidents-cup-europe-2025	Senior Men -63kg	RAVET Cyrian	FRA	
presidents-cup-europe-2025	Senior Men -63kg	JULES Nathan	FRA	
presidents-cup-europe-2025	Senior Men -63kg	ALTARYREH Mahmoud	JOR	
presidents-cup-europe-2025	Senior Men -63kg	BORGEN Kristian storsul	NOR	
presidents-cup-europe-2025	Senior Men -63kg	DAYIOGLU Omer faruk	TUR	
presidents-cup-europe-2025	Senior Men -63kg	KAVTARADZE Beka	GEO	
presidents-cup-europe-2025	Senior Men -63kg	CAPUANO Lorenzo	FRA	
presidents-cup-europe-2025	Senior Men -63kg	GOKMEN Enes Malik	TUR	
presidents-cup-europe-2025	Senior Men -63kg	SAFARYN Piotr	POL	
presidents-cup-europe-2025	Senior Men -63kg	IURLARO Ludovico	ITA	
presidents-cup-europe-2025	Senior Men -63kg	SUSILUOTO Otto	FIN	
presidents-cup-europe-2025	Senior Men -63kg	TAHMAZOV Fuad	AZE	
presidents-cup-europe-2025	Senior Men -63kg	SIMEONOV Martin	BUL	
presidents-cup-europe-2025	Senior Men -63kg	MAGOMEDOV Gashim	AZE	
presidents-cup-europe-2025	Senior Men -63kg	MIHAJLOVIC Vuk	SRB	
presidents-cup-europe-2025	Senior Men -63kg	FUNKENDORF Vladyslav	UKR	
presidents-cup-europe-2025	Senior Men -63kg	WOOLLEY Jack	ESP	
presidents-cup-europe-2025	Senior Men -63kg	BANDAREVICH Maksim	AIN	
presidents-cup-europe-2025	Senior Men -63kg	SANTINELLI Christian	ITA	
presidents-cup-europe-2025	Senior Men -63kg	PAPIEROWSKI Dominik	POL	
presidents-cup-europe-2025	Senior Men -63kg	DEINICHENKO Aleksandr	AIN	
presidents-cup-europe-2025	Senior Men -63kg	TORKHANI Ibrahim ben ahmed	DEN	
presidents-cup-europe-2025	Senior Men -63kg	TZOURAS Georgios	GRE	
presidents-cup-europe-2025	Senior Men -63kg	SPANIDIS Konstantinos	GRE	
presidents-cup-europe-2025	Senior Men -63kg	SANTELLA Alessio	ITA	
presidents-cup-europe-2025	Senior Men -63kg	NESTOROVIĆ Vasilije	MNE	
presidents-cup-europe-2025	Senior Men -63kg	CARANGIO Francesco	ITA	
presidents-cup-europe-2025	Senior Men -63kg	KUNT Ali Agah	TUR	
presidents-cup-europe-2025	Senior Men -63kg	BERNANDO Mirko	ITA	
presidents-cup-europe-2025	Senior Men -63kg	BAHDANAU Zakhar	AIN	
presidents-cup-europe-2025	Senior Men -63kg	MERDANAJ Ernest	ALB	
presidents-cup-europe-2025	Senior Men -63kg	KAYA Emir Can	TUR	
presidents-cup-europe-2025	Senior Men -63kg	VISINSKI Patrik	CRO	
presidents-cup-europe-2025	Senior Men -63kg	CIUPA Bartlomiej	POL	
presidents-cup-europe-2025	Senior Men -63kg	BELANOVIC Uros	SRB	
presidents-cup-europe-2025	Senior Men -68kg	VYKOV Amir	AIN	1
presidents-cup-europe-2025	Senior Men -68kg	HOWELL Matthew	GBR	2
presidents-cup-europe-2025	Senior Men -68kg	ABAD Iker	ESP	3
presidents-cup-europe-2025	Senior Men -68kg	ERER Berkay	TUR	3
presidents-cup-europe-2025	Senior Men -68kg	DANILOV Ilia	AIN	
presidents-cup-europe-2025	Senior Men -68kg	JORQUERA Joan	ESP	
presidents-cup-europe-2025	Senior Men -68kg	CREP Matija	CRO	
presidents-cup-europe-2025	Senior Men -68kg	KRAJISNIK Zarko	SRB	
presidents-cup-europe-2025	Senior Men -68kg	MANDIC Milos	SRB	
presidents-cup-europe-2025	Senior Men -68kg	LUCIEN Theo	FRA	
presidents-cup-europe-2025	Senior Men -68kg	SALANOVA Adrian	ESP	
presidents-cup-europe-2025	Senior Men -68kg	GLASNOVIC Leon	CRO	
presidents-cup-europe-2025	Senior Men -68kg	MIRZOIEV Simur	UKR	
presidents-cup-europe-2025	Senior Men -68kg	TCAKOEV Sarmat	AIN	
presidents-cup-europe-2025	Senior Men -68kg	CHRZANOWSKI Mateusz	POL	
presidents-cup-europe-2025	Senior Men -68kg	COSGUNGONUL Bugra	TUR	
presidents-cup-europe-2025	Senior Men -68kg	LUPO Davide	ITA	
presidents-cup-europe-2025	Senior Men -68kg	SZUKALSKI Bartosz	POL	
presidents-cup-europe-2025	Senior Men -68kg	RECBER Hakan	TUR	
presidents-cup-europe-2025	Senior Men -68kg	SPEIGHT Leo	ISL	
presidents-cup-europe-2025	Senior Men -68kg	SHIRALIYEV Riyad	AZE	
presidents-cup-europe-2025	Senior Men -68kg	ALAPHILIPPE Souleyman	FRA	
presidents-cup-europe-2025	Senior Men -68kg	BYSTROV Volodymyr	UKR	
presidents-cup-europe-2025	Senior Men -68kg	MIATLITSKI Matsvei	AIN	
presidents-cup-europe-2025	Senior Men -68kg	GOLEMAC Nikola	DEN	
presidents-cup-europe-2025	Senior Men -68kg	BARKOF Alexandros	GRE	
presidents-cup-europe-2025	Senior Men -68kg	DJONKO Muhamed	BIH	
presidents-cup-europe-2025	Senior Men -68kg	GIORDANO Riccardo	ITA	
presidents-cup-europe-2025	Senior Men -68kg	MAGERRAMOV Dzhavid	AIN	
presidents-cup-europe-2025	Senior Men -68kg	JAKOBSEN Carl cai brink	DEN	
presidents-cup-europe-2025	Senior Men -68kg	PERCIN Emir	TUR	
presidents-cup-europe-2025	Senior Men -68kg	BURUSIC Marko	SRB	
presidents-cup-europe-2025	Senior Men -68kg	USCIMIUK Sebastian	POL	
presidents-cup-europe-2025	Senior Men -68kg	ANDREOLI Gabriele	ITA	
presidents-cup-europe-2025	Senior Men -68kg	MORADI Erfan	IRL	
presidents-cup-europe-2025	Senior Men -68kg	SALIMOV Vasif	AZE	
presidents-cup-europe-2025	Senior Men -68kg	STAU Max	DEN	
presidents-cup-europe-2025	Senior Men -68kg	DALVA Joel	ESP	
presidents-cup-europe-2025	Senior Men -68kg	TURKULJ Uros	SRB	
presidents-cup-europe-2025	Senior Men -68kg	ARTAMONOV Mikhail	AIN	
presidents-cup-europe-2025	Senior Men -68kg	ZIOGAS Andreas Neoklis	GRE	
presidents-cup-europe-2025	Senior Men -68kg	ALBERT Ivan	ESP	
presidents-cup-europe-2025	Senior Men -68kg	MAKHOUKH Mazine	FRA	
presidents-cup-europe-2025	Senior Men -68kg	PAPPAS Lampros	GRE	
presidents-cup-europe-2025	Senior Men -68kg	FINDZIUKEVICH Ivan	AIN	
presidents-cup-europe-2025	Senior Men -68kg	AGUSHI Elion	KOS	
presidents-cup-europe-2025	Senior Men -68kg	KOVTUN Pavel	AIN	
presidents-cup-europe-2025	Senior Men -68kg	MAGERRAMOV D.(AIN) (34) POLCZYNSKI Adam	POL	
presidents-cup-europe-2025	Senior Men -68kg	SETTA Hamad	DEN	
presidents-cup-europe-2025	Senior Men -74kg	ABDUSALAMOV Magomed	AIN	1
presidents-cup-europe-2025	Senior Men -74kg	POLAT Mehmet Kani	TUR	2
presidents-cup-europe-2025	Senior Men -74kg	KINTSURASHVILI Zurab	GEO	3
presidents-cup-europe-2025	Senior Men -74kg	QUESADA Daniel	ESP	3
presidents-cup-europe-2025	Senior Men -74kg	BALAKA Artem	UKR	
presidents-cup-europe-2025	Senior Men -74kg	KORPE Omer furkan	TUR	
presidents-cup-europe-2025	Senior Men -74kg	TAKOV Stefan	SRB	
presidents-cup-europe-2025	Senior Men -74kg	AGHAYEV Javad	AZE	
presidents-cup-europe-2025	Senior Men -74kg	MANGIONE Angelo	ITA	
presidents-cup-europe-2025	Senior Men -74kg	DAWOUD Omer	DEN	
presidents-cup-europe-2025	Senior Men -74kg	FLOUSKOUNIS Charalampos	GRE	
presidents-cup-europe-2025	Senior Men -74kg	BECOVIC Zinedin	MNE	
presidents-cup-europe-2025	Senior Men -74kg	SITTEK Tomas	CZE	
presidents-cup-europe-2025	Senior Men -74kg	OZDEMIR Eren	TUR	
presidents-cup-europe-2025	Senior Men -74kg	GOLUBIC Marko	CRO	
presidents-cup-europe-2025	Senior Men -74kg	DUGAC Grga	CRO	
presidents-cup-europe-2025	Senior Men -74kg	ROSATO Thomas	ITA	
presidents-cup-europe-2025	Senior Men -74kg	TSOLAS Themistoklis	GRE	
presidents-cup-europe-2025	Senior Men -74kg	DAUROV Kadyrbech	AIN	
presidents-cup-europe-2025	Senior Men -74kg	PROCOPCIUC Lucian	POR	
presidents-cup-europe-2025	Senior Men -74kg	PANASENKOV Kirill	AIN	
presidents-cup-europe-2025	Senior Men -74kg	BABAKHIN Artsiom	AIN	
presidents-cup-europe-2025	Senior Men -74kg	KORSAK Mykhailo	UKR	
presidents-cup-europe-2025	Senior Men -74kg	CHUMACHENKO Andrii	UKR	
presidents-cup-europe-2025	Senior Men -74kg	JORGENSEN Otto	DEN	
presidents-cup-europe-2025	Senior Men -74kg	AMRI Bassem	FRA	
presidents-cup-europe-2025	Senior Men -74kg	HUSIC Benjamin	BIH	
presidents-cup-europe-2025	Senior Men -74kg	CUDNOCH Lukasz	POL	
presidents-cup-europe-2025	Senior Men -74kg	CELIN Lyve-stone	FRA	
presidents-cup-europe-2025	Senior Men -74kg	STAMENOV Stefan	BUL	
presidents-cup-europe-2025	Senior Men -74kg	SAHITI Mal	KOS	
presidents-cup-europe-2025	Senior Men -74kg	LILOV Krasimir	BUL	
presidents-cup-europe-2025	Senior Men -74kg	SHADZEUSKI Yauheni	AIN	
presidents-cup-europe-2025	Senior Men -74kg	KOMATINA Ognjen	MNE	
presidents-cup-europe-2025	Senior Men -74kg	TAYLOR Rayvaughn	GBR	
presidents-cup-europe-2025	Senior Men -74kg	LONCAR Nikola	SRB	
presidents-cup-europe-2025	Senior Men -74kg	RASZKOWSKI Wiktor	POL	
presidents-cup-europe-2025	Senior Men -74kg	GASHI Jon	KOS	
presidents-cup-europe-2025	Senior Men -74kg	GEORGIEV Victor	BUL	
presidents-cup-europe-2025	Senior Men -80kg	TURAVINAU Raman	AIN	1
presidents-cup-europe-2025	Senior Men -80kg	MYTAREV Artem	AIN	2
presidents-cup-europe-2025	Senior Men -80kg	KOVACIC Oscar	CRO	3
presidents-cup-europe-2025	Senior Men -80kg	HRGOTA Leon	CRO	3
presidents-cup-europe-2025	Senior Men -80kg	HURNOV Kyrylo	UKR	
presidents-cup-europe-2025	Senior Men -80kg	SLEPOV Stepan	AIN	
presidents-cup-europe-2025	Senior Men -80kg	KOVAC Ante	CRO	
presidents-cup-europe-2025	Senior Men -80kg	ODINAEV Rustam	SRB	
presidents-cup-europe-2025	Senior Men -80kg	GERRONE Antonio	ITA	
presidents-cup-europe-2025	Senior Men -80kg	SZADKOWSKI Michal	POL	
presidents-cup-europe-2025	Senior Men -80kg	RUIZ Ramon	ESP	
presidents-cup-europe-2025	Senior Men -80kg	ANGELL Zak	GBR	
presidents-cup-europe-2025	Senior Men -80kg	SULEYMANOV Taleh	AZE	
presidents-cup-europe-2025	Senior Men -80kg	MANSOURI Farzad	TRT	
presidents-cup-europe-2025	Senior Men -80kg	SAHIN Muhammed Enes	TUR	
presidents-cup-europe-2025	Senior Men -80kg	BUDIN Vladislav	AIN	
presidents-cup-europe-2025	Senior Men -80kg	GONZALEZ Alejandro	ESP	
presidents-cup-europe-2025	Senior Men -80kg	PERUNICI'C Vasilij	MNE	
presidents-cup-europe-2025	Senior Men -80kg	MALLO Iago	ESP	
presidents-cup-europe-2025	Senior Men -80kg	NIKOLIC Matej	CRO	
presidents-cup-europe-2025	Senior Men -80kg	ALIPOUR Sohrab	GBR	
presidents-cup-europe-2025	Senior Men -80kg	MILAN CANOVAS Juan antonio	ESP	
presidents-cup-europe-2025	Senior Men -80kg	KASAP Isa Berk	TUR	
presidents-cup-europe-2025	Senior Men -80kg	KNIGHT-MITCHELL Dantrell	GBR	
presidents-cup-europe-2025	Senior Men -80kg	AYAZ Alperen	TUR	
presidents-cup-europe-2025	Senior Men -80kg	FERNANDEZ Mikel	ESP	
presidents-cup-europe-2025	Senior Men -80kg	BALCIUNAS Gabijus	LTU	
presidents-cup-europe-2025	Senior Men -80kg	ALADARBI Mohammad	JOR	
presidents-cup-europe-2025	Senior Men -80kg	RAMAZANOV Karim	AIN	
presidents-cup-europe-2025	Senior Men -80kg	THUNE Sebastian	NOR	
presidents-cup-europe-2025	Senior Men -80kg	KILIC Yigithan	TUR	
presidents-cup-europe-2025	Senior Men -80kg	ARIK Hasan	TUR	
presidents-cup-europe-2025	Senior Men -80kg	TSARANOV Nikita	AIN	
presidents-cup-europe-2025	Senior Men -80kg	SULU Idris Atay	TUR	
presidents-cup-europe-2025	Senior Men -80kg	RIBAUDO Lorenzo	ITA	
presidents-cup-europe-2025	Senior Men -80kg	QUINTERO Ian Rodrigo	MEX	
presidents-cup-europe-2025	Senior Men -80kg	BENITEZ DONATE Alejandro	ESP	
presidents-cup-europe-2025	Senior Men -87kg	ALESSIO Simone	ITA	1
presidents-cup-europe-2025	Senior Men -87kg	HARBAR Artem	UKR	2
presidents-cup-europe-2025	Senior Men -87kg	PIATKOWSKI Szymon	POL	3
presidents-cup-europe-2025	Senior Men -87kg	ORDEMANN Richard andre	NOR	3
presidents-cup-europe-2025	Senior Men -87kg	MEHNANA Nahil	FRA	
presidents-cup-europe-2025	Senior Men -87kg	TROITINO Sergio	ESP	
presidents-cup-europe-2025	Senior Men -87kg	BOUZID Ismael	FRA	
presidents-cup-europe-2025	Senior Men -87kg	ATESLI Orkun	TUR	
presidents-cup-europe-2025	Senior Men -87kg	BAILEY Kelen	HUN	
presidents-cup-europe-2025	Senior Men -87kg	BILIC Josip	CRO	
presidents-cup-europe-2025	Senior Men -87kg	SENOL Yusuf	TUR	
presidents-cup-europe-2025	Senior Men -87kg	GAFAROV Eltaj	AZE	
presidents-cup-europe-2025	Senior Men -87kg	NAVARRO Oscar	MEX	
presidents-cup-europe-2025	Senior Men -87kg	THOLIOTIS Vasileios	GRE	
presidents-cup-europe-2025	Senior Men -87kg	NUCI Erol	BIH	
presidents-cup-europe-2025	Senior Men -87kg	KAMALOV Rafael	AIN	
presidents-cup-europe-2025	Senior Men -87kg	PRYAZHNIKOV Alexander	AIN	
presidents-cup-europe-2025	Senior Men -87kg	LIUBINSKI Stsiapan	AIN	
presidents-cup-europe-2025	Senior Men -87kg	THEOCHAROUS Andreas	CYP	
presidents-cup-europe-2025	Senior Men -87kg	DOGRU Munir Furkan	TUR	
presidents-cup-europe-2025	Senior Men -87kg	STOJANOVIC Stefan	SRB	
presidents-cup-europe-2025	Senior Men -87kg	BRANTUSA Roko	CRO	
presidents-cup-europe-2025	Senior Men -87kg	SASMAZTIN Ege	TUR	
presidents-cup-europe-2025	Senior Men -87kg	KRPAN Vito	CRO	
presidents-cup-europe-2025	Senior Men -87kg	YURKOU Daniil	AIN	
presidents-cup-europe-2025	Senior Men -87kg	SIAULYS Emilis	LTU	
presidents-cup-europe-2025	Senior Men -87kg	FOROSTIUK Matvii	UKR	
presidents-cup-europe-2025	Senior Men -87kg	GOLUBOVIC Milos	SRB	
presidents-cup-europe-2025	Senior Men -87kg	AJDUKOVIC Dimitrije	SRB	
presidents-cup-europe-2025	Senior Men +87kg	AIUKAEV Rafail	AIN	1
presidents-cup-europe-2025	Senior Men +87kg	LARIN Vladislav	AIN	2
presidents-cup-europe-2025	Senior Men +87kg	BICER Enbiya taha	TUR	3
presidents-cup-europe-2025	Senior Men +87kg	GARCIA Ivan	ESP	3
presidents-cup-europe-2025	Senior Men +87kg	CORREDOR Raul	ESP	
presidents-cup-europe-2025	Senior Men +87kg	GEORGIEVSKI D.(MKD) (2) GEORGIEVSKI Dejan	MKD	
presidents-cup-europe-2025	Senior Men +87kg	TARCHYLA Aliaksei	AIN	
presidents-cup-europe-2025	Senior Men +87kg	ATESLI Emre kutalmis	TUR	
presidents-cup-europe-2025	Senior Men +87kg	DEMIRCIOGLU Huseyin berat	TUR	
presidents-cup-europe-2025	Senior Men +87kg	HARBAR Andrii	UKR	
presidents-cup-europe-2025	Senior Men +87kg	SIMSEK Rahmet Baran	TUR	
presidents-cup-europe-2025	Senior Men +87kg	BUIDZE Davit	GEO	
presidents-cup-europe-2025	Senior Men +87kg	BADRIALIABADI Hamidreza	AZE	
presidents-cup-europe-2025	Senior Men +87kg	PLONIS Artsiom	AIN	
presidents-cup-europe-2025	Senior Men +87kg	BYELOUS Eric	ESP	
presidents-cup-europe-2025	Senior Men +87kg	DAVIDOVICH Aliaksei	AIN	
presidents-cup-europe-2025	Senior Women -46kg	BEKULOVA Milana	AIN	1
presidents-cup-europe-2025	Senior Women -46kg	ANGELOVA Alisa	AIN	2
presidents-cup-europe-2025	Senior Women -46kg	GOGEBAKAN Emine	TUR	3
presidents-cup-europe-2025	Senior Women -46kg	SALIM Kamilah	HUN	3
presidents-cup-europe-2025	Senior Women -46kg	BERTAGNIN Elisa	ITA	
presidents-cup-europe-2025	Senior Women -46kg	AKBAROVA Minaya	AZE	
presidents-cup-europe-2025	Senior Women -46kg	GEORGIOU Melina	GRE	
presidents-cup-europe-2025	Senior Women -46kg	CHOI Etta	GBR	
presidents-cup-europe-2025	Senior Women -46kg	OKAZAKI Hinata	JPN	
presidents-cup-europe-2025	Senior Women -46kg	GALIERO Giulia	ITA	
presidents-cup-europe-2025	Senior Women -46kg	GULIYEVA Salima	AZE	
presidents-cup-europe-2025	Senior Women -46kg	ZAMPETTI Sofia	ITA	
presidents-cup-europe-2025	Senior Women -46kg	MAKAS Dzejla	BIH	
presidents-cup-europe-2025	Senior Women -46kg	BRAJOVIC Iva	SRB	
presidents-cup-europe-2025	Senior Women -46kg	VALINEZHAD Hasti	IRI	
presidents-cup-europe-2025	Senior Women -46kg	BARROSO Kiara	POR	
presidents-cup-europe-2025	Senior Women -46kg	ZHYTNIKAVA Vitaliya	AIN	
presidents-cup-europe-2025	Senior Women -46kg	POURYOUNES Dina	NED	
presidents-cup-europe-2025	Senior Women -46kg	ARTAMONOVA Anastasiia	AIN	
presidents-cup-europe-2025	Senior Women -46kg	YILMAZ Damla nur	TUR	
presidents-cup-europe-2025	Senior Women -46kg	KRASKA Maja	POL	
presidents-cup-europe-2025	Senior Women -46kg	RUGG Shannan	GBR	
presidents-cup-europe-2025	Senior Women -46kg	PRPIC Sara	CRO	
presidents-cup-europe-2025	Senior Women -46kg	AKULAVA Darya	AIN	
presidents-cup-europe-2025	Senior Women -49kg	MEDVEDEVA Galina	AIN	1
presidents-cup-europe-2025	Senior Women -49kg	GURBUZ Hayrunnisa	TUR	2
presidents-cup-europe-2025	Senior Women -49kg	KRAJEWSKA Alicja	POL	3
presidents-cup-europe-2025	Senior Women -49kg	CEREZO Adriana	ESP	3
presidents-cup-europe-2025	Senior Women -49kg	KOKOC Zeynep Duru	TUR	
presidents-cup-europe-2025	Senior Women -49kg	MATONTI Ilenia elisabetta	ITA	
presidents-cup-europe-2025	Senior Women -49kg	GEORGIEVA Aleksandra	BUL	
presidents-cup-europe-2025	Senior Women -49kg	DIAZ Violeta	ESP	
presidents-cup-europe-2025	Senior Women -49kg	LINAN Naiara	AND	
presidents-cup-europe-2025	Senior Women -49kg	BAJER Wiktoria	POL	
presidents-cup-europe-2025	Senior Women -49kg	BRYHIDA Erika	UKR	
presidents-cup-europe-2025	Senior Women -49kg	GOODMAN Phoenix	GBR	
presidents-cup-europe-2025	Senior Women -49kg	EREMINA Viktoriya	AIN	
presidents-cup-europe-2025	Senior Women -49kg	FOFANA Mah teninba	FRA	
presidents-cup-europe-2025	Senior Women -49kg	AKGUL Elif sude	TUR	
presidents-cup-europe-2025	Senior Women -49kg	KRAJEWSKA Nikola	POL	
presidents-cup-europe-2025	Senior Women -49kg	BRIGNOLI Sofia	ITA	
presidents-cup-europe-2025	Senior Women -49kg	MAESTRO Virginia	ITA	
presidents-cup-europe-2025	Senior Women -49kg	KLISOWSKA Zuzanna	POL	
presidents-cup-europe-2025	Senior Women -49kg	MILIC Milica	SRB	
presidents-cup-europe-2025	Senior Women -49kg	ZVEREVA Mariia	AIN	
presidents-cup-europe-2025	Senior Women -49kg	GUNDUZ Canan	TUR	
presidents-cup-europe-2025	Senior Women -49kg	ROGOZINA Irina	AIN	
presidents-cup-europe-2025	Senior Women -49kg	OSMANOVA Samarrukh	AZE	
presidents-cup-europe-2025	Senior Women -49kg	GOLES Petra	CRO	
presidents-cup-europe-2025	Senior Women -49kg	YILDIZ Melissa	TUR	
presidents-cup-europe-2025	Senior Women -53kg	DINCEL Merve	TUR	1
presidents-cup-europe-2025	Senior Women -53kg	BOKAN Andrea	SRB	2
presidents-cup-europe-2025	Senior Women -53kg	SPEHAR Lea	CRO	3
presidents-cup-europe-2025	Senior Women -53kg	SUBBOTINA Anastasia	AIN	3
presidents-cup-europe-2025	Senior Women -53kg	KRAISNIK Katarina	BIH	
presidents-cup-europe-2025	Senior Women -53kg	GARCIA Sofia	ESP	
presidents-cup-europe-2025	Senior Women -53kg	PEREZ Alma Maria	ESP	
presidents-cup-europe-2025	Senior Women -53kg	MEIŠTININKAITĖ Gerda	LTU	
presidents-cup-europe-2025	Senior Women -53kg	AL Elisa	ITA	
presidents-cup-europe-2025	Senior Women -53kg	LEVAKOVA Veronika	AIN	
presidents-cup-europe-2025	Senior Women -53kg	KLAKALA Magdalini	GRE	
presidents-cup-europe-2025	Senior Women -53kg	DANIEL Melina	USA	
presidents-cup-europe-2025	Senior Women -53kg	SAROKINA Uladzislava	AIN	
presidents-cup-europe-2025	Senior Women -53kg	PAGANI Iris vasiliki	GRE	
presidents-cup-europe-2025	Senior Women -53kg	OUHADI Rabab	MON	
presidents-cup-europe-2025	Senior Women -53kg	STANKOVIC Vanja	SRB	
presidents-cup-europe-2025	Senior Women -53kg	NISHIDA Mao	JPN	
presidents-cup-europe-2025	Senior Women -53kg	AVDAGIC Ada	BIH	
presidents-cup-europe-2025	Senior Women -53kg	ALIEVA Margarita	AIN	
presidents-cup-europe-2025	Senior Women -53kg	KIOSKEROGLOU Maria	GRE	
presidents-cup-europe-2025	Senior Women -53kg	OLESZCZUK Lucja	POL	
presidents-cup-europe-2025	Senior Women -53kg	CHESALKINA Iryna	UKR	
presidents-cup-europe-2025	Senior Women -53kg	KHOBTAR Sofiia	UKR	
presidents-cup-europe-2025	Senior Women -53kg	IBARS Anna	ESP	
presidents-cup-europe-2025	Senior Women -53kg	BENETTI Ines	FRA	
presidents-cup-europe-2025	Senior Women -53kg	BONALS Laura	ESP	
presidents-cup-europe-2025	Senior Women -53kg	BUTTARELLI Aurelie	FRA	
presidents-cup-europe-2025	Senior Women -53kg	GUNEY Rabia	TUR	
presidents-cup-europe-2025	Senior Women -53kg	BEZIRGANCI Azra	TUR	
presidents-cup-europe-2025	Senior Women -53kg	WAEVERSTROM Signe wendt	DEN	
presidents-cup-europe-2025	Senior Women -53kg	MCKEW Jodie	GBR	
presidents-cup-europe-2025	Senior Women -53kg	SPASOJEVIC Sara	CRO	
presidents-cup-europe-2025	Senior Women -53kg	RADOVANOVIC Ana	SRB	
presidents-cup-europe-2025	Senior Women -53kg	DE Ioanna	GRE	
presidents-cup-europe-2025	Senior Women -53kg	MUSICKI Jovana	SRB	
presidents-cup-europe-2025	Senior Women -53kg	MARINIC Tara	CRO	
presidents-cup-europe-2025	Senior Women -53kg	NIKOLOVA Victoria	BUL	
presidents-cup-europe-2025	Senior Women -53kg	MAMMADOVA Maryam	AZE	
presidents-cup-europe-2025	Senior Women -53kg	TURAN Sila zeynep	TUR	
presidents-cup-europe-2025	Senior Women -57kg	VITKO Yuliya	AIN	1
presidents-cup-europe-2025	Senior Women -57kg	BLIZNIAKOVA Margarita	AIN	2
presidents-cup-europe-2025	Senior Women -57kg	MARIC Ela	SRB	3
presidents-cup-europe-2025	Senior Women -57kg	AL Giada	ITA	3
presidents-cup-europe-2025	Senior Women -57kg	CARABIN Kanelya	FRA	
presidents-cup-europe-2025	Senior Women -57kg	ILGUN Hatice kubra	TUR	
presidents-cup-europe-2025	Senior Women -57kg	VUKIC Margarita	CRO	
presidents-cup-europe-2025	Senior Women -57kg	RODRIGUEZ Laura	ESP	
presidents-cup-europe-2025	Senior Women -57kg	UZUNCAVDAR Sila irmak	TUR	
presidents-cup-europe-2025	Senior Women -57kg	MAKRYGIANNI Athina	GRE	
presidents-cup-europe-2025	Senior Women -57kg	LISOWSKA Nikol	POL	
presidents-cup-europe-2025	Senior Women -57kg	DILER Ruya	TUR	
presidents-cup-europe-2025	Senior Women -57kg	KARABATIC Nika	CRO	
presidents-cup-europe-2025	Senior Women -57kg	HRONOVA Dominika	CZE	
presidents-cup-europe-2025	Senior Women -57kg	SMITH Teigan	GBR	
presidents-cup-europe-2025	Senior Women -57kg	PEZZOLLA Lucia	ITA	
presidents-cup-europe-2025	Senior Women -57kg	BETT Ava	GBR	
presidents-cup-europe-2025	Senior Women -57kg	EFITSENKO Sofia	AIN	
presidents-cup-europe-2025	Senior Women -57kg	TSALLOU Athanasia	GRE	
presidents-cup-europe-2025	Senior Women -57kg	ZDOR Kseniia	AIN	
presidents-cup-europe-2025	Senior Women -57kg	GUAITA Greta	ITA	
presidents-cup-europe-2025	Senior Women -57kg	TUKIC Mia	CRO	
presidents-cup-europe-2025	Senior Women -57kg	KRAJEWSKA Agnieszka	POL	
presidents-cup-europe-2025	Senior Women -57kg	RADAK Teodora	SRB	
presidents-cup-europe-2025	Senior Women -57kg	MILIC Nikolina	SRB	
presidents-cup-europe-2025	Senior Women -57kg	MERLOS Judit	ESP	
presidents-cup-europe-2025	Senior Women -57kg	DURDU Eylul Mina	TUR	
presidents-cup-europe-2025	Senior Women -57kg	KANBUR Sevval Melek	TUR	
presidents-cup-europe-2025	Senior Women -57kg	GYUNDYUZ Selen	TUR	
presidents-cup-europe-2025	Senior Women -57kg	KRIATSIOTI Anna maria	GRE	
presidents-cup-europe-2025	Senior Women -57kg	PATAKFALVY Luca	HUN	
presidents-cup-europe-2025	Senior Women -57kg	IZMIR Hayrunnisa	TUR	
presidents-cup-europe-2025	Senior Women -57kg	BADMAEVA Dayana	AIN	
presidents-cup-europe-2025	Senior Women -57kg	ZAVARYKINA Sofya	AIN	
presidents-cup-europe-2025	Senior Women -57kg	TEMINA Paula	ESP	
presidents-cup-europe-2025	Senior Women -57kg	PAPAZOGLOU Eleni	GRE	
presidents-cup-europe-2025	Senior Women -57kg	STEVIC Kristina	SRB	
presidents-cup-europe-2025	Senior Women -57kg	HANSEN Kaja husby	NOR	
presidents-cup-europe-2025	Senior Women -57kg	STAMENKOVIC Teodora	SRB	
presidents-cup-europe-2025	Senior Women -57kg	MUSIELLO Giulia	ITA	
presidents-cup-europe-2025	Senior Women -57kg	DZARAGAZOVA Polina	AIN	
presidents-cup-europe-2025	Senior Women -57kg	FOGED Rosmarin pietak	DEN	
presidents-cup-europe-2025	Senior Women -57kg	KICINSKA Klaudia	POL	
presidents-cup-europe-2025	Senior Women -57kg	PRICOLO Marina	ITA	
presidents-cup-europe-2025	Senior Women -57kg	DE Alejandra	ESP	
presidents-cup-europe-2025	Senior Women -62kg	KHUZINA Liliia	AIN	1
presidents-cup-europe-2025	Senior Women -62kg	MESTROVIC Dora	CRO	2
presidents-cup-europe-2025	Senior Women -62kg	SAVKOVIC Nadja	SRB	3
presidents-cup-europe-2025	Senior Women -62kg	ARELIC Ivana	CRO	3
presidents-cup-europe-2025	Senior Women -62kg	BLITEK Cloe	FRA	
presidents-cup-europe-2025	Senior Women -62kg	RELJIKJ Miljana	MKD	
presidents-cup-europe-2025	Senior Women -62kg	SZPAK Julia	POL	
presidents-cup-europe-2025	Senior Women -62kg	GOGEBAKAN Huru gokce	TUR	
presidents-cup-europe-2025	Senior Women -62kg	VILLEGAS MACHORRO Fabiola guadalupe	MEX	
presidents-cup-europe-2025	Senior Women -62kg	SIRIN Dilara	TUR	
presidents-cup-europe-2025	Senior Women -62kg	KOMATINA Andrea	MNE	
presidents-cup-europe-2025	Senior Women -62kg	CAKAL Sevval	TUR	
presidents-cup-europe-2025	Senior Women -62kg	ORTIZ Arlet	ESP	
presidents-cup-europe-2025	Senior Women -62kg	REBON Ekaterina	ESP	
presidents-cup-europe-2025	Senior Women -62kg	SENYURT Aleyna	TUR	
presidents-cup-europe-2025	Senior Women -62kg	BANNOVA Anastasiia	AIN	
presidents-cup-europe-2025	Senior Women -62kg	SEVO Tamara	SRB	
presidents-cup-europe-2025	Senior Women -62kg	TVARONAVICIUTE Klaudija	LTU	
presidents-cup-europe-2025	Senior Women -62kg	MARTON Viviana	ESP	
presidents-cup-europe-2025	Senior Women -62kg	VAN Jada	ESP	
presidents-cup-europe-2025	Senior Women -62kg	KICEMA Helena	CRO	
presidents-cup-europe-2025	Senior Women -62kg	ATANASOVA Martina	BUL	
presidents-cup-europe-2025	Senior Women -62kg	KARABULUT Beyza	TUR	
presidents-cup-europe-2025	Senior Women -62kg	DARATZI Anastasia	GRE	
presidents-cup-europe-2025	Senior Women -62kg	DINKOVIC Lena	CRO	
presidents-cup-europe-2025	Senior Women -62kg	HAMIDI Marzieh	TRT	
presidents-cup-europe-2025	Senior Women -62kg	TORRENTS Martina	ESP	
presidents-cup-europe-2025	Senior Women -62kg	ARRONDO Ariadna	ESP	
presidents-cup-europe-2025	Senior Women -62kg	MCPHILLIE Neve	GBR	
presidents-cup-europe-2025	Senior Women -62kg	YIGITALP Hatice pinar	TUR	
presidents-cup-europe-2025	Senior Women -62kg	GRETARSDOTTIR Ingibjorg	ISL	
presidents-cup-europe-2025	Senior Women -62kg	SMYCHKOVA Valeryia	AIN	
presidents-cup-europe-2025	Senior Women -62kg	YORDANOVA Deyna	BUL	
presidents-cup-europe-2025	Senior Women -62kg	MOCALINA Vladislava	LAT	
presidents-cup-europe-2025	Senior Women -62kg	DRAGANOVA Yana	BUL	
presidents-cup-europe-2025	Senior Women -62kg	KRYZH Hanna	AIN	
presidents-cup-europe-2025	Senior Women -67kg	PERISIC Aleksandra	SRB	1
presidents-cup-europe-2025	Senior Women -67kg	MORENO Lena	ESP	2
presidents-cup-europe-2025	Senior Women -67kg	JELIC Matea	CRO	3
presidents-cup-europe-2025	Senior Women -67kg	POWELL Aaliyah	GBR	3
presidents-cup-europe-2025	Senior Women -67kg	DIAKITE Bintou	FRA	
presidents-cup-europe-2025	Senior Women -67kg	KAYIR Ikra	TUR	
presidents-cup-europe-2025	Senior Women -67kg	SKVORTSOVA Kira	AIN	
presidents-cup-europe-2025	Senior Women -67kg	CASTRO Cecilia	ESP	
presidents-cup-europe-2025	Senior Women -67kg	KLEPAC Nika	CRO	
presidents-cup-europe-2025	Senior Women -67kg	TOMCZAK Tatiana	POL	
presidents-cup-europe-2025	Senior Women -67kg	POLE Doris	CRO	
presidents-cup-europe-2025	Senior Women -67kg	MEHNANA Ines	FRA	
presidents-cup-europe-2025	Senior Women -67kg	GENCER Sila Nur	TUR	
presidents-cup-europe-2025	Senior Women -67kg	SKAPROVSKA Valeriia	AIN	
presidents-cup-europe-2025	Senior Women -67kg	ZHELEZNOVA Viktoriia	AIN	
presidents-cup-europe-2025	Senior Women -67kg	D'ANGELO Natalia	ITA	
presidents-cup-europe-2025	Senior Women -67kg	PEHLIVAN Beyzanur	TUR	
presidents-cup-europe-2025	Senior Women -67kg	CAKAL Sefika	TUR	
presidents-cup-europe-2025	Senior Women -67kg	BERISAJ Andrea	MNE	
presidents-cup-europe-2025	Senior Women -67kg	SHALONIK Darya	AIN	
presidents-cup-europe-2025	Senior Women -67kg	SALGADO Yessenia	ESP	
presidents-cup-europe-2025	Senior Women -67kg	MAGDIC Matea	CRO	
presidents-cup-europe-2025	Senior Women -67kg	BOUGHRARA Chahrazed	FIN	
presidents-cup-europe-2025	Senior Women -67kg	NILSEN Mari romundset	NOR	
presidents-cup-europe-2025	Senior Women -67kg	ZAFER Isil	TUR	
presidents-cup-europe-2025	Senior Women -67kg	CETINEL Ceren	TUR	
presidents-cup-europe-2025	Senior Women -67kg	ZIABLITCEVA Anna	AIN	
presidents-cup-europe-2025	Senior Women -67kg	NAVITSKAIA Darya	AIN	
presidents-cup-europe-2025	Senior Women -67kg	ROLDAN Sonia	ESP	
presidents-cup-europe-2025	Senior Women -67kg	BOCCADAMO Alexandra	ITA	
presidents-cup-europe-2025	Senior Women -67kg	HODZIC Nihada	BIH	
presidents-cup-europe-2025	Senior Women -73kg	CHAARI Sarah	BEL	1
presidents-cup-europe-2025	Senior Women -73kg	UZUNCAVDAR Sude yaren	TUR	2
presidents-cup-europe-2025	Senior Women -73kg	MORAN Belen	ESP	3
presidents-cup-europe-2025	Senior Women -73kg	BOZANIC Nadica	SRB	3
presidents-cup-europe-2025	Senior Women -73kg	MARTON Luana	ESP	
presidents-cup-europe-2025	Senior Women -73kg	VALLO Ane	ESP	
presidents-cup-europe-2025	Senior Women -73kg	MASTELIC Mila	CRO	
presidents-cup-europe-2025	Senior Women -73kg	GARCIA Helena	ESP	
presidents-cup-europe-2025	Senior Women -73kg	MACKAY Ruby	GBR	
presidents-cup-europe-2025	Senior Women -73kg	STEPANOVA Elizaveta	AIN	
presidents-cup-europe-2025	Senior Women -73kg	NOWAK Julia	POL	
presidents-cup-europe-2025	Senior Women -73kg	PRZYBYSZ Weronika	POL	
presidents-cup-europe-2025	Senior Women -73kg	JIRANKOVA Iveta	CZE	
presidents-cup-europe-2025	Senior Women -73kg	CIUCHITU Ana	ITA	
presidents-cup-europe-2025	Senior Women -73kg	PETROVIC Iva	SRB	
presidents-cup-europe-2025	Senior Women -73kg	KOSMYCHEVA Anastasiia	AIN	
presidents-cup-europe-2025	Senior Women -73kg	KRSTINIC Anja	CRO	
presidents-cup-europe-2025	Senior Women -73kg	DEMIR Kardelen	TUR	
presidents-cup-europe-2025	Senior Women -73kg	NTOVA Eirini	GRE	
presidents-cup-europe-2025	Senior Women -73kg	ANDERSEN Jasmin	DEN	
presidents-cup-europe-2025	Senior Women -73kg	KAYA Rojin	TUR	
presidents-cup-europe-2025	Senior Women -73kg	FERNANDEZ Julia	ESP	
presidents-cup-europe-2025	Senior Women -73kg	SAGLAM Goncagul	TUR	
presidents-cup-europe-2025	Senior Women -73kg	ERSIN Yusra	TUR	
presidents-cup-europe-2025	Senior Women +73kg	HAREMZA Dagmara	POL	1
presidents-cup-europe-2025	Senior Women +73kg	MATIC Magdalena	CRO	2
presidents-cup-europe-2025	Senior Women +73kg	CASTINEIRA Tania	ESP	3
presidents-cup-europe-2025	Senior Women +73kg	WILLIAMS Lauren	GBR	3
presidents-cup-europe-2025	Senior Women +73kg	AKBULAK Esra	TUR	
presidents-cup-europe-2025	Senior Women +73kg	TESIC Nadja	SRB	
presidents-cup-europe-2025	Senior Women +73kg	ADEBAIO Kristina	AIN	
presidents-cup-europe-2025	Senior Women +73kg	PASTOR Ainhoa	ESP	
presidents-cup-europe-2025	Senior Women +73kg	KOWALCZUK Aleksandra	POL	
presidents-cup-europe-2025	Senior Women +73kg	KOSEOGLU Elifnaz	TUR	
presidents-cup-europe-2025	Senior Women +73kg	HELVIGA Viktorija	LAT	
presidents-cup-europe-2025	Senior Women +73kg	KAVUKCUOGLU Zehra begum	TUR	
presidents-cup-europe-2025	Senior Women +73kg	AVOULETTE Solene	FRA	
presidents-cup-europe-2025	Senior Women +73kg	PARCINA Mariela	CRO	
luxembourg-open-2025	Senior Men -54kg	PASHCOVSKY Tom	ISR	1
luxembourg-open-2025	Senior Men -54kg	TESKERA Josip	CRO	2
luxembourg-open-2025	Senior Men -54kg	ALESIO CAPOLINI Mathis	FRA	3
luxembourg-open-2025	Senior Men -54kg	CANETE Arian nathan	USA	3
luxembourg-open-2025	Senior Men -54kg	ALMUSHRAF Abdullah essa a	KSA	
luxembourg-open-2025	Senior Men -54kg	ELANY Agam	ISR	
luxembourg-open-2025	Senior Men -54kg	SHIM Ryan	USA	
luxembourg-open-2025	Senior Men -54kg	MARTINS Filipe	POR	
luxembourg-open-2025	Senior Men -54kg	MIKLAVCIC Aljaz	SLO	
luxembourg-open-2025	Senior Men -54kg	OWEN Haddad	FRA	
luxembourg-open-2025	Senior Men -54kg	KAMAN Matej	CZE	
luxembourg-open-2025	Senior Men -54kg	KOUKOUSOUDIS Evangelos	GER	
luxembourg-open-2025	Senior Men -54kg	AZEVEDO Rafael Alexandre	POR	
luxembourg-open-2025	Senior Men -54kg	AL SALMAH Rakan ali d	KSA	
luxembourg-open-2025	Senior Men -54kg	IGNACIO Michael	USA	
luxembourg-open-2025	Senior Men -54kg	CHANG Tony	FRA	
luxembourg-open-2025	Senior Men -54kg	CHANG Simon	FRA	
luxembourg-open-2025	Senior Men -54kg	REDING Alan je	LUX	
luxembourg-open-2025	Senior Men -54kg	ARIAN Ehsan	GER	
luxembourg-open-2025	Senior Men -58kg	MOLLE Milan	NED	1
luxembourg-open-2025	Senior Men -58kg	ALESIO Sebastien	FRA	2
luxembourg-open-2025	Senior Men -58kg	DELEVAL Herwan	FRA	3
luxembourg-open-2025	Senior Men -58kg	DE DIOS JOSE Alex	ESP	3
luxembourg-open-2025	Senior Men -58kg	SIMPARA Youssouf	MLI	
luxembourg-open-2025	Senior Men -58kg	DIAZ Jhoel	VEN	
luxembourg-open-2025	Senior Men -58kg	HAMI Muhammed	GER	
luxembourg-open-2025	Senior Men -58kg	LEE Colin	USA	
luxembourg-open-2025	Senior Men -58kg	MONDACA-WANG Ian	USA	
luxembourg-open-2025	Senior Men -58kg	CAN Haktan	TUR	
luxembourg-open-2025	Senior Men -58kg	LOPES Tiago	POR	
luxembourg-open-2025	Senior Men -58kg	MIRANDA Adrian	ECU	
luxembourg-open-2025	Senior Men -58kg	STEIN Roi	ISR	
luxembourg-open-2025	Senior Men -58kg	VAREJAO Dinis	POR	
luxembourg-open-2025	Senior Men -58kg	AMELHAYI Mehdi	FRA	
luxembourg-open-2025	Senior Men -58kg	MISSOSSI BIENVENU Nzamba Nzamba	GAB	
luxembourg-open-2025	Senior Men -63kg	GRANADO Yohandri	VEN	1
luxembourg-open-2025	Senior Men -63kg	VAN LIMPT Joep	NED	2
luxembourg-open-2025	Senior Men -63kg	YASER ISMAIL Omar	PLE	3
luxembourg-open-2025	Senior Men -63kg	SUSILUOTO Otto	FIN	3
luxembourg-open-2025	Senior Men -63kg	KHAKSAR Shahram	GER	
luxembourg-open-2025	Senior Men -63kg	COMPRELLE Enzo	FRA	
luxembourg-open-2025	Senior Men -63kg	GHALI Zakaria mohammed	KSA	
luxembourg-open-2025	Senior Men -63kg	BOURGEOIS Owen	FRA	
luxembourg-open-2025	Senior Men -63kg	SETRODIPO Jayden	NED	
luxembourg-open-2025	Senior Men -63kg	ALMADAWI Mohammed ali a	KSA	
luxembourg-open-2025	Senior Men -63kg	MOSBAH Mohammed	BEL	
luxembourg-open-2025	Senior Men -63kg	COSTA Luis	POR	
luxembourg-open-2025	Senior Men -63kg	MILETIC Mateja	SRB	
luxembourg-open-2025	Senior Men -63kg	SCHOENMAKERS Shymano	NED	
luxembourg-open-2025	Senior Men -63kg	COULIBALY YAMEOGO Fadeby	LUX	
luxembourg-open-2025	Senior Men -63kg	MAZZOUZ Ryad	FRA	
luxembourg-open-2025	Senior Men -63kg	ANDARABI Habil	GER	
luxembourg-open-2025	Senior Men -63kg	MOSS Christian	GBR	
luxembourg-open-2025	Senior Men -63kg	KRUPPA Fabian	GER	
luxembourg-open-2025	Senior Men -63kg	HEN David	ISR	
luxembourg-open-2025	Senior Men -63kg	CENTENO Ben	GBR	
luxembourg-open-2025	Senior Men -63kg	ULUCAY Can	GER	
luxembourg-open-2025	Senior Men -63kg	HENDRIKS Daan	NED	
luxembourg-open-2025	Senior Men -68kg	LO Mouhamadou mansour	SEN	1
luxembourg-open-2025	Senior Men -68kg	MCINTOSH Jamie	GBR	2
luxembourg-open-2025	Senior Men -68kg	SIFAOUI Sofiane	FRA	3
luxembourg-open-2025	Senior Men -68kg	AL GHOTANY Yahya	TRT	3
luxembourg-open-2025	Senior Men -68kg	SPEIGHT Leo	ISL	
luxembourg-open-2025	Senior Men -68kg	MORADI Erfan	TRT	
luxembourg-open-2025	Senior Men -68kg	FREDRICKS Justin	USA	
luxembourg-open-2025	Senior Men -68kg	AVIDAN Ben	ISR	
luxembourg-open-2025	Senior Men -68kg	COULIBALY Sekou	LUX	
luxembourg-open-2025	Senior Men -68kg	PÖRSCH Jona	GER	
luxembourg-open-2025	Senior Men -68kg	PARUZEK Krystof	CZE	
luxembourg-open-2025	Senior Men -68kg	HILAL Ali	CAN	
luxembourg-open-2025	Senior Men -68kg	ABBASI Ali reza	TRT	
luxembourg-open-2025	Senior Men -68kg	KUMAR Siddarth	NED	
luxembourg-open-2025	Senior Men -68kg	PORSCH Noah martin	GER	
luxembourg-open-2025	Senior Men -68kg	BURUSIC Marko	SRB	
luxembourg-open-2025	Senior Men -68kg	BOON Joram	NED	
luxembourg-open-2025	Senior Men -68kg	CAIRNS Dylan	GBR	
luxembourg-open-2025	Senior Men -68kg	PAVIN Simon	SWE	
luxembourg-open-2025	Senior Men -68kg	LACATTIVA Ulysse	FRA	
luxembourg-open-2025	Senior Men -68kg	MAKOYAN Chero	BEL	
luxembourg-open-2025	Senior Men -68kg	MAKANJUOLA Tomi	GBR	
luxembourg-open-2025	Senior Men -68kg	FOX Mackenzie	GBR	
luxembourg-open-2025	Senior Men -68kg	BIN Ahmed Waleed	KSA	
luxembourg-open-2025	Senior Men -68kg	HUY Ethan	FRA	
luxembourg-open-2025	Senior Men -68kg	FABI Enzo	CAN	
luxembourg-open-2025	Senior Men -68kg	GUNDERSEN Brede Bjorkhaug	NOR	
luxembourg-open-2025	Senior Men -68kg	SOUSA DE OLIVEIRA Francisco	POR	
luxembourg-open-2025	Senior Men -68kg	DIALLO Thierno Mamadou Djogo	GUI	
luxembourg-open-2025	Senior Men -74kg	O FOFANA Seydou	FRA	1
luxembourg-open-2025	Senior Men -74kg	COSTA Diogo rafael alves da	POR	2
luxembourg-open-2025	Senior Men -74kg	CAMMAERTS Andes	BEL	3
luxembourg-open-2025	Senior Men -74kg	DOYLE Ryan	IRL	3
luxembourg-open-2025	Senior Men -74kg	TAYLOR Rayvaughn	GBR	
luxembourg-open-2025	Senior Men -74kg	SKJOLBERG Sebastian	NOR	
luxembourg-open-2025	Senior Men -74kg	PETIT PHAR Shannon	FRA	
luxembourg-open-2025	Senior Men -74kg	GRISKJANS Antons	LAT	
luxembourg-open-2025	Senior Men -74kg	VAN DER MEER Sjoerd	NED	
luxembourg-open-2025	Senior Men -74kg	VALLENILLA Abrahan	VEN	
luxembourg-open-2025	Senior Men -74kg	BRICCA Mattia	ITA	
luxembourg-open-2025	Senior Men -74kg	ZAMPONI Damian	ITA	
luxembourg-open-2025	Senior Men -74kg	ZAFRA Alex	ESP	
luxembourg-open-2025	Senior Men -74kg	RAHMANI Eliyahu	ISR	
luxembourg-open-2025	Senior Men -74kg	YILMAZ Bugra	GER	
luxembourg-open-2025	Senior Men -80kg	KNIGHT-MITCHELL Dantrell	GBR	1
luxembourg-open-2025	Senior Men -80kg	CAMMAERTS Troy	BEL	2
luxembourg-open-2025	Senior Men -80kg	NESHYBA Tomas	CZE	3
luxembourg-open-2025	Senior Men -80kg	SIGURJONSSON Gudmundur floki	ISL	3
luxembourg-open-2025	Senior Men -80kg	BUTT Danyaal	GBR	
luxembourg-open-2025	Senior Men -80kg	HAMEDI Tareg ali m	KSA	
luxembourg-open-2025	Senior Men -80kg	LAWSON Matheo	TOG	
luxembourg-open-2025	Senior Men -80kg	ALIPOUR Sohrab	GBR	
luxembourg-open-2025	Senior Men -80kg	WEIDUM Dion	NED	
luxembourg-open-2025	Senior Men -80kg	AL HISNAWI Karim	NED	
luxembourg-open-2025	Senior Men -80kg	EBERLI Denys	SUI	
luxembourg-open-2025	Senior Men -80kg	HISENI Luan	GER	
luxembourg-open-2025	Senior Men -80kg	LUDWIG Albert	CZE	
luxembourg-open-2025	Senior Men -80kg	NDE Aurele Tcheh	CAN	
luxembourg-open-2025	Senior Men -80kg	NIKS Pascal	NED	
luxembourg-open-2025	Senior Men -80kg	FELICITE Lawrence	FRA	
luxembourg-open-2025	Senior Men -80kg	POERSCH Elia	GER	
luxembourg-open-2025	Senior Men -80kg	NSILU DILANDU Leroy	IRL	
luxembourg-open-2025	Senior Men -80kg	ABOUT Emir	FRA	
luxembourg-open-2025	Senior Men -80kg	FLIAOUM Christoforos	GER	
luxembourg-open-2025	Senior Men -87kg	MEHNANA Nahil	FRA	1
luxembourg-open-2025	Senior Men -87kg	MEHDIPOURNEJAD Kasra	TRT	2
luxembourg-open-2025	Senior Men -87kg	KINSANSI Steve	FRA	3
luxembourg-open-2025	Senior Men -87kg	VAN DEN ENDEN Tom	NED	3
luxembourg-open-2025	Senior Men -87kg	OVONO Davy	FRA	
luxembourg-open-2025	Senior Men -87kg	CHUANG Po-wu	TPE	
luxembourg-open-2025	Senior Men -87kg	VEDIE Florian	FRA	
luxembourg-open-2025	Senior Men -87kg	RIBEIRO Tiago	POR	
luxembourg-open-2025	Senior Men +87kg	POLLET Manuel	BEL	1
luxembourg-open-2025	Senior Men +87kg	BASSEL Ayoub	MAR	2
luxembourg-open-2025	Senior Men +87kg	MILLER Logan	GBR	3
luxembourg-open-2025	Senior Men +87kg	DIABY Boubacar	MLI	3
luxembourg-open-2025	Senior Men +87kg	ALVAREZ Luis	VEN	
luxembourg-open-2025	Senior Men +87kg	MAYAUD Kevin	FRA	
luxembourg-open-2025	Senior Men +87kg	JOEL Jordan	NGR	
luxembourg-open-2025	Senior Men +87kg	LAURENT Jonathan	MRN	
luxembourg-open-2025	Senior Women -46kg	BAYECH Rivka	ISR	1
luxembourg-open-2025	Senior Women -46kg	TAMMILA Ida-elina	FIN	2
luxembourg-open-2025	Senior Women -46kg	UZUN Sarah	NED	3
luxembourg-open-2025	Senior Women -46kg	ALKHAWAHR Rahmah abdulmanam a	KSA	3
luxembourg-open-2025	Senior Women -46kg	FUCHS Gaia	ISR	
luxembourg-open-2025	Senior Women -46kg	FRASER Olivia	SWE	
luxembourg-open-2025	Senior Women -46kg	KODAMAN Helin	GER	
luxembourg-open-2025	Senior Women -46kg	OZKEN Aleyna	GER	
luxembourg-open-2025	Senior Women -46kg	FRASER Vilja	SWE	
luxembourg-open-2025	Senior Women -46kg	TAMMILA Ada-emilia	FIN	
luxembourg-open-2025	Senior Women -49kg	FOFANA Mah teninba	FRA	1
luxembourg-open-2025	Senior Women -49kg	OKAMOTO Ruka	JPN	2
luxembourg-open-2025	Senior Women -49kg	DAN (DANSHYNA) Oleksandra	ISR	3
luxembourg-open-2025	Senior Women -49kg	DELLAN Virginia	VEN	3
luxembourg-open-2025	Senior Women -49kg	MORONÈS Béatrice	CAN	
luxembourg-open-2025	Senior Women -49kg	RAMO Jenna	FIN	
luxembourg-open-2025	Senior Women -49kg	GAYE Serrah	FRA	
luxembourg-open-2025	Senior Women -49kg	BYRNE Ruby	IRL	
luxembourg-open-2025	Senior Women -53kg	BENETTI Ines	FRA	1
luxembourg-open-2025	Senior Women -53kg	KINGSLEY Lily	GBR	2
luxembourg-open-2025	Senior Women -53kg	EL BOUCHTI Oumaima	MAR	3
luxembourg-open-2025	Senior Women -53kg	MCKEW Jodie	GBR	3
luxembourg-open-2025	Senior Women -53kg	PFAFF Marbele	GER	
luxembourg-open-2025	Senior Women -53kg	KAMKASOUMPHOU Lenya	FRA	
luxembourg-open-2025	Senior Women -53kg	GIRE Ines	FRA	
luxembourg-open-2025	Senior Women -53kg	SUSILUOTO Inari	FIN	
luxembourg-open-2025	Senior Women -53kg	HTUT Eve	GBR	
luxembourg-open-2025	Senior Women -53kg	BASTOS Filipa	POR	
luxembourg-open-2025	Senior Women -53kg	IBRAHIM Sarah	LBN	
luxembourg-open-2025	Senior Women -53kg	SOFIIA Plakhtii	ISR	
luxembourg-open-2025	Senior Women -53kg	QALIKHANI Elham	GER	
luxembourg-open-2025	Senior Women -53kg	PARADIS Olivia	CAN	
luxembourg-open-2025	Senior Women -53kg	SCHOLES Millie	GBR	
luxembourg-open-2025	Senior Women -53kg	GRAFFE Lou	LUX	
luxembourg-open-2025	Senior Women -53kg	JANOSOVSKA Adela	CZE	
luxembourg-open-2025	Senior Women -57kg	COX Caitlyn	USA	1
luxembourg-open-2025	Senior Women -57kg	BECKSTEIN Vanessa	GER	2
luxembourg-open-2025	Senior Women -57kg	ADREGO Ana	POR	3
luxembourg-open-2025	Senior Women -57kg	CHRISTY Beth	GBR	3
luxembourg-open-2025	Senior Women -57kg	SULBARAN Alexmar	VEN	
luxembourg-open-2025	Senior Women -57kg	DAGNET Divine luccia	FRA	
luxembourg-open-2025	Senior Women -57kg	HEBBAR Nisrin	FRA	
luxembourg-open-2025	Senior Women -57kg	CORREIA Leonor	POR	
luxembourg-open-2025	Senior Women -57kg	STEINKUELER Frieda margarethe	GER	
luxembourg-open-2025	Senior Women -57kg	BANGURA Aisha	GER	
luxembourg-open-2025	Senior Women -57kg	MALMGREN GABRIELIN Ellinor	SWE	
luxembourg-open-2025	Senior Women -57kg	ZAYTOUN Leila	QAT	
luxembourg-open-2025	Senior Women -57kg	SATZINGER Anna	GER	
luxembourg-open-2025	Senior Women -57kg	MOUCH Sara	NED	
luxembourg-open-2025	Senior Women -57kg	SCHLEUSSINGER Inga	GER	
luxembourg-open-2025	Senior Women -57kg	SUNDBY Marthine	NOR	
luxembourg-open-2025	Senior Women -57kg	MANGEN Lennie	LUX	
luxembourg-open-2025	Senior Women -57kg	OZER Binnur	GER	
luxembourg-open-2025	Senior Women -57kg	KLARIC Tianna	GBR	
luxembourg-open-2025	Senior Women -57kg	BARKOK Noussaiba	GER	
luxembourg-open-2025	Senior Women -62kg	STOLBOVA Petra	CZE	1
luxembourg-open-2025	Senior Women -62kg	BLITEK Cloe	FRA	2
luxembourg-open-2025	Senior Women -62kg	LANGOUSTE-ASSOUMAYA Lyhana	FRA	3
luxembourg-open-2025	Senior Women -62kg	MCPHILLIE Neve	GBR	3
luxembourg-open-2025	Senior Women -62kg	PRZYGODA Alina	GER	
luxembourg-open-2025	Senior Women -62kg	GONZALEZ Genesis	VEN	
luxembourg-open-2025	Senior Women -62kg	SJOVALL Mira	FIN	
luxembourg-open-2025	Senior Women -62kg	LIN Hsin-tung	TPE	
luxembourg-open-2025	Senior Women -62kg	FOURNIER Alexane	FRA	
luxembourg-open-2025	Senior Women -62kg	HAMIDI Marzieh	RTA	
luxembourg-open-2025	Senior Women -62kg	DAGNET Miliane haizel	FRA	
luxembourg-open-2025	Senior Women -62kg	CITARELLA Sara	ITA	
luxembourg-open-2025	Senior Women -62kg	MENDY Fatima	FRA	
luxembourg-open-2025	Senior Women -62kg	BAUER Caroline	GER	
luxembourg-open-2025	Senior Women -62kg	ILONA RASNA Adam	COM	
luxembourg-open-2025	Senior Women -67kg	MEHNANA Ines	FRA	1
luxembourg-open-2025	Senior Women -67kg	MINK Amy	NED	2
luxembourg-open-2025	Senior Women -67kg	DIAKITÉ BINTOU	FRA	3
luxembourg-open-2025	Senior Women -67kg	CLEMENTE Hillary	VEN	3
luxembourg-open-2025	Senior Women -67kg	ERCKMANN Alina	GER	
luxembourg-open-2025	Senior Women -67kg	EBNOUTALIB Soumaya	GER	
luxembourg-open-2025	Senior Women -67kg	ANFINSEN ELLINGSEN Celine	NOR	
luxembourg-open-2025	Senior Women -67kg	FABER Isabelle	LUX	
luxembourg-open-2025	Senior Women -67kg	AKWANYA Rosemary	GBR	
luxembourg-open-2025	Senior Women -73kg	OSSIN Kimi laurene	CIV	1
luxembourg-open-2025	Senior Women -73kg	MACKAY Ruby	GBR	2
luxembourg-open-2025	Senior Women -73kg	SEELE Lisa-marie	GER	3
luxembourg-open-2025	Senior Women -73kg	KRAMOH Courtney	GBR	3
luxembourg-open-2025	Senior Women -73kg	RUDOLF Nika	SLO	
luxembourg-open-2025	Senior Women -73kg	SHAW Erin	GBR	
luxembourg-open-2025	Senior Women -73kg	HOERMANN Emily	GER	
luxembourg-open-2025	Senior Women -73kg	GEPPERT Julienne	GER	
luxembourg-open-2025	Senior Women -73kg	KERR Leah	IRL	
luxembourg-open-2025	Senior Women -73kg	HELDNER Laura	SUI	
luxembourg-open-2025	Senior Women -73kg	HUTZEN Hanna	GER	
luxembourg-open-2025	Senior Women -73kg	DI PALMA Martina	ITA	
luxembourg-open-2025	Senior Women -73kg	FATNASSI Maram	QAT	
luxembourg-open-2025	Senior Women +73kg	ALADE Naomi	USA	1
luxembourg-open-2025	Senior Women +73kg	HAMADACHE Emna	FRA	2
luxembourg-open-2025	Senior Women +73kg	KLOOSTERMAN Famke	NED	3
luxembourg-open-2025	Senior Women +73kg	MACKAY Poppy	GBR	3
luxembourg-open-2025	Senior Women +73kg	HIGNETT Elizabeth	GBR	
chuncheon-korea-open-2025	Senior Men -54kg	SEO Eunsu	KOR	1
chuncheon-korea-open-2025	Senior Men -54kg	KHUDAYBERDIEV Jakhongir	UZB	2
chuncheon-korea-open-2025	Senior Men -54kg	QIAN Jiacai	CHN	3
chuncheon-korea-open-2025	Senior Men -54kg	PARK Yong bin	KOR	3
chuncheon-korea-open-2025	Senior Men -54kg	KANG Byunghoon	KOR	
chuncheon-korea-open-2025	Senior Men -54kg	KIM Geonho	KOR	
chuncheon-korea-open-2025	Senior Men -54kg	CHOI Ju-an	KOR	
chuncheon-korea-open-2025	Senior Men -54kg	KADIRKULOV Begzod	KAZ	
chuncheon-korea-open-2025	Senior Men -54kg	GRANIER-AMEUR Aikan	AUS	
chuncheon-korea-open-2025	Senior Men -54kg	BARBOSA Kurt bryan	PHI	
chuncheon-korea-open-2025	Senior Men -54kg	CALAMBA, III Reymundo	PHI	
chuncheon-korea-open-2025	Senior Men -54kg	NAFASOV Murodjon	UZB	
chuncheon-korea-open-2025	Senior Men -54kg	SHIN Juwon	KOR	
chuncheon-korea-open-2025	Senior Men -54kg	KIM Dongwook	KOR	
chuncheon-korea-open-2025	Senior Men -54kg	HIDAYAT TUMAKAKA Aziz	INA	
chuncheon-korea-open-2025	Senior Men -54kg	KIM Minchan	KOR	
chuncheon-korea-open-2025	Senior Men -54kg	COHEN Lior	AUS	
chuncheon-korea-open-2025	Senior Men -54kg	ECHAVARRI EVARISTO Sebastian	MEX	
chuncheon-korea-open-2025	Senior Men -54kg	CHAU Nathan	AUS	
chuncheon-korea-open-2025	Senior Men -54kg	MINGUK Jeon	NZL	
chuncheon-korea-open-2025	Senior Men -54kg	ZHANG Duquan	CHN	
chuncheon-korea-open-2025	Senior Men -54kg	LEE Si yeong	KOR	
chuncheon-korea-open-2025	Senior Men -54kg	LEE Chanmyeong	KOR	
chuncheon-korea-open-2025	Senior Men -54kg	MUNKHSOYOL Usukhbayar	MGL	
chuncheon-korea-open-2025	Senior Men -54kg	MANIMARAN Daanesh raj	MAS	
chuncheon-korea-open-2025	Senior Men -54kg	PERUMAL Moganarrajan	MAS	
chuncheon-korea-open-2025	Senior Men -58kg	PARK Tae-joon	KOR	1
chuncheon-korea-open-2025	Senior Men -58kg	YANG Huichan	KOR	2
chuncheon-korea-open-2025	Senior Men -58kg	CHENG Kai	CHN	3
chuncheon-korea-open-2025	Senior Men -58kg	HUANG Jincheng	CHN	3
chuncheon-korea-open-2025	Senior Men -58kg	KIM Si yun	KOR	
chuncheon-korea-open-2025	Senior Men -58kg	SIM Junho	KOR	
chuncheon-korea-open-2025	Senior Men -58kg	OTAJONOV Omonjon	UZB	
chuncheon-korea-open-2025	Senior Men -58kg	KIM Hye kyu	KOR	
chuncheon-korea-open-2025	Senior Men -58kg	JIANG Liuxin	CHN	
chuncheon-korea-open-2025	Senior Men -58kg	MIRAYIMOV Mirdiyorbek	UZB	
chuncheon-korea-open-2025	Senior Men -58kg	YU Junsong	CHN	
chuncheon-korea-open-2025	Senior Men -58kg	AN Hyang Sik	KOR	
chuncheon-korea-open-2025	Senior Men -58kg	HEO Jae hyuk	KOR	
chuncheon-korea-open-2025	Senior Men -58kg	PARK Sang-yeon	KOR	
chuncheon-korea-open-2025	Senior Men -58kg	YANG Won Jun	KOR	
chuncheon-korea-open-2025	Senior Men -58kg	AYNAGA Aljen	PHI	
chuncheon-korea-open-2025	Senior Men -58kg	SERIK Artur	KAZ	
chuncheon-korea-open-2025	Senior Men -58kg	HAIMAITI Bilali	CHN	
chuncheon-korea-open-2025	Senior Men -58kg	MANSUROV Kamronbek	UZB	
chuncheon-korea-open-2025	Senior Men -58kg	CURATA Kurt Mykel	PHI	
chuncheon-korea-open-2025	Senior Men -58kg	TREMBATH George	AUS	
chuncheon-korea-open-2025	Senior Men -58kg	PHYO Shine yawai	MYA	
chuncheon-korea-open-2025	Senior Men -58kg	CUNNINGHAM William	USA	
chuncheon-korea-open-2025	Senior Men -58kg	COO MARTINEZ Miguel	MEX	
chuncheon-korea-open-2025	Senior Men -58kg	SAMARAKOON HERATH MUDIYANSELAGE Sahan nadeera samarakoon	SRI	
chuncheon-korea-open-2025	Senior Men -58kg	LI Qihao	CHN	
chuncheon-korea-open-2025	Senior Men -58kg	CAMUA Benjamin	AUS	
chuncheon-korea-open-2025	Senior Men -58kg	CHEN Chia-le	TPE	
chuncheon-korea-open-2025	Senior Men -63kg	YUN Joon hyuk	KOR	1
chuncheon-korea-open-2025	Senior Men -63kg	NAZAROV Nazarali	UZB	2
chuncheon-korea-open-2025	Senior Men -63kg	TIAN Changhao	CHN	3
chuncheon-korea-open-2025	Senior Men -63kg	SEO Minjun	KOR	3
chuncheon-korea-open-2025	Senior Men -63kg	LIU Xuan	CHN	
chuncheon-korea-open-2025	Senior Men -63kg	JUNG Woo-hyeok	KOR	
chuncheon-korea-open-2025	Senior Men -63kg	PARK Ji Hun	KOR	
chuncheon-korea-open-2025	Senior Men -63kg	YANG Won suk	KOR	
chuncheon-korea-open-2025	Senior Men -63kg	AUNG Shine htet	MYA	
chuncheon-korea-open-2025	Senior Men -63kg	LEE Jang-hoe	KOR	
chuncheon-korea-open-2025	Senior Men -63kg	LIM Dae-won	KOR	
chuncheon-korea-open-2025	Senior Men -63kg	HUANG Kefen	CHN	
chuncheon-korea-open-2025	Senior Men -63kg	KIM Hyeong jun	KOR	
chuncheon-korea-open-2025	Senior Men -63kg	MAEDA Hidetaka	JPN	
chuncheon-korea-open-2025	Senior Men -63kg	LEE Jun hyeong	KOR	
chuncheon-korea-open-2025	Senior Men -63kg	PRATAMA Bagus	INA	
chuncheon-korea-open-2025	Senior Men -63kg	GEUM Minsu	KOR	
chuncheon-korea-open-2025	Senior Men -63kg	BUENAVIDES Kenneth riley	PHI	
chuncheon-korea-open-2025	Senior Men -63kg	TOGYZBAYEV Konysbek	KAZ	
chuncheon-korea-open-2025	Senior Men -63kg	OH Taehi	KOR	
chuncheon-korea-open-2025	Senior Men -63kg	ZHANG Xuguang	CHN	
chuncheon-korea-open-2025	Senior Men -63kg	WANG Hao tian (buddy)	AUS	
chuncheon-korea-open-2025	Senior Men -63kg	ANATORE Lokadevan	MAS	
chuncheon-korea-open-2025	Senior Men -63kg	DING Jianing	CHN	
chuncheon-korea-open-2025	Senior Men -63kg	SEO Hyun woo	KOR	
chuncheon-korea-open-2025	Senior Men -63kg	YU Ki hwan	KOR	
chuncheon-korea-open-2025	Senior Men -63kg	DOWN Harrison	AUS	
chuncheon-korea-open-2025	Senior Men -63kg	GILBUENA Sturdy Jay	PHI	
chuncheon-korea-open-2025	Senior Men -63kg	LI Dezhi	CHN	
chuncheon-korea-open-2025	Senior Men -68kg	DIAO Lixingjun	CHN	1
chuncheon-korea-open-2025	Senior Men -68kg	KIM Minjun	KOR	2
chuncheon-korea-open-2025	Senior Men -68kg	SEO Young bae	KOR	3
chuncheon-korea-open-2025	Senior Men -68kg	TUKHLIBOEV Diyorbek	UZB	3
chuncheon-korea-open-2025	Senior Men -68kg	RAJABOV Islombek	UZB	
chuncheon-korea-open-2025	Senior Men -68kg	XIAO Chenming	CHN	
chuncheon-korea-open-2025	Senior Men -68kg	CHOI Jaemin	KOR	
chuncheon-korea-open-2025	Senior Men -68kg	CHEN Cheng	CHN	
chuncheon-korea-open-2025	Senior Men -68kg	SHIN Jaewon	KOR	
chuncheon-korea-open-2025	Senior Men -68kg	HARRIS Khalfani	USA	
chuncheon-korea-open-2025	Senior Men -68kg	BHARAT Arun raj ram	MAS	
chuncheon-korea-open-2025	Senior Men -68kg	LIM Jeong Jun	KOR	
chuncheon-korea-open-2025	Senior Men -68kg	NIKOLOVSKI Xavier	AUS	
chuncheon-korea-open-2025	Senior Men -68kg	CHOI Min Hyeok	KOR	
chuncheon-korea-open-2025	Senior Men -68kg	YAN Lei	CHN	
chuncheon-korea-open-2025	Senior Men -68kg	LEE Hun	KOR	
chuncheon-korea-open-2025	Senior Men -68kg	KO Yuchan	KOR	
chuncheon-korea-open-2025	Senior Men -68kg	HAPU ARACHCHILAGE Ashan Maduka	SRI	
chuncheon-korea-open-2025	Senior Men -68kg	XIAO Shaohong	CHN	
chuncheon-korea-open-2025	Senior Men -68kg	GAZEZ Nurbek	KAZ	
chuncheon-korea-open-2025	Senior Men -68kg	SUMMERFIELD Matthew	AUS	
chuncheon-korea-open-2025	Senior Men -68kg	YASEN Nueralimu	CHN	
chuncheon-korea-open-2025	Senior Men -68kg	HU Wenhao	CHN	
chuncheon-korea-open-2025	Senior Men -68kg	ORCHARD Lachlan	AUS	
chuncheon-korea-open-2025	Senior Men -68kg	CHOI Byungmin	KOR	
chuncheon-korea-open-2025	Senior Men -68kg	GONG Ruixing	CHN	
chuncheon-korea-open-2025	Senior Men -68kg	SULTANI Zaki	AUS	
chuncheon-korea-open-2025	Senior Men -68kg	RZAGALY Rauan	KAZ	
chuncheon-korea-open-2025	Senior Men -68kg	LEE Ha-jun	KOR	
chuncheon-korea-open-2025	Senior Men -68kg	MUN Jinho	KOR	
chuncheon-korea-open-2025	Senior Men -68kg	LAO Nusair	PHI	
chuncheon-korea-open-2025	Senior Men -68kg	강 태인	KOR	
chuncheon-korea-open-2025	Senior Men -68kg	CHEN Chia-sheng	TPE	
chuncheon-korea-open-2025	Senior Men -68kg	OH Jung su	KOR	
chuncheon-korea-open-2025	Senior Men -74kg	RYOO Jin	KOR	1
chuncheon-korea-open-2025	Senior Men -74kg	LEE Sang Ryeol	KOR	2
chuncheon-korea-open-2025	Senior Men -74kg	RAGHEB Taye	AUS	3
chuncheon-korea-open-2025	Senior Men -74kg	CEA Dave	PHI	3
chuncheon-korea-open-2025	Senior Men -74kg	JEON Gyu Ho	KOR	
chuncheon-korea-open-2025	Senior Men -74kg	JANG Eunseok	KOR	
chuncheon-korea-open-2025	Senior Men -74kg	CHO Hwanju	KOR	
chuncheon-korea-open-2025	Senior Men -74kg	LEE Jinwook	KOR	
chuncheon-korea-open-2025	Senior Men -74kg	ROWE Tane	AUS	
chuncheon-korea-open-2025	Senior Men -74kg	NUERMAIMAITI Naibijiang	CHN	
chuncheon-korea-open-2025	Senior Men -74kg	ZHANG Yazong	CHN	
chuncheon-korea-open-2025	Senior Men -74kg	KWON Doyun	KOR	
chuncheon-korea-open-2025	Senior Men -74kg	JEUNG Min soo	KOR	
chuncheon-korea-open-2025	Senior Men -74kg	KIM Dong hun	KOR	
chuncheon-korea-open-2025	Senior Men -74kg	MAMADALIEV Ozodbek	UZB	
chuncheon-korea-open-2025	Senior Men -74kg	SUSILO Arya danu	INA	
chuncheon-korea-open-2025	Senior Men -74kg	RASSULIULY Dinmukhanbed	KAZ	
chuncheon-korea-open-2025	Senior Men -74kg	WILLIAMS Carl justine	PHI	
chuncheon-korea-open-2025	Senior Men -74kg	ORYNBASSAR Yerassyl	KAZ	
chuncheon-korea-open-2025	Senior Men -74kg	ALMABROUK Osama	AUS	
chuncheon-korea-open-2025	Senior Men -74kg	KIM Minseok	KOR	
chuncheon-korea-open-2025	Senior Men -74kg	ORYNGALI Daulet	KAZ	
chuncheon-korea-open-2025	Senior Men -74kg	MOHD AFRIZAN Putera arsyad danish	MAS	
chuncheon-korea-open-2025	Senior Men -74kg	AGAOGLU Osman	AUS	
chuncheon-korea-open-2025	Senior Men -74kg	CHOI Siwon	KOR	
chuncheon-korea-open-2025	Senior Men -74kg	WONG Yan kit	HKG	
chuncheon-korea-open-2025	Senior Men -74kg	HTET Zaw lin	MYA	
chuncheon-korea-open-2025	Senior Men -80kg	KIM Hyun-woo	KOR	1
chuncheon-korea-open-2025	Senior Men -80kg	KIM Yongju	KOR	2
chuncheon-korea-open-2025	Senior Men -80kg	YAO Yanliang	CHN	3
chuncheon-korea-open-2025	Senior Men -80kg	KIM Jaewon	KOR	3
chuncheon-korea-open-2025	Senior Men -80kg	GU Hongrui	CHN	
chuncheon-korea-open-2025	Senior Men -80kg	MARIPOV Abdurakhmon	KAZ	
chuncheon-korea-open-2025	Senior Men -80kg	GANIYEV Mergen	KAZ	
chuncheon-korea-open-2025	Senior Men -80kg	NAUVAL Ossanando	INA	
chuncheon-korea-open-2025	Senior Men -80kg	SWEENEY Liam	AUS	
chuncheon-korea-open-2025	Senior Men -80kg	BYUN Jaeseok	KOR	
chuncheon-korea-open-2025	Senior Men -80kg	KANG Seong-bum	KOR	
chuncheon-korea-open-2025	Senior Men -80kg	LIU Junjie	CHN	
chuncheon-korea-open-2025	Senior Men -80kg	JUNG Jae hun	KOR	
chuncheon-korea-open-2025	Senior Men -80kg	ZHAO Junbo	CHN	
chuncheon-korea-open-2025	Senior Men -80kg	KANGYEON Seo	KOR	
chuncheon-korea-open-2025	Senior Men -80kg	PARK Dong soo	KOR	
chuncheon-korea-open-2025	Senior Men -80kg	MCMAHON Luke	AUS	
chuncheon-korea-open-2025	Senior Men -80kg	AGNO Justin mark	PHI	
chuncheon-korea-open-2025	Senior Men -80kg	PARK Seunggyeom	KOR	
chuncheon-korea-open-2025	Senior Men -80kg	KIM Junsang	KOR	
chuncheon-korea-open-2025	Senior Men -80kg	ZULKIFLY Zafran shakir salihin	MAS	
chuncheon-korea-open-2025	Senior Men -87kg	SALAEV Shukhrat	UZB	1
chuncheon-korea-open-2025	Senior Men -87kg	ZHURABOEV Yodgorbek	UZB	2
chuncheon-korea-open-2025	Senior Men -87kg	MENG Mingkuan	CHN	3
chuncheon-korea-open-2025	Senior Men -87kg	LEE Jihu	KOR	3
chuncheon-korea-open-2025	Senior Men -87kg	RAIHAN FADHILA Mhd	INA	
chuncheon-korea-open-2025	Senior Men -87kg	ZHANG Kai	CHN	
chuncheon-korea-open-2025	Senior Men -87kg	NAMGOONG Hwan	KOR	
chuncheon-korea-open-2025	Senior Men -87kg	STEWART Jobe	AUS	
chuncheon-korea-open-2025	Senior Men -87kg	LEE Jaehui	KOR	
chuncheon-korea-open-2025	Senior Men -87kg	OH Seung min	KOR	
chuncheon-korea-open-2025	Senior Men -87kg	CHOI Jun pyo	KOR	
chuncheon-korea-open-2025	Senior Men -87kg	NURGAZIN Meiir	KAZ	
chuncheon-korea-open-2025	Senior Men -87kg	FAADIHILLAH Ezar	INA	
chuncheon-korea-open-2025	Senior Men -87kg	ABDUKODIROV Azizbek	UZB	
chuncheon-korea-open-2025	Senior Men -87kg	OH Jihoon	KOR	
chuncheon-korea-open-2025	Senior Men -87kg	LEE Yo-seph	KOR	
chuncheon-korea-open-2025	Senior Men -87kg	DEUBA Niraj	NEP	
chuncheon-korea-open-2025	Senior Men -87kg	YU Donghoon	KOR	
chuncheon-korea-open-2025	Senior Men +87kg	WANG Weihao	CHN	1
chuncheon-korea-open-2025	Senior Men +87kg	SONG Zhaoxiang	CHN	2
chuncheon-korea-open-2025	Senior Men +87kg	MENG Fanqiu	CHN	3
chuncheon-korea-open-2025	Senior Men +87kg	LEE Seungwoo	KOR	3
chuncheon-korea-open-2025	Senior Men +87kg	WANG Zedong	CHN	
chuncheon-korea-open-2025	Senior Men +87kg	WANG Yaoxi	CHN	
chuncheon-korea-open-2025	Senior Men +87kg	STILLEY Aiden	AUS	
chuncheon-korea-open-2025	Senior Men +87kg	KHASSENOV Bauyrzhan	KAZ	
chuncheon-korea-open-2025	Senior Men +87kg	ZHAO Jiongpu	CHN	
chuncheon-korea-open-2025	Senior Men +87kg	SHEN Nuoqian	CHN	
chuncheon-korea-open-2025	Senior Men +87kg	ZULHADI Mohamad zulhafiz	MAS	
chuncheon-korea-open-2025	Senior Men +87kg	LIU Zhaoyang	CHN	
chuncheon-korea-open-2025	Senior Women -46kg	YE Xiaoting	CHN	1
chuncheon-korea-open-2025	Senior Women -46kg	LEE Yumin	KOR	2
chuncheon-korea-open-2025	Senior Women -46kg	LEE Ye-ji	KOR	3
chuncheon-korea-open-2025	Senior Women -46kg	SARZA Clarence	PHI	3
chuncheon-korea-open-2025	Senior Women -46kg	PARK Seojeong	KOR	
chuncheon-korea-open-2025	Senior Women -46kg	SHONIYOZOVA Madina	UZB	
chuncheon-korea-open-2025	Senior Women -46kg	CHEN Yujin	CHN	
chuncheon-korea-open-2025	Senior Women -46kg	ALEXANDRA Rayinda Syah	INA	
chuncheon-korea-open-2025	Senior Women -46kg	RANASINGHE Amaya	SRI	
chuncheon-korea-open-2025	Senior Women -46kg	KIM Na yeon	KOR	
chuncheon-korea-open-2025	Senior Women -46kg	KIM Yurim	KOR	
chuncheon-korea-open-2025	Senior Women -46kg	OH Hyejin	KOR	
chuncheon-korea-open-2025	Senior Women -46kg	LI Siyong	CHN	
chuncheon-korea-open-2025	Senior Women -46kg	CARLOS Caitlin Julia	PHI	
chuncheon-korea-open-2025	Senior Women -46kg	DU Jia	CHN	
chuncheon-korea-open-2025	Senior Women -46kg	HO Ee jean	MAS	
chuncheon-korea-open-2025	Senior Women -46kg	KUMARTAYEVA Aidana	KAZ	
chuncheon-korea-open-2025	Senior Women -46kg	LY-DIEP Jaidah	AUS	
chuncheon-korea-open-2025	Senior Women -49kg	KIM Hyang-gi	KOR	1
chuncheon-korea-open-2025	Senior Women -49kg	MANGIN Tachiana kezhia	PHI	2
chuncheon-korea-open-2025	Senior Women -49kg	AN Byeo Ri	KOR	3
chuncheon-korea-open-2025	Senior Women -49kg	KAPANOVA Botakoz	KAZ	3
chuncheon-korea-open-2025	Senior Women -49kg	KIM Minchae	KOR	
chuncheon-korea-open-2025	Senior Women -49kg	WANG Xiaolu	CHN	
chuncheon-korea-open-2025	Senior Women -49kg	SONG Woojin	KOR	
chuncheon-korea-open-2025	Senior Women -49kg	MATA Maya	USA	
chuncheon-korea-open-2025	Senior Women -49kg	BAUYRZHANOVA Nuray	KAZ	
chuncheon-korea-open-2025	Senior Women -49kg	MURAKAMI China	JPN	
chuncheon-korea-open-2025	Senior Women -49kg	COLLADO Rizza rose	PHI	
chuncheon-korea-open-2025	Senior Women -49kg	LINAN PARDO Naiara	AND	
chuncheon-korea-open-2025	Senior Women -49kg	OCEGUERA Sophia	USA	
chuncheon-korea-open-2025	Senior Women -49kg	KO Dahye	KOR	
chuncheon-korea-open-2025	Senior Women -49kg	DWI PUTRI Winda	INA	
chuncheon-korea-open-2025	Senior Women -49kg	LEE Youngin	KOR	
chuncheon-korea-open-2025	Senior Women -49kg	LEE Jimin	KOR	
chuncheon-korea-open-2025	Senior Women -49kg	HEO Minji	KOR	
chuncheon-korea-open-2025	Senior Women -49kg	TAMBYRAJAH Saffron	AUS	
chuncheon-korea-open-2025	Senior Women -49kg	PHYO Saung june	MYA	
chuncheon-korea-open-2025	Senior Women -49kg	CHOI Jia	KOR	
chuncheon-korea-open-2025	Senior Women -49kg	XIE Xueting	CHN	
chuncheon-korea-open-2025	Senior Women -49kg	MIRAMBEK Nargiz	KAZ	
chuncheon-korea-open-2025	Senior Women -49kg	BULATHWATHTHE DHARMAKEERTHIGE Ishara Dharmakeerthi	SRI	
chuncheon-korea-open-2025	Senior Women -49kg	LAI Hiu ching	HKG	
chuncheon-korea-open-2025	Senior Women -49kg	KU Jihyun	KOR	
chuncheon-korea-open-2025	Senior Women -49kg	KWOK Tsz Tung	HKG	
chuncheon-korea-open-2025	Senior Women -53kg	ZHANG Yanying	CHN	1
chuncheon-korea-open-2025	Senior Women -53kg	ZUO JU	CHN	2
chuncheon-korea-open-2025	Senior Women -53kg	XU Xinyu	CHN	3
chuncheon-korea-open-2025	Senior Women -53kg	PARK Hye jin	KOR	3
chuncheon-korea-open-2025	Senior Women -53kg	LIU Ziyi	CHN	
chuncheon-korea-open-2025	Senior Women -53kg	LI Jingwen	CHN	
chuncheon-korea-open-2025	Senior Women -53kg	LIU Fangxin	CHN	
chuncheon-korea-open-2025	Senior Women -53kg	TUNG Ting yun	TPE	
chuncheon-korea-open-2025	Senior Women -53kg	KIM Siwoo	KOR	
chuncheon-korea-open-2025	Senior Women -53kg	PATRATII Alesia	KGZ	
chuncheon-korea-open-2025	Senior Women -53kg	MALIK Kashish	IND	
chuncheon-korea-open-2025	Senior Women -53kg	MAHESWARI Megawati Tamesti	INA	
chuncheon-korea-open-2025	Senior Women -53kg	YOO Hyeon ji	KOR	
chuncheon-korea-open-2025	Senior Women -53kg	MONSALES Joanna	AUS	
chuncheon-korea-open-2025	Senior Women -53kg	IDRISSOVA Tomiris	KAZ	
chuncheon-korea-open-2025	Senior Women -53kg	HYEJEONG Lee	KOR	
chuncheon-korea-open-2025	Senior Women -53kg	MERGEMBAYEVA Perizat	KAZ	
chuncheon-korea-open-2025	Senior Women -53kg	ISHAK Nadia aina syazwani	MAS	
chuncheon-korea-open-2025	Senior Women -53kg	PAVIA Bianca	AUS	
chuncheon-korea-open-2025	Senior Women -53kg	TAN Nichelle	SGP	
chuncheon-korea-open-2025	Senior Women -53kg	LIM Esther	AUS	
chuncheon-korea-open-2025	Senior Women -53kg	YU Hagyung	KOR	
chuncheon-korea-open-2025	Senior Women -53kg	LEE Eunji	KOR	
chuncheon-korea-open-2025	Senior Women -53kg	ABD ELMESSEH Miriam	AUS	
chuncheon-korea-open-2025	Senior Women -53kg	ZHAO Zhen	CHN	
chuncheon-korea-open-2025	Senior Women -53kg	MOHD FIRDAUS Norumar	MAS	
chuncheon-korea-open-2025	Senior Women -53kg	QUERUBIN Sofia	AUS	
chuncheon-korea-open-2025	Senior Women -53kg	MAHAGURUGE Senori sasadara fernando	SRI	
chuncheon-korea-open-2025	Senior Women -53kg	LEE Yunsung	KOR	
chuncheon-korea-open-2025	Senior Women -53kg	SHEN Chia chen	TPE	
chuncheon-korea-open-2025	Senior Women -53kg	CANABAL Baby jessica	PHI	
chuncheon-korea-open-2025	Senior Women -53kg	ZHU Jingyu	CHN	
chuncheon-korea-open-2025	Senior Women -57kg	ZHANG Chuling	CHN	1
chuncheon-korea-open-2025	Senior Women -57kg	KIM Gahyeon	KOR	2
chuncheon-korea-open-2025	Senior Women -57kg	ZHAN Tian rui	CHN	3
chuncheon-korea-open-2025	Senior Women -57kg	KIM Yu-jin	KOR	3
chuncheon-korea-open-2025	Senior Women -57kg	HYMER Stacey	AUS	
chuncheon-korea-open-2025	Senior Women -57kg	GU Wenjing	CHN	
chuncheon-korea-open-2025	Senior Women -57kg	DILLON Faith	USA	
chuncheon-korea-open-2025	Senior Women -57kg	KANAT Almira	KAZ	
chuncheon-korea-open-2025	Senior Women -57kg	KIM Solla	KOR	
chuncheon-korea-open-2025	Senior Women -57kg	DANGANAN Czarina mae	PHI	
chuncheon-korea-open-2025	Senior Women -57kg	LIU Ellen	AUS	
chuncheon-korea-open-2025	Senior Women -57kg	ABDUVALIEVA Shabona	UZB	
chuncheon-korea-open-2025	Senior Women -57kg	OSHIRO ROCHA Isabelly	JPN	
chuncheon-korea-open-2025	Senior Women -57kg	YIN Yuanhong	CHN	
chuncheon-korea-open-2025	Senior Women -57kg	YANG Junli	CHN	
chuncheon-korea-open-2025	Senior Women -57kg	ABUCAY Laizel angela	PHI	
chuncheon-korea-open-2025	Senior Women -57kg	KIM Nanhee	KOR	
chuncheon-korea-open-2025	Senior Women -57kg	KAZNABEK Nuray	KAZ	
chuncheon-korea-open-2025	Senior Women -57kg	LAMANDA Silvana	INA	
chuncheon-korea-open-2025	Senior Women -57kg	BLEWITT Michaela	AUS	
chuncheon-korea-open-2025	Senior Women -57kg	HUANG Yong-yu	TPE	
chuncheon-korea-open-2025	Senior Women -57kg	LEE Hyebin	KOR	
chuncheon-korea-open-2025	Senior Women -57kg	ZHOU Lijun	CHN	
chuncheon-korea-open-2025	Senior Women -57kg	KIM Minkyeong	KOR	
chuncheon-korea-open-2025	Senior Women -57kg	NA Chae rim	KOR	
chuncheon-korea-open-2025	Senior Women -57kg	KAUNG Nan thou nnarry	MYA	
chuncheon-korea-open-2025	Senior Women -57kg	RAHMANI Ruqia	FIN	
chuncheon-korea-open-2025	Senior Women -62kg	CHOI Subin	KOR	1
chuncheon-korea-open-2025	Senior Women -62kg	LIM Su Min	KOR	2
chuncheon-korea-open-2025	Senior Women -62kg	KHAYITOVA Sevinch	UZB	3
chuncheon-korea-open-2025	Senior Women -62kg	CHU Man-lin	TPE	3
chuncheon-korea-open-2025	Senior Women -62kg	LI Xueju	CHN	
chuncheon-korea-open-2025	Senior Women -62kg	YOU Songhwa	KOR	
chuncheon-korea-open-2025	Senior Women -62kg	AIMUKASHEVA Kamila	KAZ	
chuncheon-korea-open-2025	Senior Women -62kg	DEATON Danica	USA	
chuncheon-korea-open-2025	Senior Women -62kg	CHAN Merica lillyn	PHI	
chuncheon-korea-open-2025	Senior Women -62kg	KIM Seolhui	KOR	
chuncheon-korea-open-2025	Senior Women -62kg	MUN Haneul	KOR	
chuncheon-korea-open-2025	Senior Women -62kg	FAN Jinhan	CHN	
chuncheon-korea-open-2025	Senior Women -62kg	BLEWITT Gabriella	AUS	
chuncheon-korea-open-2025	Senior Women -62kg	BRIONES Jubilee	PHI	
chuncheon-korea-open-2025	Senior Women -62kg	CACILDES VINOTHKANNA Annsofna	SRI	
chuncheon-korea-open-2025	Senior Women -62kg	KIM Seol	KOR	
chuncheon-korea-open-2025	Senior Women -62kg	MEDD Saskia	AUS	
chuncheon-korea-open-2025	Senior Women -62kg	OH Ha eun	KOR	
chuncheon-korea-open-2025	Senior Women -67kg	HONG Hyo rim	KOR	1
chuncheon-korea-open-2025	Senior Women -67kg	TEACHOUT Kristina	USA	2
chuncheon-korea-open-2025	Senior Women -67kg	CHEN Xuyan	CHN	3
chuncheon-korea-open-2025	Senior Women -67kg	LI Xue	CHN	3
chuncheon-korea-open-2025	Senior Women -67kg	SONG Jie	CHN	
chuncheon-korea-open-2025	Senior Women -67kg	SOBIRJONOVA Ozoda	UZB	
chuncheon-korea-open-2025	Senior Women -67kg	QU Chuyun	CHN	
chuncheon-korea-open-2025	Senior Women -67kg	JANG Eun-ji	KOR	
chuncheon-korea-open-2025	Senior Women -67kg	KIM Mi jeong	KOR	
chuncheon-korea-open-2025	Senior Women -67kg	MEDD Katja	AUS	
chuncheon-korea-open-2025	Senior Women -67kg	JO Hee kyeong	KOR	
chuncheon-korea-open-2025	Senior Women -67kg	PARK Hana	KOR	
chuncheon-korea-open-2025	Senior Women -67kg	YEOM Eun Been	KOR	
chuncheon-korea-open-2025	Senior Women -67kg	VICTOR Holly	AUS	
chuncheon-korea-open-2025	Senior Women -67kg	LIU Junhong	CHN	
chuncheon-korea-open-2025	Senior Women -67kg	YU Hyogyeong	KOR	
chuncheon-korea-open-2025	Senior Women -67kg	DELO Laila	PHI	
chuncheon-korea-open-2025	Senior Women -67kg	CHOE Boyoung	KOR	
chuncheon-korea-open-2025	Senior Women -73kg	ZHAO Xueting	CHN	1
chuncheon-korea-open-2025	Senior Women -73kg	YUAN Zhijing	CHN	2
chuncheon-korea-open-2025	Senior Women -73kg	YOON Do Hee	KOR	3
chuncheon-korea-open-2025	Senior Women -73kg	CHANG Chiao min	TPE	3
chuncheon-korea-open-2025	Senior Women -73kg	NOH Huiseung	KOR	
chuncheon-korea-open-2025	Senior Women -73kg	MURRAY Rebecca	AUS	
chuncheon-korea-open-2025	Senior Women -73kg	SUN Jiahui	CHN	
chuncheon-korea-open-2025	Senior Women -73kg	LI Renren	CHN	
chuncheon-korea-open-2025	Senior Women -73kg	KWON Miseo	KOR	
chuncheon-korea-open-2025	Senior Women -73kg	ZHANG Mengyu	CHN	
chuncheon-korea-open-2025	Senior Women -73kg	DING Hongdan	CHN	
chuncheon-korea-open-2025	Senior Women -73kg	LEE Sae-in	KOR	
chuncheon-korea-open-2025	Senior Women +73kg	XU Lei	CHN	1
chuncheon-korea-open-2025	Senior Women +73kg	OSIPOVA Svetlana	UZB	2
chuncheon-korea-open-2025	Senior Women +73kg	WANG Huan	CHN	3
chuncheon-korea-open-2025	Senior Women +73kg	STEWART Reba	AUS	3
chuncheon-korea-open-2025	Senior Women +73kg	ZHAO Ziting	CHN	
chuncheon-korea-open-2025	Senior Women +73kg	CHOI Yeojin	KOR	
chuncheon-korea-open-2025	Senior Women +73kg	LI Chen	CHN	
chuncheon-korea-open-2025	Senior Women +73kg	BARUA Rodali	IND	
chuncheon-korea-open-2025	Senior Women +73kg	ZHANG Sujuan	CHN	
chuncheon-korea-open-2025	Senior Women +73kg	JUNG Sugee	KOR	
chuncheon-korea-open-2025	Senior Women +73kg	YELUBAY Aigul	KAZ	
chuncheon-korea-open-2025	Senior Women +73kg	KIM Ga yoon	KOR	
chuncheon-korea-open-2025	Senior Women +73kg	AN Hyobeen	KOR	
chuncheon-korea-open-2025	Senior Women +73kg	KIM Na yeon	KOR	
fisu-world-university-games-2025	Senior Men -54kg	BRINDAMOHAN Nithan	CAN	1
fisu-world-university-games-2025	Senior Men -54kg	GUN Youngsuk Ethan	USA	2
fisu-world-university-games-2025	Senior Men -54kg	SAMIDINOV Nurkhan	KGZ	3
fisu-world-university-games-2025	Senior Men -54kg	GILLIARD GONCALVES Matheus	BRA	3
fisu-world-university-games-2025	Senior Men -54kg	GEORGIEV Hristiyan	BUL	
fisu-world-university-games-2025	Senior Men -54kg	DUISENBEK Aziret	KAZ	
fisu-world-university-games-2025	Senior Men -54kg	KURU Alihan	TUR	
fisu-world-university-games-2025	Senior Men -54kg	ASEM ATA ABU SREE' Moataz bellah	EGY	
fisu-world-university-games-2025	Senior Men -54kg	OHARA Ryusei	JPN	
fisu-world-university-games-2025	Senior Men -54kg	LIKOMETI Tedi	ALB	
fisu-world-university-games-2025	Senior Men -54kg	TRAORE Amadou	MLI	
fisu-world-university-games-2025	Senior Men -54kg	ALESIO CAPOLINI Mathis	FRA	
fisu-world-university-games-2025	Senior Men -54kg	TAECHARATTANAWIBOON Thanat	THA	
fisu-world-university-games-2025	Senior Men -54kg	MIRZA Takrim ahmad	GER	
fisu-world-university-games-2025	Senior Men -54kg	CHAN Iek hei	MAC	
fisu-world-university-games-2025	Senior Men -54kg	PASHCOVSKY Tom	ISR	
fisu-world-university-games-2025	Senior Men -54kg	CHAN Kin fung	HKG	
fisu-world-university-games-2025	Senior Men -54kg	DALLAKOTI Abhishek	NEP	
fisu-world-university-games-2025	Senior Men -54kg	CARRION COSTA Alejandro	ESP	
fisu-world-university-games-2025	Senior Men -54kg	HEALY Seth	AUS	
fisu-world-university-games-2025	Senior Men -54kg	LI Ci En	TPE	
fisu-world-university-games-2025	Senior Men -54kg	YADAV Armaan	IND	
fisu-world-university-games-2025	Senior Men -54kg	OMBAYO Okwato haji	KEN	
fisu-world-university-games-2025	Senior Men -54kg	JHON Naranjo Mejia	ECU	
fisu-world-university-games-2025	Senior Men -54kg	AL TOOQI Nibras	OMA	
fisu-world-university-games-2025	Senior Men -54kg	MAMMADOV Khidir	AZE	
fisu-world-university-games-2025	Senior Men -54kg	VASQUEZ Gaston	CHI	
fisu-world-university-games-2025	Senior Men -54kg	OH Kai Juiin Graham	SGP	
fisu-world-university-games-2025	Senior Men -54kg	LEE Seungyeop	KOR	
fisu-world-university-games-2025	Senior Men -58kg	MANENKOV Maksym	UKR	1
fisu-world-university-games-2025	Senior Men -58kg	MAHAMAD Sirawit	THA	2
fisu-world-university-games-2025	Senior Men -58kg	TLEULES Tamirlan	KAZ	3
fisu-world-university-games-2025	Senior Men -58kg	KURBONOV Shamsiddin	UZB	3
fisu-world-university-games-2025	Senior Men -58kg	ASADA Shoki	JPN	
fisu-world-university-games-2025	Senior Men -58kg	PAN Kuei-an	TPE	
fisu-world-university-games-2025	Senior Men -58kg	KIM Jongmyeong	KOR	
fisu-world-university-games-2025	Senior Men -58kg	PATISHI Ori	ISR	
fisu-world-university-games-2025	Senior Men -58kg	FOTI Giuseppe	ITA	
fisu-world-university-games-2025	Senior Men -58kg	DEEPANSHU Deepanshu	IND	
fisu-world-university-games-2025	Senior Men -58kg	ALSHAHRANI Meshari nasser a	KSA	
fisu-world-university-games-2025	Senior Men -58kg	NOWAK Lukasz	POL	
fisu-world-university-games-2025	Senior Men -58kg	KOUDSI Raphael	LBN	
fisu-world-university-games-2025	Senior Men -58kg	LOPES Tiago	POR	
fisu-world-university-games-2025	Senior Men -58kg	VALIYEV Rahid	AZE	
fisu-world-university-games-2025	Senior Men -58kg	KAPLAN Enes	TUR	
fisu-world-university-games-2025	Senior Men -58kg	AL JABRI Abdul Rahman Mohammed	OMA	
fisu-world-university-games-2025	Senior Men -58kg	CHIOK Chun yin	HKG	
fisu-world-university-games-2025	Senior Men -58kg	TAMANG Rupesh	NEP	
fisu-world-university-games-2025	Senior Men -58kg	CHAPARRO Erick	USA	
fisu-world-university-games-2025	Senior Men -58kg	GEBREKIDAN Biruk Teka	ETH	
fisu-world-university-games-2025	Senior Men -58kg	TRISTAN Scutaru	ROU	
fisu-world-university-games-2025	Senior Men -58kg	ORTIZ GARCIA Pepe	ESP	
fisu-world-university-games-2025	Senior Men -58kg	PUT THAI Fu Cern	MAS	
fisu-world-university-games-2025	Senior Men -58kg	RAMIREZ Mauricio	ECU	
fisu-world-university-games-2025	Senior Men -58kg	YAKIMOV Tsvetan	BUL	
fisu-world-university-games-2025	Senior Men -58kg	ALTYBAEV Aidin	KGZ	
fisu-world-university-games-2025	Senior Men -58kg	FARNES Ricki Gene	DEN	
fisu-world-university-games-2025	Senior Men -58kg	GANTULGA Enkhbayar	MGL	
fisu-world-university-games-2025	Senior Men -58kg	WONG Si long	MAC	
fisu-world-university-games-2025	Senior Men -58kg	TAYYAB Muhammad	PAK	
fisu-world-university-games-2025	Senior Men -63kg	ABABAKIROV Samirkhon	KAZ	1
fisu-world-university-games-2025	Senior Men -63kg	DAYIOGLU Omer faruk	TUR	2
fisu-world-university-games-2025	Senior Men -63kg	BORGEN Kristian storsul	NOR	3
fisu-world-university-games-2025	Senior Men -63kg	JENDOUBI Mohamed khalil	TUN	3
fisu-world-university-games-2025	Senior Men -63kg	DOS SANTOS MORAIS Guilherme	BRA	
fisu-world-university-games-2025	Senior Men -63kg	JULES Nathan	FRA	
fisu-world-university-games-2025	Senior Men -63kg	SRITIMONGKOL Napat	THA	
fisu-world-university-games-2025	Senior Men -63kg	CHANG Yohan	CAN	
fisu-world-university-games-2025	Senior Men -63kg	ALQUMIZI Abdullah Naif A	KSA	
fisu-world-university-games-2025	Senior Men -63kg	PAPIEROWSKI Dominik	POL	
fisu-world-university-games-2025	Senior Men -63kg	DASHDAVAA Chinzorig	MGL	
fisu-world-university-games-2025	Senior Men -63kg	TAHMAZOV Fuad	AZE	
fisu-world-university-games-2025	Senior Men -63kg	FILIP MURESANU Raul mario	ROU	
fisu-world-university-games-2025	Senior Men -63kg	MERDANAJ Ernest	ALB	
fisu-world-university-games-2025	Senior Men -63kg	TOMAS GONZALEZ Lois	ESP	
fisu-world-university-games-2025	Senior Men -63kg	HUANG Cho-cheng	TPE	
fisu-world-university-games-2025	Senior Men -63kg	TSURUOKA Rei	JPN	
fisu-world-university-games-2025	Senior Men -63kg	SUSILUOTO Otto	FIN	
fisu-world-university-games-2025	Senior Men -63kg	BACHIAN Gary Ralph	LBN	
fisu-world-university-games-2025	Senior Men -63kg	AL HABSI Ammar	OMA	
fisu-world-university-games-2025	Senior Men -63kg	HOGG Ryan	AUS	
fisu-world-university-games-2025	Senior Men -63kg	GALARZA ARROYO Cristhian Steven	ECU	
fisu-world-university-games-2025	Senior Men -63kg	SUK Habin	KOR	
fisu-world-university-games-2025	Senior Men -63kg	SHETTY Shivam Sudesh	IND	
fisu-world-university-games-2025	Senior Men -63kg	TORGEMAN Ori	ISR	
fisu-world-university-games-2025	Senior Men -63kg	AKHMEDOV Shokhijakhon	UZB	
fisu-world-university-games-2025	Senior Men -63kg	HORVATH Matej	SVK	
fisu-world-university-games-2025	Senior Men -63kg	SOARES DE APRESENTACAO Kelvio	STP	
fisu-world-university-games-2025	Senior Men -63kg	ELSERSY Omar	EGY	
fisu-world-university-games-2025	Senior Men -63kg	SETRODIPO Jayden	NED	
fisu-world-university-games-2025	Senior Men -63kg	KRASNOHOLOVETS Ivan	UKR	
fisu-world-university-games-2025	Senior Men -63kg	DONKO Ibrahim	BIH	
fisu-world-university-games-2025	Senior Men -63kg	NORETTO Cole	USA	
fisu-world-university-games-2025	Senior Men -63kg	FERRARO Davide	ITA	
fisu-world-university-games-2025	Senior Men -63kg	KHADKA Pujan	NEP	
fisu-world-university-games-2025	Senior Men -63kg	MURADYAN Sargis	ARM	
fisu-world-university-games-2025	Senior Men -63kg	GOMEZ Daniel Felipe	COL	
fisu-world-university-games-2025	Senior Men -68kg	TUBTIMDANG Banlung	THA	1
fisu-world-university-games-2025	Senior Men -68kg	LIANG Yushuai	CHN	2
fisu-world-university-games-2025	Senior Men -68kg	HOWELL Matthew	GBR	3
fisu-world-university-games-2025	Senior Men -68kg	SHULENOV Damir	KAZ	3
fisu-world-university-games-2025	Senior Men -68kg	HSU Hao-yu	TPE	
fisu-world-university-games-2025	Senior Men -68kg	ERER Berkay	TUR	
fisu-world-university-games-2025	Senior Men -68kg	LUCIEN Theo	FRA	
fisu-world-university-games-2025	Senior Men -68kg	STAMENOV Stefan	BUL	
fisu-world-university-games-2025	Senior Men -68kg	LO Wai fung	HKG	
fisu-world-university-games-2025	Senior Men -68kg	PÖRSCH Jona	GER	
fisu-world-university-games-2025	Senior Men -68kg	ABAD EXPOSITO Iker	ESP	
fisu-world-university-games-2025	Senior Men -68kg	SETTA Hamad	DEN	
fisu-world-university-games-2025	Senior Men -68kg	BYSTROV Volodymyr	UKR	
fisu-world-university-games-2025	Senior Men -68kg	LUPO Davide	ITA	
fisu-world-university-games-2025	Senior Men -68kg	SZUKALSKI Bartosz	POL	
fisu-world-university-games-2025	Senior Men -68kg	DJONKO Muhamed	BIH	
fisu-world-university-games-2025	Senior Men -68kg	JONAH Jesse Andesie	NGR	
fisu-world-university-games-2025	Senior Men -68kg	TOROSYAN Davit	ARM	
fisu-world-university-games-2025	Senior Men -68kg	HAJIYEV Vagif	AZE	
fisu-world-university-games-2025	Senior Men -68kg	HERNANDEZ JUMBO Alex teobaldo	ECU	
fisu-world-university-games-2025	Senior Men -68kg	AL HABSI Mohammed Adnan	OMA	
fisu-world-university-games-2025	Senior Men -68kg	HIMANSHU Himanshu	IND	
fisu-world-university-games-2025	Senior Men -68kg	KIM Hyohyeok	KOR	
fisu-world-university-games-2025	Senior Men -68kg	RAKIB Ahmad Nor Iman Hakim Bin	MAS	
fisu-world-university-games-2025	Senior Men -68kg	BUBA Gledis	ALB	
fisu-world-university-games-2025	Senior Men -68kg	GARZA CABRAL Fernando	MEX	
fisu-world-university-games-2025	Senior Men -68kg	TURABOV Umidjon	UZB	
fisu-world-university-games-2025	Senior Men -68kg	ACHNINE Aymen	NED	
fisu-world-university-games-2025	Senior Men -68kg	PACE Fredrick	AUS	
fisu-world-university-games-2025	Senior Men -68kg	GENZEL Eitan	ISR	
fisu-world-university-games-2025	Senior Men -68kg	FREDRICKS Justin	USA	
fisu-world-university-games-2025	Senior Men -74kg	KINTSURASHVILI Zurab	GEO	1
fisu-world-university-games-2025	Senior Men -74kg	ASSIS Vinicius	BRA	2
fisu-world-university-games-2025	Senior Men -74kg	CHIU Yi-jui	TPE	3
fisu-world-university-games-2025	Senior Men -74kg	KOSIMKHOJIEV Najmiddin	UZB	3
fisu-world-university-games-2025	Senior Men -74kg	YANG Jiwoo	KOR	
fisu-world-university-games-2025	Senior Men -74kg	KORPE Omer furkan	TUR	
fisu-world-university-games-2025	Senior Men -74kg	AMRI Bassem	FRA	
fisu-world-university-games-2025	Senior Men -74kg	SITTEK Tomas	CZE	
fisu-world-university-games-2025	Senior Men -74kg	MUSKEVITS Aleksandr	EST	
fisu-world-university-games-2025	Senior Men -74kg	SAHITI Mal	KOS	
fisu-world-university-games-2025	Senior Men -74kg	MERCER Jack  woody	THA	
fisu-world-university-games-2025	Senior Men -74kg	ISMAYILZADA Nijat	AZE	
fisu-world-university-games-2025	Senior Men -74kg	PROCOPCIUC Lucian	POR	
fisu-world-university-games-2025	Senior Men -74kg	SHANAFELT Noah	USA	
fisu-world-university-games-2025	Senior Men -74kg	DANIELYAN Armen	ARM	
fisu-world-university-games-2025	Senior Men -74kg	BOURIEL Ayoub	CAN	
fisu-world-university-games-2025	Senior Men -74kg	POERSCH Elia	GER	
fisu-world-university-games-2025	Senior Men -74kg	CUDNOCH Lukasz	POL	
fisu-world-university-games-2025	Senior Men -74kg	SULEAC Dmitrii	MDA	
fisu-world-university-games-2025	Senior Men -74kg	ALVIDREZ GANDARA Abraham Santiago	MEX	
fisu-world-university-games-2025	Senior Men -74kg	ROSAS GARZON Ronald Stivent	COL	
fisu-world-university-games-2025	Senior Men -74kg	DOYLE Ryan	IRL	
fisu-world-university-games-2025	Senior Men -74kg	MAMATOV Oleh	UKR	
fisu-world-university-games-2025	Senior Men -74kg	JORGENSEN Otto	DEN	
fisu-world-university-games-2025	Senior Men -74kg	VILLA AGUILAR Adrian	ESP	
fisu-world-university-games-2025	Senior Men -74kg	SHUBHAM Shubham	IND	
fisu-world-university-games-2025	Senior Men -74kg	ZAMBRANO ZAMBRANO Jorsuan Jaren	ECU	
fisu-world-university-games-2025	Senior Men -74kg	RAMAZANOV Khanmagomed	AIN	
fisu-world-university-games-2025	Senior Men -74kg	ORYNBASSAR Maksat	KAZ	
fisu-world-university-games-2025	Senior Men -74kg	AL TAIFI Rayyan mohammed j	KSA	
fisu-world-university-games-2025	Senior Men -74kg	AGUSHI Elion	KOS	
fisu-world-university-games-2025	Senior Men -80kg	SEO Geon-woo	KOR	1
fisu-world-university-games-2025	Senior Men -80kg	HUNG Jiun-yi	TPE	2
fisu-world-university-games-2025	Senior Men -80kg	HURNOV Kyrylo	UKR	3
fisu-world-university-games-2025	Senior Men -80kg	TOLEUGALI Batyrkhan	KAZ	3
fisu-world-university-games-2025	Senior Men -80kg	HRGOTA Leon	CRO	
fisu-world-university-games-2025	Senior Men -80kg	SULEYMANOV Taleh	AZE	
fisu-world-university-games-2025	Senior Men -80kg	RODRIGUES FERNANDES Henrique marques	BRA	
fisu-world-university-games-2025	Senior Men -80kg	FERNANDEZ GARCIA Mikel	ESP	
fisu-world-university-games-2025	Senior Men -80kg	CHO Chaichon	THA	
fisu-world-university-games-2025	Senior Men -80kg	LARA Clemente	MEX	
fisu-world-university-games-2025	Senior Men -80kg	SAHIN Muhammed Enes	TUR	
fisu-world-university-games-2025	Senior Men -80kg	GUMUS Kaan	GER	
fisu-world-university-games-2025	Senior Men -80kg	RASZKOWSKI Wiktor	POL	
fisu-world-university-games-2025	Senior Men -80kg	ALIPOUR Sohrab	GBR	
fisu-world-university-games-2025	Senior Men -80kg	CHARALAMBOUS Evangelos	CYP	
fisu-world-university-games-2025	Senior Men -80kg	YOUNG Isaiah	USA	
fisu-world-university-games-2025	Senior Men -80kg	BREGNBALLE Emil	DEN	
fisu-world-university-games-2025	Senior Men -80kg	REDHU Vinay	IND	
fisu-world-university-games-2025	Senior Men -80kg	HIDRI Ibrahim	ALB	
fisu-world-university-games-2025	Senior Men -80kg	WEIDUM Dion	NED	
fisu-world-university-games-2025	Senior Men -80kg	CASTILLO LEÓN Axel Justin	ECU	
fisu-world-university-games-2025	Senior Men -80kg	RODRÍGUEZ ACERO Miguel Ángel	COL	
fisu-world-university-games-2025	Senior Men -80kg	NSILU DILANDU Leroy	IRL	
fisu-world-university-games-2025	Senior Men -80kg	BARAL Abhishek	NEP	
fisu-world-university-games-2025	Senior Men -87kg	HARBAR Artem	UKR	1
fisu-world-university-games-2025	Senior Men -87kg	PIATKOWSKI Szymon	POL	2
fisu-world-university-games-2025	Senior Men -87kg	KRPAN Vito	CRO	3
fisu-world-university-games-2025	Senior Men -87kg	RODRIGUEZ Michael c.	USA	3
fisu-world-university-games-2025	Senior Men -87kg	CHEN Liang-hsi	TPE	
fisu-world-university-games-2025	Senior Men -87kg	GAFAROV Eltaj	AZE	
fisu-world-university-games-2025	Senior Men -87kg	MEHNANA Nahil	FRA	
fisu-world-university-games-2025	Senior Men -87kg	ZUBER Muhammad syafiq	MAS	
fisu-world-university-games-2025	Senior Men -87kg	SOUMANO Youssouf	MLI	
fisu-world-university-games-2025	Senior Men -87kg	KARIMBOEV Shokhjakhon	UZB	
fisu-world-university-games-2025	Senior Men -87kg	LEE Jun seo	KOR	
fisu-world-university-games-2025	Senior Men -87kg	HOERMANN Vincent	GER	
fisu-world-university-games-2025	Senior Men -87kg	NUCI Erol	BIH	
fisu-world-university-games-2025	Senior Men -87kg	SNACOV Laurentiu	ROU	
fisu-world-university-games-2025	Senior Men -87kg	BAILEY Kelen	HUN	
fisu-world-university-games-2025	Senior Men -87kg	AKBULUT Ismael Omer	ESP	
fisu-world-university-games-2025	Senior Men -87kg	SANON Achile	HAI	
fisu-world-university-games-2025	Senior Men -87kg	ESQUIVEL RAMIREZ Juan Pablo	MEX	
fisu-world-university-games-2025	Senior Men -87kg	KARTAL Huseyin	TUR	
fisu-world-university-games-2025	Senior Men -87kg	ALSOWAIQ Mohammed	KSA	
fisu-world-university-games-2025	Senior Men -87kg	SHOKEEN Rohit	IND	
fisu-world-university-games-2025	Senior Men -87kg	FARMAKAS Erik	SWE	
fisu-world-university-games-2025	Senior Men +87kg	KANG Sanghyun	KOR	1
fisu-world-university-games-2025	Senior Men +87kg	MAVLONOV Marat	UZB	2
fisu-world-university-games-2025	Senior Men +87kg	KABLAN Beibarys	KAZ	3
fisu-world-university-games-2025	Senior Men +87kg	HARBAR Andrii	UKR	3
fisu-world-university-games-2025	Senior Men +87kg	ESSAM MOHIUDDIN Abdullah	EGY	
fisu-world-university-games-2025	Senior Men +87kg	BADRIALIABADI Hamidreza	AZE	
fisu-world-university-games-2025	Senior Men +87kg	HAREMZA Krystian	POL	
fisu-world-university-games-2025	Senior Men +87kg	DEMIRCIOGLU Huseyin berat	TUR	
fisu-world-university-games-2025	Senior Men +87kg	JUNG Jiun-jie	TPE	
fisu-world-university-games-2025	Senior Men +87kg	MARINESCU Dragos	MDA	
fisu-world-university-games-2025	Senior Men +87kg	SUHAIMI Muhammad luqman haqim	MAS	
fisu-world-university-games-2025	Senior Men +87kg	ABDURAKHIMOV Abdylazym	KGZ	
fisu-world-university-games-2025	Senior Men +87kg	GORDO Raul	ESP	
fisu-world-university-games-2025	Senior Men +87kg	CHOI Brian Hwan	USA	
fisu-world-university-games-2025	Senior Men +87kg	BUIDZE Davit	GEO	
fisu-world-university-games-2025	Senior Men +87kg	RUDERMAN Ilia	ISR	
fisu-world-university-games-2025	Senior Men +87kg	SATVINDER Satvinder	IND	
fisu-world-university-games-2025	Senior Men +87kg	MUNENE Eric Gitonga	KEN	
fisu-world-university-games-2025	Senior Men +87kg	PENARANDA DIAZ Angel Farid	COL	
fisu-world-university-games-2025	Senior Women -46kg	KIM Yunseo	KOR	1
fisu-world-university-games-2025	Senior Women -46kg	HUANG Ying hsuan	TPE	2
fisu-world-university-games-2025	Senior Women -46kg	BERTAGNIN Elisa	ITA	3
fisu-world-university-games-2025	Senior Women -46kg	LUO Miaoyi	CHN	3
fisu-world-university-games-2025	Senior Women -46kg	OKAMOTO Ruka	JPN	
fisu-world-university-games-2025	Senior Women -46kg	POOLKERD Patcharakan	THA	
fisu-world-university-games-2025	Senior Women -46kg	ANIKA .	IND	
fisu-world-university-games-2025	Senior Women -46kg	SILVA NAZARIO Julia	BRA	
fisu-world-university-games-2025	Senior Women -46kg	GOGEBAKAN Emine	TUR	
fisu-world-university-games-2025	Senior Women -46kg	MAKAS Dzejla	BIH	
fisu-world-university-games-2025	Senior Women -46kg	GULIYEVA Salima	AZE	
fisu-world-university-games-2025	Senior Women -46kg	DELLA Hazel Anabelle Generoso	USA	
fisu-world-university-games-2025	Senior Women -46kg	TOJIMATOVA Zuhrakhon	UZB	
fisu-world-university-games-2025	Senior Women -46kg	KODAMAN Helin	GER	
fisu-world-university-games-2025	Senior Women -46kg	BRINDAMOHAN Sarangi	CAN	
fisu-world-university-games-2025	Senior Women -46kg	JIMENEZ MONTERO Ana	ESP	
fisu-world-university-games-2025	Senior Women -46kg	NIKOLAJEVA Stefani	EST	
fisu-world-university-games-2025	Senior Women -46kg	ALANDARY Dana	LBN	
fisu-world-university-games-2025	Senior Women -46kg	FUCHS Gaia	ISR	
fisu-world-university-games-2025	Senior Women -46kg	SAMBRANO PINEDA Daniela	COL	
fisu-world-university-games-2025	Senior Women -46kg	RETH Phanmonika	CAM	
fisu-world-university-games-2025	Senior Women -46kg	MACK Sarah	AUS	
fisu-world-university-games-2025	Senior Women -46kg	ABDULSALAM Shukurat	NGR	
fisu-world-university-games-2025	Senior Women -46kg	ANDRADE ALCIVAR Niurka Stefania	ECU	
fisu-world-university-games-2025	Senior Women -46kg	LUA Weiyi Jolene	SGP	
fisu-world-university-games-2025	Senior Women -46kg	BUSUIOC Ingrid Gabriela	ROU	
fisu-world-university-games-2025	Senior Women -49kg	MA Jingyue	CHN	1
fisu-world-university-games-2025	Senior Women -49kg	KISSKALT Supharada	GER	2
fisu-world-university-games-2025	Senior Women -49kg	AKHMEDOVA Nodira	KAZ	3
fisu-world-university-games-2025	Senior Women -49kg	SEEKEN Kamonchanok	THA	3
fisu-world-university-games-2025	Senior Women -49kg	LIU You-yun	TPE	
fisu-world-university-games-2025	Senior Women -49kg	BRYHIDA Erika	UKR	
fisu-world-university-games-2025	Senior Women -49kg	AKGUL Elif sude	TUR	
fisu-world-university-games-2025	Senior Women -49kg	GARCIA MARQUINA Sofia	ESP	
fisu-world-university-games-2025	Senior Women -49kg	BUCHELI Maria belen	ECU	
fisu-world-university-games-2025	Senior Women -49kg	MATONTI Ilenia elisabetta	ITA	
fisu-world-university-games-2025	Senior Women -49kg	OKAZAKI Hinata	JPN	
fisu-world-university-games-2025	Senior Women -49kg	GOSCH Camilly	BRA	
fisu-world-university-games-2025	Senior Women -49kg	BAJAN Mihaela nicoleta claudia	ROU	
fisu-world-university-games-2025	Senior Women -49kg	TANGIROVA Dilnoza	UZB	
fisu-world-university-games-2025	Senior Women -49kg	NESHER Yarden	ISR	
fisu-world-university-games-2025	Senior Women -49kg	PETERSON Ceili	GUY	
fisu-world-university-games-2025	Senior Women -49kg	KAKADIYA Twisha	IND	
fisu-world-university-games-2025	Senior Women -49kg	SONG Dahin Irene	USA	
fisu-world-university-games-2025	Senior Women -49kg	OSMANOVA Samarrukh	AZE	
fisu-world-university-games-2025	Senior Women -49kg	JEONG Hye In	KOR	
fisu-world-university-games-2025	Senior Women -49kg	SILVA Zelzin Viridiana	MEX	
fisu-world-university-games-2025	Senior Women -49kg	KRAJEWSKA Alicja	POL	
fisu-world-university-games-2025	Senior Women -49kg	FAKHOURY Chloe	LBN	
fisu-world-university-games-2025	Senior Women -49kg	KRY Lyden	CAM	
fisu-world-university-games-2025	Senior Women -49kg	KAFADAR Josipa	CAN	
fisu-world-university-games-2025	Senior Women -53kg	GUO Qing	CHN	1
fisu-world-university-games-2025	Senior Women -53kg	JONGKOLRATTANAWATTANA Chutikan	THA	2
fisu-world-university-games-2025	Senior Women -53kg	BEN AOUN Ouhoud	TUN	3
fisu-world-university-games-2025	Senior Women -53kg	SEO Yeowon	KOR	3
fisu-world-university-games-2025	Senior Women -53kg	FOKAS Sophia	CAN	
fisu-world-university-games-2025	Senior Women -53kg	VIGDOR Ariel	ISR	
fisu-world-university-games-2025	Senior Women -53kg	SUNDETBAY Aidana	KAZ	
fisu-world-university-games-2025	Senior Women -53kg	PEREZ PARRADO Alma maria	ESP	
fisu-world-university-games-2025	Senior Women -53kg	GUANGA Miley Domenica	ECU	
fisu-world-university-games-2025	Senior Women -53kg	AL HALWANI Elisa	ITA	
fisu-world-university-games-2025	Senior Women -53kg	TASKIN Zeynep	TUR	
fisu-world-university-games-2025	Senior Women -53kg	BOU HABIB Mariella	LBN	
fisu-world-university-games-2025	Senior Women -53kg	KRAISNIK Katarina	BIH	
fisu-world-university-games-2025	Senior Women -53kg	KHOBTAR Sofiia	UKR	
fisu-world-university-games-2025	Senior Women -53kg	ZAYNIDDINOVA Laylo	UZB	
fisu-world-university-games-2025	Senior Women -53kg	WEBER Logan	USA	
fisu-world-university-games-2025	Senior Women -53kg	CHHUN Theara	CAM	
fisu-world-university-games-2025	Senior Women -53kg	MAMMADOVA Maryam	AZE	
fisu-world-university-games-2025	Senior Women -53kg	HERBERTSON Reyna	AUS	
fisu-world-university-games-2025	Senior Women -53kg	MWANDAWIRO Annah jumwa	KEN	
fisu-world-university-games-2025	Senior Women -53kg	ASIMI Adiba	GER	
fisu-world-university-games-2025	Senior Women -53kg	WONDE Eldana Mengistu	ETH	
fisu-world-university-games-2025	Senior Women -53kg	RODRIGUEZ Irlanda	MEX	
fisu-world-university-games-2025	Senior Women -53kg	JIANG Yi-shan	TPE	
fisu-world-university-games-2025	Senior Women -53kg	SANGARE Mariam	MLI	
fisu-world-university-games-2025	Senior Women -53kg	MARTINEZ ESPINOSA Michel Catalina	COL	
fisu-world-university-games-2025	Senior Women -53kg	NISHIDA Mao	JPN	
fisu-world-university-games-2025	Senior Women -53kg	CHANAMBAM Shivangi	IND	
fisu-world-university-games-2025	Senior Women -53kg	OLESZCZUK Lucja	POL	
fisu-world-university-games-2025	Senior Women -57kg	LIMA PACHECO Maria Clara	BRA	1
fisu-world-university-games-2025	Senior Women -57kg	TOUMI Chaima	TUN	2
fisu-world-university-games-2025	Senior Women -57kg	MIRABZALOVA Madina	UZB	3
fisu-world-university-games-2025	Senior Women -57kg	LISOWSKA Nikol	POL	3
fisu-world-university-games-2025	Senior Women -57kg	AOUN Laetitia	LBN	
fisu-world-university-games-2025	Senior Women -57kg	SEVOSTYANOVA Mariya	KAZ	
fisu-world-university-games-2025	Senior Women -57kg	AL HALWANI Giada	ITA	
fisu-world-university-games-2025	Senior Women -57kg	LIN Wei-chun	TPE	
fisu-world-university-games-2025	Senior Women -57kg	CORREIA Leonor	POR	
fisu-world-university-games-2025	Senior Women -57kg	HORSELL Riley	AUS	
fisu-world-university-games-2025	Senior Women -57kg	DILER Ruya	TUR	
fisu-world-university-games-2025	Senior Women -57kg	TORRES TENA Elena	ESP	
fisu-world-university-games-2025	Senior Women -57kg	WOLF Jessica	GER	
fisu-world-university-games-2025	Senior Women -57kg	PATAKFALVY Luca	HUN	
fisu-world-university-games-2025	Senior Women -57kg	KOSTENEVYCH Darya	UKR	
fisu-world-university-games-2025	Senior Women -57kg	MILLER Montana	USA	
fisu-world-university-games-2025	Senior Women -57kg	IRHAIEL Karin	ISR	
fisu-world-university-games-2025	Senior Women -57kg	DOCK Alice Stacy	KEN	
fisu-world-university-games-2025	Senior Women -57kg	SAMY Shahd	EGY	
fisu-world-university-games-2025	Senior Women -57kg	KIM Sowon	KOR	
fisu-world-university-games-2025	Senior Women -57kg	Payal	IND	
fisu-world-university-games-2025	Senior Women -57kg	BASHIROVA Leyla	AZE	
fisu-world-university-games-2025	Senior Women -57kg	MOUCH Sara	NED	
fisu-world-university-games-2025	Senior Women -57kg	GASHI Rona	KOS	
fisu-world-university-games-2025	Senior Women -57kg	RASMUSSEN Caroline Bjerring	DEN	
fisu-world-university-games-2025	Senior Women -57kg	MARÍN GAVIRIA Valeria	COL	
fisu-world-university-games-2025	Senior Women -57kg	YANDOLOVSKAYA Ariadna	AIN	
fisu-world-university-games-2025	Senior Women -57kg	RATSAMEPRAPA Orawan	THA	
fisu-world-university-games-2025	Senior Women -57kg	PARRA ZAPATA Daniela micaela	ECU	
fisu-world-university-games-2025	Senior Women -57kg	HERNANDEZ SEGOVIA Mia danay	MEX	
fisu-world-university-games-2025	Senior Women -57kg	HOVHANNISYAN Meline	ARM	
fisu-world-university-games-2025	Senior Women -57kg	CHHOEUNG Aliza	CAM	
fisu-world-university-games-2025	Senior Women -57kg	TEGGERI Markella	CYP	
fisu-world-university-games-2025	Senior Women -62kg	CAKAL Sevval	TUR	1
fisu-world-university-games-2025	Senior Women -62kg	STOLBOVA Petra	CZE	2
fisu-world-university-games-2025	Senior Women -62kg	TONGCHAN Sasikarn	THA	3
fisu-world-university-games-2025	Senior Women -62kg	ARELIC Ivana	CRO	3
fisu-world-university-games-2025	Senior Women -62kg	SZPAK Julia	POL	
fisu-world-university-games-2025	Senior Women -62kg	SECANELL CHARLES Elsa	ESP	
fisu-world-university-games-2025	Senior Women -62kg	AZIZOVA Diyorakhon	UZB	
fisu-world-university-games-2025	Senior Women -62kg	MINA Mell	ECU	
fisu-world-university-games-2025	Senior Women -62kg	ADILBEKKYZY Aisha	KAZ	
fisu-world-university-games-2025	Senior Women -62kg	ANASTASOVA Anna	UKR	
fisu-world-university-games-2025	Senior Women -62kg	KIM Yumin	KOR	
fisu-world-university-games-2025	Senior Women -62kg	FROIS Patricia	POR	
fisu-world-university-games-2025	Senior Women -62kg	GARCIA DIAZ Andrea	MEX	
fisu-world-university-games-2025	Senior Women -62kg	GOEBEL Laura	GER	
fisu-world-university-games-2025	Senior Women -62kg	CHANG Jui-en	TPE	
fisu-world-university-games-2025	Senior Women -62kg	GNIEDZIEJKO Jessica	USA	
fisu-world-university-games-2025	Senior Women -62kg	ROJAS MUNOZ Sara Manuela	COL	
fisu-world-university-games-2025	Senior Women -62kg	SIDIBE Mariam	MLI	
fisu-world-university-games-2025	Senior Women -62kg	ABI FARAH Ella	LBN	
fisu-world-university-games-2025	Senior Women -62kg	KAZIMOVA Nargiz	AZE	
fisu-world-university-games-2025	Senior Women -62kg	PARKI Rejina	NEP	
fisu-world-university-games-2025	Senior Women -62kg	MAHMOUD Nadine	EGY	
fisu-world-university-games-2025	Senior Women -62kg	MARCHLINSKI Maria Sainabou	GAM	
fisu-world-university-games-2025	Senior Women -62kg	PREMRAJ Anushiya Priyadarshini	IND	
fisu-world-university-games-2025	Senior Women -67kg	XING Jiani	CHN	1
fisu-world-university-games-2025	Senior Women -67kg	MORENO REYES Lena	ESP	2
fisu-world-university-games-2025	Senior Women -67kg	ANDRIC Leonarda	CAN	3
fisu-world-university-games-2025	Senior Women -67kg	KWAK Minju	KOR	3
fisu-world-university-games-2025	Senior Women -67kg	KAYIR Ikra	TUR	
fisu-world-university-games-2025	Senior Women -67kg	KLEPAC Nika	CRO	
fisu-world-university-games-2025	Senior Women -67kg	KHUSSAINOVA Nuray	KAZ	
fisu-world-university-games-2025	Senior Women -67kg	SHEHATA Aya	EGY	
fisu-world-university-games-2025	Senior Women -67kg	TOMCZAK Tatiana	POL	
fisu-world-university-games-2025	Senior Women -67kg	CHUA Chloe	USA	
fisu-world-university-games-2025	Senior Women -67kg	SHAW Erin	GBR	
fisu-world-university-games-2025	Senior Women -67kg	FREDERIKSEN Kathrine kamp nordentoft	DEN	
fisu-world-university-games-2025	Senior Women -67kg	FATNASSI Maram	QAT	
fisu-world-university-games-2025	Senior Women -67kg	MAGGIORE Giulia	ITA	
fisu-world-university-games-2025	Senior Women -67kg	MINK Amy	NED	
fisu-world-university-games-2025	Senior Women -67kg	CHIU Shao-hsuan	TPE	
fisu-world-university-games-2025	Senior Women -67kg	YADAV Jyoti	IND	
fisu-world-university-games-2025	Senior Women -67kg	VANN Borey	CAM	
fisu-world-university-games-2025	Senior Women -67kg	KRUSH Diana	UKR	
fisu-world-university-games-2025	Senior Women -67kg	ALI Maliha	PAK	
fisu-world-university-games-2025	Senior Women -67kg	FRANCO VAQUE Naomi Juliana	ECU	
fisu-world-university-games-2025	Senior Women -67kg	MWECHANDE Selina Zenna	KEN	
fisu-world-university-games-2025	Senior Women -67kg	MEHNANA Ines	FRA	
fisu-world-university-games-2025	Senior Women -67kg	CHAREEWAN Piyachatrutai	THA	
fisu-world-university-games-2025	Senior Women -67kg	SERNA MADRID Maria Jose	COL	
fisu-world-university-games-2025	Senior Women -67kg	ALBOUSTANY Carla	LBN	
fisu-world-university-games-2025	Senior Women -67kg	GONZALEZ PEREZ Viviana Athenea	MEX	
fisu-world-university-games-2025	Senior Women -67kg	MEMBER Florence	NGR	
fisu-world-university-games-2025	Senior Women -67kg	ABELA Rose letizia	AUS	
fisu-world-university-games-2025	Senior Women -73kg	UZUNCAVDAR Sude yaren	TUR	1
fisu-world-university-games-2025	Senior Women -73kg	CHAARI Sarah	BEL	2
fisu-world-university-games-2025	Senior Women -73kg	OLIVEIRA DOS SANTOS Mikaela	BRA	3
fisu-world-university-games-2025	Senior Women -73kg	OH Seungju	KOR	3
fisu-world-university-games-2025	Senior Women -73kg	HOERMANN Emily	GER	
fisu-world-university-games-2025	Senior Women -73kg	PODOLIAN Renata	UKR	
fisu-world-university-games-2025	Senior Women -73kg	MAKHMUTOVA Nazym	KAZ	
fisu-world-university-games-2025	Senior Women -73kg	NICHOLSON Sofie	CAN	
fisu-world-university-games-2025	Senior Women -73kg	JAVED Areeba	PAK	
fisu-world-university-games-2025	Senior Women -73kg	USSERMAN Brianne Elizabeth	USA	
fisu-world-university-games-2025	Senior Women -73kg	SOLTERO Leslie	MEX	
fisu-world-university-games-2025	Senior Women -73kg	HSU Yu-hsi	TPE	
fisu-world-university-games-2025	Senior Women -73kg	FERNANDEZ Julia	ESP	
fisu-world-university-games-2025	Senior Women -73kg	MASTELIC Mila	CRO	
fisu-world-university-games-2025	Senior Women -73kg	HELVIGA Viktorija	LAT	
fisu-world-university-games-2025	Senior Women -73kg	DAS Etisha	IND	
fisu-world-university-games-2025	Senior Women +73kg	SONG Da bin	KOR	1
fisu-world-university-games-2025	Senior Women +73kg	CHIN I Chun	TPE	2
fisu-world-university-games-2025	Senior Women +73kg	KECK Hannah	USA	3
fisu-world-university-games-2025	Senior Women +73kg	HAREMZA Dagmara	POL	3
fisu-world-university-games-2025	Senior Women +73kg	HAMADACHE Emna	FRA	
fisu-world-university-games-2025	Senior Women +73kg	FOUNTAIN Rachel	CAN	
fisu-world-university-games-2025	Senior Women +73kg	MIRTADJIEVA Iroda	UZB	
fisu-world-university-games-2025	Senior Women +73kg	SHVEDKOVA Polina	AIN	
fisu-world-university-games-2025	Senior Women +73kg	AKBULAK Esra	TUR	
fisu-world-university-games-2025	Senior Women +73kg	KUTS Mariia	UKR	
fisu-world-university-games-2025	Senior Women +73kg	HUSOVIC Esmeralda	GER	
fisu-world-university-games-2025	Senior Women +73kg	URNAUT Nusa	SLO	
fisu-world-university-games-2025	Senior Women +73kg	RIVADULLA LORENZO Desiree	ESP	
fisu-world-university-games-2025	Senior Women +73kg	DANG Rishita	IND	
fisu-world-university-games-2025	Senior Women +73kg	MU Wenzhe	CHN	
fisu-world-university-games-2025	Senior Women +73kg	ALI Manisha	PAK	
fisu-world-university-games-2025	Senior Women +73kg	ASKARJIAN Celine	LBN	
fisu-world-university-games-2025	Senior Women +73kg	BARRIOS Karina	MEX	
fisu-world-university-games-2025	Senior Women +73kg	OLATEJU Olajumoke Blessing	NGR	
presidents-cup-oceania-2025	Senior Men -54kg	ASEM ATA ABU SREE' Moataz bellah	EGY	1
presidents-cup-oceania-2025	Senior Men -54kg	ALDAOUD Ja'afar	JOR	2
presidents-cup-oceania-2025	Senior Men -54kg	ALMUSHRAF Abdullah essa a	KSA	3
presidents-cup-oceania-2025	Senior Men -54kg	OHARA Ryusei	JPN	3
presidents-cup-oceania-2025	Senior Men -54kg	GUN Youngsuk Ethan	USA	
presidents-cup-oceania-2025	Senior Men -54kg	CANETE Arian nathan	USA	
presidents-cup-oceania-2025	Senior Men -54kg	LUCIANO Joaquin patrick	USA	
presidents-cup-oceania-2025	Senior Men -54kg	HEALY Seth	AUS	
presidents-cup-oceania-2025	Senior Men -54kg	KITADE Tatsuya	JPN	
presidents-cup-oceania-2025	Senior Men -54kg	GRANIER-AMEUR Aikan	AUS	
presidents-cup-oceania-2025	Senior Men -54kg	LI Ci En	TPE	
presidents-cup-oceania-2025	Senior Men -54kg	GREGORY-HUNT Ashton-lee	NZL	
presidents-cup-oceania-2025	Senior Men -54kg	OHARA Keishin	JPN	
presidents-cup-oceania-2025	Senior Men -54kg	HARRISON Mason	AUS	
presidents-cup-oceania-2025	Senior Men -54kg	TSANG Chun hei	HKG	
presidents-cup-oceania-2025	Senior Men -54kg	CHENG Yuen fung	HKG	
presidents-cup-oceania-2025	Senior Men -58kg	BAE Jun-seo	KOR	1
presidents-cup-oceania-2025	Senior Men -58kg	YANG Huichan	KOR	2
presidents-cup-oceania-2025	Senior Men -58kg	PAN Kuei-an	TPE	3
presidents-cup-oceania-2025	Senior Men -58kg	KIM Si yun	KOR	3
presidents-cup-oceania-2025	Senior Men -58kg	SALIM Sharif gergely	HUN	
presidents-cup-oceania-2025	Senior Men -58kg	PARK Min kyu	KOR	
presidents-cup-oceania-2025	Senior Men -58kg	CHIOK Chun yin	HKG	
presidents-cup-oceania-2025	Senior Men -58kg	YOUSIF Mahmoud bassam	JOR	
presidents-cup-oceania-2025	Senior Men -58kg	WANG Liu-je	TPE	
presidents-cup-oceania-2025	Senior Men -58kg	HAMDI Riad nasser a	KSA	
presidents-cup-oceania-2025	Senior Men -58kg	SANCHES DE SANTIS Yuri	BRA	
presidents-cup-oceania-2025	Senior Men -58kg	MELO Paulo	BRA	
presidents-cup-oceania-2025	Senior Men -58kg	HIGASHIJIMA Seiya	JPN	
presidents-cup-oceania-2025	Senior Men -58kg	CAMUA Benjamin	AUS	
presidents-cup-oceania-2025	Senior Men -58kg	CARRILLO Joseph	USA	
presidents-cup-oceania-2025	Senior Men -58kg	MINGUK Jeon	NZL	
presidents-cup-oceania-2025	Senior Men -58kg	SINGH Japnam	IND	
presidents-cup-oceania-2025	Senior Men -58kg	ALQUMIZI Abdullah Naif A	KSA	
presidents-cup-oceania-2025	Senior Men -58kg	ONGGOSANUSI Clement	VAN	
presidents-cup-oceania-2025	Senior Men -58kg	MONTONE Luca	AUS	
presidents-cup-oceania-2025	Senior Men -58kg	TOMURA Taichi	JPN	
presidents-cup-oceania-2025	Senior Men -58kg	SMITH Noah	NZL	
presidents-cup-oceania-2025	Senior Men -58kg	CHAND Ravneet	AUS	
presidents-cup-oceania-2025	Senior Men -58kg	REEBY Bradley	AUS	
presidents-cup-oceania-2025	Senior Men -63kg	JANG Jun	KOR	1
presidents-cup-oceania-2025	Senior Men -63kg	MAEDA Hidetaka	JPN	2
presidents-cup-oceania-2025	Senior Men -63kg	YUN Joon hyuk	KOR	3
presidents-cup-oceania-2025	Senior Men -63kg	SALIM Omar gergely	HUN	3
presidents-cup-oceania-2025	Senior Men -63kg	ASADA Shoki	JPN	
presidents-cup-oceania-2025	Senior Men -63kg	SHLOUL Tareq	JOR	
presidents-cup-oceania-2025	Senior Men -63kg	KIM Jongmyeong	KOR	
presidents-cup-oceania-2025	Senior Men -63kg	SINGH Nitesh	IND	
presidents-cup-oceania-2025	Senior Men -63kg	WESAM MOHAMED SAEED MOSTAFA ANTER Omar	EGY	
presidents-cup-oceania-2025	Senior Men -63kg	CHAN Kin fung	HKG	
presidents-cup-oceania-2025	Senior Men -63kg	CHOY Aaron	AUS	
presidents-cup-oceania-2025	Senior Men -63kg	HUANG Cho-cheng	TPE	
presidents-cup-oceania-2025	Senior Men -63kg	CAO Geremy	AUS	
presidents-cup-oceania-2025	Senior Men -63kg	TAMAYAMA Koichi	JPN	
presidents-cup-oceania-2025	Senior Men -63kg	GHALI Zakaria mohammed	KSA	
presidents-cup-oceania-2025	Senior Men -63kg	INOUE Shuki	JPN	
presidents-cup-oceania-2025	Senior Men -63kg	DOWN Harrison	AUS	
presidents-cup-oceania-2025	Senior Men -63kg	MIYAGUCHI Edo	FPO	
presidents-cup-oceania-2025	Senior Men -63kg	HUNT Adin	AUS	
presidents-cup-oceania-2025	Senior Men -63kg	BAYNE Karl	NZL	
presidents-cup-oceania-2025	Senior Men -63kg	GRANT Gavin	USA	
presidents-cup-oceania-2025	Senior Men -63kg	BETTS Dustin	AUS	
presidents-cup-oceania-2025	Senior Men -63kg	ONGGOSANUSI Caleb	VAN	
presidents-cup-oceania-2025	Senior Men -63kg	MORALES Leroy	AUS	
presidents-cup-oceania-2025	Senior Men -68kg	NIU Guansen	CHN	1
presidents-cup-oceania-2025	Senior Men -68kg	ALHALAWANI Zaid	JOR	2
presidents-cup-oceania-2025	Senior Men -68kg	TSURUOKA Rei	JPN	3
presidents-cup-oceania-2025	Senior Men -68kg	NIKOLOVSKI Xavier	AUS	3
presidents-cup-oceania-2025	Senior Men -68kg	HSU Hao-yu	TPE	
presidents-cup-oceania-2025	Senior Men -68kg	MUHAMMAD FATHY Omar	EGY	
presidents-cup-oceania-2025	Senior Men -68kg	AL NASHASH Hamzeh	JOR	
presidents-cup-oceania-2025	Senior Men -68kg	SUMMERFIELD Matthew	AUS	
presidents-cup-oceania-2025	Senior Men -68kg	SULTANI Zaki	AUS	
presidents-cup-oceania-2025	Senior Men -68kg	GAO Zijian	AUS	
presidents-cup-oceania-2025	Senior Men -68kg	HUANG Yu jui	TPE	
presidents-cup-oceania-2025	Senior Men -68kg	OTHMAN Mohammad	JOR	
presidents-cup-oceania-2025	Senior Men -68kg	TAYLOR Finn	CAN	
presidents-cup-oceania-2025	Senior Men -68kg	KE Siang Han	TPE	
presidents-cup-oceania-2025	Senior Men -68kg	LO Wai fung	HKG	
presidents-cup-oceania-2025	Senior Men -68kg	ALTARYREH Mahmoud	JOR	
presidents-cup-oceania-2025	Senior Men -68kg	SABLJAK Lucas	AUS	
presidents-cup-oceania-2025	Senior Men -68kg	PANAI Keahi	FPO	
presidents-cup-oceania-2025	Senior Men -68kg	LEE Jun	NZL	
presidents-cup-oceania-2025	Senior Men -68kg	ALHARBI Mohammed maher	KSA	
presidents-cup-oceania-2025	Senior Men -68kg	BRECELY Beau	AUS	
presidents-cup-oceania-2025	Senior Men -68kg	MASSIMINO Christian	AUS	
presidents-cup-oceania-2025	Senior Men -68kg	GLEESON Jack	AUS	
presidents-cup-oceania-2025	Senior Men -74kg	LEE Sang Ryeol	KOR	1
presidents-cup-oceania-2025	Senior Men -74kg	HSIEH Tsung yu	TPE	2
presidents-cup-oceania-2025	Senior Men -74kg	TSAI Sheng-liang	TPE	3
presidents-cup-oceania-2025	Senior Men -74kg	CHIU Yi-jui	TPE	3
presidents-cup-oceania-2025	Senior Men -74kg	EISSA Rami	EGY	
presidents-cup-oceania-2025	Senior Men -74kg	IORSS Rahiti	FPO	
presidents-cup-oceania-2025	Senior Men -74kg	SOUZA DINIZ Joao victor	BRA	
presidents-cup-oceania-2025	Senior Men -74kg	KATOH Takato	JPN	
presidents-cup-oceania-2025	Senior Men -74kg	PLOTON Gabriel	FPO	
presidents-cup-oceania-2025	Senior Men -74kg	KAREEM Zaid	JOR	
presidents-cup-oceania-2025	Senior Men -74kg	RAGHEB Taye	AUS	
presidents-cup-oceania-2025	Senior Men -74kg	RODRIGUES Victor	USA	
presidents-cup-oceania-2025	Senior Men -74kg	ROWE Tane	AUS	
presidents-cup-oceania-2025	Senior Men -74kg	LAM Chak mun	HKG	
presidents-cup-oceania-2025	Senior Men -74kg	HAMEDI Tareg ali m	KSA	
presidents-cup-oceania-2025	Senior Men -74kg	ALMABROUK Osama	AUS	
presidents-cup-oceania-2025	Senior Men -74kg	PUERTOLLANO Jadon	NZL	
presidents-cup-oceania-2025	Senior Men -74kg	WONG Yan kit	HKG	
presidents-cup-oceania-2025	Senior Men -80kg	KIM Hyun-woo	KOR	1
presidents-cup-oceania-2025	Senior Men -80kg	HUNG Jiun-yi	TPE	2
presidents-cup-oceania-2025	Senior Men -80kg	LI Yang	CHN	3
presidents-cup-oceania-2025	Senior Men -80kg	TYAGI Shivansh	IND	3
presidents-cup-oceania-2025	Senior Men -80kg	MANSFIELD Zaine	AUS	
presidents-cup-oceania-2025	Senior Men -80kg	ALADARBI Mohammad	JOR	
presidents-cup-oceania-2025	Senior Men -80kg	HILAL Yassine	CAN	
presidents-cup-oceania-2025	Senior Men -80kg	MAIRAU Rainui	FPO	
presidents-cup-oceania-2025	Senior Men -80kg	TANGAERE Kuao	NZL	
presidents-cup-oceania-2025	Senior Men -87kg	EISSA Seif	EGY	1
presidents-cup-oceania-2025	Senior Men -87kg	STEWART Jordan	CAN	2
presidents-cup-oceania-2025	Senior Men -87kg	EBATA Hidenori	JPN	3
presidents-cup-oceania-2025	Senior Men -87kg	ELSHARABATY Saleh	JOR	3
presidents-cup-oceania-2025	Senior Men -87kg	PRAKASH Nipesh	FIJ	
presidents-cup-oceania-2025	Senior Men -87kg	CHEN Liang-hsi	TPE	
presidents-cup-oceania-2025	Senior Men -87kg	STEWART Jobe	AUS	
presidents-cup-oceania-2025	Senior Men -87kg	TRANTER Angus	AUS	
presidents-cup-oceania-2025	Senior Men -87kg	VALENTE Tivini	FPO	
presidents-cup-oceania-2025	Senior Men -87kg	WILLS Jamie	NZL	
presidents-cup-oceania-2025	Senior Men +87kg	HUANG Yu-jen	TPE	1
presidents-cup-oceania-2025	Senior Men +87kg	STILLEY Aiden	AUS	2
presidents-cup-oceania-2025	Senior Men +87kg	LI Mingsi	CHN	3
presidents-cup-oceania-2025	Senior Men +87kg	SANSORES Carlos	MEX	3
presidents-cup-oceania-2025	Senior Men +87kg	MAI-APA Raihau	FPO	
presidents-cup-oceania-2025	Senior Men +87kg	LEE Meng-en	TPE	
presidents-cup-oceania-2025	Senior Men +87kg	MINAGAWA Toru	JPN	
presidents-cup-oceania-2025	Senior Women -46kg	BASSETT Jaycee	CRC	1
presidents-cup-oceania-2025	Senior Women -46kg	HUANG Ying hsuan	TPE	2
presidents-cup-oceania-2025	Senior Women -46kg	SALIM Kamilah	HUN	3
presidents-cup-oceania-2025	Senior Women -46kg	OKAZAKI Hinata	JPN	3
presidents-cup-oceania-2025	Senior Women -46kg	ZHAO Huanna	HKG	
presidents-cup-oceania-2025	Senior Women -46kg	ALKHAWAHR Rahmah abdulmanam a	KSA	
presidents-cup-oceania-2025	Senior Women -46kg	KIM Na yeon	KOR	
presidents-cup-oceania-2025	Senior Women -46kg	PARK Seojeong	KOR	
presidents-cup-oceania-2025	Senior Women -46kg	OROZCO Angelique	CAN	
presidents-cup-oceania-2025	Senior Women -46kg	MACK Sarah	AUS	
presidents-cup-oceania-2025	Senior Women -49kg	LIU You-yun	TPE	1
presidents-cup-oceania-2025	Senior Women -49kg	CHIANG Chih yun	TPE	2
presidents-cup-oceania-2025	Senior Women -49kg	MURAKAMI China	JPN	3
presidents-cup-oceania-2025	Senior Women -49kg	OKAMOTO Ruka	JPN	3
presidents-cup-oceania-2025	Senior Women -49kg	PETERSON Ceili	GUY	
presidents-cup-oceania-2025	Senior Women -49kg	SHERIF HAMDY Laila	EGY	
presidents-cup-oceania-2025	Senior Women -49kg	TAMBYRAJAH Saffron	AUS	
presidents-cup-oceania-2025	Senior Women -49kg	LAM Siu wai	HKG	
presidents-cup-oceania-2025	Senior Women -49kg	NG Ping ngan paisley	HKG	
presidents-cup-oceania-2025	Senior Women -49kg	PAPPAS Ruby	AUS	
presidents-cup-oceania-2025	Senior Women -49kg	KHAN Zoya	IND	
presidents-cup-oceania-2025	Senior Women -49kg	BARROSO Kiara	POR	
presidents-cup-oceania-2025	Senior Women -49kg	ECKLEY Keira	AUS	
presidents-cup-oceania-2025	Senior Women -49kg	SWEENEY Tiarnagh	AUS	
presidents-cup-oceania-2025	Senior Women -49kg	HAN Nayeon	KOR	
presidents-cup-oceania-2025	Senior Women -53kg	KHATTAB Jana	EGY	1
presidents-cup-oceania-2025	Senior Women -53kg	ABUTALEB Dunya ali m	KSA	2
presidents-cup-oceania-2025	Senior Women -53kg	KATOH Yuzuho	JPN	3
presidents-cup-oceania-2025	Senior Women -53kg	SU Po-ya	TPE	3
presidents-cup-oceania-2025	Senior Women -53kg	BEZERRA Camila	BRA	
presidents-cup-oceania-2025	Senior Women -53kg	HERBERTSON Reyna	AUS	
presidents-cup-oceania-2025	Senior Women -53kg	KUO Yi-fan	TPE	
presidents-cup-oceania-2025	Senior Women -53kg	KLAKALA Magdalini	GRE	
presidents-cup-oceania-2025	Senior Women -53kg	LANDSBERG Ambrosia	AUS	
presidents-cup-oceania-2025	Senior Women -53kg	BLEWITT Michaela	AUS	
presidents-cup-oceania-2025	Senior Women -53kg	QUERUBIN Sofia	AUS	
presidents-cup-oceania-2025	Senior Women -53kg	TIREN Elanur	AUS	
presidents-cup-oceania-2025	Senior Women -53kg	KAUR Sarwar	IND	
presidents-cup-oceania-2025	Senior Women -53kg	BARROS Nivea	BRA	
presidents-cup-oceania-2025	Senior Women -53kg	TAN Nichelle	SGP	
presidents-cup-oceania-2025	Senior Women -53kg	MALIK Kashish	IND	
presidents-cup-oceania-2025	Senior Women -53kg	SHINKAWA Manami	JPN	
presidents-cup-oceania-2025	Senior Women -53kg	LIM Esther	AUS	
presidents-cup-oceania-2025	Senior Women -53kg	MASIELLO Giuliana	AUS	
presidents-cup-oceania-2025	Senior Women -53kg	SARDANA Claire	AUS	
presidents-cup-oceania-2025	Senior Women -53kg	KWOK Tsz Tung	HKG	
presidents-cup-oceania-2025	Senior Women -53kg	ABD ELMESSEH Miriam	AUS	
presidents-cup-oceania-2025	Senior Women -57kg	LIN Wei-chun	TPE	1
presidents-cup-oceania-2025	Senior Women -57kg	KHIRFAN Fadia	JOR	2
presidents-cup-oceania-2025	Senior Women -57kg	HYMER Stacey	AUS	3
presidents-cup-oceania-2025	Senior Women -57kg	NISHIDA Mao	JPN	3
presidents-cup-oceania-2025	Senior Women -57kg	HORSELL Riley	AUS	
presidents-cup-oceania-2025	Senior Women -57kg	KIM Gahyeon	KOR	
presidents-cup-oceania-2025	Senior Women -57kg	SO Yuen ting	HKG	
presidents-cup-oceania-2025	Senior Women -57kg	PAVIA Bianca	AUS	
presidents-cup-oceania-2025	Senior Women -57kg	ERYUREK Asya	AUS	
presidents-cup-oceania-2025	Senior Women -57kg	LIU Ellen	AUS	
presidents-cup-oceania-2025	Senior Women -57kg	ISHIDA Otoa	JPN	
presidents-cup-oceania-2025	Senior Women -57kg	WU Jin jia	NZL	
presidents-cup-oceania-2025	Senior Women -62kg	ALRAWASHDEH Razan mohammed	JOR	1
presidents-cup-oceania-2025	Senior Women -62kg	BLEWITT Gabriella	AUS	2
presidents-cup-oceania-2025	Senior Women -62kg	CHANG Jui-en	TPE	3
presidents-cup-oceania-2025	Senior Women -62kg	OH Ha eun	KOR	3
presidents-cup-oceania-2025	Senior Women -62kg	BREWSTER Ella	CAN	
presidents-cup-oceania-2025	Senior Women -62kg	LEE Hanna	KOR	
presidents-cup-oceania-2025	Senior Women -62kg	IORSS Kawehi	FPO	
presidents-cup-oceania-2025	Senior Women -67kg	HONG Hyo rim	KOR	1
presidents-cup-oceania-2025	Senior Women -67kg	CHIU Shao-hsuan	TPE	2
presidents-cup-oceania-2025	Senior Women -67kg	SHEHATA Aya	EGY	3
presidents-cup-oceania-2025	Senior Women -67kg	ZHU Yingyue	CHN	3
presidents-cup-oceania-2025	Senior Women -67kg	CLARK Mila	AUS	
presidents-cup-oceania-2025	Senior Women -67kg	LUKIC Maya	CAN	
presidents-cup-oceania-2025	Senior Women -67kg	ABELA Rose letizia	AUS	
presidents-cup-oceania-2025	Senior Women -67kg	YU Hyogyeong	KOR	
presidents-cup-oceania-2025	Senior Women -67kg	LEVESTAM Isabella	NZL	
presidents-cup-oceania-2025	Senior Women -67kg	HYDER Afreen	IND	
presidents-cup-oceania-2025	Senior Women -67kg	RAUFAUORE Poekiva	FPO	
presidents-cup-oceania-2025	Senior Women -73kg	LEE Dabin	KOR	1
presidents-cup-oceania-2025	Senior Women -73kg	ABO-ALRUB Rama	JOR	2
presidents-cup-oceania-2025	Senior Women -73kg	SABER Dunya bushuaib a	KSA	3
presidents-cup-oceania-2025	Senior Women -73kg	REGI Margerette maria	IND	3
presidents-cup-oceania-2025	Senior Women -73kg	CROOK Aria	AUS	
presidents-cup-oceania-2025	Senior Women -73kg	CHAHAL Aisha	AUS	
presidents-cup-oceania-2025	Senior Women -73kg	MURRAY Rebecca	AUS	
presidents-cup-oceania-2025	Senior Women +73kg	STEWART Reba	AUS	1
presidents-cup-oceania-2025	Senior Women +73kg	JUNG Sugee	KOR	2
presidents-cup-oceania-2025	Senior Women +73kg	CHIN I Chun	TPE	3
presidents-cup-oceania-2025	Senior Women +73kg	BARUA Rodali	IND	3
australian-open-2025	Senior Men -54kg	ALDAOUD Ja'afar	JOR	1
australian-open-2025	Senior Men -54kg	ASEM ATA ABU SREE' Moataz bellah	EGY	2
australian-open-2025	Senior Men -54kg	ALMUSHRAF Abdullah essa a	KSA	3
australian-open-2025	Senior Men -54kg	OHARA Keishin	JPN	3
australian-open-2025	Senior Men -54kg	TSANG Chun hei	HKG	
australian-open-2025	Senior Men -54kg	LUCIANO Joaquin patrick	USA	
australian-open-2025	Senior Men -54kg	OHARA Ryusei	JPN	
australian-open-2025	Senior Men -54kg	LI Ci En	TPE	
australian-open-2025	Senior Men -54kg	HARRISON Mason	AUS	
australian-open-2025	Senior Men -54kg	CANETE Arian nathan	USA	
australian-open-2025	Senior Men -54kg	HEALY Seth	AUS	
australian-open-2025	Senior Men -54kg	GREGORY-HUNT Ashton-lee	NZL	
australian-open-2025	Senior Men -54kg	CHENG Yuen fung	HKG	
australian-open-2025	Senior Men -54kg	COHEN Lior	AUS	
australian-open-2025	Senior Men -58kg	PAN Kuei-an	TPE	1
australian-open-2025	Senior Men -58kg	WANG Liu-je	TPE	2
australian-open-2025	Senior Men -58kg	CHIOK Chun yin	HKG	3
australian-open-2025	Senior Men -58kg	CAMUA Benjamin	AUS	3
australian-open-2025	Senior Men -58kg	SMITH Noah	NZL	
australian-open-2025	Senior Men -58kg	TOMURA Taichi	JPN	
australian-open-2025	Senior Men -58kg	HIGASHIJIMA Seiya	JPN	
australian-open-2025	Senior Men -58kg	CARRILLO Joseph	USA	
australian-open-2025	Senior Men -58kg	GUN Youngsuk Ethan	USA	
australian-open-2025	Senior Men -58kg	TREMBATH George	AUS	
australian-open-2025	Senior Men -58kg	MINGUK Jeon	NZL	
australian-open-2025	Senior Men -58kg	KITADE Tatsuya	JPN	
australian-open-2025	Senior Men -58kg	GRANIER-AMEUR Aikan	AUS	
australian-open-2025	Senior Men -58kg	CHAND Ravneet	AUS	
australian-open-2025	Senior Men -58kg	REEBY Bradley	AUS	
australian-open-2025	Senior Men -58kg	HAMDI Riad nasser a	KSA	
australian-open-2025	Senior Men -58kg	ONGGOSANUSI Clement	VAN	
australian-open-2025	Senior Men -58kg	SINGH Japnam	IND	
australian-open-2025	Senior Men -63kg	SINGH Nitesh	IND	1
australian-open-2025	Senior Men -63kg	MAEDA Hidetaka	JPN	2
australian-open-2025	Senior Men -63kg	YOUSIF Mahmoud bassam	JOR	3
australian-open-2025	Senior Men -63kg	HUANG Cho-cheng	TPE	3
australian-open-2025	Senior Men -63kg	KIM Jongmyeong	KOR	
australian-open-2025	Senior Men -63kg	HOGG Ryan	AUS	
australian-open-2025	Senior Men -63kg	GHALI Zakaria mohammed	KSA	
australian-open-2025	Senior Men -63kg	SALIM Sharif gergely	HUN	
australian-open-2025	Senior Men -63kg	WESAM MOHAMED SAEED MOSTAFA ANTER Omar	EGY	
australian-open-2025	Senior Men -63kg	ALQUMIZI Abdullah Naif A	KSA	
australian-open-2025	Senior Men -63kg	INOUE Shuki	JPN	
australian-open-2025	Senior Men -63kg	CHOY Aaron	AUS	
australian-open-2025	Senior Men -63kg	KIM Si yun	KOR	
australian-open-2025	Senior Men -63kg	MONTONE Luca	AUS	
australian-open-2025	Senior Men -63kg	CHAN Kin fung	HKG	
australian-open-2025	Senior Men -63kg	WANG Hao tian (buddy)	AUS	
australian-open-2025	Senior Men -63kg	ASADA Shoki	JPN	
australian-open-2025	Senior Men -63kg	HUNT Adin	AUS	
australian-open-2025	Senior Men -63kg	BAYNE Karl	NZL	
australian-open-2025	Senior Men -63kg	DOWN Harrison	AUS	
australian-open-2025	Senior Men -63kg	SHLOUL Tareq	JOR	
australian-open-2025	Senior Men -63kg	BETTS Dustin	AUS	
australian-open-2025	Senior Men -63kg	MORALES Leroy	AUS	
australian-open-2025	Senior Men -63kg	ONGGOSANUSI Caleb	VAN	
australian-open-2025	Senior Men -63kg	TAMAYAMA Koichi	JPN	
australian-open-2025	Senior Men -63kg	GRANT Gavin	USA	
australian-open-2025	Senior Men -63kg	MIYAGUCHI Edo	FPO	
australian-open-2025	Senior Men -68kg	NIU Guansen	CHN	1
australian-open-2025	Senior Men -68kg	ALTARYREH Mahmoud	JOR	2
australian-open-2025	Senior Men -68kg	KE Siang Han	TPE	3
australian-open-2025	Senior Men -68kg	JANG Jun	KOR	3
australian-open-2025	Senior Men -68kg	AL NASHASH Hamzeh	JOR	
australian-open-2025	Senior Men -68kg	LO Wai fung	HKG	
australian-open-2025	Senior Men -68kg	MUHAMMAD FATHY Omar	EGY	
australian-open-2025	Senior Men -68kg	HSU Hao-yu	TPE	
australian-open-2025	Senior Men -68kg	GLEESON Jack	AUS	
australian-open-2025	Senior Men -68kg	YUN Joon hyuk	KOR	
australian-open-2025	Senior Men -68kg	SABLJAK Lucas	AUS	
australian-open-2025	Senior Men -68kg	ALHALAWANI Zaid	JOR	
australian-open-2025	Senior Men -68kg	WU Zhi kun	AUS	
australian-open-2025	Senior Men -68kg	TAYLOR Finn	CAN	
australian-open-2025	Senior Men -68kg	ALHARBI Mohammed maher	KSA	
australian-open-2025	Senior Men -68kg	OTHMAN Mohammad	JOR	
australian-open-2025	Senior Men -68kg	CAO Geremy	AUS	
australian-open-2025	Senior Men -68kg	SUMMERFIELD Matthew	AUS	
australian-open-2025	Senior Men -68kg	MASSIMINO Christian	AUS	
australian-open-2025	Senior Men -68kg	GAO Zijian	AUS	
australian-open-2025	Senior Men -68kg	LEE Jun	NZL	
australian-open-2025	Senior Men -68kg	BRECELY Beau	AUS	
australian-open-2025	Senior Men -68kg	SULTANI Zaki	AUS	
australian-open-2025	Senior Men -74kg	SOUZA DINIZ Joao victor	BRA	1
australian-open-2025	Senior Men -74kg	HSIEH Tsung yu	TPE	2
australian-open-2025	Senior Men -74kg	HUANG Yu jui	TPE	3
australian-open-2025	Senior Men -74kg	KATOH Takato	JPN	3
australian-open-2025	Senior Men -74kg	TSAI Sheng-liang	TPE	
australian-open-2025	Senior Men -74kg	NIKOLOVSKI Xavier	AUS	
australian-open-2025	Senior Men -74kg	IORSS Rahiti	FPO	
australian-open-2025	Senior Men -74kg	RAGHEB Taye	AUS	
australian-open-2025	Senior Men -74kg	CHIU Yi-jui	TPE	
australian-open-2025	Senior Men -74kg	PLOTON Gabriel	FPO	
australian-open-2025	Senior Men -74kg	ALMABROUK Osama	AUS	
australian-open-2025	Senior Men -74kg	EISSA Rami	EGY	
australian-open-2025	Senior Men -74kg	RODRIGUES Victor	USA	
australian-open-2025	Senior Men -74kg	PUERTOLLANO Jadon	NZL	
australian-open-2025	Senior Men -74kg	ROWE Tane	AUS	
australian-open-2025	Senior Men -74kg	MANSFIELD Zaine	AUS	
australian-open-2025	Senior Men -74kg	WONG Yan kit	HKG	
australian-open-2025	Senior Men -74kg	LAM Chak mun	HKG	
australian-open-2025	Senior Men -80kg	HUNG Jiun-yi	TPE	1
australian-open-2025	Senior Men -80kg	KIM Hyun-woo	KOR	2
australian-open-2025	Senior Men -80kg	LI Yang	CHN	3
australian-open-2025	Senior Men -80kg	TYAGI Shivansh	IND	3
australian-open-2025	Senior Men -80kg	ALADARBI Mohammad	JOR	
australian-open-2025	Senior Men -80kg	HILAL Yassine	CAN	
australian-open-2025	Senior Men -80kg	HAMEDI Tareg ali m	KSA	
australian-open-2025	Senior Men -87kg	EISSA Seif	EGY	1
australian-open-2025	Senior Men -87kg	ELSHARABATY Saleh	JOR	2
australian-open-2025	Senior Men -87kg	STEWART Jordan	CAN	3
australian-open-2025	Senior Men -87kg	EBATA Hidenori	JPN	3
australian-open-2025	Senior Men -87kg	STEWART Jobe	AUS	
australian-open-2025	Senior Men -87kg	PRAKASH Nipesh	FIJ	
australian-open-2025	Senior Men -87kg	CHEN Liang-hsi	TPE	
australian-open-2025	Senior Men -87kg	TRANTER Angus	AUS	
australian-open-2025	Senior Men -87kg	WILLS Jamie	NZL	
australian-open-2025	Senior Men +87kg	HUANG Yu-jen	TPE	1
australian-open-2025	Senior Men +87kg	STILLEY Aiden	AUS	2
australian-open-2025	Senior Men +87kg	LI Mingsi	CHN	3
australian-open-2025	Senior Men +87kg	SANSORES Carlos	MEX	3
australian-open-2025	Senior Men +87kg	VALENTE Tivini	FPO	
australian-open-2025	Senior Men +87kg	MINAGAWA Toru	JPN	
australian-open-2025	Senior Men +87kg	LEE Meng-en	TPE	
australian-open-2025	Senior Men +87kg	MARAETEFAU Raimanutea	FPO	
australian-open-2025	Senior Men +87kg	MAI-APA Raihau	FPO	
australian-open-2025	Senior Women -46kg	PARK Seojeong	KOR	1
australian-open-2025	Senior Women -46kg	HUANG Ying hsuan	TPE	2
australian-open-2025	Senior Women -46kg	ALKHAWAHR Rahmah abdulmanam a	KSA	3
australian-open-2025	Senior Women -46kg	OKAZAKI Hinata	JPN	3
australian-open-2025	Senior Women -46kg	OROZCO Angelique	CAN	
australian-open-2025	Senior Women -46kg	BARROSO Kiara	POR	
australian-open-2025	Senior Women -46kg	ZHAO Huanna	HKG	
australian-open-2025	Senior Women -46kg	BASSETT Jaycee	CRC	
australian-open-2025	Senior Women -46kg	MACK Sarah	AUS	
australian-open-2025	Senior Women -49kg	LIU You-yun	TPE	1
australian-open-2025	Senior Women -49kg	TAMBYRAJAH Saffron	AUS	2
australian-open-2025	Senior Women -49kg	OKAMOTO Ruka	JPN	3
australian-open-2025	Senior Women -49kg	KIM Na yeon	KOR	3
australian-open-2025	Senior Women -49kg	MURAKAMI China	JPN	
australian-open-2025	Senior Women -49kg	SHERIF HAMDY Laila	EGY	
australian-open-2025	Senior Women -49kg	PETERSON Ceili	GUY	
australian-open-2025	Senior Women -49kg	AN Byeo Ri	KOR	
australian-open-2025	Senior Women -49kg	SWEENEY Tiarnagh	AUS	
australian-open-2025	Senior Women -49kg	LAM Siu wai	HKG	
australian-open-2025	Senior Women -49kg	NG Ping ngan paisley	HKG	
australian-open-2025	Senior Women -49kg	CHIANG Chih yun	TPE	
australian-open-2025	Senior Women -49kg	ECKLEY Keira	AUS	
australian-open-2025	Senior Women -49kg	HEO Minji	KOR	
australian-open-2025	Senior Women -53kg	ABUTALEB Dunya ali m	KSA	1
australian-open-2025	Senior Women -53kg	KHATTAB Jana	EGY	2
australian-open-2025	Senior Women -53kg	BARROS Nivea	BRA	3
australian-open-2025	Senior Women -53kg	KLAKALA Magdalini	GRE	3
australian-open-2025	Senior Women -53kg	KATOH Yuzuho	JPN	
australian-open-2025	Senior Women -53kg	MALIK Kashish	IND	
australian-open-2025	Senior Women -53kg	BEZERRA Camila	BRA	
australian-open-2025	Senior Women -53kg	SU Po-ya	TPE	
australian-open-2025	Senior Women -53kg	MONSALES Joanna	AUS	
australian-open-2025	Senior Women -53kg	QUERUBIN Sofia	AUS	
australian-open-2025	Senior Women -53kg	KAUR Sarwar	IND	
australian-open-2025	Senior Women -53kg	HAN Nayeon	KOR	
australian-open-2025	Senior Women -53kg	SHINKAWA Manami	JPN	
australian-open-2025	Senior Women -53kg	KUO Yi-fan	TPE	
australian-open-2025	Senior Women -53kg	KWOK Tsz Tung	HKG	
australian-open-2025	Senior Women -53kg	HERBERTSON Reyna	AUS	
australian-open-2025	Senior Women -53kg	PAPPAS Ruby	AUS	
australian-open-2025	Senior Women -53kg	MASIELLO Giuliana	AUS	
australian-open-2025	Senior Women -53kg	ABD ELMESSEH Miriam	AUS	
australian-open-2025	Senior Women -53kg	LIM Esther	AUS	
australian-open-2025	Senior Women -53kg	SARDANA Claire	AUS	
australian-open-2025	Senior Women -57kg	LIN Wei-chun	TPE	1
australian-open-2025	Senior Women -57kg	NISHIDA Mao	JPN	2
australian-open-2025	Senior Women -57kg	ISHIDA Otoa	JPN	3
australian-open-2025	Senior Women -57kg	HYMER Stacey	AUS	3
australian-open-2025	Senior Women -57kg	KHIRFAN Fadia	JOR	
australian-open-2025	Senior Women -57kg	SO Yuen ting	HKG	
australian-open-2025	Senior Women -57kg	NA Chae rim	KOR	
australian-open-2025	Senior Women -57kg	PAVIA Bianca	AUS	
australian-open-2025	Senior Women -57kg	PENDER Jorja	AUS	
australian-open-2025	Senior Women -57kg	LIU Ellen	AUS	
australian-open-2025	Senior Women -62kg	BLEWITT Gabriella	AUS	1
australian-open-2025	Senior Women -62kg	KIM Gahyeon	KOR	2
australian-open-2025	Senior Women -62kg	CHANG Jui-en	TPE	3
australian-open-2025	Senior Women -62kg	YOU Songhwa	KOR	3
australian-open-2025	Senior Women -62kg	HORSELL Riley	AUS	
australian-open-2025	Senior Women -62kg	SAVAS Buse	AUS	
australian-open-2025	Senior Women -62kg	IORSS Kawehi	FPO	
australian-open-2025	Senior Women -62kg	LEE Hanna	KOR	
australian-open-2025	Senior Women -67kg	HONG Hyo rim	KOR	1
australian-open-2025	Senior Women -67kg	SHEHATA Aya	EGY	2
australian-open-2025	Senior Women -67kg	BREWSTER Ella	CAN	3
australian-open-2025	Senior Women -67kg	CHIU Shao-hsuan	TPE	3
australian-open-2025	Senior Women -67kg	ALRAWASHDEH Razan mohammed	JOR	
australian-open-2025	Senior Women -67kg	CLARK Mila	AUS	
australian-open-2025	Senior Women -67kg	ZHU Yingyue	CHN	
australian-open-2025	Senior Women -67kg	OH Ha eun	KOR	
australian-open-2025	Senior Women -67kg	HYDER Afreen	IND	
australian-open-2025	Senior Women -67kg	LUKIC Maya	CAN	
australian-open-2025	Senior Women -67kg	REDGRAVE Tate	NZL	
australian-open-2025	Senior Women -67kg	MEDD Saskia	AUS	
australian-open-2025	Senior Women -67kg	LEVESTAM Isabella	NZL	
australian-open-2025	Senior Women -67kg	YU Hyogyeong	KOR	
australian-open-2025	Senior Women -73kg	MURRAY Rebecca	AUS	1
australian-open-2025	Senior Women -73kg	ABO-ALRUB Rama	JOR	2
australian-open-2025	Senior Women -73kg	ABELA Rose letizia	AUS	3
australian-open-2025	Senior Women -73kg	REGI Margerette maria	IND	3
australian-open-2025	Senior Women -73kg	LEE Dabin	KOR	
australian-open-2025	Senior Women -73kg	SABER Dunya bushuaib a	KSA	
australian-open-2025	Senior Women -73kg	CHAHAL Aisha	AUS	
australian-open-2025	Senior Women -73kg	CROOK Aria	AUS	
australian-open-2025	Senior Women -73kg	LOLOHEA Pauline	TGA	
australian-open-2025	Senior Women +73kg	STEWART Reba	AUS	1
australian-open-2025	Senior Women +73kg	JUNG Sugee	KOR	2
australian-open-2025	Senior Women +73kg	CHIN I Chun	TPE	3
australian-open-2025	Senior Women +73kg	BARUA Rodali	IND	3
german-open-2025	Senior Men -54kg	CAMOGLU Furkan ubeyde	TUR	1
german-open-2025	Senior Men -54kg	ASEM ATA ABU SREE' Moataz bellah	EGY	2
german-open-2025	Senior Men -54kg	PASHCOVSKY Tom	ISR	3
german-open-2025	Senior Men -54kg	AGENJO TRIGOS Jairo	ESP	3
german-open-2025	Senior Men -54kg	CONTI Andrea	ITA	
german-open-2025	Senior Men -54kg	ROSCA Artiom	MDA	
german-open-2025	Senior Men -54kg	PSARROS Aristeidis nikolaos	GRE	
german-open-2025	Senior Men -54kg	GEORGIEV Hristiyan	BUL	
german-open-2025	Senior Men -54kg	CURVELO Johan	VEN	
german-open-2025	Senior Men -54kg	OZKAN Batu yasar	GER	
german-open-2025	Senior Men -54kg	KOUKOUSOUDIS Evangelos	GER	
german-open-2025	Senior Men -54kg	MOLJ Ozbolt	SLO	
german-open-2025	Senior Men -54kg	CHRIKI Ilyas	GER	
german-open-2025	Senior Men -54kg	DUBAR Armaan	NED	
german-open-2025	Senior Men -54kg	YIGIT Hakan	DEN	
german-open-2025	Senior Men -54kg	BAILEY Thomas	GBR	
german-open-2025	Senior Men -54kg	RICHTER Lenny rene	GER	
german-open-2025	Senior Men -54kg	BRANDT Viktor	SWE	
german-open-2025	Senior Men -54kg	ARMENIO Angelo	ITA	
german-open-2025	Senior Men -54kg	AKRAMI Rohid	GER	
german-open-2025	Senior Men -54kg	SERHALAY Jeremiah	NED	
german-open-2025	Senior Men -54kg	MIRZA Takrim ahmad	GER	
german-open-2025	Senior Men -58kg	KORNEEV Lev	SRB	1
german-open-2025	Senior Men -58kg	MOLLE Milan	NED	2
german-open-2025	Senior Men -58kg	DIMITROPOULOS Konstantinos	GRE	3
german-open-2025	Senior Men -58kg	GUMUS Feyyaz	GER	3
german-open-2025	Senior Men -58kg	FOTI Giuseppe	ITA	
german-open-2025	Senior Men -58kg	POLAT Gorkem	TUR	
german-open-2025	Senior Men -58kg	BADEM Yusuf	TUR	
german-open-2025	Senior Men -58kg	KAPLAN Enes	TUR	
german-open-2025	Senior Men -58kg	ADEMI Bleron	KOS	
german-open-2025	Senior Men -58kg	MELO Paulo	BRA	
german-open-2025	Senior Men -58kg	LAUBHOLD Simon	GER	
german-open-2025	Senior Men -58kg	HOEFLING Nicholas	CAN	
german-open-2025	Senior Men -58kg	MEHLMANN Daniel	GER	
german-open-2025	Senior Men -58kg	IBRAHIM YAHUZA Aliyu	NGR	
german-open-2025	Senior Men -58kg	GELADZE Vitali	GEO	
german-open-2025	Senior Men -58kg	MOLJ Domen	SLO	
german-open-2025	Senior Men -58kg	FARNES Ricki Gene	DEN	
german-open-2025	Senior Men -58kg	MEHRABI FAR Amir ali	GER	
german-open-2025	Senior Men -58kg	QURBANI Reza	GER	
german-open-2025	Senior Men -58kg	ISIRGAN Ozgur can	TUR	
german-open-2025	Senior Men -58kg	CIRIVELLO Gaetano	ITA	
german-open-2025	Senior Men -58kg	HAMI Muhammed	GER	
german-open-2025	Senior Men -58kg	STEIN Roi	ISR	
german-open-2025	Senior Men -58kg	ABDEL HALIM Khaled	GER	
german-open-2025	Senior Men -58kg	PATISHI Ori	ISR	
german-open-2025	Senior Men -58kg	JAMSHIDI Sonil	DEN	
german-open-2025	Senior Men -58kg	WASSEM Ahmed	GER	
german-open-2025	Senior Men -58kg	ARIAN Ehsan	GER	
german-open-2025	Senior Men -58kg	KNECHT Nicolas	GER	
german-open-2025	Senior Men -58kg	HUSSAIN Ibrahim	GBR	
german-open-2025	Senior Men -58kg	SHERRATT Alexander	GBR	
german-open-2025	Senior Men -58kg	NASRAT Hamid	GER	
german-open-2025	Senior Men -58kg	REDING Alan je	LUX	
german-open-2025	Senior Men -58kg	MISSOSSI BIENVENU Nzamba Nzamba	GAB	
german-open-2025	Senior Men -63kg	BORGEN Kristian storsul	NOR	1
german-open-2025	Senior Men -63kg	VICENTE YUNTA Adrian	ESP	2
german-open-2025	Senior Men -63kg	BOUHMIDA Riad	NED	3
german-open-2025	Senior Men -63kg	DAYIOGLU Omer faruk	TUR	3
german-open-2025	Senior Men -63kg	CAVUSMAN Emre	GER	
german-open-2025	Senior Men -63kg	MIRZOIEV Samir	UKR	
german-open-2025	Senior Men -63kg	OZKAYA Imran	GER	
german-open-2025	Senior Men -63kg	WOOLLEY Jack	IRL	
german-open-2025	Senior Men -63kg	FARHAT Mohamed-mahdi s. jawad	CIV	
german-open-2025	Senior Men -63kg	SUSILUOTO Otto	FIN	
german-open-2025	Senior Men -63kg	ADEMI Valton	KOS	
german-open-2025	Senior Men -63kg	IURLARO Ludovico	ITA	
german-open-2025	Senior Men -63kg	MAEDA Hidetaka	JPN	
german-open-2025	Senior Men -63kg	BARETTA Dennis	ITA	
german-open-2025	Senior Men -63kg	KHAKSAR Shahram	GER	
german-open-2025	Senior Men -63kg	SETRODIPO Jayden	NED	
german-open-2025	Senior Men -63kg	BELANOVIC Uros	SRB	
german-open-2025	Senior Men -63kg	ULUCAY Can	GER	
german-open-2025	Senior Men -63kg	YOOSOMSRI Nontawat	GER	
german-open-2025	Senior Men -63kg	ONUS Eren	GER	
german-open-2025	Senior Men -63kg	CHEN Pen-ren	TPE	
german-open-2025	Senior Men -63kg	LEMMENS Noah	BEL	
german-open-2025	Senior Men -63kg	CONTRERAS Aaron	CHI	
german-open-2025	Senior Men -63kg	TEILMANN Anton boesgaard	DEN	
german-open-2025	Senior Men -63kg	TORGEMAN Ori	ISR	
german-open-2025	Senior Men -63kg	GENZEL Eitan	ISR	
german-open-2025	Senior Men -63kg	TORKHANI Ibrahim ben ahmed	DEN	
german-open-2025	Senior Men -63kg	HUERTA Ray	USA	
german-open-2025	Senior Men -63kg	VAN LIMPT Joep	NED	
german-open-2025	Senior Men -63kg	SANTINELLI Christian	ITA	
german-open-2025	Senior Men -63kg	ALLEN Chris	USA	
german-open-2025	Senior Men -63kg	MILETIC Mateja	SRB	
german-open-2025	Senior Men -63kg	YOUSUF Shahrukh	GBR	
german-open-2025	Senior Men -63kg	RAYAS Alejandro	USA	
german-open-2025	Senior Men -63kg	ANDARABI Habil	GER	
german-open-2025	Senior Men -63kg	SADID Kaihan	DEN	
german-open-2025	Senior Men -63kg	DIARRASSOUBA Adam junior	CIV	
german-open-2025	Senior Men -68kg	ERER Berkay	TUR	1
german-open-2025	Senior Men -68kg	HYTTEL Tobias	DEN	2
german-open-2025	Senior Men -68kg	OLIVERO TORO Cristian	CHI	3
german-open-2025	Senior Men -68kg	KAVTARADZE Beka	GEO	3
german-open-2025	Senior Men -68kg	JAKOBSEN Carl cai brink	DEN	
german-open-2025	Senior Men -68kg	RECBER Hakan	TUR	
german-open-2025	Senior Men -68kg	VAN VULPEN Jesse	NED	
german-open-2025	Senior Men -68kg	PANAGOPOULOS Apostolos	GRE	
german-open-2025	Senior Men -68kg	CALIK Enis	GER	
german-open-2025	Senior Men -68kg	HAKOBYAN Hrach	GER	
german-open-2025	Senior Men -68kg	SETTA Hamad	DEN	
german-open-2025	Senior Men -68kg	BYSTROV Volodymyr	UKR	
german-open-2025	Senior Men -68kg	COULIBALY Sekou	LUX	
german-open-2025	Senior Men -68kg	STAMENOV Stefan	BUL	
german-open-2025	Senior Men -68kg	TIRANVALIPOUR Hadi	TRT	
german-open-2025	Senior Men -68kg	KRAJISNIK Zarko	SRB	
german-open-2025	Senior Men -68kg	TIPECSKA Michael	GER	
german-open-2025	Senior Men -68kg	YILMAZ Bugra	GER	
german-open-2025	Senior Men -68kg	SIDIBE Mohamed kambory	CIV	
german-open-2025	Senior Men -68kg	ANOUAR Chriki	GER	
german-open-2025	Senior Men -68kg	NEYI Esrom	TRT	
german-open-2025	Senior Men -68kg	HUSSEIN Ulat	GER	
german-open-2025	Senior Men -68kg	KRIVISHKIY Nimrod	ISR	
german-open-2025	Senior Men -68kg	SADAT S. asadullah	GER	
german-open-2025	Senior Men -68kg	BOON Joram	NED	
german-open-2025	Senior Men -68kg	STAU HANSEN Max	DEN	
german-open-2025	Senior Men -68kg	DZHORDZHEV Aleksandar	BUL	
german-open-2025	Senior Men -68kg	ZEHETNER Felix	AUT	
german-open-2025	Senior Men -68kg	MEYER Leon	GER	
german-open-2025	Senior Men -68kg	ADILOVIC Muhammed Fatih	TUR	
german-open-2025	Senior Men -68kg	LAUCEVIČIUS Tadas	LTU	
german-open-2025	Senior Men -68kg	PARUZEK Krystof	CZE	
german-open-2025	Senior Men -68kg	HUSSAIN Ishaq	GBR	
german-open-2025	Senior Men -68kg	NICOLAE Sarbu	ROU	
german-open-2025	Senior Men -74kg	RODRIGUES Victor	USA	1
german-open-2025	Senior Men -74kg	TAKOV Stefan	SRB	2
german-open-2025	Senior Men -74kg	DAWOUD Omer	DEN	3
german-open-2025	Senior Men -74kg	JORGENSEN Otto	DEN	3
german-open-2025	Senior Men -74kg	MANGIONE Angelo	ITA	
german-open-2025	Senior Men -74kg	MIRZOIEV Simur	UKR	
german-open-2025	Senior Men -74kg	QUESADA BARRERA Daniel	ESP	
german-open-2025	Senior Men -74kg	SITTEK Tomas	CZE	
german-open-2025	Senior Men -74kg	MORADI Erfan	TRT	
german-open-2025	Senior Men -74kg	KOUAME Jean ezechiel	CIV	
german-open-2025	Senior Men -74kg	KAVURAT Ferhat can	TUR	
german-open-2025	Senior Men -74kg	POLAT Mehmet Kani	TUR	
german-open-2025	Senior Men -74kg	SPICK Maximilian	GER	
german-open-2025	Senior Men -74kg	VESTERLUND Linus	SWE	
german-open-2025	Senior Men -74kg	GOGOBERIDZE Nika	GEO	
german-open-2025	Senior Men -74kg	BALLE Christian	DEN	
german-open-2025	Senior Men -74kg	LOTT Liam	GER	
german-open-2025	Senior Men -74kg	LINDLEY Matthew	GBR	
german-open-2025	Senior Men -74kg	VAN DER MEER Sjoerd	NED	
german-open-2025	Senior Men -74kg	PONTES Edival	BRA	
german-open-2025	Senior Men -74kg	BILGIN Efe	GER	
german-open-2025	Senior Men -74kg	EL HAJ KHALIL Mohamad	GER	
german-open-2025	Senior Men -74kg	CAMMAERTS Andes	BEL	
german-open-2025	Senior Men -74kg	FLOUSKOUNIS Charalampos	GRE	
german-open-2025	Senior Men -74kg	SKJOLBERG Sebastian	NOR	
german-open-2025	Senior Men -74kg	FERAD Alpay	NED	
german-open-2025	Senior Men -74kg	AGUSHI Elion	KOS	
german-open-2025	Senior Men -74kg	BARBARI Mahdi	GER	
german-open-2025	Senior Men -80kg	CHURCHILL MARTINEZ Joaquin	CHI	1
german-open-2025	Senior Men -80kg	PAPADOPOULOS Ioannis	GRE	2
german-open-2025	Senior Men -80kg	DZHORDZHEV Mitko	BUL	3
german-open-2025	Senior Men -80kg	CHARALAMBOUS Evangelos	CYP	3
german-open-2025	Senior Men -80kg	KILIC Yigithan	TUR	
german-open-2025	Senior Men -80kg	ROBLETO David	NCA	
german-open-2025	Senior Men -80kg	YILDIZ Muhammed emin	TUR	
german-open-2025	Senior Men -80kg	SAHIN Muhammed Enes	TUR	
german-open-2025	Senior Men -80kg	KOSTENEVYCH Kostiantyn	UKR	
german-open-2025	Senior Men -80kg	THUNE Sebastian	NOR	
german-open-2025	Senior Men -80kg	CAMMAERTS Troy	BEL	
german-open-2025	Senior Men -80kg	ARIK Hasan	TUR	
german-open-2025	Senior Men -80kg	BREGNBALLE Emil	DEN	
german-open-2025	Senior Men -80kg	CABRERA Davyd	USA	
german-open-2025	Senior Men -80kg	WEIDUM Dion	NED	
german-open-2025	Senior Men -80kg	ODINAEV Rustam	SRB	
german-open-2025	Senior Men -80kg	PATEL Nikhil	GBR	
german-open-2025	Senior Men -80kg	COLAK Nayan can	GER	
german-open-2025	Senior Men -80kg	GUMUS Kaan	GER	
german-open-2025	Senior Men -80kg	HOERMANN Vincent	GER	
german-open-2025	Senior Men -80kg	LAWSON Matheo	TOG	
german-open-2025	Senior Men -80kg	HISENI Luan	GER	
german-open-2025	Senior Men -80kg	STAVROPOULOS Theoharys	GBR	
german-open-2025	Senior Men -80kg	CHEURF Massinissa	ALG	
german-open-2025	Senior Men -80kg	NIKS Pascal	NED	
german-open-2025	Senior Men -87kg	ORDEMANN Richard andre	NOR	1
german-open-2025	Senior Men -87kg	ALESSIO Simone	ITA	2
german-open-2025	Senior Men -87kg	THOLIOTIS Vasileios	GRE	3
german-open-2025	Senior Men -87kg	ATESLI Orkun	TUR	3
german-open-2025	Senior Men -87kg	AMER ALI Hassan	DEN	
german-open-2025	Senior Men -87kg	BRANTUŠA Roko	CRO	
german-open-2025	Senior Men -87kg	JOCHMAN Adam	CZE	
german-open-2025	Senior Men -87kg	STOJANOVIC Stefan	SRB	
german-open-2025	Senior Men -87kg	FRONDA Sandro	SWE	
german-open-2025	Senior Men -87kg	MOKHTARI Mohammad	TRT	
german-open-2025	Senior Men -87kg	KOOP Dmytro	GER	
german-open-2025	Senior Men -87kg	BALCIUNAS Gabijus	LTU	
german-open-2025	Senior Men -87kg	CIPLAK Selim	GER	
german-open-2025	Senior Men -87kg	CORNELIUS Quentin	GER	
german-open-2025	Senior Men -87kg	DAWARA Abdulrahman	GER	
german-open-2025	Senior Men +87kg	ABBASIPOUYA Abolfazl	GER	1
german-open-2025	Senior Men +87kg	DEMIRCIOGLU Huseyin berat	TUR	2
german-open-2025	Senior Men +87kg	POLLET Manuel	BEL	3
german-open-2025	Senior Men +87kg	DE ANGELIS Matteo	ITA	3
german-open-2025	Senior Men +87kg	ESSAM MOHIUDDIN Abdullah	EGY	
german-open-2025	Senior Men +87kg	MOLIN Mattia	ITA	
german-open-2025	Senior Men +87kg	BICER Enbiya taha	TUR	
german-open-2025	Senior Men +87kg	NEWMAN Mauricio	USA	
german-open-2025	Senior Men +87kg	MICHOPOULOS Sotirios	GRE	
german-open-2025	Senior Men +87kg	ATESLI Emre kutalmis	TUR	
german-open-2025	Senior Men +87kg	GARCIA MARTINEZ Ivan	ESP	
german-open-2025	Senior Men +87kg	BRINK Kevin	SWE	
german-open-2025	Senior Men +87kg	DIVKOVIC Patrik	SLO	
german-open-2025	Senior Men +87kg	RUDERMAN Ilia	ISR	
german-open-2025	Senior Men +87kg	KUECUEKSUNGUR Kerim	GER	
german-open-2025	Senior Men +87kg	LEBEL Aubert	CAN	
german-open-2025	Senior Men +87kg	UNGER Justin	GER	
german-open-2025	Senior Women -46kg	GOGEBAKAN Emine	TUR	1
german-open-2025	Senior Women -46kg	BAYECH Rivka	ISR	2
german-open-2025	Senior Women -46kg	STURARI Alessia	ITA	3
german-open-2025	Senior Women -46kg	GEORGIOU Melina	GRE	3
german-open-2025	Senior Women -46kg	MAKAS Dzejla	BIH	
german-open-2025	Senior Women -46kg	TAMMILA Ida-elina	FIN	
german-open-2025	Senior Women -46kg	BERTAGNIN Elisa	ITA	
german-open-2025	Senior Women -46kg	BRAJOVIC Iva	SRB	
german-open-2025	Senior Women -46kg	FUCHS Gaia	ISR	
german-open-2025	Senior Women -46kg	GALIERO Giulia	ITA	
german-open-2025	Senior Women -46kg	KARAOGLAN Medine	GER	
german-open-2025	Senior Women -46kg	KODAMAN Helin	GER	
german-open-2025	Senior Women -46kg	SETTA Sara tarik abu	DEN	
german-open-2025	Senior Women -46kg	OZKEN Aleyna	GER	
german-open-2025	Senior Women -46kg	UZUN Sarah	NED	
german-open-2025	Senior Women -46kg	ARAYAN Nur	GER	
german-open-2025	Senior Women -46kg	AHO Sophia	USA	
german-open-2025	Senior Women -46kg	RODRIGUEZ Noelia	GER	
german-open-2025	Senior Women -46kg	KRANEPUHL Nadira Stella	GER	
german-open-2025	Senior Women -49kg	KISSKALT Supharada	GER	1
german-open-2025	Senior Women -49kg	AKGUL Elif sude	TUR	2
german-open-2025	Senior Women -49kg	DAN (DANSHYNA) Oleksandra	ISR	3
german-open-2025	Senior Women -49kg	GURBUZ Hayrunnisa	TUR	3
german-open-2025	Senior Women -49kg	PARNIAN Noori	IRI	
german-open-2025	Senior Women -49kg	GEORGIEVA Aleksandra	BUL	
german-open-2025	Senior Women -49kg	KONE Nabintou	CIV	
german-open-2025	Senior Women -49kg	DIAZ ARRIBAS Violeta	ESP	
german-open-2025	Senior Women -49kg	VIEN Filippa	SWE	
german-open-2025	Senior Women -49kg	GOMEZ RAMIREZ Isidora	CHI	
german-open-2025	Senior Women -49kg	QUESADA Jordan	USA	
german-open-2025	Senior Women -49kg	MILIC Milica	SRB	
german-open-2025	Senior Women -49kg	RAMO Jenna	FIN	
german-open-2025	Senior Women -49kg	NOORI Zargunna	GER	
german-open-2025	Senior Women -49kg	MAKAS Ejla	BIH	
german-open-2025	Senior Women -49kg	CURA Yezda	GER	
german-open-2025	Senior Women -49kg	ABEDALSALAM Mariam	DEN	
german-open-2025	Senior Women -53kg	KHATTAB Jana	EGY	1
german-open-2025	Senior Women -53kg	BOKAN Andrea	SRB	2
german-open-2025	Senior Women -53kg	AVDAGIC Ada	BIH	3
german-open-2025	Senior Women -53kg	DINCEL KAVURAT Merve	TUR	3
german-open-2025	Senior Women -53kg	FRASSICA Anna	ITA	
german-open-2025	Senior Women -53kg	MATONTI Ilenia elisabetta	ITA	
german-open-2025	Senior Women -53kg	NESHER Yarden	ISR	
german-open-2025	Senior Women -53kg	ASIMI Adiba	GER	
german-open-2025	Senior Women -53kg	SEMBERG Abishag	ISR	
german-open-2025	Senior Women -53kg	CASTILLO Karoline Stephanie	PAN	
german-open-2025	Senior Women -53kg	KAMKASOUMPHOU Leyna	FRA	
german-open-2025	Senior Women -53kg	VIGDOR Ariel	ISR	
german-open-2025	Senior Women -53kg	KINGSLEY Lily	GBR	
german-open-2025	Senior Women -53kg	WAEVERSTROM Signe wendt	DEN	
german-open-2025	Senior Women -53kg	JIANG Yi-shan	TPE	
german-open-2025	Senior Women -53kg	KAMKASOUMPHOU Maysane	FRA	
german-open-2025	Senior Women -53kg	QALIKHANI Elham	GER	
german-open-2025	Senior Women -53kg	SYLTHE Therese	NOR	
german-open-2025	Senior Women -53kg	PATEL Rhianna	GBR	
german-open-2025	Senior Women -53kg	WEBER Logan	USA	
german-open-2025	Senior Women -53kg	SUSILUOTO Inari	FIN	
german-open-2025	Senior Women -53kg	GARCIA MARQUINA Sofia	ESP	
german-open-2025	Senior Women -53kg	FREDERIKSEN Julie thusgaaard	DEN	
german-open-2025	Senior Women -53kg	GLAZKOV Stephanie	GER	
german-open-2025	Senior Women -53kg	BOUISENGAREN Firdaous	NED	
german-open-2025	Senior Women -53kg	MAYER Leonie	GER	
german-open-2025	Senior Women -53kg	KRIM Sayine	FRA	
german-open-2025	Senior Women -53kg	BARKOK Noussaiba	GER	
german-open-2025	Senior Women -53kg	BILLQVIST Felicia	SWE	
german-open-2025	Senior Women -57kg	ILGUN Hatice kubra	TUR	1
german-open-2025	Senior Women -57kg	DILER Ruya	TUR	2
german-open-2025	Senior Women -57kg	RODRIGUEZ Laura	ESP	3
german-open-2025	Senior Women -57kg	REZAIE Roja	GER	3
german-open-2025	Senior Women -57kg	AYDIN Ela	GER	
german-open-2025	Senior Women -57kg	WOLF Jessica	GER	
german-open-2025	Senior Women -57kg	HRONOVA Dominika	CZE	
german-open-2025	Senior Women -57kg	ROVITHIS Anastasia	GER	
german-open-2025	Senior Women -57kg	TZELI Fani	GRE	
german-open-2025	Senior Women -57kg	UZUNCAVDAR Sila irmak	TUR	
german-open-2025	Senior Women -57kg	STEINKUELER Frieda margarethe	GER	
german-open-2025	Senior Women -57kg	AL HALWANI Giada	ITA	
german-open-2025	Senior Women -57kg	CISSE Mariama	CIV	
german-open-2025	Senior Women -57kg	KOSTENEVYCH Darya	UKR	
german-open-2025	Senior Women -57kg	BANGURA Aisha	GER	
german-open-2025	Senior Women -57kg	FOGED Rosmarin pietak	DEN	
german-open-2025	Senior Women -57kg	KAADACH Sophia jusra	DEN	
german-open-2025	Senior Women -57kg	KARLSSON Alma friis	DEN	
german-open-2025	Senior Women -57kg	HANSEN Kaja husby	NOR	
german-open-2025	Senior Women -57kg	KAMKASOUMPHOU Alliyah	FRA	
german-open-2025	Senior Women -57kg	KHORSHIDI Aida	TRT	
german-open-2025	Senior Women -57kg	MUSICKI Jovana	SRB	
german-open-2025	Senior Women -57kg	GHANNAM Maria	DEN	
german-open-2025	Senior Women -57kg	MEIŠTININKAITĖ Gerda	LTU	
german-open-2025	Senior Women -57kg	PEZZOLLA Lucia	ITA	
german-open-2025	Senior Women -57kg	SATTARI Zahra	CAN	
german-open-2025	Senior Women -57kg	MALMGREN Ellinor	SWE	
german-open-2025	Senior Women -57kg	POLAT Ilay	GER	
german-open-2025	Senior Women -57kg	CUMUR Azra	GER	
german-open-2025	Senior Women -57kg	VAN PASSEL Amelie	BEL	
german-open-2025	Senior Women -57kg	RIBITSCH Viktoria	GER	
german-open-2025	Senior Women -62kg	MARTON Viviana	HUN	1
german-open-2025	Senior Women -62kg	STOLBOVA Petra	CZE	2
german-open-2025	Senior Women -62kg	GOEBEL Laura	GER	3
german-open-2025	Senior Women -62kg	CAKAL Sevval	TUR	3
german-open-2025	Senior Women -62kg	IBO Koumba nanah-helene	CIV	
german-open-2025	Senior Women -62kg	RUCINSKI Viktoria	GER	
german-open-2025	Senior Women -62kg	SAVKOVIC Nadja	SRB	
german-open-2025	Senior Women -62kg	SENYURT Aleyna	TUR	
german-open-2025	Senior Women -62kg	HUESCH Angelina	GER	
german-open-2025	Senior Women -62kg	YIGITALP Hatice pinar	TUR	
german-open-2025	Senior Women -62kg	ORTIZ BENITO Arlet	ESP	
german-open-2025	Senior Women -62kg	GJELSVIK Karoline	NOR	
german-open-2025	Senior Women -62kg	SARVANAKI Theopoula	GRE	
german-open-2025	Senior Women -62kg	FLEGROVA Hana	CZE	
german-open-2025	Senior Women -62kg	SIRIN Dilara	TUR	
german-open-2025	Senior Women -62kg	KOMATINA Andrea	MNE	
german-open-2025	Senior Women -62kg	GUZEL Sila	GER	
german-open-2025	Senior Women -62kg	INHULSEN Kendra	GER	
german-open-2025	Senior Women -62kg	ILONA RASNA Adam	COM	
german-open-2025	Senior Women -62kg	CHRISTY Beth	GBR	
german-open-2025	Senior Women -62kg	BECK Antonia	GER	
german-open-2025	Senior Women -62kg	BALCI Edanur	GER	
german-open-2025	Senior Women -62kg	ANDERSSON Tindra	SWE	
german-open-2025	Senior Women -62kg	MURRAY Kayla	IRL	
german-open-2025	Senior Women -62kg	BECKER Nele	GER	
german-open-2025	Senior Women -62kg	PRZYGODA Alina	GER	
german-open-2025	Senior Women -62kg	MANGIONE Anthea	ITA	
german-open-2025	Senior Women -62kg	ATANASOVA Martina	BUL	
german-open-2025	Senior Women -67kg	MARENTAKI Styliani	GRE	1
german-open-2025	Senior Women -67kg	SHEHATA Aya	EGY	2
german-open-2025	Senior Women -67kg	ANYANACHO Elizabeth oluchi	NGR	3
german-open-2025	Senior Women -67kg	TITONELI Milena	BRA	3
german-open-2025	Senior Women -67kg	MAGGIORE Giulia	ITA	
german-open-2025	Senior Women -67kg	KOERNDL Vanessa	GER	
german-open-2025	Senior Women -67kg	PAVLENKO Alisa	UKR	
german-open-2025	Senior Women -67kg	KANOUTE Iman	MLI	
german-open-2025	Senior Women -67kg	BISMIR Salma	DEN	
german-open-2025	Senior Women -67kg	MARTON Luana	HUN	
german-open-2025	Senior Women -67kg	FREDERIKSEN Kathrine kamp nordentoft	DEN	
german-open-2025	Senior Women -67kg	BAUER Caroline	GER	
german-open-2025	Senior Women -67kg	KAYIR Ikra	TUR	
german-open-2025	Senior Women -67kg	TVARONAVICIUTE Klaudija	LTU	
german-open-2025	Senior Women -67kg	ZAFER Isil	TUR	
german-open-2025	Senior Women -67kg	GENCER Sila Nur	TUR	
german-open-2025	Senior Women -67kg	GALLARDO Claudia	CHI	
german-open-2025	Senior Women -67kg	LO Chia-ling	TPE	
german-open-2025	Senior Women -67kg	DOLT Nora	USA	
german-open-2025	Senior Women -67kg	FABER Isabelle	LUX	
german-open-2025	Senior Women -67kg	EHLERT Johanna Emilia Hedwig	GER	
german-open-2025	Senior Women -67kg	PETROVIC Iva	SRB	
german-open-2025	Senior Women -67kg	NILSEN Mari romundset	NOR	
german-open-2025	Senior Women -67kg	WARZECHA Alina	GER	
german-open-2025	Senior Women -73kg	UZUNCAVDAR Sude yaren	TUR	1
german-open-2025	Senior Women -73kg	MORAN ROMERO Belen	ESP	2
german-open-2025	Senior Women -73kg	BOZANIC Nadica	SRB	3
german-open-2025	Senior Women -73kg	OSSIN Kimi laurene	CIV	3
german-open-2025	Senior Women -73kg	RUDOLF Nika	SLO	
german-open-2025	Senior Women -73kg	KOSEOGLU Elifnaz	TUR	
german-open-2025	Senior Women -73kg	MINK Amy	NED	
german-open-2025	Senior Women -73kg	SEELE Lisa-marie	GER	
german-open-2025	Senior Women -73kg	JIRANKOVA Iveta	CZE	
german-open-2025	Senior Women -73kg	ANDERSEN Jasmin	DEN	
german-open-2025	Senior Women -73kg	HUTZEN Hanna	GER	
german-open-2025	Senior Women -73kg	HOERMANN Emily	GER	
german-open-2025	Senior Women +73kg	ALADE Naomi	USA	1
german-open-2025	Senior Women +73kg	CASTINEIRA Tania	ESP	2
german-open-2025	Senior Women +73kg	KLOOSTERMAN Famke	NED	3
german-open-2025	Senior Women +73kg	HUSOVIC Esmeralda	GER	3
german-open-2025	Senior Women +73kg	CHTIOUI Hafsa liana	DEN	
german-open-2025	Senior Women +73kg	KECK Hannah	USA	
german-open-2025	Senior Women +73kg	KUS AYDIN Nafia	TUR	
german-open-2025	Senior Women +73kg	KAVUKCUOGLU Zehra begum	TUR	
german-open-2025	Senior Women +73kg	CIUCHITU Ana	ITA	
german-open-2025	Senior Women +73kg	HAWASH Dania	SWE	
german-open-2025	Senior Women +73kg	KURKAC Ilayda	GER	
german-open-2025	Senior Women +73kg	CHEURF Zahra	ALG	
german-open-2025	Senior Women +73kg	DUTTON Chloe	GBR	
wuxi-grand-slam-challenge-2025	Senior Men -80kg	SEO Geon-woo	KOR	
wuxi-grand-slam-challenge-2025	Senior Men -80kg	ROMMEL DIAZ Luis ricardo	PER	
wuxi-grand-slam-challenge-2025	Senior Men -80kg	MAMOUDOU Ibrahim	TOG	
wuxi-grand-slam-challenge-2025	Senior Men -80kg	JUNSANG Park	KOR	2
wuxi-grand-slam-challenge-2025	Senior Men -80kg	JI Xintong	CHN	
wuxi-grand-slam-challenge-2025	Senior Men -80kg	SAHITI Mal	KOS	
wuxi-grand-slam-challenge-2025	Senior Men -80kg	MUN Seunghun	KOR	
wuxi-grand-slam-challenge-2025	Senior Men -80kg	PARK Jae won	KOR	
wuxi-grand-slam-challenge-2025	Senior Men -80kg	WANG Kaijie	CHN	
wuxi-grand-slam-challenge-2025	Senior Men -80kg	WANG Weihao	CHN	
wuxi-grand-slam-challenge-2025	Senior Men -80kg	KIM Taewook	KOR	
wuxi-grand-slam-challenge-2025	Senior Men -80kg	HUSIC Nedzad	BIH	
wuxi-grand-slam-challenge-2025	Senior Men -80kg	HUSIC Benjamin	BIH	
wuxi-grand-slam-challenge-2025	Senior Men -80kg	SI Yufan	CHN	
wuxi-grand-slam-challenge-2025	Senior Men -80kg	MILAN CANOVAS Juan antonio	ESP	
wuxi-grand-slam-challenge-2025	Senior Men -80kg	PAPADOPOULOS Ioannis	GRE	
wuxi-grand-slam-challenge-2025	Senior Men -80kg	CAI Zhaoxun	CHN	
wuxi-grand-slam-challenge-2025	Senior Men -80kg	GASHI Jon	KOS	
wuxi-grand-slam-challenge-2025	Senior Men -80kg	DA SILVA SANTIAGO Fabio junior	BRA	
wuxi-grand-slam-challenge-2025	Senior Men -80kg	XIANG Qizhang	CHN	
wuxi-grand-slam-challenge-2025	Senior Men -80kg	WANG Mingming	CHN	
wuxi-grand-slam-challenge-2025	Senior Men -80kg	SHIN Mincheol	KOR	
wuxi-grand-slam-challenge-2025	Senior Men -80kg	LI Yang	CHN	
wuxi-grand-slam-challenge-2025	Senior Men -80kg	TREJOS SALAS Miguel	COL	
wuxi-grand-slam-challenge-2025	Senior Men -80kg	FANG Zeyu	CHN	
wuxi-grand-slam-challenge-2025	Senior Men -80kg	SONG Minseok	KOR	
wuxi-grand-slam-challenge-2025	Senior Men -80kg	SWEENEY Liam	AUS	
wuxi-grand-slam-challenge-2025	Senior Men -80kg	MEIRELLES DA COSTA Arthur	BRA	3
wuxi-grand-slam-challenge-2025	Senior Men -80kg	BHANDARI Aashis	NEP	
wuxi-grand-slam-challenge-2025	Senior Men -80kg	JIAO Yapeng	CHN	
wuxi-grand-slam-challenge-2025	Senior Men -80kg	RUIZ DOMENECH Ramon	ESP	
wuxi-grand-slam-challenge-2025	Senior Men -80kg	CHURCHILL MARTINEZ Joaquin	CHI	
wuxi-grand-slam-challenge-2025	Senior Men -80kg	PRAKASH Nipesh	FIJ	
wuxi-grand-slam-challenge-2025	Senior Men -80kg	GATIIATULLIN Timur	AIN	
wuxi-grand-slam-challenge-2025	Senior Men -80kg	BARAL Abhishek	NEP	
wuxi-grand-slam-challenge-2025	Senior Men -80kg	ZU Jianwei	CHN	
wuxi-grand-slam-challenge-2025	Senior Men -80kg	AN Seung-jun	KOR	
wuxi-grand-slam-challenge-2025	Senior Men -80kg	MYTAREV Artem	AIN	
wuxi-grand-slam-challenge-2025	Senior Men -80kg	GONZALEZ Alejandro	PUR	
wuxi-grand-slam-challenge-2025	Senior Men -80kg	KO Hyeonseung	KOR	
wuxi-grand-slam-challenge-2025	Senior Men -80kg	DAVIDSON Michael	GHA	
wuxi-grand-slam-challenge-2025	Senior Men -80kg	KIM Yongju	KOR	
wuxi-grand-slam-challenge-2025	Senior Men -80kg	KANGYEON Seo	KOR	
wuxi-grand-slam-challenge-2025	Senior Men -80kg	VYSOTIN Nikita	AIN	
wuxi-grand-slam-challenge-2025	Senior Men -80kg	FLOUSKOUNIS Charalampos	GRE	
wuxi-grand-slam-challenge-2025	Senior Men -80kg	SLEPOV Stepan	AIN	
wuxi-grand-slam-challenge-2025	Senior Men -80kg	KIM Hyun-woo	KOR	
wuxi-grand-slam-challenge-2025	Senior Men -80kg	LIU Suhong	CHN	
wuxi-grand-slam-challenge-2025	Senior Men -80kg	PARK Minho	KOR	
wuxi-grand-slam-challenge-2025	Senior Men -80kg	SEO Kang-eun	KOR	
wuxi-grand-slam-challenge-2025	Senior Men -80kg	ANDRADE HERRERA Hassani	PER	
wuxi-grand-slam-challenge-2025	Senior Men -80kg	LU Jianchao	CHN	
wuxi-grand-slam-challenge-2025	Senior Men -80kg	JUNG Jihoo	KOR	
wuxi-grand-slam-challenge-2025	Senior Men -80kg	QUESADA BARRERA Daniel	ESP	
wuxi-grand-slam-challenge-2025	Senior Men -80kg	KILIC Yigithan	TUR	
wuxi-grand-slam-challenge-2025	Senior Men -80kg	KORPE Omer furkan	TUR	
wuxi-grand-slam-challenge-2025	Senior Men -80kg	MORADI Erfan	TRT	
wuxi-grand-slam-challenge-2025	Senior Men -80kg	KANG Jaegwon	KOR	1
wuxi-grand-slam-challenge-2025	Senior Men -80kg	ZHAO Haolan	CHN	
wuxi-grand-slam-challenge-2025	Senior Men -80kg	CHO Hwanju	KOR	
wuxi-grand-slam-challenge-2025	Senior Men -80kg	KINTSURASHVILI Zurab	GEO	
wuxi-grand-slam-challenge-2025	Senior Women -49kg	LEE Yumin	KOR	3
wuxi-grand-slam-challenge-2025	Senior Women -49kg	ARMAH Henrietta	GHA	
wuxi-grand-slam-challenge-2025	Senior Women -49kg	QIU Wenting	CHN	
wuxi-grand-slam-challenge-2025	Senior Women -49kg	LAM Siu wai	HKG	
wuxi-grand-slam-challenge-2025	Senior Women -49kg	GRIPPOLI GAGLIARDO Maria sara	URU	
wuxi-grand-slam-challenge-2025	Senior Women -49kg	GARCIA MARQUINA Sofia	ESP	
wuxi-grand-slam-challenge-2025	Senior Women -49kg	MUNKHTUGS Suvd-erdene	MGL	
wuxi-grand-slam-challenge-2025	Senior Women -49kg	MAKAS Ejla	BIH	
wuxi-grand-slam-challenge-2025	Senior Women -49kg	TAMBYRAJAH Saffron	AUS	
wuxi-grand-slam-challenge-2025	Senior Women -49kg	GEORGIOU Melina	GRE	
wuxi-grand-slam-challenge-2025	Senior Women -49kg	CHO Yunseo	KOR	
wuxi-grand-slam-challenge-2025	Senior Women -49kg	FU Xiaolu	CHN	1
wuxi-grand-slam-challenge-2025	Senior Women -49kg	WANG Xiaolu	CHN	
wuxi-grand-slam-challenge-2025	Senior Women -49kg	SHIN Su-in	KOR	
wuxi-grand-slam-challenge-2025	Senior Women -49kg	FERLA Ana Clara	BRA	
wuxi-grand-slam-challenge-2025	Senior Women -49kg	RAI Santoshi	NEP	
wuxi-grand-slam-challenge-2025	Senior Women -49kg	LU Qiuyi	CHN	
wuxi-grand-slam-challenge-2025	Senior Women -49kg	MAKAS Dzejla	BIH	
wuxi-grand-slam-challenge-2025	Senior Women -49kg	CEREZO IGLESIAS Adriana	ESP	
wuxi-grand-slam-challenge-2025	Senior Women -49kg	CRISOSTOMO Ana	PER	
wuxi-grand-slam-challenge-2025	Senior Women -49kg	LEE Joo kyoung	KOR	
wuxi-grand-slam-challenge-2025	Senior Women -49kg	SUAREZ ESCOBEDO Alessandra	PER	
wuxi-grand-slam-challenge-2025	Senior Women -49kg	WANG Shiyi	CHN	
wuxi-grand-slam-challenge-2025	Senior Women -49kg	LINAN PARDO Naiara	AND	
wuxi-grand-slam-challenge-2025	Senior Women -49kg	ZHANG Qintong	CHN	
wuxi-grand-slam-challenge-2025	Senior Women -49kg	KIM Minseo	KOR	
wuxi-grand-slam-challenge-2025	Senior Women -49kg	MEDVEDEVA Galina	AIN	
wuxi-grand-slam-challenge-2025	Senior Women -49kg	YE Xiaoting	CHN	
wuxi-grand-slam-challenge-2025	Senior Women -49kg	MAHATO Isha	NEP	
wuxi-grand-slam-challenge-2025	Senior Women -49kg	ZHU Jingyu	CHN	
wuxi-grand-slam-challenge-2025	Senior Women -49kg	BAUYRZHANOVA Nuray	KAZ	
wuxi-grand-slam-challenge-2025	Senior Women -49kg	ZUO JU	CHN	2
wuxi-grand-slam-challenge-2025	Senior Women -49kg	DHAHRI Ikram	TUN	
wuxi-grand-slam-challenge-2025	Senior Women -49kg	BAT-ERDENE Uchral	MGL	
wuxi-grand-slam-challenge-2025	Senior Women -49kg	KADEWERE Britney chipo	ZIM	
wuxi-grand-slam-challenge-2025	Senior Women -49kg	BEKULOVA Milana	AIN	
wuxi-grand-slam-challenge-2025	Senior Men +80kg	SANSORES Carlos	MEX	2
wuxi-grand-slam-challenge-2025	Senior Men +80kg	STEWART Jobe	AUS	
wuxi-grand-slam-challenge-2025	Senior Men +80kg	OH Jihoon	KOR	
wuxi-grand-slam-challenge-2025	Senior Men +80kg	MICHOPOULOS Sotirios	GRE	
wuxi-grand-slam-challenge-2025	Senior Men +80kg	CHOI Unseo	KOR	
wuxi-grand-slam-challenge-2025	Senior Men +80kg	DIALLO Ibrahima	GUI	
wuxi-grand-slam-challenge-2025	Senior Men +80kg	NUCI Erol	BIH	
wuxi-grand-slam-challenge-2025	Senior Men +80kg	TROITINO AMOEDO Sergio	ESP	
wuxi-grand-slam-challenge-2025	Senior Men +80kg	LI Yuanyang	CHN	
wuxi-grand-slam-challenge-2025	Senior Men +80kg	SALAEV Shukhrat	UZB	
wuxi-grand-slam-challenge-2025	Senior Men +80kg	LI Mingsi	CHN	
wuxi-grand-slam-challenge-2025	Senior Men +80kg	KIM Woojin	KOR	
wuxi-grand-slam-challenge-2025	Senior Men +80kg	LIU Zhaoyang	CHN	
wuxi-grand-slam-challenge-2025	Senior Men +80kg	KABLAN Beibarys	KAZ	
wuxi-grand-slam-challenge-2025	Senior Men +80kg	LARIN Vladislav	AIN	3
wuxi-grand-slam-challenge-2025	Senior Men +80kg	MOKHTARI Mohammad	TRT	
wuxi-grand-slam-challenge-2025	Senior Men +80kg	GOMIS Paivou johnouario	GBS	
wuxi-grand-slam-challenge-2025	Senior Men +80kg	ATESLI Orkun	TUR	
wuxi-grand-slam-challenge-2025	Senior Men +80kg	YANG Junyoung	KOR	
wuxi-grand-slam-challenge-2025	Senior Men +80kg	LEE Hwan	KOR	
wuxi-grand-slam-challenge-2025	Senior Men +80kg	ZHURABOEV Yodgorbek	UZB	
wuxi-grand-slam-challenge-2025	Senior Men +80kg	IFAOUI Motaz	TUN	
wuxi-grand-slam-challenge-2025	Senior Men +80kg	PARK Woo hyeok	KOR	1
wuxi-grand-slam-challenge-2025	Senior Men +80kg	ZENG Weitao	CHN	
wuxi-grand-slam-challenge-2025	Senior Men +80kg	THOLIOTIS Vasileios	GRE	
wuxi-grand-slam-challenge-2025	Senior Men +80kg	ATESLI Emre kutalmis	TUR	
wuxi-grand-slam-challenge-2025	Senior Men +80kg	WANG Yaoxi	CHN	
wuxi-grand-slam-challenge-2025	Senior Men +80kg	AIUKAEV Rafail	AIN	
wuxi-grand-slam-challenge-2025	Senior Men -58kg	PARK Tae-joon	KOR	1
wuxi-grand-slam-challenge-2025	Senior Men -58kg	GREGORY-HUNT Ashton-lee	NZL	
wuxi-grand-slam-challenge-2025	Senior Men -58kg	YANG Shuo	CHN	
wuxi-grand-slam-challenge-2025	Senior Men -58kg	CHENG Kai	CHN	
wuxi-grand-slam-challenge-2025	Senior Men -58kg	BALAKHNEEV Dmitriy	AIN	
wuxi-grand-slam-challenge-2025	Senior Men -58kg	QIAN Jiacai	CHN	
wuxi-grand-slam-challenge-2025	Senior Men -58kg	JIN Sehun	KOR	
wuxi-grand-slam-challenge-2025	Senior Men -58kg	WANG Nuoyan	CHN	
wuxi-grand-slam-challenge-2025	Senior Men -58kg	HUANG Kefen	CHN	
wuxi-grand-slam-challenge-2025	Senior Men -58kg	LAFRATTI Maximo	ARG	
wuxi-grand-slam-challenge-2025	Senior Men -58kg	MANSUROV Kamronbek	UZB	
wuxi-grand-slam-challenge-2025	Senior Men -58kg	KIM Jongmyeong	KOR	
wuxi-grand-slam-challenge-2025	Senior Men -58kg	HAN Chulho	KOR	
wuxi-grand-slam-challenge-2025	Senior Men -58kg	HEO Jae hyuk	KOR	
wuxi-grand-slam-challenge-2025	Senior Men -58kg	YU Junsong	CHN	
wuxi-grand-slam-challenge-2025	Senior Men -58kg	GELADZE Vitali	GEO	
wuxi-grand-slam-challenge-2025	Senior Men -58kg	DJONKO Ibrahim	BIH	
wuxi-grand-slam-challenge-2025	Senior Men -58kg	PUMA Jose	PER	
wuxi-grand-slam-challenge-2025	Senior Men -58kg	BIST Sumit	NEP	
wuxi-grand-slam-challenge-2025	Senior Men -58kg	SUN Tianqi	CHN	
wuxi-grand-slam-challenge-2025	Senior Men -58kg	MELO Paulo	BRA	
wuxi-grand-slam-challenge-2025	Senior Men -58kg	YANG Huichan	KOR	
wuxi-grand-slam-challenge-2025	Senior Men -58kg	YOO Seong chan	KOR	
wuxi-grand-slam-challenge-2025	Senior Men -58kg	FANG Zheng	CHN	
wuxi-grand-slam-challenge-2025	Senior Men -58kg	CHEN Jiacheng	CHN	
wuxi-grand-slam-challenge-2025	Senior Men -58kg	PARK Min kyu	KOR	3
wuxi-grand-slam-challenge-2025	Senior Men -58kg	DIAWARA Abdoul aziz aboubacar	GUI	
wuxi-grand-slam-challenge-2025	Senior Men -58kg	YONDONJAMTS Purevdash	MGL	
wuxi-grand-slam-challenge-2025	Senior Men -58kg	BARRETO Raymiguel	PER	
wuxi-grand-slam-challenge-2025	Senior Men -58kg	BERO Tatenda justice	ZIM	
wuxi-grand-slam-challenge-2025	Senior Men -58kg	DIMITROPOULOS Konstantinos	GRE	
wuxi-grand-slam-challenge-2025	Senior Men -58kg	FRAILE RODRIGUEZ Jesus	ESP	2
wuxi-grand-slam-challenge-2025	Senior Men -58kg	BOUASSA TANDIALA Jonathan	CGO	
wuxi-grand-slam-challenge-2025	Senior Men -58kg	SMITH Noah	NZL	
wuxi-grand-slam-challenge-2025	Senior Men -58kg	MORENO ALVAREZ Franco javier	PER	
wuxi-grand-slam-challenge-2025	Senior Men -58kg	HE Yunjie	CHN	
wuxi-grand-slam-challenge-2025	Senior Men -58kg	OTAJONOV Omonjon	UZB	
wuxi-grand-slam-challenge-2025	Senior Men -58kg	YENSEGENOV Yerkebulan	KAZ	
wuxi-grand-slam-challenge-2025	Senior Men -58kg	HUANG Jincheng	CHN	
wuxi-grand-slam-challenge-2025	Senior Men -58kg	CHEN Qiyin	CHN	
wuxi-grand-slam-challenge-2025	Senior Men -58kg	XU Wenbo	CHN	
wuxi-grand-slam-challenge-2025	Senior Men -58kg	BADEM Yusuf	TUR	
wuxi-grand-slam-challenge-2025	Senior Women -57kg	KIM Gahyeon	KOR	1
wuxi-grand-slam-challenge-2025	Senior Women -57kg	SMAGINA Eva	AIN	
wuxi-grand-slam-challenge-2025	Senior Women -57kg	LIU Fangxin	CHN	
wuxi-grand-slam-challenge-2025	Senior Women -57kg	HERBERTSON Reyna	AUS	
wuxi-grand-slam-challenge-2025	Senior Women -57kg	DAI Zongyuan	CHN	
wuxi-grand-slam-challenge-2025	Senior Women -57kg	RODRIGUEZ MARQUINA Laura	ESP	
wuxi-grand-slam-challenge-2025	Senior Women -57kg	CACERES GONZALES Camila	PER	
wuxi-grand-slam-challenge-2025	Senior Women -57kg	YANG Qingmei	CHN	
wuxi-grand-slam-challenge-2025	Senior Women -57kg	ZHANG Chuling	CHN	
wuxi-grand-slam-challenge-2025	Senior Women -57kg	XU Yinuo	CHN	
wuxi-grand-slam-challenge-2025	Senior Women -57kg	KUSHCH Anna	AIN	
wuxi-grand-slam-challenge-2025	Senior Women -57kg	KIM Hajin	KOR	
wuxi-grand-slam-challenge-2025	Senior Women -57kg	HANSEN Kaja husby	NOR	
wuxi-grand-slam-challenge-2025	Senior Women -57kg	KIM Siwoo	KOR	
wuxi-grand-slam-challenge-2025	Senior Women -57kg	TZELI Fani	GRE	
wuxi-grand-slam-challenge-2025	Senior Women -57kg	SANG Yiyao	CHN	
wuxi-grand-slam-challenge-2025	Senior Women -57kg	KUCHINA Viktorya	AIN	
wuxi-grand-slam-challenge-2025	Senior Women -57kg	DANIEL Melina	USA	
wuxi-grand-slam-challenge-2025	Senior Women -57kg	AVDAGIC Ada	BIH	
wuxi-grand-slam-challenge-2025	Senior Women -57kg	PEREZ PARRADO Alma maria	ESP	
wuxi-grand-slam-challenge-2025	Senior Women -57kg	LEE Hyebin	KOR	
wuxi-grand-slam-challenge-2025	Senior Women -57kg	KIM Nagyeong	KOR	
wuxi-grand-slam-challenge-2025	Senior Women -57kg	HAMZIC Dzejna	BIH	
wuxi-grand-slam-challenge-2025	Senior Women -57kg	ABDUVALIEVA Shabona	UZB	2
wuxi-grand-slam-challenge-2025	Senior Women -57kg	HYMER Stacey	AUS	
wuxi-grand-slam-challenge-2025	Senior Women -57kg	KIM Nanhee	KOR	
wuxi-grand-slam-challenge-2025	Senior Women -57kg	ROSIN Pheline	NZL	
wuxi-grand-slam-challenge-2025	Senior Women -57kg	YANG Sitong	CHN	
wuxi-grand-slam-challenge-2025	Senior Women -57kg	ILGUN Hatice kubra	TUR	
wuxi-grand-slam-challenge-2025	Senior Women -57kg	BLIZNIAKOVA Margarita	AIN	
wuxi-grand-slam-challenge-2025	Senior Women -57kg	KIM Yurin	KOR	
wuxi-grand-slam-challenge-2025	Senior Women -57kg	GASHI Rona	KOS	
wuxi-grand-slam-challenge-2025	Senior Women -57kg	SEVOSTYANOVA Mariya	KAZ	
wuxi-grand-slam-challenge-2025	Senior Women -57kg	ZDOR Kseniia	AIN	3
wuxi-grand-slam-challenge-2025	Senior Women -57kg	GU Wenjing	CHN	
wuxi-grand-slam-challenge-2025	Senior Women -57kg	KHORSHIDI Aida	TRT	
wuxi-grand-slam-challenge-2025	Senior Women -57kg	SEO Yeowon	KOR	
wuxi-grand-slam-challenge-2025	Senior Women -57kg	LUO Zongshi	CHN	
wuxi-grand-slam-challenge-2025	Senior Women +67kg	MU Wenzhe	CHN	
wuxi-grand-slam-challenge-2025	Senior Women +67kg	MUSLIMOVA Linara	AIN	
wuxi-grand-slam-challenge-2025	Senior Women +67kg	SHI Juan	CHN	
wuxi-grand-slam-challenge-2025	Senior Women +67kg	ADEBAIO Kristina	AIN	
wuxi-grand-slam-challenge-2025	Senior Women +67kg	LEE Soyeong	KOR	
wuxi-grand-slam-challenge-2025	Senior Women +67kg	JUNG Hana	KOR	
wuxi-grand-slam-challenge-2025	Senior Women +67kg	KITSIOU Agoritsa artemia	GRE	
wuxi-grand-slam-challenge-2025	Senior Women +67kg	STEWART Reba	AUS	
wuxi-grand-slam-challenge-2025	Senior Women +67kg	ZHAO Xueting	CHN	
wuxi-grand-slam-challenge-2025	Senior Women +67kg	PEKONKINA Anna	AIN	
wuxi-grand-slam-challenge-2025	Senior Women +67kg	ZHAO Zitong	CHN	
wuxi-grand-slam-challenge-2025	Senior Women +67kg	OH Seungju	KOR	
wuxi-grand-slam-challenge-2025	Senior Women +67kg	NAMGUNG Seoyeon	KOR	
wuxi-grand-slam-challenge-2025	Senior Women +67kg	XU Lei	CHN	1
wuxi-grand-slam-challenge-2025	Senior Women +67kg	CASTINEIRA ETCHEVERRIA Tania	ESP	
wuxi-grand-slam-challenge-2025	Senior Women +67kg	LI Yawen	CHN	2
wuxi-grand-slam-challenge-2025	Senior Women +67kg	MOHAMMED Noor nazar	QAT	
wuxi-grand-slam-challenge-2025	Senior Women +67kg	XIAO Shunan	CHN	
wuxi-grand-slam-challenge-2025	Senior Women +67kg	KRAPIVKA Anna	AIN	
wuxi-grand-slam-challenge-2025	Senior Women +67kg	AN Hyobeen	KOR	
wuxi-grand-slam-challenge-2025	Senior Women +67kg	YOON Do Hee	KOR	
wuxi-grand-slam-challenge-2025	Senior Women +67kg	MARTON Luana	HUN	
wuxi-grand-slam-challenge-2025	Senior Women +67kg	ZHANG Yinyin	CHN	
wuxi-grand-slam-challenge-2025	Senior Women +67kg	LU Yanpei	CHN	
wuxi-grand-slam-challenge-2025	Senior Women +67kg	SHVEDKOVA Polina	AIN	
wuxi-grand-slam-challenge-2025	Senior Women +67kg	ZHOU Zeqi	CHN	3
wuxi-grand-slam-challenge-2025	Senior Women +67kg	NOH Huiseung	KOR	
wuxi-grand-slam-challenge-2025	Senior Women +67kg	UZUNCAVDAR Sude yaren	TUR	
wuxi-grand-slam-challenge-2025	Senior Men -68kg	VYKOV Amir	AIN	3
wuxi-grand-slam-challenge-2025	Senior Men -68kg	RAGHEB Taye	AUS	
wuxi-grand-slam-challenge-2025	Senior Men -68kg	COULIBALY Sekou	LUX	
wuxi-grand-slam-challenge-2025	Senior Men -68kg	BOUJEMAI Fares	TUN	
wuxi-grand-slam-challenge-2025	Senior Men -68kg	GU Jiayu	CHN	
wuxi-grand-slam-challenge-2025	Senior Men -68kg	ZHOU Guoyu	CHN	
wuxi-grand-slam-challenge-2025	Senior Men -68kg	DOS SANTOS MORAIS Guilherme	BRA	
wuxi-grand-slam-challenge-2025	Senior Men -68kg	ABAD EXPOSITO Iker	ESP	
wuxi-grand-slam-challenge-2025	Senior Men -68kg	NAZAROV Nazarali	UZB	
wuxi-grand-slam-challenge-2025	Senior Men -68kg	CASTILLO RAMOS Alejandro	PER	
wuxi-grand-slam-challenge-2025	Senior Men -68kg	CHEN Yufan	CHN	
wuxi-grand-slam-challenge-2025	Senior Men -68kg	DJONKO Muhamed	BIH	
wuxi-grand-slam-challenge-2025	Senior Men -68kg	GANTULGA Enkhbayar	MGL	
wuxi-grand-slam-challenge-2025	Senior Men -68kg	DASHDAVAA Chinzorig	MGL	
wuxi-grand-slam-challenge-2025	Senior Men -68kg	JUNG Jaebin	KOR	
wuxi-grand-slam-challenge-2025	Senior Men -68kg	MAIGA Ibrahim	BUR	
wuxi-grand-slam-challenge-2025	Senior Men -68kg	ZHAO Ruixin	CHN	
wuxi-grand-slam-challenge-2025	Senior Men -68kg	CHEN Cheng	CHN	
wuxi-grand-slam-challenge-2025	Senior Men -68kg	SUMMERFIELD Matthew	AUS	
wuxi-grand-slam-challenge-2025	Senior Men -68kg	LO Mouhamadou mansour	SEN	
wuxi-grand-slam-challenge-2025	Senior Men -68kg	LOPEZ BATE Matias	URU	
wuxi-grand-slam-challenge-2025	Senior Men -68kg	ZHANG Tongjie	CHN	
wuxi-grand-slam-challenge-2025	Senior Men -68kg	OLIVERO TORO Cristian	CHI	
wuxi-grand-slam-challenge-2025	Senior Men -68kg	JUNG Woo-hyeok	KOR	2
wuxi-grand-slam-challenge-2025	Senior Men -68kg	CHE Pinyi	CHN	
wuxi-grand-slam-challenge-2025	Senior Men -68kg	YERMENTAYEV Arslan	KAZ	
wuxi-grand-slam-challenge-2025	Senior Men -68kg	WOOLLEY Jack	IRL	
wuxi-grand-slam-challenge-2025	Senior Men -68kg	PANAGOPOULOS Apostolos	GRE	
wuxi-grand-slam-challenge-2025	Senior Men -68kg	AVIDAN Ben	ISR	
wuxi-grand-slam-challenge-2025	Senior Men -68kg	SOUZA DINIZ Joao victor	BRA	
wuxi-grand-slam-challenge-2025	Senior Men -68kg	VICENTE YUNTA Adrian	ESP	
wuxi-grand-slam-challenge-2025	Senior Men -68kg	QIN Xingyu	CHN	
wuxi-grand-slam-challenge-2025	Senior Men -68kg	KASSANOV Izyat	KAZ	
wuxi-grand-slam-challenge-2025	Senior Men -68kg	KAVTARADZE Beka	GEO	
wuxi-grand-slam-challenge-2025	Senior Men -68kg	MU Junfeng	CHN	
wuxi-grand-slam-challenge-2025	Senior Men -68kg	WOO Seungcheol	KOR	
wuxi-grand-slam-challenge-2025	Senior Men -68kg	SHULENOV Damir	KAZ	
wuxi-grand-slam-challenge-2025	Senior Men -68kg	LEE Sang Ryeol	KOR	
wuxi-grand-slam-challenge-2025	Senior Men -68kg	KIM Sunjun	KOR	
wuxi-grand-slam-challenge-2025	Senior Men -68kg	XIAO Shaohong	CHN	
wuxi-grand-slam-challenge-2025	Senior Men -68kg	GARRIDO REYES Jhon deivi	COL	
wuxi-grand-slam-challenge-2025	Senior Men -68kg	SHISHKO Dmitrii	AIN	
wuxi-grand-slam-challenge-2025	Senior Men -68kg	WALIKEMOT Neem kereine	CGO	
wuxi-grand-slam-challenge-2025	Senior Men -68kg	DING Jianing	CHN	
wuxi-grand-slam-challenge-2025	Senior Men -68kg	JORQUERA CALA Joan	ESP	
wuxi-grand-slam-challenge-2025	Senior Men -68kg	ERER Berkay	TUR	
wuxi-grand-slam-challenge-2025	Senior Men -68kg	YANG Tengfei	CHN	
wuxi-grand-slam-challenge-2025	Senior Men -68kg	CHOI Min Hyeok	KOR	
wuxi-grand-slam-challenge-2025	Senior Men -68kg	OSIN Maksim	AIN	
wuxi-grand-slam-challenge-2025	Senior Men -68kg	DIAO Lixingjun	CHN	
wuxi-grand-slam-challenge-2025	Senior Men -68kg	KIM Tae yong	KOR	
wuxi-grand-slam-challenge-2025	Senior Men -68kg	LEE Mingeon	KOR	
wuxi-grand-slam-challenge-2025	Senior Men -68kg	NIU Guansen	CHN	
wuxi-grand-slam-challenge-2025	Senior Men -68kg	LO Wai fung	HKG	
wuxi-grand-slam-challenge-2025	Senior Men -68kg	BAYNE Karl	NZL	
wuxi-grand-slam-challenge-2025	Senior Men -68kg	DAYIOGLU Omer faruk	TUR	
wuxi-grand-slam-challenge-2025	Senior Men -68kg	MUN Jinho	KOR	1
wuxi-grand-slam-challenge-2025	Senior Men -68kg	BEGIMBETOV Amanbol	KAZ	
wuxi-grand-slam-challenge-2025	Senior Men -68kg	OTHMAN Mohammad	JOR	
wuxi-grand-slam-challenge-2025	Senior Men -68kg	LIANG Yushuai	CHN	
wuxi-grand-slam-challenge-2025	Senior Women -67kg	MARTON Viviana	HUN	
wuxi-grand-slam-challenge-2025	Senior Women -67kg	SU Runa	CHN	
wuxi-grand-slam-challenge-2025	Senior Women -67kg	VASQUEZ MENDOZA Eliana	PER	
wuxi-grand-slam-challenge-2025	Senior Women -67kg	KHAYITOVA Sevinch	UZB	
wuxi-grand-slam-challenge-2025	Senior Women -67kg	DE OLIVEIRA MAURICIO Isadora	BRA	
wuxi-grand-slam-challenge-2025	Senior Women -67kg	LEE Gaeun	KOR	
wuxi-grand-slam-challenge-2025	Senior Women -67kg	BAE Ariane	KOR	
wuxi-grand-slam-challenge-2025	Senior Women -67kg	CHOE Boyoung	KOR	
wuxi-grand-slam-challenge-2025	Senior Women -67kg	CAKAL Sevval	TUR	
wuxi-grand-slam-challenge-2025	Senior Women -67kg	HONG Hyo rim	KOR	2
wuxi-grand-slam-challenge-2025	Senior Women -67kg	KIM Yubin	KOR	
wuxi-grand-slam-challenge-2025	Senior Women -67kg	CHEN Kexin	CHN	
wuxi-grand-slam-challenge-2025	Senior Women -67kg	SONG Jie	CHN	
wuxi-grand-slam-challenge-2025	Senior Women -67kg	GALLARDO Claudia	CHI	
wuxi-grand-slam-challenge-2025	Senior Women -67kg	YEOM Eun Been	KOR	
wuxi-grand-slam-challenge-2025	Senior Women -67kg	SEO Jung eun	KOR	
wuxi-grand-slam-challenge-2025	Senior Women -67kg	ZHU Jingqi	CHN	
wuxi-grand-slam-challenge-2025	Senior Women -67kg	WAFA Masghouni	TUN	
wuxi-grand-slam-challenge-2025	Senior Women -67kg	KHUZINA Liliia	AIN	
wuxi-grand-slam-challenge-2025	Senior Women -67kg	MAX-VOY Marrianne selasie	GHA	
wuxi-grand-slam-challenge-2025	Senior Women -67kg	CHEN Ximin	CHN	
wuxi-grand-slam-challenge-2025	Senior Women -67kg	ABELA Rose letizia	AUS	
wuxi-grand-slam-challenge-2025	Senior Women -67kg	ZHELEZNOVA Viktoriia	AIN	
wuxi-grand-slam-challenge-2025	Senior Women -67kg	WANG Chengyi	CHN	
wuxi-grand-slam-challenge-2025	Senior Women -67kg	NILSEN Mari romundset	NOR	
wuxi-grand-slam-challenge-2025	Senior Women -67kg	LEE Eunmi	KOR	
wuxi-grand-slam-challenge-2025	Senior Women -67kg	MARENTAKI Styliani	GRE	3
wuxi-grand-slam-challenge-2025	Senior Women -67kg	XING Jiani	CHN	
wuxi-grand-slam-challenge-2025	Senior Women -67kg	SARVANAKI Theopoula	GRE	
wuxi-grand-slam-challenge-2025	Senior Women -67kg	SHEN Zinuo	CHN	
wuxi-grand-slam-challenge-2025	Senior Women -67kg	KHUSSAINOVA Nuray	KAZ	
wuxi-grand-slam-challenge-2025	Senior Women -67kg	MACEDO Sandy	BRA	
wuxi-grand-slam-challenge-2025	Senior Women -67kg	CHEN Xuyan	CHN	1
wuxi-grand-slam-challenge-2025	Senior Women -67kg	ZHOU Yixing	CHN	
wuxi-grand-slam-challenge-2025	Senior Women -67kg	CHOI Subin	KOR	
wuxi-grand-slam-challenge-2025	Senior Women -67kg	MORENO REYES Lena	ESP	
fujairah-open-2026	Senior Men -54kg	ALDAOUD Jaafar	JOR	1
fujairah-open-2026	Senior Men -54kg	TRABELSI Amen allah	TUN	2
fujairah-open-2026	Senior Men -54kg	SHAPULATOV Bakhodir	KAZ	3
fujairah-open-2026	Senior Men -54kg	ALRAWASHDEH Laith	JOR	3
fujairah-open-2026	Senior Men -58kg	MANENKOV Maksym	UKR	1
fujairah-open-2026	Senior Men -58kg	OTAJONOV Omonjon	UZB	2
fujairah-open-2026	Senior Men -58kg	DIMITROPOULOS Konstantinos	GRE	3
fujairah-open-2026	Senior Men -58kg	MANSUROV Kamronbek	UZB	3
fujairah-open-2026	Senior Men -63kg	BORGEN Kristian storsul	NOR	1
fujairah-open-2026	Senior Men -63kg	OSIN Maksim	RUS	2
fujairah-open-2026	Senior Men -63kg	BANDAREVICH Maksim	BLR	3
fujairah-open-2026	Senior Men -63kg	KURBANOV Shamsiddin	UZB	3
fujairah-open-2026	Senior Men -68kg	TCAKOEV Sarmat	BLR	1
fujairah-open-2026	Senior Men -68kg	ALHALAWANI Zaid	JOR	2
fujairah-open-2026	Senior Men -68kg	TUKHLIBOEV Diyorbek	UZB	3
fujairah-open-2026	Senior Men -68kg	ALTARYREH Mahmoud	JOR	3
fujairah-open-2026	Senior Men -74kg	KOSIMKHOJIEV Najmiddin	UZB	1
fujairah-open-2026	Senior Men -74kg	MUZAFFAROV Mironshokhmirzo	UZB	2
fujairah-open-2026	Senior Men -74kg	KAREEM Zaid	JOR	3
fujairah-open-2026	Senior Men -74kg	ORYNBASSAR Maksat	KAZ	3
fujairah-open-2026	Senior Men -80kg	NICKOLAS CJ	USA	1
fujairah-open-2026	Senior Men -80kg	JAYSUNOV Jasurbek	UZB	2
fujairah-open-2026	Senior Men -80kg	OMAROV Magomedrasul	RUS	3
fujairah-open-2026	Senior Men -80kg	TURAVINAU Raman	BLR	3
fujairah-open-2026	Senior Men -87kg	ZHURABOEV Yodgorbek	UZB	1
fujairah-open-2026	Senior Men -87kg	AOUNI Jasser	KSA	2
fujairah-open-2026	Senior Men -87kg	BUDIN Vladislav	RUS	3
fujairah-open-2026	Senior Men -87kg	MYRZABAYEV Nurlan	KAZ	3
fujairah-open-2026	Senior Men +87kg	LARIN Vladislav	RUS	1
fujairah-open-2026	Senior Men +87kg	MAVLONOV Marat	UZB	2
fujairah-open-2026	Senior Men +87kg	PLONIS Artsiom	BLR	3
fujairah-open-2026	Senior Men +87kg	ESSAM MOHIUDDIN Abdullah	EGY	3
fujairah-open-2026	Senior Women -46kg	BAYECH Rivka	ISR	1
fujairah-open-2026	Senior Women -46kg	KARIMI RAHJERDI Sayna	IRI	2
fujairah-open-2026	Senior Women -46kg	TOUZANI Farah	MAR	3
fujairah-open-2026	Senior Women -46kg	ALIPOUR Saina	IRI	3
fujairah-open-2026	Senior Women -49kg	ATESLI Supharada Anya	GER	1
fujairah-open-2026	Senior Women -49kg	DANSHYNA Oleksandra	ISR	2
fujairah-open-2026	Senior Women -49kg	MALAKOUTIKHAH Maryam	IRI	3
fujairah-open-2026	Senior Women -49kg	KONE Nabintou	CIV	3
fujairah-open-2026	Senior Women -53kg	NEMATZADEH Mobina	IRI	1
fujairah-open-2026	Senior Women -53kg	KHAN Sofiya	UZB	2
fujairah-open-2026	Senior Women -53kg	EL GHLID Karima	MAR	3
fujairah-open-2026	Senior Women -53kg	ZAYNIDDINOVA Laylo	UZB	3
fujairah-open-2026	Senior Women -57kg	KHIRFAN Fadia	JOR	1
fujairah-open-2026	Senior Women -57kg	MIRABZALOVA Madina	UZB	2
fujairah-open-2026	Senior Women -57kg	EFITSENKO Sofia	RUS	3
fujairah-open-2026	Senior Women -57kg	KUCHINA Viktorya	RUS	3
fujairah-open-2026	Senior Women -62kg	BLIZNYAKOVA Margarita	RUS	1
fujairah-open-2026	Senior Women -62kg	ASASEH Kosar	IRI	2
fujairah-open-2026	Senior Women -62kg	KHAYITOVA Sevinch	UZB	3
fujairah-open-2026	Senior Women -62kg	RELJIKJ Miljana	MKD	3
fujairah-open-2026	Senior Women -67kg	MARENTAKI Styliani	GRE	1
fujairah-open-2026	Senior Women -67kg	SKAPROVSKA Valeriia	RUS	2
fujairah-open-2026	Senior Women -67kg	KANOUTE Iman	MLI	3
fujairah-open-2026	Senior Women -67kg	SHEHATA Aya	EGY	3
fujairah-open-2026	Senior Women -73kg	CHAARI Sarah	BEL	1
fujairah-open-2026	Senior Women -73kg	KOSMYCHEVA Anastasiia	RUS	2
fujairah-open-2026	Senior Women -73kg	SAMY ELHOSSEINY Malak	EGY	3
fujairah-open-2026	Senior Women -73kg	MIRHOSSEINI VAKILI Melika	IRI	3
fujairah-open-2026	Senior Women +73kg	MUSLIMOVA Linara	RUS	1
fujairah-open-2026	Senior Women +73kg	AHMADI Fatemeh	IRI	2
fujairah-open-2026	Senior Women +73kg	MIRTADJIEVA Iroda	UZB	3
fujairah-open-2026	Senior Women +73kg	ADEBAIO Kristina	RUS	3
austrian-open-2026	Senior Men -54kg	CIRIVELLO Gaetano	ITA	1
austrian-open-2026	Senior Men -54kg	TOUIAR Abderrahman	ITA	2
austrian-open-2026	Senior Men -54kg	BARASH Tomer	ISR	3
austrian-open-2026	Senior Men -54kg	GUN Youngsuk Ethan	USA	3
austrian-open-2026	Senior Men -54kg	CHIRCHIANO Vincenzo	ITA	
austrian-open-2026	Senior Men -54kg	MARWAN Mussa	SWE	
austrian-open-2026	Senior Men -54kg	ZYWARSKI Filip	POL	
austrian-open-2026	Senior Men -54kg	BULAVIN Mykyta	UKR	
austrian-open-2026	Senior Men -54kg	KODAMAN Seyit yasin	GER	
austrian-open-2026	Senior Men -54kg	GARCIA Noah	POR	
austrian-open-2026	Senior Men -54kg	CONTI Andrea	ITA	
austrian-open-2026	Senior Men -54kg	BOUHAJEB Yassine	FRA	
austrian-open-2026	Senior Men -54kg	ALESIO CAPOLINI Mathis	FRA	
austrian-open-2026	Senior Men -54kg	CHAU Ngai long	HKG	
austrian-open-2026	Senior Men -54kg	HAMI Muhammed	TRT	
austrian-open-2026	Senior Men -54kg	DEVERNAY Maroje	CRO	
austrian-open-2026	Senior Men -54kg	BALYEMEZ Yakup ali	GER	
austrian-open-2026	Senior Men -54kg	OWEN Haddad	FRA	
austrian-open-2026	Senior Men -54kg	MARA Jibryl	FRA	
austrian-open-2026	Senior Men -54kg	RICHTER Lenny rene	GER	
austrian-open-2026	Senior Men -54kg	MIKLAVCIC Aljaz	SLO	
austrian-open-2026	Senior Men -54kg	REDING Alan je	LUX	
austrian-open-2026	Senior Men -54kg	KOUKOUSOUDIS Evangelos	GER	
austrian-open-2026	Senior Men -54kg	MAJCZYNA Bartosz	POL	
austrian-open-2026	Senior Men -54kg	CHRZANOWSKI Pawel	POL	
austrian-open-2026	Senior Men -54kg	BOUKARNIA Hamza	FRA	
austrian-open-2026	Senior Men -58kg	TESKERA Josip	CRO	1
austrian-open-2026	Senior Men -58kg	MOLJ Domen	SLO	2
austrian-open-2026	Senior Men -58kg	N'GAIDE Idriss	FRA	3
austrian-open-2026	Senior Men -58kg	AMELHAYI Mehdi	FRA	3
austrian-open-2026	Senior Men -58kg	MOLLE Milan	NED	
austrian-open-2026	Senior Men -58kg	BOJERUD BANDAGO Elias ibrahim	SWE	
austrian-open-2026	Senior Men -58kg	DRAZKIEWICZ Igor	POL	
austrian-open-2026	Senior Men -58kg	PASTORE Riccardo	ITA	
austrian-open-2026	Senior Men -58kg	CHIOK Chun yin	HKG	
austrian-open-2026	Senior Men -58kg	BOTTA Baptiste	FRA	
austrian-open-2026	Senior Men -58kg	BOUKARNIA Amine	FRA	
austrian-open-2026	Senior Men -58kg	ELIA Luigi antonio	ITA	
austrian-open-2026	Senior Men -58kg	STEIN Roi	ISR	
austrian-open-2026	Senior Men -58kg	MAJCZYNA Karol	POL	
austrian-open-2026	Senior Men -58kg	FINBURD Sean	ISR	
austrian-open-2026	Senior Men -58kg	KOVDRIA Kyrylo	UKR	
austrian-open-2026	Senior Men -58kg	OZKEN Alkan	GER	
austrian-open-2026	Senior Men -58kg	AL-AGELE Abbas ali mohammed	GER	
austrian-open-2026	Senior Men -58kg	GUREL Enes ali	GER	
austrian-open-2026	Senior Men -58kg	ARIAN Ehsan	GER	
austrian-open-2026	Senior Men -58kg	RAZAKARISOA Jarry	MAD	
austrian-open-2026	Senior Men -58kg	GLOC Antoine	FRA	
austrian-open-2026	Senior Men -58kg	BUTSCHECK Pascal	GER	
austrian-open-2026	Senior Men -58kg	ALESIO Sebastien	FRA	
austrian-open-2026	Senior Men -58kg	SOLTYSIAK Jakub	POL	
austrian-open-2026	Senior Men -58kg	MISSOSSI BIENVENU Nzamba Nzamba	GAB	
austrian-open-2026	Senior Men -58kg	PIZZO Andrea ramzi	ITA	
austrian-open-2026	Senior Men -58kg	MAIKOV Vladyslav	UKR	
austrian-open-2026	Senior Men -58kg	DI LAUDO Lorenzo	ITA	
austrian-open-2026	Senior Men -63kg	MIRZOIEV Samir	UKR	1
austrian-open-2026	Senior Men -63kg	IURLARO Ludovico	ITA	2
austrian-open-2026	Senior Men -63kg	OZKAYA Imran	GER	3
austrian-open-2026	Senior Men -63kg	MITKOV Stanislav	BUL	3
austrian-open-2026	Senior Men -63kg	CHAN Kin fung	HKG	
austrian-open-2026	Senior Men -63kg	PAPIEROWSKI Dominik	POL	
austrian-open-2026	Senior Men -63kg	NACHEV Luboslav	BUL	
austrian-open-2026	Senior Men -63kg	STRUGLINSKI Bartosz	POL	
austrian-open-2026	Senior Men -63kg	GRANDE Manuel	GBR	
austrian-open-2026	Senior Men -63kg	AKHLAGI Mohammad asif	SUI	
austrian-open-2026	Senior Men -63kg	SAFARYN Piotr	POL	
austrian-open-2026	Senior Men -63kg	SETRODIPO Jayden	NED	
austrian-open-2026	Senior Men -63kg	RAVET Cyrian	FRA	
austrian-open-2026	Senior Men -63kg	LEMMENS Noah	BEL	
austrian-open-2026	Senior Men -63kg	IBRAHIM Nouralden	ITA	
austrian-open-2026	Senior Men -63kg	BOUHMIDA Riad	NED	
austrian-open-2026	Senior Men -63kg	KHAVARI Mahdi	TRT	
austrian-open-2026	Senior Men -63kg	SCHOENMAKERS Shymano	NED	
austrian-open-2026	Senior Men -63kg	ROSSOKHATYI Ruslan	UKR	
austrian-open-2026	Senior Men -63kg	ACHNINE Aymen	NED	
austrian-open-2026	Senior Men -63kg	BOURGEOIS Owen	FRA	
austrian-open-2026	Senior Men -63kg	LUCERNA Luca	ITA	
austrian-open-2026	Senior Men -63kg	FIBY Daniel	AUT	
austrian-open-2026	Senior Men -63kg	VAZQUEZ SPERANDIO Gianluca israel	ITA	
austrian-open-2026	Senior Men -63kg	MEMETI Dionis	SUI	
austrian-open-2026	Senior Men -63kg	COMPRELLE Enzo	FRA	
austrian-open-2026	Senior Men -63kg	MOLJ Ozbolt	SLO	
austrian-open-2026	Senior Men -63kg	AL-BAIDHANI Ahmad	GBR	
austrian-open-2026	Senior Men -63kg	HRISTOV Anton	BUL	
austrian-open-2026	Senior Men -63kg	KOBYLINSKI Bartosz	POL	
austrian-open-2026	Senior Men -63kg	HORVATH Matej	SVK	
austrian-open-2026	Senior Men -63kg	PAGLIARA Matteo	ITA	
austrian-open-2026	Senior Men -63kg	GRMAS Luka	AUT	
austrian-open-2026	Senior Men -63kg	LAANTRI Hamza	ITA	
austrian-open-2026	Senior Men -63kg	TARLJOVSKI Nicolas	CZE	
austrian-open-2026	Senior Men -63kg	SAFFAK Utku	GER	
austrian-open-2026	Senior Men -63kg	CASELLA Oscar	SUI	
austrian-open-2026	Senior Men -68kg	PANAGOPOULOS Apostolos	GRE	1
austrian-open-2026	Senior Men -68kg	ABBASI Ali reza	TRT	2
austrian-open-2026	Senior Men -68kg	LUCIEN Theo	FRA	3
austrian-open-2026	Senior Men -68kg	BUONAIUTO Antonio	GBR	3
austrian-open-2026	Senior Men -68kg	ZEHETNER Felix	AUT	
austrian-open-2026	Senior Men -68kg	BYSTROV Volodymyr	UKR	
austrian-open-2026	Senior Men -68kg	COULIBALY Sekou	LUX	
austrian-open-2026	Senior Men -68kg	BARETTA Dennis	ITA	
austrian-open-2026	Senior Men -68kg	CAVUSMAN Aslan eymen	GER	
austrian-open-2026	Senior Men -68kg	SZUKALSKI Bartosz	POL	
austrian-open-2026	Senior Men -68kg	LO Wai fung	HKG	
austrian-open-2026	Senior Men -68kg	USCIMIUK Sebastian	POL	
austrian-open-2026	Senior Men -68kg	RIBBESTAD Markus	SWE	
austrian-open-2026	Senior Men -68kg	PLONKA Bartosz	POL	
austrian-open-2026	Senior Men -68kg	AL GHOTANY Yahya	TRT	
austrian-open-2026	Senior Men -68kg	CHRZANOWSKI Mateusz	POL	
austrian-open-2026	Senior Men -68kg	VAN LIMPT Joep	NED	
austrian-open-2026	Senior Men -68kg	EL NOSHAKATI Mohamed	AUT	
austrian-open-2026	Senior Men -68kg	COULIBALY YAMEOGO Fadeby	LUX	
austrian-open-2026	Senior Men -68kg	SUSILUOTO Otto	FIN	
austrian-open-2026	Senior Men -68kg	BAKSH Mujahid	GBR	
austrian-open-2026	Senior Men -68kg	HUSSEIN Ulat	GER	
austrian-open-2026	Senior Men -68kg	MIELE Luca	ITA	
austrian-open-2026	Senior Men -68kg	MORADI Mohammad	AUT	
austrian-open-2026	Senior Men -68kg	CAVUSMAN Emre	GER	
austrian-open-2026	Senior Men -68kg	WITTEK Lorenz	AUT	
austrian-open-2026	Senior Men -68kg	BARHOUMI Yassine	FRA	
austrian-open-2026	Senior Men -68kg	PARUZEK Krystof	CZE	
austrian-open-2026	Senior Men -68kg	GUMUS Feyyaz	GER	
austrian-open-2026	Senior Men -68kg	ANDARABI Habil	GER	
austrian-open-2026	Senior Men -68kg	HONCHAR Nikita	UKR	
austrian-open-2026	Senior Men -68kg	KONDRAJCZAK Dorian	POL	
austrian-open-2026	Senior Men -68kg	MAGGIOLO Stefano	ITA	
austrian-open-2026	Senior Men -68kg	MEYER Leon	GER	
austrian-open-2026	Senior Men -68kg	KOWALEWSKI Rafal	POL	
austrian-open-2026	Senior Men -68kg	ALSAFFOURI Tayam	TRT	
austrian-open-2026	Senior Men -68kg	VAN KETS Elias	BEL	
austrian-open-2026	Senior Men -68kg	CRLJEN Nikola	CRO	
austrian-open-2026	Senior Men -74kg	DUGAC Grga	CRO	1
austrian-open-2026	Senior Men -74kg	BALAKA Artem	UKR	2
austrian-open-2026	Senior Men -74kg	SITTEK Tomas	CZE	3
austrian-open-2026	Senior Men -74kg	CUDNOCH Lukasz	POL	3
austrian-open-2026	Senior Men -74kg	MORADI Erfan	TRT	
austrian-open-2026	Senior Men -74kg	FLOUSKOUNIS Charalampos	GRE	
austrian-open-2026	Senior Men -74kg	CARTWRIGHT Max	GBR	
austrian-open-2026	Senior Men -74kg	SPICK Maximilian	GER	
austrian-open-2026	Senior Men -74kg	VAN DER MEER Sjoerd	NED	
austrian-open-2026	Senior Men -74kg	MIRZOIEV Simur	UKR	
austrian-open-2026	Senior Men -74kg	GOLUBIC Marko	CRO	
austrian-open-2026	Senior Men -74kg	JURKIC Miro	CRO	
austrian-open-2026	Senior Men -74kg	CAMMAERTS Andes	BEL	
austrian-open-2026	Senior Men -74kg	ALIAN Ali	SWE	
austrian-open-2026	Senior Men -74kg	BURUSIC Marko	SRB	
austrian-open-2026	Senior Men -74kg	ZELENKO Vladyslav	UKR	
austrian-open-2026	Senior Men -74kg	BORGA Samuele	ITA	
austrian-open-2026	Senior Men -74kg	COLAK Nayan can	GER	
austrian-open-2026	Senior Men -74kg	KORSAK Mykhailo	UKR	
austrian-open-2026	Senior Men -74kg	TAYLOR Rayvaughn	GBR	
austrian-open-2026	Senior Men -74kg	BILGIN Efe	GER	
austrian-open-2026	Senior Men -74kg	MOHAMMAD Ahmad	GER	
austrian-open-2026	Senior Men -74kg	MAMELI Gioele	ITA	
austrian-open-2026	Senior Men -74kg	TURSAN Josip	CRO	
austrian-open-2026	Senior Men -74kg	MENDONCA Pedro	POR	
austrian-open-2026	Senior Men -74kg	BRACH Filip	POL	
austrian-open-2026	Senior Men -74kg	HRYHORCHUK Andrii	UKR	
austrian-open-2026	Senior Men -74kg	LOTT Liam	GER	
austrian-open-2026	Senior Men -74kg	TSYMBAROVYCH David	UKR	
austrian-open-2026	Senior Men -74kg	MANUKJAN Moses	GER	
austrian-open-2026	Senior Men -74kg	SFIENTI Christian	ITA	
austrian-open-2026	Senior Men -74kg	TAM Ching nam	HKG	
austrian-open-2026	Senior Men -74kg	ZAPPONE Andrea	ITA	
austrian-open-2026	Senior Men -74kg	POLCZYNSKI Tymoteusz	POL	
austrian-open-2026	Senior Men -74kg	POLCZYNSKI Adam	POL	
austrian-open-2026	Senior Men -74kg	MAURACHER Maximilian	AUT	
austrian-open-2026	Senior Men -74kg	KIN Justin	GER	
austrian-open-2026	Senior Men -80kg	KOSTENEVYCH Kostiantyn	UKR	1
austrian-open-2026	Senior Men -80kg	HURNOV Kyrylo	UKR	2
austrian-open-2026	Senior Men -80kg	HRGOTA Leon	CRO	3
austrian-open-2026	Senior Men -80kg	YOUNG Isaiah	USA	3
austrian-open-2026	Senior Men -80kg	WEIDUM Dion	NED	
austrian-open-2026	Senior Men -80kg	MENDY Mohamed tidjani	SEN	
austrian-open-2026	Senior Men -80kg	GUMUS Kaan	GER	
austrian-open-2026	Senior Men -80kg	GANIYEV Mergen	KAZ	
austrian-open-2026	Senior Men -80kg	GALASSO Simone	ITA	
austrian-open-2026	Senior Men -80kg	MATURO Emanuele vittorio	ITA	
austrian-open-2026	Senior Men -80kg	THUNE Sebastian	NOR	
austrian-open-2026	Senior Men -80kg	SOKOLOWSKI Mikolaj	POL	
austrian-open-2026	Senior Men -80kg	SZEJA Filip	GER	
austrian-open-2026	Senior Men -80kg	SABAH Abdelrahman	JOR	
austrian-open-2026	Senior Men -80kg	JOCHMAN Adam	CZE	
austrian-open-2026	Senior Men -80kg	SZADKOWSKI Michal	POL	
austrian-open-2026	Senior Men -80kg	BLAZEVSKI Filip	MKD	
austrian-open-2026	Senior Men -80kg	HONCHAROV Kyrylo	UKR	
austrian-open-2026	Senior Men -80kg	NESHYBA Tomas	CZE	
austrian-open-2026	Senior Men -80kg	GALLAND Warrick	SUI	
austrian-open-2026	Senior Men -80kg	STAVROPOULOS Theoharys	GBR	
austrian-open-2026	Senior Men -80kg	AKBABAOZ Muhammed buğrahan	TRT	
austrian-open-2026	Senior Men -80kg	ĐODAN Ivan	CRO	
austrian-open-2026	Senior Men -80kg	YEFIMOV Oleksandr	UKR	
austrian-open-2026	Senior Men -80kg	PANTIS Patrick	AUT	
austrian-open-2026	Senior Men -80kg	HOERMANN Vincent	GER	
austrian-open-2026	Senior Men -80kg	CORAZZA Lukas	AUT	
austrian-open-2026	Senior Men -80kg	CAJIC Nikola	AUT	
austrian-open-2026	Senior Men -87kg	ALESSIO Simone	ITA	1
austrian-open-2026	Senior Men -87kg	KRPAN Vito	CRO	2
austrian-open-2026	Senior Men -87kg	PIATKOWSKI Szymon	POL	3
austrian-open-2026	Senior Men -87kg	OBERHOFER Alexander	ITA	3
austrian-open-2026	Senior Men -87kg	MOKHTARI Mohammad	TRT	
austrian-open-2026	Senior Men -87kg	BABIC Jaka	SLO	
austrian-open-2026	Senior Men -87kg	GERRONE Antonio	ITA	
austrian-open-2026	Senior Men -87kg	BRANTUŠA Roko	CRO	
austrian-open-2026	Senior Men -87kg	KOUGBLENOU Kelly	GER	
austrian-open-2026	Senior Men +87kg	ABBASIPOUYA Abolfazl	TRT	1
austrian-open-2026	Senior Men +87kg	JABLONSKI Zbigniew	POL	2
austrian-open-2026	Senior Men +87kg	HARBAR Andrii	UKR	3
austrian-open-2026	Senior Men +87kg	BOZIC Pasko	CRO	
austrian-open-2026	Senior Men +87kg	HAREMZA Krystian	POL	
austrian-open-2026	Senior Men +87kg	GEORGIEVSKI Dejan	MKD	3
austrian-open-2026	Senior Men +87kg	DIVKOVIC Patrik	SLO	
austrian-open-2026	Senior Men +87kg	DE ANGELIS Matteo	ITA	
austrian-open-2026	Senior Men +87kg	UNGER Justin	GER	
austrian-open-2026	Senior Men +87kg	MOLIN Mattia	ITA	
austrian-open-2026	Senior Men +87kg	TRAJKOVIC Ivan konrad	SLO	
austrian-open-2026	Senior Men +87kg	NASO Marco	ITA	
austrian-open-2026	Senior Men +87kg	ALMAGDY Abdula	AUT	
austrian-open-2026	Senior Men +87kg	HULII David	UKR	
austrian-open-2026	Senior Men +87kg	SAIDI Isa	AUT	
austrian-open-2026	Senior Men +87kg	KUECUEKSUNGUR Kerim	GER	
austrian-open-2026	Senior Women -46kg	KHORSHIDI Aysa	GBR	1
austrian-open-2026	Senior Women -46kg	BERTAGNIN Elisa	ITA	2
austrian-open-2026	Senior Women -46kg	BAYECH Rivka	ISR	3
austrian-open-2026	Senior Women -46kg	BRAJOVIC Iva	SRB	3
austrian-open-2026	Senior Women -46kg	DUNSMORE Lauren	GBR	
austrian-open-2026	Senior Women -46kg	GALIERO Giulia	ITA	
austrian-open-2026	Senior Women -46kg	TAMMILA Ida-elina	FIN	
austrian-open-2026	Senior Women -46kg	STURARI Alessia	ITA	
austrian-open-2026	Senior Women -46kg	UZUN Sarah	NED	
austrian-open-2026	Senior Women -46kg	FRASER Olivia	SWE	
austrian-open-2026	Senior Women -46kg	ZAMPETTI Sofia	ITA	
austrian-open-2026	Senior Women -46kg	GAYE Serrah	FRA	
austrian-open-2026	Senior Women -46kg	OZKEN Aleyna	GER	
austrian-open-2026	Senior Women -46kg	PRPIC Sara	CRO	
austrian-open-2026	Senior Women -46kg	PEEVA Deya	BUL	
austrian-open-2026	Senior Women -46kg	GALECKA Hanna	POL	
austrian-open-2026	Senior Women -46kg	NORDH Olivia	SWE	
austrian-open-2026	Senior Women -46kg	LAU Tsz wan	HKG	
austrian-open-2026	Senior Women -46kg	RODRIGUEZ MARTINS Noelia	GER	
austrian-open-2026	Senior Women -46kg	SHVARTS Olha	UKR	
austrian-open-2026	Senior Women -46kg	CHMILEVSKY Lihi	ISR	
austrian-open-2026	Senior Women -46kg	FRASER Vilja	SWE	
austrian-open-2026	Senior Women -46kg	STARCHENKO Taisiia	UKR	
austrian-open-2026	Senior Women -46kg	GULYAS Evike	GER	
austrian-open-2026	Senior Women -46kg	VITALI Marisol	ITA	
austrian-open-2026	Senior Women -46kg	TAMMILA Ada-emilia	FIN	
austrian-open-2026	Senior Women -46kg	CRISCUOLO Anna	ITA	
austrian-open-2026	Senior Women -49kg	DAN (DANSHYNA) Oleksandra	ISR	1
austrian-open-2026	Senior Women -49kg	ATESLI Supharada	GER	2
austrian-open-2026	Senior Women -49kg	NESHER Yarden	ISR	3
austrian-open-2026	Senior Women -49kg	ALLASSAK Oumaima	FRA	3
austrian-open-2026	Senior Women -49kg	KOSTIUK Yaryna	UKR	
austrian-open-2026	Senior Women -49kg	KRAJEWSKA Nikola	POL	
austrian-open-2026	Senior Women -49kg	KLISOWSKA Zuzanna	POL	
austrian-open-2026	Senior Women -49kg	KRAJEWSKA Alicja	POL	
austrian-open-2026	Senior Women -49kg	MAROUFIDOU Anastasia	GER	
austrian-open-2026	Senior Women -49kg	BOUHMIDA Aya	NED	
austrian-open-2026	Senior Women -49kg	BARROSO Kiara	POR	
austrian-open-2026	Senior Women -49kg	DODIK Nika	CRO	
austrian-open-2026	Senior Women -49kg	KRAJIC Teodora	AUT	
austrian-open-2026	Senior Women -49kg	MOROCHA Sofia	ISR	
austrian-open-2026	Senior Women -49kg	MARINOVA Teodora	BUL	
austrian-open-2026	Senior Women -49kg	LAM Siu wai	HKG	
austrian-open-2026	Senior Women -49kg	KALKAN Selin-g.	GER	
austrian-open-2026	Senior Women -49kg	CARRUS Giulia	ITA	
austrian-open-2026	Senior Women -49kg	GAVRILOV Lana	CRO	
austrian-open-2026	Senior Women -49kg	BATAIOSU Maria-cristina	GER	
austrian-open-2026	Senior Women -49kg	CHATZIGEORGIOU Maria	GER	
austrian-open-2026	Senior Women -49kg	BIBERLE Maja lejla	AUT	
austrian-open-2026	Senior Women -53kg	BENETTI Ines	FRA	1
austrian-open-2026	Senior Women -53kg	KINGSLEY Lily	GBR	2
austrian-open-2026	Senior Women -53kg	SUSILUOTO Inari	FIN	3
austrian-open-2026	Senior Women -53kg	VIGDOR Ariel	ISR	3
austrian-open-2026	Senior Women -53kg	SANGARE Mariam	MLI	
austrian-open-2026	Senior Women -53kg	RADEK Dora	CRO	
austrian-open-2026	Senior Women -53kg	ASIMI Adiba	GER	
austrian-open-2026	Senior Women -53kg	MAKRYGIANNI Athina	GRE	
austrian-open-2026	Senior Women -53kg	MAYER Leonie	GER	
austrian-open-2026	Senior Women -53kg	LEHOUSSINE Sihem	FRA	
austrian-open-2026	Senior Women -53kg	BUTTARELLI Aurelie	FRA	
austrian-open-2026	Senior Women -53kg	FOFANA Mah teninba	FRA	
austrian-open-2026	Senior Women -53kg	SARGANTANI Charikleia	GRE	
austrian-open-2026	Senior Women -53kg	BAUYRZHANOVA Nuray	KAZ	
austrian-open-2026	Senior Women -53kg	WOSKOWIAK Natasza	POL	
austrian-open-2026	Senior Women -53kg	GIRE Ines	FRA	
austrian-open-2026	Senior Women -53kg	FRASSICA Anna	ITA	
austrian-open-2026	Senior Women -53kg	PFAFF Marbele	GER	
austrian-open-2026	Senior Women -53kg	BINENSTOCK Naama	ISR	
austrian-open-2026	Senior Women -53kg	RADIC Ozana	CRO	
austrian-open-2026	Senior Women -53kg	IEGIANI Jennifer	ITA	
austrian-open-2026	Senior Women -53kg	KRIM Sayine	FRA	
austrian-open-2026	Senior Women -53kg	BENE HAMILL Gina	GBR	
austrian-open-2026	Senior Women -53kg	COSKUN Asli	GER	
austrian-open-2026	Senior Women -53kg	CELLUCCI Silvia	ITA	
austrian-open-2026	Senior Women -53kg	MARTENS Jule	GER	
austrian-open-2026	Senior Women -53kg	WENIN Maya	ITA	
austrian-open-2026	Senior Women -53kg	BILLQVIST Felicia	SWE	
austrian-open-2026	Senior Women -53kg	KARIMI Nuria	AUT	
austrian-open-2026	Senior Women -53kg	WROBEL Michalina	POL	
austrian-open-2026	Senior Women -53kg	RABAUT Elien	BEL	
austrian-open-2026	Senior Women -53kg	KONICA Katerina	ITA	
austrian-open-2026	Senior Women -53kg	BARRIERE Lisa	FRA	
austrian-open-2026	Senior Women -53kg	BAČURIN Katarina	CRO	
austrian-open-2026	Senior Women -57kg	KHORSHIDI Ayda	TRT	1
austrian-open-2026	Senior Women -57kg	AYDIN KONSTANTINIDIS Ela	GER	2
austrian-open-2026	Senior Women -57kg	REZAIE Roja	GER	3
austrian-open-2026	Senior Women -57kg	LISOWSKA Nikol	POL	3
austrian-open-2026	Senior Women -57kg	SEVOSTYANOVA Mariya	KAZ	
austrian-open-2026	Senior Women -57kg	VUKIC Margarita	CRO	
austrian-open-2026	Senior Women -57kg	CARABIN Kanelya	FRA	
austrian-open-2026	Senior Women -57kg	AL HALWANI Giada	ITA	
austrian-open-2026	Senior Women -57kg	MOUCH Sara	NED	
austrian-open-2026	Senior Women -57kg	BETT Ava	GBR	
austrian-open-2026	Senior Women -57kg	DAGNET Divine luccia	FRA	
austrian-open-2026	Senior Women -57kg	LAKEHAL-ROLLINGS Manissa	FRA	
austrian-open-2026	Senior Women -57kg	WOLF Jessica	GER	
austrian-open-2026	Senior Women -57kg	KOSTENEVYCH Darya	UKR	
austrian-open-2026	Senior Women -57kg	BOUBACIR Madeenah	FRA	
austrian-open-2026	Senior Women -57kg	ROVITHIS Anastasia	GER	
austrian-open-2026	Senior Women -57kg	D'ANGELO Alessandra	ITA	
austrian-open-2026	Senior Women -57kg	KRAJEWSKA Agnieszka	POL	
austrian-open-2026	Senior Women -57kg	MARINIC Tara	CRO	
austrian-open-2026	Senior Women -57kg	LYTVYNENKO Kira	UKR	
austrian-open-2026	Senior Women -57kg	BULOW Alice	SWE	
austrian-open-2026	Senior Women -57kg	SO Yuen ting	HKG	
austrian-open-2026	Senior Women -57kg	OZER Binnur	GER	
austrian-open-2026	Senior Women -57kg	BANGURA Aisha	GER	
austrian-open-2026	Senior Women -57kg	FLEGROVA Hana	CZE	
austrian-open-2026	Senior Women -57kg	VAN PASSEL Amelie	BEL	
austrian-open-2026	Senior Women -57kg	OLESZCZUK Lucja	POL	
austrian-open-2026	Senior Women -57kg	DARGIE Olivia	POL	
austrian-open-2026	Senior Women -57kg	AL HALWANI Elisa	ITA	
austrian-open-2026	Senior Women -57kg	PEZZOLLA Lucia	ITA	
austrian-open-2026	Senior Women -57kg	LUCERNA Marta	ITA	
austrian-open-2026	Senior Women -57kg	LY Nathalie	SWE	
austrian-open-2026	Senior Women -57kg	MOGHAL Amna	NOR	
austrian-open-2026	Senior Women -57kg	SICHERI Cristina	ITA	
austrian-open-2026	Senior Women -62kg	SZPAK Julia	POL	1
austrian-open-2026	Senior Women -62kg	STOLBOVA Petra	CZE	2
austrian-open-2026	Senior Women -62kg	GOEBEL Laura	GER	3
austrian-open-2026	Senior Women -62kg	RELJIKJ Miljana	MKD	3
austrian-open-2026	Senior Women -62kg	HOFFMANN Emilia	POL	
austrian-open-2026	Senior Women -62kg	HADDAD Khalida	ALG	
austrian-open-2026	Senior Women -62kg	KICEMA Helena	CRO	
austrian-open-2026	Senior Women -62kg	PYPOT Iryna	UKR	
austrian-open-2026	Senior Women -62kg	FOSSACECA Anna	ITA	
austrian-open-2026	Senior Women -62kg	JELIC Ivona	CRO	
austrian-open-2026	Senior Women -62kg	FRANCESCHI Francesca maria	FRA	
austrian-open-2026	Senior Women -62kg	EK Isabella	SWE	
austrian-open-2026	Senior Women -62kg	DAGNET Miliane haizel	FRA	
austrian-open-2026	Senior Women -62kg	DOUCET Teeyah	FRA	
austrian-open-2026	Senior Women -62kg	CHRISTY Beth	GBR	
austrian-open-2026	Senior Women -62kg	LEONOVA Mariia	UKR	
austrian-open-2026	Senior Women -62kg	MANGEN Lennie	LUX	
austrian-open-2026	Senior Women -62kg	JOHANSSON Emma	FIN	
austrian-open-2026	Senior Women -62kg	HABIJANCIC Dora	CRO	
austrian-open-2026	Senior Women -62kg	MENDY Fatimma	SEN	
austrian-open-2026	Senior Women -62kg	MCPHILLIE Neve	GBR	
austrian-open-2026	Senior Women -62kg	LANGOUSTE-ASSOUMAYA Lyhana	FRA	
austrian-open-2026	Senior Women -62kg	STAMOU Daphne	GRE	
austrian-open-2026	Senior Women -62kg	BRILZ Emilia	GER	
austrian-open-2026	Senior Women -62kg	LANGNER Natalia	POL	
austrian-open-2026	Senior Women -62kg	ANDERSSON Tindra	SWE	
austrian-open-2026	Senior Women -62kg	KOENIGSECKER Valerie	AUT	
austrian-open-2026	Senior Women -62kg	SJOVALL Mira	FIN	
austrian-open-2026	Senior Women -62kg	ECKER Zoey	AUT	
austrian-open-2026	Senior Women -62kg	YAZICI Zumra	GER	
austrian-open-2026	Senior Women -67kg	NOWAK Julia	POL	1
austrian-open-2026	Senior Women -67kg	MEHNANA Ines	FRA	2
austrian-open-2026	Senior Women -67kg	KANOUTE Iman	MLI	3
austrian-open-2026	Senior Women -67kg	HABULIN Kim Vivian	GER	3
austrian-open-2026	Senior Women -67kg	MINK Amy	NED	
austrian-open-2026	Senior Women -67kg	TOMCZAK Tatiana	POL	
austrian-open-2026	Senior Women -67kg	POLE Doris	CRO	
austrian-open-2026	Senior Women -67kg	RUCINSKI Viktoria	GER	
austrian-open-2026	Senior Women -67kg	FABER Isabelle	LUX	
austrian-open-2026	Senior Women -67kg	ARELIC Ivana	CRO	
austrian-open-2026	Senior Women -67kg	ANYANACHO Elizabeth oluchi	NGR	
austrian-open-2026	Senior Women -67kg	BAUER Caroline	GER	
austrian-open-2026	Senior Women -67kg	JASARAGIC Dania	AUT	
austrian-open-2026	Senior Women -67kg	PAVLENKO Alisa	GER	
austrian-open-2026	Senior Women -67kg	JELIĆ Matea	CRO	
austrian-open-2026	Senior Women -67kg	KOERNDL Vanessa	GER	
austrian-open-2026	Senior Women -67kg	ABDEL FATTAH Sarah	AUT	
austrian-open-2026	Senior Women -67kg	KOWALKOWSKA Justyna	POL	
austrian-open-2026	Senior Women -67kg	WILLIAMS Lola	GBR	
austrian-open-2026	Senior Women -67kg	BLITEK Cloe	FRA	
austrian-open-2026	Senior Women -67kg	KOUSHAN Diviana-lara	GER	
austrian-open-2026	Senior Women -67kg	KAROPKA Emma novelie	GER	
austrian-open-2026	Senior Women -67kg	ZISCHKA Zora	GER	
austrian-open-2026	Senior Women -67kg	SCHMIDT Lisa	GER	
austrian-open-2026	Senior Women -67kg	PAGLIAI Giada	ITA	
austrian-open-2026	Senior Women -67kg	KILIC Melike	BEL	
austrian-open-2026	Senior Women -67kg	LOZOWSKA Oliwia	POL	
austrian-open-2026	Senior Women -73kg	MASTELIC Mila	CRO	1
austrian-open-2026	Senior Women -73kg	JUHASZOVA Iveta	CZE	2
austrian-open-2026	Senior Women -73kg	HOERMANN Emily	GER	3
austrian-open-2026	Senior Women -73kg	PETROVIC Iva	SRB	3
austrian-open-2026	Senior Women -73kg	TYMOFIEIEVA Mariia	UKR	
austrian-open-2026	Senior Women -73kg	PODOLIAN Renata	UKR	
austrian-open-2026	Senior Women -73kg	NEDIC Marlen sophie	GER	
austrian-open-2026	Senior Women -73kg	KOLOVRAT Matea	CRO	
austrian-open-2026	Senior Women -73kg	AKIN Selina	GER	
austrian-open-2026	Senior Women -73kg	HADZIC Alema	GER	
austrian-open-2026	Senior Women -73kg	HUTZEN Hanna	GER	
austrian-open-2026	Senior Women -73kg	MERUNOWICZ Martyna	POL	
austrian-open-2026	Senior Women -73kg	BANAS Nina	POL	
austrian-open-2026	Senior Women -73kg	HELDNER Laura	SUI	
austrian-open-2026	Senior Women +73kg	BRANDL Lorena	GER	1
austrian-open-2026	Senior Women +73kg	HUSOVIC Darija	GER	2
austrian-open-2026	Senior Women +73kg	HAREMZA Dagmara	POL	3
austrian-open-2026	Senior Women +73kg	HUSOVIC Esmeralda	GER	3
austrian-open-2026	Senior Women +73kg	KUCHYNA Viktoriia	UKR	
austrian-open-2026	Senior Women +73kg	KLOOSTERMAN Famke	NED	
austrian-open-2026	Senior Women +73kg	KOWALCZUK Aleksandra	POL	
austrian-open-2026	Senior Women +73kg	ZELJKO Darija	CRO	
austrian-open-2026	Senior Women +73kg	HAMADACHE Emna	FRA	
austrian-open-2026	Senior Women +73kg	HAWASH Dania	SWE	
austrian-open-2026	Senior Women +73kg	SEVIC Andela	SRB	
austrian-open-2026	Senior Women +73kg	MAURACHER Alexandra	AUT	
austrian-open-2026	Senior Women +73kg	SESAR Lea	AUT	
austrian-open-2026	Senior Women +73kg	VROEGH Nielle	NED	
austrian-open-2026	Senior Women +73kg	AYANG Veronica mbang esono	GEQ	
bulgaria-open-2026	Senior Men -54kg	YENSEGENOV Yerkebulan	KAZ	1
bulgaria-open-2026	Senior Men -54kg	KAZLOU Yahor	BLR	2
bulgaria-open-2026	Senior Men -54kg	OTERO SOUSA Javier	ESP	3
bulgaria-open-2026	Senior Men -54kg	AGENJO TRIGOS Jairo	ESP	3
bulgaria-open-2026	Senior Men -54kg	ROSCA Artiom	MDA	
bulgaria-open-2026	Senior Men -54kg	ALMUSHRAF Abdullah essa a	KSA	
bulgaria-open-2026	Senior Men -54kg	ALDAOUD Ja'afar	JOR	
bulgaria-open-2026	Senior Men -54kg	GEORGIEV Hristiyan	BUL	
bulgaria-open-2026	Senior Men -54kg	SAGYNDYK Nurassyl	KAZ	
bulgaria-open-2026	Senior Men -54kg	GRITSENKO Vladimir	RUS	
bulgaria-open-2026	Senior Men -54kg	TASKYN Temirzhan	KAZ	
bulgaria-open-2026	Senior Men -54kg	KAZLOU Aliaksandr	BLR	
bulgaria-open-2026	Senior Men -54kg	NADAL MIR Bernat	ESP	
bulgaria-open-2026	Senior Men -54kg	BELAVYI Mikita	BLR	
bulgaria-open-2026	Senior Men -54kg	BALAKHNEEV Dmitriy	RUS	
bulgaria-open-2026	Senior Men -54kg	DUBAR Armaan	NED	
bulgaria-open-2026	Senior Men -54kg	DAVILA RODRIGUEZ Adrian	ESP	
bulgaria-open-2026	Senior Men -54kg	BARSEGOVI Daniel	GEO	
bulgaria-open-2026	Senior Men -54kg	LEHTINEN Valtteri	FIN	
bulgaria-open-2026	Senior Men -54kg	ANDRONIKOU Chrysovalantis	CYP	
bulgaria-open-2026	Senior Men -54kg	CIRIVELLO Gaetano	ITA	
bulgaria-open-2026	Senior Men -54kg	MAKAS Maksim	BLR	
bulgaria-open-2026	Senior Men -54kg	ARMENIO Angelo	ITA	
bulgaria-open-2026	Senior Men -54kg	PARA Kirill	MDA	
bulgaria-open-2026	Senior Men -58kg	ISLAMOV Zhavokhirkhon	KAZ	1
bulgaria-open-2026	Senior Men -58kg	SARSOZA Zack	GBR	2
bulgaria-open-2026	Senior Men -58kg	FRAILE RODRIGUEZ Jesus	ESP	3
bulgaria-open-2026	Senior Men -58kg	SHERRATT Alexander	GBR	3
bulgaria-open-2026	Senior Men -58kg	OTEGEN Askar	KAZ	
bulgaria-open-2026	Senior Men -58kg	ESCOLAR PARRA Ivan	ESP	
bulgaria-open-2026	Senior Men -58kg	MANENKOV Maksym	UKR	
bulgaria-open-2026	Senior Men -58kg	BITSUEV Kantemir	RUS	
bulgaria-open-2026	Senior Men -58kg	DEL VECCHIO Teodoro	ITA	
bulgaria-open-2026	Senior Men -58kg	VARLAMAU Raman	BLR	
bulgaria-open-2026	Senior Men -58kg	KORNEEV Lev	SRB	
bulgaria-open-2026	Senior Men -58kg	BULAVIN Mykyta	UKR	
bulgaria-open-2026	Senior Men -58kg	TORRE Elia	ITA	
bulgaria-open-2026	Senior Men -58kg	PSARROS Aristeidis nikolaos	GRE	
bulgaria-open-2026	Senior Men -58kg	VIVES SAEZ Isaac	ESP	
bulgaria-open-2026	Senior Men -58kg	DUISENBEK Aziret	KAZ	
bulgaria-open-2026	Senior Men -58kg	KLUCHEV Asadbek	KAZ	
bulgaria-open-2026	Senior Men -58kg	IVKOVIC Relja	SRB	
bulgaria-open-2026	Senior Men -58kg	BOJERUD BANDAGO Elias ibrahim	SWE	
bulgaria-open-2026	Senior Men -58kg	DJONKO Ibrahim	BIH	
bulgaria-open-2026	Senior Men -58kg	VASILIC Todor	SRB	
bulgaria-open-2026	Senior Men -58kg	AMELHAYI Mehdi	FRA	
bulgaria-open-2026	Senior Men -58kg	KAFATARIDIS Ioannis	GRE	
bulgaria-open-2026	Senior Men -58kg	GUSEINOV Damir	RUS	
bulgaria-open-2026	Senior Men -58kg	ISMAIL Sanzhar	KAZ	
bulgaria-open-2026	Senior Men -58kg	HAMDI Riad nasser a	KSA	
bulgaria-open-2026	Senior Men -58kg	PAPAIOANNOU Marios Leonidas	GRE	
bulgaria-open-2026	Senior Men -58kg	AKBI Alisher	KAZ	
bulgaria-open-2026	Senior Men -58kg	DIMITROPOULOS Konstantinos	GRE	
bulgaria-open-2026	Senior Men -58kg	ADEMI Bleron	KOS	
bulgaria-open-2026	Senior Men -58kg	ELIA Luigi antonio	ITA	
bulgaria-open-2026	Senior Men -58kg	IOANNOU Stelios	CYP	
bulgaria-open-2026	Senior Men -58kg	ILIEV Aleksandar	BUL	
bulgaria-open-2026	Senior Men -58kg	POURNATZIS Konstantinos	GRE	
bulgaria-open-2026	Senior Men -58kg	BAILEY Thomas	GBR	
bulgaria-open-2026	Senior Men -58kg	DEL RIO CARAMES Manuel	ESP	
bulgaria-open-2026	Senior Men -58kg	MALIAKAS Charilaos	GRE	
bulgaria-open-2026	Senior Men -58kg	IVANOVIC Andrej	SRB	
bulgaria-open-2026	Senior Men -58kg	REALE Marco	ITA	
bulgaria-open-2026	Senior Men -58kg	IVAN Faruk Eduard	ROU	
bulgaria-open-2026	Senior Men -58kg	CORDOBA VILLARTE Alvaro	ESP	
bulgaria-open-2026	Senior Men -58kg	ILIC Nikola	SRB	
bulgaria-open-2026	Senior Men -58kg	DELGADO HERNANDEZ David	ESP	
bulgaria-open-2026	Senior Men -63kg	DELL'AQUILA Vito	ITA	1
bulgaria-open-2026	Senior Men -63kg	MITKOV Stanislav	BUL	2
bulgaria-open-2026	Senior Men -63kg	SHISHKO Dmitrii	RUS	3
bulgaria-open-2026	Senior Men -63kg	VICENTE YUNTA Adrian	ESP	3
bulgaria-open-2026	Senior Men -63kg	FUNKENDORF Vladyslav	UKR	
bulgaria-open-2026	Senior Men -63kg	DOLGIYEV Akramat	KAZ	
bulgaria-open-2026	Senior Men -63kg	OSIN Maksim	RUS	
bulgaria-open-2026	Senior Men -63kg	IURLARO Ludovico	ITA	
bulgaria-open-2026	Senior Men -63kg	BANDAREVICH Maksim	BLR	
bulgaria-open-2026	Senior Men -63kg	NESTOROVIĆ Vasilije	MNE	
bulgaria-open-2026	Senior Men -63kg	BAGOV Idar	RUS	
bulgaria-open-2026	Senior Men -63kg	ORALBEKOV Yerdos	KAZ	
bulgaria-open-2026	Senior Men -63kg	RAKHYMBEK Rauan	KAZ	
bulgaria-open-2026	Senior Men -63kg	ORALKHANOV Bektore	KAZ	
bulgaria-open-2026	Senior Men -63kg	FERNANDEZ AYARZA Nicolas	ESP	
bulgaria-open-2026	Senior Men -63kg	KASSANOV Izyat	KAZ	
bulgaria-open-2026	Senior Men -63kg	LAANTRI Hamza	ITA	
bulgaria-open-2026	Senior Men -63kg	SANCHIS ORTEGA Izan	ESP	
bulgaria-open-2026	Senior Men -63kg	CASTAGNA Salvatore	ITA	
bulgaria-open-2026	Senior Men -63kg	KHASSAN Yerbolat	KAZ	
bulgaria-open-2026	Senior Men -63kg	ISRAILOV Zhassurbek	KAZ	
bulgaria-open-2026	Senior Men -63kg	SERIKOV Islam	KAZ	
bulgaria-open-2026	Senior Men -63kg	KASIDIARIS Nikolaos	GRE	
bulgaria-open-2026	Senior Men -63kg	LOMARTIRE Matias	ITA	
bulgaria-open-2026	Senior Men -63kg	FERRARO Davide	ITA	
bulgaria-open-2026	Senior Men -63kg	CHARNIAK Viktar	BLR	
bulgaria-open-2026	Senior Men -63kg	PAPAZOGONOPOULOS Dimitrios Arist	GRE	
bulgaria-open-2026	Senior Men -63kg	BAKYTZHANULY Bekzhan	KAZ	
bulgaria-open-2026	Senior Men -63kg	IMANTAYEV Aibek	KAZ	
bulgaria-open-2026	Senior Men -63kg	NIYAZOV Azim	KAZ	
bulgaria-open-2026	Senior Men -63kg	ABILKASSYM Abdulla	KAZ	
bulgaria-open-2026	Senior Men -63kg	ARILLO VAZQUEZ Hugo	ESP	
bulgaria-open-2026	Senior Men -63kg	CAZACU. Andrei	MDA	
bulgaria-open-2026	Senior Men -63kg	DEL HOYO HERVIAS Noah	ESP	
bulgaria-open-2026	Senior Men -63kg	CHRISTOUDIAS Diogenis	CYP	
bulgaria-open-2026	Senior Men -63kg	MIHAJLOVIC Vuk	SRB	
bulgaria-open-2026	Senior Men -63kg	MOLLE Milan	NED	
bulgaria-open-2026	Senior Men -63kg	NURDAULET Temirbay	KAZ	
bulgaria-open-2026	Senior Men -63kg	MAIKOV Vladyslav	UKR	
bulgaria-open-2026	Senior Men -63kg	KLJAJIC Nikola	SRB	
bulgaria-open-2026	Senior Men -63kg	BOGDANOV Tsvetomir	BUL	
bulgaria-open-2026	Senior Men -63kg	MELETIOU Thomas	GRE	
bulgaria-open-2026	Senior Men -63kg	SETRODIPO Jayden	NED	
bulgaria-open-2026	Senior Men -63kg	SCHOENMAKERS Shymano	NED	
bulgaria-open-2026	Senior Men -63kg	HRISTOV Anton	BUL	
bulgaria-open-2026	Senior Men -63kg	DIMOU Paulos	GRE	
bulgaria-open-2026	Senior Men -63kg	DARIUS Prutica	ROU	
bulgaria-open-2026	Senior Men -63kg	ADEMI Valton	KOS	
bulgaria-open-2026	Senior Men -63kg	VASILEVSKI Andrej	MKD	
bulgaria-open-2026	Senior Men -63kg	YOUSIF Mahmoud bassam	JOR	
bulgaria-open-2026	Senior Men -63kg	SHRAMUK Uladzimir	BLR	
bulgaria-open-2026	Senior Men -63kg	STANIC Novak	SRB	
bulgaria-open-2026	Senior Men -63kg	LO PINTO Daniel	ITA	
bulgaria-open-2026	Senior Men -63kg	ATANASOV Atanas	BUL	
bulgaria-open-2026	Senior Men -63kg	VUKOTIC Danilo	SRB	
bulgaria-open-2026	Senior Men -63kg	NACHEV Luboslav	BUL	
bulgaria-open-2026	Senior Men -63kg	ACHNINE Aymen	NED	
bulgaria-open-2026	Senior Men -63kg	YSKAK Alikhan	KAZ	
bulgaria-open-2026	Senior Men -63kg	ANDRONIKOU Kyriakos	CYP	
bulgaria-open-2026	Senior Men -63kg	ALSAFFOURI Tayam	TRT	
bulgaria-open-2026	Senior Men -63kg	HORVATH Matej	SVK	
bulgaria-open-2026	Senior Men -63kg	FLOURIS Iosif	CYP	
bulgaria-open-2026	Senior Men -68kg	KAREEM Zaid	JOR	1
bulgaria-open-2026	Senior Men -68kg	VYKOV Amir	RUS	2
bulgaria-open-2026	Senior Men -68kg	ALHALAWANI Zaid	JOR	3
bulgaria-open-2026	Senior Men -68kg	KRAJISNIK Zarko	SRB	3
bulgaria-open-2026	Senior Men -68kg	SALANOVA LISTE Adrian	ESP	
bulgaria-open-2026	Senior Men -68kg	ALTARYREH Mahmoud	JOR	
bulgaria-open-2026	Senior Men -68kg	JORQUERA CALA Joan	ESP	
bulgaria-open-2026	Senior Men -68kg	MANDIC Milos	SRB	
bulgaria-open-2026	Senior Men -68kg	MILAN CANOVAS Jorge	ESP	
bulgaria-open-2026	Senior Men -68kg	DANAILOV Ilia	RUS	
bulgaria-open-2026	Senior Men -68kg	SHULENOV Damir	KAZ	
bulgaria-open-2026	Senior Men -68kg	ABAD EXPOSITO Iker	ESP	
bulgaria-open-2026	Senior Men -68kg	GAZEZ Nurbek	KAZ	
bulgaria-open-2026	Senior Men -68kg	ORYNBEK Sultanbek	KAZ	
bulgaria-open-2026	Senior Men -68kg	MCINTOSH Jamie	GBR	
bulgaria-open-2026	Senior Men -68kg	PANAGOPOULOS Apostolos	GRE	
bulgaria-open-2026	Senior Men -68kg	HOWELL Matthew	GBR	
bulgaria-open-2026	Senior Men -68kg	BEGIMBETOV Amanbol	KAZ	
bulgaria-open-2026	Senior Men -68kg	TCAKOEV Sarmat	BLR	
bulgaria-open-2026	Senior Men -68kg	MYLLYNEN Niko	FIN	
bulgaria-open-2026	Senior Men -68kg	BARETTA Dennis	ITA	
bulgaria-open-2026	Senior Men -68kg	YERMENTAYEV Arslan	KAZ	
bulgaria-open-2026	Senior Men -68kg	GUMUS Feyyaz	GER	
bulgaria-open-2026	Senior Men -68kg	MAGERRAMOV Dzhavid	RUS	
bulgaria-open-2026	Senior Men -68kg	KANAT Bagzhan	KAZ	
bulgaria-open-2026	Senior Men -68kg	RIBBESTAD Markus	SWE	
bulgaria-open-2026	Senior Men -68kg	KAMAGIANNIS Ioannis Aris	GRE	
bulgaria-open-2026	Senior Men -68kg	DJONKO Muhamed	BIH	
bulgaria-open-2026	Senior Men -68kg	TURKULJ Uros	SRB	
bulgaria-open-2026	Senior Men -68kg	NAZARIS Georgios	GRE	
bulgaria-open-2026	Senior Men -68kg	KHAMMERMAN Danil	UKR	
bulgaria-open-2026	Senior Men -68kg	VUKOVIC Mario	MNE	
bulgaria-open-2026	Senior Men -68kg	TALOCHKA Yauheni	BLR	
bulgaria-open-2026	Senior Men -68kg	ARTSIAMCHUK Hleb	BLR	
bulgaria-open-2026	Senior Men -68kg	LAUCEVIČIUS Tadas	LTU	
bulgaria-open-2026	Senior Men -68kg	FRGOLEC Damien Pavel	SVK	
bulgaria-open-2026	Senior Men -68kg	VAN VULPEN Jesse	NED	
bulgaria-open-2026	Senior Men -68kg	GKOLEMIS Ioannis christos	GRE	
bulgaria-open-2026	Senior Men -68kg	ABABAKIROV Samirkhon	KAZ	
bulgaria-open-2026	Senior Men -68kg	NASERI Ansar	TRT	
bulgaria-open-2026	Senior Men -68kg	VAN LIMPT Joep	NED	
bulgaria-open-2026	Senior Men -68kg	BOLATULY Beket	KAZ	
bulgaria-open-2026	Senior Men -68kg	MENDEZ LEIS Samuel	ESP	
bulgaria-open-2026	Senior Men -68kg	GEORGIOU Ionas	CYP	
bulgaria-open-2026	Senior Men -68kg	FINDZIUKEVICH Ivan	BLR	
bulgaria-open-2026	Senior Men -68kg	CIURUSNIUC Alexandru	ROU	
bulgaria-open-2026	Senior Men -68kg	POURNARKAS Athanasios	GRE	
bulgaria-open-2026	Senior Men -68kg	SAIB Badis	FRA	
bulgaria-open-2026	Senior Men -68kg	ERMAKOV Daniil	RUS	
bulgaria-open-2026	Senior Men -68kg	SIMONOVSKI Hristijan	MKD	
bulgaria-open-2026	Senior Men -68kg	RADOI George	ROU	
bulgaria-open-2026	Senior Men -68kg	SUBOTIC Vojin	SRB	
bulgaria-open-2026	Senior Men -68kg	PAPAIOANNOU Panagiotis Komninos	GRE	
bulgaria-open-2026	Senior Men -68kg	ELLINAS Nicolas	CYP	
bulgaria-open-2026	Senior Men -68kg	MAKARENKO Ihor	UKR	
bulgaria-open-2026	Senior Men -74kg	BIRIMBAY Eldar	KAZ	1
bulgaria-open-2026	Senior Men -74kg	FLOUSKOUNIS Charalampos	GRE	2
bulgaria-open-2026	Senior Men -74kg	TAKOV Stefan	SRB	3
bulgaria-open-2026	Senior Men -74kg	DUGAC Grga	CRO	3
bulgaria-open-2026	Senior Men -74kg	GOLUBIC Marko	CRO	
bulgaria-open-2026	Senior Men -74kg	QUESADA BARRERA Daniel	ESP	
bulgaria-open-2026	Senior Men -74kg	BECOVIC Zinedin	MNE	
bulgaria-open-2026	Senior Men -74kg	ORYNBASSAR Yerassyl	KAZ	
bulgaria-open-2026	Senior Men -74kg	ORYNBASSAR Maksat	KAZ	
bulgaria-open-2026	Senior Men -74kg	STAMENOV Stefan	BUL	
bulgaria-open-2026	Senior Men -74kg	BABAKHIN Artsiom	BLR	
bulgaria-open-2026	Senior Men -74kg	SITTEK Tomas	CZE	
bulgaria-open-2026	Senior Men -74kg	CEDRUN MARTINEZ Cesar	ESP	
bulgaria-open-2026	Senior Men -74kg	MANGIONE Angelo	ITA	
bulgaria-open-2026	Senior Men -74kg	HAKOBYAN VARDANYAN Alexander	ESP	
bulgaria-open-2026	Senior Men -74kg	GARCIA KLAIL Pedro	ESP	
bulgaria-open-2026	Senior Men -74kg	KORSAK Mykhailo	UKR	
bulgaria-open-2026	Senior Men -74kg	CAMMAERTS Andes	BEL	
bulgaria-open-2026	Senior Men -74kg	HAIDARI Milad	DEN	
bulgaria-open-2026	Senior Men -74kg	SURVILA Aironas	LTU	
bulgaria-open-2026	Senior Men -74kg	SHADZEUSKI Yauheni	BLR	
bulgaria-open-2026	Senior Men -74kg	BEKASSYL Yergesh	KAZ	
bulgaria-open-2026	Senior Men -74kg	GARCIA ALVAREZ Gabriel	ESP	
bulgaria-open-2026	Senior Men -74kg	RAKHIMOLLIYEV Daulet	KAZ	
bulgaria-open-2026	Senior Men -74kg	BURUSIC Marko	SRB	
bulgaria-open-2026	Senior Men -74kg	HUSIC Benjamin	BIH	
bulgaria-open-2026	Senior Men -74kg	TSOLAS Themistoklis	GRE	
bulgaria-open-2026	Senior Men -74kg	LUKIC Nikola	SRB	
bulgaria-open-2026	Senior Men -74kg	MIRONOV Maksim	RUS	
bulgaria-open-2026	Senior Men -74kg	FRGOLEC Miroslav	SVK	
bulgaria-open-2026	Senior Men -74kg	MARCHENKO Mykola	UKR	
bulgaria-open-2026	Senior Men -74kg	BARAKPAYEV Serzhan	KAZ	
bulgaria-open-2026	Senior Men -74kg	DAVIDOVIC Matija	SRB	
bulgaria-open-2026	Senior Men -74kg	SZASZ Manyhert	ROU	
bulgaria-open-2026	Senior Men -74kg	MUKHAMETKARYMOV Anuar	KAZ	
bulgaria-open-2026	Senior Men -74kg	LONCAR Nikola	SRB	
bulgaria-open-2026	Senior Men -74kg	IZARIK Daniel	SVK	
bulgaria-open-2026	Senior Men -74kg	BARKOF Alexandros	GRE	
bulgaria-open-2026	Senior Men -74kg	VULETIC Vuk	MNE	
bulgaria-open-2026	Senior Men -74kg	MILKOTA Alyaxey	BLR	
bulgaria-open-2026	Senior Men -74kg	ORYNGALI Daulet	KAZ	
bulgaria-open-2026	Senior Men -74kg	ZHOLMURAT Alisher	KAZ	
bulgaria-open-2026	Senior Men -74kg	AGUSHI Elion	KOS	
bulgaria-open-2026	Senior Men -74kg	VAN DER MEER Sjoerd	NED	
bulgaria-open-2026	Senior Men -74kg	LILOV Krasimir	BUL	
bulgaria-open-2026	Senior Men -74kg	MURATOVIĆ Mateo	MNE	
bulgaria-open-2026	Senior Men -74kg	SKJOLBERG Sebastian	NOR	
bulgaria-open-2026	Senior Men -80kg	TOLEUGALI Batyrkhan	KAZ	1
bulgaria-open-2026	Senior Men -80kg	MILAN CANOVAS Juan antonio	ESP	2
bulgaria-open-2026	Senior Men -80kg	KUSSETOV Batyrkhan	KAZ	3
bulgaria-open-2026	Senior Men -80kg	ALADARBI Mohammad	JOR	3
bulgaria-open-2026	Senior Men -80kg	ZARHOUTI Haitam	MAR	
bulgaria-open-2026	Senior Men -80kg	KOVACIC Oscar	CRO	
bulgaria-open-2026	Senior Men -80kg	HOSSEINI BIJI KOLA Seyed Omid	BUL	
bulgaria-open-2026	Senior Men -80kg	MYTAREV Artem	RUS	
bulgaria-open-2026	Senior Men -80kg	ODINAEV Rustam	SRB	
bulgaria-open-2026	Senior Men -80kg	NIKOLIC Matej	CRO	
bulgaria-open-2026	Senior Men -80kg	KNIGHT-MITCHELL Dantrell	GBR	
bulgaria-open-2026	Senior Men -80kg	TURAVINAU Raman	BLR	
bulgaria-open-2026	Senior Men -80kg	FERNANDEZ GARCIA Mikel	ESP	
bulgaria-open-2026	Senior Men -80kg	ANGELL Zak	GBR	
bulgaria-open-2026	Senior Men -80kg	MARIPOV Abdurakhmon	KAZ	
bulgaria-open-2026	Senior Men -80kg	HUSIC Nedzad	BIH	
bulgaria-open-2026	Senior Men -80kg	ALIPOUR Sohrab	GBR	
bulgaria-open-2026	Senior Men -80kg	WEIDUM Dion	NED	
bulgaria-open-2026	Senior Men -80kg	SIGURJONSSON Gudmundur floki	ISL	
bulgaria-open-2026	Senior Men -80kg	ANTONIADIS Ioannis	GRE	
bulgaria-open-2026	Senior Men -80kg	VITKOVIC Nikola	SRB	
bulgaria-open-2026	Senior Men -80kg	SWEENEY Liam	AUS	
bulgaria-open-2026	Senior Men -80kg	GANIYEV Mergen	KAZ	
bulgaria-open-2026	Senior Men -80kg	MATURO Emanuele vittorio	ITA	
bulgaria-open-2026	Senior Men -80kg	CRISTESCU Mihai adrian	ROU	
bulgaria-open-2026	Senior Men -80kg	HONCHAROV Kyrylo	UKR	
bulgaria-open-2026	Senior Men -80kg	CHARALAMBOUS Evangelos	CYP	
bulgaria-open-2026	Senior Men -80kg	JOCHMAN Adam	CZE	
bulgaria-open-2026	Senior Men -80kg	NESHYBA Tomas	CZE	
bulgaria-open-2026	Senior Men -80kg	OMIRBEKOV Altair	KAZ	
bulgaria-open-2026	Senior Men -80kg	SLEPOV Stepan	RUS	
bulgaria-open-2026	Senior Men -80kg	CAMMAERTS Troy	BEL	
bulgaria-open-2026	Senior Men -80kg	BLAZEVSKI Filip	MKD	
bulgaria-open-2026	Senior Men -80kg	MANITA Alexandru	MDA	
bulgaria-open-2026	Senior Men -80kg	BENCHAHBA BENOUKHAYE Adam	ESP	
bulgaria-open-2026	Senior Men -80kg	ROMUNDSET NILSEN Martin	NOR	
bulgaria-open-2026	Senior Men -87kg	ELSHARABATY Saleh	JOR	1
bulgaria-open-2026	Senior Men -87kg	ALESSIO Simone	ITA	2
bulgaria-open-2026	Senior Men -87kg	HARBAR Artem	UKR	3
bulgaria-open-2026	Senior Men -87kg	TROITINO AMOEDO Sergio	ESP	3
bulgaria-open-2026	Senior Men -87kg	NUCI Erol	BIH	
bulgaria-open-2026	Senior Men -87kg	KAMALOV Rafael	RUS	
bulgaria-open-2026	Senior Men -87kg	YURKOU Daniil	BLR	
bulgaria-open-2026	Senior Men -87kg	KRPAN Vito	CRO	
bulgaria-open-2026	Senior Men -87kg	NURGAZIN Meiir	KAZ	
bulgaria-open-2026	Senior Men -87kg	THOLIOTIS Vasileios	GRE	
bulgaria-open-2026	Senior Men -87kg	STOJANOVIC Stefan	SRB	
bulgaria-open-2026	Senior Men -87kg	BALCIUNAS Gabijus	LTU	
bulgaria-open-2026	Senior Men -87kg	BILIC PAVLINOVIC Josip	CRO	
bulgaria-open-2026	Senior Men -87kg	BUDIN Vladislav	RUS	
bulgaria-open-2026	Senior Men -87kg	MYRZABAYEV Nurlan	KAZ	
bulgaria-open-2026	Senior Men -87kg	DIVKOVIC Patrik	SLO	
bulgaria-open-2026	Senior Men -87kg	ILIADIS Dimitrios	GRE	
bulgaria-open-2026	Senior Men -87kg	SNACOV Laurentiu	ROU	
bulgaria-open-2026	Senior Men -87kg	URSELLI Mattia Vittorio	ITA	
bulgaria-open-2026	Senior Men -87kg	DZIADOVICH Mikhail	BLR	
bulgaria-open-2026	Senior Men -87kg	FRONDA Sandro	SWE	
bulgaria-open-2026	Senior Men -87kg	RADAKOVIĆ Ognjen	SRB	
bulgaria-open-2026	Senior Men -87kg	KAMINSKII Vsevolod	RUS	
bulgaria-open-2026	Senior Men -87kg	AJDUKOVIC Dimitrije	SRB	
bulgaria-open-2026	Senior Men -87kg	SPAK Aurel	SVK	
bulgaria-open-2026	Senior Men -87kg	LLOPIS SANCHEZ Lucas	ESP	
bulgaria-open-2026	Senior Men +87kg	LARIN Vladislav	RUS	1
bulgaria-open-2026	Senior Men +87kg	KABLAN Beibarys	KAZ	2
bulgaria-open-2026	Senior Men +87kg	CUNNINGHAM Caden	GBR	3
bulgaria-open-2026	Senior Men +87kg	KRIUCHKOV Nikta	RUS	3
bulgaria-open-2026	Senior Men +87kg	SAPINA Ivan	CRO	
bulgaria-open-2026	Senior Men +87kg	PLONIS Artsiom	BLR	
bulgaria-open-2026	Senior Men +87kg	GARCIA MARTINEZ Ivan	ESP	
bulgaria-open-2026	Senior Men +87kg	BOZIC Pasko	CRO	
bulgaria-open-2026	Senior Men +87kg	GEORGIEVSKI Dejan	MKD	
bulgaria-open-2026	Senior Men +87kg	HARBAR Andrii	UKR	
bulgaria-open-2026	Senior Men +87kg	MOLIN Mattia	ITA	
bulgaria-open-2026	Senior Men +87kg	TARCHYLA Aliaksei	BLR	
bulgaria-open-2026	Senior Men +87kg	HANUSOVSKY Richard	SVK	
bulgaria-open-2026	Senior Men +87kg	DE ANGELIS Matteo	ITA	
bulgaria-open-2026	Senior Men +87kg	AIUKAEV Rafail	RUS	
bulgaria-open-2026	Senior Men +87kg	KHASSENOV Bauyrzhan	KAZ	
bulgaria-open-2026	Senior Men +87kg	AGRISAN Stefan Gabriel	ROU	
bulgaria-open-2026	Senior Men +87kg	GRUJICIC Ognjen	SRB	
bulgaria-open-2026	Senior Men +87kg	BADAROVSKI Gorjan	MKD	
bulgaria-open-2026	Senior Men +87kg	RADAKOVIC Mihailo	SRB	
bulgaria-open-2026	Senior Men +87kg	MANEA Robert	ROU	
bulgaria-open-2026	Senior Men +87kg	BRINK Kevin	SWE	
bulgaria-open-2026	Senior Men +87kg	NURGAZY Bekarys	KAZ	
bulgaria-open-2026	Senior Men +87kg	GOLUBOVIC Milos	SRB	
bulgaria-open-2026	Senior Men +87kg	ANDREI Pop	ROU	
bulgaria-open-2026	Senior Men +87kg	RAICEVIC Stefan	SRB	
bulgaria-open-2026	Senior Women -46kg	ANGELOVA Alisa	RUS	1
bulgaria-open-2026	Senior Women -46kg	BEKULOVA Milana	RUS	2
bulgaria-open-2026	Senior Women -46kg	SULTANGALIYEVA Zhanel	KAZ	3
bulgaria-open-2026	Senior Women -46kg	KUMARTAYEVA Aidana	KAZ	3
bulgaria-open-2026	Senior Women -46kg	BERTAGNIN Elisa	ITA	
bulgaria-open-2026	Senior Women -46kg	STURARI Alessia	ITA	
bulgaria-open-2026	Senior Women -46kg	BRAJOVIC Iva	SRB	
bulgaria-open-2026	Senior Women -46kg	NORDH Olivia	SWE	
bulgaria-open-2026	Senior Women -46kg	BUSUIOC Ingrid Gabriela	ROU	
bulgaria-open-2026	Senior Women -46kg	TAMMILA Ida-elina	FIN	
bulgaria-open-2026	Senior Women -46kg	KHARYTANOVICH Anastasiya	BLR	
bulgaria-open-2026	Senior Women -46kg	GEORGIOU Melina	GRE	
bulgaria-open-2026	Senior Women -46kg	OMIRZAK Togzhan	KAZ	
bulgaria-open-2026	Senior Women -46kg	TAIROVA Ramina	KAZ	
bulgaria-open-2026	Senior Women -46kg	KIRTSELIS Aina	FIN	
bulgaria-open-2026	Senior Women -46kg	GALIERO Giulia	ITA	
bulgaria-open-2026	Senior Women -46kg	FRASER Vilja	SWE	
bulgaria-open-2026	Senior Women -46kg	KAMINSKA Michaela	SVK	
bulgaria-open-2026	Senior Women -46kg	POURNATZI Sofia	GRE	
bulgaria-open-2026	Senior Women -46kg	ROKKA Athanasia	GRE	
bulgaria-open-2026	Senior Women -46kg	RADEVIC Anja	MNE	
bulgaria-open-2026	Senior Women -49kg	DIAZ ARRIBAS Violeta	ESP	1
bulgaria-open-2026	Senior Women -49kg	MEDVEDEVA Galina	RUS	2
bulgaria-open-2026	Senior Women -49kg	AKHMEDOVA Nodira	KAZ	3
bulgaria-open-2026	Senior Women -49kg	ARTAMONOVA Anastasiia	RUS	3
bulgaria-open-2026	Senior Women -49kg	EREMINA Viktoriya	RUS	
bulgaria-open-2026	Senior Women -49kg	GOGEBAKAN Emine	TUR	
bulgaria-open-2026	Senior Women -49kg	BAUYRZHANOVA Nuray	KAZ	
bulgaria-open-2026	Senior Women -49kg	MAKAS Dzejla	BIH	
bulgaria-open-2026	Senior Women -49kg	GOODMAN Phoenix	GBR	
bulgaria-open-2026	Senior Women -49kg	STRUNETS Maryia	BLR	
bulgaria-open-2026	Senior Women -49kg	AKGUL Elif sude	TUR	
bulgaria-open-2026	Senior Women -49kg	CRISTESCU Anamaria	ROU	
bulgaria-open-2026	Senior Women -49kg	BAKISHEVA Rita	KAZ	
bulgaria-open-2026	Senior Women -49kg	KOUTROUMPI Kalliopi	GRE	
bulgaria-open-2026	Senior Women -49kg	ROGOZINA Irina	RUS	
bulgaria-open-2026	Senior Women -49kg	KRAJEWSKA Alicja	POL	
bulgaria-open-2026	Senior Women -49kg	KOSTIUK Yaryna	UKR	
bulgaria-open-2026	Senior Women -49kg	NIKOLOVA Victoria	BUL	
bulgaria-open-2026	Senior Women -49kg	KRAJEWSKA Nikola	POL	
bulgaria-open-2026	Senior Women -49kg	ZHAMALBEKOVA Kuralay	KAZ	
bulgaria-open-2026	Senior Women -49kg	AKULAVA Darya	BLR	
bulgaria-open-2026	Senior Women -49kg	PLAKHIKH Varvara	BLR	
bulgaria-open-2026	Senior Women -49kg	BAJAN Mihaela nicoleta claudia	ROU	
bulgaria-open-2026	Senior Women -49kg	KRUMOVA Elina	BUL	
bulgaria-open-2026	Senior Women -49kg	ZHUMABEK Nuraiym	KAZ	
bulgaria-open-2026	Senior Women -49kg	BRYHIDA Erika	UKR	
bulgaria-open-2026	Senior Women -49kg	MARINOVA Teodora	BUL	
bulgaria-open-2026	Senior Women -53kg	BOKAN Andrea	SRB	1
bulgaria-open-2026	Senior Women -53kg	FRASSICA Anna	ITA	2
bulgaria-open-2026	Senior Women -53kg	AVDAGIC Ada	BIH	3
bulgaria-open-2026	Senior Women -53kg	DINCEL KAVURAT Merve	TUR	3
bulgaria-open-2026	Senior Women -53kg	LAKEHAL-ROLLINGS Manissa	FRA	
bulgaria-open-2026	Senior Women -53kg	KARABELEVA Erika	BUL	
bulgaria-open-2026	Senior Women -53kg	SUBBOTINA Anastasia	RUS	
bulgaria-open-2026	Senior Women -53kg	KARAJANOVA Aziza	KAZ	
bulgaria-open-2026	Senior Women -53kg	ORTIZ BENITO Arlet	ESP	
bulgaria-open-2026	Senior Women -53kg	PEREZ PARRADO Alma maria	ESP	
bulgaria-open-2026	Senior Women -53kg	DANIEL Melina	USA	
bulgaria-open-2026	Senior Women -53kg	GUSEINOVA Aziza	RUS	
bulgaria-open-2026	Senior Women -53kg	GARCIA MARQUINA Sofia	ESP	
bulgaria-open-2026	Senior Women -53kg	KRAISNIK Katarina	BIH	
bulgaria-open-2026	Senior Women -53kg	SPASOJEVIC Sara	CRO	
bulgaria-open-2026	Senior Women -53kg	STANKOVIC Vanja	SRB	
bulgaria-open-2026	Senior Women -53kg	RADEK Dora	CRO	
bulgaria-open-2026	Senior Women -53kg	LILOVA Elena	BUL	
bulgaria-open-2026	Senior Women -53kg	PAPAIOANNOU Konstantina	GRE	
bulgaria-open-2026	Senior Women -53kg	SHOROKHOVA Ekaterina	RUS	
bulgaria-open-2026	Senior Women -53kg	DE FAZIO Ioanna	GRE	
bulgaria-open-2026	Senior Women -53kg	GEORGIADOU Gesthimani	GRE	
bulgaria-open-2026	Senior Women -53kg	FOUNTOULAKI Aikaterini	GRE	
bulgaria-open-2026	Senior Women -53kg	BAUYRZHANOVA Ayana	KAZ	
bulgaria-open-2026	Senior Women -53kg	MESKO Milina	BLR	
bulgaria-open-2026	Senior Women -53kg	MCKEW Jodie	GBR	
bulgaria-open-2026	Senior Women -53kg	RABAUT Elien	BEL	
bulgaria-open-2026	Senior Women -53kg	GULUEVA Milana	RUS	
bulgaria-open-2026	Senior Women -53kg	KLAKALA Magdalini	GRE	
bulgaria-open-2026	Senior Women -53kg	TSARTSIAFI MICHAILIDOU Ariadni	GRE	
bulgaria-open-2026	Senior Women -53kg	MATONTI Ilenia elisabetta	ITA	
bulgaria-open-2026	Senior Women -53kg	BILLQVIST Felicia	SWE	
bulgaria-open-2026	Senior Women -53kg	BARRERA-SILVA Gabriella	NOR	
bulgaria-open-2026	Senior Women -53kg	GAVRILOVIC Irina	SRB	
bulgaria-open-2026	Senior Women -53kg	RODRIGUEZ MARQUINA Laura	ESP	
bulgaria-open-2026	Senior Women -53kg	SELJENES Leona	NOR	
bulgaria-open-2026	Senior Women -53kg	DASKALAKI Dionysia	GRE	
bulgaria-open-2026	Senior Women -53kg	SYLTHE Therese	NOR	
bulgaria-open-2026	Senior Women -53kg	STAMENKOVIC Teodora	SRB	
bulgaria-open-2026	Senior Women -53kg	ZHELEVA Zornitsa	BUL	
bulgaria-open-2026	Senior Women -57kg	KAZNABEK Togzhan	KAZ	1
bulgaria-open-2026	Senior Women -57kg	SMIRNOVA Kseniia	RUS	2
bulgaria-open-2026	Senior Women -57kg	AYDIN KONSTANTINIDIS Ela	GER	3
bulgaria-open-2026	Senior Women -57kg	ISSINA Zhazira	KAZ	3
bulgaria-open-2026	Senior Women -57kg	LUKIC Jana	SRB	
bulgaria-open-2026	Senior Women -57kg	PEZZOLLA Lucia	ITA	
bulgaria-open-2026	Senior Women -57kg	HRONOVA Dominika	CZE	
bulgaria-open-2026	Senior Women -57kg	SEVOSTYANOVA Mariya	KAZ	
bulgaria-open-2026	Senior Women -57kg	KUKIC Iva	SRB	
bulgaria-open-2026	Senior Women -57kg	MILIC Milica	SRB	
bulgaria-open-2026	Senior Women -57kg	KRAISNIK Ivana	BIH	
bulgaria-open-2026	Senior Women -57kg	DZARAGAZOVA Polina	RUS	
bulgaria-open-2026	Senior Women -57kg	ZDOR Kseniia	RUS	
bulgaria-open-2026	Senior Women -57kg	KAZNABEK Nuray	KAZ	
bulgaria-open-2026	Senior Women -57kg	KUCHINA Viktorya	RUS	
bulgaria-open-2026	Senior Women -57kg	EFITSENKO Sofia	RUS	
bulgaria-open-2026	Senior Women -57kg	BAIMENOVA Akerke	KAZ	
bulgaria-open-2026	Senior Women -57kg	MILIC Nikolina	SRB	
bulgaria-open-2026	Senior Women -57kg	ALONSO Alicia	ESP	
bulgaria-open-2026	Senior Women -57kg	VAN PASSEL Amelie	BEL	
bulgaria-open-2026	Senior Women -57kg	SUNDETBAY Aidana	KAZ	
bulgaria-open-2026	Senior Women -57kg	ZHAMAUBAY Aknur	KAZ	
bulgaria-open-2026	Senior Women -57kg	MEIŠTININKAITĖ Gerda	LTU	
bulgaria-open-2026	Senior Women -57kg	SAVIJA Isidora	SRB	
bulgaria-open-2026	Senior Women -57kg	BETT Ava	GBR	
bulgaria-open-2026	Senior Women -57kg	RADAK Teodora	SRB	
bulgaria-open-2026	Senior Women -57kg	APANAS Polina	NED	
bulgaria-open-2026	Senior Women -57kg	VITKO Yuliya	BLR	
bulgaria-open-2026	Senior Women -57kg	POZNANOVIC Marija	SRB	
bulgaria-open-2026	Senior Women -57kg	SESAR VILA Carla	ESP	
bulgaria-open-2026	Senior Women -57kg	STOJANOVIC Nina	SRB	
bulgaria-open-2026	Senior Women -57kg	REPOULIA Athanasia	GRE	
bulgaria-open-2026	Senior Women -57kg	KALLSTRAND Izabella	SWE	
bulgaria-open-2026	Senior Women -57kg	LY Nathalie	SWE	
bulgaria-open-2026	Senior Women -62kg	BLIZNIAKOVA Margarita	RUS	1
bulgaria-open-2026	Senior Women -62kg	BANNOVA Anastasiia	RUS	2
bulgaria-open-2026	Senior Women -62kg	REBON FEDOROVA Ekaterina	ESP	3
bulgaria-open-2026	Senior Women -62kg	STOLBOVA Petra	CZE	3
bulgaria-open-2026	Senior Women -62kg	SMIRNOVA Anastasiya	BLR	
bulgaria-open-2026	Senior Women -62kg	SEVO Tamara	SRB	
bulgaria-open-2026	Senior Women -62kg	ZECIROVIC Nina	SRB	
bulgaria-open-2026	Senior Women -62kg	KHUZINA Liliia	RUS	
bulgaria-open-2026	Senior Women -62kg	CALVARA Greta	ITA	
bulgaria-open-2026	Senior Women -62kg	MARIC Ela	SRB	
bulgaria-open-2026	Senior Women -62kg	RELJIKJ Miljana	MKD	
bulgaria-open-2026	Senior Women -62kg	MARTON Viviana	HUN	
bulgaria-open-2026	Senior Women -62kg	SMYCHKOVA Valeryia	BLR	
bulgaria-open-2026	Senior Women -62kg	PEIMANIDOU Maria Evangelia	GRE	
bulgaria-open-2026	Senior Women -62kg	AIMUKASHEVA Kamila	KAZ	
bulgaria-open-2026	Senior Women -62kg	LEONOVA Mariia	UKR	
bulgaria-open-2026	Senior Women -62kg	IVANASHKA Aryiana	BLR	
bulgaria-open-2026	Senior Women -62kg	CHRISTY Beth	GBR	
bulgaria-open-2026	Senior Women -62kg	TORRES TENA Elena	ESP	
bulgaria-open-2026	Senior Women -62kg	MCPHILLIE Neve	GBR	
bulgaria-open-2026	Senior Women -62kg	ANDERSSON Tindra	SWE	
bulgaria-open-2026	Senior Women -62kg	MICHALOPOULOU Kyriaki	GRE	
bulgaria-open-2026	Senior Women -62kg	RANKOV Vanja	SRB	
bulgaria-open-2026	Senior Women -62kg	DOUCET Teeyah	FRA	
bulgaria-open-2026	Senior Women -62kg	SMITH Teigan	GBR	
bulgaria-open-2026	Senior Women -62kg	KOMATINA Andrea	MNE	
bulgaria-open-2026	Senior Women -62kg	SECANELL CHARLES Elsa	ESP	
bulgaria-open-2026	Senior Women -62kg	TAUKENOVA Aida	KAZ	
bulgaria-open-2026	Senior Women -62kg	SAVKOVIC Nadja	SRB	
bulgaria-open-2026	Senior Women -62kg	GRETARSDOTTIR Ingibjorg	ISL	
bulgaria-open-2026	Senior Women -62kg	BLITEK Cloe	FRA	
bulgaria-open-2026	Senior Women -62kg	MANGEN Lennie	LUX	
bulgaria-open-2026	Senior Women -62kg	RADOVANOVIC Ana	SRB	
bulgaria-open-2026	Senior Women -62kg	KOENIGSECKER Valerie	AUT	
bulgaria-open-2026	Senior Women -62kg	SIVERTSEN-SAETHER Julie	NOR	
bulgaria-open-2026	Senior Women -62kg	SHALONIK Darya	BLR	
bulgaria-open-2026	Senior Women -62kg	KOSTADINOVA Stanislava	BUL	
bulgaria-open-2026	Senior Women -62kg	KONSTANTINA Varelopoulou	GRE	
bulgaria-open-2026	Senior Women -62kg	COMAN Gabriela bianca	ROU	
bulgaria-open-2026	Senior Women -62kg	KARZHAUBAYEVA Ainura	KAZ	
bulgaria-open-2026	Senior Women -67kg	POLE Doris	CRO	1
bulgaria-open-2026	Senior Women -67kg	KOERNDL Vanessa	GER	2
bulgaria-open-2026	Senior Women -67kg	MORENO REYES Lena	ESP	3
bulgaria-open-2026	Senior Women -67kg	PERISIC Aleksandra	SRB	3
bulgaria-open-2026	Senior Women -67kg	ALRAWASHDEH Razan mohammed	JOR	
bulgaria-open-2026	Senior Women -67kg	MINK Amy	NED	
bulgaria-open-2026	Senior Women -67kg	KRADINOVA Uliana	RUS	
bulgaria-open-2026	Senior Women -67kg	ARELIC Ivana	CRO	
bulgaria-open-2026	Senior Women -67kg	ĐOKOVIĆ Ines	SRB	
bulgaria-open-2026	Senior Women -67kg	ZHELEZNOVA Viktoriia	RUS	
bulgaria-open-2026	Senior Women -67kg	MOTLOKH Sofiia	RUS	
bulgaria-open-2026	Senior Women -67kg	BERISAJ Andrea	MNE	
bulgaria-open-2026	Senior Women -67kg	ROBERTS Chloe	GBR	
bulgaria-open-2026	Senior Women -67kg	D'ANGELO Natalia	ITA	
bulgaria-open-2026	Senior Women -67kg	NILSEN Mari romundset	NOR	
bulgaria-open-2026	Senior Women -67kg	MARENTAKI Styliani	GRE	
bulgaria-open-2026	Senior Women -67kg	ZIABLITCEVA Anna	RUS	
bulgaria-open-2026	Senior Women -67kg	SKVORTSOVA Kira	RUS	
bulgaria-open-2026	Senior Women -67kg	KRUPJAKOVA Alzbeta	SVK	
bulgaria-open-2026	Senior Women -67kg	MEYEUR MOUROT Cassandra	FRA	
bulgaria-open-2026	Senior Women -67kg	FATNASSI Maram	QAT	
bulgaria-open-2026	Senior Women -67kg	ASKAR Ayaulym	KAZ	
bulgaria-open-2026	Senior Women -67kg	NAVITSKAIA Darya	BLR	
bulgaria-open-2026	Senior Women -67kg	KOLBAYEVA Beksulu	KAZ	
bulgaria-open-2026	Senior Women -67kg	REY FRANQUEIRA Alba	ESP	
bulgaria-open-2026	Senior Women -67kg	KRAMOH Courtney	GBR	
bulgaria-open-2026	Senior Women -67kg	MIKALEVICIUTE Melita	LTU	
bulgaria-open-2026	Senior Women -67kg	VUJIN Andjela	SRB	
bulgaria-open-2026	Senior Women -67kg	MAGGIORE Giulia	ITA	
bulgaria-open-2026	Senior Women -67kg	NAIMANBAYEVA Aruzhan	KAZ	
bulgaria-open-2026	Senior Women -67kg	HRGIC Anja	BIH	
bulgaria-open-2026	Senior Women -67kg	SAPARKHAN Ayazhan	KAZ	
bulgaria-open-2026	Senior Women -67kg	STAMENKOVIC Jelena	SRB	
bulgaria-open-2026	Senior Women -67kg	VELINOFF Vanessa	CAN	
bulgaria-open-2026	Senior Women -67kg	SUAREZ EXPOSITO Andrea Alba	ESP	
bulgaria-open-2026	Senior Women -67kg	PAGLIAI Giada	ITA	
bulgaria-open-2026	Senior Women -73kg	KOSMYCHEVA Anastasiia	RUS	1
bulgaria-open-2026	Senior Women -73kg	GARCIA SUAREZ Helena	ESP	2
bulgaria-open-2026	Senior Women -73kg	MASTELIC Mila	CRO	3
bulgaria-open-2026	Senior Women -73kg	MORAN ROMERO Belen	ESP	3
bulgaria-open-2026	Senior Women -73kg	ALEKSEEVA Anfisa	RUS	
bulgaria-open-2026	Senior Women -73kg	BOZANIC Nadica	SRB	
bulgaria-open-2026	Senior Women -73kg	MAKHMUTOVA Nazym	KAZ	
bulgaria-open-2026	Senior Women -73kg	PETROVIC Iva	SRB	
bulgaria-open-2026	Senior Women -73kg	NTE REKE MOURKOUSI Nefeli	GRE	
bulgaria-open-2026	Senior Women -73kg	MEYEUR MOUROT Elora	FRA	
bulgaria-open-2026	Senior Women -73kg	HELDNER Laura	SUI	
bulgaria-open-2026	Senior Women -73kg	LEON COROZO Andrea naiara	ESP	
bulgaria-open-2026	Senior Women -73kg	MACKAY Ruby	GBR	
bulgaria-open-2026	Senior Women -73kg	JIRANKOVA Iveta	CZE	
bulgaria-open-2026	Senior Women -73kg	FERNANDEZ INSA Julia	ESP	
bulgaria-open-2026	Senior Women -73kg	ABO-ALRUB Rama	JOR	
bulgaria-open-2026	Senior Women -73kg	KENGESBEK Nurly	KAZ	
bulgaria-open-2026	Senior Women -73kg	GLUMAC Nadja	SRB	
bulgaria-open-2026	Senior Women +73kg	ADEBAIO Kristina	RUS	1
bulgaria-open-2026	Senior Women +73kg	MUSLIMOVA Linara	RUS	2
bulgaria-open-2026	Senior Women +73kg	SHVEDKOVA Polina	RUS	3
bulgaria-open-2026	Senior Women +73kg	MATIC Magdalena	CRO	3
bulgaria-open-2026	Senior Women +73kg	WILLIAMS Lauren	GBR	
bulgaria-open-2026	Senior Women +73kg	VROEGH Nielle	NED	
bulgaria-open-2026	Senior Women +73kg	CASTINEIRA ETCHEVERRIA Tania	ESP	
bulgaria-open-2026	Senior Women +73kg	KITSIOU Agoritsa artemia	GRE	
bulgaria-open-2026	Senior Women +73kg	HAWASH Dania	SWE	
bulgaria-open-2026	Senior Women +73kg	SEVIC Andjela	SRB	
bulgaria-open-2026	Senior Women +73kg	KUS AYDIN Nafia	TUR	
bulgaria-open-2026	Senior Women +73kg	KUCHYNA Viktoriia	UKR	
bulgaria-open-2026	Senior Women +73kg	VALLO ZURDO Ane	ESP	
bulgaria-open-2026	Senior Women +73kg	MIKHALCHUK Palina	BLR	
bulgaria-open-2026	Senior Women +73kg	HAMADACHE Emna	FRA	
bulgaria-open-2026	Senior Women +73kg	RIVADULLA LORENZO Desiree	ESP	
bulgaria-open-2026	Senior Women +73kg	TETZERAKI Maria Athanasia	GRE	
bulgaria-open-2026	Senior Women +73kg	BAIDAULETOVA Adelina	KAZ	
bulgaria-open-2026	Senior Women +73kg	YERKASSIMOVA Axaule	KAZ	
turkiye-open-2026	Senior Men -54kg	DILMURODJON Marufjonov	UZB	1
turkiye-open-2026	Senior Men -54kg	YELALDI Kaan	TUR	2
turkiye-open-2026	Senior Men -54kg	KHUDAYBERDIEV Jakhongir	UZB	3
turkiye-open-2026	Senior Men -54kg	KURU Alihan	TUR	3
turkiye-open-2026	Senior Men -54kg	MUSSAPIR Abylaikhan	KAZ	
turkiye-open-2026	Senior Men -54kg	DULGER Omer Talha	TUR	
turkiye-open-2026	Senior Men -54kg	TASKYN Temirzhan	KAZ	
turkiye-open-2026	Senior Men -54kg	SHAPULATOV Bakhodir	KAZ	
turkiye-open-2026	Senior Men -54kg	YELIBAI Rinat	KAZ	
turkiye-open-2026	Senior Men -54kg	GONCHARENKO Artem	RUS	
turkiye-open-2026	Senior Men -54kg	MIRZAKARIMOV Mirislom	KAZ	
turkiye-open-2026	Senior Men -54kg	YENSEGENOV Yerkebulan	KAZ	
turkiye-open-2026	Senior Men -54kg	HIDAYAT TUMAKAKA Aziz	INA	
turkiye-open-2026	Senior Men -54kg	DULGER Emir Muhsin	TUR	
turkiye-open-2026	Senior Men -54kg	KADIRKULOV Begzod	KAZ	
turkiye-open-2026	Senior Men -54kg	DZHIKAEV Khetag	RUS	
turkiye-open-2026	Senior Men -54kg	TOYINBEK Daniyar	KAZ	
turkiye-open-2026	Senior Men -54kg	ACKEY Aime	FRA	
turkiye-open-2026	Senior Men -54kg	TUFAN Egemen	TUR	
turkiye-open-2026	Senior Men -54kg	ERMAKOV Artem	RUS	
turkiye-open-2026	Senior Men -54kg	MAGOMEDOV Kurbanmagomed	RUS	
turkiye-open-2026	Senior Men -54kg	MISSAOUI Nidhal	TUN	
turkiye-open-2026	Senior Men -54kg	GOKTAS Efe Emre	TUR	
turkiye-open-2026	Senior Men -54kg	YILMAZ Huseyin	TUR	
turkiye-open-2026	Senior Men -54kg	DANGNOK Nattaporn	THA	
turkiye-open-2026	Senior Men -54kg	DAGDELEN Deniz	TUR	
turkiye-open-2026	Senior Men -54kg	SAHIN Huseyin	TUR	
turkiye-open-2026	Senior Men -54kg	MALYKHIN Danil	RUS	
turkiye-open-2026	Senior Men -54kg	EZ-ZITOUNI Hassan	MAR	
turkiye-open-2026	Senior Men -54kg	ZHANYSHBEKOV Mukhammed-Ali	KGZ	
turkiye-open-2026	Senior Men -54kg	ASLAN Bedirhan	TUR	
turkiye-open-2026	Senior Men -54kg	DALKILIC Mehmet	TUR	
turkiye-open-2026	Senior Men -54kg	ALMUHAMMED ALOMER Abdurrahman	SYR	
turkiye-open-2026	Senior Men -54kg	ENKHJARGAL Otgonbayar	MGL	
turkiye-open-2026	Senior Men -54kg	LASRI Afif	MAR	
turkiye-open-2026	Senior Men -54kg	MUNKHBAYAR Enkhdul	MGL	
turkiye-open-2026	Senior Men -58kg	OTAJONOV Omonjon	UZB	1
turkiye-open-2026	Senior Men -58kg	GRITSENKO Vladimir	RUS	2
turkiye-open-2026	Senior Men -58kg	VINOGRADOV Pavel	RUS	3
turkiye-open-2026	Senior Men -58kg	ALDAOUD Ja'afar	JOR	3
turkiye-open-2026	Senior Men -58kg	MANSUROV Kamronbek	UZB	
turkiye-open-2026	Senior Men -58kg	BADEM Yusuf	TUR	
turkiye-open-2026	Senior Men -58kg	ARKHANGELSKII Amir	RUS	
turkiye-open-2026	Senior Men -58kg	MAHAMAD Sirawit	THA	
turkiye-open-2026	Senior Men -58kg	YONDONJAMTS Purevdash	MGL	
turkiye-open-2026	Senior Men -58kg	KAZLOU Yahor	BLR	
turkiye-open-2026	Senior Men -58kg	NAVARRETE UGARTE Fabricio Antonio	PER	
turkiye-open-2026	Senior Men -58kg	BALAKHNEEV Dmitriy	RUS	
turkiye-open-2026	Senior Men -58kg	BESAEV Azat	RUS	
turkiye-open-2026	Senior Men -58kg	CAMOGLU Furkan ubeyde	TUR	
turkiye-open-2026	Senior Men -58kg	DZHIOEV Igor	RUS	
turkiye-open-2026	Senior Men -58kg	POLAT Gorkem	TUR	
turkiye-open-2026	Senior Men -58kg	ENKHTAIVAN Anand	MGL	
turkiye-open-2026	Senior Men -58kg	ABDEL HALIM Khaled	GER	
turkiye-open-2026	Senior Men -58kg	TBATOU Amine	MAR	
turkiye-open-2026	Senior Men -58kg	CAN Haktan	TUR	
turkiye-open-2026	Senior Men -58kg	BALABAN Server	TUR	
turkiye-open-2026	Senior Men -58kg	ABDUJABBOROV Umarali	UZB	
turkiye-open-2026	Senior Men -58kg	KIRSANOV Sergei	RUS	
turkiye-open-2026	Senior Men -58kg	GOKALP Cuneyt	TUR	
turkiye-open-2026	Senior Men -58kg	ERBULUT Berke	TUR	
turkiye-open-2026	Senior Men -58kg	KAYA Kaan Nusret	TUR	
turkiye-open-2026	Senior Men -58kg	ABBASOV Mukhammed	RUS	
turkiye-open-2026	Senior Men -58kg	KARAMAN Taha Utkan	TUR	
turkiye-open-2026	Senior Men -58kg	GUNES Ahmet Yetis	TUR	
turkiye-open-2026	Senior Men -58kg	MORENO ALVAREZ Franco javier	PER	
turkiye-open-2026	Senior Men -58kg	KAPLAN Enes	TUR	
turkiye-open-2026	Senior Men -63kg	OSIN Maksim	RUS	1
turkiye-open-2026	Senior Men -63kg	MERGANBAY Abylaikhan	KAZ	2
turkiye-open-2026	Senior Men -63kg	SHISHKO Dmitrii	RUS	3
turkiye-open-2026	Senior Men -63kg	KOVTUN Pavel	RUS	3
turkiye-open-2026	Senior Men -63kg	BITSUEV Kantemir	RUS	
turkiye-open-2026	Senior Men -63kg	ISRAILOV Zhassurbek	KAZ	
turkiye-open-2026	Senior Men -63kg	NIYAZOV Azim	KAZ	
turkiye-open-2026	Senior Men -63kg	OTER Ibrahim	TUR	
turkiye-open-2026	Senior Men -63kg	BATRADZ Khubaev	RUS	
turkiye-open-2026	Senior Men -63kg	AYDOGAN Hamza osman	TUR	
turkiye-open-2026	Senior Men -63kg	MITKOV Stanislav	BUL	
turkiye-open-2026	Senior Men -63kg	MAGOMEDOV Shamil	RUS	
turkiye-open-2026	Senior Men -63kg	DAYIOGLU Omer faruk	TUR	
turkiye-open-2026	Senior Men -63kg	SRITIMONGKOL Napat	THA	
turkiye-open-2026	Senior Men -63kg	YELEMESSOV Medet	KAZ	
turkiye-open-2026	Senior Men -63kg	KURBANOV Shamsiddin	UZB	
turkiye-open-2026	Senior Men -63kg	MAGOMEDOV Magomedgadzhi	RUS	
turkiye-open-2026	Senior Men -63kg	CASTILLO RAMOS Alejandro	PER	
turkiye-open-2026	Senior Men -63kg	YERMENTAYEV Arslan	KAZ	
turkiye-open-2026	Senior Men -63kg	KHASSAN Yerbolat	KAZ	
turkiye-open-2026	Senior Men -63kg	RAKHYMBEK Rauan	KAZ	
turkiye-open-2026	Senior Men -63kg	CALIK Merdan	TUR	
turkiye-open-2026	Senior Men -63kg	AKSOY Selimhan	TUR	
turkiye-open-2026	Senior Men -63kg	NACHEV Luboslav	BUL	
turkiye-open-2026	Senior Men -63kg	KUZNETSOV Evgenii	RUS	
turkiye-open-2026	Senior Men -63kg	ADALOV Hizri	RUS	
turkiye-open-2026	Senior Men -63kg	KASSANOV Izyat	KAZ	
turkiye-open-2026	Senior Men -63kg	SHANDALOVICH Andrei	RUS	
turkiye-open-2026	Senior Men -63kg	DASHDAVAA Chinzorig	MGL	
turkiye-open-2026	Senior Men -63kg	AKBI Alisher	KAZ	
turkiye-open-2026	Senior Men -63kg	PTITSYN Rostislav	RUS	
turkiye-open-2026	Senior Men -63kg	GUMUS Feyyaz	GER	
turkiye-open-2026	Senior Men -63kg	MASYLKADYROV Azamat	KGZ	
turkiye-open-2026	Senior Men -63kg	KUZMINOV Aleksei	RUS	
turkiye-open-2026	Senior Men -63kg	ABDURAGIMOV Ali	RUS	
turkiye-open-2026	Senior Men -63kg	KILIC Yusuf	TUR	
turkiye-open-2026	Senior Men -63kg	AVSAR Mehmet Efe	TUR	
turkiye-open-2026	Senior Men -63kg	SERBETCI Nuri	TUR	
turkiye-open-2026	Senior Men -63kg	GAHLAS Mohamed Anis	TUN	
turkiye-open-2026	Senior Men -63kg	EVIN Emre Talha	TUR	
turkiye-open-2026	Senior Men -63kg	ALTYBAEV Aidin	KGZ	
turkiye-open-2026	Senior Men -63kg	KILICKAYA Oguzhan	TUR	
turkiye-open-2026	Senior Men -63kg	BOUBOU Kamal	MAR	
turkiye-open-2026	Senior Men -63kg	BERK Goktug	TUR	
turkiye-open-2026	Senior Men -63kg	NURDAULET Temirbay	KAZ	
turkiye-open-2026	Senior Men -63kg	OLMEZ Murat Can	TUR	
turkiye-open-2026	Senior Men -63kg	PATERIKIN Andrei	RUS	
turkiye-open-2026	Senior Men -63kg	KHASHKHOV Adam	RUS	
turkiye-open-2026	Senior Men -63kg	OZDOGAN Kazim	TUR	
turkiye-open-2026	Senior Men -63kg	KURUTAS Eren	TUR	
turkiye-open-2026	Senior Men -63kg	VYKOV Umar	RUS	
turkiye-open-2026	Senior Men -63kg	BIRCAN Muhammed Utku	TUR	
turkiye-open-2026	Senior Men -63kg	YARLI Abdullah Omer	TUR	
turkiye-open-2026	Senior Men -63kg	CORREIA DA SILVA Carlos Henrique	BRA	
turkiye-open-2026	Senior Men -63kg	DEMIR Berk Karan	TUR	
turkiye-open-2026	Senior Men -63kg	DELEN Zafer Erdem	TUR	
turkiye-open-2026	Senior Men -68kg	TUBTIMDANG Banlung	THA	1
turkiye-open-2026	Senior Men -68kg	MAGERRAMOV Dzhavid	RUS	2
turkiye-open-2026	Senior Men -68kg	TUKHLIBOEV Diyorbek	UZB	3
turkiye-open-2026	Senior Men -68kg	ERER Berkay	TUR	3
turkiye-open-2026	Senior Men -68kg	CEYLAN Ahmet bogachan	TUR	
turkiye-open-2026	Senior Men -68kg	OZDEMIR Eren	TUR	
turkiye-open-2026	Senior Men -68kg	GAZEZ Nurbek	KAZ	
turkiye-open-2026	Senior Men -68kg	ALHALAWANI Zaid	JOR	
turkiye-open-2026	Senior Men -68kg	BAGOV Idar	RUS	
turkiye-open-2026	Senior Men -68kg	ORYNBEK Sultanbek	KAZ	
turkiye-open-2026	Senior Men -68kg	GIKMATOV Ilia	RUS	
turkiye-open-2026	Senior Men -68kg	KOSIMKHOJIEV Najmiddin	UZB	
turkiye-open-2026	Senior Men -68kg	RECBER Hakan	TUR	
turkiye-open-2026	Senior Men -68kg	OLIVERO TORO Cristian	CHI	
turkiye-open-2026	Senior Men -68kg	BEGIMBETOV Amanbol	KAZ	
turkiye-open-2026	Senior Men -68kg	ALTARYREH Mahmoud	JOR	
turkiye-open-2026	Senior Men -68kg	BUGULOV Ruslan	RUS	
turkiye-open-2026	Senior Men -68kg	COSGUNGONUL Bugra	TUR	
turkiye-open-2026	Senior Men -68kg	KESGIN Gokhan Emre	TUR	
turkiye-open-2026	Senior Men -68kg	FROLOV Semen	RUS	
turkiye-open-2026	Senior Men -68kg	KURT Berat	TUR	
turkiye-open-2026	Senior Men -68kg	ASLAN Cihan	TUR	
turkiye-open-2026	Senior Men -68kg	CAKIR Nusret Efe	TUR	
turkiye-open-2026	Senior Men -68kg	GANTULGA Enkhbayar	MGL	
turkiye-open-2026	Senior Men -68kg	ABABAKIROV Samirkhon	KAZ	
turkiye-open-2026	Senior Men -68kg	EROGLU Arda Samet	TUR	
turkiye-open-2026	Senior Men -68kg	LOSKUTOV Kirill	RUS	
turkiye-open-2026	Senior Men -68kg	SHULENOV Damir	KAZ	
turkiye-open-2026	Senior Men -68kg	COMBAS Ihsan	TUR	
turkiye-open-2026	Senior Men -68kg	CAVUSMAN Emre	GER	
turkiye-open-2026	Senior Men -68kg	ABDULKADYROV Magomedrasul	RUS	
turkiye-open-2026	Senior Men -68kg	DEINICHENKO Aleksandr	RUS	
turkiye-open-2026	Senior Men -68kg	ABDYEV Sherzat	KGZ	
turkiye-open-2026	Senior Men -68kg	SEZER Duran Efe	TUR	
turkiye-open-2026	Senior Men -68kg	SARGIN Irfan Can	TUR	
turkiye-open-2026	Senior Men -74kg	KAVURAT Ferhat can	TUR	1
turkiye-open-2026	Senior Men -74kg	BIRIMBAY Eldar	KAZ	2
turkiye-open-2026	Senior Men -74kg	KORPE Omer furkan	TUR	3
turkiye-open-2026	Senior Men -74kg	RAMAZANOV Khanmagomed	RUS	3
turkiye-open-2026	Senior Men -74kg	PHROMPATJU Krittayot	THA	
turkiye-open-2026	Senior Men -74kg	ABDUSALAMOV Magomed	RUS	
turkiye-open-2026	Senior Men -74kg	ALIEV Ali	RUS	
turkiye-open-2026	Senior Men -74kg	PANASENKOV Kirill	RUS	
turkiye-open-2026	Senior Men -74kg	KARATAS Ahmet	TUR	
turkiye-open-2026	Senior Men -74kg	AKTAS Efe Yagiz	TUR	
turkiye-open-2026	Senior Men -74kg	NASIR Shokan	KAZ	
turkiye-open-2026	Senior Men -74kg	KILICASLAN Sedat Enes	TUR	
turkiye-open-2026	Senior Men -74kg	SPICK Maximilian	GER	
turkiye-open-2026	Senior Men -74kg	VYSOTIN Nikita	RUS	
turkiye-open-2026	Senior Men -74kg	DABYSSOV Ali	KAZ	
turkiye-open-2026	Senior Men -74kg	HAIDARI Milad	DEN	
turkiye-open-2026	Senior Men -74kg	SHELIKH Andrei	RUS	
turkiye-open-2026	Senior Men -74kg	MINTAS Muhammed	TUR	
turkiye-open-2026	Senior Men -74kg	DONMEZ Ege Arda	TUR	
turkiye-open-2026	Senior Men -74kg	BARAKPAYEV Serzhan	KAZ	
turkiye-open-2026	Senior Men -74kg	BEKIROGLU Ismail	TUR	
turkiye-open-2026	Senior Men -74kg	MUSLU Halil Eren	TUR	
turkiye-open-2026	Senior Men -74kg	SANTAS Kadir	TUR	
turkiye-open-2026	Senior Men -74kg	AYAZ Alperen	TUR	
turkiye-open-2026	Senior Men -74kg	PANCHULIDZE Luka	GEO	
turkiye-open-2026	Senior Men -74kg	AYDIN Furkan	TUR	
turkiye-open-2026	Senior Men -80kg	JAYSUNOV Jasurbek	UZB	1
turkiye-open-2026	Senior Men -80kg	TURAVINAU Raman	BLR	2
turkiye-open-2026	Senior Men -80kg	OMAROV Magomedrasul	RUS	3
turkiye-open-2026	Senior Men -80kg	SLEPOV Stepan	RUS	3
turkiye-open-2026	Senior Men -80kg	MELNIKOV Artem	RUS	
turkiye-open-2026	Senior Men -80kg	AGERZHANOKOV Amal	RUS	
turkiye-open-2026	Senior Men -80kg	MARIPOV Abdurakhmon	KAZ	
turkiye-open-2026	Senior Men -80kg	SAEJO Thanathorn	THA	
turkiye-open-2026	Senior Men -80kg	ALIEV Emil	RUS	
turkiye-open-2026	Senior Men -80kg	KUSSETOV Batyrkhan	KAZ	
turkiye-open-2026	Senior Men -80kg	ALADARBI Mohammad	JOR	
turkiye-open-2026	Senior Men -80kg	RAIHAN FADHILA Mhd	INA	
turkiye-open-2026	Senior Men -80kg	CHURCHILL MARTINEZ Joaquin	CHI	
turkiye-open-2026	Senior Men -80kg	MYTAREV Artem	RUS	
turkiye-open-2026	Senior Men -80kg	YILDIZ Muhammed emin	TUR	
turkiye-open-2026	Senior Men -80kg	HOERMANN Vincent	GER	
turkiye-open-2026	Senior Men -80kg	TSARANOV Nikita	RUS	
turkiye-open-2026	Senior Men -80kg	SAROGLU Ferhat Muhammet	TUR	
turkiye-open-2026	Senior Men -80kg	ARIK Hasan	TUR	
turkiye-open-2026	Senior Men -80kg	TOYTOGLU Ozan	TUR	
turkiye-open-2026	Senior Men -80kg	KAVURAT Hakan	TUR	
turkiye-open-2026	Senior Men -80kg	GUMUS Kaan	GER	
turkiye-open-2026	Senior Men -80kg	GANIYEV Mergen	KAZ	
turkiye-open-2026	Senior Men -80kg	GOLEMAC Nikola	DEN	
turkiye-open-2026	Senior Men -80kg	MURATKAN Yelnur	KAZ	
turkiye-open-2026	Senior Men -80kg	SAHIN Muhammed Enes	TUR	
turkiye-open-2026	Senior Men -80kg	SHIMANSKIY Vladislav	RUS	
turkiye-open-2026	Senior Men -80kg	KOC Ibrahim	TUR	
turkiye-open-2026	Senior Men -80kg	DAGDEVIREN Muzaffer	TUR	
turkiye-open-2026	Senior Men -80kg	SULU Idris Atay	TUR	
turkiye-open-2026	Senior Men -87kg	TOLEUGALI Batyrkhan	KAZ	1
turkiye-open-2026	Senior Men -87kg	BUDIN Vladislav	RUS	2
turkiye-open-2026	Senior Men -87kg	ZAKARIA Khouyyar	MAR	3
turkiye-open-2026	Senior Men -87kg	ELSHARABATY Saleh	JOR	3
turkiye-open-2026	Senior Men -87kg	MYRZABAYEV Nurlan	KAZ	
turkiye-open-2026	Senior Men -87kg	ZHURABOEV Yodgorbek	UZB	
turkiye-open-2026	Senior Men -87kg	AMER ALI Hassan	DEN	
turkiye-open-2026	Senior Men -87kg	MERCER Jack  woody	THA	
turkiye-open-2026	Senior Men -87kg	KARAKOC Sadullah	TUR	
turkiye-open-2026	Senior Men -87kg	PRYAZHNIKOV Alexander	RUS	
turkiye-open-2026	Senior Men -87kg	NURGAZIN Meiir	KAZ	
turkiye-open-2026	Senior Men -87kg	KARTAL Huseyin	TUR	
turkiye-open-2026	Senior Men -87kg	AKTAS Recep Alperen	TUR	
turkiye-open-2026	Senior Men -87kg	SENOL Yusuf	TUR	
turkiye-open-2026	Senior Men -87kg	ATESLI Orkun	TUR	
turkiye-open-2026	Senior Men -87kg	SARI Muhammet talha	TUR	
turkiye-open-2026	Senior Men -87kg	KILICOGLU Baturalp	TUR	
turkiye-open-2026	Senior Men +87kg	AIUKAEV Rafail	RUS	1
turkiye-open-2026	Senior Men +87kg	LARIN Vladislav	RUS	2
turkiye-open-2026	Senior Men +87kg	KABLAN Beibarys	KAZ	3
turkiye-open-2026	Senior Men +87kg	PLONIS Artsiom	BLR	3
turkiye-open-2026	Senior Men +87kg	KARIMBOEV Shokhjakhon	UZB	
turkiye-open-2026	Senior Men +87kg	SARVILIN Vladimir	RUS	
turkiye-open-2026	Senior Men +87kg	SHODMONOV Khudoynazar	UZB	
turkiye-open-2026	Senior Men +87kg	PUSHKIN Kirill	RUS	
turkiye-open-2026	Senior Men +87kg	CURABAZ Sergen	TUR	
turkiye-open-2026	Senior Men +87kg	BICER Enbiya taha	TUR	
turkiye-open-2026	Senior Men +87kg	CELIK Ertugrul	TUR	
turkiye-open-2026	Senior Men +87kg	OZKAN Zeki Cagatay	TUR	
turkiye-open-2026	Senior Men +87kg	ATESLI Emre kutalmis	TUR	
turkiye-open-2026	Senior Men +87kg	SAHIN Berat	TUR	
turkiye-open-2026	Senior Men +87kg	SAEED Hamzah omar	PAK	
turkiye-open-2026	Senior Men +87kg	KHASSENOV Bauyrzhan	KAZ	
turkiye-open-2026	Senior Women -46kg	POOLKERD Patcharakan	THA	1
turkiye-open-2026	Senior Women -46kg	KUMARTAYEVA Aidana	KAZ	2
turkiye-open-2026	Senior Women -46kg	GOGEBAKAN Emine	TUR	3
turkiye-open-2026	Senior Women -46kg	TOUZANI Farah	MAR	3
turkiye-open-2026	Senior Women -46kg	KESGIN Tuvanna nazli	TUR	
turkiye-open-2026	Senior Women -46kg	TAMMILA Ida-elina	FIN	
turkiye-open-2026	Senior Women -46kg	SULTANGALIYEVA Zhanel	KAZ	
turkiye-open-2026	Senior Women -46kg	EKSI Selin	TUR	
turkiye-open-2026	Senior Women -46kg	PEEVA Deya	BUL	
turkiye-open-2026	Senior Women -46kg	AYDIN Nisa Nur	TUR	
turkiye-open-2026	Senior Women -46kg	PAVLOVA Mariia	RUS	
turkiye-open-2026	Senior Women -46kg	SUAREZ ESCOBEDO Alessandra	PER	
turkiye-open-2026	Senior Women -46kg	PAVLOVA Ekaterina	RUS	
turkiye-open-2026	Senior Women -46kg	OMIRZAK Togzhan	KAZ	
turkiye-open-2026	Senior Women -46kg	KARNAUKH Mariia	RUS	
turkiye-open-2026	Senior Women -46kg	GURBUZ Zehra	TUR	
turkiye-open-2026	Senior Women -46kg	UYAR Emine Nur	TUR	
turkiye-open-2026	Senior Women -46kg	YILMAZ Damla nur	TUR	
turkiye-open-2026	Senior Women -46kg	IMRAG Nehir Oruc	TUR	
turkiye-open-2026	Senior Women -46kg	SAHBAZ Tacinisa	TUR	
turkiye-open-2026	Senior Women -46kg	TAS Simin Zeynep	TUR	
turkiye-open-2026	Senior Women -46kg	DASGIN Elif Eylul	TUR	
turkiye-open-2026	Senior Women -46kg	FAKCIOGLU Yaren	TUR	
turkiye-open-2026	Senior Women -46kg	KHEDHIRI Israa	TUN	
turkiye-open-2026	Senior Women -46kg	NAKHUSHEVA Milena	RUS	
turkiye-open-2026	Senior Women -46kg	BEDELCI Merve	TUR	
turkiye-open-2026	Senior Women -46kg	CICEK Zeynep	TUR	
turkiye-open-2026	Senior Women -46kg	TURAN Sila zeynep	TUR	
turkiye-open-2026	Senior Women -46kg	SOLOVYOVA Sophia	RUS	
turkiye-open-2026	Senior Women -46kg	BAT-ERDENE Nomin	MGL	
turkiye-open-2026	Senior Women -46kg	SHONIYOZOVA Madina	UZB	
turkiye-open-2026	Senior Women -46kg	OTARGALI Zere	KAZ	
turkiye-open-2026	Senior Women -49kg	ARTAMONOVA Anastasiia	RUS	1
turkiye-open-2026	Senior Women -49kg	FEDERA Katerina	RUS	2
turkiye-open-2026	Senior Women -49kg	ATESLI Supharada	GER	3
turkiye-open-2026	Senior Women -49kg	ANGELOVA Alisa	RUS	3
turkiye-open-2026	Senior Women -49kg	MEDVEDEVA Galina	RUS	
turkiye-open-2026	Senior Women -49kg	BAUYRZHANOVA Nuray	KAZ	
turkiye-open-2026	Senior Women -49kg	BEKULOVA Milana	RUS	
turkiye-open-2026	Senior Women -49kg	AKGUL Elif sude	TUR	
turkiye-open-2026	Senior Women -49kg	ROGOZINA Irina	RUS	
turkiye-open-2026	Senior Women -49kg	ELAASAL Nezha	MAR	
turkiye-open-2026	Senior Women -49kg	TURKYILMAZ Zeynep	TUR	
turkiye-open-2026	Senior Women -49kg	KHAN Sofiya	UZB	
turkiye-open-2026	Senior Women -49kg	KHASANOVA Laylo	UZB	
turkiye-open-2026	Senior Women -49kg	BAKISHEVA Rita	KAZ	
turkiye-open-2026	Senior Women -49kg	DEMIR Aleyna	TUR	
turkiye-open-2026	Senior Women -49kg	KHUTOVA Amina	RUS	
turkiye-open-2026	Senior Women -49kg	DEMIR Derya	TUR	
turkiye-open-2026	Senior Women -49kg	SOZEN Cansu	TUR	
turkiye-open-2026	Senior Women -49kg	BATTSEREN Munkhjin	MGL	
turkiye-open-2026	Senior Women -49kg	ZHAMALBEKOVA Kuralay	KAZ	
turkiye-open-2026	Senior Women -49kg	GUZELYURT Neziha Gul	TUR	
turkiye-open-2026	Senior Women -49kg	BATTOGTOKH Tsengelbayar	MGL	
turkiye-open-2026	Senior Women -49kg	GUNDUZ Canan	TUR	
turkiye-open-2026	Senior Women -49kg	PANTENKOVA Viktoria	RUS	
turkiye-open-2026	Senior Women -49kg	UNAL Deniz	TUR	
turkiye-open-2026	Senior Women -49kg	CELIKOGLU Zeynep	TUR	
turkiye-open-2026	Senior Women -49kg	TASKIN Zeynep	TUR	
turkiye-open-2026	Senior Women -49kg	DURNA Irem Sofiya	TUR	
turkiye-open-2026	Senior Women -49kg	BAYRAKTAR Hiranur	TUR	
turkiye-open-2026	Senior Women -49kg	ASCI Yagmur	TUR	
turkiye-open-2026	Senior Women -49kg	YILDIZ Gonca	TUR	
turkiye-open-2026	Senior Women -53kg	UZUNCAVDAR Sila irmak	TUR	1
turkiye-open-2026	Senior Women -53kg	GURBUZ Hayrunnisa	TUR	2
turkiye-open-2026	Senior Women -53kg	SUNDETBAY Aidana	KAZ	3
turkiye-open-2026	Senior Women -53kg	AKHMEDOVA Nodira	KAZ	3
turkiye-open-2026	Senior Women -53kg	GUSEINOVA Aziza	RUS	
turkiye-open-2026	Senior Women -53kg	ASIMI Adiba	GER	
turkiye-open-2026	Senior Women -53kg	EL BOUCHTI Oumaima	MAR	
turkiye-open-2026	Senior Women -53kg	SMAGINA Eva	RUS	
turkiye-open-2026	Senior Women -53kg	KARABELEVA Erika	BUL	
turkiye-open-2026	Senior Women -53kg	KARAJANOVA Aziza	KAZ	
turkiye-open-2026	Senior Women -53kg	JONGKOLRATTANAWATTANA Chutikan	THA	
turkiye-open-2026	Senior Women -53kg	SADRETDINOVA Samira	RUS	
turkiye-open-2026	Senior Women -53kg	LEVAKOVA Veronika	RUS	
turkiye-open-2026	Senior Women -53kg	MAYER Leonie	GER	
turkiye-open-2026	Senior Women -53kg	ZAYNIDDINOVA Laylo	UZB	
turkiye-open-2026	Senior Women -53kg	MAKRYGIANNI Athina	GRE	
turkiye-open-2026	Senior Women -53kg	TASOLUK Ikra nur	TUR	
turkiye-open-2026	Senior Women -53kg	ULUSOY Mulkiye Ece	TUR	
turkiye-open-2026	Senior Women -53kg	KAZNABEK Togzhan	KAZ	
turkiye-open-2026	Senior Women -53kg	DULGER Elif Sudem	TUR	
turkiye-open-2026	Senior Women -53kg	KARAMAN Kiynem	TUR	
turkiye-open-2026	Senior Women -53kg	SADYKOVA Nazmina	KAZ	
turkiye-open-2026	Senior Women -53kg	CELIK Senanur	TUR	
turkiye-open-2026	Senior Women -53kg	KOCAGOZ Safiye	TUR	
turkiye-open-2026	Senior Women -53kg	ATES Zekiye	TUR	
turkiye-open-2026	Senior Women -53kg	IZMIRLI Elif Ebrar	TUR	
turkiye-open-2026	Senior Women -53kg	HARTA Emine Yagmur	TUR	
turkiye-open-2026	Senior Women -53kg	SUBBOTINA Anastasia	RUS	
turkiye-open-2026	Senior Women -53kg	KARACA Irmak	TUR	
turkiye-open-2026	Senior Women -53kg	PUCHKINA Evgeniia	RUS	
turkiye-open-2026	Senior Women -53kg	AYTAN Belinay	TUR	
turkiye-open-2026	Senior Women -53kg	YESILTAS Busra	TUR	
turkiye-open-2026	Senior Women -53kg	EREMINA Viktoriya	RUS	
turkiye-open-2026	Senior Women -53kg	MATHLOUTHI Amna	TUN	
turkiye-open-2026	Senior Women -57kg	ZDOR Kseniia	RUS	1
turkiye-open-2026	Senior Women -57kg	SMIRNOVA Kseniia	RUS	2
turkiye-open-2026	Senior Women -57kg	SEVOSTYANOVA Mariya	KAZ	3
turkiye-open-2026	Senior Women -57kg	REZAIE Roja	GER	3
turkiye-open-2026	Senior Women -57kg	WASSANA Natkamon	THA	
turkiye-open-2026	Senior Women -57kg	KHIRFAN Fadia	JOR	
turkiye-open-2026	Senior Women -57kg	DEHHAOUI Amina	MAR	
turkiye-open-2026	Senior Women -57kg	GYUNDYUZ Selen	TUR	
turkiye-open-2026	Senior Women -57kg	IZMIR Hayrunnisa	TUR	
turkiye-open-2026	Senior Women -57kg	HASAN Gizem	TUR	
turkiye-open-2026	Senior Women -57kg	ILGUN Hatice kubra	TUR	
turkiye-open-2026	Senior Women -57kg	OZBEY Oyku	TUR	
turkiye-open-2026	Senior Women -57kg	OZLU Merve Gul	TUR	
turkiye-open-2026	Senior Women -57kg	KARAER Amine Nur	TUR	
turkiye-open-2026	Senior Women -57kg	DILER Ruya	TUR	
turkiye-open-2026	Senior Women -57kg	CELIK Edanur	TUR	
turkiye-open-2026	Senior Women -57kg	MIRABZALOVA Madina	UZB	
turkiye-open-2026	Senior Women -57kg	GOZ Mumune Nur	TUR	
turkiye-open-2026	Senior Women -57kg	BAIMENOVA Akerke	KAZ	
turkiye-open-2026	Senior Women -57kg	CACERES GONZALES Camila	PER	
turkiye-open-2026	Senior Women -57kg	GOLITSINA Anastasiia	RUS	
turkiye-open-2026	Senior Women -57kg	KILICOGLU Halime	TUR	
turkiye-open-2026	Senior Women -57kg	AZIZOVA Diyorakhon	UZB	
turkiye-open-2026	Senior Women -57kg	ISSINA Zhazira	KAZ	
turkiye-open-2026	Senior Women -57kg	KAZNABEK Nuray	KAZ	
turkiye-open-2026	Senior Women -57kg	KUCHINA Viktorya	RUS	
turkiye-open-2026	Senior Women -57kg	DINCEL KAVURAT Merve	TUR	
turkiye-open-2026	Senior Women -57kg	DZARAGAZOVA Polina	RUS	
turkiye-open-2026	Senior Women -57kg	GAVRILENKO Nina	RUS	
turkiye-open-2026	Senior Women -57kg	ROVITHIS Anastasia	GER	
turkiye-open-2026	Senior Women -57kg	ORTIZ BENITO Arlet	ESP	
turkiye-open-2026	Senior Women -57kg	KANBUR Sevval Melek	TUR	
turkiye-open-2026	Senior Women -57kg	SUBASI Irem	TUR	
turkiye-open-2026	Senior Women -57kg	SAROKINA Uladzislava	BLR	
turkiye-open-2026	Senior Women -57kg	ERDOGAN Irmak	TUR	
turkiye-open-2026	Senior Women -57kg	TEKEL Nira	TUR	
turkiye-open-2026	Senior Women -57kg	MAZGAL Rumeysa	TUR	
turkiye-open-2026	Senior Women -62kg	WU Shanshan	CHN	1
turkiye-open-2026	Senior Women -62kg	KHAYITOVA Sevinch	UZB	2
turkiye-open-2026	Senior Women -62kg	SOSHNIKOVA Alisa	RUS	3
turkiye-open-2026	Senior Women -62kg	GOGEBAKAN Huru gokce	TUR	3
turkiye-open-2026	Senior Women -62kg	SIRIN Dilara	TUR	
turkiye-open-2026	Senior Women -62kg	LAARAJ Nada	MAR	
turkiye-open-2026	Senior Women -62kg	BLIZNIAKOVA Margarita	RUS	
turkiye-open-2026	Senior Women -62kg	YIGITALP Hatice pinar	TUR	
turkiye-open-2026	Senior Women -62kg	SENYURT Aleyna	TUR	
turkiye-open-2026	Senior Women -62kg	BANNOVA Anastasiia	RUS	
turkiye-open-2026	Senior Women -62kg	KHUZINA Liliia	RUS	
turkiye-open-2026	Senior Women -62kg	TONGCHAN Sasikarn	THA	
turkiye-open-2026	Senior Women -62kg	GOEBEL Laura	GER	
turkiye-open-2026	Senior Women -62kg	CAKAL Sevval	TUR	
turkiye-open-2026	Senior Women -62kg	OZLU Melisa	TUR	
turkiye-open-2026	Senior Women -62kg	ADILBEKKYZY Aisha	KAZ	
turkiye-open-2026	Senior Women -62kg	AIMUKASHEVA Kamila	KAZ	
turkiye-open-2026	Senior Women -62kg	AGRALI Melike	TUR	
turkiye-open-2026	Senior Women -62kg	ALICI Rojin Damla	TUR	
turkiye-open-2026	Senior Women -62kg	IYIN Meryem Elif	TUR	
turkiye-open-2026	Senior Women -62kg	CAKIR Beril Behiye	TUR	
turkiye-open-2026	Senior Women -62kg	KARABULUT Beyza	TUR	
turkiye-open-2026	Senior Women -62kg	AKSIMSEK Feride	TUR	
turkiye-open-2026	Senior Women -62kg	ALRAWASHDEH Razan mohammed	JOR	
turkiye-open-2026	Senior Women -62kg	NALETOVA Anna	RUS	
turkiye-open-2026	Senior Women -62kg	DURDU Eylul Mina	TUR	
turkiye-open-2026	Senior Women -62kg	SENGUN Ahsen	TUR	
turkiye-open-2026	Senior Women -62kg	MERCIMEK Rumeysa	TUR	
turkiye-open-2026	Senior Women -62kg	MARASLI Zeynep Ebrar	TUR	
turkiye-open-2026	Senior Women -62kg	TAHRI Tasnime	TUN	
turkiye-open-2026	Senior Women -62kg	REBON FEDOROVA Ekaterina	ESP	
turkiye-open-2026	Senior Women -62kg	BADMAEVA Dayana	RUS	
turkiye-open-2026	Senior Women -62kg	DENIZ Esila	TUR	
turkiye-open-2026	Senior Women -62kg	GHANNOUCHI Ranim	TUN	
turkiye-open-2026	Senior Women -67kg	SOBIRJONOVA Ozoda	UZB	1
turkiye-open-2026	Senior Women -67kg	SKVORTSOVA Kira	RUS	2
turkiye-open-2026	Senior Women -67kg	CHEN Xuyan	CHN	3
turkiye-open-2026	Senior Women -67kg	BERISAJ Andrea	MNE	3
turkiye-open-2026	Senior Women -67kg	MOTLOKH Sofiia	RUS	
turkiye-open-2026	Senior Women -67kg	ZAFER Isil	TUR	
turkiye-open-2026	Senior Women -67kg	CAKAL Sefika	TUR	
turkiye-open-2026	Senior Women -67kg	TOMAK Eslem Ruveyda	TUR	
turkiye-open-2026	Senior Women -67kg	ZHELEZNOVA Viktoriia	RUS	
turkiye-open-2026	Senior Women -67kg	GENCER Sila Nur	TUR	
turkiye-open-2026	Senior Women -67kg	CETINEL Ceren	TUR	
turkiye-open-2026	Senior Women -67kg	GALLARDO Claudia	CHI	
turkiye-open-2026	Senior Women -67kg	KREUZER Kim vivian	GER	
turkiye-open-2026	Senior Women -67kg	NAIMANBAYEVA Aruzhan	KAZ	
turkiye-open-2026	Senior Women -67kg	CHAREEWAN Piyachatrutai	THA	
turkiye-open-2026	Senior Women -67kg	ZIABLITCEVA Anna	RUS	
turkiye-open-2026	Senior Women -67kg	NESTERENKO Elizaveta	RUS	
turkiye-open-2026	Senior Women -67kg	OZBEK Nazli Hilal	TUR	
turkiye-open-2026	Senior Women -67kg	TAUKENOVA Aida	KAZ	
turkiye-open-2026	Senior Women -67kg	ERGIN Huriye Nur	TUR	
turkiye-open-2026	Senior Women -67kg	ASKAR Ayaulym	KAZ	
turkiye-open-2026	Senior Women -67kg	KARAKOC Ruken	TUR	
turkiye-open-2026	Senior Women -67kg	OZBEY Ozge	TUR	
turkiye-open-2026	Senior Women -67kg	KRADINOVA Uliana	RUS	
turkiye-open-2026	Senior Women -67kg	KOLBAYEVA Bexulu	KAZ	
turkiye-open-2026	Senior Women -67kg	MANAI Melek	TUN	
turkiye-open-2026	Senior Women -73kg	KOSMYCHEVA Anastasiia	RUS	1
turkiye-open-2026	Senior Women -73kg	UZUNCAVDAR Sude yaren	TUR	2
turkiye-open-2026	Senior Women -73kg	CHUENCHOOKLIN Kannaluck	THA	3
turkiye-open-2026	Senior Women -73kg	MAKHMUTOVA Nazym	KAZ	3
turkiye-open-2026	Senior Women -73kg	KAYMAZ Figen	TUR	
turkiye-open-2026	Senior Women -73kg	BERISAJ Andela	MNE	
turkiye-open-2026	Senior Women -73kg	BIRNI Nisa Nur	TUR	
turkiye-open-2026	Senior Women -73kg	SKAPROVSKA Valeriia	RUS	
turkiye-open-2026	Senior Women -73kg	DEMIR Kardelen	TUR	
turkiye-open-2026	Senior Women -73kg	HOERMANN Emily	GER	
turkiye-open-2026	Senior Women -73kg	PEKONKINA Anna	RUS	
turkiye-open-2026	Senior Women -73kg	HADZIC Alema	GER	
turkiye-open-2026	Senior Women -73kg	LEVICHEVA Kristina	RUS	
turkiye-open-2026	Senior Women -73kg	AGUIRRE Fernanda	CHI	
turkiye-open-2026	Senior Women -73kg	NEDIC Marlen sophie	GER	
turkiye-open-2026	Senior Women -73kg	KAREPOVA Irina	RUS	
turkiye-open-2026	Senior Women -73kg	KENGESBEK Nurly	KAZ	
turkiye-open-2026	Senior Women -73kg	ERDOGAN Nisa	TUR	
turkiye-open-2026	Senior Women +73kg	BRANDL Lorena	GER	1
turkiye-open-2026	Senior Women +73kg	MUSLIMOVA Linara	RUS	2
turkiye-open-2026	Senior Women +73kg	SHVEDKOVA Polina	RUS	3
turkiye-open-2026	Senior Women +73kg	OSIPOVA Svetlana	UZB	3
turkiye-open-2026	Senior Women +73kg	MIRTADJIEVA Iroda	UZB	
turkiye-open-2026	Senior Women +73kg	ADEBAIO Kristina	RUS	
turkiye-open-2026	Senior Women +73kg	AKBULAK Esra	TUR	
turkiye-open-2026	Senior Women +73kg	KAVUKCUOGLU Zehra begum	TUR	
turkiye-open-2026	Senior Women +73kg	ERTUGRUL Ayse	TUR	
turkiye-open-2026	Senior Women +73kg	MEHRI Ariana	IRQ	
turkiye-open-2026	Senior Women +73kg	DEMIRALP Buse	TUR	
turkiye-open-2026	Senior Women +73kg	KHUBULOVA Anzhelika	RUS	
turkiye-open-2026	Senior Women +73kg	YERKASSIMOVA Axaule	KAZ	
turkiye-open-2026	Senior Women +73kg	MIKHAILOVA Iuliia	RUS	
turkiye-open-2026	Senior Women +73kg	BAL Hatice Sila	TUR	
turkiye-open-2026	Senior Women +73kg	KRAPIVKA Anna	RUS	
european-championships-2026	Senior Men -54kg	AGENJO TRIGOS Jairo	ESP	1
european-championships-2026	Senior Men -54kg	CIRIVELLO Gaetano	ITA	2
european-championships-2026	Senior Men -54kg	PSARROS Aristeidis nikolaos	GRE	3
european-championships-2026	Senior Men -54kg	GEORGIEV Hristiyan	BUL	3
european-championships-2026	Senior Men -54kg	ROSCA Artiom	MDA	
european-championships-2026	Senior Men -54kg	YELALDI Kaan	TUR	
european-championships-2026	Senior Men -54kg	SOKOLOWKSI Antoni	POL	
european-championships-2026	Senior Men -54kg	GELADZE Vitali	GEO	
european-championships-2026	Senior Men -54kg	PASHCOVSKY Tom	ISR	
european-championships-2026	Senior Men -54kg	KAZLOU Yahor	BLR	
european-championships-2026	Senior Men -54kg	NITSAS Christos rafail	GER	
european-championships-2026	Senior Men -54kg	ALESIO CAPOLINI Mathis	FRA	
european-championships-2026	Senior Men -54kg	HANAFY Fayez	EST	
european-championships-2026	Senior Men -54kg	MARWAN Mussa	SWE	
european-championships-2026	Senior Men -54kg	DADASHOV Sayyad	AZE	
european-championships-2026	Senior Men -54kg	DEVERNAY Maroje	CRO	
european-championships-2026	Senior Men -54kg	PONOMARENKO Vladyslav	UKR	
european-championships-2026	Senior Men -54kg	CANI Georgios	ALB	
european-championships-2026	Senior Men -54kg	MELIKYAN Aleks	ARM	
european-championships-2026	Senior Men -54kg	SPYROU Antreas	CYP	
european-championships-2026	Senior Men -54kg	MIKLAVCIC Aljaz	SLO	
european-championships-2026	Senior Men -54kg	SARSOZA Zack	GBR	
european-championships-2026	Senior Men -54kg	HAMI Muhammed	TRT	
european-championships-2026	Senior Men -54kg	GARCIA Noah	POR	
european-championships-2026	Senior Men -54kg	VIZDIKLAR Suleyman	KOS	
european-championships-2026	Senior Men -58kg	GURTSIEV Georgii	BLR	1
european-championships-2026	Senior Men -58kg	TOUIAR Abderrahman	ITA	2
european-championships-2026	Senior Men -58kg	DIMITROPOULOS Konstantinos	GRE	3
european-championships-2026	Senior Men -58kg	KAPLAN Enes	TUR	3
european-championships-2026	Senior Men -58kg	SALIM Sharif gergely	HUN	
european-championships-2026	Senior Men -58kg	TESKERA Josip	CRO	
european-championships-2026	Senior Men -58kg	TRISTAN Scutaru	ROU	
european-championships-2026	Senior Men -58kg	MANENKOV Maksym	UKR	
european-championships-2026	Senior Men -58kg	N'GAIDE Idriss	FRA	
european-championships-2026	Senior Men -58kg	LOPES Tiago	POR	
european-championships-2026	Senior Men -58kg	MOLJ Domen	SLO	
european-championships-2026	Senior Men -58kg	ALAMI Josef	SWE	
european-championships-2026	Senior Men -58kg	KORNEEV Lev	SRB	
european-championships-2026	Senior Men -58kg	MAGOMEDOV Gashim	AZE	
european-championships-2026	Senior Men -58kg	SPARRE Nikolai yuma	GER	
european-championships-2026	Senior Men -58kg	MOLLE Milan	NED	
european-championships-2026	Senior Men -58kg	LIKOMETI Tedi	ALB	
european-championships-2026	Senior Men -58kg	FRAILE Jesus	ESP	
european-championships-2026	Senior Men -58kg	TSERTSVADZE Tengiz	GEO	
european-championships-2026	Senior Men -58kg	HADJICOSTI Prodromos angelos	CYP	
european-championships-2026	Senior Men -58kg	AMATI Federico	SMR	
european-championships-2026	Senior Men -58kg	FARNES Ricki Gene	DEN	
european-championships-2026	Senior Men -58kg	DJONKO Ibrahim	BIH	
european-championships-2026	Senior Men -58kg	ADEMI Bleron	KOS	
european-championships-2026	Senior Men -58kg	BULAVCA Artiom	MDA	
european-championships-2026	Senior Men -63kg	BORGEN Kristian storsul	NOR	1
european-championships-2026	Senior Men -63kg	RAVET Cyrian	FRA	2
european-championships-2026	Senior Men -63kg	SALIM Omar gergely	HUN	3
european-championships-2026	Senior Men -63kg	IURLARO Ludovico	ITA	3
european-championships-2026	Senior Men -63kg	SUSILUOTO Otto	FIN	
european-championships-2026	Senior Men -63kg	MITKOV Stanislav	BUL	
european-championships-2026	Senior Men -63kg	MERDANAJ Ernest	ALB	
european-championships-2026	Senior Men -63kg	VICENTE YUNTA Adrian	ESP	
european-championships-2026	Senior Men -63kg	BANDAREVICH Maksim	BLR	
european-championships-2026	Senior Men -63kg	MIRZOIEV Samir	UKR	
european-championships-2026	Senior Men -63kg	OZKAYA Imran	GER	
european-championships-2026	Senior Men -63kg	SAFARYN Piotr	POL	
european-championships-2026	Senior Men -63kg	GERARDIS Georgios	GRE	
european-championships-2026	Senior Men -63kg	PILAVAKIS Ioannis	CYP	
european-championships-2026	Senior Men -63kg	OTER Ibrahim	TUR	
european-championships-2026	Senior Men -63kg	FLEGAR Jan	CRO	
european-championships-2026	Senior Men -63kg	MOLJ Ozbolt	SLO	
european-championships-2026	Senior Men -63kg	MCINTOSH Jamie	GBR	
european-championships-2026	Senior Men -63kg	AGAPOV Dmytriy	POR	
european-championships-2026	Senior Men -63kg	MUSKEVITS Denis	EST	
european-championships-2026	Senior Men -63kg	BOJERUD BANDAGO Elias ibrahim	SWE	
european-championships-2026	Senior Men -63kg	ADEMI Valton	KOS	
european-championships-2026	Senior Men -63kg	HORVATH Matej	SVK	
european-championships-2026	Senior Men -63kg	KHAVARI Mahdi	TRT	
european-championships-2026	Senior Men -63kg	CONOS Mihail	MDA	
european-championships-2026	Senior Men -63kg	MEMETI Dionis	SUI	
european-championships-2026	Senior Men -63kg	NESTOROVIĆ Vasilije	MNE	
european-championships-2026	Senior Men -63kg	MURADYAN Sargis	ARM	
european-championships-2026	Senior Men -63kg	MAHARLAMLI Fuad	AZE	
european-championships-2026	Senior Men -63kg	VUKOTIC Danilo	SRB	
european-championships-2026	Senior Men -63kg	MAHNU Adam	DEN	
european-championships-2026	Senior Men -68kg	ERER Berkay	TUR	1
european-championships-2026	Senior Men -68kg	BYSTROV Volodymyr	UKR	2
european-championships-2026	Senior Men -68kg	BARETTA Dennis	ITA	3
european-championships-2026	Senior Men -68kg	HOWELL Matthew	GBR	3
european-championships-2026	Senior Men -68kg	KRAJISNIK Zarko	SRB	
european-championships-2026	Senior Men -68kg	JOZSA Levente mark	HUN	
european-championships-2026	Senior Men -68kg	LUCIEN Theo	FRA	
european-championships-2026	Senior Men -68kg	PANAGOPOULOS Apostolos	GRE	
european-championships-2026	Senior Men -68kg	CHRZANOWSKI Mateusz	POL	
european-championships-2026	Senior Men -68kg	DJONKO Muhamed	BIH	
european-championships-2026	Senior Men -68kg	JORQUERA CALA Joan	ESP	
european-championships-2026	Senior Men -68kg	SHIRALIYEV Riyad	AZE	
european-championships-2026	Senior Men -68kg	TIRANVALIPOUR Hadi	TRT	
european-championships-2026	Senior Men -68kg	KRIVISHKIY Nimrod	ISR	
european-championships-2026	Senior Men -68kg	HYTTEL Tobias	DEN	
european-championships-2026	Senior Men -68kg	CAVUSMAN Emre	GER	
european-championships-2026	Senior Men -68kg	DUGAC Grga	CRO	
european-championships-2026	Senior Men -68kg	LAUCEVIČIUS Tadas	LTU	
european-championships-2026	Senior Men -68kg	NEYI Esrom	TRT	
european-championships-2026	Senior Men -68kg	SILVA Ricardo	POR	
european-championships-2026	Senior Men -68kg	MORADI Erfan	TRT	
european-championships-2026	Senior Men -68kg	VAN VULPEN Jesse	NED	
european-championships-2026	Senior Men -68kg	AL GHOTANY Yahya	TRT	
european-championships-2026	Senior Men -68kg	AGUSHI Elion	KOS	
european-championships-2026	Senior Men -68kg	BUGNEAC Liviu	MDA	
european-championships-2026	Senior Men -68kg	MIATLITSKI Matsvei	BLR	
european-championships-2026	Senior Men -68kg	RIBBESTAD Markus	SWE	
european-championships-2026	Senior Men -68kg	BUBA Gledis	ALB	
european-championships-2026	Senior Men -68kg	ABBASI Ali reza	TRT	
european-championships-2026	Senior Men -68kg	KAVTARADZE Beka	GEO	
european-championships-2026	Senior Men -68kg	COULIBALY Sekou	LUX	
european-championships-2026	Senior Men -68kg	AZIZI Alisina	TRT	
european-championships-2026	Senior Men -68kg	NICOLAIDES Loucas	CYP	
european-championships-2026	Senior Men -68kg	FRGOLEC Damien Pavel	SVK	
european-championships-2026	Senior Men -74kg	TAKOV Stefan	SRB	1
european-championships-2026	Senior Men -74kg	KINTSURASHVILI Zurab	GEO	2
european-championships-2026	Senior Men -74kg	AGHAYEV Javad	AZE	3
european-championships-2026	Senior Men -74kg	GOLUBIC Marko	CRO	3
european-championships-2026	Senior Men -74kg	QUESADA BARRERA Daniel	ESP	
european-championships-2026	Senior Men -74kg	CUDNOCH Lukasz	POL	
european-championships-2026	Senior Men -74kg	SITTEK Tomas	CZE	
european-championships-2026	Senior Men -74kg	JORGENSEN Otto	DEN	
european-championships-2026	Senior Men -74kg	ALAPHILIPPE Souleyman	FRA	
european-championships-2026	Senior Men -74kg	STAMENOV Stefan	BUL	
european-championships-2026	Senior Men -74kg	MANGIONE Angelo	ITA	
european-championships-2026	Senior Men -74kg	KLAJKO David	HUN	
european-championships-2026	Senior Men -74kg	LOTT Liam	GER	
european-championships-2026	Senior Men -74kg	NIKOLAOU Nikolas	CYP	
european-championships-2026	Senior Men -74kg	BECOVIC Zinedin	MNE	
european-championships-2026	Senior Men -74kg	COSTA Diogo rafael alves da	POR	
european-championships-2026	Senior Men -74kg	SAHITI Mal	KOS	
european-championships-2026	Senior Men -74kg	FRGOLEC Miroslav	SVK	
european-championships-2026	Senior Men -74kg	HRYHORCHUK Andrii	UKR	
european-championships-2026	Senior Men -74kg	TSOLAS Themistoklis	GRE	
european-championships-2026	Senior Men -74kg	NICOLAE Dogari	MDA	
european-championships-2026	Senior Men -74kg	CRESCENTINI Stefano	SMR	
european-championships-2026	Senior Men -74kg	HUSIC Benjamin	BIH	
european-championships-2026	Senior Men -74kg	ALIAN Ali	SWE	
european-championships-2026	Senior Men -74kg	SURVILA Aironas	LTU	
european-championships-2026	Senior Men -74kg	KAVURAT Ferhat can	TUR	
european-championships-2026	Senior Men -74kg	SHADZEUSKI Yauheni	BLR	
european-championships-2026	Senior Men -74kg	DANIELYAN Armen	ARM	
european-championships-2026	Senior Men -80kg	TURAVINAU Raman	BLR	1
european-championships-2026	Senior Men -80kg	HURNOV Kyrylo	UKR	2
european-championships-2026	Senior Men -80kg	PAPADOPOULOS Ioannis	GRE	3
european-championships-2026	Senior Men -80kg	HRGOTA Leon	CRO	3
european-championships-2026	Senior Men -80kg	MILAN CANOVAS Juan antonio	ESP	
european-championships-2026	Senior Men -80kg	GASHI Jon	KOS	
european-championships-2026	Senior Men -80kg	ODINAEV Rustam	SRB	
european-championships-2026	Senior Men -80kg	SIGURJONSSON Gudmundur floki	ISL	
european-championships-2026	Senior Men -80kg	HOSSEINI BIJI KOLA Seyed Omid	BUL	
european-championships-2026	Senior Men -80kg	SULEAC Dmitrii	MDA	
european-championships-2026	Senior Men -80kg	JOCHMAN Adam	CZE	
european-championships-2026	Senior Men -80kg	HUSIC Nedzad	BIH	
european-championships-2026	Senior Men -80kg	MANSOURI Farzad	TRT	
european-championships-2026	Senior Men -80kg	CALIK Enis	GER	
european-championships-2026	Senior Men -80kg	MARTINHO Manuel	POR	
european-championships-2026	Senior Men -80kg	AKBABAOZ Muhammed buğrahan	TRT	
european-championships-2026	Senior Men -80kg	BREGNBALLE Emil	DEN	
european-championships-2026	Senior Men -80kg	MATURO Emanuele vittorio	ITA	
european-championships-2026	Senior Men -80kg	PERUNIČIĆ Vasilije	MNE	
european-championships-2026	Senior Men -80kg	BLAZEVSKI Filip	MKD	
european-championships-2026	Senior Men -80kg	KILIC Yigithan	TUR	
european-championships-2026	Senior Men -80kg	HIDRI Ibrahim	ALB	
european-championships-2026	Senior Men -80kg	MUSKEVITS Aleksandr	EST	
european-championships-2026	Senior Men -80kg	ALIYEV Eljan	AZE	
european-championships-2026	Senior Men -80kg	CHARALAMBOUS Evangelos	CYP	
european-championships-2026	Senior Men -80kg	ODLING HEDQVIST Tim	SWE	
european-championships-2026	Senior Men -80kg	CRISTESCU Mihai adrian	ROU	
european-championships-2026	Senior Men -80kg	ROMUNDSET Martin	NOR	
european-championships-2026	Senior Men -87kg	PIATKOWSKI Szymon	POL	1
european-championships-2026	Senior Men -87kg	TROITINO AMOEDO Sergio	ESP	2
european-championships-2026	Senior Men -87kg	HARBAR Artem	UKR	3
european-championships-2026	Senior Men -87kg	THOLIOTIS Vasileios	GRE	3
european-championships-2026	Senior Men -87kg	ABEDINI Mehdi	TRT	
european-championships-2026	Senior Men -87kg	SNACOV Laurentiu	ROU	
european-championships-2026	Senior Men -87kg	BILIC Josip	CRO	
european-championships-2026	Senior Men -87kg	STOJANOVIC Stefan	SRB	
european-championships-2026	Senior Men -87kg	MOKHTARI Mohammad	TRT	
european-championships-2026	Senior Men -87kg	NUCI Erol	BIH	
european-championships-2026	Senior Men -87kg	DIVKOVIC Patrik	SLO	
european-championships-2026	Senior Men -87kg	YURKOU Daniil	BLR	
european-championships-2026	Senior Men -87kg	ATESLI Orkun	TUR	
european-championships-2026	Senior Men -87kg	HOERMANN Vincent	GER	
european-championships-2026	Senior Men -87kg	FRONDA Sandro	SWE	
european-championships-2026	Senior Men -87kg	STYLIANIDIS Aris	CYP	
european-championships-2026	Senior Men +87kg	CUNNINGHAM Caden	GBR	1
european-championships-2026	Senior Men +87kg	GARCIA MARTINEZ Ivan	ESP	2
european-championships-2026	Senior Men +87kg	PLONIS Artsiom	BLR	3
european-championships-2026	Senior Men +87kg	SAPINA Ivan	CRO	3
european-championships-2026	Senior Men +87kg	RUDERMAN Ilia	ISR	
european-championships-2026	Senior Men +87kg	HARBAR Andrii	UKR	
european-championships-2026	Senior Men +87kg	MOLIN Mattia	ITA	
european-championships-2026	Senior Men +87kg	GEORGIEVSKI Dejan	MKD	
european-championships-2026	Senior Men +87kg	GOLUBOVIC Milos	SRB	
european-championships-2026	Senior Men +87kg	BAILEY Kelen	HUN	
european-championships-2026	Senior Men +87kg	ABBASIPOUYA Abolfazl	TRT	
european-championships-2026	Senior Men +87kg	RIBEIRO Tiago	POR	
european-championships-2026	Senior Men +87kg	TELIKOSTOGLOU Apostolos	GRE	
european-championships-2026	Senior Men +87kg	ISBRECHT Kevin	GER	
european-championships-2026	Senior Men +87kg	JABLONSKI Zbigniew	POL	
european-championships-2026	Senior Men +87kg	ATESLI Emre kutalmis	TUR	
european-championships-2026	Senior Men +87kg	ANDREOU Petros	CYP	
european-championships-2026	Senior Men +87kg	MATSABERIDZE Ilia	GEO	
european-championships-2026	Senior Men +87kg	BRINK Kevin	SWE	
european-championships-2026	Senior Men +87kg	BALCIUNAS Gabijus	LTU	
european-championships-2026	Senior Men +87kg	MARINESCU Dragos	MDA	
european-championships-2026	Senior Men +87kg	HANUSOVSKY Richard	SVK	
european-championships-2026	Senior Men +87kg	TRAJKOVIC Ivan konrad	SLO	
european-championships-2026	Senior Women -46kg	SALIM Kamilah	HUN	1
european-championships-2026	Senior Women -46kg	GOGEBAKAN Emine	TUR	2
european-championships-2026	Senior Women -46kg	BAYECH Rivka	ISR	3
european-championships-2026	Senior Women -46kg	BALLA Liliana	GER	3
european-championships-2026	Senior Women -46kg	MAKAS Dzejla	BIH	
european-championships-2026	Senior Women -46kg	BERTAGNIN Elisa	ITA	
european-championships-2026	Senior Women -46kg	GEORGIOU Melina	GRE	
european-championships-2026	Senior Women -46kg	AKBAROVA Minaya	AZE	
european-championships-2026	Senior Women -46kg	KHORSHIDI Aysa	TRT	
european-championships-2026	Senior Women -46kg	TAMMILA Ida-elina	FIN	
european-championships-2026	Senior Women -46kg	BRAJOVIC Iva	SRB	
european-championships-2026	Senior Women -46kg	DIAZ ARRIBAS Violeta	ESP	
european-championships-2026	Senior Women -46kg	PEEVA Deya	BUL	
european-championships-2026	Senior Women -46kg	NORDH Olivia	SWE	
european-championships-2026	Senior Women -46kg	POURYOUNES Dina	TRT	
european-championships-2026	Senior Women -46kg	PRPIC Sara	CRO	
european-championships-2026	Senior Women -46kg	KAMINSKA Michaela	SVK	
european-championships-2026	Senior Women -46kg	SHVARTS Olha	UKR	
european-championships-2026	Senior Women -49kg	AKGUL Elif sude	TUR	1
european-championships-2026	Senior Women -49kg	BOKAN Andrea	SRB	2
european-championships-2026	Senior Women -49kg	FOFANA Mah teninba	FRA	3
european-championships-2026	Senior Women -49kg	CEREZO IGLESIAS Adriana	ESP	3
european-championships-2026	Senior Women -49kg	DAN (DANSHYNA) Oleksandra	ISR	
european-championships-2026	Senior Women -49kg	GEORGIEVA Aleksandra	BUL	
european-championships-2026	Senior Women -49kg	LINAN PARDO Naiara	AND	
european-championships-2026	Senior Women -49kg	MALOBERTI Lucrezia	ITA	
european-championships-2026	Senior Women -49kg	HINIC Sofija	CRO	
european-championships-2026	Senior Women -49kg	BOUROGIANNI Konstantina eleni	GRE	
european-championships-2026	Senior Women -49kg	ATESLI Supharada	GER	
european-championships-2026	Senior Women -49kg	MAKAS Ejla	BIH	
european-championships-2026	Senior Women -49kg	FERREIRA Matilde	POR	
european-championships-2026	Senior Women -49kg	STRUNETS Maryia	BLR	
european-championships-2026	Senior Women -49kg	OSMANOVA Samarrukh	AZE	
european-championships-2026	Senior Women -49kg	RAMO Jenna	FIN	
european-championships-2026	Senior Women -49kg	KELC Emma	SWE	
european-championships-2026	Senior Women -49kg	MIRZAEE Zahro	TRT	
european-championships-2026	Senior Women -49kg	JANUSAUSKAITE Ugne	LTU	
european-championships-2026	Senior Women -53kg	DINCEL KAVURAT Merve	TUR	1
european-championships-2026	Senior Women -53kg	KARABELEVA Erika	BUL	2
european-championships-2026	Senior Women -53kg	MCKEW Jodie	GBR	3
european-championships-2026	Senior Women -53kg	KLAKALA Magdalini	GRE	3
european-championships-2026	Senior Women -53kg	VIGDOR Ariel	ISR	
european-championships-2026	Senior Women -53kg	ASIMI Adiba	GER	
european-championships-2026	Senior Women -53kg	RADIC Ozana	CRO	
european-championships-2026	Senior Women -53kg	FRASSICA Anna	ITA	
european-championships-2026	Senior Women -53kg	MOGHAL Amna	NOR	
european-championships-2026	Senior Women -53kg	AVDAGIC Ada	BIH	
european-championships-2026	Senior Women -53kg	LAKEHAL-ROLLINGS Manissa	FRA	
european-championships-2026	Senior Women -53kg	MAMMADOVA Maryam	AZE	
european-championships-2026	Senior Women -53kg	STANKOVIC Vanja	SRB	
european-championships-2026	Senior Women -53kg	KAADACH Sophia jusra	DEN	
european-championships-2026	Senior Women -53kg	RODRIGUEZ Laura	ESP	
european-championships-2026	Senior Women -53kg	SUSILUOTO Inari	FIN	
european-championships-2026	Senior Women -53kg	PERNISCHOVA Simona	SVK	
european-championships-2026	Senior Women -53kg	MACARI Iuliana	MDA	
european-championships-2026	Senior Women -53kg	BILLQVIST Felicia	SWE	
european-championships-2026	Senior Women -53kg	VOLOSENKO Anastasiia	UKR	
european-championships-2026	Senior Women -53kg	BASTOS Filipa	POR	
european-championships-2026	Senior Women -53kg	BYRNE Ruby	IRL	
european-championships-2026	Senior Women -57kg	VITKO Yuliya	BLR	1
european-championships-2026	Senior Women -57kg	KARABATIC Nika	CRO	2
european-championships-2026	Senior Women -57kg	ILGUN Hatice kubra	TUR	3
european-championships-2026	Senior Women -57kg	PATAKFALVY Luca	HUN	3
european-championships-2026	Senior Women -57kg	REZAIE Roja	GER	
european-championships-2026	Senior Women -57kg	CARABIN Kanelya	FRA	
european-championships-2026	Senior Women -57kg	LISOWSKA Nikol	POL	
european-championships-2026	Senior Women -57kg	KOSTENEVYCH Darya	UKR	
european-championships-2026	Senior Women -57kg	KHORSHIDI Ayda	TRT	
european-championships-2026	Senior Women -57kg	LUKIC Jana	SRB	
european-championships-2026	Senior Women -57kg	SESAR VILA Carla	ESP	
european-championships-2026	Senior Women -57kg	TEGGERI Markella	CYP	
european-championships-2026	Senior Women -57kg	PEZZOLLA Lucia	ITA	
european-championships-2026	Senior Women -57kg	MEIŠTININKAITĖ Gerda	LTU	
european-championships-2026	Senior Women -57kg	HANSEN Kaja husby	NOR	
european-championships-2026	Senior Women -57kg	HRONOVA Dominika	CZE	
european-championships-2026	Senior Women -57kg	KRAISNIK Ivana	BIH	
european-championships-2026	Senior Women -57kg	KALLSTRAND Izabella	SWE	
european-championships-2026	Senior Women -57kg	ADREGO Ana	POR	
european-championships-2026	Senior Women -57kg	REPOULIA Athanasia	GRE	
european-championships-2026	Senior Women -57kg	KARLSSON Alma friis	DEN	
european-championships-2026	Senior Women -62kg	MARTON Viviana	HUN	1
european-championships-2026	Senior Women -62kg	SECANELL Elsa	ESP	2
european-championships-2026	Senior Women -62kg	SZPAK Julia	POL	3
european-championships-2026	Senior Women -62kg	STOLBOVA Petra	CZE	3
european-championships-2026	Senior Women -62kg	RELJIKJ Miljana	MKD	
european-championships-2026	Senior Women -62kg	HABULIN Kim Vivian	GER	
european-championships-2026	Senior Women -62kg	YIGITALP Hatice pinar	TUR	
european-championships-2026	Senior Women -62kg	MESTROVIC Dora	CRO	
european-championships-2026	Senior Women -62kg	SMYCHKOVA Valeryia	BLR	
european-championships-2026	Senior Women -62kg	GRETARSDOTTIR Ingibjorg	ISL	
european-championships-2026	Senior Women -62kg	RAAGMETS Carmen	EST	
european-championships-2026	Senior Women -62kg	MOCALINA Vladislava	LAT	
european-championships-2026	Senior Women -62kg	MARIC Ela	SRB	
european-championships-2026	Senior Women -62kg	CORREIA Leonor	POR	
european-championships-2026	Senior Women -62kg	SARVANAKI Theopoula	GRE	
european-championships-2026	Senior Women -62kg	KOZLOVA Nataliia	UKR	
european-championships-2026	Senior Women -62kg	DOUCET Teeyah	FRA	
european-championships-2026	Senior Women -62kg	NAZAROVA Iulia	MDA	
european-championships-2026	Senior Women -62kg	HAMIDI Marzieh	TRT	
european-championships-2026	Senior Women -62kg	SYMEOU Konstantina	CYP	
european-championships-2026	Senior Women -62kg	KURIC Ema	BIH	
european-championships-2026	Senior Women -67kg	MARENTAKI Styliani	GRE	1
european-championships-2026	Senior Women -67kg	MARTON Luana	HUN	2
european-championships-2026	Senior Women -67kg	BERISAJ Andrea	MNE	3
european-championships-2026	Senior Women -67kg	PERISIC Aleksandra	SRB	3
european-championships-2026	Senior Women -67kg	NOWAK Julia	POL	
european-championships-2026	Senior Women -67kg	MEHNANA Ines	FRA	
european-championships-2026	Senior Women -67kg	MAGGIORE Giulia	ITA	
european-championships-2026	Senior Women -67kg	POLE Doris	CRO	
european-championships-2026	Senior Women -67kg	MINK Amy	NED	
european-championships-2026	Senior Women -67kg	MORENO REYES Lena	ESP	
european-championships-2026	Senior Women -67kg	NILSEN Mari romundset	NOR	
european-championships-2026	Senior Women -67kg	PAVLENKO Alisa	UKR	
european-championships-2026	Senior Women -67kg	TVARONAVICIUTE Klaudija	LTU	
european-championships-2026	Senior Women -67kg	KOERNDL Vanessa	GER	
european-championships-2026	Senior Women -67kg	FABER Isabelle	LUX	
european-championships-2026	Senior Women -67kg	ZAFER Isil	TUR	
european-championships-2026	Senior Women -67kg	COELHO Mafalda	POR	
european-championships-2026	Senior Women -67kg	KRUPJAKOVA Alzbeta	SVK	
european-championships-2026	Senior Women -67kg	CASPERSSON Alva	SWE	
european-championships-2026	Senior Women -67kg	HRGIC Anja	BIH	
european-championships-2026	Senior Women -67kg	SOFOKLEOUS Aria	CYP	
european-championships-2026	Senior Women -73kg	CHAARI Sarah	BEL	1
european-championships-2026	Senior Women -73kg	UZUNCAVDAR Sude yaren	TUR	2
european-championships-2026	Senior Women -73kg	MCGOWAN Rebecca	GBR	3
european-championships-2026	Senior Women -73kg	WIET HENIN Magda	FRA	3
european-championships-2026	Senior Women -73kg	MORAN ROMERO Belen	ESP	
european-championships-2026	Senior Women -73kg	RUDOLF Nika	SLO	
european-championships-2026	Senior Women -73kg	BOZANIC Nadica	SRB	
european-championships-2026	Senior Women -73kg	BERISAJ Andela	MNE	
european-championships-2026	Senior Women -73kg	PODOLIAN Renata	UKR	
european-championships-2026	Senior Women -73kg	PORCESCU Loredana	MDA	
european-championships-2026	Senior Women -73kg	MASTELIC Mila	CRO	
european-championships-2026	Senior Women -73kg	HOERMANN Emily	GER	
european-championships-2026	Senior Women -73kg	KOWALCZUK Aleksandra	POL	
european-championships-2026	Senior Women -73kg	NTE Nefeli	GRE	
european-championships-2026	Senior Women -73kg	JUHASZOVA Iveta	CZE	
european-championships-2026	Senior Women +73kg	BRANDL Lorena	GER	1
european-championships-2026	Senior Women +73kg	WILLIAMS Lauren	GBR	2
european-championships-2026	Senior Women +73kg	HAREMZA Dagmara	POL	3
european-championships-2026	Senior Women +73kg	KUS AYDIN Nafia	TUR	3
european-championships-2026	Senior Women +73kg	KITSIOU Agoritsa artemia	GRE	
european-championships-2026	Senior Women +73kg	AVOULETTE Solene	FRA	
european-championships-2026	Senior Women +73kg	MATIC Magdalena	CRO	
european-championships-2026	Senior Women +73kg	CASTINEIRA Tania	ESP	
european-championships-2026	Senior Women +73kg	HELVIGA Viktorija	LAT	
european-championships-2026	Senior Women +73kg	MIKHALCHUK Palina	BLR	
european-championships-2026	Senior Women +73kg	HAWASH Dania	SWE	
european-championships-2026	Senior Women +73kg	KLOOSTERMAN Famke	NED	
european-championships-2026	Senior Women +73kg	KUCHYNA Viktoriia	UKR	
european-championships-2026	Senior Women +73kg	SEVIC Andjela	SRB	
european-championships-2026	Senior Women +73kg	CHARALAMBOUS Marilena	CYP	
european-championships-2026	Senior Women +73kg	FRANCISCA MONIZ Maria	POR	
asian-championships-2026	Senior Men -54kg	TAECHARATTANAWIBOON Thanat	THA	
asian-championships-2026	Senior Men -54kg	HAJI BAKAR Abrar	BRU	
asian-championships-2026	Senior Men -54kg	QIAN Jiacai	CHN	
asian-championships-2026	Senior Men -54kg	ASYMBEK UULU Alisher	KGZ	
asian-championships-2026	Senior Men -54kg	RAZMIAN Mehdi	IRI	
asian-championships-2026	Senior Men -54kg	SAH Om lal	IND	
asian-championships-2026	Senior Men -54kg	RAHIMI Ihasam	AFG	
asian-championships-2026	Senior Men -54kg	OHARA Keishin	JPN	
asian-championships-2026	Senior Men -54kg	YENSEGENOV Yerkebulan	KAZ	3
asian-championships-2026	Senior Men -54kg	HIDAYAT TUMAKAKA Aziz	INA	
asian-championships-2026	Senior Men -54kg	BARBOSA Kurt bryan	PHI	
asian-championships-2026	Senior Men -54kg	ALDAOUD Ja'afar	JOR	1
asian-championships-2026	Senior Men -54kg	NGUYEN Hong trong	VIE	
asian-championships-2026	Senior Men -54kg	DA COSTA Devinho cerilo	TLS	
asian-championships-2026	Senior Men -54kg	AL BULUSHI Al muhanad	OMA	
asian-championships-2026	Senior Men -54kg	ZHANG Shengchen	CHN	
asian-championships-2026	Senior Men -54kg	CHAN Iek hei	MAC	
asian-championships-2026	Senior Men -54kg	MUNKHBAYAR Enkhdul	MGL	
asian-championships-2026	Senior Men -54kg	KHAN Shahzaib	PAK	
asian-championships-2026	Senior Men -54kg	VALIZADEH AFROOZI Yasin	IRI	2
asian-championships-2026	Senior Men -54kg	KHUDAYBERDIEV Jakhongir	UZB	3
asian-championships-2026	Senior Men -54kg	LEE Donggun	KOR	
asian-championships-2026	Senior Men -54kg	CHAU Ngai long	HKG	
asian-championships-2026	Senior Men -54kg	PANG Keston	SGP	
asian-championships-2026	Senior Men -54kg	WANG Liu-je	TPE	
asian-championships-2026	Senior Men -54kg	ALMUSHRAF Abdullah essa a	KSA	
asian-championships-2026	Senior Men -58kg	MOHAMED Ali	UAE	
asian-championships-2026	Senior Men -58kg	BIST Sumit	NEP	
asian-championships-2026	Senior Men -58kg	OTAJONOV Omonjon	UZB	3
asian-championships-2026	Senior Men -58kg	VONG Man fai	MAC	
asian-championships-2026	Senior Men -58kg	YONDONJAMTS Purevdash	MGL	
asian-championships-2026	Senior Men -58kg	AWADALLAH Mohamed	QAT	
asian-championships-2026	Senior Men -58kg	SAMIDINOV Nurkhan	KGZ	
asian-championships-2026	Senior Men -58kg	AYNAGA Aljen	PHI	
asian-championships-2026	Senior Men -58kg	CHENG Kai	CHN	
asian-championships-2026	Senior Men -58kg	CERILIO Do rego cruz lein	TLS	
asian-championships-2026	Senior Men -58kg	HAMDI Riad nasser a	KSA	
asian-championships-2026	Senior Men -58kg	KIM Jongmyeong	KOR	3
asian-championships-2026	Senior Men -58kg	WAHID Abdul	IND	
asian-championships-2026	Senior Men -58kg	YANG Huichan	KOR	2
asian-championships-2026	Senior Men -58kg	YOUSIF Mahmoud bassam	JOR	
asian-championships-2026	Senior Men -58kg	YOUDETH Sam	CAM	
asian-championships-2026	Senior Men -58kg	NAWROZI Azad big	AFG	
asian-championships-2026	Senior Men -58kg	CHIOK Chun yin	HKG	
asian-championships-2026	Senior Men -58kg	AL-ZADJALI Fahad	OMA	
asian-championships-2026	Senior Men -58kg	ABDULKHALQ Hussein mansor	IRQ	
asian-championships-2026	Senior Men -58kg	DINH Cong khoa	VIE	
asian-championships-2026	Senior Men -58kg	ANATORE Lokadevan	MAS	
asian-championships-2026	Senior Men -58kg	ZANDI Abolfazl	IRI	1
asian-championships-2026	Senior Men -58kg	SIDDIQUE Abubakar	PAK	
asian-championships-2026	Senior Men -58kg	MAHAMAD Sirawit	THA	
asian-championships-2026	Senior Men -58kg	SHUHRATZOD Loikjoni	TJK	
asian-championships-2026	Senior Men -58kg	ISLAMOV Zhavokhirkhon	KAZ	
asian-championships-2026	Senior Men -58kg	TOMURA Taichi	JPN	
asian-championships-2026	Senior Men -58kg	HUANG Cho-cheng	TPE	
asian-championships-2026	Senior Men -58kg	MUHD IMAN SAFWAN Muhd hizami amrin	BRU	
asian-championships-2026	Senior Men -58kg	STEWART Danny ali	INA	
asian-championships-2026	Senior Men -63kg	ALTYBAEV Aidin	KGZ	
asian-championships-2026	Senior Men -63kg	ARBAZ KHAN Muhammad	PAK	
asian-championships-2026	Senior Men -63kg	PAN Kuei-an	TPE	
asian-championships-2026	Senior Men -63kg	BHARAT Arun raj ram	MAS	
asian-championships-2026	Senior Men -63kg	ASADA Shoki	JPN	
asian-championships-2026	Senior Men -63kg	TRAN Trinh Trong	VIE	
asian-championships-2026	Senior Men -63kg	JANG Jun	KOR	2
asian-championships-2026	Senior Men -63kg	TUMNIIMAGNAI Temuulen	MGL	
asian-championships-2026	Senior Men -63kg	RAIHAN Muhammad bassam	INA	
asian-championships-2026	Senior Men -63kg	HAJIMOUSAEI Mahdi	IRI	1
asian-championships-2026	Senior Men -63kg	HUANG Kefen	CHN	
asian-championships-2026	Senior Men -63kg	ABABAKIROV Samirkhon	KAZ	3
asian-championships-2026	Senior Men -63kg	LUSTADO Mythaious angelous	PHI	
asian-championships-2026	Senior Men -63kg	CHAN Kin fung	HKG	
asian-championships-2026	Senior Men -63kg	KOUDSI Raphael	LBN	
asian-championships-2026	Senior Men -63kg	AL WAHAIBI Shabib salim suwaid	OMA	
asian-championships-2026	Senior Men -63kg	ALZUWAIN ALMHEIRI Abdelaziz	UAE	
asian-championships-2026	Senior Men -63kg	AL-HAMEEDAWI Aiham mahdi	IRQ	
asian-championships-2026	Senior Men -63kg	LIANG Yushuai	CHN	
asian-championships-2026	Senior Men -63kg	DOLGIEV Akramat	KAZ	
asian-championships-2026	Senior Men -63kg	SUNAR Sahil	NEP	
asian-championships-2026	Senior Men -63kg	LAMPHAO Nithikorn	THA	
asian-championships-2026	Senior Men -63kg	NAZAROV Nazarali	UZB	3
asian-championships-2026	Senior Men -63kg	SINGH Nitesh	IND	
asian-championships-2026	Senior Men -68kg	RAHNAMA KHANGHAH Amirabbas	IRI	
asian-championships-2026	Senior Men -68kg	MOHD AFRIZAN Putera arsyad danish	MAS	
asian-championships-2026	Senior Men -68kg	MAITHIL Bhumesh kumar	IND	
asian-championships-2026	Senior Men -68kg	AL HABSI Ammar	OMA	
asian-championships-2026	Senior Men -68kg	TUKHLIBOEV Diyorbek	UZB	2
asian-championships-2026	Senior Men -68kg	FUANGNOI Thanapoom	THA	
asian-championships-2026	Senior Men -68kg	HSU Hao-yu	TPE	
asian-championships-2026	Senior Men -68kg	IWAKI Kaito	JPN	
asian-championships-2026	Senior Men -68kg	CHEN Yufan	CHN	3
asian-championships-2026	Senior Men -68kg	TUBTIMDANG Banlung	THA	
asian-championships-2026	Senior Men -68kg	KAREEM Zaid	JOR	3
asian-championships-2026	Senior Men -68kg	LO Wai fung	HKG	
asian-championships-2026	Senior Men -68kg	BUENAVIDES Kenneth riley	PHI	
asian-championships-2026	Senior Men -68kg	LE Tuan	VIE	
asian-championships-2026	Senior Men -68kg	PALANGAFKAN Mohammad hasan	IRI	
asian-championships-2026	Senior Men -68kg	GANTULGA Enkhbayar	MGL	
asian-championships-2026	Senior Men -68kg	ZAIN Hikmatullah	AFG	
asian-championships-2026	Senior Men -68kg	MUN Jinho	KOR	1
asian-championships-2026	Senior Men -68kg	DYIKANBAEV Ramazan	KGZ	
asian-championships-2026	Senior Men -68kg	ORYNBEK Sultanbek	KAZ	
asian-championships-2026	Senior Men -68kg	ALDOSERI Abdulla	BRN	
asian-championships-2026	Senior Men -68kg	DIAO Lixingjun	CHN	
asian-championships-2026	Senior Men -74kg	CAI Yu-hao	TPE	
asian-championships-2026	Senior Men -74kg	AL-SINANI Omar	OMA	
asian-championships-2026	Senior Men -74kg	KOSIMKHOJIEV Najmiddin	UZB	3
asian-championships-2026	Senior Men -74kg	CAI Zhaoxun	CHN	2
asian-championships-2026	Senior Men -74kg	LAM Ka Hei Tank	HKG	
asian-championships-2026	Senior Men -74kg	HAMEDI Tareg ali m	KSA	
asian-championships-2026	Senior Men -74kg	CEA Dave	PHI	
asian-championships-2026	Senior Men -74kg	ZEINALI Radin	IRI	
asian-championships-2026	Senior Men -74kg	KANG Jaegwon	KOR	
asian-championships-2026	Senior Men -74kg	PHROMPATJU Kri ayot	THA	
asian-championships-2026	Senior Men -74kg	KATOH Takato	JPN	
asian-championships-2026	Senior Men -74kg	ALASSAF Mohammad Yaser	JOR	
asian-championships-2026	Senior Men -74kg	BAKHTIARI Amir sina	IRI	1
asian-championships-2026	Senior Men -74kg	PHAM Dang quang	VIE	
asian-championships-2026	Senior Men -74kg	BIRIMBAY Eldar	KAZ	3
asian-championships-2026	Senior Men -74kg	SEO Kang-eun	KOR	
asian-championships-2026	Senior Men -74kg	SINGH Rahul	IND	
asian-championships-2026	Senior Men -80kg	MITHONA VA	CAM	
asian-championships-2026	Senior Men -80kg	CASTILLO Nicolas	PHI	
asian-championships-2026	Senior Men -80kg	ASLANBEK Fazylov	TJK	
asian-championships-2026	Senior Men -80kg	SHUKRAN Mohammad ashraf	AFG	
asian-championships-2026	Senior Men -80kg	SEO Geon-woo	KOR	1
asian-championships-2026	Senior Men -80kg	TOLEUGALI Batyrkhan	KAZ	
asian-championships-2026	Senior Men -80kg	HOODA Akshay	IND	
asian-championships-2026	Senior Men -80kg	RAIHAN FADHILA Mhd	INA	
asian-championships-2026	Senior Men -80kg	BARAL Abhishek	NEP	
asian-championships-2026	Senior Men -80kg	ALADARBI Mohammad	JOR	3
asian-championships-2026	Senior Men -80kg	MUZAFFAROV Mironshokhmirzo	UZB	
asian-championships-2026	Senior Men -80kg	SADEGHIAN ABBASALI KESHI Amir reza	IRI	3
asian-championships-2026	Senior Men -80kg	ARYSTANBEKOV Atay	KGZ	
asian-championships-2026	Senior Men -80kg	GANIYEV Mergen	KAZ	
asian-championships-2026	Senior Men -80kg	JUNSANG Park	KOR	
asian-championships-2026	Senior Men -80kg	XIANG Qizhang	CHN	
asian-championships-2026	Senior Men -80kg	JAYSUNOV Jasurbek	UZB	2
asian-championships-2026	Senior Men -80kg	NGUYEN Huu Viet	VIE	
asian-championships-2026	Senior Men -80kg	HUNG Jiun-yi	TPE	
asian-championships-2026	Senior Men -80kg	SAEJO Thanathorn	THA	
asian-championships-2026	Senior Men -87kg	MERCER Jack woody	THA	
asian-championships-2026	Senior Men -87kg	ALKHAIBARI Ali mabruk s	KSA	
asian-championships-2026	Senior Men -87kg	MENG Mingkuan	CHN	3
asian-championships-2026	Senior Men -87kg	KARIMBOEV Shokhjakhon	UZB	
asian-championships-2026	Senior Men -87kg	CHEN Liang-hsi	TPE	3
asian-championships-2026	Senior Men -87kg	TRAN Ho nhan van	VIE	
asian-championships-2026	Senior Men -87kg	ZUBER Muhammad syafiq	MAS	
asian-championships-2026	Senior Men -87kg	NURGAZIN Meiir	KAZ	
asian-championships-2026	Senior Men -87kg	YAZDANI Mohammad hossein	IRI	
asian-championships-2026	Senior Men -87kg	PARK Woo hyeok	KOR	1
asian-championships-2026	Senior Men -87kg	ZHURABOEV Yodgorbek	UZB	2
asian-championships-2026	Senior Men -87kg	AHMADI Ali	IRI	
asian-championships-2026	Senior Men -87kg	SAHAK Omid	AFG	
asian-championships-2026	Senior Men -87kg	SINGH Manjeet	IND	
asian-championships-2026	Senior Men -87kg	ELSHARABATY Saleh	JOR	
asian-championships-2026	Senior Men +87kg	KANG Sanghyun	KOR	3
asian-championships-2026	Senior Men +87kg	ALI MOHAMMED Mohammed	BRN	
asian-championships-2026	Senior Men +87kg	SUHAIMI Muhammad luqman haqim	MAS	
asian-championships-2026	Senior Men +87kg	BAT-ERDENE Belgutei	MGL	
asian-championships-2026	Senior Men +87kg	TANG Hao	CHN	3
asian-championships-2026	Senior Men +87kg	SAEED Hamzah omar	PAK	
asian-championships-2026	Senior Men +87kg	YIN Yushuai	CHN	
asian-championships-2026	Senior Men +87kg	KABLAN Beibarys	KAZ	
asian-championships-2026	Senior Men +87kg	MAVLONOV Marat	UZB	2
asian-championships-2026	Senior Men +87kg	AL HAJRI Mohammed rashid	OMA	
asian-championships-2026	Senior Men +87kg	AMIRI Ali akbar	AFG	
asian-championships-2026	Senior Men +87kg	WANGDI Nima	BHU	
asian-championships-2026	Senior Men +87kg	SHODMONOV Khudoynazar	UZB	
asian-championships-2026	Senior Men +87kg	SALIMI Arian	IRI	1
asian-championships-2026	Senior Men +87kg	ABDURAKHIMOV Abdylazym	KGZ	
asian-championships-2026	Senior Men +87kg	HUANG Yu-jen	TPE	
asian-championships-2026	Senior Men +87kg	KATKAR Shrinidhi deepak	IND	
asian-championships-2026	Senior Women -46kg	NGUYEN Thi Mai	VIE	
asian-championships-2026	Senior Women -46kg	OJHA Tulip	IND	
asian-championships-2026	Senior Women -46kg	OSHIMA Karen	JPN	
asian-championships-2026	Senior Women -46kg	TENG Cezann	SGP	
asian-championships-2026	Senior Women -46kg	SARZA Clarence	PHI	3
asian-championships-2026	Senior Women -46kg	LAU Tsz wan	HKG	
asian-championships-2026	Senior Women -46kg	KUMARTAYEVA Aidana	KAZ	
asian-championships-2026	Senior Women -46kg	HAMZEH Layan	JOR	
asian-championships-2026	Senior Women -46kg	HUANG Ying hsuan	TPE	
asian-championships-2026	Senior Women -46kg	LEE Yumin	KOR	3
asian-championships-2026	Senior Women -46kg	DA COSTA DA SILVA PINTO BELO Ana	TLS	
asian-championships-2026	Senior Women -46kg	MIRBEKOVA Albina	KGZ	
asian-championships-2026	Senior Women -46kg	POOLKERD Patcharakan	THA	2
asian-championships-2026	Senior Women -46kg	RAI Santoshi	NEP	
asian-championships-2026	Senior Women -46kg	WANG Shiyi	CHN	
asian-championships-2026	Senior Women -46kg	WANG Chieh-ling	TPE	1
asian-championships-2026	Senior Women -46kg	RANJBAR Masoumeh	IRI	
asian-championships-2026	Senior Women -46kg	SHIN Su-in	KOR	
asian-championships-2026	Senior Women -46kg	AL-HINAI Umaima harib	OMA	
asian-championships-2026	Senior Women -46kg	BAT-ERDENE Nomin	MGL	
asian-championships-2026	Senior Women -46kg	SHONIYOZOVA Madina	UZB	
asian-championships-2026	Senior Women -49kg	ABDULLAH Azeen yousef m	KSA	
asian-championships-2026	Senior Women -49kg	ZAHRAA KHAWAR Fateemaah tuz	PAK	
asian-championships-2026	Senior Women -49kg	KRY Lyden	CAM	
asian-championships-2026	Senior Women -49kg	CRUZ LEIN Teresa s. do r.	TLS	
asian-championships-2026	Senior Women -49kg	OKAMOTO Ruka	JPN	
asian-championships-2026	Senior Women -49kg	LAM Siu wai	HKG	
asian-championships-2026	Senior Women -49kg	KIM Hyang-gi	KOR	1
asian-championships-2026	Senior Women -49kg	KALAWADH Fatema	BRN	
asian-championships-2026	Senior Women -49kg	MA Jingyue	CHN	3
asian-championships-2026	Senior Women -49kg	LIU You-yun	TPE	2
asian-championships-2026	Senior Women -49kg	MOMENZADEH Mahla	IRI	
asian-championships-2026	Senior Women -49kg	FU Xiaolu	CHN	3
asian-championships-2026	Senior Women -49kg	JONGKOLRATTANAWATTANA Chu kan	THA	
asian-championships-2026	Senior Women -49kg	TAN Nichelle	SGP	
asian-championships-2026	Senior Women -49kg	SHAILOOBEKOVA Nailia	KGZ	
asian-championships-2026	Senior Women -49kg	ISHAK Nadia aina syazwani	MAS	
asian-championships-2026	Senior Women -49kg	NGUYEN Thi Loan	VIE	
asian-championships-2026	Senior Women -49kg	AKHMEDOVA Nodira	KAZ	
asian-championships-2026	Senior Women -49kg	BAT-ERDENE Uchral	MGL	
asian-championships-2026	Senior Women -49kg	GAIRE Soniya	NEP	
asian-championships-2026	Senior Women -49kg	KAKADIYA Twisha	IND	
asian-championships-2026	Senior Women -49kg	MANGIN Tachiana keizha	PHI	
asian-championships-2026	Senior Women -53kg	MORAMAT Panbua	THA	
asian-championships-2026	Senior Women -53kg	KATHAYAT Gita	NEP	
asian-championships-2026	Senior Women -53kg	ABUTALEB Dunya ali m	KSA	2
asian-championships-2026	Senior Women -53kg	NGUYEN Yen Nhi	VIE	
asian-championships-2026	Senior Women -53kg	BATTSEREN Munkhjin	MGL	
asian-championships-2026	Senior Women -53kg	JIANG Yi-shan	TPE	
asian-championships-2026	Senior Women -53kg	SEO Yeowon	KOR	3
asian-championships-2026	Senior Women -53kg	KARAJANOVA Aziza	KAZ	
asian-championships-2026	Senior Women -53kg	SUNDETBAY Aidana	KAZ	
asian-championships-2026	Senior Women -53kg	NEMATZADEH Mobina	IRI	
asian-championships-2026	Senior Women -53kg	MALIK Kashish	IND	3
asian-championships-2026	Senior Women -53kg	ZAYNIDDINOVA Laylo	UZB	
asian-championships-2026	Senior Women -53kg	WANG Xiaolu	CHN	
asian-championships-2026	Senior Women -53kg	MOHD FIRDAUS Norumar	MAS	
asian-championships-2026	Senior Women -53kg	ZUO JU	CHN	1
asian-championships-2026	Senior Women -53kg	SO Yuen ng	HKG	
asian-championships-2026	Senior Women -53kg	KATOH Yuzuho	JPN	
asian-championships-2026	Senior Women -53kg	CANABAL Baby jessica	PHI	
asian-championships-2026	Senior Women -57kg	KAZNABEK Togzhan	KAZ	
asian-championships-2026	Senior Women -57kg	ALSHUROOQI Hanan	BRN	
asian-championships-2026	Senior Women -57kg	THAKUR Aranaya	IND	
asian-championships-2026	Senior Women -57kg	UMUDINOVA Aruuke	KGZ	
asian-championships-2026	Senior Women -57kg	AOUN Lae a	LBN	
asian-championships-2026	Senior Women -57kg	ZHANG Chuling	CHN	
asian-championships-2026	Senior Women -57kg	LIN Wei-chun	TPE	3
asian-championships-2026	Senior Women -57kg	MAM Julie	CAM	
asian-championships-2026	Senior Women -57kg	KHIRFAN Fadia	JOR	
asian-championships-2026	Senior Women -57kg	DANGANAN Czarina mae	PHI	
asian-championships-2026	Senior Women -57kg	MIRABZALOVA Madina	UZB	2
asian-championships-2026	Senior Women -57kg	KIYANICHANDEH Nahid	IRI	1
asian-championships-2026	Senior Women -57kg	WASSANA Natkamon	THA	
asian-championships-2026	Senior Women -57kg	PHAM Ngoc Cham	VIE	
asian-championships-2026	Senior Women -57kg	YANGZOM Sonam	BHU	
asian-championships-2026	Senior Women -57kg	TSE Wing Chi	HKG	
asian-championships-2026	Senior Women -57kg	SHINKAWA Manami	JPN	
asian-championships-2026	Senior Women -57kg	KIM Gahyeon	KOR	
asian-championships-2026	Senior Women -57kg	ABDUVALIEVA Shabona	UZB	
asian-championships-2026	Senior Women -57kg	LAMANDA Silvana	INA	
asian-championships-2026	Senior Women -57kg	SHRESTHA Suvanghi	NEP	
asian-championships-2026	Senior Women -57kg	KIM Yu-jin	KOR	3
asian-championships-2026	Senior Women -57kg	BATAA Zoljargal	MGL	
asian-championships-2026	Senior Women -62kg	TRAN Thi anh tuyet	VIE	
asian-championships-2026	Senior Women -62kg	MALKAWI Hala	JOR	
asian-championships-2026	Senior Women -62kg	LUO Zongshi	CHN	2
asian-championships-2026	Senior Women -62kg	PATRATII Alesia	KGZ	
asian-championships-2026	Senior Women -62kg	AZIZOVA Diyorakhon	UZB	
asian-championships-2026	Senior Women -62kg	POETRI ISKANDAR Ingrid	SGP	
asian-championships-2026	Senior Women -62kg	VALINEJAD Yalda	IRI	3
asian-championships-2026	Senior Women -62kg	KIM Yun-yeong	KOR	
asian-championships-2026	Senior Women -62kg	CHANG Jui-en	TPE	1
asian-championships-2026	Senior Women -62kg	HO Cathy minly	HKG	
asian-championships-2026	Senior Women -62kg	TONGCHAN Sasikarn	THA	
asian-championships-2026	Senior Women -62kg	DAI Zongyuan	CHN	
asian-championships-2026	Senior Women -62kg	AIMUKASHEVA Kamila	KAZ	
asian-championships-2026	Senior Women -62kg	YANGKEE Dorjee	BHU	
asian-championships-2026	Senior Women -62kg	. Pooja	IND	
asian-championships-2026	Senior Women -62kg	ALLOGANI Amna	UAE	
asian-championships-2026	Senior Women -62kg	LEE Gaeun	KOR	3
asian-championships-2026	Senior Women -62kg	BRIONES Jubilee	PHI	
asian-championships-2026	Senior Women -67kg	WANG Wei-chia	TPE	
asian-championships-2026	Senior Women -67kg	DELO Laila	PHI	
asian-championships-2026	Senior Women -67kg	XING Jiani	CHN	3
asian-championships-2026	Senior Women -67kg	FATHI Fereshteh	IRI	
asian-championships-2026	Senior Women -67kg	SOBIRJONOVA Ozoda	UZB	1
asian-championships-2026	Senior Women -67kg	SULAIMANOVA Tamiris	KGZ	
asian-championships-2026	Senior Women -67kg	MORADI SHEIKHLAR Saghar	IRI	
asian-championships-2026	Senior Women -67kg	BOHRA Priyanshi	IND	
asian-championships-2026	Senior Women -67kg	NGUYEN Thi My Dung	VIE	
asian-championships-2026	Senior Women -67kg	ALRAWASHDEH Razan mohammed	JOR	3
asian-championships-2026	Senior Women -67kg	ASKAR Ayaulym	KAZ	
asian-championships-2026	Senior Women -67kg	CHAREEWAN Piyachatrutai	THA	
asian-championships-2026	Senior Women -67kg	KWAK Minju	KOR	2
asian-championships-2026	Senior Women -67kg	KHAYITOVA Sevinch	UZB	
asian-championships-2026	Senior Women -67kg	LAM Tsz Ching	HKG	
asian-championships-2026	Senior Women -67kg	GANZORIG Enkhchimeg	MGL	
asian-championships-2026	Senior Women -67kg	JALLAB Sara	BRN	
asian-championships-2026	Senior Women -67kg	FATNASSI Maram	QAT	
asian-championships-2026	Senior Women -73kg	HONG Hyo rim	KOR	
asian-championships-2026	Senior Women -73kg	YOON Do Hee	KOR	
asian-championships-2026	Senior Women -73kg	XIAO Shunan	CHN	1
asian-championships-2026	Senior Women -73kg	CHUENCHOOKLIN Kannaluck	THA	
asian-championships-2026	Senior Women -73kg	DAS E sha	IND	3
asian-championships-2026	Senior Women -73kg	TURLIBEKOVA Jasmina	UZB	
asian-championships-2026	Senior Women -73kg	BAC Thi khiem	VIE	
asian-championships-2026	Senior Women -73kg	CHANG Chiao min	TPE	
asian-championships-2026	Senior Women -73kg	SABER Dunya bushuaib a	KSA	
asian-championships-2026	Senior Women -73kg	MAKHMUTOVA Nazym	KAZ	3
asian-championships-2026	Senior Women -73kg	ABO-ALRUB Rama	JOR	
asian-championships-2026	Senior Women -73kg	SONG Jie	CHN	2
asian-championships-2026	Senior Women -73kg	NEMATI Baran	IRI	
asian-championships-2026	Senior Women -73kg	CHEUNG Ho yan	HKG	
asian-championships-2026	Senior Women +73kg	LIN Yi-chen	TPE	
asian-championships-2026	Senior Women +73kg	MOHAMMED Noor nazar	QAT	
asian-championships-2026	Senior Women +73kg	ZHOU Zeqi	CHN	3
asian-championships-2026	Senior Women +73kg	YADAV Jyo	IND	
asian-championships-2026	Senior Women +73kg	OSIPOVA Svetlana	UZB	1
asian-championships-2026	Senior Women +73kg	AHMADI Fatemeh	IRI	
asian-championships-2026	Senior Women +73kg	YERKASSIMOVA Axaule	KAZ	
asian-championships-2026	Senior Women +73kg	MIRTADJIEVA Iroda	UZB	
asian-championships-2026	Senior Women +73kg	TRAN Nguyen anh ngan	VIE	
asian-championships-2026	Senior Women +73kg	SONG Da bin	KOR	2
asian-championships-2026	Senior Women +73kg	XU Lei	CHN	3
asian-championships-2026	Senior Women +73kg	ALDOSERI Ola	BRN	
luxembourg-open-2026	Senior Men -54kg	GILLIARD GONCALVES Matheus	BRA	1
luxembourg-open-2026	Senior Men -54kg	DIAWARA Abdoul aziz aboubacar	GUI	2
luxembourg-open-2026	Senior Men -54kg	CONTI Andrea	ITA	3
luxembourg-open-2026	Senior Men -54kg	BOUKARNIA Hamza	FRA	3
luxembourg-open-2026	Senior Men -54kg	BALYEMEZ Yakup ali	GER	
luxembourg-open-2026	Senior Men -54kg	CHANG Tony	FRA	
luxembourg-open-2026	Senior Men -54kg	ALKHALDI Musaad ali j	KSA	
luxembourg-open-2026	Senior Men -54kg	DUBAR Armaan	NED	
luxembourg-open-2026	Senior Men -54kg	THONG Thavann	GER	
luxembourg-open-2026	Senior Men -54kg	ALBANI Thomas	SMR	
luxembourg-open-2026	Senior Men -54kg	LABONG Finn	GBR	
luxembourg-open-2026	Senior Men -58kg	BOUKARNIA Amine	FRA	1
luxembourg-open-2026	Senior Men -58kg	GUARDIOLA Eliot	FRA	2
luxembourg-open-2026	Senior Men -58kg	ELIA Luigi antonio	ITA	3
luxembourg-open-2026	Senior Men -58kg	CAMUA Benjamin	AUS	3
luxembourg-open-2026	Senior Men -58kg	AMELHAYI Mehdi	FRA	
luxembourg-open-2026	Senior Men -58kg	TESKERA Josip	CRO	
luxembourg-open-2026	Senior Men -58kg	NUNES FERREIRA Tiago	POR	
luxembourg-open-2026	Senior Men -58kg	TORRE Elia	ITA	
luxembourg-open-2026	Senior Men -58kg	OZKEN Alkan	GER	
luxembourg-open-2026	Senior Men -58kg	MEHLMANN Daniel	GER	
luxembourg-open-2026	Senior Men -58kg	LY Aaron	FRA	
luxembourg-open-2026	Senior Men -58kg	REDING Alan je	LUX	
luxembourg-open-2026	Senior Men -58kg	PIZZO Andrea ramzi	ITA	
luxembourg-open-2026	Senior Men -58kg	PASTORE Riccardo	ITA	
luxembourg-open-2026	Senior Men -58kg	AMATI Federico	SMR	
luxembourg-open-2026	Senior Men -58kg	NIKZAD Ahmed wassem	GER	
luxembourg-open-2026	Senior Men -58kg	TENTONI Achille	SMR	
luxembourg-open-2026	Senior Men -58kg	PIRROTTINA Mattia	SUI	
luxembourg-open-2026	Senior Men -58kg	GARCIA Angel  jesus	SUI	
luxembourg-open-2026	Senior Men -58kg	SERHALAY Jeremiah	NED	
luxembourg-open-2026	Senior Men -63kg	GUMUS Feyyaz	GER	1
luxembourg-open-2026	Senior Men -63kg	REKIK Adam	FRA	2
luxembourg-open-2026	Senior Men -63kg	COULIBALY YAMEOGO Fadeby	LUX	3
luxembourg-open-2026	Senior Men -63kg	KHAVARI Mahdi	TRT	3
luxembourg-open-2026	Senior Men -63kg	BOURGEOIS Owen	FRA	
luxembourg-open-2026	Senior Men -63kg	TOMAS GONZALEZ Lois	ESP	
luxembourg-open-2026	Senior Men -63kg	AGAPOV Dmytriy	POR	
luxembourg-open-2026	Senior Men -63kg	LUCERNA Luca	ITA	
luxembourg-open-2026	Senior Men -63kg	MEMETI Dionis	SUI	
luxembourg-open-2026	Senior Men -63kg	HUY Ethan	FRA	
luxembourg-open-2026	Senior Men -63kg	SHADY Noah	GER	
luxembourg-open-2026	Senior Men -63kg	ZARIFEH Marc	LBN	
luxembourg-open-2026	Senior Men -63kg	YOOSOMSRI Nontawat	GER	
luxembourg-open-2026	Senior Men -63kg	AKRICH Adam	GBR	
luxembourg-open-2026	Senior Men -63kg	GOURSOT Lenny	FRA	
luxembourg-open-2026	Senior Men -63kg	JADOUEZADEH Abbas	LUX	
luxembourg-open-2026	Senior Men -63kg	PAGLIARA Matteo	ITA	
luxembourg-open-2026	Senior Men -63kg	MIGONI Edoardo	ITA	
luxembourg-open-2026	Senior Men -63kg	LIGEON--TSVETOUKHINE Soia	FRA	
luxembourg-open-2026	Senior Men -63kg	WILKIN Gabriel eric v	BEL	
luxembourg-open-2026	Senior Men -63kg	CASELLA Oscar	SUI	
luxembourg-open-2026	Senior Men -63kg	OTHMAN Yassine	BEL	
luxembourg-open-2026	Senior Men -63kg	GUREL Enes ali	GER	
luxembourg-open-2026	Senior Men -63kg	AKHLAGI Mohammad asif	SUI	
luxembourg-open-2026	Senior Men -63kg	SCHOENMAKERS Shymano	NED	
luxembourg-open-2026	Senior Men -68kg	COULIBALY Sekou	LUX	1
luxembourg-open-2026	Senior Men -68kg	VAN VULPEN Jesse	NED	2
luxembourg-open-2026	Senior Men -68kg	AL GHOTANY Yahya	TRT	3
luxembourg-open-2026	Senior Men -68kg	ZEHETNER Felix	AUT	3
luxembourg-open-2026	Senior Men -68kg	CAVUSMAN Aslan eymen	GER	
luxembourg-open-2026	Senior Men -68kg	HARRISON Ben	GBR	
luxembourg-open-2026	Senior Men -68kg	ZARIFEH Peter	LBN	
luxembourg-open-2026	Senior Men -68kg	BOURHALLA Nour	SUI	
luxembourg-open-2026	Senior Men -68kg	VAN LIMPT Joep	NED	
luxembourg-open-2026	Senior Men -68kg	DIFILIPPO Christian	ITA	
luxembourg-open-2026	Senior Men -68kg	ANDARABI Habil	GER	
luxembourg-open-2026	Senior Men -68kg	APPIAH Francis	GBR	
luxembourg-open-2026	Senior Men -68kg	STURESGAARD Marius	NOR	
luxembourg-open-2026	Senior Men -68kg	OGUZ Julian	NOR	
luxembourg-open-2026	Senior Men -68kg	KHAKSAR Shahram	GER	
luxembourg-open-2026	Senior Men -68kg	KARAM Elyas	BEL	
luxembourg-open-2026	Senior Men -68kg	ALAMI Elias	GER	
luxembourg-open-2026	Senior Men -68kg	PARAMO COBAS Alejandro	ESP	
luxembourg-open-2026	Senior Men -68kg	PITTAU Niccolo	ITA	
luxembourg-open-2026	Senior Men -74kg	ABBASI Ali reza	TRT	1
luxembourg-open-2026	Senior Men -74kg	WEIDUM Dion	NED	2
luxembourg-open-2026	Senior Men -74kg	BILGIN Efe	GER	3
luxembourg-open-2026	Senior Men -74kg	FOFANA Seydou	MLI	3
luxembourg-open-2026	Senior Men -74kg	VAN DER MEER Sjoerd	NED	
luxembourg-open-2026	Senior Men -74kg	HAKOBYAN Hrach	GER	
luxembourg-open-2026	Senior Men -74kg	TAYLOR Rayvaughn	GBR	
luxembourg-open-2026	Senior Men -74kg	MOHAMMAD Ahmad	GER	
luxembourg-open-2026	Senior Men -74kg	CARTWRIGHT Max	GBR	
luxembourg-open-2026	Senior Men -74kg	MANUKJAN Moses	GER	
luxembourg-open-2026	Senior Men -74kg	ILZE Ronahi	GER	
luxembourg-open-2026	Senior Men -74kg	TVEITEVAG Fredrik	NOR	
luxembourg-open-2026	Senior Men -74kg	MAKOYAN Chero	BEL	
luxembourg-open-2026	Senior Men -74kg	GRAYSON-CADOGAN Abdallah	GBR	
luxembourg-open-2026	Senior Men -74kg	SKJOLBERG Sebastian	NOR	
luxembourg-open-2026	Senior Men -74kg	MORADI Erfan	TRT	
luxembourg-open-2026	Senior Men -74kg	VIRYCH Vladyslav	BEL	
luxembourg-open-2026	Senior Men -80kg	BLAZEVSKI Filip	MKD	1
luxembourg-open-2026	Senior Men -80kg	ZOUROS KARDATOS Konstantinos	GRE	2
luxembourg-open-2026	Senior Men -80kg	GUMUS Kaan	GER	3
luxembourg-open-2026	Senior Men -80kg	ROBLETO David	NCA	3
luxembourg-open-2026	Senior Men -80kg	CAMMAERTS Andes	BEL	
luxembourg-open-2026	Senior Men -80kg	PETTERSEN Jonas	NOR	
luxembourg-open-2026	Senior Men -80kg	EL HAJ KHALIL Mohamad	GER	
luxembourg-open-2026	Senior Men -80kg	LANGRIDGE Christian	GBR	
luxembourg-open-2026	Senior Men -80kg	STAVROPOULOS Theoharys	GBR	
luxembourg-open-2026	Senior Men -80kg	CORAZZA Lukas	AUT	
luxembourg-open-2026	Senior Men -80kg	NYGAARD Emil	NOR	
luxembourg-open-2026	Senior Men -80kg	FERAD Alpay	NED	
luxembourg-open-2026	Senior Men -87kg	SAWADOGO Faysal	BUR	1
luxembourg-open-2026	Senior Men -87kg	OBERHOFER Alexander	ITA	2
luxembourg-open-2026	Senior Men -87kg	HOERMANN Vincent	GER	3
luxembourg-open-2026	Senior Men -87kg	HISENI Luan	GER	3
luxembourg-open-2026	Senior Men -87kg	CIPLAK Selim	GER	
luxembourg-open-2026	Senior Men -87kg	JURGENS Joshua noel	GER	
luxembourg-open-2026	Senior Men -87kg	CLABAUX Thibaut	FRA	
luxembourg-open-2026	Senior Men +87kg	NASO Marco	ITA	1
luxembourg-open-2026	Senior Men +87kg	GOMIS Paivou johnouario	GBS	2
luxembourg-open-2026	Senior Men +87kg	RAAD Charbel	LBN	3
luxembourg-open-2026	Senior Men +87kg	DIABY Boubacar	MLI	3
luxembourg-open-2026	Senior Men +87kg	LAURENT Jonathan	MRN	
luxembourg-open-2026	Senior Men +87kg	SOULIMANI Ilir	SUI	
luxembourg-open-2026	Senior Men +87kg	VLADUT Razvan	BEL	
luxembourg-open-2026	Senior Women -46kg	OKAZAKI Hinata	JPN	1
luxembourg-open-2026	Senior Women -46kg	STURARI Alessia	ITA	2
luxembourg-open-2026	Senior Women -46kg	ALKHAWAHR Rahmah abdulmanam a	KSA	3
luxembourg-open-2026	Senior Women -46kg	DUNSMORE Lauren	GBR	3
luxembourg-open-2026	Senior Women -46kg	LIU Alyssa	AUT	
luxembourg-open-2026	Senior Women -46kg	TAMMILA Ida-elina	FIN	
luxembourg-open-2026	Senior Women -46kg	PIREDDU Sara	ITA	
luxembourg-open-2026	Senior Women -46kg	OZKEN Aleyna	GER	
luxembourg-open-2026	Senior Women -46kg	RAHIMI Omolbani	GER	
luxembourg-open-2026	Senior Women -46kg	GAUL Acelya	GER	
luxembourg-open-2026	Senior Women -49kg	MATA Maya	USA	1
luxembourg-open-2026	Senior Women -49kg	KRAJEWSKA Alicja	POL	2
luxembourg-open-2026	Senior Women -49kg	MURAKAMI China	JPN	3
luxembourg-open-2026	Senior Women -49kg	KRAJEWSKA Nikola	POL	3
luxembourg-open-2026	Senior Women -49kg	RAMO Jenna	FIN	
luxembourg-open-2026	Senior Women -49kg	HOCKEY Maisie	GBR	
luxembourg-open-2026	Senior Women -49kg	ASIMAKI Lamprini anna	GRE	
luxembourg-open-2026	Senior Women -49kg	CARRUS Giulia	ITA	
luxembourg-open-2026	Senior Women -49kg	HURTADO TAPIA Jireh	BOL	
luxembourg-open-2026	Senior Women -49kg	CHATZIGEORGIOU Maria	GER	
luxembourg-open-2026	Senior Women -49kg	NUR Fatimazahra	SOM	
luxembourg-open-2026	Senior Women -53kg	MAKRYGIANNI Athina	GRE	1
luxembourg-open-2026	Senior Women -53kg	KLAKALA Magdalini	GRE	2
luxembourg-open-2026	Senior Women -53kg	KARIMI Nuria	AUT	3
luxembourg-open-2026	Senior Women -53kg	APANAS Polina	NED	3
luxembourg-open-2026	Senior Women -53kg	STEENAERTS Fenne	BEL	
luxembourg-open-2026	Senior Women -53kg	HOULLICH Sirine	BEL	
luxembourg-open-2026	Senior Women -53kg	BUTTARELLI Aurelie	FRA	
luxembourg-open-2026	Senior Women -53kg	LEE Ruby	GBR	
luxembourg-open-2026	Senior Women -53kg	WENIN Maya	ITA	
luxembourg-open-2026	Senior Women -53kg	HOCKEY Isabelle	GBR	
luxembourg-open-2026	Senior Women -53kg	SYLTHE Therese	NOR	
luxembourg-open-2026	Senior Women -53kg	HOY Lily	GBR	
luxembourg-open-2026	Senior Women -53kg	BANCHIERO Costanza	ITA	
luxembourg-open-2026	Senior Women -53kg	KORCHI Manal	SUI	
luxembourg-open-2026	Senior Women -53kg	CURA Yezda	GER	
luxembourg-open-2026	Senior Women -53kg	KAMANDI Dina	GER	
luxembourg-open-2026	Senior Women -53kg	JACOBSEN Mathea	NOR	
luxembourg-open-2026	Senior Women -57kg	SEVOSTYANOVA Mariya	KAZ	1
luxembourg-open-2026	Senior Women -57kg	NISHIDA Mao	JPN	2
luxembourg-open-2026	Senior Women -57kg	BADJI Serina	BEL	3
luxembourg-open-2026	Senior Women -57kg	ROVITHIS Anastasia	GER	3
luxembourg-open-2026	Senior Women -57kg	MAYER Leonie	GER	
luxembourg-open-2026	Senior Women -57kg	BANGURA Aisha	GER	
luxembourg-open-2026	Senior Women -57kg	STEINKUELER Frieda margarethe	GER	
luxembourg-open-2026	Senior Women -57kg	CAUSSE Estelle	FRA	
luxembourg-open-2026	Senior Women -57kg	MANSOURI Leyla	BEL	
luxembourg-open-2026	Senior Women -57kg	HEINONEN Vilhelmiina	FIN	
luxembourg-open-2026	Senior Women -57kg	SUNDBY Marthine	NOR	
luxembourg-open-2026	Senior Women -57kg	SELJENES Leona	NOR	
luxembourg-open-2026	Senior Women -57kg	POLAT Ilay	GER	
luxembourg-open-2026	Senior Women -57kg	FEIO Mafalda fortes	POR	
luxembourg-open-2026	Senior Women -57kg	LUCERNA Marta	ITA	
luxembourg-open-2026	Senior Women -57kg	MOUCH Sara	NED	
luxembourg-open-2026	Senior Women -62kg	BOUBACIR Madeenah	FRA	1
luxembourg-open-2026	Senior Women -62kg	BETT Ava	GBR	2
luxembourg-open-2026	Senior Women -62kg	PRZYGODA Alina	GER	3
luxembourg-open-2026	Senior Women -62kg	BROMBERGER Lamprini	GRE	3
luxembourg-open-2026	Senior Women -62kg	BALCI Edanur	GER	
luxembourg-open-2026	Senior Women -62kg	MURRAY Kayla	IRL	
luxembourg-open-2026	Senior Women -62kg	TRAN Lily	NOR	
luxembourg-open-2026	Senior Women -62kg	TALHA Nouhayla	BEL	
luxembourg-open-2026	Senior Women -62kg	KOENIGSECKER Valerie	AUT	
luxembourg-open-2026	Senior Women -62kg	OZER Binnur	GER	
luxembourg-open-2026	Senior Women -62kg	BRILZ Emilia	GER	
luxembourg-open-2026	Senior Women -62kg	HIGNETT Elizabeth	GBR	
luxembourg-open-2026	Senior Women -67kg	MACEDO Sandy	BRA	1
luxembourg-open-2026	Senior Women -67kg	RELJIKJ Miljana	MKD	2
luxembourg-open-2026	Senior Women -67kg	ERCKMANN Alina	GER	3
luxembourg-open-2026	Senior Women -67kg	EBNOUTALIB Soumaya	GER	3
luxembourg-open-2026	Senior Women -67kg	ETTAHRI Wissale	GER	
luxembourg-open-2026	Senior Women -67kg	FABER Isabelle	LUX	
luxembourg-open-2026	Senior Women -67kg	INHULSEN Kendra	GER	
luxembourg-open-2026	Senior Women -67kg	RIBAKOV Alexandra	GER	
luxembourg-open-2026	Senior Women -67kg	GIEFER Isabelle	GER	
luxembourg-open-2026	Senior Women -67kg	DE BOER Caitlin	NED	
luxembourg-open-2026	Senior Women -73kg	HADZIC Alema	GER	1
luxembourg-open-2026	Senior Women -73kg	HOERMANN Emily	GER	2
luxembourg-open-2026	Senior Women -73kg	HUTZEN Hanna	GER	3
luxembourg-open-2026	Senior Women -73kg	VALENTINO Viviana	GER	3
luxembourg-open-2026	Senior Women -73kg	GEORGIEVSKA Anamarija	MKD	
luxembourg-open-2026	Senior Women -73kg	HELDNER Laura	SUI	
luxembourg-open-2026	Senior Women -73kg	MACKAY Ruby	GBR	
luxembourg-open-2026	Senior Women -73kg	NEDIC Marlen sophie	GER	
luxembourg-open-2026	Senior Women -73kg	HAMADACHE Emna	FRA	
luxembourg-open-2026	Senior Women -73kg	GEPPERT Julienne	GER	
luxembourg-open-2026	Senior Women +73kg	HUSOVIC Esmeralda	GER	1
luxembourg-open-2026	Senior Women +73kg	VROEGH Nielle	NED	2
luxembourg-open-2026	Senior Women +73kg	RIVADULLA LORENZO Desiree	ESP	3
luxembourg-open-2026	Senior Women +73kg	HAUGEN Eliza frazier	NOR	3
luxembourg-open-2026	Senior Women +73kg	KURKAC Ilayda	GER	
presidents-cup-europe-2026	Senior Men -54kg	SOKOLOWSKI Antoni	POL	1
presidents-cup-europe-2026	Senior Men -54kg	GEORGIEV Hristiyan	BUL	2
presidents-cup-europe-2026	Senior Men -54kg	ALESIO CAPOLINI Mathis	FRA	3
presidents-cup-europe-2026	Senior Men -54kg	AGENJO TRIGOS Jairo	ESP	3
presidents-cup-europe-2026	Senior Men -54kg	KAZLOU Yahor	BLR	
presidents-cup-europe-2026	Senior Men -54kg	YELALDI Kaan	TUR	
presidents-cup-europe-2026	Senior Men -54kg	JENDOUBI Ayoub	TUN	
presidents-cup-europe-2026	Senior Men -54kg	AYAZ Hasan	TUR	
presidents-cup-europe-2026	Senior Men -54kg	LUCIANO Joaquin patrick	USA	
presidents-cup-europe-2026	Senior Men -54kg	PASHCOVSKY Tom	ISR	
presidents-cup-europe-2026	Senior Men -54kg	GRIMALDO Juan	VEN	
presidents-cup-europe-2026	Senior Men -54kg	SARSOZA Zack	GBR	
presidents-cup-europe-2026	Senior Men -54kg	OWEN Haddad	FRA	
presidents-cup-europe-2026	Senior Men -54kg	KAMKASOUMPHOU Aissa	FRA	
presidents-cup-europe-2026	Senior Men -54kg	DIAWARA Abdoul aziz aboubacar	GUI	
presidents-cup-europe-2026	Senior Men -54kg	KAZLOU Aliaksandr	BLR	
presidents-cup-europe-2026	Senior Men -54kg	GARCIA Noah	POR	
presidents-cup-europe-2026	Senior Men -54kg	KOUKOUSOUDIS Evangelos	GER	
presidents-cup-europe-2026	Senior Men -54kg	THONG Thavann	GER	
presidents-cup-europe-2026	Senior Men -54kg	BALYEMEZ Yakup ali	GER	
presidents-cup-europe-2026	Senior Men -54kg	REDING Alan je	LUX	
presidents-cup-europe-2026	Senior Men -54kg	OTERO SOUSA Javier	ESP	
presidents-cup-europe-2026	Senior Men -54kg	KODAMAN Seyit yasin	GER	
presidents-cup-europe-2026	Senior Men -54kg	ROSCA Artiom	MDA	
presidents-cup-europe-2026	Senior Men -54kg	RICHTER Lenny rene	GER	
presidents-cup-europe-2026	Senior Men -54kg	DAVILA Adrian	ESP	
presidents-cup-europe-2026	Senior Men -54kg	MIAKHEL Arian	SWE	
presidents-cup-europe-2026	Senior Men -54kg	ASLAN Bedirhan	TUR	
presidents-cup-europe-2026	Senior Men -58kg	KAPLAN Enes	TUR	1
presidents-cup-europe-2026	Senior Men -58kg	PSARROS Aristeidis nikolaos	GRE	2
presidents-cup-europe-2026	Senior Men -58kg	CAMOGLU Furkan ubeyde	TUR	3
presidents-cup-europe-2026	Senior Men -58kg	MOLLE Milan	NED	3
presidents-cup-europe-2026	Senior Men -58kg	DIMITROPOULOS Konstantinos	GRE	
presidents-cup-europe-2026	Senior Men -58kg	SALIM Sharif gergely	HUN	
presidents-cup-europe-2026	Senior Men -58kg	MOLJ Domen	SLO	
presidents-cup-europe-2026	Senior Men -58kg	GURTSIEV Georgii	BLR	
presidents-cup-europe-2026	Senior Men -58kg	MANENKOV Maksym	UKR	
presidents-cup-europe-2026	Senior Men -58kg	TESKERA Josip	CRO	
presidents-cup-europe-2026	Senior Men -58kg	DJONKO Ibrahim	BIH	
presidents-cup-europe-2026	Senior Men -58kg	FRAILE Jesus	ESP	
presidents-cup-europe-2026	Senior Men -58kg	GELADZE Vitali	GEO	
presidents-cup-europe-2026	Senior Men -58kg	CAMUA Benjamin	AUS	
presidents-cup-europe-2026	Senior Men -58kg	ABDEL HALIM Khaled	GER	
presidents-cup-europe-2026	Senior Men -58kg	MELO Paulo	BRA	
presidents-cup-europe-2026	Senior Men -58kg	BARASH Tomer	ISR	
presidents-cup-europe-2026	Senior Men -58kg	ISLAMOV Zhavokhirkhon	KAZ	
presidents-cup-europe-2026	Senior Men -58kg	MEHLMANN Daniel	GER	
presidents-cup-europe-2026	Senior Men -58kg	N'GAIDE Idriss	FRA	
presidents-cup-europe-2026	Senior Men -58kg	DÍAZ Jhoel	VEN	
presidents-cup-europe-2026	Senior Men -58kg	QIAN Jiacai	CHN	
presidents-cup-europe-2026	Senior Men -58kg	FANG Zheng	CHN	
presidents-cup-europe-2026	Senior Men -58kg	FINBURD Sean	ISR	
presidents-cup-europe-2026	Senior Men -58kg	FUENTES David	GUA	
presidents-cup-europe-2026	Senior Men -58kg	VASILIC Todor	SRB	
presidents-cup-europe-2026	Senior Men -58kg	MAJCZYNA Karol	POL	
presidents-cup-europe-2026	Senior Men -58kg	NIKZAD Ahmed wassem	GER	
presidents-cup-europe-2026	Senior Men -58kg	IBRAHIM YAHUZA Aliyu	NGR	
presidents-cup-europe-2026	Senior Men -58kg	DE DIOS JOSE Alex	ESP	
presidents-cup-europe-2026	Senior Men -58kg	MANSOUR Abraheem Maruwan	LBA	
presidents-cup-europe-2026	Senior Men -58kg	ESCOLAR PARRA Ivan	ESP	
presidents-cup-europe-2026	Senior Men -58kg	OZKEN Alkan	GER	
presidents-cup-europe-2026	Senior Men -58kg	ILIEV Aleksandar	BUL	
presidents-cup-europe-2026	Senior Men -58kg	MAJCZYNA Bartosz	POL	
presidents-cup-europe-2026	Senior Men -58kg	HAMI Muhammed	TRT	
presidents-cup-europe-2026	Senior Men -58kg	KOS Luka	SLO	
presidents-cup-europe-2026	Senior Men -58kg	HADJICOSTI Prodromos angelos	CYP	
presidents-cup-europe-2026	Senior Men -58kg	MISSOSSI BIENVENU Nzamba Nzamba	GAB	
presidents-cup-europe-2026	Senior Men -58kg	ELIA Luigi antonio	ITA	
presidents-cup-europe-2026	Senior Men -58kg	ERBULUT Berke	TUR	
presidents-cup-europe-2026	Senior Men -58kg	DEDEGBE Nelson	FRA	
presidents-cup-europe-2026	Senior Men -63kg	VICENTE YUNTA Adrian	ESP	1
presidents-cup-europe-2026	Senior Men -63kg	SALIM Omar gergely	HUN	2
presidents-cup-europe-2026	Senior Men -63kg	AYDOGAN Hamza osman	TUR	3
presidents-cup-europe-2026	Senior Men -63kg	VAN LIMPT Joep	NED	3
presidents-cup-europe-2026	Senior Men -63kg	JULES Nathan	FRA	
presidents-cup-europe-2026	Senior Men -63kg	STRUGLINSKI Bartosz	POL	
presidents-cup-europe-2026	Senior Men -63kg	OZKAYA Imran	GER	
presidents-cup-europe-2026	Senior Men -63kg	SALMI Adem	TUN	
presidents-cup-europe-2026	Senior Men -63kg	OTER Ibrahim	TUR	
presidents-cup-europe-2026	Senior Men -63kg	KLJAJIC Nikola	SRB	
presidents-cup-europe-2026	Senior Men -63kg	FERNANDEZ AYARZA Nicolas	ESP	
presidents-cup-europe-2026	Senior Men -63kg	NACHEV Luboslav	BUL	
presidents-cup-europe-2026	Senior Men -63kg	PAPIEROWSKI Dominik	POL	
presidents-cup-europe-2026	Senior Men -63kg	DAYIOGLU Omer faruk	TUR	
presidents-cup-europe-2026	Senior Men -63kg	GUMUS Feyyaz	GER	
presidents-cup-europe-2026	Senior Men -63kg	BANDAREVICH Maksim	BLR	
presidents-cup-europe-2026	Senior Men -63kg	SAFARYN Piotr	POL	
presidents-cup-europe-2026	Senior Men -63kg	POLAT Gorkem	TUR	
presidents-cup-europe-2026	Senior Men -63kg	KAYA Kaan Nusret	TUR	
presidents-cup-europe-2026	Senior Men -63kg	BATHILY Sirre	FRA	
presidents-cup-europe-2026	Senior Men -63kg	HRISTOV Anton	BUL	
presidents-cup-europe-2026	Senior Men -63kg	PAPAZOGONOPOULOS Dimitrios Arist	GRE	
presidents-cup-europe-2026	Senior Men -63kg	KARAMAN Taha Utkan	TUR	
presidents-cup-europe-2026	Senior Men -63kg	DORE Anthony	FRA	
presidents-cup-europe-2026	Senior Men -63kg	TRIANTAFYLLOU Dimitrios	GRE	
presidents-cup-europe-2026	Senior Men -63kg	VUKOTIC Danilo	SRB	
presidents-cup-europe-2026	Senior Men -63kg	SOLTYSIAK Jakub	POL	
presidents-cup-europe-2026	Senior Men -63kg	DALVA LATORRE Joel	ESP	
presidents-cup-europe-2026	Senior Men -63kg	GRANADO Yohandri	VEN	
presidents-cup-europe-2026	Senior Men -63kg	FLOURIS Iosif	CYP	
presidents-cup-europe-2026	Senior Men -63kg	FUNKENDORF Vladyslav	UKR	
presidents-cup-europe-2026	Senior Men -63kg	SEMERCI Melih kerem	TUR	
presidents-cup-europe-2026	Senior Men -63kg	LIRA Victor augusto	BRA	
presidents-cup-europe-2026	Senior Men -63kg	SIMPARA Youssouf	MLI	
presidents-cup-europe-2026	Senior Men -63kg	VOGEL Eric	GER	
presidents-cup-europe-2026	Senior Men -63kg	KOBYLINSKI Bartosz	POL	
presidents-cup-europe-2026	Senior Men -63kg	MEHRABI FAR Amir ali	GER	
presidents-cup-europe-2026	Senior Men -63kg	SADID Kaihan	DEN	
presidents-cup-europe-2026	Senior Men -63kg	GUREL Enes ali	GER	
presidents-cup-europe-2026	Senior Men -68kg	ALAPHILIPPE Souleyman	FRA	1
presidents-cup-europe-2026	Senior Men -68kg	PANAGOPOULOS Apostolos	GRE	2
presidents-cup-europe-2026	Senior Men -68kg	JOZSA Levente mark	HUN	3
presidents-cup-europe-2026	Senior Men -68kg	MANDIC Milos	SRB	3
presidents-cup-europe-2026	Senior Men -68kg	BARETTA Dennis	ITA	
presidents-cup-europe-2026	Senior Men -68kg	DOS Guilherme	BRA	
presidents-cup-europe-2026	Senior Men -68kg	SALANOVA LISTE Adrian	ESP	
presidents-cup-europe-2026	Senior Men -68kg	MAKANJUOLA Tomi	GBR	
presidents-cup-europe-2026	Senior Men -68kg	KAVTARADZE Beka	GEO	
presidents-cup-europe-2026	Senior Men -68kg	BYSTROV Volodymyr	UKR	
presidents-cup-europe-2026	Senior Men -68kg	RECBER Hakan	TUR	
presidents-cup-europe-2026	Senior Men -68kg	VAN VULPEN Jesse	NED	
presidents-cup-europe-2026	Senior Men -68kg	BONNA Baptiste	FRA	
presidents-cup-europe-2026	Senior Men -68kg	JORQUERA CALA Joan	ESP	
presidents-cup-europe-2026	Senior Men -68kg	CAVUSMAN Emre	GER	
presidents-cup-europe-2026	Senior Men -68kg	ABAD EXPOSITO Iker	ESP	
presidents-cup-europe-2026	Senior Men -68kg	COULIBALY Sekou	LUX	
presidents-cup-europe-2026	Senior Men -68kg	MEYER Leon	GER	
presidents-cup-europe-2026	Senior Men -68kg	ADILOVIC Muhammed Fatih	TUR	
presidents-cup-europe-2026	Senior Men -68kg	CEYLAN Ahmet bogachan	TUR	
presidents-cup-europe-2026	Senior Men -68kg	MCINTOSH Jamie	GBR	
presidents-cup-europe-2026	Senior Men -68kg	SUSILUOTO Otto	FIN	
presidents-cup-europe-2026	Senior Men -68kg	AL GHOTANY Yahya	TRT	
presidents-cup-europe-2026	Senior Men -68kg	NEYI Esrom	TRT	
presidents-cup-europe-2026	Senior Men -68kg	NDIAYE Leopold	FRA	
presidents-cup-europe-2026	Senior Men -68kg	SILVA Ricardo	POR	
presidents-cup-europe-2026	Senior Men -68kg	BOUJEMAI Fares	TUN	
presidents-cup-europe-2026	Senior Men -68kg	SPEIGHT Leo	ISL	
presidents-cup-europe-2026	Senior Men -68kg	JENDOUBI Mohamed khalil	TUN	
presidents-cup-europe-2026	Senior Men -68kg	KRIVISHKIY Nimrod	ISR	
presidents-cup-europe-2026	Senior Men -68kg	DJONKO Muhamed	BIH	
presidents-cup-europe-2026	Senior Men -68kg	CAVUSMAN Aslan eymen	GER	
presidents-cup-europe-2026	Senior Men -68kg	NESTOROVIĆ Vasilije	MNE	
presidents-cup-europe-2026	Senior Men -68kg	FERREIRA Angelo	POR	
presidents-cup-europe-2026	Senior Men -68kg	ANDARABI Habil	GER	
presidents-cup-europe-2026	Senior Men -74kg	DIAO Lixingjun	CHN	1
presidents-cup-europe-2026	Senior Men -74kg	STAMENOV Stefan	BUL	2
presidents-cup-europe-2026	Senior Men -74kg	DUGAC Grga	CRO	3
presidents-cup-europe-2026	Senior Men -74kg	TAKOV Stefan	SRB	3
presidents-cup-europe-2026	Senior Men -74kg	LUKIC Nikola	SRB	
presidents-cup-europe-2026	Senior Men -74kg	BURUSIC Marko	SRB	
presidents-cup-europe-2026	Senior Men -74kg	SITTEK Tomas	CZE	
presidents-cup-europe-2026	Senior Men -74kg	JORGENSEN Otto	DEN	
presidents-cup-europe-2026	Senior Men -74kg	HAIDARI Milad	DEN	
presidents-cup-europe-2026	Senior Men -74kg	CEDRUN MARTINEZ Cesar	ESP	
presidents-cup-europe-2026	Senior Men -74kg	BECOVIC Zinedin	MNE	
presidents-cup-europe-2026	Senior Men -74kg	POLAT Mehmet Kani	TUR	
presidents-cup-europe-2026	Senior Men -74kg	VAN DER MEER Sjoerd	NED	
presidents-cup-europe-2026	Senior Men -74kg	KORSAK Mykhailo	UKR	
presidents-cup-europe-2026	Senior Men -74kg	KAVURAT Ferhat can	TUR	
presidents-cup-europe-2026	Senior Men -74kg	FLOUSKOUNIS Charalampos	GRE	
presidents-cup-europe-2026	Senior Men -74kg	HUSSEIN Ulat	GER	
presidents-cup-europe-2026	Senior Men -74kg	LOTT Liam	GER	
presidents-cup-europe-2026	Senior Men -74kg	BILGIN Efe	GER	
presidents-cup-europe-2026	Senior Men -74kg	CARTWRIGHT Max	GBR	
presidents-cup-europe-2026	Senior Men -74kg	MOHAMMAD Ahmad	GER	
presidents-cup-europe-2026	Senior Men -74kg	CUDNOCH Lukasz	POL	
presidents-cup-europe-2026	Senior Men -74kg	EL HAJ KHALIL Mohamad	GER	
presidents-cup-europe-2026	Senior Men -74kg	GARCIA KLAIL Pedro	ESP	
presidents-cup-europe-2026	Senior Men -74kg	ALIAN Ali	SWE	
presidents-cup-europe-2026	Senior Men -74kg	GUET Matteo	FRA	
presidents-cup-europe-2026	Senior Men -74kg	HAKOBYAN Hrach	GER	
presidents-cup-europe-2026	Senior Men -74kg	GOGOBERIDZE Nika	GEO	
presidents-cup-europe-2026	Senior Men -74kg	GARCIA ALVAREZ Gabriel	ESP	
presidents-cup-europe-2026	Senior Men -74kg	GOLUBIC Marko	CRO	
presidents-cup-europe-2026	Senior Men -74kg	WEIDUM Dion	NED	
presidents-cup-europe-2026	Senior Men -74kg	HUSIC Benjamin	BIH	
presidents-cup-europe-2026	Senior Men -74kg	ABBASI Ali reza	TRT	
presidents-cup-europe-2026	Senior Men -74kg	DONMEZ Ege arda	TUR	
presidents-cup-europe-2026	Senior Men -74kg	MENDONCA Pedro	POR	
presidents-cup-europe-2026	Senior Men -74kg	LONCAR Nikola	SRB	
presidents-cup-europe-2026	Senior Men -74kg	LEFORT Jacques-albert	GER	
presidents-cup-europe-2026	Senior Men -80kg	MILAN CANOVAS Juan antonio	ESP	1
presidents-cup-europe-2026	Senior Men -80kg	FERNANDEZ Mikel	ESP	2
presidents-cup-europe-2026	Senior Men -80kg	KOVACIC Oscar	CRO	3
presidents-cup-europe-2026	Senior Men -80kg	TURAVINAU Raman	BLR	3
presidents-cup-europe-2026	Senior Men -80kg	MYTAREV Artem	RUS	
presidents-cup-europe-2026	Senior Men -80kg	HUSIC Nedzad	BIH	
presidents-cup-europe-2026	Senior Men -80kg	SIGURJONSSON Gudmundur floki	ISL	
presidents-cup-europe-2026	Senior Men -80kg	QUESADA BARRERA Daniel	ESP	
presidents-cup-europe-2026	Senior Men -80kg	GUMUS Kaan	GER	
presidents-cup-europe-2026	Senior Men -80kg	KNIGHT-MITCHELL Dantrell	GBR	
presidents-cup-europe-2026	Senior Men -80kg	MARTINHO Manuel	POR	
presidents-cup-europe-2026	Senior Men -80kg	SZADKOWSKI Michal	POL	
presidents-cup-europe-2026	Senior Men -80kg	SOKOLOWSKI Mikolaj	POL	
presidents-cup-europe-2026	Senior Men -80kg	ROBLETO David	NCA	
presidents-cup-europe-2026	Senior Men -80kg	KINTSURASHVILI Zurab	GEO	
presidents-cup-europe-2026	Senior Men -80kg	HRGOTA Leon	CRO	
presidents-cup-europe-2026	Senior Men -80kg	KOSTENEVYCH Kostiantyn	UKR	
presidents-cup-europe-2026	Senior Men -80kg	JOCHMAN Adam	CZE	
presidents-cup-europe-2026	Senior Men -80kg	ALIPOUR Sohrab	GBR	
presidents-cup-europe-2026	Senior Men -80kg	MUSKEVITS Aleksandr	EST	
presidents-cup-europe-2026	Senior Men -80kg	AKBABAOZ Muhammed buğrahan	TRT	
presidents-cup-europe-2026	Senior Men -80kg	SWEENEY Liam	AUS	
presidents-cup-europe-2026	Senior Men -80kg	ZOUROS KARDATOS Konstantinos	GRE	
presidents-cup-europe-2026	Senior Men -80kg	RASZKOWSKI Wiktor	POL	
presidents-cup-europe-2026	Senior Men -80kg	SAHIN Muhammed Enes	TUR	
presidents-cup-europe-2026	Senior Men -80kg	YILDIZ Muhammed emin	TUR	
presidents-cup-europe-2026	Senior Men -80kg	RODRIGUES Diego	BRA	
presidents-cup-europe-2026	Senior Men -80kg	CALIK Enis	GER	
presidents-cup-europe-2026	Senior Men -80kg	PAPADOPOULOS Ioannis	GRE	
presidents-cup-europe-2026	Senior Men -80kg	SERRANO MACIAS Jesus	ESP	
presidents-cup-europe-2026	Senior Men -80kg	ANGELL Zak	GBR	
presidents-cup-europe-2026	Senior Men -80kg	BALAKA Artem	UKR	
presidents-cup-europe-2026	Senior Men -80kg	PANAGIOTIDIS Andronikos	GRE	
presidents-cup-europe-2026	Senior Men -80kg	FELICITE Lawrence	FRA	
presidents-cup-europe-2026	Senior Men -80kg	ALVES Tiago	POR	
presidents-cup-europe-2026	Senior Men -80kg	VESTERLUND Linus	SWE	
presidents-cup-europe-2026	Senior Men -80kg	NESHYBA Tomas	CZE	
presidents-cup-europe-2026	Senior Men -80kg	CAMMAERTS Andes	BEL	
presidents-cup-europe-2026	Senior Men -80kg	ROMUNDSET Martin	NOR	
presidents-cup-europe-2026	Senior Men -87kg	ABEDINI Mehdi	TRT	1
presidents-cup-europe-2026	Senior Men -87kg	KRPAN Vito	CRO	2
presidents-cup-europe-2026	Senior Men -87kg	PIATKOWSKI Szymon	POL	3
presidents-cup-europe-2026	Senior Men -87kg	KATOUSI Firas	TUN	3
presidents-cup-europe-2026	Senior Men -87kg	BICER Enbiya taha	TUR	
presidents-cup-europe-2026	Senior Men -87kg	ALVAREZ Luis	VEN	
presidents-cup-europe-2026	Senior Men -87kg	BILIC Josip	CRO	
presidents-cup-europe-2026	Senior Men -87kg	HOERMANN Vincent	GER	
presidents-cup-europe-2026	Senior Men -87kg	KOUGBLENOU Kelly	GER	
presidents-cup-europe-2026	Senior Men -87kg	ZU Jianwei	CHN	
presidents-cup-europe-2026	Senior Men -87kg	AMER ALI Hassan	DEN	
presidents-cup-europe-2026	Senior Men -87kg	CIPLAK Selim	GER	
presidents-cup-europe-2026	Senior Men -87kg	MEIRELLES Arthur	BRA	
presidents-cup-europe-2026	Senior Men +87kg	DEMIRCIOGLU Huseyin berat	TUR	1
presidents-cup-europe-2026	Senior Men +87kg	TROITINO AMOEDO Sergio	ESP	2
presidents-cup-europe-2026	Senior Men +87kg	DIVKOVIC Patrik	SLO	3
presidents-cup-europe-2026	Senior Men +87kg	SAPINA Ivan	CRO	3
presidents-cup-europe-2026	Senior Men +87kg	BAILEY Kelen	HUN	
presidents-cup-europe-2026	Senior Men +87kg	MICHOPOULOS Sotirios	GRE	
presidents-cup-europe-2026	Senior Men +87kg	PLONIS Artsiom	BLR	
presidents-cup-europe-2026	Senior Men +87kg	BOZIC Pasko	CRO	
presidents-cup-europe-2026	Senior Men +87kg	ATESLI Emre kutalmis	TUR	
presidents-cup-europe-2026	Senior Men +87kg	GOLUBOVIC Milos	SRB	
presidents-cup-europe-2026	Senior Men +87kg	JABLONSKI Zbigniew	POL	
presidents-cup-europe-2026	Senior Men +87kg	ABBASIPOUYA Abolfazl	TRT	
presidents-cup-europe-2026	Senior Men +87kg	GARCIA MARTINEZ Ivan	ESP	
presidents-cup-europe-2026	Senior Men +87kg	GOMIS Paivou johnouario	GBS	
presidents-cup-europe-2026	Senior Men +87kg	RUDERMAN Ilia	ISR	
presidents-cup-europe-2026	Senior Men +87kg	ISBRECHT Kevin	GER	
presidents-cup-europe-2026	Senior Men +87kg	LARA SOLIS Emmanuel	MEX	
presidents-cup-europe-2026	Senior Men +87kg	JOEL Jordan	NGR	
presidents-cup-europe-2026	Senior Men +87kg	KUECUEKSUNGUR Kerim	GER	
presidents-cup-europe-2026	Senior Women -46kg	SALIM Kamilah	HUN	1
presidents-cup-europe-2026	Senior Women -46kg	BEKULOVA Milana	RUS	2
presidents-cup-europe-2026	Senior Women -46kg	STURARI Alessia	ITA	3
presidents-cup-europe-2026	Senior Women -46kg	BAYECH Rivka	ISR	3
presidents-cup-europe-2026	Senior Women -46kg	GURBUZ Zehra	TUR	
presidents-cup-europe-2026	Senior Women -46kg	BRAJOVIC Iva	SRB	
presidents-cup-europe-2026	Senior Women -46kg	GARCIES I SALA Lluisa	ESP	
presidents-cup-europe-2026	Senior Women -46kg	DIAZ ARRIBAS Violeta	ESP	
presidents-cup-europe-2026	Senior Women -46kg	OZKEN Aleyna	GER	
presidents-cup-europe-2026	Senior Women -46kg	RODRIGUEZ Noelia	GER	
presidents-cup-europe-2026	Senior Women -46kg	CHOI Etta	GBR	
presidents-cup-europe-2026	Senior Women -46kg	OLIVEIRA COSTA Alice caroline	BRA	
presidents-cup-europe-2026	Senior Women -46kg	BULAT Veronika	UKR	
presidents-cup-europe-2026	Senior Women -46kg	SAHIN Cemre	GER	
presidents-cup-europe-2026	Senior Women -46kg	GULYAS Evike	GER	
presidents-cup-europe-2026	Senior Women -46kg	KIRTSELIS Aina	FIN	
presidents-cup-europe-2026	Senior Women -49kg	ANGELOVA Alisa	RUS	1
presidents-cup-europe-2026	Senior Women -49kg	TASKIN Zeynep	TUR	2
presidents-cup-europe-2026	Senior Women -49kg	GOGEBAKAN Emine	TUR	3
presidents-cup-europe-2026	Senior Women -49kg	ATESLI Supharada	GER	3
presidents-cup-europe-2026	Senior Women -49kg	GOSCH CAMARGO Camilly	BRA	
presidents-cup-europe-2026	Senior Women -49kg	HINIC Sofija	CRO	
presidents-cup-europe-2026	Senior Women -49kg	DAN (DANSHYNA) Oleksandra	ISR	
presidents-cup-europe-2026	Senior Women -49kg	CEREZO IGLESIAS Adriana	ESP	
presidents-cup-europe-2026	Senior Women -49kg	NINIC Tina	SRB	
presidents-cup-europe-2026	Senior Women -49kg	LINAN PARDO Naiara	AND	
presidents-cup-europe-2026	Senior Women -49kg	KOUTROUMPI Kalliopi	GRE	
presidents-cup-europe-2026	Senior Women -49kg	KRAJEWSKA Nikola	POL	
presidents-cup-europe-2026	Senior Women -49kg	KRAJEWSKA Alicja	POL	
presidents-cup-europe-2026	Senior Women -49kg	ALLASSAK Oumaima	FRA	
presidents-cup-europe-2026	Senior Women -49kg	GOODMAN Phoenix	GBR	
presidents-cup-europe-2026	Senior Women -49kg	STRUNETS Maryia	BLR	
presidents-cup-europe-2026	Senior Women -49kg	KLISOWSKA Zuzanna	POL	
presidents-cup-europe-2026	Senior Women -49kg	KAVLAK Ayse	TUR	
presidents-cup-europe-2026	Senior Women -49kg	KAMKASOUMPHOU Maysane	FRA	
presidents-cup-europe-2026	Senior Women -49kg	EKSI Selin	TUR	
presidents-cup-europe-2026	Senior Women -49kg	BAJER Wiktoria	POL	
presidents-cup-europe-2026	Senior Women -49kg	PEEVA Deya	BUL	
presidents-cup-europe-2026	Senior Women -49kg	GEORGIOU Melina	GRE	
presidents-cup-europe-2026	Senior Women -49kg	HURTADO TAPIA Jireh	BOL	
presidents-cup-europe-2026	Senior Women -49kg	BARROSO Kiara	POR	
presidents-cup-europe-2026	Senior Women -49kg	WAY Nicolle	GUA	
presidents-cup-europe-2026	Senior Women -49kg	MARINOVA Teodora	BUL	
presidents-cup-europe-2026	Senior Women -49kg	BOKAN Andrea	SRB	
presidents-cup-europe-2026	Senior Women -53kg	DINCEL KAVURAT Merve	TUR	1
presidents-cup-europe-2026	Senior Women -53kg	GURBUZ Hayrunnisa	TUR	2
presidents-cup-europe-2026	Senior Women -53kg	GARCIA MARQUINA Sofia	ESP	3
presidents-cup-europe-2026	Senior Women -53kg	KLAKALA Magdalini	GRE	3
presidents-cup-europe-2026	Senior Women -53kg	ASIMI Adiba	GER	
presidents-cup-europe-2026	Senior Women -53kg	DANIEL Melina	USA	
presidents-cup-europe-2026	Senior Women -53kg	SZYMCZAK Matylda	POL	
presidents-cup-europe-2026	Senior Women -53kg	MCKEW Jodie	GBR	
presidents-cup-europe-2026	Senior Women -53kg	VIGDOR Ariel	ISR	
presidents-cup-europe-2026	Senior Women -53kg	KRIM Sayine	FRA	
presidents-cup-europe-2026	Senior Women -53kg	SUSILUOTO Inari	FIN	
presidents-cup-europe-2026	Senior Women -53kg	MAKRYGIANNI Athina	GRE	
presidents-cup-europe-2026	Senior Women -53kg	KAMKASOUMPHOU Lenya	FRA	
presidents-cup-europe-2026	Senior Women -53kg	RADEK Dora	CRO	
presidents-cup-europe-2026	Senior Women -53kg	PAGANI Iris vasiliki	GRE	
presidents-cup-europe-2026	Senior Women -53kg	DHAHRI Ikram	TUN	
presidents-cup-europe-2026	Senior Women -53kg	KAMANDI Dina	GER	
presidents-cup-europe-2026	Senior Women -53kg	MAYER Leonie	GER	
presidents-cup-europe-2026	Senior Women -53kg	BUTTARELLI Aurelie	FRA	
presidents-cup-europe-2026	Senior Women -53kg	GEORGIEVA Aleksandra	BUL	
presidents-cup-europe-2026	Senior Women -53kg	FERLA Ana Clara	BRA	
presidents-cup-europe-2026	Senior Women -53kg	WOSKOWIAK Natasza	POL	
presidents-cup-europe-2026	Senior Women -53kg	SPASOJEVIC Sara	CRO	
presidents-cup-europe-2026	Senior Women -53kg	NESHER Yarden	ISR	
presidents-cup-europe-2026	Senior Women -53kg	KALIC Lucija	CRO	
presidents-cup-europe-2026	Senior Women -53kg	KARYDI Melina	GRE	
presidents-cup-europe-2026	Senior Women -53kg	KALKAN Selin-g.	GER	
presidents-cup-europe-2026	Senior Women -53kg	DE TORO OLIVER Lucia	ESP	
presidents-cup-europe-2026	Senior Women -53kg	MOGHAL Amna	NOR	
presidents-cup-europe-2026	Senior Women -57kg	ORTIZ BENITO Arlet	ESP	1
presidents-cup-europe-2026	Senior Women -57kg	VITKO Yuliya	BLR	2
presidents-cup-europe-2026	Senior Women -57kg	UZUNCAVDAR Sila irmak	TUR	3
presidents-cup-europe-2026	Senior Women -57kg	AVDAGIC Ada	BIH	3
presidents-cup-europe-2026	Senior Women -57kg	PATAKFALVY Luca	HUN	
presidents-cup-europe-2026	Senior Women -57kg	DILER Ruya	TUR	
presidents-cup-europe-2026	Senior Women -57kg	CARABIN Kanelya	FRA	
presidents-cup-europe-2026	Senior Women -57kg	SESAR VILA Carla	ESP	
presidents-cup-europe-2026	Senior Women -57kg	REPOULIA Athanasia	GRE	
presidents-cup-europe-2026	Senior Women -57kg	ROVITHIS Anastasia	GER	
presidents-cup-europe-2026	Senior Women -57kg	SULBARAN Alexmar	VEN	
presidents-cup-europe-2026	Senior Women -57kg	KARABATIC Nika	CRO	
presidents-cup-europe-2026	Senior Women -57kg	RODRIGUEZ Laura	ESP	
presidents-cup-europe-2026	Senior Women -57kg	REZAIE Roja	GER	
presidents-cup-europe-2026	Senior Women -57kg	BANGURA Aisha	GER	
presidents-cup-europe-2026	Senior Women -57kg	PEREZ PARRADO Alma maria	ESP	
presidents-cup-europe-2026	Senior Women -57kg	RAHMANI Ruqia	FIN	
presidents-cup-europe-2026	Senior Women -57kg	ILGUN Hatice kubra	TUR	
presidents-cup-europe-2026	Senior Women -57kg	MEIŠTININKAITĖ Gerda	LTU	
presidents-cup-europe-2026	Senior Women -57kg	VUKIC Margarita	CRO	
presidents-cup-europe-2026	Senior Women -57kg	WOLF Jessica	GER	
presidents-cup-europe-2026	Senior Women -57kg	ILONA RASNA Adam	COM	
presidents-cup-europe-2026	Senior Women -57kg	LISOWSKA Nikol	POL	
presidents-cup-europe-2026	Senior Women -57kg	KALTEKI Faidra	GRE	
presidents-cup-europe-2026	Senior Women -57kg	STAMENKOVIC Teodora	SRB	
presidents-cup-europe-2026	Senior Women -57kg	UGLESIC Klara	CRO	
presidents-cup-europe-2026	Senior Women -57kg	SEREDA Julia	POL	
presidents-cup-europe-2026	Senior Women -57kg	CAUSSE Estelle	FRA	
presidents-cup-europe-2026	Senior Women -57kg	OLESZCZUK Lucja	POL	
presidents-cup-europe-2026	Senior Women -57kg	FLEGROVA Hana	CZE	
presidents-cup-europe-2026	Senior Women -57kg	HASAN Gizem	TUR	
presidents-cup-europe-2026	Senior Women -57kg	KARABELEVA Erika	BUL	
presidents-cup-europe-2026	Senior Women -57kg	BARKOK Noussaiba	GER	
presidents-cup-europe-2026	Senior Women -57kg	ROMANENKO Valeriia	UKR	
presidents-cup-europe-2026	Senior Women -57kg	LYTVYNENKO Kira	UKR	
presidents-cup-europe-2026	Senior Women -57kg	DARGIE Olivia	POL	
presidents-cup-europe-2026	Senior Women -62kg	MARTON Viviana	HUN	1
presidents-cup-europe-2026	Senior Women -62kg	BLIZNIAKOVA Margarita	RUS	2
presidents-cup-europe-2026	Senior Women -62kg	RELJIKJ Miljana	MKD	3
presidents-cup-europe-2026	Senior Women -62kg	HRONOVA Dominika	CZE	3
presidents-cup-europe-2026	Senior Women -62kg	YIGITALP Hatice pinar	TUR	
presidents-cup-europe-2026	Senior Women -62kg	STOLBOVA Petra	CZE	
presidents-cup-europe-2026	Senior Women -62kg	KICEMA Helena	CRO	
presidents-cup-europe-2026	Senior Women -62kg	TOUMI Chaima	TUN	
presidents-cup-europe-2026	Senior Women -62kg	SIRIN Dilara	TUR	
presidents-cup-europe-2026	Senior Women -62kg	REBON FEDOROVA Ekaterina	ESP	
presidents-cup-europe-2026	Senior Women -62kg	GOGEBAKAN Huru gokce	TUR	
presidents-cup-europe-2026	Senior Women -62kg	KRAJEWSKA Agnieszka	POL	
presidents-cup-europe-2026	Senior Women -62kg	SECANELL Elsa	ESP	
presidents-cup-europe-2026	Senior Women -62kg	JELIC Ivona	CRO	
presidents-cup-europe-2026	Senior Women -62kg	GRETARSDOTTIR Ingibjorg	ISL	
presidents-cup-europe-2026	Senior Women -62kg	MARIC Ela	SRB	
presidents-cup-europe-2026	Senior Women -62kg	YAZICI Zumra	GER	
presidents-cup-europe-2026	Senior Women -62kg	DOUCET Teeyah	FRA	
presidents-cup-europe-2026	Senior Women -62kg	KOWALKOWSKA Justyna	POL	
presidents-cup-europe-2026	Senior Women -62kg	KHUZINA Liliia	RUS	
presidents-cup-europe-2026	Senior Women -62kg	BRILZ Emilia	GER	
presidents-cup-europe-2026	Senior Women -62kg	HERNANDEZ ROCAFULL Rocio Anahi	ESP	
presidents-cup-europe-2026	Senior Women -62kg	HABULIN Kim Vivian	GER	
presidents-cup-europe-2026	Senior Women -62kg	BROMBERGER Lamprini	GRE	
presidents-cup-europe-2026	Senior Women -62kg	PRZYGODA Alina	GER	
presidents-cup-europe-2026	Senior Women -62kg	BECKER Nele	GER	
presidents-cup-europe-2026	Senior Women -62kg	SJOVALL Mira	FIN	
presidents-cup-europe-2026	Senior Women -62kg	RANKOV Vanja	SRB	
presidents-cup-europe-2026	Senior Women -62kg	TADIC Natali	CRO	
presidents-cup-europe-2026	Senior Women -62kg	FRANCESCHI Francesca maria	FRA	
presidents-cup-europe-2026	Senior Women -62kg	SMYCHKOVA Valeryia	BLR	
presidents-cup-europe-2026	Senior Women -67kg	MARTON Luana	HUN	1
presidents-cup-europe-2026	Senior Women -67kg	MARENTAKI Styliani	GRE	2
presidents-cup-europe-2026	Senior Women -67kg	MORENO REYES Lena	ESP	3
presidents-cup-europe-2026	Senior Women -67kg	ROBERTS Chloe	GBR	3
presidents-cup-europe-2026	Senior Women -67kg	KOERNDL Vanessa	GER	
presidents-cup-europe-2026	Senior Women -67kg	MEHNANA Ines	FRA	
presidents-cup-europe-2026	Senior Women -67kg	POLE Doris	CRO	
presidents-cup-europe-2026	Senior Women -67kg	ARELIC Ivana	CRO	
presidents-cup-europe-2026	Senior Women -67kg	MACEDO Sandy	BRA	
presidents-cup-europe-2026	Senior Women -67kg	TOMCZAK Tatiana	POL	
presidents-cup-europe-2026	Senior Women -67kg	JELIC Matea	CRO	
presidents-cup-europe-2026	Senior Women -67kg	SZPAK Julia	POL	
presidents-cup-europe-2026	Senior Women -67kg	RUCINSKI Viktoria	GER	
presidents-cup-europe-2026	Senior Women -67kg	ZAFER Isil	TUR	
presidents-cup-europe-2026	Senior Women -67kg	PERISIC Aleksandra	SRB	
presidents-cup-europe-2026	Senior Women -67kg	KLEPAC Nika	CRO	
presidents-cup-europe-2026	Senior Women -67kg	NOWAK Julia	POL	
presidents-cup-europe-2026	Senior Women -67kg	ZECIROVIC Nina	SRB	
presidents-cup-europe-2026	Senior Women -67kg	BAUER Caroline	GER	
presidents-cup-europe-2026	Senior Women -67kg	ĐOKOVIĆ Ines	SRB	
presidents-cup-europe-2026	Senior Women -67kg	MIKALEVICIUTE Melita	LTU	
presidents-cup-europe-2026	Senior Women -67kg	NILSEN Mari romundset	NOR	
presidents-cup-europe-2026	Senior Women -67kg	IYIN Meryem Elif	TUR	
presidents-cup-europe-2026	Senior Women -67kg	RIBAKOV Alexandra	GER	
presidents-cup-europe-2026	Senior Women -67kg	CETINEL Ceren	TUR	
presidents-cup-europe-2026	Senior Women -67kg	KRAMOH Courtney	GBR	
presidents-cup-europe-2026	Senior Women -73kg	KOSMYCHEVA Anastasiia	RUS	1
presidents-cup-europe-2026	Senior Women -73kg	CHAARI Sarah	BEL	2
presidents-cup-europe-2026	Senior Women -73kg	GARCIA SUAREZ Helena	ESP	3
presidents-cup-europe-2026	Senior Women -73kg	DEMIR Kardelen	TUR	3
presidents-cup-europe-2026	Senior Women -73kg	PETROVIC Iva	SRB	
presidents-cup-europe-2026	Senior Women -73kg	HADZIC Alema	GER	
presidents-cup-europe-2026	Senior Women -73kg	SRHOJ Maja	CRO	
presidents-cup-europe-2026	Senior Women -73kg	MORAN ROMERO Belen	ESP	
presidents-cup-europe-2026	Senior Women -73kg	BERISAJ Andela	MNE	
presidents-cup-europe-2026	Senior Women -73kg	HOERMANN Emily	GER	
presidents-cup-europe-2026	Senior Women -73kg	SINDEN Rebecca	GBR	
presidents-cup-europe-2026	Senior Women -73kg	ERSIN Yusra	TUR	
presidents-cup-europe-2026	Senior Women -73kg	JUHASZOVA Iveta	CZE	
presidents-cup-europe-2026	Senior Women -73kg	BOZANIC Nadica	SRB	
presidents-cup-europe-2026	Senior Women -73kg	KOSEOGLU Elifnaz	TUR	
presidents-cup-europe-2026	Senior Women -73kg	MASTELIC Mila	CRO	
presidents-cup-europe-2026	Senior Women -73kg	RUDOLF Nika	SLO	
presidents-cup-europe-2026	Senior Women -73kg	HELDNER Laura	SUI	
presidents-cup-europe-2026	Senior Women -73kg	BANAS Nina	POL	
presidents-cup-europe-2026	Senior Women -73kg	SARVANAKI Theopoula	GRE	
presidents-cup-europe-2026	Senior Women -73kg	HAMADACHE Emna	FRA	
presidents-cup-europe-2026	Senior Women -73kg	VALENTINO Viviana	GER	
presidents-cup-europe-2026	Senior Women -73kg	MERUNOWICZ Martyna	POL	
presidents-cup-europe-2026	Senior Women -73kg	LEON COROZO Andrea naiara	ESP	
presidents-cup-europe-2026	Senior Women -73kg	NEDIC Marlen sophie	GER	
presidents-cup-europe-2026	Senior Women -73kg	ZECIROVIC Ema	SRB	
presidents-cup-europe-2026	Senior Women +73kg	BRANDL Lorena	GER	1
presidents-cup-europe-2026	Senior Women +73kg	CASTINEIRA Tania	ESP	2
presidents-cup-europe-2026	Senior Women +73kg	MATIC Magdalena	CRO	3
presidents-cup-europe-2026	Senior Women +73kg	HAREMZA Dagmara	POL	3
presidents-cup-europe-2026	Senior Women +73kg	SHVEDKOVA Polina	RUS	
presidents-cup-europe-2026	Senior Women +73kg	MOHAMMED Noor nazar	QAT	
presidents-cup-europe-2026	Senior Women +73kg	MIKHALCHUK Palina	BLR	
presidents-cup-europe-2026	Senior Women +73kg	ADEBAIO Kristina	RUS	
presidents-cup-europe-2026	Senior Women +73kg	KAVUKCUOGLU Zehra begum	TUR	
presidents-cup-europe-2026	Senior Women +73kg	GONZÁLEZ María	VEN	
presidents-cup-europe-2026	Senior Women +73kg	VROEGH Nielle	NED	
presidents-cup-europe-2026	Senior Women +73kg	SEVIC Andjela	SRB	
presidents-cup-europe-2026	Senior Women +73kg	KURKAC Ilayda	GER	
presidents-cup-europe-2026	Senior Women +73kg	HUSOVIC Darija	GER	
presidents-cup-europe-2026	Senior Women +73kg	VALLO ZURDO Ane	ESP	
european-club-championships-2026	Senior Men -54kg	ASEM ATA ABU SREE Moataz Bellah	EGY	1
european-club-championships-2026	Senior Men -54kg	LAMPIS Filippo maria	ITA	
european-club-championships-2026	Senior Men -54kg	AZEVEDO Rafael Alexandre	POR	
european-club-championships-2026	Senior Men -54kg	DAVILA RODRIGUEZ Adrian	ESP	
european-club-championships-2026	Senior Men -54kg	ANDRONIKOU Chrysovalantis	CYP	
european-club-championships-2026	Senior Men -54kg	FONTINHA Andre	POR	
european-club-championships-2026	Senior Men -54kg	OWEN Haddad	FRA	
european-club-championships-2026	Senior Men -54kg	HAMI Muhammed	TRT	
european-club-championships-2026	Senior Men -54kg	ERMAKOV Artem	RUS	3
european-club-championships-2026	Senior Men -54kg	PONOMARENKO Vladyslav	UKR	
european-club-championships-2026	Senior Men -54kg	BALKI Muhammed Barbaros	TUR	
european-club-championships-2026	Senior Men -54kg	AYAZ Hasan	TUR	
european-club-championships-2026	Senior Men -54kg	MARWAN Mussa	SWE	
european-club-championships-2026	Senior Men -54kg	OTERO SOUSA Javier	ESP	
european-club-championships-2026	Senior Men -54kg	TUFAN Egemen	TUR	
european-club-championships-2026	Senior Men -54kg	ESSOBAI Mohamed	ESP	
european-club-championships-2026	Senior Men -54kg	ROUNTARIS Stylianos	GRE	3
european-club-championships-2026	Senior Men -54kg	MENDO ROBLEDO Manuel	ESP	
european-club-championships-2026	Senior Men -54kg	HANAFY Fayez	EST	
european-club-championships-2026	Senior Men -54kg	CARRION COSTA Alejandro	ESP	
european-club-championships-2026	Senior Men -54kg	PAPACHARALAMPOUS Nikolaos	GRE	
european-club-championships-2026	Senior Men -54kg	NISIR Nuri	TUR	
european-club-championships-2026	Senior Men -54kg	ARNAY CURBELO Antonio ramon	ESP	
european-club-championships-2026	Senior Men -54kg	MIAKHEL Arian	SWE	
european-club-championships-2026	Senior Men -54kg	DZHIKAEV Khetag	RUS	
european-club-championships-2026	Senior Men -54kg	DIAWARA Abdoul Aziz Aboubacar	GER	2
european-club-championships-2026	Senior Men -58kg	DIMITROPOULOS Konstantinos	GRE	
european-club-championships-2026	Senior Men -58kg	MANSOUR Abraheem Maruwan	LBA	
european-club-championships-2026	Senior Men -58kg	LISITSKII Mikhail	RUS	
european-club-championships-2026	Senior Men -58kg	DOGANER Mustafa Taha	TUR	
european-club-championships-2026	Senior Men -58kg	BAHTANOVIC Hamza	BIH	
european-club-championships-2026	Senior Men -58kg	DJONKO Ibrahim	BIH	
european-club-championships-2026	Senior Men -58kg	CELIK Ahmet Abit	TUR	
european-club-championships-2026	Senior Men -58kg	HORBATIUK Artem	UKR	
european-club-championships-2026	Senior Men -58kg	SOKOLOWSKI Antoni	POL	3
european-club-championships-2026	Senior Men -58kg	KAPLAN Enes	TUR	2
european-club-championships-2026	Senior Men -58kg	COSTA Luis	POR	
european-club-championships-2026	Senior Men -58kg	HADROVIC Hasan	BIH	
european-club-championships-2026	Senior Men -58kg	IVKOVIC Relja	SRB	
european-club-championships-2026	Senior Men -58kg	BULAVIN Mykyta	UKR	
european-club-championships-2026	Senior Men -58kg	AYDOGDU Melih	TUR	
european-club-championships-2026	Senior Men -58kg	CORDOBA VILLARTE Alvaro	ESP	
european-club-championships-2026	Senior Men -58kg	VASILIC Todor	SRB	
european-club-championships-2026	Senior Men -58kg	TESKERA Josip	CRO	
european-club-championships-2026	Senior Men -58kg	AKSOY Ali Tahir	TUR	
european-club-championships-2026	Senior Men -58kg	DZHIOEV Igor	RUS	3
european-club-championships-2026	Senior Men -58kg	MISSOSSI BIENVENU Nzamba Nzamba	GAB	
european-club-championships-2026	Senior Men -58kg	ELIA Luigi antonio	ITA	
european-club-championships-2026	Senior Men -58kg	ACHMAD Raihan	INA	
european-club-championships-2026	Senior Men -58kg	MEHMEDOVIC Omer	BIH	
european-club-championships-2026	Senior Men -58kg	GUARDIOLA Eliot	FRA	
european-club-championships-2026	Senior Men -58kg	VIVES SAEZ Isaac	ESP	
european-club-championships-2026	Senior Men -58kg	MARWAN Yahya	SWE	
european-club-championships-2026	Senior Men -58kg	DOLIC Petar	BIH	
european-club-championships-2026	Senior Men -58kg	MAJCZYNA Karol	POL	
european-club-championships-2026	Senior Men -58kg	VINOGRADOV Pavel	RUS	
european-club-championships-2026	Senior Men -58kg	KOVDRIA Kyrylo	UKR	
european-club-championships-2026	Senior Men -58kg	OLMEZ Murat Can	TUR	
european-club-championships-2026	Senior Men -58kg	GARBA Issaka	NIG	1
european-club-championships-2026	Senior Men -63kg	MIRZOIEV Samir	UKR	
european-club-championships-2026	Senior Men -63kg	DIMOU Paulos	GRE	
european-club-championships-2026	Senior Men -63kg	GUSEINOV Damir	RUS	
european-club-championships-2026	Senior Men -63kg	OROZCO GIL Sergio	ESP	
european-club-championships-2026	Senior Men -63kg	DELEN Zafer Erdem	TUR	
european-club-championships-2026	Senior Men -63kg	OTER Ibrahim	TUR	1
european-club-championships-2026	Senior Men -63kg	PASTORE Riccardo	ITA	
european-club-championships-2026	Senior Men -63kg	SOLTYSIAK Jakub	POL	
european-club-championships-2026	Senior Men -63kg	CVETKOVSKI Aleksandar	MKD	
european-club-championships-2026	Senior Men -63kg	CURKOVIC Marin	CRO	
european-club-championships-2026	Senior Men -63kg	ALLEN Chris	USA	
european-club-championships-2026	Senior Men -63kg	PAPIEROWSKI Dominik	POL	
european-club-championships-2026	Senior Men -63kg	CAVALIC Eman	BIH	
european-club-championships-2026	Senior Men -63kg	LAKII Egor	RUS	
european-club-championships-2026	Senior Men -63kg	GUNES Ahmet Yetis	TUR	
european-club-championships-2026	Senior Men -63kg	ELSERSY Omar	EGY	
european-club-championships-2026	Senior Men -63kg	ILHAN Serdar	TUR	3
european-club-championships-2026	Senior Men -63kg	PEREIRA Renato	POR	
european-club-championships-2026	Senior Men -63kg	ILIEV Aleksandar	BUL	
european-club-championships-2026	Senior Men -63kg	SERBETCI Nuri	TUR	
european-club-championships-2026	Senior Men -63kg	KORNEEV Lev	SRB	
european-club-championships-2026	Senior Men -63kg	SAFARYN Piotr	POL	
european-club-championships-2026	Senior Men -63kg	KVIRAIA Giorgi	GEO	
european-club-championships-2026	Senior Men -63kg	DEL VECCHIO Teodoro	ITA	2
european-club-championships-2026	Senior Men -63kg	KLJAJIC Nikola	SRB	
european-club-championships-2026	Senior Men -63kg	KOVTUN Pavel	RUS	
european-club-championships-2026	Senior Men -63kg	KUZNIETSOV Artom	UKR	
european-club-championships-2026	Senior Men -63kg	CANBOLAT Tughan Halil	TUR	
european-club-championships-2026	Senior Men -63kg	GARCIA VILLANUEVA Jorge	ESP	
european-club-championships-2026	Senior Men -63kg	VYKOV Umar	RUS	
european-club-championships-2026	Senior Men -63kg	PILAVAKIS Ioannis	CYP	
european-club-championships-2026	Senior Men -63kg	MIHAJLOVIC Vuk	SRB	
european-club-championships-2026	Senior Men -63kg	MELETIOU Thomas	GRE	
european-club-championships-2026	Senior Men -63kg	TORNELLO Roberto Bruno	ITA	
european-club-championships-2026	Senior Men -63kg	BIRCAN Muhammed Utku	TUR	
european-club-championships-2026	Senior Men -63kg	VUKOTIC Danilo	SRB	
european-club-championships-2026	Senior Men -63kg	BITSUEV Kantemir	RUS	3
european-club-championships-2026	Senior Men -63kg	NUKIC Esad	BIH	
european-club-championships-2026	Senior Men -63kg	BALJAK Matej	CRO	
european-club-championships-2026	Senior Men -63kg	VAREJAO Dinis	POR	
european-club-championships-2026	Senior Men -63kg	BARETTA Eduardo	BRA	
european-club-championships-2026	Senior Men -68kg	BYSTROV Volodymyr	UKR	
european-club-championships-2026	Senior Men -68kg	CAMMARATA Matteo	ITA	
european-club-championships-2026	Senior Men -68kg	DEINICHENKO Aleksandr	RUS	
european-club-championships-2026	Senior Men -68kg	DE FAZIO Antonios	GRE	
european-club-championships-2026	Senior Men -68kg	PERCIN Emir	TUR	
european-club-championships-2026	Senior Men -68kg	CAVUSMAN Aslan eymen	GER	3
european-club-championships-2026	Senior Men -68kg	HONCHAR Nikita	UKR	
european-club-championships-2026	Senior Men -68kg	SOUSA DE OLIVEIRA Francisco	POR	
european-club-championships-2026	Senior Men -68kg	KAHRAMAN Abdurrahman	TUR	
european-club-championships-2026	Senior Men -68kg	ROMERO Ian	PAN	
european-club-championships-2026	Senior Men -68kg	SPEIGHT Leo	ISL	
european-club-championships-2026	Senior Men -68kg	MAGGIOLO Stefano	ITA	
european-club-championships-2026	Senior Men -68kg	COMBAS Ihsan	TUR	
european-club-championships-2026	Senior Men -68kg	NIKOLAIDIS Alexios	GRE	
european-club-championships-2026	Senior Men -68kg	MAGERRAMOV Dzhavid	RUS	1
european-club-championships-2026	Senior Men -68kg	RIBBESTAD Markus	SWE	
european-club-championships-2026	Senior Men -68kg	GIORDANO Riccardo	ITA	
european-club-championships-2026	Senior Men -68kg	BEVANDA Josip	BIH	
european-club-championships-2026	Senior Men -68kg	GURBANOV Marat	RUS	
european-club-championships-2026	Senior Men -68kg	ABBASI Ali reza	AFG	
european-club-championships-2026	Senior Men -68kg	DJONKO Muhamed	BIH	
european-club-championships-2026	Senior Men -68kg	MIKHAILIN Timur	RUS	
european-club-championships-2026	Senior Men -68kg	KEKLIK Mehmet Efe	TUR	
european-club-championships-2026	Senior Men -68kg	STANIC Novak	SRB	
european-club-championships-2026	Senior Men -68kg	PAPPAS Lampros	GRE	
european-club-championships-2026	Senior Men -68kg	OZDEMIR Eren	TUR	2
european-club-championships-2026	Senior Men -68kg	PARLAPIANO Cristian	ITA	
european-club-championships-2026	Senior Men -68kg	MILIĆEVIĆ David	CRO	
european-club-championships-2026	Senior Men -68kg	GORGIOVSKI Damjan	MKD	
european-club-championships-2026	Senior Men -68kg	MANDIC Milos	SRB	
european-club-championships-2026	Senior Men -68kg	AL GHOTANY Yahya	TRT	
european-club-championships-2026	Senior Men -68kg	KOWALEWSKI Rafal	POL	
european-club-championships-2026	Senior Men -68kg	SIMONOVSKI Hristijan	MKD	
european-club-championships-2026	Senior Men -68kg	ABDULKADYROV Magomedrasul	RUS	
european-club-championships-2026	Senior Men -68kg	VEGA GAITAN Rommel alejandro	ESP	3
european-club-championships-2026	Senior Men -68kg	GKOLEMIS Ioannis christos	GRE	
european-club-championships-2026	Senior Men -68kg	GUILLET Erawan	FRA	
european-club-championships-2026	Senior Men -68kg	ASSANTE DI CUPILLO Alessandro	ITA	
european-club-championships-2026	Senior Men -68kg	CAKIR Nusret Efe	TUR	
european-club-championships-2026	Senior Men -68kg	KRAJISNIK Zarko	SRB	
european-club-championships-2026	Senior Men -74kg	RODRIGUES Victor	USA	1
european-club-championships-2026	Senior Men -74kg	AKTAS Efe Yagiz	TUR	
european-club-championships-2026	Senior Men -74kg	MAGOMEDOV Magomed	RUS	
european-club-championships-2026	Senior Men -74kg	NIKOLAOU Nikolas	CYP	
european-club-championships-2026	Senior Men -74kg	AYDIN Furkan	TUR	
european-club-championships-2026	Senior Men -74kg	KRNJAIC Filip	CRO	
european-club-championships-2026	Senior Men -74kg	BURUSIC Marko	SRB	
european-club-championships-2026	Senior Men -74kg	KAVURAT Ferhat can	TUR	3
european-club-championships-2026	Senior Men -74kg	TSAKAS CHRISTOU Nikolaos	GRE	
european-club-championships-2026	Senior Men -74kg	SUBOTIC Vojin	SRB	
european-club-championships-2026	Senior Men -74kg	ZELENKO Vladyslav	UKR	
european-club-championships-2026	Senior Men -74kg	HRYHORCHUK Andrii	UKR	
european-club-championships-2026	Senior Men -74kg	REIS Tiago	POR	
european-club-championships-2026	Senior Men -74kg	SANZ RUIZ Alejandro	ESP	
european-club-championships-2026	Senior Men -74kg	ABDOUNI Abdelhamid	MAR	
european-club-championships-2026	Senior Men -74kg	DUGAC Grga	CRO	
european-club-championships-2026	Senior Men -74kg	BABAZADE Vagif	AZE	
european-club-championships-2026	Senior Men -74kg	FERNANDEZ BORREGO Alvaro	ESP	
european-club-championships-2026	Senior Men -74kg	DAVIDOVIC Matija	SRB	
european-club-championships-2026	Senior Men -74kg	PANASENKOV Kirill	RUS	
european-club-championships-2026	Senior Men -74kg	DONMEZ Ege Arda	TUR	
european-club-championships-2026	Senior Men -74kg	AYAZ Alperen	TUR	3
european-club-championships-2026	Senior Men -74kg	KORSAK Mykhailo	UKR	
european-club-championships-2026	Senior Men -74kg	COSTA Diogo rafael alves da	POR	
european-club-championships-2026	Senior Men -74kg	BOZINOVSKI David	MKD	
european-club-championships-2026	Senior Men -74kg	CAMPUSANO ESTEVEZ Juan Daniel	ESP	
european-club-championships-2026	Senior Men -74kg	ALIAN Ali	SWE	
european-club-championships-2026	Senior Men -74kg	AVRAMOV Bozhidar	BUL	
european-club-championships-2026	Senior Men -74kg	TUFAN Yakuphan	TUR	
european-club-championships-2026	Senior Men -74kg	LONCAR Nikola	SRB	
european-club-championships-2026	Senior Men -74kg	HUSIC Benjamin	BIH	2
european-club-championships-2026	Senior Men -80kg	KOVACIC Oscar	CRO	2
european-club-championships-2026	Senior Men -80kg	ZINATO Cristian	ITA	
european-club-championships-2026	Senior Men -80kg	HORVAT Sven	CRO	
european-club-championships-2026	Senior Men -80kg	CHEHADE Mohamad	SWE	
european-club-championships-2026	Senior Men -80kg	RASZKOWSKI Wiktor	POL	
european-club-championships-2026	Senior Men -80kg	SAROGLU Ferhat Muhammet	TUR	3
european-club-championships-2026	Senior Men -80kg	BALAKA Artem	UKR	
european-club-championships-2026	Senior Men -80kg	GONZALEZ NUNEZ Giovanni	ESP	
european-club-championships-2026	Senior Men -80kg	CHARALAMBOUS Evangelos	CYP	
european-club-championships-2026	Senior Men -80kg	HUSIC Nedzad	BIH	
european-club-championships-2026	Senior Men -80kg	SEREMET Nino	BIH	
european-club-championships-2026	Senior Men -80kg	YEFIMOV Oleksandr	UKR	
european-club-championships-2026	Senior Men -80kg	SULEAC Dmitrii	MDA	3
european-club-championships-2026	Senior Men -80kg	MUSKEVITS Aleksandr	EST	
european-club-championships-2026	Senior Men -80kg	LAWSON Matheo	SWE	
european-club-championships-2026	Senior Men -80kg	PIROS Daniel	HUN	
european-club-championships-2026	Senior Men -80kg	ZUNZARREN ELVERDIN Inigo	ESP	
european-club-championships-2026	Senior Men -80kg	HRGOTA Leon	CRO	1
european-club-championships-2026	Senior Men -87kg	BILIC PAVLINOVIC Josip	CRO	2
european-club-championships-2026	Senior Men -87kg	KARAKOC Sadullah	TUR	
european-club-championships-2026	Senior Men -87kg	KARTAL Huseyin	TUR	
european-club-championships-2026	Senior Men -87kg	SNACOV Laurentiu	ROU	
european-club-championships-2026	Senior Men -87kg	ELSHEIKH Adham	EGY	3
european-club-championships-2026	Senior Men -87kg	RASIDAGIC Jusuf-Ali	BIH	
european-club-championships-2026	Senior Men -87kg	STOJANOVIC Stefan	SRB	
european-club-championships-2026	Senior Men -87kg	RODRIGUEZ Michael c.	USA	1
european-club-championships-2026	Senior Men -87kg	ZAGORULKO Andrei	RUS	
european-club-championships-2026	Senior Men -87kg	SENOL Yusuf	TUR	
european-club-championships-2026	Senior Men -87kg	AJDUKOVIC Dimitrije	SRB	
european-club-championships-2026	Senior Men -87kg	JELIC Tomislav	CRO	
european-club-championships-2026	Senior Men -87kg	NUCI Erol	BIH	3
european-club-championships-2026	Senior Men +87kg	BOZIC Pasko	CRO	2
european-club-championships-2026	Senior Men +87kg	GRUJICIC Ognjen	SRB	
european-club-championships-2026	Senior Men +87kg	PUSHKIN Kirill	RUS	
european-club-championships-2026	Senior Men +87kg	GOICOCHEA HENRY Yoikel daniel	CUB	3
european-club-championships-2026	Senior Men +87kg	ILLIANO Ciro	ITA	
european-club-championships-2026	Senior Men +87kg	CURABAZ Sergen	TUR	
european-club-championships-2026	Senior Men +87kg	ANDREOU Petros	CYP	
european-club-championships-2026	Senior Men +87kg	ATESLI Emre kutalmis	TUR	
european-club-championships-2026	Senior Men +87kg	KRASIKOV Dmitrii	RUS	
european-club-championships-2026	Senior Men +87kg	EISSA Seif	EGY	1
european-club-championships-2026	Senior Men +87kg	LAURENT Jonathan	MRN	
european-club-championships-2026	Senior Men +87kg	SAIDI Isa	AUT	
european-club-championships-2026	Senior Men +87kg	ABAZOVIC Hamza	BIH	
european-club-championships-2026	Senior Men +87kg	GEORGIEVSKI Dejan	MKD	3
european-club-championships-2026	Senior Women -46kg	MAKAS Dzejla	BIH	1
european-club-championships-2026	Senior Women -46kg	KAYA Damla	TUR	
european-club-championships-2026	Senior Women -46kg	CRISCUOLO Anna	ITA	
european-club-championships-2026	Senior Women -46kg	MORENO MUNOZ Erkuden jinxin	ESP	
european-club-championships-2026	Senior Women -46kg	PAVLOVA Mariia	RUS	
european-club-championships-2026	Senior Women -46kg	GALECKA Hanna	POL	
european-club-championships-2026	Senior Women -46kg	KAMALUTDINOVA Aminat	RUS	3
european-club-championships-2026	Senior Women -46kg	LOPEZ RAMIREZ Leyre	ESP	
european-club-championships-2026	Senior Women -46kg	NORDH Olivia	SWE	
european-club-championships-2026	Senior Women -46kg	GULIYEVA Salima	AZE	3
european-club-championships-2026	Senior Women -46kg	FIDALGO Iara	POR	
european-club-championships-2026	Senior Women -46kg	PANTENKOVA Viktoria	RUS	
european-club-championships-2026	Senior Women -46kg	QUINONERO MEDINA Nuria	ESP	
european-club-championships-2026	Senior Women -46kg	PAVLOVA Ekaterina	RUS	
european-club-championships-2026	Senior Women -46kg	RODRIGUEZ ROMAN Lucia	ESP	
european-club-championships-2026	Senior Women -46kg	YILMAZ Damla nur	TUR	
european-club-championships-2026	Senior Women -46kg	NHI ACEBAL VILA Lluna	ESP	
european-club-championships-2026	Senior Women -46kg	STURARI Alessia	ITA	2
european-club-championships-2026	Senior Women -49kg	KRAJEWSKA Alicja	POL	2
european-club-championships-2026	Senior Women -49kg	PAPADOPOULOU Vasiliki	GRE	
european-club-championships-2026	Senior Women -49kg	GUNDUZ Canan	TUR	
european-club-championships-2026	Senior Women -49kg	HURTADO TAPIA Jireh	BOL	
european-club-championships-2026	Senior Women -49kg	YESILTAS Busra	TUR	
european-club-championships-2026	Senior Women -49kg	BULBUL Merve	TUR	
european-club-championships-2026	Senior Women -49kg	DODIK Nika	CRO	
european-club-championships-2026	Senior Women -49kg	KLISOWSKA Zuzanna	POL	
european-club-championships-2026	Senior Women -49kg	LUIRO Enna	FIN	
european-club-championships-2026	Senior Women -49kg	BRAJOVIC Iva	SRB	
european-club-championships-2026	Senior Women -49kg	DEMIR Aleyna	TUR	3
european-club-championships-2026	Senior Women -49kg	BAJER Wiktoria	POL	
european-club-championships-2026	Senior Women -49kg	PUCHKINA Evgeniia	RUS	
european-club-championships-2026	Senior Women -49kg	TEZGELDI Damla	TUR	
european-club-championships-2026	Senior Women -49kg	KRAJEWSKA Nikola	POL	
european-club-championships-2026	Senior Women -49kg	MAKAS Ejla	BIH	
european-club-championships-2026	Senior Women -49kg	GUNEY Rabia	TUR	
european-club-championships-2026	Senior Women -49kg	MARINOVA Teodora	BUL	
european-club-championships-2026	Senior Women -49kg	GALVEZ CAIRON Gema	ESP	
european-club-championships-2026	Senior Women -49kg	ULUSOY Mulkiye Ece	TUR	
european-club-championships-2026	Senior Women -49kg	GUSEINOVA Aziza	RUS	3
european-club-championships-2026	Senior Women -49kg	NINIC Tina	SRB	
european-club-championships-2026	Senior Women -49kg	KOUTROUMPI Kalliopi	GRE	1
european-club-championships-2026	Senior Women -49kg	AKSAKALLI Sudenur	TUR	
european-club-championships-2026	Senior Women -49kg	SILVA NAZARIO Julia	BRA	
european-club-championships-2026	Senior Women -49kg	GAYE Serrah	FRA	
european-club-championships-2026	Senior Women -49kg	KELC Emma	SWE	
european-club-championships-2026	Senior Women -49kg	PATRICIO Ana Rita	POR	
european-club-championships-2026	Senior Women -49kg	EREMINA Viktoriya	RUS	
european-club-championships-2026	Senior Women -53kg	AVDAGIC Ada	BIH	2
european-club-championships-2026	Senior Women -53kg	BEZIRGANCI Azra	TUR	
european-club-championships-2026	Senior Women -53kg	FLORENCIO Matilde	POR	
european-club-championships-2026	Senior Women -53kg	BUTTARELLI Aurelie	FRA	
european-club-championships-2026	Senior Women -53kg	GAVRILOVIC Irina	SRB	
european-club-championships-2026	Senior Women -53kg	NUNEZ GUIJO Alicia	ESP	
european-club-championships-2026	Senior Women -53kg	KRAISNIK Katarina	BIH	
european-club-championships-2026	Senior Women -53kg	SPASOJEVIC Sara	CRO	
european-club-championships-2026	Senior Women -53kg	CANOVAS ROCA Natalia	ESP	
european-club-championships-2026	Senior Women -53kg	DOVZHANYN Diana	UKR	
european-club-championships-2026	Senior Women -53kg	DUARTE MOREIRA Lara	POR	
european-club-championships-2026	Senior Women -53kg	GEORGIADOU Gesthimani	GRE	
european-club-championships-2026	Senior Women -53kg	NSANGU MORALES June	ESP	
european-club-championships-2026	Senior Women -53kg	KOSAR Damla	TUR	
european-club-championships-2026	Senior Women -53kg	KLAKALA Magdalini	GRE	3
european-club-championships-2026	Senior Women -53kg	BOKAN Andrea	SRB	
european-club-championships-2026	Senior Women -53kg	KOKOC Zeynep Duru	TUR	
european-club-championships-2026	Senior Women -53kg	MORA DOMINGUEZ Margarita	ESP	
european-club-championships-2026	Senior Women -53kg	GURBUZ Hayrunnisa	TUR	1
european-club-championships-2026	Senior Women -53kg	MAMMADOVA Ayan	AZE	
european-club-championships-2026	Senior Women -53kg	SHAVADZE Lina	GEO	
european-club-championships-2026	Senior Women -53kg	STANKOVIC Vanja	SRB	
european-club-championships-2026	Senior Women -53kg	SANGARE Mariam	GER	
european-club-championships-2026	Senior Women -53kg	GARCIA CORTES Paula	ESP	
european-club-championships-2026	Senior Women -53kg	ECHANIZ CLAVER Leire	ESP	
european-club-championships-2026	Senior Women -53kg	LEVAKOVA Veronika	RUS	
european-club-championships-2026	Senior Women -53kg	HARRISON Olivia	GBR	
european-club-championships-2026	Senior Women -53kg	SZYMCZAK Aleksandra	POL	
european-club-championships-2026	Senior Women -53kg	EL BOUCHTI Oumaima	MAR	3
european-club-championships-2026	Senior Women -57kg	LISOWSKA Nikol	POL	
european-club-championships-2026	Senior Women -57kg	MARKOVIC Dejana	BIH	
european-club-championships-2026	Senior Women -57kg	CICCARELLI Ivana	ITA	
european-club-championships-2026	Senior Women -57kg	SEVO Milica	SRB	
european-club-championships-2026	Senior Women -57kg	KARLSSON Alma friis	DEN	
european-club-championships-2026	Senior Women -57kg	ORTIZ BENITO Arlet	ESP	1
european-club-championships-2026	Senior Women -57kg	LYTVYNENKO Kira	UKR	
european-club-championships-2026	Senior Women -57kg	SAROKINA Uladzislava	BLR	
european-club-championships-2026	Senior Women -57kg	JURLIN Nina	CRO	
european-club-championships-2026	Senior Women -57kg	RADAK Teodora	SRB	
european-club-championships-2026	Senior Women -57kg	KUCHINA Viktorya	RUS	3
european-club-championships-2026	Senior Women -57kg	WROBEL Michalina	POL	
european-club-championships-2026	Senior Women -57kg	KATSIGIANNI Panagiota	GRE	
european-club-championships-2026	Senior Women -57kg	BENETTI Ines	FRA	
european-club-championships-2026	Senior Women -57kg	GUAITA Greta	ITA	
european-club-championships-2026	Senior Women -57kg	KUKIC Iva	SRB	
european-club-championships-2026	Senior Women -57kg	MONTEIRO Maisa	POR	
european-club-championships-2026	Senior Women -57kg	BLESA SILES Eva	ESP	
european-club-championships-2026	Senior Women -57kg	KARAOGLAN Aysenaz	TUR	
european-club-championships-2026	Senior Women -57kg	SMIRNOVA Kseniia	RUS	
european-club-championships-2026	Senior Women -57kg	VUKIC Margarita	CRO	3
european-club-championships-2026	Senior Women -57kg	EFTIMOVA Dragana	MKD	
european-club-championships-2026	Senior Women -57kg	KUNITSKAIA Milana	RUS	
european-club-championships-2026	Senior Women -57kg	DE FAZIO Ioanna	GRE	
european-club-championships-2026	Senior Women -57kg	HASAN Gizem	TUR	
european-club-championships-2026	Senior Women -57kg	OLESZCZUK Lucja	POL	
european-club-championships-2026	Senior Women -57kg	DOMINGUEZ VARGAS Marta	ESP	
european-club-championships-2026	Senior Women -57kg	KESIC Helena	BIH	
european-club-championships-2026	Senior Women -57kg	MAZGAL Rumeysa	TUR	
european-club-championships-2026	Senior Women -57kg	SEREDA Julia	POL	
european-club-championships-2026	Senior Women -57kg	WOLF Jessica	GER	
european-club-championships-2026	Senior Women -57kg	VENIERI Dafni Vasiliki	GRE	
european-club-championships-2026	Senior Women -57kg	ALVAREZ MANTECON Naya	ESP	
european-club-championships-2026	Senior Women -57kg	STOJANOVIC Nina	SRB	
european-club-championships-2026	Senior Women -57kg	DURDU Eylul Mina	TUR	2
european-club-championships-2026	Senior Women -57kg	KOSTADINOVA Stanislava	BUL	
european-club-championships-2026	Senior Women -57kg	OZBEY Oyku	TUR	
european-club-championships-2026	Senior Women -57kg	OSLOVAR Viktorija	CRO	
european-club-championships-2026	Senior Women -57kg	LO IACONO Carola Amelie	ITA	
european-club-championships-2026	Senior Women -57kg	ROVITHIS Anastasia	GER	
european-club-championships-2026	Senior Women -62kg	CAKAL Sevval	TUR	
european-club-championships-2026	Senior Women -62kg	CAVAR Ivana	BIH	
european-club-championships-2026	Senior Women -62kg	BADMAEVA Dayana	RUS	
european-club-championships-2026	Senior Women -62kg	RAAGMETS Carmen	EST	
european-club-championships-2026	Senior Women -62kg	STEVIC Serdja	SRB	
european-club-championships-2026	Senior Women -62kg	CHEPELEUTS Sofiia	RUS	
european-club-championships-2026	Senior Women -62kg	SIRIN Dilara	TUR	3
european-club-championships-2026	Senior Women -62kg	GRETARSDOTTIR Ingibjorg	ISL	
european-club-championships-2026	Senior Women -62kg	KRAISNIK Ivana	BIH	
european-club-championships-2026	Senior Women -62kg	SENGUN Ahsen	TUR	
european-club-championships-2026	Senior Women -62kg	SOSHNIKOVA Alisa	RUS	1
european-club-championships-2026	Senior Women -62kg	KIOSKEROGLOU Maria	GRE	
european-club-championships-2026	Senior Women -62kg	KICEMA Helena	CRO	
european-club-championships-2026	Senior Women -62kg	JELIC Ivona	CRO	
european-club-championships-2026	Senior Women -62kg	DUDNIKOVA Anastasiia	RUS	
european-club-championships-2026	Senior Women -62kg	RANKOV Vanja	SRB	
european-club-championships-2026	Senior Women -62kg	BROMBERGER Lamprini	GRE	
european-club-championships-2026	Senior Women -62kg	KOWALKOWSKA Justyna	POL	
european-club-championships-2026	Senior Women -62kg	SENYURT Aleyna	TUR	3
european-club-championships-2026	Senior Women -62kg	EK Isabella	SWE	
european-club-championships-2026	Senior Women -62kg	TADIC Natali	CRO	
european-club-championships-2026	Senior Women -62kg	BERBIĆ Adna	BIH	
european-club-championships-2026	Senior Women -62kg	CORREIA Leonor	POR	
european-club-championships-2026	Senior Women -62kg	CAKIR Beril Behiye	TUR	
european-club-championships-2026	Senior Women -62kg	MAROTO CORREDOR Irene	ESP	
european-club-championships-2026	Senior Women -62kg	MARIC Ela	SRB	2
european-club-championships-2026	Senior Women -67kg	SHEHATA Aya	EGY	
european-club-championships-2026	Senior Women -67kg	TSOULOUFA Aikaterini	GRE	
european-club-championships-2026	Senior Women -67kg	SEVO Tamara	SRB	
european-club-championships-2026	Senior Women -67kg	ĐOKOVIĆ Ines	SRB	3
european-club-championships-2026	Senior Women -67kg	SAKO Moussa	NIG	
european-club-championships-2026	Senior Women -67kg	ARELIC Ivana	CRO	2
european-club-championships-2026	Senior Women -67kg	ORLOVIC Marija	BIH	
european-club-championships-2026	Senior Women -67kg	CAKAL Sefika	TUR	
european-club-championships-2026	Senior Women -67kg	FERNANDEZ INSA Julia	ESP	
european-club-championships-2026	Senior Women -67kg	PAGLIAI Giada	ITA	
european-club-championships-2026	Senior Women -67kg	CHUA Chloe	USA	
european-club-championships-2026	Senior Women -67kg	TOMCZAK Tatiana	POL	
european-club-championships-2026	Senior Women -67kg	CZACHOWICZ Alicja	POL	
european-club-championships-2026	Senior Women -67kg	VUJIN Andjela	SRB	
european-club-championships-2026	Senior Women -67kg	GENCER Sila Nur	TUR	3
european-club-championships-2026	Senior Women -67kg	KLEPAC Nika	CRO	
european-club-championships-2026	Senior Women -67kg	NOWAK Julia	POL	
european-club-championships-2026	Senior Women -67kg	HRGIC Anja	BIH	
european-club-championships-2026	Senior Women -67kg	MAGDIC Matea	CRO	
european-club-championships-2026	Senior Women -67kg	OZBEY Ozge	TUR	
european-club-championships-2026	Senior Women -67kg	MACEDO Sandy	BRA	1
european-club-championships-2026	Senior Women -73kg	BOZANIC Nadica	SRB	1
european-club-championships-2026	Senior Women -73kg	KAREPOVA Irina	RUS	
european-club-championships-2026	Senior Women -73kg	ERDOGAN Nisa	TUR	
european-club-championships-2026	Senior Women -73kg	DEMIR Kardelen	TUR	
european-club-championships-2026	Senior Women -73kg	DIEGUEZ DOMINGUEZ Andrea	ESP	
european-club-championships-2026	Senior Women -73kg	ČIZMIĆ BORŠI Nina	CRO	
european-club-championships-2026	Senior Women -73kg	PETROVIC Iva	SRB	3
european-club-championships-2026	Senior Women -73kg	OLIVEIRA DOS SANTOS Mikaela	BRA	3
european-club-championships-2026	Senior Women -73kg	ZIABLITCEVA Anna	RUS	
european-club-championships-2026	Senior Women -73kg	DZONLIC Zerina	BIH	
european-club-championships-2026	Senior Women -73kg	KAYMAZ Figen	TUR	
european-club-championships-2026	Senior Women -73kg	GEORGIEVSKA Anamarija	MKD	
european-club-championships-2026	Senior Women -73kg	LYSKAWA Klaudia	POL	
european-club-championships-2026	Senior Women -73kg	MLADINA Maja	CRO	
european-club-championships-2026	Senior Women -73kg	MORAN ROMERO Belen	ESP	2
european-club-championships-2026	Senior Women +73kg	KITSIOU Agoritsa artemia	GRE	2
european-club-championships-2026	Senior Women +73kg	MEDIOUNI Jasmine	FRA	
european-club-championships-2026	Senior Women +73kg	KRAPIVKA Anna	RUS	
european-club-championships-2026	Senior Women +73kg	HUSOVIC Darija	GER	3
european-club-championships-2026	Senior Women +73kg	KHUBULOVA Anzhelika	RUS	
european-club-championships-2026	Senior Women +73kg	KHVEDELIDZE Tinatini	GEO	
european-club-championships-2026	Senior Women +73kg	KUCHYNA Viktoriia	UKR	
european-club-championships-2026	Senior Women +73kg	HUSOVIC Esmeralda	GER	
european-club-championships-2026	Senior Women +73kg	SMITHERS Charleigh	IRL	
european-club-championships-2026	Senior Women +73kg	LEVICHEVA Kristina	RUS	
european-club-championships-2026	Senior Women +73kg	UZUNCAVDAR Sude yaren	TUR	1
european-club-championships-2026	Senior Women +73kg	MIKHAILOVA Iuliia	RUS	
european-club-championships-2026	Senior Women +73kg	SPYRIDOU Aliki Victoria	GRE	
european-club-championships-2026	Senior Women +73kg	AYANG Veronica Mbang Esono	GER	3
bosnia-open-2026	Senior Men -54kg	DIAWARA Abdoul aziz aboubacar	GUI	1
bosnia-open-2026	Senior Men -54kg	OTERO SOUSA Javier	ESP	2
bosnia-open-2026	Senior Men -54kg	TURKALJ Luka	CRO	3
bosnia-open-2026	Senior Men -54kg	OWEN Haddad	FRA	3
bosnia-open-2026	Senior Men -54kg	AZEVEDO Rafael Alexandre	POR	
bosnia-open-2026	Senior Men -54kg	ARNAY CURBELO Antonio ramon	ESP	
bosnia-open-2026	Senior Men -54kg	HAMI Muhammed	TRT	
bosnia-open-2026	Senior Men -54kg	MIAKHEL Arian	SWE	
bosnia-open-2026	Senior Men -54kg	RADISIC Pavle	SRB	
bosnia-open-2026	Senior Men -54kg	LAMPIS Filippo maria	ITA	
bosnia-open-2026	Senior Men -54kg	ANDRONIKOU Chrysovalantis	CYP	
bosnia-open-2026	Senior Men -54kg	KIS Nikola	SRB	
bosnia-open-2026	Senior Men -58kg	ISSAKA GARBA Nouridine	NIG	1
bosnia-open-2026	Senior Men -58kg	ASEM ATA ABU SREE' Moataz bellah	EGY	2
bosnia-open-2026	Senior Men -58kg	SOKOLOWSKI Antoni	POL	3
bosnia-open-2026	Senior Men -58kg	VASILIC Todor	SRB	3
bosnia-open-2026	Senior Men -58kg	TESKERA Josip	CRO	
bosnia-open-2026	Senior Men -58kg	DIMITROPOULOS Konstantinos	GRE	
bosnia-open-2026	Senior Men -58kg	GUARDIOLA Eliot	FRA	
bosnia-open-2026	Senior Men -58kg	IVKOVIC Relja	SRB	
bosnia-open-2026	Senior Men -58kg	STOJANOVIC Stefan	SRB	
bosnia-open-2026	Senior Men -58kg	ACHMAD Raihan	INA	
bosnia-open-2026	Senior Men -58kg	MISSOSSI BIENVENU Nzamba Nzamba	GAB	
bosnia-open-2026	Senior Men -58kg	CELIK Ahmet Abit	TUR	
bosnia-open-2026	Senior Men -58kg	MARWAN Yahya	SWE	
bosnia-open-2026	Senior Men -58kg	COSTA Luis	POR	
bosnia-open-2026	Senior Men -58kg	MARWAN Mussa	SWE	
bosnia-open-2026	Senior Men -58kg	ERMAKOV Artem	RUS	
bosnia-open-2026	Senior Men -58kg	DOLIC Petar	BIH	
bosnia-open-2026	Senior Men -58kg	HORBATIUK Artem	UKR	
bosnia-open-2026	Senior Men -63kg	RAVET Cyrian	FRA	1
bosnia-open-2026	Senior Men -63kg	BARETTA Eduardo	BRA	2
bosnia-open-2026	Senior Men -63kg	PASTORE Riccardo	ITA	3
bosnia-open-2026	Senior Men -63kg	OZKAYA Imran	GER	3
bosnia-open-2026	Senior Men -63kg	LAKII Egor	RUS	
bosnia-open-2026	Senior Men -63kg	MIHAJLOVIC Vuk	SRB	
bosnia-open-2026	Senior Men -63kg	NESTOROVIĆ Vasilije	MNE	
bosnia-open-2026	Senior Men -63kg	DONKO Ibrahim	BIH	
bosnia-open-2026	Senior Men -63kg	MELETIOU Thomas	GRE	
bosnia-open-2026	Senior Men -63kg	PILAVAKIS Ioannis	CYP	
bosnia-open-2026	Senior Men -63kg	KVIRAIA Giorgi	GEO	
bosnia-open-2026	Senior Men -63kg	VIVES SAEZ Isaac	ESP	
bosnia-open-2026	Senior Men -63kg	VINOGRADOV Pavel	RUS	
bosnia-open-2026	Senior Men -63kg	KORNEEV Lev	SRB	
bosnia-open-2026	Senior Men -63kg	ALLEN Chris	USA	
bosnia-open-2026	Senior Men -63kg	VAREJAO Dinis	POR	
bosnia-open-2026	Senior Men -63kg	VUKOTIC Danilo	SRB	
bosnia-open-2026	Senior Men -63kg	SOLTYSIAK Jakub	POL	
bosnia-open-2026	Senior Men -63kg	KLJAJIC Nikola	SRB	
bosnia-open-2026	Senior Men -63kg	VISINSKI Patrik	CRO	
bosnia-open-2026	Senior Men -63kg	PEREIRA Renato	POR	
bosnia-open-2026	Senior Men -63kg	ILIEV Aleksandar	BUL	
bosnia-open-2026	Senior Men -63kg	NUKIC Esad	BIH	
bosnia-open-2026	Senior Men -68kg	KRAJISNIK Zarko	SRB	1
bosnia-open-2026	Senior Men -68kg	SPEIGHT Leo	ISL	2
bosnia-open-2026	Senior Men -68kg	CAVUSMAN Aslan eymen	GER	3
bosnia-open-2026	Senior Men -68kg	MANDIC Milos	SRB	3
bosnia-open-2026	Senior Men -68kg	MIKHALKIN Timur	RUS	
bosnia-open-2026	Senior Men -68kg	MAGERRAMOV Dzhavid	RUS	
bosnia-open-2026	Senior Men -68kg	ROMERO Ian	PAN	
bosnia-open-2026	Senior Men -68kg	AL GHOTANY Yahya	TRT	
bosnia-open-2026	Senior Men -68kg	STANIC Novak	SRB	
bosnia-open-2026	Senior Men -68kg	PAPIEROWSKI Dominik	POL	
bosnia-open-2026	Senior Men -68kg	DEINICHENKO Aleksandr	RUS	
bosnia-open-2026	Senior Men -68kg	SOUSA DE OLIVEIRA Francisco	POR	
bosnia-open-2026	Senior Men -68kg	ABDULKADYROV Magomedrasul	RUS	
bosnia-open-2026	Senior Men -68kg	RIBBESTAD Markus	SWE	
bosnia-open-2026	Senior Men -68kg	DJONKO Muhamed	BIH	
bosnia-open-2026	Senior Men -68kg	BALJAK Matej	CRO	
bosnia-open-2026	Senior Men -68kg	GUSEINOV Damir	RUS	
bosnia-open-2026	Senior Men -68kg	GURBANOV Marat	RUS	
bosnia-open-2026	Senior Men -68kg	ARECHABALA LOPEZ Inigo	ESP	
bosnia-open-2026	Senior Men -68kg	CAMMARATA Matteo	ITA	
bosnia-open-2026	Senior Men -68kg	ELSERSY Omar	EGY	
bosnia-open-2026	Senior Men -68kg	KOWALEWSKI Rafal	POL	
bosnia-open-2026	Senior Men -74kg	DUGAC Grga	CRO	1
bosnia-open-2026	Senior Men -74kg	RODRIGUES Victor	USA	2
bosnia-open-2026	Senior Men -74kg	BURUSIC Marko	SRB	3
bosnia-open-2026	Senior Men -74kg	ALIAN Ali	SWE	3
bosnia-open-2026	Senior Men -74kg	PANASENKOV Kirill	RUS	
bosnia-open-2026	Senior Men -74kg	KORSAK Mykhailo	UKR	
bosnia-open-2026	Senior Men -74kg	NIKOLAOU Nikolas	CYP	
bosnia-open-2026	Senior Men -74kg	BECOVIC Zinedin	MNE	
bosnia-open-2026	Senior Men -74kg	OTHMAN Mohammad	JOR	
bosnia-open-2026	Senior Men -74kg	BABAZADE Vagif	AZE	
bosnia-open-2026	Senior Men -74kg	ABBASI Ali reza	AFG	
bosnia-open-2026	Senior Men -74kg	REIS Tiago	POR	
bosnia-open-2026	Senior Men -74kg	MAGOMEDOV Magomed	RUS	
bosnia-open-2026	Senior Men -74kg	TURAN Emircan	TUR	
bosnia-open-2026	Senior Men -74kg	STOJANOVIC Marko	SRB	
bosnia-open-2026	Senior Men -74kg	TESKERA Mate	CRO	
bosnia-open-2026	Senior Men -74kg	SUBOTIC Vojin	SRB	
bosnia-open-2026	Senior Men -74kg	VARENICA Gabrijel	CRO	
bosnia-open-2026	Senior Men -80kg	KINTSURASHVILI Zurab	GEO	1
bosnia-open-2026	Senior Men -80kg	CHARALAMBOUS Evangelos	CYP	2
bosnia-open-2026	Senior Men -80kg	HUSIC Nedzad	BIH	3
bosnia-open-2026	Senior Men -80kg	MOHAMMAD Ahmad	GER	3
bosnia-open-2026	Senior Men -80kg	SULEAC Dmitrii	MDA	
bosnia-open-2026	Senior Men -80kg	PERUNIČIĆ Vasilije	MNE	
bosnia-open-2026	Senior Men -80kg	LAWSON Matheo	TOG	
bosnia-open-2026	Senior Men -80kg	VESTERLUND Linus	SWE	
bosnia-open-2026	Senior Men -80kg	GONZALEZ NUNEZ Giovanni	ESP	
bosnia-open-2026	Senior Men -80kg	SEREMET Nino	BIH	
bosnia-open-2026	Senior Men -80kg	VITKOVIC Nikola	SRB	
bosnia-open-2026	Senior Men -80kg	LONCAR Nikola	SRB	
bosnia-open-2026	Senior Men -87kg	AJDUKOVIC Dimitrije	SRB	1
bosnia-open-2026	Senior Men -87kg	RODRIGUEZ Michael c.	USA	2
bosnia-open-2026	Senior Men -87kg	NUCI Erol	BIH	3
bosnia-open-2026	Senior Men -87kg	STOJANOVIC Stefan	SRB	3
bosnia-open-2026	Senior Men -87kg	SNACOV Laurentiu	ROU	
bosnia-open-2026	Senior Men -87kg	ZOUROS KARDATOS Konstantinos	GRE	
bosnia-open-2026	Senior Men -87kg	ELSHEIKH Adham	EGY	
bosnia-open-2026	Senior Men +87kg	EISSA Seif	EGY	1
bosnia-open-2026	Senior Men +87kg	ANDREOU Petros	CYP	2
bosnia-open-2026	Senior Men +87kg	MICHOPOULOS Sotirios	GRE	3
bosnia-open-2026	Senior Men +87kg	DIVKOVIC Patrik	SLO	3
bosnia-open-2026	Senior Men +87kg	GEORGIEVSKI Dejan	MKD	
bosnia-open-2026	Senior Men +87kg	MEDIAVILLA LOPEZ Ivan	ESP	
bosnia-open-2026	Senior Men +87kg	CURABAZ Sergen	TUR	
bosnia-open-2026	Senior Men +87kg	GOICOCHEA Yoikel Daniel	CUB	
bosnia-open-2026	Senior Men +87kg	SAIDI Isa	AUT	
bosnia-open-2026	Senior Men +87kg	GRUJICIC Ognjen	SRB	
bosnia-open-2026	Senior Men +87kg	PUSHKIN Kirill	RUS	
bosnia-open-2026	Senior Women -46kg	STURARI Alessia	ITA	1
bosnia-open-2026	Senior Women -46kg	MAKAS Dzejla	BIH	2
bosnia-open-2026	Senior Women -46kg	ZAMPETTI Sofia	ITA	3
bosnia-open-2026	Senior Women -46kg	GULIYEVA Salima	AZE	3
bosnia-open-2026	Senior Women -46kg	KAMALUTDINOVA Aminat	RUS	
bosnia-open-2026	Senior Women -46kg	RADEVIC Anja	MNE	
bosnia-open-2026	Senior Women -46kg	GALECKA Hanna	POL	
bosnia-open-2026	Senior Women -46kg	NORDH Olivia	SWE	
bosnia-open-2026	Senior Women -46kg	KAYA Damla	TUR	
bosnia-open-2026	Senior Women -49kg	KOUTROUMPI Kalliopi	GRE	1
bosnia-open-2026	Senior Women -49kg	LIÑAN PARDO Naiara	AND	2
bosnia-open-2026	Senior Women -49kg	HINIC Sofija	CRO	3
bosnia-open-2026	Senior Women -49kg	SELIMOVA Shamala	RUS	3
bosnia-open-2026	Senior Women -49kg	NAVITSKAIA Nika	RUS	
bosnia-open-2026	Senior Women -49kg	SILVA NAZARIO Julia	BRA	
bosnia-open-2026	Senior Women -49kg	BAJER Wiktoria	POL	
bosnia-open-2026	Senior Women -49kg	HURTADO TAPIA Jireh	BOL	
bosnia-open-2026	Senior Women -49kg	MAKAS Ejla	BIH	
bosnia-open-2026	Senior Women -49kg	PATRICIO Ana Rita	POR	
bosnia-open-2026	Senior Women -49kg	DODIK Nika	CRO	
bosnia-open-2026	Senior Women -49kg	BARROSO Kiara	POR	
bosnia-open-2026	Senior Women -49kg	KLISOWSKA Zuzanna	POL	
bosnia-open-2026	Senior Women -49kg	GAYE Serrah	FRA	
bosnia-open-2026	Senior Women -49kg	LUIRO Enna	FIN	
bosnia-open-2026	Senior Women -49kg	KELC Emma	SWE	
bosnia-open-2026	Senior Women -49kg	BULBUL Merve	TUR	
bosnia-open-2026	Senior Women -49kg	YESILTAS Busra	TUR	
bosnia-open-2026	Senior Women -49kg	AKSAKALLI Sudenur	TUR	
bosnia-open-2026	Senior Women -53kg	GURBUZ Hayrunnisa	TUR	1
bosnia-open-2026	Senior Women -53kg	LEVAKOVA Veronika	RUS	2
bosnia-open-2026	Senior Women -53kg	BUTTARELLI Aurelie	FRA	3
bosnia-open-2026	Senior Women -53kg	STANKOVIC Vanja	SRB	3
bosnia-open-2026	Senior Women -53kg	SPASOJEVIC Sara	CRO	
bosnia-open-2026	Senior Women -53kg	BOKAN Andrea	SRB	
bosnia-open-2026	Senior Women -53kg	KOKOC Zeynep Duru	TUR	
bosnia-open-2026	Senior Women -53kg	SANGARE Mariam	MLI	
bosnia-open-2026	Senior Women -53kg	MORA DOMINGUEZ Margarita	ESP	
bosnia-open-2026	Senior Women -53kg	DUARTE MOREIRA Lara	POR	
bosnia-open-2026	Senior Women -53kg	GAVRILOVIC Irina	SRB	
bosnia-open-2026	Senior Women -53kg	FLORENCIO Matilde	POR	
bosnia-open-2026	Senior Women -53kg	MARKOVIĆ Dea	CRO	
bosnia-open-2026	Senior Women -53kg	GEORGIADOU Gesthimani	GRE	
bosnia-open-2026	Senior Women -53kg	SHAW Elisha	GBR	
bosnia-open-2026	Senior Women -53kg	KLAKALA Magdalini	GRE	
bosnia-open-2026	Senior Women -53kg	SZYMCZAK Aleksandra	POL	
bosnia-open-2026	Senior Women -53kg	SHAVADZE Lina	GEO	
bosnia-open-2026	Senior Women -53kg	GUNEY Rabia	TUR	
bosnia-open-2026	Senior Women -57kg	ORTIZ BENITO Arlet	ESP	1
bosnia-open-2026	Senior Women -57kg	STOJANOVIC Nina	SRB	2
bosnia-open-2026	Senior Women -57kg	KUKIC Iva	SRB	3
bosnia-open-2026	Senior Women -57kg	ROVITHIS Anastasia	GER	3
bosnia-open-2026	Senior Women -57kg	OLESZCZUK Lucja	POL	
bosnia-open-2026	Senior Women -57kg	KARLSSON Alma friis	DEN	
bosnia-open-2026	Senior Women -57kg	RADAK Teodora	SRB	
bosnia-open-2026	Senior Women -57kg	WOLF Jessica	GER	
bosnia-open-2026	Senior Women -57kg	KESIC Helena	BIH	
bosnia-open-2026	Senior Women -57kg	MONTEIRO Maisa	POR	
bosnia-open-2026	Senior Women -57kg	SEVO Milica	SRB	
bosnia-open-2026	Senior Women -57kg	MAZGAL Rumeysa	TUR	
bosnia-open-2026	Senior Women -57kg	LO IACONO Carola Amelie	ITA	
bosnia-open-2026	Senior Women -57kg	MARTINEZ FEIJOO Erika	ESP	
bosnia-open-2026	Senior Women -57kg	VENIERI Dafni Vasiliki	GRE	
bosnia-open-2026	Senior Women -57kg	GUAITA Greta	ITA	
bosnia-open-2026	Senior Women -57kg	WROBEL Michalina	POL	
bosnia-open-2026	Senior Women -57kg	MAMMADOVA Ayan	AZE	
bosnia-open-2026	Senior Women -57kg	SAROKINA Uladzislava	BLR	
bosnia-open-2026	Senior Women -57kg	TONG Valencia	CAN	
bosnia-open-2026	Senior Women -57kg	RENTERIA PEREZ Maialen	ESP	
bosnia-open-2026	Senior Women -57kg	UNZUETA LOPEZ Olatz	ESP	
bosnia-open-2026	Senior Women -62kg	SANTOS Caroline	BRA	1
bosnia-open-2026	Senior Women -62kg	BADMAEVA Dayana	RUS	2
bosnia-open-2026	Senior Women -62kg	FOSSACECA Anna	ITA	3
bosnia-open-2026	Senior Women -62kg	MILIC Nikolina	SRB	3
bosnia-open-2026	Senior Women -62kg	MARIC Ela	SRB	
bosnia-open-2026	Senior Women -62kg	SIRIN Dilara	TUR	
bosnia-open-2026	Senior Women -62kg	LISOWSKA Nikol	POL	
bosnia-open-2026	Senior Women -62kg	KICEMA Helena	CRO	
bosnia-open-2026	Senior Women -62kg	SAVKOVIC Nadja	SRB	
bosnia-open-2026	Senior Women -62kg	KOWALKOWSKA Justyna	POL	
bosnia-open-2026	Senior Women -62kg	CORREIA Leonor	POR	
bosnia-open-2026	Senior Women -62kg	CHEPELEUTS Sofiia	RUS	
bosnia-open-2026	Senior Women -62kg	RANKOV Vanja	SRB	
bosnia-open-2026	Senior Women -62kg	EK Isabella	SWE	
bosnia-open-2026	Senior Women -62kg	BERBIĆ Adna	BIH	
bosnia-open-2026	Senior Women -62kg	GRETARSDOTTIR Ingibjorg	ISL	
bosnia-open-2026	Senior Women -62kg	AYDIN Ece	TUR	
bosnia-open-2026	Senior Women -62kg	GADZHIEVA Khadidzha	RUS	
bosnia-open-2026	Senior Women -62kg	CAVAR Ivana	BIH	
bosnia-open-2026	Senior Women -62kg	D'ANGELO Alessandra	ITA	
bosnia-open-2026	Senior Women -62kg	SEREDA Julia	POL	
bosnia-open-2026	Senior Women -67kg	MACEDO Sandy	BRA	1
bosnia-open-2026	Senior Women -67kg	SZPAK Julia	POL	2
bosnia-open-2026	Senior Women -67kg	ARELIC Ivana	CRO	3
bosnia-open-2026	Senior Women -67kg	KLEPAC Nika	CRO	3
bosnia-open-2026	Senior Women -67kg	BERISAJ Andrea	MNE	
bosnia-open-2026	Senior Women -67kg	BLITEK Cloe	FRA	
bosnia-open-2026	Senior Women -67kg	CHUA Chloe	USA	
bosnia-open-2026	Senior Women -67kg	SHEHATA Aya	EGY	
bosnia-open-2026	Senior Women -67kg	BAGADZIEVA Amina	RUS	
bosnia-open-2026	Senior Women -67kg	TOMCZAK Tatiana	POL	
bosnia-open-2026	Senior Women -67kg	CZACHOWICZ Alicja	POL	
bosnia-open-2026	Senior Women -67kg	SKAPROVSKA Valeriia	RUS	
bosnia-open-2026	Senior Women -67kg	HRGIC Anja	BIH	
bosnia-open-2026	Senior Women -67kg	MOUSSA SAKO Madinatou	NIG	
bosnia-open-2026	Senior Women -67kg	SEVO Tamara	SRB	
bosnia-open-2026	Senior Women -67kg	ĐOKOVIĆ Ines	SRB	
bosnia-open-2026	Senior Women -67kg	MORA DOMINGUEZ Paula	ESP	
bosnia-open-2026	Senior Women -67kg	LYSKAWA Klaudia	POL	
bosnia-open-2026	Senior Women -73kg	BOZANIC Nadica	SRB	1
bosnia-open-2026	Senior Women -73kg	MORAN ROMERO Belen	ESP	2
bosnia-open-2026	Senior Women -73kg	BERISAJ Andela	MNE	3
bosnia-open-2026	Senior Women -73kg	OLIVEIRA DOS SANTOS Mikaela	BRA	3
bosnia-open-2026	Senior Women -73kg	GEORGIEVSKA Anamarija	MKD	
bosnia-open-2026	Senior Women -73kg	KAYMAZ Figen	TUR	
bosnia-open-2026	Senior Women -73kg	ALEKSEEVA Anfisa	RUS	
bosnia-open-2026	Senior Women -73kg	KAREPOVA Irina	RUS	
bosnia-open-2026	Senior Women -73kg	DZONLIC Zerina	BIH	
bosnia-open-2026	Senior Women +73kg	VROEGH Nielle	NED	1
bosnia-open-2026	Senior Women +73kg	KITSIOU Agoritsa artemia	GRE	2
bosnia-open-2026	Senior Women +73kg	SEVIC Andela	SRB	3
bosnia-open-2026	Senior Women +73kg	AVOULETTE Solene	FRA	3
bosnia-open-2026	Senior Women +73kg	HAWASH Dania	SWE	
bosnia-open-2026	Senior Women +73kg	HUSOVIC Esmeralda	GER	
bosnia-open-2026	Senior Women +73kg	ADEBAIO Kristina	RUS	
bosnia-open-2026	Senior Women +73kg	AYANG Veronica mbang esono	GEQ	
bosnia-open-2026	Senior Women +73kg	SPYRIDOU Aliki Victoria	GRE	
bosnia-open-2026	Senior Women +73kg	KHVEDELIDZE Tinatini	GEO	
bosnia-open-2026	Senior Women +73kg	SMITHERS Charleigh	IRL	
bosnia-open-2026	Senior Women +73kg	KHUBULOVA Anzhelika	RUS	
