dracula-open-2025	Senior Men -87kg	QF	421	OBERHOFER Alexande	ITA	ZOUROS Konstantino	GRE	PTF	2:0
dracula-open-2025	Senior Men -87kg	SF	426	OBERHOFER Alexande	ITA	MEHNANA Nahil	FRA	PTF	2:0
dracula-open-2025	Senior Men -87kg	QF	422	BARRUOL Uggo	FRA	AKBULUT Ismael Ome	ESP	PTF	2:0
dracula-open-2025	Senior Men -87kg	QF	423	MONTINARO Simone	ITA	SNACOV Laurentiu	ROU	PTF	2:1
dracula-open-2025	Senior Men -87kg	SF	427	MONTINARO Simone	ITA	BARRUOL Uggo	FRA	PTF	2:1
dracula-open-2025	Senior Men -87kg	F	334	OBERHOFER Alexande	ITA	MONTINARO Simone	ITA	PTF	2:0
dracula-open-2025	Senior Men -80kg	R32	801	GONZALEZ Giovanni	ESP	MIRZAEI Bardia	FIN	PTF	2:0
dracula-open-2025	Senior Men -80kg	R16	807	NIKOLIC Matej	CRO	GONZALEZ Giovanni	ESP	PTF	2:0
dracula-open-2025	Senior Men -80kg	R16	808	SULEAC Dmitrii	MDA	YEFIMOV Oleksandr	UKR	PTF	2:0
dracula-open-2025	Senior Men -80kg	R16	809	HOERMANN Vincent	GER	STAVROPOULOS Theoh	GBR	PTF	2:0
dracula-open-2025	Senior Men -80kg	R16	810	ALIPOUR Sohrab	GBR	CANIZARES Cristian	ESP	PTF	2:0
dracula-open-2025	Senior Men -80kg	QF	823	NIKOLIC Matej	CRO	SULEAC Dmitrii	MDA	PTF	2:0
dracula-open-2025	Senior Men -80kg	QF	824	ALIPOUR Sohrab	GBR	HOERMANN Vincent	GER	PTF	2:0
dracula-open-2025	Senior Men -80kg	SF	831	NIKOLIC Matej	CRO	ALIPOUR Sohrab	GBR	PTF	2:0
dracula-open-2025	Senior Men -80kg	R16	811	KNIGHT-MITCHELL Da	GBR	LILOV Krasimir	BUL	PTF	2:0
dracula-open-2025	Senior Men -80kg	R16	812	CRISTESCU Mihai Ad	ROU	MALASHCHUK Denys	UKR	PTF	2:1
dracula-open-2025	Senior Men -80kg	R16	813	SAROGLU Ferhat Muh	TUR	CURRAN Fergus	USA	PTF	2:0
dracula-open-2025	Senior Men -80kg	R16	814	YOUNG Isaiah	USA	PATEL Nikhil	GBR	PTF	2:0
dracula-open-2025	Senior Men -80kg	QF	825	KNIGHT-MITCHELL Da	GBR	CRISTESCU Mihai Ad	ROU	PTF	2:0
dracula-open-2025	Senior Men -80kg	QF	826	SAROGLU Ferhat Muh	TUR	YOUNG Isaiah	USA	PTF	2:1
dracula-open-2025	Senior Men -80kg	SF	832	SAROGLU Ferhat Muh	TUR	KNIGHT-MITCHELL Da	GBR	PTF	2:1
dracula-open-2025	Senior Men -80kg	F	230	NIKOLIC Matej	CRO	SAROGLU Ferhat Muh	TUR	PTF	2:1
dracula-open-2025	Senior Men -74kg	R32	701	PUJOL Antoni	ESP	DLAMINI Thandukukh	SWZ	PTF	2:0
dracula-open-2025	Senior Men -74kg	R16	703	DUGAC Grga	CRO	PUJOL Antoni	ESP	RSC	1:0
dracula-open-2025	Senior Men -74kg	R16	704	ZELENKO Vladyslav	UKR	ROSATO Thomas	ITA	PTF	2:0
dracula-open-2025	Senior Men -74kg	R16	705	FRGOLEC Miroslav	SVK	BLAZEVSKI Filip	MKD	PTF	2:0
dracula-open-2025	Senior Men -74kg	R16	706	CHUA James	USA	MARTINEZ Javier	ESP	PTF	2:0
dracula-open-2025	Senior Men -74kg	QF	715	DUGAC Grga	CRO	ZELENKO Vladyslav	UKR	PTF	2:1
dracula-open-2025	Senior Men -74kg	QF	716	CHUA James	USA	FRGOLEC Miroslav	SVK	PTF	2:0
dracula-open-2025	Senior Men -74kg	SF	723	CHUA James	USA	DUGAC Grga	CRO	PTF	2:0
dracula-open-2025	Senior Men -74kg	R32	702	IZARIK Daniel	SVK	A Aj	USA	PTF	2:0
dracula-open-2025	Senior Men -74kg	R16	707	KORSAK Mykhailo	UKR	LONCAR Nikola	USA	PTF	2:0
dracula-open-2025	Senior Men -74kg	R16	708	SZASZ Manyhert	ROU	HAIDARI Milad	DEN	PTF	2:1
dracula-open-2025	Senior Men -74kg	R16	709	TSOLAS Themistokli	GRE	BARKOF Alexandros	GRE	PTF	2:1
dracula-open-2025	Senior Men -74kg	R16	710	SHANAFELT Noah	USA	IZARIK Daniel	SVK	PTF	2:0
dracula-open-2025	Senior Men -74kg	QF	717	KORSAK Mykhailo	UKR	SZASZ Manyhert	ROU	PTF	2:1
dracula-open-2025	Senior Men -74kg	QF	718	SHANAFELT Noah	USA	TSOLAS Themistokli	GRE	PTF	2:0
dracula-open-2025	Senior Men -74kg	SF	724	SHANAFELT Noah	USA	KORSAK Mykhailo	UKR	PTF	2:0
dracula-open-2025	Senior Men -74kg	F	333	CHUA James	USA	SHANAFELT Noah	USA	PTF	2:1
dracula-open-2025	Senior Men -68kg	R32	501	MARIN Alexandru Cr	ROU	FOX Mackenzie	GBR	PTG	2:0
dracula-open-2025	Senior Men -68kg	R32	502	PINEDA Diego	USA	KAIDALOV Illia	UKR	PTF	2:1
dracula-open-2025	Senior Men -68kg	R32	503	GUNDERSEN Brede Bj	NOR	OBRETIN Alexandru	ROU	PTF	2:0
dracula-open-2025	Senior Men -68kg	R16	506	SALANOVA Adrian	ESP	MARIN Alexandru Cr	ROU	PTF	2:0
dracula-open-2025	Senior Men -68kg	R16	507	VEGA Rommel Alejan	ESP	SAIB Badis	FRA	PTF	2:0
dracula-open-2025	Senior Men -68kg	R16	508	GOLEMAC Nikola	DEN	PINEDA Diego	USA	PTF	2:1
dracula-open-2025	Senior Men -68kg	R16	509	HILAL Ali	CAN	GUNDERSEN Brede Bj	NOR	PTF	2:0
dracula-open-2025	Senior Men -68kg	QF	520	SALANOVA Adrian	ESP	VEGA Rommel Alejan	ESP	PTF	2:0
dracula-open-2025	Senior Men -68kg	QF	521	HILAL Ali	CAN	GOLEMAC Nikola	DEN	PTF	2:0
dracula-open-2025	Senior Men -68kg	SF	528	SALANOVA Adrian	ESP	HILAL Ali	CAN	PTF	2:0
dracula-open-2025	Senior Men -68kg	R32	504	RUBANENKO Dmytro	UKR	CIURUSNIUC Alexand	ROU	PTF	2:1
dracula-open-2025	Senior Men -68kg	R32	505	ZOTOVS Yehor	LAT	ELLINAS Nicolas	CYP	PTF	2:0
dracula-open-2025	Senior Men -68kg	R16	510	VAN Jesse	NED	RUBANENKO Dmytro	UKR	PTF	2:0
dracula-open-2025	Senior Men -68kg	R16	511	MILAN Jorge	ESP	THOMAS Max	ESP	PTF	2:0
dracula-open-2025	Senior Men -68kg	R16	512	NTOMPROS Ioannis	GRE	SPANIDIS Konstanti	GRE	PTF	2:1
dracula-open-2025	Senior Men -68kg	R16	513	ALMEIDA Fillipe	BRA	ZOTOVS Yehor	LAT	PTF	2:0
dracula-open-2025	Senior Men -68kg	QF	522	MILAN Jorge	ESP	VAN Jesse	NED	PTF	2:0
dracula-open-2025	Senior Men -68kg	QF	523	ALMEIDA Fillipe	BRA	NTOMPROS Ioannis	GRE	PTF	2:0
dracula-open-2025	Senior Men -68kg	SF	529	ALMEIDA Fillipe	BRA	MILAN Jorge	ESP	PTF	2:1
dracula-open-2025	Senior Men -68kg	F	229	SALANOVA Adrian	ESP	ALMEIDA Fillipe	BRA	PTF	2:0
dracula-open-2025	Senior Men -63kg	R32	301	ROSSOKHATYI Ruslan	UKR	WHITFIELD Alfie	GBR	PTF	2:0
dracula-open-2025	Senior Men -63kg	R32	302	ARILLO Hugo	ESP	TORGEMAN Ori	ISR	PTF	2:0
dracula-open-2025	Senior Men -63kg	R32	303	LUCERNA Luca	ITA	ZISIS Vasileios	GRE	PTF	2:0
dracula-open-2025	Senior Men -63kg	R32	304	FUNKENDORF Vladysl	UKR	BATALO Aleksandar	SRB	PTF	2:0
dracula-open-2025	Senior Men -63kg	R32	305	SPRECA Tommaso	ITA	MOSS Christian	GBR	PTF	2:0
dracula-open-2025	Senior Men -63kg	R32	306	TEILMANN Anton Boe	DEN	ALEXANDRU Emanuel	ROU	PTF	2:0
dracula-open-2025	Senior Men -63kg	R32	307	LOMARTIRE Matias	ITA	MAGGI Paolo	ITA	PTF	2:0
dracula-open-2025	Senior Men -63kg	R16	315	RAMOS Gabriel	BRA	ROSSOKHATYI Ruslan	UKR	PTF	2:0
dracula-open-2025	Senior Men -63kg	R16	316	ARILLO Hugo	ESP	LUCERNA Luca	ITA	PTF	2:0
dracula-open-2025	Senior Men -63kg	R16	317	SPRECA Tommaso	ITA	FUNKENDORF Vladysl	UKR	PTF	2:1
dracula-open-2025	Senior Men -63kg	R16	318	LOMARTIRE Matias	ITA	TEILMANN Anton Boe	DEN	PTF	2:0
dracula-open-2025	Senior Men -63kg	QF	323	ARILLO Hugo	ESP	RAMOS Gabriel	BRA	PTF	2:0
dracula-open-2025	Senior Men -63kg	QF	324	LOMARTIRE Matias	ITA	SPRECA Tommaso	ITA	PTF	2:0
dracula-open-2025	Senior Men -63kg	SF	327	LOMARTIRE Matias	ITA	ARILLO Hugo	ESP	PTF	2:1
dracula-open-2025	Senior Men -63kg	R32	308	SANTINELLI Christi	ITA	BAKSH Mujahid	GBR	PTF	2:0
dracula-open-2025	Senior Men -63kg	R32	309	GRANT Gavin	USA	NEGRETE Rodrigo Da	USA	PTF	2:0
dracula-open-2025	Senior Men -63kg	R32	310	BENZIAN Yousef	GBR	MINER Nathen	INA	PTF	2:1
dracula-open-2025	Senior Men -63kg	R32	311	MYLONAS Angelos	GRE	FILIP Raul Mario	ROU	PTF	2:1
dracula-open-2025	Senior Men -63kg	R32	312	AGAPOV Dmytriy	POR	PORRINO Giacomo	ITA	PTF	2:0
dracula-open-2025	Senior Men -63kg	R32	313	FLOURIS Iosif	CYP	PAGLIARA Matteo	ITA	PTF	2:0
dracula-open-2025	Senior Men -63kg	R32	314	NACHEV Luboslav	BUL	COÈ~NEANU Gheorghe	MDA	PTF	2:0
dracula-open-2025	Senior Men -63kg	R16	319	SANTINELLI Christi	ITA	GRANT Gavin	USA	PTF	2:0
dracula-open-2025	Senior Men -63kg	R16	320	MYLONAS Angelos	GRE	BENZIAN Yousef	GBR	PTF	2:0
dracula-open-2025	Senior Men -63kg	R16	321	AGAPOV Dmytriy	POR	FLOURIS Iosif	CYP	PTF	2:1
dracula-open-2025	Senior Men -63kg	R16	322	NACHEV Luboslav	BUL	TOMAS Lois	ESP	PTF	2:1
dracula-open-2025	Senior Men -63kg	QF	325	SANTINELLI Christi	ITA	MYLONAS Angelos	GRE	PTF	2:0
dracula-open-2025	Senior Men -63kg	QF	326	NACHEV Luboslav	BUL	AGAPOV Dmytriy	POR	PTF	2:0
dracula-open-2025	Senior Men -63kg	SF	328	NACHEV Luboslav	BUL	SANTINELLI Christi	ITA	PTF	2:1
dracula-open-2025	Senior Men -63kg	F	332	LOMARTIRE Matias	ITA	NACHEV Luboslav	BUL	PTF	2:1
dracula-open-2025	Senior Men -58kg	R32	201	BENITO Sergio	ESP	RICHTER Lenny Rene	GER	PTF	2:0
dracula-open-2025	Senior Men -58kg	R32	202	BULAVIN Mykyta	UKR	SAHLI Bilal	FRA	PTF	2:0
dracula-open-2025	Senior Men -58kg	R16	205	MEHLMANN Daniel	GER	BENITO Sergio	ESP	PTF	2:0
dracula-open-2025	Senior Men -58kg	R16	206	STEIN Roi	ISR	JOVANOVIC Nemanja	SRB	PTF	2:0
dracula-open-2025	Senior Men -58kg	R16	207	PAZOS Alex	ESP	TORRE Elia	ITA	PTF	2:0
dracula-open-2025	Senior Men -58kg	R16	208	BULAVIN Mykyta	UKR	ESCOLAR Ivan	ESP	PTF	2:1
dracula-open-2025	Senior Men -58kg	QF	216	MEHLMANN Daniel	GER	STEIN Roi	ISR	PTF	2:0
dracula-open-2025	Senior Men -58kg	QF	217	BULAVIN Mykyta	UKR	PAZOS Alex	ESP	PTF	2:0
dracula-open-2025	Senior Men -58kg	SF	224	MEHLMANN Daniel	GER	BULAVIN Mykyta	UKR	PTF	2:0
dracula-open-2025	Senior Men -58kg	R32	203	PEREZ Erik	USA	IVAN Faruk Eduard	ROU	PTF	2:0
dracula-open-2025	Senior Men -58kg	R32	204	MAIKOV Vladyslav	UKR	ATANASOV Atanas	BUL	PTF	2:1
dracula-open-2025	Senior Men -58kg	R16	209	FOTI Giuseppe	ITA	PEREZ Erik	USA	PTF	2:0
dracula-open-2025	Senior Men -58kg	R16	210	MELETIOU Thomas	GRE	IOANNOU Stelios	CYP	PTF	2:1
dracula-open-2025	Senior Men -58kg	R16	211	KAFATARIDIS Ioanni	GRE	KURU Alihan	TUR	PTF	2:0
dracula-open-2025	Senior Men -58kg	R16	212	MAIKOV Vladyslav	UKR	ALESIO Sebastien	FRA	PTF	2:0
dracula-open-2025	Senior Men -58kg	QF	218	FOTI Giuseppe	ITA	MELETIOU Thomas	GRE	PTF	2:0
dracula-open-2025	Senior Men -58kg	QF	219	KAFATARIDIS Ioanni	GRE	MAIKOV Vladyslav	UKR	PTF	2:1
dracula-open-2025	Senior Men -58kg	SF	225	FOTI Giuseppe	ITA	KAFATARIDIS Ioanni	GRE	PTF	2:1
dracula-open-2025	Senior Men -58kg	F	228	FOTI Giuseppe	ITA	MEHLMANN Daniel	GER	PTF	1:0
dracula-open-2025	Senior Men -54kg	R16	102	PIÑA Francisco	ESP	MANSUR Raz	ISR	PTF	2:1
dracula-open-2025	Senior Men -54kg	R16	103	ELANY Agam	ISR	PAPACHARALAMPOUS N	GRE	PTF	2:1
dracula-open-2025	Senior Men -54kg	R16	104	BAILEY Thomas	GBR	FONTINHA Andre	POR	PTF	2:0
dracula-open-2025	Senior Men -54kg	QF	121	PIÑA Francisco	ESP	ALESIO Mathis	FRA	PTF	2:0
dracula-open-2025	Senior Men -54kg	QF	122	ELANY Agam	ISR	BAILEY Thomas	GBR	PTF	2:0
dracula-open-2025	Senior Men -54kg	SF	127	PIÑA Francisco	ESP	ELANY Agam	ISR	PTF	2:1
dracula-open-2025	Senior Men -54kg	R16	105	DAVILA Adrian	ESP	MIHALY Erno-robert	ROU	PTF	2:0
dracula-open-2025	Senior Men -54kg	R16	106	ARNAY Antonio Ramo	ESP	SZENTGYORGYI Balaz	HUN	PTF	2:0
dracula-open-2025	Senior Men -54kg	R16	107	DERMANIS Spyridon	GRE	MARTINS Filipe	POR	PTF	2:0
dracula-open-2025	Senior Men -54kg	R16	108	OTERO Javier	ESP	BOULAHRAJANE Othma	ITA	PTF	2:0
dracula-open-2025	Senior Men -54kg	QF	123	DAVILA Adrian	ESP	ARNAY Antonio Ramo	ESP	PTF	2:0
dracula-open-2025	Senior Men -54kg	QF	124	DERMANIS Spyridon	GRE	OTERO Javier	ESP	PTF	2:1
dracula-open-2025	Senior Men -54kg	SF	128	DERMANIS Spyridon	GRE	DAVILA Adrian	ESP	PTF	2:0
dracula-open-2025	Senior Men -54kg	F	331	DERMANIS Spyridon	GRE	PIÑA Francisco	ESP	PTF	2:0
dracula-open-2025	Senior Men +87kg	R16	514	HOTAK Marcell	HUN	ROGERS Obomanu	ROU	PTF	2:0
dracula-open-2025	Senior Men +87kg	R16	515	CARAGEA Tudor Gabr	ROU	NASO Marco	ITA	PTF	2:0
dracula-open-2025	Senior Men +87kg	R16	516	JOEL Jordan	NGR	PINTILIE Connstant	ROU	PTF	2:0
dracula-open-2025	Senior Men +87kg	QF	524	GEORGIEVSKI Dejan	MKD	HOTAK Marcell	HUN	PTF	2:0
dracula-open-2025	Senior Men +87kg	QF	525	CARAGEA Tudor Gabr	ROU	JOEL Jordan	NGR	PTF	2:1
dracula-open-2025	Senior Men +87kg	SF	530	GEORGIEVSKI Dejan	MKD	CARAGEA Tudor Gabr	ROU	PTF	2:0
dracula-open-2025	Senior Men +87kg	R16	517	BABY Christopher	ROU	ISBRECHT Kevin	GER	PTF	2:1
dracula-open-2025	Senior Men +87kg	R16	518	AGRISAN Stefan Gab	ROU	PETTIGREW Riley	GBR	PTF	2:0
dracula-open-2025	Senior Men +87kg	R16	519	MALUREANU Cristian	ROU	MARTINEZ Raul	ESP	PTF	2:0
dracula-open-2025	Senior Men +87kg	QF	526	AGRISAN Stefan Gab	ROU	BABY Christopher	ROU	PTF	2:0
dracula-open-2025	Senior Men +87kg	QF	527	DEMIRCIOGLU Huseyi	TUR	MALUREANU Cristian	ROU	PTF	2:0
dracula-open-2025	Senior Men +87kg	SF	531	DEMIRCIOGLU Huseyi	TUR	AGRISAN Stefan Gab	ROU	PTF	2:0
dracula-open-2025	Senior Men +87kg	F	231	DEMIRCIOGLU Huseyi	TUR	GEORGIEVSKI Dejan	MKD	PTF	2:0
dracula-open-2025	Senior Women -73kg	QF	620	BAHMANI Zahra	GBR	TYMOFIEIEVA Mariia	UKR	PTF	2:0
dracula-open-2025	Senior Women -73kg	SF	625	OLIVEIRA Mikaela	BRA	BAHMANI Zahra	GBR	PTF	2:0
dracula-open-2025	Senior Women -73kg	QF	621	LEON Andrea Naiara	ESP	CHAN Leanna	USA	PTF	2:0
dracula-open-2025	Senior Women -73kg	QF	622	HOERMANN Emily	GER	ARSIRIY Lada	UKR	PTF	2:0
dracula-open-2025	Senior Women -73kg	SF	626	HOERMANN Emily	GER	LEON Andrea Naiara	ESP	PTF	2:0
dracula-open-2025	Senior Women -73kg	F	630	OLIVEIRA Mikaela	BRA	HOERMANN Emily	GER	PTF	2:0
dracula-open-2025	Senior Women -67kg	R16	711	MAROTO Irene	ESP	ANIKEIEVA Daria	UKR	PTF	2:1
dracula-open-2025	Senior Women -67kg	R16	712	ARELIC Ivana	CRO	CETIN Pinar	ITA	PTF	2:0
dracula-open-2025	Senior Women -67kg	QF	719	ROBERTS Chloe	GBR	MAROTO Irene	ESP	PTF	2:1
dracula-open-2025	Senior Women -67kg	QF	720	MACEDO Sandy	BRA	ARELIC Ivana	CRO	PTF	2:0
dracula-open-2025	Senior Women -67kg	SF	725	MACEDO Sandy	BRA	ROBERTS Chloe	GBR	PTF	2:1
dracula-open-2025	Senior Women -67kg	R16	713	BAUER Caroline	GER	FEHER Szidonia	HUN	PTF	2:1
dracula-open-2025	Senior Women -67kg	R16	714	CAKAL Sefika	TUR	KRAMOH Courtney	GBR	PTF	2:1
dracula-open-2025	Senior Women -67kg	QF	721	FREDERIKSEN Kathri	DEN	BAUER Caroline	GER	PTF	2:0
dracula-open-2025	Senior Women -67kg	QF	722	CHUA Chloe	USA	CAKAL Sefika	TUR	PTF	2:0
dracula-open-2025	Senior Women -67kg	SF	726	CHUA Chloe	USA	FREDERIKSEN Kathri	DEN	PTF	2:0
dracula-open-2025	Senior Women -67kg	F	729	CHUA Chloe	USA	MACEDO Sandy	BRA	PTF	2:0
dracula-open-2025	Senior Women -62kg	R32	802	COMAN Gabriela Bia	ROU	CHIMAL Christina	USA	PTF	2:0
dracula-open-2025	Senior Women -62kg	R32	803	FAZEKAS Isabella	USA	MOCALINA Vladislav	LAT	PTF	2:0
dracula-open-2025	Senior Women -62kg	R32	804	DOMINGUEZ Marta	ESP	KAMINI Eftychia	GRE	PTF	2:0
dracula-open-2025	Senior Women -62kg	R16	815	BLITEK Cloe	FRA	COMAN Gabriela Bia	ROU	PTF	2:0
dracula-open-2025	Senior Women -62kg	R16	816	ROMERO Noa	ESP	CECCHI Linda	ITA	PTF	2:1
dracula-open-2025	Senior Women -62kg	R16	817	STAMOU Daphne	GRE	FAZEKAS Isabella	USA	PTF	2:0
dracula-open-2025	Senior Women -62kg	R16	818	DOMINGUEZ Marta	ESP	MCPHILLIE Neve	GBR	PTF	2:1
dracula-open-2025	Senior Women -62kg	QF	827	BLITEK Cloe	FRA	ROMERO Noa	ESP	PTF	2:0
dracula-open-2025	Senior Women -62kg	QF	828	STAMOU Daphne	GRE	DOMINGUEZ Marta	ESP	PTF	2:0
dracula-open-2025	Senior Women -62kg	SF	833	STAMOU Daphne	GRE	BLITEK Cloe	FRA	PTF	2:1
dracula-open-2025	Senior Women -62kg	R32	805	KRAINOVA Marharyta	UKR	AMMOUR Nouhaila	ITA	PTF	2:0
dracula-open-2025	Senior Women -62kg	R32	806	HARRINGTON Lauren	USA	EASTLAND Emily Ros	ITA	PTF	2:1
dracula-open-2025	Senior Women -62kg	R16	819	GNIEDZIEJKO Jessic	USA	KRAINOVA Marharyta	UKR	PTF	2:0
dracula-open-2025	Senior Women -62kg	R16	820	TRAVERSI Valentina	ITA	KURIC Ema	BIH	PTF	2:0
dracula-open-2025	Senior Women -62kg	R16	821	JELIC Ivona	CRO	DARATZI Anastasia	GRE	PTF	2:0
dracula-open-2025	Senior Women -62kg	R16	822	SECANELL Elsa	ESP	HARRINGTON Lauren	USA	WDR	
dracula-open-2025	Senior Women -62kg	QF	829	GNIEDZIEJKO Jessic	USA	TRAVERSI Valentina	ITA	PTF	2:1
dracula-open-2025	Senior Women -62kg	QF	830	SECANELL Elsa	ESP	JELIC Ivona	CRO	PTF	2:0
dracula-open-2025	Senior Women -62kg	SF	834	SECANELL Elsa	ESP	GNIEDZIEJKO Jessic	USA	PTF	2:0
dracula-open-2025	Senior Women -62kg	F	629	SECANELL Elsa	ESP	STAMOU Daphne	GRE	PTF	2:0
dracula-open-2025	Senior Women -57kg	R32	601	KLARIC Tianna	GBR	KARAGIANNI Kyriaki	GRE	PTF	2:0
dracula-open-2025	Senior Women -57kg	R32	602	BOUBACIR Madeenah	FRA	HRYSHCHUK Aliaksan	ISR	PTF	2:0
dracula-open-2025	Senior Women -57kg	R32	603	BOYER-DRUESNE Lea	FRA	MANSOURI Leyla	BEL	PTF	2:0
dracula-open-2025	Senior Women -57kg	R16	608	VUKIC Margarita	CRO	KLARIC Tianna	GBR	PTF	2:0
dracula-open-2025	Senior Women -57kg	R16	609	GUAITA Greta	ITA	PRICOLO Marina	ITA	PTF	2:1
dracula-open-2025	Senior Women -57kg	R16	610	AYDIN Ela	GER	BOUBACIR Madeenah	FRA	PTF	2:1
dracula-open-2025	Senior Women -57kg	R16	611	BOYER-DRUESNE Lea	FRA	CAUSSE Estelle	FRA	PTF	2:0
dracula-open-2025	Senior Women -57kg	QF	616	VUKIC Margarita	CRO	GUAITA Greta	ITA	PTF	2:0
dracula-open-2025	Senior Women -57kg	QF	617	AYDIN Ela	GER	BOYER-DRUESNE Lea	FRA	PTF	2:0
dracula-open-2025	Senior Women -57kg	SF	623	AYDIN Ela	GER	VUKIC Margarita	CRO	PTF	2:1
dracula-open-2025	Senior Women -57kg	R32	604	BINENSTOCK Naama	ISR	KARLBERG Tea	SWE	PTF	2:0
dracula-open-2025	Senior Women -57kg	R32	605	MICHALOPOULOU Kyri	GRE	KALLSTRAND Izabell	SWE	PTF	2:0
dracula-open-2025	Senior Women -57kg	R32	606	LUIS Elena	ESP	BOMMERSBACH Luci	USA	PTF	2:0
dracula-open-2025	Senior Women -57kg	R32	607	PAPAZOGLOU Eleni	GRE	LUCERNA Marta	ITA	PTF	2:0
dracula-open-2025	Senior Women -57kg	R16	612	CHRISTY Beth	GBR	BINENSTOCK Naama	ISR	PTF	2:0
dracula-open-2025	Senior Women -57kg	R16	613	SESAR Carla	ESP	MICHALOPOULOU Kyri	GRE	PTF	2:0
dracula-open-2025	Senior Women -57kg	R16	614	BETT Ava	GBR	LUIS Elena	ESP	PTF	2:0
dracula-open-2025	Senior Women -57kg	R16	615	MILLER Montana	USA	PAPAZOGLOU Eleni	GRE	PTF	2:0
dracula-open-2025	Senior Women -57kg	QF	618	CHRISTY Beth	GBR	SESAR Carla	ESP	PTF	2:1
dracula-open-2025	Senior Women -57kg	QF	619	MILLER Montana	USA	BETT Ava	GBR	PTF	2:0
dracula-open-2025	Senior Women -57kg	SF	624	CHRISTY Beth	GBR	MILLER Montana	USA	PTF	2:0
dracula-open-2025	Senior Women -57kg	F	728	AYDIN Ela	GER	CHRISTY Beth	GBR	PTF	2:0
dracula-open-2025	Senior Women -53kg	R32	401	CHARALAMPOGLOU Mar	GRE	YAMADA Miyu	JPN	PTF	2:1
dracula-open-2025	Senior Women -53kg	R32	402	NESHER Yarden	ISR	REDKA Vlada	UKR	PTF	2:0
dracula-open-2025	Senior Women -53kg	R32	403	MAKRYGIANNI Athina	GRE	GEORGIADOU Gesthim	GRE	PTF	2:0
dracula-open-2025	Senior Women -53kg	R32	404	SHAW Elisha	GBR	MUÑOZ Ainhoa	ESP	PTF	2:0
dracula-open-2025	Senior Women -53kg	R16	409	KLAKALA Magdalini	GRE	CHARALAMPOGLOU Mar	GRE	PTF	2:1
dracula-open-2025	Senior Women -53kg	R16	410	NESHER Yarden	ISR	VILLASENOR Bobbi M	USA	PTF	2:0
dracula-open-2025	Senior Women -53kg	R16	411	MAKRYGIANNI Athina	GRE	CELIK Senanur	TUR	PTF	2:1
dracula-open-2025	Senior Women -53kg	R16	412	AL Elisa	ITA	SHAW Elisha	GBR	PTF	2:1
dracula-open-2025	Senior Women -53kg	QF	417	KLAKALA Magdalini	GRE	NESHER Yarden	ISR	PTF	2:1
dracula-open-2025	Senior Women -53kg	QF	418	AL Elisa	ITA	MAKRYGIANNI Athina	GRE	PTF	2:1
dracula-open-2025	Senior Women -53kg	SF	424	KLAKALA Magdalini	GRE	AL Elisa	ITA	PTF	2:1
dracula-open-2025	Senior Women -53kg	R32	405	DE Ioanna	GRE	PATEL Rhianna	GBR	PTF	2:0
dracula-open-2025	Senior Women -53kg	R32	406	LILOVA Elena	BUL	OJA Vera	FIN	PTF	2:0
dracula-open-2025	Senior Women -53kg	R32	407	ALMEIDA Ana Clara	BRA	ELSAYED Hana Ibrah	ITA	PTF	2:0
dracula-open-2025	Senior Women -53kg	R32	408	SHUMSKY Sofia	USA	SCHOLES Millie	GBR	PTF	2:0
dracula-open-2025	Senior Women -53kg	R16	413	SPASOJEVIC Sara	CRO	DE Ioanna	GRE	PTF	2:1
dracula-open-2025	Senior Women -53kg	R16	414	BUTTARELLI Aurelie	FRA	LILOVA Elena	BUL	PTF	2:1
dracula-open-2025	Senior Women -53kg	R16	415	SEMBERG Abishag	ISR	ALMEIDA Ana Clara	BRA	PTF	2:0
dracula-open-2025	Senior Women -53kg	R16	416	SHUMSKY Sofia	USA	BENETTI Ines	FRA	PTF	2:0
dracula-open-2025	Senior Women -53kg	QF	419	SPASOJEVIC Sara	CRO	BUTTARELLI Aurelie	FRA	PTF	2:0
dracula-open-2025	Senior Women -53kg	QF	420	SHUMSKY Sofia	USA	SEMBERG Abishag	ISR	PTF	2:1
dracula-open-2025	Senior Women -53kg	SF	425	SHUMSKY Sofia	USA	SPASOJEVIC Sara	CRO	PTF	2:0
dracula-open-2025	Senior Women -53kg	F	628	SHUMSKY Sofia	USA	KLAKALA Magdalini	GRE	PTF	2:0
dracula-open-2025	Senior Women -49kg	R16	213	MOROCHA Sofia	ISR	NOGUERA Anira	ESP	PTF	2:1
dracula-open-2025	Senior Women -49kg	QF	220	MAESTRO Virginia	ITA	MOROCHA Sofia	ISR	PTF	2:0
dracula-open-2025	Senior Women -49kg	QF	221	ZANZI Imene	FRA	KOSTIUK Yaryna	UKR	PTF	2:0
dracula-open-2025	Senior Women -49kg	SF	226	MAESTRO Virginia	ITA	ZANZI Imene	FRA	PTF	2:0
dracula-open-2025	Senior Women -49kg	R16	214	BRIGNOLI Sofia	ITA	LAGANA Giulia	ITA	PTF	2:0
dracula-open-2025	Senior Women -49kg	R16	215	CALABRO Martina	ITA	LOPEZ Nadia	ESP	PTF	2:0
dracula-open-2025	Senior Women -49kg	QF	222	SILVA Lis Danielle	BRA	BRIGNOLI Sofia	ITA	PTF	2:1
dracula-open-2025	Senior Women -49kg	QF	223	BAJAN Mihaela Nico	ROU	CALABRO Martina	ITA	PTF	2:0
dracula-open-2025	Senior Women -49kg	SF	227	BAJAN Mihaela Nico	ROU	SILVA Lis Danielle	BRA	PTF	2:0
dracula-open-2025	Senior Women -49kg	F	727	MAESTRO Virginia	ITA	BAJAN Mihaela Nico	ROU	PTF	2:0
dracula-open-2025	Senior Women -46kg	R32	101	KIM Kaylee	USA	FRASER Vilja	SWE	PTF	2:0
dracula-open-2025	Senior Women -46kg	R16	109	BERTAGNIN Elisa	ITA	KIM Kaylee	USA	PTF	2:0
dracula-open-2025	Senior Women -46kg	R16	110	ZHIOUI Abir	BEL	NAKAJIMA Miho	JPN	PTF	2:0
dracula-open-2025	Senior Women -46kg	R16	111	GARCIES Lluisa	ESP	CHORNUKHA Mariia	UKR	PTF	2:0
dracula-open-2025	Senior Women -46kg	R16	112	KASSE Manel	FRA	KESGIN Tuvanna Naz	TUR	PTF	2:0
dracula-open-2025	Senior Women -46kg	QF	117	BERTAGNIN Elisa	ITA	ZHIOUI Abir	BEL	PTF	2:0
dracula-open-2025	Senior Women -46kg	QF	118	KASSE Manel	FRA	GARCIES Lluisa	ESP	PTF	2:0
dracula-open-2025	Senior Women -46kg	SF	125	BERTAGNIN Elisa	ITA	KASSE Manel	FRA	PTF	2:1
dracula-open-2025	Senior Women -46kg	R16	113	STURARI Alessia	ITA	SUMNER Gunnar	USA	PTF	2:0
dracula-open-2025	Senior Women -46kg	R16	114	BUSUIOC Ingrid Gab	ROU	NAKAHAMA Yuka	JPN	PTF	2:0
dracula-open-2025	Senior Women -46kg	R16	115	GONCALVES Anna	BRA	FRASER Olivia	SWE	PTF	2:0
dracula-open-2025	Senior Women -46kg	R16	116	ZAMPETTI Sofia	ITA	VAPNIK Katerina	USA	PTF	2:0
dracula-open-2025	Senior Women -46kg	QF	119	STURARI Alessia	ITA	BUSUIOC Ingrid Gab	ROU	PTF	2:0
dracula-open-2025	Senior Women -46kg	QF	120	ZAMPETTI Sofia	ITA	GONCALVES Anna	BRA	PTF	2:0
dracula-open-2025	Senior Women -46kg	SF	126	STURARI Alessia	ITA	ZAMPETTI Sofia	ITA	PTF	2:0
dracula-open-2025	Senior Women -46kg	F	627	STURARI Alessia	ITA	BERTAGNIN Elisa	ITA	PTF	2:0
dracula-open-2025	Senior Women +73kg	SF	329	KUCHYNA Viktoriia	UKR	HUSOVIC Esmeralda	GER	PTF	2:0
dracula-open-2025	Senior Women +73kg	SF	330	HELVIGA Viktorija	LAT	DUTTON Chloe	GBR	PTF	2:0
dracula-open-2025	Senior Women +73kg	F	730	HELVIGA Viktorija	LAT	KUCHYNA Viktoriia	UKR	PTF	2:0
european-senior-olympic-weight-categories-2025	Senior Men -58kg	R32	101	HADJICOSTI Prodrom	CYP	PATISHI Ori	ISR	PTF	2:1
european-senior-olympic-weight-categories-2025	Senior Men -58kg	R32	201	MAIKOV Vladyslav	UKR	GARCIA Noah	POR	PTF	2:0
european-senior-olympic-weight-categories-2025	Senior Men -58kg	R32	301	VASILIC Todor	SRB	LEHTINEN Valtteri	FIN	PTF	2:0
european-senior-olympic-weight-categories-2025	Senior Men -58kg	R32	102	GELADZE Vitali	GEO	COSTA Luis	POR	PTF	2:0
european-senior-olympic-weight-categories-2025	Senior Men -58kg	R32	202	BITSUEV Kantemir	AIN	KAZLOU Yahor	AIN	PTF	2:0
european-senior-olympic-weight-categories-2025	Senior Men -58kg	R16	109	GURTSIEV Georgii	AIN	HADJICOSTI Prodrom	CYP	PTF	2:0
european-senior-olympic-weight-categories-2025	Senior Men -58kg	R16	209	MAIKOV Vladyslav	UKR	VASILIC Todor	SRB	PTF	2:0
european-senior-olympic-weight-categories-2025	Senior Men -58kg	R16	309	BAGOV Idar	AIN	GELADZE Vitali	GEO	PTF	2:0
european-senior-olympic-weight-categories-2025	Senior Men -58kg	R16	110	BITSUEV Kantemir	AIN	CASELLA Oscar	SUI	PTF	2:0
european-senior-olympic-weight-categories-2025	Senior Men -58kg	QF	319	GURTSIEV Georgii	AIN	MAIKOV Vladyslav	UKR	PTF	2:0
european-senior-olympic-weight-categories-2025	Senior Men -58kg	QF	120	BAGOV Idar	AIN	BITSUEV Kantemir	AIN	PTF	2:0
european-senior-olympic-weight-categories-2025	Senior Men -58kg	SF	125	BAGOV Idar	AIN	GURTSIEV Georgii	AIN	PTF	2:1
european-senior-olympic-weight-categories-2025	Senior Men -58kg	R32	302	ALESIO Sebastien	FRA	ZYWARSKI Filip	POL	PTF	2:0
european-senior-olympic-weight-categories-2025	Senior Men -58kg	R32	103	TESKERA Josip	CRO	ALSAFFOURI Tayam	TRT	PTF	2:0
european-senior-olympic-weight-categories-2025	Senior Men -58kg	R32	203	ALESIO Mathis	FRA	GHAZARYAN Hayk	ARM	PTF	2:0
european-senior-olympic-weight-categories-2025	Senior Men -58kg	R32	303	VALIYEV Rahid	AZE	SARSOZA Zack	GBR	PTF	2:0
european-senior-olympic-weight-categories-2025	Senior Men -58kg	R16	210	MANENKOV Maksym	UKR	ALESIO Sebastien	FRA	PTF	2:0
european-senior-olympic-weight-categories-2025	Senior Men -58kg	R16	310	MOLLE Milan	NED	TESKERA Josip	CRO	PTF	2:1
european-senior-olympic-weight-categories-2025	Senior Men -58kg	R16	111	ALESIO Mathis	FRA	PASHCOVSKY Tom	ISR	PTF	2:0
european-senior-olympic-weight-categories-2025	Senior Men -58kg	R16	211	GEORGIEV Hristiyan	BUL	VALIYEV Rahid	AZE	PTF	2:0
european-senior-olympic-weight-categories-2025	Senior Men -58kg	QF	220	MANENKOV Maksym	UKR	MOLLE Milan	NED	PTF	2:1
european-senior-olympic-weight-categories-2025	Senior Men -58kg	QF	320	ALESIO Mathis	FRA	GEORGIEV Hristiyan	BUL	PTF	2:1
european-senior-olympic-weight-categories-2025	Senior Men -58kg	SF	225	ALESIO Mathis	FRA	MANENKOV Maksym	UKR	PTF	2:0
european-senior-olympic-weight-categories-2025	Senior Men -58kg	F	229	BAGOV Idar	AIN	ALESIO Mathis	FRA	PTF	2:0
european-senior-olympic-weight-categories-2025	Senior Men +80kg	R32	104	TARCHYLA Aliaksei	AIN	MATSABERIDZE Ilia	GEO	PTF	2:0
european-senior-olympic-weight-categories-2025	Senior Men +80kg	R32	204	ABEDINI Mehdi	TRT	SAIDI Isa	AUT	PTF	2:0
european-senior-olympic-weight-categories-2025	Senior Men +80kg	R32	304	RIBEIRO Tiago	POR	BALCIUNAS Gabijus	LTU	PTF	2:1
european-senior-olympic-weight-categories-2025	Senior Men +80kg	R16	311	AIUKAEV Rafail	AIN	TARCHYLA Aliaksei	AIN	PTF	2:0
european-senior-olympic-weight-categories-2025	Senior Men +80kg	R16	112	GAFAROV Eltaj	AZE	GEORGIEVSKI Dejan	MKD	PTF	2:1
european-senior-olympic-weight-categories-2025	Senior Men +80kg	R16	212	ABEDINI Mehdi	TRT	HARBAR Andrii	UKR	PTF	2:0
european-senior-olympic-weight-categories-2025	Senior Men +80kg	R16	312	RIBEIRO Tiago	POR	SOULIMANI Ilir	SUI	PTF	2:0
european-senior-olympic-weight-categories-2025	Senior Men +80kg	QF	121	AIUKAEV Rafail	AIN	GAFAROV Eltaj	AZE	PTF	2:0
european-senior-olympic-weight-categories-2025	Senior Men +80kg	QF	221	ABEDINI Mehdi	TRT	RIBEIRO Tiago	POR	PTF	2:0
european-senior-olympic-weight-categories-2025	Senior Men +80kg	SF	325	AIUKAEV Rafail	AIN	ABEDINI Mehdi	TRT	PTF	2:1
european-senior-olympic-weight-categories-2025	Senior Men +80kg	R32	105	RUDERMAN Ilia	ISR	MERKOURIOU Giorgio	CYP	RSC	1:0
european-senior-olympic-weight-categories-2025	Senior Men +80kg	R32	205	GOLUBOVIC Milos	SRB	BUIDZE Davit	GEO	RSC	2:0
european-senior-olympic-weight-categories-2025	Senior Men +80kg	R16	113	PIATKOWSKI Szymon	POL	RUDERMAN Ilia	ISR	PTF	2:0
european-senior-olympic-weight-categories-2025	Senior Men +80kg	R16	213	PLONIS Artsiom	AIN	STOJANOVIC Stefan	SRB	PTF	2:0
european-senior-olympic-weight-categories-2025	Senior Men +80kg	R16	313	LARIN Vladislav	AIN	MEHNANA Nahil	FRA	PTF	2:0
european-senior-olympic-weight-categories-2025	Senior Men +80kg	R16	114	GOLUBOVIC Milos	SRB	HARBAR Artem	UKR	PTF	2:1
european-senior-olympic-weight-categories-2025	Senior Men +80kg	QF	321	PIATKOWSKI Szymon	POL	PLONIS Artsiom	AIN	PTF	2:0
european-senior-olympic-weight-categories-2025	Senior Men +80kg	QF	122	LARIN Vladislav	AIN	GOLUBOVIC Milos	SRB	PTF	2:0
european-senior-olympic-weight-categories-2025	Senior Men +80kg	SF	126	LARIN Vladislav	AIN	PIATKOWSKI Szymon	POL	PTF	2:0
european-senior-olympic-weight-categories-2025	Senior Men +80kg	F	231	AIUKAEV Rafail	AIN	LARIN Vladislav	AIN	PTF	2:0
european-senior-olympic-weight-categories-2025	Senior Women -57kg	R32	305	EFITSENKO Sofia	AIN	KRAISNIK Ivana	BIH	PTF	2:0
european-senior-olympic-weight-categories-2025	Senior Women -57kg	R32	106	SEMBERG Abishag	ISR	CORREIA Leonor	POR	PTF	2:0
european-senior-olympic-weight-categories-2025	Senior Women -57kg	R32	206	MILIC Nikolina	SRB	ENTEZARI Nazila	TRT	PTF	2:0
european-senior-olympic-weight-categories-2025	Senior Women -57kg	R16	214	VITKO Yuliya	AIN	EFITSENKO Sofia	AIN	PTF	2:0
european-senior-olympic-weight-categories-2025	Senior Women -57kg	R16	314	OLESZCZUK Lucja	POL	SPASOJEVIC Sara	CRO	PTF	2:0
european-senior-olympic-weight-categories-2025	Senior Women -57kg	R16	115	MEIŠTININKAITĖ Ger	LTU	SEMBERG Abishag	ISR	PTF	2:1
european-senior-olympic-weight-categories-2025	Senior Women -57kg	R16	215	KOSTENEVYCH Darya	UKR	MILIC Nikolina	SRB	PTF	2:1
european-senior-olympic-weight-categories-2025	Senior Women -57kg	QF	222	VITKO Yuliya	AIN	OLESZCZUK Lucja	POL	PTF	2:0
european-senior-olympic-weight-categories-2025	Senior Women -57kg	QF	322	KOSTENEVYCH Darya	UKR	MEIŠTININKAITĖ Ger	LTU	PTF	2:0
european-senior-olympic-weight-categories-2025	Senior Women -57kg	SF	226	VITKO Yuliya	AIN	KOSTENEVYCH Darya	UKR	PTF	2:1
european-senior-olympic-weight-categories-2025	Senior Women -57kg	R32	306	KARLSSON Alma Frii	DEN	STAMENKOVIC Teodor	SRB	PTF	2:0
european-senior-olympic-weight-categories-2025	Senior Women -57kg	R32	107	GIRE Ines	FRA	REDKA Vlada	UKR	PTF	2:0
european-senior-olympic-weight-categories-2025	Senior Women -57kg	R32	207	RAHMANI Ruqia	FIN	ABDULLAYEVA Nigar	AZE	PTF	2:1
european-senior-olympic-weight-categories-2025	Senior Women -57kg	R16	315	LISOWSKA Nikol	POL	KARLSSON Alma Frii	DEN	PTF	2:0
european-senior-olympic-weight-categories-2025	Senior Women -57kg	R16	116	BENETTI Ines	FRA	GIRE Ines	FRA	PTF	2:0
european-senior-olympic-weight-categories-2025	Senior Women -57kg	R16	216	VIGDOR Ariel	ISR	GRETARSDOTTIR Ingi	ISL	PTF	2:0
european-senior-olympic-weight-categories-2025	Senior Women -57kg	R16	316	BLIZNIAKOVA Margar	AIN	RAHMANI Ruqia	FIN	PTF	2:0
european-senior-olympic-weight-categories-2025	Senior Women -57kg	QF	123	LISOWSKA Nikol	POL	BENETTI Ines	FRA	PTF	2:0
european-senior-olympic-weight-categories-2025	Senior Women -57kg	QF	223	BLIZNIAKOVA Margar	AIN	VIGDOR Ariel	ISR	PTF	1:0
european-senior-olympic-weight-categories-2025	Senior Women -57kg	SF	326	BLIZNIAKOVA Margar	AIN	LISOWSKA Nikol	POL	PTF	2:0
european-senior-olympic-weight-categories-2025	Senior Women -57kg	F	230	BLIZNIAKOVA Margar	AIN	VITKO Yuliya	AIN	PTF	2:0
european-senior-olympic-weight-categories-2025	Senior Women -49kg	R32	307	ARTAMONOVA Anastas	AIN	KOSTIUK Yaryna	UKR	PTF	2:0
european-senior-olympic-weight-categories-2025	Senior Women -49kg	R32	108	RAMO Jenna	FIN	ZARGUNNA Noori	TRT	PTF	2:0
european-senior-olympic-weight-categories-2025	Senior Women -49kg	R16	117	BOKAN Andrea	SRB	ARTAMONOVA Anastas	AIN	PTF	2:0
european-senior-olympic-weight-categories-2025	Senior Women -49kg	R16	217	AKBAROVA Minaya	AZE	KRAJEWSKA Alicja	POL	SUP	2:0
european-senior-olympic-weight-categories-2025	Senior Women -49kg	R16	317	DAN Oleksandra	ISR	GAYE Serrah	FRA	PTF	2:1
european-senior-olympic-weight-categories-2025	Senior Women -49kg	R16	118	BAYECH Rivka	ISR	RAMO Jenna	FIN	PTF	2:0
european-senior-olympic-weight-categories-2025	Senior Women -49kg	QF	323	BOKAN Andrea	SRB	AKBAROVA Minaya	AZE	PTF	2:0
european-senior-olympic-weight-categories-2025	Senior Women -49kg	QF	124	BAYECH Rivka	ISR	DAN Oleksandra	ISR	PTF	
european-senior-olympic-weight-categories-2025	Senior Women -49kg	SF	127	BOKAN Andrea	SRB	BAYECH Rivka	ISR	PTF	2:0
european-senior-olympic-weight-categories-2025	Senior Women -49kg	R32	208	STRUNETS Maryia	AIN	BYRNE Ruby	IRL	PTF	2:1
european-senior-olympic-weight-categories-2025	Senior Women -49kg	R32	308	ROGOZINA Irina	AIN	PATRICIO Ana Rita	POR	PTF	2:0
european-senior-olympic-weight-categories-2025	Senior Women -49kg	R16	218	STRUNETS Maryia	AIN	BARROSO Kiara	POR	PTF	2:0
european-senior-olympic-weight-categories-2025	Senior Women -49kg	R16	318	KRAJEWSKA Nikola	POL	TAMMILA Ida-elina	FIN	PTF	2:0
european-senior-olympic-weight-categories-2025	Senior Women -49kg	R16	119	LINAN Naiara	AND	BRYHIDA Erika	UKR	PTF	2:0
european-senior-olympic-weight-categories-2025	Senior Women -49kg	R16	219	ROGOZINA Irina	AIN	MAKAS Dzejla	BIH	PTF	2:0
european-senior-olympic-weight-categories-2025	Senior Women -49kg	QF	224	STRUNETS Maryia	AIN	KRAJEWSKA Nikola	POL	PTF	2:1
european-senior-olympic-weight-categories-2025	Senior Women -49kg	QF	324	ROGOZINA Irina	AIN	LINAN Naiara	AND	PTF	2:0
european-senior-olympic-weight-categories-2025	Senior Women -49kg	SF	227	ROGOZINA Irina	AIN	STRUNETS Maryia	AIN	PTF	2:0
european-senior-olympic-weight-categories-2025	Senior Women -49kg	F	228	BOKAN Andrea	SRB	ROGOZINA Irina	AIN	PTF	2:0
european-senior-olympic-weight-categories-2025	Senior Men -80kg	R32	302	MARTINHO Manuel	POR	SULEAC Dmitrii	MDA	PTF	2:0
european-senior-olympic-weight-categories-2025	Senior Men -80kg	R32	103	KOSTENEVYCH Kostia	UKR	KELLY Paraic	IRL	PTF	2:0
european-senior-olympic-weight-categories-2025	Senior Men -80kg	R32	203	ODINAEV Rustam	SRB	AKHONZADEH Samir	TRT	PTF	2:0
european-senior-olympic-weight-categories-2025	Senior Men -80kg	R32	303	KOMATINA Ognjen	MNE	SITTEK Tomas	CZE	PTF	2:0
european-senior-olympic-weight-categories-2025	Senior Men -80kg	R32	104	MUSKEVITS Aleksand	EST	SHADZEUSKI Yauheni	AIN	PTF	2:0
european-senior-olympic-weight-categories-2025	Senior Men -80kg	R32	204	DZHORDZHEV Mitko	BUL	GOGOBERIDZE Nika	GEO	PTF	2:0
european-senior-olympic-weight-categories-2025	Senior Men -80kg	R16	112	KINTSURASHVILI Zur	GEO	MARTINHO Manuel	POR	PTF	2:0
european-senior-olympic-weight-categories-2025	Senior Men -80kg	R16	212	KOSTENEVYCH Kostia	UKR	ODINAEV Rustam	SRB	PTF	2:0
european-senior-olympic-weight-categories-2025	Senior Men -80kg	R16	312	MUSKEVITS Aleksand	EST	KOMATINA Ognjen	MNE	WDR	2:1
european-senior-olympic-weight-categories-2025	Senior Men -80kg	R16	113	HURNOV Kyrylo	UKR	DZHORDZHEV Mitko	BUL	PTF	2:0
european-senior-olympic-weight-categories-2025	Senior Men -80kg	QF	222	KINTSURASHVILI Zur	GEO	KOSTENEVYCH Kostia	UKR	PTF	2:1
european-senior-olympic-weight-categories-2025	Senior Men -80kg	QF	322	HURNOV Kyrylo	UKR	MUSKEVITS Aleksand	EST	PTF	2:0
european-senior-olympic-weight-categories-2025	Senior Men -80kg	SF	327	HURNOV Kyrylo	UKR	KINTSURASHVILI Zur	GEO	PTF	2:0
european-senior-olympic-weight-categories-2025	Senior Men -80kg	R32	304	SZADKOWSKI Michal	POL	AKBABAOZ Muhammed	TRT	PTF	2:1
european-senior-olympic-weight-categories-2025	Senior Men -80kg	R32	105	SLEPOV Stepan	AIN	BECOVIC Zinedin	MNE	PTF	2:1
european-senior-olympic-weight-categories-2025	Senior Men -80kg	R32	205	TURAVINAU Raman	AIN	SAHITI Mal	KOS	PTF	2:0
european-senior-olympic-weight-categories-2025	Senior Men -80kg	R32	305	BOUZID Ismael	FRA	MIRZAEI Bardia	FIN	PTF	2:0
european-senior-olympic-weight-categories-2025	Senior Men -80kg	R32	106	AGHAYEV Javad	AZE	JOCHMAN Adam	CZE	PTF	2:0
european-senior-olympic-weight-categories-2025	Senior Men -80kg	R32	206	COSTA Diogo Rafael	POR	AMRI Bassem	FRA	PTF	2:0
european-senior-olympic-weight-categories-2025	Senior Men -80kg	R16	213	TAKOV Stefan	SRB	SZADKOWSKI Michal	POL	PTF	2:0
european-senior-olympic-weight-categories-2025	Senior Men -80kg	R16	313	TURAVINAU Raman	AIN	SLEPOV Stepan	AIN	PTF	2:1
european-senior-olympic-weight-categories-2025	Senior Men -80kg	R16	114	BOUZID Ismael	FRA	AGHAYEV Javad	AZE	PTF	2:0
european-senior-olympic-weight-categories-2025	Senior Men -80kg	R16	214	MYTAREV Artem	AIN	COSTA Diogo Rafael	POR	PTF	2:0
european-senior-olympic-weight-categories-2025	Senior Men -80kg	QF	123	TAKOV Stefan	SRB	TURAVINAU Raman	AIN	PTF	2:0
european-senior-olympic-weight-categories-2025	Senior Men -80kg	QF	223	MYTAREV Artem	AIN	BOUZID Ismael	FRA	PTF	2:0
european-senior-olympic-weight-categories-2025	Senior Men -80kg	SF	128	TAKOV Stefan	SRB	MYTAREV Artem	AIN	PTF	2:1
european-senior-olympic-weight-categories-2025	Senior Men -80kg	F	233	TAKOV Stefan	SRB	HURNOV Kyrylo	UKR	PTF	2:0
european-senior-olympic-weight-categories-2025	Senior Men -68kg	R64	101	KHAVARI Mahdi	TRT	LAUCEVIČIUS Tadas	LTU	PTF	2:0
european-senior-olympic-weight-categories-2025	Senior Men -68kg	R64	201	MIRZOIEV Samir	UKR	GOLEMAC Nikola	DEN	PTF	2:0
european-senior-olympic-weight-categories-2025	Senior Men -68kg	R64	301	ZOTOVS Yehor	LAT	LAWLOR Christopher	IMN	PTF	2:0
european-senior-olympic-weight-categories-2025	Senior Men -68kg	R32	306	KRAJISNIK Zarko	SRB	KHAVARI Mahdi	TRT	PTF	2:0
european-senior-olympic-weight-categories-2025	Senior Men -68kg	R32	107	SHIRALIYEV Riyad	AZE	AGUSHI Elion	KOS	PTF	2:0
european-senior-olympic-weight-categories-2025	Senior Men -68kg	R32	207	SETTA Hamad	DEN	DJONKO Muhamed	BIH	PTF	2:1
european-senior-olympic-weight-categories-2025	Senior Men -68kg	R32	307	DANILOV Ilia	AIN	MYLLYNEN Niko	FIN	PTF	2:0
european-senior-olympic-weight-categories-2025	Senior Men -68kg	R32	108	HUSIC Benjamin	BIH	MIRZOIEV Samir	UKR	PTF	2:0
european-senior-olympic-weight-categories-2025	Senior Men -68kg	R32	208	DZHORDZHEV Aleksan	BUL	VAN Joep	NED	PTF	2:0
european-senior-olympic-weight-categories-2025	Senior Men -68kg	R32	308	ZEHETNER Felix	AUT	MARTINS Alfredo	POR	PTF	2:0
european-senior-olympic-weight-categories-2025	Senior Men -68kg	R32	109	ZOTOVS Yehor	LAT	BOURHALLA Nour	SUI	PTF	2:0
european-senior-olympic-weight-categories-2025	Senior Men -68kg	R16	319	KRAJISNIK Zarko	SRB	SHIRALIYEV Riyad	AZE	PTF	2:0
european-senior-olympic-weight-categories-2025	Senior Men -68kg	R16	120	DANILOV Ilia	AIN	SETTA Hamad	DEN	PTF	2:1
european-senior-olympic-weight-categories-2025	Senior Men -68kg	R16	220	DZHORDZHEV Aleksan	BUL	HUSIC Benjamin	BIH	PTF	2:0
european-senior-olympic-weight-categories-2025	Senior Men -68kg	R16	320	ZEHETNER Felix	AUT	ZOTOVS Yehor	LAT	PTF	2:0
european-senior-olympic-weight-categories-2025	Senior Men -68kg	QF	226	DANILOV Ilia	AIN	KRAJISNIK Zarko	SRB	PTF	2:1
european-senior-olympic-weight-categories-2025	Senior Men -68kg	QF	326	DZHORDZHEV Aleksan	BUL	ZEHETNER Felix	AUT	PTF	1:0
european-senior-olympic-weight-categories-2025	Senior Men -68kg	SF	329	DANILOV Ilia	AIN	DZHORDZHEV Aleksan	BUL	PTF	2:0
european-senior-olympic-weight-categories-2025	Senior Men -68kg	R64	102	MAGERRAMOV Dzhavid	AIN	NASERI Ansar	TRT	PTF	2:0
european-senior-olympic-weight-categories-2025	Senior Men -68kg	R64	202	AZIZI Alisina	TRT	MURADYAN Sargis	ARM	PTF	2:0
european-senior-olympic-weight-categories-2025	Senior Men -68kg	R32	209	STAMENOV Stefan	BUL	MAGERRAMOV Dzhavid	AIN	PTF	2:1
european-senior-olympic-weight-categories-2025	Senior Men -68kg	R32	309	TCAKOEV Sarmat	AIN	GENZEL Eitan	ISR	PTF	2:0
european-senior-olympic-weight-categories-2025	Senior Men -68kg	R32	110	VAN Jesse	NED	PAPIEROWSKI Domini	POL	PTF	2:0
european-senior-olympic-weight-categories-2025	Senior Men -68kg	R32	210	CHRZANOWSKI Mateus	POL	REIS Tiago	POR	PTF	2:0
european-senior-olympic-weight-categories-2025	Senior Men -68kg	R32	310	JULES Nathan	FRA	DAXNER Leonard	AUT	PTF	2:0
european-senior-olympic-weight-categories-2025	Senior Men -68kg	R32	111	KRIVISHKIY Nimrod	ISR	MANDIC Milos	SRB	PTF	2:1
european-senior-olympic-weight-categories-2025	Senior Men -68kg	R32	211	ABBASI Ali Reza	TRT	KAVTARADZE Beka	GEO	PTF	2:1
european-senior-olympic-weight-categories-2025	Senior Men -68kg	R32	311	BYSTROV Volodymyr	UKR	AZIZI Alisina	TRT	PTF	2:1
european-senior-olympic-weight-categories-2025	Senior Men -68kg	R16	121	TCAKOEV Sarmat	AIN	STAMENOV Stefan	BUL	PTF	2:1
european-senior-olympic-weight-categories-2025	Senior Men -68kg	R16	221	CHRZANOWSKI Mateus	POL	VAN Jesse	NED	PTF	2:0
european-senior-olympic-weight-categories-2025	Senior Men -68kg	R16	321	KRIVISHKIY Nimrod	ISR	JULES Nathan	FRA	PTF	2:0
european-senior-olympic-weight-categories-2025	Senior Men -68kg	R16	122	BYSTROV Volodymyr	UKR	ABBASI Ali Reza	TRT	PTF	2:0
european-senior-olympic-weight-categories-2025	Senior Men -68kg	QF	127	TCAKOEV Sarmat	AIN	CHRZANOWSKI Mateus	POL	PTF	2:1
european-senior-olympic-weight-categories-2025	Senior Men -68kg	QF	227	BYSTROV Volodymyr	UKR	KRIVISHKIY Nimrod	ISR	PTF	2:0
european-senior-olympic-weight-categories-2025	Senior Men -68kg	SF	130	TCAKOEV Sarmat	AIN	BYSTROV Volodymyr	UKR	PTF	2:0
european-senior-olympic-weight-categories-2025	Senior Men -68kg	F	231	TCAKOEV Sarmat	AIN	DANILOV Ilia	AIN	PTF	2:0
european-senior-olympic-weight-categories-2025	Senior Women -67kg	R16	314	PAVLENKO Alisa	UKR	KAZIMOVA Nargiz	AZE	PTF	2:0
european-senior-olympic-weight-categories-2025	Senior Women -67kg	R16	115	NOWAK Julia	POL	MIKALEVICIUTE Meli	LTU	PTF	2:0
european-senior-olympic-weight-categories-2025	Senior Women -67kg	R16	215	SAVKOVIC Nadja	SRB	KUTS Uliana	UKR	PTF	2:0
european-senior-olympic-weight-categories-2025	Senior Women -67kg	QF	323	KHUZINA Liliia	AIN	PAVLENKO Alisa	UKR	PTF	2:0
european-senior-olympic-weight-categories-2025	Senior Women -67kg	QF	124	NOWAK Julia	POL	SAVKOVIC Nadja	SRB	PTF	2:0
european-senior-olympic-weight-categories-2025	Senior Women -67kg	SF	228	KHUZINA Liliia	AIN	NOWAK Julia	POL	PTF	2:1
european-senior-olympic-weight-categories-2025	Senior Women -67kg	R16	315	BERISAJ Andrea	MNE	NIKOLIC Tijana	SRB	PTF	2:0
european-senior-olympic-weight-categories-2025	Senior Women -67kg	R16	116	BLITEK Cloe	FRA	ZIABLITCEVA Anna	AIN	PTF	2:0
european-senior-olympic-weight-categories-2025	Senior Women -67kg	R16	216	NILSEN Mari Romund	NOR	COELHO Mafalda	POR	PTF	2:0
european-senior-olympic-weight-categories-2025	Senior Women -67kg	R16	316	SZPAK Julia	POL	NAVITSKAIA Darya	AIN	PTF	2:0
european-senior-olympic-weight-categories-2025	Senior Women -67kg	QF	224	BERISAJ Andrea	MNE	BLITEK Cloe	FRA	PTF	2:0
european-senior-olympic-weight-categories-2025	Senior Women -67kg	QF	324	NILSEN Mari Romund	NOR	SZPAK Julia	POL	PTF	2:1
european-senior-olympic-weight-categories-2025	Senior Women -67kg	SF	328	NILSEN Mari Romund	NOR	BERISAJ Andrea	MNE	PTF	2:1
european-senior-olympic-weight-categories-2025	Senior Women -67kg	F	230	KHUZINA Liliia	AIN	NILSEN Mari Romund	NOR	PTF	2:0
european-senior-olympic-weight-categories-2025	Senior Women +67kg	R16	117	HAREMZA Dagmara	POL	SMITHERS Charleigh	IRL	PTF	2:0
european-senior-olympic-weight-categories-2025	Senior Women +67kg	R16	217	KOWALCZUK Aleksand	POL	KUTS Mariia	UKR	PTF	2:1
european-senior-olympic-weight-categories-2025	Senior Women +67kg	R16	317	HELVIGA Viktorija	LAT	MIKHALCHUK Palina	AIN	PTF	2:1
european-senior-olympic-weight-categories-2025	Senior Women +67kg	R16	118	SEVIC Andjela	SRB	HELDNER Laura	SUI	PTF	2:0
european-senior-olympic-weight-categories-2025	Senior Women +67kg	QF	125	HAREMZA Dagmara	POL	KOWALCZUK Aleksand	POL	PTF	2:0
european-senior-olympic-weight-categories-2025	Senior Women +67kg	QF	225	SEVIC Andjela	SRB	HELVIGA Viktorija	LAT	PTF	2:0
european-senior-olympic-weight-categories-2025	Senior Women +67kg	SF	129	HAREMZA Dagmara	POL	SEVIC Andjela	SRB	PTF	2:0
european-senior-olympic-weight-categories-2025	Senior Women +67kg	R16	218	KLOOSTERMAN Famke	NED	KUCHYNA Viktoriia	UKR	PTF	2:1
european-senior-olympic-weight-categories-2025	Senior Women +67kg	R16	318	HAMADACHE Emna	FRA	JUHASZOVA Iveta	CZE	PTF	2:1
european-senior-olympic-weight-categories-2025	Senior Women +67kg	R16	119	ADEBAIO Kristina	AIN	PETROVIC Iva	SRB	PTF	2:1
european-senior-olympic-weight-categories-2025	Senior Women +67kg	R16	219	KOSMYCHEVA Anastas	AIN	FRANCISCA Maria	POR	PTF	2:0
european-senior-olympic-weight-categories-2025	Senior Women +67kg	QF	325	KLOOSTERMAN Famke	NED	HAMADACHE Emna	FRA	PTF	2:0
european-senior-olympic-weight-categories-2025	Senior Women +67kg	QF	126	KOSMYCHEVA Anastas	AIN	ADEBAIO Kristina	AIN	PTF	2:0
european-senior-olympic-weight-categories-2025	Senior Women +67kg	SF	229	KOSMYCHEVA Anastas	AIN	KLOOSTERMAN Famke	NED	PTF	2:0
european-senior-olympic-weight-categories-2025	Senior Women +67kg	F	232	KOSMYCHEVA Anastas	AIN	HAREMZA Dagmara	POL	PTF	2:0
nairobi-u21-world-championships-2025	U21 Men -58kg	R64	101	CHAKRAVARTI Shaury	IND	NDAHIRIWE Josue	TRT	PTF	2:0
nairobi-u21-world-championships-2025	U21 Men -58kg	R32	106	ZANDI Abolfazl	IRI	CHAKRAVARTI Shaury	IND	PTF	2:0
nairobi-u21-world-championships-2025	U21 Men -58kg	R32	206	ROJAS Iker Josue	ECU	TAN Sebastian	MAS	PTF	2:0
nairobi-u21-world-championships-2025	U21 Men -58kg	R32	306	CHARNIAK Viktar	AIN	DE Alex	ESP	PTF	2:1
nairobi-u21-world-championships-2025	U21 Men -58kg	R32	406	CORTES Carlos	MEX	VAREJAO Dinis	POR	PTF	2:0
nairobi-u21-world-championships-2025	U21 Men -58kg	R32	107	OSAMA Mohamed	EGY	ABYD Oussama	MAR	PTF	2:0
nairobi-u21-world-championships-2025	U21 Men -58kg	R32	207	CUNNINGHAM William	USA	CAMOGLU Furkan Ube	TUR	PTF	2:0
nairobi-u21-world-championships-2025	U21 Men -58kg	R32	307	FONSECA Gabriel	BRA	STRUGLINSKI Bartos	POL	PTF	2:0
nairobi-u21-world-championships-2025	U21 Men -58kg	R32	407	VASILIC Todor	SRB	ODHIAMBO Willias	KEN	PTF	2:0
nairobi-u21-world-championships-2025	U21 Men -58kg	R16	116	ZANDI Abolfazl	IRI	ROJAS Iker Josue	ECU	PTF	2:0
nairobi-u21-world-championships-2025	U21 Men -58kg	R16	216	CORTES Carlos	MEX	CHARNIAK Viktar	AIN	PTF	2:0
nairobi-u21-world-championships-2025	U21 Men -58kg	R16	316	CUNNINGHAM William	USA	OSAMA Mohamed	EGY	PTF	2:0
nairobi-u21-world-championships-2025	U21 Men -58kg	R16	416	FONSECA Gabriel	BRA	VASILIC Todor	SRB	PTF	2:0
nairobi-u21-world-championships-2025	U21 Men -58kg	QF	121	ZANDI Abolfazl	IRI	CORTES Carlos	MEX	PTF	2:0
nairobi-u21-world-championships-2025	U21 Men -58kg	QF	221	FONSECA Gabriel	BRA	CUNNINGHAM William	USA	PTF	2:0
nairobi-u21-world-championships-2025	U21 Men -58kg	SF	223	ZANDI Abolfazl	IRI	FONSECA Gabriel	BRA	PTF	2:0
nairobi-u21-world-championships-2025	U21 Men -58kg	R32	108	DIMITROPOULOS Kons	GRE	IRAKOZE Emmanuel	BDI	PTF	1:0
nairobi-u21-world-championships-2025	U21 Men -58kg	R32	208	RODRIGUEZ Ilay	PUR	MOHAMMED Muath	BRN	PTF	2:0
nairobi-u21-world-championships-2025	U21 Men -58kg	R32	308	MANSUROV Kamronbek	UZB	STEIN Roi	ISR	PTF	2:0
nairobi-u21-world-championships-2025	U21 Men -58kg	R32	408	YOUSIF Mahmoud Bas	JOR	ZARIFEH Marc	LBN	PTF	2:0
nairobi-u21-world-championships-2025	U21 Men -58kg	R32	109	BOUKARNIA Amine	FRA	NXUMALO Gcinumuzi	SWZ	PTF	2:0
nairobi-u21-world-championships-2025	U21 Men -58kg	R32	209	OMRI Abdoullah	TUN	ISLAMOV Zhavokhirk	KAZ	PTF	2:1
nairobi-u21-world-championships-2025	U21 Men -58kg	R32	309	MAGOMEDOV Magomedg	AIN	ONGGOSANUSI Clemen	VAN	PTF	2:0
nairobi-u21-world-championships-2025	U21 Men -58kg	R32	409	MANENKOV Maksym	UKR	GRANIER-AMEUR Aika	AUS	PTF	2:0
nairobi-u21-world-championships-2025	U21 Men -58kg	R16	117	DIMITROPOULOS Kons	GRE	RODRIGUEZ Ilay	PUR	PTF	2:0
nairobi-u21-world-championships-2025	U21 Men -58kg	R16	217	YOUSIF Mahmoud Bas	JOR	MANSUROV Kamronbek	UZB	PTF	1:0
nairobi-u21-world-championships-2025	U21 Men -58kg	R16	317	BOUKARNIA Amine	FRA	OMRI Abdoullah	TUN	PTF	2:0
nairobi-u21-world-championships-2025	U21 Men -58kg	R16	417	MAGOMEDOV Magomedg	AIN	MANENKOV Maksym	UKR	PTF	2:0
nairobi-u21-world-championships-2025	U21 Men -58kg	QF	321	DIMITROPOULOS Kons	GRE	YOUSIF Mahmoud Bas	JOR	PTF	2:0
nairobi-u21-world-championships-2025	U21 Men -58kg	QF	421	MAGOMEDOV Magomedg	AIN	BOUKARNIA Amine	FRA	PTF	2:0
nairobi-u21-world-championships-2025	U21 Men -58kg	SF	323	MAGOMEDOV Magomedg	AIN	DIMITROPOULOS Kons	GRE	PTF	2:0
nairobi-u21-world-championships-2025	U21 Men -58kg	F	227	ZANDI Abolfazl	IRI	MAGOMEDOV Magomedg	AIN	PTF	2:0
nairobi-u21-world-championships-2025	U21 Men +87kg	R32	201	KATKAR Shrinidhi D	IND	FESTO Wafula	KEN	PTF	2:0
nairobi-u21-world-championships-2025	U21 Men +87kg	R16	110	KABLAN Beibarys	KAZ	KATKAR Shrinidhi D	IND	PTF	2:0
nairobi-u21-world-championships-2025	U21 Men +87kg	R16	210	SIMSEK Rahmet Bara	TUR	TARCHYLA Aliaksei	AIN	PTF	2:0
nairobi-u21-world-championships-2025	U21 Men +87kg	R16	310	LISITSIN Kirill	AIN	RUDERMAN Ilia	ISR	PTF	2:0
nairobi-u21-world-championships-2025	U21 Men +87kg	R16	410	ASHRAFI Amirmohamm	IRI	RAAD Charbel	LBN	PTF	2:0
nairobi-u21-world-championships-2025	U21 Men +87kg	QF	118	KABLAN Beibarys	KAZ	SIMSEK Rahmet Bara	TUR	PTF	2:0
nairobi-u21-world-championships-2025	U21 Men +87kg	QF	218	ASHRAFI Amirmohamm	IRI	LISITSIN Kirill	AIN	PTF	2:0
nairobi-u21-world-championships-2025	U21 Men +87kg	SF	225	KABLAN Beibarys	KAZ	ASHRAFI Amirmohamm	IRI	PTF	2:1
nairobi-u21-world-championships-2025	U21 Men +87kg	R32	301	IFAOUI Motaz	TUN	RUIZ Orlando Danie	MEX	PTF	2:0
nairobi-u21-world-championships-2025	U21 Men +87kg	R32	401	CECIL Chaney	USA	PACHECO Guilherme	BRA	PTF	2:0
nairobi-u21-world-championships-2025	U21 Men +87kg	R16	111	IFAOUI Motaz	TUN	ABBASIPOUYA Abolfa	TRT	PTF	2:1
nairobi-u21-world-championships-2025	U21 Men +87kg	R16	211	OUKACHA Abderrahma	MAR	NIEVES Victor Manu	PUR	PTF	2:0
nairobi-u21-world-championships-2025	U21 Men +87kg	R16	311	YANG Junyoung	KOR	LEBEL Aubert	CAN	PTF	2:1
nairobi-u21-world-championships-2025	U21 Men +87kg	R16	411	STILLEY Aiden	AUS	CECIL Chaney	USA	PTF	2:1
nairobi-u21-world-championships-2025	U21 Men +87kg	QF	318	IFAOUI Motaz	TUN	OUKACHA Abderrahma	MAR	PTF	2:0
nairobi-u21-world-championships-2025	U21 Men +87kg	QF	418	YANG Junyoung	KOR	STILLEY Aiden	AUS	PTF	2:0
nairobi-u21-world-championships-2025	U21 Men +87kg	SF	325	YANG Junyoung	KOR	IFAOUI Motaz	TUN	PTF	2:0
nairobi-u21-world-championships-2025	U21 Men +87kg	F	229	KABLAN Beibarys	KAZ	YANG Junyoung	KOR	PTF	1:0
nairobi-u21-world-championships-2025	U21 Women -49kg	R32	102	NESHER Yarden	ISR	GODARZI Rozhan	IRI	WDR	
nairobi-u21-world-championships-2025	U21 Women -49kg	R32	202	DIAZ Violeta	ESP	PLAKHIKH Varvara	AIN	PTF	2:0
nairobi-u21-world-championships-2025	U21 Women -49kg	R32	302	KONE Nabintou	CIV	SANGARE Mariam	MLI	PTF	2:0
nairobi-u21-world-championships-2025	U21 Women -49kg	R32	402	KRAJEWSKA Alicja	POL	SHALI Vivian Kiwug	KEN	PTF	2:0
nairobi-u21-world-championships-2025	U21 Women -49kg	R32	103	BOUROGIANNI Konsta	GRE	CRUZ Katelyn	PUR	PTF	2:0
nairobi-u21-world-championships-2025	U21 Women -49kg	R32	203	BOKAN Andrea	SRB	SILVA Zelzin Virid	MEX	PTF	2:0
nairobi-u21-world-championships-2025	U21 Women -49kg	R32	303	MATA Maya	USA	DENICA Nitunga	BDI	PTF	2:0
nairobi-u21-world-championships-2025	U21 Women -49kg	R16	112	KIM Hyang-gi	KOR	NESHER Yarden	ISR	PTF	1:0
nairobi-u21-world-championships-2025	U21 Women -49kg	R16	212	DIAZ Violeta	ESP	KONE Nabintou	CIV	PTF	2:0
nairobi-u21-world-championships-2025	U21 Women -49kg	R16	312	KRAJEWSKA Alicja	POL	BOUROGIANNI Konsta	GRE	PTF	2:0
nairobi-u21-world-championships-2025	U21 Women -49kg	R16	412	BOKAN Andrea	SRB	MATA Maya	USA	PTF	2:0
nairobi-u21-world-championships-2025	U21 Women -49kg	QF	119	KIM Hyang-gi	KOR	DIAZ Violeta	ESP	PTF	2:0
nairobi-u21-world-championships-2025	U21 Women -49kg	QF	219	BOKAN Andrea	SRB	KRAJEWSKA Alicja	POL	PTF	2:0
nairobi-u21-world-championships-2025	U21 Women -49kg	SF	222	KIM Hyang-gi	KOR	BOKAN Andrea	SRB	PTF	2:1
nairobi-u21-world-championships-2025	U21 Women -49kg	R32	403	FOFANA Mah Teninba	FRA	QUERUBIN Sofia	AUS	PTF	2:1
nairobi-u21-world-championships-2025	U21 Women -49kg	R32	104	KOKOC Zeynep Duru	TUR	KAKADIYA Twisha	IND	PTF	2:0
nairobi-u21-world-championships-2025	U21 Women -49kg	R32	204	ELAASAL Nezha	MAR	BERBERT Julia	BRA	PTF	2:0
nairobi-u21-world-championships-2025	U21 Women -49kg	R32	304	CAICEDO Joceline M	ECU	LINAN Naiara	AND	PTF	2:0
nairobi-u21-world-championships-2025	U21 Women -49kg	R32	404	GOODMAN Phoenix	GBR	AGUILAR Andrea Sof	ESA	PTF	2:0
nairobi-u21-world-championships-2025	U21 Women -49kg	R32	105	ZHUMABEK Nuraiym	KAZ	SHERIF Laila	EGY	PTF	2:0
nairobi-u21-world-championships-2025	U21 Women -49kg	R32	205	BEKULOVA Milana	AIN	ABI Demi	LBN	PTF	2:0
nairobi-u21-world-championships-2025	U21 Women -49kg	R32	305	GEORGIEVA Aleksand	BUL	FERREIRA Matilde	POR	PTF	2:0
nairobi-u21-world-championships-2025	U21 Women -49kg	R16	113	FOFANA Mah Teninba	FRA	KOKOC Zeynep Duru	TUR	PTF	2:1
nairobi-u21-world-championships-2025	U21 Women -49kg	R16	213	ELAASAL Nezha	MAR	CAICEDO Joceline M	ECU	PTF	2:1
nairobi-u21-world-championships-2025	U21 Women -49kg	R16	313	ZHUMABEK Nuraiym	KAZ	GOODMAN Phoenix	GBR	PTF	2:0
nairobi-u21-world-championships-2025	U21 Women -49kg	R16	413	BEKULOVA Milana	AIN	GEORGIEVA Aleksand	BUL	PTF	2:0
nairobi-u21-world-championships-2025	U21 Women -49kg	QF	319	ELAASAL Nezha	MAR	FOFANA Mah Teninba	FRA	PTF	2:1
nairobi-u21-world-championships-2025	U21 Women -49kg	QF	419	BEKULOVA Milana	AIN	ZHUMABEK Nuraiym	KAZ	PTF	2:0
nairobi-u21-world-championships-2025	U21 Women -49kg	SF	322	BEKULOVA Milana	AIN	ELAASAL Nezha	MAR	PTF	2:0
nairobi-u21-world-championships-2025	U21 Women -49kg	F	226	BEKULOVA Milana	AIN	KIM Hyang-gi	KOR	PTF	1:0
nairobi-u21-world-championships-2025	U21 Women +73kg	R32	405	SUFI Sarah	IRI	KIM Soohyeon	AUS	PTF	2:0
nairobi-u21-world-championships-2025	U21 Women +73kg	R16	114	ALADE Naomi	USA	SUFI Sarah	IRI	PTF	1:1
nairobi-u21-world-championships-2025	U21 Women +73kg	R16	214	KAVUKCUOGLU Zehra	TUR	YADAV Jyoti	IND	PTF	2:0
nairobi-u21-world-championships-2025	U21 Women +73kg	R16	314	YDYRYS Altynshash	KAZ	VASCONCELOS Elis	BRA	PTF	2:0
nairobi-u21-world-championships-2025	U21 Women +73kg	R16	414	KHAYARI Imane	MAR	FOUNTAIN Rachel	CAN	PTF	2:0
nairobi-u21-world-championships-2025	U21 Women +73kg	QF	120	KAVUKCUOGLU Zehra	TUR	ALADE Naomi	USA	PTF	1:0
nairobi-u21-world-championships-2025	U21 Women +73kg	QF	220	KHAYARI Imane	MAR	YDYRYS Altynshash	KAZ	PTF	2:0
nairobi-u21-world-championships-2025	U21 Women +73kg	SF	224	KAVUKCUOGLU Zehra	TUR	KHAYARI Imane	MAR	PTF	2:0
nairobi-u21-world-championships-2025	U21 Women +73kg	R16	115	GARCIA Paloma	MEX	MULAH Waida Neches	KEN	PTF	2:0
nairobi-u21-world-championships-2025	U21 Women +73kg	R16	215	KUTS Mariia	UKR	VALLO Ane	ESP	PTF	2:0
nairobi-u21-world-championships-2025	U21 Women +73kg	R16	315	HAJAMA Lipaz	ISR	FRADL Maelynn Emil	ARU	PTF	2:0
nairobi-u21-world-championships-2025	U21 Women +73kg	R16	415	KITSIOU Agoritsa A	GRE	MIKHAILOVA Iuliia	AIN	PTF	2:0
nairobi-u21-world-championships-2025	U21 Women +73kg	QF	320	KUTS Mariia	UKR	GARCIA Paloma	MEX	PTF	2:0
nairobi-u21-world-championships-2025	U21 Women +73kg	QF	420	KITSIOU Agoritsa A	GRE	HAJAMA Lipaz	ISR	PTF	2:0
nairobi-u21-world-championships-2025	U21 Women +73kg	SF	324	KITSIOU Agoritsa A	GRE	KUTS Mariia	UKR	PTF	2:0
nairobi-u21-world-championships-2025	U21 Women +73kg	F	228	KAVUKCUOGLU Zehra	TUR	KITSIOU Agoritsa A	GRE	PTF	2:0
nairobi-u21-world-championships-2025	U21 Men -80kg	R32	401	ZAGORULKO Andrei	AIN	MUSKEVITS Aleksand	EST	PTF	2:0
nairobi-u21-world-championships-2025	U21 Men -80kg	R32	102	KUSSETOV Batyrkhan	KAZ	DAVID Onyango	KEN	PTF	2:0
nairobi-u21-world-championships-2025	U21 Men -80kg	R16	310	FERNANDEZ Mikel	ESP	ZAGORULKO Andrei	AIN	PTF	2:0
nairobi-u21-world-championships-2025	U21 Men -80kg	R16	410	GASHI Jon	KOS	HILAL Yassine	CAN	PTF	2:0
nairobi-u21-world-championships-2025	U21 Men -80kg	R16	111	KNIGHT-MITCHELL Da	GBR	LARA Clemente	MEX	PTF	2:0
nairobi-u21-world-championships-2025	U21 Men -80kg	R16	211	YOUNG Isaiah	USA	KUSSETOV Batyrkhan	KAZ	PTF	2:0
nairobi-u21-world-championships-2025	U21 Men -80kg	QF	318	FERNANDEZ Mikel	ESP	GASHI Jon	KOS	PTF	2:0
nairobi-u21-world-championships-2025	U21 Men -80kg	QF	418	YOUNG Isaiah	USA	KNIGHT-MITCHELL Da	GBR	PTF	2:0
nairobi-u21-world-championships-2025	U21 Men -80kg	SF	325	FERNANDEZ Mikel	ESP	YOUNG Isaiah	USA	PTF	2:1
nairobi-u21-world-championships-2025	U21 Men -80kg	R32	202	GHOLAMI Amirreza	IRI	SULU Idris Atay	TUR	PTF	2:0
nairobi-u21-world-championships-2025	U21 Men -80kg	R32	302	PAPPA Rafael	GRE	BHARGAVA Sharad	IND	PTF	2:0
nairobi-u21-world-championships-2025	U21 Men -80kg	R16	311	GHOLAMI Amirreza	IRI	ZARHOUTI Haitam	MAR	PTF	1:0
nairobi-u21-world-championships-2025	U21 Men -80kg	R16	411	ALADARBI Mohammad	JOR	MEIRELLES Arthur	BRA	PTF	2:0
nairobi-u21-world-championships-2025	U21 Men -80kg	R16	112	PARK Jae Won	KOR	FARAJ Yusuf	LBN	PTF	2:0
nairobi-u21-world-championships-2025	U21 Men -80kg	R16	212	TURAVINAU Raman	AIN	PAPPA Rafael	GRE	PTF	2:1
nairobi-u21-world-championships-2025	U21 Men -80kg	QF	119	GHOLAMI Amirreza	IRI	ALADARBI Mohammad	JOR	PTF	2:0
nairobi-u21-world-championships-2025	U21 Men -80kg	QF	219	TURAVINAU Raman	AIN	PARK Jae Won	KOR	PTF	2:0
nairobi-u21-world-championships-2025	U21 Men -80kg	SF	226	GHOLAMI Amirreza	IRI	TURAVINAU Raman	AIN	PTF	2:0
nairobi-u21-world-championships-2025	U21 Men -80kg	F	230	GHOLAMI Amirreza	IRI	FERNANDEZ Mikel	ESP	PTF	2:1
nairobi-u21-world-championships-2025	U21 Men -63kg	R64	101	BATRADZ Khubaev	AIN	NSHIMIYIMANA Eric	TRT	PTF	1:0
nairobi-u21-world-championships-2025	U21 Men -63kg	R32	306	ALTARYREH Mahmoud	JOR	BATRADZ Khubaev	AIN	PTF	2:1
nairobi-u21-world-championships-2025	U21 Men -63kg	R32	406	MITKOV Stanislav	BUL	SWARAY Derrick	LBR	PTF	2:0
nairobi-u21-world-championships-2025	U21 Men -63kg	R32	107	VALDES David	MEX	STEVEN Omara	UGA	PTF	2:0
nairobi-u21-world-championships-2025	U21 Men -63kg	R32	207	BANDAREVICH Maksim	AIN	SINDERIBUYE Nepo	RWA	PTF	2:0
nairobi-u21-world-championships-2025	U21 Men -63kg	R32	307	KORNEEV Lev	SRB	ROUAHI Adem	TUN	PTF	2:0
nairobi-u21-world-championships-2025	U21 Men -63kg	R32	407	SAFARYN Piotr	POL	BIN Ahmed Waleed	KSA	PTF	2:0
nairobi-u21-world-championships-2025	U21 Men -63kg	R32	108	ZELEKE Zemedkun	ETH	MONTONE Luca	AUS	PTF	2:1
nairobi-u21-world-championships-2025	U21 Men -63kg	R32	208	SINGH Nitesh	IND	BOUTAYEB Choaeaib	MAR	PTF	2:0
nairobi-u21-world-championships-2025	U21 Men -63kg	R16	316	MITKOV Stanislav	BUL	ALTARYREH Mahmoud	JOR	PTF	2:1
nairobi-u21-world-championships-2025	U21 Men -63kg	R16	416	BANDAREVICH Maksim	AIN	VALDES David	MEX	PTF	2:1
nairobi-u21-world-championships-2025	U21 Men -63kg	R16	117	SAFARYN Piotr	POL	KORNEEV Lev	SRB	PTF	2:1
nairobi-u21-world-championships-2025	U21 Men -63kg	R16	217	SINGH Nitesh	IND	ZELEKE Zemedkun	ETH	PTF	2:0
nairobi-u21-world-championships-2025	U21 Men -63kg	QF	321	MITKOV Stanislav	BUL	BANDAREVICH Maksim	AIN	PTF	1:1
nairobi-u21-world-championships-2025	U21 Men -63kg	QF	421	SINGH Nitesh	IND	SAFARYN Piotr	POL	PTF	2:0
nairobi-u21-world-championships-2025	U21 Men -63kg	SF	323	MITKOV Stanislav	BUL	SINGH Nitesh	IND	PTF	2:1
nairobi-u21-world-championships-2025	U21 Men -63kg	R64	201	BAMOUNI Mohali Aim	CIV	ABDELRAHMAN Yousif	SUD	PTF	2:0
nairobi-u21-world-championships-2025	U21 Men -63kg	R64	301	TLEULES Tamirlan	KAZ	PETRAKIS Nikolaos	GRE	PTF	2:0
nairobi-u21-world-championships-2025	U21 Men -63kg	R32	308	AYDOGAN Hamza Osma	TUR	BAMOUNI Mohali Aim	CIV	PTF	2:0
nairobi-u21-world-championships-2025	U21 Men -63kg	R32	408	RAMIREZ Mauricio	ECU	MINER Nathen	USA	PTF	2:0
nairobi-u21-world-championships-2025	U21 Men -63kg	R32	109	RAHNAMA Amirabbas	IRI	TOSSOU Benett Elvi	BEN	PTF	2:0
nairobi-u21-world-championships-2025	U21 Men -63kg	R32	209	HISHAM Ahmed	EGY	AMWANZO Lesley Our	KEN	PTF	2:0
nairobi-u21-world-championships-2025	U21 Men -63kg	R32	309	CAVUSMAN Emre	GER	MASSANO Goncalo	POR	PTF	2:0
nairobi-u21-world-championships-2025	U21 Men -63kg	R32	409	SANTIAGO Jose Dani	PUR	DE Nicolas	DOM	PTF	1:0
nairobi-u21-world-championships-2025	U21 Men -63kg	R32	110	JUNG Woo-hyeok	KOR	FERREIRA Kauan	BRA	PTF	2:0
nairobi-u21-world-championships-2025	U21 Men -63kg	R32	210	TLEULES Tamirlan	KAZ	YASER Omar	PLE		
nairobi-u21-world-championships-2025	U21 Men -63kg	R16	317	AYDOGAN Hamza Osma	TUR	RAMIREZ Mauricio	ECU	PTF	2:0
nairobi-u21-world-championships-2025	U21 Men -63kg	R16	417	RAHNAMA Amirabbas	IRI	HISHAM Ahmed	EGY	PTF	2:0
nairobi-u21-world-championships-2025	U21 Men -63kg	R16	118	SANTIAGO Jose Dani	PUR	CAVUSMAN Emre	GER	PTF	2:1
nairobi-u21-world-championships-2025	U21 Men -63kg	R16	218	TLEULES Tamirlan	KAZ	JUNG Woo-hyeok	KOR	PTF	2:0
nairobi-u21-world-championships-2025	U21 Men -63kg	QF	122	AYDOGAN Hamza Osma	TUR	RAHNAMA Amirabbas	IRI	PTF	2:0
nairobi-u21-world-championships-2025	U21 Men -63kg	QF	222	TLEULES Tamirlan	KAZ	SANTIAGO Jose Dani	PUR	PTF	2:0
nairobi-u21-world-championships-2025	U21 Men -63kg	SF	224	AYDOGAN Hamza Osma	TUR	TLEULES Tamirlan	KAZ	PTF	2:1
nairobi-u21-world-championships-2025	U21 Men -63kg	F	228	AYDOGAN Hamza Osma	TUR	MITKOV Stanislav	BUL	PTF	2:1
nairobi-u21-world-championships-2025	U21 Women -73kg	R32	402	ESPINOZA Matvelin	ECU	NIYOSINGE Aliya	RWA	PTF	2:0
nairobi-u21-world-championships-2025	U21 Women -73kg	R32	103	CHAHAL Aisha	AUS	MOKOPOTSA Shadi Re	BOT	PTF	2:0
nairobi-u21-world-championships-2025	U21 Women -73kg	R32	203	SHVEDKOVA Polina	AIN	LEWIS Kylie	USA	PTF	2:1
nairobi-u21-world-championships-2025	U21 Women -73kg	R16	312	UZUNCAVDAR Sude Ya	TUR	ESPINOZA Matvelin	ECU	PTF	2:0
nairobi-u21-world-championships-2025	U21 Women -73kg	R16	412	PETROVIC Iva	SRB	NTOVA Eirini	GRE	PTF	2:0
nairobi-u21-world-championships-2025	U21 Women -73kg	R16	113	MAKHMUTOVA Nazym	KAZ	CHAHAL Aisha	AUS	PTF	
nairobi-u21-world-championships-2025	U21 Women -73kg	R16	213	SHVEDKOVA Polina	AIN	NOWAK Julia	POL	PTF	2:0
nairobi-u21-world-championships-2025	U21 Women -73kg	QF	319	UZUNCAVDAR Sude Ya	TUR	PETROVIC Iva	SRB	PTF	2:0
nairobi-u21-world-championships-2025	U21 Women -73kg	QF	419	SHVEDKOVA Polina	AIN	MAKHMUTOVA Nazym	KAZ	PTF	2:1
nairobi-u21-world-championships-2025	U21 Women -73kg	SF	324	UZUNCAVDAR Sude Ya	TUR	SHVEDKOVA Polina	AIN	PTF	2:1
nairobi-u21-world-championships-2025	U21 Women -73kg	R32	303	PEZZO Giorgia	CAN	KAHAGI Cecilia Wan	KEN	PTF	2:0
nairobi-u21-world-championships-2025	U21 Women -73kg	R32	403	SAMY Malak	EGY	RHARSSI Marwa	MAR	PTF	2:0
nairobi-u21-world-championships-2025	U21 Women -73kg	R32	104	NOH Huiseung	KOR	BOHRA Priyanshi	IND	PTF	2:0
nairobi-u21-world-championships-2025	U21 Women -73kg	R16	313	MACKAY Ruby	GBR	PEZZO Giorgia	CAN	PTF	2:0
nairobi-u21-world-championships-2025	U21 Women -73kg	R16	413	SAMY Malak	EGY	GARCIA Helena	ESP	PTF	2:1
nairobi-u21-world-championships-2025	U21 Women -73kg	R16	114	DA Thaisa	BRA	RAMIREZ Alexia Nao	MEX	PTF	1:1
nairobi-u21-world-championships-2025	U21 Women -73kg	R16	214	LEE Ava Soon	HAI	NOH Huiseung	KOR	PTF	2:0
nairobi-u21-world-championships-2025	U21 Women -73kg	QF	120	SAMY Malak	EGY	MACKAY Ruby	GBR	PTF	2:0
nairobi-u21-world-championships-2025	U21 Women -73kg	QF	220	LEE Ava Soon	HAI	DA Thaisa	BRA	PTF	2:1
nairobi-u21-world-championships-2025	U21 Women -73kg	SF	225	LEE Ava Soon	HAI	SAMY Malak	EGY	PTF	2:0
nairobi-u21-world-championships-2025	U21 Women -73kg	F	229	UZUNCAVDAR Sude Ya	TUR	LEE Ava Soon	HAI	PTF	2:0
nairobi-u21-world-championships-2025	U21 Women -57kg	R32	204	REPOULIA Athanasia	GRE	DELGADO Andrea	PUR	PTF	2:0
nairobi-u21-world-championships-2025	U21 Women -57kg	R32	304	MOHAMMADI Hasti	IRI	REZAIE Roja	GER	PTF	2:0
nairobi-u21-world-championships-2025	U21 Women -57kg	R32	404	LEE Jessica Lynn	HAI	GUTTEDAR Manisha	IND	PTF	1:0
nairobi-u21-world-championships-2025	U21 Women -57kg	R32	105	STAMENKOVIC Teodor	SRB	VILATUNA Montserra	ECU	PTF	2:0
nairobi-u21-world-championships-2025	U21 Women -57kg	R32	205	ROCHA Liz	BRA	SOFIIA Plakhtii	ISR	PTF	2:0
nairobi-u21-world-championships-2025	U21 Women -57kg	R16	314	REPOULIA Athanasia	GRE	VITKO Yuliya	AIN	PTF	2:1
nairobi-u21-world-championships-2025	U21 Women -57kg	R16	414	MOHAMMADI Hasti	IRI	LEE Jessica Lynn	HAI	PTF	1:0
nairobi-u21-world-championships-2025	U21 Women -57kg	R16	115	LISOWSKA Nikol	POL	STAMENKOVIC Teodor	SRB	PTF	2:1
nairobi-u21-world-championships-2025	U21 Women -57kg	R16	215	DEHHAOUI Amina	MAR	ROCHA Liz	BRA	PTF	2:0
nairobi-u21-world-championships-2025	U21 Women -57kg	QF	320	MOHAMMADI Hasti	IRI	REPOULIA Athanasia	GRE	PTF	2:1
nairobi-u21-world-championships-2025	U21 Women -57kg	QF	420	DEHHAOUI Amina	MAR	LISOWSKA Nikol	POL	PTF	2:0
nairobi-u21-world-championships-2025	U21 Women -57kg	SF	322	DEHHAOUI Amina	MAR	MOHAMMADI Hasti	IRI	PTF	2:1
nairobi-u21-world-championships-2025	U21 Women -57kg	R32	305	SAMY Shahd	EGY	TRINA Wendy	KEN	PTF	2:0
nairobi-u21-world-championships-2025	U21 Women -57kg	R32	405	SESAR Carla	ESP	POTEMKINA Alisa	AIN	PTF	2:1
nairobi-u21-world-championships-2025	U21 Women -57kg	R32	106	KAHALIL Yasmin	AUS	GASHI Rona	KOS	PTF	2:1
nairobi-u21-world-championships-2025	U21 Women -57kg	R32	206	DURDU Eylul Mina	TUR	NEWSOME Kamdyn	USA	PTF	2:0
nairobi-u21-world-championships-2025	U21 Women -57kg	R16	315	SEVOSTYANOVA Mariy	KAZ	SAMY Shahd	EGY	PTF	2:0
nairobi-u21-world-championships-2025	U21 Women -57kg	R16	415	SESAR Carla	ESP	SMITH Teigan	GBR	PTF	2:1
nairobi-u21-world-championships-2025	U21 Women -57kg	R16	116	JIMENEZ Regina	MEX	KAHALIL Yasmin	AUS	PTF	2:0
nairobi-u21-world-championships-2025	U21 Women -57kg	R16	216	KHIRFAN Fadia	JOR	DURDU Eylul Mina	TUR	PTF	2:0
nairobi-u21-world-championships-2025	U21 Women -57kg	QF	121	SESAR Carla	ESP	SEVOSTYANOVA Mariy	KAZ	PTF	2:1
nairobi-u21-world-championships-2025	U21 Women -57kg	QF	221	KHIRFAN Fadia	JOR	JIMENEZ Regina	MEX	PTF	2:0
nairobi-u21-world-championships-2025	U21 Women -57kg	SF	223	SESAR Carla	ESP	KHIRFAN Fadia	JOR	PTF	2:0
nairobi-u21-world-championships-2025	U21 Women -57kg	F	227	DEHHAOUI Amina	MAR	SESAR Carla	ESP	PTF	2:0
nairobi-u21-world-championships-2025	U21 Men -74kg	R32	202	SINGH Rahul	IND	RIBEIRO Humberto V	BRA	PTF	2:0
nairobi-u21-world-championships-2025	U21 Men -74kg	R32	302	LALOAN Sean Jaylen	HAI	ADJITCHE Olushegun	BEN	PTF	2:0
nairobi-u21-world-championships-2025	U21 Men -74kg	R32	402	MILAN Juan Antonio	ESP	BASSIDI Mohammed	MAR	PTF	2:0
nairobi-u21-world-championships-2025	U21 Men -74kg	R32	103	ZEINALI Radin	IRI	GOGOBERIDZE Nika	GEO	PTF	2:0
nairobi-u21-world-championships-2025	U21 Men -74kg	R16	212	RODRIGUES Victor	USA	SINGH Rahul	IND	PTF	2:0
nairobi-u21-world-championships-2025	U21 Men -74kg	R16	312	LALOAN Sean Jaylen	HAI	KORSAK Mykhailo	UKR	PTF	2:0
nairobi-u21-world-championships-2025	U21 Men -74kg	R16	412	MILAN Juan Antonio	ESP	SAHITI Mal	KOS	PTF	2:0
nairobi-u21-world-championships-2025	U21 Men -74kg	R16	113	ZEINALI Radin	IRI	BEKASSYL Yergesh	KAZ	PTF	2:0
nairobi-u21-world-championships-2025	U21 Men -74kg	QF	220	RODRIGUES Victor	USA	LALOAN Sean Jaylen	HAI	PTF	2:0
nairobi-u21-world-championships-2025	U21 Men -74kg	QF	320	ZEINALI Radin	IRI	MILAN Juan Antonio	ESP	PTF	2:0
nairobi-u21-world-championships-2025	U21 Men -74kg	SF	227	ZEINALI Radin	IRI	RODRIGUES Victor	USA	PTF	2:1
nairobi-u21-world-championships-2025	U21 Men -74kg	R32	203	AKHTAEV Muslim	AIN	MBAGAYA Philip Pen	KEN	PTF	2:0
nairobi-u21-world-championships-2025	U21 Men -74kg	R32	303	HAMDI Mohamed Aziz	TUN	BURUSIC Marko	SRB	PTF	2:0
nairobi-u21-world-championships-2025	U21 Men -74kg	R32	403	ABONGNI Yao Ariel	CIV	RUIZ Angel Cristob	MEX	PTF	3:0
nairobi-u21-world-championships-2025	U21 Men -74kg	R32	104	BARKOF Alexandros	GRE	ORCHARD Lachlan	AUS	PTF	2:0
nairobi-u21-world-championships-2025	U21 Men -74kg	R16	213	KORPE Omer Furkan	TUR	AKHTAEV Muslim	AIN	PTF	2:1
nairobi-u21-world-championships-2025	U21 Men -74kg	R16	313	HAMDI Mohamed Aziz	TUN	HOLLAND Edward	SLE	PTF	2:0
nairobi-u21-world-championships-2025	U21 Men -74kg	R16	413	ABONGNI Yao Ariel	CIV	BABAKHIN Artsiom	AIN	PTF	2:1
nairobi-u21-world-championships-2025	U21 Men -74kg	R16	114	HUSIC Benjamin	BIH	BARKOF Alexandros	GRE	PTF	2:0
nairobi-u21-world-championships-2025	U21 Men -74kg	QF	420	KORPE Omer Furkan	TUR	HAMDI Mohamed Aziz	TUN	PTF	2:0
nairobi-u21-world-championships-2025	U21 Men -74kg	QF	121	HUSIC Benjamin	BIH	ABONGNI Yao Ariel	CIV	PTF	2:0
nairobi-u21-world-championships-2025	U21 Men -74kg	SF	327	KORPE Omer Furkan	TUR	HUSIC Benjamin	BIH	PTF	2:0
nairobi-u21-world-championships-2025	U21 Men -74kg	F	231	ZEINALI Radin	IRI	KORPE Omer Furkan	TUR	PTF	2:1
nairobi-u21-world-championships-2025	U21 Men -54kg	R64	101	MUCYO Ivan Iraduku	RWA	HASSAN Souheb	DJI	PTF	2:1
nairobi-u21-world-championships-2025	U21 Men -54kg	R64	201	NASR Nadim	LBN	OGURE George Willi	KEN	PTF	2:0
nairobi-u21-world-championships-2025	U21 Men -54kg	R64	301	MEDEDJI Abondance	BEN	BYIRINGIRO Pascal	TRT	PTF	2:0
nairobi-u21-world-championships-2025	U21 Men -54kg	R32	208	SEO Eunsu	KOR	MUCYO Ivan Iraduku	RWA	PTF	2:0
nairobi-u21-world-championships-2025	U21 Men -54kg	R32	308	MER Ankit	IND	YELALDI Kaan	TUR	PTF	2:0
nairobi-u21-world-championships-2025	U21 Men -54kg	R32	408	OTERO Javier	ESP	RAMOS. Brandon	PUR	PTF	2:0
nairobi-u21-world-championships-2025	U21 Men -54kg	R32	109	DE Moises	DOM	GARCIA Noah	POR	PTF	2:1
nairobi-u21-world-championships-2025	U21 Men -54kg	R32	209	GUN Youngsuk Ethan	USA	NASR Nadim	LBN	PTF	2:0
nairobi-u21-world-championships-2025	U21 Men -54kg	R32	309	GARCIA Angelberto	MEX	LAGUEMVARE K Youss	BUR	PTF	2:1
nairobi-u21-world-championships-2025	U21 Men -54kg	R32	409	BALAKHNEEV Dmitriy	AIN	KAZLOU Aliaksandr	AIN	PTF	2:0
nairobi-u21-world-championships-2025	U21 Men -54kg	R32	110	GEORGIEV Hristiyan	BUL	MEDEDJI Abondance	BEN	PTF	2:0
nairobi-u21-world-championships-2025	U21 Men -54kg	R16	218	MER Ankit	IND	SEO Eunsu	KOR	PTF	2:1
nairobi-u21-world-championships-2025	U21 Men -54kg	R16	318	OTERO Javier	ESP	DE Moises	DOM	PTF	2:0
nairobi-u21-world-championships-2025	U21 Men -54kg	R16	418	GUN Youngsuk Ethan	USA	GARCIA Angelberto	MEX	PTF	2:0
nairobi-u21-world-championships-2025	U21 Men -54kg	R16	119	GEORGIEV Hristiyan	BUL	BALAKHNEEV Dmitriy	AIN	PTF	2:0
nairobi-u21-world-championships-2025	U21 Men -54kg	QF	223	MER Ankit	IND	OTERO Javier	ESP	PTF	2:0
nairobi-u21-world-championships-2025	U21 Men -54kg	QF	323	GEORGIEV Hristiyan	BUL	GUN Youngsuk Ethan	USA	PTF	2:1
nairobi-u21-world-championships-2025	U21 Men -54kg	SF	225	MER Ankit	IND	GEORGIEV Hristiyan	BUL	PTF	2:0
nairobi-u21-world-championships-2025	U21 Men -54kg	R64	401	HARRISON Mason	AUS	MERY Byron	ECU	PTF	2:0
nairobi-u21-world-championships-2025	U21 Men -54kg	R64	102	ACHMAD Raihan	INA	ARON Oloya	UGA	PTF	2:0
nairobi-u21-world-championships-2025	U21 Men -54kg	R32	210	ALDAOUD Ja'afar	JOR	HARRISON Mason	AUS	PTF	2:0
nairobi-u21-world-championships-2025	U21 Men -54kg	R32	310	RAZMIAN Mehdi	IRI	ZYWARSKI Filip	POL	PTF	2:0
nairobi-u21-world-championships-2025	U21 Men -54kg	R32	410	AL Nibras	OMA	HANAFY Fayez	EST	PTF	2:0
nairobi-u21-world-championships-2025	U21 Men -54kg	R32	111	GILLIARD Matheus	BRA	MANSUR Raz	ISR	PTF	2:0
nairobi-u21-world-championships-2025	U21 Men -54kg	R32	211	ALESIO Mathis	FRA	PORTILLO Alexander	CAN	PTF	2:0
nairobi-u21-world-championships-2025	U21 Men -54kg	R32	311	ALMUSHRAF Abdullah	KSA	ZOGHLAMI Mohamed A	TUN	PTF	2:0
nairobi-u21-world-championships-2025	U21 Men -54kg	R32	411	YENSEGENOV Yerkebu	KAZ	JOUAD Majd	MAR	PTF	2:0
nairobi-u21-world-championships-2025	U21 Men -54kg	R32	112	ASEM Moataz Bellah	EGY	ACHMAD Raihan	INA	PTF	2:0
nairobi-u21-world-championships-2025	U21 Men -54kg	R16	219	ALDAOUD Ja'afar	JOR	RAZMIAN Mehdi	IRI	PTF	2:1
nairobi-u21-world-championships-2025	U21 Men -54kg	R16	319	AL Nibras	OMA	GILLIARD Matheus	BRA	PTF	2:0
nairobi-u21-world-championships-2025	U21 Men -54kg	R16	419	ALMUSHRAF Abdullah	KSA	ALESIO Mathis	FRA	PTF	2:1
nairobi-u21-world-championships-2025	U21 Men -54kg	R16	120	ASEM Moataz Bellah	EGY	YENSEGENOV Yerkebu	KAZ	PTF	2:0
nairobi-u21-world-championships-2025	U21 Men -54kg	QF	423	ALDAOUD Ja'afar	JOR	AL Nibras	OMA	PTF	2:0
nairobi-u21-world-championships-2025	U21 Men -54kg	QF	124	ASEM Moataz Bellah	EGY	ALMUSHRAF Abdullah	KSA	PTF	2:1
nairobi-u21-world-championships-2025	U21 Men -54kg	SF	325	ASEM Moataz Bellah	EGY	ALDAOUD Ja'afar	JOR	PTF	2:1
nairobi-u21-world-championships-2025	U21 Men -54kg	F	229	ASEM Moataz Bellah	EGY	MER Ankit	IND	PTF	2:0
nairobi-u21-world-championships-2025	U21 Women -67kg	R32	204	NAVITSKAIA Darya	AIN	CETINEL Ceren	TUR	PTF	2:1
nairobi-u21-world-championships-2025	U21 Women -67kg	R32	304	CLARK Mila	AUS	KHAN Sania	IND	PTF	2:0
nairobi-u21-world-championships-2025	U21 Women -67kg	R32	404	ĐOKOVIĆ Ines	SRB	UNIAT Debora	BRA	PTF	2:0
nairobi-u21-world-championships-2025	U21 Women -67kg	R16	214	NAVITSKAIA Darya	AIN	MORENO Lena	ESP	PTF	2:0
nairobi-u21-world-championships-2025	U21 Women -67kg	R16	314	SKAPROVSKA Valerii	AIN	PAVLENKO Alisa	UKR	PTF	2:0
nairobi-u21-world-championships-2025	U21 Women -67kg	R16	414	CLARK Mila	AUS	TOMCZAK Tatiana	POL	PTF	2:0
nairobi-u21-world-championships-2025	U21 Women -67kg	R16	115	BERISAJ Andrea	MNE	ĐOKOVIĆ Ines	SRB	PTF	2:0
nairobi-u21-world-championships-2025	U21 Women -67kg	QF	221	SKAPROVSKA Valerii	AIN	NAVITSKAIA Darya	AIN	PTF	2:0
nairobi-u21-world-championships-2025	U21 Women -67kg	QF	321	BERISAJ Andrea	MNE	CLARK Mila	AUS	PTF	2:1
nairobi-u21-world-championships-2025	U21 Women -67kg	SF	226	SKAPROVSKA Valerii	AIN	BERISAJ Andrea	MNE	PTF	2:0
nairobi-u21-world-championships-2025	U21 Women -67kg	R32	105	BEN-YOUNESSSE Souf	MAR	MWECHANDE Selina Z	KEN	PTF	2:0
nairobi-u21-world-championships-2025	U21 Women -67kg	R32	205	CAICEDO Mayte Denn	ECU	XXXX Xxxxx	MEX	PTF	2:1
nairobi-u21-world-championships-2025	U21 Women -67kg	R32	305	KRAMOH Courtney	GBR	NAIMANBAYEVA Aruzh	KAZ	PTF	2:1
nairobi-u21-world-championships-2025	U21 Women -67kg	R16	215	KWAK Min-ju	KOR	BEN-YOUNESSSE Souf	MAR	PTF	2:0
nairobi-u21-world-championships-2025	U21 Women -67kg	R16	315	MORADI Saghar	IRI	CAICEDO Mayte Denn	ECU	PTF	2:0
nairobi-u21-world-championships-2025	U21 Women -67kg	R16	415	CHUA Chloe	USA	LUKIC Maya	CAN	PTF	2:0
nairobi-u21-world-championships-2025	U21 Women -67kg	R16	116	MARENTAKI Styliani	GRE	KRAMOH Courtney	GBR	PTF	2:0
nairobi-u21-world-championships-2025	U21 Women -67kg	QF	421	KWAK Min-ju	KOR	MORADI Saghar	IRI	PTF	2:0
nairobi-u21-world-championships-2025	U21 Women -67kg	QF	122	MARENTAKI Styliani	GRE	CHUA Chloe	USA	PTF	2:0
nairobi-u21-world-championships-2025	U21 Women -67kg	SF	326	KWAK Min-ju	KOR	MARENTAKI Styliani	GRE	PTF	2:0
nairobi-u21-world-championships-2025	U21 Women -67kg	F	230	KWAK Min-ju	KOR	SKAPROVSKA Valerii	AIN	PTF	2:0
nairobi-u21-world-championships-2025	U21 Women -53kg	R32	405	GUANGA Miley Domen	ECU	MONTANEZ Sofia	MEX	PTF	2:1
nairobi-u21-world-championships-2025	U21 Women -53kg	R32	106	UZUNCAVDAR Sila Ir	TUR	DOCK Alice Stacy	KEN	PTF	2:0
nairobi-u21-world-championships-2025	U21 Women -53kg	R32	206	SUNDETBAY Aidana	KAZ	DUARTE Lara	POR	PTF	2:0
nairobi-u21-world-championships-2025	U21 Women -53kg	R32	306	SHUMSKY Sofia	USA	BAEZ Sofia	PUR	PTF	2:0
nairobi-u21-world-championships-2025	U21 Women -53kg	R32	406	LEVAKOVA Veronika	AIN	NYANDENG Rebecca	TRT	PTF	2:0
nairobi-u21-world-championships-2025	U21 Women -53kg	R16	216	KHATTAB Jana	EGY	GUANGA Miley Domen	ECU	PTF	2:0
nairobi-u21-world-championships-2025	U21 Women -53kg	R16	316	UZUNCAVDAR Sila Ir	TUR	SUNDETBAY Aidana	KAZ	PTF	2:0
nairobi-u21-world-championships-2025	U21 Women -53kg	R16	416	KLAKALA Magdalini	GRE	SHUMSKY Sofia	USA	PTF	2:0
nairobi-u21-world-championships-2025	U21 Women -53kg	R16	117	LEVAKOVA Veronika	AIN	BENETTI Ines	FRA	PTF	2:0
nairobi-u21-world-championships-2025	U21 Women -53kg	QF	222	UZUNCAVDAR Sila Ir	TUR	KHATTAB Jana	EGY	PTF	2:1
nairobi-u21-world-championships-2025	U21 Women -53kg	QF	322	KLAKALA Magdalini	GRE	LEVAKOVA Veronika	AIN	PTF	2:1
nairobi-u21-world-championships-2025	U21 Women -53kg	SF	224	UZUNCAVDAR Sila Ir	TUR	KLAKALA Magdalini	GRE	PTF	2:0
nairobi-u21-world-championships-2025	U21 Women -53kg	R32	107	ENNAMS Meryem	MAR	KEITA Natenin	CIV	PTF	2:1
nairobi-u21-world-championships-2025	U21 Women -53kg	R32	207	RAJA Xena Dipesh	IND	KINGSLEY Lily	GBR	PTF	2:0
nairobi-u21-world-championships-2025	U21 Women -53kg	R32	307	VIGDOR Ariel	ISR	MASIELLO Giuliana	AUS	PTF	2:1
nairobi-u21-world-championships-2025	U21 Women -53kg	R32	407	KARABELEVA Erika	BUL	MESKO Milina	AIN	PTF	2:0
nairobi-u21-world-championships-2025	U21 Women -53kg	R32	108	KIM Siwoo	KOR	PEDROZO Beatriz	BRA	PTF	2:0
nairobi-u21-world-championships-2025	U21 Women -53kg	R16	217	NEMATZADEH Mobina	IRI	ENNAMS Meryem	MAR	PTF	2:0
nairobi-u21-world-championships-2025	U21 Women -53kg	R16	317	ASIMI Adiba	GER	RAJA Xena Dipesh	IND	PTF	2:0
nairobi-u21-world-championships-2025	U21 Women -53kg	R16	417	KARABELEVA Erika	BUL	VIGDOR Ariel	ISR	PTF	2:0
nairobi-u21-world-championships-2025	U21 Women -53kg	R16	118	AVDAGIC Ada	BIH	KIM Siwoo	KOR	PTF	2:0
nairobi-u21-world-championships-2025	U21 Women -53kg	QF	422	NEMATZADEH Mobina	IRI	ASIMI Adiba	GER	PTF	2:0
nairobi-u21-world-championships-2025	U21 Women -53kg	QF	123	AVDAGIC Ada	BIH	KARABELEVA Erika	BUL	PTF	2:0
nairobi-u21-world-championships-2025	U21 Women -53kg	SF	324	NEMATZADEH Mobina	IRI	AVDAGIC Ada	BIH	PTF	2:0
nairobi-u21-world-championships-2025	U21 Women -53kg	F	228	NEMATZADEH Mobina	IRI	UZUNCAVDAR Sila Ir	TUR	PTF	2:1
nairobi-u21-world-championships-2025	U21 Men -87kg	R16	407	ALIZADEH Mohammad	IRI	RADAKOVIĆ Ognjen	SRB	PTF	2:0
nairobi-u21-world-championships-2025	U21 Men -87kg	R16	108	RODRIGUES Henrique	BRA	SENOL Yusuf	TUR	PTF	2:0
nairobi-u21-world-championships-2025	U21 Men -87kg	R16	208	YURKOU Daniil	AIN	KUMAR Abhishek	IND	PTF	2:0
nairobi-u21-world-championships-2025	U21 Men -87kg	QF	315	ALIZADEH Mohammad	IRI	TROITINO Sergio	ESP	PTF	2:1
nairobi-u21-world-championships-2025	U21 Men -87kg	QF	415	RODRIGUES Henrique	BRA	YURKOU Daniil	AIN	PTF	2:0
nairobi-u21-world-championships-2025	U21 Men -87kg	SF	322	ALIZADEH Mohammad	IRI	RODRIGUES Henrique	BRA	PTF	2:1
nairobi-u21-world-championships-2025	U21 Men -87kg	R16	308	STEWART Jobe	AUS	DOMINGUEZ Diego	USA	PTF	2:1
nairobi-u21-world-championships-2025	U21 Men -87kg	R16	408	TOLEUGALI Batyrkha	KAZ	DOMPAS Fotios	GRE	PTF	2:0
nairobi-u21-world-championships-2025	U21 Men -87kg	R16	109	BUDIN Vladislav	AIN	GONZALEZ Julio Oct	MEX	PTF	2:1
nairobi-u21-world-championships-2025	U21 Men -87kg	R16	209	MEHNANA Nahil	FRA	FRANK Odegi	KEN	PTF	2:0
nairobi-u21-world-championships-2025	U21 Men -87kg	QF	116	TOLEUGALI Batyrkha	KAZ	STEWART Jobe	AUS	PTF	2:0
nairobi-u21-world-championships-2025	U21 Men -87kg	QF	216	BUDIN Vladislav	AIN	MEHNANA Nahil	FRA	PTF	2:1
nairobi-u21-world-championships-2025	U21 Men -87kg	SF	223	TOLEUGALI Batyrkha	KAZ	BUDIN Vladislav	AIN	PTF	2:0
nairobi-u21-world-championships-2025	U21 Men -87kg	F	227	TOLEUGALI Batyrkha	KAZ	ALIZADEH Mohammad	IRI	PTF	2:0
nairobi-u21-world-championships-2025	U21 Men -68kg	R32	101	FERREIRA Joao Vito	BRA	AVIDAN Ben	ISR	PTF	1:0
nairobi-u21-world-championships-2025	U21 Men -68kg	R32	201	MUN Jinho	KOR	KOUADIO Yao Bernar	CIV	PTF	2:0
nairobi-u21-world-championships-2025	U21 Men -68kg	R32	301	DJONKO Muhamed	BIH	ROUAHI Ahmed	TUN	PTF	2:0
nairobi-u21-world-championships-2025	U21 Men -68kg	R32	401	SALANOVA Adrian	ESP	HOUSSEIN Kalid	DJI	PTF	2:0
nairobi-u21-world-championships-2025	U21 Men -68kg	R32	102	KAMAGIANNIS Ioanni	GRE	ZIAD Diaa	PLE	PTF	2:0
nairobi-u21-world-championships-2025	U21 Men -68kg	R32	202	AL Hamzeh	JOR	ALMADAWI Mohammed	KSA	PTF	2:0
nairobi-u21-world-championships-2025	U21 Men -68kg	R32	302	MUHAMMAD Omar	EGY	KANE Dieudonne	BUR	PTF	2:0
nairobi-u21-world-championships-2025	U21 Men -68kg	R16	309	FERREIRA Joao Vito	BRA	RODRIGUEZ Maikol	USA	PTF	2:0
nairobi-u21-world-championships-2025	U21 Men -68kg	R16	409	MUN Jinho	KOR	DJONKO Muhamed	BIH	PTF	2:0
nairobi-u21-world-championships-2025	U21 Men -68kg	R16	110	SALANOVA Adrian	ESP	KAMAGIANNIS Ioanni	GRE	PTF	2:0
nairobi-u21-world-championships-2025	U21 Men -68kg	R16	210	MUHAMMAD Omar	EGY	AL Hamzeh	JOR	PTF	2:1
nairobi-u21-world-championships-2025	U21 Men -68kg	QF	316	MUN Jinho	KOR	FERREIRA Joao Vito	BRA	PTF	2:1
nairobi-u21-world-championships-2025	U21 Men -68kg	QF	416	MUHAMMAD Omar	EGY	SALANOVA Adrian	ESP	PTF	2:1
nairobi-u21-world-championships-2025	U21 Men -68kg	SF	320	MUN Jinho	KOR	MUHAMMAD Omar	EGY	PTF	2:0
nairobi-u21-world-championships-2025	U21 Men -68kg	R32	402	KRAJISNIK Zarko	SRB	ELVIS Juma	KEN	PTF	2:0
nairobi-u21-world-championships-2025	U21 Men -68kg	R32	103	LUKICHEV Pavel	AIN	MYLLYNEN Niko	FIN	PTF	2:0
nairobi-u21-world-championships-2025	U21 Men -68kg	R32	203	REZAEI Matin	IRI	KHOMANI Reda	MAR	PTF	1:0
nairobi-u21-world-championships-2025	U21 Men -68kg	R32	303	FINDZIUKEVICH Ivan	AIN	STAMENOV Stefan	BUL	PTF	2:0
nairobi-u21-world-championships-2025	U21 Men -68kg	R32	403	CHRZANOWSKI Mateus	POL	SAHIL Sahil	IND	PTF	2:0
nairobi-u21-world-championships-2025	U21 Men -68kg	R32	104	YERMENTAYEV Arslan	KAZ	NIKOLOVSKI Xavier	AUS	PTF	2:1
nairobi-u21-world-championships-2025	U21 Men -68kg	R32	204	ALZGHOOL Muhammad	CAN	GOMEZ Leonardo	MEX	PTF	2:0
nairobi-u21-world-championships-2025	U21 Men -68kg	R16	310	LUKICHEV Pavel	AIN	KRAJISNIK Zarko	SRB	PTF	2:0
nairobi-u21-world-championships-2025	U21 Men -68kg	R16	410	REZAEI Matin	IRI	FINDZIUKEVICH Ivan	AIN	PTF	2:0
nairobi-u21-world-championships-2025	U21 Men -68kg	R16	111	CHRZANOWSKI Mateus	POL	YERMENTAYEV Arslan	KAZ	PTF	2:0
nairobi-u21-world-championships-2025	U21 Men -68kg	R16	211	ERER Berkay	TUR	ALZGHOOL Muhammad	CAN	PTF	2:0
nairobi-u21-world-championships-2025	U21 Men -68kg	QF	117	REZAEI Matin	IRI	LUKICHEV Pavel	AIN	PTF	2:0
nairobi-u21-world-championships-2025	U21 Men -68kg	QF	217	ERER Berkay	TUR	CHRZANOWSKI Mateus	POL	PTF	2:0
nairobi-u21-world-championships-2025	U21 Men -68kg	SF	221	ERER Berkay	TUR	REZAEI Matin	IRI	PTF	2:1
nairobi-u21-world-championships-2025	U21 Men -68kg	F	225	ERER Berkay	TUR	MUN Jinho	KOR	PTF	2:0
nairobi-u21-world-championships-2025	U21 Women -62kg	R32	304	ASKAR Ayaulym	KAZ	DARATZI Anastasia	GRE	PTF	2:0
nairobi-u21-world-championships-2025	U21 Women -62kg	R32	404	DE Rafaella	BRA	GNIEDZIEJKO Jessic	USA	PTF	2:0
nairobi-u21-world-championships-2025	U21 Women -62kg	R32	105	KARABULUT Beyza	TUR	KUR Dorkus Akeer	TRT	PTF	2:0
nairobi-u21-world-championships-2025	U21 Women -62kg	R32	205	BANNOVA Anastasiia	AIN	RODRIGUEZ Karla Le	MEX	PTF	1:0
nairobi-u21-world-championships-2025	U21 Women -62kg	R16	311	WAFA Masghouni	TUN	ASKAR Ayaulym	KAZ	PTF	2:0
nairobi-u21-world-championships-2025	U21 Women -62kg	R16	411	DE Rafaella	BRA	LEE Gaeun	KOR	PTF	2:0
nairobi-u21-world-championships-2025	U21 Women -62kg	R16	112	ALRAWASHDEH Razan	JOR	KARABULUT Beyza	TUR	PTF	2:1
nairobi-u21-world-championships-2025	U21 Women -62kg	R16	212	BANNOVA Anastasiia	AIN	SZPAK Julia	POL	PTF	2:1
nairobi-u21-world-championships-2025	U21 Women -62kg	QF	317	WAFA Masghouni	TUN	DE Rafaella	BRA	PTF	2:0
nairobi-u21-world-championships-2025	U21 Women -62kg	QF	417	BANNOVA Anastasiia	AIN	ALRAWASHDEH Razan	JOR	PTF	2:0
nairobi-u21-world-championships-2025	U21 Women -62kg	SF	321	WAFA Masghouni	TUN	BANNOVA Anastasiia	AIN	PTF	1:0
nairobi-u21-world-championships-2025	U21 Women -62kg	R32	305	DJE Nouria Amenan	CIV	CHAUDHARY Vaishnav	IND	PTF	2:0
nairobi-u21-world-championships-2025	U21 Women -62kg	R32	405	MCPHILLIE Neve	GBR	ISSABELA Anyeko	UGA	PTF	2:0
nairobi-u21-world-championships-2025	U21 Women -62kg	R32	106	SMYCHKOVA Valeryia	AIN	AROGO Sophy Clay	KEN	PTF	2:0
nairobi-u21-world-championships-2025	U21 Women -62kg	R32	206	MAHMOUD Nadine	EGY	DAGBA Cybellina Ma	BEN	PTF	1:0
nairobi-u21-world-championships-2025	U21 Women -62kg	R16	312	BREWSTER Ella	CAN	DJE Nouria Amenan	CIV	PTF	2:0
nairobi-u21-world-championships-2025	U21 Women -62kg	R16	412	MCPHILLIE Neve	GBR	MARIC Ela	SRB	PTF	2:0
nairobi-u21-world-championships-2025	U21 Women -62kg	R16	113	SECANELL Elsa	ESP	SMYCHKOVA Valeryia	AIN	PTF	2:0
nairobi-u21-world-championships-2025	U21 Women -62kg	R16	213	BLEWITT Gabriella	AUS	MAHMOUD Nadine	EGY	PTF	2:1
nairobi-u21-world-championships-2025	U21 Women -62kg	QF	118	BREWSTER Ella	CAN	MCPHILLIE Neve	GBR	PTF	2:0
nairobi-u21-world-championships-2025	U21 Women -62kg	QF	218	SECANELL Elsa	ESP	BLEWITT Gabriella	AUS	PTF	2:0
nairobi-u21-world-championships-2025	U21 Women -62kg	SF	222	SECANELL Elsa	ESP	BREWSTER Ella	CAN	PTF	2:1
nairobi-u21-world-championships-2025	U21 Women -62kg	F	226	WAFA Masghouni	TUN	SECANELL Elsa	ESP	PTF	2:0
nairobi-u21-world-championships-2025	U21 Women -46kg	R32	306	ALERS Alannis Mich	PUR	ZHELEU Akbota	KAZ	PTF	2:0
nairobi-u21-world-championships-2025	U21 Women -46kg	R32	406	FATIMA Bensaid	MAR	KATUKU Bridgit Luc	KEN	PTF	2:0
nairobi-u21-world-championships-2025	U21 Women -46kg	R32	107	SILUE Mariam Rahma	CIV	MOHAMMED Shahd Saa	IRQ	PTF	2:0
nairobi-u21-world-championships-2025	U21 Women -46kg	R16	313	SILVA Julia	BRA	ALERS Alannis Mich	PUR	PTF	2:1
nairobi-u21-world-championships-2025	U21 Women -46kg	R16	413	. Vaishnave	IND	TORRES Ayleen	USA	PTF	2:1
nairobi-u21-world-championships-2025	U21 Women -46kg	R16	114	LEE Yumin	KOR	FATIMA Bensaid	MAR	PTF	2:0
nairobi-u21-world-championships-2025	U21 Women -46kg	R16	214	SILUE Mariam Rahma	CIV	ALKHAWAHR Rahmah A	KSA	PTF	2:0
nairobi-u21-world-championships-2025	U21 Women -46kg	QF	318	SILVA Julia	BRA	. Vaishnave	IND	PTF	2:0
nairobi-u21-world-championships-2025	U21 Women -46kg	QF	418	LEE Yumin	KOR	SILUE Mariam Rahma	CIV	PTF	2:0
nairobi-u21-world-championships-2025	U21 Women -46kg	SF	319	LEE Yumin	KOR	SILVA Julia	BRA	PTF	2:0
nairobi-u21-world-championships-2025	U21 Women -46kg	R32	207	KARIMI Sayna	IRI	IRATUZI Kevine	RWA	PTF	2:0
nairobi-u21-world-championships-2025	U21 Women -46kg	R32	307	ALI Hanin	EGY	GONZALEZ Adriana M	MEX	PTF	2:0
nairobi-u21-world-championships-2025	U21 Women -46kg	R16	314	KARIMI Sayna	IRI	CHOI Etta	GBR	PTF	2:0
nairobi-u21-world-championships-2025	U21 Women -46kg	R16	414	ANGELOVA Alisa	AIN	KRAJEWSKA Nikola	POL	PTF	2:0
nairobi-u21-world-championships-2025	U21 Women -46kg	R16	115	PAPADOPOULOU Vasil	GRE	GULIYEVA Salima	AZE	PTF	2:0
nairobi-u21-world-championships-2025	U21 Women -46kg	R16	215	BRAJOVIC Iva	SRB	ALI Hanin	EGY	PTF	2:0
nairobi-u21-world-championships-2025	U21 Women -46kg	QF	119	ANGELOVA Alisa	AIN	KARIMI Sayna	IRI	PTF	2:0
nairobi-u21-world-championships-2025	U21 Women -46kg	QF	219	PAPADOPOULOU Vasil	GRE	BRAJOVIC Iva	SRB	PTF	2:0
nairobi-u21-world-championships-2025	U21 Women -46kg	SF	220	ANGELOVA Alisa	AIN	PAPADOPOULOU Vasil	GRE	PTF	2:0
nairobi-u21-world-championships-2025	U21 Women -46kg	F	224	ANGELOVA Alisa	AIN	LEE Yumin	KOR	PTF	2:1
canada-open-2026	Senior Men -87kg	QF	420	GONZALEZ Gabriel	CRC	CECIL Chaney	USA	PTF	2:0
canada-open-2026	Senior Men -87kg	QF	421	KRUEGER Scott	USA	OSORIO Yesid F.	PUR	PTF	2:1
canada-open-2026	Senior Men -87kg	SF	426	GONZALEZ Gabriel	CRC	KRUEGER Scott	USA	WDR	1:0
canada-open-2026	Senior Men -87kg	QF	422	XXXXX Xxxx	PER	SEJRANOVIC Leon	AUS	WDR	
canada-open-2026	Senior Men -87kg	QF	423	CORRO Thiago Joaqu	ARG	HUYNH Kevin	USA	PTF	2:0
canada-open-2026	Senior Men -87kg	SF	427	CORRO Thiago Joaqu	ARG	XXXXX Xxxx	PER	PTF	2:0
canada-open-2026	Senior Men -87kg	F	429	CORRO Thiago Joaqu	ARG	GONZALEZ Gabriel	CRC	PTF	2:1
canada-open-2026	Senior Men -80kg	R16	518	KIMIYAGAR Jay Nile	IND	PARK Tae Ku	CAN	WDR	1:0
canada-open-2026	Senior Men -80kg	QF	523	HRGOTA Leon	CRO	KIMIYAGAR Jay Nile	IND	PTF	2:1
canada-open-2026	Senior Men -80kg	QF	524	FLORES Alejandro	CRC	MCLEAN Ethan	CAN	PTF	2:0
canada-open-2026	Senior Men -80kg	SF	529	HRGOTA Leon	CRO	FLORES Alejandro	CRC	PTF	2:0
canada-open-2026	Senior Men -80kg	QF	525	ROBLETO David	NCA	TAHRAOUI Yanis	FRA	PTF	2:0
canada-open-2026	Senior Men -80kg	QF	526	YOUNG Isaiah	USA	ALADE Joshua	USA	PTF	2:0
canada-open-2026	Senior Men -80kg	SF	530	YOUNG Isaiah	USA	ROBLETO David	NCA	PTF	2:0
canada-open-2026	Senior Men -80kg	F	532	YOUNG Isaiah	USA	HRGOTA Leon	CRO	PTF	2:1
canada-open-2026	Senior Men -74kg	R32	601	LAM Ka Hei Tank	HKG	AVETISOV Daniel Mi	USA	PTF	2:0
canada-open-2026	Senior Men -74kg	R32	602	BENITEZ Adrian	PUR	BACK Wyatt	USA	PTF	2:0
canada-open-2026	Senior Men -74kg	R32	603	JENKINS Ethan	CAN	TRAN Hung	USA	PTF	2:0
canada-open-2026	Senior Men -74kg	R16	607	RODRIGUES Victor	USA	LAM Ka Hei Tank	HKG	PTF	2:0
canada-open-2026	Senior Men -74kg	R16	608	SOTO Juan Jose	CRC	TAM Ching Nam	HKG	PTF	2:0
canada-open-2026	Senior Men -74kg	R16	609	BENITEZ Adrian	PUR	RAGHEB Taye	AUS	PTF	2:0
canada-open-2026	Senior Men -74kg	R16	610	JENKINS Ethan	CAN	DOYLE Ryan	IRL	PTF	2:0
canada-open-2026	Senior Men -74kg	QF	615	RODRIGUES Victor	USA	SOTO Juan Jose	CRC	PTF	2:0
canada-open-2026	Senior Men -74kg	QF	616	JENKINS Ethan	CAN	BENITEZ Adrian	PUR	PTF	2:0
canada-open-2026	Senior Men -74kg	SF	622	RODRIGUES Victor	USA	JENKINS Ethan	CAN	PTF	2:1
canada-open-2026	Senior Men -74kg	R32	604	PONTISSO Colby	CAN	A Aj	USA	PTF	2:0
canada-open-2026	Senior Men -74kg	R32	605	NIKOLOVSKI Xavier	AUS	WILSON Johann	TTO	PTF	2:0
canada-open-2026	Senior Men -74kg	R32	606	NDE Aurele Tcheh	CAN	KELLY Paraic	IRL	PTF	2:0
canada-open-2026	Senior Men -74kg	R16	611	KATOH Takato	JPN	PONTISSO Colby	CAN	PTF	2:0
canada-open-2026	Senior Men -74kg	R16	612	NIKOLOVSKI Xavier	AUS	SHANAFELT Noah	USA	PTF	2:1
canada-open-2026	Senior Men -74kg	R16	613	POLICELI Santino	ARG	LALOAN Sean Jaylen	HAI	PTF	2:0
canada-open-2026	Senior Men -74kg	R16	614	JORGENSEN Otto	DEN	NDE Aurele Tcheh	CAN	PTF	2:0
canada-open-2026	Senior Men -74kg	QF	617	KATOH Takato	JPN	NIKOLOVSKI Xavier	AUS	PTF	2:0
canada-open-2026	Senior Men -74kg	QF	618	JORGENSEN Otto	DEN	POLICELI Santino	ARG	PTF	2:1
canada-open-2026	Senior Men -74kg	SF	623	JORGENSEN Otto	DEN	KATOH Takato	JPN	PTF	2:0
canada-open-2026	Senior Men -74kg	F	626	RODRIGUES Victor	USA	JORGENSEN Otto	DEN	RSC	2:0
canada-open-2026	Senior Men -68kg	R32	801	LIN Jay	USA	- Sanchit	CAN	PTF	2:0
canada-open-2026	Senior Men -68kg	R32	802	WILCOX Sheldon	USA	CO Ethan	CAN	PTF	2:0
canada-open-2026	Senior Men -68kg	R32	803	CAI Chun Yee	HKG	SALAS Timothy	USA	PTF	2:1
canada-open-2026	Senior Men -68kg	R16	806	SOUZA Joao Victor	BRA	LIN Jay	USA	PTF	2:0
canada-open-2026	Senior Men -68kg	R16	807	PARK Braven	CAN	FABI Enzo	CAN	PTF	2:1
canada-open-2026	Senior Men -68kg	R16	808	WILCOX Sheldon	USA	YACOUBA Ismael	NIG	PTF	2:0
canada-open-2026	Senior Men -68kg	R16	809	TSURUOKA Rei	JPN	CAI Chun Yee	HKG	PTF	2:0
canada-open-2026	Senior Men -68kg	QF	816	SOUZA Joao Victor	BRA	PARK Braven	CAN	PTF	2:1
canada-open-2026	Senior Men -68kg	QF	817	TSURUOKA Rei	JPN	WILCOX Sheldon	USA	PTF	2:0
canada-open-2026	Senior Men -68kg	SF	824	SOUZA Joao Victor	BRA	TSURUOKA Rei	JPN	PTF	2:1
canada-open-2026	Senior Men -68kg	R32	804	PANOTES Jordan	USA	BENNETT Dylan	CAN	PTF	2:1
canada-open-2026	Senior Men -68kg	R32	805	PERRON Olivier	CAN	NAZARIO Edgardo	PUR	PTF	2:1
canada-open-2026	Senior Men -68kg	R16	810	ACUNA Jose Luis	ARG	PANOTES Jordan	USA	PTF	2:0
canada-open-2026	Senior Men -68kg	R16	811	TAYLOR Finn	CAN	THAI Nam	CAN	PTF	2:0
canada-open-2026	Senior Men -68kg	R16	812	SANTIAGO Jose Dani	PUR	LOPEZ Matias	URU	PTF	2:0
canada-open-2026	Senior Men -68kg	R16	813	BYSTROV Volodymyr	UKR	PERRON Olivier	CAN	PTF	2:0
canada-open-2026	Senior Men -68kg	QF	818	ACUNA Jose Luis	ARG	TAYLOR Finn	CAN	PTF	2:0
canada-open-2026	Senior Men -68kg	QF	819	BYSTROV Volodymyr	UKR	SANTIAGO Jose Dani	PUR	PTF	2:1
canada-open-2026	Senior Men -68kg	SF	825	BYSTROV Volodymyr	UKR	ACUNA Jose Luis	ARG	PTF	2:0
canada-open-2026	Senior Men -68kg	F	828	BYSTROV Volodymyr	UKR	SOUZA Joao Victor	BRA	PTF	2:0
canada-open-2026	Senior Men -63kg	R32	201	KLABER Joshua	ARU	PEREZ Erik	USA	PTF	2:1
canada-open-2026	Senior Men -63kg	R32	202	ALLEN Chris	USA	CHAN Hin Hang	HKG	PTF	2:0
canada-open-2026	Senior Men -63kg	R32	203	MINER Nathen	USA	AUCOIN Riley	CAN	PTF	2:0
canada-open-2026	Senior Men -63kg	R32	204	ALZGHOOL Almahdi	CAN	YANG Hwiseong	USA	PTF	2:0
canada-open-2026	Senior Men -63kg	R32	205	THOMAS Julius	USA	MAYNER Kevin	CAN	PTF	2:0
canada-open-2026	Senior Men -63kg	R16	211	SALIM Omar Gergely	HUN	KLABER Joshua	ARU	PTF	2:0
canada-open-2026	Senior Men -63kg	R16	212	ALLEN Chris	USA	MINER Nathen	USA	PTF	2:0
canada-open-2026	Senior Men -63kg	R16	213	SUMMERFIELD Matthe	AUS	ALZGHOOL Almahdi	CAN	PTF	2:0
canada-open-2026	Senior Men -63kg	R16	214	BARETTA Eduardo	BRA	THOMAS Julius	USA	PTF	2:0
canada-open-2026	Senior Men -63kg	QF	219	SALIM Omar Gergely	HUN	ALLEN Chris	USA	PTF	2:0
canada-open-2026	Senior Men -63kg	QF	220	SUMMERFIELD Matthe	AUS	BARETTA Eduardo	BRA	PTF	2:1
canada-open-2026	Senior Men -63kg	SF	223	SALIM Omar Gergely	HUN	SUMMERFIELD Matthe	AUS	PTF	2:0
canada-open-2026	Senior Men -63kg	R32	206	TATIANCHENKO Antho	CAN	YEREMYAN Styopa	USA	DSQ	1:0
canada-open-2026	Senior Men -63kg	R32	207	SALIM Sharif Gerge	HUN	OBEID Mahdi	CAN	PTF	2:0
canada-open-2026	Senior Men -63kg	R32	208	KIM Seung Ju	CAN	CHAN Chun Tin	HKG	PTF	2:1
canada-open-2026	Senior Men -63kg	R32	209	ALBA Juan-sebastia	CAN	BOMMERSBACH Jack	USA	PTF	2:0
canada-open-2026	Senior Men -63kg	R32	210	DHILLON Rowan	CAN	BIRD Mandan	USA	PTF	2:0
canada-open-2026	Senior Men -63kg	R16	215	TATIANCHENKO Antho	CAN	RAMOS Gabriel	BRA	PTF	2:0
canada-open-2026	Senior Men -63kg	R16	216	SALIM Sharif Gerge	HUN	CHAN Kin Fung	HKG	PTF	2:0
canada-open-2026	Senior Men -63kg	R16	217	ALBA Juan-sebastia	CAN	KIM Seung Ju	CAN	PTF	2:1
canada-open-2026	Senior Men -63kg	R16	218	MAEDA Hidetaka	JPN	DHILLON Rowan	CAN	PTF	2:0
canada-open-2026	Senior Men -63kg	QF	221	SALIM Sharif Gerge	HUN	TATIANCHENKO Antho	CAN	PTF	2:0
canada-open-2026	Senior Men -63kg	QF	222	MAEDA Hidetaka	JPN	ALBA Juan-sebastia	CAN	PTF	2:0
canada-open-2026	Senior Men -63kg	SF	224	MAEDA Hidetaka	JPN	SALIM Sharif Gerge	HUN	PTF	2:1
canada-open-2026	Senior Men -63kg	F	225	SALIM Omar Gergely	HUN	MAEDA Hidetaka	JPN	RSC	2:0
canada-open-2026	Senior Men -58kg	R32	401	MC Dominique	CRC	BUNHA Dev	CAN	PTF	2:0
canada-open-2026	Senior Men -58kg	R32	402	ESPINOLA Ignacio	ARG	ALOUBEADY Abd Alsa	USA	PTF	2:0
canada-open-2026	Senior Men -58kg	R32	403	PEREZ Zaid Yael	MEX	TAVAREZ Carlos	PUR	PTF	2:0
canada-open-2026	Senior Men -58kg	R16	408	HOEFLING Nicholas	CAN	MC Dominique	CRC	PTF	2:0
canada-open-2026	Senior Men -58kg	R16	409	RIOS Agustin	CHI	ONGGOSANUSI Clemen	VAN	PTF	1:0
canada-open-2026	Senior Men -58kg	R16	410	RODRIGUEZ Ilay	PUR	ESPINOLA Ignacio	ARG	PTF	2:1
canada-open-2026	Senior Men -58kg	R16	411	CUNNINGHAM William	USA	PEREZ Zaid Yael	MEX	PTF	2:0
canada-open-2026	Senior Men -58kg	QF	416	HOEFLING Nicholas	CAN	RIOS Agustin	CHI	PTF	2:0
canada-open-2026	Senior Men -58kg	QF	417	CUNNINGHAM William	USA	RODRIGUEZ Ilay	PUR	PTF	2:1
canada-open-2026	Senior Men -58kg	SF	424	CUNNINGHAM William	USA	HOEFLING Nicholas	CAN	PTF	2:1
canada-open-2026	Senior Men -58kg	R32	404	NORETTO Cole	USA	JAKOVAC Vito	IRL	PTF	2:0
canada-open-2026	Senior Men -58kg	R32	405	FLORES Christopher	USA	GAIRE Sonam	NEP	PTF	2:0
canada-open-2026	Senior Men -58kg	R32	406	BRINDAMOHAN Nithan	CAN	JEAN-BAPTISTE Greg	HAI	PTF	2:0
canada-open-2026	Senior Men -58kg	R32	407	HAUBRICH Dylan	USA	RHATOUSS Youssef	MAR	PTF	2:0
canada-open-2026	Senior Men -58kg	R16	412	CHIOK Chun Yin	HKG	NORETTO Cole	USA	PTF	2:1
canada-open-2026	Senior Men -58kg	R16	413	CARRILLO Joseph	USA	FLORES Christopher	USA	PTF	2:0
canada-open-2026	Senior Men -58kg	R16	414	BRINDAMOHAN Nithan	CAN	LEE Colin	USA	RSC	2:0
canada-open-2026	Senior Men -58kg	R16	415	MELO Paulo	BRA	HAUBRICH Dylan	USA	PTF	2:0
canada-open-2026	Senior Men -58kg	QF	418	CHIOK Chun Yin	HKG	CARRILLO Joseph	USA	PTF	2:0
canada-open-2026	Senior Men -58kg	QF	419	BRINDAMOHAN Nithan	CAN	MELO Paulo	BRA	PTF	2:0
canada-open-2026	Senior Men -58kg	SF	425	CHIOK Chun Yin	HKG	BRINDAMOHAN Nithan	CAN	RSC	2:0
canada-open-2026	Senior Men -58kg	F	428	CUNNINGHAM William	USA	CHIOK Chun Yin	HKG	PTF	2:1
canada-open-2026	Senior Men -54kg	R16	101	ARIAS Alejandro Jo	CRC	VASQUEZ Gaston	CHI	PTF	2:1
canada-open-2026	Senior Men -54kg	R16	102	ALFORQUE John Liev	CAN	OWEN Haddad	FRA	PTF	2:0
canada-open-2026	Senior Men -54kg	R16	103	RAMOS. Brandon	PUR	TURCOTTE Mylan	CAN	PTF	2:0
canada-open-2026	Senior Men -54kg	QF	114	DE Giovanni Aubin	BRA	ARIAS Alejandro Jo	CRC	PTF	2:0
canada-open-2026	Senior Men -54kg	QF	115	RAMOS. Brandon	PUR	ALFORQUE John Liev	CAN	RSC	1:1
canada-open-2026	Senior Men -54kg	SF	124	DE Giovanni Aubin	BRA	RAMOS. Brandon	PUR	PTF	2:0
canada-open-2026	Senior Men -54kg	R16	104	BANKS Robert	USA	BERUBE Maxime	CAN	PTF	2:1
canada-open-2026	Senior Men -54kg	R16	105	BERUBE Zachary	CAN	VOGEL Payton	USA	PTF	2:0
canada-open-2026	Senior Men -54kg	QF	116	LUCIANO Joaquin Pa	USA	BANKS Robert	USA	PTF	2:0
canada-open-2026	Senior Men -54kg	QF	117	CHAU Ngai Long	HKG	BERUBE Zachary	CAN	PTF	2:0
canada-open-2026	Senior Men -54kg	SF	125	CHAU Ngai Long	HKG	LUCIANO Joaquin Pa	USA	PTF	2:0
canada-open-2026	Senior Men -54kg	F	130	DE Giovanni Aubin	BRA	CHAU Ngai Long	HKG	PTF	2:0
canada-open-2026	Senior Men +87kg	R16	701	STEWART Jordan	CAN	SINCLAIR Ronan	CAN	RSC	2:0
canada-open-2026	Senior Men +87kg	QF	710	SANSORES Carlos	MEX	STEWART Jordan	CAN	PTF	2:0
canada-open-2026	Senior Men +87kg	QF	711	BAILEY Kelen	HUN	LEBEL Aubert	CAN	PTF	2:0
canada-open-2026	Senior Men +87kg	SF	718	BAILEY Kelen	HUN	SANSORES Carlos	MEX	PTF	2:1
canada-open-2026	Senior Men +87kg	R16	702	AMIRBEKYAN Hayk	CAN	GOLDBLATT Kai	USA	PTF	2:0
canada-open-2026	Senior Men +87kg	QF	712	CARLO Nicholas	USA	WEBB Julian	CRC	PTF	2:0
canada-open-2026	Senior Men +87kg	QF	713	STILLEY Aiden	AUS	AMIRBEKYAN Hayk	CAN	PTF	2:0
canada-open-2026	Senior Men +87kg	SF	719	STILLEY Aiden	AUS	CARLO Nicholas	USA	PTF	2:0
canada-open-2026	Senior Men +87kg	F	722	BAILEY Kelen	HUN	STILLEY Aiden	AUS	PTF	2:0
canada-open-2026	Senior Women -73kg	QF	619	CHAN Leanna	USA	LEON Gabriela	MEX	PTF	2:1
canada-open-2026	Senior Women -73kg	SF	624	LEE Ava Soon	HAI	CHAN Leanna	USA	PTF	2:0
canada-open-2026	Senior Women -73kg	QF	620	LEWIS Kylie	USA	JUMA Maria	CAN	PTF	2:0
canada-open-2026	Senior Women -73kg	QF	621	RIVAS Victoria	ARG	CHARRON Alexandra	CAN	PTF	2:0
canada-open-2026	Senior Women -73kg	SF	625	RIVAS Victoria	ARG	LEWIS Kylie	USA	PTF	2:0
canada-open-2026	Senior Women -73kg	F	627	LEE Ava Soon	HAI	RIVAS Victoria	ARG	PTF	2:1
canada-open-2026	Senior Women -67kg	R16	814	GNIEDZIEJKO Jessic	USA	RAMIREZ Angelique	CRC	PTF	2:0
canada-open-2026	Senior Women -67kg	QF	820	ANDRIC Leonarda	CAN	GNIEDZIEJKO Jessic	USA	PTF	2:0
canada-open-2026	Senior Women -67kg	QF	821	SOLTERO Leslie	MEX	LUKIC Maya	CAN	PTF	2:0
canada-open-2026	Senior Women -67kg	SF	826	SOLTERO Leslie	MEX	ANDRIC Leonarda	CAN	PTF	2:0
canada-open-2026	Senior Women -67kg	R16	815	ABELA Rose Letizia	AUS	GALECKI Miriam	USA	PTF	2:1
canada-open-2026	Senior Women -67kg	QF	822	DANIELS Leslie	USA	KANOUTE Iman	MLI	WDR	0:1
canada-open-2026	Senior Women -67kg	QF	823	JELIC Matea	CRO	ABELA Rose Letizia	AUS	PTF	2:0
canada-open-2026	Senior Women -67kg	SF	827	JELIC Matea	CRO	DANIELS Leslie	USA	PTF	2:0
canada-open-2026	Senior Women -67kg	F	829	JELIC Matea	CRO	SOLTERO Leslie	MEX	PTF	1:1
canada-open-2026	Senior Women -62kg	R16	312	BLEWITT Gabriella	AUS	EFLOV Erica	CAN	PTF	2:0
canada-open-2026	Senior Women -62kg	R16	313	LEE Jessica Lynn	HAI	FAZEKAS Isabella	USA	PTF	2:0
canada-open-2026	Senior Women -62kg	R16	314	RUIZ Brenda Anahi	ARG	JAKOVAC Kira	IRL	PTF	2:0
canada-open-2026	Senior Women -62kg	R16	315	SOTO Isuangelis	PUR	MORALES Britney Li	CUB	PTF	2:1
canada-open-2026	Senior Women -62kg	QF	324	BLEWITT Gabriella	AUS	LEE Jessica Lynn	HAI	PTF	2:0
canada-open-2026	Senior Women -62kg	QF	325	RUIZ Brenda Anahi	ARG	SOTO Isuangelis	PUR	PTF	2:1
canada-open-2026	Senior Women -62kg	SF	330	BLEWITT Gabriella	AUS	RUIZ Brenda Anahi	ARG	PTF	2:0
canada-open-2026	Senior Women -62kg	R16	316	DEATON Danica	USA	DE Nariam	PUR	PTF	2:0
canada-open-2026	Senior Women -62kg	R16	317	LAARAJ Nada	MAR	DE Anel	USA	PTF	2:0
canada-open-2026	Senior Women -62kg	R16	318	HO Cathy Minly	HKG	ARAUJO Ryan	USA	PTF	2:0
canada-open-2026	Senior Women -62kg	R16	319	BREWSTER Ella	CAN	CHIN Wang-ya-ho	TPE	PTF	2:0
canada-open-2026	Senior Women -62kg	QF	326	LAARAJ Nada	MAR	DEATON Danica	USA	PTF	2:1
canada-open-2026	Senior Women -62kg	QF	327	BREWSTER Ella	CAN	HO Cathy Minly	HKG	PTF	2:0
canada-open-2026	Senior Women -62kg	SF	331	BREWSTER Ella	CAN	LAARAJ Nada	MAR	PTF	2:1
canada-open-2026	Senior Women -62kg	F	333	BLEWITT Gabriella	AUS	BREWSTER Ella	CAN	PTF	2:1
canada-open-2026	Senior Women -57kg	R16	703	NEWSOME Kamdyn	USA	SEPULVEDA Maria Ju	ARG	PTF	2:1
canada-open-2026	Senior Women -57kg	R16	704	SO Yuen Ting	HKG	SATTARI Zahra	CAN	PTF	2:1
canada-open-2026	Senior Women -57kg	R16	705	MILLER Montana	USA	SHIBA Grace River	USA	PTF	2:0
canada-open-2026	Senior Women -57kg	QF	714	PARK Skylar	CAN	NEWSOME Kamdyn	USA	PTF	2:0
canada-open-2026	Senior Women -57kg	QF	715	MILLER Montana	USA	SO Yuen Ting	HKG	PTF	2:0
canada-open-2026	Senior Women -57kg	SF	720	PARK Skylar	CAN	MILLER Montana	USA	PTF	2:0
canada-open-2026	Senior Women -57kg	R16	706	JIMENEZ Regina	MEX	YAN Allison	USA	PTF	2:0
canada-open-2026	Senior Women -57kg	R16	707	LINDO Neshi Lee	CRC	BROOKS Brenda	PAN	PTF	2:0
canada-open-2026	Senior Women -57kg	R16	708	POIRE Aurelie	CAN	DARGIE Olivia	POL	PTF	2:0
canada-open-2026	Senior Women -57kg	R16	709	NISHIDA Mao	JPN	AU Shevana	CAN	PTF	2:0
canada-open-2026	Senior Women -57kg	QF	716	LINDO Neshi Lee	CRC	JIMENEZ Regina	MEX	PTF	2:0
canada-open-2026	Senior Women -57kg	QF	717	NISHIDA Mao	JPN	POIRE Aurelie	CAN	PTF	2:0
canada-open-2026	Senior Women -57kg	SF	721	LINDO Neshi Lee	CRC	NISHIDA Mao	JPN	PTF	2:0
canada-open-2026	Senior Women -57kg	F	723	PARK Skylar	CAN	LINDO Neshi Lee	CRC	PTF	2:0
canada-open-2026	Senior Women -53kg	R32	501	AU Ivana	CAN	AVAZYAN Melanie	USA	DSQ	
canada-open-2026	Senior Women -53kg	R32	502	VILLA Soraya	USA	FOKAS Sophia	CAN	PTF	2:0
canada-open-2026	Senior Women -53kg	R32	503	DUMAS Mathilde	CAN	KREMERS Mykenzi	USA	RSC	2:0
canada-open-2026	Senior Women -53kg	R32	504	TAMBYRAJAH Saffron	AUS	YUE Wing Tung	HKG	PTF	2:0
canada-open-2026	Senior Women -53kg	R32	505	CHERNOLUTSKIY Vikt	USA	VILLASENOR Bobbi M	USA	PTF	2:0
canada-open-2026	Senior Women -53kg	R16	510	KHAN Laila	CAN	AU Ivana	CAN	PTF	2:0
canada-open-2026	Senior Women -53kg	R16	511	VILLA Soraya	USA	DUMAS Mathilde	CAN	PTF	2:0
canada-open-2026	Senior Women -53kg	R16	512	TAMBYRAJAH Saffron	AUS	TAN Nichelle	SGP	PTF	2:0
canada-open-2026	Senior Women -53kg	R16	513	GIRE Ines	FRA	CHERNOLUTSKIY Vikt	USA	PTF	2:0
canada-open-2026	Senior Women -53kg	QF	519	KHAN Laila	CAN	VILLA Soraya	USA	PTF	2:0
canada-open-2026	Senior Women -53kg	QF	520	TAMBYRAJAH Saffron	AUS	GIRE Ines	FRA	PTF	2:1
canada-open-2026	Senior Women -53kg	SF	527	KHAN Laila	CAN	TAMBYRAJAH Saffron	AUS	PTF	2:0
canada-open-2026	Senior Women -53kg	R32	506	TOSI Emily	CAN	SOLIS Ashly	USA	PTF	2:0
canada-open-2026	Senior Women -53kg	R32	507	TATIANCHENKO Sophi	CAN	BYRNE Ruby	IRL	PTF	2:0
canada-open-2026	Senior Women -53kg	R32	508	WEBER Logan	USA	STIRBU Andrea	CAN	PTF	2:0
canada-open-2026	Senior Women -53kg	R32	509	MOTTA Bianca	AUS	OH Sophia	USA	PTF	2:0
canada-open-2026	Senior Women -53kg	R16	514	KATOH Yuzuho	JPN	TOSI Emily	CAN	PTF	2:0
canada-open-2026	Senior Women -53kg	R16	515	SANCHO Laura	CRC	TATIANCHENKO Sophi	CAN	PTF	2:1
canada-open-2026	Senior Women -53kg	R16	516	WEBER Logan	USA	SHUMSKY Sofia	USA	PTF	2:1
canada-open-2026	Senior Women -53kg	R16	517	BARROS Nivea	BRA	MOTTA Bianca	AUS	PTF	2:1
canada-open-2026	Senior Women -53kg	QF	521	KATOH Yuzuho	JPN	SANCHO Laura	CRC	PTF	2:0
canada-open-2026	Senior Women -53kg	QF	522	WEBER Logan	USA	BARROS Nivea	BRA	PTF	2:1
canada-open-2026	Senior Women -53kg	SF	528	KATOH Yuzuho	JPN	WEBER Logan	USA	PTF	2:1
canada-open-2026	Senior Women -53kg	F	531	KHAN Laila	CAN	KATOH Yuzuho	JPN	PTF	2:0
canada-open-2026	Senior Women -49kg	R32	301	ALLASSAK Oumaima	FRA	SHIBA Maggie	USA	RSC	2:0
canada-open-2026	Senior Women -49kg	R16	304	SOUZA Daniela Paol	MEX	ALLASSAK Oumaima	FRA	PTF	2:1
canada-open-2026	Senior Women -49kg	R16	305	LAM Siu Wai	HKG	KIM Kaylee	USA	PTF	2:0
canada-open-2026	Senior Women -49kg	R16	306	ZAMBRANO Andrea Ma	MEX	MALANG Alexia	CAN	PTF	2:0
canada-open-2026	Senior Women -49kg	R16	307	LINAN Naiara	AND	LIN Cindy	USA	PTF	2:0
canada-open-2026	Senior Women -49kg	QF	320	SOUZA Daniela Paol	MEX	LAM Siu Wai	HKG	PTF	2:0
canada-open-2026	Senior Women -49kg	QF	321	ZAMBRANO Andrea Ma	MEX	LINAN Naiara	AND	PTF	2:0
canada-open-2026	Senior Women -49kg	SF	328	SOUZA Daniela Paol	MEX	ZAMBRANO Andrea Ma	MEX	PTF	2:0
canada-open-2026	Senior Women -49kg	R32	302	VINAVAL Maia	ARG	PAPPAS Ruby	AUS	PTF	2:0
canada-open-2026	Senior Women -49kg	R32	303	GALLO Lucero Shecc	MEX	BLACKMORE Olivia	CAN	RSC	2:0
canada-open-2026	Senior Women -49kg	R16	308	KAFADAR Josipa	CAN	VINAVAL Maia	ARG	PTF	2:0
canada-open-2026	Senior Women -49kg	R16	309	MURAKAMI China	JPN	ROMERO Jazleen	USA	PTF	2:1
canada-open-2026	Senior Women -49kg	R16	310	OKAMOTO Ruka	JPN	AVROYA Amber	CAN	PTF	2:0
canada-open-2026	Senior Women -49kg	R16	311	GALLO Lucero Shecc	MEX	PETERSON Ceili	GUY	PTF	2:0
canada-open-2026	Senior Women -49kg	QF	322	KAFADAR Josipa	CAN	MURAKAMI China	JPN	PTF	2:1
canada-open-2026	Senior Women -49kg	QF	323	GALLO Lucero Shecc	MEX	OKAMOTO Ruka	JPN	PTF	2:0
canada-open-2026	Senior Women -49kg	SF	329	KAFADAR Josipa	CAN	GALLO Lucero Shecc	MEX	PTF	2:0
canada-open-2026	Senior Women -49kg	F	332	SOUZA Daniela Paol	MEX	KAFADAR Josipa	CAN	PTF	2:0
canada-open-2026	Senior Women -46kg	R16	106	BASSETT Jaycee	CRC	MUND Deeksha	USA	PTF	2:0
canada-open-2026	Senior Women -46kg	R16	107	CHIRINOS Jaimar Sa	ARU	RANGEL Yusleny	USA	PTF	2:0
canada-open-2026	Senior Women -46kg	R16	108	GOEBEL Crosby	USA	OROZCO Angelique	CAN	PTF	2:0
canada-open-2026	Senior Women -46kg	R16	109	OKAZAKI Hinata	JPN	SUMNER Gunnar	USA	PTF	2:0
canada-open-2026	Senior Women -46kg	QF	118	BASSETT Jaycee	CRC	CHIRINOS Jaimar Sa	ARU	PTF	2:0
canada-open-2026	Senior Women -46kg	QF	119	GOEBEL Crosby	USA	OKAZAKI Hinata	JPN	PTF	2:0
canada-open-2026	Senior Women -46kg	SF	126	BASSETT Jaycee	CRC	GOEBEL Crosby	USA	PTF	2:0
canada-open-2026	Senior Women -46kg	R16	110	SILVA Julia	BRA	CHEBILA Yasmine	CAN	PTF	2:0
canada-open-2026	Senior Women -46kg	R16	111	LAU Tsz Wan	HKG	MOHAMED Naila	CAN	PTF	2:0
canada-open-2026	Senior Women -46kg	R16	112	ALERS Alannis Mich	PUR	REID Layla	CAN	PTF	2:0
canada-open-2026	Senior Women -46kg	R16	113	SALIM Kamilah	HUN	LI Elizabeth	USA	PTF	2:0
canada-open-2026	Senior Women -46kg	QF	120	SILVA Julia	BRA	LAU Tsz Wan	HKG	PTF	2:0
canada-open-2026	Senior Women -46kg	QF	121	SALIM Kamilah	HUN	ALERS Alannis Mich	PUR	PTF	2:0
canada-open-2026	Senior Women -46kg	SF	127	SALIM Kamilah	HUN	SILVA Julia	BRA	PTF	2:1
canada-open-2026	Senior Women -46kg	F	131	BASSETT Jaycee	CRC	SALIM Kamilah	HUN	PTF	2:1
canada-open-2026	Senior Women +73kg	QF	122	KECK Hannah	USA	FRADL Maelynn Emil	ARU	PTF	2:0
canada-open-2026	Senior Women +73kg	SF	128	ALADE Naomi	USA	KECK Hannah	USA	PTF	2:1
canada-open-2026	Senior Women +73kg	QF	123	STEWART Reba	AUS	ROMAN Naishka	PUR	PTF	2:0
canada-open-2026	Senior Women +73kg	SF	129	STEWART Reba	AUS	GARCIA Paloma	MEX	PTF	2:1
canada-open-2026	Senior Women +73kg	F	132	ALADE Naomi	USA	STEWART Reba	AUS	PTF	2:1
us-open-2026	Senior Men -87kg	R16	1212	HOERMANN Vincent	GER	ISAACS Aaron	USA	PTF	2:0
us-open-2026	Senior Men -87kg	R16	1213	CECIL Chaney	USA	GONZALEZ Gabriel	CRC	PTF	2:0
us-open-2026	Senior Men -87kg	R16	1214	CORRO Thiago Joaqu	ARG	DOS Bruno Gabriel	BRA	WDR	1:0
us-open-2026	Senior Men -87kg	QF	1223	EBATA Hidenori	JPN	HOERMANN Vincent	GER	PTF	2:0
us-open-2026	Senior Men -87kg	QF	1224	CORRO Thiago Joaqu	ARG	CECIL Chaney	USA	PTF	2:0
us-open-2026	Senior Men -87kg	SF	1229	CORRO Thiago Joaqu	ARG	EBATA Hidenori	JPN	PTF	2:1
us-open-2026	Senior Men -87kg	R16	1215	MANSOURI Farzad	TRT	REYES Esteban	USA	PTF	2:0
us-open-2026	Senior Men -87kg	R16	1216	EDMISTON Tyler	USA	XXXXX Xxxx	PER	PTF	2:0
us-open-2026	Senior Men -87kg	R16	1217	RAMOS Juan Luis	CHI	RAMIREZ Victor Arm	MEX	PTF	2:0
us-open-2026	Senior Men -87kg	R16	1218	NAVARRO Oscar	MEX	HUYNH Kevin	USA	PTF	2:0
us-open-2026	Senior Men -87kg	QF	1225	MANSOURI Farzad	TRT	EDMISTON Tyler	USA	PTF	2:0
us-open-2026	Senior Men -87kg	QF	1226	NAVARRO Oscar	MEX	RAMOS Juan Luis	CHI	PTF	2:0
us-open-2026	Senior Men -87kg	SF	1230	MANSOURI Farzad	TRT	NAVARRO Oscar	MEX	PTF	2:0
us-open-2026	Senior Men -87kg	F	1232	MANSOURI Farzad	TRT	CORRO Thiago Joaqu	ARG	PTF	2:0
us-open-2026	Senior Men -80kg	R16	901	RODRIGUES Henrique	BRA	KOMILJONOV Mukhamm	UZB	PTF	2:0
us-open-2026	Senior Men -80kg	R16	902	BOURIEL Ayoub	CAN	SEJRANOVIC Leon	AUS	PTF	2:0
us-open-2026	Senior Men -80kg	R16	903	MEIRELLES Arthur	BRA	ALADE Joshua	USA	PTF	2:0
us-open-2026	Senior Men -80kg	R16	904	YOUNG Isaiah	USA	PESOLA Brett	USA	PTF	2:0
us-open-2026	Senior Men -80kg	QF	917	RODRIGUES Henrique	BRA	BOURIEL Ayoub	CAN	PTF	2:0
us-open-2026	Senior Men -80kg	QF	918	YOUNG Isaiah	USA	MEIRELLES Arthur	BRA	PTF	2:0
us-open-2026	Senior Men -80kg	SF	925	RODRIGUES Henrique	BRA	YOUNG Isaiah	USA	PTF	2:0
us-open-2026	Senior Men -80kg	R16	905	CHURCHILL Joaquin	CHI	FRANCOIS Evains	USA	PTF	2:0
us-open-2026	Senior Men -80kg	R16	906	CASTILLO Sergio	USA	SEALY. Brandon	JAM	PTF	2:1
us-open-2026	Senior Men -80kg	R16	907	FLORES Alejandro	CRC	MCLEAN Ethan	CAN	PTF	2:0
us-open-2026	Senior Men -80kg	R16	908	NICKOLAS Cj	USA	PINAS Katungi	SUR	PTF	2:0
us-open-2026	Senior Men -80kg	QF	919	CHURCHILL Joaquin	CHI	CASTILLO Sergio	USA	PTF	2:0
us-open-2026	Senior Men -80kg	QF	920	NICKOLAS Cj	USA	FLORES Alejandro	CRC	PTF	2:0
us-open-2026	Senior Men -80kg	SF	926	NICKOLAS Cj	USA	CHURCHILL Joaquin	CHI	PTF	2:1
us-open-2026	Senior Men -80kg	F	929	RODRIGUES Henrique	BRA	NICKOLAS Cj	USA	PTF	2:0
us-open-2026	Senior Men -74kg	R64	801	KELLY Paraic	IRL	DE Pedro Henrique	BRA	PTF	2:0
us-open-2026	Senior Men -74kg	R64	802	SARGSYAN Sargis	ARM	A Aj	USA	PTF	2:0
us-open-2026	Senior Men -74kg	R64	803	ORTIZ Wilfredo	PUR	BACK Wyatt	USA	PTF	2:0
us-open-2026	Senior Men -74kg	R64	804	GIRONDA Andres Nic	BOL	MARTINEZ Francisco	USA	PTF	2:0
us-open-2026	Senior Men -74kg	R64	805	TAIT Benjamin	CAN	MONTAÑEZ Jared Vla	PAN	PTF	2:1
us-open-2026	Senior Men -74kg	R64	806	BENAOUDA Zakaria	CAN	STRICKLAND Spencer	USA	PTF	2:0
us-open-2026	Senior Men -74kg	R64	807	SOKOLENKO Peter	USA	KIM Minho	USA	PTF	2:0
us-open-2026	Senior Men -74kg	R32	815	RODRIGUES Victor	USA	KELLY Paraic	IRL	PTF	2:0
us-open-2026	Senior Men -74kg	R32	816	BENITEZ Adrian	PUR	DANIELYAN Armen	ARM	PTF	2:0
us-open-2026	Senior Men -74kg	R32	817	SOTO Juan Jose	CRC	SARGSYAN Sargis	ARM	PTF	2:0
us-open-2026	Senior Men -74kg	R32	818	RAGHEB Taye	AUS	ORTIZ Wilfredo	PUR	PTF	2:0
us-open-2026	Senior Men -74kg	R32	819	IORSS Rahiti	FPO	GIRONDA Andres Nic	BOL	PTF	2:0
us-open-2026	Senior Men -74kg	R32	820	CHUA James	USA	TAIT Benjamin	CAN	PTF	2:1
us-open-2026	Senior Men -74kg	R32	821	POLICELI Santino	ARG	BENAOUDA Zakaria	CAN	PTF	2:0
us-open-2026	Senior Men -74kg	R32	822	NAVA Ruben	MEX	SOKOLENKO Peter	USA	PTF	2:1
us-open-2026	Senior Men -74kg	R16	831	RODRIGUES Victor	USA	BENITEZ Adrian	PUR	PTF	2:0
us-open-2026	Senior Men -74kg	R16	832	SOTO Juan Jose	CRC	RAGHEB Taye	AUS	PTF	2:0
us-open-2026	Senior Men -74kg	R16	833	CHUA James	USA	IORSS Rahiti	FPO	PTF	2:0
us-open-2026	Senior Men -74kg	R16	834	NAVA Ruben	MEX	POLICELI Santino	ARG	PTF	2:1
us-open-2026	Senior Men -74kg	QF	839	RODRIGUES Victor	USA	SOTO Juan Jose	CRC	PTF	2:0
us-open-2026	Senior Men -74kg	QF	840	NAVA Ruben	MEX	CHUA James	USA	PTF	2:0
us-open-2026	Senior Men -74kg	SF	843	RODRIGUES Victor	USA	NAVA Ruben	MEX	PTF	2:0
us-open-2026	Senior Men -74kg	R64	808	CABRERA Davyd	USA	CHATELAIN Davidson	HAI	DSQ	
us-open-2026	Senior Men -74kg	R64	809	NDE Aurele Tcheh	CAN	AVETISOV Daniel Mi	USA	PTF	2:0
us-open-2026	Senior Men -74kg	R64	810	ALAMO Matias	MEX	OBERLIN Jackson	USA	DSQ	
us-open-2026	Senior Men -74kg	R64	811	BROWN Peyton	USA	OCAMPO Vaughn	USA	PTF	2:0
us-open-2026	Senior Men -74kg	R64	812	MORGAN Eric	USA	JOHNSON Davin	USA	PTF	2:0
us-open-2026	Senior Men -74kg	R64	813	MCCRAY Josiah	USA	WILSON Johann	TTO	PTF	2:0
us-open-2026	Senior Men -74kg	R64	814	YI Timothy	USA	MURILLO Rodrigo	PER	PTF	2:1
us-open-2026	Senior Men -74kg	R32	823	KATOH Takato	JPN	CABRERA Davyd	USA	PTF	2:0
us-open-2026	Senior Men -74kg	R32	824	NDE Aurele Tcheh	CAN	NIKOLOVSKI Xavier	AUS	PTF	2:0
us-open-2026	Senior Men -74kg	R32	825	SHANAFELT Noah	USA	ALAMO Matias	MEX	PTF	2:0
us-open-2026	Senior Men -74kg	R32	826	DOYLE Ryan	IRL	BROWN Peyton	USA	RSC	1:0
us-open-2026	Senior Men -74kg	R32	827	HOLLAND Edward	SLE	MORGAN Eric	USA	PTF	2:0
us-open-2026	Senior Men -74kg	R32	828	LALOAN Sean Jaylen	HAI	MCCRAY Josiah	USA	PTF	2:0
us-open-2026	Senior Men -74kg	R32	829	JENKINS Ethan	CAN	ALEXANDER Daniel	USA	PTF	2:1
us-open-2026	Senior Men -74kg	R32	830	JORGENSEN Otto	DEN	YI Timothy	USA	PTF	2:0
us-open-2026	Senior Men -74kg	R16	835	KATOH Takato	JPN	NDE Aurele Tcheh	CAN	PTF	2:0
us-open-2026	Senior Men -74kg	R16	836	SHANAFELT Noah	USA	DOYLE Ryan	IRL	PTF	2:1
us-open-2026	Senior Men -74kg	R16	837	LALOAN Sean Jaylen	HAI	HOLLAND Edward	SLE	RSC	2:0
us-open-2026	Senior Men -74kg	R16	838	JORGENSEN Otto	DEN	JENKINS Ethan	CAN	PTF	2:0
us-open-2026	Senior Men -74kg	QF	841	KATOH Takato	JPN	SHANAFELT Noah	USA	PTF	2:0
us-open-2026	Senior Men -74kg	QF	842	JORGENSEN Otto	DEN	LALOAN Sean Jaylen	HAI	PTF	2:0
us-open-2026	Senior Men -74kg	SF	844	JORGENSEN Otto	DEN	KATOH Takato	JPN	PTF	2:0
us-open-2026	Senior Men -74kg	F	845	RODRIGUES Victor	USA	JORGENSEN Otto	DEN	PTF	2:1
us-open-2026	Senior Men -68kg	R64	701	CAMPOS Carlos	USA	HUNTER Alexander	USA	PTF	2:0
us-open-2026	Senior Men -68kg	R64	702	GONZALEZ Rafael	CAN	ONEIL John	USA	PTF	2:0
us-open-2026	Senior Men -68kg	R64	703	MINER Nathen	USA	BARDIN Alejandro	USA	PTF	2:0
us-open-2026	Senior Men -68kg	R64	704	LEE Jun	NZL	PANAI Keahi	FPO	PTF	2:0
us-open-2026	Senior Men -68kg	R64	705	GUYMON Shayler	USA	GARAY Dario	MEX	PTF	2:0
us-open-2026	Senior Men -68kg	R64	706	MIRZOEV Abdumutali	TJK	PERRON Olivier	CAN	PTF	2:0
us-open-2026	Senior Men -68kg	R64	707	REGALADO Benjamin	USA	SALAS Timothy	USA	PTF	2:0
us-open-2026	Senior Men -68kg	R32	714	RODRIGUEZ Maikol	USA	CAMPOS Carlos	USA	PTF	2:0
us-open-2026	Senior Men -68kg	R32	715	WILCOX Sheldon	USA	FORTIN Jacob	CAN	PTF	2:0
us-open-2026	Senior Men -68kg	R32	716	LOPEZ Matias	URU	GONZALEZ Rafael	CAN	PTF	2:0
us-open-2026	Senior Men -68kg	R32	717	YACOUBA Ismael	NIG	MINER Nathen	USA	PTF	2:0
us-open-2026	Senior Men -68kg	R32	718	ACUNA Jose Luis	ARG	LEE Jun	NZL	PTF	2:0
us-open-2026	Senior Men -68kg	R32	719	GOMEZ Leonardo	MEX	GUYMON Shayler	USA	PTF	2:1
us-open-2026	Senior Men -68kg	R32	720	DE Luis	PUR	MIRZOEV Abdumutali	TJK	PTF	2:0
us-open-2026	Senior Men -68kg	R32	721	VALDES David	MEX	REGALADO Benjamin	USA	PTF	2:0
us-open-2026	Senior Men -68kg	R16	730	RODRIGUEZ Maikol	USA	WILCOX Sheldon	USA	PTF	2:0
us-open-2026	Senior Men -68kg	R16	731	LOPEZ Matias	URU	YACOUBA Ismael	NIG	PTF	2:0
us-open-2026	Senior Men -68kg	R16	732	ACUNA Jose Luis	ARG	GOMEZ Leonardo	MEX	PTF	2:0
us-open-2026	Senior Men -68kg	R16	733	VALDES David	MEX	DE Luis	PUR	PTF	2:0
us-open-2026	Senior Men -68kg	QF	738	RODRIGUEZ Maikol	USA	LOPEZ Matias	URU	PTF	2:0
us-open-2026	Senior Men -68kg	QF	739	ACUNA Jose Luis	ARG	VALDES David	MEX	PTF	2:0
us-open-2026	Senior Men -68kg	SF	742	RODRIGUEZ Maikol	USA	ACUNA Jose Luis	ARG	PTF	2:0
us-open-2026	Senior Men -68kg	R64	708	ABDELRAHMAN Yousif	SUD	CARPENTIER Olivier	CAN	PTF	2:0
us-open-2026	Senior Men -68kg	R64	709	SARGSYAN Hovhannes	USA	TORRES Daniel	MEX	DSQ	
us-open-2026	Senior Men -68kg	R64	710	NARANG Abhishek	USA	ABBIREDDY Jayadity	USA	PTF	2:0
us-open-2026	Senior Men -68kg	R64	711	HUERTA Ray	USA	CHOI Colin	USA	PTF	2:0
us-open-2026	Senior Men -68kg	R64	712	RACHAEL Paulo Henr	BRA	MONARREZ Emilliano	USA	PTF	2:0
us-open-2026	Senior Men -68kg	R64	713	RUANO Andrew	USA	LIMA Juliano	BRA	WDR	1:0
us-open-2026	Senior Men -68kg	R32	722	OLIVERO Cristian	CHI	ABDELRAHMAN Yousif	SUD	PTF	2:0
us-open-2026	Senior Men -68kg	R32	723	DE Nicolas	DOM	TAPIA Vicente Arma	CHI	PTF	2:0
us-open-2026	Senior Men -68kg	R32	724	FABI Enzo	CAN	SARGSYAN Hovhannes	USA	PTF	2:0
us-open-2026	Senior Men -68kg	R32	725	TSURUOKA Rei	JPN	NARANG Abhishek	USA	PTF	2:0
us-open-2026	Senior Men -68kg	R32	726	ALMEIDA Fillipe	BRA	HUERTA Ray	USA	PTF	2:0
us-open-2026	Senior Men -68kg	R32	727	HARRIS Khalfani	USA	RACHAEL Paulo Henr	BRA	PTF	2:0
us-open-2026	Senior Men -68kg	R32	728	FREDRICKS Justin	USA	PANOTES Jordan	USA	PTF	2:0
us-open-2026	Senior Men -68kg	R32	729	SOUZA Joao Victor	BRA	RUANO Andrew	USA	PTF	2:0
us-open-2026	Senior Men -68kg	R16	734	OLIVERO Cristian	CHI	DE Nicolas	DOM	PTF	2:0
us-open-2026	Senior Men -68kg	R16	735	TSURUOKA Rei	JPN	FABI Enzo	CAN	PTF	2:0
us-open-2026	Senior Men -68kg	R16	736	ALMEIDA Fillipe	BRA	HARRIS Khalfani	USA	PTF	2:0
us-open-2026	Senior Men -68kg	R16	737	SOUZA Joao Victor	BRA	FREDRICKS Justin	USA	PTF	2:1
us-open-2026	Senior Men -68kg	QF	740	OLIVERO Cristian	CHI	TSURUOKA Rei	JPN	PTF	2:0
us-open-2026	Senior Men -68kg	QF	741	SOUZA Joao Victor	BRA	ALMEIDA Fillipe	BRA	PTF	2:0
us-open-2026	Senior Men -68kg	SF	743	OLIVERO Cristian	CHI	SOUZA Joao Victor	BRA	PTF	2:0
us-open-2026	Senior Men -68kg	F	744	OLIVERO Cristian	CHI	RODRIGUEZ Maikol	USA	PTF	2:0
us-open-2026	Senior Men -63kg	R64	601	BALESTRACCI Tyler	USA	GLENN Daniel	USA	PTF	2:0
us-open-2026	Senior Men -63kg	R64	602	MANSON Maxwell	SLE	LANG Matthias	GER	PTF	2:0
us-open-2026	Senior Men -63kg	R64	603	NEGRETE Rodrigo Da	USA	BOMMERSBACH Jack	USA	PTF	2:1
us-open-2026	Senior Men -63kg	R64	604	JEAN Matthew	USA	BIRD Mandan	USA	PTF	2:0
us-open-2026	Senior Men -63kg	R64	605	DULIN Taylor	USA	PIDLAOAN Paolo	USA	PTF	2:0
us-open-2026	Senior Men -63kg	R32	610	SALIM Omar Gergely	HUN	BALESTRACCI Tyler	USA	PTF	2:0
us-open-2026	Senior Men -63kg	R32	611	MURADYAN Sargis	ARM	DHILLON Rowan	CAN	PTF	2:0
us-open-2026	Senior Men -63kg	R32	612	ALLEN Chris	USA	MANSON Maxwell	SLE	PTF	2:0
us-open-2026	Senior Men -63kg	R32	613	SALIM Sharif Gerge	HUN	NEGRETE Rodrigo Da	USA	PTF	2:0
us-open-2026	Senior Men -63kg	R32	614	SUMMERFIELD Matthe	AUS	JEAN Matthew	USA	PTF	2:0
us-open-2026	Senior Men -63kg	R32	615	ALZGHOOL Almahdi	CAN	GUILLERMO Kanoa	USA	PTF	2:0
us-open-2026	Senior Men -63kg	R32	616	TATIANCHENKO Antho	CAN	GALWAY Dezman	USA	PTF	2:0
us-open-2026	Senior Men -63kg	R32	617	BARETTA Eduardo	BRA	DULIN Taylor	USA	PTF	2:0
us-open-2026	Senior Men -63kg	R16	626	SALIM Omar Gergely	HUN	MURADYAN Sargis	ARM	PTF	2:0
us-open-2026	Senior Men -63kg	R16	627	SALIM Sharif Gerge	HUN	ALLEN Chris	USA	PTF	2:0
us-open-2026	Senior Men -63kg	R16	628	SUMMERFIELD Matthe	AUS	ALZGHOOL Almahdi	CAN	PTF	2:0
us-open-2026	Senior Men -63kg	R16	629	BARETTA Eduardo	BRA	TATIANCHENKO Antho	CAN	PTF	2:1
us-open-2026	Senior Men -63kg	QF	634	SALIM Omar Gergely	HUN	SALIM Sharif Gerge	HUN	WDR	1:0
us-open-2026	Senior Men -63kg	QF	635	BARETTA Eduardo	BRA	SUMMERFIELD Matthe	AUS	PTF	2:0
us-open-2026	Senior Men -63kg	SF	638	SALIM Omar Gergely	HUN	BARETTA Eduardo	BRA	PTF	2:0
us-open-2026	Senior Men -63kg	R64	606	RAYAS Alejandro	USA	KWON Kenneth	USA	PTF	2:0
us-open-2026	Senior Men -63kg	R64	607	AL-BAIDHANI Ahmad	GBR	ANTERO Jeth Angelo	USA	PTF	2:1
us-open-2026	Senior Men -63kg	R64	608	MARTINEZ Angel	MEX	GUTIERREZ Santiago	COL	DSQ	
us-open-2026	Senior Men -63kg	R64	609	TAVAREZ Carlos	PUR	CHOI Woojung	USA	PTF	2:0
us-open-2026	Senior Men -63kg	R32	618	RAMOS Gabriel	BRA	RAYAS Alejandro	USA	PTF	2:0
us-open-2026	Senior Men -63kg	R32	619	BENNIE Sidney Mich	TTO	YANG Hwiseong	USA	PTF	2:1
us-open-2026	Senior Men -63kg	R32	620	RODRIGUEZ Alejandr	PER	KELLER Simeon	USA	PTF	2:0
us-open-2026	Senior Men -63kg	R32	621	MILLAN David	MEX	AL-BAIDHANI Ahmad	GBR	PTF	2:0
us-open-2026	Senior Men -63kg	R32	622	RAMIREZ Mauricio	ECU	MARTINEZ Angel	MEX	PTF	2:0
us-open-2026	Senior Men -63kg	R32	623	ASADA Shoki	JPN	HEFFELFINGER-GARCI	PUR	PTF	2:0
us-open-2026	Senior Men -63kg	R32	624	GRANT Gavin	USA	MEJIA Lucas Alexan	MEX	PTF	2:0
us-open-2026	Senior Men -63kg	R32	625	MAEDA Hidetaka	JPN	TAVAREZ Carlos	PUR	PTF	2:0
us-open-2026	Senior Men -63kg	R16	630	RAMOS Gabriel	BRA	BENNIE Sidney Mich	TTO	PTF	2:0
us-open-2026	Senior Men -63kg	R16	631	MILLAN David	MEX	RODRIGUEZ Alejandr	PER	PTF	2:0
us-open-2026	Senior Men -63kg	R16	632	RAMIREZ Mauricio	ECU	ASADA Shoki	JPN	PTF	2:1
us-open-2026	Senior Men -63kg	R16	633	MAEDA Hidetaka	JPN	GRANT Gavin	USA	PTF	2:1
us-open-2026	Senior Men -63kg	QF	636	RAMOS Gabriel	BRA	MILLAN David	MEX	PTF	2:1
us-open-2026	Senior Men -63kg	QF	637	MAEDA Hidetaka	JPN	RAMIREZ Mauricio	ECU	PTF	2:1
us-open-2026	Senior Men -63kg	SF	639	RAMOS Gabriel	BRA	MAEDA Hidetaka	JPN	PTF	2:0
us-open-2026	Senior Men -63kg	F	640	RAMOS Gabriel	BRA	SALIM Omar Gergely	HUN	PTF	2:0
us-open-2026	Senior Men -58kg	R64	401	THAY Prahchomvong	USA	MONTIEL Felix	USA	PTF	2:0
us-open-2026	Senior Men -58kg	R64	402	ALVAREZ Melvy	USA	RODRIGUEZ Cesar	MEX	PTF	2:1
us-open-2026	Senior Men -58kg	R64	403	VASCONCELOS Yago	BRA	LIU Jonny	USA	PTF	2:0
us-open-2026	Senior Men -58kg	R64	404	BERTELSEN Lesili	USA	RAYANE Soumana Ham	NIG	PTF	2:0
us-open-2026	Senior Men -58kg	R64	405	DUROCHER Luke	USA	RODRIGUEZ Yan Marc	CUB	PTF	2:0
us-open-2026	Senior Men -58kg	R64	406	AGUILAR Carlos	MEX	MCCLENDON Roosevel	USA	DSQ	1:0
us-open-2026	Senior Men -58kg	R64	407	PEREZ Erik	USA	LOZOYA Diego	MEX	PTF	2:0
us-open-2026	Senior Men -58kg	R64	408	ALEJO-DICKEY Charl	USA	MANG Joseph	USA	PTF	2:0
us-open-2026	Senior Men -58kg	R64	409	SAABEDRA Trinidad	USA	QUINONEZ Noah	DOM	PTF	2:0
us-open-2026	Senior Men -58kg	R64	410	LASSO Sebastian An	PAN	ALOUBEADY Abd Alsa	USA	PTF	2:1
us-open-2026	Senior Men -58kg	R32	421	HOEFLING Nicholas	CAN	THAY Prahchomvong	USA	PTF	2:0
us-open-2026	Senior Men -58kg	R32	422	ALVAREZ Melvy	USA	VASCONCELOS Yago	BRA	PTF	2:0
us-open-2026	Senior Men -58kg	R32	423	BERTELSEN Lesili	USA	FLORES Christopher	USA	PTF	2:1
us-open-2026	Senior Men -58kg	R32	424	LEE Colin	USA	DUROCHER Luke	USA	PTF	2:0
us-open-2026	Senior Men -58kg	R32	425	RODRIGUEZ Ilay	PUR	AGUILAR Carlos	MEX	PTF	2:0
us-open-2026	Senior Men -58kg	R32	426	PEREZ Erik	USA	NORETTO Cole	USA	PTF	2:0
us-open-2026	Senior Men -58kg	R32	427	SAABEDRA Trinidad	USA	ALEJO-DICKEY Charl	USA	PTF	2:1
us-open-2026	Senior Men -58kg	R32	428	SILVA Alisson Caua	BRA	LASSO Sebastian An	PAN	PTF	2:0
us-open-2026	Senior Men -58kg	R16	437	HOEFLING Nicholas	CAN	ALVAREZ Melvy	USA	PTF	2:1
us-open-2026	Senior Men -58kg	R16	438	LEE Colin	USA	BERTELSEN Lesili	USA	PTF	2:0
us-open-2026	Senior Men -58kg	R16	439	PEREZ Erik	USA	RODRIGUEZ Ilay	PUR	PTF	2:0
us-open-2026	Senior Men -58kg	R16	440	SILVA Alisson Caua	BRA	SAABEDRA Trinidad	USA	PTF	2:0
us-open-2026	Senior Men -58kg	QF	445	HOEFLING Nicholas	CAN	LEE Colin	USA	PTF	2:0
us-open-2026	Senior Men -58kg	QF	446	PEREZ Erik	USA	SILVA Alisson Caua	BRA	PTF	2:0
us-open-2026	Senior Men -58kg	SF	449	HOEFLING Nicholas	CAN	PEREZ Erik	USA	PTF	2:0
us-open-2026	Senior Men -58kg	R64	411	DE Moises	DOM	HERNANDEZ Steven	MEX	PTF	2:1
us-open-2026	Senior Men -58kg	R64	412	WEEKES Jeremi	PUR	SERIK Artur	KAZ	PTF	2:1
us-open-2026	Senior Men -58kg	R64	413	ESPINOLA Ignacio	ARG	GUTIERREZ Juan Cam	COL	PTF	2:0
us-open-2026	Senior Men -58kg	R64	414	GILLIARD Matheus	BRA	TORREJON Daniel Cr	PER	PTF	2:0
us-open-2026	Senior Men -58kg	R64	415	REYNA Juan	MEX	HERRERA Jose Eduar	VEN	PTF	2:0
us-open-2026	Senior Men -58kg	R64	416	PEREZ Fernando	USA	SANDEJAS Santiago	USA	PTF	2:1
us-open-2026	Senior Men -58kg	R64	417	MAGANA Guillermo J	MEX	LABATTE Jean Desai	USA	PTF	2:0
us-open-2026	Senior Men -58kg	R64	418	FUENTES David	GUA	YEE Connor	USA	PTF	2:0
us-open-2026	Senior Men -58kg	R64	419	MC Dominique	CRC	LAFRATTI Maximo	ARG	PTF	2:1
us-open-2026	Senior Men -58kg	R64	420	ROCHA Ariel	USA	BUSTAMANTE Joel Fe	MEX	DSQ	
us-open-2026	Senior Men -58kg	R32	429	CUNNINGHAM William	USA	DE Moises	DOM	PTF	2:1
us-open-2026	Senior Men -58kg	R32	430	WEEKES Jeremi	PUR	ESPINOLA Ignacio	ARG	PTF	2:0
us-open-2026	Senior Men -58kg	R32	431	PEREZ Zaid Yael	MEX	GILLIARD Matheus	BRA	PTF	2:0
us-open-2026	Senior Men -58kg	R32	432	CARRILLO Joseph	USA	REYNA Juan	MEX	PTF	2:0
us-open-2026	Senior Men -58kg	R32	433	RIOS Agustin	CHI	PEREZ Fernando	USA	PTF	2:0
us-open-2026	Senior Men -58kg	R32	434	MAGANA Guillermo J	MEX	ONGGOSANUSI Clemen	VAN	PTF	2:0
us-open-2026	Senior Men -58kg	R32	435	MC Dominique	CRC	FUENTES David	GUA	PTF	2:1
us-open-2026	Senior Men -58kg	R32	436	MELO Paulo	BRA	ROCHA Ariel	USA	PTF	2:0
us-open-2026	Senior Men -58kg	R16	441	WEEKES Jeremi	PUR	CUNNINGHAM William	USA	PTF	2:0
us-open-2026	Senior Men -58kg	R16	442	PEREZ Zaid Yael	MEX	CARRILLO Joseph	USA	PTF	2:0
us-open-2026	Senior Men -58kg	R16	443	MAGANA Guillermo J	MEX	RIOS Agustin	CHI	PTF	2:0
us-open-2026	Senior Men -58kg	R16	444	MELO Paulo	BRA	MC Dominique	CRC	PTF	2:0
us-open-2026	Senior Men -58kg	QF	447	WEEKES Jeremi	PUR	PEREZ Zaid Yael	MEX	PTF	2:0
us-open-2026	Senior Men -58kg	QF	448	MELO Paulo	BRA	MAGANA Guillermo J	MEX	PTF	2:0
us-open-2026	Senior Men -58kg	SF	450	MELO Paulo	BRA	WEEKES Jeremi	PUR	PTF	2:1
us-open-2026	Senior Men -58kg	F	451	HOEFLING Nicholas	CAN	MELO Paulo	BRA	PTF	2:1
us-open-2026	Senior Men -54kg	R64	101	AGUILAR Santiago	MEX	RAKHAT Zhaksylyk	KAZ	DSQ	1:0
us-open-2026	Senior Men -54kg	R64	102	JOHNSTON Andrew	USA	QUINTANA Alan	MEX	PTF	2:0
us-open-2026	Senior Men -54kg	R64	103	VOGEL Payton	USA	LAURORE Gerald	USA	PTF	2:0
us-open-2026	Senior Men -54kg	R64	104	PARRA Alfonso	USA	MUCINO Juan Alfons	MEX	PTF	2:0
us-open-2026	Senior Men -54kg	R64	105	MELO Saimon Jose	BRA	NEVAREZ Angel	PUR	PTF	2:0
us-open-2026	Senior Men -54kg	R32	111	GUN Youngsuk Ethan	USA	AGUILAR Santiago	MEX	PTF	2:0
us-open-2026	Senior Men -54kg	R32	112	BANKS Robert	USA	ALFORQUE John Liev	CAN	PTF	2:0
us-open-2026	Senior Men -54kg	R32	113	BERUBE Zachary	CAN	JOHNSTON Andrew	USA	PTF	2:0
us-open-2026	Senior Men -54kg	R32	114	VOGEL Payton	USA	ARIAS Alejandro Jo	CRC	PTF	2:0
us-open-2026	Senior Men -54kg	R32	115	LUCIANO Joaquin Pa	USA	PARRA Alfonso	USA	PTF	2:0
us-open-2026	Senior Men -54kg	R32	116	GASTON Gabriel	MEX	CHAVEZ Zaid Gabrie	MEX	PTF	2:0
us-open-2026	Senior Men -54kg	R32	117	ECHAVARRI Sebastia	MEX	GUIZAR Manuel	MEX	PTF	2:0
us-open-2026	Senior Men -54kg	R32	118	DE Wilfrido	DOM	MELO Saimon Jose	BRA	PTF	2:1
us-open-2026	Senior Men -54kg	R16	127	GUN Youngsuk Ethan	USA	BANKS Robert	USA	PTF	2:0
us-open-2026	Senior Men -54kg	R16	128	BERUBE Zachary	CAN	VOGEL Payton	USA	PTF	2:0
us-open-2026	Senior Men -54kg	R16	129	LUCIANO Joaquin Pa	USA	GASTON Gabriel	MEX	PTF	2:0
us-open-2026	Senior Men -54kg	R16	130	DE Wilfrido	DOM	ECHAVARRI Sebastia	MEX	PTF	2:0
us-open-2026	Senior Men -54kg	QF	135	GUN Youngsuk Ethan	USA	BERUBE Zachary	CAN	PTF	2:0
us-open-2026	Senior Men -54kg	QF	136	LUCIANO Joaquin Pa	USA	DE Wilfrido	DOM	PTF	2:0
us-open-2026	Senior Men -54kg	SF	139	GUN Youngsuk Ethan	USA	LUCIANO Joaquin Pa	USA	PTF	2:0
us-open-2026	Senior Men -54kg	R64	106	ASYMBEK Alisher	KGZ	PILATUNA Edy Santi	ECU	PTF	2:0
us-open-2026	Senior Men -54kg	R64	107	TURCOTTE Mylan	CAN	KANO Harenoshin	JPN	PTF	2:0
us-open-2026	Senior Men -54kg	R64	108	BRAND-GONZALEZ Iva	USA	SANTIAGO Nohal	PUR	PTF	2:0
us-open-2026	Senior Men -54kg	R64	109	CARPIO Ryan	USA	REINOSO Carlos And	ECU	PTF	2:0
us-open-2026	Senior Men -54kg	R64	110	AMADOR Matthew	USA	BEGA David	USA	PTF	2:0
us-open-2026	Senior Men -54kg	R32	119	ASYMBEK Alisher	KGZ	NGUYEN Hong Trong	VIE	PTF	2:0
us-open-2026	Senior Men -54kg	R32	120	BERUBE Maxime	CAN	OYAMA Tait	NZL	PTF	2:0
us-open-2026	Senior Men -54kg	R32	121	IGNACIO Michael	USA	PORTILLO Alexander	CAN	PTF	2:0
us-open-2026	Senior Men -54kg	R32	122	RAMOS. Brandon	PUR	TURCOTTE Mylan	CAN	PTF	2:0
us-open-2026	Senior Men -54kg	R32	123	NATIVIDADE Cesar A	BRA	BRAND-GONZALEZ Iva	USA	PTF	2:0
us-open-2026	Senior Men -54kg	R32	124	OWEN Haddad	FRA	CARPIO Ryan	USA	PTF	2:1
us-open-2026	Senior Men -54kg	R32	125	MARQUES Pablo Yuri	BRA	VASQUEZ Gaston	CHI	PTF	2:0
us-open-2026	Senior Men -54kg	R32	126	CANETE Arian Natha	USA	AMADOR Matthew	USA	PTF	2:0
us-open-2026	Senior Men -54kg	R16	131	ASYMBEK Alisher	KGZ	BERUBE Maxime	CAN	PTF	2:0
us-open-2026	Senior Men -54kg	R16	132	RAMOS. Brandon	PUR	IGNACIO Michael	USA	PTF	2:0
us-open-2026	Senior Men -54kg	R16	133	OWEN Haddad	FRA	NATIVIDADE Cesar A	BRA	PTF	2:0
us-open-2026	Senior Men -54kg	R16	134	MARQUES Pablo Yuri	BRA	CANETE Arian Natha	USA	PTF	2:1
us-open-2026	Senior Men -54kg	QF	137	RAMOS. Brandon	PUR	ASYMBEK Alisher	KGZ	PTF	2:0
us-open-2026	Senior Men -54kg	QF	138	MARQUES Pablo Yuri	BRA	OWEN Haddad	FRA	RSC	1:0
us-open-2026	Senior Men -54kg	SF	140	RAMOS. Brandon	PUR	MARQUES Pablo Yuri	BRA	PTF	2:0
us-open-2026	Senior Men -54kg	F	141	RAMOS. Brandon	PUR	GUN Youngsuk Ethan	USA	PTF	2:0
us-open-2026	Senior Men +87kg	R32	1201	MARTINS Icaro Migu	BRA	FLEMING Robert	USA	PTF	2:0
us-open-2026	Senior Men +87kg	R16	1204	HEALY Jonathan	USA	MARTINS Icaro Migu	BRA	PTF	2:1
us-open-2026	Senior Men +87kg	R16	1205	STEWART Jordan	CAN	ADILKHANOV Rakhym	KAZ	PTF	2:1
us-open-2026	Senior Men +87kg	R16	1206	WEBB Julian	CRC	JIMENEZ Justin	USA	PTF	2:0
us-open-2026	Senior Men +87kg	R16	1207	BAILEY Kelen	HUN	JENKINS Malik	USA	DSQ	1:0
us-open-2026	Senior Men +87kg	QF	1219	STEWART Jordan	CAN	HEALY Jonathan	USA	PTF	2:0
us-open-2026	Senior Men +87kg	QF	1220	BAILEY Kelen	HUN	WEBB Julian	CRC	PTF	2:0
us-open-2026	Senior Men +87kg	SF	1227	BAILEY Kelen	HUN	STEWART Jordan	CAN	PTF	
us-open-2026	Senior Men +87kg	R32	1202	PEREZ Marlon Kisis	COL	GOLDBLATT Kai	USA	PTF	2:0
us-open-2026	Senior Men +87kg	R32	1203	LARA Emmanuel	MEX	KANO Hinata	JPN	PTF	2:0
us-open-2026	Senior Men +87kg	R16	1208	STILLEY Aiden	AUS	PEREZ Marlon Kisis	COL	PTF	2:1
us-open-2026	Senior Men +87kg	R16	1209	FRANKLIN Isaac	USA	MAI-APA Raihau	FPO	PTF	2:0
us-open-2026	Senior Men +87kg	R16	1210	CARLO Nicholas	USA	MOISE Frantz	USA	PTF	2:0
us-open-2026	Senior Men +87kg	R16	1211	SANSORES Carlos	MEX	LARA Emmanuel	MEX	PTF	2:0
us-open-2026	Senior Men +87kg	QF	1221	STILLEY Aiden	AUS	FRANKLIN Isaac	USA	PTF	2:0
us-open-2026	Senior Men +87kg	QF	1222	SANSORES Carlos	MEX	CARLO Nicholas	USA	PTF	2:0
us-open-2026	Senior Men +87kg	SF	1228	SANSORES Carlos	MEX	STILLEY Aiden	AUS	PTF	2:0
us-open-2026	Senior Men +87kg	F	1231	BAILEY Kelen	HUN	SANSORES Carlos	MEX	PTF	2:1
us-open-2026	Senior Women -73kg	R16	328	CHARRON Alexandra	CAN	ABELA Rose Letizia	AUS	PTF	2:0
us-open-2026	Senior Women -73kg	R16	329	PEZZO Giorgia	CAN	SILVA Mayara	BRA	PTF	2:0
us-open-2026	Senior Women -73kg	R16	330	LEWIS Kylie	USA	ARCOS Katia	USA	PTF	2:0
us-open-2026	Senior Women -73kg	QF	339	CHARRON Alexandra	CAN	OLIVEIRA Mikaela	BRA	PTF	2:1
us-open-2026	Senior Women -73kg	QF	340	LEWIS Kylie	USA	PEZZO Giorgia	CAN	PTF	2:0
us-open-2026	Senior Women -73kg	SF	345	LEWIS Kylie	USA	CHARRON Alexandra	CAN	PTF	2:0
us-open-2026	Senior Women -73kg	R16	331	CHUA Chloe	USA	RIVAS Victoria	ARG	PTF	2:1
us-open-2026	Senior Women -73kg	R16	332	AGUIRRE Fernanda	CHI	LOVAGLIO Isabella	MEX	PTF	2:0
us-open-2026	Senior Women -73kg	R16	333	CHAN Leanna	USA	LEE Kaitlyn	USA	PTF	2:0
us-open-2026	Senior Women -73kg	R16	334	WEEKES Crystal	PUR	DANGNIDE Abenan Je	CIV	PTF	2:0
us-open-2026	Senior Women -73kg	QF	341	CHUA Chloe	USA	AGUIRRE Fernanda	CHI	PTF	2:0
us-open-2026	Senior Women -73kg	QF	342	WEEKES Crystal	PUR	CHAN Leanna	USA	PTF	2:0
us-open-2026	Senior Women -73kg	SF	346	WEEKES Crystal	PUR	CHUA Chloe	USA	PTF	2:0
us-open-2026	Senior Women -73kg	F	348	WEEKES Crystal	PUR	LEWIS Kylie	USA	PTF	2:0
us-open-2026	Senior Women -67kg	R16	909	TITONELI Milena	BRA	MCGRADE Anna	USA	PTF	2:0
us-open-2026	Senior Women -67kg	R16	910	GNIEDZIEJKO Jessic	USA	MUNOZ Regina	MEX	PTF	2:1
us-open-2026	Senior Women -67kg	R16	911	LUKIC Maya	CAN	GALECKI Miriam	USA	PTF	2:0
us-open-2026	Senior Women -67kg	R16	912	SOLTERO Leslie	MEX	STEIN Gabriele	BRA	PTF	2:0
us-open-2026	Senior Women -67kg	QF	921	TITONELI Milena	BRA	GNIEDZIEJKO Jessic	USA	PTF	2:0
us-open-2026	Senior Women -67kg	QF	922	SOLTERO Leslie	MEX	LUKIC Maya	CAN	PTF	2:0
us-open-2026	Senior Women -67kg	SF	927	SOLTERO Leslie	MEX	TITONELI Milena	BRA	PTF	2:0
us-open-2026	Senior Women -67kg	R16	913	GALLARDO Claudia	CHI	CARDENAS Jaqueline	MEX	PTF	2:0
us-open-2026	Senior Women -67kg	R16	914	HAYLETT Sahai	USA	DE Anel	USA	PTF	2:0
us-open-2026	Senior Women -67kg	R16	915	BEAULIEU Gabrielle	CAN	REILLY Megan	USA	RSC	2:0
us-open-2026	Senior Women -67kg	R16	916	ANDRIC Leonarda	CAN	BRUMELS Ruth	USA	PTF	2:0
us-open-2026	Senior Women -67kg	QF	923	GALLARDO Claudia	CHI	HAYLETT Sahai	USA	PTF	2:0
us-open-2026	Senior Women -67kg	QF	924	BEAULIEU Gabrielle	CAN	ANDRIC Leonarda	CAN	PTF	2:1
us-open-2026	Senior Women -67kg	SF	928	BEAULIEU Gabrielle	CAN	GALLARDO Claudia	CHI	PTF	2:1
us-open-2026	Senior Women -67kg	F	930	SOLTERO Leslie	MEX	BEAULIEU Gabrielle	CAN	PTF	2:1
us-open-2026	Senior Women -62kg	R32	1101	VELAZQUEZ Itzel	MEX	DE Nariam	PUR	PTF	2:1
us-open-2026	Senior Women -62kg	R32	1102	SANTOS Caroline	BRA	HOVHANNISYAN Melin	ARM	PTF	2:0
us-open-2026	Senior Women -62kg	R32	1103	MEJIA Mayerlin Yan	DOM	WONGMANEE Alexandr	USA	PTF	2:0
us-open-2026	Senior Women -62kg	R32	1104	ZANDIEH Ara	USA	PITTS Madeline	USA	PTF	2:0
us-open-2026	Senior Women -62kg	R32	1105	FAZEKAS Isabella	USA	SHIPMAN Aliyah	HAI	PTF	2:0
us-open-2026	Senior Women -62kg	R16	1112	BLEWITT Gabriella	AUS	VELAZQUEZ Itzel	MEX	PTF	2:0
us-open-2026	Senior Women -62kg	R16	1113	SANTOS Caroline	BRA	MEJIA Mayerlin Yan	DOM	PTF	2:0
us-open-2026	Senior Women -62kg	R16	1114	SOTO Isuangelis	PUR	ZANDIEH Ara	USA	PTF	2:0
us-open-2026	Senior Women -62kg	R16	1115	FAZEKAS Isabella	USA	DEATON Danica	USA	PTF	2:0
us-open-2026	Senior Women -62kg	QF	1120	BLEWITT Gabriella	AUS	SANTOS Caroline	BRA	PTF	2:1
us-open-2026	Senior Women -62kg	QF	1121	FAZEKAS Isabella	USA	SOTO Isuangelis	PUR	PTF	2:0
us-open-2026	Senior Women -62kg	SF	1124	BLEWITT Gabriella	AUS	FAZEKAS Isabella	USA	PTF	2:0
us-open-2026	Senior Women -62kg	R32	1106	GREENWOOD Makayla	USA	MORALES Britney Li	CUB	PTF	2:0
us-open-2026	Senior Women -62kg	R32	1107	DANIELS Leslie	USA	MARCHLINSKI Maria	GAM	PTF	2:1
us-open-2026	Senior Women -62kg	R32	1108	IORSS Kawehi	FPO	ARAUJO Ryan	USA	PTF	2:0
us-open-2026	Senior Women -62kg	R32	1109	RUIZ Brenda Anahi	ARG	ZAPATERO Valeria A	MEX	PTF	2:0
us-open-2026	Senior Women -62kg	R32	1110	SANTERRE Frederiqu	CAN	VALENCIA Diana Car	ECU	PTF	2:0
us-open-2026	Senior Women -62kg	R32	1111	WASILEWSKA Pola	USA	MALAGON Laura Nata	COL	PTF	2:1
us-open-2026	Senior Women -62kg	R16	1116	BREWSTER Ella	CAN	GREENWOOD Makayla	USA	PTF	2:0
us-open-2026	Senior Women -62kg	R16	1117	IORSS Kawehi	FPO	DANIELS Leslie	USA	PTF	2:0
us-open-2026	Senior Women -62kg	R16	1118	SANTERRE Frederiqu	CAN	RUIZ Brenda Anahi	ARG	PTF	2:0
us-open-2026	Senior Women -62kg	R16	1119	MINA Mell	ECU	WASILEWSKA Pola	USA	PTF	2:0
us-open-2026	Senior Women -62kg	QF	1122	BREWSTER Ella	CAN	IORSS Kawehi	FPO	PTF	2:0
us-open-2026	Senior Women -62kg	QF	1123	MINA Mell	ECU	SANTERRE Frederiqu	CAN	PTF	2:0
us-open-2026	Senior Women -62kg	SF	1125	MINA Mell	ECU	BREWSTER Ella	CAN	PTF	2:1
us-open-2026	Senior Women -62kg	F	1126	MINA Mell	ECU	BLEWITT Gabriella	AUS	PTF	2:1
us-open-2026	Senior Women -57kg	R32	1001	RIBEIRO Maria Edua	BRA	GALLO Luna Catalin	COL	PTF	2:0
us-open-2026	Senior Women -57kg	R32	1002	DELGADO Andrea	PUR	LOYA Victoria	USA	PTF	2:0
us-open-2026	Senior Women -57kg	R32	1003	COX Caitlyn	USA	PINTO Abrielle	USA	PTF	2:0
us-open-2026	Senior Women -57kg	R32	1004	YAN Allison	USA	NEWSOME Kamdyn	USA	PTF	2:1
us-open-2026	Senior Women -57kg	R32	1005	SHIBA Grace River	USA	GROSSO Alexxis	USA	PTF	2:1
us-open-2026	Senior Women -57kg	R16	1010	DILLON Faith	USA	RIBEIRO Maria Edua	BRA	PTF	2:0
us-open-2026	Senior Women -57kg	R16	1011	COX Caitlyn	USA	DELGADO Andrea	PUR	PTF	2:0
us-open-2026	Senior Women -57kg	R16	1012	MILLER Montana	USA	YAN Allison	USA	PTF	2:0
us-open-2026	Senior Women -57kg	R16	1013	JIMENEZ Regina	MEX	SHIBA Grace River	USA	PTF	2:0
us-open-2026	Senior Women -57kg	QF	1018	DILLON Faith	USA	COX Caitlyn	USA	PTF	2:0
us-open-2026	Senior Women -57kg	QF	1019	MILLER Montana	USA	JIMENEZ Regina	MEX	PTF	2:0
us-open-2026	Senior Women -57kg	SF	1022	DILLON Faith	USA	MILLER Montana	USA	PTF	2:0
us-open-2026	Senior Women -57kg	R32	1006	QUIÑONES Javiera A	CHI	SEPULVEDA Maria Ju	ARG	PTF	2:1
us-open-2026	Senior Women -57kg	R32	1007	POIRE Aurelie	CAN	RESTO Krystal	PUR	PTF	2:0
us-open-2026	Senior Women -57kg	R32	1008	VILLEGAS Fabiola G	MEX	MORONES Eloise	CAN	PTF	2:0
us-open-2026	Senior Women -57kg	R32	1009	BROOKS Brenda	PAN	SIM Rihyun	USA	PTF	2:0
us-open-2026	Senior Women -57kg	R16	1014	LINDO Neshi Lee	CRC	QUIÑONES Javiera A	CHI	PTF	2:0
us-open-2026	Senior Women -57kg	R16	1015	POIRE Aurelie	CAN	SALGADO Zaira Paul	MEX	PTF	2:0
us-open-2026	Senior Women -57kg	R16	1016	VILLEGAS Fabiola G	MEX	ROCHA Liz	BRA	PTF	2:0
us-open-2026	Senior Women -57kg	R16	1017	NISHIDA Mao	JPN	BROOKS Brenda	PAN	PTF	2:0
us-open-2026	Senior Women -57kg	QF	1020	LINDO Neshi Lee	CRC	POIRE Aurelie	CAN	PTF	2:0
us-open-2026	Senior Women -57kg	QF	1021	VILLEGAS Fabiola G	MEX	NISHIDA Mao	JPN	PTF	2:0
us-open-2026	Senior Women -57kg	SF	1023	LINDO Neshi Lee	CRC	VILLEGAS Fabiola G	MEX	PTF	2:0
us-open-2026	Senior Women -57kg	F	1024	DILLON Faith	USA	LINDO Neshi Lee	CRC	PTF	2:0
us-open-2026	Senior Women -53kg	R64	501	CONTRERAS Renata L	CHI	ROMERO Fernanda	USA	PTF	2:0
us-open-2026	Senior Women -53kg	R64	502	NOWAK Gabriela	USA	MEHINOVIC Enida	USA	PTF	2:0
us-open-2026	Senior Women -53kg	R64	503	BALLARD Alissa	USA	PEREZ Edna Camila	USA	WDR	2:1
us-open-2026	Senior Women -53kg	R64	504	PAPPAS Ruby	AUS	SABERON Winette	CAN	PTF	2:0
us-open-2026	Senior Women -53kg	R64	505	NARVAEZ Erika	NCA	GARZON Marjorie Da	ECU	PTF	2:0
us-open-2026	Senior Women -53kg	R64	506	MOTTA Bianca	AUS	MORONES Beatrice	CAN	PTF	2:0
us-open-2026	Senior Women -53kg	R64	507	OH Sophia	USA	STIRBU Andrea	CAN	PTF	2:1
us-open-2026	Senior Women -53kg	R32	514	KHAN Laila	CAN	CONTRERAS Renata L	CHI	PTF	2:0
us-open-2026	Senior Women -53kg	R32	515	VILLA Soraya	USA	PEREIRA Maria Gabr	BRA	PTF	2:0
us-open-2026	Senior Women -53kg	R32	516	NOWAK Gabriela	USA	WEBER Logan	USA	PTF	2:1
us-open-2026	Senior Women -53kg	R32	517	TAMBYRAJAH Saffron	AUS	BALLARD Alissa	USA	PTF	2:0
us-open-2026	Senior Women -53kg	R32	518	GIRE Ines	FRA	PAPPAS Ruby	AUS	PTF	2:0
us-open-2026	Senior Women -53kg	R32	519	FOKAS Sophia	CAN	NARVAEZ Erika	NCA	PTF	2:0
us-open-2026	Senior Women -53kg	R32	520	MOTTA Bianca	AUS	PEDROZO Beatriz	BRA	PTF	2:1
us-open-2026	Senior Women -53kg	R32	521	NGUYEN Thi Loan	VIE	OH Sophia	USA	PTF	2:0
us-open-2026	Senior Women -53kg	R16	530	KHAN Laila	CAN	VILLA Soraya	USA	PTF	2:0
us-open-2026	Senior Women -53kg	R16	531	TAMBYRAJAH Saffron	AUS	NOWAK Gabriela	USA	PTF	2:0
us-open-2026	Senior Women -53kg	R16	532	FOKAS Sophia	CAN	GIRE Ines	FRA	PTF	2:0
us-open-2026	Senior Women -53kg	R16	533	NGUYEN Thi Loan	VIE	MOTTA Bianca	AUS	PTF	2:0
us-open-2026	Senior Women -53kg	QF	538	TAMBYRAJAH Saffron	AUS	KHAN Laila	CAN	PTF	2:1
us-open-2026	Senior Women -53kg	QF	539	NGUYEN Thi Loan	VIE	FOKAS Sophia	CAN	PTF	2:0
us-open-2026	Senior Women -53kg	SF	542	NGUYEN Thi Loan	VIE	TAMBYRAJAH Saffron	AUS	PTF	2:0
us-open-2026	Senior Women -53kg	R64	508	SANTIAGO Keishlie	PUR	MAHMOUD Hajar	JOR	PTF	2:0
us-open-2026	Senior Women -53kg	R64	509	OJA Vera	FIN	MARTINEZ Ninoshka	PUR	PTF	2:1
us-open-2026	Senior Women -53kg	R64	510	JOSEPH Skye	TTO	SOLIS Ashly	USA	DSQ	1:0
us-open-2026	Senior Women -53kg	R64	511	LARSON Valerie	USA	LAMADRID Andrea	MEX	PTF	2:0
us-open-2026	Senior Women -53kg	R64	512	CHRISTENSEN Ariana	USA	BARILE Alyssa	USA	PTF	2:0
us-open-2026	Senior Women -53kg	R64	513	LI Gloria	CAN	CRUZ Alejandra	BOL	PTF	2:0
us-open-2026	Senior Women -53kg	R32	522	BARROS Nivea	BRA	SANTIAGO Keishlie	PUR	PTF	2:0
us-open-2026	Senior Women -53kg	R32	523	TATIANCHENKO Sophi	CAN	TOSI Emily	CAN	PTF	2:0
us-open-2026	Senior Women -53kg	R32	524	FERLA Ana Clara	BRA	OJA Vera	FIN	PTF	2:0
us-open-2026	Senior Women -53kg	R32	525	FERREIRA Nadia	MEX	JOSEPH Skye	TTO	PTF	2:0
us-open-2026	Senior Women -53kg	R32	526	SANCHO Laura	CRC	LARSON Valerie	USA	PTF	2:0
us-open-2026	Senior Women -53kg	R32	527	VO Jayda	USA	CHRISTENSEN Ariana	USA	PTF	2:1
us-open-2026	Senior Women -53kg	R32	528	RODRIGUEZ Irlanda	MEX	CARPENTIER Vicky	CAN	PTF	2:0
us-open-2026	Senior Women -53kg	R32	529	KATOH Yuzuho	JPN	LI Gloria	CAN	PTF	2:0
us-open-2026	Senior Women -53kg	R16	534	BARROS Nivea	BRA	TATIANCHENKO Sophi	CAN	PTF	2:0
us-open-2026	Senior Women -53kg	R16	535	FERREIRA Nadia	MEX	FERLA Ana Clara	BRA	PTF	2:0
us-open-2026	Senior Women -53kg	R16	536	SANCHO Laura	CRC	VO Jayda	USA	PTF	2:0
us-open-2026	Senior Women -53kg	R16	537	KATOH Yuzuho	JPN	RODRIGUEZ Irlanda	MEX	PTF	2:0
us-open-2026	Senior Women -53kg	QF	540	BARROS Nivea	BRA	FERREIRA Nadia	MEX	PTF	2:1
us-open-2026	Senior Women -53kg	QF	541	KATOH Yuzuho	JPN	SANCHO Laura	CRC	PTF	2:1
us-open-2026	Senior Women -53kg	SF	543	BARROS Nivea	BRA	KATOH Yuzuho	JPN	PTF	2:0
us-open-2026	Senior Women -53kg	F	544	BARROS Nivea	BRA	NGUYEN Thi Loan	VIE	PTF	2:0
us-open-2026	Senior Women -49kg	R64	301	ROMERO Camila	MEX	CONCEPCION Zaymar	PUR	PTF	2:0
us-open-2026	Senior Women -49kg	R32	304	SOUZA Daniela Paol	MEX	ROMERO Camila	MEX	PTF	2:0
us-open-2026	Senior Women -49kg	R32	305	OSHINDEN Sakura	JPN	GOMEZ Isidora	CHI	PTF	2:0
us-open-2026	Senior Women -49kg	R32	306	RAMIREZ Andrea	COL	SHIBA Maggie	USA	PTF	2:0
us-open-2026	Senior Women -49kg	R32	307	GRIPPOLI Maria Sar	URU	ZHAO Annie	USA	PTF	2:0
us-open-2026	Senior Women -49kg	R32	308	ZAMBRANO Andrea Ma	MEX	ASTAPENKA Alisa	CHI	PTF	2:0
us-open-2026	Senior Women -49kg	R32	309	AVROYA Amber	CAN	GUIMARAES Dangela	BRA	PTF	2:0
us-open-2026	Senior Women -49kg	R32	310	BARROSO Kiara	POR	CRUZ Katelyn	PUR	PTF	2:1
us-open-2026	Senior Women -49kg	R32	311	NGUYEN Thi Mai	VIE	PETERSON Ceili	GUY	PTF	2:0
us-open-2026	Senior Women -49kg	R16	320	SOUZA Daniela Paol	MEX	OSHINDEN Sakura	JPN	PTF	2:0
us-open-2026	Senior Women -49kg	R16	321	RAMIREZ Andrea	COL	GRIPPOLI Maria Sar	URU	PTF	2:0
us-open-2026	Senior Women -49kg	R16	322	ZAMBRANO Andrea Ma	MEX	AVROYA Amber	CAN	PTF	2:0
us-open-2026	Senior Women -49kg	R16	323	NGUYEN Thi Mai	VIE	BARROSO Kiara	POR	PTF	2:0
us-open-2026	Senior Women -49kg	QF	335	RAMIREZ Andrea	COL	SOUZA Daniela Paol	MEX	PTF	2:0
us-open-2026	Senior Women -49kg	QF	336	ZAMBRANO Andrea Ma	MEX	NGUYEN Thi Mai	VIE	PTF	2:1
us-open-2026	Senior Women -49kg	SF	343	RAMIREZ Andrea	COL	ZAMBRANO Andrea Ma	MEX	PTF	2:0
us-open-2026	Senior Women -49kg	R64	302	LIN Cindy	USA	AHO Sophia	USA	PTF	2:1
us-open-2026	Senior Women -49kg	R64	303	VILLASENOR Bobbi M	USA	ESTRADA Daphne	GUA	PTF	2:0
us-open-2026	Senior Women -49kg	R32	312	MATA Maya	USA	LIN Cindy	USA	PTF	2:0
us-open-2026	Senior Women -49kg	R32	313	ALLASSAK Oumaima	FRA	BEZERRA Camila	BRA	PTF	2:0
us-open-2026	Senior Women -49kg	R32	314	VINAVAL Maia	ARG	QUESADA Jordan	USA	DSQ	1:0
us-open-2026	Senior Women -49kg	R32	315	MURAKAMI China	JPN	QIAN Amber	USA	PTF	2:0
us-open-2026	Senior Women -49kg	R32	316	OKAMOTO Ruka	JPN	GONZALES Melanie	USA	PTF	2:0
us-open-2026	Senior Women -49kg	R32	317	KIM Kaylee	USA	CARPENTIER Justine	CAN	PTF	2:1
us-open-2026	Senior Women -49kg	R32	318	GALLO Lucero Shecc	MEX	WAY Nicolle	GUA	PTF	2:0
us-open-2026	Senior Women -49kg	R32	319	KAFADAR Josipa	CAN	VILLASENOR Bobbi M	USA	PTF	2:0
us-open-2026	Senior Women -49kg	R16	324	ALLASSAK Oumaima	FRA	MATA Maya	USA	PTF	2:0
us-open-2026	Senior Women -49kg	R16	325	MURAKAMI China	JPN	VINAVAL Maia	ARG	PTF	2:0
us-open-2026	Senior Women -49kg	R16	326	OKAMOTO Ruka	JPN	KIM Kaylee	USA	PTF	2:1
us-open-2026	Senior Women -49kg	R16	327	KAFADAR Josipa	CAN	GALLO Lucero Shecc	MEX	PTF	2:0
us-open-2026	Senior Women -49kg	QF	337	ALLASSAK Oumaima	FRA	MURAKAMI China	JPN	PTF	2:1
us-open-2026	Senior Women -49kg	QF	338	KAFADAR Josipa	CAN	OKAMOTO Ruka	JPN	PTF	2:1
us-open-2026	Senior Women -49kg	SF	344	ALLASSAK Oumaima	FRA	KAFADAR Josipa	CAN	PTF	2:0
us-open-2026	Senior Women -49kg	F	347	RAMIREZ Andrea	COL	ALLASSAK Oumaima	FRA	PTF	2:0
us-open-2026	Senior Women -46kg	R32	201	AGUSTIN Kaelynn Ja	USA	NAVARRO Marinuvia	USA	PTF	2:0
us-open-2026	Senior Women -46kg	R32	202	GOEBEL Crosby	USA	MELNIKOV Jacquelin	USA	PTF	2:0
us-open-2026	Senior Women -46kg	R32	203	ALERS Alannis Mich	PUR	NATTO Alexandra	USA	PTF	2:1
us-open-2026	Senior Women -46kg	R32	204	LI Elizabeth	USA	SABERON Raeann	CAN	PTF	2:0
us-open-2026	Senior Women -46kg	R32	205	CALDERON Quetzalli	MEX	REID Layla	CAN	PTF	2:0
us-open-2026	Senior Women -46kg	R16	211	BASSETT Jaycee	CRC	AGUSTIN Kaelynn Ja	USA	PTF	2:0
us-open-2026	Senior Women -46kg	R16	212	ALERS Alannis Mich	PUR	GOEBEL Crosby	USA	PTF	2:0
us-open-2026	Senior Women -46kg	R16	213	FONSECA Caliana	USA	LI Elizabeth	USA	PTF	2:0
us-open-2026	Senior Women -46kg	R16	214	OKAZAKI Hinata	JPN	CALDERON Quetzalli	MEX	PTF	2:0
us-open-2026	Senior Women -46kg	QF	220	BASSETT Jaycee	CRC	ALERS Alannis Mich	PUR	PTF	2:0
us-open-2026	Senior Women -46kg	QF	221	FONSECA Caliana	USA	OKAZAKI Hinata	JPN	PTF	2:1
us-open-2026	Senior Women -46kg	SF	228	BASSETT Jaycee	CRC	FONSECA Caliana	USA	PTF	2:0
us-open-2026	Senior Women -46kg	R32	206	VAPNIK Katerina	USA	YU Jaslyn	USA	PTF	2:1
us-open-2026	Senior Women -46kg	R32	207	RANGEL Yusleny	USA	NANNY Isabella	USA	PTF	2:0
us-open-2026	Senior Women -46kg	R32	208	SUMNER Gunnar	USA	OROZCO Angelique	CAN	PTF	2:0
us-open-2026	Senior Women -46kg	R32	209	TORRES Marlene	USA	CHIRINOS Jaimar Sa	ARU	PTF	2:1
us-open-2026	Senior Women -46kg	R32	210	MUND Deeksha	USA	AMADOR Sarah	USA	PTF	2:0
us-open-2026	Senior Women -46kg	R16	215	SILVA Julia	BRA	VAPNIK Katerina	USA	PTF	2:0
us-open-2026	Senior Women -46kg	R16	216	GONZALEZ Samantha	MEX	RANGEL Yusleny	USA	PTF	2:0
us-open-2026	Senior Women -46kg	R16	217	SUMNER Gunnar	USA	TORRES Marlene	USA	PTF	2:0
us-open-2026	Senior Women -46kg	R16	218	SALIM Kamilah	HUN	MUND Deeksha	USA	PTF	2:0
us-open-2026	Senior Women -46kg	QF	222	SILVA Julia	BRA	GONZALEZ Samantha	MEX	PTF	2:0
us-open-2026	Senior Women -46kg	QF	223	SALIM Kamilah	HUN	SUMNER Gunnar	USA	PTF	2:0
us-open-2026	Senior Women -46kg	SF	229	SALIM Kamilah	HUN	SILVA Julia	BRA	PTF	2:0
us-open-2026	Senior Women -46kg	F	232	SALIM Kamilah	HUN	BASSETT Jaycee	CRC	PTF	2:0
us-open-2026	Senior Women +73kg	R16	219	ROMAN Naishka	PUR	BACA Parker	CAN	PTF	2:0
us-open-2026	Senior Women +73kg	QF	224	ALADE Naomi	USA	ROMAN Naishka	PUR	PTF	2:0
us-open-2026	Senior Women +73kg	QF	225	PEREIRA Raiany	BRA	GARCIA Paloma	MEX	PTF	2:0
us-open-2026	Senior Women +73kg	SF	230	ALADE Naomi	USA	PEREIRA Raiany	BRA	PTF	2:0
us-open-2026	Senior Women +73kg	QF	226	KECK Hannah	USA	VASCONCELOS Elis	BRA	PTF	2:0
us-open-2026	Senior Women +73kg	QF	227	FRADL Maelynn Emil	ARU	STEWART Reba	AUS	PTF	2:0
us-open-2026	Senior Women +73kg	SF	231	KECK Hannah	USA	FRADL Maelynn Emil	ARU	PTF	2:0
us-open-2026	Senior Women +73kg	F	233	ALADE Naomi	USA	KECK Hannah	USA	PTF	2:0
dominican-open-2026	Senior Men -87kg	R16	402	NOA Yunier Alexis	CUB	ALVAREZ Luis	VEN	RSC	
dominican-open-2026	Senior Men -87kg	R16	403	SOTO Luis German	COL	BERNARDEZ Wilmer	HON	DSQ	1:0
dominican-open-2026	Senior Men -87kg	R16	404	OROZCO Maickol	DOM	OSORIO Yesid F.	PUR	PTF	2:0
dominican-open-2026	Senior Men -87kg	QF	427	NAVARRO Oscar	MEX	NOA Yunier Alexis	CUB	PTF	2:0
dominican-open-2026	Senior Men -87kg	QF	428	SOTO Luis German	COL	OROZCO Maickol	DOM	PTF	2:0
dominican-open-2026	Senior Men -87kg	SF	445	NAVARRO Oscar	MEX	SOTO Luis German	COL	PTF	2:0
dominican-open-2026	Senior Men -87kg	R16	405	GIL Brayan	DOM	GONZALEZ Gabriel	WT	PTF	2:0
dominican-open-2026	Senior Men -87kg	R16	406	ROMERO Bruno	MEX	YOUNG Isaiah	USA	PTF	2:1
dominican-open-2026	Senior Men -87kg	R16	407	LOPEZ Jose	MEX	BOCIO Esquivel	DOM	PTF	2:0
dominican-open-2026	Senior Men -87kg	QF	429	ROMERO Bruno	MEX	GIL Brayan	DOM	PTF	2:0
dominican-open-2026	Senior Men -87kg	QF	430	LOPEZ Jose	MEX	CORRO Thiago Joaqu	ARG	PTF	2:0
dominican-open-2026	Senior Men -87kg	SF	446	ROMERO Bruno	MEX	LOPEZ Jose	MEX	PTF	2:0
dominican-open-2026	Senior Men -87kg	F	454	NAVARRO Oscar	MEX	ROMERO Bruno	MEX	PTF	2:0
dominican-open-2026	Senior Men -80kg	R32	301	NOGUERA Luis	VEN	CANALES Ian Pablo	MEX	PTF	2:1
dominican-open-2026	Senior Men -80kg	R16	306	TREJOS Miguel	COL	NOGUERA Luis	VEN	WDR	1:0
dominican-open-2026	Senior Men -80kg	R16	307	LALOAN Sean Jaylen	HAI	GONZALEZ Federico	URU	PTF	2:0
dominican-open-2026	Senior Men -80kg	R16	308	SEALY. Brandon	JAM	CORONADO Axel Javi	MEX	PTF	2:0
dominican-open-2026	Senior Men -80kg	R16	309	FLORES Alejandro	WT	MARRERO Miguel A.	PUR	PTF	2:1
dominican-open-2026	Senior Men -80kg	QF	330	TREJOS Miguel	COL	LALOAN Sean Jaylen	HAI	PTF	2:0
dominican-open-2026	Senior Men -80kg	QF	331	SEALY. Brandon	JAM	FLORES Alejandro	WT	PTF	2:1
dominican-open-2026	Senior Men -80kg	SF	346	TREJOS Miguel	COL	SEALY. Brandon	JAM	PTF	2:0
dominican-open-2026	Senior Men -80kg	R16	310	CASAS Iker	MEX	SOTO Amaury	PUR	PTF	2:0
dominican-open-2026	Senior Men -80kg	R16	311	CALDERON Kelvin	CUB	PIE Luis	DOM	PTF	2:0
dominican-open-2026	Senior Men -80kg	R16	312	MARTINEZ Pedro Lui	DOM	SANCHEZ Leonardo	MEX	PTF	2:0
dominican-open-2026	Senior Men -80kg	R16	313	ROBLETO David	NCA	SAENZ Martin Javie	ECU	PTF	2:0
dominican-open-2026	Senior Men -80kg	QF	332	CALDERON Kelvin	CUB	CASAS Iker	MEX	PUN	2:1
dominican-open-2026	Senior Men -80kg	QF	333	MARTINEZ Pedro Lui	DOM	ROBLETO David	NCA	PTF	2:0
dominican-open-2026	Senior Men -80kg	SF	347	CALDERON Kelvin	CUB	MARTINEZ Pedro Lui	DOM	PTF	2:0
dominican-open-2026	Senior Men -80kg	F	354	CALDERON Kelvin	CUB	TREJOS Miguel	COL	PTF	2:0
dominican-open-2026	Senior Men -74kg	R32	201	GARRIDO Jhon Deivi	COL	PEREZ Manuel	DOM	PTF	2:0
dominican-open-2026	Senior Men -74kg	R16	215	NAVA Ruben	MEX	GARRIDO Jhon Deivi	COL	WDR	1:0
dominican-open-2026	Senior Men -74kg	R16	216	ORTIZ Wilfredo	PUR	MCCRAY Josiah	ISV	PTF	2:0
dominican-open-2026	Senior Men -74kg	R16	217	DIAZ Luis Miguel	DOM	PINAS Samaki	SUR	PTF	2:0
dominican-open-2026	Senior Men -74kg	R16	218	POLICELI Santino	ARG	VALLENILLA Abrahan	VEN	PTF	2:0
dominican-open-2026	Senior Men -74kg	QF	239	NAVA Ruben	MEX	ORTIZ Wilfredo	PUR	PTF	2:0
dominican-open-2026	Senior Men -74kg	QF	240	POLICELI Santino	ARG	DIAZ Luis Miguel	DOM	PTF	2:1
dominican-open-2026	Senior Men -74kg	SF	251	NAVA Ruben	MEX	POLICELI Santino	ARG	PTF	2:0
dominican-open-2026	Senior Men -74kg	R32	202	SOSA Moises	VEN	PEREZ Luis Ricardo	ESA	PTF	2:0
dominican-open-2026	Senior Men -74kg	R32	203	GOMEZTAGLE Uriel	MEX	ORTIZ Mario M	PUR	PTF	2:0
dominican-open-2026	Senior Men -74kg	R16	219	PIE Bernardo	DOM	SOSA Moises	VEN	PTF	2:0
dominican-open-2026	Senior Men -74kg	R16	220	GIL Damian Steven	COL	WILSON Johann	TTO	PTF	2:0
dominican-open-2026	Senior Men -74kg	R16	221	GARCIA Juan Andres	COL	ZUNIGA Jonathan	NCA	PTF	2:0
dominican-open-2026	Senior Men -74kg	R16	222	GOMEZTAGLE Uriel	MEX	SOTO Juan Jose	WT	PTF	2:0
dominican-open-2026	Senior Men -74kg	QF	241	PIE Bernardo	DOM	GIL Damian Steven	COL	PTF	2:0
dominican-open-2026	Senior Men -74kg	QF	242	GARCIA Juan Andres	COL	GOMEZTAGLE Uriel	MEX	PTF	2:0
dominican-open-2026	Senior Men -74kg	SF	252	PIE Bernardo	DOM	GARCIA Juan Andres	COL	PTF	2:0
dominican-open-2026	Senior Men -74kg	F	257	NAVA Ruben	MEX	PIE Bernardo	DOM	PTF	2:0
dominican-open-2026	Senior Men -68kg	R32	204	VICENTE Rabbin	HON	GARCIA Gustavo And	PUR	PTF	2:0
dominican-open-2026	Senior Men -68kg	R32	205	GONZALEZ Wander	DOM	PAZ David Felipe	COL	PTF	2:0
dominican-open-2026	Senior Men -68kg	R32	206	GOMEZ Daniel Felip	COL	TAVERAS Saul Ismae	DOM	PTF	2:1
dominican-open-2026	Senior Men -68kg	R32	207	LUIS Carlos Manuel	CUB	ORTIZ Mario G.	PUR	PTF	2:0
dominican-open-2026	Senior Men -68kg	R16	223	ACUNA Jose Luis	ARG	VICENTE Rabbin	HON	PTF	2:0
dominican-open-2026	Senior Men -68kg	R16	224	GONZALEZ Wander	DOM	DOEBE Samero	SUR	PTF	2:0
dominican-open-2026	Senior Men -68kg	R16	225	GOMEZ Daniel Felip	COL	ONTIVEROS Luis Mau	MEX	PTF	2:1
dominican-open-2026	Senior Men -68kg	R16	226	LOPEZ Matias	URU	LUIS Carlos Manuel	CUB	PTF	2:1
dominican-open-2026	Senior Men -68kg	QF	243	GONZALEZ Wander	DOM	ACUNA Jose Luis	ARG	PTF	2:0
dominican-open-2026	Senior Men -68kg	QF	244	LOPEZ Matias	URU	GOMEZ Daniel Felip	COL	PTF	2:0
dominican-open-2026	Senior Men -68kg	SF	253	GONZALEZ Wander	DOM	LOPEZ Matias	URU	PTF	2:1
dominican-open-2026	Senior Men -68kg	R32	208	NAZARIO Edgardo	PUR	MARTINEZ Angel	MEX	PTF	2:1
dominican-open-2026	Senior Men -68kg	R32	209	PEDRAZA Jeshuath	VEN	ALVAREZ Ariel	NCA	PTF	2:1
dominican-open-2026	Senior Men -68kg	R32	210	HERNANDEZ Alex Teo	ECU	JEAN-BAPTISTE Matt	HAI	PTF	2:1
dominican-open-2026	Senior Men -68kg	R32	211	FABIAN Jesus Manue	DOM	TORRES Nelson	PUR	PTF	2:0
dominican-open-2026	Senior Men -68kg	R16	227	CANTERO Brian Jose	CUB	NAZARIO Edgardo	PUR	PTF	2:0
dominican-open-2026	Senior Men -68kg	R16	228	DE Luis	PUR	PEDRAZA Jeshuath	VEN	PTF	2:0
dominican-open-2026	Senior Men -68kg	R16	229	DE Nicolas	DOM	HERNANDEZ Alex Teo	ECU	PTF	2:0
dominican-open-2026	Senior Men -68kg	R16	230	VALDES David	MEX	FABIAN Jesus Manue	DOM	PTF	2:0
dominican-open-2026	Senior Men -68kg	QF	245	CANTERO Brian Jose	CUB	DE Luis	PUR	PTF	2:1
dominican-open-2026	Senior Men -68kg	QF	246	VALDES David	MEX	DE Nicolas	DOM	PTF	2:0
dominican-open-2026	Senior Men -68kg	SF	254	VALDES David	MEX	CANTERO Brian Jose	CUB	PTF	2:1
dominican-open-2026	Senior Men -68kg	F	258	GONZALEZ Wander	DOM	VALDES David	MEX	PTF	2:1
dominican-open-2026	Senior Men -63kg	R32	212	OCHOA Jefferson	COL	REYES Luis	DOM	PTF	2:0
dominican-open-2026	Senior Men -63kg	R16	231	GRANADO Yohandri	VEN	OCHOA Jefferson	COL	PTF	2:0
dominican-open-2026	Senior Men -63kg	R16	232	PENALBA Adrian	PAN	TAVAREZ Carlos	PUR	PTF	2:0
dominican-open-2026	Senior Men -63kg	R16	233	SALVATIERRA Carlos	GUA	REYES Moises	DOM	PTF	2:0
dominican-open-2026	Senior Men -63kg	R16	234	ALLEN Chris	USA	DIAZ Juan Jose	PUR	PTF	2:0
dominican-open-2026	Senior Men -63kg	QF	247	GRANADO Yohandri	VEN	PENALBA Adrian	PAN	PTF	2:0
dominican-open-2026	Senior Men -63kg	QF	248	ALLEN Chris	USA	SALVATIERRA Carlos	GUA	PTF	2:1
dominican-open-2026	Senior Men -63kg	SF	255	GRANADO Yohandri	VEN	ALLEN Chris	USA	PTF	2:0
dominican-open-2026	Senior Men -63kg	R32	213	JOSEPH Pedro	DOM	LEW Michah	SUR	PTF	2:0
dominican-open-2026	Senior Men -63kg	R32	214	ROSARIO Alejandro	DOM	HEFFELFINGER-GARCI	PUR	PTF	2:0
dominican-open-2026	Senior Men -63kg	R16	235	JOSEPH Pedro	DOM	RAMIREZ Mauricio	ECU	PTF	2:0
dominican-open-2026	Senior Men -63kg	R16	236	CHEVEZ John Josue	WT	BLANCO Aldo	NCA	PTF	2:0
dominican-open-2026	Senior Men -63kg	R16	237	YUPANQUI Fabian	PER	HERNANDEZ Rene	ESA	PTF	2:1
dominican-open-2026	Senior Men -63kg	R16	238	MILLAN David	MEX	ROSARIO Alejandro	DOM	PTF	2:0
dominican-open-2026	Senior Men -63kg	QF	249	CHEVEZ John Josue	WT	JOSEPH Pedro	DOM	PTF	2:0
dominican-open-2026	Senior Men -63kg	QF	250	MILLAN David	MEX	YUPANQUI Fabian	PER	PTF	2:1
dominican-open-2026	Senior Men -63kg	SF	256	MILLAN David	MEX	CHEVEZ John Josue	WT	PTF	2:0
dominican-open-2026	Senior Men -63kg	F	259	MILLAN David	MEX	GRANADO Yohandri	VEN	PTF	2:0
dominican-open-2026	Senior Men -58kg	R16	101	MC Dominique	WT	ALONZO Ian Paolo	HON	RSC	2:0
dominican-open-2026	Senior Men -58kg	R16	102	HERNANDEZ Ivan	VEN	FUENTES David	GUA	PTF	2:0
dominican-open-2026	Senior Men -58kg	R16	103	REYES Cristofer	DOM	JEAN-BAPTISTE Greg	HAI	PTF	2:0
dominican-open-2026	Senior Men -58kg	QF	126	MC Dominique	WT	ONGGOSANUSI Clemen	VAN	PTF	2:1
dominican-open-2026	Senior Men -58kg	QF	127	HERNANDEZ Ivan	VEN	REYES Cristofer	DOM	PTF	2:0
dominican-open-2026	Senior Men -58kg	SF	142	HERNANDEZ Ivan	VEN	MC Dominique	WT	PTF	2:0
dominican-open-2026	Senior Men -58kg	R16	104	PEREZ Zaid Yael	MEX	MADE Jose Manuel	DOM	DSQ	1:0
dominican-open-2026	Senior Men -58kg	R16	105	ESPINOLA Ignacio	ARG	SORIA Justin	CUB	PTF	2:0
dominican-open-2026	Senior Men -58kg	R16	106	DE Moises	DOM	DIAZ Jhoel	VEN	PTF	2:0
dominican-open-2026	Senior Men -58kg	R16	107	RODRIGUEZ Ilay	PUR	RAMIREZ Daniel Jah	COL	PTF	2:0
dominican-open-2026	Senior Men -58kg	QF	128	PEREZ Zaid Yael	MEX	ESPINOLA Ignacio	ARG	PTF	2:1
dominican-open-2026	Senior Men -58kg	QF	129	RODRIGUEZ Ilay	PUR	DE Moises	DOM	PTF	2:0
dominican-open-2026	Senior Men -58kg	SF	143	RODRIGUEZ Ilay	PUR	PEREZ Zaid Yael	MEX	PTF	2:0
dominican-open-2026	Senior Men -58kg	F	150	RODRIGUEZ Ilay	PUR	HERNANDEZ Ivan	VEN	PTF	2:0
dominican-open-2026	Senior Men -54kg	R16	108	REYES Jaime David	DOM	MERY Byron	ECU	PTF	2:1
dominican-open-2026	Senior Men -54kg	R16	109	MIDENCE Derek Davi	HON	VAZQUEZ Axel Danie	MEX	RSC	1:0
dominican-open-2026	Senior Men -54kg	R16	110	GONZALEZ Kevin Ern	CUB	ARIAS Alejandro Jo	WT	PTF	2:0
dominican-open-2026	Senior Men -54kg	QF	130	GUN Youngsuk Ethan	USA	REYES Jaime David	DOM	PTF	2:1
dominican-open-2026	Senior Men -54kg	QF	131	GONZALEZ Kevin Ern	CUB	MIDENCE Derek Davi	HON	WDR	
dominican-open-2026	Senior Men -54kg	SF	144	GUN Youngsuk Ethan	USA	GONZALEZ Kevin Ern	CUB	PTF	2:0
dominican-open-2026	Senior Men -54kg	R16	111	DE Wilfrido	DOM	CAEZ Jose G	PUR	PTF	2:0
dominican-open-2026	Senior Men -54kg	R16	112	GRIMALDO Juan	VEN	ECHAVARRI Sebastia	MEX	PTF	2:0
dominican-open-2026	Senior Men -54kg	R16	113	VANEGAS Juan Felip	COL	MARTE Pablo Jose	DOM	PTF	2:0
dominican-open-2026	Senior Men -54kg	R16	114	GARCIA Angelberto	MEX	ESCANGE Philippe K	HAI	PTF	2:0
dominican-open-2026	Senior Men -54kg	QF	132	DE Wilfrido	DOM	GRIMALDO Juan	VEN	PTF	2:0
dominican-open-2026	Senior Men -54kg	QF	133	GARCIA Angelberto	MEX	VANEGAS Juan Felip	COL	PTF	2:0
dominican-open-2026	Senior Men -54kg	SF	145	GARCIA Angelberto	MEX	DE Wilfrido	DOM	PTF	2:1
dominican-open-2026	Senior Men -54kg	F	151	GUN Youngsuk Ethan	USA	GARCIA Angelberto	MEX	PTF	2:1
dominican-open-2026	Senior Men +87kg	R16	408	HERNANDEZ Moises	DOM	OYOLA Yaviel I.	PUR	PTF	2:0
dominican-open-2026	Senior Men +87kg	QF	431	SANSORES Carlos	MEX	HERNANDEZ Moises	DOM	PTF	2:0
dominican-open-2026	Senior Men +87kg	QF	432	NIEVES Victor Manu	PUR	HOLDER Chioke	BAR	PTF	2:0
dominican-open-2026	Senior Men +87kg	SF	447	SANSORES Carlos	MEX	NIEVES Victor Manu	PUR	WDR	1:0
dominican-open-2026	Senior Men +87kg	R16	409	NAZARENO Cesar	ECU	FELIZ Pablo Steven	DOM	PTF	2:0
dominican-open-2026	Senior Men +87kg	QF	433	GOICOCHEA Yoikel D	CUB	SILVA Cesar Daniel	COL	PTF	2:0
dominican-open-2026	Senior Men +87kg	QF	434	NAZARENO Cesar	ECU	WEBB Julian	WT	PTF	2:0
dominican-open-2026	Senior Men +87kg	SF	448	GOICOCHEA Yoikel D	CUB	NAZARENO Cesar	ECU	PTF	2:0
dominican-open-2026	Senior Men +87kg	F	455	SANSORES Carlos	MEX	GOICOCHEA Yoikel D	CUB	PTF	2:1
dominican-open-2026	Senior Women -73kg	R16	410	PAZ Kiara Nikol	COL	FERNANDEZ Carolina	VEN	PTF	2:0
dominican-open-2026	Senior Women -73kg	QF	435	LEE Ava Soon	HAI	PAZ Kiara Nikol	COL	PTF	1:0
dominican-open-2026	Senior Women -73kg	QF	436	RODRIGUEZ Madelyn	DOM	ACOSTA Arlettys De	CUB	PTF	2:0
dominican-open-2026	Senior Women -73kg	SF	449	LEE Ava Soon	HAI	RODRIGUEZ Madelyn	DOM	PTF	2:0
dominican-open-2026	Senior Women -73kg	R16	411	ZAMBRANA Franaydum	NCA	MORAN Geisha	DOM	PTF	2:0
dominican-open-2026	Senior Women -73kg	R16	412	LOVAGLIO Isabella	MEX	CARTAGENA Mayra Ma	HON	PTF	2:0
dominican-open-2026	Senior Women -73kg	QF	437	RIVAS Victoria	ARG	ZAMBRANA Franaydum	NCA	PTF	2:0
dominican-open-2026	Senior Women -73kg	QF	438	OLIVEIRA Mikaela	BRA	LOVAGLIO Isabella	MEX	PTF	2:0
dominican-open-2026	Senior Women -73kg	SF	450	RIVAS Victoria	ARG	OLIVEIRA Mikaela	BRA	PTF	2:0
dominican-open-2026	Senior Women -73kg	F	456	LEE Ava Soon	HAI	RIVAS Victoria	ARG	PTF	2:0
dominican-open-2026	Senior Women -67kg	R16	322	FOLLECO Dayana	ECU	HAZOURY Betsabe	DOM	PTF	2:0
dominican-open-2026	Senior Women -67kg	QF	338	SOLTERO Leslie	MEX	FOLLECO Dayana	ECU	PTF	2:0
dominican-open-2026	Senior Women -67kg	QF	339	LEON Anaisel	CUB	CORNEJO Madisson	GUA	PTF	2:0
dominican-open-2026	Senior Women -67kg	SF	350	SOLTERO Leslie	MEX	LEON Anaisel	CUB	PTF	2:1
dominican-open-2026	Senior Women -67kg	QF	340	CLEMENTE Hillary	VEN	LOPEZ Sheylee Daya	HON	PTF	2:0
dominican-open-2026	Senior Women -67kg	QF	341	RODRIGUEZ Karla Le	MEX	ROLDAN Jennifer Ga	ESA	PTF	2:0
dominican-open-2026	Senior Women -67kg	SF	351	RODRIGUEZ Karla Le	MEX	CLEMENTE Hillary	VEN	PTF	2:0
dominican-open-2026	Senior Women -67kg	F	356	SOLTERO Leslie	MEX	RODRIGUEZ Karla Le	MEX	WDR	1:0
dominican-open-2026	Senior Women -62kg	R32	401	MALAGON Laura Nata	COL	RODRÍGUEZ Lorena M	DOM	DSQ	1:0
dominican-open-2026	Senior Women -62kg	R16	415	MALAGON Laura Nata	COL	SOTO Isuangelis	PUR	PTF	2:0
dominican-open-2026	Senior Women -62kg	R16	416	BASTIDAS Naholy	VEN	CASTILLO Luisa	GUA	PTF	2:0
dominican-open-2026	Senior Women -62kg	R16	417	GARCIA Michelle	DOM	VANEGAS Mariling	NCA	PTF	2:0
dominican-open-2026	Senior Women -62kg	R16	418	GREENWOOD Makayla	USA	MORALES Britney Li	CUB	PTF	2:0
dominican-open-2026	Senior Women -62kg	QF	423	MALAGON Laura Nata	COL	BASTIDAS Naholy	VEN	PTF	2:0
dominican-open-2026	Senior Women -62kg	QF	424	GREENWOOD Makayla	USA	GARCIA Michelle	DOM	PTF	2:0
dominican-open-2026	Senior Women -62kg	SF	443	GREENWOOD Makayla	USA	MALAGON Laura Nata	COL	PTF	2:0
dominican-open-2026	Senior Women -62kg	R16	419	MEJIA Mayerlin Yan	DOM	SELLAS Jathmarilys	PUR	PTF	2:1
dominican-open-2026	Senior Women -62kg	R16	420	SOSA Maria Fernand	CUB	SULBARAN Alexmar	VEN	PTF	2:1
dominican-open-2026	Senior Women -62kg	R16	421	CERVANTES Luz Nohe	MEX	FUENTES Jennifer	VEN	PTF	2:1
dominican-open-2026	Senior Women -62kg	R16	422	RUIZ Brenda Anahi	ARG	ESCALANTE Zulema A	HON	PTF	2:0
dominican-open-2026	Senior Women -62kg	QF	425	SOSA Maria Fernand	CUB	MEJIA Mayerlin Yan	DOM	PTF	2:0
dominican-open-2026	Senior Women -62kg	QF	426	RUIZ Brenda Anahi	ARG	CERVANTES Luz Nohe	MEX	PTF	2:1
dominican-open-2026	Senior Women -62kg	SF	444	SOSA Maria Fernand	CUB	RUIZ Brenda Anahi	ARG	PTF	2:0
dominican-open-2026	Senior Women -62kg	F	453	GREENWOOD Makayla	USA	SOSA Maria Fernand	CUB	PTF	2:0
dominican-open-2026	Senior Women -57kg	R32	302	GARZON Marjorie Da	ECU	MACEA Aleysha Dari	ARU	PTF	2:1
dominican-open-2026	Senior Women -57kg	R32	303	SALDANA Angelyn Sm	COL	PENA Maria Idalia	DOM	PTF	2:0
dominican-open-2026	Senior Women -57kg	R16	314	LINDO Neshi Lee	WT	GARZON Marjorie Da	ECU	PTF	2:0
dominican-open-2026	Senior Women -57kg	R16	315	JOSEPH Skye	TTO	MEDINA Juliana	PUR	PTF	2:1
dominican-open-2026	Senior Women -57kg	R16	316	PAEZ Bertha	MEX	BONILLA Andrialis	DOM	PTF	2:0
dominican-open-2026	Senior Women -57kg	R16	317	SALDANA Angelyn Sm	COL	DELGADO Andrea	PUR	PTF	2:0
dominican-open-2026	Senior Women -57kg	QF	334	LINDO Neshi Lee	WT	JOSEPH Skye	TTO	PTF	2:0
dominican-open-2026	Senior Women -57kg	QF	335	PAEZ Bertha	MEX	SALDANA Angelyn Sm	COL	PTF	2:1
dominican-open-2026	Senior Women -57kg	SF	348	PAEZ Bertha	MEX	LINDO Neshi Lee	WT	PTF	2:1
dominican-open-2026	Senior Women -57kg	R32	304	GALLO Luna Catalin	COL	BAEZ Sofia	PUR	PTF	2:0
dominican-open-2026	Senior Women -57kg	R32	305	MORALES Valeria	WT	GUANGA Miley Domen	ECU	PTF	2:0
dominican-open-2026	Senior Women -57kg	R16	318	ROBLES Tamara	CUB	GALLO Luna Catalin	COL	PTF	2:0
dominican-open-2026	Senior Women -57kg	R16	319	SEPULVEDA Maria Ju	ARG	YAN Allison	USA	PTF	1:1
dominican-open-2026	Senior Women -57kg	R16	320	BONGSOMENGGOLO Yad	SUR	DE Darianny	DOM	PTF	2:0
dominican-open-2026	Senior Women -57kg	R16	321	SALGADO Zaira Paul	MEX	MORALES Valeria	WT	PTF	2:1
dominican-open-2026	Senior Women -57kg	QF	336	ROBLES Tamara	CUB	SEPULVEDA Maria Ju	ARG	PTF	2:0
dominican-open-2026	Senior Women -57kg	QF	337	SALGADO Zaira Paul	MEX	BONGSOMENGGOLO Yad	SUR	PTF	2:0
dominican-open-2026	Senior Women -57kg	SF	349	ROBLES Tamara	CUB	SALGADO Zaira Paul	MEX	PTF	2:0
dominican-open-2026	Senior Women -57kg	F	355	PAEZ Bertha	MEX	ROBLES Tamara	CUB	PTF	2:1
dominican-open-2026	Senior Women -53kg	R16	323	SANTOS Cariani Isa	DOM	RIBALTA Haila De L	CUB	PTF	2:1
dominican-open-2026	Senior Women -53kg	R16	324	ALMENDAREZ Ashley	HON	GUZMAN Celeste	ESA	PTF	2:1
dominican-open-2026	Senior Women -53kg	R16	325	BORGES Noris	VEN	CABRERA Beira	PUR	PTF	2:0
dominican-open-2026	Senior Women -53kg	QF	342	FERREIRA Nadia	MEX	SANTOS Cariani Isa	DOM	PTF	2:0
dominican-open-2026	Senior Women -53kg	QF	343	ALMENDAREZ Ashley	HON	BORGES Noris	VEN	PTF	2:1
dominican-open-2026	Senior Women -53kg	SF	352	FERREIRA Nadia	MEX	ALMENDAREZ Ashley	HON	PTF	2:0
dominican-open-2026	Senior Women -53kg	R16	326	VICTOR Nahomy	DOM	ALVAREZ Cynthia A.	PUR	PTF	2:0
dominican-open-2026	Senior Women -53kg	R16	327	MENDEZ Karen Miche	COL	AGUILAR Andrea Sof	ESA	PTF	2:0
dominican-open-2026	Senior Women -53kg	R16	328	MARTINEZ Ninoshka	PUR	SALCEDO Edileny	DOM	PTF	2:1
dominican-open-2026	Senior Women -53kg	R16	329	PEREZ Marlyn	CUB	SANCHO Laura	WT	PTF	2:0
dominican-open-2026	Senior Women -53kg	QF	344	VICTOR Nahomy	DOM	MENDEZ Karen Miche	COL	PTF	2:1
dominican-open-2026	Senior Women -53kg	QF	345	PEREZ Marlyn	CUB	MARTINEZ Ninoshka	PUR	PTF	2:0
dominican-open-2026	Senior Women -53kg	SF	353	PEREZ Marlyn	CUB	VICTOR Nahomy	DOM	PTF	2:1
dominican-open-2026	Senior Women -53kg	F	357	FERREIRA Nadia	MEX	PEREZ Marlyn	CUB	PTF	2:0
dominican-open-2026	Senior Women -49kg	R16	115	SOUZA Daniela Paol	MEX	NATTO Anaxana	JAM	PTF	2:0
dominican-open-2026	Senior Women -49kg	R16	116	PIMENTEL Mariangel	DOM	KOENDJBIHARIE Mien	SUR	PTF	2:0
dominican-open-2026	Senior Women -49kg	R16	117	DELLAN Virginia	VEN	ASCANIO Nailys	VEN	PTF	2:0
dominican-open-2026	Senior Women -49kg	R16	118	WAY Nicolle	GUA	AMADOR Isabella La	DOM	PTF	2:0
dominican-open-2026	Senior Women -49kg	QF	134	SOUZA Daniela Paol	MEX	PIMENTEL Mariangel	DOM	PTF	2:0
dominican-open-2026	Senior Women -49kg	QF	135	WAY Nicolle	GUA	DELLAN Virginia	VEN	PTF	2:1
dominican-open-2026	Senior Women -49kg	SF	146	SOUZA Daniela Paol	MEX	WAY Nicolle	GUA	PTF	2:0
dominican-open-2026	Senior Women -49kg	R16	119	ZAMBRANO Andrea Ma	MEX	LARA Vanessa	DOM	DSQ	1:0
dominican-open-2026	Senior Women -49kg	R16	120	PEDRAZA Yuliennys	VEN	CRUZ Katelyn	PUR	PTF	2:0
dominican-open-2026	Senior Women -49kg	R16	121	VINAVAL Maia	ARG	CHIRINOS Jaimar Sa	ARU	PTF	2:0
dominican-open-2026	Senior Women -49kg	R16	122	PETERSON Ceili	GUY	MONELL Alondra	PUR	PTF	2:0
dominican-open-2026	Senior Women -49kg	QF	136	ZAMBRANO Andrea Ma	MEX	PEDRAZA Yuliennys	VEN	PTF	2:0
dominican-open-2026	Senior Women -49kg	QF	137	PETERSON Ceili	GUY	VINAVAL Maia	ARG	PTF	2:0
dominican-open-2026	Senior Women -49kg	SF	147	ZAMBRANO Andrea Ma	MEX	PETERSON Ceili	GUY	PTF	2:0
dominican-open-2026	Senior Women -49kg	F	152	SOUZA Daniela Paol	MEX	ZAMBRANO Andrea Ma	MEX	WDR	1:0
dominican-open-2026	Senior Women -46kg	R16	123	CARPIO Ashley Yosm	DOM	HERNANDEZ Fernanda	MEX	PTF	2:0
dominican-open-2026	Senior Women -46kg	QF	138	BASSETT Jaycee	WT	CARPIO Ashley Yosm	DOM	PTF	2:0
dominican-open-2026	Senior Women -46kg	QF	139	ARELLANO Joana	MEX	MUND Deeksha	USA	PTF	2:0
dominican-open-2026	Senior Women -46kg	SF	148	ARELLANO Joana	MEX	BASSETT Jaycee	WT	PTF	2:0
dominican-open-2026	Senior Women -46kg	R16	124	CAICEDO Joceline M	ECU	PALLAIS Alexa	NCA	PTF	2:0
dominican-open-2026	Senior Women -46kg	R16	125	NATTO Alexandra En	JAM	BERMUDEZ Alanis	PUR	PTF	2:1
dominican-open-2026	Senior Women -46kg	QF	140	CAICEDO Joceline M	ECU	QUINTANA Valentina	GUA	PTF	2:0
dominican-open-2026	Senior Women -46kg	QF	141	ALERS Alannis Mich	PUR	NATTO Alexandra En	JAM	PTF	2:0
dominican-open-2026	Senior Women -46kg	SF	149	CAICEDO Joceline M	ECU	ALERS Alannis Mich	PUR	PTF	2:0
dominican-open-2026	Senior Women -46kg	F	153	CAICEDO Joceline M	ECU	ARELLANO Joana	MEX	PTF	2:1
dominican-open-2026	Senior Women +73kg	R16	413	ESPINOZA Matvelin	ECU	DE Marlin Nalleli	DOM	PTF	2:0
dominican-open-2026	Senior Women +73kg	QF	439	ESPINOZA Matvelin	ECU	GARCIA Paloma	MEX	PTF	2:0
dominican-open-2026	Senior Women +73kg	QF	440	CRESPO Elianet Mar	CUB	GONZALEZ Maria	VEN	PTF	2:0
dominican-open-2026	Senior Women +73kg	SF	451	CRESPO Elianet Mar	CUB	ESPINOZA Matvelin	ECU	PTF	2:0
dominican-open-2026	Senior Women +73kg	R16	414	RODRIGUEZ Katherin	DOM	BENAVIDES Ludy Jan	ECU	PTF	2:0
dominican-open-2026	Senior Women +73kg	QF	441	GLORIA Mosquera	COL	ROMAN Naishka	PUR	PTF	2:0
dominican-open-2026	Senior Women +73kg	QF	442	RODRIGUEZ Katherin	DOM	FRADL Maelynn Emil	ARU	PTF	2:0
dominican-open-2026	Senior Women +73kg	SF	452	GLORIA Mosquera	COL	RODRIGUEZ Katherin	DOM	PTF	2:1
dominican-open-2026	Senior Women +73kg	F	457	GLORIA Mosquera	COL	CRESPO Elianet Mar	CUB	PTF	2:0
solidarity-center-open-2026	Senior Men -87kg	R16	514	VEDIE Florian	FRA	GONZALES Rosswald	FRA	PTF	2:1
solidarity-center-open-2026	Senior Men -87kg	QF	519	MANSOURI Farzad	TRT	VEDIE Florian	FRA	PTF	2:0
solidarity-center-open-2026	Senior Men -87kg	QF	520	SAWADOGO Faysal	GER	HOERMANN Vincent	GER	PTF	2:0
solidarity-center-open-2026	Senior Men -87kg	SF	525	MANSOURI Farzad	TRT	SAWADOGO Faysal	GER	PTF	2:0
solidarity-center-open-2026	Senior Men -87kg	QF	521	MOKHTARI Mohammad	TRT	HISENI Luan	GER	PTF	2:0
solidarity-center-open-2026	Senior Men -87kg	QF	522	ABEDINI Mehdi	TRT	ALVES Tiago	POR	PTF	2:0
solidarity-center-open-2026	Senior Men -87kg	SF	526	ABEDINI Mehdi	TRT	MOKHTARI Mohammad	TRT	PTF	2:0
solidarity-center-open-2026	Senior Men -87kg	F	528	ABEDINI Mehdi	TRT	MANSOURI Farzad	TRT	PTF	2:0
solidarity-center-open-2026	Senior Men -80kg	R16	402	TAHRAOUI Yanis	FRA	AGBOGBE Oswin	FRA	PTF	2:1
solidarity-center-open-2026	Senior Men -80kg	R16	403	KONATE Mohamed	CIV	GALLAND Warrick	SUI	PTF	2:1
solidarity-center-open-2026	Senior Men -80kg	R16	404	MAKHOUKH Mazine	FRA	ALIPOUR Sohrab	GBR	PTF	2:1
solidarity-center-open-2026	Senior Men -80kg	QF	421	ZARHOUTI Haitam	MAR	TAHRAOUI Yanis	FRA	PTF	2:1
solidarity-center-open-2026	Senior Men -80kg	QF	422	KONATE Mohamed	CIV	MAKHOUKH Mazine	FRA	PTF	2:0
solidarity-center-open-2026	Senior Men -80kg	SF	429	ZARHOUTI Haitam	MAR	KONATE Mohamed	CIV	PTF	2:0
solidarity-center-open-2026	Senior Men -80kg	R16	405	GUMUS Kaan	GER	DEGILA Francois Da	FRA	PTF	2:0
solidarity-center-open-2026	Senior Men -80kg	R16	406	MIGUEL Moncef	FRA	BREGNBALLE Emil	DEN	PTF	2:0
solidarity-center-open-2026	Senior Men -80kg	R16	407	LAWSON Matheo	TOG	STAVROPOULOS Theoh	GBR	PTF	2:0
solidarity-center-open-2026	Senior Men -80kg	R16	408	PAPADOPOULOS Ioann	GRE	BARRY Ayman	FRA	PTF	2:0
solidarity-center-open-2026	Senior Men -80kg	QF	423	GUMUS Kaan	GER	MIGUEL Moncef	FRA	WDR	2:0
solidarity-center-open-2026	Senior Men -80kg	QF	424	LAWSON Matheo	TOG	PAPADOPOULOS Ioann	GRE	PTF	2:1
solidarity-center-open-2026	Senior Men -80kg	SF	430	GUMUS Kaan	GER	LAWSON Matheo	TOG	PTF	2:0
solidarity-center-open-2026	Senior Men -80kg	F	434	ZARHOUTI Haitam	MAR	GUMUS Kaan	GER	PTF	2:0
solidarity-center-open-2026	Senior Men -74kg	R32	601	AYDIN Enes	FRA	BELKACEMI Amir	FRA	PTF	2:0
solidarity-center-open-2026	Senior Men -74kg	R32	602	WEISS Philip Julia	GER	MAMIE Leonard	FRA	PTF	2:0
solidarity-center-open-2026	Senior Men -74kg	R16	605	POLAT Mehmet Kani	TUR	AYDIN Enes	FRA	PTF	2:0
solidarity-center-open-2026	Senior Men -74kg	R16	606	MANE Aliou	FRA	AALIOUI Moussa	FRA	PTF	2:0
solidarity-center-open-2026	Senior Men -74kg	R16	607	HILAL Yassine	CAN	VAN Sjoerd	NED	PTF	2:0
solidarity-center-open-2026	Senior Men -74kg	R16	608	WEIDUM Dion	NED	WEISS Philip Julia	GER	PTF	2:0
solidarity-center-open-2026	Senior Men -74kg	QF	614	POLAT Mehmet Kani	TUR	MANE Aliou	FRA	PTF	2:0
solidarity-center-open-2026	Senior Men -74kg	QF	615	HILAL Yassine	CAN	WEIDUM Dion	NED	PTF	2:1
solidarity-center-open-2026	Senior Men -74kg	SF	622	POLAT Mehmet Kani	TUR	HILAL Yassine	CAN	RSC	1:0
solidarity-center-open-2026	Senior Men -74kg	R32	603	HOLJEVIC Karlo	CRO	ZAEGEL Amine	FRA	PTF	2:0
solidarity-center-open-2026	Senior Men -74kg	R32	604	GUILLET Erawan	FRA	HUSSEIN Ulat	GER	PTF	2:1
solidarity-center-open-2026	Senior Men -74kg	R16	609	HOLJEVIC Karlo	CRO	COSTA Diogo Rafael	POR	PTF	2:0
solidarity-center-open-2026	Senior Men -74kg	R16	610	FOFANA Seydou	MLI	DUSSAN Baptiste	FRA	PTF	2:0
solidarity-center-open-2026	Senior Men -74kg	R16	611	MENDONCA Pedro	POR	MANUKJAN Moses	GER	PTF	2:1
solidarity-center-open-2026	Senior Men -74kg	R16	612	GUILLET Erawan	FRA	DOYLE Ryan	IRL	PTF	2:1
solidarity-center-open-2026	Senior Men -74kg	QF	616	FOFANA Seydou	MLI	HOLJEVIC Karlo	CRO	PTF	2:0
solidarity-center-open-2026	Senior Men -74kg	QF	617	GUILLET Erawan	FRA	MENDONCA Pedro	POR	PTF	2:0
solidarity-center-open-2026	Senior Men -74kg	SF	623	FOFANA Seydou	MLI	GUILLET Erawan	FRA	PTF	1:0
solidarity-center-open-2026	Senior Men -74kg	F	626	POLAT Mehmet Kani	TUR	FOFANA Seydou	MLI	PTF	2:0
solidarity-center-open-2026	Senior Men -68kg	R32	501	AGAPOV Dmytriy	POR	LEMOUDDA Mehdi	FRA	PTF	2:0
solidarity-center-open-2026	Senior Men -68kg	R32	502	BONNA Baptiste	FRA	KAMA Mohamed	FGT	WDR	2:0
solidarity-center-open-2026	Senior Men -68kg	R32	503	GOGOA Elfried	FRA	BOURHALLA Nour	SUI	PTF	2:0
solidarity-center-open-2026	Senior Men -68kg	R16	506	COULIBALY Sekou	LUX	AGAPOV Dmytriy	POR	PTF	2:0
solidarity-center-open-2026	Senior Men -68kg	R16	507	CAVUSMAN Emre	GER	NEYI Esrom	TRT	PTF	2:0
solidarity-center-open-2026	Senior Men -68kg	R16	508	CAVUSMAN Aslan Eym	GER	BONNA Baptiste	FRA	PTF	2:0
solidarity-center-open-2026	Senior Men -68kg	R16	509	AL Yahya	TRT	GOGOA Elfried	FRA	PTF	2:0
solidarity-center-open-2026	Senior Men -68kg	QF	515	CAVUSMAN Emre	GER	COULIBALY Sekou	LUX	PTF	2:1
solidarity-center-open-2026	Senior Men -68kg	QF	516	CAVUSMAN Aslan Eym	GER	AL Yahya	TRT	PTF	2:0
solidarity-center-open-2026	Senior Men -68kg	SF	523	CAVUSMAN Emre	GER	CAVUSMAN Aslan Eym	GER	WDR	1:0
solidarity-center-open-2026	Senior Men -68kg	R32	504	SOUSA Francisco	POR	BOUMEDIENE Aymen	FRA	PTF	2:0
solidarity-center-open-2026	Senior Men -68kg	R32	505	KONATE Ben Younous	CIV	KHAKSAR Shahram	GER	PTF	2:0
solidarity-center-open-2026	Senior Men -68kg	R16	510	VAN Jesse	NED	SOUSA Francisco	POR	PTF	2:0
solidarity-center-open-2026	Senior Men -68kg	R16	511	SPRECA Andrea	ITA	KOBENAN Aaron Fran	CIV	PTF	2:0
solidarity-center-open-2026	Senior Men -68kg	R16	512	HILAL Ali	CAN	SETTA Hamad	DEN	PTF	2:0
solidarity-center-open-2026	Senior Men -68kg	R16	513	HYTTEL Tobias	DEN	KONATE Ben Younous	CIV	PTF	2:0
solidarity-center-open-2026	Senior Men -68kg	QF	517	VAN Jesse	NED	SPRECA Andrea	ITA	PTF	2:0
solidarity-center-open-2026	Senior Men -68kg	QF	518	HYTTEL Tobias	DEN	HILAL Ali	CAN	PTF	2:1
solidarity-center-open-2026	Senior Men -68kg	SF	524	HYTTEL Tobias	DEN	VAN Jesse	NED	PTF	2:1
solidarity-center-open-2026	Senior Men -68kg	F	527	HYTTEL Tobias	DEN	CAVUSMAN Emre	GER	PTF	2:1
solidarity-center-open-2026	Senior Men -63kg	R32	301	BULOT Matthieu	FRA	LEPAPE Andreas	FRA	PTF	2:0
solidarity-center-open-2026	Senior Men -63kg	R32	302	SPRECA Tommaso	ITA	BAKSH Mujahid	GBR	PTF	2:0
solidarity-center-open-2026	Senior Men -63kg	R32	303	COULIBALY Fadeby	LUX	FERREIRA Angelo	POR	PTF	2:0
solidarity-center-open-2026	Senior Men -63kg	R32	304	GOURSOT Lenny	FRA	SYED Darius	GBR	PTF	2:0
solidarity-center-open-2026	Senior Men -63kg	R32	305	BOUKARNIA Amine	FRA	MESSAHLI Mohamed	FRA	PTF	2:0
solidarity-center-open-2026	Senior Men -63kg	R16	310	DIOP Bocar	SEN	BULOT Matthieu	FRA	PTF	2:0
solidarity-center-open-2026	Senior Men -63kg	R16	311	SPRECA Tommaso	ITA	COULIBALY Fadeby	LUX	RSC	1:0
solidarity-center-open-2026	Senior Men -63kg	R16	312	KHAVARI Mahdi	TRT	GOURSOT Lenny	FRA	PTF	2:0
solidarity-center-open-2026	Senior Men -63kg	R16	313	DIAKITE Issa	CIV	BOUKARNIA Amine	FRA	PTF	2:0
solidarity-center-open-2026	Senior Men -63kg	QF	318	DIOP Bocar	SEN	SPRECA Tommaso	ITA	PTF	2:0
solidarity-center-open-2026	Senior Men -63kg	QF	319	DIAKITE Issa	CIV	KHAVARI Mahdi	TRT	PTF	2:0
solidarity-center-open-2026	Senior Men -63kg	SF	327	DIOP Bocar	SEN	DIAKITE Issa	CIV	WDR	
solidarity-center-open-2026	Senior Men -63kg	R32	306	YOUSUF Shahrukh	GBR	LIGEON--TSVETOUKHI	FRA	PTF	2:1
solidarity-center-open-2026	Senior Men -63kg	R32	307	GUEYE Mouhamadou F	SEN	AKHLAGI Mohammad A	SUI	PTF	2:0
solidarity-center-open-2026	Senior Men -63kg	R32	308	MUSKEVITS Denis	EST	LY Aaron	FRA	PTF	2:0
solidarity-center-open-2026	Senior Men -63kg	R32	309	PEREIRA Renato	POR	YURKO Oleksii	UKR	PTF	2:0
solidarity-center-open-2026	Senior Men -63kg	R16	314	VAN Joep	NED	YOUSUF Shahrukh	GBR	PTF	2:0
solidarity-center-open-2026	Senior Men -63kg	R16	315	GUMUS Feyyaz	GER	GUEYE Mouhamadou F	SEN	PTF	2:1
solidarity-center-open-2026	Senior Men -63kg	R16	316	NESTOROVIĆ Vasilij	MNE	MUSKEVITS Denis	EST	PTF	2:1
solidarity-center-open-2026	Senior Men -63kg	R16	317	JULES Nathan	FRA	PEREIRA Renato	POR	PTF	2:0
solidarity-center-open-2026	Senior Men -63kg	QF	320	GUMUS Feyyaz	GER	VAN Joep	NED	PTF	2:1
solidarity-center-open-2026	Senior Men -63kg	QF	321	JULES Nathan	FRA	NESTOROVIĆ Vasilij	MNE	PTF	2:0
solidarity-center-open-2026	Senior Men -63kg	SF	328	JULES Nathan	FRA	GUMUS Feyyaz	GER	PTF	2:1
solidarity-center-open-2026	Senior Men -63kg	F	333	DIOP Bocar	SEN	JULES Nathan	FRA	PTF	2:0
solidarity-center-open-2026	Senior Men -58kg	R32	201	GAWRYSIAK Norbert	GBR	RAZAKASOA Andrew	FRA	PTF	2:0
solidarity-center-open-2026	Senior Men -58kg	R32	202	RAZAKARISOA Jarry	MAD	BARRY Oumar	FRA	PTF	2:0
solidarity-center-open-2026	Senior Men -58kg	R32	203	KHAN Shahzaib	PAK	SANDZA Ruben Penou	FRA	PTF	2:0
solidarity-center-open-2026	Senior Men -58kg	R16	206	MOLLE Milan	NED	GAWRYSIAK Norbert	GBR	PTF	2:0
solidarity-center-open-2026	Senior Men -58kg	R16	207	MISSOSSI Nzamba Nz	GAB	HUSSAIN Ibrahim	GBR	PTF	2:0
solidarity-center-open-2026	Senior Men -58kg	R16	208	RAZAKARISOA Jarry	MAD	KONATE Morikounadi	CIV	DSQ	1:0
solidarity-center-open-2026	Senior Men -58kg	R16	209	AMELHAYI Mehdi	FRA	KHAN Shahzaib	PAK	PTF	2:1
solidarity-center-open-2026	Senior Men -58kg	QF	219	MOLLE Milan	NED	MISSOSSI Nzamba Nz	GAB	PTF	2:0
solidarity-center-open-2026	Senior Men -58kg	QF	220	AMELHAYI Mehdi	FRA	RAZAKARISOA Jarry	MAD	PTF	2:0
solidarity-center-open-2026	Senior Men -58kg	SF	227	MOLLE Milan	NED	AMELHAYI Mehdi	FRA	PTF	2:0
solidarity-center-open-2026	Senior Men -58kg	R32	204	COSTA Luis	POR	COULIBALY Mohamed	FRA	PTF	2:0
solidarity-center-open-2026	Senior Men -58kg	R32	205	DEDEGBE Nelson	FRA	LANG Matthias	GER	PTF	2:0
solidarity-center-open-2026	Senior Men -58kg	R16	210	TORRE Elia	ITA	COSTA Luis	POR	PTF	2:0
solidarity-center-open-2026	Senior Men -58kg	R16	211	N'GAIDE Idriss	FRA	REDING Alan Je	LUX	PTF	2:0
solidarity-center-open-2026	Senior Men -58kg	R16	212	NUNES Tiago	POR	DORE Anthony	FRA	PTF	2:0
solidarity-center-open-2026	Senior Men -58kg	R16	213	GUARDIOLA Eliot	FRA	DEDEGBE Nelson	FRA	PTF	2:1
solidarity-center-open-2026	Senior Men -58kg	QF	221	N'GAIDE Idriss	FRA	TORRE Elia	ITA	PTF	2:0
solidarity-center-open-2026	Senior Men -58kg	QF	222	GUARDIOLA Eliot	FRA	NUNES Tiago	POR	PTF	2:0
solidarity-center-open-2026	Senior Men -58kg	SF	228	N'GAIDE Idriss	FRA	GUARDIOLA Eliot	FRA	PTF	2:0
solidarity-center-open-2026	Senior Men -58kg	F	231	N'GAIDE Idriss	FRA	MOLLE Milan	NED	PTF	2:0
solidarity-center-open-2026	Senior Men -54kg	R16	101	CHANG Simon	FRA	DUMAT Elijah	FRA	PTF	2:0
solidarity-center-open-2026	Senior Men -54kg	QF	105	DIAWARA Abdoul Azi	GUI	CHANG Simon	FRA	PTF	2:0
solidarity-center-open-2026	Senior Men -54kg	QF	106	BOUKARNIA Hamza	FRA	OWEN Haddad	FRA	PTF	2:1
solidarity-center-open-2026	Senior Men -54kg	SF	119	DIAWARA Abdoul Azi	GUI	BOUKARNIA Hamza	FRA	PTF	2:1
solidarity-center-open-2026	Senior Men -54kg	R16	102	CHANG Lenny	FRA	SAINTE Neo	FRA	PTF	2:0
solidarity-center-open-2026	Senior Men -54kg	QF	107	HAMI Muhammed	TRT	CHANG Tony	FRA	PTF	2:0
solidarity-center-open-2026	Senior Men -54kg	QF	108	GARCIA Noah	POR	CHANG Lenny	FRA	PTF	2:0
solidarity-center-open-2026	Senior Men -54kg	SF	120	GARCIA Noah	POR	HAMI Muhammed	TRT	PTF	2:0
solidarity-center-open-2026	Senior Men -54kg	F	127	GARCIA Noah	POR	DIAWARA Abdoul Azi	GUI	PTF	2:0
solidarity-center-open-2026	Senior Men +87kg	R16	613	OMAR Shaber	GBR	BAYO Mohamed	FRA	PTF	2:0
solidarity-center-open-2026	Senior Men +87kg	QF	618	GOMIS Paivou Johno	GBS	OMAR Shaber	GBR	PTF	2:0
solidarity-center-open-2026	Senior Men +87kg	QF	619	MAYAUD Kevin	FRA	ISBRECHT Kevin	GER	PTF	2:0
solidarity-center-open-2026	Senior Men +87kg	SF	624	MAYAUD Kevin	FRA	GOMIS Paivou Johno	GBS	PTF	2:0
solidarity-center-open-2026	Senior Men +87kg	QF	620	DIABY Boubacar	MLI	AGBOGBE-SALANON Os	FRA	PTF	2:0
solidarity-center-open-2026	Senior Men +87kg	QF	621	LAURENT Jonathan	MRN	OTHMAN Taim	GBR	PTF	2:1
solidarity-center-open-2026	Senior Men +87kg	SF	625	DIABY Boubacar	MLI	LAURENT Jonathan	MRN	PTF	2:1
solidarity-center-open-2026	Senior Men +87kg	F	627	DIABY Boubacar	MLI	MAYAUD Kevin	FRA	PTF	2:0
solidarity-center-open-2026	Senior Women -73kg	QF	425	HADZIC Alema	GER	HELDNER Laura	SUI	PTF	2:0
solidarity-center-open-2026	Senior Women -73kg	SF	431	CHAARI Sarah	BEL	HADZIC Alema	GER	PTF	2:0
solidarity-center-open-2026	Senior Women -73kg	QF	426	HAMADACHE Emna	FRA	BERISAJ Andela	MNE	PTF	2:1
solidarity-center-open-2026	Senior Women -73kg	SF	432	HAMADACHE Emna	FRA	HOERMANN Emily	GER	PTF	2:1
solidarity-center-open-2026	Senior Women -73kg	F	435	CHAARI Sarah	BEL	HAMADACHE Emna	FRA	PTF	2:0
solidarity-center-open-2026	Senior Women -67kg	QF	322	YOUKOUBOVA Karina	FRA	BAUER Caroline	GER	PTF	2:0
solidarity-center-open-2026	Senior Women -67kg	SF	329	BERISAJ Andrea	MNE	YOUKOUBOVA Karina	FRA	PTF	2:0
solidarity-center-open-2026	Senior Women -67kg	QF	323	KANOUTE Iman	MLI	AHLBIN Marija	SWE	PTF	2:0
solidarity-center-open-2026	Senior Women -67kg	QF	324	MEHNANA Ines	FRA	DJURIC Lena Milica	GER	PTF	2:0
solidarity-center-open-2026	Senior Women -67kg	SF	330	MEHNANA Ines	FRA	KANOUTE Iman	MLI	PTF	2:0
solidarity-center-open-2026	Senior Women -67kg	F	334	MEHNANA Ines	FRA	BERISAJ Andrea	MNE	PTF	2:1
solidarity-center-open-2026	Senior Women -62kg	R16	214	SJOVALL Mira	FIN	HAMIDI Marzieh	TRT	PTF	2:1
solidarity-center-open-2026	Senior Women -62kg	R16	215	LANGOUSTE-ASSOUMAY	FRA	ZEGGANE Samya	FRA	PTF	2:0
solidarity-center-open-2026	Senior Women -62kg	R16	216	HABULIN Kim Vivian	GER	MBARKI Boutaina	GBR	PTF	2:0
solidarity-center-open-2026	Senior Women -62kg	QF	223	IBO Koumba Nanah-h	CIV	SJOVALL Mira	FIN	PTF	2:0
solidarity-center-open-2026	Senior Women -62kg	QF	224	LANGOUSTE-ASSOUMAY	FRA	HABULIN Kim Vivian	GER	PTF	2:1
solidarity-center-open-2026	Senior Women -62kg	SF	229	IBO Koumba Nanah-h	CIV	LANGOUSTE-ASSOUMAY	FRA	PTF	2:0
solidarity-center-open-2026	Senior Women -62kg	R16	217	FRANCESCHI Frances	FRA	HIDALGO Carlota	ESP	PTF	2:0
solidarity-center-open-2026	Senior Women -62kg	R16	218	CORREIA Leonor	POR	MANGEN Lennie	LUX	PTF	2:0
solidarity-center-open-2026	Senior Women -62kg	QF	225	DOUCET Teeyah	FRA	FRANCESCHI Frances	FRA	PTF	2:0
solidarity-center-open-2026	Senior Women -62kg	QF	226	CORREIA Leonor	POR	BLITEK Cloe	FRA	PTF	2:0
solidarity-center-open-2026	Senior Women -62kg	SF	230	DOUCET Teeyah	FRA	CORREIA Leonor	POR	PTF	2:0
solidarity-center-open-2026	Senior Women -62kg	F	232	IBO Koumba Nanah-h	CIV	DOUCET Teeyah	FRA	PTF	2:0
solidarity-center-open-2026	Senior Women -57kg	R32	401	FEIO Mafalda Forte	POR	OZEN Irem-sena	FRA	PTF	2:1
solidarity-center-open-2026	Senior Women -57kg	R16	409	CARABIN Kanelya	FRA	FEIO Mafalda Forte	POR	PTF	2:0
solidarity-center-open-2026	Senior Women -57kg	R16	410	MENDY Fatimma	SEN	SARR Ndeye Maty	SEN	PTF	2:0
solidarity-center-open-2026	Senior Women -57kg	R16	411	MAM Julie	CAM	DJE Nouria Amenan	CIV	PTF	2:0
solidarity-center-open-2026	Senior Women -57kg	R16	412	KARLSSON Alma Frii	DEN	BANGURA Aisha	GER	PTF	2:0
solidarity-center-open-2026	Senior Women -57kg	QF	417	CARABIN Kanelya	FRA	MENDY Fatimma	SEN	PTF	2:1
solidarity-center-open-2026	Senior Women -57kg	QF	418	KARLSSON Alma Frii	DEN	MAM Julie	CAM	WDR	
solidarity-center-open-2026	Senior Women -57kg	SF	427	CARABIN Kanelya	FRA	KARLSSON Alma Frii	DEN	PTF	2:0
solidarity-center-open-2026	Senior Women -57kg	R16	413	ROVITHIS Anastasia	GER	MONTEIRO Maisa	POR	PTF	2:0
solidarity-center-open-2026	Senior Women -57kg	R16	414	GUAITA Greta	ITA	ADREGO Ana	POR	PTF	2:0
solidarity-center-open-2026	Senior Women -57kg	R16	415	LAKEHAL-ROLLINGS M	FRA	ILONA Adam	COM	PTF	2:0
solidarity-center-open-2026	Senior Women -57kg	R16	416	BENETTI Ines	FRA	KHORSHIDI Ayda	TRT	PTF	2:1
solidarity-center-open-2026	Senior Women -57kg	QF	419	ROVITHIS Anastasia	GER	GUAITA Greta	ITA	PTF	2:0
solidarity-center-open-2026	Senior Women -57kg	QF	420	LAKEHAL-ROLLINGS M	FRA	BENETTI Ines	FRA	PTF	2:0
solidarity-center-open-2026	Senior Women -57kg	SF	428	LAKEHAL-ROLLINGS M	FRA	ROVITHIS Anastasia	GER	PTF	2:0
solidarity-center-open-2026	Senior Women -57kg	F	433	CARABIN Kanelya	FRA	LAKEHAL-ROLLINGS M	FRA	WDR	2:0
solidarity-center-open-2026	Senior Women -53kg	R16	103	ENTEZARI Nazila	TRT	FLORENCIO Matilde	POR	PTF	2:0
solidarity-center-open-2026	Senior Women -53kg	QF	109	ASIMI Adiba	GER	ENTEZARI Nazila	TRT	PTF	2:0
solidarity-center-open-2026	Senior Women -53kg	QF	110	BUTTARELLI Aurelie	FRA	SANGARE Mariam	MLI	PTF	2:0
solidarity-center-open-2026	Senior Women -53kg	SF	121	ASIMI Adiba	GER	BUTTARELLI Aurelie	FRA	PTF	2:1
solidarity-center-open-2026	Senior Women -53kg	R16	104	LEHOUSSINE Sihem	FRA	PAPAIOANNOU Konsta	GRE	PTF	2:1
solidarity-center-open-2026	Senior Women -53kg	QF	111	FOFANA Mah Teninba	FRA	GIRE Ines	FRA	PTF	2:0
solidarity-center-open-2026	Senior Women -53kg	QF	112	SPASOJEVIC Sara	CRO	LEHOUSSINE Sihem	FRA	PTF	2:0
solidarity-center-open-2026	Senior Women -53kg	SF	122	FOFANA Mah Teninba	FRA	SPASOJEVIC Sara	CRO	PTF	2:0
solidarity-center-open-2026	Senior Women -53kg	F	128	FOFANA Mah Teninba	FRA	ASIMI Adiba	GER	PTF	2:0
solidarity-center-open-2026	Senior Women -49kg	QF	113	KONE Nabintou	CIV	BARRIERE Lisa	FRA	PTF	2:0
solidarity-center-open-2026	Senior Women -49kg	QF	114	BARROSO Kiara	POR	HURTADO Jireh	BOL	PTF	2:0
solidarity-center-open-2026	Senior Women -49kg	SF	123	KONE Nabintou	CIV	BARROSO Kiara	POR	PTF	2:0
solidarity-center-open-2026	Senior Women -49kg	QF	115	RAMO Jenna	FIN	MIRZAEE Zahro	TRT	PTF	2:1
solidarity-center-open-2026	Senior Women -49kg	QF	116	KRIM Sayine	FRA	ALLASSAK Oumaima	FRA	PTF	2:0
solidarity-center-open-2026	Senior Women -49kg	SF	124	KRIM Sayine	FRA	RAMO Jenna	FIN	PTF	2:1
solidarity-center-open-2026	Senior Women -49kg	F	129	KONE Nabintou	CIV	KRIM Sayine	FRA	PTF	2:0
solidarity-center-open-2026	Senior Women -46kg	QF	117	NORDH Olivia	SWE	BOUALI Chehrazad	FRA	PTF	2:0
solidarity-center-open-2026	Senior Women -46kg	SF	125	STURARI Alessia	ITA	NORDH Olivia	SWE	PTF	2:0
solidarity-center-open-2026	Senior Women -46kg	QF	118	BALLARIN Andrea So	ITA	GAYE Serrah	FRA	PTF	2:0
solidarity-center-open-2026	Senior Women -46kg	SF	126	KHORSHIDI Aysa	TRT	BALLARIN Andrea So	ITA	PTF	2:0
solidarity-center-open-2026	Senior Women -46kg	F	130	STURARI Alessia	ITA	KHORSHIDI Aysa	TRT	PTF	2:1
solidarity-center-open-2026	Senior Women +73kg	QF	325	HAWASH Dania	SWE	MEDIOUNI Jasmine	FRA	PTF	2:1
solidarity-center-open-2026	Senior Women +73kg	SF	331	AYANG Veronica Mba	GEQ	HAWASH Dania	SWE	PTF	2:1
solidarity-center-open-2026	Senior Women +73kg	QF	326	VROEGH Nielle	NED	DIOUF Kesia	FGT	PTF	2:0
solidarity-center-open-2026	Senior Women +73kg	SF	332	CHTIOUI Hafsa Lian	DEN	VROEGH Nielle	NED	PTF	2:0
solidarity-center-open-2026	Senior Women +73kg	F	335	CHTIOUI Hafsa Lian	DEN	AYANG Veronica Mba	GEQ	PTF	2:0
fisu-america-games-2026	Senior Men -80kg	QF	202	ROMMEL Luis	PER	SIQUEIRA Lucas	BRA	PTF	2:1
fisu-america-games-2026	Senior Men -80kg	SF	211	MOSTELLER Barron	USA	ROMMEL Luis	PER	PTF	2:1
fisu-america-games-2026	Senior Men -80kg	QF	103	GRANADOS Juan	COL	QUILCA Alejandro	PER	PTF	2:0
fisu-america-games-2026	Senior Men -80kg	QF	203	CORNELL Devin	USA	GRANDEZ Adrian	PER	PTF	2:0
fisu-america-games-2026	Senior Men -80kg	SF	112	CORNELL Devin	USA	GRANADOS Juan	COL	PTF	2:0
fisu-america-games-2026	Senior Men -80kg	F	219	MOSTELLER Barron	USA	CORNELL Devin	USA	PTF	2:0
fisu-america-games-2026	Senior Men -68kg	QF	104	FREDRICKS Justin	USA	ÑAHUI Josefrancis	PER	PTF	2:0
fisu-america-games-2026	Senior Men -68kg	SF	212	FREDRICKS Justin	USA	HUAMANI Leandro	PER	PTF	2:0
fisu-america-games-2026	Senior Men -68kg	QF	204	RAMOS Vinny	BRA	PANOTES Jordan	USA	PTF	2:0
fisu-america-games-2026	Senior Men -68kg	SF	113	RAMOS Vinny	BRA	MOTTA Miguel	PER	PTF	2:1
fisu-america-games-2026	Senior Men -68kg	F	120	RAMOS Vinny	BRA	FREDRICKS Justin	USA	PTF	2:0
fisu-america-games-2026	Senior Men -58kg	R16	101	RODRIGUES Marcio	BRA	CAMARGO Martin	PER	PTF	1:0
fisu-america-games-2026	Senior Men -58kg	QF	207	THAY Prahchomvong	USA	RODRIGUES Marcio	BRA	PTF	2:1
fisu-america-games-2026	Senior Men -58kg	QF	108	ROBLEDO Jerónimo	COL	PEREZ Hector	PER	PTF	2:1
fisu-america-games-2026	Senior Men -58kg	SF	217	THAY Prahchomvong	USA	ROBLEDO Jerónimo	COL	PTF	2:0
fisu-america-games-2026	Senior Men -58kg	R16	201	PINEDA Alonso	MEX	DONGO Patrick	PER	PTF	2:0
fisu-america-games-2026	Senior Men -58kg	QF	208	QUINTERO Jhon	COL	CASTILLO Mauricio	WT	PTF	1:1
fisu-america-games-2026	Senior Men -58kg	QF	109	ALVAREZ Melvy	USA	PINEDA Alonso	MEX	PTF	2:0
fisu-america-games-2026	Senior Men -58kg	SF	118	ALVAREZ Melvy	USA	QUINTERO Jhon	COL	PTF	2:0
fisu-america-games-2026	Senior Men -58kg	F	222	ALVAREZ Melvy	USA	THAY Prahchomvong	USA	PTF	2:0
fisu-america-games-2026	Senior Men +87kg	QF	105	PEREZ Marlon	USA	CORDERO Eddie	PER	PTF	2:0
fisu-america-games-2026	Senior Men +87kg	SF	213	PEREZ Marlon	USA	NUÑEZ Gonzalo	PER	PTF	2:0
fisu-america-games-2026	Senior Men +87kg	QF	205	PEÑARANDA Angel	COL	COLÓN Sebastian	PER	PTF	2:1
fisu-america-games-2026	Senior Men +87kg	QF	106	SOW Aboubacar	USA	CHAVES João	BRA	PTF	2:0
fisu-america-games-2026	Senior Men +87kg	SF	114	SOW Aboubacar	USA	PEÑARANDA Angel	COL	RSC	1:1
fisu-america-games-2026	Senior Men +87kg	F	220	SOW Aboubacar	USA	PEREZ Marlon	USA	PTF	2:0
fisu-america-games-2026	Senior Women -67kg	SF	215	GONZALEZ Viviana	MEX	HUAMAN Zoila	PER	PTF	2:0
fisu-america-games-2026	Senior Women -67kg	SF	116	SILVA Ivana	BRA	FLORES Shadia	PER	PTF	2:0
fisu-america-games-2026	Senior Women -67kg	F	221	SILVA Ivana	BRA	GONZALEZ Viviana	MEX	PTF	2:0
fisu-america-games-2026	Senior Women -53kg	R16	102	GARZON Marjorie	ECU	SOTO Paula	COL	PTF	2:1
fisu-america-games-2026	Senior Women -53kg	QF	209	GARZON Marjorie	ECU	ALVAREZ Luisa	COL	PTF	2:0
fisu-america-games-2026	Senior Women -53kg	QF	110	CASTILLO Gaia	USA	ANICAMA Cecilia	PER	PTF	2:0
fisu-america-games-2026	Senior Women -53kg	SF	218	CASTILLO Gaia	USA	GARZON Marjorie	ECU	PTF	2:1
fisu-america-games-2026	Senior Women -53kg	QF	210	CRISOSTOMO Ana	PER	KOHLMAN Audrey	USA	PTF	2:0
fisu-america-games-2026	Senior Women -53kg	QF	111	LEMOS Liz	COL	REQUENA Valeria	PER	PTF	2:0
fisu-america-games-2026	Senior Women -53kg	SF	119	LEMOS Liz	COL	CRISOSTOMO Ana	PER	PTF	2:0
fisu-america-games-2026	Senior Women -53kg	F	123	LEMOS Liz	COL	CASTILLO Gaia	USA	PTF	2:0
fisu-america-games-2026	Senior Women -46kg	QF	206	FONSECA Caliana	USA	AVELLANEDA Dayana	PER	PTF	2:0
fisu-america-games-2026	Senior Women -46kg	SF	214	FONSECA Caliana	USA	MAMANI Jade	PER	PTF	2:0
fisu-america-games-2026	Senior Women -46kg	QF	107	GNOATTO Bruna	BRA	PADILLA Samira	PER	PTF	2:0
fisu-america-games-2026	Senior Women -46kg	SF	115	GNOATTO Bruna	BRA	HERNANDEZ Yusleny	USA	PTF	2:1
fisu-america-games-2026	Senior Women -46kg	F	121	FONSECA Caliana	USA	GNOATTO Bruna	BRA	PTF	2:0
fisu-america-games-2026	Senior Women +73kg	SF	216	GONZALES Grazia	PER	RAVINES Brisa	PER	PTF	2:0
fisu-america-games-2026	Senior Women +73kg	SF	117	VIANA Alena	USA	MEJIA Eliana	PER	PTF	2:0
fisu-america-games-2026	Senior Women +73kg	F	122	VIANA Alena	USA	GONZALES Grazia	PER	PTF	2:0
fisu-america-games-2026	Senior Men -87kg	QF	101	VARGAS Alexander	CHI	CAMPOS Leonardo	PER	PTF	2:0
fisu-america-games-2026	Senior Men -87kg	SF	213	CASTRO Sebastian	PER	VARGAS Alexander	CHI	PTF	2:0
fisu-america-games-2026	Senior Men -87kg	QF	201	NASCIMENTO Carlos	BRA	PINTO Rai	PER	PTF	2:0
fisu-america-games-2026	Senior Men -87kg	QF	102	WILLIAM Smith	USA	GONZALEZ Sebastian	WT	PTF	2:0
fisu-america-games-2026	Senior Men -87kg	SF	114	WILLIAM Smith	USA	NASCIMENTO Carlos	BRA	PTF	2:1
fisu-america-games-2026	Senior Men -87kg	F	121	CASTRO Sebastian	PER	WILLIAM Smith	USA	PTF	2:0
fisu-america-games-2026	Senior Men -74kg	QF	202	GARCIA Roberto	PER	SAENZ Martin	ECU	PTF	2:0
fisu-america-games-2026	Senior Men -74kg	QF	103	GARCIA Juan	COL	MENDOZA Adriano	PER	PTF	2:0
fisu-america-games-2026	Senior Men -74kg	SF	214	GARCIA Juan	COL	GARCIA Roberto	PER	PTF	2:0
fisu-america-games-2026	Senior Men -74kg	QF	203	CORDERO Sebastian	PER	TORRES Edwind	USA	PTF	2:0
fisu-america-games-2026	Senior Men -74kg	QF	104	PONCE Gabriel	CHI	RODRIGUES Nardilen	BRA	PTF	2:0
fisu-america-games-2026	Senior Men -74kg	SF	115	PONCE Gabriel	CHI	CORDERO Sebastian	PER	PTF	2:0
fisu-america-games-2026	Senior Men -74kg	F	221	PONCE Gabriel	CHI	GARCIA Juan	COL	PTF	2:0
fisu-america-games-2026	Senior Men -63kg	QF	204	CUBERO Leyner	WT	BOLAÑOS Benjamin	PER	PTF	2:1
fisu-america-games-2026	Senior Men -63kg	QF	105	CABRERA Javier	PER	EUGENIO Donovan	USA	PTF	2:0
fisu-america-games-2026	Senior Men -63kg	SF	215	CABRERA Javier	PER	CUBERO Leyner	WT	PTF	2:0
fisu-america-games-2026	Senior Men -63kg	QF	205	NORETTO Cole	USA	ROLON Axel	PER	PTF	2:0
fisu-america-games-2026	Senior Men -63kg	QF	106	DA Luiz	BRA	ALEGRIA Pablo	WT	PTF	2:0
fisu-america-games-2026	Senior Men -63kg	SF	116	DA Luiz	BRA	NORETTO Cole	USA	PTF	2:0
fisu-america-games-2026	Senior Men -63kg	F	122	DA Luiz	BRA	CABRERA Javier	PER	PTF	2:0
fisu-america-games-2026	Senior Men -54kg	QF	206	NARA David	USA	BLAS Denzell	PER	PTF	2:0
fisu-america-games-2026	Senior Men -54kg	SF	216	VÁSQUEZ Gastón	CHI	NARA David	USA	PTF	2:1
fisu-america-games-2026	Senior Men -54kg	QF	107	MELO Saimon	BRA	VALDIVIESO Piero	PER	RSC	2:0
fisu-america-games-2026	Senior Men -54kg	QF	207	SOTOMAYOR Dante	PER	GUERRA Pedro	COL	PTF	2:0
fisu-america-games-2026	Senior Men -54kg	SF	117	MELO Saimon	BRA	SOTOMAYOR Dante	PER	PTF	2:0
fisu-america-games-2026	Senior Men -54kg	F	222	MELO Saimon	BRA	VÁSQUEZ Gastón	CHI	PTF	2:0
fisu-america-games-2026	Senior Women -73kg	SF	212	DALAPRIA Isabelle	BRA	BELTRAN Patricia	PER	PTF	2:0
fisu-america-games-2026	Senior Women -73kg	SF	113	MERRILL Sydney	USA	PAREDES Irina	PER	PTF	2:0
fisu-america-games-2026	Senior Women -73kg	F	220	DALAPRIA Isabelle	BRA	MERRILL Sydney	USA	PTF	2:0
fisu-america-games-2026	Senior Women -62kg	QF	108	CHIMAL Christina	USA	ROJAS Bianca	PER	PTF	2:1
fisu-america-games-2026	Senior Women -62kg	SF	217	CHIMAL Christina	USA	DA Driele	BRA	PTF	2:0
fisu-america-games-2026	Senior Women -62kg	QF	208	KAYLA Shanahan	USA	HUAMANI Flor	PER	PTF	2:0
fisu-america-games-2026	Senior Women -62kg	QF	109	BRENES Karla	WT	MARÍN Valeria	COL	PTF	2:0
fisu-america-games-2026	Senior Women -62kg	SF	118	KAYLA Shanahan	USA	BRENES Karla	WT	PTF	2:0
fisu-america-games-2026	Senior Women -62kg	F	123	CHIMAL Christina	USA	KAYLA Shanahan	USA	PTF	2:0
fisu-america-games-2026	Senior Women -57kg	QF	209	FORERO Maria	COL	BUENO Kristell	PER	RSC	2:0
fisu-america-games-2026	Senior Women -57kg	QF	110	BALDERA Claudia	PER	SHIBA Grace	USA	PTF	2:0
fisu-america-games-2026	Senior Women -57kg	SF	218	FORERO Maria	COL	BALDERA Claudia	PER	PTF	2:0
fisu-america-games-2026	Senior Women -57kg	QF	210	CLEONARES Ana	PER	URETA Rocío	CHI	PTF	2:0
fisu-america-games-2026	Senior Women -57kg	QF	111	PARRA Daniela	ECU	VELEZ Sofia	COL	PTF	2:0
fisu-america-games-2026	Senior Women -57kg	SF	119	CLEONARES Ana	PER	PARRA Daniela	ECU	PTF	2:0
fisu-america-games-2026	Senior Women -57kg	F	223	CLEONARES Ana	PER	FORERO Maria	COL	PTF	2:0
fisu-america-games-2026	Senior Women -49kg	QF	211	VILLASENOR Bobbi	USA	LOPEZ Daniella	PER	PTF	2:0
fisu-america-games-2026	Senior Women -49kg	SF	219	VILLASENOR Bobbi	USA	FLORES Belén	CHI	PTF	2:0
fisu-america-games-2026	Senior Women -49kg	QF	112	SHIBA Maggie	USA	ROMERO Nicole	PER	RSC	2:0
fisu-america-games-2026	Senior Women -49kg	SF	120	PEREIRA Maria	BRA	SHIBA Maggie	USA	PTF	2:0
fisu-america-games-2026	Senior Women -49kg	F	124	PEREIRA Maria	BRA	VILLASENOR Bobbi	USA	PTF	2:0
portugal-open-2026	Senior Men -87kg	R16	718	SAWADOGO Faysal	BUR	FERREIRA Luis Fran	POR	PTF	2:0
portugal-open-2026	Senior Men -87kg	QF	724	SAWADOGO Faysal	BUR	ABEDINI Mehdi	TRT	PTF	2:0
portugal-open-2026	Senior Men -87kg	QF	725	DI Mateo	ARG	CECIL Chaney	USA	PTF	2:0
portugal-open-2026	Senior Men -87kg	SF	730	SAWADOGO Faysal	BUR	DI Mateo	ARG	PTF	2:0
portugal-open-2026	Senior Men -87kg	R16	719	ALVES Tiago	POR	DORCA Pau	ESP	PTF	2:1
portugal-open-2026	Senior Men -87kg	QF	726	MALLO Iago	ESP	BALCIUNAS Gabijus	LTU	PTF	2:1
portugal-open-2026	Senior Men -87kg	QF	727	KATOUSI Firas	TUN	ALVES Tiago	POR	PTF	2:0
portugal-open-2026	Senior Men -87kg	SF	731	KATOUSI Firas	TUN	MALLO Iago	ESP	PTF	2:0
portugal-open-2026	Senior Men -87kg	F	733	KATOUSI Firas	TUN	SAWADOGO Faysal	BUR	PTF	2:0
portugal-open-2026	Senior Men -80kg	R32	701	GONZALEZ Federico	URU	FREIRE Joao Emanue	POR	PTF	2:1
portugal-open-2026	Senior Men -80kg	R32	702	MARTINHO Manuel	POR	GOMEZ Juan	ESP	PTF	2:0
portugal-open-2026	Senior Men -80kg	R32	703	GUMUS Kaan	GER	FERO Luis	ESP	PTF	2:0
portugal-open-2026	Senior Men -80kg	R32	704	DIAS Alexis	FRA	BEAUDET Victor	CAN	PTF	2:1
portugal-open-2026	Senior Men -80kg	R32	705	POLICELI Santino	ARG	ENGLITSCH Vincent	AUT	PTF	2:0
portugal-open-2026	Senior Men -80kg	R16	710	MILAN Juan Antonio	ESP	GONZALEZ Federico	URU	PTF	2:0
portugal-open-2026	Senior Men -80kg	R16	711	MARTINHO Manuel	POR	GUMUS Kaan	GER	PTF	2:0
portugal-open-2026	Senior Men -80kg	R16	712	PAPADOPOULOS Ioann	GRE	DIAS Alexis	FRA	WDR	2:0
portugal-open-2026	Senior Men -80kg	R16	713	ZARHOUTI Haitam	MAR	POLICELI Santino	ARG	PTF	2:0
portugal-open-2026	Senior Men -80kg	QF	720	MILAN Juan Antonio	ESP	MARTINHO Manuel	POR	PTF	2:0
portugal-open-2026	Senior Men -80kg	QF	721	PAPADOPOULOS Ioann	GRE	ZARHOUTI Haitam	MAR	WDR	2:0
portugal-open-2026	Senior Men -80kg	SF	728	MILAN Juan Antonio	ESP	PAPADOPOULOS Ioann	GRE	PTF	2:0
portugal-open-2026	Senior Men -80kg	R32	706	DOMINGUEZ Gerard	ESP	CARVALHO Ricardo I	POR	PTF	2:0
portugal-open-2026	Senior Men -80kg	R32	707	HOSSEINI Seyed Omi	BUL	COSTA Rodrigo	POR	PTF	2:0
portugal-open-2026	Senior Men -80kg	R32	708	SOKOLENKO Peter	USA	GONZALEZ Giovanni	ESP	PTF	2:0
portugal-open-2026	Senior Men -80kg	R32	709	ANGELL Zak	GBR	LANGRIDGE Christia	GBR	PTF	2:0
portugal-open-2026	Senior Men -80kg	R16	714	SIGURJONSSON Gudmu	ISL	DOMINGUEZ Gerard	ESP	PTF	2:0
portugal-open-2026	Senior Men -80kg	R16	715	HOSSEINI Seyed Omi	BUL	BOURIEL Ayoub	CAN	PTF	2:1
portugal-open-2026	Senior Men -80kg	R16	716	KNIGHT-MITCHELL Da	GBR	SOKOLENKO Peter	USA	PTF	2:0
portugal-open-2026	Senior Men -80kg	R16	717	FERNANDEZ Mikel	ESP	ANGELL Zak	GBR	PTF	2:1
portugal-open-2026	Senior Men -80kg	QF	722	HOSSEINI Seyed Omi	BUL	SIGURJONSSON Gudmu	ISL	PTF	2:0
portugal-open-2026	Senior Men -80kg	QF	723	KNIGHT-MITCHELL Da	GBR	FERNANDEZ Mikel	ESP	PTF	2:1
portugal-open-2026	Senior Men -80kg	SF	729	HOSSEINI Seyed Omi	BUL	KNIGHT-MITCHELL Da	GBR	PTF	2:0
portugal-open-2026	Senior Men -80kg	F	732	HOSSEINI Seyed Omi	BUL	MILAN Juan Antonio	ESP	PTF	2:0
portugal-open-2026	Senior Men -74kg	R32	601	ALEXANDER Daniel	USA	GARCIA Gabriel	ESP	PTF	2:0
portugal-open-2026	Senior Men -74kg	R32	602	ZAPPONE Andrea	ITA	REIS Tiago	POR	PTF	2:0
portugal-open-2026	Senior Men -74kg	R32	603	AZEVEDO Carlos	POR	RODRIGUES Santiago	POR	PTF	2:1
portugal-open-2026	Senior Men -74kg	R32	604	MENDONCA Pedro	POR	DE Marcos	ESP	PTF	2:1
portugal-open-2026	Senior Men -74kg	R16	609	STAMENOV Stefan	BUL	ALEXANDER Daniel	USA	PTF	2:0
portugal-open-2026	Senior Men -74kg	R16	610	ZAPPONE Andrea	ITA	A Aj	USA	PTF	2:1
portugal-open-2026	Senior Men -74kg	R16	611	COSTA Diogo Rafael	POR	AZEVEDO Carlos	POR	PTF	2:0
portugal-open-2026	Senior Men -74kg	R16	612	ABDOUNI Abdelhamid	MAR	MENDONCA Pedro	POR	PTF	2:0
portugal-open-2026	Senior Men -74kg	QF	619	STAMENOV Stefan	BUL	ZAPPONE Andrea	ITA	WDR	2:0
portugal-open-2026	Senior Men -74kg	QF	620	ABDOUNI Abdelhamid	MAR	COSTA Diogo Rafael	POR	PTF	2:0
portugal-open-2026	Senior Men -74kg	SF	627	ABDOUNI Abdelhamid	MAR	STAMENOV Stefan	BUL	PTF	2:1
portugal-open-2026	Senior Men -74kg	R32	605	WEISS Philip Julia	GER	HIDALGO Anthony	CAN	PTF	2:0
portugal-open-2026	Senior Men -74kg	R32	606	CUDNOCH Lukasz	POL	ATIADEVEY Kody	DEN	PTF	2:0
portugal-open-2026	Senior Men -74kg	R32	607	COSTA Pedro	POR	FREITAS Diogo Mart	POR	WDR	1:0
portugal-open-2026	Senior Men -74kg	R32	608	FRAGA Roi	ESP	CABRERA Davyd	USA	PTF	2:0
portugal-open-2026	Senior Men -74kg	R16	613	HILAL Yassine	CAN	WEISS Philip Julia	GER	WDR	1:0
portugal-open-2026	Senior Men -74kg	R16	614	CUDNOCH Lukasz	POL	TAVARES Claudio Al	POR	PTG	2:0
portugal-open-2026	Senior Men -74kg	R16	615	MANE Aliou	FRA	COSTA Pedro	POR	PTG	2:0
portugal-open-2026	Senior Men -74kg	R16	616	FRAGA Roi	ESP	POLAT Mehmet Kani	TUR	PTF	2:0
portugal-open-2026	Senior Men -74kg	QF	621	CUDNOCH Lukasz	POL	HILAL Yassine	CAN	PTF	2:0
portugal-open-2026	Senior Men -74kg	QF	622	FRAGA Roi	ESP	MANE Aliou	FRA	PTF	2:0
portugal-open-2026	Senior Men -74kg	SF	628	FRAGA Roi	ESP	CUDNOCH Lukasz	POL	PTF	2:0
portugal-open-2026	Senior Men -74kg	F	631	FRAGA Roi	ESP	ABDOUNI Abdelhamid	MAR	RSC	1:1
portugal-open-2026	Senior Men -68kg	R32	801	HYTTEL Tobias	DEN	IGLESIAS Julio	ESP	PTF	2:0
portugal-open-2026	Senior Men -68kg	R32	802	MCINTOSH Jamie	GBR	RUIVO David	POR	PTF	2:0
portugal-open-2026	Senior Men -68kg	R32	803	ACUNA Jose Luis	ARG	ALMEIDA Antonio	POR	PTF	2:0
portugal-open-2026	Senior Men -68kg	R16	808	JORQUERA Joan	ESP	HYTTEL Tobias	DEN	PTF	2:1
portugal-open-2026	Senior Men -68kg	R16	809	JENDOUBI Mohamed K	TUN	SOUSA Francisco	POR	PTF	2:0
portugal-open-2026	Senior Men -68kg	R16	810	MCINTOSH Jamie	GBR	HILAL Ali	CAN	PTF	2:1
portugal-open-2026	Senior Men -68kg	R16	811	ACUNA Jose Luis	ARG	SPEIGHT Leo	ISL	PTF	2:0
portugal-open-2026	Senior Men -68kg	QF	820	JENDOUBI Mohamed K	TUN	JORQUERA Joan	ESP	PTF	2:1
portugal-open-2026	Senior Men -68kg	QF	821	ACUNA Jose Luis	ARG	MCINTOSH Jamie	GBR	PTF	2:1
portugal-open-2026	Senior Men -68kg	SF	828	JENDOUBI Mohamed K	TUN	ACUNA Jose Luis	ARG	PTF	2:1
portugal-open-2026	Senior Men -68kg	R32	804	AGAPOV Dmytriy	POR	SILVA Ricardo	POR	PTF	2:0
portugal-open-2026	Senior Men -68kg	R32	805	APPIAH Francis	GBR	KONE Yerim	CAN	PTF	2:1
portugal-open-2026	Senior Men -68kg	R32	806	LOPEZ Matias	URU	DIAS Tiago Morais	POR	PTF	2:0
portugal-open-2026	Senior Men -68kg	R32	807	SETTA Hamad	DEN	MARTINEZ Adrian	ESP	PTF	2:0
portugal-open-2026	Senior Men -68kg	R16	812	BONNA Baptiste	FRA	AGAPOV Dmytriy	POR	PTF	2:0
portugal-open-2026	Senior Men -68kg	R16	813	BORGEN Kristian St	NOR	APPIAH Francis	GBR	PTF	2:0
portugal-open-2026	Senior Men -68kg	R16	814	CHRZANOWSKI Mateus	POL	LOPEZ Matias	URU	PTF	2:0
portugal-open-2026	Senior Men -68kg	R16	815	VICENTE Adrian	ESP	SETTA Hamad	DEN	PTF	2:0
portugal-open-2026	Senior Men -68kg	QF	822	BORGEN Kristian St	NOR	BONNA Baptiste	FRA	PTF	2:1
portugal-open-2026	Senior Men -68kg	QF	823	VICENTE Adrian	ESP	CHRZANOWSKI Mateus	POL	RSC	2:0
portugal-open-2026	Senior Men -68kg	SF	829	BORGEN Kristian St	NOR	VICENTE Adrian	ESP	PTF	2:0
portugal-open-2026	Senior Men -68kg	F	832	JENDOUBI Mohamed K	TUN	BORGEN Kristian St	NOR	WDR	1:0
portugal-open-2026	Senior Men -63kg	R64	501	YOUSUF Shahrukh	GBR	GOMES David Fernan	MOZ	PTF	2:0
portugal-open-2026	Senior Men -63kg	R32	502	VAN Joep	NED	YOUSUF Shahrukh	GBR	PTF	2:0
portugal-open-2026	Senior Men -63kg	R32	503	FARHAT Mohamed-mah	CIV	ZARIFEH Peter	LBN	PTF	2:1
portugal-open-2026	Senior Men -63kg	R32	504	MITKOV Stanislav	BUL	FERREIRA Angelo	POR	PTF	2:0
portugal-open-2026	Senior Men -63kg	R32	505	IURLARO Ludovico	ITA	ESCOLAR Ivan	ESP	PTF	2:0
portugal-open-2026	Senior Men -63kg	R32	506	FERNANDEZ Nicolas	ESP	MANGRE Emmanuel Yv	CIV	PTF	2:0
portugal-open-2026	Senior Men -63kg	R32	507	SILVA Alisson Caua	BRA	DIOP Bocar	SEN	PTF	2:1
portugal-open-2026	Senior Men -63kg	R32	508	PEREIRA Renato	POR	MASSANO Goncalo	POR	PTF	2:0
portugal-open-2026	Senior Men -63kg	R32	509	GUMUS Feyyaz	GER	TOMAS Lois	ESP	PTF	2:0
portugal-open-2026	Senior Men -63kg	R16	518	VAN Joep	NED	FARHAT Mohamed-mah	CIV	PTF	2:0
portugal-open-2026	Senior Men -63kg	R16	519	MITKOV Stanislav	BUL	IURLARO Ludovico	ITA	PTF	2:1
portugal-open-2026	Senior Men -63kg	R16	520	FERNANDEZ Nicolas	ESP	SILVA Alisson Caua	BRA	PTF	2:0
portugal-open-2026	Senior Men -63kg	R16	521	PEREIRA Renato	POR	GUMUS Feyyaz	GER	PTF	2:1
portugal-open-2026	Senior Men -63kg	QF	531	MITKOV Stanislav	BUL	VAN Joep	NED	PTF	2:0
portugal-open-2026	Senior Men -63kg	QF	532	FERNANDEZ Nicolas	ESP	PEREIRA Renato	POR	PTF	2:1
portugal-open-2026	Senior Men -63kg	SF	539	MITKOV Stanislav	BUL	FERNANDEZ Nicolas	ESP	PTF	2:1
portugal-open-2026	Senior Men -63kg	R32	510	PASTORE Riccardo	ITA	NEGRETE Rodrigo Da	USA	PTF	2:0
portugal-open-2026	Senior Men -63kg	R32	511	AKRICH Adam	GBR	SILVA Diogo	POR	PTF	2:0
portugal-open-2026	Senior Men -63kg	R32	512	RADOI George	ROU	TARLJOVSKI Nicolas	CZE	PTF	2:0
portugal-open-2026	Senior Men -63kg	R32	513	VIVES Isaac	ESP	DA Jose Floriano	POR	PTF	2:0
portugal-open-2026	Senior Men -63kg	R32	514	VAREJAO Dinis	POR	SARKAOU Petros Ale	GRE	PTF	2:0
portugal-open-2026	Senior Men -63kg	R32	515	PAZOS Alex	ESP	DEL Manuel	ESP	PTF	2:1
portugal-open-2026	Senior Men -63kg	R32	516	ALKALAY Jonathan	ISR	HARLAND Maximillia	AUT	PTF	2:0
portugal-open-2026	Senior Men -63kg	R32	517	JULES Nathan	FRA	ROCHA Martim	POR	PTF	2:0
portugal-open-2026	Senior Men -63kg	R16	522	AKRICH Adam	GBR	PASTORE Riccardo	ITA	PTF	2:1
portugal-open-2026	Senior Men -63kg	R16	523	VIVES Isaac	ESP	RADOI George	ROU	PTF	2:0
portugal-open-2026	Senior Men -63kg	R16	524	PAZOS Alex	ESP	VAREJAO Dinis	POR	PTF	2:1
portugal-open-2026	Senior Men -63kg	R16	525	JULES Nathan	FRA	ALKALAY Jonathan	ISR	PTF	2:0
portugal-open-2026	Senior Men -63kg	QF	533	VIVES Isaac	ESP	AKRICH Adam	GBR	PTF	2:0
portugal-open-2026	Senior Men -63kg	QF	534	JULES Nathan	FRA	PAZOS Alex	ESP	PTF	2:0
portugal-open-2026	Senior Men -63kg	SF	540	JULES Nathan	FRA	VIVES Isaac	ESP	PTF	2:0
portugal-open-2026	Senior Men -63kg	F	543	MITKOV Stanislav	BUL	JULES Nathan	FRA	PTF	2:0
portugal-open-2026	Senior Men -58kg	R32	201	SHERRATT Alexander	GBR	CARDOSO Rodrigo Mi	POR	PTF	2:1
portugal-open-2026	Senior Men -58kg	R32	202	MEHLMANN Daniel	GER	VILELA Nolhan	FRA	PTF	2:0
portugal-open-2026	Senior Men -58kg	R32	203	SAABEDRA Trinidad	USA	VASCONCELOS Yago	BRA	PTF	2:1
portugal-open-2026	Senior Men -58kg	R16	209	PSARROS Aristeidis	GRE	SHERRATT Alexander	GBR	WDR	
portugal-open-2026	Senior Men -58kg	R16	210	GUEYE Mouhamadou F	SEN	PINTO Tiago	POR	PTF	2:0
portugal-open-2026	Senior Men -58kg	R16	211	MEHLMANN Daniel	GER	NUNES Tiago	POR	PTF	2:0
portugal-open-2026	Senior Men -58kg	R16	212	SAABEDRA Trinidad	USA	NHAMPULE Simoes To	MOZ	PTF	2:0
portugal-open-2026	Senior Men -58kg	QF	225	PSARROS Aristeidis	GRE	GUEYE Mouhamadou F	SEN	PTF	2:0
portugal-open-2026	Senior Men -58kg	QF	226	SAABEDRA Trinidad	USA	MEHLMANN Daniel	GER	PTF	2:1
portugal-open-2026	Senior Men -58kg	SF	233	PSARROS Aristeidis	GRE	SAABEDRA Trinidad	USA	PTF	2:0
portugal-open-2026	Senior Men -58kg	R32	204	DELGADO David	ESP	PEDRO Pedro David	MOZ	PTF	2:0
portugal-open-2026	Senior Men -58kg	R32	205	RAMOS Leandro	POR	SAN Ismael	ESP	PTF	2:1
portugal-open-2026	Senior Men -58kg	R32	206	OTERO Javier	ESP	CIRIVELLO Gaetano	ITA	PTF	2:1
portugal-open-2026	Senior Men -58kg	R32	207	OCIRA Oswaldo	UGA	ZARIFEH Marc	LBN	PTF	2:0
portugal-open-2026	Senior Men -58kg	R16	213	DELGADO David	ESP	COSTA Luis	POR	PTF	2:0
portugal-open-2026	Senior Men -58kg	R16	214	RAMOS Leandro	POR	MONTALBAN Juan	ESP	PTF	2:0
portugal-open-2026	Senior Men -58kg	R16	215	OTERO Javier	ESP	SANDZA Ruben Penou	FRA	PTF	2:0
portugal-open-2026	Senior Men -58kg	R16	216	MOLLE Milan	NED	OCIRA Oswaldo	UGA	PTF	2:0
portugal-open-2026	Senior Men -58kg	QF	227	RAMOS Leandro	POR	DELGADO David	ESP	PTF	2:0
portugal-open-2026	Senior Men -58kg	QF	228	MOLLE Milan	NED	OTERO Javier	ESP	PTF	2:0
portugal-open-2026	Senior Men -58kg	SF	234	MOLLE Milan	NED	RAMOS Leandro	POR	PTF	2:0
portugal-open-2026	Senior Men -58kg	F	237	MOLLE Milan	NED	PSARROS Aristeidis	GRE	PTF	2:1
portugal-open-2026	Senior Men -54kg	R16	316	DUMAT Elijah	FRA	EL Rachid	ESP	DQB	1:0
portugal-open-2026	Senior Men -54kg	R16	317	MENDO Manuel	ESP	MARQUES Goncalo	POR	PTF	2:0
portugal-open-2026	Senior Men -54kg	R16	318	DAVILA Adrian	ESP	BENITO Sergio	ESP	PTF	2:1
portugal-open-2026	Senior Men -54kg	QF	327	SARSOZA Zack	GBR	DUMAT Elijah	FRA	PTF	2:0
portugal-open-2026	Senior Men -54kg	QF	328	DAVILA Adrian	ESP	MENDO Manuel	ESP	PTF	2:0
portugal-open-2026	Senior Men -54kg	SF	333	SARSOZA Zack	GBR	DAVILA Adrian	ESP	PTF	2:0
portugal-open-2026	Senior Men -54kg	R16	319	AZEVEDO Rafael Ale	POR	ALVES Leonardo	BRA	PTF	2:0
portugal-open-2026	Senior Men -54kg	R16	320	CANETE Arian Natha	USA	MARTINS Filipe	POR	DSQ	1:0
portugal-open-2026	Senior Men -54kg	R16	321	FONTINHA Andre	POR	LEITAO Fernando Da	MOZ	PTF	2:0
portugal-open-2026	Senior Men -54kg	R16	322	GARCIA Noah	POR	ARNAY Antonio Ramo	ESP	PTF	2:0
portugal-open-2026	Senior Men -54kg	QF	329	CANETE Arian Natha	USA	AZEVEDO Rafael Ale	POR	PTF	2:0
portugal-open-2026	Senior Men -54kg	QF	330	GARCIA Noah	POR	FONTINHA Andre	POR	PTF	2:0
portugal-open-2026	Senior Men -54kg	SF	334	CANETE Arian Natha	USA	GARCIA Noah	POR	PTF	2:1
portugal-open-2026	Senior Men -54kg	F	336	SARSOZA Zack	GBR	CANETE Arian Natha	USA	PTF	2:0
portugal-open-2026	Senior Men +87kg	R16	816	LEBEL Aubert	CAN	VIANA Andre Pinhei	POR	PTF	2:0
portugal-open-2026	Senior Men +87kg	R16	817	RAAD Charbel	LBN	CARLO Nicholas	USA	PTF	2:0
portugal-open-2026	Senior Men +87kg	QF	824	TROITINO Sergio	ESP	LEBEL Aubert	CAN	PTF	2:0
portugal-open-2026	Senior Men +87kg	QF	825	GOLUBOVIC Milos	SRB	RAAD Charbel	LBN	RSC	1:1
portugal-open-2026	Senior Men +87kg	SF	830	TROITINO Sergio	ESP	GOLUBOVIC Milos	SRB	PTF	2:0
portugal-open-2026	Senior Men +87kg	R16	818	JABLONSKI Zbigniew	POL	GOMIS Paivou Johno	GBS	PTF	2:0
portugal-open-2026	Senior Men +87kg	R16	819	PINHEIRO Daniel	POR	CRUZ Tiago Miguel	POR	DSQ	0:1
portugal-open-2026	Senior Men +87kg	QF	826	CUNNINGHAM Caden	GBR	JABLONSKI Zbigniew	POL	PTF	2:0
portugal-open-2026	Senior Men +87kg	QF	827	BAILEY Kelen	HUN	PINHEIRO Daniel	POR	PTF	2:0
portugal-open-2026	Senior Men +87kg	SF	831	CUNNINGHAM Caden	GBR	BAILEY Kelen	HUN	PTF	2:0
portugal-open-2026	Senior Men +87kg	F	833	TROITINO Sergio	ESP	CUNNINGHAM Caden	GBR	PTF	2:0
portugal-open-2026	Senior Women -73kg	R16	526	HAMADACHE Emna	FRA	MORA Paula	ESP	PTF	2:0
portugal-open-2026	Senior Women -73kg	R16	527	DANGNIDE Abenan Je	CIV	SILVA Ana	POR	WDR	1:0
portugal-open-2026	Senior Women -73kg	R16	528	GARCIA Helena	ESP	KRAMOH Courtney	GBR	PTF	2:0
portugal-open-2026	Senior Women -73kg	QF	535	HAMADACHE Emna	FRA	HOERMANN Emily	GER	PTF	2:0
portugal-open-2026	Senior Women -73kg	QF	536	GARCIA Helena	ESP	DANGNIDE Abenan Je	CIV	PTF	2:0
portugal-open-2026	Senior Women -73kg	SF	541	HAMADACHE Emna	FRA	GARCIA Helena	ESP	PTF	2:0
portugal-open-2026	Senior Women -73kg	R16	529	RIVAS Victoria	ARG	MOREIRA Marta Fili	POR	PTF	2:0
portugal-open-2026	Senior Women -73kg	R16	530	DIEGUEZ Andrea	ESP	CHAN Leanna	USA	PTF	2:0
portugal-open-2026	Senior Women -73kg	QF	537	CHAARI Sarah	BEL	RIVAS Victoria	ARG	PTF	2:0
portugal-open-2026	Senior Women -73kg	QF	538	MORAN Belen	ESP	DIEGUEZ Andrea	ESP	PTF	2:0
portugal-open-2026	Senior Women -73kg	SF	542	CHAARI Sarah	BEL	MORAN Belen	ESP	PTF	2:0
portugal-open-2026	Senior Women -73kg	F	544	CHAARI Sarah	BEL	HAMADACHE Emna	FRA	PTF	2:0
portugal-open-2026	Senior Women -67kg	R16	414	NILSEN Mari Romund	NOR	REBON Ekaterina	ESP	PTF	2:0
portugal-open-2026	Senior Women -67kg	R16	415	RUIZ Brenda Anahi	ARG	YOUKOUBOVA Karina	FRA	PTF	2:1
portugal-open-2026	Senior Women -67kg	R16	416	TITONELI Milena	BRA	BEAULIEU Gabrielle	CAN	PTF	2:0
portugal-open-2026	Senior Women -67kg	QF	423	MARENTAKI Styliani	GRE	NILSEN Mari Romund	NOR	PTF	2:0
portugal-open-2026	Senior Women -67kg	QF	424	TITONELI Milena	BRA	RUIZ Brenda Anahi	ARG	PTF	2:0
portugal-open-2026	Senior Women -67kg	SF	429	TITONELI Milena	BRA	MARENTAKI Styliani	GRE	PTF	2:1
portugal-open-2026	Senior Women -67kg	R16	417	RAMALHO Ariana	POR	COELHO Mafalda	POR	PTF	2:1
portugal-open-2026	Senior Women -67kg	R16	418	REY Alba	ESP	LYSKAWA Klaudia	POL	PTF	2:1
portugal-open-2026	Senior Women -67kg	QF	425	KANOUTE Iman	MLI	RAMALHO Ariana	POR	PTF	2:0
portugal-open-2026	Senior Women -67kg	QF	426	ROBERTS Chloe	GBR	REY Alba	ESP	PTF	2:0
portugal-open-2026	Senior Women -67kg	SF	430	ROBERTS Chloe	GBR	KANOUTE Iman	MLI	PTF	2:0
portugal-open-2026	Senior Women -67kg	F	432	TITONELI Milena	BRA	ROBERTS Chloe	GBR	PTF	2:0
portugal-open-2026	Senior Women -62kg	R32	101	TORRES Elena	ESP	SALANOVA Lucia	ESP	PTF	2:0
portugal-open-2026	Senior Women -62kg	R32	102	PEZZOLLA Lucia	ITA	JIJIE Erica	AND	PTF	2:0
portugal-open-2026	Senior Women -62kg	R16	105	RELJIKJ Miljana	MKD	TORRES Elena	ESP	PTF	2:0
portugal-open-2026	Senior Women -62kg	R16	106	ZENOZI Kimia Aliza	BUL	SEREDA Julia	POL	PTF	2:1
portugal-open-2026	Senior Women -62kg	R16	107	CORREIA Leonor	POR	SAHUQUILLO Irene	ESP	PTF	2:0
portugal-open-2026	Senior Women -62kg	R16	108	SECANELL Elsa	ESP	PEZZOLLA Lucia	ITA	PTF	2:0
portugal-open-2026	Senior Women -62kg	QF	120	ZENOZI Kimia Aliza	BUL	RELJIKJ Miljana	MKD	PTF	2:1
portugal-open-2026	Senior Women -62kg	QF	121	SECANELL Elsa	ESP	CORREIA Leonor	POR	PTF	2:0
portugal-open-2026	Senior Women -62kg	SF	128	SECANELL Elsa	ESP	ZENOZI Kimia Aliza	BUL	PTF	2:0
portugal-open-2026	Senior Women -62kg	R32	103	MARTINEZ Haizea	AND	HAMIDI Marzieh	TRT	WDR	
portugal-open-2026	Senior Women -62kg	R32	104	HERNANDEZ Rocio An	ESP	SPINAROVA Anna	CZE	PTF	2:0
portugal-open-2026	Senior Women -62kg	R16	109	KRAJEWSKA Agnieszk	POL	MARTINEZ Haizea	AND	PTF	2:0
portugal-open-2026	Senior Women -62kg	R16	110	MINA Mell	ECU	BLANCO Jessica	ESP	PTF	2:0
portugal-open-2026	Senior Women -62kg	R16	111	DOUCET Teeyah	FRA	LOURENCO Beatriz	POR	PTF	2:0
portugal-open-2026	Senior Women -62kg	R16	112	GRETARSDOTTIR Ingi	ISL	HERNANDEZ Rocio An	ESP	PTF	2:0
portugal-open-2026	Senior Women -62kg	QF	122	MINA Mell	ECU	KRAJEWSKA Agnieszk	POL	PTF	2:0
portugal-open-2026	Senior Women -62kg	QF	123	GRETARSDOTTIR Ingi	ISL	DOUCET Teeyah	FRA	PTF	2:1
portugal-open-2026	Senior Women -62kg	SF	129	MINA Mell	ECU	GRETARSDOTTIR Ingi	ISL	PTF	2:0
portugal-open-2026	Senior Women -62kg	F	132	MINA Mell	ECU	SECANELL Elsa	ESP	PTF	2:1
portugal-open-2026	Senior Women -57kg	R32	401	ADREGO Ana	POR	SZYMCZAK Joanna	POL	PTF	2:1
portugal-open-2026	Senior Women -57kg	R32	402	AOUN Laetitia	LBN	SARR Ndeye Maty	SEN	PTF	2:0
portugal-open-2026	Senior Women -57kg	R32	403	SEPULVEDA Maria Ju	ARG	DIALLO Ina Rebekka	DEN	PTF	2:0
portugal-open-2026	Senior Women -57kg	R16	406	ORTIZ Arlet	ESP	ADREGO Ana	POR	PTF	2:0
portugal-open-2026	Senior Women -57kg	R16	407	GHANNAM Maria	DEN	LUIS Elena	ESP	PTF	2:0
portugal-open-2026	Senior Women -57kg	R16	408	AOUN Laetitia	LBN	SESAR Carla	ESP	PTF	2:0
portugal-open-2026	Senior Women -57kg	R16	409	FRASSICA Anna	ITA	SEPULVEDA Maria Ju	ARG	PTF	2:0
portugal-open-2026	Senior Women -57kg	QF	419	ORTIZ Arlet	ESP	GHANNAM Maria	DEN	PTF	2:1
portugal-open-2026	Senior Women -57kg	QF	420	FRASSICA Anna	ITA	AOUN Laetitia	LBN	PTF	2:0
portugal-open-2026	Senior Women -57kg	SF	427	FRASSICA Anna	ITA	ORTIZ Arlet	ESP	PTF	2:0
portugal-open-2026	Senior Women -57kg	R32	404	MONTEIRO Maisa	POR	EHATE Noa	ESP	PTF	2:0
portugal-open-2026	Senior Women -57kg	R32	405	MEIŠTININKAITĖ Ger	LTU	HOCKEY Isabelle	GBR	PTF	2:0
portugal-open-2026	Senior Women -57kg	R16	410	CARABIN Kanelya	FRA	MONTEIRO Maisa	POR	PTF	2:0
portugal-open-2026	Senior Women -57kg	R16	411	KOSTADINOVA Stanis	BUL	KARLSSON Alma Frii	DEN	PTF	2:0
portugal-open-2026	Senior Women -57kg	R16	412	FEIO Mafalda Forte	POR	DOMINGUEZ Marta	ESP	PTF	2:1
portugal-open-2026	Senior Women -57kg	R16	413	PATAKFALVY Luca	HUN	MEIŠTININKAITĖ Ger	LTU	PTF	2:0
portugal-open-2026	Senior Women -57kg	QF	421	CARABIN Kanelya	FRA	KOSTADINOVA Stanis	BUL	PTF	2:1
portugal-open-2026	Senior Women -57kg	QF	422	PATAKFALVY Luca	HUN	FEIO Mafalda Forte	POR	PTF	2:0
portugal-open-2026	Senior Women -57kg	SF	428	PATAKFALVY Luca	HUN	CARABIN Kanelya	FRA	PTF	2:0
portugal-open-2026	Senior Women -57kg	F	431	PATAKFALVY Luca	HUN	FRASSICA Anna	ITA	PTF	2:1
portugal-open-2026	Senior Women -53kg	R32	301	KARABELEVA Erika	BUL	KAMKASOUMPHOU Alli	FRA	PTF	2:0
portugal-open-2026	Senior Women -53kg	R32	302	PEREZ Alma Maria	ESP	VO Jayda	USA	PTF	2:0
portugal-open-2026	Senior Women -53kg	R32	303	FLORENCIO Matilde	POR	MAIA Cristina	POR	PTF	2:0
portugal-open-2026	Senior Women -53kg	R16	308	KARABELEVA Erika	BUL	MCKEW Jodie	GBR	PTF	1:1
portugal-open-2026	Senior Women -53kg	R16	309	FREDERIKSEN Julie	DEN	DUARTE Lara	POR	PTF	2:1
portugal-open-2026	Senior Women -53kg	R16	310	PEREZ Alma Maria	ESP	GIRE Ines	FRA	PTF	2:0
portugal-open-2026	Senior Women -53kg	R16	311	EL Oumaima	MAR	FLORENCIO Matilde	POR	PTF	2:0
portugal-open-2026	Senior Women -53kg	QF	323	KARABELEVA Erika	BUL	FREDERIKSEN Julie	DEN	PTF	2:0
portugal-open-2026	Senior Women -53kg	QF	324	EL Oumaima	MAR	PEREZ Alma Maria	ESP	PTF	2:0
portugal-open-2026	Senior Women -53kg	SF	331	KARABELEVA Erika	BUL	EL Oumaima	MAR	PTF	2:1
portugal-open-2026	Senior Women -53kg	R32	304	ENTEZARI Nazila	TRT	WROBEL Michalina	POL	PTF	2:0
portugal-open-2026	Senior Women -53kg	R32	305	BASTOS Filipa	POR	ALCAYDE Noelia	ESP	PTF	2:0
portugal-open-2026	Senior Women -53kg	R32	306	VILLA Soraya	USA	MORA Margarita	ESP	PTF	2:0
portugal-open-2026	Senior Women -53kg	R32	307	LEHOUSSINE Sihem	FRA	ALMEIDA Ana Clara	BRA	PTF	2:0
portugal-open-2026	Senior Women -53kg	R16	312	KAMKASOUMPHOU Leny	FRA	ENTEZARI Nazila	TRT	PTF	2:0
portugal-open-2026	Senior Women -53kg	R16	313	SZYMCZAK Aleksandr	POL	BASTOS Filipa	POR	PTF	2:0
portugal-open-2026	Senior Women -53kg	R16	314	VILLA Soraya	USA	FERLA Ana Clara	BRA	PTF	2:1
portugal-open-2026	Senior Women -53kg	R16	315	BUTTARELLI Aurelie	FRA	LEHOUSSINE Sihem	FRA	PTF	2:1
portugal-open-2026	Senior Women -53kg	QF	325	KAMKASOUMPHOU Leny	FRA	SZYMCZAK Aleksandr	POL	PTF	2:0
portugal-open-2026	Senior Women -53kg	QF	326	VILLA Soraya	USA	BUTTARELLI Aurelie	FRA	PTF	2:1
portugal-open-2026	Senior Women -53kg	SF	332	KAMKASOUMPHOU Leny	FRA	VILLA Soraya	USA	PTF	2:0
portugal-open-2026	Senior Women -53kg	F	335	KARABELEVA Erika	BUL	KAMKASOUMPHOU Leny	FRA	PTF	2:0
portugal-open-2026	Senior Women -49kg	R32	208	KONE Nabintou	CIV	KAMKASOUMPHOU Mays	FRA	PTF	2:0
portugal-open-2026	Senior Women -49kg	R16	217	KONE Nabintou	CIV	MALOBERTI Lucrezia	ITA	PTF	2:0
portugal-open-2026	Senior Women -49kg	R16	218	HOCKEY Maisie	GBR	MOTA Sofia	POR	PTF	2:0
portugal-open-2026	Senior Women -49kg	R16	219	MARINOVA Teodora	BUL	CRISTESCU Anamaria	ROU	PTF	2:1
portugal-open-2026	Senior Women -49kg	R16	220	MARTINEZ Julia	ESP	PATRICIO Ana Rita	POR	PTF	2:0
portugal-open-2026	Senior Women -49kg	QF	229	KONE Nabintou	CIV	HOCKEY Maisie	GBR	PTF	2:0
portugal-open-2026	Senior Women -49kg	QF	230	MARINOVA Teodora	BUL	MARTINEZ Julia	ESP	PTF	2:0
portugal-open-2026	Senior Women -49kg	SF	235	KONE Nabintou	CIV	MARINOVA Teodora	BUL	PTF	2:0
portugal-open-2026	Senior Women -49kg	R16	221	GOODMAN Phoenix	GBR	SETTA Sara Tarik A	DEN	PTF	2:0
portugal-open-2026	Senior Women -49kg	R16	222	GONZALEZ Maria	ESP	AVILA Tania	ESP	PTF	2:0
portugal-open-2026	Senior Women -49kg	R16	223	SILVA Lis Danielle	BRA	CONCEICAO Rafaela	POR	PTF	2:0
portugal-open-2026	Senior Women -49kg	R16	224	BARROSO Kiara	POR	ALMEIDA Beatriz	POR	PTF	2:0
portugal-open-2026	Senior Women -49kg	QF	231	GOODMAN Phoenix	GBR	GONZALEZ Maria	ESP	PTF	2:0
portugal-open-2026	Senior Women -49kg	QF	232	SILVA Lis Danielle	BRA	BARROSO Kiara	POR	PTF	2:1
portugal-open-2026	Senior Women -49kg	SF	236	GOODMAN Phoenix	GBR	SILVA Lis Danielle	BRA	PTF	2:1
portugal-open-2026	Senior Women -49kg	F	238	KONE Nabintou	CIV	GOODMAN Phoenix	GBR	PTF	2:0
portugal-open-2026	Senior Women -46kg	R16	113	SUMNER Gunnar	USA	SALGUEIRO Patricia	POR	PTF	2:0
portugal-open-2026	Senior Women -46kg	R16	114	KALSI Divjot	CAN	GONCALVES Anna	BRA	PTF	2:0
portugal-open-2026	Senior Women -46kg	R16	115	CHOI Etta	GBR	SCHRENK Jazmin	HUN	PTF	2:0
portugal-open-2026	Senior Women -46kg	QF	124	SUMNER Gunnar	USA	ZAMPETTI Sofia	ITA	PTF	2:1
portugal-open-2026	Senior Women -46kg	QF	125	CHOI Etta	GBR	KALSI Divjot	CAN	PTF	2:0
portugal-open-2026	Senior Women -46kg	SF	130	SUMNER Gunnar	USA	CHOI Etta	GBR	PTF	2:1
portugal-open-2026	Senior Women -46kg	R16	116	FIDALGO Iara	POR	DA Ana Patricia Pe	POR	PTF	2:0
portugal-open-2026	Senior Women -46kg	R16	117	GEORGIOU Melina	GRE	MORELL Raquel	ESP	PTF	2:0
portugal-open-2026	Senior Women -46kg	R16	118	PEEVA Deya	BUL	GODINHO Carolina	POR	PTF	2:0
portugal-open-2026	Senior Women -46kg	R16	119	SURPRENANT Aude Ma	CAN	CRISCUOLO Anna	ITA	PTF	2:1
portugal-open-2026	Senior Women -46kg	QF	126	GEORGIOU Melina	GRE	FIDALGO Iara	POR	PTF	2:0
portugal-open-2026	Senior Women -46kg	QF	127	PEEVA Deya	BUL	SURPRENANT Aude Ma	CAN	PTF	2:0
portugal-open-2026	Senior Women -46kg	SF	131	GEORGIOU Melina	GRE	PEEVA Deya	BUL	PTF	2:0
portugal-open-2026	Senior Women -46kg	F	133	GEORGIOU Melina	GRE	SUMNER Gunnar	USA	PTF	2:0
portugal-open-2026	Senior Women +73kg	R16	617	CHTIOUI Hafsa Lian	DEN	OAKE Kavelle	CAN	PTF	2:0
portugal-open-2026	Senior Women +73kg	QF	623	CASTINEIRA Tania	ESP	CHTIOUI Hafsa Lian	DEN	PTF	2:0
portugal-open-2026	Senior Women +73kg	QF	624	BINOVA Alice	CZE	RIVADULLA Desiree	ESP	PTF	2:1
portugal-open-2026	Senior Women +73kg	SF	629	BINOVA Alice	CZE	CASTINEIRA Tania	ESP	PTF	2:1
portugal-open-2026	Senior Women +73kg	R16	618	VASCONCELOS Elis	BRA	SMITHERS Charleigh	IRL	PTF	2:0
portugal-open-2026	Senior Women +73kg	QF	625	VALLO Ane	ESP	FRANCISCA Maria	POR	PTF	2:0
portugal-open-2026	Senior Women +73kg	QF	626	WILLIAMS Lauren	GBR	VASCONCELOS Elis	BRA	PTF	2:0
portugal-open-2026	Senior Women +73kg	SF	630	WILLIAMS Lauren	GBR	VALLO Ane	ESP	PTF	2:0
portugal-open-2026	Senior Women +73kg	F	632	WILLIAMS Lauren	GBR	BINOVA Alice	CZE	WDR	2:0
