spanish-open-2022	Senior Men -87kg	ROS GÓMEZ Daniel	ESP	3
spanish-open-2022	Senior Men -87kg	BELOQUI Manuel	ESP	
spanish-open-2022	Senior Men -87kg	GOMIS Païvou johnouario	GBS	
spanish-open-2022	Senior Men -87kg	CUNNINGHAM Caden	GBR	
spanish-open-2022	Senior Men -87kg	RAWY Ahmad	EGY	1
spanish-open-2022	Senior Men -87kg	LOPEZ Pablo	ESP	
spanish-open-2022	Senior Men -87kg	TROITINO AMOEDO Sergio	ESP	
spanish-open-2022	Senior Men -87kg	BACHMANN Alexander	GER	
spanish-open-2022	Senior Men -87kg	DIVKOVIC Patrik	SLO	
spanish-open-2022	Senior Men -87kg	ZADRA Alexander	ITA	
spanish-open-2022	Senior Men -87kg	SAUVAGE Clement	FRA	
spanish-open-2022	Senior Men -87kg	BICER Enbiya taha	TUR	3
spanish-open-2022	Senior Men -87kg	MARTINEZ GARCIA Raul	ESP	
spanish-open-2022	Senior Men -87kg	HOUSSAM Saime	ESP	
spanish-open-2022	Senior Men -87kg	LLOPIS SANCHEZ Lucas	ESP	
spanish-open-2022	Senior Men -87kg	CISSE Cheick sallah	CIV	2
spanish-open-2022	Senior Men -80kg	ORDEMANN Richard andre	NOR	3
spanish-open-2022	Senior Men -80kg	ALVES Tiago	POR	
spanish-open-2022	Senior Men -80kg	TOURE-FARAH Jean-f	FRA	
spanish-open-2022	Senior Men -80kg	MICHOPOULOS Sotirios	GRE	
spanish-open-2022	Senior Men -80kg	RODRIGUEZ Jonatan	URU	
spanish-open-2022	Senior Men -80kg	FILIPPOV Aleksandr	ISR	
spanish-open-2022	Senior Men -80kg	STACH Martin	GER	
spanish-open-2022	Senior Men -80kg	CORREDOR Raul	ESP	
spanish-open-2022	Senior Men -80kg	ROEST Neils	GBR	
spanish-open-2022	Senior Men -80kg	CINTADO ARTECHE Jon	ESP	1
spanish-open-2022	Senior Men -80kg	FERREIRA Julio	POR	
spanish-open-2022	Senior Men -80kg	MATEU Albert	GBR	
spanish-open-2022	Senior Men -80kg	PLAZA RODRIGUEZ David	ESP	
spanish-open-2022	Senior Men -80kg	CARRACEDO Aaron	ESP	
spanish-open-2022	Senior Men -80kg	KARTAL Huseyin	TUR	2
spanish-open-2022	Senior Men -80kg	ADILKHANOV Rakhym	KAZ	
spanish-open-2022	Senior Men -80kg	FERNANDEZ Jon	ESP	
spanish-open-2022	Senior Men -80kg	MALLO Iago	ESP	
spanish-open-2022	Senior Men -80kg	MOLINA Gabriel	ESP	
spanish-open-2022	Senior Men -80kg	SAWADOGO Faysal	GER	3
spanish-open-2022	Senior Men -74kg	QUESADA BARRERA Daniel	ESP	2
spanish-open-2022	Senior Men -74kg	HANIQUE Noa	BEL	
spanish-open-2022	Senior Men -74kg	LEGENDRE Evann	FRA	
spanish-open-2022	Senior Men -74kg	RODRIGUEZ Pablo	ESP	
spanish-open-2022	Senior Men -74kg	PROCOPCIUC Lucian	POR	
spanish-open-2022	Senior Men -74kg	GUNDERSEN Jakob Bjørkhaug	NOR	
spanish-open-2022	Senior Men -74kg	BATISTA Edgar	ESP	
spanish-open-2022	Senior Men -74kg	CHICOTE Javier	ESP	
spanish-open-2022	Senior Men -74kg	PETTERSEN Jonas	NOR	
spanish-open-2022	Senior Men -74kg	RUIZ DOMENECH Ramon	ESP	3
spanish-open-2022	Senior Men -74kg	MEDDAH Nassim	FRA	
spanish-open-2022	Senior Men -74kg	CELIN Lyve-stone	FRA	
spanish-open-2022	Senior Men -74kg	RODRIGUEZ Kevin	ESP	
spanish-open-2022	Senior Men -74kg	NSILU DILANDU Leroy	IRL	
spanish-open-2022	Senior Men -74kg	BOE-NJAA Benjamin	NOR	
spanish-open-2022	Senior Men -74kg	DREWLAU Eduard	GER	
spanish-open-2022	Senior Men -74kg	DOMINGUEZ Gerard	ESP	
spanish-open-2022	Senior Men -74kg	YILDIZ Muhammed emin	TUR	1
spanish-open-2022	Senior Men -74kg	OUAHBI Oussama	FRA	
spanish-open-2022	Senior Men -74kg	VIVES Fabio	ESP	
spanish-open-2022	Senior Men -74kg	EISSA Rami	EGY	
spanish-open-2022	Senior Men -74kg	PORTARO Gregory	FRA	
spanish-open-2022	Senior Men -74kg	KILIC Yigithan	TUR	
spanish-open-2022	Senior Men -74kg	HERNANDEZ Alejandr	ESP	
spanish-open-2022	Senior Men -74kg	TSIPOUNIS Stavros	GRE	
spanish-open-2022	Senior Men -74kg	THOMAS Max	ESP	
spanish-open-2022	Senior Men -74kg	KETBI Si mohamed	BEL	3
spanish-open-2022	Senior Men -74kg	COELLO Juan Airam	ESP	
spanish-open-2022	Senior Men -74kg	FERNANDEZ Jose	ESP	
spanish-open-2022	Senior Men -74kg	ORTIZ Oier	ESP	
spanish-open-2022	Senior Men -74kg	RIDA Dahbi	ESP	
spanish-open-2022	Senior Men -74kg	FERNANDEZ Ismael	ESP	
spanish-open-2022	Senior Men -74kg	FUMADO Arnau	ESP	
spanish-open-2022	Senior Men -74kg	FELICITE Lawrence	FRA	
spanish-open-2022	Senior Men -74kg	ACHAB Badr	BEL	
spanish-open-2022	Senior Men -68kg	SINDEN Bradly	GBR	2
spanish-open-2022	Senior Men -68kg	GALLAND Warrick	SUI	
spanish-open-2022	Senior Men -68kg	HOWELL Matthew	GBR	
spanish-open-2022	Senior Men -68kg	CAULO Gabriele	ITA	
spanish-open-2022	Senior Men -68kg	AZEMI Arber	KOS	
spanish-open-2022	Senior Men -68kg	GLASNOVIC Leon	CRO	
spanish-open-2022	Senior Men -68kg	SIFAOUI Sofiane	FRA	
spanish-open-2022	Senior Men -68kg	VENELANTE Emanuele	ITA	
spanish-open-2022	Senior Men -68kg	KOBENAN Aaron francois	CIV	
spanish-open-2022	Senior Men -68kg	ABDELHAMID Abdouni	ESP	
spanish-open-2022	Senior Men -68kg	ENGER James	NOR	
spanish-open-2022	Senior Men -68kg	DZHORDZHEV Mitko	BUL	
spanish-open-2022	Senior Men -68kg	SAEZ Pablo	FRA	
spanish-open-2022	Senior Men -68kg	CHO Chaichon	THA	
spanish-open-2022	Senior Men -68kg	PATINO POMBAL Pablo	ESP	
spanish-open-2022	Senior Men -68kg	COULIBALY Sekou	LUX	
spanish-open-2022	Senior Men -68kg	QUAGLIERI Gianni	FRA	
spanish-open-2022	Senior Men -68kg	PARADA Manuel	ESP	
spanish-open-2022	Senior Men -68kg	LUCIEN Theo	FRA	3
spanish-open-2022	Senior Men -68kg	ALONSO Iker	ESP	
spanish-open-2022	Senior Men -68kg	KRIVISHKIY Nimrod	ISR	
spanish-open-2022	Senior Men -68kg	AMRI Bassem	FRA	
spanish-open-2022	Senior Men -68kg	FERDYANSYAH Adam yazid	INA	
spanish-open-2022	Senior Men -68kg	ALIAN Ali	SWE	
spanish-open-2022	Senior Men -68kg	LIBRADO Diego	ESP	
spanish-open-2022	Senior Men -68kg	ARCHER Marotea	FRA	
spanish-open-2022	Senior Men -68kg	LO Mouhamadou mansour	SEN	
spanish-open-2022	Senior Men -68kg	KAIYRBEK Yerassyl	KAZ	
spanish-open-2022	Senior Men -68kg	KAVURAT Ferhat can	TUR	3
spanish-open-2022	Senior Men -68kg	KOVACIC Lin	SLO	
spanish-open-2022	Senior Men -68kg	AIT NACER Ayoub	FRA	
spanish-open-2022	Senior Men -68kg	CHELLAMOOTOO Dylan	FRA	
spanish-open-2022	Senior Men -68kg	VILLA Adrian	ESP	
spanish-open-2022	Senior Men -68kg	FRANCO Borja Domin	ESP	
spanish-open-2022	Senior Men -68kg	CABALLERO Marcos	ESP	
spanish-open-2022	Senior Men -68kg	PETTERSEN Hermann	NOR	
spanish-open-2022	Senior Men -68kg	SHULENOV Damir	KAZ	
spanish-open-2022	Senior Men -68kg	BARAKAT Eyad	EGY	
spanish-open-2022	Senior Men -68kg	CRESCENZI Simone	ITA	
spanish-open-2022	Senior Men -68kg	GRACIAN Marc	ESP	
spanish-open-2022	Senior Men -68kg	CECCARONI Michele	SMR	
spanish-open-2022	Senior Men -68kg	PEREIRA Renato	POR	
spanish-open-2022	Senior Men -68kg	WAEL Ahmed	EGY	
spanish-open-2022	Senior Men -68kg	AALIOUI Moussa	FRA	
spanish-open-2022	Senior Men -68kg	PEREZ POLO Javier	ESP	1
spanish-open-2022	Senior Men -63kg	JORQUERA CALA Joan	ESP	3
spanish-open-2022	Senior Men -63kg	LORENZO Manuel	ESP	
spanish-open-2022	Senior Men -63kg	RODER Justus	GER	
spanish-open-2022	Senior Men -63kg	MOORES-DUFFIELD Ty	SOM	
spanish-open-2022	Senior Men -63kg	LO PINTO Daniel	ITA	
spanish-open-2022	Senior Men -63kg	ALAPHILIPPE Souleyman	FRA	
spanish-open-2022	Senior Men -63kg	BYSTROV Volodymyr	UKR	
spanish-open-2022	Senior Men -63kg	RAVENSCROFT Dylan	GBR	
spanish-open-2022	Senior Men -63kg	AVRAMOV Bozhidar	BUL	
spanish-open-2022	Senior Men -63kg	NSANGU Aitor	ESP	
spanish-open-2022	Senior Men -63kg	ALINEZHADNARZIVEH	NOR	
spanish-open-2022	Senior Men -63kg	OZKAYA Imran	GER	
spanish-open-2022	Senior Men -63kg	JIMENEZ Nicolas Ma	ESP	
spanish-open-2022	Senior Men -63kg	TOMAS GONZALEZ Lois	ESP	
spanish-open-2022	Senior Men -63kg	BARETTA Dennis	ITA	
spanish-open-2022	Senior Men -63kg	KUSKU ahmet	TUR	
spanish-open-2022	Senior Men -63kg	COMPRELLE Enzo	FRA	
spanish-open-2022	Senior Men -63kg	DOMINGUEZ Alvaro	ESP	
spanish-open-2022	Senior Men -63kg	DEL Adrian	ESP	1
spanish-open-2022	Senior Men -63kg	IBRAHIM Nouralden	USA	
spanish-open-2022	Senior Men -63kg	MOHAMMEDI Anas	FRA	
spanish-open-2022	Senior Men -63kg	KONSTANTINIDIS Iordanis	GER	
spanish-open-2022	Senior Men -63kg	PARRA Kevin	ESP	
spanish-open-2022	Senior Men -63kg	FOTI Giuseppe	ITA	
spanish-open-2022	Senior Men -63kg	DREBES Ranye	GER	
spanish-open-2022	Senior Men -63kg	ROGOZHINE Egor	ISR	
spanish-open-2022	Senior Men -63kg	MADUENO Adria	ESP	3
spanish-open-2022	Senior Men -63kg	RAVET Cyrian	FRA	
spanish-open-2022	Senior Men -63kg	HYTTEL Tobias	DEN	
spanish-open-2022	Senior Men -63kg	FERNANDEZ Michael	ESP	
spanish-open-2022	Senior Men -63kg	GAVIN Roberto	ITA	
spanish-open-2022	Senior Men -63kg	SAARINEN Niko	FIN	
spanish-open-2022	Senior Men -63kg	LEGENDRE Mathis	FRA	
spanish-open-2022	Senior Men -63kg	LORENTE LAMAS David	ESP	
spanish-open-2022	Senior Men -63kg	BAZARBAYEV Adilet	KAZ	2
spanish-open-2022	Senior Men -63kg	HANPRAB Tawin	THA	
spanish-open-2022	Senior Men -63kg	RAIHAN Muhammad bassam	INA	
spanish-open-2022	Senior Men -63kg	ABAD EXPOSITO Iker	ESP	
spanish-open-2022	Senior Men -63kg	FARAG Mohamed	EGY	
spanish-open-2022	Senior Men -63kg	BOUALLEGUI Rafed	FRA	
spanish-open-2022	Senior Men -63kg	QUINONERO Daniel	ESP	
spanish-open-2022	Senior Men -63kg	RECBER Hakan	TUR	
spanish-open-2022	Senior Men -58kg	WOOLLEY Jack	IRL	2
spanish-open-2022	Senior Men -58kg	VARGAS Alvaro	ESP	
spanish-open-2022	Senior Men -58kg	ROMANELLI Francesc	ITA	
spanish-open-2022	Senior Men -58kg	DELEVAL Herwan	FRA	
spanish-open-2022	Senior Men -58kg	FRAILE RODRIGUEZ Jesus	ESP	
spanish-open-2022	Senior Men -58kg	OTER Ibrahim	TUR	
spanish-open-2022	Senior Men -58kg	LOPEZ Francisco	ESP	
spanish-open-2022	Senior Men -58kg	ALESIO Sebastien	FRA	
spanish-open-2022	Senior Men -58kg	ARANDA Jordi	ESP	
spanish-open-2022	Senior Men -58kg	FLECCA Antonio	ITA	
spanish-open-2022	Senior Men -58kg	YODRAK Thanakrit	THA	
spanish-open-2022	Senior Men -58kg	MUÑOZ Jose Ignacio	ESP	
spanish-open-2022	Senior Men -58kg	DOS Diego	FRA	
spanish-open-2022	Senior Men -58kg	MARTINEZ Jorge	ESP	
spanish-open-2022	Senior Men -58kg	SIVERTSEN Isak	NOR	
spanish-open-2022	Senior Men -58kg	OLSEN Frederik emil	SWE	3
spanish-open-2022	Senior Men -58kg	JIMENEZ Javier	ESP	
spanish-open-2022	Senior Men -58kg	DIAKITE Issa	CIV	
spanish-open-2022	Senior Men -58kg	REKIK Adam	FRA	
spanish-open-2022	Senior Men -58kg	YELSHIBAY Yelzhan	KAZ	
spanish-open-2022	Senior Men -58kg	SÁNCHEZ OLMO Nicolas	ESP	
spanish-open-2022	Senior Men -58kg	GAZEZ Nurbek	KAZ	
spanish-open-2022	Senior Men -58kg	DOMINGUEZ Miguel	ESP	
spanish-open-2022	Senior Men -58kg	BORGEN Kristian storsul	NOR	3
spanish-open-2022	Senior Men -58kg	PAZOS AMOEDO Alex	ESP	
spanish-open-2022	Senior Men -58kg	WAEL Ahmed	EGY	
spanish-open-2022	Senior Men -58kg	VAN Jesse	BEL	
spanish-open-2022	Senior Men -58kg	BOGDANOV Hristo	BUL	
spanish-open-2022	Senior Men -58kg	MORENO Raul	ESP	
spanish-open-2022	Senior Men -58kg	DAYIOGLU Omer faruk	TUR	1
spanish-open-2022	Senior Men -58kg	SALAS Victor Andre	PER	
spanish-open-2022	Senior Men -58kg	REGUERA Sergio	ESP	
spanish-open-2022	Senior Men -58kg	VACHIER Gaetan	FRA	
spanish-open-2022	Senior Men -58kg	VICENTE YUNTA Adrian	ESP	
spanish-open-2022	Senior Men -54kg	SHARAKY Omar	EGY	
spanish-open-2022	Senior Men -54kg	SARSOZA Zack	GBR	
spanish-open-2022	Senior Men -54kg	PEREZ Oliver	GBR	
spanish-open-2022	Senior Men -54kg	BOUKARNIA Hamza	FRA	
spanish-open-2022	Senior Men -54kg	OUDAI Yanis	FRA	
spanish-open-2022	Senior Men -54kg	MOLLE Milan	NED	3
spanish-open-2022	Senior Men -54kg	CUENCA Jorge	ESP	
spanish-open-2022	Senior Men -54kg	PASHCOVSKY Tom	ISR	
spanish-open-2022	Senior Men -54kg	HAMI Muhammed	GER	
spanish-open-2022	Senior Men -54kg	TESKERA Josip	CRO	
spanish-open-2022	Senior Men -54kg	ESCOLAR PARRA Ivan	ESP	
spanish-open-2022	Senior Men -54kg	LEHTINEN Valtteri	FIN	
spanish-open-2022	Senior Men -54kg	BOGDANOV Lyubomir	BUL	
spanish-open-2022	Senior Men -54kg	VICENTE Ruben	ESP	
spanish-open-2022	Senior Men -54kg	ARILLO VAZQUEZ Hugo	ESP	
spanish-open-2022	Senior Men -54kg	ALEGRE Matteo	FRA	
spanish-open-2022	Senior Men -54kg	DAGDELEN Deniz	TUR	1
spanish-open-2022	Senior Men -54kg	LEMMENS Maarten	BEL	
spanish-open-2022	Senior Men -54kg	JAIJULLA Panachai	THA	
spanish-open-2022	Senior Men -54kg	AMADOU Mahamadou	NIG	
spanish-open-2022	Senior Men -54kg	DAVILA Fernando	ESP	
spanish-open-2022	Senior Men -54kg	GLOC Antoine	FRA	
spanish-open-2022	Senior Men -54kg	ATMANEGARA Reinaldy	INA	
spanish-open-2022	Senior Men -54kg	PATISHI Ori	ISR	
spanish-open-2022	Senior Men -54kg	MOLJ Domen	SLO	2
spanish-open-2022	Senior Men -54kg	SABATIER David	FRA	
spanish-open-2022	Senior Men -54kg	ONUS Emircan	GER	
spanish-open-2022	Senior Men -54kg	BELLO MUNOZ David	ESP	
spanish-open-2022	Senior Men -54kg	CURVELO Johan Seba	ESP	
spanish-open-2022	Senior Men -54kg	CONTI Andrea	ITA	
spanish-open-2022	Senior Men -54kg	BENITEZ Norberto	ESP	
spanish-open-2022	Senior Men -54kg	IBRAHIM Diallo	CIV	
spanish-open-2022	Senior Men -54kg	JIMENEZ Marcos	ESP	
spanish-open-2022	Senior Men -54kg	MANSOUR Youssef	EGY	
spanish-open-2022	Senior Men -54kg	FEIEREISEN Louis	LUX	
spanish-open-2022	Senior Men -54kg	NDONG Ansou	ESP	
spanish-open-2022	Senior Men -54kg	DELGADO David	ESP	
spanish-open-2022	Senior Men -54kg	POLAT Gorkem	TUR	3
spanish-open-2022	Senior Men +87kg	ATESLI Emre kutalmis	TUR	3
spanish-open-2022	Senior Men +87kg	ZONDEROP Bryan	NED	
spanish-open-2022	Senior Men +87kg	ZLATEV Kristiyan	BUL	
spanish-open-2022	Senior Men +87kg	UNLUSOY Cem	GER	
spanish-open-2022	Senior Men +87kg	ZADRA Markus	ITA	
spanish-open-2022	Senior Men +87kg	FARMAKAS Erik	SWE	
spanish-open-2022	Senior Men +87kg	BASSEL Ayoub	MAR	2
spanish-open-2022	Senior Men +87kg	GARCIA MARTINEZ Ivan	ESP	1
spanish-open-2022	Senior Men +87kg	MURILLO RUBIO Daniel	ESP	
spanish-open-2022	Senior Men +87kg	ELHATRI Mohammed	NOR	
spanish-open-2022	Senior Men +87kg	GBANE Seydou	CIV	
spanish-open-2022	Senior Men +87kg	RAHY Ray	LBN	3
spanish-open-2022	Senior Men +87kg	GISBERT Genis	ESP	
spanish-open-2022	Senior Men +87kg	PEREZ Julian	ESP	
spanish-open-2022	Senior Men +87kg	EL YAZIDI Omar	FRA	
spanish-open-2022	Senior Women -73kg	BLE Marie-Paule	FRA	3
spanish-open-2022	Senior Women -73kg	ZUGAZAGA Leyre	ESP	
spanish-open-2022	Senior Women -73kg	BYL Charlotte	BEL	
spanish-open-2022	Senior Women -73kg	TATAR Nur	TUR	
spanish-open-2022	Senior Women -73kg	DIAKITE Bintou	FRA	
spanish-open-2022	Senior Women -73kg	SMIRAGLIA Maristella	ITA	
spanish-open-2022	Senior Women -73kg	HERNANDEZ Adriana	ESP	
spanish-open-2022	Senior Women -73kg	KLEPAC Nika	CRO	
spanish-open-2022	Senior Women -73kg	BOZANIC Nadica	SRB	2
spanish-open-2022	Senior Women -73kg	CERNADAS Nuria	ESP	
spanish-open-2022	Senior Women -73kg	VANDER-ZWALM Estelle	FRA	
spanish-open-2022	Senior Women -73kg	SCHNEIDER Yanna	GER	3
spanish-open-2022	Senior Women -73kg	HUSOVIC Darija	GER	
spanish-open-2022	Senior Women -73kg	RUIZ Judith	ESP	
spanish-open-2022	Senior Women -73kg	OZTURK Busra	TUR	
spanish-open-2022	Senior Women -73kg	WINK Monica	NED	
spanish-open-2022	Senior Women -73kg	ZANONI Carlota Ter	ESP	
spanish-open-2022	Senior Women -73kg	SELMAN Ward	LBN	
spanish-open-2022	Senior Women -73kg	NEDIC Marlen sophie	GER	
spanish-open-2022	Senior Women -73kg	MARTINEZ Ana	ESP	
spanish-open-2022	Senior Women -73kg	PANOS Irene	ESP	
spanish-open-2022	Senior Women -73kg	MARIÑO Sheila	ESP	
spanish-open-2022	Senior Women -73kg	LAURIN Althea	FRA	1
spanish-open-2022	Senior Women -67kg	GBAGBI Ruth	CIV	
spanish-open-2022	Senior Women -67kg	MONTERO Irene	ESP	
spanish-open-2022	Senior Women -67kg	MEHNANA Ines	FRA	
spanish-open-2022	Senior Women -67kg	NILSEN Mari romundset	NOR	
spanish-open-2022	Senior Women -67kg	SHEHATA Aya	EGY	3
spanish-open-2022	Senior Women -67kg	CASTRO BURGOS Cecilia	ESP	2
spanish-open-2022	Senior Women -67kg	MINK Amy	NED	
spanish-open-2022	Senior Women -67kg	ACHOUAK Litbate	ESP	
spanish-open-2022	Senior Women -67kg	REGI Margerette maria	IND	
spanish-open-2022	Senior Women -67kg	SIPOUREN Sapir	ISR	
spanish-open-2022	Senior Women -67kg	MITSOPOULOU Athanasia	GRE	
spanish-open-2022	Senior Women -67kg	KOERNDL Vanessa	GER	
spanish-open-2022	Senior Women -67kg	SHESTOPALKA Vanessa Chiamaka	ESP	
spanish-open-2022	Senior Women -67kg	IRIGOIEN Irati	ESP	
spanish-open-2022	Senior Women -67kg	FABER Isabelle	LUX	
spanish-open-2022	Senior Women -67kg	SJOBERG Frida	SWE	
spanish-open-2022	Senior Women -67kg	FUREDI Rebeka	HUN	3
spanish-open-2022	Senior Women -67kg	EVCI Mervenur	TUR	
spanish-open-2022	Senior Women -67kg	YOUKOUBOVA Karina	FRA	
spanish-open-2022	Senior Women -67kg	GOULAMOUSSENE Lalli	FRA	
spanish-open-2022	Senior Women -67kg	LOPEZ Lea	ESP	
spanish-open-2022	Senior Women -67kg	DOUIEB Soumaya	ESP	
spanish-open-2022	Senior Women -67kg	WIET HENIN Magda	FRA	1
spanish-open-2022	Senior Women -62kg	MAGDALENO ALBIZU Jone	ESP	
spanish-open-2022	Senior Women -62kg	MACHI Mar	ESP	
spanish-open-2022	Senior Women -62kg	TONGCHAN Sasikarn	THA	3
spanish-open-2022	Senior Women -62kg	ALMELA Estefania	ESP	
spanish-open-2022	Senior Women -62kg	PRZYGODA Alina	GER	
spanish-open-2022	Senior Women -62kg	GJELSVIK Karoline	NOR	
spanish-open-2022	Senior Women -62kg	HILDERS Maggy	NED	
spanish-open-2022	Senior Women -62kg	MALLIEN Clara	FRA	
spanish-open-2022	Senior Women -62kg	KARABELESKA Lea	SWE	
spanish-open-2022	Senior Women -62kg	KAYIR Ikra	TUR	
spanish-open-2022	Senior Women -62kg	HOGFELDT Nora	SWE	
spanish-open-2022	Senior Women -62kg	KANOUTE Iman	MLI	
spanish-open-2022	Senior Women -62kg	FORGAN Alison	ESP	
spanish-open-2022	Senior Women -62kg	CHAARI Sarah	BEL	1
spanish-open-2022	Senior Women -62kg	ILONA Adam	FRA	
spanish-open-2022	Senior Women -62kg	REFAEI Rewan	EGY	
spanish-open-2022	Senior Women -62kg	ASENSIO Ester	ESP	
spanish-open-2022	Senior Women -62kg	MONTEMUIÑO MARTINEZ Irene	ESP	
spanish-open-2022	Senior Women -62kg	CALVO GOMEZ Marta	ESP	2
spanish-open-2022	Senior Women -62kg	PIZARROSO Paula	ESP	
spanish-open-2022	Senior Women -62kg	TOLEN Manon	FRA	
spanish-open-2022	Senior Women -62kg	VICCA Lies	BEL	
spanish-open-2022	Senior Women -62kg	CARVALHO Maialen	ESP	
spanish-open-2022	Senior Women -62kg	HADDAD Khalida	FRA	
spanish-open-2022	Senior Women -62kg	ENGSTROM Anna	SWE	
spanish-open-2022	Senior Women -62kg	SAVKOVIC Nadja	SRB	
spanish-open-2022	Senior Women -62kg	RODRIGUES Noemie	FRA	
spanish-open-2022	Senior Women -62kg	GARCÍA Miryam	ESP	
spanish-open-2022	Senior Women -62kg	LAARAJ Nada	MAR	3
spanish-open-2022	Senior Women -62kg	MAHMOUD Nadine	EGY	
spanish-open-2022	Senior Women -62kg	SUAREZ EXPOSITO Andrea Alba	ESP	
spanish-open-2022	Senior Women -62kg	FRANCESCHI Frances	FRA	
spanish-open-2022	Senior Women -62kg	MARTINEZ Presentac	ESP	
spanish-open-2022	Senior Women -62kg	ANDERSSON Tindra	SWE	
spanish-open-2022	Senior Women -62kg	MENDO Amanda	ESP	
spanish-open-2022	Senior Women -62kg	FROEMMING Anna-Lena	GER	
spanish-open-2022	Senior Women -57kg	ILGUN Hatice kubra	TUR	1
spanish-open-2022	Senior Women -57kg	RAMSEY Julie	NOR	
spanish-open-2022	Senior Women -57kg	MACIA Lorena	ESP	
spanish-open-2022	Senior Women -57kg	ARGUEDAS Cristina	ESP	
spanish-open-2022	Senior Women -57kg	RAHMANI Ruqia	FIN	
spanish-open-2022	Senior Women -57kg	ARMERIA Paulina	ITA	
spanish-open-2022	Senior Women -57kg	HALINDA Mariska	INA	
spanish-open-2022	Senior Women -57kg	ORTIZ BENITO Arlet	ESP	
spanish-open-2022	Senior Women -57kg	REIMUNDEZ Yadira	ESP	
spanish-open-2022	Senior Women -57kg	KALTEKI Faidra	GRE	3
spanish-open-2022	Senior Women -57kg	NAJAR Anais	ESP	
spanish-open-2022	Senior Women -57kg	CARABIN Kanelya	FRA	
spanish-open-2022	Senior Women -57kg	FERNANDEZ Nerea	ESP	
spanish-open-2022	Senior Women -57kg	JIMENEZ Maria	ESP	
spanish-open-2022	Senior Women -57kg	ROMERO Aitana	ESP	
spanish-open-2022	Senior Women -57kg	SCHOENMAKERS Bodine	NED	
spanish-open-2022	Senior Women -57kg	OGEA Uxía	ESP	
spanish-open-2022	Senior Women -57kg	RADMILOVIC Aleksandra	SRB	
spanish-open-2022	Senior Women -57kg	VARA Lucia	ESP	
spanish-open-2022	Senior Women -57kg	WOLF Jessica	GER	
spanish-open-2022	Senior Women -57kg	TORRES TENA Elena	ESP	
spanish-open-2022	Senior Women -57kg	AL HALWANI Giada	ITA	3
spanish-open-2022	Senior Women -57kg	GARCIA Gabriela	ESP	
spanish-open-2022	Senior Women -57kg	CUNHA Joana	POR	
spanish-open-2022	Senior Women -57kg	LAGI Giada	USA	
spanish-open-2022	Senior Women -57kg	TVARONAVICIUTE Klaudija	LTU	
spanish-open-2022	Senior Women -57kg	MAM Julie	CAM	
spanish-open-2022	Senior Women -57kg	HARNSUJIN Phannapa	THA	2
spanish-open-2022	Senior Women -57kg	ARRONDO BELLOSO Ariadna	ESP	
spanish-open-2022	Senior Women -57kg	MERLOS ORDONEZ Judit	ESP	
spanish-open-2022	Senior Women -57kg	DE Alejandra	ESP	
spanish-open-2022	Senior Women -57kg	FRAILE Sara	ESP	
spanish-open-2022	Senior Women -57kg	CAUSSE Estelle	FRA	
spanish-open-2022	Senior Women -57kg	ASEMANI Raheleh	BEL	
spanish-open-2022	Senior Women -53kg	AYDIN KONSTANTINIDIS Ela	GER	3
spanish-open-2022	Senior Women -53kg	KOSTOVA Nikolet	BUL	
spanish-open-2022	Senior Women -53kg	TEMINA MONLEON Paula	ESP	
spanish-open-2022	Senior Women -53kg	YLONEN Jenna	FIN	
spanish-open-2022	Senior Women -53kg	PREISS Noa	ISR	
spanish-open-2022	Senior Women -53kg	ABDIWAHID Munirah warsame	SOM	
spanish-open-2022	Senior Women -53kg	MAHESWARI Megawati Tamesti	INA	
spanish-open-2022	Senior Women -53kg	PEREZ PARRADO Alma maria	ESP	
spanish-open-2022	Senior Women -53kg	FERREIRO Maria	ESP	
spanish-open-2022	Senior Women -53kg	DOURDIN Mathilde	FRA	
spanish-open-2022	Senior Women -53kg	LENNUYEUX Alix	FRA	
spanish-open-2022	Senior Women -53kg	BONALS ANARTE Laura	ESP	
spanish-open-2022	Senior Women -53kg	KAIOURI Norihane	FRA	
spanish-open-2022	Senior Women -53kg	AGRIS Zeliha	TUR	
spanish-open-2022	Senior Women -53kg	WONGPATTANAKIT Panipak	THA	1
spanish-open-2022	Senior Women -53kg	FOLGMANN Madeline	GER	
spanish-open-2022	Senior Women -53kg	HERNANDEZ Elsa	ESP	
spanish-open-2022	Senior Women -53kg	AGAOU Khalissa	FRA	
spanish-open-2022	Senior Women -53kg	GIRE Ines	FRA	
spanish-open-2022	Senior Women -53kg	HEBBAR Nisrin	FRA	
spanish-open-2022	Senior Women -53kg	VILLAR Abril	ESP	
spanish-open-2022	Senior Women -53kg	RODRIGUEZ MARQUINA Laura	ESP	2
spanish-open-2022	Senior Women -53kg	ALCANTARA Emma	ESP	
spanish-open-2022	Senior Women -53kg	AL HALWANI Sarah	ITA	
spanish-open-2022	Senior Women -53kg	LEE Jacqueline Chu	GBR	
spanish-open-2022	Senior Women -53kg	DIDDEN Robin	NED	
spanish-open-2022	Senior Women -53kg	CHAMILEVSKY Romy	ISR	
spanish-open-2022	Senior Women -53kg	HOGLINGER Lea	AUT	
spanish-open-2022	Senior Women -53kg	CINTO Ane	ESP	
spanish-open-2022	Senior Women -53kg	BOGDANOVIC Tijana	SRB	3
spanish-open-2022	Senior Women -49kg	CEREZO IGLESIAS Adriana	ESP	3
spanish-open-2022	Senior Women -49kg	SHAW Elisha	GBR	
spanish-open-2022	Senior Women -49kg	CAZALIN Chloe	FRA	
spanish-open-2022	Senior Women -49kg	RABAB OUHADI	MAR	
spanish-open-2022	Senior Women -49kg	CORELLI Martina	ITA	
spanish-open-2022	Senior Women -49kg	DINCEL KAVURAT Merve	TUR	1
spanish-open-2022	Senior Women -49kg	JOVIC Teodora	SRB	
spanish-open-2022	Senior Women -49kg	SORIANO BACETE Silvia	ESP	
spanish-open-2022	Senior Women -49kg	MAESTRO Virginia	ITA	
spanish-open-2022	Senior Women -49kg	BONNA Clara	FRA	
spanish-open-2022	Senior Women -49kg	SEMBERG Abishag	ISR	
spanish-open-2022	Senior Women -49kg	CELIK Sueheda	GER	2
spanish-open-2022	Senior Women -49kg	CORTEGOSO LIMA Sara	ESP	
spanish-open-2022	Senior Women -49kg	LIÑAN PARDO Naiara	AND	
spanish-open-2022	Senior Women -49kg	SAMY ELHOSSEINY Shahd	EGY	
spanish-open-2022	Senior Women -49kg	ATESLI Supharada	GER	
spanish-open-2022	Senior Women -49kg	STANKOVIC Vanja	SRB	
spanish-open-2022	Senior Women -49kg	KOUTTOUKI Kyriaki	CYP	
spanish-open-2022	Senior Women -49kg	MEDHAT Mennatalla	EGY	
spanish-open-2022	Senior Women -49kg	MURAKAMI China	JPN	3
spanish-open-2022	Senior Women -49kg	YILDIRIM Rukiye	TUR	
spanish-open-2022	Senior Women -46kg	GOGEBAKAN Emine	TUR	1
spanish-open-2022	Senior Women -46kg	PINTO BARROSO Kiara Aldina	POR	
spanish-open-2022	Senior Women -46kg	HENI Ni kadek	INA	
spanish-open-2022	Senior Women -46kg	REHANI Dalya	FRA	
spanish-open-2022	Senior Women -46kg	GAYE Serrah	FRA	
spanish-open-2022	Senior Women -46kg	KELES Fatma	TUR	3
spanish-open-2022	Senior Women -46kg	GARCIES I SALA Lluisa	ESP	
spanish-open-2022	Senior Women -46kg	FARIÑA Aitana	ESP	
spanish-open-2022	Senior Women -46kg	JONGKOLRATTANAWATT	THA	
spanish-open-2022	Senior Women -46kg	MARTÍN Elena	ESP	
spanish-open-2022	Senior Women -46kg	ZAMPETTI Sofia	ITA	
spanish-open-2022	Senior Women -46kg	TURHAN Ozlem	GER	
spanish-open-2022	Senior Women -46kg	ILYAS Isra	PAK	
spanish-open-2022	Senior Women -46kg	VAN Kelly	FRA	
spanish-open-2022	Senior Women -46kg	TAMMILA Ida-elina	FIN	
spanish-open-2022	Senior Women -46kg	JIMENEZ MONTERO Ana	ESP	2
spanish-open-2022	Senior Women -46kg	KOLAREK Nika	CRO	3
spanish-open-2022	Senior Women -46kg	TAHRAOUI Ines	FRA	
spanish-open-2022	Senior Women -46kg	GARCIA Laura	ESP	
spanish-open-2022	Senior Women -46kg	COHEN Noa	ISR	
spanish-open-2022	Senior Women -46kg	ZRIHEN Michal	POR	
spanish-open-2022	Senior Women +73kg	KUS AYDIN Nafia	TUR	1
spanish-open-2022	Senior Women +73kg	HUSOVIC Esmeralda	GER	
spanish-open-2022	Senior Women +73kg	OOGINK Reshmie	NED	
spanish-open-2022	Senior Women +73kg	SHAABAN SLEMAN HASSAN Toka	EGY	
spanish-open-2022	Senior Women +73kg	CASTINEIRA ETCHEVERRIA Tania	ESP	3
spanish-open-2022	Senior Women +73kg	MORAN ROMERO Belen	ESP	
spanish-open-2022	Senior Women +73kg	UZUNCAVDAR Sude yaren	TUR	3
spanish-open-2022	Senior Women +73kg	AZRAN Dana	ISR	
spanish-open-2022	Senior Women +73kg	GIACOMINI Laura	ITA	
spanish-open-2022	Senior Women +73kg	RIVADULLA LORENZO Desiree	ESP	
spanish-open-2022	Senior Women +73kg	AVOULETTE Solene	FRA	2
bolivarian-games-2022	Senior Men -58kg	GRANADP Yohandry J	VEN	2
bolivarian-games-2022	Senior Men -58kg	DE Yeuri	DOM	3
bolivarian-games-2022	Senior Men -58kg	MIRANDA Adrian Edu	ECU	
bolivarian-games-2022	Senior Men -58kg	BARRETO Raymiguel	PER	3
bolivarian-games-2022	Senior Men -58kg	ROBLES Sebastian A	BOL	
bolivarian-games-2022	Senior Men -58kg	OCHOA Jefferson Al	COL	1
bolivarian-games-2022	Senior Women -49kg	RAMIREZ VARGAS Andrea	COL	1
bolivarian-games-2022	Senior Women -49kg	GUELET Deisy Karin	CHI	3
bolivarian-games-2022	Senior Women -49kg	VICTOR Nahomy	DOM	
bolivarian-games-2022	Senior Women -49kg	HURTADO Maria Jire	BOL	
bolivarian-games-2022	Senior Women -49kg	MENESES Karoline S	PAN	3
bolivarian-games-2022	Senior Women -49kg	SUAREZ ESCOBEDO Alessandra	PER	
bolivarian-games-2022	Senior Women -49kg	DELLAN Virginia De	VEN	2
bolivarian-games-2022	Senior Men -68kg	MORALES Ignacio Al	CHI	2
bolivarian-games-2022	Senior Men -68kg	RUIZ Alexander Dan	VEN	3
bolivarian-games-2022	Senior Men -68kg	TAVERAS Saul	DOM	
bolivarian-games-2022	Senior Men -68kg	LEON Braulio Cesar	PER	
bolivarian-games-2022	Senior Men -68kg	NIETO Jose Carlos	ECU	3
bolivarian-games-2022	Senior Men -68kg	PAZ ROCHA David felipe	COL	1
bolivarian-games-2022	Senior Women -57kg	AGUIRRE Fernanda N	CHI	2
bolivarian-games-2022	Senior Women -57kg	GOMEZ Alba Lucero	COL	3
bolivarian-games-2022	Senior Women -57kg	CÁCERES Camila Cec	PER	
bolivarian-games-2022	Senior Women -57kg	ANEZ Maria Celeste	BOL	
bolivarian-games-2022	Senior Women -57kg	GONZALEZ Genesis A	VEN	3
bolivarian-games-2022	Senior Women -57kg	BONILLA CRUZ Andrialis ramona	DOM	
bolivarian-games-2022	Senior Women -57kg	CARSTENS Carolena	PAN	1
bolivarian-games-2022	Senior Men -80kg	TREJOS Miguel Angel	COL	1
bolivarian-games-2022	Senior Men -80kg	RIOS Franco Dario	BOL	3
bolivarian-games-2022	Senior Men -80kg	LEJARAZO Kenny Edu	VEN	
bolivarian-games-2022	Senior Men -80kg	CAICEDO Carlos Fra	ECU	
bolivarian-games-2022	Senior Men -80kg	CHURCHILL MARTINEZ Joaquin	CHI	2
bolivarian-games-2022	Senior Men -80kg	MARTINEZ Pedro Lui	DOM	3
bolivarian-games-2022	Senior Men -80kg	ANDRADE Hassani Ja	PER	
bolivarian-games-2022	Senior Men +80kg	ALVAREZ Xxxx	VEN	1
bolivarian-games-2022	Senior Men +80kg	ARROYO Xxx	ECU	3
bolivarian-games-2022	Senior Men +80kg	SOTO BAUTISTA Luis german	COL	2
bolivarian-games-2022	Senior Men +80kg	ALBA Guillermo Fav	BOL	3
bolivarian-games-2022	Senior Women -67kg	DUMAR Katherine	COL	3
bolivarian-games-2022	Senior Women -67kg	SULBARAN Xxxxxx	VEN	
bolivarian-games-2022	Senior Women -67kg	GALLARDO Claudia R	CHI	1
bolivarian-games-2022	Senior Women -67kg	RODRIGUEZ Madelyn Andrea	DOM	2
bolivarian-games-2022	Senior Women -67kg	URIBE Jhalib	BOL	
bolivarian-games-2022	Senior Women -67kg	VASQUEZ Eliana And	PER	
bolivarian-games-2022	Senior Women -67kg	MINA Xxx	ECU	3
bolivarian-games-2022	Senior Women +67kg	MOSQUERA Gloria Ca	COL	1
bolivarian-games-2022	Senior Women +67kg	DE Marlin N	DOM	3
bolivarian-games-2022	Senior Women +67kg	DEL Carolina	VEN	3
bolivarian-games-2022	Senior Women +67kg	ESPINOZA Matvelin	ECU	2
african-championships-2022	Senior Men -80kg	EISSA Seif	EGY	1
african-championships-2022	Senior Men -80kg	IDRISSA Chamssou	NIG	
african-championships-2022	Senior Men -80kg	SINAMENYE Dael	RWA	
african-championships-2022	Senior Men -80kg	FRANCIS Owori	UGA	
african-championships-2022	Senior Men -80kg	NKOY Arno	COD	3
african-championships-2022	Senior Men -80kg	PAUL Kolade	NGR	
african-championships-2022	Senior Men -80kg	SOUMARE Ababacar sadikh	SEN	
african-championships-2022	Senior Men -80kg	BOATRIS Youssef	MAR	3
african-championships-2022	Senior Men -80kg	RODRIGUE Niyomwungere	BDI	
african-championships-2022	Senior Men -80kg	OUATTARA Mohamed	CIV	
african-championships-2022	Senior Men -80kg	SOUMANO Youssouf	MLI	
african-championships-2022	Senior Men -80kg	MBAIGUINAM Kalvin	CMR	
african-championships-2022	Senior Men -80kg	LESSAKOLO OPOYA Teddy ixaver	GAB	
african-championships-2022	Senior Men -80kg	SAWADOGO Faysal	BUR	2
african-championships-2022	Senior Men -68kg	SAIDI Faical	MAR	3
african-championships-2022	Senior Men -68kg	OTOWANGE Angala	COD	
african-championships-2022	Senior Men -68kg	EL BARHOUMI Yassine	TUN	
african-championships-2022	Senior Men -68kg	ABAKAR MOUSTAPHA Hassan	CHA	
african-championships-2022	Senior Men -68kg	OCHIENG Michael Shawn	KEN	
african-championships-2022	Senior Men -68kg	MASUKU Saneliso	SWZ	
african-championships-2022	Senior Men -68kg	SAMUEL Ochaka	UGA	
african-championships-2022	Senior Men -68kg	NDONG OBAME Severin	GAB	
african-championships-2022	Senior Men -68kg	MAIGA Ibrahim	BUR	2
african-championships-2022	Senior Men -68kg	BARAKAT Eyad	EGY	3
african-championships-2022	Senior Men -68kg	IYAMUREMYE Jackson	RWA	
african-championships-2022	Senior Men -68kg	IRAKOZE Aymar	BDI	
african-championships-2022	Senior Men -68kg	SAMOTSHOZO Wardell	BOT	
african-championships-2022	Senior Men -68kg	FOFANA Mohamed	MLI	
african-championships-2022	Senior Men -68kg	ARWISH Yousif Abde	SUD	
african-championships-2022	Senior Men -68kg	LO Mouhamadou mansour	SEN	
african-championships-2022	Senior Men -68kg	KOBENAN Aaron francois	CIV	1
african-championships-2022	Senior Men -58kg	JENDOUBI Mohamed khalil	TUN	1
african-championships-2022	Senior Men -58kg	BETEL Casimir	CHA	
african-championships-2022	Senior Men -58kg	NIYOMUGABO Happy	RWA	
african-championships-2022	Senior Men -58kg	BALLO Siriman	MLI	
african-championships-2022	Senior Men -58kg	MANIRAKIZA Egide	BDI	
african-championships-2022	Senior Men -58kg	GASTON Nsazimumuki	KEN	
african-championships-2022	Senior Men -58kg	ADDO Benson	GHA	
african-championships-2022	Senior Men -58kg	ALBDOE Mohamed Ham	SUD	
african-championships-2022	Senior Men -58kg	WAEL Ahmed	EGY	3
african-championships-2022	Senior Men -58kg	DIAKITE Issa	CIV	3
african-championships-2022	Senior Men -58kg	ADJEWA Fredric	CMR	
african-championships-2022	Senior Men -58kg	ISSAKA GARBA Nouridine	NIG	
african-championships-2022	Senior Men -58kg	MUIANGA Frederico	MOZ	
african-championships-2022	Senior Men -58kg	OMAR Abdi-kader Robleh	DJI	
african-championships-2022	Senior Men -58kg	BERO Tatenda justice	ZIM	
african-championships-2022	Senior Men -58kg	NDZIME Leonce	GAB	
african-championships-2022	Senior Men -58kg	LAKEHAL OMAR	MAR	2
african-championships-2022	Senior Men +87kg	BASSEL Ayoub	MAR	1
african-championships-2022	Senior Men +87kg	CEDRICK Mwemezi	RWA	
african-championships-2022	Senior Men +87kg	KHAIRY Salaheldin	EGY	
african-championships-2022	Senior Men +87kg	ORLY Ngendakuriyo	BDI	
african-championships-2022	Senior Men +87kg	DIAWARA Nouhoum	MLI	
african-championships-2022	Senior Men +87kg	SOUMAILA AMADOU BOUREIMA	NIG	
african-championships-2022	Senior Men +87kg	ANN Alasan	GAM	3
african-championships-2022	Senior Men +87kg	GBANE Seydou	CIV	
african-championships-2022	Senior Men +87kg	OKUOMOSE Benjamin	NGR	2
african-championships-2022	Senior Men +87kg	NYOK Pierre	CMR	
african-championships-2022	Senior Men +87kg	SEYE Seydina Limam	SEN	
african-championships-2022	Senior Men +87kg	OBARA Moses odhiambo	KEN	
african-championships-2022	Senior Men +87kg	MKAIMA Danny Maisha	TAN	
african-championships-2022	Senior Men +87kg	MYLANN Antony	GAB	3
african-championships-2022	Senior Women -67kg	GBAGBI Ruth	CIV	1
african-championships-2022	Senior Women -67kg	MAX-VOY Marrianne selasie	GHA	
african-championships-2022	Senior Women -67kg	MUSANGI Jully Alun	KEN	
african-championships-2022	Senior Women -67kg	UMUHOZA Adinette	RWA	3
african-championships-2022	Senior Women -67kg	EDAYONG MEYO ALPHONSINE RiTA	GAB	
african-championships-2022	Senior Women -67kg	SHEHATA Aya	EGY	2
african-championships-2022	Senior Women -67kg	IRAKOZE Divine	BDI	
african-championships-2022	Senior Women -67kg	HASSANA BOUBACAR MOUNKAILA	NIG	
african-championships-2022	Senior Women -67kg	BAIZA Sanae	MAR	
african-championships-2022	Senior Women -67kg	ANYANACHO Elizabet	NGR	3
african-championships-2022	Senior Women -57kg	LAARAJ Nada	MAR	1
african-championships-2022	Senior Women -57kg	SIDIBE Mariam	MLI	
african-championships-2022	Senior Women -57kg	CISSE Mariama	CIV	3
african-championships-2022	Senior Women -57kg	NDACYAYISENGA Aline	RWA	
african-championships-2022	Senior Women -57kg	ZOMBAKA Cruisita S	GAB	
african-championships-2022	Senior Women -57kg	EGAGNE Marie	CMR	3
african-championships-2022	Senior Women -57kg	NABIL SEDDIK ashrakat	EGY	2
african-championships-2022	Senior Women -57kg	MBALA Mbubu	NIG	
african-championships-2022	Senior Women -49kg	DHAHRI Ikram	TUN	
african-championships-2022	Senior Women -49kg	WAKOLI Sharon	KEN	3
african-championships-2022	Senior Women -49kg	MBUBU Flore	COD	
african-championships-2022	Senior Women -49kg	ABOMBWET MOSSABO Fatima	GAB	
african-championships-2022	Senior Women -49kg	MADUNA Nonhle	SWZ	
african-championships-2022	Senior Women -49kg	ELAASAL Nezha	MAR	1
african-championships-2022	Senior Women -49kg	ARMAH Henrietta	GHA	
african-championships-2022	Senior Women -49kg	KULA Karabo	BOT	3
african-championships-2022	Senior Women -49kg	NIYOMWUNGERE Arlen	BDI	
african-championships-2022	Senior Women -49kg	WIMURIZA Florence	RWA	
african-championships-2022	Senior Women -49kg	KONE Nabintou	CIV	
african-championships-2022	Senior Women -49kg	SAMY ELHOSSEINY Shahd	EGY	2
african-championships-2022	Senior Women +73kg	TRAORE Aminata Charlene	CIV	2
african-championships-2022	Senior Women +73kg	UCUCHO Stefania De	MOZ	
african-championships-2022	Senior Women +73kg	MUNAVE Carlota	SWZ	3
african-championships-2022	Senior Women +73kg	SHAABAN SLEMAN HASSAN Toka	EGY	
african-championships-2022	Senior Women +73kg	OGALLO Faith	KEN	3
african-championships-2022	Senior Women +73kg	MENGUE Lelene Mich	GAB	
african-championships-2022	Senior Women +73kg	ABOUFARAS Fatima-ezzahra	MAR	1
african-championships-2022	Senior Men -87kg	RAWY Ahmad	EGY	1
african-championships-2022	Senior Men -87kg	GOMIS Païvou johnouario	GBS	
african-championships-2022	Senior Men -87kg	DIALLO Ibrahima	GUI	
african-championships-2022	Senior Men -87kg	COULIBALY Aly Yazbeck	BUR	3
african-championships-2022	Senior Men -87kg	MBELE Joseph Steev	GAB	
african-championships-2022	Senior Men -87kg	HONGBE ADOUA Frederic	CHA	
african-championships-2022	Senior Men -87kg	ELASBI Soufiane	MAR	3
african-championships-2022	Senior Men -87kg	ISHIMWE MUHIRE Boris	RWA	
african-championships-2022	Senior Men -87kg	WAFULA Innocent	KEN	
african-championships-2022	Senior Men -87kg	SARFO Gerald Bernard	GHA	
african-championships-2022	Senior Men -87kg	THIAM Abdoul bakhy	SEN	
african-championships-2022	Senior Men -87kg	CISSE Cheick sallah	CIV	2
african-championships-2022	Senior Men -74kg	KATOUSI Firas	TUN	1
african-championships-2022	Senior Men -74kg	JOAQUIM Eduardo	MOZ	
african-championships-2022	Senior Men -74kg	ODUOR Evans	KEN	
african-championships-2022	Senior Men -74kg	MUNYAKAZI Vincent	RWA	
african-championships-2022	Senior Men -74kg	SAMOTSHOZO Ernest	BOT	
african-championships-2022	Senior Men -74kg	OLOWOOKERE Olusola	NGR	3
african-championships-2022	Senior Men -74kg	ABDALLA Abdalaziz	SUD	
african-championships-2022	Senior Men -74kg	KANA Kim Didier	BDI	
african-championships-2022	Senior Men -74kg	EL YAQINI Ayoub	MAR	3
african-championships-2022	Senior Men -74kg	CHRISTOHER Mugweri	UGA	
african-championships-2022	Senior Men -74kg	MOUSSA Amar Cisse	GAB	
african-championships-2022	Senior Men -74kg	EISSA Rami	EGY	2
african-championships-2022	Senior Men -63kg	WAEL Ahmed	EGY	2
african-championships-2022	Senior Men -63kg	NDAYIKENGURUKIYE Clovis	BDI	
african-championships-2022	Senior Men -63kg	SIDIBE Mohamed kambory	CIV	
african-championships-2022	Senior Men -63kg	MAZIYA Wandile	SWZ	
african-championships-2022	Senior Men -63kg	SISSOKO Oumar	MLI	
african-championships-2022	Senior Men -63kg	MOHAMMED Asim	SUD	
african-championships-2022	Senior Men -63kg	NZEYIMANA Savio	RWA	
african-championships-2022	Senior Men -63kg	CHIPKAOU Maman Man	NIG	3
african-championships-2022	Senior Men -63kg	TRESOR L. W. Kabore	BUR	
african-championships-2022	Senior Men -63kg	BOUJEMAI Fares	TUN	3
african-championships-2022	Senior Men -63kg	CRANIMA Wakurwoth	UGA	
african-championships-2022	Senior Men -63kg	KAGULI Elick Vedasto	TAN	
african-championships-2022	Senior Men -63kg	PINTO Omar Artur	MOZ	
african-championships-2022	Senior Men -63kg	KINSAMA Renedy	COD	
african-championships-2022	Senior Men -63kg	MOUBELE IPOPA Aroune	GAB	
african-championships-2022	Senior Men -63kg	DIOP Bocar	SEN	
african-championships-2022	Senior Men -63kg	OBONYO Stephen Odhiambo	KEN	
african-championships-2022	Senior Men -63kg	WASFI Abdelbasset	MAR	1
african-championships-2022	Senior Men -54kg	AMADOU Mahamadou	NIG	1
african-championships-2022	Senior Men -54kg	KAYITARE Benoit	RWA	
african-championships-2022	Senior Men -54kg	NIYONKURU Divin	BDI	
african-championships-2022	Senior Men -54kg	DUBE Mfanawekhaya	SWZ	
african-championships-2022	Senior Men -54kg	OCIRA Oswaldo	UGA	3
african-championships-2022	Senior Men -54kg	SAIZONOU MAHOUGNOU LIONEL WAREN	GAB	
african-championships-2022	Senior Men -54kg	HOUSSEIN Radwan	DJI	
african-championships-2022	Senior Men -54kg	MANSOUR Youssef	EGY	
african-championships-2022	Senior Men -54kg	YEO Zie Abdallah	CIV	
african-championships-2022	Senior Men -54kg	DIALLO Batiedie	MLI	
african-championships-2022	Senior Men -54kg	NDIAYE BAYE GALASS	SEN	3
african-championships-2022	Senior Men -54kg	MOLAODI Kitso True	BOT	
african-championships-2022	Senior Men -54kg	LIBRA Issufo Rasiz	MOZ	
african-championships-2022	Senior Men -54kg	EL HACHAM HAMZA	MAR	2
african-championships-2022	Senior Women -73kg	MOUEGA Urgence	GAB	3
african-championships-2022	Senior Women -73kg	NGASSA Ornella Els	CMR	
african-championships-2022	Senior Women -73kg	SABIR Dounia	MAR	2
african-championships-2022	Senior Women -73kg	FAROUK Maisoun	EGY	1
african-championships-2022	Senior Women -73kg	OLOO Everlyn Aluoch	KEN	3
african-championships-2022	Senior Women -62kg	SALIH Safia	MAR	1
african-championships-2022	Senior Women -62kg	ESSOUGHE Nancy Tat	GAB	
african-championships-2022	Senior Women -62kg	DIALLO Djalikatou	GUI	
african-championships-2022	Senior Women -62kg	ILBOUDO Chimene Ys	BUR	
african-championships-2022	Senior Women -62kg	MOUSSA SAKO Madinatou	NIG	
african-championships-2022	Senior Women -62kg	DIAW Yacine	SEN	3
african-championships-2022	Senior Women -62kg	MAHMOUD Nadine	EGY	3
african-championships-2022	Senior Women -62kg	UMUTESI Adeline	RWA	
african-championships-2022	Senior Women -62kg	KANOUTE Iman	MLI	
african-championships-2022	Senior Women -62kg	NDAYISHIMIYE Ladouce	BDI	
african-championships-2022	Senior Women -62kg	AKINYI Milka	KEN	
african-championships-2022	Senior Women -62kg	IBO Koumba nanah-helene	CIV	2
african-championships-2022	Senior Women -53kg	EL BOUCHTI Oumaima	MAR	1
african-championships-2022	Senior Women -53kg	MURIU Mary	KEN	
african-championships-2022	Senior Women -53kg	MUTONIWASE Kevine	RWA	
african-championships-2022	Senior Women -53kg	ANDEME Charmelle D	GAB	
african-championships-2022	Senior Women -53kg	KONATE Maimouna	MLI	
african-championships-2022	Senior Women -53kg	DIALLO Oumou Koultoumy	GUI	
african-championships-2022	Senior Women -53kg	SARR Ndeye Maty	SEN	3
african-championships-2022	Senior Women -53kg	BIDZONO Francine	CMR	
african-championships-2022	Senior Women -53kg	NITUNGA Denica	BDI	
african-championships-2022	Senior Women -53kg	BEN AOUN Ouhoud	TUN	2
african-championships-2022	Senior Women -53kg	COULIBALY Bouma ferimata	CIV	
african-championships-2022	Senior Women -53kg	EZAT Maram	EGY	3
african-championships-2022	Senior Women -53kg	CHINAZUM Nwosu	NGR	
african-championships-2022	Senior Women -46kg	SAHIB SOUKAINA	MAR	1
african-championships-2022	Senior Women -46kg	SICHANGI Edina Nekesa	KEN	
african-championships-2022	Senior Women -46kg	GBEDZE Kezia Elemawusi	GHA	
african-championships-2022	Senior Women -46kg	SIBY Aissata Mohamed	MLI	3
african-championships-2022	Senior Women -46kg	FALL Ngone	SEN	
african-championships-2022	Senior Women -46kg	NSENGA Promi	COD	
african-championships-2022	Senior Women -46kg	BAMA Ida Kevine	BUR	
african-championships-2022	Senior Women -46kg	ABDOU BILANE Zaraou	NIG	2
african-championships-2022	Senior Women -46kg	UWAMAHORO Francine	RWA	
african-championships-2022	Senior Women -46kg	AHMED Habiba	EGY	3
african-championships-2022	Senior Women -46kg	NZANG Marisca Fall	GAB	
african-championships-2022	Senior Women -46kg	TAU Michelle	LES	
costa-rica-open-2022	Senior Men -87kg	SALAZAR Bryan	MEX	1
costa-rica-open-2022	Senior Men -87kg	SOKOLENKO Ivan	USA	
costa-rica-open-2022	Senior Men -87kg	MOZHDEH JOUYBARI Arash	AUS	3
costa-rica-open-2022	Senior Men -87kg	ESTRADA Jahn Luis	PUR	
costa-rica-open-2022	Senior Men -87kg	ESQUIVEL Juan	MEX	3
costa-rica-open-2022	Senior Men -87kg	CORDERO Kenneth	WT	
costa-rica-open-2022	Senior Men -87kg	LUZ Matheus Gabrie	BRA	
costa-rica-open-2022	Senior Men -87kg	RODRIGUEZ Michael c	USA	2
costa-rica-open-2022	Senior Men -80kg	ROBLETO David	NCA	3
costa-rica-open-2022	Senior Men -80kg	MARTINEZ Daniel	HON	
costa-rica-open-2022	Senior Men -80kg	GONZALEZ Alejandro	PUR	2
costa-rica-open-2022	Senior Men -80kg	OLMEDO Dylan leonel	ARG	
costa-rica-open-2022	Senior Men -80kg	PASTOR Jose	MEX	1
costa-rica-open-2022	Senior Men -80kg	WEBB Julian	WT	
costa-rica-open-2022	Senior Men -80kg	LARA Francisco	ESA	
costa-rica-open-2022	Senior Men -80kg	RODRIGUES FERNANDES Henrique marques	BRA	3
costa-rica-open-2022	Senior Men -74kg	COLON Luis	PUR	3
costa-rica-open-2022	Senior Men -74kg	SANTAELLA Eric	USA	
costa-rica-open-2022	Senior Men -74kg	BENITES Jose	ECU	
costa-rica-open-2022	Senior Men -74kg	GONZALEZ Gabriel	WT	
costa-rica-open-2022	Senior Men -74kg	SUZUKI Ricardo	JPN	2
costa-rica-open-2022	Senior Men -74kg	NAVA Ruben	MEX	
costa-rica-open-2022	Senior Men -74kg	SOTO ARRIETA Juan jose	WT	3
costa-rica-open-2022	Senior Men -74kg	SASTRE Juan carlos	PUR	
costa-rica-open-2022	Senior Men -74kg	GOMEZTAGLE Uriel	MEX	1
costa-rica-open-2022	Senior Men -68kg	SOUZA DINIZ Joao victor	BRA	2
costa-rica-open-2022	Senior Men -68kg	NAZARIO SANCHEZ Edgardo	PUR	
costa-rica-open-2022	Senior Men -68kg	AVILA Daniel Aleja	MEX	
costa-rica-open-2022	Senior Men -68kg	BENAOUDA Zakaria	CAN	
costa-rica-open-2022	Senior Men -68kg	PEREZ Tiziano	ARG	
costa-rica-open-2022	Senior Men -68kg	GAMBOA Kristian	WT	
costa-rica-open-2022	Senior Men -68kg	BENITEZ Adrian	PUR	3
costa-rica-open-2022	Senior Men -68kg	CAMPOS Santiago	ARG	3
costa-rica-open-2022	Senior Men -68kg	DOMINGUEZ Alvis	PAN	
costa-rica-open-2022	Senior Men -68kg	LEWIS Fernando	PAN	
costa-rica-open-2022	Senior Men -68kg	VICENTE Rabbin	HON	
costa-rica-open-2022	Senior Men -68kg	GARCIA Eliecer Ger	WT	
costa-rica-open-2022	Senior Men -68kg	HOLLAND George	USA	
costa-rica-open-2022	Senior Men -68kg	CASAS GARCIA Iker	MEX	1
costa-rica-open-2022	Senior Men -63kg	NAVARRO Carlos	MEX	2
costa-rica-open-2022	Senior Men -63kg	JO Yuuki	USA	
costa-rica-open-2022	Senior Men -63kg	RUIZ Bryant	NCA	
costa-rica-open-2022	Senior Men -63kg	CONTRERAS Kevin Al	CHI	
costa-rica-open-2022	Senior Men -63kg	JIMENEZ Cesar	WT	3
costa-rica-open-2022	Senior Men -63kg	DE JESUS Luis	PUR	3
costa-rica-open-2022	Senior Men -63kg	LOPEZ Marvin	NCA	
costa-rica-open-2022	Senior Men -63kg	PALACIOS Eduardo A	MEX	
costa-rica-open-2022	Senior Men -63kg	RODRIGUEZ Roger	WT	
costa-rica-open-2022	Senior Men -63kg	GUZMAN Lucas	ARG	1
costa-rica-open-2022	Senior Men -58kg	PLAZA HERNANDEZ Brandon	MEX	1
costa-rica-open-2022	Senior Men -58kg	LOPEZ Edyangel	PUR	
costa-rica-open-2022	Senior Men -58kg	SALVATIERRA Carlos Steve	GUA	
costa-rica-open-2022	Senior Men -58kg	KLABER Joshua	ARU	
costa-rica-open-2022	Senior Men -58kg	PIZARRO GALLARDO Vicente	CHI	
costa-rica-open-2022	Senior Men -58kg	MORALES Edrick	PUR	
costa-rica-open-2022	Senior Men -58kg	DULIN Taylor	USA	
costa-rica-open-2022	Senior Men -58kg	SALAZAR Andres	WT	
costa-rica-open-2022	Senior Men -58kg	POLICELI Santino	ARG	3
costa-rica-open-2022	Senior Men -58kg	GRANT Gavin	USA	
costa-rica-open-2022	Senior Men -58kg	PEÑALBA Adrian	PAN	
costa-rica-open-2022	Senior Men -58kg	KLABER Jourde	ARU	
costa-rica-open-2022	Senior Men -58kg	SALGADO Jake	PUR	
costa-rica-open-2022	Senior Men -58kg	RIVERA Edgar	PUR	3
costa-rica-open-2022	Senior Men -58kg	RODRIGUEZ Michael	PUR	
costa-rica-open-2022	Senior Men -58kg	SOLANO Pablo	WT	2
costa-rica-open-2022	Senior Men -58kg	LARREYNAGA Amilcar	ESA	
costa-rica-open-2022	Senior Men -58kg	ESPINOZA Cristophe	HON	
costa-rica-open-2022	Senior Men -58kg	FUENTES David	GUA	
costa-rica-open-2022	Senior Men -54kg	CRUZ Kariel	PUR	
costa-rica-open-2022	Senior Men -54kg	MENACHO Yosthin Be	BOL	
costa-rica-open-2022	Senior Men -54kg	CORREA Cristian damian	ARG	2
costa-rica-open-2022	Senior Men -54kg	CASTANEDA Jose Enr	MEX	3
costa-rica-open-2022	Senior Men -54kg	CARRILLO Jefferson	WT	
costa-rica-open-2022	Senior Men -54kg	RODRIGUEZ Lester	NCA	3
costa-rica-open-2022	Senior Men -54kg	ORTEGA Oscar Mario	WT	
costa-rica-open-2022	Senior Men -54kg	GONZALEZ-CAMPOS Lu	PUR	
costa-rica-open-2022	Senior Men -54kg	DE MORAES Giovanni aubin	BRA	1
costa-rica-open-2022	Senior Men +87kg	SANSORES Carlos	MEX	1
costa-rica-open-2022	Senior Men +87kg	LLANOS Hanssel	USA	3
costa-rica-open-2022	Senior Men +87kg	ALBA Jorge Alfonso	MEX	
costa-rica-open-2022	Senior Men +87kg	VARGAS Alex	CHI	3
costa-rica-open-2022	Senior Men +87kg	VAZQUEZ ORTIZ Jerry Luis	PUR	2
costa-rica-open-2022	Senior Women -73kg	PEREZ Karla Lucia	MEX	3
costa-rica-open-2022	Senior Women -73kg	CAZZAPPA Candela	ARG	1
costa-rica-open-2022	Senior Women -73kg	MORAIS Ana	BRA	2
costa-rica-open-2022	Senior Women -73kg	MOLINA Yosselyn	HON	3
costa-rica-open-2022	Senior Women -67kg	RIVAS Victoria	ARG	2
costa-rica-open-2022	Senior Women -67kg	ROMAN TORRES Naishka	PUR	3
costa-rica-open-2022	Senior Women -67kg	DIAZ Isabella	PUR	1
costa-rica-open-2022	Senior Women -62kg	VELAZQUEZ Itzel	MEX	1
costa-rica-open-2022	Senior Women -62kg	BROOKS Brenda	PAN	
costa-rica-open-2022	Senior Women -62kg	BELTRAN Luz	ARG	
costa-rica-open-2022	Senior Women -62kg	VARGAS Nicole Vale	WT	3
costa-rica-open-2022	Senior Women -62kg	LEON Natalia	PUR	
costa-rica-open-2022	Senior Women -62kg	MORALES Britney	USA	3
costa-rica-open-2022	Senior Women -62kg	BLANCO Avril	WT	
costa-rica-open-2022	Senior Women -62kg	MEDINA Juliana	PUR	
costa-rica-open-2022	Senior Women -62kg	KIFER Victoria	ARG	
costa-rica-open-2022	Senior Women -62kg	TUBBS CASANDRE NICOLE	CAM	2
costa-rica-open-2022	Senior Women -57kg	LINDO Neshi Lee	WT	1
costa-rica-open-2022	Senior Women -57kg	LOPEZ Sheylee Daya	HON	
costa-rica-open-2022	Senior Women -57kg	BEJARANO Kathia	MEX	
costa-rica-open-2022	Senior Women -57kg	DIAZ Marcela	WT	3
costa-rica-open-2022	Senior Women -57kg	MONTANO Alisson	ESA	
costa-rica-open-2022	Senior Women -57kg	FELIX Anel	MEX	2
costa-rica-open-2022	Senior Women -57kg	WEBER Logan	USA	
costa-rica-open-2022	Senior Women -57kg	LOPEZ Miliany	PUR	
costa-rica-open-2022	Senior Women -57kg	CASTILLO Melissa	MEX	3
costa-rica-open-2022	Senior Women -53kg	VILLEGAS Fabiola G	MEX	1
costa-rica-open-2022	Senior Women -53kg	OLIVAS CHRISLEY	NCA	
costa-rica-open-2022	Senior Women -53kg	SOTO Juliengel	WT	
costa-rica-open-2022	Senior Women -53kg	EMILY Valentina	COL	
costa-rica-open-2022	Senior Women -53kg	ROSSI Larissa Nasc	BRA	3
costa-rica-open-2022	Senior Women -53kg	GODOY Carla	ARG	
costa-rica-open-2022	Senior Women -53kg	KAFADAR Josipa	CAN	2
costa-rica-open-2022	Senior Women -53kg	VENEGAS Angie Jaqu	MEX	
costa-rica-open-2022	Senior Women -53kg	CRUZ Stacy Daniela	WT	
costa-rica-open-2022	Senior Women -53kg	SANTIAGO Keishlie	PUR	3
costa-rica-open-2022	Senior Women -49kg	BARROS Nivea	BRA	3
costa-rica-open-2022	Senior Women -49kg	RANGEL Valeria Mor	MEX	
costa-rica-open-2022	Senior Women -49kg	MORALES Kayla	USA	
costa-rica-open-2022	Senior Women -49kg	ROSADO CRUZ CHANEL	PUR	
costa-rica-open-2022	Senior Women -49kg	GARCIA Brenda	MEX	
costa-rica-open-2022	Senior Women -49kg	LARREYNAGA Marjori	ESA	
costa-rica-open-2022	Senior Women -49kg	SENDRA Giulia Clar	ARG	1
costa-rica-open-2022	Senior Women -49kg	PORTUGUÉZ BARBOZA Ariana	WT	2
costa-rica-open-2022	Senior Women -49kg	RICO Samantha	MEX	
costa-rica-open-2022	Senior Women -49kg	TALBOTT Riccy	HON	
costa-rica-open-2022	Senior Women -49kg	SANCHO Laura	WT	
costa-rica-open-2022	Senior Women -49kg	VICENTE Sidney	HON	
costa-rica-open-2022	Senior Women -49kg	TAYLOR Ashley	USA	3
costa-rica-open-2022	Senior Women -46kg	CASTILLO Karoline Stephanie	PAN	1
costa-rica-open-2022	Senior Women -46kg	RODRIGUEZ Marcela	NCA	3
costa-rica-open-2022	Senior Women -46kg	VEGA BON Veronica	PUR	3
costa-rica-open-2022	Senior Women -46kg	SANCHEZ Sarai	PUR	2
costa-rica-open-2022	Senior Women +73kg	SIQUEIRA Gabriele	BRA	1
costa-rica-open-2022	Senior Women +73kg	MURCIA Evelyn	ESA	3
costa-rica-open-2022	Senior Women +73kg	AVILA Keyla	HON	2
costa-rica-open-2022	Senior Women +73kg	BRENES Andrea	WT	3
south-american-games-2022	Senior Men -58kg	MELO Paulo	BRA	1
south-american-games-2022	Senior Men -58kg	TORRES Carlos Joel	PAR	
south-american-games-2022	Senior Men -58kg	ARNHEM Jamal	SUR	
south-american-games-2022	Senior Men -58kg	BARRETO Raymiguel	PER	
south-american-games-2022	Senior Men -58kg	OCHOA Jefferson	COL	3
south-american-games-2022	Senior Men -58kg	GRANADO Yohandri	VEN	2
south-american-games-2022	Senior Men -58kg	RAMOS Jorge	CHI	
south-american-games-2022	Senior Men -58kg	COSTAS Elvio	BOL	
south-american-games-2022	Senior Men -58kg	GUZMAN Lucas	ARG	3
south-american-games-2022	Senior Women -49kg	RAMIREZ VARGAS Andrea	COL	1
south-american-games-2022	Senior Women -49kg	TRINIDAD Thais Jaz	PAR	
south-american-games-2022	Senior Women -49kg	HURTADO TAPIA Jireh	BOL	
south-american-games-2022	Senior Women -49kg	SENDRA Giulia Clar	ARG	3
south-american-games-2022	Senior Women -49kg	DELLAN Virginia	VEN	
south-american-games-2022	Senior Women -49kg	CASTILLO Karoline Stephanie	PAN	
south-american-games-2022	Senior Women -49kg	LIEGHIO Maria Sofi	URU	3
south-american-games-2022	Senior Women -49kg	GUELET Deisy Karin	CHI	
south-american-games-2022	Senior Women -49kg	REIS Talisca	BRA	2
south-american-games-2022	Senior Men -68kg	PONTES Edival	BRA	2
south-american-games-2022	Senior Men -68kg	ACOSTA Luis	VEN	
south-american-games-2022	Senior Men -68kg	GIMENEZ Carlos	PAR	
south-american-games-2022	Senior Men -68kg	LEON Braulio	PER	
south-american-games-2022	Senior Men -68kg	GONZALEZ GOMEZ Federico	URU	3
south-american-games-2022	Senior Men -68kg	PAZ ROCHA David felipe	COL	3
south-american-games-2022	Senior Men -68kg	NIETO Jose	ECU	
south-american-games-2022	Senior Men -68kg	CAMPOS Santiago	ARG	
south-american-games-2022	Senior Men -68kg	DONKER Shadeon	CAO	
south-american-games-2022	Senior Men -68kg	RIOS Franco	BOL	
south-american-games-2022	Senior Men -68kg	MORALES Ignacio	CHI	1
south-american-games-2022	Senior Women -57kg	MACEDO Sandy	BRA	1
south-american-games-2022	Senior Women -57kg	GONZALEZ Genesis	VEN	
south-american-games-2022	Senior Women -57kg	MUNOZ Daniela Alej	COL	3
south-american-games-2022	Senior Women -57kg	CACERES GONZALES Camila	PER	2
south-american-games-2022	Senior Women -57kg	FERNADEZ Johana	PAR	
south-american-games-2022	Senior Women -57kg	GODOY Carla	ARG	3
south-american-games-2022	Senior Men -80kg	TREJOS SALAS Miguel	COL	1
south-american-games-2022	Senior Men -80kg	CHURCHILL MARTINEZ Joaquin	CHI	
south-american-games-2022	Senior Men -80kg	PARK Sergio	PAR	
south-american-games-2022	Senior Men -80kg	RODRIGUEZ Jonatan	URU	
south-american-games-2022	Senior Men -80kg	OLMEDO Dylan leonel	ARG	3
south-american-games-2022	Senior Men -80kg	ANDRADE HERRERA Hassani	PER	
south-american-games-2022	Senior Men -80kg	LEJARAZO Kenny	VEN	3
south-american-games-2022	Senior Men -80kg	VAN Tosh	SUR	
south-american-games-2022	Senior Men -80kg	COPA Jorge	BOL	
south-american-games-2022	Senior Men -80kg	RODRIGUES FERNANDES Henrique marques	BRA	2
south-american-games-2022	Senior Men +80kg	MARTINS Icaro Migu	BRA	1
south-american-games-2022	Senior Men +80kg	ALBA Guillermo	BOL	
south-american-games-2022	Senior Men +80kg	PEREA Jesus	ECU	3
south-american-games-2022	Senior Men +80kg	SOTO BAUTISTA Luis german	COL	3
south-american-games-2022	Senior Men +80kg	VON Carlos	PAR	
south-american-games-2022	Senior Men +80kg	ALVAREZ Luis	VEN	2
south-american-games-2022	Senior Women -67kg	TITONELI Milena	BRA	1
south-american-games-2022	Senior Women -67kg	SULBARAN Alexmar	VEN	
south-american-games-2022	Senior Women -67kg	GALLARDO Claudia	CHI	3
south-american-games-2022	Senior Women -67kg	RIVAS Victoria	ARG	
south-american-games-2022	Senior Women -67kg	MINA Mell	ECU	2
south-american-games-2022	Senior Women -67kg	BENITEZ Lourdes So	PAR	
south-american-games-2022	Senior Women -67kg	ROMERO Rocio	BOL	
south-american-games-2022	Senior Women -67kg	DUMAR Katherine	COL	3
south-american-games-2022	Senior Women +67kg	MOSQUERA Gloria Ca	COL	1
south-american-games-2022	Senior Women +67kg	ESPINOZA Matvelin	ECU	3
south-american-games-2022	Senior Women +67kg	SIQUEIRA Gabriele	BRA	2
south-american-games-2022	Senior Women +67kg	FERNANDEZ Carolina	VEN	3
colombia-open-2022	Senior Men -87kg	SOTO BAUTISTA Luis german	COL	2
colombia-open-2022	Senior Men -87kg	SILVA GUTIERREZ Cesar daniel	COL	1
colombia-open-2022	Senior Men -74kg	VALENCIA Juan Seba	COL	1
colombia-open-2022	Senior Men -74kg	SASTRE Juan carlos	PUR	3
colombia-open-2022	Senior Men -74kg	SUMUANO Roberto	MEX	
colombia-open-2022	Senior Men -74kg	GIL LOPEZ Damian steven	COL	2
colombia-open-2022	Senior Men -74kg	FLORES Kevin Leona	ECU	
colombia-open-2022	Senior Men -74kg	RODRIGUEZ Osvaldo	CHI	3
colombia-open-2022	Senior Men -68kg	PAZ ROCHA David felipe	COL	3
colombia-open-2022	Senior Men -68kg	PEDRAZA Jeshuath	VEN	
colombia-open-2022	Senior Men -68kg	RUANO Andrew	USA	2
colombia-open-2022	Senior Men -68kg	RUIZ Alexander	VEN	1
colombia-open-2022	Senior Men -68kg	GOMEZ Gael Antonio	MEX	
colombia-open-2022	Senior Men -68kg	DOS SANTOS Bruno gabriel	BRA	3
colombia-open-2022	Senior Men -63kg	MATTHAUS Carlos	BRA	2
colombia-open-2022	Senior Men -63kg	LADINO Ean Bryan A	COL	
colombia-open-2022	Senior Men -63kg	BELTRAN Juan Sebas	COL	
colombia-open-2022	Senior Men -63kg	YUPANQUI Fabian	PER	
colombia-open-2022	Senior Men -63kg	RAMIREZ Mauricio	ECU	3
colombia-open-2022	Senior Men -63kg	GARRIDO REYES Jhon deivi	COL	3
colombia-open-2022	Senior Men -63kg	LOPEZ Marvin	NCA	
colombia-open-2022	Senior Men -63kg	OCHOA Jefferson	COL	1
colombia-open-2022	Senior Men -63kg	BLANCO Marco Tulio	COL	
colombia-open-2022	Senior Men -58kg	FUENTES David	GUA	1
colombia-open-2022	Senior Men -58kg	MARCELO ANDREWS	USA	3
colombia-open-2022	Senior Men -58kg	RENTERIA Brany	COL	2
colombia-open-2022	Senior Men -54kg	DE MORAES Giovanni aubin	BRA	3
colombia-open-2022	Senior Men -54kg	MAGANA TREVINO Guillermo jesus ramon	MEX	
colombia-open-2022	Senior Men -54kg	GARRIDO REYES Brayan	COL	2
colombia-open-2022	Senior Men -54kg	GUTIERREZ ESPINOZA SAUL	WT	
colombia-open-2022	Senior Men -54kg	MANSELL MURILLO THOMAS	NCA	
colombia-open-2022	Senior Men -54kg	QUISPILLOCLLA Fabr	PER	3
colombia-open-2022	Senior Men -54kg	BARRA Ivan Ignacio	CHI	
colombia-open-2022	Senior Men -54kg	MORENO Andres	COL	1
colombia-open-2022	Senior Men +87kg	ISSOUFOU Abdoul	NIG	1
colombia-open-2022	Senior Men +87kg	SALDARRIAGA Walter	COL	3
colombia-open-2022	Senior Men +87kg	CABEZAS Juan Camil	COL	2
colombia-open-2022	Senior Women -67kg	RAMIREZ VARGAS Laura	COL	2
colombia-open-2022	Senior Women -67kg	ARCHILA Ginessa	COL	1
colombia-open-2022	Senior Women -57kg	LINDO Neshi Lee	WT	1
colombia-open-2022	Senior Women -57kg	GOMEZ Lucero	COL	3
colombia-open-2022	Senior Women -57kg	MUNOZ Daniela Alej	COL	2
colombia-open-2022	Senior Women -57kg	PARRA Samira	VEN	3
colombia-open-2022	Senior Women -53kg	ROSSI Larissa Nasc	BRA	1
colombia-open-2022	Senior Women -53kg	RAMIREZ Vania	MEX	
colombia-open-2022	Senior Women -53kg	GALLO Luna Catalin	COL	
colombia-open-2022	Senior Women -53kg	BINIMELIS Dailyn P	CHI	
colombia-open-2022	Senior Women -53kg	MENDIVELSO Natalia	COL	3
colombia-open-2022	Senior Women -53kg	GARCIA Laura	COL	
colombia-open-2022	Senior Women -53kg	MENDOZA Lesly Vane	COL	2
colombia-open-2022	Senior Women -53kg	GONZALEZ Daniella	GUA	3
colombia-open-2022	Senior Women -53kg	LUO Mariana	WT	
colombia-open-2022	Senior Women -49kg	PORTUGUÉZ BARBOZA Ariana	WT	2
colombia-open-2022	Senior Women -49kg	SALDAÑA Angelyn Sm	COL	
colombia-open-2022	Senior Women -49kg	PARRA Nancy Jovana	MEX	3
colombia-open-2022	Senior Women -49kg	ZAMBRANO Andrea Ma	MEX	1
colombia-open-2022	Senior Women -49kg	SANCHO Laura	WT	3
colombia-open-2022	Senior Women -46kg	ARRATIA Jadeline	CHI	2
colombia-open-2022	Senior Women -46kg	SANCHEZ Andrea Yul	COL	1
solidarity-center-open-2022	Senior Men -87kg	GUTIERREZ Salvador	MEX	2
solidarity-center-open-2022	Senior Men -87kg	COULIBALY Ismael	FRA	1
solidarity-center-open-2022	Senior Men -87kg	GANFINA Ose	FRA	3
solidarity-center-open-2022	Senior Men -80kg	MEHDIPOURNEJAD Kas	GER	1
solidarity-center-open-2022	Senior Men -80kg	MANSOUR Youcef	FRA	
solidarity-center-open-2022	Senior Men -80kg	TADJIBAEV Azizjan	FRA	3
solidarity-center-open-2022	Senior Men -80kg	AUDUREAU Maxence	FRA	
solidarity-center-open-2022	Senior Men -80kg	MEHNANA Nahil	FRA	3
solidarity-center-open-2022	Senior Men -80kg	LIHEMDI Souleiman	BEL	
solidarity-center-open-2022	Senior Men -80kg	KUSUMOTO TAMON	JPN	
solidarity-center-open-2022	Senior Men -80kg	TAHRAOUI Yanis	FRA	2
solidarity-center-open-2022	Senior Men -74kg	RIBEIRO Nickollas	BRA	3
solidarity-center-open-2022	Senior Men -74kg	CHARALAMBOS Ulysse	FRA	
solidarity-center-open-2022	Senior Men -74kg	BINEV Kaloyan	BUL	
solidarity-center-open-2022	Senior Men -74kg	HAMADA Yasuhiro	JPN	
solidarity-center-open-2022	Senior Men -74kg	ESSALMI Ayoub	FRA	
solidarity-center-open-2022	Senior Men -74kg	DURAND Abdrahman	FRA	
solidarity-center-open-2022	Senior Men -74kg	CELIN Lyve-stone	FRA	1
solidarity-center-open-2022	Senior Men -74kg	BOUTHOUYAK Athman	FRA	2
solidarity-center-open-2022	Senior Men -74kg	BENATTIA Ziad	POR	
solidarity-center-open-2022	Senior Men -74kg	MANE Aliou	FRA	
solidarity-center-open-2022	Senior Men -74kg	AMRI Bassem	FRA	
solidarity-center-open-2022	Senior Men -74kg	MASTROSIMONE Nicho	ITA	
solidarity-center-open-2022	Senior Men -74kg	GAYE Hamady	FRA	3
solidarity-center-open-2022	Senior Men -68kg	MORALES Ignacio	CHI	3
solidarity-center-open-2022	Senior Men -68kg	MAEDA Takahito	JPN	
solidarity-center-open-2022	Senior Men -68kg	MORITA Shu	JPN	
solidarity-center-open-2022	Senior Men -68kg	SAEZ Pablo	FRA	2
solidarity-center-open-2022	Senior Men -68kg	SIFAOUI Sofiane	FRA	
solidarity-center-open-2022	Senior Men -68kg	COULIBALY Sekou	LUX	3
solidarity-center-open-2022	Senior Men -68kg	BOUALLEGUI Rafed	FRA	
solidarity-center-open-2022	Senior Men -68kg	ACKERMANN Rene	GER	
solidarity-center-open-2022	Senior Men -68kg	PETIT PHAR Shannon	FRA	1
solidarity-center-open-2022	Senior Men -68kg	AKPINAR Tunahan	FRA	
solidarity-center-open-2022	Senior Men -68kg	MAIGA Ibrahim	BUR	
solidarity-center-open-2022	Senior Men -63kg	DA William	BRA	2
solidarity-center-open-2022	Senior Men -63kg	IWAKI Kaito	JPN	
solidarity-center-open-2022	Senior Men -63kg	SAUER Keryann	FRA	
solidarity-center-open-2022	Senior Men -63kg	JULES Nathan	FRA	3
solidarity-center-open-2022	Senior Men -63kg	HASSANI Salah-Eddine	NED	
solidarity-center-open-2022	Senior Men -63kg	JORDIER Ludovic	FRA	
solidarity-center-open-2022	Senior Men -63kg	KONTE Hamara	FRA	
solidarity-center-open-2022	Senior Men -63kg	CHAMMSSOU Amadou Toudiani	NIG	
solidarity-center-open-2022	Senior Men -63kg	TRUONG Minh	FRA	
solidarity-center-open-2022	Senior Men -63kg	OLIVEIRA Adriano M	BRA	3
solidarity-center-open-2022	Senior Men -63kg	HOSSEINI Amir Mohammad	TRT	
solidarity-center-open-2022	Senior Men -63kg	ALAMI Vahid	FRA	
solidarity-center-open-2022	Senior Men -63kg	ABAD EXPOSITO Iker	ESP	1
solidarity-center-open-2022	Senior Men -58kg	ALESIO Sebastien	FRA	3
solidarity-center-open-2022	Senior Men -58kg	BOURGEOIS Owen	FRA	
solidarity-center-open-2022	Senior Men -58kg	SABATIER David	FRA	
solidarity-center-open-2022	Senior Men -58kg	BEDART Samuel	FRA	1
solidarity-center-open-2022	Senior Men -58kg	TSURUOKA Jin	JPN	
solidarity-center-open-2022	Senior Men -58kg	SAAD El Ayoubi	FRA	
solidarity-center-open-2022	Senior Men -58kg	SILVA Pedro	BRA	
solidarity-center-open-2022	Senior Men -58kg	ACHNINE Aymen	NED	
solidarity-center-open-2022	Senior Men -58kg	SAVARD Marc-Antoine	CAN	
solidarity-center-open-2022	Senior Men -58kg	COULIBALY Ismael Mekene	CIV	
solidarity-center-open-2022	Senior Men -58kg	MAEDA Hidetaka	JPN	2
solidarity-center-open-2022	Senior Men -58kg	BATHILY Sire	GDL	
solidarity-center-open-2022	Senior Men -58kg	REKIK Adam	FRA	
solidarity-center-open-2022	Senior Men -58kg	ALLOUANE Sami	FRA	
solidarity-center-open-2022	Senior Men -58kg	BARTHOLO Matheus	BRA	3
solidarity-center-open-2022	Senior Men -54kg	MATSUI Ryuta	JPN	3
solidarity-center-open-2022	Senior Men -54kg	ALESIO CAPOLINI Mathis	FRA	
solidarity-center-open-2022	Senior Men -54kg	BARBERET Quentin	FRA	
solidarity-center-open-2022	Senior Men -54kg	MENDES Duarte	POR	
solidarity-center-open-2022	Senior Men -54kg	SAAL Rynald	FRA	1
solidarity-center-open-2022	Senior Men -54kg	BOUKARNIA Hamza	FRA	3
solidarity-center-open-2022	Senior Men -54kg	GEORGIEV Hristyan	BUL	
solidarity-center-open-2022	Senior Men -54kg	DOS SANTOS Diego	POR	
solidarity-center-open-2022	Senior Men -54kg	OUDAI Yanis	FRA	2
solidarity-center-open-2022	Senior Men +87kg	WADA Kensuke	JPN	2
solidarity-center-open-2022	Senior Men +87kg	PEREZ CAMPOS Andreu	ESP	1
solidarity-center-open-2022	Senior Men +87kg	BAYO Mohamed Lamin	BUR	3
solidarity-center-open-2022	Senior Women -67kg	FATNASSI Maram	QAT	3
solidarity-center-open-2022	Senior Women -67kg	BLITEK Cloe	FRA	1
solidarity-center-open-2022	Senior Women -67kg	ZERROUKI Ambrine	FRA	
solidarity-center-open-2022	Senior Women -67kg	FABER Isabelle	LUX	
solidarity-center-open-2022	Senior Women -67kg	RODRIGUES Noemie	FRA	2
solidarity-center-open-2022	Senior Women -67kg	DAKKON Oumnia	BEL	3
solidarity-center-open-2022	Senior Women -62kg	SAIGHI Yasmine	FRA	2
solidarity-center-open-2022	Senior Women -62kg	MEHNANA Ines	FRA	1
solidarity-center-open-2022	Senior Women -62kg	BROZAT Leane	FRA	3
solidarity-center-open-2022	Senior Women -57kg	PACHECO Maria clara	BRA	1
solidarity-center-open-2022	Senior Women -57kg	ZEGGANE Samya	FRA	
solidarity-center-open-2022	Senior Women -57kg	ZOUZOUA Lyna	FRA	
solidarity-center-open-2022	Senior Women -57kg	HEBBAR Nisrin	FRA	3
solidarity-center-open-2022	Senior Women -57kg	WOLF Jessica	GER	
solidarity-center-open-2022	Senior Women -57kg	ST-PIERRE Alycia	CAN	3
solidarity-center-open-2022	Senior Women -57kg	BONETTO Carlotta	ITA	
solidarity-center-open-2022	Senior Women -57kg	CHAVAGNAT Camille	FRA	
solidarity-center-open-2022	Senior Women -57kg	CAUSSE Estelle	FRA	2
solidarity-center-open-2022	Senior Women -53kg	DIDDEN Robin	NED	
solidarity-center-open-2022	Senior Women -53kg	MAM Julie	CAM	3
solidarity-center-open-2022	Senior Women -53kg	KATOH Yuzuho	JPN	2
solidarity-center-open-2022	Senior Women -53kg	KAMKASOUMPHOU Lenya	FRA	
solidarity-center-open-2022	Senior Women -53kg	AGAOU Khalissa	FRA	
solidarity-center-open-2022	Senior Women -53kg	NISHIDA Mao	JPN	1
solidarity-center-open-2022	Senior Women -53kg	SEGLAR Sarah	FRA	
solidarity-center-open-2022	Senior Women -53kg	DOURDIN Mathilde	FRA	3
solidarity-center-open-2022	Senior Women -49kg	BEZERRA Camila	BRA	3
solidarity-center-open-2022	Senior Women -49kg	ZEZE Naomi	FRA	
solidarity-center-open-2022	Senior Women -49kg	TIGHLAINE Imane	FRA	
solidarity-center-open-2022	Senior Women -49kg	LIÑAN PARDO Naiara	AND	
solidarity-center-open-2022	Senior Women -49kg	MURAKAMI China	JPN	1
solidarity-center-open-2022	Senior Women -49kg	MORALES Kayla	USA	3
solidarity-center-open-2022	Senior Women -49kg	NUKUI Asuna	JPN	
solidarity-center-open-2022	Senior Women -49kg	DUCOS Iris	FRA	2
solidarity-center-open-2022	Senior Women -49kg	KAMKASOUMPHOU Maysane	FRA	
solidarity-center-open-2022	Senior Women -46kg	TAU Michelle	LES	2
solidarity-center-open-2022	Senior Women -46kg	BOUHMIDA Aya	NED	
solidarity-center-open-2022	Senior Women -46kg	PINTO BARROSO Kiara Aldina	POR	
solidarity-center-open-2022	Senior Women -46kg	GAYE Serrah	FRA	
solidarity-center-open-2022	Senior Women -46kg	OSHIMA Karen	JPN	3
solidarity-center-open-2022	Senior Women -46kg	OROZCO Angelique	CAN	1
solidarity-center-open-2022	Senior Women -46kg	TAMMILA Ida-elina	FIN	
solidarity-center-open-2022	Senior Women -46kg	VAN Kelly	FRA	
solidarity-center-open-2022	Senior Women -46kg	REHANI Dalya	FRA	3
pan-am-series-costa-rica-2023	Senior Men -87kg	SALAZAR Bryan	MEX	1
pan-am-series-costa-rica-2023	Senior Men -87kg	SOUZA Allif	BRA	3
pan-am-series-costa-rica-2023	Senior Men -87kg	CORDERO Kenneth	WT	
pan-am-series-costa-rica-2023	Senior Men -87kg	ACCOSTA Eross	MEX	3
pan-am-series-costa-rica-2023	Senior Men -87kg	ESTRADA Jahn Luis	PUR	2
pan-am-series-costa-rica-2023	Senior Men -80kg	HERNANDEZ Moises	DOM	2
pan-am-series-costa-rica-2023	Senior Men -80kg	SEALY. Brandon	JAM	
pan-am-series-costa-rica-2023	Senior Men -80kg	WEBB Julian	WT	
pan-am-series-costa-rica-2023	Senior Men -80kg	GONZALEZ Alejandro	PUR	
pan-am-series-costa-rica-2023	Senior Men -80kg	ZEPEDA Victor Julio (HON-1505)	HON	
pan-am-series-costa-rica-2023	Senior Men -80kg	NOA Yunier Alexis	CUB	
pan-am-series-costa-rica-2023	Senior Men -80kg	PASTOR Jose	MEX	3
pan-am-series-costa-rica-2023	Senior Men -80kg	RODRIGUES FERNANDES Henrique marques	BRA	1
pan-am-series-costa-rica-2023	Senior Men -80kg	CALDERON Kelvin	CUB	
pan-am-series-costa-rica-2023	Senior Men -80kg	MARTINEZ Daniel	HON	
pan-am-series-costa-rica-2023	Senior Men -80kg	OLMEDO Dylan leonel	ARG	
pan-am-series-costa-rica-2023	Senior Men -80kg	ANDRADE HERRERA Hassani	PER	
pan-am-series-costa-rica-2023	Senior Men -80kg	VAN Tosh	SUR	
pan-am-series-costa-rica-2023	Senior Men -80kg	STOUTE Jalen	BAR	
pan-am-series-costa-rica-2023	Senior Men -80kg	ROBLETO David	NCA	3
pan-am-series-costa-rica-2023	Senior Men -74kg	GOMEZTAGLE Uriel	MEX	3
pan-am-series-costa-rica-2023	Senior Men -74kg	LALOAN Sean Jaylen	HAI	
pan-am-series-costa-rica-2023	Senior Men -74kg	NAVA Ruben	MEX	2
pan-am-series-costa-rica-2023	Senior Men -74kg	GONZALEZ GOMEZ Federico	URU	1
pan-am-series-costa-rica-2023	Senior Men -74kg	MONTUFAR Diego	GUA	
pan-am-series-costa-rica-2023	Senior Men -74kg	GONZALEZ Gabriel	WT	3
pan-am-series-costa-rica-2023	Senior Men -74kg	BEVEL Aiden	USA	
pan-am-series-costa-rica-2023	Senior Men -68kg	PIE Bernardo	DOM	1
pan-am-series-costa-rica-2023	Senior Men -68kg	HERNANDEZ Renato	NCA	
pan-am-series-costa-rica-2023	Senior Men -68kg	MARTINEZ Alejandro	HON	
pan-am-series-costa-rica-2023	Senior Men -68kg	JUAREZ Kyran	CRC	
pan-am-series-costa-rica-2023	Senior Men -68kg	KASPER Carlos	PAN	
pan-am-series-costa-rica-2023	Senior Men -68kg	CAMPOS Santiago	ARG	
pan-am-series-costa-rica-2023	Senior Men -68kg	LEWIS Fernando	PAN	
pan-am-series-costa-rica-2023	Senior Men -68kg	PINAS Samaki	SUR	
pan-am-series-costa-rica-2023	Senior Men -68kg	BENITEZ Adrian	PUR	3
pan-am-series-costa-rica-2023	Senior Men -68kg	LEON Braulio	PER	2
pan-am-series-costa-rica-2023	Senior Men -68kg	LAGAR Ormis Daniel	CUB	
pan-am-series-costa-rica-2023	Senior Men -68kg	DOMINGUEZ Alvis	PAN	
pan-am-series-costa-rica-2023	Senior Men -68kg	VICENTE Rabbin	HON	
pan-am-series-costa-rica-2023	Senior Men -68kg	NAZARIO SANCHEZ Edgardo	PUR	3
pan-am-series-costa-rica-2023	Senior Men -68kg	BANEGAS Sammer Aya	HON	
pan-am-series-costa-rica-2023	Senior Men -68kg	BENAVIDES Omar	ESA	
pan-am-series-costa-rica-2023	Senior Men -68kg	CASAS GARCIA Iker	MEX	
pan-am-series-costa-rica-2023	Senior Men -63kg	GUZMAN Lucas	ARG	1
pan-am-series-costa-rica-2023	Senior Men -63kg	GONZALEZ Wander	DOM	
pan-am-series-costa-rica-2023	Senior Men -63kg	PLAZA HERNANDEZ Brandon	MEX	
pan-am-series-costa-rica-2023	Senior Men -63kg	NEGRETE Rodrigo Da	USA	
pan-am-series-costa-rica-2023	Senior Men -63kg	BONILLA Sebastian	WT	
pan-am-series-costa-rica-2023	Senior Men -63kg	KLABER Joshua	ARU	3
pan-am-series-costa-rica-2023	Senior Men -63kg	FLORES Diego	CHI	
pan-am-series-costa-rica-2023	Senior Men -63kg	GRANADO Yohandri	VEN	2
pan-am-series-costa-rica-2023	Senior Men -63kg	MANUKYAN Benjamin	USA	
pan-am-series-costa-rica-2023	Senior Men -63kg	CUBERO Leyner Fabr	WT	
pan-am-series-costa-rica-2023	Senior Men -63kg	LOPEZ Marvin	NCA	
pan-am-series-costa-rica-2023	Senior Men -63kg	MILLAN GASTON David	MEX	3
pan-am-series-costa-rica-2023	Senior Men -63kg	CORTES Carlos	MEX	
pan-am-series-costa-rica-2023	Senior Men -63kg	DE JESUS Luis	PUR	
pan-am-series-costa-rica-2023	Senior Men -58kg	MELO Paulo	BRA	1
pan-am-series-costa-rica-2023	Senior Men -58kg	QUIÑÓNEZ Noah	DOM	
pan-am-series-costa-rica-2023	Senior Men -58kg	RODRIGUEZ Lester	NCA	
pan-am-series-costa-rica-2023	Senior Men -58kg	RODRIGUEZ Michael	PUR	
pan-am-series-costa-rica-2023	Senior Men -58kg	RODRIGUEZ Ilay	PUR	
pan-am-series-costa-rica-2023	Senior Men -58kg	BARRETO Raymiguel	PER	
pan-am-series-costa-rica-2023	Senior Men -58kg	RAMIREZ Dylan Arye	CRC	
pan-am-series-costa-rica-2023	Senior Men -58kg	CHEVEZ John Josue	WT	
pan-am-series-costa-rica-2023	Senior Men -58kg	LOPEZ Camilo	ESA	
pan-am-series-costa-rica-2023	Senior Men -58kg	MORALES Edrick	PUR	3
pan-am-series-costa-rica-2023	Senior Men -58kg	FUENTES David	GUA	3
pan-am-series-costa-rica-2023	Senior Men -58kg	MATOS RUBAN Akely	CUB	
pan-am-series-costa-rica-2023	Senior Men -58kg	SALAZAR Andres	WT	
pan-am-series-costa-rica-2023	Senior Men -58kg	THOMAS Tristan	USA	
pan-am-series-costa-rica-2023	Senior Men -58kg	SOLANO Pablo	WT	
pan-am-series-costa-rica-2023	Senior Men -58kg	ESPINOZA Cristophe	HON	
pan-am-series-costa-rica-2023	Senior Men -58kg	ESPINOSA Edward	DOM	
pan-am-series-costa-rica-2023	Senior Men -58kg	PEÑALBA Adrian	PAN	
pan-am-series-costa-rica-2023	Senior Men -58kg	ALONZO Ian Paolo	HON	
pan-am-series-costa-rica-2023	Senior Men -58kg	RODRIGUEZ Cesar	MEX	2
pan-am-series-costa-rica-2023	Senior Men -54kg	DE MORAES Giovanni aubin	BRA	2
pan-am-series-costa-rica-2023	Senior Men -54kg	RAMIREZ Daniel	CRC	
pan-am-series-costa-rica-2023	Senior Men -54kg	MAYORGA Victor	PER	
pan-am-series-costa-rica-2023	Senior Men -54kg	Zardo James Villanueva	USA	
pan-am-series-costa-rica-2023	Senior Men -54kg	GUTIERREZ ESPINOZA SAUL	WT	3
pan-am-series-costa-rica-2023	Senior Men -54kg	REYES Cristofer	DOM	1
pan-am-series-costa-rica-2023	Senior Men -54kg	ORTEGA Oscar Mario	WT	
pan-am-series-costa-rica-2023	Senior Men -54kg	PASTOR Edgardo	PAN	
pan-am-series-costa-rica-2023	Senior Men -54kg	CRUZ Kariel	PUR	3
pan-am-series-costa-rica-2023	Senior Men +87kg	SANSORES Carlos	MEX	1
pan-am-series-costa-rica-2023	Senior Men +87kg	MARGARYAN Henry	USA	
pan-am-series-costa-rica-2023	Senior Men +87kg	RODRIGUEZ Alan	ESA	
pan-am-series-costa-rica-2023	Senior Men +87kg	ALVAREZ Juan	PUR	
pan-am-series-costa-rica-2023	Senior Men +87kg	ALVES Agustin	ARG	3
pan-am-series-costa-rica-2023	Senior Men +87kg	ALVAREZ Luis	VEN	3
pan-am-series-costa-rica-2023	Senior Men +87kg	PEREZ Esmerlyn	DOM	
pan-am-series-costa-rica-2023	Senior Men +87kg	HOLDER Chioke	BAR	
pan-am-series-costa-rica-2023	Senior Men +87kg	ALBA Rafael	CUB	2
pan-am-series-costa-rica-2023	Senior Women -73kg	MOLINA Yosselyn	HON	3
pan-am-series-costa-rica-2023	Senior Women -73kg	LEE Ava Soon	HAI	1
pan-am-series-costa-rica-2023	Senior Women -73kg	MURADYAN Anna	USA	
pan-am-series-costa-rica-2023	Senior Women -73kg	MARTINEZ Frislaidi	CUB	3
pan-am-series-costa-rica-2023	Senior Women -73kg	RAMIREZ Alexia Nao	MEX	2
pan-am-series-costa-rica-2023	Senior Women -67kg	TITONELI Milena	BRA	1
pan-am-series-costa-rica-2023	Senior Women -67kg	DIAZ Isabella	PUR	
pan-am-series-costa-rica-2023	Senior Women -67kg	ROSADO Rosa	PER	
pan-am-series-costa-rica-2023	Senior Women -67kg	ACOSTA Arlettys De La Caridad	CUB	3
pan-am-series-costa-rica-2023	Senior Women -67kg	ESCALANTE Zulema A	HON	
pan-am-series-costa-rica-2023	Senior Women -67kg	ROMAN TORRES Naishka	PUR	
pan-am-series-costa-rica-2023	Senior Women -67kg	RIVAS Victoria	ARG	
pan-am-series-costa-rica-2023	Senior Women -67kg	BROOKS Brenda	PAN	
pan-am-series-costa-rica-2023	Senior Women -67kg	RODRIGUEZ Madelyn Andrea	DOM	2
pan-am-series-costa-rica-2023	Senior Women -67kg	LOPEZ LAUREANO Valeria	PUR	
pan-am-series-costa-rica-2023	Senior Women -67kg	BANEGAS Alejandra	HON	
pan-am-series-costa-rica-2023	Senior Women -67kg	SOLTERO Leslie	MEX	3
pan-am-series-costa-rica-2023	Senior Women -62kg	VELAZQUEZ Itzel	MEX	1
pan-am-series-costa-rica-2023	Senior Women -62kg	RAMIREZ Angelique	WT	3
pan-am-series-costa-rica-2023	Senior Women -62kg	LEON Indira Naomi	WT	
pan-am-series-costa-rica-2023	Senior Women -62kg	VARGAS Nicole Vale	WT	3
pan-am-series-costa-rica-2023	Senior Women -62kg	CARSTENS Carolena	PAN	2
pan-am-series-costa-rica-2023	Senior Women -57kg	PACHECO Maria clara	BRA	1
pan-am-series-costa-rica-2023	Senior Women -57kg	LOPEZ Sheylee Daya	HON	
pan-am-series-costa-rica-2023	Senior Women -57kg	VEGA Gianna	PUR	
pan-am-series-costa-rica-2023	Senior Women -57kg	MARINOV Elizabeth	USA	
pan-am-series-costa-rica-2023	Senior Women -57kg	JOGLAR Nichole	PUR	
pan-am-series-costa-rica-2023	Senior Women -57kg	STANZIOLA Natalia	PAN	
pan-am-series-costa-rica-2023	Senior Women -57kg	MONTANO Alisson	ESA	3
pan-am-series-costa-rica-2023	Senior Women -57kg	Name withheld 6	PER	
pan-am-series-costa-rica-2023	Senior Women -57kg	VANEGAS Mariling	NCA	
pan-am-series-costa-rica-2023	Senior Women -57kg	SULBARAN Alexmar	VEN	3
pan-am-series-costa-rica-2023	Senior Women -57kg	DIAZ Marcela	WT	
pan-am-series-costa-rica-2023	Senior Women -57kg	RUIZ Yuliana	ARG	
pan-am-series-costa-rica-2023	Senior Women -57kg	ROBLES Tamara	CUB	2
pan-am-series-costa-rica-2023	Senior Women -57kg	BONILLA CRUZ Andrialis ramona	DOM	
pan-am-series-costa-rica-2023	Senior Women -57kg	LINDO Neshi Lee	WT	
pan-am-series-costa-rica-2023	Senior Women -53kg	VILLEGAS Fabiola G	MEX	
pan-am-series-costa-rica-2023	Senior Women -53kg	PEREZ ESCALONA Marlyn	CUB	1
pan-am-series-costa-rica-2023	Senior Women -53kg	BLANCO Avril	WT	
pan-am-series-costa-rica-2023	Senior Women -53kg	MEJIA Mayerlin Yan	DOM	3
pan-am-series-costa-rica-2023	Senior Women -53kg	SENDRA Giulia Clar	ARG	
pan-am-series-costa-rica-2023	Senior Women -53kg	OLIVAS CHRISLEY	NCA	
pan-am-series-costa-rica-2023	Senior Women -53kg	CHAVEZ Jazmin	MEX	2
pan-am-series-costa-rica-2023	Senior Women -53kg	SOTO Juliengel	WT	
pan-am-series-costa-rica-2023	Senior Women -53kg	SANTIAGO Keishlie	PUR	3
pan-am-series-costa-rica-2023	Senior Women -49kg	SOUZA Daniela Paola	MEX	1
pan-am-series-costa-rica-2023	Senior Women -49kg	PEREZ Daniela	GUA	
pan-am-series-costa-rica-2023	Senior Women -49kg	SANCHO Laura	WT	
pan-am-series-costa-rica-2023	Senior Women -49kg	ROSADO CRUZ CHANEL	PUR	3
pan-am-series-costa-rica-2023	Senior Women -49kg	AGUILAR Andrea Sof	ESA	
pan-am-series-costa-rica-2023	Senior Women -49kg	LARA Vanessa	DOM	
pan-am-series-costa-rica-2023	Senior Women -49kg	Name withheld 7	PER	
pan-am-series-costa-rica-2023	Senior Women -49kg	PORTUGUÉZ BARBOZA Ariana	WT	
pan-am-series-costa-rica-2023	Senior Women -49kg	CASTILLO Karoline Stephanie	PAN	
pan-am-series-costa-rica-2023	Senior Women -49kg	VILLAMIL Dalila On	CUB	3
pan-am-series-costa-rica-2023	Senior Women -49kg	TALBOTT Riccy	HON	
pan-am-series-costa-rica-2023	Senior Women -49kg	CHIRINOS Jaimar Sa	ARU	
pan-am-series-costa-rica-2023	Senior Women -49kg	BARROS Nivea	BRA	2
pan-am-series-costa-rica-2023	Senior Women -46kg	VICENTE Sidney	HON	3
pan-am-series-costa-rica-2023	Senior Women -46kg	CRUZ Alisson	CRC	
pan-am-series-costa-rica-2023	Senior Women -46kg	WAY Nicolle	GUA	2
pan-am-series-costa-rica-2023	Senior Women -46kg	URBINA Helen Saryb	HON	3
pan-am-series-costa-rica-2023	Senior Women -46kg	TORRES Linoushka	PUR	
pan-am-series-costa-rica-2023	Senior Women -46kg	LLAUCA MENDOZA Camila	PER	1
pan-am-series-costa-rica-2023	Senior Women +73kg	SIQUEIRA Gabriele	BRA	1
pan-am-series-costa-rica-2023	Senior Women +73kg	CRESPO Elianet Mar	CUB	
pan-am-series-costa-rica-2023	Senior Women +73kg	SHIPMAN Aliyah	HAI	
pan-am-series-costa-rica-2023	Senior Women +73kg	AVILA Keyla	HON	
pan-am-series-costa-rica-2023	Senior Women +73kg	FERNANDEZ Carolina	VEN	3
pan-am-series-costa-rica-2023	Senior Women +73kg	GARCIA Paloma	MEX	2
pan-am-series-costa-rica-2023	Senior Women +73kg	DIAZ Carla Melina	ARG	
pan-am-series-costa-rica-2023	Senior Women +73kg	ZAMBRANA Franaydum	NCA	
pan-am-series-costa-rica-2023	Senior Women +73kg	AGUIRRE Silvia	ESA	
pan-am-series-costa-rica-2023	Senior Women +73kg	RODRIGUEZ Katherine	DOM	3
pan-am-games-qualification-2023	Senior Men -80kg	HERNANDEZ Moises	DOM	
pan-am-games-qualification-2023	Senior Men -80kg	CHURQUINA Roger	BOL	
pan-am-games-qualification-2023	Senior Men -80kg	NOA Yunier Alexis	CUB	
pan-am-games-qualification-2023	Senior Men -80kg	OLMEDO Dylan leonel	ARG	
pan-am-games-qualification-2023	Senior Men -80kg	GONZALEZ Alejandro	PUR	
pan-am-games-qualification-2023	Senior Men -80kg	RODRIGUES FERNANDES Henrique marques	BRA	
pan-am-games-qualification-2023	Senior Men -80kg	MERCIER Charlelie	CAN	
pan-am-games-qualification-2023	Senior Men -80kg	BROWNE Jerome	TTO	
pan-am-games-qualification-2023	Senior Men -80kg	ROBLETO David	NCA	
pan-am-games-qualification-2023	Senior Men -80kg	TREJOS SALAS Miguel	COL	
pan-am-games-qualification-2023	Senior Men -80kg	CONTRERAS Edgar	VEN	
pan-am-games-qualification-2023	Senior Men -80kg	FLORES Alejandro	WT	
pan-am-games-qualification-2023	Senior Men -80kg	RODRIGUEZ Michael c	USA	
pan-am-games-qualification-2023	Senior Men -80kg	SEALY. Brandon	JAM	
pan-am-games-qualification-2023	Senior Men -80kg	ANDRADE HERRERA Hassani	PER	
pan-am-games-qualification-2023	Senior Men -80kg	CAICEDO Carlos	ECU	
pan-am-games-qualification-2023	Senior Men -80kg	VAN Tosh	SUR	
pan-am-games-qualification-2023	Senior Men -80kg	SALAZAR Bryan	MEX	
pan-am-games-qualification-2023	Senior Men -68kg	PONTES Edival	BRA	
pan-am-games-qualification-2023	Senior Men -68kg	LAGAR Ormis Daniel	CUB	
pan-am-games-qualification-2023	Senior Men -68kg	AGUILERA Diego	BOL	
pan-am-games-qualification-2023	Senior Men -68kg	VICENTE Rabbin	HON	
pan-am-games-qualification-2023	Senior Men -68kg	BENITEZ Adrian	PUR	
pan-am-games-qualification-2023	Senior Men -68kg	CASAS GARCIA Iker	MEX	
pan-am-games-qualification-2023	Senior Men -68kg	ACOSTA Luis	VEN	
pan-am-games-qualification-2023	Senior Men -68kg	HERNANDEZ Renato	NCA	
pan-am-games-qualification-2023	Senior Men -68kg	PARK Tae ku	CAN	
pan-am-games-qualification-2023	Senior Men -68kg	HARRIS Khalfani	USA	
pan-am-games-qualification-2023	Senior Men -68kg	GIL LOPEZ Damian steven	COL	
pan-am-games-qualification-2023	Senior Men -68kg	WILTSHIRE Che	BAR	
pan-am-games-qualification-2023	Senior Men -68kg	NIETO Jose	ECU	
pan-am-games-qualification-2023	Senior Men -68kg	GONZALEZ GOMEZ Federico	URU	
pan-am-games-qualification-2023	Senior Men -68kg	LEON Braulio	PER	
pan-am-games-qualification-2023	Senior Men -68kg	MONTUFAR Diego	GUA	
pan-am-games-qualification-2023	Senior Men -68kg	PINAS Samaki	SUR	
pan-am-games-qualification-2023	Senior Men -68kg	ACUNA Jose Luis	ARG	
pan-am-games-qualification-2023	Senior Men -68kg	PIE Bernardo	DOM	
pan-am-games-qualification-2023	Senior Men -58kg	MELO Paulo	BRA	
pan-am-games-qualification-2023	Senior Men -58kg	MANCILLA Paulino	BOL	
pan-am-games-qualification-2023	Senior Men -58kg	MIRANDA Adrian	ECU	
pan-am-games-qualification-2023	Senior Men -58kg	GRANT Gavin	USA	
pan-am-games-qualification-2023	Senior Men -58kg	PARK Braven	CAN	
pan-am-games-qualification-2023	Senior Men -58kg	BARRETO Raymiguel	PER	
pan-am-games-qualification-2023	Senior Men -58kg	ESPINOSA Edward	DOM	
pan-am-games-qualification-2023	Senior Men -58kg	GRANADO Yohandri	VEN	
pan-am-games-qualification-2023	Senior Men -58kg	GUZMAN Lucas	ARG	
pan-am-games-qualification-2023	Senior Men -58kg	RODRIGUEZ Lester	NCA	
pan-am-games-qualification-2023	Senior Men -58kg	MATOS RUBAN Akely	CUB	
pan-am-games-qualification-2023	Senior Men -58kg	OCHOA Jefferson	COL	
pan-am-games-qualification-2023	Senior Men -58kg	FUENTES David	GUA	
pan-am-games-qualification-2023	Senior Men -58kg	MORALES Edrick	PUR	
pan-am-games-qualification-2023	Senior Men -58kg	KLABER Joshua	ARU	
pan-am-games-qualification-2023	Senior Men -58kg	PLAZA HERNANDEZ Brandon	MEX	
pan-am-games-qualification-2023	Senior Men +80kg	SANSORES Carlos	MEX	
pan-am-games-qualification-2023	Senior Men +80kg	NAZARENO Julio Ces	ECU	
pan-am-games-qualification-2023	Senior Men +80kg	DASENT-THOMSON Dan	TTO	
pan-am-games-qualification-2023	Senior Men +80kg	BERGERON Marc andre	CAN	
pan-am-games-qualification-2023	Senior Men +80kg	ALVAREZ Juan	PUR	
pan-am-games-qualification-2023	Senior Men +80kg	FERRERA Miguel	HON	
pan-am-games-qualification-2023	Senior Men +80kg	HEALY Jonathan	USA	
pan-am-games-qualification-2023	Senior Men +80kg	ALBA Rafael	CUB	
pan-am-games-qualification-2023	Senior Men +80kg	HOLDER Chioke	BAR	
pan-am-games-qualification-2023	Senior Men +80kg	PEREZ Esmerlyn	DOM	
pan-am-games-qualification-2023	Senior Men +80kg	ALVAREZ Luis	VEN	
pan-am-games-qualification-2023	Senior Men +80kg	SOTO BAUTISTA Luis german	COL	
pan-am-games-qualification-2023	Senior Men +80kg	ALVES Agustin	ARG	
pan-am-games-qualification-2023	Senior Men +80kg	MARTINS Icaro Migu	BRA	
pan-am-games-qualification-2023	Senior Women -67kg	TITONELI Milena	BRA	
pan-am-games-qualification-2023	Senior Women -67kg	MOLINA Yosselyn	HON	
pan-am-games-qualification-2023	Senior Women -67kg	RODRIGUEZ Madelyn Andrea	DOM	
pan-am-games-qualification-2023	Senior Women -67kg	ACOSTA Arlettys De La Caridad	CUB	
pan-am-games-qualification-2023	Senior Women -67kg	LEE Ava Soon	HAI	
pan-am-games-qualification-2023	Senior Women -67kg	GONZALEZ Genesis	VEN	
pan-am-games-qualification-2023	Senior Women -67kg	MINA Mell	ECU	
pan-am-games-qualification-2023	Senior Women -67kg	VELAZQUEZ Itzel	MEX	
pan-am-games-qualification-2023	Senior Women -67kg	ALVAREZ LOZANO Maria helena	COL	
pan-am-games-qualification-2023	Senior Women -67kg	TEACHOUT Kristina	USA	
pan-am-games-qualification-2023	Senior Women -67kg	RIVAS Victoria	ARG	
pan-am-games-qualification-2023	Senior Women -67kg	ROMAN TORRES Naishka	PUR	
pan-am-games-qualification-2023	Senior Women -67kg	VASQUEZ MENDOZA Eliana	PER	
pan-am-games-qualification-2023	Senior Women -67kg	URIBE Jhalib	BOL	
pan-am-games-qualification-2023	Senior Women -67kg	KRAAYEVELD Ashley	CAN	
pan-am-games-qualification-2023	Senior Women -57kg	PARK Skylar	CAN	
pan-am-games-qualification-2023	Senior Women -57kg	NARVAEZ Erika	NCA	
pan-am-games-qualification-2023	Senior Women -57kg	TITO Carla	ECU	
pan-am-games-qualification-2023	Senior Women -57kg	MUNOZ Daniela Alej	COL	
pan-am-games-qualification-2023	Senior Women -57kg	CACERES GONZALES Camila	PER	
pan-am-games-qualification-2023	Senior Women -57kg	CARSTENS Carolena	PAN	
pan-am-games-qualification-2023	Senior Women -57kg	BONILLA CRUZ Andrialis ramona	DOM	
pan-am-games-qualification-2023	Senior Women -57kg	ANEZ Maria Celeste	BOL	
pan-am-games-qualification-2023	Senior Women -57kg	ROBLES Tamara	CUB	
pan-am-games-qualification-2023	Senior Women -57kg	LINDO Neshi Lee	WT	
pan-am-games-qualification-2023	Senior Women -57kg	VEGA Gianna	PUR	
pan-am-games-qualification-2023	Senior Women -57kg	SULBARAN Alexmar	VEN	
pan-am-games-qualification-2023	Senior Women -57kg	PACHECO Maria clara	BRA	
pan-am-games-qualification-2023	Senior Women -57kg	GODOY Carla	ARG	
pan-am-games-qualification-2023	Senior Women -57kg	MONTANO Alisson	ESA	
pan-am-games-qualification-2023	Senior Women -57kg	COX Caitlyn	USA	
pan-am-games-qualification-2023	Senior Women -57kg	VILLEGAS Fabiola G	MEX	
pan-am-games-qualification-2023	Senior Women -49kg	RAMIREZ VARGAS Andrea	COL	
pan-am-games-qualification-2023	Senior Women -49kg	CHIRINOS Jaimar Sa	ARU	
pan-am-games-qualification-2023	Senior Women -49kg	GRIPPOLI Maria Sar	URU	
pan-am-games-qualification-2023	Senior Women -49kg	SUAREZ ESCOBEDO Alessandra	PER	
pan-am-games-qualification-2023	Senior Women -49kg	VILLAMIL Dalila On	CUB	
pan-am-games-qualification-2023	Senior Women -49kg	OROZCO Angelique	CAN	
pan-am-games-qualification-2023	Senior Women -49kg	STAMBAUGH Victoria	PUR	
pan-am-games-qualification-2023	Senior Women -49kg	DANIEL Melina	USA	
pan-am-games-qualification-2023	Senior Women -49kg	CASTILLO Karoline Stephanie	PAN	
pan-am-games-qualification-2023	Senior Women -49kg	SANCHO Laura	WT	
pan-am-games-qualification-2023	Senior Women -49kg	GUANGA Miley Domen	ECU	
pan-am-games-qualification-2023	Senior Women -49kg	HURTADO TAPIA Jireh	BOL	
pan-am-games-qualification-2023	Senior Women -49kg	TALBOTT Riccy	HON	
pan-am-games-qualification-2023	Senior Women -49kg	DELLAN Virginia	VEN	
pan-am-games-qualification-2023	Senior Women -49kg	SENDRA Giulia Clar	ARG	
pan-am-games-qualification-2023	Senior Women -49kg	COSTA RICA Brenda	MEX	
pan-am-games-qualification-2023	Senior Women -49kg	LARA Vanessa	DOM	
pan-am-games-qualification-2023	Senior Women -49kg	PETERSON Ceili	GUY	
pan-am-games-qualification-2023	Senior Women -49kg	REIS Talisca	BRA	
pan-am-games-qualification-2023	Senior Women +67kg	SIQUEIRA Gabriele	BRA	
pan-am-games-qualification-2023	Senior Women +67kg	FOLLECO MINA Dayana	ECU	
pan-am-games-qualification-2023	Senior Women +67kg	FOUNTAIN Rachel	CAN	
pan-am-games-qualification-2023	Senior Women +67kg	WEEKES Crystal	PUR	
pan-am-games-qualification-2023	Senior Women +67kg	DIAZ Carla Melina	ARG	
pan-am-games-qualification-2023	Senior Women +67kg	SHIPMAN Aliyah	HAI	
pan-am-games-qualification-2023	Senior Women +67kg	RODRIGUEZ Katherine	DOM	
pan-am-games-qualification-2023	Senior Women +67kg	MOSQUERA Gloria Ca	COL	
pan-am-games-qualification-2023	Senior Women +67kg	CRESPO Elianet Mar	CUB	
pan-am-games-qualification-2023	Senior Women +67kg	TAMEZ Victoria	MEX	
pan-am-games-qualification-2023	Senior Women +67kg	FERNANDEZ Carolina	VEN	
pan-am-games-qualification-2023	Senior Women +67kg	BURGA Aleska	PER	
pan-am-games-qualification-2023	Senior Women +67kg	GORMAN-SHORE Madelynn	USA	
central-american-caribbean-games-2023	Senior Men -58kg	PLAZA HERNANDEZ Brandon	MEX	1
central-american-caribbean-games-2023	Senior Men -58kg	LOPEZ Camilo	ESA	
central-american-caribbean-games-2023	Senior Men -58kg	RODRIGUEZ Lester	NCA	
central-american-caribbean-games-2023	Senior Men -58kg	MORALES Edrick	PUR	
central-american-caribbean-games-2023	Senior Men -58kg	FUENTES David	CCS	3
central-american-caribbean-games-2023	Senior Men -58kg	OCHOA Jefferson	COL	2
central-american-caribbean-games-2023	Senior Men -58kg	MATOS RUBAN Akely	CUB	
central-american-caribbean-games-2023	Senior Men -58kg	ESPINOSA Edward	DOM	
central-american-caribbean-games-2023	Senior Men -58kg	CUBERO Leyner Fabr	WT	
central-american-caribbean-games-2023	Senior Men -58kg	GRANADO Yohandri	VEN	3
central-american-caribbean-games-2023	Senior Men +80kg	SANSORES Carlos	MEX	2
central-american-caribbean-games-2023	Senior Men +80kg	RODRIGUEZ Alan	ESA	
central-american-caribbean-games-2023	Senior Men +80kg	PEREZ Esmerlyn	DOM	
central-american-caribbean-games-2023	Senior Men +80kg	DASENT-THOMSON Dan	TTO	
central-american-caribbean-games-2023	Senior Men +80kg	SOTO BAUTISTA Luis german	COL	3
central-american-caribbean-games-2023	Senior Men +80kg	ALVAREZ Luis	VEN	3
central-american-caribbean-games-2023	Senior Men +80kg	FERRERA Miguel	HON	
central-american-caribbean-games-2023	Senior Men +80kg	HOLDER Chioke	BAR	
central-american-caribbean-games-2023	Senior Men +80kg	ALVAREZ Juan	PUR	
central-american-caribbean-games-2023	Senior Men +80kg	FIGUEROA Yamil	NCA	
central-american-caribbean-games-2023	Senior Men +80kg	ALBA Rafael	CUB	1
central-american-caribbean-games-2023	Senior Women -49kg	SOUZA Daniela Paola	MEX	2
central-american-caribbean-games-2023	Senior Women -49kg	TALBOTT Riccy	HON	
central-american-caribbean-games-2023	Senior Women -49kg	ROSADO CRUZ CHANEL	PUR	
central-american-caribbean-games-2023	Senior Women -49kg	PORTUGUÉZ BARBOZA Ariana	WT	
central-american-caribbean-games-2023	Senior Women -49kg	AGUILAR Andrea Sof	ESA	
central-american-caribbean-games-2023	Senior Women -49kg	DELLAN Virginia	VEN	3
central-american-caribbean-games-2023	Senior Women -49kg	CASTILLO Karoline Stephanie	PAN	3
central-american-caribbean-games-2023	Senior Women -49kg	CHIRINOS Jaimar Sa	ARU	
central-american-caribbean-games-2023	Senior Women -49kg	GONZALEZ Daniella	CCS	
central-american-caribbean-games-2023	Senior Women -49kg	VILLAMIL Dalila On	CUB	
central-american-caribbean-games-2023	Senior Women -49kg	LARA Vanessa	DOM	
central-american-caribbean-games-2023	Senior Women -49kg	RAMIREZ VARGAS Andrea	COL	1
central-american-caribbean-games-2023	Senior Women +67kg	MOSQUERA Gloria Ca	COL	1
central-american-caribbean-games-2023	Senior Women +67kg	ZAMBRANA Franaydum	NCA	
central-american-caribbean-games-2023	Senior Women +67kg	MARTINEZ Frislaidi	CUB	
central-american-caribbean-games-2023	Senior Women +67kg	SHIPMAN Aliyah	HAI	3
central-american-caribbean-games-2023	Senior Women +67kg	FERNANDEZ Carolina	VEN	
central-american-caribbean-games-2023	Senior Women +67kg	RODRIGUEZ Katherine	DOM	3
central-american-caribbean-games-2023	Senior Women +67kg	GARCIA Paloma	MEX	
central-american-caribbean-games-2023	Senior Women +67kg	AVILA Keyla	HON	
central-american-caribbean-games-2023	Senior Women +67kg	AGUIRRE Silvia	ESA	
central-american-caribbean-games-2023	Senior Women +67kg	WEEKES Crystal	PUR	2
central-american-caribbean-games-2023	Senior Men -80kg	SALAZAR Bryan	MEX	
central-american-caribbean-games-2023	Senior Men -80kg	LARA Francisco	ESA	
central-american-caribbean-games-2023	Senior Men -80kg	FLORES Alejandro	WT	2
central-american-caribbean-games-2023	Senior Men -80kg	SEALY. Brandon	JAM	3
central-american-caribbean-games-2023	Senior Men -80kg	ROBLETO David	NCA	
central-american-caribbean-games-2023	Senior Men -80kg	HERNANDEZ Moises	DOM	3
central-american-caribbean-games-2023	Senior Men -80kg	VAN Tosh	SUR	
central-american-caribbean-games-2023	Senior Men -80kg	GONZALEZ Alejandro	PUR	
central-american-caribbean-games-2023	Senior Men -80kg	LALOAN Sean Jaylen	HAI	
central-american-caribbean-games-2023	Senior Men -80kg	NOA Yunier Alexis	CUB	
central-american-caribbean-games-2023	Senior Men -80kg	TREJOS SALAS Miguel	COL	1
central-american-caribbean-games-2023	Senior Men -68kg	PIE Bernardo	DOM	1
central-american-caribbean-games-2023	Senior Men -68kg	FERNANDEZ Angel Ya	CUB	
central-american-caribbean-games-2023	Senior Men -68kg	BENAVIDES Omar	ESA	
central-american-caribbean-games-2023	Senior Men -68kg	VICENTE Rabbin	HON	
central-american-caribbean-games-2023	Senior Men -68kg	PINAS Samaki	SUR	
central-american-caribbean-games-2023	Senior Men -68kg	BENITEZ Adrian	PUR	3
central-american-caribbean-games-2023	Senior Men -68kg	PAZ ROCHA David felipe	COL	2
central-american-caribbean-games-2023	Senior Men -68kg	ALEXANDER Dorian	TTO	
central-american-caribbean-games-2023	Senior Men -68kg	MONTUFAR Diego	CCS	
central-american-caribbean-games-2023	Senior Men -68kg	HERNANDEZ Renato	NCA	
central-american-caribbean-games-2023	Senior Men -68kg	ACOSTA Luis	VEN	
central-american-caribbean-games-2023	Senior Men -68kg	CASAS GARCIA Iker	MEX	3
central-american-caribbean-games-2023	Senior Women -67kg	SOLTERO Leslie	MEX	3
central-american-caribbean-games-2023	Senior Women -67kg	BROOKS Brenda	PAN	
central-american-caribbean-games-2023	Senior Women -67kg	ALVAREZ LOZANO Maria helena	COL	
central-american-caribbean-games-2023	Senior Women -67kg	RODRIGUEZ Madelyn Andrea	DOM	
central-american-caribbean-games-2023	Senior Women -67kg	ACOSTA Arlettys De La Caridad	CUB	1
central-american-caribbean-games-2023	Senior Women -67kg	ROMAN TORRES Naishka	PUR	3
central-american-caribbean-games-2023	Senior Women -67kg	MOLINA Yosselyn	HON	
central-american-caribbean-games-2023	Senior Women -67kg	CASTELLANOS Jarolit	VEN	
central-american-caribbean-games-2023	Senior Women -67kg	ESCOBAR Fabiola	ESA	
central-american-caribbean-games-2023	Senior Women -67kg	LEE Ava Soon	HAI	2
central-american-caribbean-games-2023	Senior Women -57kg	VILLEGAS Fabiola G	MEX	
central-american-caribbean-games-2023	Senior Women -57kg	BONILLA CRUZ Andrialis ramona	DOM	2
central-american-caribbean-games-2023	Senior Women -57kg	SULBARAN Alexmar	VEN	
central-american-caribbean-games-2023	Senior Women -57kg	MUNOZ Daniela Alej	COL	
central-american-caribbean-games-2023	Senior Women -57kg	CARSTENS Carolena	PAN	3
central-american-caribbean-games-2023	Senior Women -57kg	ROBLES Tamara	CUB	3
central-american-caribbean-games-2023	Senior Women -57kg	NARVAEZ Erika	NCA	
central-american-caribbean-games-2023	Senior Women -57kg	MONTANO Alisson	ESA	
central-american-caribbean-games-2023	Senior Women -57kg	FLORES Hermaliz	PUR	
central-american-caribbean-games-2023	Senior Women -57kg	LOPEZ Sheylee Daya	HON	
central-american-caribbean-games-2023	Senior Women -57kg	LINDO Neshi Lee	WT	1
senegal-open-2023	Senior Men -80kg	BOATRIS Youssef	MAR	3
senegal-open-2023	Senior Men -80kg	OUATTARA Yacouba	CIV	
senegal-open-2023	Senior Men -80kg	THIAM Abdoul bakhy	SEN	
senegal-open-2023	Senior Men -80kg	DIALLO Ibrahima	GUI	
senegal-open-2023	Senior Men -80kg	COULIBALY Ismael	MLI	2
senegal-open-2023	Senior Men -80kg	SOUMARE Ababacar sadikh	SEN	3
senegal-open-2023	Senior Men -80kg	NIANG Mamadou Lami	SEN	
senegal-open-2023	Senior Men -80kg	MOUMENE Nizar	GEQ	
senegal-open-2023	Senior Men -80kg	KATOUSI Firas	TUN	1
senegal-open-2023	Senior Men -68kg	KOBENAN Aaron francois	CIV	
senegal-open-2023	Senior Men -68kg	GUEHI Bohi Seman W	CIV	
senegal-open-2023	Senior Men -68kg	SABALY Kalidou	SEN	
senegal-open-2023	Senior Men -68kg	CISSE Oumar	SEN	
senegal-open-2023	Senior Men -68kg	WASFI Abdelbasset	MAR	3
senegal-open-2023	Senior Men -68kg	LO Mouhamadou mansour	SEN	2
senegal-open-2023	Senior Men -68kg	SENE Malick	SEN	
senegal-open-2023	Senior Men -68kg	M'HEIMID Remdane	MTN	
senegal-open-2023	Senior Men -68kg	COULIBALY Sekou	LUX	
senegal-open-2023	Senior Men -68kg	SAIDI Faical	MAR	3
senegal-open-2023	Senior Men -68kg	NDAO Abdoulaye	SEN	
senegal-open-2023	Senior Men -68kg	SERI Christ Cedric	CIV	
senegal-open-2023	Senior Men -68kg	MOUSSA Amar Cisse	GAB	
senegal-open-2023	Senior Men -68kg	WAEL Ahmed	EGY	
senegal-open-2023	Senior Men -68kg	BARRY Mouhamadou L	SEN	
senegal-open-2023	Senior Men -68kg	ZIGUI Mohamed Koua	CIV	
senegal-open-2023	Senior Men -68kg	TRAORE Alpha El Habib	GUI	
senegal-open-2023	Senior Men -68kg	MAIGA Ibrahim	BUR	1
senegal-open-2023	Senior Men -58kg	CUNNINGHAM William	USA	2
senegal-open-2023	Senior Men -58kg	MBAYE Modou	SEN	
senegal-open-2023	Senior Men -58kg	CISSE Khadim	SEN	
senegal-open-2023	Senior Men -58kg	EL Eleyatt	MTN	
senegal-open-2023	Senior Men -58kg	DIARRASSOUBA Adam junior	CIV	3
senegal-open-2023	Senior Men -58kg	POUYE Guedjie	SEN	
senegal-open-2023	Senior Men -58kg	SECK Pape Meissa	SEN	
senegal-open-2023	Senior Men -58kg	BASSENE Max Ibrahima	SEN	
senegal-open-2023	Senior Men -58kg	ADDO Benson	GHA	
senegal-open-2023	Senior Men -58kg	DIUOM Bara	SEN	
senegal-open-2023	Senior Men -58kg	MBAYE Amadou	SEN	
senegal-open-2023	Senior Men -58kg	SOUMAHORO Tiemo	CIV	3
senegal-open-2023	Senior Men -58kg	BAH Ibrahima	GUI	
senegal-open-2023	Senior Men -58kg	SIMAGA Mohamed sims	SEN	
senegal-open-2023	Senior Men -58kg	SARR Abdoulaye	SEN	
senegal-open-2023	Senior Men -58kg	NDOYE Souleymane	SEN	1
senegal-open-2023	Senior Men +87kg	MYLANN Antony	GAB	3
senegal-open-2023	Senior Men +87kg	ESSAM MOHIUDDIN Abdullah	EGY	2
senegal-open-2023	Senior Men +87kg	NIANG Malick	SEN	
senegal-open-2023	Senior Men +87kg	DIAWARA Nouhoum	MLI	3
senegal-open-2023	Senior Men +87kg	TOURE Sie Clofolo	CIV	
senegal-open-2023	Senior Men +87kg	TOURE Mouhameth	SEN	1
senegal-open-2023	Senior Men +87kg	GBANE Seydou	CIV	
senegal-open-2023	Senior Women -67kg	GBAGBI Ruth	CIV	2
senegal-open-2023	Senior Women -67kg	FALL Bintou	SEN	3
senegal-open-2023	Senior Women -67kg	MACEDO Sandy	BRA	1
senegal-open-2023	Senior Women -67kg	KANOUTE Iman	MLI	3
senegal-open-2023	Senior Women -57kg	CISSE Mariama	CIV	2
senegal-open-2023	Senior Women -57kg	EMMANUEL Hahumi	GAB	3
senegal-open-2023	Senior Women -57kg	DJAKO Cessy Florence	CIV	1
senegal-open-2023	Senior Women -49kg	ELAASAL Nezha	MAR	
senegal-open-2023	Senior Women -49kg	AKGUL Elif sude	TUR	1
senegal-open-2023	Senior Women -49kg	MATA Maya	USA	
senegal-open-2023	Senior Women -49kg	ARMAH Henrietta	GHA	
senegal-open-2023	Senior Women -49kg	COULIBALY Bouma ferimata	CIV	3
senegal-open-2023	Senior Women -49kg	KHATTAB Jana	EGY	
senegal-open-2023	Senior Women -49kg	BADIANE Awa Sarr	SEN	
senegal-open-2023	Senior Women -49kg	SAHIB SOUKAINA	MAR	2
senegal-open-2023	Senior Women -49kg	ABOMBWET MOSSABO Fatima	GAB	
senegal-open-2023	Senior Women -49kg	LOUM Mame Diarra Bousso	SEN	
senegal-open-2023	Senior Women -49kg	WAKOLI Sharon	KEN	3
senegal-open-2023	Senior Women +73kg	ABOUFARAS Fatima-ezzahra	MAR	1
senegal-open-2023	Senior Women +73kg	DIEYNABA Diouf	SEN	
senegal-open-2023	Senior Women +73kg	KAVUKCUOGLU Zehra begum	TUR	3
senegal-open-2023	Senior Women +73kg	SHAABAN SLEMAN HASSAN Toka	EGY	2
senegal-open-2023	Senior Women +73kg	AYANG Veronica Mba	GEQ	
senegal-open-2023	Senior Women +73kg	SHIPMAN Aliyah	HAI	3
senegal-open-2023	Senior Men -87kg	MARTINS Icaro Migu	BRA	2
senegal-open-2023	Senior Men -87kg	DIOP Serigne Saliou	SEN	
senegal-open-2023	Senior Men -87kg	SOUMANO Youssouf	MLI	
senegal-open-2023	Senior Men -87kg	NDIAYE Mouhamadou	SEN	3
senegal-open-2023	Senior Men -87kg	LOUM Massaer	SEN	
senegal-open-2023	Senior Men -87kg	IFAOUI Motaz	TUN	1
senegal-open-2023	Senior Men -87kg	ESSOGHO Alexandre	GAB	
senegal-open-2023	Senior Men -87kg	ANICET Kassi	CIV	3
senegal-open-2023	Senior Men -87kg	ELASBI Soufiane	MAR	
senegal-open-2023	Senior Men -74kg	PONTES Edival	BRA	2
senegal-open-2023	Senior Men -74kg	MBOUP Mame Aliou	SEN	
senegal-open-2023	Senior Men -74kg	SENE Omar	SEN	
senegal-open-2023	Senior Men -74kg	SECK Cheikhouna	SEN	
senegal-open-2023	Senior Men -74kg	KOUAME Jean ezechiel	CIV	3
senegal-open-2023	Senior Men -74kg	MANGUE GAYA Boubacar	NIG	1
senegal-open-2023	Senior Men -74kg	DIOR El Hadji Ahma	SEN	
senegal-open-2023	Senior Men -74kg	GNEPROUST Dadoba C	CIV	3
senegal-open-2023	Senior Men -74kg	GUEYE Ousseynou	SEN	
senegal-open-2023	Senior Men -74kg	BUENAVENTURA Loren	USA	
senegal-open-2023	Senior Men -63kg	KONATE Ben younouss	CIV	3
senegal-open-2023	Senior Men -63kg	SAMBA Mohamed	MTN	
senegal-open-2023	Senior Men -63kg	NDIAYE Mor	SEN	
senegal-open-2023	Senior Men -63kg	MENDY Mamadou Moustapha	SEN	
senegal-open-2023	Senior Men -63kg	FARHAT Mohamed-mah	CIV	
senegal-open-2023	Senior Men -63kg	DIOUF Abdoul Ahad	SEN	
senegal-open-2023	Senior Men -63kg	TOURE Ibrahim	CIV	
senegal-open-2023	Senior Men -63kg	DIOUF Abdou	SEN	
senegal-open-2023	Senior Men -63kg	SARR Pape Malick	SEN	
senegal-open-2023	Senior Men -63kg	GUEYE Adama	SEN	
senegal-open-2023	Senior Men -63kg	JENDOUBI Mohamed khalil	TUN	1
senegal-open-2023	Senior Men -63kg	DIOP Bocar	SEN	
senegal-open-2023	Senior Men -63kg	SAMB Ndiaga	MTN	
senegal-open-2023	Senior Men -63kg	DIAKITE Issa	CIV	
senegal-open-2023	Senior Men -63kg	SOUEILEM El Moctar	MTN	
senegal-open-2023	Senior Men -63kg	HAMDI Mohamed Aziz	TUN	3
senegal-open-2023	Senior Men -63kg	TOURE Abdoulaye Youssouf	CIV	
senegal-open-2023	Senior Men -63kg	DIOP El Hadji	SEN	
senegal-open-2023	Senior Men -63kg	TRAORE Aliou Bilguissa	GUI	
senegal-open-2023	Senior Men -63kg	NDOYE Adrame	SEN	
senegal-open-2023	Senior Men -63kg	CISSE Baye Saliou	SEN	
senegal-open-2023	Senior Men -63kg	FALL Abdou	SEN	
senegal-open-2023	Senior Men -63kg	CHIPKAOU Maman Man	NIG	2
senegal-open-2023	Senior Men -54kg	AMADOU Mahamadou	NIG	1
senegal-open-2023	Senior Men -54kg	DIALLO Mamadou Bel	GUI	
senegal-open-2023	Senior Men -54kg	LO. Fallou	SEN	
senegal-open-2023	Senior Men -54kg	DIALLO Mohamed - L	CIV	
senegal-open-2023	Senior Men -54kg	GAYE Cheikhou Omar	SEN	
senegal-open-2023	Senior Men -54kg	NDIAYE Moustapha	SEN	
senegal-open-2023	Senior Men -54kg	DIA Mohamed	MTN	
senegal-open-2023	Senior Men -54kg	OMRI Abdoullah	TUN	3
senegal-open-2023	Senior Men -54kg	NIANG Mohamed	SEN	
senegal-open-2023	Senior Men -54kg	ASEM ATA ABU SREE' Moataz bellah	EGY	2
senegal-open-2023	Senior Men -54kg	DOUMBIA Lassina	BUR	
senegal-open-2023	Senior Men -54kg	GUEYE Bassirou	SEN	
senegal-open-2023	Senior Men -54kg	GUEYE Bathie	SEN	
senegal-open-2023	Senior Men -54kg	SARR George Waly	SEN	
senegal-open-2023	Senior Men -54kg	GENDARMERIE Samba	SEN	
senegal-open-2023	Senior Men -54kg	SANOH Lonceny	GUI	
senegal-open-2023	Senior Men -54kg	BERROUHOU Hatim	MAR	3
senegal-open-2023	Senior Women -73kg	MOUEGA Urgence	GAB	3
senegal-open-2023	Senior Women -73kg	FAYE Mareme	SEN	
senegal-open-2023	Senior Women -73kg	TITONELI Milena	BRA	2
senegal-open-2023	Senior Women -73kg	DANGNIDE Abenan Je	CIV	3
senegal-open-2023	Senior Women -73kg	OMAYMA Boumh	MAR	1
senegal-open-2023	Senior Women -62kg	SANTOS Caroline	BRA	2
senegal-open-2023	Senior Women -62kg	IYIN Meryem Elif	TUR	3
senegal-open-2023	Senior Women -62kg	ILBOUDO Chimene Ys	BUR	
senegal-open-2023	Senior Women -62kg	IBO Koumba nanah-helene	CIV	1
senegal-open-2023	Senior Women -62kg	DIAW Yacine	SEN	3
senegal-open-2023	Senior Women -53kg	KAMKASOUMPHOU Lenya	FRA	1
senegal-open-2023	Senior Women -53kg	TOURE Sokhna Aminata	SEN	3
senegal-open-2023	Senior Women -53kg	DIALLO Fatoumata B	GUI	
senegal-open-2023	Senior Women -53kg	KAMKASOUMPHOU Maysane	FRA	2
senegal-open-2023	Senior Women -53kg	N'DIAYE Salimata	MTN	
senegal-open-2023	Senior Women -53kg	DIALLO Oumou Koultoumy	GUI	3
senegal-open-2023	Senior Women -46kg	TAU Michelle	LES	1
senegal-open-2023	Senior Women -46kg	SADIO Fatou	SEN	
senegal-open-2023	Senior Women -46kg	FALL Ngone	SEN	3
senegal-open-2023	Senior Women -46kg	FATIMA Bensaid	MAR	
senegal-open-2023	Senior Women -46kg	SHERIF HAMDY Laila	EGY	3
senegal-open-2023	Senior Women -46kg	GAYE Serrah	FRA	2
argentina-open-2023	Senior Men -87kg	LUZ Matheus Gabrie	BRA	2
argentina-open-2023	Senior Men -87kg	OTERO Fernando	ARG	3
argentina-open-2023	Senior Men -87kg	CORRO Thiago Joaqu	ARG	
argentina-open-2023	Senior Men -87kg	BARBOSA Calebe Matheus	BRA	1
argentina-open-2023	Senior Men -87kg	JUSTINIANO Roberto	BOL	3
argentina-open-2023	Senior Men -80kg	CHURCHILL MARTINEZ Joaquin	CHI	1
argentina-open-2023	Senior Men -80kg	OLMEDO Dylan leonel	ARG	2
argentina-open-2023	Senior Men -74kg	GONZALEZ GOMEZ Federico	URU	1
argentina-open-2023	Senior Men -74kg	MARCEL Guilherme	BRA	
argentina-open-2023	Senior Men -74kg	DI LEO BLAS Mateo	ARG	
argentina-open-2023	Senior Men -74kg	TULA Rafael	ARG	3
argentina-open-2023	Senior Men -74kg	GONZALEZ Ignacio	CHI	
argentina-open-2023	Senior Men -74kg	ESPINOZA Tomas	CHI	
argentina-open-2023	Senior Men -74kg	BONAZZOLA Lucas	ARG	2
argentina-open-2023	Senior Men -74kg	GOMEZ Federico	ARG	
argentina-open-2023	Senior Men -74kg	CERDA Natan	ARG	
argentina-open-2023	Senior Men -74kg	RODRIGUEZ Osvaldo	CHI	3
argentina-open-2023	Senior Men -68kg	MORALES Ignacio	CHI	
argentina-open-2023	Senior Men -68kg	OLIVERO TORO Cristian	CHI	3
argentina-open-2023	Senior Men -68kg	MAZZANTI Santino	ARG	
argentina-open-2023	Senior Men -68kg	PEREZ Tiziano	ARG	
argentina-open-2023	Senior Men -68kg	ACUNA Jose Luis	ARG	2
argentina-open-2023	Senior Men -68kg	CAMPOS Santiago	ARG	
argentina-open-2023	Senior Men -68kg	CASTRO Martin	CHI	
argentina-open-2023	Senior Men -68kg	ROMERO FEARON Ian mateo	MEX	3
argentina-open-2023	Senior Men -68kg	JAWAD Mateo Abdub	URU	
argentina-open-2023	Senior Men -68kg	CARREIRA Dylan Dav	ARG	
argentina-open-2023	Senior Men -68kg	SOUZA DINIZ Joao victor	BRA	1
argentina-open-2023	Senior Men -63kg	DA William	BRA	
argentina-open-2023	Senior Men -63kg	POLICELI Santino	ARG	2
argentina-open-2023	Senior Men -63kg	MENDES Alisson	BRA	
argentina-open-2023	Senior Men -63kg	CASTANO Ian Franco	ARG	
argentina-open-2023	Senior Men -63kg	GONZALEZ Tomas Ariel	ARG	
argentina-open-2023	Senior Men -63kg	DOS SANTOS MORAIS Guilherme	BRA	3
argentina-open-2023	Senior Men -63kg	MONTOYA Santino Al	ARG	
argentina-open-2023	Senior Men -63kg	FONCUBERTA Nehuen	ARG	
argentina-open-2023	Senior Men -63kg	SANCHEZ Joaquin	CHI	
argentina-open-2023	Senior Men -63kg	BARTHOLO Matheus	BRA	3
argentina-open-2023	Senior Men -63kg	FERNANDEZ Emmanuel	ARG	
argentina-open-2023	Senior Men -63kg	STANG Thiago Valen	ARG	
argentina-open-2023	Senior Men -63kg	CASTILHO Lucas	BRA	
argentina-open-2023	Senior Men -63kg	DE Pedro Henrique	BRA	
argentina-open-2023	Senior Men -63kg	SOBARZO Sebastian	CHI	
argentina-open-2023	Senior Men -63kg	FERNANDEZ Lucas	ARG	
argentina-open-2023	Senior Men -63kg	GRANADO Yohandri	VEN	1
argentina-open-2023	Senior Men -58kg	ALVAREZ Melvy	USA	
argentina-open-2023	Senior Men -58kg	NUNEZ Lautaro	ARG	
argentina-open-2023	Senior Men -58kg	CONTRERAS DAVALOS Aaron	CHI	3
argentina-open-2023	Senior Men -58kg	RAMOS Jorge	CHI	
argentina-open-2023	Senior Men -58kg	BUSANO Juan Ignaci	ARG	
argentina-open-2023	Senior Men -58kg	RODRIGUES Marcio M	BRA	
argentina-open-2023	Senior Men -58kg	GUZMAN Lucas	ARG	1
argentina-open-2023	Senior Men -58kg	HOEFLING Nicholas	CAN	
argentina-open-2023	Senior Men -58kg	BOTTON Pedro Henri	BRA	3
argentina-open-2023	Senior Men -58kg	PUMA Jose	PER	
argentina-open-2023	Senior Men -58kg	BOGARIN Erik Ariel	ARG	
argentina-open-2023	Senior Men -58kg	ACUÑA Nestor Hugo	ARG	
argentina-open-2023	Senior Men -58kg	PIZARRO GALLARDO Vicente	CHI	2
argentina-open-2023	Senior Men -54kg	MARQUES Flavio	BRA	1
argentina-open-2023	Senior Men -54kg	FONCUBERTA Thaiel	ARG	
argentina-open-2023	Senior Men -54kg	BONET Sebastian	ARG	
argentina-open-2023	Senior Men -54kg	SANCHEZ Matias	ARG	
argentina-open-2023	Senior Men -54kg	VASQUEZ Gaston	CHI	3
argentina-open-2023	Senior Men -54kg	AZEVEDO Klebenilso	BRA	3
argentina-open-2023	Senior Men -54kg	MUNOZ Exequiel	ARG	
argentina-open-2023	Senior Men -54kg	ALVES Leonardo	BRA	
argentina-open-2023	Senior Men -54kg	BRESSAN Uriel	ARG	
argentina-open-2023	Senior Men -54kg	BARRA Ivan Ignacio	CHI	
argentina-open-2023	Senior Men -54kg	CORREA Cristian damian	ARG	2
argentina-open-2023	Senior Men +87kg	ALVAREZ Luis	VEN	1
argentina-open-2023	Senior Men +87kg	GALEANO Lucas	ARG	3
argentina-open-2023	Senior Men +87kg	PICCOLI Kevin Alexander	ARG	
argentina-open-2023	Senior Men +87kg	MUNOZ Franco	CHI	2
argentina-open-2023	Senior Men +87kg	ALVES Agustin	ARG	3
argentina-open-2023	Senior Women -67kg	GALLARDO Claudia	CHI	1
argentina-open-2023	Senior Women -67kg	DIAZ Valeria Rosan	ARG	
argentina-open-2023	Senior Women -67kg	BENITEZ Lourdes So	PAR	
argentina-open-2023	Senior Women -67kg	VASQUEZ MENDOZA Eliana	PER	3
argentina-open-2023	Senior Women -67kg	DOS Gabriela	BRA	3
argentina-open-2023	Senior Women -67kg	MATTEI Antonella	ARG	
argentina-open-2023	Senior Women -67kg	AGUIRRE Fernanda	CHI	2
argentina-open-2023	Senior Women -67kg	ROMAN TORRES Naishka	PUR	
argentina-open-2023	Senior Women -62kg	LECLERC Marianne	CAN	2
argentina-open-2023	Senior Women -62kg	GONZALEZ Ivana	ARG	3
argentina-open-2023	Senior Women -62kg	GUYOT Candela Agus	ARG	
argentina-open-2023	Senior Women -62kg	VALDEZ Alicia	PAR	
argentina-open-2023	Senior Women -62kg	ALMONACID Camila D	ARG	3
argentina-open-2023	Senior Women -62kg	RUIZ DIAZ Brenda anahi	ARG	1
argentina-open-2023	Senior Women -57kg	CACERES GONZALES Camila	PER	
argentina-open-2023	Senior Women -57kg	AVILA Natalia	CHI	2
argentina-open-2023	Senior Women -57kg	HORTA Paulina	CHI	
argentina-open-2023	Senior Women -57kg	RUIZ Yuliana	ARG	3
argentina-open-2023	Senior Women -57kg	LECLERC Gabrielle	CAN	
argentina-open-2023	Senior Women -57kg	RIVEROS Johanna	CHI	
argentina-open-2023	Senior Women -57kg	OCHOA Sofia Belen	ARG	3
argentina-open-2023	Senior Women -57kg	LEONARDELLI Dianel	ARG	
argentina-open-2023	Senior Women -57kg	ROMERO Julieta	ARG	
argentina-open-2023	Senior Women -57kg	FERREIRA Ana Carol	BRA	
argentina-open-2023	Senior Women -57kg	LOPEZ Javiera	CHI	1
argentina-open-2023	Senior Women -53kg	TRANQUILLE Viviane	CAN	3
argentina-open-2023	Senior Women -53kg	RISSI Maria Eduard	BRA	
argentina-open-2023	Senior Women -53kg	GOMEZ Aylen Anahi	ARG	
argentina-open-2023	Senior Women -53kg	SISLEY Melanie	PER	
argentina-open-2023	Senior Women -53kg	TOURNIER Sofia	ARG	1
argentina-open-2023	Senior Women -53kg	ACOSTA Lourdes	ARG	3
argentina-open-2023	Senior Women -53kg	KRAMM Thiara	ARG	
argentina-open-2023	Senior Women -53kg	STAMBAUGH Victoria	PUR	
argentina-open-2023	Senior Women -53kg	FERLA Ana Clara	BRA	
argentina-open-2023	Senior Women -53kg	PEREIRA Maria Gabr	BRA	2
argentina-open-2023	Senior Women -49kg	SENDRA Giulia Clar	ARG	1
argentina-open-2023	Senior Women -49kg	PENA Agustina Jaqu	ARG	
argentina-open-2023	Senior Women -49kg	DOGANI Julia	BRA	
argentina-open-2023	Senior Women -49kg	BALDINI Gabriela	BRA	
argentina-open-2023	Senior Women -49kg	GRIPPOLI Maria Sar	URU	3
argentina-open-2023	Senior Women -49kg	SUAREZ ESCOBEDO Alessandra	PER	
argentina-open-2023	Senior Women -49kg	ESCUDERO Johanna B	ARG	
argentina-open-2023	Senior Women -49kg	DELLAN Virginia	VEN	3
argentina-open-2023	Senior Women -49kg	MOURA Rafaela	BRA	
argentina-open-2023	Senior Women -49kg	GODOY Carla	ARG	2
argentina-open-2023	Senior Women -49kg	GUELET Deisy Karin	CHI	
argentina-open-2023	Senior Women -46kg	GUIMARAES Dangela	BRA	1
argentina-open-2023	Senior Women -46kg	CORREA Grecia Delf	ARG	
argentina-open-2023	Senior Women -46kg	ZARATE Maria Paz	ARG	
argentina-open-2023	Senior Women -46kg	OLIVEIRA Ana Julia	BRA	3
argentina-open-2023	Senior Women -46kg	ARRATIA Jadeline	CHI	3
argentina-open-2023	Senior Women -46kg	CAPOLO Daniela rocio	ARG	
argentina-open-2023	Senior Women -46kg	PEREZ Celeste	ARG	
argentina-open-2023	Senior Women -46kg	LLAUCA MENDOZA Camila	PER	2
argentina-open-2023	Senior Women +73kg	DIAZ Carla Melina	ARG	2
argentina-open-2023	Senior Women +73kg	SILVA Bruna Letici	BRA	3
argentina-open-2023	Senior Women +73kg	RIVAS Victoria	ARG	1
havana-open-2023	Senior Men -87kg	DESTRADES Luis Enr	CUB	2
havana-open-2023	Senior Men -87kg	GOMEZ Jesus Fabian	MEX	1
havana-open-2023	Senior Men -87kg	MARTINEZ Manuel En	CUB	3
havana-open-2023	Senior Men -80kg	NOA Yunier Alexis	CUB	1
havana-open-2023	Senior Men -80kg	CALDERON Kelvin	CUB	2
havana-open-2023	Senior Men -74kg	SASTRE Juan carlos	PUR	2
havana-open-2023	Senior Men -74kg	ORTIZ Edward Denis	CUB	3
havana-open-2023	Senior Men -74kg	BENAOUDA Zakaria	CAN	1
havana-open-2023	Senior Men -68kg	NAZARIO SANCHEZ Edgardo	PUR	3
havana-open-2023	Senior Men -68kg	LUIS Carlos Manuel	CUB	
havana-open-2023	Senior Men -68kg	CANTERO BENITEZ Brian jose	CUB	1
havana-open-2023	Senior Men -68kg	FERNANDEZ Angel Ya	CUB	3
havana-open-2023	Senior Men -68kg	FERNANDEZ Andy Mic	CUB	
havana-open-2023	Senior Men -68kg	DE JESUS Luis	PUR	2
havana-open-2023	Senior Men -63kg	JIMENEZ Javier Ant	CUB	2
havana-open-2023	Senior Men -63kg	MENACHO Yosthin Be	BOL	3
havana-open-2023	Senior Men -63kg	CORTINA Luis Alber	CUB	1
havana-open-2023	Senior Men -58kg	RENTERIA Brany	COL	2
havana-open-2023	Senior Men -58kg	DULIN Taylor	USA	
havana-open-2023	Senior Men -58kg	MAYA Ginobilli	CUB	
havana-open-2023	Senior Men -58kg	LOPEZ Edyangel	PUR	
havana-open-2023	Senior Men -58kg	QUIÑÓNEZ Noah	DOM	3
havana-open-2023	Senior Men -58kg	BAILEY DULIN	USA	
havana-open-2023	Senior Men -58kg	NORETTO Cole	USA	3
havana-open-2023	Senior Men -58kg	RODRIGUEZ Warrick	CUB	
havana-open-2023	Senior Men -58kg	MATOS RUBAN Akely	CUB	1
havana-open-2023	Senior Men -54kg	CRUZ Kariel	PUR	2
havana-open-2023	Senior Men -54kg	VALDES Osvaldo	CUB	3
havana-open-2023	Senior Men -54kg	PASTOR Edgardo	PAN	
havana-open-2023	Senior Men -54kg	MAYORGA Victor	PER	3
havana-open-2023	Senior Men -54kg	BRINDAMOHAN Nithan	CAN	1
havana-open-2023	Senior Women -67kg	DOS Gabriela	BRA	2
havana-open-2023	Senior Women -67kg	ACOSTA Arlettys De La Caridad	CUB	1
havana-open-2023	Senior Women -67kg	LEÓN Anaisel	CUB	3
havana-open-2023	Senior Women -62kg	RODRIGUEZ Yordania	CUB	2
havana-open-2023	Senior Women -62kg	ST-PIERRE Alycia	CAN	1
havana-open-2023	Senior Women -57kg	ROBLES Tamara	CUB	1
havana-open-2023	Senior Women -57kg	MORRISSEY Bella caileen	USA	
havana-open-2023	Senior Women -57kg	CORTES Zalarit Mil	CUB	3
havana-open-2023	Senior Women -57kg	LOPEZ Miliany	PUR	3
havana-open-2023	Senior Women -57kg	FERNANDEZ Anisleid	CUB	2
havana-open-2023	Senior Women -53kg	BUCHELI Maria belen	ECU	1
havana-open-2023	Senior Women -53kg	VAZQUEZ Rosa Angel	CUB	2
havana-open-2023	Senior Women -53kg	RIBALTA Haila De L	CUB	3
havana-open-2023	Senior Women -49kg	VILLAMIL Dalila On	CUB	1
havana-open-2023	Senior Women -49kg	MATA Maya	USA	3
havana-open-2023	Senior Women -49kg	PEREZ ESCALONA Marlyn	CUB	2
havana-open-2023	Senior Women -46kg	ARRATIA Jadeline	CHI	2
havana-open-2023	Senior Women -46kg	LORA Lesly Lianne	CUB	3
havana-open-2023	Senior Women -46kg	PAGES Karelis De L	CUB	1
havana-open-2023	Senior Women -46kg	AVELLANEDA Dayana	PER	3
havana-open-2023	Senior Women +73kg	ESPINOZA Matvelin	ECU	2
havana-open-2023	Senior Women +73kg	CRESPO Elianet Mar	CUB	1
dracula-open-2023	Senior Men -87kg	HARBAR Artem	UKR	1
dracula-open-2023	Senior Men -87kg	BOUZID SOUIHILI Ismael	FRA	
dracula-open-2023	Senior Men -87kg	PARKER Dallas	USA	
dracula-open-2023	Senior Men -87kg	NUCI Erol	BIH	
dracula-open-2023	Senior Men -87kg	KOTVAS Michal	SVK	
dracula-open-2023	Senior Men -87kg	SNACOV Laurentiu	ROU	3
dracula-open-2023	Senior Men -87kg	PAPADOPOULOS Ioannis	GRE	2
dracula-open-2023	Senior Men -87kg	TADJIBAEV Azizjan	FRA	
dracula-open-2023	Senior Men -87kg	ZOUROS Konstantino	GRE	
dracula-open-2023	Senior Men -87kg	MALUREANU Cristian Robert	ROU	
dracula-open-2023	Senior Men -87kg	CANIZARES Cristian	ESP	
dracula-open-2023	Senior Men -87kg	THEOCHAROUS Andreas	CYP	3
dracula-open-2023	Senior Men -80kg	ALESSIO Simone	ITA	1
dracula-open-2023	Senior Men -80kg	LALOAN Sean Jaylen	HAI	
dracula-open-2023	Senior Men -80kg	HURNOV Kyrylo	UKR	
dracula-open-2023	Senior Men -80kg	CRISTESCU Mihai adrian	ROU	
dracula-open-2023	Senior Men -80kg	RAFAELL MINEL Ursu	ROU	
dracula-open-2023	Senior Men -80kg	ELENIN Nicolai	MDA	
dracula-open-2023	Senior Men -80kg	MENDY Mohamed	FRA	3
dracula-open-2023	Senior Men -80kg	HRNIC Edi	DEN	3
dracula-open-2023	Senior Men -80kg	MARTIN SANCHEZ Alejandro	ESP	
dracula-open-2023	Senior Men -80kg	JOCHMAN Adam	CZE	
dracula-open-2023	Senior Men -80kg	STACH Martin	GER	
dracula-open-2023	Senior Men -80kg	ALVES Tiago	POR	
dracula-open-2023	Senior Men -80kg	ORDEMANN Richard andre	NOR	2
dracula-open-2023	Senior Men -74kg	NSILU DILANDU Leroy	IRL	
dracula-open-2023	Senior Men -74kg	CHARTOMATSIDIS Konstantinos	GRE	
dracula-open-2023	Senior Men -74kg	CAMMAERTS Troy	BEL	
dracula-open-2023	Senior Men -74kg	HERNANDEZ Alejandr	ESP	3
dracula-open-2023	Senior Men -74kg	LONCAR Nikola	SRB	
dracula-open-2023	Senior Men -74kg	SITTEK Tomas	CZE	
dracula-open-2023	Senior Men -74kg	CURRAN Fergus	USA	
dracula-open-2023	Senior Men -74kg	DE Lorenzo	ITA	
dracula-open-2023	Senior Men -74kg	CHUMACHENKO Oleksandr	UKR	1
dracula-open-2023	Senior Men -74kg	DAWOUD Omer Khaled	DEN	
dracula-open-2023	Senior Men -74kg	OKSAN Emirhan	TUR	
dracula-open-2023	Senior Men -74kg	FUGAZZOTTO Michele	ITA	
dracula-open-2023	Senior Men -74kg	PETTERSEN Jonas	NOR	
dracula-open-2023	Senior Men -74kg	PROCOPCIUC Lucian	POR	3
dracula-open-2023	Senior Men -74kg	KASIDIARIS Grigoriospanagiotis	GRE	2
dracula-open-2023	Senior Men -74kg	CABRERA Davyd	USA	
dracula-open-2023	Senior Men -74kg	CAMMAERTS Andes	BEL	
dracula-open-2023	Senior Men -74kg	CHELLAMOOTOO Dylan	FRA	
dracula-open-2023	Senior Men -74kg	THUNE Sebastian	NOR	
dracula-open-2023	Senior Men -68kg	RECBER Hakan	TUR	3
dracula-open-2023	Senior Men -68kg	USCIMIUK Sebastian	POL	
dracula-open-2023	Senior Men -68kg	SETTA Hamad	DEN	
dracula-open-2023	Senior Men -68kg	ZISIS Polydefkis	GRE	
dracula-open-2023	Senior Men -68kg	SILVA Ricardo	POR	
dracula-open-2023	Senior Men -68kg	DZHORDZHEV Aleksandar	BUL	
dracula-open-2023	Senior Men -68kg	TSOLAS Themistoklis	GRE	
dracula-open-2023	Senior Men -68kg	GALLAND Warrick	SUI	
dracula-open-2023	Senior Men -68kg	KRASSOPOULOS Andreas	GRE	
dracula-open-2023	Senior Men -68kg	PAPPA Rafael	GRE	
dracula-open-2023	Senior Men -68kg	HSU Hao-yu	TPE	1
dracula-open-2023	Senior Men -68kg	PILAVAKIS Ioannis	CYP	
dracula-open-2023	Senior Men -68kg	VILLA Adrian	ESP	
dracula-open-2023	Senior Men -68kg	ACHAB Jaouad	BEL	
dracula-open-2023	Senior Men -68kg	CIURUSNIUC Alexand	ROU	
dracula-open-2023	Senior Men -68kg	CHIU Yi-jui	TPE	
dracula-open-2023	Senior Men -68kg	MUNTANIOL Daniel	GER	
dracula-open-2023	Senior Men -68kg	SEO Jae-Ha	KOR	
dracula-open-2023	Senior Men -68kg	KORSAK Mykhailo	UKR	
dracula-open-2023	Senior Men -68kg	CHUMACHENKO Andrii	UKR	3
dracula-open-2023	Senior Men -68kg	FLOUSKOUNIS Charalampos	GRE	
dracula-open-2023	Senior Men -68kg	ALIU Egers	ALB	
dracula-open-2023	Senior Men -68kg	ATHANASIADIS Panag	GRE	
dracula-open-2023	Senior Men -68kg	CAULO Gabriele	ITA	
dracula-open-2023	Senior Men -68kg	RADCHENKO Kyrylo	UKR	
dracula-open-2023	Senior Men -68kg	BARETTA Dennis	ITA	2
dracula-open-2023	Senior Men -68kg	CHUA James	USA	
dracula-open-2023	Senior Men -68kg	FALCO Antonio	ITA	
dracula-open-2023	Senior Men -68kg	SAKELLARIOU Christos	GRE	
dracula-open-2023	Senior Men -68kg	HYTTEL Tobias	DEN	
dracula-open-2023	Senior Men -68kg	DZHORDZHEV Mitko	BUL	
dracula-open-2023	Senior Men -63kg	ABAD EXPOSITO Iker	ESP	1
dracula-open-2023	Senior Men -63kg	PETRAKIS Nikolaos	GRE	
dracula-open-2023	Senior Men -63kg	XANTHAKOS Ioannis Marios	GRE	
dracula-open-2023	Senior Men -63kg	CAPUANO Lorenzo	FRA	
dracula-open-2023	Senior Men -63kg	DIXON Alfred	USA	
dracula-open-2023	Senior Men -63kg	TOMAS GONZALEZ Lois	ESP	
dracula-open-2023	Senior Men -63kg	MALLOL Franc	ESP	
dracula-open-2023	Senior Men -63kg	COMPRELLE Enzo	FRA	
dracula-open-2023	Senior Men -63kg	BOURGEOIS Owen	FRA	
dracula-open-2023	Senior Men -63kg	TIRANVALIPOUR Hadi	TRT	3
dracula-open-2023	Senior Men -63kg	PRASSAS Anargyros	GRE	
dracula-open-2023	Senior Men -63kg	LUCKAUSKAS Ericas	GBR	
dracula-open-2023	Senior Men -63kg	SANCHIS Edgar	ESP	
dracula-open-2023	Senior Men -63kg	JULES Nathan	FRA	
dracula-open-2023	Senior Men -63kg	MYLONAS Angelos	GRE	
dracula-open-2023	Senior Men -63kg	BUENAVIDES Kenneth	USA	
dracula-open-2023	Senior Men -63kg	ARNOUX Gabriel	FRA	
dracula-open-2023	Senior Men -63kg	HUBERT Ilan	FRA	
dracula-open-2023	Senior Men -63kg	REKIK Adam	FRA	
dracula-open-2023	Senior Men -63kg	KIM Do Hoon	KOR	2
dracula-open-2023	Senior Men -63kg	TZAVARAS Panagiotis	GRE	
dracula-open-2023	Senior Men -63kg	BARTHOLO Matheus	BRA	
dracula-open-2023	Senior Men -63kg	FERRARO Davide	ITA	
dracula-open-2023	Senior Men -63kg	VAN Jesse	BEL	
dracula-open-2023	Senior Men -63kg	HAJ Azzam	BEL	
dracula-open-2023	Senior Men -63kg	TSIAOUSIS Marios	GRE	
dracula-open-2023	Senior Men -63kg	LLESHI Stilian	GRE	
dracula-open-2023	Senior Men -63kg	ALBERT Ivan	ESP	
dracula-open-2023	Senior Men -63kg	SPANIDIS Konstantinos	GRE	
dracula-open-2023	Senior Men -63kg	BYSTROV Volodymyr	UKR	3
dracula-open-2023	Senior Men -58kg	DELL'AQUILA Vito	ITA	1
dracula-open-2023	Senior Men -58kg	GLOC Antoine	FRA	
dracula-open-2023	Senior Men -58kg	MAZZOUZ Ryad	FRA	
dracula-open-2023	Senior Men -58kg	ABDEL HALIM Khaled	GER	
dracula-open-2023	Senior Men -58kg	KRASNOHOLOVETS Ivan	UKR	
dracula-open-2023	Senior Men -58kg	FRAILE RODRIGUEZ Jesus	ESP	
dracula-open-2023	Senior Men -58kg	ALEXANDRU OVIDIU Miu	ROU	
dracula-open-2023	Senior Men -58kg	FOTI Giuseppe	ITA	3
dracula-open-2023	Senior Men -58kg	VACHIER Gaetan	FRA	
dracula-open-2023	Senior Men -58kg	RODRIGUEZ Ilay	PUR	
dracula-open-2023	Senior Men -58kg	NTOMPROS Ioannis	GRE	
dracula-open-2023	Senior Men -58kg	FUNKENDORF Vladyslav	UKR	
dracula-open-2023	Senior Men -58kg	NEGRETE Rodrigo Da	USA	
dracula-open-2023	Senior Men -58kg	ACHNINE Aymen	NED	
dracula-open-2023	Senior Men -58kg	PALOURTIS Charalampos	CYP	
dracula-open-2023	Senior Men -58kg	USCOV Serghei	MDA	3
dracula-open-2023	Senior Men -58kg	RAMEEZ Hasan	ROU	
dracula-open-2023	Senior Men -58kg	FLECCA Antonio	ITA	
dracula-open-2023	Senior Men -58kg	SCUTARU Tristan	GBR	
dracula-open-2023	Senior Men -58kg	BOUHMIDA Riad	NED	
dracula-open-2023	Senior Men -58kg	ORTIZ GARCIA Pepe	ESP	
dracula-open-2023	Senior Men -58kg	CHEN Po-yen	TPE	
dracula-open-2023	Senior Men -58kg	POLIMOS Panagiotis Belos	GRE	
dracula-open-2023	Senior Men -58kg	MOLLE Milan	NED	
dracula-open-2023	Senior Men -58kg	VAN PASSEL Guillaume	BEL	
dracula-open-2023	Senior Men -58kg	TAN Sebastian	ESP	
dracula-open-2023	Senior Men -58kg	ASADA Shoki	JPN	
dracula-open-2023	Senior Men -58kg	GERARDIS Georgios	GRE	
dracula-open-2023	Senior Men -58kg	BARKOF Alexandros	GRE	
dracula-open-2023	Senior Men -58kg	WOOLLEY Jack	IRL	2
dracula-open-2023	Senior Men -54kg	CONTI Andrea	ITA	1
dracula-open-2023	Senior Men -54kg	AMELHAYI Mehdi	FRA	
dracula-open-2023	Senior Men -54kg	DEMENOPOULOS Frant	GRE	
dracula-open-2023	Senior Men -54kg	KOVDRIA Kyrylo	UKR	
dracula-open-2023	Senior Men -54kg	ELIA Nicola	ITA	
dracula-open-2023	Senior Men -54kg	HAMI Muhammed	GER	
dracula-open-2023	Senior Men -54kg	MEHLMANN Daniel	GER	3
dracula-open-2023	Senior Men -54kg	TOMURA Taichi	JPN	
dracula-open-2023	Senior Men -54kg	TRIANTAFYLLOU Dimitrios	GRE	
dracula-open-2023	Senior Men -54kg	MANENKOV Maksym	UKR	3
dracula-open-2023	Senior Men -54kg	BANKS Robert	USA	
dracula-open-2023	Senior Men -54kg	OTERO SOUSA Javier	ESP	
dracula-open-2023	Senior Men -54kg	YAKIMOV Tsvetan	BUL	
dracula-open-2023	Senior Men -54kg	BONNA Baptiste	FRA	
dracula-open-2023	Senior Men -54kg	GHEONDEA Sergiu Mi	ROU	
dracula-open-2023	Senior Men -54kg	STOEV Georgi	BUL	
dracula-open-2023	Senior Men -54kg	TAKAMARU Riku	JPN	
dracula-open-2023	Senior Men -54kg	GEORGIEV Hristiyan	BUL	2
dracula-open-2023	Senior Men +87kg	ATESLI Emre kutalmis	TUR	3
dracula-open-2023	Senior Men +87kg	CARAGEA Tudor Gabr	ROU	
dracula-open-2023	Senior Men +87kg	MANEA Robert	GER	
dracula-open-2023	Senior Men +87kg	MARINESCU Dragos	MDA	
dracula-open-2023	Senior Men +87kg	LEE Dong-Ju	KOR	
dracula-open-2023	Senior Men +87kg	HARBAR Andrii	UKR	
dracula-open-2023	Senior Men +87kg	ELHATRI Mohammed	NOR	
dracula-open-2023	Senior Men +87kg	LANGER Marek	GER	
dracula-open-2023	Senior Men +87kg	POLLET Manuel	BEL	
dracula-open-2023	Senior Men +87kg	GEORGIEVSKI Dejan	MKD	2
dracula-open-2023	Senior Men +87kg	GARCIA MARTINEZ Ivan	ESP	3
dracula-open-2023	Senior Men +87kg	BABY Christopher	ROU	
dracula-open-2023	Senior Men +87kg	D'ANGELO Antonio	ITA	
dracula-open-2023	Senior Men +87kg	ANDREOU Petros	CYP	
dracula-open-2023	Senior Men +87kg	ZONDEROP Bryan	NED	
dracula-open-2023	Senior Men +87kg	LEE Meng-en	TPE	
dracula-open-2023	Senior Men +87kg	MOLIN Mattia	ITA	
dracula-open-2023	Senior Men +87kg	PUTNAM Zeph	USA	
dracula-open-2023	Senior Men +87kg	KUECUEKSUNGUR Kerim	GER	
dracula-open-2023	Senior Men +87kg	CUNNINGHAM Caden	GBR	1
dracula-open-2023	Senior Women -73kg	KLEPAC Nika	CRO	2
dracula-open-2023	Senior Women -73kg	LEIJA Camila	USA	
dracula-open-2023	Senior Women -73kg	PODOLIAN Renata	UKR	
dracula-open-2023	Senior Women -73kg	GARCIA SUAREZ Helena	ESP	3
dracula-open-2023	Senior Women -73kg	NEDIC Marlen sophie	GER	
dracula-open-2023	Senior Women -73kg	BERISAJ Andela	MNE	
dracula-open-2023	Senior Women -73kg	JUHASZOVA Iveta	CZE	3
dracula-open-2023	Senior Women -73kg	HOERMANN Emily	GER	
dracula-open-2023	Senior Women -73kg	SMIRAGLIA Maristella	ITA	1
dracula-open-2023	Senior Women -67kg	KOERNDL Vanessa	GER	
dracula-open-2023	Senior Women -67kg	ZOE Gueli	HUN	
dracula-open-2023	Senior Women -67kg	RODRIGUES Noemie	FRA	
dracula-open-2023	Senior Women -67kg	MORENO REYES Lena	ESP	2
dracula-open-2023	Senior Women -67kg	SARVANAKI Theopoula	GRE	3
dracula-open-2023	Senior Women -67kg	SHESTOPALKA Vanessa Chiamaka	ESP	
dracula-open-2023	Senior Women -67kg	MARENTAKI Styliani	GRE	
dracula-open-2023	Senior Women -67kg	STOLBOVA Petra	CZE	
dracula-open-2023	Senior Women -67kg	D'ANGELO Natalia	ITA	3
dracula-open-2023	Senior Women -67kg	COLLYER Isabelle	USA	
dracula-open-2023	Senior Women -67kg	MAGGIORE Giulia	ITA	
dracula-open-2023	Senior Women -67kg	KOWALKOWSKA Justyna	POL	
dracula-open-2023	Senior Women -67kg	YOUKOUBOVA Karina	FRA	
dracula-open-2023	Senior Women -67kg	OREC Ariana	CRO	
dracula-open-2023	Senior Women -67kg	SCHWENTNER Eva	AUT	
dracula-open-2023	Senior Women -67kg	CHAARI Sarah	BEL	1
dracula-open-2023	Senior Women -62kg	CALVO GOMEZ Marta	ESP	
dracula-open-2023	Senior Women -62kg	TRAN Lily	NOR	
dracula-open-2023	Senior Women -62kg	BLITEK Cloe	FRA	
dracula-open-2023	Senior Women -62kg	FLEGROVA Hana	CZE	
dracula-open-2023	Senior Women -62kg	CHANG Jui-en	TPE	
dracula-open-2023	Senior Women -62kg	MORALES Britney	USA	
dracula-open-2023	Senior Women -62kg	AMMOUR Nouhaila	ITA	
dracula-open-2023	Senior Women -62kg	KICEMA Helena	CRO	3
dracula-open-2023	Senior Women -62kg	GHEONDEA Denisa Io	ROU	
dracula-open-2023	Senior Women -62kg	GASPA Cristina	ITA	
dracula-open-2023	Senior Women -62kg	STAMELLOU Georgia	GRE	
dracula-open-2023	Senior Women -62kg	GOEBEL Laura	GER	
dracula-open-2023	Senior Women -62kg	KOTBI Sofia	BEL	
dracula-open-2023	Senior Women -62kg	STAMOU Daphne	GRE	
dracula-open-2023	Senior Women -62kg	CHRISTOU Eftichia	CYP	
dracula-open-2023	Senior Women -62kg	MARTON Viviana	ESP	1
dracula-open-2023	Senior Women -62kg	MARINOV Elizabeth	GBR	
dracula-open-2023	Senior Women -62kg	GJELSVIK Karoline	NOR	
dracula-open-2023	Senior Women -62kg	FOURNIER Alexane	FRA	
dracula-open-2023	Senior Women -62kg	ORTIZ BENITO Arlet	ESP	
dracula-open-2023	Senior Women -62kg	KRIATSIOTI Anna maria	GRE	
dracula-open-2023	Senior Women -62kg	SZPAK Julia	POL	
dracula-open-2023	Senior Women -62kg	TRAVERSI Valentina	ITA	
dracula-open-2023	Senior Women -62kg	TZELI Fani	GRE	3
dracula-open-2023	Senior Women -62kg	GUELI Sophie	HUN	
dracula-open-2023	Senior Women -62kg	LIN Wei-chun	TPE	
dracula-open-2023	Senior Women -62kg	MARTON Luana	ESP	2
dracula-open-2023	Senior Women -62kg	MONTEMUIÑO MARTINEZ Irene	ESP	
dracula-open-2023	Senior Women -62kg	VASILIADOU Eleni	CYP	
dracula-open-2023	Senior Women -62kg	LABUZOVA Mariia	UKR	
dracula-open-2023	Senior Women -62kg	NAZAROVA Iulia	MDA	
dracula-open-2023	Senior Women -62kg	RAHMANI Widyane	FRA	
dracula-open-2023	Senior Women -62kg	TESIC Nadja	SRB	
dracula-open-2023	Senior Women -57kg	ASEMANI Raheleh	BEL	2
dracula-open-2023	Senior Women -57kg	ATANASOVA Martina	BUL	
dracula-open-2023	Senior Women -57kg	DE Alejandra	ESP	
dracula-open-2023	Senior Women -57kg	HRONOVA Dominika	CZE	
dracula-open-2023	Senior Women -57kg	KRUSH Diana	UKR	
dracula-open-2023	Senior Women -57kg	REPOULIA Athanasia	GRE	3
dracula-open-2023	Senior Women -57kg	DINKOVIC Lena	CRO	
dracula-open-2023	Senior Women -57kg	VALENTINI Giulia	ITA	
dracula-open-2023	Senior Women -57kg	REIMUNDEZ Yadira	ESP	
dracula-open-2023	Senior Women -57kg	STEVIC Kristina	SRB	
dracula-open-2023	Senior Women -57kg	KINDL Melanie	AUT	
dracula-open-2023	Senior Women -57kg	AL HALWANI Giada	ITA	1
dracula-open-2023	Senior Women -57kg	TEGGERI Markella	CYP	
dracula-open-2023	Senior Women -57kg	SOUM Calista	FRA	
dracula-open-2023	Senior Women -57kg	HABIJANČIĆ Sara	CRO	
dracula-open-2023	Senior Women -57kg	CAUSSE Estelle	FRA	
dracula-open-2023	Senior Women -57kg	MAKRYGIANNI Athina	GRE	3
dracula-open-2023	Senior Women -57kg	COMAN Gabriela bianca	ROU	
dracula-open-2023	Senior Women -57kg	MAHNU Mariam	DEN	
dracula-open-2023	Senior Women -57kg	ANASTASOVA Anna	UKR	
dracula-open-2023	Senior Women -57kg	SCHOENMAKERS Bodine	NED	
dracula-open-2023	Senior Women -53kg	SU Po-ya	TPE	1
dracula-open-2023	Senior Women -53kg	IOVU Iasmina Iuliana	ROU	
dracula-open-2023	Senior Women -53kg	MENNELLA Veronica	ITA	
dracula-open-2023	Senior Women -53kg	CUORVO Anna	ITA	
dracula-open-2023	Senior Women -53kg	MILLER Montana	USA	
dracula-open-2023	Senior Women -53kg	KAOURTISHI Nagia	CYP	
dracula-open-2023	Senior Women -53kg	MAYER Leonie	GER	
dracula-open-2023	Senior Women -53kg	MANZOLLI Noemi	ITA	
dracula-open-2023	Senior Women -53kg	CASTILLO Karoline Stephanie	PAN	
dracula-open-2023	Senior Women -53kg	CHARALAMBOUS Ioanna	CYP	3
dracula-open-2023	Senior Women -53kg	PLUGARU Bianca	MDA	
dracula-open-2023	Senior Women -53kg	TEMINA MONLEON Paula	ESP	
dracula-open-2023	Senior Women -53kg	ASIMI Adiba	GER	3
dracula-open-2023	Senior Women -53kg	SOARES Mafalda	POR	
dracula-open-2023	Senior Women -53kg	DE FAZIO Ioanna	GRE	
dracula-open-2023	Senior Women -53kg	SCARABELLO Martina	ITA	
dracula-open-2023	Senior Women -53kg	Vourkou Konstantina	GRE	
dracula-open-2023	Senior Women -53kg	PEREIRA Maria Gabr	BRA	
dracula-open-2023	Senior Women -53kg	TZELI Maria	GRE	2
dracula-open-2023	Senior Women -53kg	GIRE Ines	FRA	
dracula-open-2023	Senior Women -53kg	MINCENKOVA Daria	MDA	
dracula-open-2023	Senior Women -53kg	LENNUYEUX Alix	FRA	
dracula-open-2023	Senior Women -53kg	ESTRADA Daphne	USA	
dracula-open-2023	Senior Women -53kg	LYNGBAEK Louise	DEN	
dracula-open-2023	Senior Women -49kg	CEREZO IGLESIAS Adriana	ESP	1
dracula-open-2023	Senior Women -49kg	BUTTARELLI Aurelie	FRA	
dracula-open-2023	Senior Women -49kg	PANTOU Despoina	GRE	
dracula-open-2023	Senior Women -49kg	BAJAN Mihaela Nico	ROU	
dracula-open-2023	Senior Women -49kg	BRYHIDA Erika	UKR	
dracula-open-2023	Senior Women -49kg	GEORGIEVA Aleksandra	BUL	3
dracula-open-2023	Senior Women -49kg	CHRISTOPHERSEN Carot	DEN	
dracula-open-2023	Senior Women -49kg	KRAJEWSKA Alicja	POL	
dracula-open-2023	Senior Women -49kg	CASTILLO Jade theresa	DEN	
dracula-open-2023	Senior Women -49kg	CORELLI Martina	ITA	3
dracula-open-2023	Senior Women -49kg	VENTSISLAVOVA Vict	ESP	
dracula-open-2023	Senior Women -49kg	ABEDALSALAM Mariam	DEN	
dracula-open-2023	Senior Women -49kg	SARGANTANI Charikleia	GRE	
dracula-open-2023	Senior Women -49kg	KRAJEWSKA Nikola	POL	
dracula-open-2023	Senior Women -49kg	ZAMPETTI Sofia	ITA	
dracula-open-2023	Senior Women -49kg	BALDINI Gabriela	BRA	
dracula-open-2023	Senior Women -49kg	OTERO Silvia	ESP	
dracula-open-2023	Senior Women -49kg	BURUIANA Andreea	ROU	
dracula-open-2023	Senior Women -49kg	ATESLI Supharada	GER	2
dracula-open-2023	Senior Women -46kg	REHANI Dalya	FRA	
dracula-open-2023	Senior Women -46kg	DELLA Hazel	USA	
dracula-open-2023	Senior Women -46kg	GARCIA MARQUINA Sofia	ESP	1
dracula-open-2023	Senior Women -46kg	LIGHTFOOT Ashleigh	GBR	
dracula-open-2023	Senior Women -46kg	DE Sabrina	ITA	
dracula-open-2023	Senior Women -46kg	OKAZAKI Hinata	JPN	3
dracula-open-2023	Senior Women -46kg	KOUTTOUKI Kyriaki	CYP	2
dracula-open-2023	Senior Women -46kg	UZUN Sarah	NED	
dracula-open-2023	Senior Women -46kg	BERTAGNIN Elisa	ITA	
dracula-open-2023	Senior Women -46kg	ARAYAN Nur	GER	
dracula-open-2023	Senior Women -46kg	ILYAS Isra	PAK	
dracula-open-2023	Senior Women -46kg	GUIMARÃES Dangela	CRC	3
dracula-open-2023	Senior Women +73kg	BRANDL Lorena	GER	2
dracula-open-2023	Senior Women +73kg	CHTIOUI Hafsa liana	DEN	
dracula-open-2023	Senior Women +73kg	URNAUT Nusa	SLO	
dracula-open-2023	Senior Women +73kg	KITSIOU Agoritsa artemia	GRE	3
dracula-open-2023	Senior Women +73kg	HUSOVIC Esmeralda	GER	
dracula-open-2023	Senior Women +73kg	BOYADZHIEVA Kalina	BUL	1
dracula-open-2023	Senior Women +73kg	SOLOMON Alexa	USA	
dracula-open-2023	Senior Women +73kg	KARIMOVA Medina	GER	
dracula-open-2023	Senior Women +73kg	LAURIDSEN Natalie	DEN	
dracula-open-2023	Senior Women +73kg	KRAINOVA Marharyta	UKR	
dracula-open-2023	Senior Women +73kg	CASTINEIRA ETCHEVERRIA Tania	ESP	3
african-championships-2023	Senior Men -80kg	EISSA Seif	EGY	2
african-championships-2023	Senior Men -80kg	CHEURF Massinissa	ALG	
african-championships-2023	Senior Men -80kg	LESSAKOLO OPOYA Teddy ixaver	GAB	
african-championships-2023	Senior Men -80kg	COULIBALY Ismael	MLI	3
african-championships-2023	Senior Men -80kg	BOATRIS Youssef	MAR	3
african-championships-2023	Senior Men -80kg	NKOY Arno	COD	
african-championships-2023	Senior Men -80kg	OUATTARA Mohamed	CIV	
african-championships-2023	Senior Men -80kg	SAWADOGO Faysal	BUR	1
african-championships-2023	Senior Men -68kg	KOBENAN Aaron francois	CIV	2
african-championships-2023	Senior Men -68kg	BROWN Nathanael	ZIM	
african-championships-2023	Senior Men -68kg	MACUACUA Gerson Boaventura	MOZ	
african-championships-2023	Senior Men -68kg	BIRZEEQ Najimuldin	LBA	
african-championships-2023	Senior Men -68kg	MASUKU Saneliso	SWZ	
african-championships-2023	Senior Men -68kg	FOFANA Mohamed	MLI	3
african-championships-2023	Senior Men -68kg	GANTSIE Gracia Yve	CGO	
african-championships-2023	Senior Men -68kg	TRAORE Alpha El Habib	GUI	
african-championships-2023	Senior Men -68kg	MOUSSA Amar Cisse	GAB	
african-championships-2023	Senior Men -68kg	LO Mouhamadou mansour	SEN	
african-championships-2023	Senior Men -68kg	ABAKAR Moustapha	CHA	
african-championships-2023	Senior Men -68kg	OTOWANGE Angala	COD	
african-championships-2023	Senior Men -68kg	WAEL Ahmed	EGY	1
african-championships-2023	Senior Men -68kg	HOLLAND Edward	SLE	3
african-championships-2023	Senior Men -68kg	PHIRI Joseh	MAW	
african-championships-2023	Senior Men -68kg	M'HEIMID Remdane	MTN	
african-championships-2023	Senior Men -68kg	ABDOUNI Abdelhamid	MAR	
african-championships-2023	Senior Men -68kg	MAIGA Ibrahim	BUR	
african-championships-2023	Senior Men -58kg	DIAKITE Issa	CIV	2
african-championships-2023	Senior Men -58kg	KAYITARE Benoit	RWA	
african-championships-2023	Senior Men -58kg	BENSAID Hamza	MAR	
african-championships-2023	Senior Men -58kg	NDZIME Leonce	GAB	
african-championships-2023	Senior Men -58kg	YOUSSOUF Moktar	DJI	
african-championships-2023	Senior Men -58kg	SIMPARA Youssouf	MLI	
african-championships-2023	Senior Men -58kg	M. COULIDIATY Pascal	BUR	
african-championships-2023	Senior Men -58kg	SANOH Lonceny	GUI	
african-championships-2023	Senior Men -58kg	NDOYE Souleymane	SEN	3
african-championships-2023	Senior Men -58kg	BETEL Casimir	CHA	
african-championships-2023	Senior Men -58kg	MATHLOUTHI Jihed	TUN	
african-championships-2023	Senior Men -58kg	MATADI Rosny	CGO	
african-championships-2023	Senior Men -58kg	AMTAWAA Osamah	LBA	3
african-championships-2023	Senior Men -58kg	BERO Tatenda justice	ZIM	
african-championships-2023	Senior Men -58kg	ADDO Benson	GHA	
african-championships-2023	Senior Men -58kg	MANSON Maxwell	SLE	
african-championships-2023	Senior Men -58kg	KINSAMA Renedy	COD	
african-championships-2023	Senior Men -58kg	UYANGO Manuel De C	ANG	
african-championships-2023	Senior Men -58kg	ISSAKA GARBA Nouridine	NIG	1
african-championships-2023	Senior Men +87kg	BASSEL Ayoub	MAR	1
african-championships-2023	Senior Men +87kg	PAUL Kolade	GHA	
african-championships-2023	Senior Men +87kg	NAGALO Thierry Michel	BUR	
african-championships-2023	Senior Men +87kg	DIAWARA Nouhoum	MLI	3
african-championships-2023	Senior Men +87kg	ESSAM MOHIUDDIN Abdullah	EGY	3
african-championships-2023	Senior Men +87kg	SEYE Seydina Limam	SEN	
african-championships-2023	Senior Men +87kg	ANGAMAN Mederic Em	CIV	2
african-championships-2023	Senior Men +87kg	MYLANN Antony	GAB	
african-championships-2023	Senior Women -67kg	GBAGBI Ruth	CIV	1
african-championships-2023	Senior Women -67kg	UMURERWA Nadege	RWA	
african-championships-2023	Senior Women -67kg	MAX-VOY Marrianne selasie	GHA	
african-championships-2023	Senior Women -67kg	SALIH Safia	MAR	3
african-championships-2023	Senior Women -67kg	ANYANACHO Elizabet	NGR	2
african-championships-2023	Senior Women -67kg	KANOUTE Iman	MLI	
african-championships-2023	Senior Women -67kg	ILBOUDO Chimene Ys	BUR	
african-championships-2023	Senior Women -67kg	SHEHATA Aya	EGY	3
african-championships-2023	Senior Women -57kg	TOUMI Chaima	TUN	1
african-championships-2023	Senior Women -57kg	MARCHLINSKI Maria	GAM	
african-championships-2023	Senior Women -57kg	ENNAMS Meryem	MAR	
african-championships-2023	Senior Women -57kg	SARR Ndeye Maty	SEN	3
african-championships-2023	Senior Women -57kg	NDACYAYISENGA Aline	RWA	
african-championships-2023	Senior Women -57kg	KONATE Maimouna	MLI	3
african-championships-2023	Senior Women -57kg	BARBOSA Sherta Egidio	MOZ	
african-championships-2023	Senior Women -57kg	M. Bitibaly	BUR	
african-championships-2023	Senior Women -57kg	KOUADIO Cheftin B.	CIV	
african-championships-2023	Senior Women -57kg	EMMANUEL Hahumi	GAB	2
african-championships-2023	Senior Women -49kg	DHAHRI Ikram	TUN	2
african-championships-2023	Senior Women -49kg	SIBY Aissata Mohamed	MLI	
african-championships-2023	Senior Women -49kg	KULA Karabo	BOT	
african-championships-2023	Senior Women -49kg	ABOMBWET MOSSABO Fatima	GAB	
african-championships-2023	Senior Women -49kg	LOUM Mame Diarra Bousso	SEN	3
african-championships-2023	Senior Women -49kg	ARMAH Henrietta	GHA	
african-championships-2023	Senior Women -49kg	WAKOLI Sharon	KEN	
african-championships-2023	Senior Women -49kg	KONE Chaokia	BUR	
african-championships-2023	Senior Women -49kg	KONE Nabintou	CIV	3
african-championships-2023	Senior Women -49kg	MORINO Salma	MAR	
african-championships-2023	Senior Women -49kg	SAAD DJABALLAH Maram	ALG	
african-championships-2023	Senior Women -49kg	KHATTAB Jana	EGY	1
african-championships-2023	Senior Women +73kg	ABOUFARAS Fatima-ezzahra	MAR	1
african-championships-2023	Senior Women +73kg	MADJISSEM Epiphanie	CHA	
african-championships-2023	Senior Women +73kg	DIEYNABA Diouf	SEN	
african-championships-2023	Senior Women +73kg	MUNAVE Carlota	SWZ	
african-championships-2023	Senior Women +73kg	OGALLO Faith	KEN	3
african-championships-2023	Senior Women +73kg	SHAABAN SLEMAN HASSAN Toka	EGY	3
african-championships-2023	Senior Women +73kg	AYANG Veronica Mba	GEQ	
african-championships-2023	Senior Women +73kg	MENGUE Lelene Mich	GAB	
african-championships-2023	Senior Women +73kg	CHEURF Zahra	ALG	
african-championships-2023	Senior Women +73kg	BAGAGNAN Bassiratou	BUR	
african-championships-2023	Senior Women +73kg	BATHILY Astan Kath	CIV	2
african-championships-2023	Senior Men -87kg	RAWY Ahmad	EGY	2
african-championships-2023	Senior Men -87kg	SARFO Gerald Bernard	GHA	
african-championships-2023	Senior Men -87kg	ANICET Kassi	CIV	
african-championships-2023	Senior Men -87kg	COULIBALY Aly Yazbeck	BUR	3
african-championships-2023	Senior Men -87kg	SOUMANO Youssouf	MLI	
african-championships-2023	Senior Men -87kg	TOURE Mouhameth	SEN	
african-championships-2023	Senior Men -87kg	GOMIS Païvou johnouario	GBS	
african-championships-2023	Senior Men -87kg	IFAOUI Motaz	TUN	3
african-championships-2023	Senior Men -87kg	ESSOGHO Alexandre	GAB	
african-championships-2023	Senior Men -87kg	HONGBE ADOUA Frederic	CHA	
african-championships-2023	Senior Men -87kg	GUETFAYA Islam	ALG	
african-championships-2023	Senior Men -87kg	BERNARDO Jolinho	ANG	
african-championships-2023	Senior Men -87kg	ELASBI Soufiane	MAR	1
african-championships-2023	Senior Men -74kg	EISSA Rami	EGY	2
african-championships-2023	Senior Men -74kg	MIOBA Makoba	GAB	
african-championships-2023	Senior Men -74kg	K. Mário	ANG	
african-championships-2023	Senior Men -74kg	MUNYAKAZI Vincent	RWA	
african-championships-2023	Senior Men -74kg	SECK Cheikhouna	SEN	
african-championships-2023	Senior Men -74kg	TEBIB Hani	ALG	3
african-championships-2023	Senior Men -74kg	SOGODOGO Ousmane	MLI	
african-championships-2023	Senior Men -74kg	PHIRI Stanislaus Karlos	MAW	
african-championships-2023	Senior Men -74kg	KOUAME Jean ezechiel	CIV	
african-championships-2023	Senior Men -74kg	MAMOUDOU Ibrahim	TOG	3
african-championships-2023	Senior Men -74kg	SHRIHA Adem	LBA	
african-championships-2023	Senior Men -74kg	MOUMENE Nizar	GEQ	
african-championships-2023	Senior Men -74kg	SAMA Amed	GHA	
african-championships-2023	Senior Men -74kg	ALHABIB Hamadou Hamani	BUR	
african-championships-2023	Senior Men -74kg	AOUINI Jasser	TUN	
african-championships-2023	Senior Men -74kg	WALIKEMOT Neem Kereine	CGO	
african-championships-2023	Senior Men -74kg	ZARHOUTI Haitam	MAR	1
african-championships-2023	Senior Men -63kg	WASFI Abdelbasset	MAR	3
african-championships-2023	Senior Men -63kg	ALQADE Sulayman	LBA	
african-championships-2023	Senior Men -63kg	FIDZERALD Otsaga A	GAB	
african-championships-2023	Senior Men -63kg	MAZIYA Wandile	SWZ	
african-championships-2023	Senior Men -63kg	KONE Bakary	MLI	
african-championships-2023	Senior Men -63kg	TRESOR L. W. Kabore	BUR	
african-championships-2023	Senior Men -63kg	ILUNGA Henock	COD	
african-championships-2023	Senior Men -63kg	GNOLO Jopiza Blond	CMR	
african-championships-2023	Senior Men -63kg	DIOP Bocar	SEN	2
african-championships-2023	Senior Men -63kg	JENDOUBI Mohamed khalil	TUN	1
african-championships-2023	Senior Men -63kg	ZACARIAS Hernani	ANG	
african-championships-2023	Senior Men -63kg	CHAMMSSOU Amadou Toudiani	NIG	
african-championships-2023	Senior Men -63kg	FERNANDES Nicalas	CPV	
african-championships-2023	Senior Men -63kg	BOUASSA TANDIALA Jonathan	CGO	
african-championships-2023	Senior Men -63kg	TWEASAM Lawrence Ofori	GHA	
african-championships-2023	Senior Men -63kg	TRAORE Aliou Bilguissa	GUI	
african-championships-2023	Senior Men -63kg	KONATE Ben younouss	CIV	3
african-championships-2023	Senior Men -54kg	AMADOU Mahamadou	NIG	1
african-championships-2023	Senior Men -54kg	KAZINDA Eureka	COD	
african-championships-2023	Senior Men -54kg	YEO Zie Abdallah	CIV	
african-championships-2023	Senior Men -54kg	DUBE Mfanawekhaya	SWZ	
african-championships-2023	Senior Men -54kg	TSHITSHILIZA Admire	ZIM	
african-championships-2023	Senior Men -54kg	DOUMBIA Lassina	BUR	3
african-championships-2023	Senior Men -54kg	AHQAAF Ahmed	LBA	
african-championships-2023	Senior Men -54kg	ASEM ATA ABU SREE' Moataz bellah	EGY	3
african-championships-2023	Senior Men -54kg	MBADINGA Alane Dan	GAB	
african-championships-2023	Senior Men -54kg	GUEYE Mouhamadou F	SEN	
african-championships-2023	Senior Men -54kg	BALLO Siriman	MLI	
african-championships-2023	Senior Men -54kg	OMRI Abdoullah	TUN	2
african-championships-2023	Senior Men -54kg	DIA Mohamed	MTN	
african-championships-2023	Senior Men -54kg	GOFFA Barh	CHA	
african-championships-2023	Senior Men -54kg	BERROUHOU Hatim	MAR	
african-championships-2023	Senior Women -73kg	FAROUK Maisoun	EGY	2
african-championships-2023	Senior Women -73kg	MUSANGI Jully Alun	KEN	
african-championships-2023	Senior Women -73kg	DANGNIDE Abenan Je	CIV	3
african-championships-2023	Senior Women -73kg	OMAYMA Boumh	MAR	1
african-championships-2023	Senior Women -73kg	FAYE Mareme	SEN	
african-championships-2023	Senior Women -73kg	TRAORE Benedicte	BUR	
african-championships-2023	Senior Women -73kg	MOUEGA Urgence	GAB	3
african-championships-2023	Senior Women -62kg	MERIEME Khoulal	MAR	2
african-championships-2023	Senior Women -62kg	SIDIBE Mariam	MLI	
african-championships-2023	Senior Women -62kg	MAHMOUD Nadine	EGY	3
african-championships-2023	Senior Women -62kg	IBO Koumba nanah-helene	CIV	1
african-championships-2023	Senior Women -62kg	ZOMBAKA Cruisita S	GAB	
african-championships-2023	Senior Women -62kg	SABSORE Wendbarka	BUR	
african-championships-2023	Senior Women -62kg	DIAW Yacine	SEN	3
african-championships-2023	Senior Women -53kg	EL BOUCHTI Oumaima	MAR	1
african-championships-2023	Senior Women -53kg	KADEWERE Britney chipo	ZIM	
african-championships-2023	Senior Women -53kg	DIALLO Oumou Koultoumy	GUI	
african-championships-2023	Senior Women -53kg	NDIAYE Mama	SEN	3
african-championships-2023	Senior Women -53kg	COULIBALY Bouma ferimata	CIV	2
african-championships-2023	Senior Women -53kg	SANGARE Mariam	MLI	
african-championships-2023	Senior Women -53kg	ZABSORE Relwende Aimana	BUR	
african-championships-2023	Senior Women -53kg	SAMY ELHOSSEINY Shahd	EGY	3
african-championships-2023	Senior Women -46kg	TAU Michelle	LES	3
african-championships-2023	Senior Women -46kg	MADUNA Nonhle	SWZ	
african-championships-2023	Senior Women -46kg	KEMBI Sadia-leocho	CAF	
african-championships-2023	Senior Women -46kg	GBEDZE Kezia Elemawusi	GHA	
african-championships-2023	Senior Women -46kg	FALL Ngone	SEN	2
african-championships-2023	Senior Women -46kg	BAMA Ida Kevine	BUR	
african-championships-2023	Senior Women -46kg	SHERIF HAMDY Laila	EGY	3
african-championships-2023	Senior Women -46kg	KOFFI Ahou Samira	CIV	
african-championships-2023	Senior Women -46kg	SAHIB SOUKAINA	MAR	1
