dutch-open-2024	Senior Men -54kg	R32	201	ESCOLAR PARRA Ivan	ESP	HUSSAIN Ilyas	GBR	PTF	2:0
dutch-open-2024	Senior Men -54kg	R32	202	MANENKOV Maksym	UKR	YAKIMOV Tsvetan	BUL	PTF	2:0
dutch-open-2024	Senior Men -54kg	R32	203	DE MORAES Giovanni aubin	BRA	BERUBE Zachary	CAN	PTF	2:0
dutch-open-2024	Senior Men -54kg	R32	204	MARQUES Flavio	BRA	SERHALAY Jeremiah	NED	PTF	2:0
dutch-open-2024	Senior Men -54kg	R32	205	MENDONCA Vitor	BRA	RICHTER Lenny rene	GER	PTF	2:0
dutch-open-2024	Senior Men -54kg	R32	206	KOUKOUSOUDIS Evangelos	GER	KACZAN Neil	GBR	PTF	2:0
dutch-open-2024	Senior Men -54kg	R32	207	MELIKYAN Aleks	ARM	KAMKASOUMPHOU Aissa	FRA	PTF	2:0
dutch-open-2024	Senior Men -54kg	R32	208	EDDEANE Mohammed	NED	YIGIT Hakan	DEN	PTF	2:0
dutch-open-2024	Senior Men -54kg	R32	209	AMELHAYI Mehdi	FRA	ODJO Raylino jabez babatounde	BEN	PTF	2:0
dutch-open-2024	Senior Men -54kg	R32	210	GRANDE OLIVER Hugo	ESP	LABONG Finn	GBR	PTF	2:0
dutch-open-2024	Senior Men -54kg	R16	218	ALESIO CAPOLINI Mathis	FRA	ESCOLAR PARRA Ivan	ESP	PTF	2:1
dutch-open-2024	Senior Men -54kg	R16	219	MANENKOV Maksym	UKR	DE MORAES Giovanni aubin	BRA	PTF	2:1
dutch-open-2024	Senior Men -54kg	R16	220	MARQUES Flavio	BRA	OTERO SOUSA Javier	ESP	PTF	2:1
dutch-open-2024	Senior Men -54kg	R16	221	MENDONCA Vitor	BRA	BOUKARNIA Hamza	FRA	PTF	2:0
dutch-open-2024	Senior Men -54kg	R16	222	MARA Jibryl	FRA	KOUKOUSOUDIS Evangelos	GER	PTF	2:1
dutch-open-2024	Senior Men -54kg	R16	223	ZYWARSKI Filip	POL	MELIKYAN Aleks	ARM	PTF	2:0
dutch-open-2024	Senior Men -54kg	R16	224	AMELHAYI Mehdi	FRA	EDDEANE Mohammed	NED	PTF	2:1
dutch-open-2024	Senior Men -54kg	R16	225	CONTI Andrea	ITA	GRANDE OLIVER Hugo	ESP	PTF	2:0
dutch-open-2024	Senior Men -54kg	QF	230	ALESIO CAPOLINI Mathis	FRA	MANENKOV Maksym	UKR	PTF	2:1
dutch-open-2024	Senior Men -54kg	QF	231	MARQUES Flavio	BRA	MENDONCA Vitor	BRA	PTF	2:0
dutch-open-2024	Senior Men -54kg	QF	232	MARA Jibryl	FRA	ZYWARSKI Filip	POL	PTF	2:0
dutch-open-2024	Senior Men -54kg	QF	233	CONTI Andrea	ITA	AMELHAYI Mehdi	FRA	PTF	2:0
dutch-open-2024	Senior Men -54kg	SF	236	ALESIO CAPOLINI Mathis	FRA	MARQUES Flavio	BRA	PTF	2:1
dutch-open-2024	Senior Men -54kg	SF	237	CONTI Andrea	ITA	MARA Jibryl	FRA	PTF	2:1
dutch-open-2024	Senior Men -54kg	F	239	CONTI Andrea	ITA	ALESIO CAPOLINI Mathis	FRA	PTF	2:0
dutch-open-2024	Senior Men -58kg	R64	301	NEGRETE Rodrigo dazaeth	USA	AULAQI Yones darid	DEN	PTF	2:1
dutch-open-2024	Senior Men -58kg	R64	302	FOTI Giuseppe	ITA	FUNKENDORF Vladyslav	UKR	PTF	2:0
dutch-open-2024	Senior Men -58kg	R64	303	BENITEZ Norberto	PUR	SETRODIPO Jayden	NED	PTF	2:0
dutch-open-2024	Senior Men -58kg	R64	401	TRIANTAFYLLOU Dimitrios	GRE	LABATTE Jean Desaix	USA	PTF	2:0
dutch-open-2024	Senior Men -58kg	R64	402	GRANT Gavin	USA	VAN PASSEL Guillaume	BEL	PTF	2:0
dutch-open-2024	Senior Men -58kg	R32	308	MERDANAJ Ernest	ALB	NEGRETE Rodrigo dazaeth	USA	PTF	2:0
dutch-open-2024	Senior Men -58kg	R32	309	ALESIO Sebastien	FRA	CHABRILLIAT Khaled	FRA	PTF	2:0
dutch-open-2024	Senior Men -58kg	R32	310	BENZIAN REGRAG Yousef	GBR	TRISTAN Scutaru	ROU	PTF	2:1
dutch-open-2024	Senior Men -58kg	R32	311	ACHNINE Aymen	NED	HUSSAIN Ibrahim	GBR	PTF	2:1
dutch-open-2024	Senior Men -58kg	R32	312	FOTI Giuseppe	ITA	MEHLMANN Daniel	GER	PTF	2:1
dutch-open-2024	Senior Men -58kg	R32	313	ADEMI Bleron	KOS	LANG Matthias	GER	PTF	2:0
dutch-open-2024	Senior Men -58kg	R32	314	MAZZOUZ Ryad	FRA	ONUS Emircan	GER	PTF	2:0
dutch-open-2024	Senior Men -58kg	R32	315	GELADZE Vitali	GEO	BENITEZ Norberto	PUR	PTF	2:0
dutch-open-2024	Senior Men -58kg	R32	406	MOLLE Milan	NED	TRIANTAFYLLOU Dimitrios	GRE	PTF	2:0
dutch-open-2024	Senior Men -58kg	R32	407	ABDEL HALIM Khaled	GER	STRUGLINSKI Bartosz	POL	PTF	2:0
dutch-open-2024	Senior Men -58kg	R32	408	DRAZKIEWICZ Igor	POL	JAMSHIDI Sonil	DEN	PTF	2:0
dutch-open-2024	Senior Men -58kg	R32	409	SARSOZA Zack	GBR	TORRE Elia	ITA	PTF	2:0
dutch-open-2024	Senior Men -58kg	R32	410	MOLJ Domen	SLO	ROSSI PAGGETTI Tommaso	ITA	PTF	2:0
dutch-open-2024	Senior Men -58kg	R32	411	BOUKARNIA Amine	FRA	DUSZYNSKI Bartosz	POL	PTF	2:1
dutch-open-2024	Senior Men -58kg	R32	412	GUMUS Feyyaz	GER	DORE Anthony	FRA	PTF	2:0
dutch-open-2024	Senior Men -58kg	R32	413	NOWAK Lukasz	POL	GRANT Gavin	USA	PTF	2:0
dutch-open-2024	Senior Men -58kg	R16	324	MERDANAJ Ernest	ALB	ALESIO Sebastien	FRA	PTF	2:0
dutch-open-2024	Senior Men -58kg	R16	325	ACHNINE Aymen	NED	BENZIAN REGRAG Yousef	GBR	PTF	2:1
dutch-open-2024	Senior Men -58kg	R16	326	FOTI Giuseppe	ITA	ADEMI Bleron	KOS	PTF	2:0
dutch-open-2024	Senior Men -58kg	R16	327	GELADZE Vitali	GEO	MAZZOUZ Ryad	FRA	PTF	2:0
dutch-open-2024	Senior Men -58kg	R16	422	ABDEL HALIM Khaled	GER	MOLLE Milan	NED	PTF	2:1
dutch-open-2024	Senior Men -58kg	R16	423	SARSOZA Zack	GBR	DRAZKIEWICZ Igor	POL	PTF	2:0
dutch-open-2024	Senior Men -58kg	R16	424	BOUKARNIA Amine	FRA	MOLJ Domen	SLO	PTF	2:0
dutch-open-2024	Senior Men -58kg	R16	425	GUMUS Feyyaz	GER	NOWAK Lukasz	POL	PTF	2:0
dutch-open-2024	Senior Men -58kg	QF	332	MERDANAJ Ernest	ALB	ACHNINE Aymen	NED	PTF	2:0
dutch-open-2024	Senior Men -58kg	QF	333	FOTI Giuseppe	ITA	GELADZE Vitali	GEO	PTF	2:1
dutch-open-2024	Senior Men -58kg	QF	430	ABDEL HALIM Khaled	GER	SARSOZA Zack	GBR	RSC	1:1
dutch-open-2024	Senior Men -58kg	QF	431	GUMUS Feyyaz	GER	BOUKARNIA Amine	FRA	PTF	2:0
dutch-open-2024	Senior Men -58kg	SF	336	MERDANAJ Ernest	ALB	FOTI Giuseppe	ITA	PTF	2:0
dutch-open-2024	Senior Men -58kg	SF	434	GUMUS Feyyaz	GER	ABDEL HALIM Khaled	GER	WDR	
dutch-open-2024	Senior Men -58kg	F	436	MERDANAJ Ernest	ALB	GUMUS Feyyaz	GER	PTF	2:0
dutch-open-2024	Senior Men -63kg	R64	304	RAMOS Gabriel	BRA	PARUZEK Krystof	CZE	PTF	2:0
dutch-open-2024	Senior Men -63kg	R64	305	BOUHMIDA Riad	NED	SANCHIS ORTEGA Izan	ESP	PTF	2:0
dutch-open-2024	Senior Men -63kg	R64	306	COSTA Luis	POR	MANSON Maxwell	SLE	PTF	2:0
dutch-open-2024	Senior Men -63kg	R64	307	KAVTARADZE Beka	GEO	NEUBAUER Dominik	AUT	PTF	2:0
dutch-open-2024	Senior Men -63kg	R64	403	PARK Braven	CAN	ADEMI Valton	SWE	PTF	2:0
dutch-open-2024	Senior Men -63kg	R64	404	SALEH James	CAN	DUONG Jimmy	USA	PTF	2:0
dutch-open-2024	Senior Men -63kg	R64	405	TORTOSA Jesus	BRN	SUSILUOTO Otto	FIN	PTF	2:1
dutch-open-2024	Senior Men -63kg	R32	316	RAMOS Gabriel	BRA	MAEDA Hidetaka	JPN	PTF	2:1
dutch-open-2024	Senior Men -63kg	R32	317	KHAKSAR Shahram	GER	SCHOENMAKERS Shymano	NED	PTF	2:0
dutch-open-2024	Senior Men -63kg	R32	318	HAMMANI Marwane	BEL	BULATOVIC Nikolaj	SLO	PTF	2:1
dutch-open-2024	Senior Men -63kg	R32	319	SAFARYN Piotr	POL	PIERARD Lucas	BEL	PTF	2:0
dutch-open-2024	Senior Men -63kg	R32	320	BOUHMIDA Riad	NED	ZELLER Joao	POR	PTF	2:0
dutch-open-2024	Senior Men -63kg	R32	321	LO PINTO Daniel	ITA	KARACETIN Kerem-hasan	GER	PTF	2:0
dutch-open-2024	Senior Men -63kg	R32	322	WOOLLEY Jack	IRL	KONSTANTINIDIS Iordanis	GER	PTF	2:0
dutch-open-2024	Senior Men -63kg	R32	323	CHRZANOWSKI Mateusz	POL	COSTA Luis	POR	PTF	2:0
dutch-open-2024	Senior Men -63kg	R32	414	KAVTARADZE Beka	GEO	REKIK Adam	FRA	PTF	2:0
dutch-open-2024	Senior Men -63kg	R32	415	TORKHANI Ibrahim ben ahmed	DEN	MILETIC Mateja	SRB	PTF	2:0
dutch-open-2024	Senior Men -63kg	R32	416	OZKAYA Imran	GER	EDWARDS Asha	GBR	PTF	2:0
dutch-open-2024	Senior Men -63kg	R32	417	CAVUSMAN Emre	GER	PARK Braven	CAN	PTF	2:1
dutch-open-2024	Senior Men -63kg	R32	418	PAPIEROWSKI Dominik	POL	SALEH James	CAN	PTF	2:1
dutch-open-2024	Senior Men -63kg	R32	419	NOUR Mohammed	GBR	YOUSUF Shahrukh	GBR	PTF	2:0
dutch-open-2024	Senior Men -63kg	R32	420	DJONKO Ibrahim	BIH	HUY Ethan	FRA	PTF	2:0
dutch-open-2024	Senior Men -63kg	R32	421	BORGEN Kristian storsul	NOR	TORTOSA Jesus	BRN	PTF	2:0
dutch-open-2024	Senior Men -63kg	R16	328	RAMOS Gabriel	BRA	KHAKSAR Shahram	GER	PTF	2:1
dutch-open-2024	Senior Men -63kg	R16	329	SAFARYN Piotr	POL	HAMMANI Marwane	BEL	PTF	2:1
dutch-open-2024	Senior Men -63kg	R16	330	BOUHMIDA Riad	NED	LO PINTO Daniel	ITA	PTF	2:0
dutch-open-2024	Senior Men -63kg	R16	331	CHRZANOWSKI Mateusz	POL	WOOLLEY Jack	IRL	PTF	2:1
dutch-open-2024	Senior Men -63kg	R16	426	KAVTARADZE Beka	GEO	TORKHANI Ibrahim ben ahmed	DEN	PTF	2:1
dutch-open-2024	Senior Men -63kg	R16	427	OZKAYA Imran	GER	CAVUSMAN Emre	GER	PTF	2:0
dutch-open-2024	Senior Men -63kg	R16	428	NOUR Mohammed	GBR	PAPIEROWSKI Dominik	POL	PTF	2:0
dutch-open-2024	Senior Men -63kg	R16	429	BORGEN Kristian storsul	NOR	DJONKO Ibrahim	BIH	PTF	2:0
dutch-open-2024	Senior Men -63kg	QF	334	RAMOS Gabriel	BRA	SAFARYN Piotr	POL	PTF	2:0
dutch-open-2024	Senior Men -63kg	QF	335	CHRZANOWSKI Mateusz	POL	BOUHMIDA Riad	NED	PTF	2:1
dutch-open-2024	Senior Men -63kg	QF	432	KAVTARADZE Beka	GEO	OZKAYA Imran	GER	RSC	1:0
dutch-open-2024	Senior Men -63kg	QF	433	NOUR Mohammed	GBR	BORGEN Kristian storsul	NOR	PTF	2:0
dutch-open-2024	Senior Men -63kg	SF	337	RAMOS Gabriel	BRA	CHRZANOWSKI Mateusz	POL	PTF	2:0
dutch-open-2024	Senior Men -63kg	SF	435	KAVTARADZE Beka	GEO	NOUR Mohammed	GBR	PTF	2:1
dutch-open-2024	Senior Men -63kg	F	437	KAVTARADZE Beka	GEO	RAMOS Gabriel	BRA	PTF	2:0
dutch-open-2024	Senior Men -68kg	R64	501	HARRIS Khalfani	USA	RODRIGUES Victor	USA	PTF	2:1
dutch-open-2024	Senior Men -68kg	R64	502	BARBARI Mahdi	GER	MURESAN David	ROU	PTF	2:0
dutch-open-2024	Senior Men -68kg	R64	503	SZUKALSKI Bartosz	POL	SOUSA Francisco	POR	PTF	2:1
dutch-open-2024	Senior Men -68kg	R64	601	TOFT Joel	DEN	POLCZYNSKI Adam	POL	PTF	2:1
dutch-open-2024	Senior Men -68kg	R64	602	JUNIOR Jose	BRA	SOUMANOU Soumanou abd'el zakiyou	BEN	PTF	2:0
dutch-open-2024	Senior Men -68kg	R32	511	ALAPHILIPPE Souleyman	FRA	HARRIS Khalfani	USA	PTF	2:0
dutch-open-2024	Senior Men -68kg	R32	512	HOWELL Matthew	GBR	PATINO POMBAL Pablo	ESP	PTF	2:0
dutch-open-2024	Senior Men -68kg	R32	513	CHIU Yi-jui	TPE	GRAYSON-CADOGAN Abdallah	GBR	PTF	2:0
dutch-open-2024	Senior Men -68kg	R32	514	SALANOVA LISTE Adrian	ESP	MILAN CANOVAS Jorge	ESP	PTF	2:0
dutch-open-2024	Senior Men -68kg	R32	515	GLASNOVIC Leon	CRO	BARBARI Mahdi	GER	PTF	2:0
dutch-open-2024	Senior Men -68kg	R32	516	USCIMIUK Sebastian	POL	MORADI Erfan	RTA	PTF	2:1
dutch-open-2024	Senior Men -68kg	R32	517	TOBIN Joshua	GBR	JAFARZADEHPOUR Sam	CAN	PTF	2:0
dutch-open-2024	Senior Men -68kg	R32	518	SOUZA DINIZ Joao victor	BRA	SZUKALSKI Bartosz	POL	PTF	2:0
dutch-open-2024	Senior Men -68kg	R32	609	JORQUERA CALA Joan	ESP	TOFT Joel	DEN	PTF	2:0
dutch-open-2024	Senior Men -68kg	R32	610	BURUSIC Marko	SRB	ZISIS Polydefkis	GRE	PTF	2:0
dutch-open-2024	Senior Men -68kg	R32	611	DJONKO Muhamed	BIH	SARR Matar	FRA	PTF	2:0
dutch-open-2024	Senior Men -68kg	R32	612	STAMENOV Stefan	BUL	BAAKA Anas	GER	PTF	2:0
dutch-open-2024	Senior Men -68kg	R32	613	SPEIGHT Leo	ISL	BILGIN Efe	GER	PTF	2:1
dutch-open-2024	Senior Men -68kg	R32	614	CHELLAMOOTOO Dylan	FRA	VAN VULPEN Jesse	NED	PTF	2:0
dutch-open-2024	Senior Men -68kg	R32	615	MCINTOSH Jamie	GBR	SAIB Badis	FRA	PTF	2:1
dutch-open-2024	Senior Men -68kg	R32	616	JUNIOR Jose	BRA	IZMAR Adam	BEL	PTF	2:1
dutch-open-2024	Senior Men -68kg	R16	133.1	SOUZA DINIZ Joao victor	BRA	TOBIN Joshua	GBR	PTF	2:0
dutch-open-2024	Senior Men -68kg	R16	232.1	CHELLAMOOTOO Dylan	FRA	SPEIGHT Leo	ISL	PTF	2:0
dutch-open-2024	Senior Men -68kg	R16	233.1	GLASNOVIC Leon	CRO	USCIMIUK Sebastian	POL	PTF	2:0
dutch-open-2024	Senior Men -68kg	R16	527	ALAPHILIPPE Souleyman	FRA	HOWELL Matthew	GBR	PTF	2:1
dutch-open-2024	Senior Men -68kg	R16	528	SALANOVA LISTE Adrian	ESP	CHIU Yi-jui	TPE	PTF	2:0
dutch-open-2024	Senior Men -68kg	R16	625	JORQUERA CALA Joan	ESP	BURUSIC Marko	SRB	PTF	2:0
dutch-open-2024	Senior Men -68kg	R16	626	STAMENOV Stefan	BUL	DJONKO Muhamed	BIH	PTF	2:0
dutch-open-2024	Senior Men -68kg	R16	628	JUNIOR Jose	BRA	MCINTOSH Jamie	GBR	PTF	2:0
dutch-open-2024	Senior Men -68kg	QF	535	ALAPHILIPPE Souleyman	FRA	SALANOVA LISTE Adrian	ESP	PTF	2:1
dutch-open-2024	Senior Men -68kg	QF	536	SOUZA DINIZ Joao victor	BRA	GLASNOVIC Leon	CRO	PTF	2:0
dutch-open-2024	Senior Men -68kg	QF	633	JORQUERA CALA Joan	ESP	STAMENOV Stefan	BUL	PTF	2:1
dutch-open-2024	Senior Men -68kg	QF	634	CHELLAMOOTOO Dylan	FRA	JUNIOR Jose	BRA	PTF	2:0
dutch-open-2024	Senior Men -68kg	SF	539	SOUZA DINIZ Joao victor	BRA	ALAPHILIPPE Souleyman	FRA	PTF	2:0
dutch-open-2024	Senior Men -68kg	SF	637	JORQUERA CALA Joan	ESP	CHELLAMOOTOO Dylan	FRA	PTF	2:0
dutch-open-2024	Senior Men -68kg	F	639	SOUZA DINIZ Joao victor	BRA	JORQUERA CALA Joan	ESP	PTF	2:0
dutch-open-2024	Senior Men -74kg	R64	901	PARK Tae ku	CAN	TIPECSKA Michael	GER	PTF	2:0
dutch-open-2024	Senior Men -74kg	R64	902	QUESADA BARRERA Daniel	ESP	KNIGHT-MITCHELL Dantrell	GBR	PTF	2:0
dutch-open-2024	Senior Men -74kg	R64	903	DAVASON Hogni	FRO	YILMAZ Bugra	GER	PTF	2:0
dutch-open-2024	Senior Men -74kg	R64	904	OMEIRAT Mohamed	GER	VAN DER MEER Sjoerd	NED	PTF	2:0
dutch-open-2024	Senior Men -74kg	R64	905	AGUILAR Marcos	ESP	KILICARSLAN Atila	GBR	PTF	2:0
dutch-open-2024	Senior Men -74kg	R64	1001	CEDRUN MARTINEZ Cesar	ESP	HAIDARI Milad	DEN	PTF	2:0
dutch-open-2024	Senior Men -74kg	R64	1002	HOSSEINIBIJIKOLA Omid	GER	VESTERLUND Linus	SWE	PTF	2:0
dutch-open-2024	Senior Men -74kg	R64	1003	COLAK Nayan can	GER	SKJOLBERG Sebastian	NOR	PTF	2:1
dutch-open-2024	Senior Men -74kg	R64	1004	SITTEK Tomas	CZE	EL HAJ KHALIL Mohamad	GER	PTF	2:0
dutch-open-2024	Senior Men -74kg	R32	912	HSU Hao-yu	TPE	PARK Tae ku	CAN	PTF	2:0
dutch-open-2024	Senior Men -74kg	R32	913	QUESADA BARRERA Daniel	ESP	DAWOUD Omer	DEN	PTF	2:1
dutch-open-2024	Senior Men -74kg	R32	914	JORGENSEN Otto	DEN	ALIU Egers	ALB	PTF	2:0
dutch-open-2024	Senior Men -74kg	R32	915	GALLAND Warrick	SUI	GUMUS Kaan	GER	PTF	2:1
dutch-open-2024	Senior Men -74kg	R32	916	MIGUEL Moncef	FRA	DAVASON Hogni	FRO	PTF	2:0
dutch-open-2024	Senior Men -74kg	R32	917	BECOVIC Zinedin	MNE	OMEIRAT Mohamed	GER	PTF	2:0
dutch-open-2024	Senior Men -74kg	R32	918	HOLLAND Edward	SLE	SPICK Maximilian	GER	RSC	2:0
dutch-open-2024	Senior Men -74kg	R32	919	O FOFANA Seydou	FRA	CAMMAERTS Andes	BEL	PTF	2:0
dutch-open-2024	Senior Men -74kg	R32	920	KINTSURASHVILI Zurab	GEO	AGUILAR Marcos	ESP	PTF	2:0
dutch-open-2024	Senior Men -74kg	R32	1007	PAN Kuei en	TPE	CEDRUN MARTINEZ Cesar	ESP	PTF	2:0
dutch-open-2024	Senior Men -74kg	R32	1008	AGUSHI Elion	KOS	MANE Aliou	FRA	PTF	2:1
dutch-open-2024	Senior Men -74kg	R32	1009	HOSSEINIBIJIKOLA Omid	GER	PROCOPCIUC Lucian	POR	PTF	2:0
dutch-open-2024	Senior Men -74kg	R32	1010	NSILU DILANDU Leroy	IRL	COLAK Nayan can	GER	PTF	2:0
dutch-open-2024	Senior Men -74kg	R32	1011	SITTEK Tomas	CZE	MILAN CANOVAS Juan antonio	ESP	PTF	2:1
dutch-open-2024	Senior Men -74kg	R32	1012	MOHAMMAD Ahmad	GER	DOYLE Ryan	IRL	PTF	2:0
dutch-open-2024	Senior Men -74kg	R32	1013	CUDNOCH Lukasz	POL	LOTT Liam	GER	PTF	2:1
dutch-open-2024	Senior Men -74kg	R16	330.1	JORGENSEN Otto	DEN	QUESADA BARRERA Daniel	ESP	WDR	
dutch-open-2024	Senior Men -74kg	R16	331.1	GALLAND Warrick	SUI	MIGUEL Moncef	FRA	PTF	2:0
dutch-open-2024	Senior Men -74kg	R16	925	HSU Hao-yu	TPE	CUDNOCH Lukasz	POL	PTF	2:0
dutch-open-2024	Senior Men -74kg	R16	928	BECOVIC Zinedin	MNE	HOLLAND Edward	SLE	PTF	2:0
dutch-open-2024	Senior Men -74kg	R16	929	KINTSURASHVILI Zurab	GEO	O FOFANA Seydou	FRA	PTF	2:0
dutch-open-2024	Senior Men -74kg	R16	1024	PAN Kuei en	TPE	AGUSHI Elion	KOS	PTF	2:0
dutch-open-2024	Senior Men -74kg	R16	1025	HOSSEINIBIJIKOLA Omid	GER	NSILU DILANDU Leroy	IRL	PTF	2:0
dutch-open-2024	Senior Men -74kg	R16	1026	MOHAMMAD Ahmad	GER	SITTEK Tomas	CZE	PTF	2:0
dutch-open-2024	Senior Men -74kg	QF	237.1	KINTSURASHVILI Zurab	GEO	BECOVIC Zinedin	MNE	PTF	2:1
dutch-open-2024	Senior Men -74kg	QF	932	HSU Hao-yu	TPE	MOHAMMAD Ahmad	GER	PTF	2:0
dutch-open-2024	Senior Men -74kg	QF	933	GALLAND Warrick	SUI	JORGENSEN Otto	DEN	PTF	2:1
dutch-open-2024	Senior Men -74kg	QF	1033	HOSSEINIBIJIKOLA Omid	GER	PAN Kuei en	TPE	PTF	2:0
dutch-open-2024	Senior Men -74kg	SF	936	HOSSEINIBIJIKOLA Omid	GER	HSU Hao-yu	TPE	PTF	2:0
dutch-open-2024	Senior Men -74kg	SF	937	KINTSURASHVILI Zurab	GEO	GALLAND Warrick	SUI	WDR	1:0
dutch-open-2024	Senior Men -74kg	F	939	HOSSEINIBIJIKOLA Omid	GER	KINTSURASHVILI Zurab	GEO	PUN	2:0
dutch-open-2024	Senior Men -80kg	R32	807	TRIEBEL Robert	GER	FLIAOUM, Christoforos	GER	PTF	2:0
dutch-open-2024	Senior Men -80kg	R32	808	PERUNIČIĆ Vasilije	MNE	RIBEIRO Nickollas	BRA	PTF	2:0
dutch-open-2024	Senior Men -80kg	R32	809	WEIDUM Dion	NED	RASZKOWSKI Wiktor	POL	PTF	2:1
dutch-open-2024	Senior Men -80kg	R32	810	GONZALEZ Alejandro	PUR	NESHYBA Tomas	CZE	PTF	2:0
dutch-open-2024	Senior Men -80kg	R32	811	NIKS Pascal	NED	MINGUEZ Kevin	FRA	PTF	2:0
dutch-open-2024	Senior Men -80kg	R32	812	SOKOLOWSKI Mikolaj	POL	CRAVEN-SMITH Ryder	GBR	PTF	2:0
dutch-open-2024	Senior Men -80kg	R32	813.1	RUIZ DOMENECH Ramon	ESP	ZARHOUTI Haitam	MAR	PTF	2:0
dutch-open-2024	Senior Men -80kg	R32	906	ANGELL Zak	GBR	BOUREFA Mohamed-amine	FRA	PTF	2:0
dutch-open-2024	Senior Men -80kg	R32	907	FERNANDEZ Mikel	ESP	AL HISNAWI Karim	NED	PTF	2:0
dutch-open-2024	Senior Men -80kg	R32	908	MERCIER Charlelie	CAN	CHEHADE Mohamad	SWE	PTF	2:1
dutch-open-2024	Senior Men -80kg	R32	909	PANTAZIS George	GRE	CAMMAERTS Troy	BEL	PTF	2:0
dutch-open-2024	Senior Men -80kg	R32	910	OSTAPIV Lucas	BRA	FELICITE Lawrence	FRA	PTF	2:0
dutch-open-2024	Senior Men -80kg	R32	911	ALIPOUR Sohrab	GBR	ABOUT Emir	FRA	PTF	2:0
dutch-open-2024	Senior Men -80kg	R16	130.1	RUIZ DOMENECH Ramon	ESP	SOKOLOWSKI Mikolaj	POL	PTF	2:0
dutch-open-2024	Senior Men -80kg	R16	430.1	GONZALEZ Alejandro	PUR	NIKS Pascal	NED	PTF	2:0
dutch-open-2024	Senior Men -80kg	R16	822	HUNG Jiun-yi	TPE	TRIEBEL Robert	GER	PTF	2:0
dutch-open-2024	Senior Men -80kg	R16	823	WEIDUM Dion	NED	PERUNIČIĆ Vasilije	MNE	PTG	2:1
dutch-open-2024	Senior Men -80kg	R16	921	ANGELL Zak	GBR	HOERMANN Vincent	GER	PTF	2:0
dutch-open-2024	Senior Men -80kg	R16	922	FERNANDEZ Mikel	ESP	MERCIER Charlelie	CAN	PTF	2:0
dutch-open-2024	Senior Men -80kg	R16	923	OSTAPIV Lucas	BRA	PANTAZIS George	GRE	PTF	2:0
dutch-open-2024	Senior Men -80kg	R16	924	MANSOURI Farzad	RTA	ALIPOUR Sohrab	GBR	PTF	2:0
dutch-open-2024	Senior Men -80kg	QF	832	HUNG Jiun-yi	TPE	WEIDUM Dion	NED	PTF	2:0
dutch-open-2024	Senior Men -80kg	QF	833	RUIZ DOMENECH Ramon	ESP	GONZALEZ Alejandro	PUR	PTF	2:1
dutch-open-2024	Senior Men -80kg	QF	930	ANGELL Zak	GBR	FERNANDEZ Mikel	ESP	PTF	2:0
dutch-open-2024	Senior Men -80kg	QF	931	OSTAPIV Lucas	BRA	MANSOURI Farzad	RTA	PTF	2:0
dutch-open-2024	Senior Men -80kg	SF	837	RUIZ DOMENECH Ramon	ESP	HUNG Jiun-yi	TPE	PTF	2:1
dutch-open-2024	Senior Men -80kg	SF	935	ANGELL Zak	GBR	OSTAPIV Lucas	BRA	PTF	2:0
dutch-open-2024	Senior Men -80kg	F	938	RUIZ DOMENECH Ramon	ESP	ANGELL Zak	GBR	PTF	2:1
dutch-open-2024	Senior Men -87kg	R32	701	BRUNET Ethienne	CAN	MARTINS SOARES Icaro miguel	BRA	PTF	2:1
dutch-open-2024	Senior Men -87kg	R32	702	VAN DEN ENDEN Tom	NED	AYHAN Semih	GER	PTF	2:0
dutch-open-2024	Senior Men -87kg	R32	801	LLOPIS SANCHEZ Lucas	ESP	FERRERA Miguel	HON	PTF	2:0
dutch-open-2024	Senior Men -87kg	R32	802	NUCI Erol	BIH	OTHMAN Taim	GBR		
dutch-open-2024	Senior Men -87kg	R16	712	PIATKOWSKI Szymon	POL	BRUNET Ethienne	CAN	PTF	2:0
dutch-open-2024	Senior Men -87kg	R16	713	WEBB CORRALES Julian	CRC	VEDIE Florian	FRA	PTF	2:0
dutch-open-2024	Senior Men -87kg	R16	714	JURGENS Joshua noel	GER	JOCHMAN Adam	CZE	PTF	2:0
dutch-open-2024	Senior Men -87kg	R16	715	TROITINO AMOEDO Sergio	ESP	VAN DEN ENDEN Tom	NED	PTF	2:0
dutch-open-2024	Senior Men -87kg	R16	814	MEHNANA Nahil	FRA	LLOPIS SANCHEZ Lucas	ESP	PTF	2:1
dutch-open-2024	Senior Men -87kg	R16	815	BOUZID Ismael	FRA	WOJTKOWIAK Adrian	POL	PTF	2:1
dutch-open-2024	Senior Men -87kg	R16	816	SZAFERSKI Mikolaj	POL	OVONO Davy	FRA	PTF	2:0
dutch-open-2024	Senior Men -87kg	R16	817	NUCI Erol	BIH	TADJIBAEV Azizjan	FRA	PTF	2:1
dutch-open-2024	Senior Men -87kg	QF	728	PIATKOWSKI Szymon	POL	WEBB CORRALES Julian	CRC	PTF	2:0
dutch-open-2024	Senior Men -87kg	QF	729	TROITINO AMOEDO Sergio	ESP	JURGENS Joshua noel	GER	PTF	2:0
dutch-open-2024	Senior Men -87kg	QF	828	BOUZID Ismael	FRA	MEHNANA Nahil	FRA	PTF	2:1
dutch-open-2024	Senior Men -87kg	QF	829	NUCI Erol	BIH	SZAFERSKI Mikolaj	POL	PTF	2:0
dutch-open-2024	Senior Men -87kg	SF	736	PIATKOWSKI Szymon	POL	TROITINO AMOEDO Sergio	ESP	PTF	2:0
dutch-open-2024	Senior Men -87kg	SF	835	BOUZID Ismael	FRA	NUCI Erol	BIH	WDR	
dutch-open-2024	Senior Men -87kg	F	338	PIATKOWSKI Szymon	POL	BOUZID Ismael	FRA	PTF	2:0
dutch-open-2024	Senior Men +87kg	R16	1014	DIMITRAKOPOULOS Filippos	GRE	LEPOROWSKI Maciej	POL	PTF	2:0
dutch-open-2024	Senior Men +87kg	R16	1015	HAREMZA Krystian	POL	HUN Inan	GER	PTF	2:0
dutch-open-2024	Senior Men +87kg	R16	1016	BRINK Kevin	SWE	GOMIS Paivou johnouario	GBS	PTF	2:1
dutch-open-2024	Senior Men +87kg	R16	1017	MICHOPOULOS Sotirios	GRE	SOULIMANI Ilir	SUI	PTF	2:0
dutch-open-2024	Senior Men +87kg	R16	1018	DIABY Aboubacar	FRA	CORREDOR Raul	ESP	PTF	2:1
dutch-open-2024	Senior Men +87kg	R16	1019	SAIDI Isa	AUT	MILLER Logan	GBR	PTF	2:0
dutch-open-2024	Senior Men +87kg	QF	1027	SAPINA Ivan	CRO	DIMITRAKOPOULOS Filippos	GRE	PTF	2:0
dutch-open-2024	Senior Men +87kg	QF	1028	HAREMZA Krystian	POL	BRINK Kevin	SWE	PTF	2:0
dutch-open-2024	Senior Men +87kg	QF	1029	MICHOPOULOS Sotirios	GRE	DIABY Aboubacar	FRA	PTF	2:1
dutch-open-2024	Senior Men +87kg	QF	1030	HEALY Jonathan	USA	SAIDI Isa	AUT	PTF	2:0
dutch-open-2024	Senior Men +87kg	SF	1034	SAPINA Ivan	CRO	HAREMZA Krystian	POL	PTF	2:1
dutch-open-2024	Senior Men +87kg	SF	1035	HEALY Jonathan	USA	MICHOPOULOS Sotirios	GRE	PTF	2:0
dutch-open-2024	Senior Men +87kg	F	1037	HEALY Jonathan	USA	SAPINA Ivan	CRO	PTF	2:1
dutch-open-2024	Senior Women -46kg	R32	101	GALIERO Giulia	ITA	POURYOUNES Dina	RTA	RSC	2:1
dutch-open-2024	Senior Women -46kg	R32	102	FONSECA Caliana	USA	RUGG Shannan	GBR		
dutch-open-2024	Senior Women -46kg	R16	112	GALIERO Giulia	ITA	ETTELBRUCK Lilly	GER	PTF	2:0
dutch-open-2024	Senior Women -46kg	R16	113	BARROSO Kiara	POR	KODAMAN Helin	GER	PTF	2:0
dutch-open-2024	Senior Women -46kg	R16	114	TAMMILA Ida-elina	FIN	FAFARD Mathilde	CAN	PTF	2:0
dutch-open-2024	Senior Women -46kg	R16	115	ZAMPETTI Sofia	ITA	SAIGHI Lyamna	FRA	PTF	2:1
dutch-open-2024	Senior Women -46kg	R16	116	ATTOUT Lhena	FRA	KARAOGLAN Medine	GER	PTF	2:1
dutch-open-2024	Senior Women -46kg	R16	117	CARPENTIER Justine	CAN	UZUN Sarah	NED	PTF	2:1
dutch-open-2024	Senior Women -46kg	R16	118	CHOI Etta	GBR	TAMMILA Ada-emilia	FIN	PTF	2:0
dutch-open-2024	Senior Women -46kg	R16	119	HUANG Ying hsuan	TPE	FONSECA Caliana	USA	PTF	2:0
dutch-open-2024	Senior Women -46kg	QF	126	GALIERO Giulia	ITA	BARROSO Kiara	POR	PTF	2:0
dutch-open-2024	Senior Women -46kg	QF	127	ZAMPETTI Sofia	ITA	TAMMILA Ida-elina	FIN	PTF	2:0
dutch-open-2024	Senior Women -46kg	QF	128	ATTOUT Lhena	FRA	CARPENTIER Justine	CAN	PTF	2:0
dutch-open-2024	Senior Women -46kg	QF	129	HUANG Ying hsuan	TPE	CHOI Etta	GBR	PTF	2:0
dutch-open-2024	Senior Women -46kg	SF	133	GALIERO Giulia	ITA	ZAMPETTI Sofia	ITA	PTF	2:1
dutch-open-2024	Senior Women -46kg	SF	134	HUANG Ying hsuan	TPE	ATTOUT Lhena	FRA	PTF	2:0
dutch-open-2024	Senior Women -46kg	F	136	HUANG Ying hsuan	TPE	GALIERO Giulia	ITA	PTF	2:0
dutch-open-2024	Senior Women -49kg	R16	110	PETERSON Ceili	GUY	HELWIGH KAMPER Karoline	DEN	PTF	2:0
dutch-open-2024	Senior Women -49kg	R16	111	DANIEL Melina	USA	JADCZAK Zuzanna	POL	PTF	2:0
dutch-open-2024	Senior Women -49kg	R16	813	KISSKALT Supharada	GER	SYLTHE Therese	NOR	PTF	2:0
dutch-open-2024	Senior Women -49kg	QF	124	PETERSON Ceili	GUY	KRAJEWSKA Nikola	POL	PTF	2:0
dutch-open-2024	Senior Women -49kg	QF	125	GOODMAN Phoenix	GBR	AYDEMIR Nurselin	GER	PTF	2:0
dutch-open-2024	Senior Women -49kg	QF	132.1	KISSKALT Supharada	GER	KRAJEWSKA Alicja	POL	PTF	2:0
dutch-open-2024	Senior Women -49kg	QF	826	BRYHIDA Erika	UKR	DANIEL Melina	USA	PTF	2:1
dutch-open-2024	Senior Women -49kg	SF	132	PETERSON Ceili	GUY	GOODMAN Phoenix	GBR	PTF	2:0
dutch-open-2024	Senior Women -49kg	SF	135.1	KISSKALT Supharada	GER	BRYHIDA Erika	UKR	PTF	2:0
dutch-open-2024	Senior Women -49kg	F	240	KISSKALT Supharada	GER	PETERSON Ceili	GUY	PTF	2:0
dutch-open-2024	Senior Women -53kg	R32	103	SU Po-ya	TPE	CHOI Ashley	USA	PTF	2:0
dutch-open-2024	Senior Women -53kg	R32	104	KAMKASOUMPHOU Alliyah	FRA	MOUCH Sara	NED	PTF	2:0
dutch-open-2024	Senior Women -53kg	R32	105	KAFADAR Josipa	CAN	ASIMI Adiba	GER	PTF	2:1
dutch-open-2024	Senior Women -53kg	R32	106	AVDAGIC Ada	BIH	BASTOS Filipa	POR	PTF	2:0
dutch-open-2024	Senior Women -53kg	R32	107	PAPPA Christina	GRE	OLESZCZUK Lucja	POL	PTF	2:0
dutch-open-2024	Senior Women -53kg	R32	108	WAEVERSTROM Signe wendt	DEN	MAYER Leonie	GER	PTF	2:1
dutch-open-2024	Senior Women -53kg	R32	109	KAMKASOUMPHOU Lenya	FRA	CALABRO Martina	ITA	PTF	2:0
dutch-open-2024	Senior Women -53kg	R32	211	HEBBAR Nisrin	FRA	BOULAJHAF Yousra najat	BEL	PTF	2:0
dutch-open-2024	Senior Women -53kg	R32	212	KHATAB Janna	EGY	BUTTARELLI Aurelie	FRA	PTF	2:1
dutch-open-2024	Senior Women -53kg	R32	213	SPASOJEVIC Sara	CRO	HARRISON Olivia	GBR	PTF	2:0
dutch-open-2024	Senior Women -53kg	R32	214	RABAUT Elien	BEL	MUSICKI Jovana	SRB	PTF	2:0
dutch-open-2024	Senior Women -53kg	R32	215	BEZERRA Camila	BRA	KARMELY Lea anais	GER	PTF	2:0
dutch-open-2024	Senior Women -53kg	R32	216	LENNUYEUX Alix	FRA	BOUISENGAREN Firdaous	NED	PTF	2:1
dutch-open-2024	Senior Women -53kg	R32	217	GIRE Ines	FRA	DIETRICH Lorena	SUI	PTF	2:0
dutch-open-2024	Senior Women -53kg	R16	120	SU Po-ya	TPE	KAMKASOUMPHOU Alliyah	FRA	PTF	2:0
dutch-open-2024	Senior Women -53kg	R16	121	KAFADAR Josipa	CAN	AVDAGIC Ada	BIH	PTF	2:1
dutch-open-2024	Senior Women -53kg	R16	122	PAPPA Christina	GRE	WAEVERSTROM Signe wendt	DEN	PTF	2:0
dutch-open-2024	Senior Women -53kg	R16	123	PEREZ PARRADO Alma maria	ESP	KAMKASOUMPHOU Lenya	FRA	PTF	2:0
dutch-open-2024	Senior Women -53kg	R16	226	AL HALWANI Sarah	ITA	HEBBAR Nisrin	FRA	PTF	2:0
dutch-open-2024	Senior Women -53kg	R16	227	KHATAB Janna	EGY	SPASOJEVIC Sara	CRO	PTF	2:0
dutch-open-2024	Senior Women -53kg	R16	228	RABAUT Elien	BEL	BEZERRA Camila	BRA	PTF	2:0
dutch-open-2024	Senior Women -53kg	R16	229	GIRE Ines	FRA	LENNUYEUX Alix	FRA	PTF	2:0
dutch-open-2024	Senior Women -53kg	QF	130	SU Po-ya	TPE	KAFADAR Josipa	CAN	PTF	2:0
dutch-open-2024	Senior Women -53kg	QF	131	PEREZ PARRADO Alma maria	ESP	PAPPA Christina	GRE	PTF	2:0
dutch-open-2024	Senior Women -53kg	QF	234	KHATAB Janna	EGY	AL HALWANI Sarah	ITA	PTF	2:0
dutch-open-2024	Senior Women -53kg	QF	235	RABAUT Elien	BEL	GIRE Ines	FRA	PTF	2:1
dutch-open-2024	Senior Women -53kg	SF	135	SU Po-ya	TPE	PEREZ PARRADO Alma maria	ESP	PTF	2:1
dutch-open-2024	Senior Women -53kg	SF	238	KHATAB Janna	EGY	RABAUT Elien	BEL	PTF	2:0
dutch-open-2024	Senior Women -53kg	F	137	KHATAB Janna	EGY	SU Po-ya	TPE	PTF	2:0
dutch-open-2024	Senior Women -57kg	R32	705	REZAIE Roja	GER	STEINKUHLER Frieda	GER	PTF	2:0
dutch-open-2024	Senior Women -57kg	R32	706	HANSEN Kaja husby	NOR	CORREIA Leonor	POR	PTF	2:0
dutch-open-2024	Senior Women -57kg	R32	707	CAUSSE Estelle	FRA	STAMENKOVIC Teodora	SRB	PTF	2:0
dutch-open-2024	Senior Women -57kg	R32	708	CARABIN Kanelya	FRA	SCHLEUSSINGER Inga	GER	PTF	2:0
dutch-open-2024	Senior Women -57kg	R32	803	BANGURA Aisha	GER	BARKOK Noussaiba	GER	PTF	2:0
dutch-open-2024	Senior Women -57kg	R32	804	RODRIGUEZ Laura	ESP	BURUSIC Andjela	SRB	PTF	2:0
dutch-open-2024	Senior Women -57kg	R32	805	DINKOVIC Lena	CRO	MAM Julie	CAM	PTF	2:0
dutch-open-2024	Senior Women -57kg	R32	806	ROVITHIS Anastasia	GER	SPILLMANN Sarah	GER		
dutch-open-2024	Senior Women -57kg	R16	720	DILLON Faith	USA	REZAIE Roja	GER	PTF	2:0
dutch-open-2024	Senior Women -57kg	R16	721	CHRISTY Beth	GBR	HANSEN Kaja husby	NOR	PTF	2:1
dutch-open-2024	Senior Women -57kg	R16	722	CAUSSE Estelle	FRA	BOUBACIR Madeenah	FRA	PTF	2:0
dutch-open-2024	Senior Women -57kg	R16	723	CARABIN Kanelya	FRA	WOLF Jessica	GER	PTF	2:0
dutch-open-2024	Senior Women -57kg	R16	818	SEREDA Julia	POL	BANGURA Aisha	GER	PTF	2:0
dutch-open-2024	Senior Women -57kg	R16	819	SMITH Teigan	GBR	RODRIGUEZ Laura	ESP	PTF	2:0
dutch-open-2024	Senior Women -57kg	R16	820	DINKOVIC Lena	CRO	KRAJEWSKA Agnieszka	POL	PTF	2:1
dutch-open-2024	Senior Women -57kg	R16	821	ROVITHIS Anastasia	GER	HRONOVA Dominika	CZE	PTF	2:1
dutch-open-2024	Senior Women -57kg	QF	732	DILLON Faith	USA	CHRISTY Beth	GBR	PTF	2:0
dutch-open-2024	Senior Women -57kg	QF	733	CARABIN Kanelya	FRA	CAUSSE Estelle	FRA	PTF	2:0
dutch-open-2024	Senior Women -57kg	QF	830	SEREDA Julia	POL	SMITH Teigan	GBR	PTF	2:1
dutch-open-2024	Senior Women -57kg	QF	831	ROVITHIS Anastasia	GER	DINKOVIC Lena	CRO	PTF	2:1
dutch-open-2024	Senior Women -57kg	SF	738	CARABIN Kanelya	FRA	DILLON Faith	USA	PTF	2:1
dutch-open-2024	Senior Women -57kg	SF	836	SEREDA Julia	POL	ROVITHIS Anastasia	GER	PTF	2:1
dutch-open-2024	Senior Women -57kg	F	840	CARABIN Kanelya	FRA	SEREDA Julia	POL	PTF	2:1
dutch-open-2024	Senior Women -62kg	R32	506	NYMAN Ebba	SWE	BECK Antonia	GER	PTF	2:1
dutch-open-2024	Senior Women -62kg	R32	507	MCPHILLIE Neve	GBR	RUSKA Shanti	NED	PTF	2:0
dutch-open-2024	Senior Women -62kg	R32	508	GOEBEL Laura	GER	VAN WIJNGAARDEN Jada	ESP	PTF	2:0
dutch-open-2024	Senior Women -62kg	R32	509	SANTERRE Frederique	CAN	BALCI Edanur	GER	PTF	2:0
dutch-open-2024	Senior Women -62kg	R32	510	LIN Wei-chun	TPE	BAUER Caroline	GER	PTF	2:0
dutch-open-2024	Senior Women -62kg	R32	605	GREENWOOD Makayla	USA	HOGFELDT Nora	SWE	PTF	2:0
dutch-open-2024	Senior Women -62kg	R32	606	FLEGROVA Hana	CZE	EBNOUTALIB Soumaya	GER	PTF	2:0
dutch-open-2024	Senior Women -62kg	R32	607	LEITNER Phoebe-joliene	GER	RAVASKA Inka	FIN	PTF	2:0
dutch-open-2024	Senior Women -62kg	R32	608	MESTROVIC Dora	CRO	DEATON Danica	USA		
dutch-open-2024	Senior Women -62kg	R16	523	KOMATINA Andrea	MNE	NYMAN Ebba	SWE	PTF	2:0
dutch-open-2024	Senior Women -62kg	R16	524	GOEBEL Laura	GER	MCPHILLIE Neve	GBR	PTF	2:1
dutch-open-2024	Senior Women -62kg	R16	525	SANTERRE Frederique	CAN	DOUCET Teeyah	FRA	PTF	2:1
dutch-open-2024	Senior Women -62kg	R16	526	LIN Wei-chun	TPE	STAMOU Daphne	GRE	PTF	2:0
dutch-open-2024	Senior Women -62kg	R16	621	PACHECO Maria clara	BRA	GREENWOOD Makayla	USA	PTF	2:0
dutch-open-2024	Senior Women -62kg	R16	622	KREUZER Kim vivian	GER	FLEGROVA Hana	CZE	PTF	2:0
dutch-open-2024	Senior Women -62kg	R16	623	KICINSKA Klaudia	POL	LEITNER Phoebe-joliene	GER	PTF	2:1
dutch-open-2024	Senior Women -62kg	R16	624	MESTROVIC Dora	CRO	KICEMA Helena	CRO	PTF	2:0
dutch-open-2024	Senior Women -62kg	QF	533	GOEBEL Laura	GER	KOMATINA Andrea	MNE	PTF	2:0
dutch-open-2024	Senior Women -62kg	QF	534	LIN Wei-chun	TPE	SANTERRE Frederique	CAN	PTF	2:0
dutch-open-2024	Senior Women -62kg	QF	631	PACHECO Maria clara	BRA	KREUZER Kim vivian	GER	PTF	2:0
dutch-open-2024	Senior Women -62kg	QF	632	MESTROVIC Dora	CRO	KICINSKA Klaudia	POL	PTF	2:0
dutch-open-2024	Senior Women -62kg	SF	538	LIN Wei-chun	TPE	GOEBEL Laura	GER	PTF	2:0
dutch-open-2024	Senior Women -62kg	SF	636	PACHECO Maria clara	BRA	MESTROVIC Dora	CRO	PTF	2:0
dutch-open-2024	Senior Women -62kg	F	638	PACHECO Maria clara	BRA	LIN Wei-chun	TPE	PTF	2:0
dutch-open-2024	Senior Women -67kg	R32	504	ANDRIC Leonarda	CAN	MAURER Manelle	FRA	PTF	2:0
dutch-open-2024	Senior Women -67kg	R32	505	FERNANDEZ INSA Julia	ESP	VALENTINO Viviana	GER		
dutch-open-2024	Senior Women -67kg	R32	603	MORENO REYES Lena	ESP	POWELL Aaliyah	GBR	PTF	2:1
dutch-open-2024	Senior Women -67kg	R32	604	KRSTINIC Anja	CRO	FREDERIKSEN Kathrine kamp nordentoft	DEN	PTF	2:0
dutch-open-2024	Senior Women -67kg	R16	519	ANDRIC Leonarda	CAN	YOUKOUBOVA Karina	FRA	PTF	2:0
dutch-open-2024	Senior Women -67kg	R16	520	MINK Amy	NED	HADDAD Khalida	FRA	PTF	2:0
dutch-open-2024	Senior Women -67kg	R16	521	KANOUTE Iman	MLI	TOMCZAK Tatiana	POL	PTF	2:1
dutch-open-2024	Senior Women -67kg	R16	522	KOERNDL Vanessa	GER	FERNANDEZ INSA Julia	ESP	PTF	2:0
dutch-open-2024	Senior Women -67kg	R16	617	ANYANACHO Elizabeth oluchi	NGR	MORENO REYES Lena	ESP	PTF	2:0
dutch-open-2024	Senior Women -67kg	R16	618	POLE Doris	CRO	FABER Isabelle	LUX	PTF	2:0
dutch-open-2024	Senior Women -67kg	R16	619	ROBERTS Chloe	GBR	KLEPAC Nika	CRO	PTF	2:1
dutch-open-2024	Senior Women -67kg	R16	620	KOWALKOWSKA Justyna	POL	KRSTINIC Anja	CRO	PTF	2:1
dutch-open-2024	Senior Women -67kg	QF	531	ANDRIC Leonarda	CAN	MINK Amy	NED	PTF	2:0
dutch-open-2024	Senior Women -67kg	QF	532	KOERNDL Vanessa	GER	KANOUTE Iman	MLI	PTF	2:0
dutch-open-2024	Senior Women -67kg	QF	629	ANYANACHO Elizabeth oluchi	NGR	POLE Doris	CRO	PTF	2:1
dutch-open-2024	Senior Women -67kg	QF	630	ROBERTS Chloe	GBR	KOWALKOWSKA Justyna	POL	PTF	2:0
dutch-open-2024	Senior Women -67kg	SF	537	KOERNDL Vanessa	GER	ANDRIC Leonarda	CAN	PTF	2:0
dutch-open-2024	Senior Women -67kg	SF	635	ANYANACHO Elizabeth oluchi	NGR	ROBERTS Chloe	GBR	PTF	2:1
dutch-open-2024	Senior Women -67kg	F	540	ANYANACHO Elizabeth oluchi	NGR	KOERNDL Vanessa	GER	PTF	2:1
dutch-open-2024	Senior Women -73kg	R32	703	VALLO ZURDO Ane	ESP	RELJIKJ Miljana	MKD	PTF	2:1
dutch-open-2024	Senior Women -73kg	R32	704	CHAARI Sarah	BEL	HELDNER Laura	SUI		
dutch-open-2024	Senior Women -73kg	R32	1005	TESIC Nadja	SRB	HELVIGA Viktorija	LAT	PTF	2:0
dutch-open-2024	Senior Women -73kg	R32	1006	UZUNCAVDAR Sude yaren	TUR	GARCIA SUAREZ Helena	ESP	PTF	2:0
dutch-open-2024	Senior Women -73kg	R16	716	DIAKITE Bintou	FRA	VALLO ZURDO Ane	ESP	PTF	2:1
dutch-open-2024	Senior Women -73kg	R16	717	SEELE Lisa-marie	GER	MACKAY Ruby	GBR	PTF	2:1
dutch-open-2024	Senior Women -73kg	R16	718	PRZYBYSZ Weronika	POL	KETTEL Edda	GER	PTF	2:0
dutch-open-2024	Senior Women -73kg	R16	719	CHAARI Sarah	BEL	BLE Marie-Paule	FRA	PTF	2:0
dutch-open-2024	Senior Women -73kg	R16	1020	TESIC Nadja	SRB	CHIN I Chun	TPE	PTF	2:0
dutch-open-2024	Senior Women -73kg	R16	1021	HOERMANN Emily	GER	MINNIE Lea selina	GER	PTF	2:0
dutch-open-2024	Senior Women -73kg	R16	1022	JIRANKOVA Iveta	CZE	KRAMOH Courtney	GBR	PTF	2:1
dutch-open-2024	Senior Women -73kg	R16	1023	UZUNCAVDAR Sude yaren	TUR	NEDIC Marlen sophie	GER	PTF	2:0
dutch-open-2024	Senior Women -73kg	QF	730	DIAKITE Bintou	FRA	SEELE Lisa-marie	GER	PTF	2:0
dutch-open-2024	Senior Women -73kg	QF	731	CHAARI Sarah	BEL	PRZYBYSZ Weronika	POL	PTF	2:0
dutch-open-2024	Senior Women -73kg	QF	1031	TESIC Nadja	SRB	HOERMANN Emily	GER	PTF	2:0
dutch-open-2024	Senior Women -73kg	QF	1032	UZUNCAVDAR Sude yaren	TUR	JIRANKOVA Iveta	CZE	PTF	2:0
dutch-open-2024	Senior Women -73kg	SF	737	CHAARI Sarah	BEL	DIAKITE Bintou	FRA	PTF	2:0
dutch-open-2024	Senior Women -73kg	SF	1036	TESIC Nadja	SRB	UZUNCAVDAR Sude yaren	TUR	PTF	2:1
dutch-open-2024	Senior Women -73kg	F	740	CHAARI Sarah	BEL	TESIC Nadja	SRB	PTF	2:0
dutch-open-2024	Senior Women +73kg	R16	709	VIANA Alena	USA	MARTINEZ Ana	ESP	PTF	2:0
dutch-open-2024	Senior Women +73kg	R16	710	HAMADACHE Emna	FRA	KLOOSTERMAN Famke	NED	PTF	2:1
dutch-open-2024	Senior Women +73kg	R16	711	HADZIC Alema	GER	PEREIRA Raiany	BRA	PTF	2:0
dutch-open-2024	Senior Women +73kg	QF	724	HAREMZA Dagmara	POL	VIANA Alena	USA	PTF	2:0
dutch-open-2024	Senior Women +73kg	QF	725	WILLIAMS Lauren	GBR	CASTINEIRA Tania	ESP	PTF	2:1
dutch-open-2024	Senior Women +73kg	QF	726	KOWALCZUK Aleksandra	POL	HAMADACHE Emna	FRA	PTF	2:0
dutch-open-2024	Senior Women +73kg	QF	727	HADZIC Alema	GER	KECK Hannah	USA	PTF	2:0
dutch-open-2024	Senior Women +73kg	SF	734	WILLIAMS Lauren	GBR	HAREMZA Dagmara	POL	PTF	2:0
dutch-open-2024	Senior Women +73kg	SF	735	HADZIC Alema	GER	KOWALCZUK Aleksandra	POL	PTF	2:0
dutch-open-2024	Senior Women +73kg	F	739	WILLIAMS Lauren	GBR	HADZIC Alema	GER	RSC	2:0
sarajevo-u21-european-championships-2024	U21 Men -74kg	R64	101	ZELENKO Vladyslav	UKR	HARUTYUNYAN Jivan	ARM	PTF	2:0
sarajevo-u21-european-championships-2024	U21 Men -74kg	R64	102	AGUILAR Marcos	ESP	SITTEK Tomas	CZE	PTF	2:0
sarajevo-u21-european-championships-2024	U21 Men -74kg	R64	103	MANGIONE Angelo	ITA	KNARVIK Arne	NOR	PTF	2:0
sarajevo-u21-european-championships-2024	U21 Men -74kg	R64	104	GOGOBERIDZE Nika	GEO	ALIYEV Eljan	AZE	PTF	2:1
sarajevo-u21-european-championships-2024	U21 Men -74kg	R64	201	VESTERLUND Linus	SWE	SELIMI Ariant	KOS	PTF	2:0
sarajevo-u21-european-championships-2024	U21 Men -74kg	R64	202	AMRI Bassem	FRA	NECHIPAS Nikolay	AIN	PTF	2:1
sarajevo-u21-european-championships-2024	U21 Men -74kg	R64	203	GUMUS Kaan	GER	AGBOGBE Oswin	FRA	PTF	2:0
sarajevo-u21-european-championships-2024	U21 Men -74kg	R64	204	AGUSHI Elion	KOS	CAMMAERTS Andes	BEL	PTF	2:0
sarajevo-u21-european-championships-2024	U21 Men -74kg	R64	301	MILAN Juan Antonio	ESP	HUSIC Benjamin	BIH	PTF	2:0
sarajevo-u21-european-championships-2024	U21 Men -74kg	R64	302	KHUDIYEV Huseyn	AZE	LOTT Liam	GER	PTF	2:0
sarajevo-u21-european-championships-2024	U21 Men -74kg	R64	303	ANTONIADIS Ioannis	GRE	DAVASON Hogni	FRO	PTF	2:0
sarajevo-u21-european-championships-2024	U21 Men -74kg	R64	304	KOVACIC Lin	SLO	DUDARAU Kiryl	AIN	PTF	2:0
sarajevo-u21-european-championships-2024	U21 Men -74kg	R64	401	ISMAYILZADA Nijat	AZE	WRIGHT Oakley	GBR	PTF	2:0
sarajevo-u21-european-championships-2024	U21 Men -74kg	R64	402	SANTAS Kadir	TUR	SEKULIC Filip	NOR	PTF	2:0
sarajevo-u21-european-championships-2024	U21 Men -74kg	R64	403	CEDRUN Cesar	ESP	GALLAND Warrick	SUI	PTF	2:1
sarajevo-u21-european-championships-2024	U21 Men -74kg	R64	404	CHUMACHENKO Andrii	UKR	DANIELYAN Armen	ARM	PTF	2:0
sarajevo-u21-european-championships-2024	U21 Men -74kg	R32	113	ZELENKO Vladyslav	UKR	DAVIDOVIC Matija	SRB	PTF	2:1
sarajevo-u21-european-championships-2024	U21 Men -74kg	R32	114	AGUILAR Marcos	ESP	MURATOVI'C Mateo	MNE	WDR	1:0
sarajevo-u21-european-championships-2024	U21 Men -74kg	R32	115	MANGIONE Angelo	ITA	TURHAN Enes	TUR	PTF	2:1
sarajevo-u21-european-championships-2024	U21 Men -74kg	R32	116	MUSKEVITS Aleksand	EST	GOGOBERIDZE Nika	GEO	PTF	2:1
sarajevo-u21-european-championships-2024	U21 Men -74kg	R32	213	BABIC Jaka	SLO	VESTERLUND Linus	SWE	PTF	2:1
sarajevo-u21-european-championships-2024	U21 Men -74kg	R32	214	AMRI Bassem	FRA	MELANIFIDIS Georgi	GRE	PTF	2:0
sarajevo-u21-european-championships-2024	U21 Men -74kg	R32	215	HRYHORCHUK Andrii	UKR	GUMUS Kaan	GER	PTF	2:0
sarajevo-u21-european-championships-2024	U21 Men -74kg	R32	216	AGUSHI Elion	KOS	DZHEYRANOV Christo	CYP	PTF	2:1
sarajevo-u21-european-championships-2024	U21 Men -74kg	R32	313	MILAN Juan Antonio	ESP	SOPHOCLEOUS Antonis	CYP	PTF	2:0
sarajevo-u21-european-championships-2024	U21 Men -74kg	R32	314	BALAKA Artem	UKR	KHUDIYEV Huseyn	AZE	PTF	2:0
sarajevo-u21-european-championships-2024	U21 Men -74kg	R32	315	VYSOTIN Nikita	AIN	ANTONIADIS Ioannis	GRE	PTF	2:1
sarajevo-u21-european-championships-2024	U21 Men -74kg	R32	316	KOVACIC Lin	SLO	BERGMAN Tintin	SWE	PTF	2:0
sarajevo-u21-european-championships-2024	U21 Men -74kg	R32	413	ISMAYILZADA Nijat	AZE	HALASU Amir Dorin	ROU	PTF	2:0
sarajevo-u21-european-championships-2024	U21 Men -74kg	R32	414	SANTAS Kadir	TUR	CORDESCHI Francesc	ITA	PTF	2:0
sarajevo-u21-european-championships-2024	U21 Men -74kg	R32	415	DOYLE Ryan	IRL	CEDRUN Cesar	ESP	PTF	2:0
sarajevo-u21-european-championships-2024	U21 Men -74kg	R32	416	CHUMACHENKO Andrii	UKR	BURUSIC Marko	SRB	PTF	2:1
sarajevo-u21-european-championships-2024	U21 Men -74kg	R16	127	ZELENKO Vladyslav	UKR	BABIC Jaka	SLO	PTF	2:0
sarajevo-u21-european-championships-2024	U21 Men -74kg	R16	128	MANGIONE Angelo	ITA	HRYHORCHUK Andrii	UKR	PTF	2:0
sarajevo-u21-european-championships-2024	U21 Men -74kg	R16	227	MILAN Juan Antonio	ESP	ISMAYILZADA Nijat	AZE	PTF	2:0
sarajevo-u21-european-championships-2024	U21 Men -74kg	R16	228	VYSOTIN Nikita	AIN	DOYLE Ryan	IRL	PTF	2:0
sarajevo-u21-european-championships-2024	U21 Men -74kg	R16	327	AMRI Bassem	FRA	AGUILAR Marcos	ESP	PTF	2:0
sarajevo-u21-european-championships-2024	U21 Men -74kg	R16	328	MUSKEVITS Aleksand	EST	AGUSHI Elion	KOS	PTF	2:0
sarajevo-u21-european-championships-2024	U21 Men -74kg	R16	427	BALAKA Artem	UKR	SANTAS Kadir	TUR	PTF	2:1
sarajevo-u21-european-championships-2024	U21 Men -74kg	R16	428	KOVACIC Lin	SLO	CHUMACHENKO Andrii	UKR	PTF	2:0
sarajevo-u21-european-championships-2024	U21 Men -74kg	QF	134	MILAN Juan Antonio	ESP	ZELENKO Vladyslav	UKR	PTF	2:0
sarajevo-u21-european-championships-2024	U21 Men -74kg	QF	234	BALAKA Artem	UKR	AMRI Bassem	FRA	PTF	2:1
sarajevo-u21-european-championships-2024	U21 Men -74kg	QF	334	VYSOTIN Nikita	AIN	MANGIONE Angelo	ITA	PTF	2:0
sarajevo-u21-european-championships-2024	U21 Men -74kg	QF	434	MUSKEVITS Aleksand	EST	KOVACIC Lin	SLO	PTF	2:1
sarajevo-u21-european-championships-2024	U21 Men -74kg	SF	337	MILAN Juan Antonio	ESP	BALAKA Artem	UKR	PTF	2:0
sarajevo-u21-european-championships-2024	U21 Men -74kg	SF	437	VYSOTIN Nikita	AIN	MUSKEVITS Aleksand	EST	PTF	2:0
sarajevo-u21-european-championships-2024	U21 Men -74kg	F	342	MILAN Juan Antonio	ESP	VYSOTIN Nikita	AIN	PTF	2:1
sarajevo-u21-european-championships-2024	U21 Men -54kg	R64	105	TUFAN Egemen	TUR	OWEN Haddad	FRA	PTF	2:0
sarajevo-u21-european-championships-2024	U21 Men -54kg	R64	106	MELIKYAN Aleks	ARM	KLEKOURAS Ilias	GRE	PTF	2:0
sarajevo-u21-european-championships-2024	U21 Men -54kg	R64	107	GUSEINOV Damir	AIN	PONOMARENKO Vladyslav	UKR	PTF	2:0
sarajevo-u21-european-championships-2024	U21 Men -54kg	R64	108	NUNES Tiago	POR	VALIYEV Rahid	AZE	PTF	2:1
sarajevo-u21-european-championships-2024	U21 Men -54kg	R64	109	GEORGIEV Hristiyan	BUL	MIKLAVCIC Aljaz	SLO	PTF	2:0
sarajevo-u21-european-championships-2024	U21 Men -54kg	R64	205	CAMOGLU Furkan Ube	TUR	CIRIVELLO Gaetano	ITA	PTF	2:1
sarajevo-u21-european-championships-2024	U21 Men -54kg	R64	206	DADASHOV Sayyad	AZE	DERMANIS Spyridon	GRE	PTF	2:0
sarajevo-u21-european-championships-2024	U21 Men -54kg	R64	207	GUARDIOLA Eliot	FRA	TABACARI Igor	MDA	PTF	2:0
sarajevo-u21-european-championships-2024	U21 Men -54kg	R64	208	SHERRATT Alexander	GBR	CURKOVIC Marin	CRO	PTF	2:0
sarajevo-u21-european-championships-2024	U21 Men -54kg	R64	209	ADEMI Bleron	KOS	ESCOLAR Ivan	ESP	PTF	2:1
sarajevo-u21-european-championships-2024	U21 Men -54kg	R64	305	TAS yunus emre	TUR	CARRION Alejandro	ESP	PTF	2:0
sarajevo-u21-european-championships-2024	U21 Men -54kg	R64	306	KAFATARIDIS Ioanni	GRE	DAVILA Adrian	ESP	WDR	
sarajevo-u21-european-championships-2024	U21 Men -54kg	R64	307	PSARROS Aristeidis	GRE	MIAKHEL Arian	SWE	PTF	2:0
sarajevo-u21-european-championships-2024	U21 Men -54kg	R64	308	YELALDI Kaan	TUR	IVAN Faruk Eduard	ROU	PTF	2:0
sarajevo-u21-european-championships-2024	U21 Men -54kg	R64	309	ILIC Nikola	SRB	LA MATTINA Giovanni	ITA	PTF	2:1
sarajevo-u21-european-championships-2024	U21 Men -54kg	R64	405	VINOGRADOV Pavel	AIN	GASANOVI Rauph	GEO	PTF	2:1
sarajevo-u21-european-championships-2024	U21 Men -54kg	R64	406	MARWAN Mussa	SWE	LABONG Finn	GBR	PTF	2:0
sarajevo-u21-european-championships-2024	U21 Men -54kg	R64	407	AGENJO Jairo	ESP	ERCAN Yusuf	TUR	PTF	2:1
sarajevo-u21-european-championships-2024	U21 Men -54kg	R64	408	TRIANTAFYLLAKIS Dimitrios	GRE	ZYWARSKI Filip	POL	PTF	2:1
sarajevo-u21-european-championships-2024	U21 Men -54kg	R32	117	TUFAN Egemen	TUR	BULAVIN Mykyta	UKR	PTF	2:0
sarajevo-u21-european-championships-2024	U21 Men -54kg	R32	118	DADASHOV Sayyad	AZE	ERBULUT Berke	TUR	PTF	2:0
sarajevo-u21-european-championships-2024	U21 Men -54kg	R32	119	MANENKOV Maksym	UKR	GUARDIOLA Eliot	FRA	PTF	2:0
sarajevo-u21-european-championships-2024	U21 Men -54kg	R32	120	YELALDI Kaan	TUR	DONMEZ Abdullah	TUR	PTF	2:0
sarajevo-u21-european-championships-2024	U21 Men -54kg	R32	217	CAMOGLU Furkan Ube	TUR	TAS yunus emre	TUR	PTF	2:1
sarajevo-u21-european-championships-2024	U21 Men -54kg	R32	218	KAFATARIDIS Ioanni	GRE	OTERO Javier	ESP	PTF	2:0
sarajevo-u21-european-championships-2024	U21 Men -54kg	R32	219	AGENJO Jairo	ESP	PSARROS Aristeidis	GRE	PTF	2:0
sarajevo-u21-european-championships-2024	U21 Men -54kg	R32	220	TRIANTAFYLLAKIS Dimitrios	GRE	CAVALIC Eman	BIH	PTF	2:0
sarajevo-u21-european-championships-2024	U21 Men -54kg	R32	317	IVKOVIC Relja	SRB	VINOGRADOV Pavel	AIN	PTF	2:0
sarajevo-u21-european-championships-2024	U21 Men -54kg	R32	318	ROSCA Artiom	MDA	MARWAN Mussa	SWE	PTF	2:0
sarajevo-u21-european-championships-2024	U21 Men -54kg	R32	319	KHAZMALYAN Vahe	ARM	NUNES Tiago	POR	PTF	2:1
sarajevo-u21-european-championships-2024	U21 Men -54kg	R32	320	GEORGIEV Hristiyan	BUL	ADEMI Bleron	KOS	PTF	2:0
sarajevo-u21-european-championships-2024	U21 Men -54kg	R32	417	MOLJ Ozbolt	SLO	MELIKYAN Aleks	ARM	PTF	2:1
sarajevo-u21-european-championships-2024	U21 Men -54kg	R32	418	GUSEINOV Damir	AIN	ALESIO Mathis	FRA	PTF	2:0
sarajevo-u21-european-championships-2024	U21 Men -54kg	R32	419	SHERRATT Alexander	GBR	KAZLOU Aliaksandr	AIN	PTF	2:0
sarajevo-u21-european-championships-2024	U21 Men -54kg	R32	420	ILIC Nikola	SRB	N'GAIDE Idriss	FRA	PTF	2:0
sarajevo-u21-european-championships-2024	U21 Men -54kg	R16	129	CAMOGLU Furkan Ube	TUR	TUFAN Egemen	TUR	PTF	2:1
sarajevo-u21-european-championships-2024	U21 Men -54kg	R16	130	AGENJO Jairo	ESP	MANENKOV Maksym	UKR	PTF	2:0
sarajevo-u21-european-championships-2024	U21 Men -54kg	R16	229	IVKOVIC Relja	SRB	MOLJ Ozbolt	SLO	PTF	2:1
sarajevo-u21-european-championships-2024	U21 Men -54kg	R16	230	KHAZMALYAN Vahe	ARM	SHERRATT Alexander	GBR	WDR	
sarajevo-u21-european-championships-2024	U21 Men -54kg	R16	329	DADASHOV Sayyad	AZE	KAFATARIDIS Ioanni	GRE	PTF	2:0
sarajevo-u21-european-championships-2024	U21 Men -54kg	R16	330	YELALDI Kaan	TUR	TRIANTAFYLLAKIS Dimitrios	GRE	PTF	2:0
sarajevo-u21-european-championships-2024	U21 Men -54kg	R16	429	GUSEINOV Damir	AIN	ROSCA Artiom	MDA	PTF	2:0
sarajevo-u21-european-championships-2024	U21 Men -54kg	R16	430	GEORGIEV Hristiyan	BUL	ILIC Nikola	SRB	WDR	1:0
sarajevo-u21-european-championships-2024	U21 Men -54kg	QF	135	CAMOGLU Furkan Ube	TUR	IVKOVIC Relja	SRB	PTF	2:0
sarajevo-u21-european-championships-2024	U21 Men -54kg	QF	235	DADASHOV Sayyad	AZE	GUSEINOV Damir	AIN	PTF	2:0
sarajevo-u21-european-championships-2024	U21 Men -54kg	QF	335	AGENJO Jairo	ESP	KHAZMALYAN Vahe	ARM	PTF	2:0
sarajevo-u21-european-championships-2024	U21 Men -54kg	QF	435	GEORGIEV Hristiyan	BUL	YELALDI Kaan	TUR	PTF	2:0
sarajevo-u21-european-championships-2024	U21 Men -54kg	SF	138	CAMOGLU Furkan Ube	TUR	DADASHOV Sayyad	AZE	PTF	2:0
sarajevo-u21-european-championships-2024	U21 Men -54kg	SF	238	GEORGIEV Hristiyan	BUL	AGENJO Jairo	ESP	PTF	2:1
sarajevo-u21-european-championships-2024	U21 Men -54kg	F	340	CAMOGLU Furkan Ube	TUR	GEORGIEV Hristiyan	BUL	PTF	2:1
sarajevo-u21-european-championships-2024	U21 Women -57kg	R64	110	KICINSKA Klaudia	POL	ADREGO Ana	POR	PTF	2:0
sarajevo-u21-european-championships-2024	U21 Women -57kg	R64	210	SMIRNOVA Kseniia	AIN	TZELI Maria	GRE	PTF	2:1
sarajevo-u21-european-championships-2024	U21 Women -57kg	R64	310	KAYGISIZ Zehra	TUR	AJDUKOVIC Vesna	SRB	PTF	2:0
sarajevo-u21-european-championships-2024	U21 Women -57kg	R64	409	SENYURT Aleyna	TUR	CAUSSE Estelle	FRA	PTF	2:0
sarajevo-u21-european-championships-2024	U21 Women -57kg	R64	410	AKYAPIN Ezgi Naz	TUR	GHANNAM Maria	DEN	PTF	2:1
sarajevo-u21-european-championships-2024	U21 Women -57kg	R32	121	SENYURT Aleyna	TUR	SMIRNOVA Anastasiy	AIN	PTF	2:0
sarajevo-u21-european-championships-2024	U21 Women -57kg	R32	122	YAZICI Zumra	GER	KICINSKA Klaudia	POL	PTF	2:0
sarajevo-u21-european-championships-2024	U21 Women -57kg	R32	123	YANDOLOVSKAYA Ariadna	AIN	KAYGISIZ Zehra	TUR	PTF	2:0
sarajevo-u21-european-championships-2024	U21 Women -57kg	R32	124	KOSTENEVYCH Darya	UKR	STANTE Masa	SLO	PTF	2:0
sarajevo-u21-european-championships-2024	U21 Women -57kg	R32	221	DURDU Eylul Mina	TUR	RAVASKA Inka	FIN	PTF	2:0
sarajevo-u21-european-championships-2024	U21 Women -57kg	R32	222	VAN WIJNGAARDEN Jada	ESP	HAMZIC Dzejna	BIH	PTF	2:0
sarajevo-u21-european-championships-2024	U21 Women -57kg	R32	223	PEZZOLLA Lucia	ITA	KRAISNIK Ivana	BIH	PTF	2:0
sarajevo-u21-european-championships-2024	U21 Women -57kg	R32	224	REPOULIA Athanasia	GRE	BASHIROVA Leyla	AZE	PTF	2:0
sarajevo-u21-european-championships-2024	U21 Women -57kg	R32	321	VUKIC Margarita	CRO	COMAN Gabriela Bia	ROU	PTF	2:0
sarajevo-u21-european-championships-2024	U21 Women -57kg	R32	322	CUORVO Anna	ITA	STAMENKOVIC Teodor	SRB	PTF	2:0
sarajevo-u21-european-championships-2024	U21 Women -57kg	R32	323	RODRIGUEZ Laura	ESP	KRAJEWSKA Agnieszk	POL	PTF	2:0
sarajevo-u21-european-championships-2024	U21 Women -57kg	R32	324	TEGGERI Markella	CYP	HABIJANCI'C Sara	CRO	PTF	2:0
sarajevo-u21-european-championships-2024	U21 Women -57kg	R32	421	STUPAK Kateryna	UKR	KRIATSIOTI Anna maria	GRE	PTF	2:0
sarajevo-u21-european-championships-2024	U21 Women -57kg	R32	422	GOZ Mumune Nur	TUR	SMIRNOVA Kseniia	AIN	PTF	2:0
sarajevo-u21-european-championships-2024	U21 Women -57kg	R32	423	REZAIE Roja	GER	DUARTE Lara	POR	PTF	2:0
sarajevo-u21-european-championships-2024	U21 Women -57kg	R32	424	VITKO Yuliya	AIN	AKYAPIN Ezgi Naz	TUR	PTF	2:0
sarajevo-u21-european-championships-2024	U21 Women -57kg	R16	131	DURDU Eylul Mina	TUR	SENYURT Aleyna	TUR	PTF	2:1
sarajevo-u21-european-championships-2024	U21 Women -57kg	R16	132	PEZZOLLA Lucia	ITA	YANDOLOVSKAYA Ariadna	AIN	PTF	2:0
sarajevo-u21-european-championships-2024	U21 Women -57kg	R16	231	VUKIC Margarita	CRO	STUPAK Kateryna	UKR	PTF	1:0
sarajevo-u21-european-championships-2024	U21 Women -57kg	R16	232	RODRIGUEZ Laura	ESP	REZAIE Roja	GER	PTF	2:0
sarajevo-u21-european-championships-2024	U21 Women -57kg	R16	331	VAN WIJNGAARDEN Jada	ESP	YAZICI Zumra	GER	PTF	2:1
sarajevo-u21-european-championships-2024	U21 Women -57kg	R16	332	KOSTENEVYCH Darya	UKR	REPOULIA Athanasia	GRE	PTF	2:1
sarajevo-u21-european-championships-2024	U21 Women -57kg	R16	431	GOZ Mumune Nur	TUR	CUORVO Anna	ITA	PTF	2:0
sarajevo-u21-european-championships-2024	U21 Women -57kg	R16	432	VITKO Yuliya	AIN	TEGGERI Markella	CYP	PTF	2:0
sarajevo-u21-european-championships-2024	U21 Women -57kg	QF	136	DURDU Eylul Mina	TUR	VUKIC Margarita	CRO	PTF	2:0
sarajevo-u21-european-championships-2024	U21 Women -57kg	QF	236	GOZ Mumune Nur	TUR	VAN WIJNGAARDEN Jada	ESP	PTF	2:0
sarajevo-u21-european-championships-2024	U21 Women -57kg	QF	336	RODRIGUEZ Laura	ESP	PEZZOLLA Lucia	ITA	PTF	2:0
sarajevo-u21-european-championships-2024	U21 Women -57kg	QF	436	KOSTENEVYCH Darya	UKR	VITKO Yuliya	AIN	PTF	2:0
sarajevo-u21-european-championships-2024	U21 Women -57kg	SF	338	DURDU Eylul Mina	TUR	GOZ Mumune Nur	TUR	WDR	2:0
sarajevo-u21-european-championships-2024	U21 Women -57kg	SF	438	RODRIGUEZ Laura	ESP	KOSTENEVYCH Darya	UKR	PTF	2:0
sarajevo-u21-european-championships-2024	U21 Women -57kg	F	341	RODRIGUEZ Laura	ESP	DURDU Eylul Mina	TUR	PTF	2:1
sarajevo-u21-european-championships-2024	U21 Women +73kg	R32	111	MIKHAILOVA Juliia	AIN	PASTOR Ainhoa	ESP	PTF	2:0
sarajevo-u21-european-championships-2024	U21 Women +73kg	R32	112	PERALES Julia	ESP	KITSIOU Vasileia	GRE	PTF	2:0
sarajevo-u21-european-championships-2024	U21 Women +73kg	R32	211	KITSIOU Agoritsa A	GRE	KOSTA Dimitra	CYP	PTF	2:0
sarajevo-u21-european-championships-2024	U21 Women +73kg	R32	212	SEVIC Andjela	SRB	KRAPIVKA Anna	AIN	PTF	2:0
sarajevo-u21-european-championships-2024	U21 Women +73kg	R32	311	MIKHALCHUK Palina	AIN	SUSNJEVIC Jovana	SRB	PTF	2:0
sarajevo-u21-european-championships-2024	U21 Women +73kg	R32	312	CHTIOUI Hafsa Lian	DEN	KUTS Mariia	UKR	PTF	2:0
sarajevo-u21-european-championships-2024	U21 Women +73kg	R32	411	LEON Andrea Naiara	ESP	GEORGAKAKI-CHALDAI	GRE	PTF	1:0
sarajevo-u21-european-championships-2024	U21 Women +73kg	R32	412	MATIC Magdalena	CRO	SMITHERS Charleigh	IRL	PTF	2:0
sarajevo-u21-european-championships-2024	U21 Women +73kg	R16	125	MIKHAILOVA Juliia	AIN	BIRNI Nisa Nur	TUR	PTF	2:0
sarajevo-u21-european-championships-2024	U21 Women +73kg	R16	126	PERALES Julia	ESP	KARAK Ceren Azra	TUR	PTF	2:0
sarajevo-u21-european-championships-2024	U21 Women +73kg	R16	225	KITSIOU Agoritsa A	GRE	HUSOVIC Esmeralda	GER	PTF	2:0
sarajevo-u21-european-championships-2024	U21 Women +73kg	R16	226	SEVIC Andjela	SRB	FRANCISCA Maria	POR	PTF	2:0
sarajevo-u21-european-championships-2024	U21 Women +73kg	R16	325	MIKHALCHUK Palina	AIN	OUASSOU Mouna	FRA	PTF	2:1
sarajevo-u21-european-championships-2024	U21 Women +73kg	R16	326	CHTIOUI Hafsa Lian	DEN	HRVAT Amina	BIH	PTF	2:0
sarajevo-u21-european-championships-2024	U21 Women +73kg	R16	425	KAVUKCUOGLU Zehra	TUR	LEON Andrea Naiara	ESP	PTG	2:0
sarajevo-u21-european-championships-2024	U21 Women +73kg	R16	426	MATIC Magdalena	CRO	KOSEOGLU Elifnaz	TUR	PTF	2:1
sarajevo-u21-european-championships-2024	U21 Women +73kg	QF	133	KITSIOU Agoritsa A	GRE	MIKHAILOVA Juliia	AIN	PTF	2:1
sarajevo-u21-european-championships-2024	U21 Women +73kg	QF	233	KAVUKCUOGLU Zehra	TUR	MIKHALCHUK Palina	AIN	PTF	2:0
sarajevo-u21-european-championships-2024	U21 Women +73kg	QF	333	SEVIC Andjela	SRB	PERALES Julia	ESP	PTF	2:0
sarajevo-u21-european-championships-2024	U21 Women +73kg	QF	433	MATIC Magdalena	CRO	CHTIOUI Hafsa Lian	DEN	PTF	2:0
sarajevo-u21-european-championships-2024	U21 Women +73kg	SF	137	KAVUKCUOGLU Zehra	TUR	KITSIOU Agoritsa A	GRE	PTF	2:0
sarajevo-u21-european-championships-2024	U21 Women +73kg	SF	237	MATIC Magdalena	CRO	SEVIC Andjela	SRB	PTF	2:0
sarajevo-u21-european-championships-2024	U21 Women +73kg	F	339	KAVUKCUOGLU Zehra	TUR	MATIC Magdalena	CRO	PTF	2:0
sarajevo-u21-european-championships-2024	U21 Men -80kg	R32	107	KOVACIC Oscar	CRO	SZADKOWSKI Michal	POL	PTF	2:0
sarajevo-u21-european-championships-2024	U21 Men -80kg	R32	108	HOERMANN Vincent	GER	NESHYBA Tomas	CZE	PTF	2:0
sarajevo-u21-european-championships-2024	U21 Men -80kg	R32	109	KRPAN Vito	CRO	AKBABAOZ Muhammed	RTA	PTF	2:0
sarajevo-u21-european-championships-2024	U21 Men -80kg	R32	110	KILIC Yigithan	TUR	WEIDUM Dion	NED	PTF	2:0
sarajevo-u21-european-championships-2024	U21 Men -80kg	R32	207	VITKOVIC Nikola	SRB	CRISTESCU Mihai Ad	ROU	PTF	2:0
sarajevo-u21-european-championships-2024	U21 Men -80kg	R32	208	YEFIMOV Oleksandr	UKR	STEPANIUC Ion	MDA	PTF	2:0
sarajevo-u21-european-championships-2024	U21 Men -80kg	R32	209	GAFAROV Eltaj	AZE	CAMMAERTS Troy	BEL	PTF	1:0
sarajevo-u21-european-championships-2024	U21 Men -80kg	R32	306	MELNIKOV Artem	AIN	FERNANDEZ Mikel	ESP	PTF	2:0
sarajevo-u21-european-championships-2024	U21 Men -80kg	R32	307	AGRISAN Stefan Gab	ROU	HONCHAROV Kyrylo	UKR	PTF	1:0
sarajevo-u21-european-championships-2024	U21 Men -80kg	R32	308	SEREMET Nino	BIH	RADAKOVI'C Ognjen	SRB	PTF	2:1
sarajevo-u21-european-championships-2024	U21 Men -80kg	R32	309	GERRONE Antonio	ITA	STYLIANIDIS Aris	CYP	PTF	2:0
sarajevo-u21-european-championships-2024	U21 Men -80kg	R32	406	MALLO Iago	ESP	COSKUN Samet	TUR	PTF	2:0
sarajevo-u21-european-championships-2024	U21 Men -80kg	R32	407	ZAGORULKO Andrei	AIN	FEGATILLI Luigi	ITA	PTF	1:1
sarajevo-u21-european-championships-2024	U21 Men -80kg	R32	408	PAPADOPOULOS Ioann	GRE	ROMUNDSET Martin	NOR	PTF	1:0
sarajevo-u21-european-championships-2024	U21 Men -80kg	R32	409	JELIC Tomislav	CRO	BALCIUNAS Gabijus	LTU	PTF	2:0
sarajevo-u21-european-championships-2024	U21 Men -80kg	R16	120	KOVACIC Oscar	CRO	MALLO Iago	ESP	PTF	2:0
sarajevo-u21-european-championships-2024	U21 Men -80kg	R16	121	PAPADOPOULOS Ioann	GRE	KRPAN Vito	CRO	PTF	2:0
sarajevo-u21-european-championships-2024	U21 Men -80kg	R16	220	AGRISAN Stefan Gab	ROU	VITKOVIC Nikola	SRB	PTF	2:1
sarajevo-u21-european-championships-2024	U21 Men -80kg	R16	221	GAFAROV Eltaj	AZE	GERRONE Antonio	ITA	PTF	2:1
sarajevo-u21-european-championships-2024	U21 Men -80kg	R16	320	ZAGORULKO Andrei	AIN	HOERMANN Vincent	GER	PTF	2:0
sarajevo-u21-european-championships-2024	U21 Men -80kg	R16	321	KILIC Yigithan	TUR	JELIC Tomislav	CRO	WDR	
sarajevo-u21-european-championships-2024	U21 Men -80kg	R16	419	SOKOLOWSKI Mikolaj	POL	MELNIKOV Artem	AIN	PTF	
sarajevo-u21-european-championships-2024	U21 Men -80kg	R16	420	SEREMET Nino	BIH	YEFIMOV Oleksandr	UKR	PTF	2:1
sarajevo-u21-european-championships-2024	U21 Men -80kg	QF	128	ZAGORULKO Andrei	AIN	AGRISAN Stefan Gab	ROU	PTF	2:0
sarajevo-u21-european-championships-2024	U21 Men -80kg	QF	228	PAPADOPOULOS Ioann	GRE	SEREMET Nino	BIH	PTF	2:0
sarajevo-u21-european-championships-2024	U21 Men -80kg	QF	328	KILIC Yigithan	TUR	GAFAROV Eltaj	AZE	PTF	2:0
sarajevo-u21-european-championships-2024	U21 Men -80kg	QF	427	KOVACIC Oscar	CRO	SOKOLOWSKI Mikolaj	POL	PTF	2:0
sarajevo-u21-european-championships-2024	U21 Men -80kg	SF	132	KILIC Yigithan	TUR	PAPADOPOULOS Ioann	GRE	PTF	2:0
sarajevo-u21-european-championships-2024	U21 Men -80kg	SF	431	ZAGORULKO Andrei	AIN	KOVACIC Oscar	CRO	PTF	2:0
sarajevo-u21-european-championships-2024	U21 Men -80kg	F	334	KILIC Yigithan	TUR	ZAGORULKO Andrei	AIN	PTF	2:0
sarajevo-u21-european-championships-2024	U21 Men -58kg	R64	101	DIMITROPOULOS Kons	GRE	MEHLMANN Daniel	GER	PTF	2:0
sarajevo-u21-european-championships-2024	U21 Men -58kg	R64	102	FLEGAR Jan	CRO	SERER Fran	CRO	PTF	2:0
sarajevo-u21-european-championships-2024	U21 Men -58kg	R64	103	CHARNIAK Viktar	AIN	CONOS Mihail	MDA	PTF	2:0
sarajevo-u21-european-championships-2024	U21 Men -58kg	R64	104	BADEM Yusuf	TUR	DEL VECCHIO Teodoro	ITA	PTF	1:0
sarajevo-u21-european-championships-2024	U21 Men -58kg	R64	201	KAPLAN Enes	TUR	KLJAJIC Nikola	SRB	SUP	2:1
sarajevo-u21-european-championships-2024	U21 Men -58kg	R64	202	HIDALGO Alvaro	ESP	ROSSOKHATYI Ruslan	UKR	PTF	2:0
sarajevo-u21-european-championships-2024	U21 Men -58kg	R64	203	ILHAN Serdar	TUR	GHAZARYAN Hayk	ARM	PTF	2:0
sarajevo-u21-european-championships-2024	U21 Men -58kg	R64	204	DAYIOGLU Omer faruk	TUR	ADILOVIC Fahrudin	BIH	PTF	3:0
sarajevo-u21-european-championships-2024	U21 Men -58kg	R64	301	LOPES Tiago	POR	DRAZKIEWICZ Igor	POL	PTF	2:1
sarajevo-u21-european-championships-2024	U21 Men -58kg	R64	302	BOUKARNIA Amine	FRA	ALEXANDRU Miu	ROU	PTF	2:0
sarajevo-u21-european-championships-2024	U21 Men -58kg	R64	303	PAPAIOANNOU Marios Leonidas	GRE	SULEYMANOV Aydin	AZE	PTF	2:0
sarajevo-u21-european-championships-2024	U21 Men -58kg	R64	401	MOLJ Domen	SLO	BELLO David	ESP	PTF	2:0
sarajevo-u21-european-championships-2024	U21 Men -58kg	R64	402	STRUGLINSKI Bartos	POL	BAHTANOVIC Hamza	BIH	PTF	2:0
sarajevo-u21-european-championships-2024	U21 Men -58kg	R64	403	VASILIC Todor	SRB	NESTOROVI'C Vasili	MNE	PTF	2:0
sarajevo-u21-european-championships-2024	U21 Men -58kg	R32	112	FRAILE Jesus	ESP	IOANNOU Stelios	CYP	PTF	1:0
sarajevo-u21-european-championships-2024	U21 Men -58kg	R32	113	FLEGAR Jan	CRO	NACHEV Luboslav	BUL	PTF	2:0
sarajevo-u21-european-championships-2024	U21 Men -58kg	R32	114	MIRZOIEV Samir	UKR	CHARNIAK Viktar	AIN	PTF	2:0
sarajevo-u21-european-championships-2024	U21 Men -58kg	R32	115	BADEM Yusuf	TUR	PAZOS Alex	ESP	PTF	2:0
sarajevo-u21-european-championships-2024	U21 Men -58kg	R32	212	KAPLAN Enes	TUR	GANJOLA Adzija	MNE	PTF	2:0
sarajevo-u21-european-championships-2024	U21 Men -58kg	R32	213	HIDALGO Alvaro	ESP	PINTO Tiago	POR	PTF	2:0
sarajevo-u21-european-championships-2024	U21 Men -58kg	R32	214	ILHAN Serdar	TUR	SIMEONOV Martin	BUL	PTF	2:0
sarajevo-u21-european-championships-2024	U21 Men -58kg	R32	215	GUMUS Feyyaz	GER	BITSUEV Kantemir	AIN	PTF	2:0
sarajevo-u21-european-championships-2024	U21 Men -58kg	R32	312	MERDANAJ Ernest	ALB	LOPES Tiago	POR	PTF	2:0
sarajevo-u21-european-championships-2024	U21 Men -58kg	R32	313	DE DIOS JOSE Alex	ESP	BOUKARNIA Amine	FRA	PTF	2:0
sarajevo-u21-european-championships-2024	U21 Men -58kg	R32	314	MAGOMEDOV Magomedg	AIN	PAPAIOANNOU Marios Leonidas	GRE	PTF	2:0
sarajevo-u21-european-championships-2024	U21 Men -58kg	R32	315	DAYIOGLU Omer faruk	TUR	PETERSEN Felix Moon	DEN	PTF	2:0
sarajevo-u21-european-championships-2024	U21 Men -58kg	R32	411	DIMITROPOULOS Kons	GRE	SARSOZA Zack	GBR	PTF	2:0
sarajevo-u21-european-championships-2024	U21 Men -58kg	R32	412	MOLJ Domen	SLO	NEUBAUER Michael	AUT	PTF	2:0
sarajevo-u21-european-championships-2024	U21 Men -58kg	R32	413	STRUGLINSKI Bartos	POL	HRABEC Dimitrije	SRB	PTF	1:1
sarajevo-u21-european-championships-2024	U21 Men -58kg	R32	414	VASILIC Todor	SRB	ABBASOV Malik	AZE	PTF	2:0
sarajevo-u21-european-championships-2024	U21 Men -58kg	R16	124	KAPLAN Enes	TUR	MERDANAJ Ernest	ALB	PTF	2:0
sarajevo-u21-european-championships-2024	U21 Men -58kg	R16	125	ILHAN Serdar	TUR	MAGOMEDOV Magomedg	AIN	PTF	2:0
sarajevo-u21-european-championships-2024	U21 Men -58kg	R16	224	MOLJ Domen	SLO	FLEGAR Jan	CRO	PTF	2:0
sarajevo-u21-european-championships-2024	U21 Men -58kg	R16	225	BADEM Yusuf	TUR	VASILIC Todor	SRB	WDR	2:0
sarajevo-u21-european-championships-2024	U21 Men -58kg	R16	324	DE DIOS JOSE Alex	ESP	HIDALGO Alvaro	ESP	PTF	2:1
sarajevo-u21-european-championships-2024	U21 Men -58kg	R16	325	DAYIOGLU Omer faruk	TUR	GUMUS Feyyaz	GER	PTF	2:0
sarajevo-u21-european-championships-2024	U21 Men -58kg	R16	423	DIMITROPOULOS Kons	GRE	FRAILE Jesus	ESP	PTF	2:0
sarajevo-u21-european-championships-2024	U21 Men -58kg	R16	424	MIRZOIEV Samir	UKR	STRUGLINSKI Bartos	POL	PTF	2:0
sarajevo-u21-european-championships-2024	U21 Men -58kg	QF	130	MOLJ Domen	SLO	DE DIOS JOSE Alex	ESP	PTF	2:1
sarajevo-u21-european-championships-2024	U21 Men -58kg	QF	230	MIRZOIEV Samir	UKR	ILHAN Serdar	TUR	PTF	2:0
sarajevo-u21-european-championships-2024	U21 Men -58kg	QF	330	BADEM Yusuf	TUR	DAYIOGLU Omer faruk	TUR	PTF	2:1
sarajevo-u21-european-championships-2024	U21 Men -58kg	QF	429	KAPLAN Enes	TUR	DIMITROPOULOS Kons	GRE	PTF	2:0
sarajevo-u21-european-championships-2024	U21 Men -58kg	SF	133	MIRZOIEV Samir	UKR	BADEM Yusuf	TUR	PTF	2:0
sarajevo-u21-european-championships-2024	U21 Men -58kg	SF	432	KAPLAN Enes	TUR	MOLJ Domen	SLO	PTF	2:0
sarajevo-u21-european-championships-2024	U21 Men -58kg	F	337	KAPLAN Enes	TUR	MIRZOIEV Samir	UKR	PTF	2:1
sarajevo-u21-european-championships-2024	U21 Women -73kg	R32	111	UZUNCAVDAR Sude Ya	TUR	ATHANASIOU Maria Z	GRE	PTF	2:0
sarajevo-u21-european-championships-2024	U21 Women -73kg	R32	210	MEHMEDOVIC Nadina	BIH	SANDIC Zorana	BIH	PTF	2:0
sarajevo-u21-european-championships-2024	U21 Women -73kg	R32	211	DEMIR Kardelen	TUR	ARISTOTELOUS Rafae	CYP	PTF	2:1
sarajevo-u21-european-championships-2024	U21 Women -73kg	R32	310	DUMINA Mariia	UKR	KRAINOVA Marharyta	UKR	PTF	2:0
sarajevo-u21-european-championships-2024	U21 Women -73kg	R32	311	VALLO Ane	ESP	KUCHERIAVA Polina	UKR	PTF	2:0
sarajevo-u21-european-championships-2024	U21 Women -73kg	R32	410	PETROVIC Iva	SRB	LEVENTI Vasiliki	GRE	PTF	2:0
sarajevo-u21-european-championships-2024	U21 Women -73kg	R16	122	MASTELIC Mila	CRO	PARCINA Mariela	CRO	PTF	2:0
sarajevo-u21-european-championships-2024	U21 Women -73kg	R16	123	KOSMYCHEVA Anastas	AIN	DEMIR Kardelen	TUR	PTF	2:1
sarajevo-u21-european-championships-2024	U21 Women -73kg	R16	222	GARCIA Helena	ESP	DUMINA Mariia	UKR	PTF	2:0
sarajevo-u21-european-championships-2024	U21 Women -73kg	R16	223	NOWAK Julia	POL	RUDOLF Nika	SLO	PTF	2:0
sarajevo-u21-european-championships-2024	U21 Women -73kg	R16	322	SHVEDKOVA Polina	AIN	PETROVIC Iva	SRB	PTF	2:0
sarajevo-u21-european-championships-2024	U21 Women -73kg	R16	323	VALLO Ane	ESP	GLUMAC Nadja	SRB	PTF	2:0
sarajevo-u21-european-championships-2024	U21 Women -73kg	R16	421	MEHMEDOVIC Nadina	BIH	PODOLIAN Renata	UKR	PTF	2:1
sarajevo-u21-european-championships-2024	U21 Women -73kg	R16	422	UZUNCAVDAR Sude Ya	TUR	HELVIGA Viktorija	LAT	PTF	2:0
sarajevo-u21-european-championships-2024	U21 Women -73kg	QF	129	SHVEDKOVA Polina	AIN	GARCIA Helena	ESP	PTF	2:0
sarajevo-u21-european-championships-2024	U21 Women -73kg	QF	229	KOSMYCHEVA Anastas	AIN	UZUNCAVDAR Sude Ya	TUR	PTF	2:1
sarajevo-u21-european-championships-2024	U21 Women -73kg	QF	329	NOWAK Julia	POL	VALLO Ane	ESP	PTF	2:1
sarajevo-u21-european-championships-2024	U21 Women -73kg	QF	428	MASTELIC Mila	CRO	MEHMEDOVIC Nadina	BIH	PTF	2:0
sarajevo-u21-european-championships-2024	U21 Women -73kg	SF	232	MASTELIC Mila	CRO	SHVEDKOVA Polina	AIN	PTF	2:0
sarajevo-u21-european-championships-2024	U21 Women -73kg	SF	332	KOSMYCHEVA Anastas	AIN	NOWAK Julia	POL	PTF	2:0
sarajevo-u21-european-championships-2024	U21 Women -73kg	F	336	KOSMYCHEVA Anastas	AIN	MASTELIC Mila	CRO	PTF	2:1
sarajevo-u21-european-championships-2024	U21 Women -53kg	R64	105	KAADACH Sophia jusra	DEN	GONCALVES Lara	POR	PTF	2:1
sarajevo-u21-european-championships-2024	U21 Women -53kg	R64	106	GARCIA Sofia	ESP	KOSTADINOVA Stanis	BUL	PTF	2:0
sarajevo-u21-european-championships-2024	U21 Women -53kg	R64	205	UZUNCAVDAR Sila Ir	TUR	KOKOC Zeynep Duru	TUR	PTF	2:0
sarajevo-u21-european-championships-2024	U21 Women -53kg	R64	206	KUKIC Iva	SRB	PLUGARU Bianca	MDA	PTF	1:0
sarajevo-u21-european-championships-2024	U21 Women -53kg	R64	304	ASIMI Adiba	GER	BABIANO Erika	ESP	PTF	2:1
sarajevo-u21-european-championships-2024	U21 Women -53kg	R64	305	BOKAN Andrea	SRB	ABDULLAYEVA Nigar	AZE	PTF	2:0
sarajevo-u21-european-championships-2024	U21 Women -53kg	R64	404	KOKOSI Anastasia Nektaria	GRE	MAYER Leonie	GER	PTF	2:1
sarajevo-u21-european-championships-2024	U21 Women -53kg	R64	405	MEISTININKAITE Ger	LTU	KAOURTISHI Zeta	CYP	PTF	2:0
sarajevo-u21-european-championships-2024	U21 Women -53kg	R32	116	AVDAGIC Ada	BIH	MATONTI Ilenia Eli	ITA	PTF	2:0
sarajevo-u21-european-championships-2024	U21 Women -53kg	R32	117	EFITSENKO Sofia	AIN	LAGHRISSI Nadira	SWE	PTF	2:0
sarajevo-u21-european-championships-2024	U21 Women -53kg	R32	118	CELIK Senanur	TUR	BURUIANA Andreea	ROU	PTF	2:0
sarajevo-u21-european-championships-2024	U21 Women -53kg	R32	119	OZBEY Oyku	TUR	ROMERO Noa	ESP	PTF	2:0
sarajevo-u21-european-championships-2024	U21 Women -53kg	R32	216	KLAKALA Magdalini	GRE	PERNISCHOVA Simona	SVK	PTF	2:0
sarajevo-u21-european-championships-2024	U21 Women -53kg	R32	217	RADAK Teodora	SRB	RABAUT Elien	BEL	WDR	
sarajevo-u21-european-championships-2024	U21 Women -53kg	R32	218	KINGSLEY Lily	GBR	PETRIDI Aimilia	CYP	PTF	2:1
sarajevo-u21-european-championships-2024	U21 Women -53kg	R32	219	KAMKASOUMPHOU Leny	FRA	STOJANOVIC Nina	SRB	PTF	2:0
sarajevo-u21-european-championships-2024	U21 Women -53kg	R32	316	KOKOSI Anastasia Nektaria	GRE	HAIVORONSKA Anasta	UKR	PTF	2:0
sarajevo-u21-european-championships-2024	U21 Women -53kg	R32	317	UZUNCAVDAR Sila Ir	TUR	SUSILUOTO Inari	FIN	PTF	2:0
sarajevo-u21-european-championships-2024	U21 Women -53kg	R32	318	MEISTININKAITE Ger	LTU	PAGANI Iris vasiliki	GRE	PTF	2:1
sarajevo-u21-european-championships-2024	U21 Women -53kg	R32	319	KARABELEVA Erika	BUL	KUKIC Iva	SRB	PTF	2:0
sarajevo-u21-european-championships-2024	U21 Women -53kg	R32	415	ASIMI Adiba	GER	CHESALKINA Iryna	UKR	PTF	2:0
sarajevo-u21-european-championships-2024	U21 Women -53kg	R32	416	FISKA Melina Dimit	GRE	KAADACH Sophia jusra	DEN	PTF	2:0
sarajevo-u21-european-championships-2024	U21 Women -53kg	R32	417	BOKAN Andrea	SRB	OSMANOVA Samarrukh	AZE	PTF	2:0
sarajevo-u21-european-championships-2024	U21 Women -53kg	R32	418	GARCIA Sofia	ESP	DUJMIC Helena	CRO	PTF	2:0
sarajevo-u21-european-championships-2024	U21 Women -53kg	R16	126	KLAKALA Magdalini	GRE	KOKOSI Anastasia Nektaria	GRE	PTF	2:0
sarajevo-u21-european-championships-2024	U21 Women -53kg	R16	127	KINGSLEY Lily	GBR	MEISTININKAITE Ger	LTU	PTF	2:0
sarajevo-u21-european-championships-2024	U21 Women -53kg	R16	226	EFITSENKO Sofia	AIN	FISKA Melina Dimit	GRE	PTF	2:0
sarajevo-u21-european-championships-2024	U21 Women -53kg	R16	227	OZBEY Oyku	TUR	GARCIA Sofia	ESP	PTF	2:0
sarajevo-u21-european-championships-2024	U21 Women -53kg	R16	326	UZUNCAVDAR Sila Ir	TUR	RADAK Teodora	SRB	PTF	2:0
sarajevo-u21-european-championships-2024	U21 Women -53kg	R16	327	KARABELEVA Erika	BUL	KAMKASOUMPHOU Leny	FRA	PTF	2:0
sarajevo-u21-european-championships-2024	U21 Women -53kg	R16	425	AVDAGIC Ada	BIH	ASIMI Adiba	GER	PTF	2:0
sarajevo-u21-european-championships-2024	U21 Women -53kg	R16	426	BOKAN Andrea	SRB	CELIK Senanur	TUR	PTF	2:1
sarajevo-u21-european-championships-2024	U21 Women -53kg	QF	131	UZUNCAVDAR Sila Ir	TUR	EFITSENKO Sofia	AIN	PTF	2:1
sarajevo-u21-european-championships-2024	U21 Women -53kg	QF	231	BOKAN Andrea	SRB	KINGSLEY Lily	GBR	PTF	2:1
sarajevo-u21-european-championships-2024	U21 Women -53kg	QF	331	OZBEY Oyku	TUR	KARABELEVA Erika	BUL	PTF	2:0
sarajevo-u21-european-championships-2024	U21 Women -53kg	QF	430	AVDAGIC Ada	BIH	KLAKALA Magdalini	GRE	PTF	2:1
sarajevo-u21-european-championships-2024	U21 Women -53kg	SF	233	UZUNCAVDAR Sila Ir	TUR	AVDAGIC Ada	BIH	PTF	2:0
sarajevo-u21-european-championships-2024	U21 Women -53kg	SF	333	BOKAN Andrea	SRB	OZBEY Oyku	TUR	WDR	2:0
sarajevo-u21-european-championships-2024	U21 Women -53kg	F	335	UZUNCAVDAR Sila Ir	TUR	BOKAN Andrea	SRB	PTF	2:0
sarajevo-u21-european-championships-2024	U21 Men -87kg	R32	105	AJDUKOVIC Dimitrije	SRB	BASIC Rok	CRO	PTF	2:0
sarajevo-u21-european-championships-2024	U21 Men -87kg	R32	205	SKUDRIT Ivan	AIN	PATTICHIS Alexis	CYP	PTF	2:0
sarajevo-u21-european-championships-2024	U21 Men -87kg	R32	305	COSKUN Kagan	TUR	ŠIAULYS Emilis	LTU	PTF	2:0
sarajevo-u21-european-championships-2024	U21 Men -87kg	R32	404	BRANTUŠA Roko	CRO	ELENIN Nicolai	MDA	PTF	2:0
sarajevo-u21-european-championships-2024	U21 Men -87kg	R32	405	BUDIN Vladislav	AIN	SNACOV Laurentiu	ROU	PTF	2:0
sarajevo-u21-european-championships-2024	U21 Men -87kg	R16	118	SKUDRIT Ivan	AIN	VIEGAS Natalio Ale	POR	PTF	2:0
sarajevo-u21-european-championships-2024	U21 Men -87kg	R16	119	BUDIN Vladislav	AIN	BENITEZ Alejandro	ESP	PTF	2:0
sarajevo-u21-european-championships-2024	U21 Men -87kg	R16	217	MARETIS Rafail Ioannis	GRE	BRANTUŠA Roko	CRO	PTF	2:1
sarajevo-u21-european-championships-2024	U21 Men -87kg	R16	218	CELIK Ertugrul	TUR	COSKUN Kagan	TUR	WDR	1:0
sarajevo-u21-european-championships-2024	U21 Men -87kg	R16	317	LIUBINSKI Stsiapan	AIN	DZIADOVICH Mikhail	AIN	PTF	2:0
sarajevo-u21-european-championships-2024	U21 Men -87kg	R16	318	TROITINO Sergio	ESP	MARTIN Alejandro	ESP	PTF	2:0
sarajevo-u21-european-championships-2024	U21 Men -87kg	R16	417	AJDUKOVIC Dimitrije	SRB	DOGRU Munir Furkan	TUR	PTF	2:1
sarajevo-u21-european-championships-2024	U21 Men -87kg	R16	418	JOCHMAN Adam	CZE	ILIOPOULOS Grigori	GRE	PTF	2:0
sarajevo-u21-european-championships-2024	U21 Men -87kg	QF	126	BUDIN Vladislav	AIN	JOCHMAN Adam	CZE	PTF	2:0
sarajevo-u21-european-championships-2024	U21 Men -87kg	QF	225	MARETIS Rafail Ioannis	GRE	LIUBINSKI Stsiapan	AIN	PTF	2:0
sarajevo-u21-european-championships-2024	U21 Men -87kg	QF	325	AJDUKOVIC Dimitrije	SRB	SKUDRIT Ivan	AIN	PTF	2:1
sarajevo-u21-european-championships-2024	U21 Men -87kg	QF	425	TROITINO Sergio	ESP	CELIK Ertugrul	TUR	PTF	2:0
sarajevo-u21-european-championships-2024	U21 Men -87kg	SF	229	MARETIS Rafail Ioannis	GRE	AJDUKOVIC Dimitrije	SRB	PTF	2:1
sarajevo-u21-european-championships-2024	U21 Men -87kg	SF	329	TROITINO Sergio	ESP	BUDIN Vladislav	AIN	PTF	2:0
sarajevo-u21-european-championships-2024	U21 Men -87kg	F	334	TROITINO Sergio	ESP	MARETIS Rafail Ioannis	GRE	PTF	2:0
sarajevo-u21-european-championships-2024	U21 Men -63kg	R64	101	MIRZOIEV Simur	UKR	XANTHAKOS Ioannis Marios	GRE	PTF	2:1
sarajevo-u21-european-championships-2024	U21 Men -63kg	R64	102	IURLARO Ludovico	ITA	BANDAREVICH Maksim	AIN	PTF	2:0
sarajevo-u21-european-championships-2024	U21 Men -63kg	R64	103	SANCHIS Izan	ESP	ADEMI Valton	KOS	PTF	2:1
sarajevo-u21-european-championships-2024	U21 Men -63kg	R64	104	KILICKAYA Oguzhan	TUR	BULATOVIC Nikolaj	SLO	PTF	2:1
sarajevo-u21-european-championships-2024	U21 Men -63kg	R64	201	MARTINS Alfredo	POR	NUKIC Esad	BIH	PTF	2:0
sarajevo-u21-european-championships-2024	U21 Men -63kg	R64	202	FILIP Raul Mario	ROU	COSNEANU Gheorghe	MDA	PTF	2:0
sarajevo-u21-european-championships-2024	U21 Men -63kg	R64	203	PARUZEK Krystof	CZE	GKOLEMIS Ioannis christos	GRE	PTF	2:1
sarajevo-u21-european-championships-2024	U21 Men -63kg	R64	204	KUZNIETSOV Artom	UKR	PALOURTIS Charalam	CYP	PTF	2:0
sarajevo-u21-european-championships-2024	U21 Men -63kg	R64	301	BARETTA Dennis	ITA	LANDA Karan	GBR	PTF	2:0
sarajevo-u21-european-championships-2024	U21 Men -63kg	R64	302	MITKOV Stanislav	BUL	ZEHETNER Felix	AUT	PTF	2:0
sarajevo-u21-european-championships-2024	U21 Men -63kg	R64	303	KIRILIN Vladimir	MDA	VUKOVIC Mario	MNE	PTF	2:0
sarajevo-u21-european-championships-2024	U21 Men -63kg	R64	304	AYDOGAN Hamza Osma	TUR	KORNEEV Lev	SRB	PTF	2:1
sarajevo-u21-european-championships-2024	U21 Men -63kg	R64	401	CAVUSMAN Emre	GER	ZOTOV Yehor	UKR	PTF	2:0
sarajevo-u21-european-championships-2024	U21 Men -63kg	R64	402	RIBBESTAD Markus	SWE	SAFARYN Piotr	POL	PTF	2:0
sarajevo-u21-european-championships-2024	U21 Men -63kg	R64	403	ATIADEVEY Kody	DEN	GERARDIS Georgios	GRE	PTF	2:0
sarajevo-u21-european-championships-2024	U21 Men -63kg	R32	114	BARETTA Dennis	ITA	VAN LIMPT Joep	NED	PTF	2:0
sarajevo-u21-european-championships-2024	U21 Men -63kg	R32	115	MITKOV Stanislav	BUL	VEGA Rommel Alejan	ESP	PTF	2:0
sarajevo-u21-european-championships-2024	U21 Men -63kg	R32	116	KIRILIN Vladimir	MDA	MATUZIC Lucio	CRO	PTF	2:0
sarajevo-u21-european-championships-2024	U21 Men -63kg	R32	117	SALIMOV Vasif	AZE	AYDOGAN Hamza Osma	TUR	PTF	2:0
sarajevo-u21-european-championships-2024	U21 Men -63kg	R32	213	MIRZOIEV Simur	UKR	KOPYLOV Danil	AIN	PTF	2:0
sarajevo-u21-european-championships-2024	U21 Men -63kg	R32	214	MOLCHAN Maksim	AIN	CAVUSMAN Emre	GER	PTF	2:1
sarajevo-u21-european-championships-2024	U21 Men -63kg	R32	215	RIBBESTAD Markus	SWE	MILETIC Mateja	SRB	PTF	2:0
sarajevo-u21-european-championships-2024	U21 Men -63kg	R32	216	ATIADEVEY Kody	DEN	SUSILUOTO Otto	FIN	PTF	2:0
sarajevo-u21-european-championships-2024	U21 Men -63kg	R32	313	AGAPOV Dmytriy	POR	VUKOTIC Danilo	BIH	PTF	2:1
sarajevo-u21-european-championships-2024	U21 Men -63kg	R32	314	IURLARO Ludovico	ITA	FLOURIS Iosif	CYP	PTF	2:0
sarajevo-u21-european-championships-2024	U21 Men -63kg	R32	315	CAPUANO Lorenzo	FRA	SANCHIS Izan	ESP	PTF	2:0
sarajevo-u21-european-championships-2024	U21 Men -63kg	R32	316	KILICKAYA Oguzhan	TUR	NIKOLAIDIS Alexios	GRE	PTF	2:1
sarajevo-u21-european-championships-2024	U21 Men -63kg	R32	413	PANAGOPOULOS Apostolos	GRE	MARTINS Alfredo	POR	WDR	
sarajevo-u21-european-championships-2024	U21 Men -63kg	R32	414	GEORGIEV Victor	BUL	FILIP Raul Mario	ROU	PTF	2:0
sarajevo-u21-european-championships-2024	U21 Men -63kg	R32	415	CHRZANOWSKI Mateus	POL	PARUZEK Krystof	CZE	PTF	2:0
sarajevo-u21-european-championships-2024	U21 Men -63kg	R32	416	KUZNIETSOV Artom	UKR	SANZ Alejandro	ESP	PTF	2:0
sarajevo-u21-european-championships-2024	U21 Men -63kg	R16	124	MITKOV Stanislav	BUL	GEORGIEV Victor	BUL	PTF	2:1
sarajevo-u21-european-championships-2024	U21 Men -63kg	R16	125	SALIMOV Vasif	AZE	KUZNIETSOV Artom	UKR	PTF	2:0
sarajevo-u21-european-championships-2024	U21 Men -63kg	R16	223	MIRZOIEV Simur	UKR	AGAPOV Dmytriy	POR	PTF	2:0
sarajevo-u21-european-championships-2024	U21 Men -63kg	R16	224	CAPUANO Lorenzo	FRA	RIBBESTAD Markus	SWE	PTF	2:0
sarajevo-u21-european-championships-2024	U21 Men -63kg	R16	323	BARETTA Dennis	ITA	PANAGOPOULOS Apostolos	GRE	PTF	2:0
sarajevo-u21-european-championships-2024	U21 Men -63kg	R16	324	CHRZANOWSKI Mateus	POL	KIRILIN Vladimir	MDA	PTF	2:0
sarajevo-u21-european-championships-2024	U21 Men -63kg	R16	423	IURLARO Ludovico	ITA	MOLCHAN Maksim	AIN	PTF	2:0
sarajevo-u21-european-championships-2024	U21 Men -63kg	R16	424	ATIADEVEY Kody	DEN	KILICKAYA Oguzhan	TUR	PTF	2:1
sarajevo-u21-european-championships-2024	U21 Men -63kg	QF	129	SALIMOV Vasif	AZE	ATIADEVEY Kody	DEN	PTF	2:0
sarajevo-u21-european-championships-2024	U21 Men -63kg	QF	228	BARETTA Dennis	ITA	MIRZOIEV Simur	UKR	PTF	2:1
sarajevo-u21-european-championships-2024	U21 Men -63kg	QF	328	IURLARO Ludovico	ITA	MITKOV Stanislav	BUL	PTF	2:1
sarajevo-u21-european-championships-2024	U21 Men -63kg	QF	428	CHRZANOWSKI Mateus	POL	CAPUANO Lorenzo	FRA	PTF	2:0
sarajevo-u21-european-championships-2024	U21 Men -63kg	SF	131	CHRZANOWSKI Mateus	POL	SALIMOV Vasif	AZE	PTF	2:0
sarajevo-u21-european-championships-2024	U21 Men -63kg	SF	430	BARETTA Dennis	ITA	IURLARO Ludovico	ITA	PTG	2:1
sarajevo-u21-european-championships-2024	U21 Men -63kg	F	332	BARETTA Dennis	ITA	CHRZANOWSKI Mateus	POL	PTF	2:0
sarajevo-u21-european-championships-2024	U21 Women -67kg	R32	106	MELA Nefeli	CYP	TSILEDAKI Aikateri	GRE	PTF	2:0
sarajevo-u21-european-championships-2024	U21 Women -67kg	R32	107	DOKOVI'C Ines	SRB	BAKLESI Vasiliki	GRE	PTF	2:0
sarajevo-u21-european-championships-2024	U21 Women -67kg	R32	108	KRSTINIC Anja	CRO	DARATZI Anastasia	GRE	PTF	2:0
sarajevo-u21-european-championships-2024	U21 Women -67kg	R32	109	HODZIC Nihada	BIH	JOKIC Marija	BIH	PTF	2:0
sarajevo-u21-european-championships-2024	U21 Women -67kg	R32	206	KRIVOVA Daria	AIN	SHALONIK Darya	AIN	PTF	2:0
sarajevo-u21-european-championships-2024	U21 Women -67kg	R32	207	KOWALKOWSKA Justyna	POL	PROTSENKO Diana	AIN	PTF	2:0
sarajevo-u21-european-championships-2024	U21 Women -67kg	R32	208	FERNANDEZ Julia	ESP	TYMOFIEIEVA Mariia	UKR	PTF	2:0
sarajevo-u21-european-championships-2024	U21 Women -67kg	R32	209	ZAFER Isil	TUR	SIRIN Dilara	TUR	PTF	2:0
sarajevo-u21-european-championships-2024	U21 Women -67kg	R32	306	TOMAK Eslem Ruveyda	TUR	HUESCH Angelina	GER	PTF	2:1
sarajevo-u21-european-championships-2024	U21 Women -67kg	R32	307	MAGGIORE Giulia	ITA	CASPERSSON Alva	SWE	PTF	2:0
sarajevo-u21-european-championships-2024	U21 Women -67kg	R32	308	NINA Urganaeva	ARM	ALMEIDA Leonor Car	POR	PTF	2:0
sarajevo-u21-european-championships-2024	U21 Women -67kg	R32	406	TOMCZAK Tatiana	POL	BOCCADAMO Alexandr	ITA	PTF	2:0
sarajevo-u21-european-championships-2024	U21 Women -67kg	R32	407	BRADIC Elena	SRB	LEONOVA Mariia	UKR	PTF	2:1
sarajevo-u21-european-championships-2024	U21 Women -67kg	R32	408	MINK Amy	NED	COELHO Mafalda	POR	PTF	2:0
sarajevo-u21-european-championships-2024	U21 Women -67kg	R16	120	KOWALKOWSKA Justyna	POL	MAGGIORE Giulia	ITA	PTF	2:1
sarajevo-u21-european-championships-2024	U21 Women -67kg	R16	121	MORENO Lena	ESP	ZAFER Isil	TUR	PTF	2:0
sarajevo-u21-european-championships-2024	U21 Women -67kg	R16	219	MARENTAKI Styliani	GRE	MELA Nefeli	CYP	PTF	2:0
sarajevo-u21-european-championships-2024	U21 Women -67kg	R16	220	KRSTINIC Anja	CRO	BRADIC Elena	SRB	PTF	2:0
sarajevo-u21-european-championships-2024	U21 Women -67kg	R16	319	KRIVOVA Daria	AIN	TOMAK Eslem Ruveyda	TUR	PTF	2:0
sarajevo-u21-european-championships-2024	U21 Women -67kg	R16	320	NINA Urganaeva	ARM	FERNANDEZ Julia	ESP	PTF	2:0
sarajevo-u21-european-championships-2024	U21 Women -67kg	R16	419	DOKOVI'C Ines	SRB	TOMCZAK Tatiana	POL	PTF	2:0
sarajevo-u21-european-championships-2024	U21 Women -67kg	R16	420	MINK Amy	NED	HODZIC Nihada	BIH	WDR	1:0
sarajevo-u21-european-championships-2024	U21 Women -67kg	QF	127	MORENO Lena	ESP	MINK Amy	NED	PTF	2:0
sarajevo-u21-european-championships-2024	U21 Women -67kg	QF	226	MARENTAKI Styliani	GRE	KRIVOVA Daria	AIN	PTF	2:0
sarajevo-u21-european-championships-2024	U21 Women -67kg	QF	326	KOWALKOWSKA Justyna	POL	DOKOVI'C Ines	SRB	PTF	2:0
sarajevo-u21-european-championships-2024	U21 Women -67kg	QF	426	NINA Urganaeva	ARM	KRSTINIC Anja	CRO	PTF	2:1
sarajevo-u21-european-championships-2024	U21 Women -67kg	SF	130	MORENO Lena	ESP	NINA Urganaeva	ARM	PTF	2:1
sarajevo-u21-european-championships-2024	U21 Women -67kg	SF	429	MARENTAKI Styliani	GRE	KOWALKOWSKA Justyna	POL	PTF	2:0
sarajevo-u21-european-championships-2024	U21 Women -67kg	F	333	MARENTAKI Styliani	GRE	MORENO Lena	ESP	PTF	2:0
sarajevo-u21-european-championships-2024	U21 Women -49kg	R32	110	DUVANCIC Bruna	CRO	CHORNUKHA Mariia	UKR	PTF	2:0
sarajevo-u21-european-championships-2024	U21 Women -49kg	R32	111	VIEN Filippa	SWE	JERKOVI'C Petra	CRO	PTF	2:0
sarajevo-u21-european-championships-2024	U21 Women -49kg	R32	112	EREMINA Viktoriya	AIN	KAMKASOUMPHOU Mays	FRA	PTF	2:0
sarajevo-u21-european-championships-2024	U21 Women -49kg	R32	113	MAMMADOVA Maryam	AZE	STARCHENKO Taisiia	UKR	PTF	2:0
sarajevo-u21-european-championships-2024	U21 Women -49kg	R32	210	FIBY Genevieve	AUT	ABEDALSALAM Mariam	DEN	PTF	2:0
sarajevo-u21-european-championships-2024	U21 Women -49kg	R32	211	OZTABAK Elif ilgin	TUR	LINAN Naiara	AND	PTF	2:0
sarajevo-u21-european-championships-2024	U21 Women -49kg	R32	212	MILIC Milica	SRB	GEORGIEVA Aleksand	BUL	PTF	2:1
sarajevo-u21-european-championships-2024	U21 Women -49kg	R32	309	KRAJEWSKA Nikola	POL	KAOURTISHI Nagia	CYP	PTF	2:0
sarajevo-u21-european-championships-2024	U21 Women -49kg	R32	310	STRUNETS Maryia	AIN	MAMMADOVA Seyidkha	AZE	PTF	2:0
sarajevo-u21-european-championships-2024	U21 Women -49kg	R32	311	BODEN Indra	SWE	OTERO Silvia	ESP	PTF	2:0
sarajevo-u21-european-championships-2024	U21 Women -49kg	R32	312	GARBETT Latisha	GBR	SARGANTANI Charikleia	GRE	PTF	2:1
sarajevo-u21-european-championships-2024	U21 Women -49kg	R32	409	CORDOBA Judith	ESP	NSANGU June	ESP	PTF	2:0
sarajevo-u21-european-championships-2024	U21 Women -49kg	R32	410	KRAJEWSKA Alicja	POL	AYDEMIR Nurselin	GER	PTF	2:0
sarajevo-u21-european-championships-2024	U21 Women -49kg	R32	411	FOFANA Mah teninba	FRA	BOUROGIANNI Konsta	GRE	PTF	2:0
sarajevo-u21-european-championships-2024	U21 Women -49kg	R32	412	AKGUL Elif sude	TUR	VELIUTC Alina	AIN	PTF	2:0
sarajevo-u21-european-championships-2024	U21 Women -49kg	R16	122	KRAJEWSKA Alicja	POL	VIEN Filippa	SWE	PTF	2:0
sarajevo-u21-european-championships-2024	U21 Women -49kg	R16	123	AKGUL Elif sude	TUR	MAMMADOVA Maryam	AZE	PTF	2:0
sarajevo-u21-european-championships-2024	U21 Women -49kg	R16	221	KRAJEWSKA Nikola	POL	MARJANOVIC Jovana	SRB	PTF	2:0
sarajevo-u21-european-championships-2024	U21 Women -49kg	R16	222	OZTABAK Elif ilgin	TUR	BODEN Indra	SWE	PTF	2:0
sarajevo-u21-european-championships-2024	U21 Women -49kg	R16	321	DUVANCIC Bruna	CRO	CORDOBA Judith	ESP	PTF	2:0
sarajevo-u21-european-championships-2024	U21 Women -49kg	R16	322	FOFANA Mah teninba	FRA	EREMINA Viktoriya	AIN	PTF	2:0
sarajevo-u21-european-championships-2024	U21 Women -49kg	R16	421	STRUNETS Maryia	AIN	FIBY Genevieve	AUT	PTF	2:0
sarajevo-u21-european-championships-2024	U21 Women -49kg	R16	422	MILIC Milica	SRB	GARBETT Latisha	GBR	PTF	2:0
sarajevo-u21-european-championships-2024	U21 Women -49kg	QF	128	AKGUL Elif sude	TUR	MILIC Milica	SRB	PTF	2:0
sarajevo-u21-european-championships-2024	U21 Women -49kg	QF	227	DUVANCIC Bruna	CRO	KRAJEWSKA Nikola	POL	PTF	2:0
sarajevo-u21-european-championships-2024	U21 Women -49kg	QF	327	KRAJEWSKA Alicja	POL	STRUNETS Maryia	AIN	PTF	1:1
sarajevo-u21-european-championships-2024	U21 Women -49kg	QF	427	FOFANA Mah teninba	FRA	OZTABAK Elif ilgin	TUR	PTF	2:0
sarajevo-u21-european-championships-2024	U21 Women -49kg	SF	230	DUVANCIC Bruna	CRO	KRAJEWSKA Alicja	POL	PTF	2:0
sarajevo-u21-european-championships-2024	U21 Women -49kg	SF	330	AKGUL Elif sude	TUR	FOFANA Mah teninba	FRA	PTF	2:0
sarajevo-u21-european-championships-2024	U21 Women -49kg	F	331	AKGUL Elif sude	TUR	DUVANCIC Bruna	CRO	WDR	
sarajevo-u21-european-championships-2024	U21 Men -68kg	R64	101	FARMAKIS Ioannis alexandros	CYP	MYLLYNEN Niko	FIN	PTF	2:0
sarajevo-u21-european-championships-2024	U21 Men -68kg	R64	102	MILAN Jorge	ESP	SETTA Hamad	DEN	PTF	2:0
sarajevo-u21-european-championships-2024	U21 Men -68kg	R64	103	BILGIN Efe	GER	TALOCHKA Yauheni	AIN	PTF	2:0
sarajevo-u21-european-championships-2024	U21 Men -68kg	R64	201	KOROLEV Kirill	AIN	KISKYRAS Foivos	GRE	PTF	2:1
sarajevo-u21-european-championships-2024	U21 Men -68kg	R64	202	EREMEEV Dmitrii	AIN	LAUCEVIČIUS Tadas	LTU	PTF	2:1
sarajevo-u21-european-championships-2024	U21 Men -68kg	R64	203	CAVUSMAN Aslan Eym	GER	ABERG Maximus	SWE	PTF	2:0
sarajevo-u21-european-championships-2024	U21 Men -68kg	R64	301	GONZALEZ Ignacio	ESP	JAKOBSEN Carl Cai	DEN	PTF	2:0
sarajevo-u21-european-championships-2024	U21 Men -68kg	R64	302	SZUKALSKI Bartosz	POL	LEWANDOWSKI Domini	POL	PTF	2:0
sarajevo-u21-european-championships-2024	U21 Men -68kg	R64	303	KORPE Omer furkan	TUR	HUSEYNOV Yunis	AZE	PTF	2:0
sarajevo-u21-european-championships-2024	U21 Men -68kg	R64	401	RASKOVIC Luka	SLO	MIATLITSKI Matsvei	AIN	PTF	2:1
sarajevo-u21-european-championships-2024	U21 Men -68kg	R64	402	ERER Berkay	TUR	IZMAR Adam	BEL	PTF	2:0
sarajevo-u21-european-championships-2024	U21 Men -68kg	R64	403	DUGAC Grga	CRO	PAPPAS Lampros	GRE	PTF	2:0
sarajevo-u21-european-championships-2024	U21 Men -68kg	R32	110	COSGUNGONUL Bugra	TUR	FARMAKIS Ioannis alexandros	CYP	PTF	2:0
sarajevo-u21-european-championships-2024	U21 Men -68kg	R32	111	RASKOVIC Luka	SLO	LUKASHUK Matvii	UKR	PTF	2:1
sarajevo-u21-european-championships-2024	U21 Men -68kg	R32	112	ABAD Iker	ESP	SZUKALSKI Bartosz	POL	PTF	2:0
sarajevo-u21-european-championships-2024	U21 Men -68kg	R32	113	BYSTROV Volodymyr	UKR	CAVUSMAN Aslan Eym	GER	PTF	2:0
sarajevo-u21-european-championships-2024	U21 Men -68kg	R32	210	KOMATINA Ognjen	MNE	REIS Tiago	POR	PTF	2:1
sarajevo-u21-european-championships-2024	U21 Men -68kg	R32	211	TURKULJ Uros	SRB	MILAN Jorge	ESP	PTF	2:0
sarajevo-u21-european-championships-2024	U21 Men -68kg	R32	212	POLCZYNSKI Adam	POL	KAMAGIANNIS Ioanni	GRE	PTF	2:1
sarajevo-u21-european-championships-2024	U21 Men -68kg	R32	213	OZDEMIR Eren	TUR	KORPE Omer furkan	TUR	PTF	2:0
sarajevo-u21-european-championships-2024	U21 Men -68kg	R32	310	MANDIC Milos	SRB	KOROLEV Kirill	AIN	PTF	2:0
sarajevo-u21-european-championships-2024	U21 Men -68kg	R32	311	DJONKO Muhamed	BIH	STAMENOV Stefan	BUL	PTF	2:0
sarajevo-u21-european-championships-2024	U21 Men -68kg	R32	312	ERER Berkay	TUR	JURKIC Miro	CRO	PTF	2:0
sarajevo-u21-european-championships-2024	U21 Men -68kg	R32	313	SALANOVA Adrian	ESP	MITSOS Dimitrios	GRE	PTF	2:0
sarajevo-u21-european-championships-2024	U21 Men -68kg	R32	410	BUGNEAC Liviu	MDA	GONZALEZ Ignacio	ESP	PTF	2:1
sarajevo-u21-european-championships-2024	U21 Men -68kg	R32	411	CEYLAN Ahmet bogachan	TUR	EREMEEV Dmitrii	AIN	PTF	2:0
sarajevo-u21-european-championships-2024	U21 Men -68kg	R32	412	BILGIN Efe	GER	ISLAMOVIC Aldin	BIH	PTF	2:0
sarajevo-u21-european-championships-2024	U21 Men -68kg	R32	413	LUPO Davide	ITA	DUGAC Grga	CRO	PTF	2:0
sarajevo-u21-european-championships-2024	U21 Men -68kg	R16	124	COSGUNGONUL Bugra	TUR	KOMATINA Ognjen	MNE	PTF	2:0
sarajevo-u21-european-championships-2024	U21 Men -68kg	R16	125	ABAD Iker	ESP	POLCZYNSKI Adam	POL	PTF	2:1
sarajevo-u21-european-championships-2024	U21 Men -68kg	R16	224	MANDIC Milos	SRB	BUGNEAC Liviu	MDA	PTF	2:0
sarajevo-u21-european-championships-2024	U21 Men -68kg	R16	225	ERER Berkay	TUR	BILGIN Efe	GER	PTF	
sarajevo-u21-european-championships-2024	U21 Men -68kg	R16	324	RASKOVIC Luka	SLO	TURKULJ Uros	SRB	PTF	2:1
sarajevo-u21-european-championships-2024	U21 Men -68kg	R16	325	OZDEMIR Eren	TUR	BYSTROV Volodymyr	UKR	PTF	2:0
sarajevo-u21-european-championships-2024	U21 Men -68kg	R16	424	DJONKO Muhamed	BIH	CEYLAN Ahmet bogachan	TUR	PTF	2:0
sarajevo-u21-european-championships-2024	U21 Men -68kg	R16	425	LUPO Davide	ITA	SALANOVA Adrian	ESP	PTF	2:0
sarajevo-u21-european-championships-2024	U21 Men -68kg	QF	131	COSGUNGONUL Bugra	TUR	MANDIC Milos	SRB	PTF	2:0
sarajevo-u21-european-championships-2024	U21 Men -68kg	QF	231	DJONKO Muhamed	BIH	RASKOVIC Luka	SLO	PTF	2:0
sarajevo-u21-european-championships-2024	U21 Men -68kg	QF	331	ERER Berkay	TUR	ABAD Iker	ESP	PTF	2:0
sarajevo-u21-european-championships-2024	U21 Men -68kg	QF	431	OZDEMIR Eren	TUR	LUPO Davide	ITA	PTF	2:1
sarajevo-u21-european-championships-2024	U21 Men -68kg	SF	334	DJONKO Muhamed	BIH	COSGUNGONUL Bugra	TUR	PTF	2:0
sarajevo-u21-european-championships-2024	U21 Men -68kg	SF	434	ERER Berkay	TUR	OZDEMIR Eren	TUR	PTF	2:0
sarajevo-u21-european-championships-2024	U21 Men -68kg	F	337	ERER Berkay	TUR	DJONKO Muhamed	BIH	PTF	2:1
sarajevo-u21-european-championships-2024	U21 Men +87kg	R32	109	KUECUEKSUNGUR Keri	GER	DE Matteo	ITA	PTF	2:0
sarajevo-u21-european-championships-2024	U21 Men +87kg	R32	209	MOURKOVITIS Panagi	GRE	POPOV Theodoros	CYP	PTF	2:0
sarajevo-u21-european-championships-2024	U21 Men +87kg	R32	309	KRIUCHKOV Nikta	AIN	GRUJICIC Ognjen	SRB	PTF	2:0
sarajevo-u21-european-championships-2024	U21 Men +87kg	R32	409	UZUN Efe haktan	TUR	DE BONA Antonio	CRO	PTF	2:0
sarajevo-u21-european-championships-2024	U21 Men +87kg	R16	122	MOLIN Mattia	ITA	KUECUEKSUNGUR Keri	GER	PTF	2:1
sarajevo-u21-european-championships-2024	U21 Men +87kg	R16	123	KRIUCHKOV Nikta	AIN	BAIRAMIDIS Fotios	GRE	PTF	2:0
sarajevo-u21-european-championships-2024	U21 Men +87kg	R16	222	MEDIAVILLA Ivan	ESP	BRINK Kevin	SWE	PTF	2:0
sarajevo-u21-european-championships-2024	U21 Men +87kg	R16	223	KOSTIC Milan	SRB	MATSABERIDZE Ilia	GEO	PTF	2:0
sarajevo-u21-european-championships-2024	U21 Men +87kg	R16	322	ANDREOU Petros	CYP	BUZON Pablo	ESP	PTF	2:0
sarajevo-u21-european-championships-2024	U21 Men +87kg	R16	323	SIMSEK Rahmet Bara	TUR	MANEA Robert	ROU	PTF	2:0
sarajevo-u21-european-championships-2024	U21 Men +87kg	R16	422	TARCHYLA Aliaksei	AIN	MOURKOVITIS Panagi	GRE	PTF	2:0
sarajevo-u21-european-championships-2024	U21 Men +87kg	R16	423	UZUN Efe haktan	TUR	MESHALKIN Dzmitry	AIN	PTF	2:0
sarajevo-u21-european-championships-2024	U21 Men +87kg	QF	130	MOLIN Mattia	ITA	MEDIAVILLA Ivan	ESP	PTF	2:0
sarajevo-u21-european-championships-2024	U21 Men +87kg	QF	230	TARCHYLA Aliaksei	AIN	ANDREOU Petros	CYP	PTF	2:1
sarajevo-u21-european-championships-2024	U21 Men +87kg	QF	330	KRIUCHKOV Nikta	AIN	KOSTIC Milan	SRB	DSQ	2:0
sarajevo-u21-european-championships-2024	U21 Men +87kg	QF	430	SIMSEK Rahmet Bara	TUR	UZUN Efe haktan	TUR	PTF	2:0
sarajevo-u21-european-championships-2024	U21 Men +87kg	SF	134	MOLIN Mattia	ITA	TARCHYLA Aliaksei	AIN	PTF	2:0
sarajevo-u21-european-championships-2024	U21 Men +87kg	SF	234	KRIUCHKOV Nikta	AIN	SIMSEK Rahmet Bara	TUR	PTF	2:0
sarajevo-u21-european-championships-2024	U21 Men +87kg	F	339	KRIUCHKOV Nikta	AIN	MOLIN Mattia	ITA	PTF	2:0
sarajevo-u21-european-championships-2024	U21 Women -62kg	R64	104	ORLOVIC Marija	BIH	ANDERSSON Tindra	SWE	PTF	2:0
sarajevo-u21-european-championships-2024	U21 Women -62kg	R64	105	BANNOVA Anastasiia	AIN	HERNANDEZ Rocio An	ESP	PTF	2:0
sarajevo-u21-european-championships-2024	U21 Women -62kg	R64	204	YIGITALP Hatice pinar	TUR	MONTEMUINO Irene	ESP	PTF	2:0
sarajevo-u21-european-championships-2024	U21 Women -62kg	R64	205	RUCINSKI Viktoria	GER	SARVANAKI Theopoula	GRE	PTF	2:0
sarajevo-u21-european-championships-2024	U21 Women -62kg	R64	304	NAZAROVA Iulia	MDA	SOFOKLEOUS Aria	CYP	PTF	2:0
sarajevo-u21-european-championships-2024	U21 Women -62kg	R64	305	KOMATINA Andrea	MNE	BAHRI Elae	NOR	PTF	2:0
sarajevo-u21-european-championships-2024	U21 Women -62kg	R64	404	PAVLENKO Alisa	UKR	TRAVERSI Valentina	ITA	PTF	2:0
sarajevo-u21-european-championships-2024	U21 Women -62kg	R64	405	SZPAK Julia	POL	BERISAJ Andrea	MNE	PTF	2:1
sarajevo-u21-european-championships-2024	U21 Women -62kg	R32	114	CETINEL Ceren	TUR	ORLOVIC Marija	BIH	PTF	2:1
sarajevo-u21-european-championships-2024	U21 Women -62kg	R32	115	UGLESIC Marija	CRO	NAZAROVA Iulia	MDA	PTF	2:0
sarajevo-u21-european-championships-2024	U21 Women -62kg	R32	116	BANNOVA Anastasiia	AIN	LIAKATA Ifigeneia	GRE	PUN	1:1
sarajevo-u21-european-championships-2024	U21 Women -62kg	R32	117	KAZIMOVA Nargiz	AZE	KOMATINA Andrea	MNE	PTF	2:1
sarajevo-u21-european-championships-2024	U21 Women -62kg	R32	214	SEVO Tamara	SRB	SPINU Ana	MDA	PTF	2:0
sarajevo-u21-european-championships-2024	U21 Women -62kg	R32	215	CAKAL Sevval	TUR	SECANELL Elsa	ESP	PTF	2:0
sarajevo-u21-european-championships-2024	U21 Women -62kg	R32	216	POTEMKINA Alisa	AIN	REBON Ekaterina	ESP	PTF	2:0
sarajevo-u21-european-championships-2024	U21 Women -62kg	R32	217	MANGEN Lennie	LUX	ANASTASOVA Anna	UKR	PTF	2:0
sarajevo-u21-european-championships-2024	U21 Women -62kg	R32	314	HRGIC Anja	BIH	KRUSH Diana	UKR	PTF	2:0
sarajevo-u21-european-championships-2024	U21 Women -62kg	R32	315	JELIC Ivona	CRO	NAVITSKAIA Darya	AIN	PTF	2:1
sarajevo-u21-european-championships-2024	U21 Women -62kg	R32	316	FLEGROVA Hana	CZE	RAMALHO Ariana	POR	PTF	2:0
sarajevo-u21-european-championships-2024	U21 Women -62kg	R32	317	MARIC Ela	SRB	ARBUZINA Leticia	ESP	PTF	2:0
sarajevo-u21-european-championships-2024	U21 Women -62kg	R32	414	DINKOVIC Lena	CRO	YIGITALP Hatice pinar	TUR	PTF	2:0
sarajevo-u21-european-championships-2024	U21 Women -62kg	R32	415	PAVLENKO Alisa	UKR	VIEIRA Beatriz	POR	PTF	2:0
sarajevo-u21-european-championships-2024	U21 Women -62kg	R32	416	MESTROVIC Dora	CRO	RUCINSKI Viktoria	GER	PTF	2:0
sarajevo-u21-european-championships-2024	U21 Women -62kg	R32	417	SZPAK Julia	POL	ACHILLEOS Antreana	CYP	PTF	2:0
sarajevo-u21-european-championships-2024	U21 Women -62kg	R16	126	SEVO Tamara	SRB	CETINEL Ceren	TUR	PTF	2:1
sarajevo-u21-european-championships-2024	U21 Women -62kg	R16	127	POTEMKINA Alisa	AIN	BANNOVA Anastasiia	AIN	PTF	2:0
sarajevo-u21-european-championships-2024	U21 Women -62kg	R16	226	DINKOVIC Lena	CRO	HRGIC Anja	BIH	PTF	2:0
sarajevo-u21-european-championships-2024	U21 Women -62kg	R16	227	MESTROVIC Dora	CRO	FLEGROVA Hana	CZE	PTF	2:1
sarajevo-u21-european-championships-2024	U21 Women -62kg	R16	326	CAKAL Sevval	TUR	UGLESIC Marija	CRO	PTF	2:1
sarajevo-u21-european-championships-2024	U21 Women -62kg	R16	327	KAZIMOVA Nargiz	AZE	MANGEN Lennie	LUX	PTF	2:0
sarajevo-u21-european-championships-2024	U21 Women -62kg	R16	426	JELIC Ivona	CRO	PAVLENKO Alisa	UKR	PTF	2:0
sarajevo-u21-european-championships-2024	U21 Women -62kg	R16	427	MARIC Ela	SRB	SZPAK Julia	POL	PTF	2:0
sarajevo-u21-european-championships-2024	U21 Women -62kg	QF	132	SEVO Tamara	SRB	DINKOVIC Lena	CRO	PTF	2:0
sarajevo-u21-european-championships-2024	U21 Women -62kg	QF	232	CAKAL Sevval	TUR	JELIC Ivona	CRO	PTF	2:0
sarajevo-u21-european-championships-2024	U21 Women -62kg	QF	332	MESTROVIC Dora	CRO	POTEMKINA Alisa	AIN	PTF	2:0
sarajevo-u21-european-championships-2024	U21 Women -62kg	QF	432	MARIC Ela	SRB	KAZIMOVA Nargiz	AZE	PTF	2:0
sarajevo-u21-european-championships-2024	U21 Women -62kg	SF	135	CAKAL Sevval	TUR	SEVO Tamara	SRB	PTF	2:1
sarajevo-u21-european-championships-2024	U21 Women -62kg	SF	235	MESTROVIC Dora	CRO	MARIC Ela	SRB	PTF	2:0
sarajevo-u21-european-championships-2024	U21 Women -62kg	F	338	CAKAL Sevval	TUR	MESTROVIC Dora	CRO	PTF	2:0
sarajevo-u21-european-championships-2024	U21 Women -46kg	R64	106	PAPADOPOULOU Vasil	GRE	DODIK Nika	CRO	PTF	2:0
sarajevo-u21-european-championships-2024	U21 Women -46kg	R64	107	GULIYEVA Salima	AZE	MAKAS Ejla	BIH	PTF	2:0
sarajevo-u21-european-championships-2024	U21 Women -46kg	R64	108	CHRISTOPHERSEN Car	DEN	MAKAS Dzejla	BIH	PTF	2:1
sarajevo-u21-european-championships-2024	U21 Women -46kg	R64	206	GALIERO Giulia	ITA	BARROSO Kiara	POR	PTF	2:0
sarajevo-u21-european-championships-2024	U21 Women -46kg	R64	207	KAMANDI Dina	GER	LIGHTFOOT Ashleigh	GBR	PTF	2:0
sarajevo-u21-european-championships-2024	U21 Women -46kg	R64	208	YILMAZ Damla nur	TUR	BRAJOVIC Iva	SRB	PTF	2:1
sarajevo-u21-european-championships-2024	U21 Women -46kg	R64	306	RAMO Jenna	FIN	KRAJIC Teodora	AUT	PTF	2:0
sarajevo-u21-european-championships-2024	U21 Women -46kg	R64	307	HASANZADE Zemfira	AZE	KOSTIUK Yaryna	UKR	PTF	2:0
sarajevo-u21-european-championships-2024	U21 Women -46kg	R64	308	PUCHKINA Evgeniia	AIN	GONZALEZ Judith	ESP	PTF	2:0
sarajevo-u21-european-championships-2024	U21 Women -46kg	R64	406	DIAZ Violeta	ESP	RADEVIC Anja	MNE	PTF	2:0
sarajevo-u21-european-championships-2024	U21 Women -46kg	R64	407	GURBUZ Hayrunnisa	TUR	TAMMILA Ada-emilia	FIN	PTF	2:0
sarajevo-u21-european-championships-2024	U21 Women -46kg	R64	408	BERTAGNIN Elisa	ITA	KAMINSKA Michaela	SVK	PTF	2:0
sarajevo-u21-european-championships-2024	U21 Women -46kg	R32	118	PAPADOPOULOU Vasil	GRE	SHVARTS Olha	UKR	PTF	2:0
sarajevo-u21-european-championships-2024	U21 Women -46kg	R32	119	DIAZ Violeta	ESP	KESGIN Tuvanna Naz	TUR	PTF	2:0
sarajevo-u21-european-championships-2024	U21 Women -46kg	R32	120	GEORGIOU Melina	GRE	HASANZADE Zemfira	AZE	PTF	2:1
sarajevo-u21-european-championships-2024	U21 Women -46kg	R32	121	YILMAZ Damla nur	TUR	NIKOLAJEVA Stefani	EST	PUN	2:0
sarajevo-u21-european-championships-2024	U21 Women -46kg	R32	218	GALVEZ Gema	ESP	LOPEZ Ana	ESP	PTF	2:0
sarajevo-u21-european-championships-2024	U21 Women -46kg	R32	219	RADEK Dora	CRO	GULIYEVA Salima	AZE	PTF	2:1
sarajevo-u21-european-championships-2024	U21 Women -46kg	R32	220	WROBEL Michalina	POL	SALGUEIRO Patricia	POR	PTF	2:0
sarajevo-u21-european-championships-2024	U21 Women -46kg	R32	221	PUCHKINA Evgeniia	AIN	ASICI Ayse	TUR	PTF	2:0
sarajevo-u21-european-championships-2024	U21 Women -46kg	R32	318	ANGELOVA Alisa	AIN	GALIERO Giulia	ITA	PTF	2:0
sarajevo-u21-european-championships-2024	U21 Women -46kg	R32	319	DEMIR Aleyna	TUR	ISKENDER Nursena	TUR	PTF	2:0
sarajevo-u21-european-championships-2024	U21 Women -46kg	R32	320	GURBUZ Hayrunnisa	TUR	KARAOGLAN Medine	GER	PTF	2:0
sarajevo-u21-european-championships-2024	U21 Women -46kg	R32	321	BUSUIOC Ingrid Gab	ROU	KOKKINOU Konstantina	CYP	PTF	2:0
sarajevo-u21-european-championships-2024	U21 Women -46kg	R32	418	RAMO Jenna	FIN	UZUN Sarah	NED	PTF	2:0
sarajevo-u21-european-championships-2024	U21 Women -46kg	R32	419	KAMANDI Dina	GER	ETTELBRUCK Lilly	GER	PTF	2:0
sarajevo-u21-european-championships-2024	U21 Women -46kg	R32	420	CHRISTOPHERSEN Car	DEN	SAN Gwen	GER	PTF	2:0
sarajevo-u21-european-championships-2024	U21 Women -46kg	R32	421	BERTAGNIN Elisa	ITA	DESYLLA Olga	GRE	PTF	2:0
sarajevo-u21-european-championships-2024	U21 Women -46kg	R16	128	PAPADOPOULOU Vasil	GRE	GALVEZ Gema	ESP	PTF	2:0
sarajevo-u21-european-championships-2024	U21 Women -46kg	R16	129	GEORGIOU Melina	GRE	WROBEL Michalina	POL	PTF	2:0
sarajevo-u21-european-championships-2024	U21 Women -46kg	R16	228	ANGELOVA Alisa	AIN	RAMO Jenna	FIN	PTF	2:0
sarajevo-u21-european-championships-2024	U21 Women -46kg	R16	229	GURBUZ Hayrunnisa	TUR	CHRISTOPHERSEN Car	DEN	PTF	2:0
sarajevo-u21-european-championships-2024	U21 Women -46kg	R16	328	DIAZ Violeta	ESP	RADEK Dora	CRO	PTF	2:0
sarajevo-u21-european-championships-2024	U21 Women -46kg	R16	329	PUCHKINA Evgeniia	AIN	YILMAZ Damla nur	TUR	PTF	2:0
sarajevo-u21-european-championships-2024	U21 Women -46kg	R16	428	DEMIR Aleyna	TUR	KAMANDI Dina	GER	PTF	2:0
sarajevo-u21-european-championships-2024	U21 Women -46kg	R16	429	BERTAGNIN Elisa	ITA	BUSUIOC Ingrid Gab	ROU	PTF	2:0
sarajevo-u21-european-championships-2024	U21 Women -46kg	QF	133	ANGELOVA Alisa	AIN	PAPADOPOULOU Vasil	GRE	PTF	2:1
sarajevo-u21-european-championships-2024	U21 Women -46kg	QF	233	DIAZ Violeta	ESP	DEMIR Aleyna	TUR	PTF	1:0
sarajevo-u21-european-championships-2024	U21 Women -46kg	QF	333	GURBUZ Hayrunnisa	TUR	GEORGIOU Melina	GRE	PTF	2:0
sarajevo-u21-european-championships-2024	U21 Women -46kg	QF	433	BERTAGNIN Elisa	ITA	PUCHKINA Evgeniia	AIN	PTF	2:0
sarajevo-u21-european-championships-2024	U21 Women -46kg	SF	335	DIAZ Violeta	ESP	ANGELOVA Alisa	AIN	PTF	2:0
sarajevo-u21-european-championships-2024	U21 Women -46kg	SF	435	GURBUZ Hayrunnisa	TUR	BERTAGNIN Elisa	ITA	PTF	2:0
sarajevo-u21-european-championships-2024	U21 Women -46kg	F	336	GURBUZ Hayrunnisa	TUR	DIAZ Violeta	ESP	WDR	
arab-cup-2025	Senior Men -54kg	R64	401	AL-LOUZI Radad	JOR	ATTIF Ali	PLE	RSC	
arab-cup-2025	Senior Men -54kg	R64	402	JOUAD Majd	MAR	ALENEZI Yahya esmail	KUW	PTF	2:0
arab-cup-2025	Senior Men -54kg	R64	403	EZZAHERY Mohammed	MAR	HASSAN ALI Hamdan Ali	UAE	PTF	2:0
arab-cup-2025	Senior Men -54kg	R64	404	ALNWAISER Mahmoud	KSA	AHQAAF Ahmed	LBA	DSQ	
arab-cup-2025	Senior Men -54kg	R64	501	ALQALLAF Yousef yaqoub	KUW	ABDELFATTAH AHMED MOHAMED ABDELFATTAH Momen	EGY	PTF	2:0
arab-cup-2025	Senior Men -54kg	R64	502	HADI Mehzea	KUW	ZOGHLAMI Mohamed amine	TUN	DSQ	
arab-cup-2025	Senior Men -54kg	R64	503	AL-SUBAIHI Mohammed	UAE	SHABIN Taha ali	YEM	PTF	2:1
arab-cup-2025	Senior Men -54kg	R64	504	ALOTAIBI Mamdouh	KSA	ENDARI Fouad	SYR	DSQ	
arab-cup-2025	Senior Men -54kg	R64	601	HASSAN M BUHARI Muteb	KSA	ALDABBA Anas	PLE	WDR	
arab-cup-2025	Senior Men -54kg	R64	602	DIA Mohamed	MTN	ALAJMI Salman abdulaziz	KUW	RSC	1:0
arab-cup-2025	Senior Men -54kg	R64	603	MOHAMED Alaa Uldeen Nabil Hassa	SUD	ASWEI Ibrahim Abdulaziz Khalifa (D	LBA	DSQ	
arab-cup-2025	Senior Men -54kg	R64	604	QALA Abdulmajeed mohammed t	KSA	ELOIRZAZI Adam	MAR	RSC	
arab-cup-2025	Senior Men -54kg	R64	605	ALMUTAIRI Mohammad z	KUW	AL SALMAH Rakan ali d	KSA	DSQ	
arab-cup-2025	Senior Men -54kg	R32	418	HAMDI Riad	KSA	AL-LOUZI Radad	JOR	PTF	2:0
arab-cup-2025	Senior Men -54kg	R32	419	TRABELSI Amen allah	TUN	JAR Yousef	KSA	PTF	2:1
arab-cup-2025	Senior Men -54kg	R32	420	JOUAD Majd	MAR	ALKHALDI Musaad ali j	KSA	PTF	2:1
arab-cup-2025	Senior Men -54kg	R32	421	ALMUSHRAF Abdullah essa a	KSA	EZZAHERY Mohammed	MAR	PTF	2:0
arab-cup-2025	Senior Men -54kg	R32	422	AL TOOQI Nibras	OMA	ALNWAISER Mahmoud	KSA	WDR	
arab-cup-2025	Senior Men -54kg	R32	516	ALQALLAF Yousef yaqoub	KUW	ALSHAHRANI Abdulrahman abdullah m	KSA	PTF	2:1
arab-cup-2025	Senior Men -54kg	R32	517	HADI Mehzea	KUW	HAMDI Kathem Nasser A	KSA	DSQ	
arab-cup-2025	Senior Men -54kg	R32	518	ALSHAHRANI Hani abdullah	KSA	AL-SUBAIHI Mohammed	UAE	RSC	2:0
arab-cup-2025	Senior Men -54kg	R32	519	ALDAOUD Ja'afar	JOR	ALOTAIBI Mamdouh	KSA	PTF	2:0
arab-cup-2025	Senior Men -54kg	R32	520	HMIMES Saber	MAR	BEN SALEM Anas	TUN	PTF	2:0
arab-cup-2025	Senior Men -54kg	R32	611	HASSAN M BUHARI Muteb	KSA	ALI Saifullah Saadullah	IRQ	DSQ	
arab-cup-2025	Senior Men -54kg	R32	612	ALDHANHANI Ahmed	UAE	DIA Mohamed	MTN	PTF	2:0
arab-cup-2025	Senior Men -54kg	R32	613	OMRI Abdoullah	TUN	MOHAMED Alaa Uldeen Nabil Hassa	SUD	WDR	
arab-cup-2025	Senior Men -54kg	R32	614	QALA Abdulmajeed mohammed t	KSA	ALHUSAMI Anas	JOR	PTF	2:0
arab-cup-2025	Senior Men -54kg	R32	615	IJAAJAANE Salim	SAL	HANIF Mohamad	UAE	RSC	
arab-cup-2025	Senior Men -54kg	R32	616	ASEM ATA ABU SREE' Moataz bellah	EGY	ALMUTAIRI Mohammad z	KUW	WDR	1:0
arab-cup-2025	Senior Men -54kg	R16	128.1	ALMUSHRAF Abdullah essa a	KSA	JOUAD Majd	MAR	RSC	2:0
arab-cup-2025	Senior Men -54kg	R16	426	TRABELSI Amen allah	TUN	HAMDI Riad	KSA	PTF	2:1
arab-cup-2025	Senior Men -54kg	R16	528	ALDAOUD Ja'afar	JOR	HMIMES Saber	MAR	PTF	2:0
arab-cup-2025	Senior Men -54kg	R16	620	ALDHANHANI Ahmed	UAE	HASSAN M BUHARI Muteb	KSA	PTF	2:1
arab-cup-2025	Senior Men -54kg	R16	621	OMRI Abdoullah	TUN	QALA Abdulmajeed mohammed t	KSA	PTF	2:0
arab-cup-2025	Senior Men -54kg	R16	622	ASEM ATA ABU SREE' Moataz bellah	EGY	IJAAJAANE Salim	SAL	PTF	2:0
arab-cup-2025	Senior Men -54kg	R16	928.1	AL TOOQI Nibras	OMA	ALQALLAF Yousef yaqoub	KUW	PTF	2:1
arab-cup-2025	Senior Men -54kg	R16	928.2	ALSHAHRANI Hani abdullah	KSA	HADI Mehzea	KUW	RSC	
arab-cup-2025	Senior Men -54kg	QF	433	ALMUSHRAF Abdullah essa a	KSA	TRABELSI Amen allah	TUN	PTF	2:0
arab-cup-2025	Senior Men -54kg	QF	532	AL TOOQI Nibras	OMA	ALSHAHRANI Hani abdullah	KSA	RSC	2:0
arab-cup-2025	Senior Men -54kg	QF	628	ASEM ATA ABU SREE' Moataz bellah	EGY	OMRI Abdoullah	TUN	PTF	2:1
arab-cup-2025	Senior Men -54kg	QF	632	ALDAOUD Ja'afar	JOR	ALDHANHANI Ahmed	UAE	PTF	2:0
arab-cup-2025	Senior Men -54kg	SF	636	ALDAOUD Ja'afar	JOR	ASEM ATA ABU SREE' Moataz bellah	EGY	PTF	2:0
arab-cup-2025	Senior Men -54kg	SF	637	AL TOOQI Nibras	OMA	ALMUSHRAF Abdullah essa a	KSA	PTF	2:0
arab-cup-2025	Senior Men -54kg	F	641	ALDAOUD Ja'afar	JOR	AL TOOQI Nibras	OMA	PTF	2:0
arab-cup-2025	Senior Men -58kg	R32	101	YOUSIF Mahmoud bassam	JOR	BINMOGHAISEEB Abdulmajeed Khaled I	KSA	PTF	2:0
arab-cup-2025	Senior Men -58kg	R32	102	ALSAMIH Fahad samih n	KSA	MOHAMED Ali	UAE	DSQ	
arab-cup-2025	Senior Men -58kg	R32	103	MAGDY ABDELMONEM Omar	EGY	AL HANAHI Ezzaldeen Muaadh	KSA	DSQ	
arab-cup-2025	Senior Men -58kg	R32	104	BIN QANN Salman Mansour B	KSA	OMAR Sultan	UAE	DSQ	
arab-cup-2025	Senior Men -58kg	R32	105	MOHAMED SEIF EL DIN MOHAMED Seif el din	EGY	ABU MAHMOUD Ribal	SYR	DSQ	
arab-cup-2025	Senior Men -58kg	R32	405	ALLOUCHE Yassine	TUN	MAHMOUD Ribal	UAE	PTF	2:0
arab-cup-2025	Senior Men -58kg	R32	406	ALI Siyamand Hashim Ali	IRQ	ALDHAFIRI Moahmmed	KUW	RSC	
arab-cup-2025	Senior Men -58kg	R32	407	FAHMAWY Khaled	JOR	NASEIB Saeed	UAE	DSQ	
arab-cup-2025	Senior Men -58kg	R32	408	OSAMA HUSSEIEN Mohamed	EGY	ALKARMATI Abdulrahman khaled	UAE	PTF	2:0
arab-cup-2025	Senior Men -58kg	R32	409	SHLOUL Tareq	JOR	ALBLLOUSHI Qassem Youssef	UAE	PTF	2:0
arab-cup-2025	Senior Men -58kg	R32	505	ALENEZI Abdulaziz s a	KUW	MURAD Moayed	UAE	PTF	2:1
arab-cup-2025	Senior Men -58kg	R32	506	ALSHAHRANI Meshari nasser a	KSA	MUSTAFA KAMIL Arsh	IRQ	PTF	2:0
arab-cup-2025	Senior Men -58kg	R32	507	TRIKI Noureddine	TUN	BUREHMA Ali	KUW	PTF	2:0
arab-cup-2025	Senior Men -58kg	R32	508	BERROUHOU Hatim	MAR	EL KHOU Eleyatt	MTN	PTF	2:0
arab-cup-2025	Senior Men -58kg	R32	509	SAYAD Ahmed	UAE	ALMUTAIRI Muath	KSA	PTF	2:0
arab-cup-2025	Senior Men -58kg	R32	510	MAJRASHI Essa	KSA	AL OMARI Ammar	JOR	PTF	2:0
arab-cup-2025	Senior Men -58kg	R16	113	YOUSIF Mahmoud bassam	JOR	ALSAMIH Fahad samih n	KSA	PTF	2:1
arab-cup-2025	Senior Men -58kg	R16	114	MAGDY ABDELMONEM Omar	EGY	BIN QANN Salman Mansour B	KSA	PTF	2:0
arab-cup-2025	Senior Men -58kg	R16	423	MOHAMED SEIF EL DIN MOHAMED Seif el din	EGY	ALLOUCHE Yassine	TUN	PTF	2:0
arab-cup-2025	Senior Men -58kg	R16	424	ALI Siyamand Hashim Ali	IRQ	FAHMAWY Khaled	JOR	PTF	2:0
arab-cup-2025	Senior Men -58kg	R16	425	OSAMA HUSSEIEN Mohamed	EGY	SHLOUL Tareq	JOR	PTF	2:0
arab-cup-2025	Senior Men -58kg	R16	521	ALSHAHRANI Meshari nasser a	KSA	ALENEZI Abdulaziz s a	KUW	PTF	2:1
arab-cup-2025	Senior Men -58kg	R16	522	TRIKI Noureddine	TUN	BERROUHOU Hatim	MAR	RSC	1:0
arab-cup-2025	Senior Men -58kg	R16	523	MAJRASHI Essa	KSA	SAYAD Ahmed	UAE	PTF	2:0
arab-cup-2025	Senior Men -58kg	QF	125	YOUSIF Mahmoud bassam	JOR	MAGDY ABDELMONEM Omar	EGY	PTF	2:0
arab-cup-2025	Senior Men -58kg	QF	432	MOHAMED SEIF EL DIN MOHAMED Seif el din	EGY	ALI Siyamand Hashim Ali	IRQ	PTF	2:0
arab-cup-2025	Senior Men -58kg	QF	529	OSAMA HUSSEIEN Mohamed	EGY	ALSHAHRANI Meshari nasser a	KSA	PTF	2:0
arab-cup-2025	Senior Men -58kg	QF	530	TRIKI Noureddine	TUN	MAJRASHI Essa	KSA	PTF	2:0
arab-cup-2025	Senior Men -58kg	SF	335	OSAMA HUSSEIEN Mohamed	EGY	TRIKI Noureddine	TUN	PTF	2:0
arab-cup-2025	Senior Men -58kg	SF	434.1	YOUSIF Mahmoud bassam	JOR	MOHAMED SEIF EL DIN MOHAMED Seif el din	EGY	PTF	2:1
arab-cup-2025	Senior Men -58kg	F	441	YOUSIF Mahmoud bassam	JOR	OSAMA HUSSEIEN Mohamed	EGY	PTF	2:1
arab-cup-2025	Senior Men -63kg	R32	201	MOHAMED OMAR SAYED Omar	EGY	GHLOUM Abdulla	UAE	RSC	
arab-cup-2025	Senior Men -63kg	R32	202	BASSIDI Mohammed	MAR	AHQAF Mohamed	LBA	RSC	
arab-cup-2025	Senior Men -63kg	R32	203	ABUTALEB Abdulbasit ali m	KSA	JENDOUBI Mohamed khalil	TUN	RSC	
arab-cup-2025	Senior Men -63kg	R32	204	ALMABROUK Hamad mabrouk s	KSA	RACHID El Hammam	MAR	WDR	
arab-cup-2025	Senior Men -63kg	R32	205	ALHALAWANI Zaid	JOR	ALQADE Sulayman	LBA	WDR	
arab-cup-2025	Senior Men -63kg	R32	206	BOULAZZE Abderrahmane	MAR	IKONNIKOV Egor	UAE	WDR	
arab-cup-2025	Senior Men -63kg	R32	207	HASSAN KAMAL Yahia	EGY	ABDULGADER Abdulmalik mohamed	LBA	PTF	2:0
arab-cup-2025	Senior Men -63kg	R32	208	MOHAMMED Muath	BRN	AL-MUTAIRI Falah	KUW	PTF	2:0
arab-cup-2025	Senior Men -63kg	R32	209	ZAIRAT Bilal	MAR	MOHAMED Ahmed Mohamed Abdel	EGY	RSC	
arab-cup-2025	Senior Men -63kg	R16	213	YASER ISMAIL Omar	PLE	MOHAMED OMAR SAYED Omar	EGY	PTF	2:0
arab-cup-2025	Senior Men -63kg	R16	214	ABUTALEB Abdulbasit ali m	KSA	BASSIDI Mohammed	MAR	DSQ	
arab-cup-2025	Senior Men -63kg	R16	215	ALMABROUK Hamad mabrouk s	KSA	AL-AMERI Mohamed jawad	YEM	WDR	
arab-cup-2025	Senior Men -63kg	R16	216	ALHALAWANI Zaid	JOR	ELSERSY Omar	EGY	PTF	2:0
arab-cup-2025	Senior Men -63kg	R16	217	ALTARYREH Mahmoud	JOR	BOULAZZE Abderrahmane	MAR	PTF	2:1
arab-cup-2025	Senior Men -63kg	R16	218	HASSAN KAMAL Yahia	EGY	ALMADAWI Mohammed ali a	KSA	PTF	2:1
arab-cup-2025	Senior Men -63kg	R16	219	ALKHAWAHR Mustafa	KSA	MOHAMMED Muath	BRN	PTF	2:1
arab-cup-2025	Senior Men -63kg	R16	220	GHALI Zakariya Mohammad	KSA	ZAIRAT Bilal	MAR	PTF	2:0
arab-cup-2025	Senior Men -63kg	QF	224	YASER ISMAIL Omar	PLE	ABUTALEB Abdulbasit ali m	KSA	PTF	2:0
arab-cup-2025	Senior Men -63kg	QF	225	ALHALAWANI Zaid	JOR	ALMABROUK Hamad mabrouk s	KSA	PTF	2:0
arab-cup-2025	Senior Men -63kg	QF	226	ALTARYREH Mahmoud	JOR	HASSAN KAMAL Yahia	EGY	PTF	2:1
arab-cup-2025	Senior Men -63kg	QF	227	GHALI Zakariya Mohammad	KSA	ALKHAWAHR Mustafa	KSA	PTF	2:0
arab-cup-2025	Senior Men -63kg	SF	133	ALHALAWANI Zaid	JOR	YASER ISMAIL Omar	PLE	PTF	2:1
arab-cup-2025	Senior Men -63kg	SF	231	ALTARYREH Mahmoud	JOR	GHALI Zakariya Mohammad	KSA	PTF	2:0
arab-cup-2025	Senior Men -63kg	F	934	ALTARYREH Mahmoud	JOR	ALHALAWANI Zaid	JOR	RSC	
arab-cup-2025	Senior Men -68kg	R64	701	OMRANI Ayoub	TUN	SALAHALDIN KAREEM Ali	IRQ	PTF	2:0
arab-cup-2025	Senior Men -68kg	R64	702	AL NASHASH Hamzeh	JOR	IBRAHIM SHAIKH Mohammad	PLE	PTF	2:0
arab-cup-2025	Senior Men -68kg	R64	801	MESAMEH Yusuf faisal	BRN	ALENEZI Yousef salama	KUW	PTF	2:0
arab-cup-2025	Senior Men -68kg	R64	802	ISAEV Bekhruzbek	KSA	M'HEIMID Remdane	MTN	WDR	
arab-cup-2025	Senior Men -68kg	R64	901	ZIAD Diaa	PLE	OTHMAN Mohammad	JOR	WDR	1:0
arab-cup-2025	Senior Men -68kg	R64	902	MOHAMED Amr	UAE	MOHAMED HARHASH Youssuf	EGY	RSC	
arab-cup-2025	Senior Men -68kg	R32	715	MUHAMMAD FATHY Omar	EGY	OMRANI Ayoub	TUN	PTF	2:1
arab-cup-2025	Senior Men -68kg	R32	716	ALRASHEDI Barrak	KUW	ALMESSMARY Hassan	UAE	DSQ	
arab-cup-2025	Senior Men -68kg	R32	717	AL TAIFI Rayyan mohammed j	KSA	FEKI Mahdi	TUN	PTF	2:0
arab-cup-2025	Senior Men -68kg	R32	718	DAHIRI Mohamed amine	MAR	ABUHATAB Nouredeen	PLE	PTF	2:0
arab-cup-2025	Senior Men -68kg	R32	719	AL NASHASH Hamzeh	JOR	AL HARBI Mohammed	KSA	PTF	2:0
arab-cup-2025	Senior Men -68kg	R32	811	ABDELMONEIM Tamer	EGY	BAHRI Ali Reza	UAE	PTF	2:0
arab-cup-2025	Senior Men -68kg	R32	812	HAMDI Mohamed Aziz	TUN	VATANI Milad Javid	UAE	WDR	
arab-cup-2025	Senior Men -68kg	R32	813	SAIDI Faical	MAR	MESAMEH Yusuf faisal	BRN	PTF	2:0
arab-cup-2025	Senior Men -68kg	R32	814	ISAEV Bekhruzbek	KSA	AKHMIM Ayoub	MAR	PTF	2:0
arab-cup-2025	Senior Men -68kg	R32	815	MATHLOUTHI Jihed	TUN	ALENEZI Saood	KUW	PTF	2:0
arab-cup-2025	Senior Men -68kg	R32	908	ALDOSERI Abdulla	BRN	SHADID Abdullah	UAE	PTF	2:1
arab-cup-2025	Senior Men -68kg	R32	909	ZIAD Diaa	PLE	RAHEEM ABBAS Baqer	IRQ	DSQ	
arab-cup-2025	Senior Men -68kg	R32	910	ALKHAWAHIR Ahmed	KSA	HACHIMI Lahcen	MAR	PTF	2:0
arab-cup-2025	Senior Men -68kg	R32	911	ISSAOUI Iyed	TUN	RHARRABTY Abderrahim	UAE	DSQ	
arab-cup-2025	Senior Men -68kg	R32	912	MALALLAH Mohammad	KUW	DAHBANI Mohamed Yassine	MAR	DSQ	
arab-cup-2025	Senior Men -68kg	R32	913	BUGDAEV Shakhban	KSA	MOHAMED Amr	UAE	PTF	2:0
arab-cup-2025	Senior Men -68kg	R16	723	MUHAMMAD FATHY Omar	EGY	ALRASHEDI Barrak	KUW	PTF	2:0
arab-cup-2025	Senior Men -68kg	R16	724	DAHIRI Mohamed amine	MAR	AL TAIFI Rayyan mohammed j	KSA	PTF	2:0
arab-cup-2025	Senior Men -68kg	R16	817	SAIDI Faical	MAR	HAMDI Mohamed Aziz	TUN	WDR	
arab-cup-2025	Senior Men -68kg	R16	819	MATHLOUTHI Jihed	TUN	ISAEV Bekhruzbek	KSA	PTF	2:1
arab-cup-2025	Senior Men -68kg	R16	823	AL NASHASH Hamzeh	JOR	ABDELMONEIM Tamer	EGY	PTF	2:0
arab-cup-2025	Senior Men -68kg	R16	922	ZIAD Diaa	PLE	ALDOSERI Abdulla	BRN	PTF	2:0
arab-cup-2025	Senior Men -68kg	R16	923	ISSAOUI Iyed	TUN	ALKHAWAHIR Ahmed	KSA	PTF	2:0
arab-cup-2025	Senior Men -68kg	R16	924	BUGDAEV Shakhban	KSA	MALALLAH Mohammad	KUW	PTF	2:0
arab-cup-2025	Senior Men -68kg	QF	731	MUHAMMAD FATHY Omar	EGY	DAHIRI Mohamed amine	MAR	PTF	2:0
arab-cup-2025	Senior Men -68kg	QF	827	AL NASHASH Hamzeh	JOR	SAIDI Faical	MAR	PTF	2:0
arab-cup-2025	Senior Men -68kg	QF	929	MATHLOUTHI Jihed	TUN	ZIAD Diaa	PLE	PTF	2:0
arab-cup-2025	Senior Men -68kg	QF	930	ISSAOUI Iyed	TUN	BUGDAEV Shakhban	KSA	PTF	1:0
arab-cup-2025	Senior Men -68kg	SF	834	MATHLOUTHI Jihed	TUN	ISSAOUI Iyed	TUN	RSC	1:0
arab-cup-2025	Senior Men -68kg	SF	835	MUHAMMAD FATHY Omar	EGY	AL NASHASH Hamzeh	JOR	RSC	2:0
arab-cup-2025	Senior Men -68kg	F	839	MUHAMMAD FATHY Omar	EGY	MATHLOUTHI Jihed	TUN	RSC	1:0
arab-cup-2025	Senior Men -74kg	R32	511	ABDELLAOUI Aziz	TUN	BADR EDDINE Saidi	MAR	PTF	2:1
arab-cup-2025	Senior Men -74kg	R32	512	BIN DOOKHY Hasham Bandar N	KSA	ALKHASHARFA Mohammad Khalil	SYR	RSC	2:0
arab-cup-2025	Senior Men -74kg	R32	513	ELALAOUI Mohtaram	UAE	MOHAMED MAHMOUD Frass	EGY	RSC	1:0
arab-cup-2025	Senior Men -74kg	R32	514	IBRAHIM Ahmed Yasser Fathy	EGY	ALOJAIMAN Ojaiman	KUW	DSQ	
arab-cup-2025	Senior Men -74kg	R32	515	BAHLOOOL Ahmad	PLE	ALAJMI Abdulaziz	KUW	RSC	2:0
arab-cup-2025	Senior Men -74kg	R32	606	NOURICHAFI Fadl-allah	MAR	ALI Faisal Saad S	KSA	RSC	
arab-cup-2025	Senior Men -74kg	R32	607	MOHAMED YASSINE Salim	MAR	AMEER Yousif	KUW	WDR	1:0
arab-cup-2025	Senior Men -74kg	R32	608	HAMOUDA Nafti	TUN	ZADEH Iman	UAE	PTF	2:0
arab-cup-2025	Senior Men -74kg	R32	609	SAMEH SHABAN Saif El Din	EGY	AL QARNI Abdullah Mustafa A	KSA	PTF	2:1
arab-cup-2025	Senior Men -74kg	R32	610	SASSY Yassin	UAE	TOUMI Mohamed Yassine	TUN	DSQ	
arab-cup-2025	Senior Men -74kg	R32	703	KAREEM Zaid	JOR	EL-ALAMI-SAIDI Rachid	MAR	PTF	2:0
arab-cup-2025	Senior Men -74kg	R32	704	ALAGHA Rakan	KSA	BUTI Abdulwahab emad	KUW	PTF	2:1
arab-cup-2025	Senior Men -74kg	R32	705	JUMA Ahmed Sherif Mohamed Saf.	EGY	TAYAA Abdessamad	MAR	WDR	
arab-cup-2025	Senior Men -74kg	R32	706	HASAN Ali	UAE	ASHOUR Mahde	KUW	WDR	
arab-cup-2025	Senior Men -74kg	R32	707	BOUJEMAI Fares	TUN	HAMMOUDA Mostafa mahmoud saif	UAE	PTF	2:0
arab-cup-2025	Senior Men -74kg	R32	708	F. A. ABDELRAZEQ Fahid	PLE	ABDULREHEEM Fawaz	KUW	WDR	
arab-cup-2025	Senior Men -74kg	R16	524	BIN DOOKHY Hasham Bandar N	KSA	ABDELLAOUI Aziz	TUN	RSC	2:0
arab-cup-2025	Senior Men -74kg	R16	525	IBRAHIM Ahmed Yasser Fathy	EGY	ELALAOUI Mohtaram	UAE	PTF	2:0
arab-cup-2025	Senior Men -74kg	R16	617	MOHAMED YASSINE Salim	MAR	HAMOUDA Nafti	TUN	PTF	2:1
arab-cup-2025	Senior Men -74kg	R16	618	SAMEH SHABAN Saif El Din	EGY	SASSY Yassin	UAE	PTF	2:0
arab-cup-2025	Senior Men -74kg	R16	621.1	BAHLOOOL Ahmad	PLE	NOURICHAFI Fadl-allah	MAR	PTF	2:0
arab-cup-2025	Senior Men -74kg	R16	720	KAREEM Zaid	JOR	ALAGHA Rakan	KSA	RSC	2:0
arab-cup-2025	Senior Men -74kg	R16	721	JUMA Ahmed Sherif Mohamed Saf.	EGY	HASAN Ali	UAE	PTF	2:0
arab-cup-2025	Senior Men -74kg	R16	722	F. A. ABDELRAZEQ Fahid	PLE	BOUJEMAI Fares	TUN	PTF	2:1
arab-cup-2025	Senior Men -74kg	QF	627	BAHLOOOL Ahmad	PLE	MOHAMED YASSINE Salim	MAR	PTF	2:1
arab-cup-2025	Senior Men -74kg	QF	729	KAREEM Zaid	JOR	SAMEH SHABAN Saif El Din	EGY	PTF	2:0
arab-cup-2025	Senior Men -74kg	QF	730	JUMA Ahmed Sherif Mohamed Saf.	EGY	F. A. ABDELRAZEQ Fahid	PLE	PTF	2:1
arab-cup-2025	Senior Men -74kg	QF	834.1	IBRAHIM Ahmed Yasser Fathy	EGY	BIN DOOKHY Hasham Bandar N	KSA	PTF	2:0
arab-cup-2025	Senior Men -74kg	SF	534	KAREEM Zaid	JOR	JUMA Ahmed Sherif Mohamed Saf.	EGY	PTF	2:0
arab-cup-2025	Senior Men -74kg	SF	535	IBRAHIM Ahmed Yasser Fathy	EGY	BAHLOOOL Ahmad	PLE	PTF	2:0
arab-cup-2025	Senior Men -74kg	F	539	KAREEM Zaid	JOR	IBRAHIM Ahmed Yasser Fathy	EGY	PTF	2:0
arab-cup-2025	Senior Men -80kg	R32	903	ABU HDEEB Baha'	JOR	ALENEZI Omar	KUW	DSQ	
arab-cup-2025	Senior Men -80kg	R32	904	BEN ELBACARIA Ahmed	MAR	ELSHEIKH Adham	EGY	PTF	2:1
arab-cup-2025	Senior Men -80kg	R32	905	ALRAMMAHI Saif Taher Habeeb	IRQ	RAYAN Begad Walid	UAE	RSC	1:0
arab-cup-2025	Senior Men -80kg	R32	906	ALENEZI Bandar	KUW	SAED Alhareth	BRN	PTF	2:0
arab-cup-2025	Senior Men -80kg	R32	907	HOSSAM ELDEIN Hazem	EGY	HAMEDI Tareg	KSA	PTF	2:0
arab-cup-2025	Senior Men -80kg	R16	914	KATOUSI Firas	TUN	ABU HDEEB Baha'	JOR	PTF	2:0
arab-cup-2025	Senior Men -80kg	R16	915	ALSOWAIQ Mohammed	KSA	ABDELAZIZ Saud	UAE	RSC	
arab-cup-2025	Senior Men -80kg	R16	916	ZARHOUTI Haitam	MAR	BEN ELBACARIA Ahmed	MAR	DSQ	
arab-cup-2025	Senior Men -80kg	R16	917	AOUNI Jasser	KSA	ALRAMMAHI Saif Taher Habeeb	IRQ	PTF	2:0
arab-cup-2025	Senior Men -80kg	R16	918	AL-MUTAIRI Meshal	KUW	ALENEZI Bandar	KUW	WDR	1:0
arab-cup-2025	Senior Men -80kg	R16	919	BENHASSINE Mohamed leith	TUN	AMIR HASSAN Armin	UAE	RSC	
arab-cup-2025	Senior Men -80kg	R16	920	ALADARBI Mohammad	JOR	ALMUTAIRI Sulatan m kh	KUW	PTF	2:0
arab-cup-2025	Senior Men -80kg	R16	921	HOSSAM ELDEIN Hazem	EGY	SAIDAWI Hasan	SYR	WDR	
arab-cup-2025	Senior Men -80kg	QF	925	KATOUSI Firas	TUN	ALSOWAIQ Mohammed	KSA	PTF	2:0
arab-cup-2025	Senior Men -80kg	QF	926	ZARHOUTI Haitam	MAR	AOUNI Jasser	KSA	PTF	2:1
arab-cup-2025	Senior Men -80kg	QF	927	BENHASSINE Mohamed leith	TUN	AL-MUTAIRI Meshal	KUW	RSC	2:0
arab-cup-2025	Senior Men -80kg	QF	928	ALADARBI Mohammad	JOR	HOSSAM ELDEIN Hazem	EGY	PTF	2:0
arab-cup-2025	Senior Men -80kg	SF	931	KATOUSI Firas	TUN	ZARHOUTI Haitam	MAR	PTF	2:1
arab-cup-2025	Senior Men -80kg	SF	932	ALADARBI Mohammad	JOR	BENHASSINE Mohamed leith	TUN	PTF	2:0
arab-cup-2025	Senior Men -80kg	F	936	KATOUSI Firas	TUN	ALADARBI Mohammad	JOR	RSC	1:0
arab-cup-2025	Senior Men -87kg	R16	803	IBRAHIM Mohamed Tarek Mohamed Ot.	EGY	ABDELRAHMAN Mohamed abousedira shaker	UAE	WDR	
arab-cup-2025	Senior Men -87kg	R16	804	IFAOUI Motaz	TUN	IBRAHIM Mohammad	KUW	PTF	2:0
arab-cup-2025	Senior Men -87kg	R16	805	ELSHARABATY Saleh	JOR	ELASBI Soufiane	MAR	DSQ	
arab-cup-2025	Senior Men -87kg	R16	806	ALHERAIS Bader l s l	KUW	HUSSEIN Jaber Mohamad	UAE	PTF	2:0
arab-cup-2025	Senior Men -87kg	R16	807	JAMAZI Mohamed	TUN	ALKANDARI Yahyah	KUW	PTF	2:0
arab-cup-2025	Senior Men -87kg	R16	808	RAWY Ahmad	EGY	ALASSALI Llies	UAE	PTF	2:0
arab-cup-2025	Senior Men -87kg	R16	809	MOHAMED MAHMOUD Abdullah	UAE	ABOU DARGHAM Adam	LBN	PTF	2:0
arab-cup-2025	Senior Men -87kg	R16	810	ALMABROUK Ali Mabrouk S	KSA	SHUKUR Shukur Mahmood	IRQ	WDR	
arab-cup-2025	Senior Men -87kg	QF	820	IFAOUI Motaz	TUN	IBRAHIM Mohamed Tarek Mohamed Ot.	EGY	PTF	2:0
arab-cup-2025	Senior Men -87kg	QF	821	ELSHARABATY Saleh	JOR	ALHERAIS Bader l s l	KUW	PTF	2:0
arab-cup-2025	Senior Men -87kg	QF	822	RAWY Ahmad	EGY	JAMAZI Mohamed	TUN	PTF	2:0
arab-cup-2025	Senior Men -87kg	QF	824	ALMABROUK Ali Mabrouk S	KSA	MOHAMED MAHMOUD Abdullah	UAE	PTF	2:0
arab-cup-2025	Senior Men -87kg	SF	828	ELSHARABATY Saleh	JOR	IFAOUI Motaz	TUN	PTF	2:1
arab-cup-2025	Senior Men -87kg	SF	829	RAWY Ahmad	EGY	ALMABROUK Ali Mabrouk S	KSA	PTF	2:0
arab-cup-2025	Senior Men -87kg	F	833	RAWY Ahmad	EGY	ELSHARABATY Saleh	JOR	PTF	2:0
arab-cup-2025	Senior Men +87kg	R16	709	SHATNAWE Abdallah	JOR	HASAN Ali hameed	KUW	PTF	2:0
arab-cup-2025	Senior Men +87kg	R16	710	WAHDAN Youssef Mohamed Ahmed Ha.	EGY	ALATWAN Jaber	KUW	WDR	
arab-cup-2025	Senior Men +87kg	R16	711	ALSALEM Majed mohammed b	KSA	HARBI Anis	TUN	PTF	2:0
arab-cup-2025	Senior Men +87kg	R16	712	SBEIHI Fahed	JOR	ALY Mohamed	EGY	PTF	2:0
arab-cup-2025	Senior Men +87kg	R16	713	ZAKARIA Khouyyar	MAR	ALDOSERI Abdulaziz	BRN	PTF	2:0
arab-cup-2025	Senior Men +87kg	R16	714	ZAKARIYA Abdulmohsen	KUW	ALSAAD Muslim	UAE	PTF	2:1
arab-cup-2025	Senior Men +87kg	QF	725	ESSAM MOHIUDDIN Abdullah	EGY	SHATNAWE Abdallah	JOR	PTF	2:1
arab-cup-2025	Senior Men +87kg	QF	726	ALSALEM Majed mohammed b	KSA	WAHDAN Youssef Mohamed Ahmed Ha.	EGY	PTF	2:0
arab-cup-2025	Senior Men +87kg	QF	727	ZAKARIA Khouyyar	MAR	SBEIHI Fahed	JOR	PTF	2:0
arab-cup-2025	Senior Men +87kg	QF	728	ZAKARIYA Abdulmohsen	KUW	AMR MOHARRAM MENESSI Marw	EGY	PTF	2:0
arab-cup-2025	Senior Men +87kg	SF	732	ESSAM MOHIUDDIN Abdullah	EGY	ALSALEM Majed mohammed b	KSA	PTF	2:0
arab-cup-2025	Senior Men +87kg	SF	733	ZAKARIA Khouyyar	MAR	ZAKARIYA Abdulmohsen	KUW	PTF	2:0
arab-cup-2025	Senior Men +87kg	F	737	ESSAM MOHIUDDIN Abdullah	EGY	ZAKARIA Khouyyar	MAR	PTF	2:0
arab-cup-2025	Senior Women -46kg	R32	106	KHALED ABD ELMONEM HAMAM Rodina	EGY	AHMED Hala	UAE	RSC	1:0
arab-cup-2025	Senior Women -46kg	R32	107	TOUZANI Farah	MAR	ALMAIMANI Nuha gasem a	KSA	PTF	2:0
arab-cup-2025	Senior Women -46kg	R32	108	MERYEM Chabba	MAR	BADWAN Zaina	JOR	PTF	2:0
arab-cup-2025	Senior Women -46kg	R32	109	ALDARDOOK Nour	JOR	MOHAMMAD Soher	SYR	PTF	2:0
arab-cup-2025	Senior Women -46kg	R32	210	MOHAMED Noor	BRN	SHAMI Leena	KSA	PTF	2:1
arab-cup-2025	Senior Women -46kg	R32	211	ALSHAMMARI Sahaf Matar A	KSA	RASHED Malak	UAE	PTF	2:0
arab-cup-2025	Senior Women -46kg	R32	212	AL WERAIKI Sali mansoor hussein	KSA	HASSAN Shama	UAE	PTF	2:1
arab-cup-2025	Senior Women -46kg	R32	301	AL-HINAI Umaima harib	OMA	MAHJOUB Asma	TUN	WDR	
arab-cup-2025	Senior Women -46kg	R32	302	ALKHAWAHR Rahmah abdulmanam a	KSA	HRAIRAT Raneem	JOR	PTF	2:0
arab-cup-2025	Senior Women -46kg	R32	303	SAIGHI Lyamna	ALG	RAMY MOHAMED Salma	EGY	PTF	2:0
arab-cup-2025	Senior Women -46kg	R32	304	FATIMA Bensaid	MAR	SAAD MOHAMMED Shahd	KSA	PTF	2:0
arab-cup-2025	Senior Women -46kg	R32	305	YAHYAEI Sama	BRN	ALYAMANI Thimar mohammed a	KSA	PTF	2:0
arab-cup-2025	Senior Women -46kg	R16	115	KHALED ABD ELMONEM HAMAM Rodina	EGY	ALSHARIF Taiba khalid y	KSA	PTF	2:0
arab-cup-2025	Senior Women -46kg	R16	116	TOUZANI Farah	MAR	MERYEM Chabba	MAR	PTF	2:0
arab-cup-2025	Senior Women -46kg	R16	221	ALDARDOOK Nour	JOR	MOHAMED Noor	BRN	PTF	2:1
arab-cup-2025	Senior Women -46kg	R16	222	ELZANATY Mariam	EGY	ALSHAMMARI Sahaf Matar A	KSA	PTF	2:0
arab-cup-2025	Senior Women -46kg	R16	223	BINTHANI Yara	BRN	AL WERAIKI Sali mansoor hussein	KSA	PTF	2:1
arab-cup-2025	Senior Women -46kg	R16	312	ALKHAWAHR Rahmah abdulmanam a	KSA	AL-HINAI Umaima harib	OMA	PTF	2:0
arab-cup-2025	Senior Women -46kg	R16	313	SAIGHI Lyamna	ALG	FATIMA Bensaid	MAR	PTF	2:0
arab-cup-2025	Senior Women -46kg	R16	314	HAMZEH Layan	JOR	YAHYAEI Sama	BRN	PTF	2:0
arab-cup-2025	Senior Women -46kg	QF	126	TOUZANI Farah	MAR	KHALED ABD ELMONEM HAMAM Rodina	EGY	PTF	2:1
arab-cup-2025	Senior Women -46kg	QF	228	ALDARDOOK Nour	JOR	ELZANATY Mariam	EGY	PTF	2:1
arab-cup-2025	Senior Women -46kg	QF	328	SAIGHI Lyamna	ALG	HAMZEH Layan	JOR	PTF	1:0
arab-cup-2025	Senior Women -46kg	QF	331.1	ALKHAWAHR Rahmah abdulmanam a	KSA	BINTHANI Yara	BRN	PTF	2:0
arab-cup-2025	Senior Women -46kg	SF	232	TOUZANI Farah	MAR	ALDARDOOK Nour	JOR	PTF	2:0
arab-cup-2025	Senior Women -46kg	SF	336	SAIGHI Lyamna	ALG	ALKHAWAHR Rahmah abdulmanam a	KSA	PTF	1:0
arab-cup-2025	Senior Women -46kg	F	237	TOUZANI Farah	MAR	SAIGHI Lyamna	ALG	RSC	2:0
arab-cup-2025	Senior Women -49kg	R32	110	HOSSAM Malak	EGY	KAZIM Fatimah	KSA	PTF	2:0
arab-cup-2025	Senior Women -49kg	R32	111	ALSHAMMARI Rahaf matar abdulhadi	KSA	RASHED SAED Hessa	UAE	PTF	2:0
arab-cup-2025	Senior Women -49kg	R32	112	EL ENDARI Dana	LBN	ALJABUR Shahad	KSA	PTF	2:0
arab-cup-2025	Senior Women -49kg	R16	117	HOSSAM Malak	EGY	A. SH. SALEH Abrar	PLE	PTF	2:0
arab-cup-2025	Senior Women -49kg	R16	118	ELAASAL Nezha	MAR	MOHAMMED Mariam	UAE	RSC	2:0
arab-cup-2025	Senior Women -49kg	R16	119	BEKKOUR Lamiae	MAR	DAD ALLAH Sara	UAE	DSQ	
arab-cup-2025	Senior Women -49kg	R16	120	ZOGHBI Aicha	TUN	ALSALAH Fatimah	KSA	DSQ	
arab-cup-2025	Senior Women -49kg	R16	121	MOSTAFA ABDALLAH AMMAR Habiba	EGY	ALSHAMMARI Rahaf matar abdulhadi	KSA	PTF	2:0
arab-cup-2025	Senior Women -49kg	R16	122	ISAM AZEEZ Fatimah	IRQ	ALI Hawraa abdullah	KUW	DSQ	
arab-cup-2025	Senior Women -49kg	R16	123	MARIEME Nia	MAR	OBAID SALMEIN Mozah	UAE	DSQ	
arab-cup-2025	Senior Women -49kg	R16	124	EL ENDARI Dana	LBN	KALAWADH Fatema	BRN	PTF	2:1
arab-cup-2025	Senior Women -49kg	QF	127	ELAASAL Nezha	MAR	HOSSAM Malak	EGY	PTF	2:0
arab-cup-2025	Senior Women -49kg	QF	128	ZOGHBI Aicha	TUN	BEKKOUR Lamiae	MAR	PTF	2:0
arab-cup-2025	Senior Women -49kg	QF	129	MOSTAFA ABDALLAH AMMAR Habiba	EGY	ISAM AZEEZ Fatimah	IRQ	RSC	
arab-cup-2025	Senior Women -49kg	QF	130	EL ENDARI Dana	LBN	MARIEME Nia	MAR	PTF	2:0
arab-cup-2025	Senior Women -49kg	SF	132	ZOGHBI Aicha	TUN	ELAASAL Nezha	MAR	PTF	2:0
arab-cup-2025	Senior Women -49kg	SF	134	MOSTAFA ABDALLAH AMMAR Habiba	EGY	EL ENDARI Dana	LBN	PTF	2:0
arab-cup-2025	Senior Women -49kg	F	138	ZOGHBI Aicha	TUN	MOSTAFA ABDALLAH AMMAR Habiba	EGY	PTF	2:1
arab-cup-2025	Senior Women -53kg	R16	410	ABUTALEB Dunya ali m	KSA	DHAHRI Ikram	TUN	PTF	2:0
arab-cup-2025	Senior Women -53kg	R16	411	WAEL EMERAH Habiba	EGY	HADROOS Reem	RTA	PTF	2:0
arab-cup-2025	Senior Women -53kg	R16	412	FARAJ Yaqin	PLE	MOHAMMED Farah	BRN	PTF	2:0
arab-cup-2025	Senior Women -53kg	R16	413	M ALASSAF Amnah Mohammed	KSA	MATTAR Carla	UAE	PTF	2:0
arab-cup-2025	Senior Women -53kg	R16	414	ALSHUROOQI Hanan	BRN	AWLMOHAMMED Rozhgar ali	IRQ	PTF	2:0
arab-cup-2025	Senior Women -53kg	R16	415	ENNAMS Meryem	MAR	AHMED Lojain	KSA	PTF	2:0
arab-cup-2025	Senior Women -53kg	R16	416	AHMAD Shams	SYR	EISA Fatmah	UAE	PTF	2:0
arab-cup-2025	Senior Women -53kg	R16	417	KHATTAB Jana	EGY	BEN AOUN Ouhoud	TUN	PTF	2:0
arab-cup-2025	Senior Women -53kg	QF	128.2	ABUTALEB Dunya ali m	KSA	WAEL EMERAH Habiba	EGY	PTF	2:0
arab-cup-2025	Senior Women -53kg	QF	131	ENNAMS Meryem	MAR	ALSHUROOQI Hanan	BRN	PTF	2:0
arab-cup-2025	Senior Women -53kg	QF	333.1	KHATTAB Jana	EGY	AHMAD Shams	SYR	PTF	2:0
arab-cup-2025	Senior Women -53kg	QF	429	FARAJ Yaqin	PLE	M ALASSAF Amnah Mohammed	KSA	PTF	2:1
arab-cup-2025	Senior Women -53kg	SF	434	ABUTALEB Dunya ali m	KSA	FARAJ Yaqin	PLE	RSC	1:0
arab-cup-2025	Senior Women -53kg	SF	435	KHATTAB Jana	EGY	ENNAMS Meryem	MAR	PTF	2:1
arab-cup-2025	Senior Women -53kg	F	439	ABUTALEB Dunya ali m	KSA	KHATTAB Jana	EGY	PTF	2:0
arab-cup-2025	Senior Women -57kg	R16	306	AHMED Basma	EGY	RABAYYA Maha	UAE	PTF	2:0
arab-cup-2025	Senior Women -57kg	R16	307	MERIEME Khoulal	MAR	KHIRFAN Fadia	JOR	PTF	2:1
arab-cup-2025	Senior Women -57kg	QF	315	TOUMI Chaima	TUN	AHMED Basma	EGY	PTF	2:0
arab-cup-2025	Senior Women -57kg	QF	316	MOHAMED AMIN Malak	EGY	ZAYTOUN Leila	QAT	PTF	2:1
arab-cup-2025	Senior Women -57kg	QF	317	SAMY ELHOSSEINY Shahd	EGY	A. M. AMMAR Joweil	PLE	PTF	2:0
arab-cup-2025	Senior Women -57kg	QF	318	MERIEME Khoulal	MAR	ASHRAF MOHAMED AHMED HAMDAN Lougina	EGY	PTF	2:0
arab-cup-2025	Senior Women -57kg	SF	329	TOUMI Chaima	TUN	MOHAMED AMIN Malak	EGY	PTF	2:0
arab-cup-2025	Senior Women -57kg	SF	330	MERIEME Khoulal	MAR	SAMY ELHOSSEINY Shahd	EGY	PTF	2:0
arab-cup-2025	Senior Women -57kg	F	931.1	TOUMI Chaima	TUN	MERIEME Khoulal	MAR	PTF	2:1
arab-cup-2025	Senior Women -62kg	R16	308	SABIR Dounia	KSA	IDRISSI Assia	MAR	PTF	2:0
arab-cup-2025	Senior Women -62kg	R16	309	ALAMERI Shahad a	KUW	SALIM Israa Azad	IRQ	PTF	2:0
arab-cup-2025	Senior Women -62kg	QF	319	MSADDEK Yasmin	QAT	SABIR Dounia	KSA	PTF	2:1
arab-cup-2025	Senior Women -62kg	QF	320	AYARI Nisrin	KSA	GHULAM Tanver Khanum	UAE	DSQ	
arab-cup-2025	Senior Women -62kg	QF	321	WAFA Masghouni	TUN	ALKETBI Asayel	UAE	PTF	2:0
arab-cup-2025	Senior Women -62kg	QF	322	ALAMERI Shahad a	KUW	ALSHAMMARI Mays Matar Abdulhadi	KSA	PTF	2:0
arab-cup-2025	Senior Women -62kg	SF	331	AYARI Nisrin	KSA	MSADDEK Yasmin	QAT	PTF	2:0
arab-cup-2025	Senior Women -62kg	SF	332	WAFA Masghouni	TUN	ALAMERI Shahad a	KUW	WDR	1:0
arab-cup-2025	Senior Women -62kg	F	931.3	WAFA Masghouni	TUN	AYARI Nisrin	KSA	RSC	
arab-cup-2025	Senior Women -67kg	R16	310	FATNASSI Maram	QAT	TAHA Batool	KSA	PTF	2:1
arab-cup-2025	Senior Women -67kg	R16	311	ALRAWASHDEH Razan mohammed	JOR	JALLAB Sara	BRN	PTF	2:0
arab-cup-2025	Senior Women -67kg	QF	323	SHEHATA Aya	EGY	FATNASSI Maram	QAT	PTF	2:0
arab-cup-2025	Senior Women -67kg	QF	324	EL ATRI Wafae	MAR	SALEM Maryam	UAE	DSQ	
arab-cup-2025	Senior Women -67kg	QF	325	TARIK A BANGASH Lamar	KSA	BOUZAIENE Maryam	UAE	WDR	
arab-cup-2025	Senior Women -67kg	QF	326	ALRAWASHDEH Razan mohammed	JOR	KHALED HUSSEIN MAHMOUD Shahd	EGY	PTF	2:0
arab-cup-2025	Senior Women -67kg	SF	333	SHEHATA Aya	EGY	EL ATRI Wafae	MAR	PTF	2:0
arab-cup-2025	Senior Women -67kg	SF	334	ALRAWASHDEH Razan mohammed	JOR	TARIK A BANGASH Lamar	KSA	PTF	2:0
arab-cup-2025	Senior Women -67kg	F	933	SHEHATA Aya	EGY	ALRAWASHDEH Razan mohammed	JOR	PTF	2:0
arab-cup-2025	Senior Women -73kg	QF	816	RADWAN Malak Hesham Gamal	EGY	HIBA Abbaoui	MAR	WDR	
arab-cup-2025	Senior Women -73kg	QF	818	ABO-ALRUB Rama	JOR	KABARAH Faeqah	KSA	PTF	2:0
arab-cup-2025	Senior Women -73kg	SF	825	RADWAN Malak Hesham Gamal	EGY	FOUAD ELSAYED FARAG HUSSEIN Basant	EGY	PTF	2:0
arab-cup-2025	Senior Women -73kg	SF	826	ABO-ALRUB Rama	JOR	HASSAN AHMED HASSAN ALI FELFEL Ola	EGY	PTF	2:0
arab-cup-2025	Senior Women -73kg	F	830	ABO-ALRUB Rama	JOR	RADWAN Malak Hesham Gamal	EGY	PTF	2:0
arab-cup-2025	Senior Women +73kg	QF	623	MOHAMMED Noor nazar	QAT	ALKETBI Salma	UAE	PTF	2:0
arab-cup-2025	Senior Women +73kg	QF	624	LAMDARDAR Khadija	MAR	ABDELELAZIM Yaraa Shraf	UAE	RSC	
arab-cup-2025	Senior Women +73kg	QF	625	GWAILY Janna	EGY	FARAH El Majidi	MAR	RSC	1:0
arab-cup-2025	Senior Women +73kg	QF	626	SAMER ELSAYED Nour	EGY	IBRAHIM Alyaa	UAE	WDR	
arab-cup-2025	Senior Women +73kg	SF	629	LAMDARDAR Khadija	MAR	MOHAMMED Noor nazar	QAT	PTF	2:0
arab-cup-2025	Senior Women +73kg	SF	630	GWAILY Janna	EGY	SAMER ELSAYED Nour	EGY	PTF	2:1
arab-cup-2025	Senior Women +73kg	F	931.2	LAMDARDAR Khadija	MAR	GWAILY Janna	EGY	PTF	2:0
albania-open-2025	Senior Men -54kg	R16	405	ZACCONE Francesco	ITA	MUTLAQ Suaod	KUW	PTF	2:0
albania-open-2025	Senior Men -54kg	R16	406	SALVATORI Mattia	ITA	FONTINHA Andre	POR	PTF	2:0
albania-open-2025	Senior Men -54kg	QF	416	KHUDAYBERDIEV Jakhongir	UZB	ZACCONE Francesco	ITA	PTF	2:0
albania-open-2025	Senior Men -54kg	QF	417	GRAZIOSI Gianluca	ITA	COSTARELLI Enea	ITA	WDR	
albania-open-2025	Senior Men -54kg	QF	418	OTERO SOUSA Javier	ESP	BOULAHRAJANE Othmane	ITA	PTF	2:0
albania-open-2025	Senior Men -54kg	QF	419	TURKALJ Luka	CRO	SALVATORI Mattia	ITA	PTF	2:0
albania-open-2025	Senior Men -54kg	SF	426	KHUDAYBERDIEV Jakhongir	UZB	GRAZIOSI Gianluca	ITA	PTF	2:0
albania-open-2025	Senior Men -54kg	SF	427	OTERO SOUSA Javier	ESP	TURKALJ Luka	CRO	PTF	2:1
albania-open-2025	Senior Men -54kg	F	431	KHUDAYBERDIEV Jakhongir	UZB	OTERO SOUSA Javier	ESP	PTF	2:0
albania-open-2025	Senior Men -58kg	R32	501	PATAN Semih	KOS	PRASSAS Anargyros	GRE	PTF	2:0
albania-open-2025	Senior Men -58kg	R16	505	MANENKOV Maksym	UKR	PATAN Semih	KOS	PTF	2:0
albania-open-2025	Senior Men -58kg	R16	506	VIVES SAEZ Isaac	ESP	REALE Marco	ITA	PTF	2:0
albania-open-2025	Senior Men -58kg	R16	507	ALESIO Sebastien	FRA	MALIAKAS Charilaos	GRE	PTF	2:1
albania-open-2025	Senior Men -58kg	R16	508	OTAJONOV Omonjon	UZB	SCALIA Christian	ITA	PTF	2:0
albania-open-2025	Senior Men -58kg	R16	509	MANSUROV Kamronbek	UZB	VARSOS Panagiotis	GRE	PTF	2:0
albania-open-2025	Senior Men -58kg	R16	510	DEL VECCHIO Teodoro	ITA	MERGANBAY Abylaikhan	KAZ	PTF	2:1
albania-open-2025	Senior Men -58kg	R16	511	CIRIVELLO Gaetano	ITA	TORRE Elia	ITA	PTF	2:0
albania-open-2025	Senior Men -58kg	R16	512	DIMITROPOULOS Konstantinos	GRE	COLAPINTO Michele	ITA	PTF	2:0
albania-open-2025	Senior Men -58kg	QF	521	VIVES SAEZ Isaac	ESP	MANENKOV Maksym	UKR	PTF	2:0
albania-open-2025	Senior Men -58kg	QF	522	OTAJONOV Omonjon	UZB	ALESIO Sebastien	FRA	PTF	2:0
albania-open-2025	Senior Men -58kg	QF	523	DEL VECCHIO Teodoro	ITA	MANSUROV Kamronbek	UZB	PTF	2:0
albania-open-2025	Senior Men -58kg	QF	524	DIMITROPOULOS Konstantinos	GRE	CIRIVELLO Gaetano	ITA	PTF	2:0
albania-open-2025	Senior Men -58kg	SF	529	VIVES SAEZ Isaac	ESP	OTAJONOV Omonjon	UZB	PTF	2:0
albania-open-2025	Senior Men -58kg	SF	530	DIMITROPOULOS Konstantinos	GRE	DEL VECCHIO Teodoro	ITA	PTF	2:1
albania-open-2025	Senior Men -58kg	F	533	DIMITROPOULOS Konstantinos	GRE	VIVES SAEZ Isaac	ESP	PTF	2:0
albania-open-2025	Senior Men -63kg	R32	301	ZISIS Vasileios	GRE	PAGLIARA Matteo	ITA	PTF	2:0
albania-open-2025	Senior Men -63kg	R32	302	TOGYZBAYEV Konysbek	KAZ	KALPOUZANIS Dimitrios	GRE	WDR	1:1
albania-open-2025	Senior Men -63kg	R32	303	ANTEQUERA MOLINA Aaron	ESP	CONTINO Daniele	ITA	PTF	2:1
albania-open-2025	Senior Men -63kg	R16	308	YASER ISMAIL Omar	PLE	ZISIS Vasileios	GRE	PTF	2:0
albania-open-2025	Senior Men -63kg	R16	309	LUCERNA Luca	ITA	VISINSKI Patrik	CRO	PTF	2:0
albania-open-2025	Senior Men -63kg	R16	310	KURBANOV Shamsiddin	UZB	SANTINELLI Christian	ITA	PTF	2:0
albania-open-2025	Senior Men -63kg	R16	311	LO PINTO Daniel	ITA	ULUCAY Can	GER	PTF	2:0
albania-open-2025	Senior Men -63kg	R16	312	FLEGAR Jan	CRO	TOGYZBAYEV Konysbek	KAZ	PTF	2:0
albania-open-2025	Senior Men -63kg	R16	313	HORVATH Matej	SVK	SPRECA Tommaso	ITA	PTF	2:1
albania-open-2025	Senior Men -63kg	R16	314	MERDANAJ Ernest	ALB	GERARDIS Georgios	GRE	PTF	2:0
albania-open-2025	Senior Men -63kg	R16	315	NAZAROV Nazarali	UZB	ANTEQUERA MOLINA Aaron	ESP	PTF	2:1
albania-open-2025	Senior Men -63kg	QF	321	YASER ISMAIL Omar	PLE	LUCERNA Luca	ITA	PTF	2:0
albania-open-2025	Senior Men -63kg	QF	322	KURBANOV Shamsiddin	UZB	LO PINTO Daniel	ITA	PTF	2:0
albania-open-2025	Senior Men -63kg	QF	323	FLEGAR Jan	CRO	HORVATH Matej	SVK	PTF	2:0
albania-open-2025	Senior Men -63kg	QF	324	NAZAROV Nazarali	UZB	MERDANAJ Ernest	ALB	PTF	2:0
albania-open-2025	Senior Men -63kg	SF	329	YASER ISMAIL Omar	PLE	KURBANOV Shamsiddin	UZB	PTF	2:0
albania-open-2025	Senior Men -63kg	SF	330	NAZAROV Nazarali	UZB	FLEGAR Jan	CRO	PTF	2:1
albania-open-2025	Senior Men -63kg	F	333	YASER ISMAIL Omar	PLE	NAZAROV Nazarali	UZB	PTF	2:1
albania-open-2025	Senior Men -68kg	R32	101	ANDREOLI Gabriele	ITA	FRGOLEC Damien Pavel	SVK	PTF	2:0
albania-open-2025	Senior Men -68kg	R32	102	AGUSHI Elion	KOS	WITTEK Lorenz	AUT	PTF	2:0
albania-open-2025	Senior Men -68kg	R32	103	RZAGALY Rauan	KAZ	CEKOV David	MKD	PTF	2:0
albania-open-2025	Senior Men -68kg	R32	104	DE FAZIO Antonios	GRE	ANGELOV Luka	MKD	PTF	2:0
albania-open-2025	Senior Men -68kg	R32	105	ABUHATAB Nouredeen	PLE	CUCCINIELLO Domenico	ITA	PTF	2:0
albania-open-2025	Senior Men -68kg	R32	106	KENZHEBEK Abyl	KAZ	META Yllmir	KOS	PTF	2:0
albania-open-2025	Senior Men -68kg	R16	109	ANDREOLI Gabriele	ITA	ALHALAWANI Zaid	JOR	WDR	1:0
albania-open-2025	Senior Men -68kg	R16	110	ZIAD Diaa	PLE	KAMAGIANNIS Ioannis Aris	GRE	PTF	2:1
albania-open-2025	Senior Men -68kg	R16	111	AGUSHI Elion	KOS	VAN VULPEN Jesse	NED	PTF	2:1
albania-open-2025	Senior Men -68kg	R16	112	PANAGOPOULOS Apostolos	GRE	RZAGALY Rauan	KAZ	PTG	2:0
albania-open-2025	Senior Men -68kg	R16	113	TUKHLIBOEV Diyorbek	UZB	DE FAZIO Antonios	GRE	PTF	2:1
albania-open-2025	Senior Men -68kg	R16	114	OZDEMIR Eren	TUR	ABUHATAB Nouredeen	PLE	PTF	2:0
albania-open-2025	Senior Men -68kg	R16	115	BOUGAS Alexios	GRE	SPRECA Andrea	ITA	PTF	2:0
albania-open-2025	Senior Men -68kg	R16	116	SALANOVA LISTE Adrian	ESP	KENZHEBEK Abyl	KAZ	PTF	2:0
albania-open-2025	Senior Men -68kg	QF	127	TUKHLIBOEV Diyorbek	UZB	OZDEMIR Eren	TUR	PTF	2:1
albania-open-2025	Senior Men -68kg	QF	128	SALANOVA LISTE Adrian	ESP	BOUGAS Alexios	GRE	PTF	2:0
albania-open-2025	Senior Men -68kg	QF	423.1	ZIAD Diaa	PLE	ANDREOLI Gabriele	ITA	PTF	2:0
albania-open-2025	Senior Men -68kg	QF	524.1	PANAGOPOULOS Apostolos	GRE	AGUSHI Elion	KOS	PTF	2:0
albania-open-2025	Senior Men -68kg	SF	133	PANAGOPOULOS Apostolos	GRE	ZIAD Diaa	PLE	PTF	2:0
albania-open-2025	Senior Men -68kg	SF	134	TUKHLIBOEV Diyorbek	UZB	SALANOVA LISTE Adrian	ESP	PTF	2:0
albania-open-2025	Senior Men -68kg	F	137	TUKHLIBOEV Diyorbek	UZB	PANAGOPOULOS Apostolos	GRE	PTF	2:0
albania-open-2025	Senior Men -74kg	R16	201	FRGOLEC Miroslav	SVK	GIANNOU Efstratios	GRE	PTF	2:0
albania-open-2025	Senior Men -74kg	R16	202	BIRIMBAY Eldar	KAZ	GASHI Jon	KOS	PTF	2:0
albania-open-2025	Senior Men -74kg	R16	203	RASSULIULY Dinmukhanbed	KAZ	JAC Sabin Vasile	ITA	PTF	2:0
albania-open-2025	Senior Men -74kg	QF	215	KOSIMKHOJIEV Najmiddin	UZB	FRGOLEC Miroslav	SVK	PTF	2:0
albania-open-2025	Senior Men -74kg	QF	216	RAJABOV Islombek	UZB	ROSATO Thomas	ITA	PTF	2:0
albania-open-2025	Senior Men -74kg	QF	217	TSOLAS Themistoklis	GRE	BIRIMBAY Eldar	KAZ	PTF	2:0
albania-open-2025	Senior Men -74kg	QF	218	FLOUSKOUNIS Charalampos	GRE	RASSULIULY Dinmukhanbed	KAZ	PTF	2:1
albania-open-2025	Senior Men -74kg	SF	227	KOSIMKHOJIEV Najmiddin	UZB	RAJABOV Islombek	UZB	PTF	2:1
albania-open-2025	Senior Men -74kg	SF	228	FLOUSKOUNIS Charalampos	GRE	TSOLAS Themistoklis	GRE	PTF	2:1
albania-open-2025	Senior Men -74kg	F	233	KOSIMKHOJIEV Najmiddin	UZB	FLOUSKOUNIS Charalampos	GRE	PTF	2:1
albania-open-2025	Senior Men -80kg	R16	204	GUGLIOTTA Luca	ITA	ORYNGALI Daulet	KAZ	PTF	2:0
albania-open-2025	Senior Men -80kg	R16	205	ILIADIS Dimitrios	GRE	CAPUTO Giuseppe	ITA	PTF	2:1
albania-open-2025	Senior Men -80kg	R16	206	URSELLI Mattia Vittorio	ITA	ABOUT Emir	FRA	PTF	2:0
albania-open-2025	Senior Men -80kg	R16	207	ZHURABOEV Yodgorbek	UZB	FEGATILLI Luigi	ITA	PTF	2:0
albania-open-2025	Senior Men -80kg	QF	219	JAYSUNOV Jasurbek	UZB	GUGLIOTTA Luca	ITA	PTF	2:0
albania-open-2025	Senior Men -80kg	QF	220	NIKOLIC Matej	CRO	ILIADIS Dimitrios	GRE	RSC	2:0
albania-open-2025	Senior Men -80kg	QF	221	GANIYEV Mergen	KAZ	URSELLI Mattia Vittorio	ITA	PTF	2:1
albania-open-2025	Senior Men -80kg	QF	222	PAPADOPOULOS Ioannis	GRE	ZHURABOEV Yodgorbek	UZB	PTF	2:0
albania-open-2025	Senior Men -80kg	SF	229	JAYSUNOV Jasurbek	UZB	NIKOLIC Matej	CRO	PTF	2:0
albania-open-2025	Senior Men -80kg	SF	230	GANIYEV Mergen	KAZ	PAPADOPOULOS Ioannis	GRE	PTF	2:0
albania-open-2025	Senior Men -80kg	F	234	JAYSUNOV Jasurbek	UZB	GANIYEV Mergen	KAZ	PTF	2:0
albania-open-2025	Senior Men -87kg	QF	208	SALAEV Shukhrat	UZB	POCZOBUTT ODLANICKI Cezary	MLT	PTF	2:0
albania-open-2025	Senior Men -87kg	QF	209	KRPAN Vito	CRO	ZOUROS KARDATOS Konstantinos	GRE	PTF	2:1
albania-open-2025	Senior Men -87kg	QF	210	ELSHARABATY Saleh	JOR	SALAMA Diaa	PLE	PTF	2:0
albania-open-2025	Senior Men -87kg	QF	211	THOLIOTIS Vasileios	GRE	VEDIE Florian	FRA	PTF	2:0
albania-open-2025	Senior Men -87kg	SF	223	SALAEV Shukhrat	UZB	KRPAN Vito	CRO	PTF	2:0
albania-open-2025	Senior Men -87kg	SF	224	THOLIOTIS Vasileios	GRE	ELSHARABATY Saleh	JOR	PTF	2:1
albania-open-2025	Senior Men -87kg	F	231	SALAEV Shukhrat	UZB	THOLIOTIS Vasileios	GRE	PTF	2:0
albania-open-2025	Senior Men +87kg	R16	502	SADEK Anas	JOR	NASO Marco	ITA	PTF	2:0
albania-open-2025	Senior Men +87kg	QF	513	MAVLONOV Marat	UZB	SADEK Anas	JOR	PTF	2:0
albania-open-2025	Senior Men +87kg	QF	514	BOZIC Pasko	CRO	TELIKOSTOGLOU Apostolos	GRE	PTF	2:1
albania-open-2025	Senior Men +87kg	QF	515	DEMIRCIOGLU Huseyin berat	TUR	KARIMBOEV Shokhjakhon	UZB	PTF	2:0
albania-open-2025	Senior Men +87kg	QF	516	MICHOPOULOS Sotirios	GRE	BADAROVSKI Gorjan	MKD	PTF	2:0
albania-open-2025	Senior Men +87kg	SF	525	MAVLONOV Marat	UZB	BOZIC Pasko	CRO	PTF	2:0
albania-open-2025	Senior Men +87kg	SF	526	MICHOPOULOS Sotirios	GRE	DEMIRCIOGLU Huseyin berat	TUR	RSC	1:0
albania-open-2025	Senior Men +87kg	F	531	MAVLONOV Marat	UZB	MICHOPOULOS Sotirios	GRE	WDR	
albania-open-2025	Senior Women -46kg	R16	503	KAMINSKA Michaela	SVK	DI MAIO Asia Andrea	ITA	PTF	2:0
albania-open-2025	Senior Women -46kg	R16	504	PAPADOPOULOU Vasiliki	GRE	BIBERLE Maja lejla	AUT	PTF	2:0
albania-open-2025	Senior Women -46kg	QF	517	GEORGIOU Melina	GRE	KAMINSKA Michaela	SVK	PTF	2:0
albania-open-2025	Senior Women -46kg	QF	518	MYTILINIOU Magdalini Maria	GRE	BEMBI Rosa	ITA	PTF	2:1
albania-open-2025	Senior Women -46kg	QF	519	QABAHA Maiar	PLE	STURARI Alessia	ITA	PTF	2:0
albania-open-2025	Senior Women -46kg	QF	520	GALIERO Giulia	ITA	PAPADOPOULOU Vasiliki	GRE	PTF	2:0
albania-open-2025	Senior Women -46kg	SF	527	GEORGIOU Melina	GRE	MYTILINIOU Magdalini Maria	GRE	PTF	2:0
albania-open-2025	Senior Women -46kg	SF	528	GALIERO Giulia	ITA	QABAHA Maiar	PLE	PTF	2:0
albania-open-2025	Senior Women -46kg	F	532	GALIERO Giulia	ITA	GEORGIOU Melina	GRE	PTF	2:1
albania-open-2025	Senior Women -49kg	QF	415	TASOLUK Ikra nur	TUR	FERREIRA Matilde	POR	PTF	2:0
albania-open-2025	Senior Women -49kg	SF	424	KHASANOVA Laylo	UZB	TASOLUK Ikra nur	TUR	PTF	2:0
albania-open-2025	Senior Women -49kg	SF	425	BOUROGIANNI Konstantina eleni	GRE	KARYDI Melina	GRE	PTF	2:0
albania-open-2025	Senior Women -49kg	F	430	KHASANOVA Laylo	UZB	BOUROGIANNI Konstantina eleni	GRE	PTF	2:0
albania-open-2025	Senior Women -53kg	R32	401	MAKRYGIANNI Athina	GRE	COLUCCI Gaia	ITA	PTF	2:0
albania-open-2025	Senior Women -53kg	R32	402	DESYLLA Ioanna - stavroula	GRE	MELOTTI Giulia	ITA	PTF	2:0
albania-open-2025	Senior Women -53kg	R32	403	LALLOU Paraskevi Oraia	GRE	DI NICOLA Alice	ITA	PTF	2:0
albania-open-2025	Senior Women -53kg	R32	404	BAUYRZHANOVA Nuray	KAZ	STEFANOU Aikaterini	GRE	PTF	2:0
albania-open-2025	Senior Women -53kg	R16	407	MAKRYGIANNI Athina	GRE	AL HALWANI Sarah	ITA	PTF	2:0
albania-open-2025	Senior Women -53kg	R16	408	GENNARELLI Federica	ITA	ALBU Alessia	ITA	PTF	2:0
albania-open-2025	Senior Women -53kg	R16	409	DE FAZIO Ioanna	GRE	FARAJ Yaqin	PLE	PTF	2:0
albania-open-2025	Senior Women -53kg	R16	410	PAGANI Iris vasiliki	GRE	DESYLLA Ioanna - stavroula	GRE	PTF	2:1
albania-open-2025	Senior Women -53kg	R16	411	MAYER Leonie	GER	LALLOU Paraskevi Oraia	GRE	PTF	2:1
albania-open-2025	Senior Women -53kg	R16	412	PERNISCHOVA Simona	SVK	KARIMI Nuria	AUT	PTF	2:0
albania-open-2025	Senior Women -53kg	R16	413	MERGEMBAYEVA Perizat	KAZ	PAPAIOANNOU Konstantina	GRE	PTF	2:0
albania-open-2025	Senior Women -53kg	R16	414	BAUYRZHANOVA Nuray	KAZ	AL HALWANI Elisa	ITA	PTF	2:0
albania-open-2025	Senior Women -53kg	QF	420	MAKRYGIANNI Athina	GRE	GENNARELLI Federica	ITA	PTF	2:0
albania-open-2025	Senior Women -53kg	QF	421	PAGANI Iris vasiliki	GRE	DE FAZIO Ioanna	GRE	PTF	2:1
albania-open-2025	Senior Women -53kg	QF	422	PERNISCHOVA Simona	SVK	MAYER Leonie	GER	PTF	2:0
albania-open-2025	Senior Women -53kg	QF	423	BAUYRZHANOVA Nuray	KAZ	MERGEMBAYEVA Perizat	KAZ	PTF	2:1
albania-open-2025	Senior Women -53kg	SF	428	MAKRYGIANNI Athina	GRE	PAGANI Iris vasiliki	GRE	PTF	2:0
albania-open-2025	Senior Women -53kg	SF	429	PERNISCHOVA Simona	SVK	BAUYRZHANOVA Nuray	KAZ	PTF	2:1
albania-open-2025	Senior Women -53kg	F	432	MAKRYGIANNI Athina	GRE	PERNISCHOVA Simona	SVK	PTF	2:0
albania-open-2025	Senior Women -57kg	R16	107	VAN PASSEL Amelie	BEL	GARGIULO Regina	ITA	PTF	2:0
albania-open-2025	Senior Women -57kg	R16	108	PAPAIOANNOU Ioanna Maria	GRE	LUCERNA Marta	ITA	PTF	2:1
albania-open-2025	Senior Women -57kg	R16	108.1	REPOULIA Athanasia	GRE	GASHI Rona	KOS	DSQ	
albania-open-2025	Senior Women -57kg	QF	121	KARABATIC Nika	CRO	VAN PASSEL Amelie	BEL	PTF	2:0
albania-open-2025	Senior Women -57kg	QF	122	TZELI Fani	GRE	GUAITA Greta	ITA	PTF	2:0
albania-open-2025	Senior Women -57kg	QF	123	REPOULIA Athanasia	GRE	KANAT Almira	KAZ	PTF	2:1
albania-open-2025	Senior Women -57kg	QF	124	MIRABZALOVA Madina	UZB	PAPAIOANNOU Ioanna Maria	GRE	PTF	2:0
albania-open-2025	Senior Women -57kg	SF	131	TZELI Fani	GRE	KARABATIC Nika	CRO	PTF	2:0
albania-open-2025	Senior Women -57kg	SF	132	MIRABZALOVA Madina	UZB	REPOULIA Athanasia	GRE	PTF	2:0
albania-open-2025	Senior Women -57kg	F	136	MIRABZALOVA Madina	UZB	TZELI Fani	GRE	PTF	2:1
albania-open-2025	Senior Women -62kg	R16	304	CALVARA Greta	ITA	KRIATSIOTI Anna maria	GRE	PTF	2:1
albania-open-2025	Senior Women -62kg	R16	305	KHAYITOVA Sevinch	UZB	TRIPI Emanuela	ITA	PTF	2:0
albania-open-2025	Senior Women -62kg	R16	306	AZIZOVA Diyorakhon	UZB	MANGIONE Anthea	ITA	PTF	2:0
albania-open-2025	Senior Women -62kg	R16	307	SARVANAKI Theopoula	GRE	PACACCIO Antonia	ITA	PTF	2:0
albania-open-2025	Senior Women -62kg	QF	317	MESTROVIC Dora	CRO	CALVARA Greta	ITA	PTF	2:0
albania-open-2025	Senior Women -62kg	QF	318	KHAYITOVA Sevinch	UZB	AIMUKASHEVA Kamila	KAZ	PTF	2:0
albania-open-2025	Senior Women -62kg	QF	319	SECANELL CHARLES Elsa	ESP	AZIZOVA Diyorakhon	UZB	PTF	2:0
albania-open-2025	Senior Women -62kg	QF	320	RELJIKJ Miljana	MKD	SARVANAKI Theopoula	GRE	PTF	2:1
albania-open-2025	Senior Women -62kg	SF	327	MESTROVIC Dora	CRO	KHAYITOVA Sevinch	UZB	PTF	2:0
albania-open-2025	Senior Women -62kg	SF	328	RELJIKJ Miljana	MKD	SECANELL CHARLES Elsa	ESP	PTF	2:0
albania-open-2025	Senior Women -62kg	F	332	MESTROVIC Dora	CRO	RELJIKJ Miljana	MKD	PTF	2:0
albania-open-2025	Senior Women -67kg	QF	117	MARENTAKI Styliani	GRE	ANTONATOU Ioanna	GRE	PTF	2:0
albania-open-2025	Senior Women -67kg	QF	118	BERISAJ Andrea	MNE	MAGGIORE Giulia	ITA	PTF	2:1
albania-open-2025	Senior Women -67kg	QF	119	JELIC Matea	CRO	ALAIMO Alessandra	ITA	PTF	2:0
albania-open-2025	Senior Women -67kg	QF	120	SOBIRJONOVA Ozoda	UZB	NTE REKE MOURKOUSI Nefeli	GRE	PTF	2:1
albania-open-2025	Senior Women -67kg	SF	129	MARENTAKI Styliani	GRE	BERISAJ Andrea	MNE	PTF	2:0
albania-open-2025	Senior Women -67kg	SF	130	SOBIRJONOVA Ozoda	UZB	JELIC Matea	CRO	PTF	2:0
albania-open-2025	Senior Women -67kg	F	135	SOBIRJONOVA Ozoda	UZB	MARENTAKI Styliani	GRE	PTF	2:0
albania-open-2025	Senior Women -73kg	QF	212	POLE Doris	CRO	NEDIC Marlen sophie	GER	PTF	2:0
albania-open-2025	Senior Women -73kg	QF	213	FERNANDEZ INSA Julia	ESP	BAKLESI Vasiliki	GRE	PTF	2:0
albania-open-2025	Senior Women -73kg	QF	214	NTOVA Eirini	GRE	BOCCADAMO Alexandra	ITA	PTF	2:0
albania-open-2025	Senior Women -73kg	SF	225	POLE Doris	CRO	MURRAY Rebecca	AUS	PTF	2:0
albania-open-2025	Senior Women -73kg	SF	226	FERNANDEZ INSA Julia	ESP	NTOVA Eirini	GRE	PTF	2:1
albania-open-2025	Senior Women -73kg	F	232	POLE Doris	CRO	FERNANDEZ INSA Julia	ESP	PTF	2:0
albania-open-2025	Senior Women +73kg	QF	316	PASTOR RODRIGUEZ Ainhoa	ESP	TSONTAKI Maria	GRE	PTF	2:0
albania-open-2025	Senior Women +73kg	SF	325	OSIPOVA Svetlana	UZB	PASTOR RODRIGUEZ Ainhoa	ESP	PTF	2:1
albania-open-2025	Senior Women +73kg	SF	326	KITSIOU Agoritsa artemia	GRE	AKBULAK Esra	TUR	PTF	2:1
albania-open-2025	Senior Women +73kg	F	331	OSIPOVA Svetlana	UZB	KITSIOU Agoritsa artemia	GRE	PTF	2:0
prishtina-u21-european-championships-2025	U21 Women -46kg	R64	101	PRPIC Sara	CRO	CRISCUOLO Anna	ITA	PTF	2:1
prishtina-u21-european-championships-2025	U21 Women -46kg	R64	102	SENER Ezgi	TUR	FERNANDEZ LOPEZ Oihane	ESP	PTF	2:1
prishtina-u21-european-championships-2025	U21 Women -46kg	R64	103	TSITAKI Ioanna	GRE	FIDALGO Iara	POR	PTF	2:0
prishtina-u21-european-championships-2025	U21 Women -46kg	R64	201	CERCI Irmak	TUR	NIKOLAJEVA Stefani	EST	PTF	2:0
prishtina-u21-european-championships-2025	U21 Women -46kg	R64	202	QUINONERO MEDINA Nuria	ESP	KAMINSKA Michaela	SVK	PTF	2:1
prishtina-u21-european-championships-2025	U21 Women -46kg	R32	107	MAKAS Ejla	BIH	PRPIC Sara	CRO	PTF	2:0
prishtina-u21-european-championships-2025	U21 Women -46kg	R32	108	ANGELOVA Alisa	AIN	PAPADOPOULOU Vasiliki	GRE	PTF	2:0
prishtina-u21-european-championships-2025	U21 Women -46kg	R32	109	RODRIGUEZ TOLEDO Adriana	ESP	KAMIS Azra Naz	TUR	PTF	2:1
prishtina-u21-european-championships-2025	U21 Women -46kg	R32	110	UZUN Sarah	NED	BUSUIOC Ingrid Gabriela	ROU	PTF	2:0
prishtina-u21-european-championships-2025	U21 Women -46kg	R32	111	SENER Ezgi	TUR	DODIK Nika	CRO	PTF	2:0
prishtina-u21-european-championships-2025	U21 Women -46kg	R32	112	BERTAGNIN Elisa	ITA	KIRTSELIS Aina	FIN	PTF	2:0
prishtina-u21-european-championships-2025	U21 Women -46kg	R32	113	PAVLOVA Ekaterina	AIN	YILMAZ Damla nur	TUR	PTF	2:0
prishtina-u21-european-championships-2025	U21 Women -46kg	R32	114	TSITAKI Ioanna	GRE	SETTA Sara tarik abu	DEN	PTF	2:0
prishtina-u21-european-championships-2025	U21 Women -46kg	R32	206	CERCI Irmak	TUR	RADEVIC Anja	MNE	PTF	2:0
prishtina-u21-european-championships-2025	U21 Women -46kg	R32	207	CICEK Zeynep	TUR	TAMMILA Ada-Emilia	FIN	PTF	2:0
prishtina-u21-european-championships-2025	U21 Women -46kg	R32	208	MARCHAN MARTINEZ DE ANTONANA Izaro	ESP	ORUM Sila	TUR	PTF	2:0
prishtina-u21-european-championships-2025	U21 Women -46kg	R32	209	GALIERO Giulia	ITA	BULAT Veronika	UKR	PTF	2:0
prishtina-u21-european-championships-2025	U21 Women -46kg	R32	210	HINIC Sofija	CRO	CHMILEVSKY Lihi	ISR	PTF	2:1
prishtina-u21-european-championships-2025	U21 Women -46kg	R32	211	GEORGIOU Melina	GRE	TATARINTSEVA Viktoriia	AIN	PTF	2:1
prishtina-u21-european-championships-2025	U21 Women -46kg	R32	212	SALGUEIRO Patricia	POR	LIU Alyssa	AUT	PTF	2:0
prishtina-u21-european-championships-2025	U21 Women -46kg	R32	213	PEEVA Deya	BUL	QUINONERO MEDINA Nuria	ESP	PTF	2:0
prishtina-u21-european-championships-2025	U21 Women -46kg	R16	115	ANGELOVA Alisa	AIN	MAKAS Ejla	BIH	PTF	2:0
prishtina-u21-european-championships-2025	U21 Women -46kg	R16	116	RODRIGUEZ TOLEDO Adriana	ESP	UZUN Sarah	NED	PTF	2:0
prishtina-u21-european-championships-2025	U21 Women -46kg	R16	118	PAVLOVA Ekaterina	AIN	TSITAKI Ioanna	GRE	PTF	2:1
prishtina-u21-european-championships-2025	U21 Women -46kg	R16	214	CICEK Zeynep	TUR	CERCI Irmak	TUR	PTF	2:1
prishtina-u21-european-championships-2025	U21 Women -46kg	R16	215	GALIERO Giulia	ITA	MARCHAN MARTINEZ DE ANTONANA Izaro	ESP	PTF	2:0
prishtina-u21-european-championships-2025	U21 Women -46kg	R16	216	HINIC Sofija	CRO	GEORGIOU Melina	GRE	PTF	2:1
prishtina-u21-european-championships-2025	U21 Women -46kg	R16	217	PEEVA Deya	BUL	SALGUEIRO Patricia	POR	PTF	2:0
prishtina-u21-european-championships-2025	U21 Women -46kg	R16	217.1	BERTAGNIN Elisa	ITA	SENER Ezgi	TUR	PTF	2:0
prishtina-u21-european-championships-2025	U21 Women -46kg	QF	121	ANGELOVA Alisa	AIN	RODRIGUEZ TOLEDO Adriana	ESP	PTF	2:0
prishtina-u21-european-championships-2025	U21 Women -46kg	QF	122	BERTAGNIN Elisa	ITA	PAVLOVA Ekaterina	AIN	PTF	2:0
prishtina-u21-european-championships-2025	U21 Women -46kg	QF	220	GALIERO Giulia	ITA	CICEK Zeynep	TUR	PTF	2:1
prishtina-u21-european-championships-2025	U21 Women -46kg	QF	221	HINIC Sofija	CRO	PEEVA Deya	BUL	PTF	2:0
prishtina-u21-european-championships-2025	U21 Women -46kg	SF	123	GALIERO Giulia	ITA	HINIC Sofija	CRO	PTF	2:0
prishtina-u21-european-championships-2025	U21 Women -46kg	SF	124	ANGELOVA Alisa	AIN	BERTAGNIN Elisa	ITA	PTF	2:0
prishtina-u21-european-championships-2025	U21 Women -46kg	F	224	ANGELOVA Alisa	AIN	GALIERO Giulia	ITA	PTF	2:0
prishtina-u21-european-championships-2025	U21 Women +73kg	R16	104	MATIC Magdalena	CRO	HAJAMA Lipaz	ISR	PTF	2:0
prishtina-u21-european-championships-2025	U21 Women +73kg	R16	105	UZUNCAVDAR Sude yaren	TUR	VALLO ZURDO Ane	ESP	PTF	2:0
prishtina-u21-european-championships-2025	U21 Women +73kg	R16	106	KITSIOU Agoritsa artemia	GRE	PARCINA Mariela	CRO	PTF	2:0
prishtina-u21-european-championships-2025	U21 Women +73kg	R16	203	ŽANKO Lorena	CRO	FRANCISCA MONIZ Maria	POR	PTF	2:0
prishtina-u21-european-championships-2025	U21 Women +73kg	R16	204	HELVIGA Viktorija	LAT	PASTOR RODRIGUEZ Ainhoa	ESP	PTF	2:0
prishtina-u21-european-championships-2025	U21 Women +73kg	R16	205	KAVUKCUOGLU Zehra begum	TUR	KUTS Mariia	UKR	PTF	2:0
prishtina-u21-european-championships-2025	U21 Women +73kg	QF	119	MATIC Magdalena	CRO	VROEGH Nielle	NED	PTF	2:0
prishtina-u21-european-championships-2025	U21 Women +73kg	QF	120	UZUNCAVDAR Sude yaren	TUR	KITSIOU Agoritsa artemia	GRE	PTF	2:0
prishtina-u21-european-championships-2025	U21 Women +73kg	QF	218	ŽANKO Lorena	CRO	HELVIGA Viktorija	LAT	PTF	2:1
prishtina-u21-european-championships-2025	U21 Women +73kg	QF	219	KAVUKCUOGLU Zehra begum	TUR	MIKHAILOVA Iuliia	AIN	PTF	2:0
prishtina-u21-european-championships-2025	U21 Women +73kg	SF	222	UZUNCAVDAR Sude yaren	TUR	MATIC Magdalena	CRO	PTF	2:0
prishtina-u21-european-championships-2025	U21 Women +73kg	SF	223	KAVUKCUOGLU Zehra begum	TUR	ŽANKO Lorena	CRO	PTF	2:0
prishtina-u21-european-championships-2025	U21 Women +73kg	F	227	UZUNCAVDAR Sude yaren	TUR	KAVUKCUOGLU Zehra begum	TUR	PTF	2:0
prishtina-u21-european-championships-2025	U21 Women -53kg	R32	301	FOUNTOULAKI Aikaterini	GRE	PLUGARU Bianca	MDA	PTF	2:0
prishtina-u21-european-championships-2025	U21 Women -53kg	R32	302	ALONSO Alicia	ESP	RABAUT Elien	BEL	PTF	2:0
prishtina-u21-european-championships-2025	U21 Women -53kg	R32	303	PAGANI Iris vasiliki	GRE	GULUEVA Milana	AIN	PTF	2:0
prishtina-u21-european-championships-2025	U21 Women -53kg	R32	304	BENETTI Ines	FRA	RADIC Ozana	CRO	PTF	2:1
prishtina-u21-european-championships-2025	U21 Women -53kg	R32	305	ERDEMIR Semra Elifnaz	TUR	DENIZ Esila	TUR	PTF	2:1
prishtina-u21-european-championships-2025	U21 Women -53kg	R32	306	FRASSICA Anna	ITA	ENCOK Neslisah	TUR	PTF	2:0
prishtina-u21-european-championships-2025	U21 Women -53kg	R32	307	KINGSLEY Lily	GBR	PERNISCHOVA Simona	SVK	PTF	2:0
prishtina-u21-european-championships-2025	U21 Women -53kg	R32	308	KLAKALA Magdalini	GRE	IBARS ALCANTARA Anna	ESP	PTF	2:0
prishtina-u21-european-championships-2025	U21 Women -53kg	R32	401	GUSEINOVA Aziza	AIN	SUSILUOTO Inari	FIN	WDR	
prishtina-u21-european-championships-2025	U21 Women -53kg	R32	402	KRIM Sayine	FRA	SPANOU Lemonia Maria	GRE	PTF	2:1
prishtina-u21-european-championships-2025	U21 Women -53kg	R32	403	DOGAN Emine Sevval	TUR	SPINEI Ariana	MDA	PTF	2:0
prishtina-u21-european-championships-2025	U21 Women -53kg	R32	404	CEYLAN Asli Cemre	TUR	CHESALKINA Iryna	UKR	PTF	2:0
prishtina-u21-european-championships-2025	U21 Women -53kg	R32	405	FERNANDEZ RODRIGUEZ Elisa	ESP	GODENI Erza	KOS	PTF	2:0
prishtina-u21-european-championships-2025	U21 Women -53kg	R32	406	UZUNCAVDAR Sila irmak	TUR	DOVZHANYN Diana	UKR	PTF	2:0
prishtina-u21-european-championships-2025	U21 Women -53kg	R32	407	VIGDOR Ariel	ISR	CHARALAMPOGLOU Maria Anna	GRE	PTF	2:0
prishtina-u21-european-championships-2025	U21 Women -53kg	R32	408	LEVAKOVA Veronika	AIN	LILOVA Elena	BUL	PTF	2:0
prishtina-u21-european-championships-2025	U21 Women -53kg	R16	310	ALONSO Alicia	ESP	FOUNTOULAKI Aikaterini	GRE	PTF	2:0
prishtina-u21-european-championships-2025	U21 Women -53kg	R16	311	PAGANI Iris vasiliki	GRE	BENETTI Ines	FRA	PTF	2:1
prishtina-u21-european-championships-2025	U21 Women -53kg	R16	312	FRASSICA Anna	ITA	ERDEMIR Semra Elifnaz	TUR	PTF	2:1
prishtina-u21-european-championships-2025	U21 Women -53kg	R16	313	KLAKALA Magdalini	GRE	KINGSLEY Lily	GBR	PTF	2:0
prishtina-u21-european-championships-2025	U21 Women -53kg	R16	411	KRIM Sayine	FRA	GUSEINOVA Aziza	AIN	PTF	2:0
prishtina-u21-european-championships-2025	U21 Women -53kg	R16	412	DOGAN Emine Sevval	TUR	CEYLAN Asli Cemre	TUR	PTF	2:1
prishtina-u21-european-championships-2025	U21 Women -53kg	R16	413	UZUNCAVDAR Sila irmak	TUR	FERNANDEZ RODRIGUEZ Elisa	ESP	PTF	2:0
prishtina-u21-european-championships-2025	U21 Women -53kg	R16	414	LEVAKOVA Veronika	AIN	VIGDOR Ariel	ISR	PTF	2:0
prishtina-u21-european-championships-2025	U21 Women -53kg	QF	318	ALONSO Alicia	ESP	PAGANI Iris vasiliki	GRE	PTF	2:0
prishtina-u21-european-championships-2025	U21 Women -53kg	QF	319	FRASSICA Anna	ITA	KLAKALA Magdalini	GRE	PTF	2:1
prishtina-u21-european-championships-2025	U21 Women -53kg	QF	419	KRIM Sayine	FRA	DOGAN Emine Sevval	TUR	PTF	2:1
prishtina-u21-european-championships-2025	U21 Women -53kg	QF	420	LEVAKOVA Veronika	AIN	UZUNCAVDAR Sila irmak	TUR	PTF	2:0
prishtina-u21-european-championships-2025	U21 Women -53kg	SF	322	FRASSICA Anna	ITA	ALONSO Alicia	ESP	PTF	2:1
prishtina-u21-european-championships-2025	U21 Women -53kg	SF	323	LEVAKOVA Veronika	AIN	KRIM Sayine	FRA	PTF	2:1
prishtina-u21-european-championships-2025	U21 Women -53kg	F	225	FRASSICA Anna	ITA	LEVAKOVA Veronika	AIN	PTF	2:0
prishtina-u21-european-championships-2025	U21 Women -67kg	R32	309	JASARAGIC Dania	AUT	HABIJANCIC Dora	CRO	PTF	2:0
prishtina-u21-european-championships-2025	U21 Women -67kg	R32	409	MAGGIORE Giulia	ITA	KRUPJAKOVA Alzbeta	SVK	PTF	2:0
prishtina-u21-european-championships-2025	U21 Women -67kg	R32	410	BERISAJ Andrea	MNE	ORLOVIC Marija	BIH	PTF	2:1
prishtina-u21-european-championships-2025	U21 Women -67kg	R16	217.2	MIKALEVICIUTE Melita	LTU	PAGLIAI Giada	ITA	PTF	2:0
prishtina-u21-european-championships-2025	U21 Women -67kg	R16	314	JASARAGIC Dania	AUT	BISMIR Salma	DEN	PTF	2:0
prishtina-u21-european-championships-2025	U21 Women -67kg	R16	315	MURILLO TARRAGO Alba	ESP	MENEKSE Zeynep Nil	TUR	PTF	2:0
prishtina-u21-european-championships-2025	U21 Women -67kg	R16	415	MAGGIORE Giulia	ITA	ALICI Evra	TUR	PTF	2:0
prishtina-u21-european-championships-2025	U21 Women -67kg	R16	416	MARENTAKI Styliani	GRE	KUTS Uliana	UKR	PTF	2:0
prishtina-u21-european-championships-2025	U21 Women -67kg	R16	417	PAVLENKO Alisa	UKR	KRUSH Diana	UKR	PTF	2:0
prishtina-u21-european-championships-2025	U21 Women -67kg	R16	418	BERISAJ Andrea	MNE	PEHLIVAN Beyzanur	TUR	PTF	2:0
prishtina-u21-european-championships-2025	U21 Women -67kg	R16	418.1	NTE REKE MOURKOUSI Nefeli	GRE	TOMCZAK Tatiana	POL	PTF	2:1
prishtina-u21-european-championships-2025	U21 Women -67kg	QF	320	MURILLO TARRAGO Alba	ESP	JASARAGIC Dania	AUT	PTF	2:1
prishtina-u21-european-championships-2025	U21 Women -67kg	QF	321	NTE REKE MOURKOUSI Nefeli	GRE	MIKALEVICIUTE Melita	LTU	PTF	2:0
prishtina-u21-european-championships-2025	U21 Women -67kg	QF	421	MARENTAKI Styliani	GRE	MAGGIORE Giulia	ITA	PTF	2:0
prishtina-u21-european-championships-2025	U21 Women -67kg	QF	422	BERISAJ Andrea	MNE	PAVLENKO Alisa	UKR	PTF	2:1
prishtina-u21-european-championships-2025	U21 Women -67kg	SF	423	NTE REKE MOURKOUSI Nefeli	GRE	MURILLO TARRAGO Alba	ESP	PTF	2:0
prishtina-u21-european-championships-2025	U21 Women -67kg	SF	424	MARENTAKI Styliani	GRE	BERISAJ Andrea	MNE	PTF	2:0
prishtina-u21-european-championships-2025	U21 Women -67kg	F	226	MARENTAKI Styliani	GRE	NTE REKE MOURKOUSI Nefeli	GRE	PTF	2:0
prishtina-u21-european-championships-2025	U21 Men -54kg	R64	101	GOKTAS Efe Emre	TUR	GESGE Altug	TUR	PTF	2:0
prishtina-u21-european-championships-2025	U21 Men -54kg	R64	102	MIKLAVCIC Aljaz	SLO	SOKOLOWSKI Antoni	POL	PTF	2:0
prishtina-u21-european-championships-2025	U21 Men -54kg	R64	103	AGUILO HEREDIA Angel	ESP	BASARIS Georgios	GRE	PTF	2:0
prishtina-u21-european-championships-2025	U21 Men -54kg	R64	104	BALAKHNEEV Dmitriy	AIN	ALESIO CAPOLINI Mathis	FRA	PTF	2:0
prishtina-u21-european-championships-2025	U21 Men -54kg	R64	201	MANSUR Raz	ISR	MODNOV Daniil	UKR	PTF	2:0
prishtina-u21-european-championships-2025	U21 Men -54kg	R64	202	ZYWARSKI Filip	POL	SOUSA Tiago	POR	PTF	2:1
prishtina-u21-european-championships-2025	U21 Men -54kg	R64	203	CIRIVELLO Gaetano	ITA	DAVILA RODRIGUEZ Adrian	ESP	PTF	2:0
prishtina-u21-european-championships-2025	U21 Men -54kg	R64	204	TOUIAR Abderrahman	ITA	AZEVEDO Rafael Alexandre	POR	PTF	2:0
prishtina-u21-european-championships-2025	U21 Men -54kg	R64	205	TSOUPROS Evangelos	GRE	LAGOUNARIS Nikolaos	GRE	PTF	2:0
prishtina-u21-european-championships-2025	U21 Men -54kg	R64	301	AGENJO TRIGOS Jairo	ESP	KURU Alihan	TUR	PTF	2:0
prishtina-u21-european-championships-2025	U21 Men -54kg	R64	302	CHRZANOWSKI Pawel	POL	TSOUTSIKAS Eleftherios Ioannis	GRE	PTF	2:1
prishtina-u21-european-championships-2025	U21 Men -54kg	R64	303	MORKOC Yanki	TUR	DUBAR Armaan	NED	PTF	2:0
prishtina-u21-european-championships-2025	U21 Men -54kg	R64	304	YIGIT Hakan	DEN	MARKOU Stavros	CYP	PTF	2:0
prishtina-u21-european-championships-2025	U21 Men -54kg	R64	305	MOLJ Ozbolt	SLO	NIKOLIC MALORA Lucijan	CRO	PTF	2:0
prishtina-u21-european-championships-2025	U21 Men -54kg	R32	111	GOKTAS Efe Emre	TUR	MURADYAN Davit	ARM	PTF	2:0
prishtina-u21-european-championships-2025	U21 Men -54kg	R32	112	LEPAPE Andreas	FRA	TRIANTAFYLLAKIS Dimitrios	GRE	PTF	2:1
prishtina-u21-european-championships-2025	U21 Men -54kg	R32	113	MIKLAVCIC Aljaz	SLO	TABACARI Igor	MDA	PTF	2:1
prishtina-u21-european-championships-2025	U21 Men -54kg	R32	114	BAILEY Thomas	GBR	AGUILO HEREDIA Angel	ESP	PTF	2:0
prishtina-u21-european-championships-2025	U21 Men -54kg	R32	211	MANSUR Raz	ISR	SPYROU Antreas	CYP	PTF	2:0
prishtina-u21-european-championships-2025	U21 Men -54kg	R32	212	YELALDI Kaan	TUR	ZYWARSKI Filip	POL	PTF	2:0
prishtina-u21-european-championships-2025	U21 Men -54kg	R32	212.1	BALAKHNEEV Dmitriy	AIN	OWEN Haddad	FRA	PTF	2:0
prishtina-u21-european-championships-2025	U21 Men -54kg	R32	213	CIRIVELLO Gaetano	ITA	NADAL MIR Bernat	ESP	PTF	2:0
prishtina-u21-european-championships-2025	U21 Men -54kg	R32	214	TOUIAR Abderrahman	ITA	DULGER Omer Talha	TUR	PTF	2:0
prishtina-u21-european-championships-2025	U21 Men -54kg	R32	215	MELIKOV Asadulla	AIN	TSOUPROS Evangelos	GRE	PTF	2:0
prishtina-u21-european-championships-2025	U21 Men -54kg	R32	309	AGENJO TRIGOS Jairo	ESP	CARVALHO Fabio	GBR	PTF	2:0
prishtina-u21-european-championships-2025	U21 Men -54kg	R32	310	ELITA Alexandru	MDA	CHRZANOWSKI Pawel	POL	PTF	2:1
prishtina-u21-european-championships-2025	U21 Men -54kg	R32	311	MORKOC Yanki	TUR	OTERO SOUSA Javier	ESP	PTF	2:1
prishtina-u21-european-championships-2025	U21 Men -54kg	R32	312	BULAVIN Mykyta	UKR	YIGIT Hakan	DEN	PTF	2:0
prishtina-u21-european-championships-2025	U21 Men -54kg	R32	313	DULGER Emir Muhsin	TUR	NISIR Nuri	TUR	PTF	2:0
prishtina-u21-european-championships-2025	U21 Men -54kg	R32	314	BARASH Tomer	ISR	MOLJ Ozbolt	SLO	PTF	2:1
prishtina-u21-european-championships-2025	U21 Men -54kg	R16	126	LEPAPE Andreas	FRA	GOKTAS Efe Emre	TUR	PTF	2:0
prishtina-u21-european-championships-2025	U21 Men -54kg	R16	127	BAILEY Thomas	GBR	MIKLAVCIC Aljaz	SLO	PTF	2:1
prishtina-u21-european-championships-2025	U21 Men -54kg	R16	221	BALAKHNEEV Dmitriy	AIN	MANSUR Raz	ISR	PTF	2:0
prishtina-u21-european-championships-2025	U21 Men -54kg	R16	222	YELALDI Kaan	TUR	CIRIVELLO Gaetano	ITA	PTF	2:0
prishtina-u21-european-championships-2025	U21 Men -54kg	R16	223	TOUIAR Abderrahman	ITA	MELIKOV Asadulla	AIN	PTF	2:1
prishtina-u21-european-championships-2025	U21 Men -54kg	R16	225.1	DULGER Emir Muhsin	TUR	BARASH Tomer	ISR	PTF	2:0
prishtina-u21-european-championships-2025	U21 Men -54kg	R16	320	AGENJO TRIGOS Jairo	ESP	ELITA Alexandru	MDA	PTF	2:0
prishtina-u21-european-championships-2025	U21 Men -54kg	R16	321	MORKOC Yanki	TUR	BULAVIN Mykyta	UKR	PTF	2:0
prishtina-u21-european-championships-2025	U21 Men -54kg	QF	133	LEPAPE Andreas	FRA	BAILEY Thomas	GBR	PTF	2:0
prishtina-u21-european-championships-2025	U21 Men -54kg	QF	227	YELALDI Kaan	TUR	BALAKHNEEV Dmitriy	AIN	PTF	2:0
prishtina-u21-european-championships-2025	U21 Men -54kg	QF	326	TOUIAR Abderrahman	ITA	AGENJO TRIGOS Jairo	ESP	PTF	2:1
prishtina-u21-european-championships-2025	U21 Men -54kg	QF	328	DULGER Emir Muhsin	TUR	MORKOC Yanki	TUR	PTF	2:0
prishtina-u21-european-championships-2025	U21 Men -54kg	SF	136	YELALDI Kaan	TUR	LEPAPE Andreas	FRA	PTF	2:0
prishtina-u21-european-championships-2025	U21 Men -54kg	SF	137	TOUIAR Abderrahman	ITA	DULGER Emir Muhsin	TUR	PTF	2:0
prishtina-u21-european-championships-2025	U21 Men -54kg	F	233	TOUIAR Abderrahman	ITA	YELALDI Kaan	TUR	PTF	2:1
prishtina-u21-european-championships-2025	U21 Men -63kg	R64	105	TASDELEN Mustafa	TUR	BIRCAN Muhammed Utku	TUR	PTF	2:0
prishtina-u21-european-championships-2025	U21 Men -63kg	R64	106	LAANTRI Hamza	ITA	FILIP MURESANU Raul mario	ROU	PTF	2:1
prishtina-u21-european-championships-2025	U21 Men -63kg	R64	107	PETRAKIS Nikolaos	GRE	MERDANAJ Ernest	ALB	PTF	2:0
prishtina-u21-european-championships-2025	U21 Men -63kg	R64	206	BOUHMIDA Riad	NED	NACHEV Ivan	BUL	PTF	2:0
prishtina-u21-european-championships-2025	U21 Men -63kg	R64	207	AYDOGAN Hamza osman	TUR	TEILMANN Anton boesgaard	DEN	PTF	2:0
prishtina-u21-european-championships-2025	U21 Men -63kg	R64	208	ROSEMOND Nolhan	FRA	KUZNIETSOV Artom	UKR	PTF	2:1
prishtina-u21-european-championships-2025	U21 Men -63kg	R64	208.1	FERNANDEZ AYARZA Nicolas	ESP	DAXNER Leonard	AUT	PTF	2:0
prishtina-u21-european-championships-2025	U21 Men -63kg	R64	209	GAZIEV Gamzat	AIN	MAGOMEDOV Makho	AIN	PTF	2:0
prishtina-u21-european-championships-2025	U21 Men -63kg	R64	210	IURLARO Ludovico	ITA	FLEGAR Jan	CRO	PTF	2:0
prishtina-u21-european-championships-2025	U21 Men -63kg	R64	401	ADEMI Valton	KOS	NESTOROVIĆ Vasilije	MNE	PTF	2:1
prishtina-u21-european-championships-2025	U21 Men -63kg	R64	402	SUSILUOTO Otto	FIN	TORGEMAN Ori	ISR	RSC	2:0
prishtina-u21-european-championships-2025	U21 Men -63kg	R64	403	AGAPOV Dmytriy	POR	BOURHALLA Nour	SUI	PTF	2:0
prishtina-u21-european-championships-2025	U21 Men -63kg	R64	404	GKOROS Charalampos	GRE	NIKOLOPOULOS Andreas	GRE	PTF	2:1
prishtina-u21-european-championships-2025	U21 Men -63kg	R64	405	MIRZOIEV Samir	UKR	ZABALETA LAGHBIAR Aaron	ESP	PTF	2:0
prishtina-u21-european-championships-2025	U21 Men -63kg	R32	116	TASDELEN Mustafa	TUR	SETRODIPO Jayden	NED	PTF	2:1
prishtina-u21-european-championships-2025	U21 Men -63kg	R32	117	NIKOLAIDIS Alexios	GRE	GEORGIOU Ionas	CYP	PTF	2:1
prishtina-u21-european-championships-2025	U21 Men -63kg	R32	118	LAANTRI Hamza	ITA	PERUCIC Vid	CRO	PTF	2:0
prishtina-u21-european-championships-2025	U21 Men -63kg	R32	119	PETRAKIS Nikolaos	GRE	MELIKYAN Maks	ARM	PTF	2:0
prishtina-u21-european-championships-2025	U21 Men -63kg	R32	120	FERNANDEZ AYARZA Nicolas	ESP	SAFARYN Piotr	POL	PTF	2:0
prishtina-u21-european-championships-2025	U21 Men -63kg	R32	216	BOUHMIDA Riad	NED	ILIADIS Efthymios	GRE	PTF	2:0
prishtina-u21-european-championships-2025	U21 Men -63kg	R32	217	AYDOGAN Hamza osman	TUR	LUZAN Nazar	AIN	PTF	2:0
prishtina-u21-european-championships-2025	U21 Men -63kg	R32	218	ROSEMOND Nolhan	FRA	HANU Gleb	MDA	PTF	2:1
prishtina-u21-european-championships-2025	U21 Men -63kg	R32	219	GAZIEV Gamzat	AIN	KAYA Emir Can	TUR	DSQ	
prishtina-u21-european-championships-2025	U21 Men -63kg	R32	220	IURLARO Ludovico	ITA	SARITAS Emre	TUR	PTF	2:0
prishtina-u21-european-championships-2025	U21 Men -63kg	R32	409	KARAMAN Taha Utkan	TUR	ADEMI Valton	KOS	PTF	2:0
prishtina-u21-european-championships-2025	U21 Men -63kg	R32	410	SUSILUOTO Otto	FIN	MAHNU Adam	DEN	PTF	2:0
prishtina-u21-european-championships-2025	U21 Men -63kg	R32	411	AGAPOV Dmytriy	POR	CHIMCAK Artur	SVK	PTF	2:0
prishtina-u21-european-championships-2025	U21 Men -63kg	R32	412	BATRADZ Khubaev	AIN	GKOROS Charalampos	GRE	PTF	2:0
prishtina-u21-european-championships-2025	U21 Men -63kg	R32	413	BERKTAS Ali Kerem	TUR	MORATO PAGES Milo	FRA	PTF	2:0
prishtina-u21-european-championships-2025	U21 Men -63kg	R32	414	MIRZOIEV Samir	UKR	MYLONAS Angelos	GRE	PTF	2:0
prishtina-u21-european-championships-2025	U21 Men -63kg	R16	128	NIKOLAIDIS Alexios	GRE	TASDELEN Mustafa	TUR	PTF	2:0
prishtina-u21-european-championships-2025	U21 Men -63kg	R16	129	LAANTRI Hamza	ITA	PETRAKIS Nikolaos	GRE	PTF	2:1
prishtina-u21-european-championships-2025	U21 Men -63kg	R16	224	FERNANDEZ AYARZA Nicolas	ESP	BOUHMIDA Riad	NED	PTF	2:1
prishtina-u21-european-championships-2025	U21 Men -63kg	R16	225	AYDOGAN Hamza osman	TUR	ROSEMOND Nolhan	FRA	PTF	2:1
prishtina-u21-european-championships-2025	U21 Men -63kg	R16	226	IURLARO Ludovico	ITA	GAZIEV Gamzat	AIN	PTF	2:0
prishtina-u21-european-championships-2025	U21 Men -63kg	R16	421	KARAMAN Taha Utkan	TUR	SUSILUOTO Otto	FIN	PTF	2:0
prishtina-u21-european-championships-2025	U21 Men -63kg	R16	422	BATRADZ Khubaev	AIN	AGAPOV Dmytriy	POR	PTF	2:0
prishtina-u21-european-championships-2025	U21 Men -63kg	R16	423	MIRZOIEV Samir	UKR	BERKTAS Ali Kerem	TUR	PTF	2:0
prishtina-u21-european-championships-2025	U21 Men -63kg	QF	134	NIKOLAIDIS Alexios	GRE	LAANTRI Hamza	ITA	PTF	2:0
prishtina-u21-european-championships-2025	U21 Men -63kg	QF	228	AYDOGAN Hamza osman	TUR	FERNANDEZ AYARZA Nicolas	ESP	PTF	2:1
prishtina-u21-european-championships-2025	U21 Men -63kg	QF	429	IURLARO Ludovico	ITA	KARAMAN Taha Utkan	TUR	PTF	2:0
prishtina-u21-european-championships-2025	U21 Men -63kg	QF	430	MIRZOIEV Samir	UKR	BATRADZ Khubaev	AIN	PTF	2:1
prishtina-u21-european-championships-2025	U21 Men -63kg	SF	231	AYDOGAN Hamza osman	TUR	NIKOLAIDIS Alexios	GRE	PTF	2:1
prishtina-u21-european-championships-2025	U21 Men -63kg	SF	232	IURLARO Ludovico	ITA	MIRZOIEV Samir	UKR	PUN	2:1
prishtina-u21-european-championships-2025	U21 Men -63kg	F	234	IURLARO Ludovico	ITA	AYDOGAN Hamza osman	TUR	PTF	2:0
prishtina-u21-european-championships-2025	U21 Men -80kg	R64	109	KOVACIC Oscar	CRO	KOVAČIĆ Nenad	CRO	PTF	2:0
prishtina-u21-european-championships-2025	U21 Men -80kg	R32	121	KOVACIC Oscar	CRO	GASHI Jon	KOS	PTF	2:0
prishtina-u21-european-championships-2025	U21 Men -80kg	R32	122	CAMMAERTS Troy	BEL	SOPHOCLEOUS Antonis	CYP	PTF	2:0
prishtina-u21-european-championships-2025	U21 Men -80kg	R32	123	PANAGIOTIDIS Andronikos	GRE	NESHYBA Tomas	CZE	PTF	2:0
prishtina-u21-european-championships-2025	U21 Men -80kg	R32	124	MALLO PENA Iago	ESP	SZADKOWSKI Michal	POL	PTF	2:0
prishtina-u21-european-championships-2025	U21 Men -80kg	R32	315	AKBABAOZ Muhammed Buğrahan	TRT	MAGISTRO Alessandro Francesco	ITA	PTF	2:0
prishtina-u21-european-championships-2025	U21 Men -80kg	R32	316	YEFIMOV Oleksandr	UKR	SULU Idris Atay	TUR	PTF	2:0
prishtina-u21-european-championships-2025	U21 Men -80kg	R32	317	BLAZEVSKI Filip	MKD	MANITA Alexandru	MDA	PTF	2:0
prishtina-u21-european-championships-2025	U21 Men -80kg	R32	318	ROMUNDSET NILSEN Martin	NOR	FREIRE COSTA Joao Emanuel	POR	PTF	2:0
prishtina-u21-european-championships-2025	U21 Men -80kg	R32	319	KRNJAIC Filip	CRO	MATURO Emanuele vittorio	ITA	PTF	2:0
prishtina-u21-european-championships-2025	U21 Men -80kg	R32	319.1	BARRY Ayman	FRA	ZMPITAS Georgios	GRE	PTF	2:0
prishtina-u21-european-championships-2025	U21 Men -80kg	R32	415	AYAZ Alperen	TUR	YAVUZ Berat Talha	TUR	PTF	2:0
prishtina-u21-european-championships-2025	U21 Men -80kg	R32	416	PAPPA Rafael	GRE	JOCHMAN Adam	CZE	PTF	2:1
prishtina-u21-european-championships-2025	U21 Men -80kg	R32	417	MALASHCHUK Denys	UKR	TUFA Bled	KOS	PTF	2:0
prishtina-u21-european-championships-2025	U21 Men -80kg	R32	418	ZAGORULKO Andrei	AIN	HIDRI Ibrahim	ALB	PTF	2:0
prishtina-u21-european-championships-2025	U21 Men -80kg	R32	419	HRGOTA Leon	CRO	SEREMET Nino	BIH	RSC	
prishtina-u21-european-championships-2025	U21 Men -80kg	R32	420	FERNANDEZ GARCIA Mikel	ESP	BALCIUNAS Gabijus	LTU	PTF	2:0
prishtina-u21-european-championships-2025	U21 Men -80kg	R16	130	KOVACIC Oscar	CRO	CAMMAERTS Troy	BEL	PTF	2:0
prishtina-u21-european-championships-2025	U21 Men -80kg	R16	131	PANAGIOTIDIS Andronikos	GRE	MALLO PENA Iago	ESP	PTF	2:0
prishtina-u21-european-championships-2025	U21 Men -80kg	R16	323	BLAZEVSKI Filip	MKD	YEFIMOV Oleksandr	UKR	PTF	2:0
prishtina-u21-european-championships-2025	U21 Men -80kg	R16	324	ROMUNDSET NILSEN Martin	NOR	KRNJAIC Filip	CRO	PTF	2:1
prishtina-u21-european-championships-2025	U21 Men -80kg	R16	324.1	BARRY Ayman	FRA	AKBABAOZ Muhammed Buğrahan	TRT	PTF	2:0
prishtina-u21-european-championships-2025	U21 Men -80kg	R16	424	AYAZ Alperen	TUR	PAPPA Rafael	GRE	PTF	2:0
prishtina-u21-european-championships-2025	U21 Men -80kg	R16	425	ZAGORULKO Andrei	AIN	MALASHCHUK Denys	UKR	PTF	2:0
prishtina-u21-european-championships-2025	U21 Men -80kg	R16	426	FERNANDEZ GARCIA Mikel	ESP	HRGOTA Leon	CRO	PTF	2:0
prishtina-u21-european-championships-2025	U21 Men -80kg	QF	135	KOVACIC Oscar	CRO	PANAGIOTIDIS Andronikos	GRE	PTF	2:1
prishtina-u21-european-championships-2025	U21 Men -80kg	QF	229	AYAZ Alperen	TUR	ROMUNDSET NILSEN Martin	NOR	PTF	2:0
prishtina-u21-european-championships-2025	U21 Men -80kg	QF	230	ZAGORULKO Andrei	AIN	FERNANDEZ GARCIA Mikel	ESP	PTF	2:0
prishtina-u21-european-championships-2025	U21 Men -80kg	QF	329	BLAZEVSKI Filip	MKD	BARRY Ayman	FRA	PTF	2:1
prishtina-u21-european-championships-2025	U21 Men -80kg	SF	331	KOVACIC Oscar	CRO	BLAZEVSKI Filip	MKD	PTF	2:0
prishtina-u21-european-championships-2025	U21 Men -80kg	SF	434	ZAGORULKO Andrei	AIN	AYAZ Alperen	TUR	PTF	2:1
prishtina-u21-european-championships-2025	U21 Men -80kg	F	235	KOVACIC Oscar	CRO	ZAGORULKO Andrei	AIN	PTF	2:1
prishtina-u21-european-championships-2025	U21 Men -87kg	R16	110	SNACOV Laurentiu	ROU	CHRISTOU Nikolaos	CYP	PTF	2:0
prishtina-u21-european-championships-2025	U21 Men -87kg	R16	306	SENOL Yusuf	TUR	MAKHEEV Gleb	AIN	PTF	2:1
prishtina-u21-european-championships-2025	U21 Men -87kg	R16	307	DOMPAS Fotios	GRE	MIZRAK Yusuf Efe	TUR	PTF	2:1
prishtina-u21-european-championships-2025	U21 Men -87kg	R16	308	ILIADIS Dimitrios	GRE	KUNTER Mustafa Bilge Han	TUR	PTF	2:1
prishtina-u21-european-championships-2025	U21 Men -87kg	R16	406	MEHNANA Nahil	FRA	BRANTUŠA Roko	CRO	PTF	2:1
prishtina-u21-european-championships-2025	U21 Men -87kg	R16	407	TROITINO AMOEDO Sergio	ESP	EL ARNOUKI EL MAKDOURI Ayoub	ESP	PTF	2:0
prishtina-u21-european-championships-2025	U21 Men -87kg	R16	408	STYLIANIDIS Aris	CYP	MENEKSE Tugra Tevfik	TUR	PTF	2:0
prishtina-u21-european-championships-2025	U21 Men -87kg	QF	132	BUDIN Vladislav	AIN	SNACOV Laurentiu	ROU	PTF	2:0
prishtina-u21-european-championships-2025	U21 Men -87kg	QF	325	DOMPAS Fotios	GRE	SENOL Yusuf	TUR	PTF	2:0
prishtina-u21-european-championships-2025	U21 Men -87kg	QF	427	MEHNANA Nahil	FRA	ILIADIS Dimitrios	GRE	PTF	2:0
prishtina-u21-european-championships-2025	U21 Men -87kg	QF	428	TROITINO AMOEDO Sergio	ESP	STYLIANIDIS Aris	CYP	PTF	2:0
prishtina-u21-european-championships-2025	U21 Men -87kg	SF	330	TROITINO AMOEDO Sergio	ESP	MEHNANA Nahil	FRA	PTF	2:0
prishtina-u21-european-championships-2025	U21 Men -87kg	SF	431	DOMPAS Fotios	GRE	BUDIN Vladislav	AIN	WDR	
prishtina-u21-european-championships-2025	U21 Men -87kg	F	236	TROITINO AMOEDO Sergio	ESP	DOMPAS Fotios	GRE	PTF	2:0
prishtina-u21-european-championships-2025	U21 Women -49kg	R32	101	DIAZ ARRIBAS Violeta	ESP	GURBUZ Hayrunnisa	TUR	PTF	2:1
prishtina-u21-european-championships-2025	U21 Women -49kg	R32	102	BOUROGIANNI Konstantina eleni	GRE	KLISOWSKA Zuzanna	POL	PTF	2:0
prishtina-u21-european-championships-2025	U21 Women -49kg	R32	103	PUCHKINA Evgeniia	AIN	NESHER Yarden	ISR	PTF	2:0
prishtina-u21-european-championships-2025	U21 Women -49kg	R32	104	KRAJEWSKA Alicja	POL	BENE HAMILL Gina	GBR	PTF	2:0
prishtina-u21-european-championships-2025	U21 Women -49kg	R32	105	KALIC Lucija	CRO	VOLOSENKO Anastasiia	UKR	PTF	2:1
prishtina-u21-european-championships-2025	U21 Women -49kg	R32	106	RADEK Dora	CRO	VOLOSENKO Zlatoslava	UKR	PTF	2:1
prishtina-u21-european-championships-2025	U21 Women -49kg	R32	107	MALOBERTI Lucrezia	ITA	MACARI Iuliana	MDA	PTF	2:0
prishtina-u21-european-championships-2025	U21 Women -49kg	R32	401	KONIUKHOVA Dana	AIN	TOTH Elizabet Laura	HUN	PTF	2:0
prishtina-u21-european-championships-2025	U21 Women -49kg	R32	402	MARINOVA Teodora	BUL	RAMO Jenna	FIN	PTF	2:0
prishtina-u21-european-championships-2025	U21 Women -49kg	R32	403	CORDOBA HEREDIA Judith	ESP	MOROCHA Sofia	ISR	PTF	2:0
prishtina-u21-european-championships-2025	U21 Women -49kg	R32	404	ASIMAKI Lamprini anna	GRE	KRAJEWSKA Nikola	POL	PTF	2:0
prishtina-u21-european-championships-2025	U21 Women -49kg	R32	405	VARGA V Iktoria	CRO	KOSTIUK Yaryna	UKR	PTF	2:1
prishtina-u21-european-championships-2025	U21 Women -49kg	R32	406	SARGANTANI Charikleia	GRE	ILIADI Kyriaki Eirini	GRE	PTF	2:0
prishtina-u21-european-championships-2025	U21 Women -49kg	R32	407	ULUSOY Mulkiye Ece	TUR	ABEDALSALAM Mariam	DEN	PTF	2:0
prishtina-u21-european-championships-2025	U21 Women -49kg	R16	111	DIAZ ARRIBAS Violeta	ESP	KOKOC Zeynep Duru	TUR	PTF	2:0
prishtina-u21-european-championships-2025	U21 Women -49kg	R16	112	BOUROGIANNI Konstantina eleni	GRE	PUCHKINA Evgeniia	AIN	PTF	2:0
prishtina-u21-european-championships-2025	U21 Women -49kg	R16	112.1	SARGANTANI Charikleia	GRE	VARGA V Iktoria	CRO	PTF	2:0
prishtina-u21-european-championships-2025	U21 Women -49kg	R16	112.2	ULUSOY Mulkiye Ece	TUR	KARYDI Melina	GRE	PTF	2:0
prishtina-u21-european-championships-2025	U21 Women -49kg	R16	113	KRAJEWSKA Alicja	POL	KALIC Lucija	CRO	PTF	2:0
prishtina-u21-european-championships-2025	U21 Women -49kg	R16	114	RADEK Dora	CRO	MALOBERTI Lucrezia	ITA	PTF	2:0
prishtina-u21-european-championships-2025	U21 Women -49kg	R16	414	KONIUKHOVA Dana	AIN	MARINOVA Teodora	BUL	PTF	2:0
prishtina-u21-european-championships-2025	U21 Women -49kg	R16	415	ASIMAKI Lamprini anna	GRE	CORDOBA HEREDIA Judith	ESP	PTF	2:0
prishtina-u21-european-championships-2025	U21 Women -49kg	QF	115	DIAZ ARRIBAS Violeta	ESP	BOUROGIANNI Konstantina eleni	GRE	PTF	2:0
prishtina-u21-european-championships-2025	U21 Women -49kg	QF	217	RADEK Dora	CRO	KRAJEWSKA Alicja	POL	PTF	2:1
prishtina-u21-european-championships-2025	U21 Women -49kg	QF	323	ULUSOY Mulkiye Ece	TUR	SARGANTANI Charikleia	GRE	PTF	2:0
prishtina-u21-european-championships-2025	U21 Women -49kg	QF	422	KONIUKHOVA Dana	AIN	ASIMAKI Lamprini anna	GRE	PTF	2:1
prishtina-u21-european-championships-2025	U21 Women -49kg	SF	119	DIAZ ARRIBAS Violeta	ESP	RADEK Dora	CRO	PTF	2:0
prishtina-u21-european-championships-2025	U21 Women -49kg	SF	221	KONIUKHOVA Dana	AIN	ULUSOY Mulkiye Ece	TUR	PTF	2:1
prishtina-u21-european-championships-2025	U21 Women -49kg	F	223	DIAZ ARRIBAS Violeta	ESP	KONIUKHOVA Dana	AIN	PTF	2:0
prishtina-u21-european-championships-2025	U21 Women -73kg	R16	108	TUMANOVA Anastasiia	AIN	TYMOFIEIEVA Mariia	UKR	PTF	2:0
prishtina-u21-european-championships-2025	U21 Women -73kg	R16	109	SRHOJ Maja	CRO	FERNANDEZ INSA Julia	ESP	PTF	2:1
prishtina-u21-european-championships-2025	U21 Women -73kg	R16	110	KOSEOGLU Elifnaz	TUR	BAKLESI Vasiliki	GRE	PTF	2:0
prishtina-u21-european-championships-2025	U21 Women -73kg	R16	202	MASTELIC Mila	CRO	ŽIŽIĆ Sara	CRO	PTF	2:0
prishtina-u21-european-championships-2025	U21 Women -73kg	R16	203	NTOVA Eirini	GRE	RUDOLF Nika	SLO	PTF	2:0
prishtina-u21-european-championships-2025	U21 Women -73kg	R16	204	NOWAK Julia	POL	ČIZMIĆ BORŠI Nina	CRO	PTF	2:0
prishtina-u21-european-championships-2025	U21 Women -73kg	QF	118	ERSIN Yusra	TUR	TUMANOVA Anastasiia	AIN	PTF	2:1
prishtina-u21-european-championships-2025	U21 Women -73kg	QF	220	NOWAK Julia	POL	GARCIA SUAREZ Helena	ESP	PTF	2:1
prishtina-u21-european-championships-2025	U21 Women -73kg	QF	326	SRHOJ Maja	CRO	KOSEOGLU Elifnaz	TUR	PTF	2:1
prishtina-u21-european-championships-2025	U21 Women -73kg	QF	425	MASTELIC Mila	CRO	NTOVA Eirini	GRE	PTF	2:1
prishtina-u21-european-championships-2025	U21 Women -73kg	SF	328	SRHOJ Maja	CRO	ERSIN Yusra	TUR	PTF	2:0
prishtina-u21-european-championships-2025	U21 Women -73kg	SF	427	MASTELIC Mila	CRO	NOWAK Julia	POL	PTF	2:1
prishtina-u21-european-championships-2025	U21 Women -73kg	F	226	MASTELIC Mila	CRO	SRHOJ Maja	CRO	PTF	2:1
prishtina-u21-european-championships-2025	U21 Women -57kg	R64	201	CHRISTY Beth	GBR	KRAJEWSKA Agnieszka	POL	PTF	2:0
prishtina-u21-european-championships-2025	U21 Women -57kg	R64	301	GOZ Mumune Nur	TUR	BETT Ava	GBR	PTF	2:0
prishtina-u21-european-championships-2025	U21 Women -57kg	R32	205	CHRISTY Beth	GBR	RIBEIRO Francisca Teixeira	POR	PTF	2:0
prishtina-u21-european-championships-2025	U21 Women -57kg	R32	206	SESAR VILA Carla	ESP	MARTINEZ FEIJOO Erika	ESP	PTF	2:0
prishtina-u21-european-championships-2025	U21 Women -57kg	R32	207	DILER Ruya	TUR	VITSAXI Aikaterini	GRE	PTF	2:0
prishtina-u21-european-championships-2025	U21 Women -57kg	R32	208	D'ANGELO Alessandra	ITA	PETRIDI Aimilia	CYP	PTF	2:0
prishtina-u21-european-championships-2025	U21 Women -57kg	R32	209	PRICOLO Marina	ITA	SUNDBY Marthine	NOR	PTF	2:0
prishtina-u21-european-championships-2025	U21 Women -57kg	R32	210	BADMAEVA Dayana	AIN	SOFIIA Plakhtii	ISR	PTF	2:0
prishtina-u21-european-championships-2025	U21 Women -57kg	R32	211	OZLU Melisa	TUR	CEAPA Polina	MDA	PTF	2:0
prishtina-u21-european-championships-2025	U21 Women -57kg	R32	212	KOSTENEVYCH Darya	UKR	TERESHCHENKO Anastasiia	UKR	PTF	2:0
prishtina-u21-european-championships-2025	U21 Women -57kg	R32	212.1	LISOWSKA Nikol	POL	HAMZIC Dzejna	BIH	PTF	2:0
prishtina-u21-european-championships-2025	U21 Women -57kg	R32	212.2	GOZ Mumune Nur	TUR	VUKIC Margarita	CRO	PTF	2:1
prishtina-u21-european-championships-2025	U21 Women -57kg	R32	307	FOSSACECA Anna	ITA	MAROTO CORREDOR Irene	ESP	PTF	2:0
prishtina-u21-european-championships-2025	U21 Women -57kg	R32	308	VAN PASSEL Amelie	BEL	LYTVYNENKO Kira	UKR	PTF	2:0
prishtina-u21-european-championships-2025	U21 Women -57kg	R32	309	POTEMKINA Alisa	AIN	REPOULIA Athanasia	GRE	PTF	2:0
prishtina-u21-european-championships-2025	U21 Women -57kg	R32	310	LAKEHAL-ROLLINGS Manissa	FRA	NISNEVICH Anna	ISR	PTF	2:0
prishtina-u21-european-championships-2025	U21 Women -57kg	R32	311	FOGED Rosmarin pietak	DEN	ACHILLEOS Antreana	CYP	PTF	2:0
prishtina-u21-european-championships-2025	U21 Women -57kg	R32	312	PEZZOLLA Lucia	ITA	SPINU Ana	MDA	PTF	2:0
prishtina-u21-european-championships-2025	U21 Women -57kg	R16	213	SESAR VILA Carla	ESP	CHRISTY Beth	GBR	PTF	2:0
prishtina-u21-european-championships-2025	U21 Women -57kg	R16	214	DILER Ruya	TUR	D'ANGELO Alessandra	ITA	PTF	2:0
prishtina-u21-european-championships-2025	U21 Women -57kg	R16	215	BADMAEVA Dayana	AIN	PRICOLO Marina	ITA	PTF	2:0
prishtina-u21-european-championships-2025	U21 Women -57kg	R16	216	OZLU Melisa	TUR	KOSTENEVYCH Darya	UKR	PTF	2:0
prishtina-u21-european-championships-2025	U21 Women -57kg	R16	216.1	PEZZOLLA Lucia	ITA	FOGED Rosmarin pietak	DEN	PTF	2:1
prishtina-u21-european-championships-2025	U21 Women -57kg	R16	216.2	GOZ Mumune Nur	TUR	LISOWSKA Nikol	POL	PTF	2:0
prishtina-u21-european-championships-2025	U21 Women -57kg	R16	319	FOSSACECA Anna	ITA	VAN PASSEL Amelie	BEL	PTF	2:0
prishtina-u21-european-championships-2025	U21 Women -57kg	R16	320	LAKEHAL-ROLLINGS Manissa	FRA	POTEMKINA Alisa	AIN	PTF	2:1
prishtina-u21-european-championships-2025	U21 Women -57kg	QF	116	DILER Ruya	TUR	SESAR VILA Carla	ESP	PTF	2:0
prishtina-u21-european-championships-2025	U21 Women -57kg	QF	218	BADMAEVA Dayana	AIN	OZLU Melisa	TUR	PTF	2:0
prishtina-u21-european-championships-2025	U21 Women -57kg	QF	324	LAKEHAL-ROLLINGS Manissa	FRA	FOSSACECA Anna	ITA	PTF	2:0
prishtina-u21-european-championships-2025	U21 Women -57kg	QF	423	GOZ Mumune Nur	TUR	PEZZOLLA Lucia	ITA	PTF	2:0
prishtina-u21-european-championships-2025	U21 Women -57kg	SF	327	DILER Ruya	TUR	BADMAEVA Dayana	AIN	PTF	2:0
prishtina-u21-european-championships-2025	U21 Women -57kg	SF	426	GOZ Mumune Nur	TUR	LAKEHAL-ROLLINGS Manissa	FRA	WDR	2:0
prishtina-u21-european-championships-2025	U21 Women -57kg	F	224	DILER Ruya	TUR	GOZ Mumune Nur	TUR	PTF	2:0
prishtina-u21-european-championships-2025	U21 Women -62kg	R32	302	GONZALEZ GONZALEZ Adriana	ESP	KOMATINA Andrea	MNE	PTF	2:1
prishtina-u21-european-championships-2025	U21 Women -62kg	R32	303	BROMBERGER Lamprini	GRE	KRAINOVA Marharyta	UKR	PTF	2:0
prishtina-u21-european-championships-2025	U21 Women -62kg	R32	304	HRGIC Anja	BIH	SOFOKLEOUS Aria	CYP	PTF	2:0
prishtina-u21-european-championships-2025	U21 Women -62kg	R32	305	MANGEN Lennie	LUX	KAMINI Eftychia	GRE	PTF	2:0
prishtina-u21-european-championships-2025	U21 Women -62kg	R32	306	HERNANDEZ ROCAFULL Rocio Anahi	ESP	TORRENTS QUERA Martina	ESP	PTF	2:1
prishtina-u21-european-championships-2025	U21 Women -62kg	R32	408	BUGARINOVIC Ema	CRO	TADIC Natali	CRO	PTF	2:1
prishtina-u21-european-championships-2025	U21 Women -62kg	R32	409	FLEGROVA Hana	CZE	ABRAHAMY Roni	ISR	PTF	2:1
prishtina-u21-european-championships-2025	U21 Women -62kg	R32	410	SECANELL CHARLES Elsa	ESP	DARATZI Anastasia	GRE	PTF	2:0
prishtina-u21-european-championships-2025	U21 Women -62kg	R32	411	MENDY Fatima	FRA	NAZAROVA Iulia	MDA	PTF	2:1
prishtina-u21-european-championships-2025	U21 Women -62kg	R32	412	SKVORTSOVA Kira	AIN	LOURENCO Beatriz	POR	PTF	2:0
prishtina-u21-european-championships-2025	U21 Women -62kg	R32	413	SIRIN Dilara	TUR	MOCALINA Vladislava	LAT	PTF	2:0
prishtina-u21-european-championships-2025	U21 Women -62kg	R16	114.1	SKVORTSOVA Kira	AIN	MENDY Fatima	FRA	PTF	2:1
prishtina-u21-european-championships-2025	U21 Women -62kg	R16	114.2	SIRIN Dilara	TUR	MANGIONE Anthea	ITA	PTF	2:0
prishtina-u21-european-championships-2025	U21 Women -62kg	R16	315	BANNOVA Anastasiia	AIN	GONZALEZ GONZALEZ Adriana	ESP	PTF	2:0
prishtina-u21-european-championships-2025	U21 Women -62kg	R16	316	BROMBERGER Lamprini	GRE	HRGIC Anja	BIH	PTF	2:0
prishtina-u21-european-championships-2025	U21 Women -62kg	R16	317	KARABULUT Beyza	TUR	MANGEN Lennie	LUX	PTF	2:0
prishtina-u21-european-championships-2025	U21 Women -62kg	R16	318	MESTROVIC Dora	CRO	HERNANDEZ ROCAFULL Rocio Anahi	ESP	PTF	2:0
prishtina-u21-european-championships-2025	U21 Women -62kg	R16	418	LEONOVA Mariia	UKR	BUGARINOVIC Ema	CRO	PTF	2:0
prishtina-u21-european-championships-2025	U21 Women -62kg	R16	419	SECANELL CHARLES Elsa	ESP	FLEGROVA Hana	CZE	PTF	2:0
prishtina-u21-european-championships-2025	U21 Women -62kg	QF	117	SIRIN Dilara	TUR	SKVORTSOVA Kira	AIN	PTF	2:1
prishtina-u21-european-championships-2025	U21 Women -62kg	QF	219	BANNOVA Anastasiia	AIN	BROMBERGER Lamprini	GRE	PTF	2:0
prishtina-u21-european-championships-2025	U21 Women -62kg	QF	325	MESTROVIC Dora	CRO	KARABULUT Beyza	TUR	PTF	2:0
prishtina-u21-european-championships-2025	U21 Women -62kg	QF	424	SECANELL CHARLES Elsa	ESP	LEONOVA Mariia	UKR	PTF	2:0
prishtina-u21-european-championships-2025	U21 Women -62kg	SF	120	MESTROVIC Dora	CRO	BANNOVA Anastasiia	AIN	PTF	2:1
prishtina-u21-european-championships-2025	U21 Women -62kg	SF	222	SECANELL CHARLES Elsa	ESP	SIRIN Dilara	TUR	PTF	2:0
prishtina-u21-european-championships-2025	U21 Women -62kg	F	225	SECANELL CHARLES Elsa	ESP	MESTROVIC Dora	CRO	PTF	2:1
prishtina-u21-european-championships-2025	U21 Men -74kg	R64	101	CEDRUN MARTINEZ Cesar	ESP	SILVA ROCHINHA Pedro Guilherme	POR	PTF	2:0
prishtina-u21-european-championships-2025	U21 Men -74kg	R64	102	MURATOVIĆ Mateo	MNE	DZHEYRANOV Christos	CYP	PTF	2:0
prishtina-u21-european-championships-2025	U21 Men -74kg	R64	103	HRYHORCHUK Andrii	UKR	WILLIAMS Ricardo	GBR	PTF	2:0
prishtina-u21-european-championships-2025	U21 Men -74kg	R64	104	BARKOF Alexandros	GRE	IZARIK Daniel	SVK	PTF	2:0
prishtina-u21-european-championships-2025	U21 Men -74kg	R64	105	CARTWRIGHT Max	GBR	TVEITEVAG Fredrik	NOR	PTF	2:0
prishtina-u21-european-championships-2025	U21 Men -74kg	R64	305	MIRONOV Maksim	AIN	BOZ Ali Murtaza	TUR	PTF	2:0
prishtina-u21-european-championships-2025	U21 Men -74kg	R64	306	MAGOMEDOV Gasan	AIN	STEPANIUC Ion	MDA	PTF	2:0
prishtina-u21-european-championships-2025	U21 Men -74kg	R64	307	HUSIC Benjamin	BIH	GJORGJIEV Darko	MKD	PTF	2:0
prishtina-u21-european-championships-2025	U21 Men -74kg	R32	109	CEDRUN MARTINEZ Cesar	ESP	SZASZ Manyhert	ROU	PTF	2:0
prishtina-u21-european-championships-2025	U21 Men -74kg	R32	110	ERER Berkay	TUR	SAHITI Mal	KOS	PTF	2:0
prishtina-u21-european-championships-2025	U21 Men -74kg	R32	111	KOROLEV Kirill	AIN	ANTONIADIS Ioannis	GRE	PTF	2:0
prishtina-u21-european-championships-2025	U21 Men -74kg	R32	112	HODYMA Roman	UKR	MURATOVIĆ Mateo	MNE	PTF	2:1
prishtina-u21-european-championships-2025	U21 Men -74kg	R32	113	ZAPPONE Andrea	ITA	HRYHORCHUK Andrii	UKR	PTF	2:1
prishtina-u21-european-championships-2025	U21 Men -74kg	R32	114	PANASENKOV Kirill	AIN	CHIRILIN Vladomir	MDA	PTF	2:0
prishtina-u21-european-championships-2025	U21 Men -74kg	R32	115	DUGAC Grga	CRO	TOSUN Hikmet Faruk	TUR	PTF	2:0
prishtina-u21-european-championships-2025	U21 Men -74kg	R32	116	BARKOF Alexandros	GRE	MARJANOVIC Karlo	CRO	PTF	2:0
prishtina-u21-european-championships-2025	U21 Men -74kg	R32	316	CARTWRIGHT Max	GBR	SKJOLBERG Sebastian	NOR	PTF	2:0
prishtina-u21-european-championships-2025	U21 Men -74kg	R32	317	KLAJKO David	HUN	COSTA Pedro	POR	PTF	2:0
prishtina-u21-european-championships-2025	U21 Men -74kg	R32	318	MELANIFIDIS Georgios	GRE	NIKOLAOU Nikolas	CYP	PTF	2:0
prishtina-u21-european-championships-2025	U21 Men -74kg	R32	319	MIRONOV Maksim	AIN	SELIMI Ariant	KOS	PTF	2:0
prishtina-u21-european-championships-2025	U21 Men -74kg	R32	320	MAGOMEDOV Gasan	AIN	BALLE Christian	DEN	PTF	2:0
prishtina-u21-european-championships-2025	U21 Men -74kg	R32	321	MILAN CANOVAS Juan antonio	ESP	LILOV Krasimir	BUL	PTF	2:0
prishtina-u21-european-championships-2025	U21 Men -74kg	R32	322	DANIELYAN Armen	ARM	VULETIC Vuk	MNE	PTF	2:1
prishtina-u21-european-championships-2025	U21 Men -74kg	R32	323	ZELENKO Vladyslav	UKR	HUSIC Benjamin	BIH	PTF	2:0
prishtina-u21-european-championships-2025	U21 Men -74kg	R16	121	ERER Berkay	TUR	CEDRUN MARTINEZ Cesar	ESP	PTF	2:0
prishtina-u21-european-championships-2025	U21 Men -74kg	R16	122	KOROLEV Kirill	AIN	HODYMA Roman	UKR	PTF	2:0
prishtina-u21-european-championships-2025	U21 Men -74kg	R16	123	ZAPPONE Andrea	ITA	PANASENKOV Kirill	AIN	PTF	2:1
prishtina-u21-european-championships-2025	U21 Men -74kg	R16	124	DUGAC Grga	CRO	BARKOF Alexandros	GRE	PTF	2:0
prishtina-u21-european-championships-2025	U21 Men -74kg	R16	226.1	MIRONOV Maksim	AIN	MELANIFIDIS Georgios	GRE	PTF	2:0
prishtina-u21-european-championships-2025	U21 Men -74kg	R16	328	CARTWRIGHT Max	GBR	KLAJKO David	HUN	PTF	2:0
prishtina-u21-european-championships-2025	U21 Men -74kg	R16	329	MILAN CANOVAS Juan antonio	ESP	MAGOMEDOV Gasan	AIN	PTF	2:0
prishtina-u21-european-championships-2025	U21 Men -74kg	R16	330	ZELENKO Vladyslav	UKR	DANIELYAN Armen	ARM	PTF	2:0
prishtina-u21-european-championships-2025	U21 Men -74kg	QF	127	ERER Berkay	TUR	KOROLEV Kirill	AIN	RSC	1:0
prishtina-u21-european-championships-2025	U21 Men -74kg	QF	229	DUGAC Grga	CRO	ZAPPONE Andrea	ITA	PTF	2:0
prishtina-u21-european-championships-2025	U21 Men -74kg	QF	333	MIRONOV Maksim	AIN	CARTWRIGHT Max	GBR	PTF	2:1
prishtina-u21-european-championships-2025	U21 Men -74kg	QF	431	MILAN CANOVAS Juan antonio	ESP	ZELENKO Vladyslav	UKR	PTF	2:0
prishtina-u21-european-championships-2025	U21 Men -74kg	SF	130	ERER Berkay	TUR	DUGAC Grga	CRO	PTF	2:0
prishtina-u21-european-championships-2025	U21 Men -74kg	SF	232	MILAN CANOVAS Juan antonio	ESP	MIRONOV Maksim	AIN	PTF	2:0
prishtina-u21-european-championships-2025	U21 Men -74kg	F	235	ERER Berkay	TUR	MILAN CANOVAS Juan antonio	ESP	PTF	2:0
prishtina-u21-european-championships-2025	U21 Men +87kg	R32	106	SHEFATOV Egor	AIN	ILIAS Papadeas	GRE	PTF	2:1
prishtina-u21-european-championships-2025	U21 Men +87kg	R32	107	SIMSEK Rahmet Baran	TUR	ANDREOU Petros	CYP	PTF	2:0
prishtina-u21-european-championships-2025	U21 Men +87kg	R32	108	MOLIN Mattia	ITA	GORDO MERINO Raul	ESP	PTF	2:0
prishtina-u21-european-championships-2025	U21 Men +87kg	R32	204	JABLONSKI Zbigniew	POL	SPAK Aurel	SVK	PTF	2:0
prishtina-u21-european-championships-2025	U21 Men +87kg	R32	207	AGRISAN Stefan Gabriel	ROU	PATTICHIS Alexis	CYP	PTG	1:0
prishtina-u21-european-championships-2025	U21 Men +87kg	R32	208	RUDERMAN Ilia	ISR	CALJKUSIC Neven	CRO	PTF	2:0
prishtina-u21-european-championships-2025	U21 Men +87kg	R16	117	SHEFATOV Egor	AIN	LYSENKO SERRANO Ivan	ESP	PTF	2:1
prishtina-u21-european-championships-2025	U21 Men +87kg	R16	118	HANUSOVSKY Richard	SVK	BRYLOV Nazar	UKR	PTF	2:1
prishtina-u21-european-championships-2025	U21 Men +87kg	R16	119	SIMSEK Rahmet Baran	TUR	BYELOUS BYELOUS Eric	ESP	PTF	2:0
prishtina-u21-european-championships-2025	U21 Men +87kg	R16	120	MOLIN Mattia	ITA	MANEA Robert	ROU	RSC	2:0
prishtina-u21-european-championships-2025	U21 Men +87kg	R16	219	JABLONSKI Zbigniew	POL	HULII David	UKR	PTF	2:0
prishtina-u21-european-championships-2025	U21 Men +87kg	R16	220	LISITSIN Kirill	AIN	AGRISAN Stefan Gabriel	ROU	PTF	2:0
prishtina-u21-european-championships-2025	U21 Men +87kg	R16	221	GIANNOUCHIDIS Petros	GRE	DE ANGELIS Matteo	ITA	PTF	2:1
prishtina-u21-european-championships-2025	U21 Men +87kg	R16	222	KURII Dmytro	UKR	RUDERMAN Ilia	ISR	PTF	2:1
prishtina-u21-european-championships-2025	U21 Men +87kg	QF	128	JABLONSKI Zbigniew	POL	LISITSIN Kirill	AIN	PTF	2:1
prishtina-u21-european-championships-2025	U21 Men +87kg	QF	230	GIANNOUCHIDIS Petros	GRE	KURII Dmytro	UKR	PTF	2:0
prishtina-u21-european-championships-2025	U21 Men +87kg	QF	334	MOLIN Mattia	ITA	SIMSEK Rahmet Baran	TUR	PTF	2:1
prishtina-u21-european-championships-2025	U21 Men +87kg	QF	432	SHEFATOV Egor	AIN	HANUSOVSKY Richard	SVK	PTF	2:1
prishtina-u21-european-championships-2025	U21 Men +87kg	SF	336	JABLONSKI Zbigniew	POL	GIANNOUCHIDIS Petros	GRE	PTF	2:0
prishtina-u21-european-championships-2025	U21 Men +87kg	SF	434	MOLIN Mattia	ITA	SHEFATOV Egor	AIN	PTF	2:0
prishtina-u21-european-championships-2025	U21 Men +87kg	F	236	MOLIN Mattia	ITA	JABLONSKI Zbigniew	POL	PTF	2:0
prishtina-u21-european-championships-2025	U21 Men -68kg	R64	201	VAN LIMPT Joep	NED	ANGELOV Luka	MKD	PTF	2:0
prishtina-u21-european-championships-2025	U21 Men -68kg	R64	202	OZDEMIR Eren	TUR	CEYLAN Ahmet bogachan	TUR	PTF	2:1
prishtina-u21-european-championships-2025	U21 Men -68kg	R64	203	SANTINELLI Christian	ITA	ZEHETNER Felix	AUT	PTF	2:0
prishtina-u21-european-championships-2025	U21 Men -68kg	R64	205	DJONKO Muhamed	BIH	BUGNEAC Liviu	MDA	PTF	2:1
prishtina-u21-european-championships-2025	U21 Men -68kg	R64	206	SERBAN Luca Fabian	ITA	BUONAIUTO Antonio	GBR	PTF	2:0
prishtina-u21-european-championships-2025	U21 Men -68kg	R64	405	VUKOVIC Mario	MNE	LAUCEVIČIUS Tadas	LTU	PTF	2:1
prishtina-u21-european-championships-2025	U21 Men -68kg	R64	406	GOLEMAC Nikola	DEN	AVIDAN Ben	ISR	PTF	2:0
prishtina-u21-european-championships-2025	U21 Men -68kg	R32	116.1	LUKICHEV Pavel	AIN	DJONKO Muhamed	BIH	PTF	2:0
prishtina-u21-european-championships-2025	U21 Men -68kg	R32	116.2	REIS Tiago	POR	SERBAN Luca Fabian	ITA	PTF	2:0
prishtina-u21-european-championships-2025	U21 Men -68kg	R32	209	VAN LIMPT Joep	NED	ZOLOTOVSKYI Vladyslav	UKR	PTF	2:1
prishtina-u21-european-championships-2025	U21 Men -68kg	R32	210	GERASIMENKO Ilia	AIN	MILIĆEVIĆ David	CRO	PTF	2:1
prishtina-u21-european-championships-2025	U21 Men -68kg	R32	211	GARCIA KLAIL Pedro	ESP	IOANNIDIS Georgios	GRE	PTF	2:0
prishtina-u21-european-championships-2025	U21 Men -68kg	R32	212	CHRZANOWSKI Mateusz	POL	AGUSHI Elion	KOS	PTF	2:0
prishtina-u21-european-championships-2025	U21 Men -68kg	R32	213	FROLOV Semen	AIN	META Yllmir	KOS	WDR	1:0
prishtina-u21-european-championships-2025	U21 Men -68kg	R32	214	PERCIN Emir	TUR	SZUKALSKI Bartosz	POL	PTF	2:0
prishtina-u21-european-championships-2025	U21 Men -68kg	R32	215	OZDEMIR Eren	TUR	NTOMPROS Ioannis	GRE	PTF	2:0
prishtina-u21-european-championships-2025	U21 Men -68kg	R32	216	FARMAKIS Ioannis alexandros	CYP	BUBA Gledis	ALB	PTF	2:0
prishtina-u21-european-championships-2025	U21 Men -68kg	R32	217	ATIADEVEY Kody	DEN	MYLLYNEN Niko	FIN	PTF	2:1
prishtina-u21-european-championships-2025	U21 Men -68kg	R32	218	SALANOVA LISTE Adrian	ESP	SANTINELLI Christian	ITA	PTF	2:0
prishtina-u21-european-championships-2025	U21 Men -68kg	R32	417	COSGUNGONUL Bugra	TUR	VUKOVIC Mario	MNE	PTF	2:0
prishtina-u21-european-championships-2025	U21 Men -68kg	R32	418	TSILEDAKIS Georgios	GRE	CEKOV David	MKD	PTF	2:0
prishtina-u21-european-championships-2025	U21 Men -68kg	R32	419	MILAN CANOVAS Jorge	ESP	KAMAGIANNIS Ioannis Aris	GRE	PTF	2:1
prishtina-u21-european-championships-2025	U21 Men -68kg	R32	420	MIRZOIEV Simur	UKR	GOLEMAC Nikola	DEN	PTF	2:0
prishtina-u21-european-championships-2025	U21 Men -68kg	R16	124.1	FROLOV Semen	AIN	LUKICHEV Pavel	AIN	PTF	2:1
prishtina-u21-european-championships-2025	U21 Men -68kg	R16	124.2	PERCIN Emir	TUR	REIS Tiago	POR	PTF	2:0
prishtina-u21-european-championships-2025	U21 Men -68kg	R16	223	VAN LIMPT Joep	NED	GERASIMENKO Ilia	AIN	PTF	2:1
prishtina-u21-european-championships-2025	U21 Men -68kg	R16	224	CHRZANOWSKI Mateusz	POL	GARCIA KLAIL Pedro	ESP	PTF	2:0
prishtina-u21-european-championships-2025	U21 Men -68kg	R16	225	OZDEMIR Eren	TUR	FARMAKIS Ioannis alexandros	CYP	PTF	2:0
prishtina-u21-european-championships-2025	U21 Men -68kg	R16	226	SALANOVA LISTE Adrian	ESP	ATIADEVEY Kody	DEN	PTF	2:0
prishtina-u21-european-championships-2025	U21 Men -68kg	R16	427	COSGUNGONUL Bugra	TUR	TSILEDAKIS Georgios	GRE	PTF	2:0
prishtina-u21-european-championships-2025	U21 Men -68kg	R16	428	MILAN CANOVAS Jorge	ESP	MIRZOIEV Simur	UKR	PTF	2:0
prishtina-u21-european-championships-2025	U21 Men -68kg	QF	126	PERCIN Emir	TUR	FROLOV Semen	AIN	PTF	2:0
prishtina-u21-european-championships-2025	U21 Men -68kg	QF	228	CHRZANOWSKI Mateusz	POL	VAN LIMPT Joep	NED	PTF	2:0
prishtina-u21-european-championships-2025	U21 Men -68kg	QF	332	SALANOVA LISTE Adrian	ESP	OZDEMIR Eren	TUR	PTF	2:0
prishtina-u21-european-championships-2025	U21 Men -68kg	QF	430	COSGUNGONUL Bugra	TUR	MILAN CANOVAS Jorge	ESP	PTF	2:0
prishtina-u21-european-championships-2025	U21 Men -68kg	SF	335.1	SALANOVA LISTE Adrian	ESP	CHRZANOWSKI Mateusz	POL	PTF	2:1
prishtina-u21-european-championships-2025	U21 Men -68kg	SF	433.1	COSGUNGONUL Bugra	TUR	PERCIN Emir	TUR	PTF	2:0
prishtina-u21-european-championships-2025	U21 Men -68kg	F	234	COSGUNGONUL Bugra	TUR	SALANOVA LISTE Adrian	ESP	PTF	2:1
prishtina-u21-european-championships-2025	U21 Men -58kg	R64	301	GRIGORYAN Davit	ARM	MAGOMEDRASULOV Akhmed	AIN	PTF	2:1
prishtina-u21-european-championships-2025	U21 Men -58kg	R64	302	MAIKOV Vladyslav	UKR	ANGHEL Mario ignacio	ESP	PTF	2:1
prishtina-u21-european-championships-2025	U21 Men -58kg	R64	303	SHERRATT Alexander	GBR	HADJICOSTI Prodromos angelos	CYP	PTF	2:0
prishtina-u21-european-championships-2025	U21 Men -58kg	R64	304	BADEM Yusuf	TUR	N'GAIDE Idriss	FRA	PTF	2:0
prishtina-u21-european-championships-2025	U21 Men -58kg	R64	401	GUSEINOV Damir	AIN	GHAZARYAN Hayk	ARM	PTF	2:0
prishtina-u21-european-championships-2025	U21 Men -58kg	R64	402	POBLADOR MATARREDONA Enrique	ESP	DE DIOS JOSE Alex	ESP	PTF	2:0
prishtina-u21-european-championships-2025	U21 Men -58kg	R64	403	NAVRACIUC Kirill	MDA	KUZNIETSOV Kiril	UKR	PTF	2:0
prishtina-u21-european-championships-2025	U21 Men -58kg	R64	404	GOKALP Cuneyt	TUR	PINTO Tiago	POR	PTF	2:0
prishtina-u21-european-championships-2025	U21 Men -58kg	R32	308	MAGOMEDOV Magomedgadzhi	AIN	GRIGORYAN Davit	ARM	PTF	2:0
prishtina-u21-european-championships-2025	U21 Men -58kg	R32	309	ELIA Luigi antonio	ITA	MARIC Dragan	BIH	PTF	2:0
prishtina-u21-european-championships-2025	U21 Men -58kg	R32	310	ILIOPOULOS Georgios	GRE	KOS Luka	SLO	PTF	2:0
prishtina-u21-european-championships-2025	U21 Men -58kg	R32	311	ADEMI Bleron	KOS	MAIKOV Vladyslav	UKR	PTF	2:0
prishtina-u21-european-championships-2025	U21 Men -58kg	R32	312	SHERRATT Alexander	GBR	DRAZKIEWICZ Igor	POL	PTF	2:0
prishtina-u21-european-championships-2025	U21 Men -58kg	R32	313	OZDOGAN Kazim	TUR	TORRE Elia	ITA	PTF	2:1
prishtina-u21-european-championships-2025	U21 Men -58kg	R32	314	PAZOS SIERRA Marcos	ESP	CONOS Mihail	MDA	PTF	2:0
prishtina-u21-european-championships-2025	U21 Men -58kg	R32	315	BADEM Yusuf	TUR	SOUTO TOME Gabriel	POR	PTF	2:0
prishtina-u21-european-championships-2025	U21 Men -58kg	R32	407	GUSEINOV Damir	AIN	SERBETCI Nuri	TUR	PTF	2:0
prishtina-u21-european-championships-2025	U21 Men -58kg	R32	408	FINBURD Sean	ISR	CAVALIC Eman	BIH	PTF	2:0
prishtina-u21-european-championships-2025	U21 Men -58kg	R32	409	DEVCIC Ivan	CRO	GRMAS Luka	AUT	PTF	2:0
prishtina-u21-european-championships-2025	U21 Men -58kg	R32	410	POBLADOR MATARREDONA Enrique	ESP	MAJCZYNA Karol	POL	PTF	2:0
prishtina-u21-european-championships-2025	U21 Men -58kg	R32	411	BOUKARNIA Amine	FRA	NAVRACIUC Kirill	MDA	PTF	2:0
prishtina-u21-european-championships-2025	U21 Men -58kg	R32	412	PASTORE Riccardo	ITA	JAMSHIDI Sonil	DEN	PTF	2:0
prishtina-u21-european-championships-2025	U21 Men -58kg	R32	413	ESCOLAR PARRA Ivan	ESP	ABDEL HALIM Khaled	GER	PTF	2:1
prishtina-u21-european-championships-2025	U21 Men -58kg	R32	414	DZHIOEV Igor	AIN	GOKALP Cuneyt	TUR	PTF	2:0
prishtina-u21-european-championships-2025	U21 Men -58kg	R16	324	MAGOMEDOV Magomedgadzhi	AIN	ELIA Luigi antonio	ITA	PTF	2:0
prishtina-u21-european-championships-2025	U21 Men -58kg	R16	325	ADEMI Bleron	KOS	ILIOPOULOS Georgios	GRE	PTF	2:0
prishtina-u21-european-championships-2025	U21 Men -58kg	R16	326	OZDOGAN Kazim	TUR	SHERRATT Alexander	GBR	PTF	2:0
prishtina-u21-european-championships-2025	U21 Men -58kg	R16	327	BADEM Yusuf	TUR	PAZOS SIERRA Marcos	ESP	PTF	2:0
prishtina-u21-european-championships-2025	U21 Men -58kg	R16	421	GUSEINOV Damir	AIN	FINBURD Sean	ISR	PTF	2:0
prishtina-u21-european-championships-2025	U21 Men -58kg	R16	422	POBLADOR MATARREDONA Enrique	ESP	DEVCIC Ivan	CRO	PTF	2:0
prishtina-u21-european-championships-2025	U21 Men -58kg	R16	423	BOUKARNIA Amine	FRA	PASTORE Riccardo	ITA	PTF	2:1
prishtina-u21-european-championships-2025	U21 Men -58kg	R16	424	DZHIOEV Igor	AIN	ESCOLAR PARRA Ivan	ESP	PTF	2:0
prishtina-u21-european-championships-2025	U21 Men -58kg	QF	125	GUSEINOV Damir	AIN	POBLADOR MATARREDONA Enrique	ESP	PTF	2:0
prishtina-u21-european-championships-2025	U21 Men -58kg	QF	227	BADEM Yusuf	TUR	OZDOGAN Kazim	TUR	PTF	2:0
prishtina-u21-european-championships-2025	U21 Men -58kg	QF	331	ADEMI Bleron	KOS	MAGOMEDOV Magomedgadzhi	AIN	PTF	2:1
prishtina-u21-european-championships-2025	U21 Men -58kg	QF	429	DZHIOEV Igor	AIN	BOUKARNIA Amine	FRA	PTF	2:0
prishtina-u21-european-championships-2025	U21 Men -58kg	SF	129	BADEM Yusuf	TUR	ADEMI Bleron	KOS	PTF	2:0
prishtina-u21-european-championships-2025	U21 Men -58kg	SF	231	GUSEINOV Damir	AIN	DZHIOEV Igor	AIN	PTF	2:1
prishtina-u21-european-championships-2025	U21 Men -58kg	F	233	BADEM Yusuf	TUR	GUSEINOV Damir	AIN	PTF	2:1
