british-open-2025	Senior Men -54kg	R32	204	SHERRATT Alexander	GBR	BIN MAJEED Mohammed nasir	LBA	WDR	2:0
british-open-2025	Senior Men -54kg	R32	205	CRUZ RAMOS Kariel	PUR	CARRION COSTA Alejandro	ESP	PTF	2:0
british-open-2025	Senior Men -54kg	R32	206	GARCIA Noah	POR	HORSWELL Jordan	GBR	PTF	2:0
british-open-2025	Senior Men -54kg	R16	217	SHERRATT Alexander	GBR	ALESIO CAPOLINI Mathis	FRA	PTF	2:0
british-open-2025	Senior Men -54kg	R16	218	YIGIT Hakan	DEN	HIGNELL Owen	GBR	PTF	2:0
british-open-2025	Senior Men -54kg	R16	219	LUQUE RUIZ Pablo	ESP	MARTINS Filipe	POR	PTF	2:0
british-open-2025	Senior Men -54kg	R16	220	DELGADO David	ESP	ZACCONE Francesco	ITA	PTF	2:0
british-open-2025	Senior Men -54kg	R16	221	GUN Youngsuk Ethan	USA	CRUZ RAMOS Kariel	PUR	RSC	2:1
british-open-2025	Senior Men -54kg	R16	222	ESCOLAR PARRA Ivan	ESP	LA MATTINA Giovanni	ITA	PTF	2:0
british-open-2025	Senior Men -54kg	R16	223	BAILEY Thomas	GBR	SERHALAY Jeremiah	NED	PTF	2:0
british-open-2025	Senior Men -54kg	R16	224	GARCIA Noah	POR	LIKOMETI Tedi	ALB	PTF	2:1
british-open-2025	Senior Men -54kg	QF	237	SHERRATT Alexander	GBR	YIGIT Hakan	DEN	PTF	2:0
british-open-2025	Senior Men -54kg	QF	238	LUQUE RUIZ Pablo	ESP	DELGADO David	ESP	PTF	2:0
british-open-2025	Senior Men -54kg	QF	239	GUN Youngsuk Ethan	USA	ESCOLAR PARRA Ivan	ESP	PTF	2:0
british-open-2025	Senior Men -54kg	QF	240	GARCIA Noah	POR	BAILEY Thomas	GBR	PTF	2:0
british-open-2025	Senior Men -54kg	SF	247	SHERRATT Alexander	GBR	LUQUE RUIZ Pablo	ESP	PTF	2:0
british-open-2025	Senior Men -54kg	SF	248	GUN Youngsuk Ethan	USA	GARCIA Noah	POR	PTF	2:1
british-open-2025	Senior Men -54kg	F	252	SHERRATT Alexander	GBR	GUN Youngsuk Ethan	USA	PTF	2:0
british-open-2025	Senior Men -58kg	R32	101	DE DIOS JOSE Alex	ESP	KHAN Rayhaan	PAK	PTF	2:0
british-open-2025	Senior Men -58kg	R32	102	SPRECA Tommaso	ITA	ALOUBEADY Abd alsalam	USA	PTF	2:0
british-open-2025	Senior Men -58kg	R16	110	DE DIOS JOSE Alex	ESP	RODRIGUEZ Ilay	PUR	PTF	2:0
british-open-2025	Senior Men -58kg	R16	111	KACZAN Neil	GBR	JAMSHIDI Sonil	DEN	PTF	2:0
british-open-2025	Senior Men -58kg	R16	112	BENITEZ Norberto	PUR	AMELHAYI Mehdi	FRA	PTF	2:1
british-open-2025	Senior Men -58kg	R16	113	TRISTAN Scutaru	ROU	JAKOVAC Vito	IRL	PTF	2:0
british-open-2025	Senior Men -58kg	R16	114	SARSOZA Zack	GBR	ASHMORE Cillian	IRL	RSC	2:0
british-open-2025	Senior Men -58kg	R16	115	ALESIO Sebastien	FRA	SIU William	GBR	PTF	2:0
british-open-2025	Senior Men -58kg	R16	116	FARNES Ricki Gene	DEN	THOMPSON Lennon	GBR	PTF	2:0
british-open-2025	Senior Men -58kg	R16	117	SPRECA Tommaso	ITA	BEDART Samuel	FRA	PTF	2:1
british-open-2025	Senior Men -58kg	QF	134	DE DIOS JOSE Alex	ESP	KACZAN Neil	GBR	PTF	2:0
british-open-2025	Senior Men -58kg	QF	135	TRISTAN Scutaru	ROU	BENITEZ Norberto	PUR	PTF	2:1
british-open-2025	Senior Men -58kg	QF	136	SARSOZA Zack	GBR	ALESIO Sebastien	FRA	PTF	2:0
british-open-2025	Senior Men -58kg	QF	137	SPRECA Tommaso	ITA	FARNES Ricki Gene	DEN	PTF	2:1
british-open-2025	Senior Men -58kg	SF	146	DE DIOS JOSE Alex	ESP	TRISTAN Scutaru	ROU	PTF	2:0
british-open-2025	Senior Men -58kg	SF	147	SARSOZA Zack	GBR	SPRECA Tommaso	ITA	PTF	2:0
british-open-2025	Senior Men -58kg	F	152	DE DIOS JOSE Alex	ESP	SARSOZA Zack	GBR	PTF	2:1
british-open-2025	Senior Men -63kg	R32	106	BUONAIUTO Antonio	GBR	TEILMANN Anton boesgaard	DEN	PTF	2:0
british-open-2025	Senior Men -63kg	R32	107	AGAPOV Dmytriy	POR	MATEJKA Matus	SVK	PTF	2:0
british-open-2025	Senior Men -63kg	R32	108	FRAILE Jesus	ESP	SABATIER David	FRA	PTF	2:0
british-open-2025	Senior Men -63kg	R32	109	BELLO MUNOZ David	ESP	PETRAKIS Nikolaos	GRE	PTF	2:0
british-open-2025	Senior Men -63kg	R16	126	BORGEN Kristian storsul	NOR	BUONAIUTO Antonio	GBR	PTF	2:0
british-open-2025	Senior Men -63kg	R16	127	HUBERT Ilan	FRA	HORVATH Matej	SVK	PTF	2:0
british-open-2025	Senior Men -63kg	R16	128	MARTINS Alfredo	POR	GRANT Gavin	USA	RSC	2:0
british-open-2025	Senior Men -63kg	R16	129	DELEVAL Herwan	FRA	AGAPOV Dmytriy	POR	PTF	2:0
british-open-2025	Senior Men -63kg	R16	130	FRAILE Jesus	ESP	ZELLER Joao	POR	PTF	2:0
british-open-2025	Senior Men -63kg	R16	131	NAZARIO SANCHEZ Edgardo	PUR	HUY Ethan	FRA	PTF	2:0
british-open-2025	Senior Men -63kg	R16	132	JULES Nathan	FRA	COSTA Luis	POR	PTF	2:0
british-open-2025	Senior Men -63kg	R16	133	BELLO MUNOZ David	ESP	BOURGEOIS Owen	FRA	PTF	2:0
british-open-2025	Senior Men -63kg	QF	142	BORGEN Kristian storsul	NOR	HUBERT Ilan	FRA	PTF	2:0
british-open-2025	Senior Men -63kg	QF	143	DELEVAL Herwan	FRA	MARTINS Alfredo	POR	WDR	
british-open-2025	Senior Men -63kg	QF	144	FRAILE Jesus	ESP	NAZARIO SANCHEZ Edgardo	PUR	PTF	2:0
british-open-2025	Senior Men -63kg	QF	145	JULES Nathan	FRA	BELLO MUNOZ David	ESP	WDR	2:1
british-open-2025	Senior Men -63kg	SF	150	BORGEN Kristian storsul	NOR	DELEVAL Herwan	FRA	PTF	2:0
british-open-2025	Senior Men -63kg	SF	151	FRAILE Jesus	ESP	JULES Nathan	FRA	PTF	2:0
british-open-2025	Senior Men -63kg	F	154	FRAILE Jesus	ESP	BORGEN Kristian storsul	NOR	PTF	2:0
british-open-2025	Senior Men -68kg	R32	405	STAU HANSEN Max	DEN	CORREIA DA SILVA Carlos henrique	BRA	PTF	2:1
british-open-2025	Senior Men -68kg	R32	406	SAIB Badis	FRA	JAKOBSEN Carl cai brink	DEN	PTF	2:0
british-open-2025	Senior Men -68kg	R32	407	SARR Matar	FRA	SUNG Wang shing	HKG	PTF	2:0
british-open-2025	Senior Men -68kg	R32	408	SANTIAGO BURGOS Jose daniel	PUR	CHEETHAM Owen	GBR	PTF	2:0
british-open-2025	Senior Men -68kg	R32	409	SILVA Ricardo	POR	COCKER Christoper	GBR	RSC	2:0
british-open-2025	Senior Men -68kg	R32	410	SOUSA Francisco	POR	CAIRNS Dylan	GBR	PTF	2:0
british-open-2025	Senior Men -68kg	R32	411	ROSADO CRUZ Yandel	PUR	FOX Mackenzie	GBR	PTF	2:0
british-open-2025	Senior Men -68kg	R32	412	SETTA Hamad	DEN	NEYI Esrom	RTA	PTF	2:0
british-open-2025	Senior Men -68kg	R32	413	DE JESUS Luis	PUR	ANDREOLI Gabriele	ITA	PTF	2:1
british-open-2025	Senior Men -68kg	R32	414	VEGA GAITAN Rommel alejandro	ESP	TOFT Joel	DEN	PTF	2:0
british-open-2025	Senior Men -68kg	R32	415	HARRISON Ben	GBR	PEDRO Emidio	POR	PTF	2:0
british-open-2025	Senior Men -68kg	R16	426	SPEIGHT Leo	ISL	STAU HANSEN Max	DEN	PTF	2:0
british-open-2025	Senior Men -68kg	R16	427	SARR Matar	FRA	SAIB Badis	FRA	PTF	2:0
british-open-2025	Senior Men -68kg	R16	428	NGUILLA Yandric	FRA	SANTIAGO BURGOS Jose daniel	PUR	PTF	2:0
british-open-2025	Senior Men -68kg	R16	429	HYTTEL Tobias	DEN	SILVA Ricardo	POR	PTF	2:0
british-open-2025	Senior Men -68kg	R16	430	ABAD EXPOSITO Iker	ESP	SOUSA Francisco	POR	PTF	2:0
british-open-2025	Senior Men -68kg	R16	431	SETTA Hamad	DEN	ROSADO CRUZ Yandel	PUR	PTF	2:0
british-open-2025	Senior Men -68kg	R16	432	VEGA GAITAN Rommel alejandro	ESP	DE JESUS Luis	PUR	PTF	2:0
british-open-2025	Senior Men -68kg	R16	433	HOWELL Matthew	GBR	HARRISON Ben	GBR	PTF	2:0
british-open-2025	Senior Men -68kg	QF	442	SARR Matar	FRA	SPEIGHT Leo	ISL	PTF	2:0
british-open-2025	Senior Men -68kg	QF	443	HYTTEL Tobias	DEN	NGUILLA Yandric	FRA	PTF	2:0
british-open-2025	Senior Men -68kg	QF	444	ABAD EXPOSITO Iker	ESP	SETTA Hamad	DEN	PTF	2:0
british-open-2025	Senior Men -68kg	QF	445	HOWELL Matthew	GBR	VEGA GAITAN Rommel alejandro	ESP	PTF	2:0
british-open-2025	Senior Men -68kg	SF	450	HYTTEL Tobias	DEN	SARR Matar	FRA	PTF	2:0
british-open-2025	Senior Men -68kg	SF	451	ABAD EXPOSITO Iker	ESP	HOWELL Matthew	GBR	PTF	2:0
british-open-2025	Senior Men -68kg	F	454	ABAD EXPOSITO Iker	ESP	HYTTEL Tobias	DEN	PTF	2:1
british-open-2025	Senior Men -74kg	R32	401	REIS Tiago	POR	AIT NACER Ayoub	FRA	PTF	2:1
british-open-2025	Senior Men -74kg	R32	402	CARTWRIGHT Max	GBR	HAKOBYAN VARDANYAN Alexander	ESP	PTF	2:1
british-open-2025	Senior Men -74kg	R32	403	TAVAREZ Jann dennis	PUR	GWIAZDOWSKI Kacper	GBR	PTF	2:0
british-open-2025	Senior Men -74kg	R32	404	NIITMETS Keanu	EST	SKJOLBERG Sebastian	NOR	PTF	2:0
british-open-2025	Senior Men -74kg	R16	418	RODRIGUES Victor	USA	REIS Tiago	POR	PTF	2:0
british-open-2025	Senior Men -74kg	R16	419	AGBOGBE SALANON Oswin	FRA	MUSKEVITS Aleksandr	EST	PTF	2:0
british-open-2025	Senior Men -74kg	R16	420	JORGENSEN Otto	DEN	MAGONE Andre	POR	PTF	2:1
british-open-2025	Senior Men -74kg	R16	421	AMRI Bassem	FRA	CARTWRIGHT Max	GBR	RSC	2:0
british-open-2025	Senior Men -74kg	R16	422	DOYLE Ryan	IRL	TAVAREZ Jann dennis	PUR	PTF	2:0
british-open-2025	Senior Men -74kg	R16	423	HAIDARI Milad	DEN	OR Pak lam	GBR	PTF	2:1
british-open-2025	Senior Men -74kg	R16	424	NSILU DILANDU Leroy	IRL	BREGNBALLE Emil	DEN	RSC	2:0
british-open-2025	Senior Men -74kg	R16	425	DAWOUD Omer	DEN	NIITMETS Keanu	EST	PTF	2:0
british-open-2025	Senior Men -74kg	QF	438	RODRIGUES Victor	USA	AGBOGBE SALANON Oswin	FRA	PTF	2:1
british-open-2025	Senior Men -74kg	QF	439	JORGENSEN Otto	DEN	AMRI Bassem	FRA	PTF	2:0
british-open-2025	Senior Men -74kg	QF	440	HAIDARI Milad	DEN	DOYLE Ryan	IRL	PTF	2:1
british-open-2025	Senior Men -74kg	QF	441	DAWOUD Omer	DEN	NSILU DILANDU Leroy	IRL	PTF	2:0
british-open-2025	Senior Men -74kg	SF	448	JORGENSEN Otto	DEN	RODRIGUES Victor	USA	PTF	2:1
british-open-2025	Senior Men -74kg	SF	449	DAWOUD Omer	DEN	HAIDARI Milad	DEN	PTF	2:0
british-open-2025	Senior Men -74kg	F	453	JORGENSEN Otto	DEN	DAWOUD Omer	DEN	PTF	2:0
british-open-2025	Senior Men -80kg	R16	308	MANSOURI Farzad	RTA	LAWSON Matheo	TOG	PTF	2:0
british-open-2025	Senior Men -80kg	R16	309	KNIGHT-MITCHELL Dantrell	GBR	ALIPOUR Sohrab	GBR	PTF	2:0
british-open-2025	Senior Men -80kg	R16	310	ANGELL Zak	GBR	BARRUOL Uggo	FRA	PTF	2:0
british-open-2025	Senior Men -80kg	R16	311	SIGURJONSSON Gudmundur floki	ISL	MILAN CANOVAS Juan antonio	ESP	PTF	2:0
british-open-2025	Senior Men -80kg	R16	312	GONZALEZ Alejandro	PUR	CAPUTO Giuseppe	ITA	PTF	2:0
british-open-2025	Senior Men -80kg	R16	313	ROBLETO David	NCA	STAVROPOULOS Theoharys	GBR	PTF	2:0
british-open-2025	Senior Men -80kg	R16	314	THUNE Sebastian	NOR	MARTINHO Manuel	POR	PTF	2:1
british-open-2025	Senior Men -80kg	R16	315	PAPADOPOULOS Ioannis	GRE	BALCIUNAS Gabijus	LTU	PTF	2:0
british-open-2025	Senior Men -80kg	QF	334	MANSOURI Farzad	RTA	KNIGHT-MITCHELL Dantrell	GBR	PTF	2:0
british-open-2025	Senior Men -80kg	QF	335	ANGELL Zak	GBR	SIGURJONSSON Gudmundur floki	ISL	PTF	2:1
british-open-2025	Senior Men -80kg	QF	336	GONZALEZ Alejandro	PUR	ROBLETO David	NCA	PTF	2:1
british-open-2025	Senior Men -80kg	QF	337	PAPADOPOULOS Ioannis	GRE	THUNE Sebastian	NOR	PTF	2:0
british-open-2025	Senior Men -80kg	SF	348	MANSOURI Farzad	RTA	ANGELL Zak	GBR	PTF	2:0
british-open-2025	Senior Men -80kg	SF	349	GONZALEZ Alejandro	PUR	PAPADOPOULOS Ioannis	GRE	PTF	2:1
british-open-2025	Senior Men -80kg	F	355	MANSOURI Farzad	RTA	GONZALEZ Alejandro	PUR	PTF	2:0
british-open-2025	Senior Men -87kg	R16	301	ALEJANDRO-VARGAS Diego	PUR	EL Ayoub	ESP	PTF	2:0
british-open-2025	Senior Men -87kg	QF	322	ORDEMANN Richard andre	NOR	ALEJANDRO-VARGAS Diego	PUR	PTF	2:0
british-open-2025	Senior Men -87kg	QF	323	MOKHTARI Mohammad	GBR	JERMAMI Mehdi	FRA	PTF	2:1
british-open-2025	Senior Men -87kg	QF	324	ISMAIL Abdelazim	KAZ	SMITH Xander	GBR	PTF	2:0
british-open-2025	Senior Men -87kg	QF	325	RIBEIRO Tiago	POR	ŠIAULYS Emilis	LTU	PTF	2:0
british-open-2025	Senior Men -87kg	SF	342	ORDEMANN Richard andre	NOR	MOKHTARI Mohammad	GBR	PTF	2:0
british-open-2025	Senior Men -87kg	SF	343	ISMAIL Abdelazim	KAZ	RIBEIRO Tiago	POR	PTF	2:1
british-open-2025	Senior Men -87kg	F	352	ORDEMANN Richard andre	NOR	ISMAIL Abdelazim	KAZ	PTF	2:0
british-open-2025	Senior Men +87kg	R16	302	CLABAUX Thibaut	FRA	NIEVES TORRES Victor manuel	PUR	PTF	2:1
british-open-2025	Senior Men +87kg	QF	326	CORREDOR Raul	ESP	CLABAUX Thibaut	FRA	PTF	2:0
british-open-2025	Senior Men +87kg	QF	327	AGBOGBE SALANON Osmund	FRA	JOEL Jordan	NGR	PTF	2:1
british-open-2025	Senior Men +87kg	QF	328	MILLER Logan	GBR	VOLGIN Ilja	EST	PTF	2:1
british-open-2025	Senior Men +87kg	QF	329	EL YAZIDI Omar	FRA	RAGNARSSON VIBORG Daniel arnar	ISL	PTF	2:0
british-open-2025	Senior Men +87kg	SF	344	CORREDOR Raul	ESP	AGBOGBE SALANON Osmund	FRA	PTF	2:1
british-open-2025	Senior Men +87kg	SF	345	EL YAZIDI Omar	FRA	MILLER Logan	GBR	PTF	2:0
british-open-2025	Senior Men +87kg	F	353	EL YAZIDI Omar	FRA	CORREDOR Raul	ESP	PTF	2:1
british-open-2025	Senior Women -46kg	QF	225	NIKOLAJEVA Stefani	EST	BARROSO Kiara	POR	PTF	2:0
british-open-2025	Senior Women -46kg	QF	226	KHORSHIDI Aysa	GBR	KWOK Tsz Tung	HKG	PTF	2:0
british-open-2025	Senior Women -46kg	QF	227	GARCIA MARTINEZ Laura	ESP	ZHAO Huanna	HKG	PTF	2:0
british-open-2025	Senior Women -46kg	QF	228	CHOI Etta	GBR	GONZALEZ Judith	ESP	PTF	2:0
british-open-2025	Senior Women -46kg	SF	241	KHORSHIDI Aysa	GBR	NIKOLAJEVA Stefani	EST	PTF	2:0
british-open-2025	Senior Women -46kg	SF	242	CHOI Etta	GBR	GARCIA MARTINEZ Laura	ESP	PTF	2:0
british-open-2025	Senior Women -46kg	F	249	CHOI Etta	GBR	KHORSHIDI Aysa	GBR	PTF	2:1
british-open-2025	Senior Women -49kg	R16	207	BENE HAMILL Gina	GBR	SETTA Sara tarik abu	DEN	PTF	2:0
british-open-2025	Senior Women -49kg	R16	208	ZANZI Imene	FRA	BRIGNOLI Sofia	ITA	PTF	2:0
british-open-2025	Senior Women -49kg	QF	229	CEREZO IGLESIAS Adriana	ESP	BENE HAMILL Gina	GBR	PTF	2:0
british-open-2025	Senior Women -49kg	QF	230	BYRNE Ruby	IRL	ARTAGAME Ariela	USA	PTF	2:1
british-open-2025	Senior Women -49kg	QF	231	LINAN PARDO Naiara	AND	GARBETT Latisha	GBR	PTF	2:0
british-open-2025	Senior Women -49kg	QF	232	GOODMAN Phoenix	GBR	ZANZI Imene	FRA	PTF	2:0
british-open-2025	Senior Women -49kg	SF	243	CEREZO IGLESIAS Adriana	ESP	BYRNE Ruby	IRL	PTF	2:0
british-open-2025	Senior Women -49kg	SF	244	GOODMAN Phoenix	GBR	LINAN PARDO Naiara	AND	PTF	2:0
british-open-2025	Senior Women -49kg	F	250	CEREZO IGLESIAS Adriana	ESP	GOODMAN Phoenix	GBR	PTF	2:0
british-open-2025	Senior Women -53kg	R32	201	JANOLINO Sam	GBR	SYLTHE Therese	NOR	PTF	2:0
british-open-2025	Senior Women -53kg	R32	202	CHOI Ashley	USA	BIANT Laiyla	GBR	PTF	2:0
british-open-2025	Senior Women -53kg	R32	203	KINGSLEY Lily	GBR	BASTOS Filipa	POR	PTF	2:0
british-open-2025	Senior Women -53kg	R16	209	GIRE Ines	FRA	JANOLINO Sam	GBR	PTF	2:0
british-open-2025	Senior Women -53kg	R16	210	HTUT Eve	GBR	LUNDBERG Sadhbh	IRL	PTF	2:0
british-open-2025	Senior Women -53kg	R16	211	WAEVERSTROM Signe wendt	DEN	SCHOLES Millie	GBR	PTF	2:1
british-open-2025	Senior Women -53kg	R16	212	BUTTARELLI Aurelie	FRA	HOY Lily	GBR	PTF	2:0
british-open-2025	Senior Women -53kg	R16	213	CHOI Ashley	USA	GARCIA MARQUINA Sofia	ESP	PTF	2:0
british-open-2025	Senior Women -53kg	R16	214	BENETTI Ines	FRA	SHAW Elisha	GBR	PTF	2:0
british-open-2025	Senior Women -53kg	R16	215	QURESHI Nafisa	GBR	ABEDALSALAM Mariam	DEN	PTF	2:0
british-open-2025	Senior Women -53kg	R16	216	MEIŠTININKAITĖ Gerda	LTU	KINGSLEY Lily	GBR	PTF	2:0
british-open-2025	Senior Women -53kg	QF	233	GIRE Ines	FRA	HTUT Eve	GBR	PTF	2:0
british-open-2025	Senior Women -53kg	QF	234	BUTTARELLI Aurelie	FRA	WAEVERSTROM Signe wendt	DEN	PTF	2:0
british-open-2025	Senior Women -53kg	QF	235	BENETTI Ines	FRA	CHOI Ashley	USA	PTF	2:0
british-open-2025	Senior Women -53kg	QF	236	MEIŠTININKAITĖ Gerda	LTU	QURESHI Nafisa	GBR	PTF	2:0
british-open-2025	Senior Women -53kg	SF	245	GIRE Ines	FRA	BUTTARELLI Aurelie	FRA	PTF	2:0
british-open-2025	Senior Women -53kg	SF	246	MEIŠTININKAITĖ Gerda	LTU	BENETTI Ines	FRA	PTF	2:0
british-open-2025	Senior Women -53kg	F	251	MEIŠTININKAITĖ Gerda	LTU	GIRE Ines	FRA	PTF	2:1
british-open-2025	Senior Women -57kg	R32	103	GHANNAM Maria	DEN	MUSIELLO Giulia	ITA	PTF	2:0
british-open-2025	Senior Women -57kg	R32	104	REIMUNDEZ Yadira	ESP	BAEZ THOMAS Sofia	PUR	PTF	2:0
british-open-2025	Senior Women -57kg	R32	105	FOGED Rosmarin pietak	DEN	BREVIK Amilie	NOR	PTF	2:0
british-open-2025	Senior Women -57kg	R16	118	CARABIN Kanelya	FRA	GHANNAM Maria	DEN	PTF	2:0
british-open-2025	Senior Women -57kg	R16	119	MURRAY Kayla	IRL	KAADACH Sophia jusra	DEN	PTF	2:1
british-open-2025	Senior Women -57kg	R16	120	CORREIA Leonor	POR	GUHA Kiera	GBR	PTF	2:0
british-open-2025	Senior Women -57kg	R16	121	BETT Ava	GBR	KHORSHIDI Aida	GBR	PTF	2:0
british-open-2025	Senior Women -57kg	R16	122	RODRIGUEZ Laura	ESP	REIMUNDEZ Yadira	ESP	PTF	2:0
british-open-2025	Senior Women -57kg	R16	123	TORRES TENA Elena	ESP	DALGAARD Julie	DEN	PTF	2:0
british-open-2025	Senior Women -57kg	R16	124	RASMUSSEN Caroline Bjerring	DEN	KIM Soohyeon	AUS	PTF	2:0
british-open-2025	Senior Women -57kg	R16	125	SMITH Teigan	GBR	FOGED Rosmarin pietak	DEN	RSC	2:0
british-open-2025	Senior Women -57kg	QF	138	CARABIN Kanelya	FRA	MURRAY Kayla	IRL	PTF	2:0
british-open-2025	Senior Women -57kg	QF	139	BETT Ava	GBR	CORREIA Leonor	POR	PTF	2:0
british-open-2025	Senior Women -57kg	QF	140	RODRIGUEZ Laura	ESP	TORRES TENA Elena	ESP	PTF	2:0
british-open-2025	Senior Women -57kg	QF	141	SMITH Teigan	GBR	RASMUSSEN Caroline Bjerring	DEN	PTF	2:0
british-open-2025	Senior Women -57kg	SF	148	CARABIN Kanelya	FRA	BETT Ava	GBR	PTF	2:0
british-open-2025	Senior Women -57kg	SF	149	RODRIGUEZ Laura	ESP	SMITH Teigan	GBR	PTF	2:0
british-open-2025	Senior Women -57kg	F	153	CARABIN Kanelya	FRA	RODRIGUEZ Laura	ESP	PTF	2:1
british-open-2025	Senior Women -62kg	R16	303	CHRISTY Beth	GBR	MAHESH Lisbeth	IRL	PTF	2:0
british-open-2025	Senior Women -62kg	R16	304	MCPHILLIE Neve	GBR	KRIATSIOTI Anna maria	GRE	PTF	2:0
british-open-2025	Senior Women -62kg	R16	305	BLITEK Cloe	FRA	ARRONDO BELLOSO Ariadna	ESP	PTF	2:0
british-open-2025	Senior Women -62kg	R16	306	SOTO CASTILLO Isuangelis	PUR	RAAGMETS Carmen	EST	PTF	2:0
british-open-2025	Senior Women -62kg	R16	307	LANGOUSTE-ASSOUMAYA Lyhana	FRA	JAKOVAC Kira	IRL	PTF	2:0
british-open-2025	Senior Women -62kg	QF	330	MARTON Viviana	HUN	CHRISTY Beth	GBR	PTF	2:0
british-open-2025	Senior Women -62kg	QF	331	MCPHILLIE Neve	GBR	BLITEK Cloe	FRA	PTF	2:1
british-open-2025	Senior Women -62kg	QF	332	SOTO CASTILLO Isuangelis	PUR	GRETARSDOTTIR Ingibjorg	ISL	PTF	2:1
british-open-2025	Senior Women -62kg	QF	333	TVARONAVICIUTE Klaudija	LTU	LANGOUSTE-ASSOUMAYA Lyhana	FRA	PTF	2:1
british-open-2025	Senior Women -62kg	SF	346	MARTON Viviana	HUN	MCPHILLIE Neve	GBR	PTF	2:0
british-open-2025	Senior Women -62kg	SF	347	TVARONAVICIUTE Klaudija	LTU	SOTO CASTILLO Isuangelis	PUR	PTF	2:0
british-open-2025	Senior Women -62kg	F	354	MARTON Viviana	HUN	TVARONAVICIUTE Klaudija	LTU	PTF	2:0
british-open-2025	Senior Women -67kg	R16	416	LOPEZ LAUREANO Valeria	PUR	FREDERIKSEN Kathrine kamp nordentoft	DEN	PTF	2:0
british-open-2025	Senior Women -67kg	R16	417	COELHO Mafalda	POR	BISMIR Salma	DEN	PTF	2:0
british-open-2025	Senior Women -67kg	QF	434	ROBERTS Chloe	GBR	LOPEZ LAUREANO Valeria	PUR	PTF	2:0
british-open-2025	Senior Women -67kg	QF	435	MEHNANA Ines	FRA	NILSEN Mari romundset	NOR	PTF	2:1
british-open-2025	Senior Women -67kg	QF	436	MORENO REYES Lena	ESP	DIAZ ISABELLA	PUR	PTF	2:0
british-open-2025	Senior Women -67kg	QF	437	KANOUTE Iman	MLI	COELHO Mafalda	POR	PTF	2:0
british-open-2025	Senior Women -67kg	SF	446	MEHNANA Ines	FRA	ROBERTS Chloe	GBR	PTF	2:0
british-open-2025	Senior Women -67kg	SF	447	KANOUTE Iman	MLI	MORENO REYES Lena	ESP	PTF	2:0
british-open-2025	Senior Women -67kg	F	452	MEHNANA Ines	FRA	KANOUTE Iman	MLI	PTF	2:1
british-open-2025	Senior Women -73kg	QF	318	MARTON Luana	HUN	HOERMANN Emily	GER	PTF	2:0
british-open-2025	Senior Women -73kg	QF	319	GARCIA SUAREZ Helena	ESP	KRAMOH Courtney	GBR	PTF	2:0
british-open-2025	Senior Women -73kg	QF	320	ANDERSEN Jasmin	DEN	VALLO ZURDO Ane	ESP	PTF	2:0
british-open-2025	Senior Women -73kg	QF	321	MACKAY Ruby	GBR	MEYEUR MOUROT Elora	FRA	PTF	2:0
british-open-2025	Senior Women -73kg	SF	340	GARCIA SUAREZ Helena	ESP	MARTON Luana	HUN	PTF	2:1
british-open-2025	Senior Women -73kg	SF	341	MACKAY Ruby	GBR	ANDERSEN Jasmin	DEN	PTF	2:1
british-open-2025	Senior Women -73kg	F	351	GARCIA SUAREZ Helena	ESP	MACKAY Ruby	GBR	PTF	2:1
british-open-2025	Senior Women +73kg	QF	316	OUASSOU Mouna	FRA	HAWASH Dania	SWE	PTF	2:0
british-open-2025	Senior Women +73kg	QF	317	ROMAN TORRES Naishka	PUR	HIGNETT Elizabeth	GBR	PTF	2:0
british-open-2025	Senior Women +73kg	SF	338	WILLIAMS Lauren	GBR	OUASSOU Mouna	FRA	PTF	2:0
british-open-2025	Senior Women +73kg	SF	339	ROMAN TORRES Naishka	PUR	MOHAMMED Noor nazar	QAT	PTF	2:0
british-open-2025	Senior Women +73kg	F	350	WILLIAMS Lauren	GBR	ROMAN TORRES Naishka	PUR	PTF	2:0
european-club-championships-2025	Senior Men -54kg	R32	601	SALMANZADE Harun	AZE	HANAFY Fayez	EST	PTF	2:0
european-club-championships-2025	Senior Men -54kg	R32	602	MIRANDA Adrian	ECU	ROSCA Artiom	MDA	PTF	2:1
european-club-championships-2025	Senior Men -54kg	R32	603	ESSOBAI Mohamed	ESP	FONTINHA Andre	POR	PTF	2:0
european-club-championships-2025	Senior Men -54kg	R32	604	KAFATARIDIS Ioannis	GRE	LEHTINEN Valtteri	FIN	PTF	2:0
european-club-championships-2025	Senior Men -54kg	R16	613	GEORGIEV Hristiyan	BUL	SALMANZADE Harun	AZE	PTF	2:0
european-club-championships-2025	Senior Men -54kg	R16	614	MELIKYAN Aleks	ARM	DELGADO David	ESP	PTF	2:0
european-club-championships-2025	Senior Men -54kg	R16	615	MARWAN Mussa	SWE	CARRION COSTA Alejandro	ESP	PTF	2:0
european-club-championships-2025	Senior Men -54kg	R16	616	ZYWARSKI Filip	POL	MIRANDA Adrian	ECU	PTF	2:0
european-club-championships-2025	Senior Men -54kg	R16	617	OTERO SOUSA Javier	ESP	ESSOBAI Mohamed	ESP	PTF	2:0
european-club-championships-2025	Senior Men -54kg	R16	618	PSARROS Aristeidis nikolaos	GRE	DAVILA Adrian	ESP	PTF	2:0
european-club-championships-2025	Senior Men -54kg	R16	619	AL TOOQI Nibras	OMA	KAMKASOUMPHOU Aissa	FRA	PTF	2:0
european-club-championships-2025	Senior Men -54kg	R16	620	GUN Youngsuk Ethan	USA	KAFATARIDIS Ioannis	GRE	PTF	2:0
european-club-championships-2025	Senior Men -54kg	QF	625	GEORGIEV Hristiyan	BUL	MELIKYAN Aleks	ARM	PTF	2:0
european-club-championships-2025	Senior Men -54kg	QF	626	MARWAN Mussa	SWE	ZYWARSKI Filip	POL	PTF	2:0
european-club-championships-2025	Senior Men -54kg	QF	627	PSARROS Aristeidis nikolaos	GRE	OTERO SOUSA Javier	ESP	PTF	2:0
european-club-championships-2025	Senior Men -54kg	QF	628	GUN Youngsuk Ethan	USA	AL TOOQI Nibras	OMA	PTF	2:1
european-club-championships-2025	Senior Men -54kg	SF	631	GEORGIEV Hristiyan	BUL	MARWAN Mussa	SWE	PTF	2:0
european-club-championships-2025	Senior Men -54kg	SF	632	PSARROS Aristeidis nikolaos	GRE	GUN Youngsuk Ethan	USA	PTF	2:0
european-club-championships-2025	Senior Men -54kg	F	634	PSARROS Aristeidis nikolaos	GRE	GEORGIEV Hristiyan	BUL	PTF	2:0
european-club-championships-2025	Senior Men -58kg	R32	301	KHAZMALYAN Vahe	ARM	KAYA Kaan Nusret	TUR	PTF	2:0
european-club-championships-2025	Senior Men -58kg	R32	302	SERBETCI Nuri	TUR	ROSSOKHATYI Ruslan	UKR	PTF	2:0
european-club-championships-2025	Senior Men -58kg	R32	303	AMELHAYI Mehdi	FRA	ORTIZ GARCIA Pepe	ESP	PTF	2:1
european-club-championships-2025	Senior Men -58kg	R32	304	IOANNOU Stelios	CYP	GRAU GARCIA Jose antonio	ESP	PTF	2:0
european-club-championships-2025	Senior Men -58kg	R16	310	DIMITROPOULOS Konstantinos	GRE	KHAZMALYAN Vahe	ARM	PTF	2:0
european-club-championships-2025	Senior Men -58kg	R16	311	VIVES SAEZ Isaac	ESP	LOPES Tiago	POR	PTF	2:0
european-club-championships-2025	Senior Men -58kg	R16	312	DE DIOS JOSE Alex	ESP	DEMIR Berk Karan	TUR	PTF	2:0
european-club-championships-2025	Senior Men -58kg	R16	313	NOWAK Lukasz	POL	SERBETCI Nuri	TUR	PTF	2:1
european-club-championships-2025	Senior Men -58kg	R16	314	VASILIC Todor	SRB	AMELHAYI Mehdi	FRA	PTF	2:1
european-club-championships-2025	Senior Men -58kg	R16	315	USCOV Serghei	MDA	ANGHEL Mario ignacio	ESP	PTF	2:0
european-club-championships-2025	Senior Men -58kg	R16	316	ESCOLAR PARRA Ivan	ESP	DRAZKIEWICZ Igor	POL	PTF	2:0
european-club-championships-2025	Senior Men -58kg	R16	317	SIMPARA Youssouf	MLI	IOANNOU Stelios	CYP	PTF	2:0
european-club-championships-2025	Senior Men -58kg	QF	322	DIMITROPOULOS Konstantinos	GRE	VIVES SAEZ Isaac	ESP	PTF	2:0
european-club-championships-2025	Senior Men -58kg	QF	323	DE DIOS JOSE Alex	ESP	NOWAK Lukasz	POL	PTF	2:0
european-club-championships-2025	Senior Men -58kg	QF	324	VASILIC Todor	SRB	USCOV Serghei	MDA	PTF	2:1
european-club-championships-2025	Senior Men -58kg	QF	325	ESCOLAR PARRA Ivan	ESP	SIMPARA Youssouf	MLI	PTF	2:1
european-club-championships-2025	Senior Men -58kg	SF	328	DIMITROPOULOS Konstantinos	GRE	DE DIOS JOSE Alex	ESP	PTF	2:1
european-club-championships-2025	Senior Men -58kg	SF	329	VASILIC Todor	SRB	ESCOLAR PARRA Ivan	ESP	PTF	2:0
european-club-championships-2025	Senior Men -58kg	F	331	VASILIC Todor	SRB	DIMITROPOULOS Konstantinos	GRE	PTF	2:1
european-club-championships-2025	Senior Men -63kg	R32	101	SUSILUOTO Otto	FIN	CIFTCI Muhammed enes	TUR	PTF	2:1
european-club-championships-2025	Senior Men -63kg	R32	102	QUINONERO Daniel	ESP	LEMMENS Noah	BEL	PTF	2:0
european-club-championships-2025	Senior Men -63kg	R32	103	KHAMMERMAN Danil	UKR	MAIKOV Vladyslav	UKR	PTF	2:0
european-club-championships-2025	Senior Men -63kg	R32	201	ARECHABALA Inigo	ESP	PETRAKIS Nikolaos	GRE	PTF	2:0
european-club-championships-2025	Senior Men -63kg	R32	202	HUY Ethan	FRA	FLOURIS Iosif	CYP	PTF	2:0
european-club-championships-2025	Senior Men -63kg	R32	503	TZOURAS Georgios	GRE	VISINSKI Patrik	CRO	PTF	2:1
european-club-championships-2025	Senior Men -63kg	R32	504	MIRZOIEV Samir	UKR	VAN PASSEL Guillaume	BEL	PTF	2:0
european-club-championships-2025	Senior Men -63kg	R32	505	OGUZ Niklas kristiansen	NOR	ALAKBARLI Fuad	AZE	PTF	2:0
european-club-championships-2025	Senior Men -63kg	R32	506	MALLOL SORIANO Franc	ESP	LAMPRIS Georgios	GRE	PTF	2:1
european-club-championships-2025	Senior Men -63kg	R16	115	KORNEEV Lev	SRB	ARECHABALA Inigo	ESP	PTF	2:0
european-club-championships-2025	Senior Men -63kg	R16	116	HUY Ethan	FRA	SUSILUOTO Otto	FIN	PTF	2:0
european-club-championships-2025	Senior Men -63kg	R16	117	QUINONERO Daniel	ESP	DJONKO Ibrahim	BIH	PTF	2:0
european-club-championships-2025	Senior Men -63kg	R16	118	VICENTE YUNTA Adrian	ESP	KHAMMERMAN Danil	UKR	PTF	2:0
european-club-championships-2025	Senior Men -63kg	R16	516	JULES Nathan	FRA	TZOURAS Georgios	GRE	PTF	2:1
european-club-championships-2025	Senior Men -63kg	R16	517	MIRZOIEV Samir	UKR	SAFARYN Piotr	POL	PTF	2:0
european-club-championships-2025	Senior Men -63kg	R16	518	OGUZ Niklas kristiansen	NOR	TORKHANI Ibrahim ben ahmed	DEN	PTF	2:1
european-club-championships-2025	Senior Men -63kg	R16	519	COMPRELLE Enzo	FRA	MALLOL SORIANO Franc	ESP	PTF	2:0
european-club-championships-2025	Senior Men -63kg	QF	127	KORNEEV Lev	SRB	HUY Ethan	FRA	PTF	2:0
european-club-championships-2025	Senior Men -63kg	QF	128	VICENTE YUNTA Adrian	ESP	QUINONERO Daniel	ESP	PTF	2:0
european-club-championships-2025	Senior Men -63kg	QF	526	MIRZOIEV Samir	UKR	JULES Nathan	FRA	PTF	2:0
european-club-championships-2025	Senior Men -63kg	QF	527	OGUZ Niklas kristiansen	NOR	COMPRELLE Enzo	FRA	PTF	2:0
european-club-championships-2025	Senior Men -63kg	SF	134	VICENTE YUNTA Adrian	ESP	KORNEEV Lev	SRB	PTF	2:0
european-club-championships-2025	Senior Men -63kg	SF	531	MIRZOIEV Samir	UKR	OGUZ Niklas kristiansen	NOR	PTF	2:0
european-club-championships-2025	Senior Men -63kg	F	534	VICENTE YUNTA Adrian	ESP	MIRZOIEV Samir	UKR	PTF	2:0
european-club-championships-2025	Senior Men -68kg	R32	305	NTOMPROS Ioannis	GRE	FARMAKIS Ioannis alexandros	CYP	PTF	2:0
european-club-championships-2025	Senior Men -68kg	R32	306	MILAN CANOVAS Jorge	ESP	MYLLYNEN Niko	FIN	PTF	2:0
european-club-championships-2025	Senior Men -68kg	R32	307	LO Mouhamadou mansour	SEN	BIATETS Maksym	UKR	PTF	2:1
european-club-championships-2025	Senior Men -68kg	R32	308	VEGA GAITAN Rommel alejandro	ESP	ANDREOLI Gabriele	ITA	PTF	2:0
european-club-championships-2025	Senior Men -68kg	R32	309	MIRZOIEV Simur	UKR	MAKHOUKH Mazine	FRA	PTF	2:0
european-club-championships-2025	Senior Men -68kg	R32	507	JAKOBSEN Carl cai brink	DEN	HONCHAR Nikita	UKR	PTF	2:0
european-club-championships-2025	Senior Men -68kg	R32	508	SZUKALSKI Bartosz	POL	BERZINS Davids	LAT	PTF	2:0
european-club-championships-2025	Senior Men -68kg	R32	509	TOFT Joel	DEN	LAUCEVIČIUS Tadas	LTU	WDR	
european-club-championships-2025	Senior Men -68kg	R32	510	BARBARI Mahdi	GER	NIITMETS Keanu	EST	PTF	2:0
european-club-championships-2025	Senior Men -68kg	R32	511	SPANIDIS Konstantinos	GRE	HARRISON Ben	GBR	PTF	2:0
european-club-championships-2025	Senior Men -68kg	R16	318	NTOMPROS Ioannis	GRE	DJONKO Muhamed	BIH	PTF	2:1
european-club-championships-2025	Senior Men -68kg	R16	319	MANDIC Milos	SRB	MILAN CANOVAS Jorge	ESP	PTF	2:0
european-club-championships-2025	Senior Men -68kg	R16	320	LO Mouhamadou mansour	SEN	VEGA GAITAN Rommel alejandro	ESP	PTF	2:0
european-club-championships-2025	Senior Men -68kg	R16	321	BYSTROV Volodymyr	UKR	MIRZOIEV Simur	UKR	PTF	2:1
european-club-championships-2025	Senior Men -68kg	R16	520	KRAJISNIK Zarko	SRB	JAKOBSEN Carl cai brink	DEN	PTF	2:0
european-club-championships-2025	Senior Men -68kg	R16	521	TOFT Joel	DEN	SZUKALSKI Bartosz	POL	PTF	2:0
european-club-championships-2025	Senior Men -68kg	R16	522	SARR Matar	FRA	BARBARI Mahdi	GER	PTF	2:0
european-club-championships-2025	Senior Men -68kg	R16	523	CHRZANOWSKI Mateusz	POL	SPANIDIS Konstantinos	GRE	PTF	2:0
european-club-championships-2025	Senior Men -68kg	QF	326	MANDIC Milos	SRB	NTOMPROS Ioannis	GRE	PTF	2:0
european-club-championships-2025	Senior Men -68kg	QF	327	BYSTROV Volodymyr	UKR	LO Mouhamadou mansour	SEN	PTF	2:1
european-club-championships-2025	Senior Men -68kg	QF	528	KRAJISNIK Zarko	SRB	TOFT Joel	DEN	PTF	2:0
european-club-championships-2025	Senior Men -68kg	QF	529	CHRZANOWSKI Mateusz	POL	SARR Matar	FRA	PTF	2:1
european-club-championships-2025	Senior Men -68kg	SF	330	BYSTROV Volodymyr	UKR	MANDIC Milos	SRB	PTF	2:0
european-club-championships-2025	Senior Men -68kg	SF	532	CHRZANOWSKI Mateusz	POL	KRAJISNIK Zarko	SRB	PTF	2:1
european-club-championships-2025	Senior Men -68kg	F	535	CHRZANOWSKI Mateusz	POL	BYSTROV Volodymyr	UKR	PTF	2:0
european-club-championships-2025	Senior Men -74kg	R32	701	MANGUE GAYA Boubacar	NIG	SAHITI Mal	KOS	DSQ	1:0
european-club-championships-2025	Senior Men -74kg	R32	702	ZELENKO Vladyslav	UKR	POLCZYNSKI Adam	POL	PTF	2:1
european-club-championships-2025	Senior Men -74kg	R32	703	CAMMAERTS Andes	BEL	VILAR CONEJERO Francisco	ESP	PTF	2:0
european-club-championships-2025	Senior Men -74kg	R32	801	CEDRUN MARTINEZ Cesar	ESP	VESTERLUND Linus	SWE	PTF	2:0
european-club-championships-2025	Senior Men -74kg	R32	802	MARCHENKO Mykola	UKR	PUTNINS Girts	LAT	PTF	2:0
european-club-championships-2025	Senior Men -74kg	R32	803	PAN GARROTE Adrian	ESP	RASZKOWSKI Wiktor	POL	PTF	2:0
european-club-championships-2025	Senior Men -74kg	R32	804	BALAKA Artem	UKR	ALIAN Ali	SWE	PTF	2:0
european-club-championships-2025	Senior Men -74kg	R32	805	AGBOGBE SALANON Oswin	FRA	PANAGIOTIDIS Andronikos	GRE	PTF	2:0
european-club-championships-2025	Senior Men -74kg	R32	806	QUESADA BARRERA Daniel	ESP	HRYHORCHUK Andrii	UKR	PTF	2:0
european-club-championships-2025	Senior Men -74kg	R16	712	DAWOUD Omer	DEN	CEDRUN MARTINEZ Cesar	ESP	PTF	2:0
european-club-championships-2025	Senior Men -74kg	R16	713	MANGUE GAYA Boubacar	NIG	MARCHENKO Mykola	UKR	PTF	2:1
european-club-championships-2025	Senior Men -74kg	R16	714	ZELENKO Vladyslav	UKR	KORSAK Mykhailo	UKR	PTF	2:0
european-club-championships-2025	Senior Men -74kg	R16	715	DUGAC Grga	CRO	CAMMAERTS Andes	BEL	PTF	2:0
european-club-championships-2025	Senior Men -74kg	R16	816	HUSIC Benjamin	BIH	PAN GARROTE Adrian	ESP	PTF	2:0
european-club-championships-2025	Senior Men -74kg	R16	817	BALAKA Artem	UKR	MUSKEVITS Aleksandr	EST	PTF	2:0
european-club-championships-2025	Senior Men -74kg	R16	818	CUDNOCH Lukasz	POL	AGBOGBE SALANON Oswin	FRA	PTF	2:1
european-club-championships-2025	Senior Men -74kg	R16	819	QUESADA BARRERA Daniel	ESP	JORGENSEN Otto	DEN	PTF	2:0
european-club-championships-2025	Senior Men -74kg	QF	724	MANGUE GAYA Boubacar	NIG	DAWOUD Omer	DEN	PTF	2:1
european-club-championships-2025	Senior Men -74kg	QF	725	DUGAC Grga	CRO	ZELENKO Vladyslav	UKR	PTF	2:1
european-club-championships-2025	Senior Men -74kg	QF	826	HUSIC Benjamin	BIH	BALAKA Artem	UKR	PTF	2:0
european-club-championships-2025	Senior Men -74kg	QF	827	QUESADA BARRERA Daniel	ESP	CUDNOCH Lukasz	POL	PTF	2:0
european-club-championships-2025	Senior Men -74kg	SF	731	MANGUE GAYA Boubacar	NIG	DUGAC Grga	CRO	PTF	2:0
european-club-championships-2025	Senior Men -74kg	SF	831	HUSIC Benjamin	BIH	QUESADA BARRERA Daniel	ESP	PTF	2:0
european-club-championships-2025	Senior Men -74kg	F	834	MANGUE GAYA Boubacar	NIG	HUSIC Benjamin	BIH	PTF	2:0
european-club-championships-2025	Senior Men -80kg	R16	809	MENDY Mohamed	FRA	AKBABAOZ Muhammed buğrahan	RTA	PTF	2:1
european-club-championships-2025	Senior Men -80kg	R16	810	HURNOV Kyrylo	UKR	BARRUOL Uggo	FRA	PTF	2:0
european-club-championships-2025	Senior Men -80kg	R16	811	MILAN CANOVAS Juan antonio	ESP	CAMMAERTS Troy	BEL	PTF	2:1
european-club-championships-2025	Senior Men -80kg	R16	812	KOSTENEVYCH Kostiantyn	UKR	GASHI Jon	KOS	PTF	2:0
european-club-championships-2025	Senior Men -80kg	R16	813	HOERMANN Vincent	GER	YEFIMOV Oleksandr	UKR	PTF	2:1
european-club-championships-2025	Senior Men -80kg	R16	814	THUNE Sebastian	NOR	BENITEZ DONATE Alejandro	ESP	PTF	2:0
european-club-championships-2025	Senior Men -80kg	R16	815	COULIBALY Ismael	MLI	GALLAND Warrick	SUI	PTF	2:0
european-club-championships-2025	Senior Men -80kg	QF	822	KOVACIC Oscar	CRO	MENDY Mohamed	FRA	PTF	2:0
european-club-championships-2025	Senior Men -80kg	QF	823	HURNOV Kyrylo	UKR	MILAN CANOVAS Juan antonio	ESP	PTF	2:0
european-club-championships-2025	Senior Men -80kg	QF	824	KOSTENEVYCH Kostiantyn	UKR	HOERMANN Vincent	GER	PTF	2:0
european-club-championships-2025	Senior Men -80kg	QF	825	COULIBALY Ismael	MLI	THUNE Sebastian	NOR	PTF	2:1
european-club-championships-2025	Senior Men -80kg	SF	829	HURNOV Kyrylo	UKR	KOVACIC Oscar	CRO	PTF	2:0
european-club-championships-2025	Senior Men -80kg	SF	830	KOSTENEVYCH Kostiantyn	UKR	COULIBALY Ismael	MLI	PTF	2:0
european-club-championships-2025	Senior Men -80kg	F	833	HURNOV Kyrylo	UKR	KOSTENEVYCH Kostiantyn	UKR	PTF	2:0
european-club-championships-2025	Senior Men -87kg	R16	413	VOLGIN Ilja	EST	EL Ayoub	ESP	PTF	2:0
european-club-championships-2025	Senior Men -87kg	QF	422	NUCI Erol	BIH	VOLGIN Ilja	EST	RSC	1:1
european-club-championships-2025	Senior Men -87kg	QF	423	BRANTUŠA Roko	CRO	AMER ALI Hassan	DEN	DSQ	2:0
european-club-championships-2025	Senior Men -87kg	QF	424	MEHNANA Nahil	FRA	DOGRU Munir furkan	TUR	PTF	2:0
european-club-championships-2025	Senior Men -87kg	QF	425	HARBAR Artem	UKR	SASMAZTIN Ege	TUR	PTF	2:0
european-club-championships-2025	Senior Men -87kg	SF	430	NUCI Erol	BIH	BRANTUŠA Roko	CRO	WDR	
european-club-championships-2025	Senior Men -87kg	SF	431	HARBAR Artem	UKR	MEHNANA Nahil	FRA	RSC	2:0
european-club-championships-2025	Senior Men -87kg	F	434	HARBAR Artem	UKR	NUCI Erol	BIH	PTF	2:0
european-club-championships-2025	Senior Men +87kg	R16	707	POLLET Manuel	BEL	POPOV Theodoros	CYP	PTF	2:0
european-club-championships-2025	Senior Men +87kg	R16	708	MANEA Robert	GER	AGBOGBE-SALANON Osmund	FRA	PTF	2:1
european-club-championships-2025	Senior Men +87kg	R16	709	ANDREOU Petros	CYP	BRADING Rasmus	SWE	PTF	2:0
european-club-championships-2025	Senior Men +87kg	R16	710	VALENTE Tivini	FPO	GIL LETAMENDI Ander	ESP	PTF	2:0
european-club-championships-2025	Senior Men +87kg	R16	711	MEDIAVILLA Ivan	ESP	TOLEDO OLIVEIRA Bruno henriques	BRA	PTF	2:0
european-club-championships-2025	Senior Men +87kg	QF	720	CORREDOR Raul	ESP	POLLET Manuel	BEL	PTF	2:0
european-club-championships-2025	Senior Men +87kg	QF	721	ANDREOU Petros	CYP	MANEA Robert	GER	PTF	2:0
european-club-championships-2025	Senior Men +87kg	QF	722	GARCIA MARTINEZ Ivan	ESP	VALENTE Tivini	FPO	PTF	2:0
european-club-championships-2025	Senior Men +87kg	QF	723	MEDIAVILLA Ivan	ESP	GOMIS Paivou johnouario	GBS	PTF	2:1
european-club-championships-2025	Senior Men +87kg	SF	729	ANDREOU Petros	CYP	CORREDOR Raul	ESP	PTF	2:0
european-club-championships-2025	Senior Men +87kg	SF	730	GARCIA MARTINEZ Ivan	ESP	MEDIAVILLA Ivan	ESP	PTF	2:0
european-club-championships-2025	Senior Men +87kg	F	733	GARCIA MARTINEZ Ivan	ESP	ANDREOU Petros	CYP	PTF	2:0
european-club-championships-2025	Senior Women -46kg	R16	605	MAKAS Dzejla	BIH	KRASKA Maja	POL	PTF	2:0
european-club-championships-2025	Senior Women -46kg	R16	606	SHVARTS Olha	UKR	GARCIES I SALA Lluisa	ESP	PTF	2:1
european-club-championships-2025	Senior Women -46kg	R16	607	GAYE Serrah	FRA	VAZQUEZ KABDUR Ariadna	ESP	PTF	2:0
european-club-championships-2025	Senior Women -46kg	R16	608	GEORGIOU Melina	GRE	TAMMILA Ada-emilia	FIN	PTF	2:0
european-club-championships-2025	Senior Women -46kg	R16	609	TAMMILA Ida-elina	FIN	MAJLUND Sofia	FIN	PTF	2:0
european-club-championships-2025	Senior Women -46kg	R16	610	GARCIA MARTINEZ Laura	ESP	MORENO MUNOZ Erkuden jinxin	ESP	PTF	2:0
european-club-championships-2025	Senior Women -46kg	R16	611	NIKOLAJEVA Stefani	EST	KODAMAN Helin	GER	PTF	2:0
european-club-championships-2025	Senior Women -46kg	R16	612	BARROSO Kiara	POR	CHORNUKHA Mariia	UKR	PTF	2:0
european-club-championships-2025	Senior Women -46kg	QF	621	MAKAS Dzejla	BIH	SHVARTS Olha	UKR	PTF	2:0
european-club-championships-2025	Senior Women -46kg	QF	622	GAYE Serrah	FRA	GEORGIOU Melina	GRE	PTF	2:0
european-club-championships-2025	Senior Women -46kg	QF	623	TAMMILA Ida-elina	FIN	GARCIA MARTINEZ Laura	ESP	PTF	2:1
european-club-championships-2025	Senior Women -46kg	QF	624	NIKOLAJEVA Stefani	EST	BARROSO Kiara	POR	PTF	2:0
european-club-championships-2025	Senior Women -46kg	SF	629	MAKAS Dzejla	BIH	GAYE Serrah	FRA	PTF	2:1
european-club-championships-2025	Senior Women -46kg	SF	630	TAMMILA Ida-elina	FIN	NIKOLAJEVA Stefani	EST	PTF	2:0
european-club-championships-2025	Senior Women -46kg	F	633	MAKAS Dzejla	BIH	TAMMILA Ida-elina	FIN	PTF	2:0
european-club-championships-2025	Senior Women -49kg	R16	205	BOKAN Andrea	SRB	FOFANA Mah teninba	FRA	PTF	2:0
european-club-championships-2025	Senior Women -49kg	R16	206	BOUROGIANNI Konstantina eleni	GRE	YILDIZ Gonca	TUR	PTF	2:0
european-club-championships-2025	Senior Women -49kg	R16	207	SARGANTANI Charikleia	GRE	KRAJEWSKA Nikola	POL	PTF	2:1
european-club-championships-2025	Senior Women -49kg	R16	208	KRAJEWSKA Alicja	POL	NSANGU MORALES June	ESP	PTF	2:1
european-club-championships-2025	Senior Women -49kg	R16	209	LINAN PARDO Naiara	AND	RUIZ ROSELL Alba	ESP	PTF	2:0
european-club-championships-2025	Senior Women -49kg	R16	210	KAMKASOUMPHOU Maysane	FRA	KARYDI Melina	GRE	PTF	2:0
european-club-championships-2025	Senior Women -49kg	R16	211	CHOI Ashley	USA	RAMO Jenna	FIN	PTF	2:0
european-club-championships-2025	Senior Women -49kg	R16	212	GEORGIEVA Aleksandra	BUL	JANUSAUSKAITE Ugne	LTU	PTF	2:0
european-club-championships-2025	Senior Women -49kg	QF	221	BOKAN Andrea	SRB	BOUROGIANNI Konstantina eleni	GRE	PTF	2:0
european-club-championships-2025	Senior Women -49kg	QF	223	KRAJEWSKA Alicja	POL	SARGANTANI Charikleia	GRE	PTF	2:0
european-club-championships-2025	Senior Women -49kg	QF	224	LINAN PARDO Naiara	AND	KAMKASOUMPHOU Maysane	FRA	PTF	2:1
european-club-championships-2025	Senior Women -49kg	QF	225	GEORGIEVA Aleksandra	BUL	CHOI Ashley	USA	PTF	2:0
european-club-championships-2025	Senior Women -49kg	SF	230	BOKAN Andrea	SRB	KRAJEWSKA Alicja	POL	PTF	2:0
european-club-championships-2025	Senior Women -49kg	SF	231	GEORGIEVA Aleksandra	BUL	LINAN PARDO Naiara	AND	PTF	2:0
european-club-championships-2025	Senior Women -49kg	F	234	GEORGIEVA Aleksandra	BUL	BOKAN Andrea	SRB	PTF	2:0
european-club-championships-2025	Senior Women -53kg	R32	203	MORA DOMINGUEZ Margarita	ESP	RENTERIA PEREZ Maialen	ESP	PTF	2:0
european-club-championships-2025	Senior Women -53kg	R32	204	HOY Lily	GBR	SEGREDAKI Elpida evangelia	GRE	PTF	2:0
european-club-championships-2025	Senior Women -53kg	R16	213	AVDAGIC Ada	BIH	MORA DOMINGUEZ Margarita	ESP	PTF	2:0
european-club-championships-2025	Senior Women -53kg	R16	214	KAMKASOUMPHOU Lenya	FRA	IBARS ALCANTARA Anna	ESP	PTF	2:0
european-club-championships-2025	Senior Women -53kg	R16	215	ASIMI Adiba	GER	DE FAZIO Ioanna	GRE	PTF	2:0
european-club-championships-2025	Senior Women -53kg	R16	216	SPEHAR Lea	CRO	OLESZCZUK Lucja	POL	PTF	2:1
european-club-championships-2025	Senior Women -53kg	R16	217	RABAUT Elien	BEL	GEORGIADOU Gesthimani	GRE	PTF	2:0
european-club-championships-2025	Senior Women -53kg	R16	218	KRAISNIK Katarina	BIH	KHOBTAR Sofiia	UKR	PTF	2:1
european-club-championships-2025	Senior Women -53kg	R16	219	PAGANI Iris vasiliki	GRE	BUTTARELLI Aurelie	FRA	PTF	2:1
european-club-championships-2025	Senior Women -53kg	R16	220	GIRE Ines	FRA	HOY Lily	GBR	PTF	2:0
european-club-championships-2025	Senior Women -53kg	QF	226	AVDAGIC Ada	BIH	KAMKASOUMPHOU Lenya	FRA	PTF	2:0
european-club-championships-2025	Senior Women -53kg	QF	227	SPEHAR Lea	CRO	ASIMI Adiba	GER	PTF	2:1
european-club-championships-2025	Senior Women -53kg	QF	228	KRAISNIK Katarina	BIH	RABAUT Elien	BEL	PTF	2:0
european-club-championships-2025	Senior Women -53kg	QF	229	PAGANI Iris vasiliki	GRE	GIRE Ines	FRA	PTF	2:1
european-club-championships-2025	Senior Women -53kg	SF	232	AVDAGIC Ada	BIH	SPEHAR Lea	CRO	PTF	2:0
european-club-championships-2025	Senior Women -53kg	SF	233	KRAISNIK Katarina	BIH	PAGANI Iris vasiliki	GRE	PTF	2:1
european-club-championships-2025	Senior Women -53kg	F	235	AVDAGIC Ada	BIH	KRAISNIK Katarina	BIH	PTF	2:0
european-club-championships-2025	Senior Women -57kg	R32	104	KRIATSIOTI Anna maria	GRE	GEORGIOU Angeliki	GRE	PTF	2:0
european-club-championships-2025	Senior Women -57kg	R32	105	DULGER Elif Sudem	TUR	DANIEL Marrin	EST	PTF	2:0
european-club-championships-2025	Senior Women -57kg	R32	106	HEBBAR Nisrin	FRA	RADAK Teodora	SRB	PTF	2:0
european-club-championships-2025	Senior Women -57kg	R32	107	TEGGERI Markella	CYP	RAVASKA Inka	FIN	PTF	2:0
european-club-championships-2025	Senior Women -57kg	R32	108	LISOWSKA Nikol	POL	VASILIADOU Eleni	CYP	PTF	2:0
european-club-championships-2025	Senior Women -57kg	R32	408	KICINSKA Klaudia	POL	GHANNAM Maria	DEN	PTF	2:0
european-club-championships-2025	Senior Women -57kg	R32	409	RASMUSSEN Caroline Bjerring	DEN	HEINONEN Vilhelmiina	FIN	PTF	2:0
european-club-championships-2025	Senior Women -57kg	R32	410	KOSTENEVYCH Darya	UKR	KRAJEWSKA Agnieszka	POL	PTF	2:0
european-club-championships-2025	Senior Women -57kg	R32	411	TVARONAVICIUTE Klaudija	LTU	VAN PASSEL Amelie	BEL	PTF	2:0
european-club-championships-2025	Senior Women -57kg	R32	412	MICHALOPOULOU Kyriaki	GRE	MAHNU Mariam	DEN	PTF	2:0
european-club-championships-2025	Senior Women -57kg	R16	119	KRIATSIOTI Anna maria	GRE	VUKIC Margarita	CRO	PTF	2:1
european-club-championships-2025	Senior Women -57kg	R16	120	HEBBAR Nisrin	FRA	DULGER Elif Sudem	TUR	PTF	2:0
european-club-championships-2025	Senior Women -57kg	R16	121	TORRES TENA Elena	ESP	TEGGERI Markella	CYP	PTF	2:1
european-club-championships-2025	Senior Women -57kg	R16	122	LISOWSKA Nikol	POL	MAKRYGIANNI Athina	GRE	PTF	2:0
european-club-championships-2025	Senior Women -57kg	R16	418	BANGURA Aisha	GER	KICINSKA Klaudia	POL	PTF	2:1
european-club-championships-2025	Senior Women -57kg	R16	419	HAMZIC Dzejna	BIH	RASMUSSEN Caroline Bjerring	DEN	PTF	2:0
european-club-championships-2025	Senior Women -57kg	R16	420	KOSTENEVYCH Darya	UKR	TVARONAVICIUTE Klaudija	LTU	PTF	2:1
european-club-championships-2025	Senior Women -57kg	R16	421	VITKO YULIYA	RTA	MICHALOPOULOU Kyriaki	GRE	PTF	2:0
european-club-championships-2025	Senior Women -57kg	QF	129	HEBBAR Nisrin	FRA	KRIATSIOTI Anna maria	GRE	PTF	2:0
european-club-championships-2025	Senior Women -57kg	QF	130	TORRES TENA Elena	ESP	LISOWSKA Nikol	POL	PTF	2:1
european-club-championships-2025	Senior Women -57kg	QF	428	HAMZIC Dzejna	BIH	BANGURA Aisha	GER	PTF	2:0
european-club-championships-2025	Senior Women -57kg	QF	429	KOSTENEVYCH Darya	UKR	VITKO YULIYA	RTA	PTF	2:0
european-club-championships-2025	Senior Women -57kg	SF	133	TORRES TENA Elena	ESP	HEBBAR Nisrin	FRA	PTF	2:0
european-club-championships-2025	Senior Women -57kg	SF	433	KOSTENEVYCH Darya	UKR	HAMZIC Dzejna	BIH	PTF	2:1
european-club-championships-2025	Senior Women -57kg	F	435	TORRES TENA Elena	ESP	KOSTENEVYCH Darya	UKR	WDR	1:0
european-club-championships-2025	Senior Women -62kg	R32	401	STUPAK Kateryna	UKR	SJOVALL Mira	FIN	PTF	2:0
european-club-championships-2025	Senior Women -62kg	R32	402	SEVO Tamara	SRB	CHRISTOU Eftichia	CYP	PTF	2:0
european-club-championships-2025	Senior Women -62kg	R32	403	TORRENTS QUERA Martina	ESP	MARTINEZ FEIJOO Erika	ESP	PTF	2:0
european-club-championships-2025	Senior Women -62kg	R32	404	BUGARINOVIC Ema	CRO	MOCALINA Vladislava	LAT	PTF	2:0
european-club-championships-2025	Senior Women -62kg	R32	405	LANGOUSTE-ASSOUMAYA Lyhana	FRA	BAHRI Elae	NOR	PTF	2:0
european-club-championships-2025	Senior Women -62kg	R32	406	LABUZOVA Mariia	UKR	HOVHANNISYAN Meline	ARM	PTF	2:0
european-club-championships-2025	Senior Women -62kg	R32	407	BOUBACIR Madeenah	FRA	KRAINOVA Marharyta	UKR	PTF	2:0
european-club-championships-2025	Senior Women -62kg	R32	501	RAAGMETS Carmen	EST	DAGNET Miliane haizel	FRA	PTF	2:1
european-club-championships-2025	Senior Women -62kg	R32	502	VAN WIJNGAARDEN Jada	ESP	UNZUETA LOPEZ Olatz	ESP	PTF	2:0
european-club-championships-2025	Senior Women -62kg	R16	414	ARELIC Ivana	CRO	TORRENTS QUERA Martina	ESP	PTF	2:1
european-club-championships-2025	Senior Women -62kg	R16	415	LANGOUSTE-ASSOUMAYA Lyhana	FRA	BUGARINOVIC Ema	CRO	PTF	2:1
european-club-championships-2025	Senior Women -62kg	R16	416	ORTIZ BENITO Arlet	ESP	LABUZOVA Mariia	UKR	PTF	2:0
european-club-championships-2025	Senior Women -62kg	R16	417	SZPAK Julia	POL	BOUBACIR Madeenah	FRA	PTF	2:0
european-club-championships-2025	Senior Women -62kg	R16	512	DOUCET Teeyah	FRA	STUPAK Kateryna	UKR	PTF	2:0
european-club-championships-2025	Senior Women -62kg	R16	513	BLITEK Cloe	FRA	SEVO Tamara	SRB	PTF	2:1
european-club-championships-2025	Senior Women -62kg	R16	514	MARIC Ela	SRB	RAAGMETS Carmen	EST	PTF	2:0
european-club-championships-2025	Senior Women -62kg	R16	515	MESTROVIC Dora	CRO	VAN WIJNGAARDEN Jada	ESP	PTF	2:0
european-club-championships-2025	Senior Women -62kg	QF	426	ARELIC Ivana	CRO	LANGOUSTE-ASSOUMAYA Lyhana	FRA	PTF	2:0
european-club-championships-2025	Senior Women -62kg	QF	427	ORTIZ BENITO Arlet	ESP	SZPAK Julia	POL	PTF	2:0
european-club-championships-2025	Senior Women -62kg	QF	524	BLITEK Cloe	FRA	DOUCET Teeyah	FRA	PTF	2:0
european-club-championships-2025	Senior Women -62kg	QF	525	MARIC Ela	SRB	MESTROVIC Dora	CRO	PTF	2:1
european-club-championships-2025	Senior Women -62kg	SF	432	ARELIC Ivana	CRO	ORTIZ BENITO Arlet	ESP	PTF	2:0
european-club-championships-2025	Senior Women -62kg	SF	530	MARIC Ela	SRB	BLITEK Cloe	FRA	PTF	2:0
european-club-championships-2025	Senior Women -62kg	F	533	ARELIC Ivana	CRO	MARIC Ela	SRB	PTF	2:1
european-club-championships-2025	Senior Women -67kg	R16	109	SARVANAKI Theopoula	GRE	FABER Isabelle	LUX	PTF	2:0
european-club-championships-2025	Senior Women -67kg	R16	110	KLEPAC Nika	CRO	BOUGHRARA Chahrazed	FIN	PTF	2:0
european-club-championships-2025	Senior Women -67kg	R16	111	YOUKOUBOVA Karina	FRA	CASPERSSON Alva	SWE	PTF	2:0
european-club-championships-2025	Senior Women -67kg	R16	112	HADDAD Khalida	FRA	KRUSH Diana	UKR	PTF	2:0
european-club-championships-2025	Senior Women -67kg	R16	113	TOMCZAK Tatiana	POL	MYSZKA Daria	POL	PTF	2:0
european-club-championships-2025	Senior Women -67kg	R16	114	DIAKITE Bintou	FRA	NILSEN Mari romundset	NOR	PTF	2:0
european-club-championships-2025	Senior Women -67kg	QF	123	MARENTAKI Styliani	GRE	SARVANAKI Theopoula	GRE	PTF	2:1
european-club-championships-2025	Senior Women -67kg	QF	124	KLEPAC Nika	CRO	YOUKOUBOVA Karina	FRA	PTF	2:0
european-club-championships-2025	Senior Women -67kg	QF	125	HADDAD Khalida	FRA	TOMCZAK Tatiana	POL	PTF	2:0
european-club-championships-2025	Senior Women -67kg	QF	126	ANYANACHO Elizabeth oluchi	NGR	DIAKITE Bintou	FRA	PTF	2:0
european-club-championships-2025	Senior Women -67kg	SF	131	MARENTAKI Styliani	GRE	KLEPAC Nika	CRO	PTF	2:0
european-club-championships-2025	Senior Women -67kg	SF	132	ANYANACHO Elizabeth oluchi	NGR	HADDAD Khalida	FRA	PTF	2:1
european-club-championships-2025	Senior Women -67kg	F	135	ANYANACHO Elizabeth oluchi	NGR	MARENTAKI Styliani	GRE	PTF	2:0
european-club-championships-2025	Senior Women -73kg	R16	704	NTOVA Eirini	GRE	MORAN ROMERO Belen	ESP	PTF	2:0
european-club-championships-2025	Senior Women -73kg	R16	705	OSSIN Kimi laurene	CIV	ARISTOTELOUS Rafaella	CYP	PTF	2:0
european-club-championships-2025	Senior Women -73kg	R16	706	TARVIDA Jolanta	LAT	VALLO ZURDO Ane	ESP	PTF	2:0
european-club-championships-2025	Senior Women -73kg	R16	807	NOWAK Julia	POL	DUMINA Mariia	UKR	PTF	2:1
european-club-championships-2025	Senior Women -73kg	R16	808	ANDERSEN Jasmin	DEN	KUCHERIAVA Polina	UKR	PTF	2:0
european-club-championships-2025	Senior Women -73kg	QF	718	BOZANIC Nadica	SRB	NTOVA Eirini	GRE	PTF	2:0
european-club-championships-2025	Senior Women -73kg	QF	719	OSSIN Kimi laurene	CIV	TARVIDA Jolanta	LAT	PTF	2:0
european-club-championships-2025	Senior Women -73kg	QF	820	GARCIA SUAREZ Helena	ESP	NOWAK Julia	POL	PTF	2:0
european-club-championships-2025	Senior Women -73kg	QF	821	ANDERSEN Jasmin	DEN	HOERMANN Emily	GER	PTF	2:0
european-club-championships-2025	Senior Women -73kg	SF	728	BOZANIC Nadica	SRB	OSSIN Kimi laurene	CIV	PTF	2:1
european-club-championships-2025	Senior Women -73kg	SF	828	GARCIA SUAREZ Helena	ESP	ANDERSEN Jasmin	DEN	PTF	2:0
european-club-championships-2025	Senior Women -73kg	F	832	GARCIA SUAREZ Helena	ESP	BOZANIC Nadica	SRB	PTF	2:0
european-club-championships-2025	Senior Women +73kg	QF	716	KUTS Mariia	UKR	HAWASH Dania	SWE	PTF	2:0
european-club-championships-2025	Senior Women +73kg	QF	717	HELVIGA Viktorija	LAT	GIL LETAMENDI Ainhize	ESP	PTF	2:0
european-club-championships-2025	Senior Women +73kg	SF	726	KUTS Mariia	UKR	HAMADACHE Emna	FRA	PTF	2:1
european-club-championships-2025	Senior Women +73kg	SF	727	HELVIGA Viktorija	LAT	PEREZ MANZANO Violeta	ESP	PTF	2:0
european-club-championships-2025	Senior Women +73kg	F	732	KUTS Mariia	UKR	HELVIGA Viktorija	LAT	PTF	2:1
tallinn-open-2025	Senior Men -54kg	R32	203	MAJCZYNA Bartosz	POL	LEHTINEN Valtteri	FIN	PTF	2:0
tallinn-open-2025	Senior Men -54kg	R16	205	AL TOOQI Nibras	OMA	OWEN Haddad	FRA	PTF	2:0
tallinn-open-2025	Senior Men -54kg	R16	206	CARRION COSTA Alejandro	ESP	KAMKASSOUMPHOU Aissa	FRA	PTF	2:0
tallinn-open-2025	Senior Men -54kg	R16	207	AGENJO TRIGOS Jairo	ESP	MAJCZYNA Bartosz	POL	PTF	2:0
tallinn-open-2025	Senior Men -54kg	R16	208	MARWAN Mussa	SWE	YIGIT Hakan	DEN	PTF	2:0
tallinn-open-2025	Senior Men -54kg	R16	209	OTERO SOUSA Javier	ESP	SALMANZADE Harun	AZE	PTF	2:0
tallinn-open-2025	Senior Men -54kg	R16	210	MIRANDA Adrian	ECU	DELGADO David	ESP	PTF	2:0
tallinn-open-2025	Senior Men -54kg	R16	211	DAVILA Adrian	ESP	MELIKYAN Aleks	ARM	PTF	2:0
tallinn-open-2025	Senior Men -54kg	R16	212	GUN Youngsuk Ethan	USA	HANAFY Fayez	EST	PTF	2:0
tallinn-open-2025	Senior Men -54kg	QF	217	AGENJO TRIGOS Jairo	ESP	CARRION COSTA Alejandro	ESP	PTF	2:0
tallinn-open-2025	Senior Men -54kg	QF	218	AL TOOQI Nibras	OMA	MARWAN Mussa	SWE	PTF	2:0
tallinn-open-2025	Senior Men -54kg	QF	219	OTERO SOUSA Javier	ESP	MIRANDA Adrian	ECU	PTF	2:0
tallinn-open-2025	Senior Men -54kg	QF	220	GUN Youngsuk Ethan	USA	DAVILA Adrian	ESP	PTF	2:0
tallinn-open-2025	Senior Men -54kg	SF	223	AGENJO TRIGOS Jairo	ESP	AL TOOQI Nibras	OMA	PTF	2:1
tallinn-open-2025	Senior Men -54kg	SF	224	GUN Youngsuk Ethan	USA	OTERO SOUSA Javier	ESP	PTF	2:0
tallinn-open-2025	Senior Men -54kg	F	226	GUN Youngsuk Ethan	USA	AGENJO TRIGOS Jairo	ESP	PTF	2:1
tallinn-open-2025	Senior Men -58kg	R32	603	ESCOLAR PARRA Ivan	ESP	KHAZMALYAN Vahe	ARM	PTF	2:0
tallinn-open-2025	Senior Men -58kg	R32	604	TORRE Elia	ITA	GRAU GARCIA Jose antonio	ESP	PTF	2:0
tallinn-open-2025	Senior Men -58kg	R32	702	AMELHAYI Mehdi	FRA	MAJCZYNA Karol	POL	PTF	2:0
tallinn-open-2025	Senior Men -58kg	R32	703	KOUDSI Raphael	LBN	IOANNOU Stelios	CYP	PTF	2:0
tallinn-open-2025	Senior Men -58kg	R16	612	ESCOLAR PARRA Ivan	ESP	NOWAK Lukasz	POL	PTF	2:0
tallinn-open-2025	Senior Men -58kg	R16	613	MARWAN Ebrahim	SWE	ALESIO Sebastien	FRA	PTF	2:0
tallinn-open-2025	Senior Men -58kg	R16	614	DRAZKIEWICZ Igor	POL	FARNES Ricki Gene	DEN	PTF	2:0
tallinn-open-2025	Senior Men -58kg	R16	615	VASILIC Todor	SRB	TORRE Elia	ITA	PTF	2:1
tallinn-open-2025	Senior Men -58kg	R16	710	SIMPARA Youssouf	MLI	AMELHAYI Mehdi	FRA	PTF	2:0
tallinn-open-2025	Senior Men -58kg	R16	711	ARILLO VAZQUEZ Hugo	ESP	LOPES Tiago	POR	PTF	2:0
tallinn-open-2025	Senior Men -58kg	R16	712	USCOV Serghei	MDA	JAMSHIDI Sonil	DEN	PTF	2:0
tallinn-open-2025	Senior Men -58kg	R16	713	KOUDSI Raphael	LBN	BEDART Samuel	FRA	DSQ	
tallinn-open-2025	Senior Men -58kg	QF	622	MARWAN Ebrahim	SWE	ESCOLAR PARRA Ivan	ESP	PTF	2:0
tallinn-open-2025	Senior Men -58kg	QF	623	VASILIC Todor	SRB	DRAZKIEWICZ Igor	POL	PTF	2:0
tallinn-open-2025	Senior Men -58kg	QF	720	ARILLO VAZQUEZ Hugo	ESP	SIMPARA Youssouf	MLI	PTF	2:1
tallinn-open-2025	Senior Men -58kg	QF	721	KOUDSI Raphael	LBN	USCOV Serghei	MDA	PTF	2:0
tallinn-open-2025	Senior Men -58kg	SF	627	VASILIC Todor	SRB	MARWAN Ebrahim	SWE	WDR	
tallinn-open-2025	Senior Men -58kg	SF	725	ARILLO VAZQUEZ Hugo	ESP	KOUDSI Raphael	LBN	PTF	2:0
tallinn-open-2025	Senior Men -58kg	F	728	ARILLO VAZQUEZ Hugo	ESP	VASILIC Todor	SRB	PTF	2:0
tallinn-open-2025	Senior Men -63kg	R32	601	ALAKBARLI Fuad	AZE	VAN PASSEL Guillaume	BEL	DSQ	
tallinn-open-2025	Senior Men -63kg	R32	602	NDIAYE Leopold	FRA	LAMPRIS Georgios	GRE	PTF	2:1
tallinn-open-2025	Senior Men -63kg	R32	701	LEMMENS Noah	BEL	FLOURIS Iosif	CYP	PTF	2:0
tallinn-open-2025	Senior Men -63kg	R16	608	BORGEN Kristian storsul	NOR	ALAKBARLI Fuad	AZE	PTF	2:0
tallinn-open-2025	Senior Men -63kg	R16	609	TORKHANI Ibrahim ben ahmed	DEN	HUY Ethan	FRA	PTF	2:1
tallinn-open-2025	Senior Men -63kg	R16	610	KHAMMERMAN Danil	UKR	DJONKO Ibrahim	BIH	PTF	2:0
tallinn-open-2025	Senior Men -63kg	R16	611	VICENTE YUNTA Adrian	ESP	VISINSKI Patrik	CRO	PTF	2:0
tallinn-open-2025	Senior Men -63kg	R16	706	JULES Nathan	FRA	NDIAYE Leopold	FRA	PTF	2:0
tallinn-open-2025	Senior Men -63kg	R16	707	SAFARYN Piotr	POL	QUINONERO Daniel	ESP	PTF	2:0
tallinn-open-2025	Senior Men -63kg	R16	708	SUSILUOTO Otto	FIN	MARTINS Alfredo	POR	PTF	2:0
tallinn-open-2025	Senior Men -63kg	R16	709	KORNEEV Lev	SRB	LEMMENS Noah	BEL	PTF	2:0
tallinn-open-2025	Senior Men -63kg	QF	620	BORGEN Kristian storsul	NOR	TORKHANI Ibrahim ben ahmed	DEN	PTF	2:1
tallinn-open-2025	Senior Men -63kg	QF	621	VICENTE YUNTA Adrian	ESP	KHAMMERMAN Danil	UKR	PTF	2:0
tallinn-open-2025	Senior Men -63kg	QF	718	JULES Nathan	FRA	SAFARYN Piotr	POL	PTF	2:0
tallinn-open-2025	Senior Men -63kg	QF	719	KORNEEV Lev	SRB	SUSILUOTO Otto	FIN	PTF	2:0
tallinn-open-2025	Senior Men -63kg	SF	626	VICENTE YUNTA Adrian	ESP	BORGEN Kristian storsul	NOR	PTF	2:0
tallinn-open-2025	Senior Men -63kg	SF	724	JULES Nathan	FRA	KORNEEV Lev	SRB	PTF	2:0
tallinn-open-2025	Senior Men -63kg	F	727	VICENTE YUNTA Adrian	ESP	JULES Nathan	FRA	PTF	2:0
tallinn-open-2025	Senior Men -68kg	R32	501	MYLLYNEN Niko	FIN	LAUCEVIČIUS Tadas	LTU	WDR	
tallinn-open-2025	Senior Men -68kg	R32	502	RIBBESTAD Markus	SWE	MAKHOUKH Mazine	FRA	PTF	2:0
tallinn-open-2025	Senior Men -68kg	R32	503	LO Mouhamadou mansour	SEN	NIITMETS Keanu	EST	PTF	2:0
tallinn-open-2025	Senior Men -68kg	R16	507	KRAJISNIK Zarko	SRB	MYLLYNEN Niko	FIN	PTF	2:0
tallinn-open-2025	Senior Men -68kg	R16	508	SZUKALSKI Bartosz	POL	STAU HANSEN Max	DEN	PTF	2:0
tallinn-open-2025	Senior Men -68kg	R16	509	SARR Matar	FRA	HARRISON Ben	GBR	PTF	2:0
tallinn-open-2025	Senior Men -68kg	R16	510	CHRZANOWSKI Mateusz	POL	JAKOBSEN Carl cai brink	DEN	PTF	2:0
tallinn-open-2025	Senior Men -68kg	R16	511	DJONKO Muhamed	BIH	RIBBESTAD Markus	SWE	PTF	2:0
tallinn-open-2025	Senior Men -68kg	R16	512	MANDIC Milos	SRB	FARMAKIS Ioannis alexandros	CYP	PTF	2:0
tallinn-open-2025	Senior Men -68kg	R16	513	BIATETS Maksym	UKR	MILAN CANOVAS Jorge	ESP	WDR	
tallinn-open-2025	Senior Men -68kg	R16	514	LO Mouhamadou mansour	SEN	HYTTEL Tobias	DEN	PTF	2:0
tallinn-open-2025	Senior Men -68kg	QF	519	KRAJISNIK Zarko	SRB	SZUKALSKI Bartosz	POL	PTF	2:0
tallinn-open-2025	Senior Men -68kg	QF	520	CHRZANOWSKI Mateusz	POL	SARR Matar	FRA	PTF	2:0
tallinn-open-2025	Senior Men -68kg	QF	521	DJONKO Muhamed	BIH	MANDIC Milos	SRB	PTF	2:1
tallinn-open-2025	Senior Men -68kg	QF	522	LO Mouhamadou mansour	SEN	BIATETS Maksym	UKR	PTF	2:0
tallinn-open-2025	Senior Men -68kg	SF	525	KRAJISNIK Zarko	SRB	CHRZANOWSKI Mateusz	POL	PTF	2:0
tallinn-open-2025	Senior Men -68kg	SF	526	LO Mouhamadou mansour	SEN	DJONKO Muhamed	BIH	PTF	2:1
tallinn-open-2025	Senior Men -68kg	F	528	LO Mouhamadou mansour	SEN	KRAJISNIK Zarko	SRB	PTF	2:0
tallinn-open-2025	Senior Men -74kg	R32	101	ALIAN Ali	SWE	VILAR CONEJERO Francisco	ESP	PTF	2:1
tallinn-open-2025	Senior Men -74kg	R32	102	VESTERLUND Linus	SWE	MENDONCA Pedro	POR	PTF	2:0
tallinn-open-2025	Senior Men -74kg	R32	204	MANGUE GAYA Boubacar	NIG	POLCZYNSKI Adam	POL	PTF	2:0
tallinn-open-2025	Senior Men -74kg	R16	110	ALIAN Ali	SWE	DAWOUD Omer	DEN	PTF	2:1
tallinn-open-2025	Senior Men -74kg	R16	111	SAHITI Mal	KOS	CUDNOCH Lukasz	POL	PTF	2:0
tallinn-open-2025	Senior Men -74kg	R16	112	DUGAC Grga	CRO	CAMMAERTS Andes	BEL	PTF	2:0
tallinn-open-2025	Senior Men -74kg	R16	113	QUESADA BARRERA Daniel	ESP	ACHAB Badr	BEL	PTF	2:1
tallinn-open-2025	Senior Men -74kg	R16	213	VESTERLUND Linus	SWE	AMRI Bassem	FRA	PTF	2:0
tallinn-open-2025	Senior Men -74kg	R16	214	KORSAK Mykhailo	UKR	AGBOGBE SALANON Oswin	FRA	PTF	2:0
tallinn-open-2025	Senior Men -74kg	R16	215	MUSKEVITS Aleksandr	EST	MARCHENKO Mykola	UKR	PTF	2:0
tallinn-open-2025	Senior Men -74kg	R16	216	JORGENSEN Otto	DEN	MANGUE GAYA Boubacar	NIG	PTF	2:0
tallinn-open-2025	Senior Men -74kg	QF	120	ALIAN Ali	SWE	SAHITI Mal	KOS	PTF	2:1
tallinn-open-2025	Senior Men -74kg	QF	121	QUESADA BARRERA Daniel	ESP	DUGAC Grga	CRO	WDR	
tallinn-open-2025	Senior Men -74kg	QF	221	VESTERLUND Linus	SWE	KORSAK Mykhailo	UKR	PTF	2:0
tallinn-open-2025	Senior Men -74kg	QF	222	JORGENSEN Otto	DEN	MUSKEVITS Aleksandr	EST	PTF	2:0
tallinn-open-2025	Senior Men -74kg	SF	126	QUESADA BARRERA Daniel	ESP	ALIAN Ali	SWE	PTF	2:0
tallinn-open-2025	Senior Men -74kg	SF	225	JORGENSEN Otto	DEN	VESTERLUND Linus	SWE	PTF	2:0
tallinn-open-2025	Senior Men -74kg	F	129	JORGENSEN Otto	DEN	QUESADA BARRERA Daniel	ESP	PTF	2:1
tallinn-open-2025	Senior Men -80kg	R16	103	AKBABAOZ Muhammed buğrahan	RTA	ALIPOUR Sohrab	GBR	PTF	2:0
tallinn-open-2025	Senior Men -80kg	R16	104	HURNOV Kyrylo	UKR	CAMMAERTS Troy	BEL	PTF	2:0
tallinn-open-2025	Senior Men -80kg	R16	104.1	COULIBALY Ismael	MLI	GASHI Jon	KOS	PTF	2:1
tallinn-open-2025	Senior Men -80kg	R16	105	BARRUOL Uggo	FRA	MILAN CANOVAS Juan antonio	ESP	PTF	2:0
tallinn-open-2025	Senior Men -80kg	R16	106	NIKOLIC Matej	CRO	LAWSON Matheo	TOG	PTF	2:0
tallinn-open-2025	Senior Men -80kg	R16	107	FERNANDEZ Mikel	ESP	BALCIUNAS Gabijus	LTU	PTF	2:0
tallinn-open-2025	Senior Men -80kg	R16	108	HOERMANN Vincent	GER	BENITEZ DONATE Alejandro	ESP	PTF	2:1
tallinn-open-2025	Senior Men -80kg	R16	109	KOSTENEVYCH Kostiantyn	UKR	GALLAND Warrick	SUI	PTF	2:0
tallinn-open-2025	Senior Men -80kg	QF	116	COULIBALY Ismael	MLI	AKBABAOZ Muhammed buğrahan	RTA	WDR	
tallinn-open-2025	Senior Men -80kg	QF	117	HURNOV Kyrylo	UKR	BARRUOL Uggo	FRA	PTF	2:0
tallinn-open-2025	Senior Men -80kg	QF	118	FERNANDEZ Mikel	ESP	NIKOLIC Matej	CRO	PTF	2:0
tallinn-open-2025	Senior Men -80kg	QF	119	KOSTENEVYCH Kostiantyn	UKR	HOERMANN Vincent	GER	PTF	2:0
tallinn-open-2025	Senior Men -80kg	SF	124	COULIBALY Ismael	MLI	HURNOV Kyrylo	UKR	PTF	2:0
tallinn-open-2025	Senior Men -80kg	SF	125	FERNANDEZ Mikel	ESP	KOSTENEVYCH Kostiantyn	UKR	PTF	2:0
tallinn-open-2025	Senior Men -80kg	F	128	COULIBALY Ismael	MLI	FERNANDEZ Mikel	ESP	PTF	2:1
tallinn-open-2025	Senior Men -87kg	QF	114	AMER ALI Hassan	DEN	ŠIAULYS Emilis	LTU	PTF	2:0
tallinn-open-2025	Senior Men -87kg	QF	115	MEHNANA Nahil	FRA	VOLGIN Ilja	EST	DSQ	
tallinn-open-2025	Senior Men -87kg	SF	122	ORDEMANN Richard andre	NOR	AMER ALI Hassan	DEN	PTF	2:0
tallinn-open-2025	Senior Men -87kg	SF	123	MEHNANA Nahil	FRA	NUCI Erol	BIH	PTF	2:0
tallinn-open-2025	Senior Men -87kg	F	127	ORDEMANN Richard andre	NOR	MEHNANA Nahil	FRA	PTF	2:1
tallinn-open-2025	Senior Men +87kg	R16	403	POLLET Manuel	BEL	VALENTE Tivini	FPO	PTF	2:0
tallinn-open-2025	Senior Men +87kg	R16	404	MEDIAVILLA Ivan	ESP	BRADING Rasmus	SWE	PTF	2:0
tallinn-open-2025	Senior Men +87kg	R16	405	MANEA Robert	GER	POPOV Theodoros	CYP	PTF	2:0
tallinn-open-2025	Senior Men +87kg	QF	414	POLLET Manuel	BEL	CORREDOR Raul	ESP	PTF	2:1
tallinn-open-2025	Senior Men +87kg	QF	415	GARCIA MARTINEZ Ivan	ESP	AGBOGBE-SALANON Osmund	FRA	PTF	2:0
tallinn-open-2025	Senior Men +87kg	QF	416	ANDREOU Petros	CYP	MEDIAVILLA Ivan	ESP	PTF	2:0
tallinn-open-2025	Senior Men +87kg	QF	417	GOMIS Paivou johnouario	GBS	MANEA Robert	GER	WDR	1:0
tallinn-open-2025	Senior Men +87kg	SF	422	GARCIA MARTINEZ Ivan	ESP	POLLET Manuel	BEL	WDR	
tallinn-open-2025	Senior Men +87kg	SF	423	ANDREOU Petros	CYP	GOMIS Paivou johnouario	GBS	PTF	2:0
tallinn-open-2025	Senior Men +87kg	F	426	GARCIA MARTINEZ Ivan	ESP	ANDREOU Petros	CYP	WDR	
tallinn-open-2025	Senior Women -46kg	R16	605	GARCIES I SALA Lluisa	ESP	TAMMILA Ada-emilia	FIN	PTF	2:0
tallinn-open-2025	Senior Women -46kg	R16	606	VAZQUEZ KABDUR Ariadna	ESP	NIKOLAJEVA Stefani	EST	WDR	1:0
tallinn-open-2025	Senior Women -46kg	R16	607	STURARI Alessia	ITA	MAJLUND Sofia	FIN	PTF	2:0
tallinn-open-2025	Senior Women -46kg	QF	616	GARCIES I SALA Lluisa	ESP	BARROSO Kiara	POR	PTF	2:0
tallinn-open-2025	Senior Women -46kg	QF	617	GAYE Serrah	FRA	GARCIA MARTINEZ Laura	ESP	PTF	2:0
tallinn-open-2025	Senior Women -46kg	QF	618	GEORGIOU Melina	GRE	VAZQUEZ KABDUR Ariadna	ESP	PTF	2:0
tallinn-open-2025	Senior Women -46kg	QF	619	TAMMILA Ida-elina	FIN	STURARI Alessia	ITA	PTF	2:1
tallinn-open-2025	Senior Women -46kg	SF	624	GAYE Serrah	FRA	GARCIES I SALA Lluisa	ESP	PTF	2:0
tallinn-open-2025	Senior Women -46kg	SF	625	GEORGIOU Melina	GRE	TAMMILA Ida-elina	FIN	PTF	2:0
tallinn-open-2025	Senior Women -46kg	F	628	GEORGIOU Melina	GRE	GAYE Serrah	FRA	PTF	2:0
tallinn-open-2025	Senior Women -49kg	R16	201	BAJER Wiktoria	POL	LUIRO Enna	FIN	PTF	2:0
tallinn-open-2025	Senior Women -49kg	R16	202	BOKAN Andrea	SRB	RAMO Jenna	FIN	PTF	2:0
tallinn-open-2025	Senior Women -49kg	R16	704	SYDORENKO Anastasiia	LTU	ABEDALSALAM Mariam	DEN	PTF	2:0
tallinn-open-2025	Senior Women -49kg	R16	705	KLISOWSKA Zuzanna	POL	KARYDI Melina	GRE	PTF	2:0
tallinn-open-2025	Senior Women -49kg	QF	714	FOFANA Mah teninba	FRA	BAJER Wiktoria	POL	PTF	2:0
tallinn-open-2025	Senior Women -49kg	QF	715	BOKAN Andrea	SRB	CHOI Ashley	USA	PTF	2:0
tallinn-open-2025	Senior Women -49kg	QF	716	KAMKASOUMPHOU Maysane	FRA	SYDORENKO Anastasiia	LTU	PTF	2:0
tallinn-open-2025	Senior Women -49kg	QF	717	KLISOWSKA Zuzanna	POL	LINAN PARDO Naiara	AND	PTF	2:0
tallinn-open-2025	Senior Women -49kg	SF	722	BOKAN Andrea	SRB	FOFANA Mah teninba	FRA	PTF	2:1
tallinn-open-2025	Senior Women -49kg	SF	723	KAMKASOUMPHOU Maysane	FRA	KLISOWSKA Zuzanna	POL	PTF	2:1
tallinn-open-2025	Senior Women -49kg	F	726	BOKAN Andrea	SRB	KAMKASOUMPHOU Maysane	FRA	PTF	2:1
tallinn-open-2025	Senior Women -53kg	R16	801	MEIŠTININKAITĖ Gerda	LTU	MORA DOMINGUEZ Margarita	ESP	PTF	2:0
tallinn-open-2025	Senior Women -53kg	R16	802	KHOBTAR Sofiia	UKR	WAEVERSTROM Signe wendt	DEN	PTF	2:0
tallinn-open-2025	Senior Women -53kg	R16	803	SPEHAR Lea	CRO	GEORGIADOU Gesthimani	GRE	PTF	2:0
tallinn-open-2025	Senior Women -53kg	R16	804	SUSILUOTO Inari	FIN	KLAKALA Magdalini	GRE	PTF	2:0
tallinn-open-2025	Senior Women -53kg	R16	805	RABAUT Elien	BEL	HOY Lily	GBR	PTF	2:0
tallinn-open-2025	Senior Women -53kg	R16	806	BUTTARELLI Aurelie	FRA	OSLOVAR Viktorija	CRO	PTF	2:0
tallinn-open-2025	Senior Women -53kg	R16	807	OLESZCUK Lucja	POL	KAMKASOUMPHOU Lenya	FRA	PTF	2:0
tallinn-open-2025	Senior Women -53kg	R16	808	BOU HABIB Mariella	LBN	GIRE Ines	FRA	PTF	2:1
tallinn-open-2025	Senior Women -53kg	QF	813	KHOBTAR Sofiia	UKR	MEIŠTININKAITĖ Gerda	LTU	PTF	2:0
tallinn-open-2025	Senior Women -53kg	QF	814	SPEHAR Lea	CRO	SUSILUOTO Inari	FIN	PTF	2:1
tallinn-open-2025	Senior Women -53kg	QF	815	BUTTARELLI Aurelie	FRA	RABAUT Elien	BEL	PTF	2:0
tallinn-open-2025	Senior Women -53kg	QF	816	OLESZCUK Lucja	POL	BOU HABIB Mariella	LBN	PTF	2:0
tallinn-open-2025	Senior Women -53kg	SF	821	SPEHAR Lea	CRO	KHOBTAR Sofiia	UKR	PTF	2:1
tallinn-open-2025	Senior Women -53kg	SF	822	BUTTARELLI Aurelie	FRA	OLESZCUK Lucja	POL	PTF	2:1
tallinn-open-2025	Senior Women -53kg	F	825	SPEHAR Lea	CRO	BUTTARELLI Aurelie	FRA	PTF	2:0
tallinn-open-2025	Senior Women -57kg	R32	303	VAN PASSEL Amelie	BEL	KAADACH Sophia jusra	DEN	PTF	2:0
tallinn-open-2025	Senior Women -57kg	R32	304	LISOWSKA Nikol	POL	HEBBAR Nisrin	FRA	PTF	2:0
tallinn-open-2025	Senior Women -57kg	R32	305	KICINSKA Klaudia	POL	GUSTAFSSON Ada	FIN	PTF	2:0
tallinn-open-2025	Senior Women -57kg	R32	504	TEGGERI Markella	CYP	VASILIADOU Eleni	CYP	PTF	2:1
tallinn-open-2025	Senior Women -57kg	R32	505	GHANNAM Maria	DEN	DANIEL Marrin	EST	PTF	2:0
tallinn-open-2025	Senior Women -57kg	R32	506	AVDAGIC Ada	BIH	FOGED Rosmarin pietak	DEN	PTF	2:0
tallinn-open-2025	Senior Women -57kg	R16	313	VITKO Yuliya	AIN	VAN PASSEL Amelie	BEL	PTF	2:0
tallinn-open-2025	Senior Women -57kg	R16	314	LISOWSKA Nikol	POL	TORRES TENA Elena	ESP	PTF	2:0
tallinn-open-2025	Senior Women -57kg	R16	315	RADAK Teodora	SRB	GUAITA Greta	ITA	PTF	2:0
tallinn-open-2025	Senior Women -57kg	R16	316	KICINSKA Klaudia	POL	VUKIC Margarita	CRO	PTF	2:1
tallinn-open-2025	Senior Women -57kg	R16	515	AOUN Laetitia	LBN	TEGGERI Markella	CYP	PTF	2:0
tallinn-open-2025	Senior Women -57kg	R16	516	KRAJEWSKA Agnieszka	POL	RAVASKA Inka	FIN	PTF	2:0
tallinn-open-2025	Senior Women -57kg	R16	517	MAKRYGIANNI Athina	GRE	GHANNAM Maria	DEN	PTF	2:0
tallinn-open-2025	Senior Women -57kg	R16	518	AVDAGIC Ada	BIH	BANGURA Aisha	GER	PTF	2:0
tallinn-open-2025	Senior Women -57kg	QF	321	VITKO Yuliya	AIN	LISOWSKA Nikol	POL	PTF	2:0
tallinn-open-2025	Senior Women -57kg	QF	322	RADAK Teodora	SRB	KICINSKA Klaudia	POL	PTF	2:0
tallinn-open-2025	Senior Women -57kg	QF	523	AOUN Laetitia	LBN	KRAJEWSKA Agnieszka	POL	PTF	2:0
tallinn-open-2025	Senior Women -57kg	QF	524	MAKRYGIANNI Athina	GRE	AVDAGIC Ada	BIH	PTF	2:0
tallinn-open-2025	Senior Women -57kg	SF	325	VITKO Yuliya	AIN	RADAK Teodora	SRB	PTF	2:0
tallinn-open-2025	Senior Women -57kg	SF	527	AOUN Laetitia	LBN	MAKRYGIANNI Athina	GRE	PTF	2:0
tallinn-open-2025	Senior Women -57kg	F	529	AOUN Laetitia	LBN	VITKO Yuliya	AIN	PTF	2:0
tallinn-open-2025	Senior Women -62kg	R32	301	KARLSSON Alma friis	DEN	RAAGMETS Carmen	EST	PTF	2:0
tallinn-open-2025	Senior Women -62kg	R32	302	VAN WIJNGAARDEN Jada	ESP	KRAINOVA Marharyta	UKR	PTF	2:0
tallinn-open-2025	Senior Women -62kg	R32	401	HAMIDI Marzieh	RTA	HOVHANNISYAN Meline	ARM	PTF	2:0
tallinn-open-2025	Senior Women -62kg	R32	402	MOCALINA Vladislava	LAT	CHRISTOU Eftichia	CYP	PTF	2:1
tallinn-open-2025	Senior Women -62kg	R16	406	TVARONAVICIUTE Klaudija	LTU	KARLSSON Alma friis	DEN	PTF	2:0
tallinn-open-2025	Senior Women -62kg	R16	407	BUGARINOVIC Ema	CRO	SEVO Tamara	SRB	PTF	2:0
tallinn-open-2025	Senior Women -62kg	R16	408	BLITEK Cloe	FRA	KUCINSKA Zofia	POL	PTF	2:0
tallinn-open-2025	Senior Women -62kg	R16	409	ORTIZ BENITO Arlet	ESP	VAN WIJNGAARDEN Jada	ESP	PTF	2:0
tallinn-open-2025	Senior Women -62kg	R16	410	SZPAK Julia	POL	HAMIDI Marzieh	RTA	WDR	
tallinn-open-2025	Senior Women -62kg	R16	411	MARIC Ela	SRB	BOUBACIR Madeenah	FRA	PTF	2:0
tallinn-open-2025	Senior Women -62kg	R16	412	LANGOUSTE-ASSOUMAYA Lyhana	FRA	SJOVALL Mira	FIN	PTF	2:0
tallinn-open-2025	Senior Women -62kg	R16	413	DOUCET Teeyah	FRA	MOCALINA Vladislava	LAT	PTF	2:0
tallinn-open-2025	Senior Women -62kg	QF	418	TVARONAVICIUTE Klaudija	LTU	BUGARINOVIC Ema	CRO	PTF	2:1
tallinn-open-2025	Senior Women -62kg	QF	419	ORTIZ BENITO Arlet	ESP	BLITEK Cloe	FRA	PTF	2:0
tallinn-open-2025	Senior Women -62kg	QF	420	MARIC Ela	SRB	SZPAK Julia	POL	PTF	2:0
tallinn-open-2025	Senior Women -62kg	QF	421	DOUCET Teeyah	FRA	LANGOUSTE-ASSOUMAYA Lyhana	FRA	PTF	2:0
tallinn-open-2025	Senior Women -62kg	SF	424	ORTIZ BENITO Arlet	ESP	TVARONAVICIUTE Klaudija	LTU	PTF	2:1
tallinn-open-2025	Senior Women -62kg	SF	425	DOUCET Teeyah	FRA	MARIC Ela	SRB	PTF	2:0
tallinn-open-2025	Senior Women -62kg	F	427	ORTIZ BENITO Arlet	ESP	DOUCET Teeyah	FRA	PTF	2:0
tallinn-open-2025	Senior Women -67kg	R16	306	NILSEN Mari romundset	NOR	FABER Isabelle	LUX	PTF	2:1
tallinn-open-2025	Senior Women -67kg	R16	307	MEHNANA Ines	FRA	BISMIR Salma	DEN	PTF	2:0
tallinn-open-2025	Senior Women -67kg	R16	308	KLEPAC Nika	CRO	BOUSTANY Carla	LBN	PTF	2:0
tallinn-open-2025	Senior Women -67kg	R16	309	MIKALEVICIUTE Melita	LTU	YOUKOUBOVA Karina	FRA	PTF	2:1
tallinn-open-2025	Senior Women -67kg	R16	310	DIAKITE Bintou	FRA	ARELIC Ivana	CRO	PTF	2:1
tallinn-open-2025	Senior Women -67kg	R16	311	TOMCZAK Tatiana	POL	FREDERIKSEN Kathrine kamp nordentoft	DEN	PTF	2:0
tallinn-open-2025	Senior Women -67kg	R16	312	HADDAD Khalida	FRA	CASPERSSON Alva	SWE	PTF	2:0
tallinn-open-2025	Senior Women -67kg	QF	317	ANYANACHO Elizabeth oluchi	NGR	NILSEN Mari romundset	NOR	PTF	2:0
tallinn-open-2025	Senior Women -67kg	QF	318	KLEPAC Nika	CRO	MEHNANA Ines	FRA	PTF	2:0
tallinn-open-2025	Senior Women -67kg	QF	319	DIAKITE Bintou	FRA	MIKALEVICIUTE Melita	LTU	PTF	2:0
tallinn-open-2025	Senior Women -67kg	QF	320	HADDAD Khalida	FRA	TOMCZAK Tatiana	POL	PTF	2:1
tallinn-open-2025	Senior Women -67kg	SF	323	ANYANACHO Elizabeth oluchi	NGR	KLEPAC Nika	CRO	PTF	2:0
tallinn-open-2025	Senior Women -67kg	SF	324	DIAKITE Bintou	FRA	HADDAD Khalida	FRA	PTF	2:0
tallinn-open-2025	Senior Women -67kg	F	326	ANYANACHO Elizabeth oluchi	NGR	DIAKITE Bintou	FRA	PTF	2:0
tallinn-open-2025	Senior Women -73kg	QF	809	CHAARI Sarah	BEL	GUELI Sophie	HUN	PTF	2:0
tallinn-open-2025	Senior Women -73kg	QF	810	NOWAK Julia	POL	VALLO ZURDO Ane	ESP	PTF	2:0
tallinn-open-2025	Senior Women -73kg	QF	811	MORAN ROMERO Belen	ESP	GARCIA SUAREZ Helena	ESP	PTF	2:1
tallinn-open-2025	Senior Women -73kg	QF	812	BOZANIC Nadica	SRB	ARISTOTELOUS Rafaella	CYP	PTF	2:0
tallinn-open-2025	Senior Women -73kg	SF	819	CHAARI Sarah	BEL	NOWAK Julia	POL	PTF	2:0
tallinn-open-2025	Senior Women -73kg	SF	820	MORAN ROMERO Belen	ESP	BOZANIC Nadica	SRB	PTF	2:0
tallinn-open-2025	Senior Women -73kg	F	824	CHAARI Sarah	BEL	MORAN ROMERO Belen	ESP	PTF	2:0
tallinn-open-2025	Senior Women +73kg	SF	817	HAMADACHE Emna	FRA	AKBABAOZ Ayca	FIN	PTF	2:0
tallinn-open-2025	Senior Women +73kg	SF	818	HELVIGA Viktorija	LAT	HAWASH Dania	SWE	PTF	2:1
tallinn-open-2025	Senior Women +73kg	F	823	HELVIGA Viktorija	LAT	HAMADACHE Emna	FRA	PTF	2:1
presidents-cup-europe-2025	Senior Men -54kg	R64	407	TESKERA Josip	CRO	CIRES Alejandro	ESP	PTF	2:0
presidents-cup-europe-2025	Senior Men -54kg	R32	124	AGENJO Jairo	ESP	DEL Manuel	ESP	PTF	2:0
presidents-cup-europe-2025	Senior Men -54kg	R32	224	KAZLOU Aliaksandr	AIN	MOLJ Ozbolt	SLO	PTF	2:1
presidents-cup-europe-2025	Senior Men -54kg	R32	323	TESKERA Josip	CRO	GEORGIEV Hristiyan	BUL	PTF	2:1
presidents-cup-europe-2025	Senior Men -54kg	R32	324	ZYWARSKI Filip	POL	YIGIT Hakan	DEN	PTF	2:0
presidents-cup-europe-2025	Senior Men -54kg	R32	423	UZUN Murat Semih	TUR	LUQUE Pablo	ESP	PTF	2:0
presidents-cup-europe-2025	Senior Men -54kg	R32	424	KANELLOS Marios	GRE	GRITSENKO Vladimir	AIN	DSQ	1:0
presidents-cup-europe-2025	Senior Men -54kg	R32	523	PISGIN Akin	TUR	GARCIA Noah	FRA	PTF	2:0
presidents-cup-europe-2025	Senior Men -54kg	R32	524	YELALDI Kaan	TUR	ESCOLAR Ivan	ESP	PTF	2:0
presidents-cup-europe-2025	Senior Men -54kg	R32	623	PSARROS Aristeidis nikolaos	GRE	DOLAS Sirac	TUR	PTF	2:0
presidents-cup-europe-2025	Senior Men -54kg	R32	624	GULUZADE Bahruz	AZE	CURVELO Johan	VEN	PTF	2:0
presidents-cup-europe-2025	Senior Men -54kg	R32	723	OTERO Javier	ESP	ZACCONE Francesco	ITA	PTF	2:1
presidents-cup-europe-2025	Senior Men -54kg	R32	724	KURU Alihan	TUR	CARRION COSTA Alejandro	ESP	PTF	2:0
presidents-cup-europe-2025	Senior Men -54kg	R32	823	KAZLOU Yahor	AIN	TRIANTAFYLLOU Dimitrios	GRE	PTF	2:0
presidents-cup-europe-2025	Senior Men -54kg	R32	824	ALDAOUD Ja'afar	JOR	PANTOS Evangelos	GRE	PTF	2:0
presidents-cup-europe-2025	Senior Men -54kg	R32	923	BALAKHNEEV Dmitriy	AIN	MELIKYAN Aleks	ARM	RSC	1:0
presidents-cup-europe-2025	Senior Men -54kg	R32	1023	TURKALJ Luka	CRO	HORSWELL Jordan	GBR	PTF	2:0
presidents-cup-europe-2025	Senior Men -54kg	R16	139	UZUN Murat Semih	TUR	TESKERA Josip	CRO	PTF	2:0
presidents-cup-europe-2025	Senior Men -54kg	R16	239	PSARROS Aristeidis nikolaos	GRE	PISGIN Akin	TUR	PTF	2:0
presidents-cup-europe-2025	Senior Men -54kg	R16	339	KAZLOU Yahor	AIN	OTERO Javier	ESP	PTF	2:1
presidents-cup-europe-2025	Senior Men -54kg	R16	439	BALAKHNEEV Dmitriy	AIN	TURKALJ Luka	CRO	PTF	2:0
presidents-cup-europe-2025	Senior Men -54kg	R16	539	AGENJO Jairo	ESP	KAZLOU Aliaksandr	AIN	PTF	2:0
presidents-cup-europe-2025	Senior Men -54kg	R16	639	KANELLOS Marios	GRE	ZYWARSKI Filip	POL	PTF	2:0
presidents-cup-europe-2025	Senior Men -54kg	R16	739	YELALDI Kaan	TUR	GULUZADE Bahruz	AZE	PTF	2:1
presidents-cup-europe-2025	Senior Men -54kg	R16	839	ALDAOUD Ja'afar	JOR	KURU Alihan	TUR	PTF	2:0
presidents-cup-europe-2025	Senior Men -54kg	QF	147	PSARROS Aristeidis nikolaos	GRE	UZUN Murat Semih	TUR	PTF	2:0
presidents-cup-europe-2025	Senior Men -54kg	QF	247	BALAKHNEEV Dmitriy	AIN	KAZLOU Yahor	AIN	PTF	2:0
presidents-cup-europe-2025	Senior Men -54kg	QF	347	AGENJO Jairo	ESP	KANELLOS Marios	GRE	PTF	2:0
presidents-cup-europe-2025	Senior Men -54kg	QF	447	YELALDI Kaan	TUR	ALDAOUD Ja'afar	JOR	PTF	2:0
presidents-cup-europe-2025	Senior Men -54kg	SF	151	PSARROS Aristeidis nikolaos	GRE	BALAKHNEEV Dmitriy	AIN	PTF	2:0
presidents-cup-europe-2025	Senior Men -54kg	SF	251	YELALDI Kaan	TUR	AGENJO Jairo	ESP	PTF	2:1
presidents-cup-europe-2025	Senior Men -54kg	F	153	PSARROS Aristeidis nikolaos	GRE	YELALDI Kaan	TUR	PTF	2:0
presidents-cup-europe-2025	Senior Men -58kg	R64	106	BESAEV Azat	AIN	SALIM Sharif gergely	HUN	PTF	2:0
presidents-cup-europe-2025	Senior Men -58kg	R64	107	DEL Teodoro	ITA	DELGADO David	ESP	PTF	2:0
presidents-cup-europe-2025	Senior Men -58kg	R64	205	SERBETCI Nuri	TUR	NACHEV Luboslav	BUL	PTF	2:0
presidents-cup-europe-2025	Senior Men -58kg	R64	206	STRUGLINSKI Bartosz	POL	HOIDZ Roman	AIN	PTF	2:0
presidents-cup-europe-2025	Senior Men -58kg	R64	207	CONTI Andrea	ITA	HRABEC Dimitrije	SRB	PTF	2:0
presidents-cup-europe-2025	Senior Men -58kg	R64	305	GUSEINOV Damir	AIN	YAKIMOV Tsvetan	BUL	PTF	2:0
presidents-cup-europe-2025	Senior Men -58kg	R64	306	TORRE Elia	ITA	AMELHAYI Mehdi	FRA	PTF	2:0
presidents-cup-europe-2025	Senior Men -58kg	R64	307	IVKOVIC Relja	SRB	JAMSHIDI Sonil	DEN	PTF	2:0
presidents-cup-europe-2025	Senior Men -58kg	R64	405	MEHLMANN Daniel	GER	THOMPSON Lennon	GBR	PTF	2:0
presidents-cup-europe-2025	Senior Men -58kg	R64	406	BAGOV Idar	AIN	FOTI Giuseppe	ITA	PTF	2:0
presidents-cup-europe-2025	Senior Men -58kg	R64	505	GERARDIS Georgios	GRE	ALESIO Sebastien	FRA	PTF	2:0
presidents-cup-europe-2025	Senior Men -58kg	R64	506	GELADZE Vitali	GEO	MALIAKAS Charilaos	GRE	PTF	2:0
presidents-cup-europe-2025	Senior Men -58kg	R64	605	FARNES Ricki Gene	DEN	CHARNIAK Viktar	AIN	PTF	2:1
presidents-cup-europe-2025	Senior Men -58kg	R64	606	ARILLO Hugo	ESP	ERBULUT Berke	TUR	PTF	2:0
presidents-cup-europe-2025	Senior Men -58kg	R64	705	ADEMI Bleron	KOS	CAMOGLU Furkan ubeyde	TUR	PTF	2:1
presidents-cup-europe-2025	Senior Men -58kg	R64	706	POLAT Gorkem	TUR	PAPAZOGONOPOULOS Dimitrios Arist	GRE	PTF	2:0
presidents-cup-europe-2025	Senior Men -58kg	R64	805	DELEVAL Herwan	FRA	DRAZKIEWICZ Igor	POL	PTF	2:0
presidents-cup-europe-2025	Senior Men -58kg	R64	806	YARLI Abdullah Omer	TUR	ANGHEL Mario ignacio	ESP	PTF	2:0
presidents-cup-europe-2025	Senior Men -58kg	R64	905	KORNEEV Lev	SRB	VINOGRADOV Pavel	AIN	PTF	2:0
presidents-cup-europe-2025	Senior Men -58kg	R64	906	VALIYEV Rahid	AZE	GRAU Jose Antonio	ESP	PTF	2:0
presidents-cup-europe-2025	Senior Men -58kg	R64	1005	CIRIVELLO Gaetano	ITA	NOWAK Lukasz	POL	PTF	2:0
presidents-cup-europe-2025	Senior Men -58kg	R64	1006	CARATOZZOLO A.(ITA) (x) CARATOZZOLO Antoni	ITA	BENITEZ Norberto	ESP	WDR	2:1
presidents-cup-europe-2025	Senior Men -58kg	R32	122	VASILIC Todor	SRB	ADEMI Bleron	KOS	PTF	2:0
presidents-cup-europe-2025	Senior Men -58kg	R32	123	DEL Teodoro	ITA	CONTI Andrea	ITA	PTF	2:1
presidents-cup-europe-2025	Senior Men -58kg	R32	222	KORNEEV Lev	SRB	DELEVAL Herwan	FRA	PTF	2:0
presidents-cup-europe-2025	Senior Men -58kg	R32	223	GURTSIEV Georgii	AIN	IVKOVIC Relja	SRB	PTF	2:0
presidents-cup-europe-2025	Senior Men -58kg	R32	322	BESAEV Azat	AIN	CIRIVELLO Gaetano	ITA	PTF	2:0
presidents-cup-europe-2025	Senior Men -58kg	R32	422	DELL'AQUILA Vito	ITA	STRUGLINSKI Bartosz	POL	PTF	2:0
presidents-cup-europe-2025	Senior Men -58kg	R32	522	KAPLAN Enes	TUR	TORRE Elia	ITA	PTF	2:0
presidents-cup-europe-2025	Senior Men -58kg	R32	622	BAGOV Idar	AIN	GELADZE Vitali	GEO	PTF	2:1
presidents-cup-europe-2025	Senior Men -58kg	R32	721	BADEM Yusuf	TUR	SERBETCI Nuri	TUR	PTF	2:1
presidents-cup-europe-2025	Senior Men -58kg	R32	722	POLAT Gorkem	TUR	ARILLO Hugo	ESP	PTF	2:0
presidents-cup-europe-2025	Senior Men -58kg	R32	821	GUSEINOV Damir	AIN	MEHLMANN Daniel	GER	PTF	2:0
presidents-cup-europe-2025	Senior Men -58kg	R32	822	MANENKOV Maksym	UKR	YARLI Abdullah Omer	TUR	PTF	2:0
presidents-cup-europe-2025	Senior Men -58kg	R32	921	GERARDIS Georgios	GRE	YOUSIF Mahmoud bassam	JOR	PTF	2:0
presidents-cup-europe-2025	Senior Men -58kg	R32	922	DIMITROPOULOS Konstantinos	GRE	VALIYEV Rahid	AZE	PTF	2:1
presidents-cup-europe-2025	Senior Men -58kg	R32	1021	MOLJ Domen	SLO	FARNES Ricki Gene	DEN	PTF	2:0
presidents-cup-europe-2025	Senior Men -58kg	R32	1022	FRAILE Jesus	ESP	CARATOZZOLO A.(ITA) (x) CARATOZZOLO Antoni	ITA	PTF	2:0
presidents-cup-europe-2025	Senior Men -58kg	R16	338	BADEM Yusuf	TUR	GUSEINOV Damir	AIN	PTF	2:1
presidents-cup-europe-2025	Senior Men -58kg	R16	438	MOLJ Domen	SLO	GERARDIS Georgios	GRE	PTF	2:1
presidents-cup-europe-2025	Senior Men -58kg	R16	538	KORNEEV Lev	SRB	VASILIC Todor	SRB	PTF	2:0
presidents-cup-europe-2025	Senior Men -58kg	R16	638	DELL'AQUILA Vito	ITA	BESAEV Azat	AIN	PTF	2:0
presidents-cup-europe-2025	Senior Men -58kg	R16	738	BAGOV Idar	AIN	KAPLAN Enes	TUR	PTF	2:0
presidents-cup-europe-2025	Senior Men -58kg	R16	838	POLAT Gorkem	TUR	MANENKOV Maksym	UKR	PTF	2:1
presidents-cup-europe-2025	Senior Men -58kg	R16	938	FRAILE Jesus	ESP	DIMITROPOULOS Konstantinos	GRE	PTF	2:1
presidents-cup-europe-2025	Senior Men -58kg	R16	1038	GURTSIEV Georgii	AIN	DEL Teodoro	ITA	PTF	2:0
presidents-cup-europe-2025	Senior Men -58kg	QF	746	MOLJ Domen	SLO	BADEM Yusuf	TUR	PTF	2:0
presidents-cup-europe-2025	Senior Men -58kg	QF	846	DELL'AQUILA Vito	ITA	KORNEEV Lev	SRB	WDR	2:0
presidents-cup-europe-2025	Senior Men -58kg	QF	946	BAGOV Idar	AIN	POLAT Gorkem	TUR	PTF	2:0
presidents-cup-europe-2025	Senior Men -58kg	QF	1046	GURTSIEV Georgii	AIN	FRAILE Jesus	ESP	PTF	2:0
presidents-cup-europe-2025	Senior Men -58kg	SF	950	DELL'AQUILA Vito	ITA	MOLJ Domen	SLO	PTF	2:0
presidents-cup-europe-2025	Senior Men -58kg	SF	1050	BAGOV Idar	AIN	GURTSIEV Georgii	AIN	PTF	2:1
presidents-cup-europe-2025	Senior Men -58kg	F	1052	DELL'AQUILA Vito	ITA	BAGOV Idar	AIN	PTF	2:1
presidents-cup-europe-2025	Senior Men -63kg	R64	104	SUSILUOTO Otto	FIN	BERNANDO Mirko	ITA	PTF	2:0
presidents-cup-europe-2025	Senior Men -63kg	R64	105	MIHAJLOVIC Vuk	SRB	VISINSKI Patrik	CRO	PTF	2:1
presidents-cup-europe-2025	Senior Men -63kg	R64	204	FUNKENDORF Vladyslav	UKR	KUNT Ali Agah	TUR	PTF	2:1
presidents-cup-europe-2025	Senior Men -63kg	R64	304	BANDAREVICH Maksim	AIN	SPANIDIS Konstantinos	GRE	PTF	2:0
presidents-cup-europe-2025	Senior Men -63kg	R64	404	MIRZOIEV Samir	UKR	CIUPA Bartlomiej	POL	PTF	2:0
presidents-cup-europe-2025	Senior Men -63kg	R64	504	GOKMEN Enes Malik	TUR	BELANOVIC Uros	SRB	PTF	2:0
presidents-cup-europe-2025	Senior Men -63kg	R64	604	DEINICHENKO Aleksandr	AIN	NESTOROVIĆ Vasilije	MNE	PTF	2:0
presidents-cup-europe-2025	Senior Men -63kg	R64	704	TORKHANI Ibrahim ben ahmed	DEN	BAHDANAU Zakhar	AIN	PTF	2:0
presidents-cup-europe-2025	Senior Men -63kg	R64	804	TZOURAS Georgios	GRE	KAYA Emir Can	TUR	PTF	2:0
presidents-cup-europe-2025	Senior Men -63kg	R64	904	TAHMAZOV Fuad	AZE	MERDANAJ Ernest	ALB	PTF	2:1
presidents-cup-europe-2025	Senior Men -63kg	R64	1003	SIMEONOV Martin	BUL	CARANGIO Francesco	ITA	PTF	2:0
presidents-cup-europe-2025	Senior Men -63kg	R64	1004	LO Daniel	ITA	SANTELLA Alessio	ITA	PTF	2:1
presidents-cup-europe-2025	Senior Men -63kg	R32	120	BORGEN Kristian storsul	NOR	SIMEONOV Martin	BUL	PTF	2:0
presidents-cup-europe-2025	Senior Men -63kg	R32	121	CAPUANO Lorenzo	FRA	TORKHANI Ibrahim ben ahmed	DEN	PTF	2:0
presidents-cup-europe-2025	Senior Men -63kg	R32	220	AYDOGAN Hamza osman	TUR	WOOLLEY Jack	ESP	PTF	2:1
presidents-cup-europe-2025	Senior Men -63kg	R32	221	BARETTA Dennis	ITA	TZOURAS Georgios	GRE	PTF	2:0
presidents-cup-europe-2025	Senior Men -63kg	R32	320	ALTARYREH Mahmoud	JOR	SUSILUOTO Otto	FIN	PTF	2:0
presidents-cup-europe-2025	Senior Men -63kg	R32	321	JULES Nathan	FRA	TAHMAZOV Fuad	AZE	PTF	2:0
presidents-cup-europe-2025	Senior Men -63kg	R32	420	SALIM Omar gergely	HUN	FUNKENDORF Vladyslav	UKR	PTF	2:0
presidents-cup-europe-2025	Senior Men -63kg	R32	421	LO Daniel	ITA	IURLARO Ludovico	ITA	PTF	2:1
presidents-cup-europe-2025	Senior Men -63kg	R32	520	RAVET Cyrian	FRA	BANDAREVICH Maksim	AIN	PTF	2:0
presidents-cup-europe-2025	Senior Men -63kg	R32	521	DJONKO Ibrahim	BIH	SAFARYN Piotr	POL	PTF	2:0
presidents-cup-europe-2025	Senior Men -63kg	R32	620	MIRZOIEV Samir	UKR	SANTINELLI Christian	ITA	PTF	2:0
presidents-cup-europe-2025	Senior Men -63kg	R32	621	VICENTE Adrian	ESP	MIHAJLOVIC Vuk	SRB	PTF	2:0
presidents-cup-europe-2025	Senior Men -63kg	R32	720	OSIN Maksim	AIN	PAPIEROWSKI Dominik	POL	PTF	2:0
presidents-cup-europe-2025	Senior Men -63kg	R32	820	DAYIOGLU Omer faruk	TUR	GOKMEN Enes Malik	TUR	PTF	2:0
presidents-cup-europe-2025	Senior Men -63kg	R32	920	KAVTARADZE Beka	GEO	DEINICHENKO Aleksandr	AIN	PTF	2:0
presidents-cup-europe-2025	Senior Men -63kg	R32	1020	FLEGAR Jan	CRO	MAGOMEDOV Gashim	AZE	WDR	1:1
presidents-cup-europe-2025	Senior Men -63kg	R16	138	LO Daniel	ITA	JULES Nathan	FRA	PTF	2:1
presidents-cup-europe-2025	Senior Men -63kg	R16	238	VICENTE Adrian	ESP	DJONKO Ibrahim	BIH	PTF	2:0
presidents-cup-europe-2025	Senior Men -63kg	R16	537	AYDOGAN Hamza osman	TUR	BORGEN Kristian storsul	NOR	PTF	2:1
presidents-cup-europe-2025	Senior Men -63kg	R16	637	SALIM Omar gergely	HUN	ALTARYREH Mahmoud	JOR	PTF	2:0
presidents-cup-europe-2025	Senior Men -63kg	R16	737	MIRZOIEV Samir	UKR	RAVET Cyrian	FRA	PTF	2:1
presidents-cup-europe-2025	Senior Men -63kg	R16	837	OSIN Maksim	AIN	DAYIOGLU Omer faruk	TUR	PTF	2:0
presidents-cup-europe-2025	Senior Men -63kg	R16	937	FLEGAR Jan	CRO	KAVTARADZE Beka	GEO	PTF	2:0
presidents-cup-europe-2025	Senior Men -63kg	R16	1037	BARETTA Dennis	ITA	CAPUANO Lorenzo	FRA	PTF	2:0
presidents-cup-europe-2025	Senior Men -63kg	QF	346	AYDOGAN Hamza osman	TUR	SALIM Omar gergely	HUN	PTF	2:0
presidents-cup-europe-2025	Senior Men -63kg	QF	446	OSIN Maksim	AIN	MIRZOIEV Samir	UKR	PTF	2:1
presidents-cup-europe-2025	Senior Men -63kg	QF	546	BARETTA Dennis	ITA	FLEGAR Jan	CRO	PTF	2:0
presidents-cup-europe-2025	Senior Men -63kg	QF	646	VICENTE Adrian	ESP	LO Daniel	ITA	PTF	2:0
presidents-cup-europe-2025	Senior Men -63kg	SF	750	AYDOGAN Hamza osman	TUR	OSIN Maksim	AIN	PTF	2:1
presidents-cup-europe-2025	Senior Men -63kg	SF	850	VICENTE Adrian	ESP	BARETTA Dennis	ITA	PTF	2:0
presidents-cup-europe-2025	Senior Men -63kg	F	952	VICENTE Adrian	ESP	AYDOGAN Hamza osman	TUR	PTF	2:1
presidents-cup-europe-2025	Senior Men -68kg	R64	103	MIATLITSKI Matsvei	AIN	STAU Max	DEN	PTF	2:0
presidents-cup-europe-2025	Senior Men -68kg	R64	203	SHIRALIYEV Riyad	AZE	ZIOGAS Andreas Neoklis	GRE	PTF	2:0
presidents-cup-europe-2025	Senior Men -68kg	R64	302	BARKOF Alexandros	GRE	DALVA Joel	ESP	PTF	2:0
presidents-cup-europe-2025	Senior Men -68kg	R64	303	GOLEMAC Nikola	DEN	TURKULJ Uros	SRB	PTF	2:0
presidents-cup-europe-2025	Senior Men -68kg	R64	402	DJONKO Muhamed	BIH	FINDZIUKEVICH Ivan	AIN	PTF	2:0
presidents-cup-europe-2025	Senior Men -68kg	R64	403	TCAKOEV Sarmat	AIN	AGUSHI Elion	KOS	PTF	2:0
presidents-cup-europe-2025	Senior Men -68kg	R64	502	DANILOV Ilia	AIN	SALIMOV Vasif	AZE	PTF	2:0
presidents-cup-europe-2025	Senior Men -68kg	R64	503	JAKOBSEN Carl cai brink	DEN	MORADI Erfan	IRL	PTF	1:1
presidents-cup-europe-2025	Senior Men -68kg	R64	602	COSGUNGONUL Bugra	TUR	USCIMIUK Sebastian	POL	PTF	2:0
presidents-cup-europe-2025	Senior Men -68kg	R64	603	PERCIN Emir	TUR	PAPPAS Lampros	GRE	PTF	2:0
presidents-cup-europe-2025	Senior Men -68kg	R64	702	LUPO Davide	ITA	ALBERT Ivan	ESP	PTF	2:1
presidents-cup-europe-2025	Senior Men -68kg	R64	703	SZUKALSKI Bartosz	POL	MAKHOUKH Mazine	FRA	DSQ	
presidents-cup-europe-2025	Senior Men -68kg	R64	802	MIRZOIEV Simur	UKR	ARTAMONOV Mikhail	AIN	PTF	2:0
presidents-cup-europe-2025	Senior Men -68kg	R64	803	MANDIC Milos	SRB	ANDREOLI Gabriele	ITA	PTF	2:0
presidents-cup-europe-2025	Senior Men -68kg	R64	902	GIORDANO Riccardo	ITA	SETTA Hamad	DEN	PTF	2:0
presidents-cup-europe-2025	Senior Men -68kg	R64	903	MAGERRAMOV Dzhavid	AIN	MAGERRAMOV D.(AIN) (34) POLCZYNSKI Adam	POL	PTF	2:1
presidents-cup-europe-2025	Senior Men -68kg	R64	1002	BURUSIC Marko	SRB	KOVTUN Pavel	AIN	PTF	2:0
presidents-cup-europe-2025	Senior Men -68kg	R32	119	GLASNOVIC Leon	CRO	BURUSIC Marko	SRB	PTF	2:0
presidents-cup-europe-2025	Senior Men -68kg	R32	219	CREP Matija	CRO	MIATLITSKI Matsvei	AIN	PTF	2:0
presidents-cup-europe-2025	Senior Men -68kg	R32	319	VYKOV Amir	AIN	SHIRALIYEV Riyad	AZE	PTF	2:0
presidents-cup-europe-2025	Senior Men -68kg	R32	419	CHRZANOWSKI Mateusz	POL	GOLEMAC Nikola	DEN	PTF	2:1
presidents-cup-europe-2025	Senior Men -68kg	R32	518	LUCIEN Theo	FRA	BARKOF Alexandros	GRE	PTF	2:0
presidents-cup-europe-2025	Senior Men -68kg	R32	519	TCAKOEV Sarmat	AIN	SPEIGHT Leo	ISL	PTF	2:0
presidents-cup-europe-2025	Senior Men -68kg	R32	618	DANILOV Ilia	AIN	DJONKO Muhamed	BIH	PTF	2:0
presidents-cup-europe-2025	Senior Men -68kg	R32	619	KRAJISNIK Zarko	SRB	JAKOBSEN Carl cai brink	DEN	PTF	2:0
presidents-cup-europe-2025	Senior Men -68kg	R32	718	COSGUNGONUL Bugra	TUR	RECBER Hakan	TUR	PTF	2:0
presidents-cup-europe-2025	Senior Men -68kg	R32	719	ABAD Iker	ESP	PERCIN Emir	TUR	PTF	2:0
presidents-cup-europe-2025	Senior Men -68kg	R32	818	ERER Berkay	TUR	LUPO Davide	ITA	PTF	2:1
presidents-cup-europe-2025	Senior Men -68kg	R32	819	SALANOVA Adrian	ESP	SZUKALSKI Bartosz	POL	PTF	2:0
presidents-cup-europe-2025	Senior Men -68kg	R32	918	MIRZOIEV Simur	UKR	ALAPHILIPPE Souleyman	FRA	PTF	2:0
presidents-cup-europe-2025	Senior Men -68kg	R32	919	MANDIC Milos	SRB	BYSTROV Volodymyr	UKR	PTF	2:0
presidents-cup-europe-2025	Senior Men -68kg	R32	1018	HOWELL Matthew	GBR	GIORDANO Riccardo	ITA	PTF	2:0
presidents-cup-europe-2025	Senior Men -68kg	R32	1019	JORQUERA Joan	ESP	MAGERRAMOV Dzhavid	AIN	PTF	2:0
presidents-cup-europe-2025	Senior Men -68kg	R16	137	VYKOV Amir	AIN	CHRZANOWSKI Mateusz	POL	PTF	2:1
presidents-cup-europe-2025	Senior Men -68kg	R16	237	KRAJISNIK Zarko	SRB	TCAKOEV Sarmat	AIN	PTF	2:0
presidents-cup-europe-2025	Senior Men -68kg	R16	337	ABAD Iker	ESP	SALANOVA Adrian	ESP	PTF	2:0
presidents-cup-europe-2025	Senior Men -68kg	R16	437	JORQUERA Joan	ESP	MANDIC Milos	SRB	PTF	2:0
presidents-cup-europe-2025	Senior Men -68kg	R16	736	DANILOV Ilia	AIN	LUCIEN Theo	FRA	PTF	2:0
presidents-cup-europe-2025	Senior Men -68kg	R16	836	ERER Berkay	TUR	COSGUNGONUL Bugra	TUR	PTF	2:0
presidents-cup-europe-2025	Senior Men -68kg	R16	936	HOWELL Matthew	GBR	MIRZOIEV Simur	UKR	PTF	2:0
presidents-cup-europe-2025	Senior Men -68kg	R16	1036	CREP Matija	CRO	GLASNOVIC Leon	CRO	PTF	2:0
presidents-cup-europe-2025	Senior Men -68kg	QF	146	VYKOV Amir	AIN	KRAJISNIK Zarko	SRB	PTF	2:0
presidents-cup-europe-2025	Senior Men -68kg	QF	246	ABAD Iker	ESP	JORQUERA Joan	ESP	PTF	2:0
presidents-cup-europe-2025	Senior Men -68kg	QF	945	ERER Berkay	TUR	DANILOV Ilia	AIN	PTF	2:1
presidents-cup-europe-2025	Senior Men -68kg	QF	1045	HOWELL Matthew	GBR	CREP Matija	CRO	PTF	2:1
presidents-cup-europe-2025	Senior Men -68kg	SF	550	HOWELL Matthew	GBR	ERER Berkay	TUR	PTF	2:1
presidents-cup-europe-2025	Senior Men -68kg	SF	650	VYKOV Amir	AIN	ABAD Iker	ESP	PTF	2:0
presidents-cup-europe-2025	Senior Men -68kg	F	852	VYKOV Amir	AIN	HOWELL Matthew	GBR	PTF	2:0
presidents-cup-europe-2025	Senior Men -74kg	R64	102	TSOLAS Themistoklis	GRE	KOMATINA Ognjen	MNE	PTF	2:0
presidents-cup-europe-2025	Senior Men -74kg	R64	202	AGHAYEV Javad	AZE	LONCAR Nikola	SRB	PTF	2:0
presidents-cup-europe-2025	Senior Men -74kg	R64	601	PANASENKOV Kirill	AIN	GASHI Jon	KOS	PTF	2:0
presidents-cup-europe-2025	Senior Men -74kg	R64	701	BABAKHIN Artsiom	AIN	GEORGIEV Victor	BUL	PTF	2:0
presidents-cup-europe-2025	Senior Men -74kg	R64	801	LILOV Krasimir	BUL	TAYLOR Rayvaughn	GBR	PTF	2:0
presidents-cup-europe-2025	Senior Men -74kg	R64	901	ROSATO Thomas	ITA	SHADZEUSKI Yauheni	AIN	PTF	2:0
presidents-cup-europe-2025	Senior Men -74kg	R64	1001	OZDEMIR Eren	TUR	RASZKOWSKI Wiktor	POL	PTF	2:0
presidents-cup-europe-2025	Senior Men -74kg	R32	117	BALAKA Artem	UKR	AMRI Bassem	FRA	PTF	2:0
presidents-cup-europe-2025	Senior Men -74kg	R32	118	BECOVIC Zinedin	MNE	TSOLAS Themistoklis	GRE	PTF	2:1
presidents-cup-europe-2025	Senior Men -74kg	R32	217	GOLUBIC Marko	CRO	STAMENOV Stefan	BUL	PTF	2:0
presidents-cup-europe-2025	Senior Men -74kg	R32	218	ABDUSALAMOV Magomed	AIN	DAUROV Kadyrbech	AIN	PTF	2:1
presidents-cup-europe-2025	Senior Men -74kg	R32	317	POLAT Mehmet Kani	TUR	BABAKHIN Artsiom	AIN	PTF	2:0
presidents-cup-europe-2025	Senior Men -74kg	R32	318	SITTEK Tomas	CZE	KORSAK Mykhailo	UKR	PTF	2:1
presidents-cup-europe-2025	Senior Men -74kg	R32	417	FLOUSKOUNIS Charalampos	GRE	CHUMACHENKO Andrii	UKR	PTF	2:0
presidents-cup-europe-2025	Senior Men -74kg	R32	418	AGHAYEV Javad	AZE	JORGENSEN Otto	DEN	PTF	2:1
presidents-cup-europe-2025	Senior Men -74kg	R32	517	DUGAC Grga	CRO	CELIN Lyve-stone	FRA	PTF	2:0
presidents-cup-europe-2025	Senior Men -74kg	R32	617	TAKOV Stefan	SRB	LILOV Krasimir	BUL	PTF	2:0
presidents-cup-europe-2025	Senior Men -74kg	R32	717	DAWOUD Omer	DEN	ROSATO Thomas	ITA	PTF	2:0
presidents-cup-europe-2025	Senior Men -74kg	R32	817	QUESADA Daniel	ESP	CUDNOCH Lukasz	POL	PTF	
presidents-cup-europe-2025	Senior Men -74kg	R32	916	KINTSURASHVILI Zurab	GEO	PANASENKOV Kirill	AIN	PTF	2:0
presidents-cup-europe-2025	Senior Men -74kg	R32	917	KORPE Omer furkan	TUR	SAHITI Mal	KOS	PTF	2:0
presidents-cup-europe-2025	Senior Men -74kg	R32	1016	MANGIONE Angelo	ITA	PROCOPCIUC Lucian	POR	PTF	2:0
presidents-cup-europe-2025	Senior Men -74kg	R32	1017	OZDEMIR Eren	TUR	HUSIC Benjamin	BIH	PTF	2:1
presidents-cup-europe-2025	Senior Men -74kg	R16	136	POLAT Mehmet Kani	TUR	FLOUSKOUNIS Charalampos	GRE	PTF	2:0
presidents-cup-europe-2025	Senior Men -74kg	R16	236	TAKOV Stefan	SRB	DUGAC Grga	CRO	PTF	2:0
presidents-cup-europe-2025	Senior Men -74kg	R16	336	QUESADA Daniel	ESP	DAWOUD Omer	DEN	PTF	2:1
presidents-cup-europe-2025	Senior Men -74kg	R16	436	KORPE Omer furkan	TUR	OZDEMIR Eren	TUR	PTF	2:1
presidents-cup-europe-2025	Senior Men -74kg	R16	536	ABDUSALAMOV Magomed	AIN	BECOVIC Zinedin	MNE	PTF	2:0
presidents-cup-europe-2025	Senior Men -74kg	R16	636	AGHAYEV Javad	AZE	SITTEK Tomas	CZE	PTF	2:1
presidents-cup-europe-2025	Senior Men -74kg	R16	935	KINTSURASHVILI Zurab	GEO	MANGIONE Angelo	ITA	PTF	2:0
presidents-cup-europe-2025	Senior Men -74kg	R16	1035	BALAKA Artem	UKR	GOLUBIC Marko	CRO	PTF	2:1
presidents-cup-europe-2025	Senior Men -74kg	QF	545	KINTSURASHVILI Zurab	GEO	BALAKA Artem	UKR	PTF	2:1
presidents-cup-europe-2025	Senior Men -74kg	QF	645	POLAT Mehmet Kani	TUR	TAKOV Stefan	SRB	PTF	2:0
presidents-cup-europe-2025	Senior Men -74kg	QF	745	QUESADA Daniel	ESP	KORPE Omer furkan	TUR	PTF	2:1
presidents-cup-europe-2025	Senior Men -74kg	QF	845	ABDUSALAMOV Magomed	AIN	AGHAYEV Javad	AZE	PTF	2:0
presidents-cup-europe-2025	Senior Men -74kg	SF	350	POLAT Mehmet Kani	TUR	KINTSURASHVILI Zurab	GEO	PTF	2:1
presidents-cup-europe-2025	Senior Men -74kg	SF	450	ABDUSALAMOV Magomed	AIN	QUESADA Daniel	ESP	PTF	1:1
presidents-cup-europe-2025	Senior Men -74kg	F	752	ABDUSALAMOV Magomed	AIN	POLAT Mehmet Kani	TUR	PTF	2:0
presidents-cup-europe-2025	Senior Men -80kg	R64	101	ARIK Hasan	TUR	TSARANOV Nikita	AIN	PTF	2:0
presidents-cup-europe-2025	Senior Men -80kg	R64	201	AYAZ Alperen	TUR	BENITEZ DONATE Alejandro	ESP	PTF	2:0
presidents-cup-europe-2025	Senior Men -80kg	R64	301	MYTAREV Artem	AIN	RIBAUDO Lorenzo	ITA	PTF	2:0
presidents-cup-europe-2025	Senior Men -80kg	R64	401	KASAP Isa Berk	TUR	SULU Idris Atay	TUR	PTF	2:1
presidents-cup-europe-2025	Senior Men -80kg	R64	501	MALLO Iago	ESP	QUINTERO Ian Rodrigo	MEX	PTF	2:0
presidents-cup-europe-2025	Senior Men -80kg	R32	116	MANSOURI Farzad	TRT	KASAP Isa Berk	TUR	PTF	2:0
presidents-cup-europe-2025	Senior Men -80kg	R32	216	HRGOTA Leon	CRO	ALIPOUR Sohrab	GBR	PTF	2:0
presidents-cup-europe-2025	Senior Men -80kg	R32	315	KOVACIC Oscar	CRO	ARIK Hasan	TUR	PTF	2:1
presidents-cup-europe-2025	Senior Men -80kg	R32	316	ODINAEV Rustam	SRB	ALADARBI Mohammad	JOR	PTF	2:0
presidents-cup-europe-2025	Senior Men -80kg	R32	415	GERRONE Antonio	ITA	THUNE Sebastian	NOR	PTF	2:0
presidents-cup-europe-2025	Senior Men -80kg	R32	416	SZADKOWSKI Michal	POL	BALCIUNAS Gabijus	LTU	PTF	2:0
presidents-cup-europe-2025	Senior Men -80kg	R32	515	SULEYMANOV Taleh	AZE	MILAN CANOVAS Juan antonio	ESP	PTF	2:1
presidents-cup-europe-2025	Senior Men -80kg	R32	516	SAHIN Muhammed Enes	TUR	FERNANDEZ Mikel	ESP	PTF	2:1
presidents-cup-europe-2025	Senior Men -80kg	R32	615	SLEPOV Stepan	AIN	RAMAZANOV Karim	AIN	PTF	2:0
presidents-cup-europe-2025	Senior Men -80kg	R32	616	TURAVINAU Raman	AIN	NIKOLIC Matej	CRO	PTF	2:0
presidents-cup-europe-2025	Senior Men -80kg	R32	715	HURNOV Kyrylo	UKR	AYAZ Alperen	TUR	PTF	2:0
presidents-cup-europe-2025	Senior Men -80kg	R32	716	KOVAC Ante	CRO	KNIGHT-MITCHELL Dantrell	GBR	PTF	2:0
presidents-cup-europe-2025	Senior Men -80kg	R32	815	BUDIN Vladislav	AIN	KILIC Yigithan	TUR	PTF	2:0
presidents-cup-europe-2025	Senior Men -80kg	R32	816	RUIZ Ramon	ESP	MALLO Iago	ESP	PTF	2:1
presidents-cup-europe-2025	Senior Men -80kg	R32	915	ANGELL Zak	GBR	PERUNICI'C Vasilij	MNE	PTF	2:1
presidents-cup-europe-2025	Senior Men -80kg	R32	1015	MYTAREV Artem	AIN	GONZALEZ Alejandro	ESP	PTF	2:0
presidents-cup-europe-2025	Senior Men -80kg	R16	135	KOVACIC Oscar	CRO	GERRONE Antonio	ITA	PTF	2:0
presidents-cup-europe-2025	Senior Men -80kg	R16	235	SLEPOV Stepan	AIN	SULEYMANOV Taleh	AZE	PTF	2:0
presidents-cup-europe-2025	Senior Men -80kg	R16	335	HURNOV Kyrylo	UKR	BUDIN Vladislav	AIN	PTF	2:1
presidents-cup-europe-2025	Senior Men -80kg	R16	435	MYTAREV Artem	AIN	ANGELL Zak	GBR	PTF	2:0
presidents-cup-europe-2025	Senior Men -80kg	R16	535	HRGOTA Leon	CRO	MANSOURI Farzad	TRT	PTF	2:1
presidents-cup-europe-2025	Senior Men -80kg	R16	635	ODINAEV Rustam	SRB	SZADKOWSKI Michal	POL	PTF	2:0
presidents-cup-europe-2025	Senior Men -80kg	R16	735	TURAVINAU Raman	AIN	SAHIN Muhammed Enes	TUR	PTF	2:0
presidents-cup-europe-2025	Senior Men -80kg	R16	835	KOVAC Ante	CRO	RUIZ Ramon	ESP	PTF	2:1
presidents-cup-europe-2025	Senior Men -80kg	QF	145	KOVACIC Oscar	CRO	SLEPOV Stepan	AIN	PTF	2:0
presidents-cup-europe-2025	Senior Men -80kg	QF	245	MYTAREV Artem	AIN	HURNOV Kyrylo	UKR	PTF	2:0
presidents-cup-europe-2025	Senior Men -80kg	QF	345	HRGOTA Leon	CRO	ODINAEV Rustam	SRB	PTF	2:0
presidents-cup-europe-2025	Senior Men -80kg	QF	445	TURAVINAU Raman	AIN	KOVAC Ante	CRO	PTF	2:1
presidents-cup-europe-2025	Senior Men -80kg	SF	150	MYTAREV Artem	AIN	KOVACIC Oscar	CRO	PTF	2:0
presidents-cup-europe-2025	Senior Men -80kg	SF	250	TURAVINAU Raman	AIN	HRGOTA Leon	CRO	PTF	2:0
presidents-cup-europe-2025	Senior Men -80kg	F	652	TURAVINAU Raman	AIN	MYTAREV Artem	AIN	WDR	
presidents-cup-europe-2025	Senior Men -87kg	R32	110	NUCI Erol	BIH	GOLUBOVIC Milos	SRB	PTF	2:0
presidents-cup-europe-2025	Senior Men -87kg	R32	111	NAVARRO Oscar	MEX	PRYAZHNIKOV Alexander	AIN	PTF	2:0
presidents-cup-europe-2025	Senior Men -87kg	R32	210	HARBAR Artem	UKR	LIUBINSKI Stsiapan	AIN	PTF	2:0
presidents-cup-europe-2025	Senior Men -87kg	R32	310	GAFAROV Eltaj	AZE	BRANTUSA Roko	CRO	PTF	2:0
presidents-cup-europe-2025	Senior Men -87kg	R32	410	SENOL Yusuf	TUR	STOJANOVIC Stefan	SRB	PTF	2:0
presidents-cup-europe-2025	Senior Men -87kg	R32	510	BOUZID Ismael	FRA	SASMAZTIN Ege	TUR	PTF	2:0
presidents-cup-europe-2025	Senior Men -87kg	R32	610	BILIC Josip	CRO	THEOCHAROUS Andreas	CYP	PTF	2:0
presidents-cup-europe-2025	Senior Men -87kg	R32	710	BAILEY Kelen	HUN	KRPAN Vito	CRO	PTF	2:0
presidents-cup-europe-2025	Senior Men -87kg	R32	810	TROITINO Sergio	ESP	FOROSTIUK Matvii	UKR	PTF	2:1
presidents-cup-europe-2025	Senior Men -87kg	R32	909	KAMALOV Rafael	AIN	AJDUKOVIC Dimitrije	SRB	PTF	2:0
presidents-cup-europe-2025	Senior Men -87kg	R32	910	THOLIOTIS Vasileios	GRE	DOGRU Munir Furkan	TUR	PTF	2:0
presidents-cup-europe-2025	Senior Men -87kg	R32	1009	MEHNANA Nahil	FRA	YURKOU Daniil	AIN	PTF	2:0
presidents-cup-europe-2025	Senior Men -87kg	R32	1010	ATESLI Orkun	TUR	SIAULYS Emilis	LTU	PTF	2:0
presidents-cup-europe-2025	Senior Men -87kg	R16	130	ORDEMANN Richard andre	NOR	BILIC Josip	CRO	PTF	2:0
presidents-cup-europe-2025	Senior Men -87kg	R16	230	TROITINO Sergio	ESP	BAILEY Kelen	HUN	PTF	2:0
presidents-cup-europe-2025	Senior Men -87kg	R16	330	ATESLI Orkun	TUR	THOLIOTIS Vasileios	GRE	PTF	2:1
presidents-cup-europe-2025	Senior Men -87kg	R16	430	ALESSIO Simone	ITA	NAVARRO Oscar	MEX	PTF	2:0
presidents-cup-europe-2025	Senior Men -87kg	R16	729	PIATKOWSKI Szymon	POL	KAMALOV Rafael	AIN	PTF	2:0
presidents-cup-europe-2025	Senior Men -87kg	R16	829	MEHNANA Nahil	FRA	NUCI Erol	BIH	PTF	2:1
presidents-cup-europe-2025	Senior Men -87kg	R16	929	HARBAR Artem	UKR	GAFAROV Eltaj	AZE	PTF	2:0
presidents-cup-europe-2025	Senior Men -87kg	R16	1029	BOUZID Ismael	FRA	SENOL Yusuf	TUR	PTF	2:0
presidents-cup-europe-2025	Senior Men -87kg	QF	342	PIATKOWSKI Szymon	POL	MEHNANA Nahil	FRA	PTF	2:0
presidents-cup-europe-2025	Senior Men -87kg	QF	442	HARBAR Artem	UKR	BOUZID Ismael	FRA	PTF	2:0
presidents-cup-europe-2025	Senior Men -87kg	QF	542	ORDEMANN Richard andre	NOR	TROITINO Sergio	ESP	PTF	2:1
presidents-cup-europe-2025	Senior Men -87kg	QF	642	ALESSIO Simone	ITA	ATESLI Orkun	TUR	WDR	1:0
presidents-cup-europe-2025	Senior Men -87kg	SF	748	HARBAR Artem	UKR	PIATKOWSKI Szymon	POL	PTF	2:0
presidents-cup-europe-2025	Senior Men -87kg	SF	848	ALESSIO Simone	ITA	ORDEMANN Richard andre	NOR	PTF	2:0
presidents-cup-europe-2025	Senior Men -87kg	F	951	ALESSIO Simone	ITA	HARBAR Artem	UKR	WDR	1:0
presidents-cup-europe-2025	Senior Men +87kg	R16	134	TARCHYLA Aliaksei	AIN	PLONIS Artsiom	AIN	PTF	2:0
presidents-cup-europe-2025	Senior Men +87kg	R16	234	LARIN Vladislav	AIN	HARBAR Andrii	UKR	PTF	2:0
presidents-cup-europe-2025	Senior Men +87kg	R16	334	BICER Enbiya taha	TUR	BADRIALIABADI Hamidreza	AZE	WDR	1:0
presidents-cup-europe-2025	Senior Men +87kg	R16	434	GEORGIEVSKI D.(MKD) (2) GEORGIEVSKI Dejan	MKD	BYELOUS Eric	ESP	PTF	2:1
presidents-cup-europe-2025	Senior Men +87kg	R16	733	GARCIA Ivan	ESP	DAVIDOVICH Aliaksei	AIN	PTF	2:0
presidents-cup-europe-2025	Senior Men +87kg	R16	833	ATESLI Emre kutalmis	TUR	DEMIRCIOGLU Huseyin berat	TUR	PTF	2:1
presidents-cup-europe-2025	Senior Men +87kg	R16	933	CORREDOR Raul	ESP	BUIDZE Davit	GEO	PTF	2:0
presidents-cup-europe-2025	Senior Men +87kg	R16	1033	AIUKAEV Rafail	AIN	SIMSEK Rahmet Baran	TUR	PTF	2:0
presidents-cup-europe-2025	Senior Men +87kg	QF	344	GARCIA Ivan	ESP	ATESLI Emre kutalmis	TUR	PTF	2:0
presidents-cup-europe-2025	Senior Men +87kg	QF	444	AIUKAEV Rafail	AIN	CORREDOR Raul	ESP	PTF	2:1
presidents-cup-europe-2025	Senior Men +87kg	QF	544	LARIN Vladislav	AIN	TARCHYLA Aliaksei	AIN	PTF	2:0
presidents-cup-europe-2025	Senior Men +87kg	QF	644	BICER Enbiya taha	TUR	GEORGIEVSKI D.(MKD) (2) GEORGIEVSKI Dejan	MKD	PTF	2:0
presidents-cup-europe-2025	Senior Men +87kg	SF	749	AIUKAEV Rafail	AIN	GARCIA Ivan	ESP	PTF	2:0
presidents-cup-europe-2025	Senior Men +87kg	SF	849	LARIN Vladislav	AIN	BICER Enbiya taha	TUR	PTF	2:0
presidents-cup-europe-2025	Senior Men +87kg	F	452	AIUKAEV Rafail	AIN	LARIN Vladislav	AIN	PTF	2:1
presidents-cup-europe-2025	Senior Women -46kg	R32	115	SALIM Kamilah	HUN	AKULAVA Darya	AIN	PTF	2:0
presidents-cup-europe-2025	Senior Women -46kg	R32	215	AKBAROVA Minaya	AZE	POURYOUNES Dina	NED	PTF	2:0
presidents-cup-europe-2025	Senior Women -46kg	R32	514	BEKULOVA Milana	AIN	ARTAMONOVA Anastasiia	AIN	PTF	2:0
presidents-cup-europe-2025	Senior Women -46kg	R32	614	ZAMPETTI Sofia	ITA	RUGG Shannan	GBR	PTF	2:0
presidents-cup-europe-2025	Senior Women -46kg	R32	714	GULIYEVA Salima	AZE	ZHYTNIKAVA Vitaliya	AIN	PTF	2:0
presidents-cup-europe-2025	Senior Women -46kg	R32	814	VALINEZHAD Hasti	IRI	YILMAZ Damla nur	TUR	PTF	2:0
presidents-cup-europe-2025	Senior Women -46kg	R32	914	ANGELOVA Alisa	AIN	KRASKA Maja	POL	PTF	2:0
presidents-cup-europe-2025	Senior Women -46kg	R32	1014	BRAJOVIC Iva	SRB	PRPIC Sara	CRO	PTF	2:0
presidents-cup-europe-2025	Senior Women -46kg	R16	133	GOGEBAKAN Emine	TUR	GULIYEVA Salima	AZE	PTF	2:0
presidents-cup-europe-2025	Senior Women -46kg	R16	233	BERTAGNIN Elisa	ITA	VALINEZHAD Hasti	IRI	PTF	2:1
presidents-cup-europe-2025	Senior Women -46kg	R16	333	ANGELOVA Alisa	AIN	BARROSO Kiara	POR	PTF	2:0
presidents-cup-europe-2025	Senior Women -46kg	R16	433	CHOI Etta	GBR	BRAJOVIC Iva	SRB	PTF	2:0
presidents-cup-europe-2025	Senior Women -46kg	R16	533	SALIM Kamilah	HUN	GALIERO Giulia	ITA	PTF	2:0
presidents-cup-europe-2025	Senior Women -46kg	R16	633	AKBAROVA Minaya	AZE	MAKAS Dzejla	BIH	PTF	2:1
presidents-cup-europe-2025	Senior Women -46kg	R16	932	BEKULOVA Milana	AIN	OKAZAKI Hinata	JPN	PTF	2:0
presidents-cup-europe-2025	Senior Women -46kg	R16	1032	GEORGIOU Melina	GRE	ZAMPETTI Sofia	ITA	PTF	2:1
presidents-cup-europe-2025	Senior Women -46kg	QF	144	ANGELOVA Alisa	AIN	CHOI Etta	GBR	PTF	2:0
presidents-cup-europe-2025	Senior Women -46kg	QF	244	SALIM Kamilah	HUN	AKBAROVA Minaya	AZE	PTF	2:0
presidents-cup-europe-2025	Senior Women -46kg	QF	943	BEKULOVA Milana	AIN	GEORGIOU Melina	GRE	PTF	2:1
presidents-cup-europe-2025	Senior Women -46kg	QF	1043	GOGEBAKAN Emine	TUR	BERTAGNIN Elisa	ITA	PTF	2:0
presidents-cup-europe-2025	Senior Women -46kg	SF	549	BEKULOVA Milana	AIN	GOGEBAKAN Emine	TUR	PTF	2:0
presidents-cup-europe-2025	Senior Women -46kg	SF	649	ANGELOVA Alisa	AIN	SALIM Kamilah	HUN	WDR	2:0
presidents-cup-europe-2025	Senior Women -46kg	F	352	BEKULOVA Milana	AIN	ANGELOVA Alisa	AIN	PTF	2:0
presidents-cup-europe-2025	Senior Women -49kg	R32	114	KRAJEWSKA Nikola	POL	YILDIZ Melissa	TUR	PTF	2:1
presidents-cup-europe-2025	Senior Women -49kg	R32	214	GOODMAN Phoenix	GBR	GOLES Petra	CRO	PTF	2:1
presidents-cup-europe-2025	Senior Women -49kg	R32	314	DIAZ Violeta	ESP	MAESTRO Virginia	ITA	PTF	2:0
presidents-cup-europe-2025	Senior Women -49kg	R32	414	GURBUZ Hayrunnisa	TUR	GUNDUZ Canan	TUR	PTF	2:0
presidents-cup-europe-2025	Senior Women -49kg	R32	513	EREMINA Viktoriya	AIN	KLISOWSKA Zuzanna	POL	PTF	2:0
presidents-cup-europe-2025	Senior Women -49kg	R32	613	KOKOC Zeynep Duru	TUR	MILIC Milica	SRB	PTF	2:0
presidents-cup-europe-2025	Senior Women -49kg	R32	713	LINAN Naiara	AND	BRIGNOLI Sofia	ITA	PTF	2:0
presidents-cup-europe-2025	Senior Women -49kg	R32	813	MEDVEDEVA Galina	AIN	ROGOZINA Irina	AIN	PTF	2:0
presidents-cup-europe-2025	Senior Women -49kg	R32	913	BRYHIDA Erika	UKR	ZVEREVA Mariia	AIN	PTF	2:1
presidents-cup-europe-2025	Senior Women -49kg	R32	1013	BAJER Wiktoria	POL	OSMANOVA Samarrukh	AZE	PTF	2:0
presidents-cup-europe-2025	Senior Women -49kg	R16	132	CEREZO Adriana	ESP	EREMINA Viktoriya	AIN	PTF	2:0
presidents-cup-europe-2025	Senior Women -49kg	R16	232	KOKOC Zeynep Duru	TUR	LINAN Naiara	AND	PTF	2:0
presidents-cup-europe-2025	Senior Women -49kg	R16	332	MEDVEDEVA Galina	AIN	FOFANA Mah teninba	FRA	PTF	2:0
presidents-cup-europe-2025	Senior Women -49kg	R16	432	MATONTI Ilenia elisabetta	ITA	BRYHIDA Erika	UKR	PTF	2:0
presidents-cup-europe-2025	Senior Women -49kg	R16	532	GEORGIEVA Aleksandra	BUL	BAJER Wiktoria	POL	PTF	2:0
presidents-cup-europe-2025	Senior Women -49kg	R16	632	KRAJEWSKA Alicja	POL	KRAJEWSKA Nikola	POL	WDR	1:0
presidents-cup-europe-2025	Senior Women -49kg	R16	732	DIAZ Violeta	ESP	GOODMAN Phoenix	GBR	PTF	2:0
presidents-cup-europe-2025	Senior Women -49kg	R16	832	GURBUZ Hayrunnisa	TUR	AKGUL Elif sude	TUR	PTF	2:1
presidents-cup-europe-2025	Senior Women -49kg	QF	543	CEREZO Adriana	ESP	KOKOC Zeynep Duru	TUR	PTF	2:0
presidents-cup-europe-2025	Senior Women -49kg	QF	643	MEDVEDEVA Galina	AIN	MATONTI Ilenia elisabetta	ITA	PTF	2:1
presidents-cup-europe-2025	Senior Women -49kg	QF	743	KRAJEWSKA Alicja	POL	GEORGIEVA Aleksandra	BUL	PTF	2:0
presidents-cup-europe-2025	Senior Women -49kg	QF	843	GURBUZ Hayrunnisa	TUR	DIAZ Violeta	ESP	PTF	2:1
presidents-cup-europe-2025	Senior Women -49kg	SF	349	MEDVEDEVA Galina	AIN	CEREZO Adriana	ESP	PTF	2:1
presidents-cup-europe-2025	Senior Women -49kg	SF	449	GURBUZ Hayrunnisa	TUR	KRAJEWSKA Alicja	POL	PTF	2:1
presidents-cup-europe-2025	Senior Women -49kg	F	252	MEDVEDEVA Galina	AIN	GURBUZ Hayrunnisa	TUR	PTF	2:1
presidents-cup-europe-2025	Senior Women -53kg	R64	209	ALIEVA Margarita	AIN	NIKOLOVA Victoria	BUL	PTF	2:0
presidents-cup-europe-2025	Senior Women -53kg	R64	309	SAROKINA Uladzislava	AIN	MAMMADOVA Maryam	AZE	PTF	2:1
presidents-cup-europe-2025	Senior Women -53kg	R64	409	BEZIRGANCI Azra	TUR	DE Ioanna	GRE	PTF	2:0
presidents-cup-europe-2025	Senior Women -53kg	R64	509	GUNEY Rabia	TUR	MUSICKI Jovana	SRB	PTF	2:0
presidents-cup-europe-2025	Senior Women -53kg	R64	609	MCKEW Jodie	GBR	MARINIC Tara	CRO	PTF	2:0
presidents-cup-europe-2025	Senior Women -53kg	R64	709	CHESALKINA Iryna	UKR	TURAN Sila zeynep	TUR	PTF	2:0
presidents-cup-europe-2025	Senior Women -53kg	R64	809	LEVAKOVA Veronika	AIN	RADOVANOVIC Ana	SRB	PTF	2:0
presidents-cup-europe-2025	Senior Women -53kg	R32	128	PEREZ Alma Maria	ESP	ALIEVA Margarita	AIN	PTF	2:1
presidents-cup-europe-2025	Senior Women -53kg	R32	129	STANKOVIC Vanja	SRB	OLESZCZUK Lucja	POL	PTF	2:0
presidents-cup-europe-2025	Senior Women -53kg	R32	228	KLAKALA Magdalini	GRE	IBARS Anna	ESP	PTF	2:0
presidents-cup-europe-2025	Senior Women -53kg	R32	229	DINCEL Merve	TUR	MCKEW Jodie	GBR	PTF	2:1
presidents-cup-europe-2025	Senior Women -53kg	R32	328	PAGANI Iris vasiliki	GRE	SPASOJEVIC Sara	CRO	PTF	2:0
presidents-cup-europe-2025	Senior Women -53kg	R32	329	MEIŠTININKAITĖ Gerda	LTU	CHESALKINA Iryna	UKR	PTF	2:1
presidents-cup-europe-2025	Senior Women -53kg	R32	428	SPEHAR Lea	CRO	WAEVERSTROM Signe wendt	DEN	PTF	2:0
presidents-cup-europe-2025	Senior Women -53kg	R32	429	OUHADI Rabab	MON	KHOBTAR Sofiia	UKR	PTF	2:0
presidents-cup-europe-2025	Senior Women -53kg	R32	528	SAROKINA Uladzislava	AIN	BONALS Laura	ESP	PTF	2:1
presidents-cup-europe-2025	Senior Women -53kg	R32	529	SUBBOTINA Anastasia	AIN	NISHIDA Mao	JPN	PTF	2:1
presidents-cup-europe-2025	Senior Women -53kg	R32	628	KRAISNIK Katarina	BIH	KIOSKEROGLOU Maria	GRE	PTF	2:0
presidents-cup-europe-2025	Senior Women -53kg	R32	629	LEVAKOVA Veronika	AIN	AVDAGIC Ada	BIH	PTF	2:1
presidents-cup-europe-2025	Senior Women -53kg	R32	728	AL Elisa	ITA	BUTTARELLI Aurelie	FRA	PTF	2:0
presidents-cup-europe-2025	Senior Women -53kg	R32	828	BOKAN Andrea	SRB	BEZIRGANCI Azra	TUR	PTF	2:0
presidents-cup-europe-2025	Senior Women -53kg	R32	928	DANIEL Melina	USA	GUNEY Rabia	TUR	PTF	2:1
presidents-cup-europe-2025	Senior Women -53kg	R32	1028	GARCIA Sofia	ESP	BENETTI Ines	FRA	PTF	2:1
presidents-cup-europe-2025	Senior Women -53kg	R16	142	MEIŠTININKAITĖ Gerda	LTU	OUHADI Rabab	MON	PTF	2:0
presidents-cup-europe-2025	Senior Women -53kg	R16	242	SUBBOTINA Anastasia	AIN	LEVAKOVA Veronika	AIN	PTF	2:1
presidents-cup-europe-2025	Senior Women -53kg	R16	541	PEREZ Alma Maria	ESP	KLAKALA Magdalini	GRE	PTF	2:1
presidents-cup-europe-2025	Senior Women -53kg	R16	641	SPEHAR Lea	CRO	PAGANI Iris vasiliki	GRE	PTF	2:1
presidents-cup-europe-2025	Senior Women -53kg	R16	741	KRAISNIK Katarina	BIH	SAROKINA Uladzislava	AIN	PTF	2:0
presidents-cup-europe-2025	Senior Women -53kg	R16	841	BOKAN Andrea	SRB	AL Elisa	ITA	PTF	2:0
presidents-cup-europe-2025	Senior Women -53kg	R16	941	GARCIA Sofia	ESP	DANIEL Melina	USA	PTF	2:0
presidents-cup-europe-2025	Senior Women -53kg	R16	1041	DINCEL Merve	TUR	STANKOVIC Vanja	SRB	PTF	2:0
presidents-cup-europe-2025	Senior Women -53kg	QF	348	SPEHAR Lea	CRO	PEREZ Alma Maria	ESP	PTF	2:1
presidents-cup-europe-2025	Senior Women -53kg	QF	448	BOKAN Andrea	SRB	KRAISNIK Katarina	BIH	PTF	2:0
presidents-cup-europe-2025	Senior Women -53kg	QF	548	DINCEL Merve	TUR	GARCIA Sofia	ESP	PTF	2:0
presidents-cup-europe-2025	Senior Women -53kg	QF	648	SUBBOTINA Anastasia	AIN	MEIŠTININKAITĖ Gerda	LTU	PTF	2:0
presidents-cup-europe-2025	Senior Women -53kg	SF	751	BOKAN Andrea	SRB	SPEHAR Lea	CRO	PTF	2:1
presidents-cup-europe-2025	Senior Women -53kg	SF	851	DINCEL Merve	TUR	SUBBOTINA Anastasia	AIN	PTF	2:0
presidents-cup-europe-2025	Senior Women -53kg	F	453	DINCEL Merve	TUR	BOKAN Andrea	SRB	PTF	2:1
presidents-cup-europe-2025	Senior Women -57kg	R64	108	TSALLOU Athanasia	GRE	STEVIC Kristina	SRB	PTF	2:1
presidents-cup-europe-2025	Senior Women -57kg	R64	109	MILIC Nikolina	SRB	KICINSKA Klaudia	POL	PTF	2:0
presidents-cup-europe-2025	Senior Women -57kg	R64	208	GYUNDYUZ Selen	TUR	DZARAGAZOVA Polina	AIN	PTF	2:0
presidents-cup-europe-2025	Senior Women -57kg	R64	308	UZUNCAVDAR Sila irmak	TUR	STAMENKOVIC Teodora	SRB	PTF	2:0
presidents-cup-europe-2025	Senior Women -57kg	R64	408	DILER Ruya	TUR	ZAVARYKINA Sofya	AIN	PTF	2:0
presidents-cup-europe-2025	Senior Women -57kg	R64	508	DURDU Eylul Mina	TUR	PRICOLO Marina	ITA	PTF	2:0
presidents-cup-europe-2025	Senior Women -57kg	R64	608	EFITSENKO Sofia	AIN	DE Alejandra	ESP	PTF	2:0
presidents-cup-europe-2025	Senior Women -57kg	R64	708	KANBUR Sevval Melek	TUR	MUSIELLO Giulia	ITA	PTF	2:0
presidents-cup-europe-2025	Senior Women -57kg	R64	808	KRIATSIOTI Anna maria	GRE	HANSEN Kaja husby	NOR	PTF	2:0
presidents-cup-europe-2025	Senior Women -57kg	R64	907	GUAITA Greta	ITA	TEMINA Paula	ESP	PTF	2:0
presidents-cup-europe-2025	Senior Women -57kg	R64	908	TUKIC Mia	CRO	FOGED Rosmarin pietak	DEN	PTF	2:0
presidents-cup-europe-2025	Senior Women -57kg	R64	1007	BETT Ava	GBR	BADMAEVA Dayana	AIN	PTF	2:0
presidents-cup-europe-2025	Senior Women -57kg	R64	1008	LISOWSKA Nikol	POL	PAPAZOGLOU Eleni	GRE	PTF	2:0
presidents-cup-europe-2025	Senior Women -57kg	R32	127	DILER Ruya	TUR	PATAKFALVY Luca	HUN	PTF	2:0
presidents-cup-europe-2025	Senior Women -57kg	R32	227	AL Giada	ITA	DURDU Eylul Mina	TUR	PTF	2:0
presidents-cup-europe-2025	Senior Women -57kg	R32	327	VITKO Yuliya	AIN	EFITSENKO Sofia	AIN	PTF	2:0
presidents-cup-europe-2025	Senior Women -57kg	R32	427	MAKRYGIANNI Athina	GRE	IZMIR Hayrunnisa	TUR	PTF	2:1
presidents-cup-europe-2025	Senior Women -57kg	R32	526	CARABIN Kanelya	FRA	GUAITA Greta	ITA	PTF	2:1
presidents-cup-europe-2025	Senior Women -57kg	R32	527	SMITH Teigan	GBR	KANBUR Sevval Melek	TUR	PTF	2:1
presidents-cup-europe-2025	Senior Women -57kg	R32	626	PEZZOLLA Lucia	ITA	KRAJEWSKA Agnieszka	POL	PTF	2:0
presidents-cup-europe-2025	Senior Women -57kg	R32	627	VUKIC Margarita	CRO	KRIATSIOTI Anna maria	GRE	PTF	2:1
presidents-cup-europe-2025	Senior Women -57kg	R32	726	BLIZNIAKOVA Margarita	AIN	BETT Ava	GBR	PTF	2:0
presidents-cup-europe-2025	Senior Women -57kg	R32	727	RODRIGUEZ Laura	ESP	TUKIC Mia	CRO	PTF	2:1
presidents-cup-europe-2025	Senior Women -57kg	R32	826	HRONOVA Dominika	CZE	TSALLOU Athanasia	GRE	PTF	2:0
presidents-cup-europe-2025	Senior Women -57kg	R32	827	LISOWSKA Nikol	POL	MERLOS Judit	ESP	PTF	2:0
presidents-cup-europe-2025	Senior Women -57kg	R32	926	ILGUN Hatice kubra	TUR	GYUNDYUZ Selen	TUR	PTF	2:0
presidents-cup-europe-2025	Senior Women -57kg	R32	927	MARIC Ela	SRB	RADAK Teodora	SRB	PTF	2:1
presidents-cup-europe-2025	Senior Women -57kg	R32	1026	UZUNCAVDAR Sila irmak	TUR	ZDOR Kseniia	AIN	PTF	2:1
presidents-cup-europe-2025	Senior Women -57kg	R32	1027	KARABATIC Nika	CRO	MILIC Nikolina	SRB	PTF	2:1
presidents-cup-europe-2025	Senior Women -57kg	R16	141	VITKO Yuliya	AIN	MAKRYGIANNI Athina	GRE	PTF	2:1
presidents-cup-europe-2025	Senior Women -57kg	R16	241	VUKIC Margarita	CRO	SMITH Teigan	GBR	PTF	2:0
presidents-cup-europe-2025	Senior Women -57kg	R16	341	RODRIGUEZ Laura	ESP	LISOWSKA Nikol	POL	PTF	2:1
presidents-cup-europe-2025	Senior Women -57kg	R16	441	MARIC Ela	SRB	KARABATIC Nika	CRO	WDR	1:0
presidents-cup-europe-2025	Senior Women -57kg	R16	740	CARABIN Kanelya	FRA	PEZZOLLA Lucia	ITA	PTF	2:1
presidents-cup-europe-2025	Senior Women -57kg	R16	840	BLIZNIAKOVA Margarita	AIN	HRONOVA Dominika	CZE	PTF	2:0
presidents-cup-europe-2025	Senior Women -57kg	R16	940	ILGUN Hatice kubra	TUR	UZUNCAVDAR Sila irmak	TUR	PTF	2:0
presidents-cup-europe-2025	Senior Women -57kg	R16	1040	AL Giada	ITA	DILER Ruya	TUR	PTF	2:0
presidents-cup-europe-2025	Senior Women -57kg	QF	148	VITKO Yuliya	AIN	VUKIC Margarita	CRO	PTF	2:0
presidents-cup-europe-2025	Senior Women -57kg	QF	248	MARIC Ela	SRB	RODRIGUEZ Laura	ESP	PTF	2:1
presidents-cup-europe-2025	Senior Women -57kg	QF	947	BLIZNIAKOVA Margarita	AIN	CARABIN Kanelya	FRA	PTF	2:0
presidents-cup-europe-2025	Senior Women -57kg	QF	1047	AL Giada	ITA	ILGUN Hatice kubra	TUR	PTF	2:1
presidents-cup-europe-2025	Senior Women -57kg	SF	551	BLIZNIAKOVA Margarita	AIN	AL Giada	ITA	PTF	2:0
presidents-cup-europe-2025	Senior Women -57kg	SF	651	VITKO Yuliya	AIN	MARIC Ela	SRB	PTF	2:1
presidents-cup-europe-2025	Senior Women -57kg	F	353	VITKO Yuliya	AIN	BLIZNIAKOVA Margarita	AIN	PTF	2:0
presidents-cup-europe-2025	Senior Women -62kg	R64	507	VILLEGAS MACHORRO Fabiola guadalupe	MEX	YORDANOVA Deyna	BUL	PTF	2:0
presidents-cup-europe-2025	Senior Women -62kg	R64	607	DARATZI Anastasia	GRE	MOCALINA Vladislava	LAT	PTF	2:0
presidents-cup-europe-2025	Senior Women -62kg	R64	707	ATANASOVA Martina	BUL	KRYZH Hanna	AIN	PTF	2:0
presidents-cup-europe-2025	Senior Women -62kg	R64	807	HAMIDI Marzieh	TRT	DRAGANOVA Yana	BUL	PTF	2:1
presidents-cup-europe-2025	Senior Women -62kg	R32	125	KOMATINA Andrea	MNE	ARRONDO Ariadna	ESP	WDR	1:0
presidents-cup-europe-2025	Senior Women -62kg	R32	126	SENYURT Aleyna	TUR	KICEMA Helena	CRO	PTF	2:0
presidents-cup-europe-2025	Senior Women -62kg	R32	225	SZPAK Julia	POL	SEVO Tamara	SRB	PTF	2:0
presidents-cup-europe-2025	Senior Women -62kg	R32	226	RELJIKJ Miljana	MKD	DINKOVIC Lena	CRO	PTF	2:0
presidents-cup-europe-2025	Senior Women -62kg	R32	325	ORTIZ Arlet	ESP	TORRENTS Martina	ESP	PTF	2:0
presidents-cup-europe-2025	Senior Women -62kg	R32	326	SIRIN Dilara	TUR	MCPHILLIE Neve	GBR	PTF	2:1
presidents-cup-europe-2025	Senior Women -62kg	R32	425	BLITEK Cloe	FRA	SMYCHKOVA Valeryia	AIN	PTF	2:0
presidents-cup-europe-2025	Senior Women -62kg	R32	426	ARELIC Ivana	CRO	HAMIDI Marzieh	TRT	PTF	2:0
presidents-cup-europe-2025	Senior Women -62kg	R32	525	BANNOVA Anastasiia	AIN	YIGITALP Hatice pinar	TUR	PTF	2:0
presidents-cup-europe-2025	Senior Women -62kg	R32	625	KHUZINA Liliia	AIN	DARATZI Anastasia	GRE	PTF	2:0
presidents-cup-europe-2025	Senior Women -62kg	R32	725	MESTROVIC Dora	CRO	ATANASOVA Martina	BUL	PTF	2:0
presidents-cup-europe-2025	Senior Women -62kg	R32	825	CAKAL Sevval	TUR	KARABULUT Beyza	TUR	PTF	2:1
presidents-cup-europe-2025	Senior Women -62kg	R32	924	VILLEGAS MACHORRO Fabiola guadalupe	MEX	MARTON Viviana	ESP	PTF	2:0
presidents-cup-europe-2025	Senior Women -62kg	R32	925	GOGEBAKAN Huru gokce	TUR	VAN Jada	ESP	PTF	2:1
presidents-cup-europe-2025	Senior Women -62kg	R32	1024	SAVKOVIC Nadja	SRB	GRETARSDOTTIR Ingibjorg	ISL	PTF	2:0
presidents-cup-europe-2025	Senior Women -62kg	R32	1025	REBON Ekaterina	ESP	TVARONAVICIUTE Klaudija	LTU	PTF	2:1
presidents-cup-europe-2025	Senior Women -62kg	R16	140	BLITEK Cloe	FRA	ORTIZ Arlet	ESP	PTF	2:0
presidents-cup-europe-2025	Senior Women -62kg	R16	240	KHUZINA Liliia	AIN	BANNOVA Anastasiia	AIN	PTF	2:0
presidents-cup-europe-2025	Senior Women -62kg	R16	340	MESTROVIC Dora	CRO	CAKAL Sevval	TUR	PTF	2:0
presidents-cup-europe-2025	Senior Women -62kg	R16	440	GOGEBAKAN Huru gokce	TUR	REBON Ekaterina	ESP	PTF	2:0
presidents-cup-europe-2025	Senior Women -62kg	R16	540	RELJIKJ Miljana	MKD	SENYURT Aleyna	TUR	PTF	2:0
presidents-cup-europe-2025	Senior Women -62kg	R16	640	ARELIC Ivana	CRO	SIRIN Dilara	TUR	PTF	2:0
presidents-cup-europe-2025	Senior Women -62kg	R16	939	SAVKOVIC Nadja	SRB	VILLEGAS MACHORRO Fabiola guadalupe	MEX	PTF	2:0
presidents-cup-europe-2025	Senior Women -62kg	R16	1039	SZPAK Julia	POL	KOMATINA Andrea	MNE	PTF	2:0
presidents-cup-europe-2025	Senior Women -62kg	QF	547	SAVKOVIC Nadja	SRB	SZPAK Julia	POL	PTF	2:0
presidents-cup-europe-2025	Senior Women -62kg	QF	647	KHUZINA Liliia	AIN	BLITEK Cloe	FRA	PTF	2:0
presidents-cup-europe-2025	Senior Women -62kg	QF	747	MESTROVIC Dora	CRO	GOGEBAKAN Huru gokce	TUR	PTF	2:0
presidents-cup-europe-2025	Senior Women -62kg	QF	847	ARELIC Ivana	CRO	RELJIKJ Miljana	MKD	PTF	2:1
presidents-cup-europe-2025	Senior Women -62kg	SF	351	KHUZINA Liliia	AIN	SAVKOVIC Nadja	SRB	PTF	2:0
presidents-cup-europe-2025	Senior Women -62kg	SF	451	MESTROVIC Dora	CRO	ARELIC Ivana	CRO	PTF	2:0
presidents-cup-europe-2025	Senior Women -62kg	F	253	KHUZINA Liliia	AIN	MESTROVIC Dora	CRO	PTF	2:0
presidents-cup-europe-2025	Senior Women -67kg	R32	112	KAYIR Ikra	TUR	ZIABLITCEVA Anna	AIN	PTF	2:0
presidents-cup-europe-2025	Senior Women -67kg	R32	113	MORENO Lena	ESP	CETINEL Ceren	TUR	PTF	2:0
presidents-cup-europe-2025	Senior Women -67kg	R32	212	MEHNANA Ines	FRA	PEHLIVAN Beyzanur	TUR	PTF	2:1
presidents-cup-europe-2025	Senior Women -67kg	R32	213	SKAPROVSKA Valeriia	AIN	BOCCADAMO Alexandra	ITA	PTF	2:0
presidents-cup-europe-2025	Senior Women -67kg	R32	312	POWELL Aaliyah	GBR	NAVITSKAIA Darya	AIN	PTF	2:0
presidents-cup-europe-2025	Senior Women -67kg	R32	313	GENCER Sila Nur	TUR	CAKAL Sefika	TUR	PTF	2:1
presidents-cup-europe-2025	Senior Women -67kg	R32	412	TOMCZAK Tatiana	POL	BERISAJ Andrea	MNE	PTF	2:1
presidents-cup-europe-2025	Senior Women -67kg	R32	413	CASTRO Cecilia	ESP	BOUGHRARA Chahrazed	FIN	PTF	2:0
presidents-cup-europe-2025	Senior Women -67kg	R32	512	DIAKITE Bintou	FRA	MAGDIC Matea	CRO	PTF	2:0
presidents-cup-europe-2025	Senior Women -67kg	R32	612	POLE Doris	CRO	SALGADO Yessenia	ESP	PTF	2:0
presidents-cup-europe-2025	Senior Women -67kg	R32	712	KLEPAC Nika	CRO	ROLDAN Sonia	ESP	PTF	2:0
presidents-cup-europe-2025	Senior Women -67kg	R32	812	SKVORTSOVA Kira	AIN	ZAFER Isil	TUR	PTF	2:0
presidents-cup-europe-2025	Senior Women -67kg	R32	912	D'ANGELO Natalia	ITA	HODZIC Nihada	BIH	PTF	2:0
presidents-cup-europe-2025	Senior Women -67kg	R32	1011	ZHELEZNOVA Viktoriia	AIN	NILSEN Mari romundset	NOR	PTF	2:1
presidents-cup-europe-2025	Senior Women -67kg	R32	1012	JELIC Matea	CRO	SHALONIK Darya	AIN	PTF	2:0
presidents-cup-europe-2025	Senior Women -67kg	R16	331	PERISIC Aleksandra	SRB	ZHELEZNOVA Viktoriia	AIN	PTF	2:0
presidents-cup-europe-2025	Senior Women -67kg	R16	431	KAYIR Ikra	TUR	MEHNANA Ines	FRA	PTF	2:0
presidents-cup-europe-2025	Senior Women -67kg	R16	531	POWELL Aaliyah	GBR	TOMCZAK Tatiana	POL	PTF	2:0
presidents-cup-europe-2025	Senior Women -67kg	R16	631	DIAKITE Bintou	FRA	POLE Doris	CRO	PTF	2:0
presidents-cup-europe-2025	Senior Women -67kg	R16	731	SKVORTSOVA Kira	AIN	KLEPAC Nika	CRO	PTF	2:0
presidents-cup-europe-2025	Senior Women -67kg	R16	831	JELIC Matea	CRO	D'ANGELO Natalia	ITA	PTF	2:0
presidents-cup-europe-2025	Senior Women -67kg	R16	931	MORENO Lena	ESP	SKAPROVSKA Valeriia	AIN	PTF	2:1
presidents-cup-europe-2025	Senior Women -67kg	R16	1031	CASTRO Cecilia	ESP	GENCER Sila Nur	TUR	PTF	2:0
presidents-cup-europe-2025	Senior Women -67kg	QF	143	PERISIC Aleksandra	SRB	KAYIR Ikra	TUR	PTF	2:1
presidents-cup-europe-2025	Senior Women -67kg	QF	243	POWELL Aaliyah	GBR	DIAKITE Bintou	FRA	PTF	2:0
presidents-cup-europe-2025	Senior Women -67kg	QF	343	JELIC Matea	CRO	SKVORTSOVA Kira	AIN	PTF	2:0
presidents-cup-europe-2025	Senior Women -67kg	QF	443	MORENO Lena	ESP	CASTRO Cecilia	ESP	PTF	2:0
presidents-cup-europe-2025	Senior Women -67kg	SF	149	PERISIC Aleksandra	SRB	POWELL Aaliyah	GBR	PTF	2:1
presidents-cup-europe-2025	Senior Women -67kg	SF	249	MORENO Lena	ESP	JELIC Matea	CRO	PTF	2:0
presidents-cup-europe-2025	Senior Women -67kg	F	152	PERISIC Aleksandra	SRB	MORENO Lena	ESP	PTF	2:1
presidents-cup-europe-2025	Senior Women -73kg	R32	211	KOSMYCHEVA Anastasiia	AIN	ANDERSEN Jasmin	DEN	PTF	2:0
presidents-cup-europe-2025	Senior Women -73kg	R32	311	VALLO Ane	ESP	FERNANDEZ Julia	ESP	PTF	2:1
presidents-cup-europe-2025	Senior Women -73kg	R32	411	MORAN Belen	ESP	SAGLAM Goncagul	TUR	PTF	2:0
presidents-cup-europe-2025	Senior Women -73kg	R32	511	NOWAK Julia	POL	ERSIN Yusra	TUR	PTF	2:0
presidents-cup-europe-2025	Senior Women -73kg	R32	611	STEPANOVA Elizaveta	AIN	KRSTINIC Anja	CRO	PTF	2:1
presidents-cup-europe-2025	Senior Women -73kg	R32	711	MACKAY Ruby	GBR	KAYA Rojin	TUR	PTF	2:0
presidents-cup-europe-2025	Senior Women -73kg	R32	811	CIUCHITU Ana	ITA	DEMIR Kardelen	TUR	PTF	2:1
presidents-cup-europe-2025	Senior Women -73kg	R32	911	PRZYBYSZ Weronika	POL	NTOVA Eirini	GRE	PTF	2:0
presidents-cup-europe-2025	Senior Women -73kg	R16	131	UZUNCAVDAR Sude yaren	TUR	CIUCHITU Ana	ITA	PTF	2:0
presidents-cup-europe-2025	Senior Women -73kg	R16	231	MASTELIC Mila	CRO	PRZYBYSZ Weronika	POL	PTF	2:0
presidents-cup-europe-2025	Senior Women -73kg	R16	530	CHAARI Sarah	BEL	KOSMYCHEVA Anastasiia	AIN	PTF	2:0
presidents-cup-europe-2025	Senior Women -73kg	R16	630	VALLO Ane	ESP	PETROVIC Iva	SRB	PTF	2:0
presidents-cup-europe-2025	Senior Women -73kg	R16	730	MORAN Belen	ESP	JIRANKOVA Iveta	CZE	PTF	2:1
presidents-cup-europe-2025	Senior Women -73kg	R16	830	GARCIA Helena	ESP	NOWAK Julia	POL	PTF	2:0
presidents-cup-europe-2025	Senior Women -73kg	R16	930	BOZANIC Nadica	SRB	STEPANOVA Elizaveta	AIN	PTF	2:0
presidents-cup-europe-2025	Senior Women -73kg	R16	1030	MARTON Luana	ESP	MACKAY Ruby	GBR	PTF	2:0
presidents-cup-europe-2025	Senior Women -73kg	QF	742	CHAARI Sarah	BEL	VALLO Ane	ESP	PTF	2:0
presidents-cup-europe-2025	Senior Women -73kg	QF	842	MORAN Belen	ESP	GARCIA Helena	ESP	PTF	2:0
presidents-cup-europe-2025	Senior Women -73kg	QF	942	BOZANIC Nadica	SRB	MARTON Luana	ESP	PTF	2:1
presidents-cup-europe-2025	Senior Women -73kg	QF	1042	UZUNCAVDAR Sude yaren	TUR	MASTELIC Mila	CRO	PTF	2:0
presidents-cup-europe-2025	Senior Women -73kg	SF	948	CHAARI Sarah	BEL	MORAN Belen	ESP	PTF	2:0
presidents-cup-europe-2025	Senior Women -73kg	SF	1048	UZUNCAVDAR Sude yaren	TUR	BOZANIC Nadica	SRB	PTF	2:1
presidents-cup-europe-2025	Senior Women -73kg	F	1051	CHAARI Sarah	BEL	UZUNCAVDAR Sude yaren	TUR	PTF	2:0
presidents-cup-europe-2025	Senior Women +73kg	R16	534	AKBULAK Esra	TUR	HELVIGA Viktorija	LAT	PTF	2:0
presidents-cup-europe-2025	Senior Women +73kg	R16	634	PASTOR Ainhoa	ESP	KOWALCZUK Aleksandra	POL	PTF	2:0
presidents-cup-europe-2025	Senior Women +73kg	R16	734	CASTINEIRA Tania	ESP	KOSEOGLU Elifnaz	TUR	PTF	2:1
presidents-cup-europe-2025	Senior Women +73kg	R16	834	WILLIAMS Lauren	GBR	PARCINA Mariela	CRO	PTF	2:0
presidents-cup-europe-2025	Senior Women +73kg	R16	934	ADEBAIO Kristina	AIN	AVOULETTE Solene	FRA	PTF	2:1
presidents-cup-europe-2025	Senior Women +73kg	R16	1034	TESIC Nadja	SRB	KAVUKCUOGLU Zehra begum	TUR	PTF	2:0
presidents-cup-europe-2025	Senior Women +73kg	QF	744	MATIC Magdalena	CRO	AKBULAK Esra	TUR	PTF	2:0
presidents-cup-europe-2025	Senior Women +73kg	QF	844	CASTINEIRA Tania	ESP	PASTOR Ainhoa	ESP	PTF	2:0
presidents-cup-europe-2025	Senior Women +73kg	QF	944	WILLIAMS Lauren	GBR	ADEBAIO Kristina	AIN	PTF	2:0
presidents-cup-europe-2025	Senior Women +73kg	QF	1044	HAREMZA Dagmara	POL	TESIC Nadja	SRB	RSC	1:1
presidents-cup-europe-2025	Senior Women +73kg	SF	949	MATIC Magdalena	CRO	CASTINEIRA Tania	ESP	PTF	2:0
presidents-cup-europe-2025	Senior Women +73kg	SF	1049	HAREMZA Dagmara	POL	WILLIAMS Lauren	GBR	PTF	2:1
presidents-cup-europe-2025	Senior Women +73kg	F	552	HAREMZA Dagmara	POL	MATIC Magdalena	CRO	PTF	2:0
luxembourg-open-2025	Senior Men -54kg	R32	501	IGNACIO Michael	USA	ARIAN Ehsan	GER	PTF	2:0
luxembourg-open-2025	Senior Men -54kg	R32	502	CHANG Tony	FRA	REDING Alan je	LUX	PTF	2:0
luxembourg-open-2025	Senior Men -54kg	R32	503	AL SALMAH Rakan ali d	KSA	CHANG Simon	FRA	PTF	2:0
luxembourg-open-2025	Senior Men -54kg	R16	504	ALESIO CAPOLINI Mathis	FRA	IGNACIO Michael	USA	PTF	2:0
luxembourg-open-2025	Senior Men -54kg	R16	505	ELANY Agam	ISR	AZEVEDO Rafael Alexandre	POR	PTF	2:0
luxembourg-open-2025	Senior Men -54kg	R16	506	TESKERA Josip	CRO	KAMAN Matej	CZE	PTF	2:0
luxembourg-open-2025	Senior Men -54kg	R16	507	ALMUSHRAF Abdullah essa a	KSA	MIKLAVCIC Aljaz	SLO	PTF	2:0
luxembourg-open-2025	Senior Men -54kg	R16	508	PASHCOVSKY Tom	ISR	CHANG Tony	FRA	PTF	2:0
luxembourg-open-2025	Senior Men -54kg	R16	509	SHIM Ryan	USA	OWEN Haddad	FRA	PTF	2:1
luxembourg-open-2025	Senior Men -54kg	R16	510	MARTINS Filipe	POR	KOUKOUSOUDIS Evangelos	GER	PTF	2:0
luxembourg-open-2025	Senior Men -54kg	R16	511	CANETE Arian nathan	USA	AL SALMAH Rakan ali d	KSA	WDR	2:0
luxembourg-open-2025	Senior Men -54kg	QF	516	ALESIO CAPOLINI Mathis	FRA	ELANY Agam	ISR	PTF	2:0
luxembourg-open-2025	Senior Men -54kg	QF	517	TESKERA Josip	CRO	ALMUSHRAF Abdullah essa a	KSA	PTF	2:0
luxembourg-open-2025	Senior Men -54kg	QF	518	PASHCOVSKY Tom	ISR	SHIM Ryan	USA	PTF	2:0
luxembourg-open-2025	Senior Men -54kg	QF	519	CANETE Arian nathan	USA	MARTINS Filipe	POR	PTF	2:0
luxembourg-open-2025	Senior Men -54kg	SF	522	TESKERA Josip	CRO	ALESIO CAPOLINI Mathis	FRA	PTF	2:0
luxembourg-open-2025	Senior Men -54kg	SF	523	PASHCOVSKY Tom	ISR	CANETE Arian nathan	USA	PTF	2:0
luxembourg-open-2025	Senior Men -54kg	F	331	PASHCOVSKY Tom	ISR	TESKERA Josip	CRO	PTF	2:1
luxembourg-open-2025	Senior Men -58kg	R16	801	SIMPARA Youssouf	MLI	MIRANDA Adrian	ECU	PTF	2:0
luxembourg-open-2025	Senior Men -58kg	R16	802	DELEVAL Herwan	FRA	MONDACA-WANG Ian	USA	PTF	2:1
luxembourg-open-2025	Senior Men -58kg	R16	803	DIAZ Jhoel	VEN	LOPES Tiago	POR	PTF	2:1
luxembourg-open-2025	Senior Men -58kg	R16	804	ALESIO Sebastien	FRA	STEIN Roi	ISR	PTF	2:0
luxembourg-open-2025	Senior Men -58kg	R16	805	DE DIOS JOSE Alex	ESP	CAN Haktan	TUR	PTF	2:0
luxembourg-open-2025	Senior Men -58kg	R16	806	LEE Colin	USA	VAREJAO Dinis	POR	PTF	2:0
luxembourg-open-2025	Senior Men -58kg	R16	807	HAMI Muhammed	GER	AMELHAYI Mehdi	FRA	PTF	2:1
luxembourg-open-2025	Senior Men -58kg	R16	808	MOLLE Milan	NED	MISSOSSI BIENVENU Nzamba Nzamba	GAB	PTF	2:0
luxembourg-open-2025	Senior Men -58kg	QF	816	DELEVAL Herwan	FRA	SIMPARA Youssouf	MLI	PTF	2:1
luxembourg-open-2025	Senior Men -58kg	QF	817	ALESIO Sebastien	FRA	DIAZ Jhoel	VEN	PTF	2:0
luxembourg-open-2025	Senior Men -58kg	QF	818	DE DIOS JOSE Alex	ESP	LEE Colin	USA	PTF	2:0
luxembourg-open-2025	Senior Men -58kg	QF	819	MOLLE Milan	NED	HAMI Muhammed	GER	PTF	2:0
luxembourg-open-2025	Senior Men -58kg	SF	824	ALESIO Sebastien	FRA	DELEVAL Herwan	FRA	PTF	2:0
luxembourg-open-2025	Senior Men -58kg	SF	825	MOLLE Milan	NED	DE DIOS JOSE Alex	ESP	PTF	2:0
luxembourg-open-2025	Senior Men -58kg	F	631	MOLLE Milan	NED	ALESIO Sebastien	FRA	PTF	2:0
luxembourg-open-2025	Senior Men -63kg	R32	201	MAZZOUZ Ryad	FRA	HENDRIKS Daan	NED	PTF	2:0
luxembourg-open-2025	Senior Men -63kg	R32	202	SETRODIPO Jayden	NED	ANDARABI Habil	GER	PTF	2:0
luxembourg-open-2025	Senior Men -63kg	R32	203	SCHOENMAKERS Shymano	NED	MOSS Christian	GBR	PTF	2:0
luxembourg-open-2025	Senior Men -63kg	R32	204	COULIBALY YAMEOGO Fadeby	LUX	HEN David	ISR	PTF	2:0
luxembourg-open-2025	Senior Men -63kg	R32	205	COSTA Luis	POR	CENTENO Ben	GBR	PTF	2:0
luxembourg-open-2025	Senior Men -63kg	R32	206	ALMADAWI Mohammed ali a	KSA	KRUPPA Fabian	GER	PTF	2:0
luxembourg-open-2025	Senior Men -63kg	R32	207	MOSBAH Mohammed	BEL	ULUCAY Can	GER	PTF	2:0
luxembourg-open-2025	Senior Men -63kg	R16	208	YASER ISMAIL Omar	PLE	MAZZOUZ Ryad	FRA	PTF	2:0
luxembourg-open-2025	Senior Men -63kg	R16	209	KHAKSAR Shahram	GER	MILETIC Mateja	SRB	PTF	2:0
luxembourg-open-2025	Senior Men -63kg	R16	210	GRANADO Yohandri	VEN	SETRODIPO Jayden	NED	PTF	2:1
luxembourg-open-2025	Senior Men -63kg	R16	211	BOURGEOIS Owen	FRA	SCHOENMAKERS Shymano	NED	PTF	2:0
luxembourg-open-2025	Senior Men -63kg	R16	212	GHALI Zakaria mohammed	KSA	COULIBALY YAMEOGO Fadeby	LUX	PTF	2:0
luxembourg-open-2025	Senior Men -63kg	R16	213	SUSILUOTO Otto	FIN	COSTA Luis	POR	PTF	2:0
luxembourg-open-2025	Senior Men -63kg	R16	214	VAN LIMPT Joep	NED	ALMADAWI Mohammed ali a	KSA	PTF	2:0
luxembourg-open-2025	Senior Men -63kg	R16	215	COMPRELLE Enzo	FRA	MOSBAH Mohammed	BEL	PTF	2:0
luxembourg-open-2025	Senior Men -63kg	QF	220	YASER ISMAIL Omar	PLE	KHAKSAR Shahram	GER	PTF	2:0
luxembourg-open-2025	Senior Men -63kg	QF	221	GRANADO Yohandri	VEN	BOURGEOIS Owen	FRA	PTF	2:0
luxembourg-open-2025	Senior Men -63kg	QF	222	SUSILUOTO Otto	FIN	GHALI Zakaria mohammed	KSA	PTF	2:0
luxembourg-open-2025	Senior Men -63kg	QF	223	VAN LIMPT Joep	NED	COMPRELLE Enzo	FRA	PTF	2:0
luxembourg-open-2025	Senior Men -63kg	SF	226	GRANADO Yohandri	VEN	YASER ISMAIL Omar	PLE	PTF	2:0
luxembourg-open-2025	Senior Men -63kg	SF	227	VAN LIMPT Joep	NED	SUSILUOTO Otto	FIN	PTF	2:0
luxembourg-open-2025	Senior Men -63kg	F	232	GRANADO Yohandri	VEN	VAN LIMPT Joep	NED	PTF	2:1
luxembourg-open-2025	Senior Men -68kg	R32	301	PARUZEK Krystof	CZE	PAVIN Simon	SWE	PTF	2:0
luxembourg-open-2025	Senior Men -68kg	R32	302	ABBASI Ali reza	TRT	FABI Enzo	CAN	PTF	2:0
luxembourg-open-2025	Senior Men -68kg	R32	303	MCINTOSH Jamie	GBR	HUY Ethan	FRA	PTF	2:1
luxembourg-open-2025	Senior Men -68kg	R32	304	COULIBALY Sekou	LUX	BOON Joram	NED	PTF	2:0
luxembourg-open-2025	Senior Men -68kg	R32	305	FREDRICKS Justin	USA	GUNDERSEN Brede Bjorkhaug	NOR	PTF	2:0
luxembourg-open-2025	Senior Men -68kg	R32	306	PORSCH Noah martin	GER	SOUSA DE OLIVEIRA Francisco	POR	PTF	2:1
luxembourg-open-2025	Senior Men -68kg	R32	307	AL GHOTANY Yahya	TRT	FOX Mackenzie	GBR	PTF	2:0
luxembourg-open-2025	Senior Men -68kg	R32	308	KUMAR Siddarth	NED	MAKOYAN Chero	BEL	PTF	2:1
luxembourg-open-2025	Senior Men -68kg	R32	309	HILAL Ali	CAN	MAKANJUOLA Tomi	GBR	PTF	2:0
luxembourg-open-2025	Senior Men -68kg	R32	310	AVIDAN Ben	ISR	LACATTIVA Ulysse	FRA	PTF	2:0
luxembourg-open-2025	Senior Men -68kg	R32	311	PÖRSCH Jona	GER	DIALLO Thierno Mamadou Djogo	GUI	PTF	2:0
luxembourg-open-2025	Senior Men -68kg	R32	312	MORADI Erfan	TRT	BIN Ahmed Waleed	KSA	PTF	2:0
luxembourg-open-2025	Senior Men -68kg	R32	313	SIFAOUI Sofiane	FRA	CAIRNS Dylan	GBR	PTF	2:0
luxembourg-open-2025	Senior Men -68kg	R16	314	SPEIGHT Leo	ISL	PARUZEK Krystof	CZE	PTF	2:1
luxembourg-open-2025	Senior Men -68kg	R16	315	MCINTOSH Jamie	GBR	ABBASI Ali reza	TRT	PTF	2:0
luxembourg-open-2025	Senior Men -68kg	R16	316	FREDRICKS Justin	USA	COULIBALY Sekou	LUX	PTF	2:1
luxembourg-open-2025	Senior Men -68kg	R16	317	AL GHOTANY Yahya	TRT	PORSCH Noah martin	GER	PTF	2:0
luxembourg-open-2025	Senior Men -68kg	R16	318	LO Mouhamadou mansour	SEN	KUMAR Siddarth	NED	PTF	2:0
luxembourg-open-2025	Senior Men -68kg	R16	319	AVIDAN Ben	ISR	HILAL Ali	CAN	WDR	2:0
luxembourg-open-2025	Senior Men -68kg	R16	320	MORADI Erfan	TRT	PÖRSCH Jona	GER	PTF	2:0
luxembourg-open-2025	Senior Men -68kg	R16	421.1	SIFAOUI Sofiane	FRA	BURUSIC Marko	SRB	PTF	2:0
luxembourg-open-2025	Senior Men -68kg	QF	322	MCINTOSH Jamie	GBR	SPEIGHT Leo	ISL	PTF	2:0
luxembourg-open-2025	Senior Men -68kg	QF	323	AL GHOTANY Yahya	TRT	FREDRICKS Justin	USA	PTF	2:0
luxembourg-open-2025	Senior Men -68kg	QF	324	LO Mouhamadou mansour	SEN	AVIDAN Ben	ISR	PTF	2:0
luxembourg-open-2025	Senior Men -68kg	QF	325	SIFAOUI Sofiane	FRA	MORADI Erfan	TRT	PTF	2:1
luxembourg-open-2025	Senior Men -68kg	SF	326	MCINTOSH Jamie	GBR	AL GHOTANY Yahya	TRT	PTF	2:0
luxembourg-open-2025	Senior Men -68kg	SF	327	LO Mouhamadou mansour	SEN	SIFAOUI Sofiane	FRA	PTF	2:1
luxembourg-open-2025	Senior Men -68kg	F	732	LO Mouhamadou mansour	SEN	MCINTOSH Jamie	GBR	PTF	2:0
luxembourg-open-2025	Senior Men -74kg	R16	601	TAYLOR Rayvaughn	GBR	VAN DER MEER Sjoerd	NED	PTF	2:0
luxembourg-open-2025	Senior Men -74kg	R16	602	COSTA Diogo rafael alves da	POR	ZAFRA Alex	ESP	PTF	2:0
luxembourg-open-2025	Senior Men -74kg	R16	603	PETIT PHAR Shannon	FRA	ZAMPONI Damian	ITA	PTF	2:0
luxembourg-open-2025	Senior Men -74kg	R16	604	CAMMAERTS Andes	BEL	BRICCA Mattia	ITA	PTF	2:0
luxembourg-open-2025	Senior Men -74kg	R16	605	SKJOLBERG Sebastian	NOR	YILMAZ Bugra	GER	PTF	2:0
luxembourg-open-2025	Senior Men -74kg	R16	606	GRISKJANS Antons	LAT	RAHMANI Eliyahu	ISR	PTF	2:0
luxembourg-open-2025	Senior Men -74kg	R16	607	O FOFANA Seydou	FRA	VALLENILLA Abrahan	VEN	PTF	2:0
luxembourg-open-2025	Senior Men -74kg	QF	617	DOYLE Ryan	IRL	TAYLOR Rayvaughn	GBR	PTF	2:0
luxembourg-open-2025	Senior Men -74kg	QF	618	COSTA Diogo rafael alves da	POR	PETIT PHAR Shannon	FRA	PTF	2:0
luxembourg-open-2025	Senior Men -74kg	QF	619	CAMMAERTS Andes	BEL	SKJOLBERG Sebastian	NOR	PTF	2:0
luxembourg-open-2025	Senior Men -74kg	QF	620	O FOFANA Seydou	FRA	GRISKJANS Antons	LAT	PTF	2:0
luxembourg-open-2025	Senior Men -74kg	SF	625	COSTA Diogo rafael alves da	POR	DOYLE Ryan	IRL	PTF	2:0
luxembourg-open-2025	Senior Men -74kg	SF	626	O FOFANA Seydou	FRA	CAMMAERTS Andes	BEL	PTF	2:0
luxembourg-open-2025	Senior Men -74kg	F	333	O FOFANA Seydou	FRA	COSTA Diogo rafael alves da	POR	PTF	2:0
luxembourg-open-2025	Senior Men -80kg	R32	101	BUTT Danyaal	GBR	POERSCH Elia	GER	PTF	2:0
luxembourg-open-2025	Senior Men -80kg	R32	102	LAWSON Matheo	TOG	NSILU DILANDU Leroy	IRL	PTF	2:0
luxembourg-open-2025	Senior Men -80kg	R32	103	EBERLI Denys	SUI	FLIAOUM Christoforos	GER	PTF	2:0
luxembourg-open-2025	Senior Men -80kg	R32	104	NDE Aurele Tcheh	CAN	ABOUT Emir	FRA	PTF	2:0
luxembourg-open-2025	Senior Men -80kg	R16	105	BUTT Danyaal	GBR	WEIDUM Dion	NED	PTF	2:0
luxembourg-open-2025	Senior Men -80kg	R16	106	SIGURJONSSON Gudmundur floki	ISL	LUDWIG Albert	CZE	PTF	2:1
luxembourg-open-2025	Senior Men -80kg	R16	107	CAMMAERTS Troy	BEL	AL HISNAWI Karim	NED	PTF	2:0
luxembourg-open-2025	Senior Men -80kg	R16	108	LAWSON Matheo	TOG	FELICITE Lawrence	FRA	PTF	2:0
luxembourg-open-2025	Senior Men -80kg	R16	109	ALIPOUR Sohrab	GBR	EBERLI Denys	SUI	PTF	2:0
luxembourg-open-2025	Senior Men -80kg	R16	110	NESHYBA Tomas	CZE	NIKS Pascal	NED	PTF	2:0
luxembourg-open-2025	Senior Men -80kg	R16	111	HAMEDI Tareg ali m	KSA	HISENI Luan	GER	PTF	2:0
luxembourg-open-2025	Senior Men -80kg	R16	112	KNIGHT-MITCHELL Dantrell	GBR	NDE Aurele Tcheh	CAN	PTF	2:1
luxembourg-open-2025	Senior Men -80kg	QF	117	SIGURJONSSON Gudmundur floki	ISL	BUTT Danyaal	GBR	PTF	2:1
luxembourg-open-2025	Senior Men -80kg	QF	118	CAMMAERTS Troy	BEL	LAWSON Matheo	TOG	PTF	2:0
luxembourg-open-2025	Senior Men -80kg	QF	119	NESHYBA Tomas	CZE	ALIPOUR Sohrab	GBR	PTF	2:0
luxembourg-open-2025	Senior Men -80kg	QF	120	KNIGHT-MITCHELL Dantrell	GBR	HAMEDI Tareg ali m	KSA	PTF	2:0
luxembourg-open-2025	Senior Men -80kg	SF	123	CAMMAERTS Troy	BEL	SIGURJONSSON Gudmundur floki	ISL	PTF	2:1
luxembourg-open-2025	Senior Men -80kg	SF	124	KNIGHT-MITCHELL Dantrell	GBR	NESHYBA Tomas	CZE	PTF	2:0
luxembourg-open-2025	Senior Men -80kg	F	633	KNIGHT-MITCHELL Dantrell	GBR	CAMMAERTS Troy	BEL	PTF	2:1
luxembourg-open-2025	Senior Men -87kg	QF	113	MEHNANA Nahil	FRA	CHUANG Po-wu	TPE	PTF	2:0
luxembourg-open-2025	Senior Men -87kg	QF	114	KINSANSI Steve	FRA	RIBEIRO Tiago	POR	PTF	2:0
luxembourg-open-2025	Senior Men -87kg	QF	115	VAN DEN ENDEN Tom	NED	OVONO Davy	FRA	PTF	2:0
luxembourg-open-2025	Senior Men -87kg	QF	116	MEHDIPOURNEJAD Kasra	TRT	VEDIE Florian	FRA	PTF	2:0
luxembourg-open-2025	Senior Men -87kg	SF	121	MEHNANA Nahil	FRA	KINSANSI Steve	FRA	WDR	
luxembourg-open-2025	Senior Men -87kg	SF	122	MEHDIPOURNEJAD Kasra	TRT	VAN DEN ENDEN Tom	NED	PTF	2:0
luxembourg-open-2025	Senior Men -87kg	F	234	MEHNANA Nahil	FRA	MEHDIPOURNEJAD Kasra	TRT	WDR	
luxembourg-open-2025	Senior Men +87kg	QF	512	MILLER Logan	GBR	MAYAUD Kevin	FRA	PTF	2:0
luxembourg-open-2025	Senior Men +87kg	QF	513	BASSEL Ayoub	MAR	ALVAREZ Luis	VEN	PTF	2:0
luxembourg-open-2025	Senior Men +87kg	QF	514	DIABY Boubacar	MLI	LAURENT Jonathan	MRN	PTF	2:0
luxembourg-open-2025	Senior Men +87kg	QF	515	POLLET Manuel	BEL	JOEL Jordan	NGR	PTF	2:0
luxembourg-open-2025	Senior Men +87kg	SF	520	BASSEL Ayoub	MAR	MILLER Logan	GBR	PTF	2:0
luxembourg-open-2025	Senior Men +87kg	SF	521	POLLET Manuel	BEL	DIABY Boubacar	MLI	PTF	2:0
luxembourg-open-2025	Senior Men +87kg	F	734	POLLET Manuel	BEL	BASSEL Ayoub	MAR	WDR	1:0
luxembourg-open-2025	Senior Women -46kg	R16	401	FUCHS Gaia	ISR	FRASER Vilja	SWE	PTG	2:0
luxembourg-open-2025	Senior Women -46kg	R16	402	OZKEN Aleyna	GER	TAMMILA Ada-emilia	FIN	PTG	2:0
luxembourg-open-2025	Senior Women -46kg	QF	409	TAMMILA Ida-elina	FIN	FUCHS Gaia	ISR	PTG	2:1
luxembourg-open-2025	Senior Women -46kg	QF	410	ALKHAWAHR Rahmah abdulmanam a	KSA	KODAMAN Helin	GER	PTF	2:0
luxembourg-open-2025	Senior Women -46kg	QF	411	UZUN Sarah	NED	FRASER Olivia	SWE	PTG	2:0
luxembourg-open-2025	Senior Women -46kg	QF	412	BAYECH Rivka	ISR	OZKEN Aleyna	GER	PTG	2:0
luxembourg-open-2025	Senior Women -46kg	SF	419	TAMMILA Ida-elina	FIN	ALKHAWAHR Rahmah abdulmanam a	KSA	PTF	2:1
luxembourg-open-2025	Senior Women -46kg	SF	420	BAYECH Rivka	ISR	UZUN Sarah	NED	PTF	2:1
luxembourg-open-2025	Senior Women -46kg	F	231	BAYECH Rivka	ISR	TAMMILA Ida-elina	FIN	PTF	2:0
luxembourg-open-2025	Senior Women -49kg	QF	216	DAN (DANSHYNA) Oleksandra	ISR	GAYE Serrah	FRA	PTF	2:0
luxembourg-open-2025	Senior Women -49kg	QF	217	OKAMOTO Ruka	JPN	RAMO Jenna	FIN	PTF	2:0
luxembourg-open-2025	Senior Women -49kg	QF	218	DELLAN Virginia	VEN	BYRNE Ruby	IRL	PTF	2:0
luxembourg-open-2025	Senior Women -49kg	QF	219	FOFANA Mah teninba	FRA	MORONÈS Béatrice	CAN	PTF	2:0
luxembourg-open-2025	Senior Women -49kg	SF	224	OKAMOTO Ruka	JPN	DAN (DANSHYNA) Oleksandra	ISR	PTF	2:0
luxembourg-open-2025	Senior Women -49kg	SF	225	FOFANA Mah teninba	FRA	DELLAN Virginia	VEN	PTF	2:0
luxembourg-open-2025	Senior Women -49kg	F	731	FOFANA Mah teninba	FRA	OKAMOTO Ruka	JPN	PTF	2:1
luxembourg-open-2025	Senior Women -53kg	R32	608	SOFIIA Plakhtii	ISR	JANOSOVSKA Adela	CZE	PTF	2:0
luxembourg-open-2025	Senior Women -53kg	R16	515.1	KINGSLEY Lily	GBR	HTUT Eve	GBR	PTF	2:0
luxembourg-open-2025	Senior Women -53kg	R16	515.2	GIRE Ines	FRA	PARADIS Olivia	CAN	PTF	2:0
luxembourg-open-2025	Senior Women -53kg	R16	609	SUSILUOTO Inari	FIN	BASTOS Filipa	POR	PTF	2:0
luxembourg-open-2025	Senior Women -53kg	R16	610	EL BOUCHTI Oumaima	MAR	SOFIIA Plakhtii	ISR	PTF	2:1
luxembourg-open-2025	Senior Women -53kg	R16	611	PFAFF Marbele	GER	GRAFFE Lou	LUX	PTF	2:0
luxembourg-open-2025	Senior Women -53kg	R16	612	BENETTI Ines	FRA	SCHOLES Millie	GBR	PTF	2:0
luxembourg-open-2025	Senior Women -53kg	R16	613	KAMKASOUMPHOU Lenya	FRA	QALIKHANI Elham	GER	PTF	2:0
luxembourg-open-2025	Senior Women -53kg	R16	614	MCKEW Jodie	GBR	IBRAHIM Sarah	LBN	PTF	2:0
luxembourg-open-2025	Senior Women -53kg	QF	621	EL BOUCHTI Oumaima	MAR	SUSILUOTO Inari	FIN	PTF	2:0
luxembourg-open-2025	Senior Women -53kg	QF	622	BENETTI Ines	FRA	PFAFF Marbele	GER	PTF	2:0
luxembourg-open-2025	Senior Women -53kg	QF	623	MCKEW Jodie	GBR	KAMKASOUMPHOU Lenya	FRA	PTF	2:0
luxembourg-open-2025	Senior Women -53kg	QF	624	KINGSLEY Lily	GBR	GIRE Ines	FRA	PTF	2:0
luxembourg-open-2025	Senior Women -53kg	SF	627	BENETTI Ines	FRA	EL BOUCHTI Oumaima	MAR	PTF	2:0
luxembourg-open-2025	Senior Women -53kg	SF	628	KINGSLEY Lily	GBR	MCKEW Jodie	GBR	PTF	2:1
luxembourg-open-2025	Senior Women -53kg	F	632	BENETTI Ines	FRA	KINGSLEY Lily	GBR	PTF	2:0
luxembourg-open-2025	Senior Women -57kg	R32	701	ZAYTOUN Leila	QAT	BARKOK Noussaiba	GER	PTF	2:0
luxembourg-open-2025	Senior Women -57kg	R32	702	SUNDBY Marthine	NOR	OZER Binnur	GER	PTF	2:1
luxembourg-open-2025	Senior Women -57kg	R32	703	SATZINGER Anna	GER	MANGEN Lennie	LUX	PTF	2:0
luxembourg-open-2025	Senior Women -57kg	R32	704	ADREGO Ana	POR	KLARIC Tianna	GBR	PTF	2:0
luxembourg-open-2025	Senior Women -57kg	R16	706	CHRISTY Beth	GBR	ZAYTOUN Leila	QAT	PTF	2:0
luxembourg-open-2025	Senior Women -57kg	R16	707	SULBARAN Alexmar	VEN	MOUCH Sara	NED	PTF	2:0
luxembourg-open-2025	Senior Women -57kg	R16	708	CORREIA Leonor	POR	MALMGREN GABRIELIN Ellinor	SWE	PTF	2:0
luxembourg-open-2025	Senior Women -57kg	R16	709	BECKSTEIN Vanessa	GER	SUNDBY Marthine	NOR	PTF	2:0
luxembourg-open-2025	Senior Women -57kg	R16	710	COX Caitlyn	USA	SATZINGER Anna	GER	PTF	2:0
luxembourg-open-2025	Senior Women -57kg	R16	711	DAGNET Divine luccia	FRA	STEINKUELER Frieda margarethe	GER	PTF	2:1
luxembourg-open-2025	Senior Women -57kg	R16	712	HEBBAR Nisrin	FRA	SCHLEUSSINGER Inga	GER	PTF	2:0
luxembourg-open-2025	Senior Women -57kg	R16	713	ADREGO Ana	POR	BANGURA Aisha	GER	PTF	2:1
luxembourg-open-2025	Senior Women -57kg	QF	718	CHRISTY Beth	GBR	SULBARAN Alexmar	VEN	PTF	2:1
luxembourg-open-2025	Senior Women -57kg	QF	719	BECKSTEIN Vanessa	GER	CORREIA Leonor	POR	PTF	2:0
luxembourg-open-2025	Senior Women -57kg	QF	720	COX Caitlyn	USA	DAGNET Divine luccia	FRA	PTF	2:0
luxembourg-open-2025	Senior Women -57kg	QF	721	ADREGO Ana	POR	HEBBAR Nisrin	FRA	PTF	2:0
luxembourg-open-2025	Senior Women -57kg	SF	724	BECKSTEIN Vanessa	GER	CHRISTY Beth	GBR	PTF	2:1
luxembourg-open-2025	Senior Women -57kg	SF	725	COX Caitlyn	USA	ADREGO Ana	POR	PTF	2:1
luxembourg-open-2025	Senior Women -57kg	F	332	COX Caitlyn	USA	BECKSTEIN Vanessa	GER	PTF	2:0
luxembourg-open-2025	Senior Women -62kg	R16	809	SJOVALL Mira	FIN	FOURNIER Alexane	FRA	PTF	2:0
luxembourg-open-2025	Senior Women -62kg	R16	810	LIN Hsin-tung	TPE	HAMIDI Marzieh	RTA	PTF	2:0
luxembourg-open-2025	Senior Women -62kg	R16	811	LANGOUSTE-ASSOUMAYA Lyhana	FRA	BAUER Caroline	GER	PTF	2:0
luxembourg-open-2025	Senior Women -62kg	R16	812	MCPHILLIE Neve	GBR	MENDY Fatima	FRA	PTF	2:1
luxembourg-open-2025	Senior Women -62kg	R16	813	PRZYGODA Alina	GER	CITARELLA Sara	ITA	PTF	2:0
luxembourg-open-2025	Senior Women -62kg	R16	814	GONZALEZ Genesis	VEN	DAGNET Miliane haizel	FRA	PTF	2:1
luxembourg-open-2025	Senior Women -62kg	R16	815	BLITEK Cloe	FRA	ILONA RASNA Adam	COM	PTF	2:0
luxembourg-open-2025	Senior Women -62kg	QF	723.1	STOLBOVA Petra	CZE	SJOVALL Mira	FIN	PTF	2:0
luxembourg-open-2025	Senior Women -62kg	QF	723.2	BLITEK Cloe	FRA	GONZALEZ Genesis	VEN	PTF	2:0
luxembourg-open-2025	Senior Women -62kg	QF	821	LANGOUSTE-ASSOUMAYA Lyhana	FRA	LIN Hsin-tung	TPE	PTF	2:0
luxembourg-open-2025	Senior Women -62kg	QF	822	MCPHILLIE Neve	GBR	PRZYGODA Alina	GER	PTF	2:0
luxembourg-open-2025	Senior Women -62kg	SF	826	STOLBOVA Petra	CZE	LANGOUSTE-ASSOUMAYA Lyhana	FRA	PTF	2:0
luxembourg-open-2025	Senior Women -62kg	SF	827	BLITEK Cloe	FRA	MCPHILLIE Neve	GBR	PTF	2:0
luxembourg-open-2025	Senior Women -62kg	F	233	STOLBOVA Petra	CZE	BLITEK Cloe	FRA	PTF	2:0
luxembourg-open-2025	Senior Women -67kg	R16	705	EBNOUTALIB Soumaya	GER	AKWANYA Rosemary	GBR	PTF	2:0
luxembourg-open-2025	Senior Women -67kg	QF	714	MEHNANA Ines	FRA	EBNOUTALIB Soumaya	GER	PTF	2:0
luxembourg-open-2025	Senior Women -67kg	QF	715	CLEMENTE Hillary	VEN	FABER Isabelle	LUX	PTF	2:0
luxembourg-open-2025	Senior Women -67kg	QF	716	MINK Amy	NED	ERCKMANN Alina	GER	PTF	2:0
luxembourg-open-2025	Senior Women -67kg	QF	717	DIAKITÉ BINTOU	FRA	ANFINSEN ELLINGSEN Celine	NOR	PTF	2:0
luxembourg-open-2025	Senior Women -67kg	SF	722	MEHNANA Ines	FRA	CLEMENTE Hillary	VEN	PTF	2:0
luxembourg-open-2025	Senior Women -67kg	SF	723	MINK Amy	NED	DIAKITÉ BINTOU	FRA	PTF	2:0
luxembourg-open-2025	Senior Women -67kg	F	733	MEHNANA Ines	FRA	MINK Amy	NED	PTF	2:0
luxembourg-open-2025	Senior Women -73kg	R16	403	GEPPERT Julienne	GER	KERR Leah	IRL	PTF	2:1
luxembourg-open-2025	Senior Women -73kg	R16	404	SHAW Erin	GBR	HUTZEN Hanna	GER	PTF	2:0
luxembourg-open-2025	Senior Women -73kg	R16	405	SEELE Lisa-marie	GER	DI PALMA Martina	ITA	PTG	2:0
luxembourg-open-2025	Senior Women -73kg	R16	406	RUDOLF Nika	SLO	HELDNER Laura	SUI	PTF	2:1
luxembourg-open-2025	Senior Women -73kg	R16	407	KRAMOH Courtney	GBR	FATNASSI Maram	QAT	PTF	2:0
luxembourg-open-2025	Senior Women -73kg	QF	413	OSSIN Kimi laurene	CIV	GEPPERT Julienne	GER	PTF	2:0
luxembourg-open-2025	Senior Women -73kg	QF	414	SEELE Lisa-marie	GER	SHAW Erin	GBR	PTF	2:0
luxembourg-open-2025	Senior Women -73kg	QF	415	MACKAY Ruby	GBR	RUDOLF Nika	SLO	PTF	2:0
luxembourg-open-2025	Senior Women -73kg	QF	416	KRAMOH Courtney	GBR	HOERMANN Emily	GER	PTF	2:1
luxembourg-open-2025	Senior Women -73kg	SF	421	OSSIN Kimi laurene	CIV	SEELE Lisa-marie	GER	RSC	2:0
luxembourg-open-2025	Senior Women -73kg	SF	422	MACKAY Ruby	GBR	KRAMOH Courtney	GBR	PTF	2:1
luxembourg-open-2025	Senior Women -73kg	F	634	OSSIN Kimi laurene	CIV	MACKAY Ruby	GBR	PTF	2:0
luxembourg-open-2025	Senior Women +73kg	QF	408	MACKAY Poppy	GBR	HIGNETT Elizabeth	GBR	PTG	2:0
luxembourg-open-2025	Senior Women +73kg	SF	417	ALADE Naomi	USA	MACKAY Poppy	GBR	PTF	2:1
luxembourg-open-2025	Senior Women +73kg	SF	418	HAMADACHE Emna	FRA	KLOOSTERMAN Famke	NED	PTF	2:1
luxembourg-open-2025	Senior Women +73kg	F	334	ALADE Naomi	USA	HAMADACHE Emna	FRA	PTF	2:0
chuncheon-korea-open-2025	Senior Men -54kg	R32	101	SHIN Juwon	KOR	LEE Si yeong	KOR	PTF	2:0
chuncheon-korea-open-2025	Senior Men -54kg	R32	102	NAFASOV Murodjon	UZB	LEE Chanmyeong	KOR	PTF	2:1
chuncheon-korea-open-2025	Senior Men -54kg	R32	201	KIM Geonho	KOR	MINGUK Jeon	NZL	PTF	2:0
chuncheon-korea-open-2025	Senior Men -54kg	R32	202	PARK Yong bin	KOR	ZHANG Duquan	CHN	PTF	2:1
chuncheon-korea-open-2025	Senior Men -54kg	R32	301	BARBOSA Kurt bryan	PHI	PERUMAL Moganarrajan	MAS	PTF	2:0
chuncheon-korea-open-2025	Senior Men -54kg	R32	302	KIM Dongwook	KOR	ECHAVARRI EVARISTO Sebastian	MEX	PTF	2:0
chuncheon-korea-open-2025	Senior Men -54kg	R32	401	KANG Byunghoon	KOR	MANIMARAN Daanesh raj	MAS	PTF	2:0
chuncheon-korea-open-2025	Senior Men -54kg	R32	402	KADIRKULOV Begzod	KAZ	COHEN Lior	AUS	PTF	2:0
chuncheon-korea-open-2025	Senior Men -54kg	R32	501	GRANIER-AMEUR Aikan	AUS	MUNKHSOYOL Usukhbayar	MGL	PTF	2:0
chuncheon-korea-open-2025	Senior Men -54kg	R32	502	KIM Minchan	KOR	CHAU Nathan	AUS	PTF	2:0
chuncheon-korea-open-2025	Senior Men -54kg	R16	111	KIM Geonho	KOR	BARBOSA Kurt bryan	PHI	PTF	2:0
chuncheon-korea-open-2025	Senior Men -54kg	R16	112	KADIRKULOV Begzod	KAZ	KIM Dongwook	KOR	PTF	2:0
chuncheon-korea-open-2025	Senior Men -54kg	R16	211	KANG Byunghoon	KOR	CALAMBA, III Reymundo	PHI	PTF	2:1
chuncheon-korea-open-2025	Senior Men -54kg	R16	212	SEO Eunsu	KOR	KIM Minchan	KOR	PTF	2:0
chuncheon-korea-open-2025	Senior Men -54kg	R16	311	QIAN Jiacai	CHN	GRANIER-AMEUR Aikan	AUS	PTF	2:0
chuncheon-korea-open-2025	Senior Men -54kg	R16	411	CHOI Ju-an	KOR	NAFASOV Murodjon	UZB	PTF	2:1
chuncheon-korea-open-2025	Senior Men -54kg	R16	510	KHUDAYBERDIEV Jakhongir	UZB	SHIN Juwon	KOR	PTF	2:0
chuncheon-korea-open-2025	Senior Men -54kg	R16	511	PARK Yong bin	KOR	HIDAYAT TUMAKAKA Aziz	INA	PTF	2:1
chuncheon-korea-open-2025	Senior Men -54kg	QF	123	QIAN Jiacai	CHN	KANG Byunghoon	KOR	PTF	2:1
chuncheon-korea-open-2025	Senior Men -54kg	QF	223	PARK Yong bin	KOR	CHOI Ju-an	KOR	PTF	2:0
chuncheon-korea-open-2025	Senior Men -54kg	QF	323	SEO Eunsu	KOR	KADIRKULOV Begzod	KAZ	PTF	2:0
chuncheon-korea-open-2025	Senior Men -54kg	QF	522	KHUDAYBERDIEV Jakhongir	UZB	KIM Geonho	KOR	PTF	2:1
chuncheon-korea-open-2025	Senior Men -54kg	SF	229	KHUDAYBERDIEV Jakhongir	UZB	QIAN Jiacai	CHN	PTF	2:0
chuncheon-korea-open-2025	Senior Men -54kg	SF	329	SEO Eunsu	KOR	PARK Yong bin	KOR	PTF	2:0
chuncheon-korea-open-2025	Senior Men -54kg	F	337	SEO Eunsu	KOR	KHUDAYBERDIEV Jakhongir	UZB	PTF	2:1
chuncheon-korea-open-2025	Senior Men -58kg	R32	104	HEO Jae hyuk	KOR	MANSUROV Kamronbek	UZB	PTF	2:1
chuncheon-korea-open-2025	Senior Men -58kg	R32	105	HUANG Jincheng	CHN	CAMUA Benjamin	AUS	PTF	2:0
chuncheon-korea-open-2025	Senior Men -58kg	R32	204	CHENG Kai	CHN	SERIK Artur	KAZ	PTF	2:0
chuncheon-korea-open-2025	Senior Men -58kg	R32	205	OTAJONOV Omonjon	UZB	TREMBATH George	AUS	PTF	2:0
chuncheon-korea-open-2025	Senior Men -58kg	R32	303	AN Hyang Sik	KOR	LI Qihao	CHN	PTF	2:0
chuncheon-korea-open-2025	Senior Men -58kg	R32	304	YU Junsong	CHN	SAMARAKOON HERATH MUDIYANSELAGE Sahan nadeera samarakoon	SRI	PTF	2:0
chuncheon-korea-open-2025	Senior Men -58kg	R32	305	MIRAYIMOV Mirdiyorbek	UZB	CUNNINGHAM William	USA	PTF	2:1
chuncheon-korea-open-2025	Senior Men -58kg	R32	403	PARK Sang-yeon	KOR	PHYO Shine yawai	MYA	PTF	2:0
chuncheon-korea-open-2025	Senior Men -58kg	R32	404	JIANG Liuxin	CHN	COO MARTINEZ Miguel	MEX	PTF	2:0
chuncheon-korea-open-2025	Senior Men -58kg	R32	405	YANG Won Jun	KOR	HAIMAITI Bilali	CHN	PTF	2:0
chuncheon-korea-open-2025	Senior Men -58kg	R32	503	KIM Hye kyu	KOR	CURATA Kurt Mykel	PHI	PTF	2:0
chuncheon-korea-open-2025	Senior Men -58kg	R32	504	AYNAGA Aljen	PHI	CHEN Chia-le	TPE	PTF	2:1
chuncheon-korea-open-2025	Senior Men -58kg	R16	114	PARK Tae-joon	KOR	AN Hyang Sik	KOR	PTF	2:1
chuncheon-korea-open-2025	Senior Men -58kg	R16	115	HUANG Jincheng	CHN	AYNAGA Aljen	PHI	PTF	2:0
chuncheon-korea-open-2025	Senior Men -58kg	R16	214	KIM Hye kyu	KOR	PARK Sang-yeon	KOR	PTF	2:1
chuncheon-korea-open-2025	Senior Men -58kg	R16	215	OTAJONOV Omonjon	UZB	MIRAYIMOV Mirdiyorbek	UZB	PTF	2:0
chuncheon-korea-open-2025	Senior Men -58kg	R16	314	CHENG Kai	CHN	HEO Jae hyuk	KOR	PTF	2:0
chuncheon-korea-open-2025	Senior Men -58kg	R16	315	YANG Huichan	KOR	YANG Won Jun	KOR	PTF	2:0
chuncheon-korea-open-2025	Senior Men -58kg	R16	414	KIM Si yun	KOR	YU Junsong	CHN	PTF	2:1
chuncheon-korea-open-2025	Senior Men -58kg	R16	514	SIM Junho	KOR	JIANG Liuxin	CHN	PTF	2:0
chuncheon-korea-open-2025	Senior Men -58kg	QF	125	YANG Huichan	KOR	OTAJONOV Omonjon	UZB	PTF	2:0
chuncheon-korea-open-2025	Senior Men -58kg	QF	324	PARK Tae-joon	KOR	KIM Hye kyu	KOR	PTF	2:0
chuncheon-korea-open-2025	Senior Men -58kg	QF	424	CHENG Kai	CHN	KIM Si yun	KOR	PTF	2:1
chuncheon-korea-open-2025	Senior Men -58kg	QF	524	HUANG Jincheng	CHN	SIM Junho	KOR	PTF	2:1
chuncheon-korea-open-2025	Senior Men -58kg	SF	231	PARK Tae-joon	KOR	CHENG Kai	CHN	PTF	2:1
chuncheon-korea-open-2025	Senior Men -58kg	SF	331	YANG Huichan	KOR	HUANG Jincheng	CHN	PTF	2:0
chuncheon-korea-open-2025	Senior Men -58kg	F	339	PARK Tae-joon	KOR	YANG Huichan	KOR	PTF	2:1
chuncheon-korea-open-2025	Senior Men -63kg	R32	102	JUNG Woo-hyeok	KOR	DING Jianing	CHN	PTF	2:1
chuncheon-korea-open-2025	Senior Men -63kg	R32	103	SEO Minjun	KOR	TOGYZBAYEV Konysbek	KAZ	PTF	2:0
chuncheon-korea-open-2025	Senior Men -63kg	R32	202	LEE Jang-hoe	KOR	GEUM Minsu	KOR	PTF	2:1
chuncheon-korea-open-2025	Senior Men -63kg	R32	203	LIM Dae-won	KOR	SEO Hyun woo	KOR	PTF	2:1
chuncheon-korea-open-2025	Senior Men -63kg	R32	301	LIU Xuan	CHN	ZHANG Xuguang	CHN	PTF	2:0
chuncheon-korea-open-2025	Senior Men -63kg	R32	302	YUN Joon hyuk	KOR	LI Dezhi	CHN	PTF	2:0
chuncheon-korea-open-2025	Senior Men -63kg	R32	303	PARK Ji Hun	KOR	WANG Hao tian (buddy)	AUS	PTF	2:0
chuncheon-korea-open-2025	Senior Men -63kg	R32	401	TIAN Changhao	CHN	BUENAVIDES Kenneth riley	PHI	PTF	2:0
chuncheon-korea-open-2025	Senior Men -63kg	R32	402	HUANG Kefen	CHN	OH Taehi	KOR	PTF	2:0
chuncheon-korea-open-2025	Senior Men -63kg	R32	403	LEE Jun hyeong	KOR	YU Ki hwan	KOR	PTF	2:0
chuncheon-korea-open-2025	Senior Men -63kg	R32	501	AUNG Shine htet	MYA	DOWN Harrison	AUS	PTF	2:0
chuncheon-korea-open-2025	Senior Men -63kg	R32	502	KIM Hyeong jun	KOR	ANATORE Lokadevan	MAS	PTF	2:0
chuncheon-korea-open-2025	Senior Men -63kg	R32	503	NAZAROV Nazarali	UZB	GILBUENA Sturdy Jay	PHI	PTF	2:0
chuncheon-korea-open-2025	Senior Men -63kg	R16	115	YANG Won suk	KOR	KIM Hyeong jun	KOR	PTF	2:0
chuncheon-korea-open-2025	Senior Men -63kg	R16	214	LIU Xuan	CHN	MAEDA Hidetaka	JPN	PTF	2:1
chuncheon-korea-open-2025	Senior Men -63kg	R16	215	SEO Minjun	KOR	LIM Dae-won	KOR	PTF	2:0
chuncheon-korea-open-2025	Senior Men -63kg	R16	314	TIAN Changhao	CHN	AUNG Shine htet	MYA	PTF	2:0
chuncheon-korea-open-2025	Senior Men -63kg	R16	315	PARK Ji Hun	KOR	LEE Jun hyeong	KOR	WDR	2:0
chuncheon-korea-open-2025	Senior Men -63kg	R16	414	JUNG Woo-hyeok	KOR	LEE Jang-hoe	KOR	PTF	2:0
chuncheon-korea-open-2025	Senior Men -63kg	R16	415	NAZAROV Nazarali	UZB	PRATAMA Bagus	INA	PTF	2:0
chuncheon-korea-open-2025	Senior Men -63kg	R16	514	YUN Joon hyuk	KOR	HUANG Kefen	CHN	PTF	2:1
chuncheon-korea-open-2025	Senior Men -63kg	QF	126	YUN Joon hyuk	KOR	JUNG Woo-hyeok	KOR	PTF	2:0
chuncheon-korea-open-2025	Senior Men -63kg	QF	226	SEO Minjun	KOR	YANG Won suk	KOR	PTF	2:0
chuncheon-korea-open-2025	Senior Men -63kg	QF	326	NAZAROV Nazarali	UZB	PARK Ji Hun	KOR	PTF	2:1
chuncheon-korea-open-2025	Senior Men -63kg	QF	525	TIAN Changhao	CHN	LIU Xuan	CHN	PTF	2:0
chuncheon-korea-open-2025	Senior Men -63kg	SF	232	YUN Joon hyuk	KOR	TIAN Changhao	CHN	PTF	2:0
chuncheon-korea-open-2025	Senior Men -63kg	SF	332	NAZAROV Nazarali	UZB	SEO Minjun	KOR	PTF	2:0
chuncheon-korea-open-2025	Senior Men -63kg	F	335	YUN Joon hyuk	KOR	NAZAROV Nazarali	UZB	PTF	2:0
chuncheon-korea-open-2025	Senior Men -68kg	R64	101	KIM Minjun	KOR	CHEN Chia-sheng	TPE	PTF	2:0
chuncheon-korea-open-2025	Senior Men -68kg	R64	201	YASEN Nueralimu	CHN	OH Jung su	KOR	PTF	2:0
chuncheon-korea-open-2025	Senior Men -68kg	R32	107	HARRIS Khalfani	USA	GAZEZ Nurbek	KAZ	PTF	2:0
chuncheon-korea-open-2025	Senior Men -68kg	R32	108	CHOI Jaemin	KOR	KO Yuchan	KOR	PTF	2:0
chuncheon-korea-open-2025	Senior Men -68kg	R32	109	BHARAT Arun raj ram	MAS	CHOI Byungmin	KOR	PTF	2:0
chuncheon-korea-open-2025	Senior Men -68kg	R32	206	KIM Minjun	KOR	MUN Jinho	KOR	PTF	2:1
chuncheon-korea-open-2025	Senior Men -68kg	R32	207	XIAO Chenming	CHN	ORCHARD Lachlan	AUS	PTF	2:0
chuncheon-korea-open-2025	Senior Men -68kg	R32	208	LIM Jeong Jun	KOR	LEE Ha-jun	KOR	PTF	2:0
chuncheon-korea-open-2025	Senior Men -68kg	R32	209	TUKHLIBOEV Diyorbek	UZB	YASEN Nueralimu	CHN	PTF	2:0
chuncheon-korea-open-2025	Senior Men -68kg	R32	306	CHOI Min Hyeok	KOR	RZAGALY Rauan	KAZ	PTF	2:0
chuncheon-korea-open-2025	Senior Men -68kg	R32	307	SEO Young bae	KOR	HU Wenhao	CHN	PTF	2:1
chuncheon-korea-open-2025	Senior Men -68kg	R32	308	DIAO Lixingjun	CHN	SUMMERFIELD Matthew	AUS	PTF	2:0
chuncheon-korea-open-2025	Senior Men -68kg	R32	406	SHIN Jaewon	KOR	LAO Nusair	PHI	PTF	2:0
chuncheon-korea-open-2025	Senior Men -68kg	R32	407	NIKOLOVSKI Xavier	AUS	HAPU ARACHCHILAGE Ashan Maduka	SRI	PTF	2:0
chuncheon-korea-open-2025	Senior Men -68kg	R32	408	CHEN Cheng	CHN	강 태인	KOR	PTF	2:0
chuncheon-korea-open-2025	Senior Men -68kg	R32	506	RAJABOV Islombek	UZB	SULTANI Zaki	AUS	PTF	2:0
chuncheon-korea-open-2025	Senior Men -68kg	R32	507	LEE Hun	KOR	GONG Ruixing	CHN	PTF	2:0
chuncheon-korea-open-2025	Senior Men -68kg	R32	508	YAN Lei	CHN	XIAO Shaohong	CHN	PTF	2:0
chuncheon-korea-open-2025	Senior Men -68kg	R16	118	SEO Young bae	KOR	NIKOLOVSKI Xavier	AUS	PTF	2:1
chuncheon-korea-open-2025	Senior Men -68kg	R16	218	CHOI Jaemin	KOR	LEE Hun	KOR	PTF	2:0
chuncheon-korea-open-2025	Senior Men -68kg	R16	317	KIM Minjun	KOR	CHOI Min Hyeok	KOR	PTF	2:0
chuncheon-korea-open-2025	Senior Men -68kg	R16	318	DIAO Lixingjun	CHN	LIM Jeong Jun	KOR	PTF	2:1
chuncheon-korea-open-2025	Senior Men -68kg	R16	417	RAJABOV Islombek	UZB	SHIN Jaewon	KOR	PTF	2:1
chuncheon-korea-open-2025	Senior Men -68kg	R16	418	CHEN Cheng	CHN	YAN Lei	CHN	PTF	2:1
chuncheon-korea-open-2025	Senior Men -68kg	R16	517	XIAO Chenming	CHN	HARRIS Khalfani	USA	PTF	2:0
chuncheon-korea-open-2025	Senior Men -68kg	R16	518	TUKHLIBOEV Diyorbek	UZB	BHARAT Arun raj ram	MAS	PTF	2:0
chuncheon-korea-open-2025	Senior Men -68kg	QF	128	TUKHLIBOEV Diyorbek	UZB	CHEN Cheng	CHN	PTF	2:1
chuncheon-korea-open-2025	Senior Men -68kg	QF	327	KIM Minjun	KOR	RAJABOV Islombek	UZB	PTF	2:1
chuncheon-korea-open-2025	Senior Men -68kg	QF	427	SEO Young bae	KOR	XIAO Chenming	CHN	PTF	2:0
chuncheon-korea-open-2025	Senior Men -68kg	QF	527	DIAO Lixingjun	CHN	CHOI Jaemin	KOR	PTF	2:0
chuncheon-korea-open-2025	Senior Men -68kg	SF	133	KIM Minjun	KOR	SEO Young bae	KOR	PTF	2:0
chuncheon-korea-open-2025	Senior Men -68kg	SF	233	DIAO Lixingjun	CHN	TUKHLIBOEV Diyorbek	UZB	PTF	2:0
chuncheon-korea-open-2025	Senior Men -68kg	F	535	DIAO Lixingjun	CHN	KIM Minjun	KOR	PTF	2:1
chuncheon-korea-open-2025	Senior Men -74kg	R32	112	NUERMAIMAITI Naibijiang	CHN	ALMABROUK Osama	AUS	PTF	2:1
chuncheon-korea-open-2025	Senior Men -74kg	R32	113	LEE Jinwook	KOR	MOHD AFRIZAN Putera arsyad danish	MAS	PTF	2:0
chuncheon-korea-open-2025	Senior Men -74kg	R32	212	CHO Hwanju	KOR	AGAOGLU Osman	AUS	PTF	2:0
chuncheon-korea-open-2025	Senior Men -74kg	R32	213	JEON Gyu Ho	KOR	RASSULIULY Dinmukhanbed	KAZ	PTF	2:0
chuncheon-korea-open-2025	Senior Men -74kg	R32	312	RYOO Jin	KOR	KIM Minseok	KOR	PTF	2:0
chuncheon-korea-open-2025	Senior Men -74kg	R32	313	KIM Dong hun	KOR	WONG Yan kit	HKG	PTF	2:1
chuncheon-korea-open-2025	Senior Men -74kg	R32	411	ROWE Tane	AUS	ORYNGALI Daulet	KAZ	PTF	2:1
chuncheon-korea-open-2025	Senior Men -74kg	R32	412	ZHANG Yazong	CHN	CHOI Siwon	KOR	PTF	2:0
chuncheon-korea-open-2025	Senior Men -74kg	R32	413	JEUNG Min soo	KOR	ORYNBASSAR Yerassyl	KAZ	PTF	2:0
chuncheon-korea-open-2025	Senior Men -74kg	R32	511	RAGHEB Taye	AUS	WILLIAMS Carl justine	PHI	PTF	2:0
chuncheon-korea-open-2025	Senior Men -74kg	R32	512	KWON Doyun	KOR	HTET Zaw lin	MYA	PTF	2:0
chuncheon-korea-open-2025	Senior Men -74kg	R16	121	CHO Hwanju	KOR	SUSILO Arya danu	INA	PTF	2:0
chuncheon-korea-open-2025	Senior Men -74kg	R16	122	CEA Dave	PHI	JEUNG Min soo	KOR	PTF	2:0
chuncheon-korea-open-2025	Senior Men -74kg	R16	221	RYOO Jin	KOR	MAMADALIEV Ozodbek	UZB	PTF	2:1
chuncheon-korea-open-2025	Senior Men -74kg	R16	321	LEE Sang Ryeol	KOR	ZHANG Yazong	CHN	PTF	2:0
chuncheon-korea-open-2025	Senior Men -74kg	R16	420	JANG Eunseok	KOR	ROWE Tane	AUS	PTF	2:0
chuncheon-korea-open-2025	Senior Men -74kg	R16	421	LEE Jinwook	KOR	KWON Doyun	KOR	PTF	2:0
chuncheon-korea-open-2025	Senior Men -74kg	R16	520	RAGHEB Taye	AUS	NUERMAIMAITI Naibijiang	CHN	PTF	2:1
chuncheon-korea-open-2025	Senior Men -74kg	R16	521	JEON Gyu Ho	KOR	KIM Dong hun	KOR	PTF	2:1
chuncheon-korea-open-2025	Senior Men -74kg	QF	129	RAGHEB Taye	AUS	JANG Eunseok	KOR	PTF	2:1
chuncheon-korea-open-2025	Senior Men -74kg	QF	229	RYOO Jin	KOR	CHO Hwanju	KOR	PTF	2:0
chuncheon-korea-open-2025	Senior Men -74kg	QF	329	LEE Sang Ryeol	KOR	LEE Jinwook	KOR	PTF	2:1
chuncheon-korea-open-2025	Senior Men -74kg	QF	429	CEA Dave	PHI	JEON Gyu Ho	KOR	PTF	2:0
chuncheon-korea-open-2025	Senior Men -74kg	SF	134	LEE Sang Ryeol	KOR	CEA Dave	PHI	PTF	2:1
chuncheon-korea-open-2025	Senior Men -74kg	SF	533	RYOO Jin	KOR	RAGHEB Taye	AUS	PTF	2:0
chuncheon-korea-open-2025	Senior Men -74kg	F	236	RYOO Jin	KOR	LEE Sang Ryeol	KOR	PTF	2:0
chuncheon-korea-open-2025	Senior Men -80kg	R32	109	YAO Yanliang	CHN	KIM Junsang	KOR	PTF	2:1
chuncheon-korea-open-2025	Senior Men -80kg	R32	209	KIM Hyun-woo	KOR	ZULKIFLY Zafran shakir salihin	MAS	PTF	2:0
chuncheon-korea-open-2025	Senior Men -80kg	R32	309	BYUN Jaeseok	KOR	AGNO Justin mark	PHI	PTF	2:0
chuncheon-korea-open-2025	Senior Men -80kg	R32	409	KIM Yongju	KOR	PARK Seunggyeom	KOR	PTF	2:0
chuncheon-korea-open-2025	Senior Men -80kg	R32	509	LIU Junjie	CHN	MCMAHON Luke	AUS	RSC	1:0
chuncheon-korea-open-2025	Senior Men -80kg	R16	118	KIM Yongju	KOR	SWEENEY Liam	AUS	PTF	2:1
chuncheon-korea-open-2025	Senior Men -80kg	R16	217	YAO Yanliang	CHN	ZHAO Junbo	CHN	PTF	2:0
chuncheon-korea-open-2025	Senior Men -80kg	R16	218	NAUVAL Ossanando	INA	PARK Dong soo	KOR	PTF	2:1
chuncheon-korea-open-2025	Senior Men -80kg	R16	317	GU Hongrui	CHN	KANG Seong-bum	KOR	PTF	2:0
chuncheon-korea-open-2025	Senior Men -80kg	R16	318	KIM Jaewon	KOR	JUNG Jae hun	KOR	PTF	2:0
chuncheon-korea-open-2025	Senior Men -80kg	R16	417	KIM Hyun-woo	KOR	KANGYEON Seo	KOR	PTF	2:1
chuncheon-korea-open-2025	Senior Men -80kg	R16	418	MARIPOV Abdurakhmon	KAZ	LIU Junjie	CHN	PTF	2:0
chuncheon-korea-open-2025	Senior Men -80kg	R16	517	GANIYEV Mergen	KAZ	BYUN Jaeseok	KOR	PTF	2:1
chuncheon-korea-open-2025	Senior Men -80kg	QF	126	YAO Yanliang	CHN	GU Hongrui	CHN	PTF	2:0
chuncheon-korea-open-2025	Senior Men -80kg	QF	226	KIM Hyun-woo	KOR	GANIYEV Mergen	KAZ	PTF	2:0
chuncheon-korea-open-2025	Senior Men -80kg	QF	326	KIM Yongju	KOR	NAUVAL Ossanando	INA	PTF	2:0
chuncheon-korea-open-2025	Senior Men -80kg	QF	426	KIM Jaewon	KOR	MARIPOV Abdurakhmon	KAZ	PTF	2:0
chuncheon-korea-open-2025	Senior Men -80kg	SF	233	KIM Hyun-woo	KOR	YAO Yanliang	CHN	PTF	2:1
chuncheon-korea-open-2025	Senior Men -80kg	SF	333	KIM Yongju	KOR	KIM Jaewon	KOR	PTF	2:1
chuncheon-korea-open-2025	Senior Men -80kg	F	341	KIM Hyun-woo	KOR	KIM Yongju	KOR	PTF	2:0
chuncheon-korea-open-2025	Senior Men -87kg	R32	114	NURGAZIN Meiir	KAZ	DEUBA Niraj	NEP	DSQ	
chuncheon-korea-open-2025	Senior Men -87kg	R32	513	LEE Jaehui	KOR	YU Donghoon	KOR	PTF	2:0
chuncheon-korea-open-2025	Senior Men -87kg	R16	123	SALAEV Shukhrat	UZB	LEE Jaehui	KOR	PTF	2:0
chuncheon-korea-open-2025	Senior Men -87kg	R16	124	LEE Jihu	KOR	FAADIHILLAH Ezar	INA	PTF	2:0
chuncheon-korea-open-2025	Senior Men -87kg	R16	223	STEWART Jobe	AUS	ABDUKODIROV Azizbek	UZB	PTF	2:0
chuncheon-korea-open-2025	Senior Men -87kg	R16	224	NAMGOONG Hwan	KOR	OH Seung min	KOR	PTF	2:0
chuncheon-korea-open-2025	Senior Men -87kg	R16	323	ZHANG Kai	CHN	CHOI Jun pyo	KOR	DSQ	
chuncheon-korea-open-2025	Senior Men -87kg	R16	324	ZHURABOEV Yodgorbek	UZB	NURGAZIN Meiir	KAZ	PTF	2:1
chuncheon-korea-open-2025	Senior Men -87kg	R16	423	MENG Mingkuan	CHN	LEE Yo-seph	KOR	PTF	2:1
chuncheon-korea-open-2025	Senior Men -87kg	R16	523	RAIHAN FADHILA Mhd	INA	OH Jihoon	KOR	PTF	2:0
chuncheon-korea-open-2025	Senior Men -87kg	QF	131	LEE Jihu	KOR	RAIHAN FADHILA Mhd	INA	PTF	2:0
chuncheon-korea-open-2025	Senior Men -87kg	QF	231	ZHURABOEV Yodgorbek	UZB	NAMGOONG Hwan	KOR	PTF	2:0
chuncheon-korea-open-2025	Senior Men -87kg	QF	430	SALAEV Shukhrat	UZB	STEWART Jobe	AUS	PTF	2:0
chuncheon-korea-open-2025	Senior Men -87kg	QF	530	MENG Mingkuan	CHN	ZHANG Kai	CHN	PTF	2:1
chuncheon-korea-open-2025	Senior Men -87kg	SF	434	SALAEV Shukhrat	UZB	MENG Mingkuan	CHN	PTF	2:1
chuncheon-korea-open-2025	Senior Men -87kg	SF	534	ZHURABOEV Yodgorbek	UZB	LEE Jihu	KOR	PTF	2:0
chuncheon-korea-open-2025	Senior Men -87kg	F	436	SALAEV Shukhrat	UZB	ZHURABOEV Yodgorbek	UZB	PTF	2:0
chuncheon-korea-open-2025	Senior Men +87kg	R16	121	WANG Zedong	CHN	SHEN Nuoqian	CHN	PTF	2:1
chuncheon-korea-open-2025	Senior Men +87kg	R16	320	WANG Weihao	CHN	ZULHADI Mohamad zulhafiz	MAS	PTF	2:0
chuncheon-korea-open-2025	Senior Men +87kg	R16	420	WANG Yaoxi	CHN	ZHAO Jiongpu	CHN	PTF	2:0
chuncheon-korea-open-2025	Senior Men +87kg	R16	520	LEE Seungwoo	KOR	LIU Zhaoyang	CHN	PTF	2:0
chuncheon-korea-open-2025	Senior Men +87kg	QF	128	LEE Seungwoo	KOR	KHASSENOV Bauyrzhan	KAZ	PTF	2:0
chuncheon-korea-open-2025	Senior Men +87kg	QF	228	SONG Zhaoxiang	CHN	WANG Zedong	CHN	PTF	2:0
chuncheon-korea-open-2025	Senior Men +87kg	QF	427	WANG Weihao	CHN	STILLEY Aiden	AUS	PTF	2:1
chuncheon-korea-open-2025	Senior Men +87kg	QF	527	MENG Fanqiu	CHN	WANG Yaoxi	CHN	PTF	2:1
chuncheon-korea-open-2025	Senior Men +87kg	SF	235	WANG Weihao	CHN	MENG Fanqiu	CHN	PTF	2:1
chuncheon-korea-open-2025	Senior Men +87kg	SF	335	SONG Zhaoxiang	CHN	LEE Seungwoo	KOR	PTF	2:0
chuncheon-korea-open-2025	Senior Men +87kg	F	343	WANG Weihao	CHN	SONG Zhaoxiang	CHN	PTF	2:1
chuncheon-korea-open-2025	Senior Women -46kg	R32	103	KIM Na yeon	KOR	LY-DIEP Jaidah	AUS	PTF	2:0
chuncheon-korea-open-2025	Senior Women -46kg	R32	203	OH Hyejin	KOR	KUMARTAYEVA Aidana	KAZ	PTF	2:1
chuncheon-korea-open-2025	Senior Women -46kg	R16	113	PARK Seojeong	KOR	CARLOS Caitlin Julia	PHI	PTF	2:0
chuncheon-korea-open-2025	Senior Women -46kg	R16	213	SHONIYOZOVA Madina	UZB	RANASINGHE Amaya	SRI	PTF	2:0
chuncheon-korea-open-2025	Senior Women -46kg	R16	312	YE Xiaoting	CHN	KIM Na yeon	KOR	PTF	2:0
chuncheon-korea-open-2025	Senior Women -46kg	R16	313	SARZA Clarence	PHI	DU Jia	CHN	PTF	2:0
chuncheon-korea-open-2025	Senior Women -46kg	R16	412	ALEXANDRA Rayinda Syah	INA	KIM Yurim	KOR	PTF	2:1
chuncheon-korea-open-2025	Senior Women -46kg	R16	413	CHEN Yujin	CHN	HO Ee jean	MAS	PTF	2:0
chuncheon-korea-open-2025	Senior Women -46kg	R16	512	LEE Ye-ji	KOR	LI Siyong	CHN	PTF	2:0
chuncheon-korea-open-2025	Senior Women -46kg	R16	513	LEE Yumin	KOR	OH Hyejin	KOR	PTF	2:0
chuncheon-korea-open-2025	Senior Women -46kg	QF	124	SARZA Clarence	PHI	SHONIYOZOVA Madina	UZB	PTF	2:0
chuncheon-korea-open-2025	Senior Women -46kg	QF	224	LEE Yumin	KOR	CHEN Yujin	CHN	PTF	2:0
chuncheon-korea-open-2025	Senior Women -46kg	QF	423	YE Xiaoting	CHN	ALEXANDRA Rayinda Syah	INA	PTF	2:0
chuncheon-korea-open-2025	Senior Women -46kg	QF	523	LEE Ye-ji	KOR	PARK Seojeong	KOR	PTF	2:1
chuncheon-korea-open-2025	Senior Women -46kg	SF	230	YE Xiaoting	CHN	LEE Ye-ji	KOR	PTF	2:0
chuncheon-korea-open-2025	Senior Women -46kg	SF	330	LEE Yumin	KOR	SARZA Clarence	PHI	PTF	2:1
chuncheon-korea-open-2025	Senior Women -46kg	F	338	YE Xiaoting	CHN	LEE Yumin	KOR	PTF	2:0
chuncheon-korea-open-2025	Senior Women -49kg	R32	104	KO Dahye	KOR	LAI Hiu ching	HKG	PTF	2:0
chuncheon-korea-open-2025	Senior Women -49kg	R32	105	WANG Xiaolu	CHN	TAMBYRAJAH Saffron	AUS	PTF	2:0
chuncheon-korea-open-2025	Senior Women -49kg	R32	106	KIM Hyang-gi	KOR	LEE Jimin	KOR	PTF	2:0
chuncheon-korea-open-2025	Senior Women -49kg	R32	204	KIM Minchae	KOR	CHOI Jia	KOR	PTF	2:1
chuncheon-korea-open-2025	Senior Women -49kg	R32	205	COLLADO Rizza rose	PHI	BULATHWATHTHE DHARMAKEERTHIGE Ishara Dharmakeerthi	SRI	PTF	2:0
chuncheon-korea-open-2025	Senior Women -49kg	R32	304	LEE Youngin	KOR	KU Jihyun	KOR	PTF	2:1
chuncheon-korea-open-2025	Senior Women -49kg	R32	305	KAPANOVA Botakoz	KAZ	XIE Xueting	CHN	PTF	2:0
chuncheon-korea-open-2025	Senior Women -49kg	R32	404	SONG Woojin	KOR	KWOK Tsz Tung	HKG	PTF	2:0
chuncheon-korea-open-2025	Senior Women -49kg	R32	405	MATA Maya	USA	PHYO Saung june	MYA	PTF	2:0
chuncheon-korea-open-2025	Senior Women -49kg	R32	504	AN Byeo Ri	KOR	HEO Minji	KOR	PTF	2:0
chuncheon-korea-open-2025	Senior Women -49kg	R32	505	MURAKAMI China	JPN	MIRAMBEK Nargiz	KAZ	PTF	2:0
chuncheon-korea-open-2025	Senior Women -49kg	R16	116	KIM Minchae	KOR	LEE Youngin	KOR	PTF	2:0
chuncheon-korea-open-2025	Senior Women -49kg	R16	117	MATA Maya	USA	MURAKAMI China	JPN	PTF	2:1
chuncheon-korea-open-2025	Senior Women -49kg	R16	216	SONG Woojin	KOR	DWI PUTRI Winda	INA	PTF	2:0
chuncheon-korea-open-2025	Senior Women -49kg	R16	217	KIM Hyang-gi	KOR	OCEGUERA Sophia	USA	PTF	2:0
chuncheon-korea-open-2025	Senior Women -49kg	R16	316	AN Byeo Ri	KOR	LINAN PARDO Naiara	AND	PTF	2:0
chuncheon-korea-open-2025	Senior Women -49kg	R16	416	WANG Xiaolu	CHN	BAUYRZHANOVA Nuray	KAZ	PTF	2:0
chuncheon-korea-open-2025	Senior Women -49kg	R16	515	MANGIN Tachiana kezhia	PHI	KO Dahye	KOR	PTF	2:0
chuncheon-korea-open-2025	Senior Women -49kg	R16	516	KAPANOVA Botakoz	KAZ	COLLADO Rizza rose	PHI	PTF	2:0
chuncheon-korea-open-2025	Senior Women -49kg	QF	127	KAPANOVA Botakoz	KAZ	WANG Xiaolu	CHN	PTF	2:1
chuncheon-korea-open-2025	Senior Women -49kg	QF	227	KIM Hyang-gi	KOR	MATA Maya	USA	PTF	2:0
chuncheon-korea-open-2025	Senior Women -49kg	QF	426	MANGIN Tachiana kezhia	PHI	KIM Minchae	KOR	PTF	2:0
chuncheon-korea-open-2025	Senior Women -49kg	QF	526	AN Byeo Ri	KOR	SONG Woojin	KOR	PTF	2:1
chuncheon-korea-open-2025	Senior Women -49kg	SF	432	MANGIN Tachiana kezhia	PHI	AN Byeo Ri	KOR	PTF	2:0
chuncheon-korea-open-2025	Senior Women -49kg	SF	532	KIM Hyang-gi	KOR	KAPANOVA Botakoz	KAZ	PTF	2:0
chuncheon-korea-open-2025	Senior Women -49kg	F	435	KIM Hyang-gi	KOR	MANGIN Tachiana kezhia	PHI	PTF	2:0
chuncheon-korea-open-2025	Senior Women -53kg	R32	106	MALIK Kashish	IND	ISHAK Nadia aina syazwani	MAS	PTF	2:1
chuncheon-korea-open-2025	Senior Women -53kg	R32	107	IDRISSOVA Tomiris	KAZ	MERGEMBAYEVA Perizat	KAZ	PTF	2:0
chuncheon-korea-open-2025	Senior Women -53kg	R32	108	MONSALES Joanna	AUS	ABD ELMESSEH Miriam	AUS	PTF	2:1
chuncheon-korea-open-2025	Senior Women -53kg	R32	206	LI Jingwen	CHN	PAVIA Bianca	AUS	PTF	2:0
chuncheon-korea-open-2025	Senior Women -53kg	R32	207	XU Xinyu	CHN	ZHU Jingyu	CHN	PTF	2:1
chuncheon-korea-open-2025	Senior Women -53kg	R32	208	LIU Ziyi	CHN	YU Hagyung	KOR	PTF	2:0
chuncheon-korea-open-2025	Senior Women -53kg	R32	306	MAHESWARI Megawati Tamesti	INA	ZHAO Zhen	CHN	PTF	2:0
chuncheon-korea-open-2025	Senior Women -53kg	R32	307	ZUO JU	CHN	CANABAL Baby jessica	PHI	PTF	2:0
chuncheon-korea-open-2025	Senior Women -53kg	R32	308	HYEJEONG Lee	KOR	SHEN Chia chen	TPE	PTF	2:0
chuncheon-korea-open-2025	Senior Women -53kg	R32	406	LIU Fangxin	CHN	MOHD FIRDAUS Norumar	MAS	PTF	2:0
chuncheon-korea-open-2025	Senior Women -53kg	R32	407	YOO Hyeon ji	KOR	MAHAGURUGE Senori sasadara fernando	SRI	PTF	2:0
chuncheon-korea-open-2025	Senior Women -53kg	R32	408	KIM Siwoo	KOR	LEE Eunji	KOR	PTF	2:0
chuncheon-korea-open-2025	Senior Women -53kg	R32	505	ZHANG Yanying	CHN	QUERUBIN Sofia	AUS	PTF	2:0
chuncheon-korea-open-2025	Senior Women -53kg	R32	506	PATRATII Alesia	KGZ	LEE Yunsung	KOR	PTF	2:0
chuncheon-korea-open-2025	Senior Women -53kg	R32	507	TUNG Ting yun	TPE	LIM Esther	AUS	PTF	2:0
chuncheon-korea-open-2025	Senior Women -53kg	R32	508	PARK Hye jin	KOR	TAN Nichelle	SGP	PTF	2:0
chuncheon-korea-open-2025	Senior Women -53kg	R16	116	LIU Fangxin	CHN	PATRATII Alesia	KGZ	PTF	2:1
chuncheon-korea-open-2025	Senior Women -53kg	R16	117	PARK Hye jin	KOR	KIM Siwoo	KOR	PTF	2:0
chuncheon-korea-open-2025	Senior Women -53kg	R16	216	XU Xinyu	CHN	IDRISSOVA Tomiris	KAZ	PTF	2:0
chuncheon-korea-open-2025	Senior Women -53kg	R16	316	ZUO JU	CHN	YOO Hyeon ji	KOR	WDR	2:0
chuncheon-korea-open-2025	Senior Women -53kg	R16	415	ZHANG Yanying	CHN	MALIK Kashish	IND	PTF	2:0
chuncheon-korea-open-2025	Senior Women -53kg	R16	416	TUNG Ting yun	TPE	MONSALES Joanna	AUS	PTF	2:0
chuncheon-korea-open-2025	Senior Women -53kg	R16	515	LI Jingwen	CHN	MAHESWARI Megawati Tamesti	INA	PTF	2:0
chuncheon-korea-open-2025	Senior Women -53kg	R16	516	LIU Ziyi	CHN	HYEJEONG Lee	KOR	PTF	2:0
chuncheon-korea-open-2025	Senior Women -53kg	QF	225	ZHANG Yanying	CHN	LI Jingwen	CHN	PTF	2:1
chuncheon-korea-open-2025	Senior Women -53kg	QF	325	XU Xinyu	CHN	LIU Fangxin	CHN	PTF	2:0
chuncheon-korea-open-2025	Senior Women -53kg	QF	425	ZUO JU	CHN	TUNG Ting yun	TPE	PTF	2:0
chuncheon-korea-open-2025	Senior Women -53kg	QF	525	PARK Hye jin	KOR	LIU Ziyi	CHN	PTF	2:1
chuncheon-korea-open-2025	Senior Women -53kg	SF	232	ZHANG Yanying	CHN	XU Xinyu	CHN	PTF	2:1
chuncheon-korea-open-2025	Senior Women -53kg	SF	332	ZUO JU	CHN	PARK Hye jin	KOR	PTF	2:1
chuncheon-korea-open-2025	Senior Women -53kg	F	340	ZHANG Yanying	CHN	ZUO JU	CHN	PTF	2:1
chuncheon-korea-open-2025	Senior Women -57kg	R32	110	KIM Solla	KOR	KAZNABEK Nuray	KAZ	PTF	2:1
chuncheon-korea-open-2025	Senior Women -57kg	R32	111	ABDUVALIEVA Shabona	UZB	NA Chae rim	KOR	PTF	2:0
chuncheon-korea-open-2025	Senior Women -57kg	R32	210	DANGANAN Czarina mae	PHI	RAHMANI Ruqia	FIN	PTF	2:0
chuncheon-korea-open-2025	Senior Women -57kg	R32	211	GU Wenjing	CHN	KIM Nanhee	KOR	PTF	2:0
chuncheon-korea-open-2025	Senior Women -57kg	R32	309	YANG Junli	CHN	ZHOU Lijun	CHN	PTF	2:1
chuncheon-korea-open-2025	Senior Women -57kg	R32	310	ABUCAY Laizel angela	PHI	LEE Hyebin	KOR	PTF	2:1
chuncheon-korea-open-2025	Senior Women -57kg	R32	311	YIN Yuanhong	CHN	KIM Minkyeong	KOR	PTF	2:1
chuncheon-korea-open-2025	Senior Women -57kg	R32	409	LIU Ellen	AUS	BLEWITT Michaela	AUS	DSQ	
chuncheon-korea-open-2025	Senior Women -57kg	R32	410	OSHIRO ROCHA Isabelly	JPN	KAUNG Nan thou nnarry	MYA	PTF	2:0
chuncheon-korea-open-2025	Senior Women -57kg	R32	509	KANAT Almira	KAZ	HUANG Yong-yu	TPE	PTF	2:0
chuncheon-korea-open-2025	Senior Women -57kg	R32	510	HYMER Stacey	AUS	LAMANDA Silvana	INA	PTF	2:0
chuncheon-korea-open-2025	Senior Women -57kg	R16	119	KIM Yu-jin	KOR	YANG Junli	CHN	PTF	2:0
chuncheon-korea-open-2025	Senior Women -57kg	R16	120	HYMER Stacey	AUS	OSHIRO ROCHA Isabelly	JPN	PTF	2:0
chuncheon-korea-open-2025	Senior Women -57kg	R16	219	KANAT Almira	KAZ	LIU Ellen	AUS	PTF	2:0
chuncheon-korea-open-2025	Senior Women -57kg	R16	220	GU Wenjing	CHN	ABDUVALIEVA Shabona	UZB	PTF	2:0
chuncheon-korea-open-2025	Senior Women -57kg	R16	319	ZHANG Chuling	CHN	KIM Solla	KOR	PTF	2:0
chuncheon-korea-open-2025	Senior Women -57kg	R16	320	KIM Gahyeon	KOR	YIN Yuanhong	CHN	PTF	2:0
chuncheon-korea-open-2025	Senior Women -57kg	R16	419	DILLON Faith	USA	DANGANAN Czarina mae	PHI	PTF	2:0
chuncheon-korea-open-2025	Senior Women -57kg	R16	519	ZHAN Tian rui	CHN	ABUCAY Laizel angela	PHI	PTF	2:1
chuncheon-korea-open-2025	Senior Women -57kg	QF	228	KIM Yu-jin	KOR	KANAT Almira	KAZ	PTF	2:0
chuncheon-korea-open-2025	Senior Women -57kg	QF	328	ZHANG Chuling	CHN	DILLON Faith	USA	PTF	2:1
chuncheon-korea-open-2025	Senior Women -57kg	QF	428	ZHAN Tian rui	CHN	HYMER Stacey	AUS	PTF	2:1
chuncheon-korea-open-2025	Senior Women -57kg	QF	528	KIM Gahyeon	KOR	GU Wenjing	CHN	PTF	2:0
chuncheon-korea-open-2025	Senior Women -57kg	SF	333	ZHANG Chuling	CHN	KIM Yu-jin	KOR	PTF	2:0
chuncheon-korea-open-2025	Senior Women -57kg	SF	433	KIM Gahyeon	KOR	ZHAN Tian rui	CHN	PTF	2:1
chuncheon-korea-open-2025	Senior Women -57kg	F	136	ZHANG Chuling	CHN	KIM Gahyeon	KOR	PTF	2:1
chuncheon-korea-open-2025	Senior Women -62kg	R32	110	CHOI Subin	KOR	OH Ha eun	KOR	PTF	2:0
chuncheon-korea-open-2025	Senior Women -62kg	R32	210	FAN Jinhan	CHN	MEDD Saskia	AUS	PTF	2:0
chuncheon-korea-open-2025	Senior Women -62kg	R16	119	YOU Songhwa	KOR	MUN Haneul	KOR	PTF	2:1
chuncheon-korea-open-2025	Senior Women -62kg	R16	120	CHU Man-lin	TPE	CACILDES VINOTHKANNA Annsofna	SRI	PTF	2:0
chuncheon-korea-open-2025	Senior Women -62kg	R16	219	KHAYITOVA Sevinch	UZB	BRIONES Jubilee	PHI	PTF	2:0
chuncheon-korea-open-2025	Senior Women -62kg	R16	220	LI Xueju	CHN	FAN Jinhan	CHN	PTF	2:0
chuncheon-korea-open-2025	Senior Women -62kg	R16	319	DEATON Danica	USA	KIM Seolhui	KOR	PTF	2:1
chuncheon-korea-open-2025	Senior Women -62kg	R16	419	AIMUKASHEVA Kamila	KAZ	CHAN Merica lillyn	PHI	PTF	2:0
chuncheon-korea-open-2025	Senior Women -62kg	R16	518	CHOI Subin	KOR	BLEWITT Gabriella	AUS	PTF	2:1
chuncheon-korea-open-2025	Senior Women -62kg	R16	519	LIM Su Min	KOR	KIM Seol	KOR	PTF	2:1
chuncheon-korea-open-2025	Senior Women -62kg	QF	127	KHAYITOVA Sevinch	UZB	DEATON Danica	USA	PTF	2:0
chuncheon-korea-open-2025	Senior Women -62kg	QF	227	LIM Su Min	KOR	AIMUKASHEVA Kamila	KAZ	PTF	2:0
chuncheon-korea-open-2025	Senior Women -62kg	QF	327	CHU Man-lin	TPE	LI Xueju	CHN	PTF	2:1
chuncheon-korea-open-2025	Senior Women -62kg	QF	526	CHOI Subin	KOR	YOU Songhwa	KOR	PTF	2:1
chuncheon-korea-open-2025	Senior Women -62kg	SF	234	CHOI Subin	KOR	KHAYITOVA Sevinch	UZB	PTF	2:0
chuncheon-korea-open-2025	Senior Women -62kg	SF	334	LIM Su Min	KOR	CHU Man-lin	TPE	PTF	2:1
chuncheon-korea-open-2025	Senior Women -62kg	F	342	CHOI Subin	KOR	LIM Su Min	KOR	PTF	2:1
chuncheon-korea-open-2025	Senior Women -67kg	R32	310	YEOM Eun Been	KOR	CHOE Boyoung	KOR	PTF	2:1
chuncheon-korea-open-2025	Senior Women -67kg	R32	410	MEDD Katja	AUS	DELO Laila	PHI	PTF	2:0
chuncheon-korea-open-2025	Senior Women -67kg	R16	122	SONG Jie	CHN	JO Hee kyeong	KOR	PTF	2:0
chuncheon-korea-open-2025	Senior Women -67kg	R16	221	SOBIRJONOVA Ozoda	UZB	YEOM Eun Been	KOR	PTF	2:0
chuncheon-korea-open-2025	Senior Women -67kg	R16	222	CHEN Xuyan	CHN	VICTOR Holly	AUS	PTF	2:0
chuncheon-korea-open-2025	Senior Women -67kg	R16	321	LI Xue	CHN	PARK Hana	KOR	PTF	2:0
chuncheon-korea-open-2025	Senior Women -67kg	R16	322	QU Chuyun	CHN	KIM Mi jeong	KOR	PTF	2:0
chuncheon-korea-open-2025	Senior Women -67kg	R16	421	HONG Hyo rim	KOR	LIU Junhong	CHN	PTF	2:0
chuncheon-korea-open-2025	Senior Women -67kg	R16	422	TEACHOUT Kristina	USA	MEDD Katja	AUS	PTF	2:0
chuncheon-korea-open-2025	Senior Women -67kg	R16	521	JANG Eun-ji	KOR	YU Hyogyeong	KOR	PTF	2:0
chuncheon-korea-open-2025	Senior Women -67kg	QF	129	TEACHOUT Kristina	USA	QU Chuyun	CHN	PTF	2:0
chuncheon-korea-open-2025	Senior Women -67kg	QF	328	LI Xue	CHN	SOBIRJONOVA Ozoda	UZB	WDR	
chuncheon-korea-open-2025	Senior Women -67kg	QF	428	HONG Hyo rim	KOR	JANG Eun-ji	KOR	PTF	2:1
chuncheon-korea-open-2025	Senior Women -67kg	QF	528	CHEN Xuyan	CHN	SONG Jie	CHN	WDR	2:1
chuncheon-korea-open-2025	Senior Women -67kg	SF	236	HONG Hyo rim	KOR	LI Xue	CHN	PTF	2:0
chuncheon-korea-open-2025	Senior Women -67kg	SF	336	TEACHOUT Kristina	USA	CHEN Xuyan	CHN	PTF	2:1
chuncheon-korea-open-2025	Senior Women -67kg	F	344	HONG Hyo rim	KOR	TEACHOUT Kristina	USA	PTF	2:0
chuncheon-korea-open-2025	Senior Women -73kg	R16	222	MURRAY Rebecca	AUS	DING Hongdan	CHN	PTF	2:1
chuncheon-korea-open-2025	Senior Women -73kg	R16	322	LI Renren	CHN	KWON Miseo	KOR	PTF	2:0
chuncheon-korea-open-2025	Senior Women -73kg	R16	422	CHANG Chiao min	TPE	LEE Sae-in	KOR	PTF	2:0
chuncheon-korea-open-2025	Senior Women -73kg	R16	522	ZHAO Xueting	CHN	ZHANG Mengyu	CHN	PTF	2:1
chuncheon-korea-open-2025	Senior Women -73kg	QF	130	YUAN Zhijing	CHN	LI Renren	CHN	PTF	2:1
chuncheon-korea-open-2025	Senior Women -73kg	QF	230	CHANG Chiao min	TPE	NOH Huiseung	KOR	PTF	2:0
chuncheon-korea-open-2025	Senior Women -73kg	QF	330	ZHAO Xueting	CHN	SUN Jiahui	CHN	PTF	2:0
chuncheon-korea-open-2025	Senior Women -73kg	QF	529	YOON Do Hee	KOR	MURRAY Rebecca	AUS	PTF	2:0
chuncheon-korea-open-2025	Senior Women -73kg	SF	234	YUAN Zhijing	CHN	YOON Do Hee	KOR	PTF	2:1
chuncheon-korea-open-2025	Senior Women -73kg	SF	334	ZHAO Xueting	CHN	CHANG Chiao min	TPE	PTF	2:0
chuncheon-korea-open-2025	Senior Women -73kg	F	336	ZHAO Xueting	CHN	YUAN Zhijing	CHN	PTF	2:0
chuncheon-korea-open-2025	Senior Women +73kg	R16	125	STEWART Reba	AUS	ZHANG Sujuan	CHN	PTF	2:0
chuncheon-korea-open-2025	Senior Women +73kg	R16	225	ZHAO Ziting	CHN	KIM Na yeon	KOR	PTF	2:0
chuncheon-korea-open-2025	Senior Women +73kg	R16	325	WANG Huan	CHN	AN Hyobeen	KOR	PTF	2:0
chuncheon-korea-open-2025	Senior Women +73kg	R16	424	CHOI Yeojin	KOR	JUNG Sugee	KOR	PTF	2:0
chuncheon-korea-open-2025	Senior Women +73kg	R16	425	LI Chen	CHN	KIM Ga yoon	KOR	PTF	2:0
chuncheon-korea-open-2025	Senior Women +73kg	R16	524	BARUA Rodali	IND	YELUBAY Aigul	KAZ	PTF	2:0
chuncheon-korea-open-2025	Senior Women +73kg	QF	132	XU Lei	CHN	LI Chen	CHN	PTF	2:0
chuncheon-korea-open-2025	Senior Women +73kg	QF	331	OSIPOVA Svetlana	UZB	CHOI Yeojin	KOR	PTF	2:0
chuncheon-korea-open-2025	Senior Women +73kg	QF	431	STEWART Reba	AUS	BARUA Rodali	IND	PTF	2:0
chuncheon-korea-open-2025	Senior Women +73kg	QF	531	WANG Huan	CHN	ZHAO Ziting	CHN	PTF	2:1
chuncheon-korea-open-2025	Senior Women +73kg	SF	135	OSIPOVA Svetlana	UZB	STEWART Reba	AUS	PTF	2:0
chuncheon-korea-open-2025	Senior Women +73kg	SF	235	XU Lei	CHN	WANG Huan	CHN	PTF	2:1
chuncheon-korea-open-2025	Senior Women +73kg	F	536	XU Lei	CHN	OSIPOVA Svetlana	UZB	PTF	2:1
fisu-world-university-games-2025	Senior Men -54kg	R32	3101	CHAN Iek hei	MAC	MAMMADOV Khidir	AZE	PTF	2:0
fisu-world-university-games-2025	Senior Men -54kg	R32	3102	SAMIDINOV Nurkhan	KGZ	HEALY Seth	AUS	PTF	2:0
fisu-world-university-games-2025	Senior Men -54kg	R32	3103	OHARA Ryusei	JPN	VASQUEZ Gaston	CHI	PTF	2:0
fisu-world-university-games-2025	Senior Men -54kg	R32	3104	GUN Youngsuk Ethan	USA	DALLAKOTI Abhishek	NEP	PTF	2:0
fisu-world-university-games-2025	Senior Men -54kg	R32	3105	LIKOMETI Tedi	ALB	OH Kai Juiin Graham	SGP	PTF	2:0
fisu-world-university-games-2025	Senior Men -54kg	R32	3106	KURU Alihan	TUR	JHON Naranjo Mejia	ECU	PTF	2:0
fisu-world-university-games-2025	Senior Men -54kg	R32	3107	MIRZA Takrim ahmad	GER	OMBAYO Okwato haji	KEN	PTF	2:0
fisu-world-university-games-2025	Senior Men -54kg	R32	3108	DUISENBEK Aziret	KAZ	YADAV Armaan	IND	PTF	2:0
fisu-world-university-games-2025	Senior Men -54kg	R32	3109	GILLIARD GONCALVES Matheus	BRA	CHAN Kin fung	HKG	PTF	2:0
fisu-world-university-games-2025	Senior Men -54kg	R32	3110	PASHCOVSKY Tom	ISR	LEE Seungyeop	KOR	PTF	2:0
fisu-world-university-games-2025	Senior Men -54kg	R32	3111	BRINDAMOHAN Nithan	CAN	LI Ci En	TPE	PTF	2:1
fisu-world-university-games-2025	Senior Men -54kg	R32	3112	TRAORE Amadou	MLI	AL TOOQI Nibras	OMA	PTF	2:1
fisu-world-university-games-2025	Senior Men -54kg	R32	3113	TAECHARATTANAWIBOON Thanat	THA	CARRION COSTA Alejandro	ESP	PTF	2:0
fisu-world-university-games-2025	Senior Men -54kg	R16	3114	ASEM ATA ABU SREE' Moataz bellah	EGY	CHAN Iek hei	MAC	PTF	2:1
fisu-world-university-games-2025	Senior Men -54kg	R16	3115	SAMIDINOV Nurkhan	KGZ	OHARA Ryusei	JPN	PTF	2:0
fisu-world-university-games-2025	Senior Men -54kg	R16	3116	GUN Youngsuk Ethan	USA	LIKOMETI Tedi	ALB	PTF	2:1
fisu-world-university-games-2025	Senior Men -54kg	R16	3117	KURU Alihan	TUR	MIRZA Takrim ahmad	GER	PTF	2:0
fisu-world-university-games-2025	Senior Men -54kg	R16	3118	DUISENBEK Aziret	KAZ	ALESIO CAPOLINI Mathis	FRA	PTF	2:1
fisu-world-university-games-2025	Senior Men -54kg	R16	3119	GILLIARD GONCALVES Matheus	BRA	PASHCOVSKY Tom	ISR	PTF	2:1
fisu-world-university-games-2025	Senior Men -54kg	R16	3120	BRINDAMOHAN Nithan	CAN	TRAORE Amadou	MLI	PTF	2:1
fisu-world-university-games-2025	Senior Men -54kg	R16	3121	GEORGIEV Hristiyan	BUL	TAECHARATTANAWIBOON Thanat	THA	PTF	2:0
fisu-world-university-games-2025	Senior Men -54kg	QF	3122	SAMIDINOV Nurkhan	KGZ	ASEM ATA ABU SREE' Moataz bellah	EGY	PTF	2:0
fisu-world-university-games-2025	Senior Men -54kg	QF	3123	GUN Youngsuk Ethan	USA	KURU Alihan	TUR	PTF	2:1
fisu-world-university-games-2025	Senior Men -54kg	QF	3124	GILLIARD GONCALVES Matheus	BRA	DUISENBEK Aziret	KAZ	PTF	2:1
fisu-world-university-games-2025	Senior Men -54kg	QF	3125	BRINDAMOHAN Nithan	CAN	GEORGIEV Hristiyan	BUL	PTF	2:1
fisu-world-university-games-2025	Senior Men -54kg	SF	3128	GUN Youngsuk Ethan	USA	SAMIDINOV Nurkhan	KGZ	PTF	2:1
fisu-world-university-games-2025	Senior Men -54kg	SF	3129	BRINDAMOHAN Nithan	CAN	GILLIARD GONCALVES Matheus	BRA	PTF	2:1
fisu-world-university-games-2025	Senior Men -54kg	F	3135	BRINDAMOHAN Nithan	CAN	GUN Youngsuk Ethan	USA	PTF	2:1
fisu-world-university-games-2025	Senior Men -58kg	R32	4102	LOPES Tiago	POR	GEBREKIDAN Biruk Teka	ETH	WDR	
fisu-world-university-games-2025	Senior Men -58kg	R32	4103	PAN Kuei-an	TPE	ALTYBAEV Aidin	KGZ	PTF	2:0
fisu-world-university-games-2025	Senior Men -58kg	R32	4104	ALSHAHRANI Meshari nasser a	KSA	TRISTAN Scutaru	ROU	PTF	2:0
fisu-world-university-games-2025	Senior Men -58kg	R32	4105	MAHAMAD Sirawit	THA	GANTULGA Enkhbayar	MGL	PTF	2:0
fisu-world-university-games-2025	Senior Men -58kg	R32	4106	NOWAK Lukasz	POL	WONG Si long	MAC	PTF	2:0
fisu-world-university-games-2025	Senior Men -58kg	R32	4107	FOTI Giuseppe	ITA	RAMIREZ Mauricio	ECU	PTF	2:1
fisu-world-university-games-2025	Senior Men -58kg	R32	4108	ASADA Shoki	JPN	ORTIZ GARCIA Pepe	ESP	PTF	2:0
fisu-world-university-games-2025	Senior Men -58kg	R32	4109	KURBONOV Shamsiddin	UZB	TAYYAB Muhammad	PAK	PTF	2:0
fisu-world-university-games-2025	Senior Men -58kg	R32	4110	KAPLAN Enes	TUR	PUT THAI Fu Cern	MAS	PTF	2:0
fisu-world-university-games-2025	Senior Men -58kg	R32	4202	DEEPANSHU Deepanshu	IND	FARNES Ricki Gene	DEN	PTF	2:0
fisu-world-university-games-2025	Senior Men -58kg	R32	4203	TLEULES Tamirlan	KAZ	TAMANG Rupesh	NEP	PTF	2:0
fisu-world-university-games-2025	Senior Men -58kg	R32	4302	KOUDSI Raphael	LBN	YAKIMOV Tsvetan	BUL	PTF	2:0
fisu-world-university-games-2025	Senior Men -58kg	R32	4303	VALIYEV Rahid	AZE	AL JABRI Abdul Rahman Mohammed	OMA	PTF	2:0
fisu-world-university-games-2025	Senior Men -58kg	R32	4402	KIM Jongmyeong	KOR	CHAPARRO Erick	USA	PTF	2:0
fisu-world-university-games-2025	Senior Men -58kg	R32	4403	PATISHI Ori	ISR	CHIOK Chun yin	HKG	PTF	2:1
fisu-world-university-games-2025	Senior Men -58kg	R16	4111	MANENKOV Maksym	UKR	LOPES Tiago	POR	PTF	2:0
fisu-world-university-games-2025	Senior Men -58kg	R16	4112	PAN Kuei-an	TPE	DEEPANSHU Deepanshu	IND	PTF	2:0
fisu-world-university-games-2025	Senior Men -58kg	R16	4113	TLEULES Tamirlan	KAZ	KOUDSI Raphael	LBN	PTF	2:0
fisu-world-university-games-2025	Senior Men -58kg	R16	4114	KIM Jongmyeong	KOR	VALIYEV Rahid	AZE	PTF	2:1
fisu-world-university-games-2025	Senior Men -58kg	R16	4115	PATISHI Ori	ISR	ALSHAHRANI Meshari nasser a	KSA	PTF	2:0
fisu-world-university-games-2025	Senior Men -58kg	R16	4116	MAHAMAD Sirawit	THA	NOWAK Lukasz	POL	PTF	2:0
fisu-world-university-games-2025	Senior Men -58kg	R16	4117	ASADA Shoki	JPN	FOTI Giuseppe	ITA	PTF	2:0
fisu-world-university-games-2025	Senior Men -58kg	R16	4118	KURBONOV Shamsiddin	UZB	KAPLAN Enes	TUR	PTF	2:1
fisu-world-university-games-2025	Senior Men -58kg	QF	4119	MANENKOV Maksym	UKR	PAN Kuei-an	TPE	PTF	2:1
fisu-world-university-games-2025	Senior Men -58kg	QF	4120	TLEULES Tamirlan	KAZ	KIM Jongmyeong	KOR	PTF	2:1
fisu-world-university-games-2025	Senior Men -58kg	QF	4121	MAHAMAD Sirawit	THA	PATISHI Ori	ISR	PTF	2:0
fisu-world-university-games-2025	Senior Men -58kg	QF	4122	KURBONOV Shamsiddin	UZB	ASADA Shoki	JPN	PTF	2:0
fisu-world-university-games-2025	Senior Men -58kg	SF	4125	MANENKOV Maksym	UKR	TLEULES Tamirlan	KAZ	PTF	2:0
fisu-world-university-games-2025	Senior Men -58kg	SF	4126	MAHAMAD Sirawit	THA	KURBONOV Shamsiddin	UZB	PTF	2:0
fisu-world-university-games-2025	Senior Men -58kg	F	4132	MANENKOV Maksym	UKR	MAHAMAD Sirawit	THA	PTF	2:1
fisu-world-university-games-2025	Senior Men -63kg	R64	6101	TORGEMAN Ori	ISR	FERRARO Davide	ITA	WDR	
fisu-world-university-games-2025	Senior Men -63kg	R64	6102	SUK Habin	KOR	GOMEZ Daniel Felipe	COL	PTF	2:0
fisu-world-university-games-2025	Senior Men -63kg	R64	6201	AKHMEDOV Shokhijakhon	UZB	KHADKA Pujan	NEP	PTF	2:0
fisu-world-university-games-2025	Senior Men -63kg	R64	6301	SOARES DE APRESENTACAO Kelvio	STP	NORETTO Cole	USA	PTF	2:0
fisu-world-university-games-2025	Senior Men -63kg	R64	6401	TSURUOKA Rei	JPN	MURADYAN Sargis	ARM	PTF	2:0
fisu-world-university-games-2025	Senior Men -63kg	R32	6103	HUANG Cho-cheng	TPE	ELSERSY Omar	EGY	PTF	2:0
fisu-world-university-games-2025	Senior Men -63kg	R32	6104	SRITIMONGKOL Napat	THA	SHETTY Shivam Sudesh	IND	PTF	2:0
fisu-world-university-games-2025	Senior Men -63kg	R32	6106	ABABAKIROV Samirkhon	KAZ	TORGEMAN Ori	ISR	PTF	2:0
fisu-world-university-games-2025	Senior Men -63kg	R32	6202	ALQUMIZI Abdullah Naif A	KSA	BACHIAN Gary Ralph	LBN	PTF	2:0
fisu-world-university-games-2025	Senior Men -63kg	R32	6203	TAHMAZOV Fuad	AZE	HORVATH Matej	SVK	PTF	2:0
fisu-world-university-games-2025	Senior Men -63kg	R32	6204	DOS SANTOS MORAIS Guilherme	BRA	AL HABSI Ammar	OMA	RSC	1:0
fisu-world-university-games-2025	Senior Men -63kg	R32	6206	JENDOUBI Mohamed khalil	TUN	AKHMEDOV Shokhijakhon	UZB	PTF	2:0
fisu-world-university-games-2025	Senior Men -63kg	R32	6210	BORGEN Kristian storsul	NOR	SUK Habin	KOR	PTF	2:1
fisu-world-university-games-2025	Senior Men -63kg	R32	6302	CHANG Yohan	CAN	DONKO Ibrahim	BIH	PTF	2:0
fisu-world-university-games-2025	Senior Men -63kg	R32	6303	MERDANAJ Ernest	ALB	HOGG Ryan	AUS	PTF	2:0
fisu-world-university-games-2025	Senior Men -63kg	R32	6304	DASHDAVAA Chinzorig	MGL	SUSILUOTO Otto	FIN	PTF	2:0
fisu-world-university-games-2025	Senior Men -63kg	R32	6306	JULES Nathan	FRA	SOARES DE APRESENTACAO Kelvio	STP	PTF	2:0
fisu-world-university-games-2025	Senior Men -63kg	R32	6402	PAPIEROWSKI Dominik	POL	KRASNOHOLOVETS Ivan	UKR	PTF	2:0
fisu-world-university-games-2025	Senior Men -63kg	R32	6403	TOMAS GONZALEZ Lois	ESP	SETRODIPO Jayden	NED	RSC	2:0
fisu-world-university-games-2025	Senior Men -63kg	R32	6404	FILIP MURESANU Raul mario	ROU	GALARZA ARROYO Cristhian Steven	ECU	PTF	2:1
fisu-world-university-games-2025	Senior Men -63kg	R32	6406	DAYIOGLU Omer faruk	TUR	TSURUOKA Rei	JPN	PTF	2:0
fisu-world-university-games-2025	Senior Men -63kg	R16	6211	ABABAKIROV Samirkhon	KAZ	ALQUMIZI Abdullah Naif A	KSA	PTF	2:0
fisu-world-university-games-2025	Senior Men -63kg	R16	6212	CHANG Yohan	CAN	PAPIEROWSKI Dominik	POL	PTF	2:0
fisu-world-university-games-2025	Senior Men -63kg	R16	6213	JENDOUBI Mohamed khalil	TUN	HUANG Cho-cheng	TPE	PTF	2:0
fisu-world-university-games-2025	Senior Men -63kg	R16	6214	JULES Nathan	FRA	TAHMAZOV Fuad	AZE	RSC	2:0
fisu-world-university-games-2025	Senior Men -63kg	R16	6215	DAYIOGLU Omer faruk	TUR	MERDANAJ Ernest	ALB	WDR	1:0
fisu-world-university-games-2025	Senior Men -63kg	R16	6216	SRITIMONGKOL Napat	THA	TOMAS GONZALEZ Lois	ESP	PTF	2:0
fisu-world-university-games-2025	Senior Men -63kg	R16	6217	DOS SANTOS MORAIS Guilherme	BRA	DASHDAVAA Chinzorig	MGL	PTF	2:0
fisu-world-university-games-2025	Senior Men -63kg	R16	6218	BORGEN Kristian storsul	NOR	FILIP MURESANU Raul mario	ROU	PTF	2:0
fisu-world-university-games-2025	Senior Men -63kg	QF	6219	ABABAKIROV Samirkhon	KAZ	CHANG Yohan	CAN	PTF	2:0
fisu-world-university-games-2025	Senior Men -63kg	QF	6220	JENDOUBI Mohamed khalil	TUN	JULES Nathan	FRA	PTF	2:0
fisu-world-university-games-2025	Senior Men -63kg	QF	6221	DAYIOGLU Omer faruk	TUR	SRITIMONGKOL Napat	THA	PTF	2:0
fisu-world-university-games-2025	Senior Men -63kg	QF	6222	BORGEN Kristian storsul	NOR	DOS SANTOS MORAIS Guilherme	BRA	PTF	2:0
fisu-world-university-games-2025	Senior Men -63kg	SF	6125	ABABAKIROV Samirkhon	KAZ	JENDOUBI Mohamed khalil	TUN	PTF	2:0
fisu-world-university-games-2025	Senior Men -63kg	SF	6126	DAYIOGLU Omer faruk	TUR	BORGEN Kristian storsul	NOR	PTF	2:0
fisu-world-university-games-2025	Senior Men -63kg	F	6132	ABABAKIROV Samirkhon	KAZ	DAYIOGLU Omer faruk	TUR	PTF	2:0
fisu-world-university-games-2025	Senior Men -68kg	R32	3201	SZUKALSKI Bartosz	POL	BUBA Gledis	ALB	PTF	2:0
fisu-world-university-games-2025	Senior Men -68kg	R32	3202	BYSTROV Volodymyr	UKR	TURABOV Umidjon	UZB	PTF	2:0
fisu-world-university-games-2025	Senior Men -68kg	R32	3203	ERER Berkay	TUR	FREDRICKS Justin	USA	PTF	2:0
fisu-world-university-games-2025	Senior Men -68kg	R32	3204	SHULENOV Damir	KAZ	KIM Hyohyeok	KOR	PTF	2:0
fisu-world-university-games-2025	Senior Men -68kg	R32	3205	STAMENOV Stefan	BUL	HERNANDEZ JUMBO Alex teobaldo	ECU	PTF	2:0
fisu-world-university-games-2025	Senior Men -68kg	R32	3206	PÖRSCH Jona	GER	HAJIYEV Vagif	AZE	PTF	2:1
fisu-world-university-games-2025	Senior Men -68kg	R32	3207	TUBTIMDANG Banlung	THA	ACHNINE Aymen	NED	PTF	2:1
fisu-world-university-games-2025	Senior Men -68kg	R32	3208	LUPO Davide	ITA	JONAH Jesse Andesie	NGR	PTF	2:0
fisu-world-university-games-2025	Senior Men -68kg	R32	3209	HSU Hao-yu	TPE	RAKIB Ahmad Nor Iman Hakim Bin	MAS	PTF	2:0
fisu-world-university-games-2025	Senior Men -68kg	R32	3210	LO Wai fung	HKG	GENZEL Eitan	ISR	PTF	2:1
fisu-world-university-games-2025	Senior Men -68kg	R32	3211	HOWELL Matthew	GBR	PACE Fredrick	AUS	PTF	2:0
fisu-world-university-games-2025	Senior Men -68kg	R32	3212	DJONKO Muhamed	BIH	GARZA CABRAL Fernando	MEX	PTF	2:0
fisu-world-university-games-2025	Senior Men -68kg	R32	3213	SETTA Hamad	DEN	AL HABSI Mohammed Adnan	OMA	PTF	2:0
fisu-world-university-games-2025	Senior Men -68kg	R32	3214	LUCIEN Theo	FRA	HIMANSHU Himanshu	IND	PTF	2:0
fisu-world-university-games-2025	Senior Men -68kg	R32	3301	ABAD EXPOSITO Iker	ESP	TOROSYAN Davit	ARM	PTF	2:0
fisu-world-university-games-2025	Senior Men -68kg	R16	3215	LIANG Yushuai	CHN	SZUKALSKI Bartosz	POL	PTF	2:0
fisu-world-university-games-2025	Senior Men -68kg	R16	3216	ERER Berkay	TUR	BYSTROV Volodymyr	UKR	PTF	2:1
fisu-world-university-games-2025	Senior Men -68kg	R16	3217	SHULENOV Damir	KAZ	ABAD EXPOSITO Iker	ESP	PTF	2:0
fisu-world-university-games-2025	Senior Men -68kg	R16	3218	STAMENOV Stefan	BUL	PÖRSCH Jona	GER	PTF	2:0
fisu-world-university-games-2025	Senior Men -68kg	R16	3219	TUBTIMDANG Banlung	THA	LUPO Davide	ITA	PTF	2:0
fisu-world-university-games-2025	Senior Men -68kg	R16	3220	HSU Hao-yu	TPE	LO Wai fung	HKG	PTF	2:0
fisu-world-university-games-2025	Senior Men -68kg	R16	3221	HOWELL Matthew	GBR	DJONKO Muhamed	BIH	PTF	2:0
fisu-world-university-games-2025	Senior Men -68kg	R16	3222	LUCIEN Theo	FRA	SETTA Hamad	DEN	PTF	2:0
fisu-world-university-games-2025	Senior Men -68kg	QF	3223	LIANG Yushuai	CHN	ERER Berkay	TUR	PTF	2:1
fisu-world-university-games-2025	Senior Men -68kg	QF	3224	SHULENOV Damir	KAZ	STAMENOV Stefan	BUL	PTF	2:0
fisu-world-university-games-2025	Senior Men -68kg	QF	3225	TUBTIMDANG Banlung	THA	HSU Hao-yu	TPE	PTF	2:1
fisu-world-university-games-2025	Senior Men -68kg	QF	3226	HOWELL Matthew	GBR	LUCIEN Theo	FRA	PTF	2:1
fisu-world-university-games-2025	Senior Men -68kg	SF	3132	LIANG Yushuai	CHN	SHULENOV Damir	KAZ	PTF	2:0
fisu-world-university-games-2025	Senior Men -68kg	SF	3133	TUBTIMDANG Banlung	THA	HOWELL Matthew	GBR	RSC	1:0
fisu-world-university-games-2025	Senior Men -68kg	F	3137	TUBTIMDANG Banlung	THA	LIANG Yushuai	CHN	PTF	2:1
fisu-world-university-games-2025	Senior Men -74kg	R32	5101	SAHITI Mal	KOS	SHUBHAM Shubham	IND	PTF	2:0
fisu-world-university-games-2025	Senior Men -74kg	R32	5102	SITTEK Tomas	CZE	ZAMBRANO ZAMBRANO Jorsuan Jaren	ECU	PTF	2:0
fisu-world-university-games-2025	Senior Men -74kg	R32	5103	BOURIEL Ayoub	CAN	RAMAZANOV Khanmagomed	AIN	PTF	2:1
fisu-world-university-games-2025	Senior Men -74kg	R32	5201	AMRI Bassem	FRA	AGUSHI Elion	KOS	PTF	2:0
fisu-world-university-games-2025	Senior Men -74kg	R32	5202	MUSKEVITS Aleksandr	EST	ALVIDREZ GANDARA Abraham Santiago	MEX	PTF	2:0
fisu-world-university-games-2025	Senior Men -74kg	R32	5203	CHIU Yi-jui	TPE	CUDNOCH Lukasz	POL	PTF	2:0
fisu-world-university-games-2025	Senior Men -74kg	R32	5205	KOSIMKHOJIEV Najmiddin	UZB	SULEAC Dmitrii	MDA	PTF	2:0
fisu-world-university-games-2025	Senior Men -74kg	R32	5206	SHANAFELT Noah	USA	AL TAIFI Rayyan mohammed j	KSA	PTF	2:0
fisu-world-university-games-2025	Senior Men -74kg	R32	5207	YANG Jiwoo	KOR	JORGENSEN Otto	DEN	PTF	2:1
fisu-world-university-games-2025	Senior Men -74kg	R32	5301	ISMAYILZADA Nijat	AZE	POERSCH Elia	GER	PTF	2:0
fisu-world-university-games-2025	Senior Men -74kg	R32	5302	ASSIS Vinicius	BRA	ORYNBASSAR Maksat	KAZ	WDR	1:0
fisu-world-university-games-2025	Senior Men -74kg	R32	5303	PROCOPCIUC Lucian	POR	VILLA AGUILAR Adrian	ESP	PTF	2:0
fisu-world-university-games-2025	Senior Men -74kg	R32	5401	MERCER Jack  woody	THA	ROSAS GARZON Ronald Stivent	COL	PTF	2:0
fisu-world-university-games-2025	Senior Men -74kg	R32	5402	KORPE Omer furkan	TUR	MAMATOV Oleh	UKR	PTF	2:1
fisu-world-university-games-2025	Senior Men -74kg	R32	5403	DANIELYAN Armen	ARM	DOYLE Ryan	IRL	PTF	1:1
fisu-world-university-games-2025	Senior Men -74kg	R16	5208	KINTSURASHVILI Zurab	GEO	SAHITI Mal	KOS	PTF	2:0
fisu-world-university-games-2025	Senior Men -74kg	R16	5209	SITTEK Tomas	CZE	BOURIEL Ayoub	CAN	PTF	2:0
fisu-world-university-games-2025	Senior Men -74kg	R16	5210	AMRI Bassem	FRA	MUSKEVITS Aleksandr	EST	PTF	2:1
fisu-world-university-games-2025	Senior Men -74kg	R16	5211	CHIU Yi-jui	TPE	ISMAYILZADA Nijat	AZE	PTF	2:0
fisu-world-university-games-2025	Senior Men -74kg	R16	5212	ASSIS Vinicius	BRA	PROCOPCIUC Lucian	POR	PTF	2:0
fisu-world-university-games-2025	Senior Men -74kg	R16	5213	KORPE Omer furkan	TUR	MERCER Jack  woody	THA	PTF	2:1
fisu-world-university-games-2025	Senior Men -74kg	R16	5214	KOSIMKHOJIEV Najmiddin	UZB	DANIELYAN Armen	ARM	PTF	2:0
fisu-world-university-games-2025	Senior Men -74kg	R16	5215	YANG Jiwoo	KOR	SHANAFELT Noah	USA	PTF	2:0
fisu-world-university-games-2025	Senior Men -74kg	QF	5216	KINTSURASHVILI Zurab	GEO	SITTEK Tomas	CZE	PTF	2:1
fisu-world-university-games-2025	Senior Men -74kg	QF	5217	CHIU Yi-jui	TPE	AMRI Bassem	FRA	PTF	2:0
fisu-world-university-games-2025	Senior Men -74kg	QF	5218	ASSIS Vinicius	BRA	KORPE Omer furkan	TUR	PTF	2:0
fisu-world-university-games-2025	Senior Men -74kg	QF	5219	KOSIMKHOJIEV Najmiddin	UZB	YANG Jiwoo	KOR	PTF	2:0
fisu-world-university-games-2025	Senior Men -74kg	SF	5122	KINTSURASHVILI Zurab	GEO	CHIU Yi-jui	TPE	PTF	2:0
fisu-world-university-games-2025	Senior Men -74kg	SF	5123	ASSIS Vinicius	BRA	KOSIMKHOJIEV Najmiddin	UZB	PTF	2:0
fisu-world-university-games-2025	Senior Men -74kg	F	5129	KINTSURASHVILI Zurab	GEO	ASSIS Vinicius	BRA	PTF	2:0
fisu-world-university-games-2025	Senior Men -80kg	R32	4204	YOUNG Isaiah	USA	NSILU DILANDU Leroy	IRL	PTF	2:0
fisu-world-university-games-2025	Senior Men -80kg	R32	4205	LARA Clemente	MEX	WEIDUM Dion	NED	PTF	2:1
fisu-world-university-games-2025	Senior Men -80kg	R32	4206	ALIPOUR Sohrab	GBR	CASTILLO LEÓN Axel Justin	ECU	PTF	2:0
fisu-world-university-games-2025	Senior Men -80kg	R32	4207	SULEYMANOV Taleh	AZE	BREGNBALLE Emil	DEN	PTF	2:0
fisu-world-university-games-2025	Senior Men -80kg	R32	4208	SAHIN Muhammed Enes	TUR	HIDRI Ibrahim	ALB	PTF	2:0
fisu-world-university-games-2025	Senior Men -80kg	R32	4209	CHARALAMBOUS Evangelos	CYP	REDHU Vinay	IND	PTF	2:0
fisu-world-university-games-2025	Senior Men -80kg	R32	4210	CHO Chaichon	THA	BARAL Abhishek	NEP	PTF	2:0
fisu-world-university-games-2025	Senior Men -80kg	R32	4211	RASZKOWSKI Wiktor	POL	RODRÍGUEZ ACERO Miguel Ángel	COL	PTF	2:0
fisu-world-university-games-2025	Senior Men -80kg	R16	4212	HUNG Jiun-yi	TPE	YOUNG Isaiah	USA	PTF	2:0
fisu-world-university-games-2025	Senior Men -80kg	R16	4213	HRGOTA Leon	CRO	LARA Clemente	MEX	PTF	2:0
fisu-world-university-games-2025	Senior Men -80kg	R16	4214	HURNOV Kyrylo	UKR	ALIPOUR Sohrab	GBR	PTF	2:0
fisu-world-university-games-2025	Senior Men -80kg	R16	4215	SULEYMANOV Taleh	AZE	GUMUS Kaan	GER	PTF	2:0
fisu-world-university-games-2025	Senior Men -80kg	R16	4216	RODRIGUES FERNANDES Henrique marques	BRA	SAHIN Muhammed Enes	TUR	PTF	2:0
fisu-world-university-games-2025	Senior Men -80kg	R16	4217	TOLEUGALI Batyrkhan	KAZ	CHARALAMBOUS Evangelos	CYP	PTF	2:0
fisu-world-university-games-2025	Senior Men -80kg	R16	4218	FERNANDEZ GARCIA Mikel	ESP	CHO Chaichon	THA	PTF	2:0
fisu-world-university-games-2025	Senior Men -80kg	R16	4219	SEO Geon-woo	KOR	RASZKOWSKI Wiktor	POL	RSC	
fisu-world-university-games-2025	Senior Men -80kg	QF	4220	HUNG Jiun-yi	TPE	HRGOTA Leon	CRO	PTF	2:0
fisu-world-university-games-2025	Senior Men -80kg	QF	4221	HURNOV Kyrylo	UKR	SULEYMANOV Taleh	AZE	PTF	2:0
fisu-world-university-games-2025	Senior Men -80kg	QF	4222	TOLEUGALI Batyrkhan	KAZ	RODRIGUES FERNANDES Henrique marques	BRA	PTF	2:0
fisu-world-university-games-2025	Senior Men -80kg	QF	4223	SEO Geon-woo	KOR	FERNANDEZ GARCIA Mikel	ESP	PTF	2:0
fisu-world-university-games-2025	Senior Men -80kg	SF	4129	HUNG Jiun-yi	TPE	HURNOV Kyrylo	UKR	PTF	2:0
fisu-world-university-games-2025	Senior Men -80kg	SF	4130	SEO Geon-woo	KOR	TOLEUGALI Batyrkhan	KAZ	PTF	2:0
fisu-world-university-games-2025	Senior Men -80kg	F	4134	SEO Geon-woo	KOR	HUNG Jiun-yi	TPE	PTF	2:1
fisu-world-university-games-2025	Senior Men -87kg	R32	6105	KARIMBOEV Shokhjakhon	UZB	FARMAKAS Erik	SWE	PTF	2:1
fisu-world-university-games-2025	Senior Men -87kg	R32	6205	AKBULUT Ismael Omer	ESP	SHOKEEN Rohit	IND	PTF	2:0
fisu-world-university-games-2025	Senior Men -87kg	R32	6305	KRPAN Vito	CRO	ESQUIVEL RAMIREZ Juan Pablo	MEX	PTF	2:0
fisu-world-university-games-2025	Senior Men -87kg	R32	6310	ZUBER Muhammad syafiq	MAS	ALSOWAIQ Mohammed	KSA	PTF	2:0
fisu-world-university-games-2025	Senior Men -87kg	R32	6311	SOUMANO Youssouf	MLI	SANON Achile	HAI	PTF	2:0
fisu-world-university-games-2025	Senior Men -87kg	R32	6405	LEE Jun seo	KOR	KARTAL Huseyin	TUR	PTF	2:0
fisu-world-university-games-2025	Senior Men -87kg	R16	6312	PIATKOWSKI Szymon	POL	KARIMBOEV Shokhjakhon	UZB	PTF	2:1
fisu-world-university-games-2025	Senior Men -87kg	R16	6313	CHEN Liang-hsi	TPE	SNACOV Laurentiu	ROU	PTF	2:0
fisu-world-university-games-2025	Senior Men -87kg	R16	6314	MEHNANA Nahil	FRA	AKBULUT Ismael Omer	ESP	PTF	2:0
fisu-world-university-games-2025	Senior Men -87kg	R16	6315	KRPAN Vito	CRO	HOERMANN Vincent	GER	PTF	2:0
fisu-world-university-games-2025	Senior Men -87kg	R16	6316	RODRIGUEZ Michael c.	USA	LEE Jun seo	KOR	PTF	2:0
fisu-world-university-games-2025	Senior Men -87kg	R16	6317	ZUBER Muhammad syafiq	MAS	NUCI Erol	BIH	PTF	2:0
fisu-world-university-games-2025	Senior Men -87kg	R16	6318	GAFAROV Eltaj	AZE	BAILEY Kelen	HUN	PTF	2:1
fisu-world-university-games-2025	Senior Men -87kg	R16	6319	HARBAR Artem	UKR	SOUMANO Youssouf	MLI	PTF	2:0
fisu-world-university-games-2025	Senior Men -87kg	QF	6320	PIATKOWSKI Szymon	POL	CHEN Liang-hsi	TPE	PTF	2:1
fisu-world-university-games-2025	Senior Men -87kg	QF	6321	KRPAN Vito	CRO	MEHNANA Nahil	FRA	PTF	2:1
fisu-world-university-games-2025	Senior Men -87kg	QF	6322	RODRIGUEZ Michael c.	USA	ZUBER Muhammad syafiq	MAS	PTF	2:0
fisu-world-university-games-2025	Senior Men -87kg	QF	6323	HARBAR Artem	UKR	GAFAROV Eltaj	AZE	PTF	2:0
fisu-world-university-games-2025	Senior Men -87kg	SF	6129	PIATKOWSKI Szymon	POL	KRPAN Vito	CRO	PTF	2:0
fisu-world-university-games-2025	Senior Men -87kg	SF	6130	HARBAR Artem	UKR	RODRIGUEZ Michael c.	USA	PTF	2:0
fisu-world-university-games-2025	Senior Men -87kg	F	6134	HARBAR Artem	UKR	PIATKOWSKI Szymon	POL	PTF	2:0
fisu-world-university-games-2025	Senior Men +87kg	R32	5105	SUHAIMI Muhammad luqman haqim	MAS	MUNENE Eric Gitonga	KEN	PTF	2:0
fisu-world-university-games-2025	Senior Men +87kg	R32	5106	JUNG Jiun-jie	TPE	SATVINDER Satvinder	IND	PTF	2:0
fisu-world-university-games-2025	Senior Men +87kg	R32	5107	GORDO Raul	ESP	PENARANDA DIAZ Angel Farid	COL	PTF	2:0
fisu-world-university-games-2025	Senior Men +87kg	R16	5108	MAVLONOV Marat	UZB	SUHAIMI Muhammad luqman haqim	MAS	PTF	2:0
fisu-world-university-games-2025	Senior Men +87kg	R16	5109	BADRIALIABADI Hamidreza	AZE	CHOI Brian Hwan	USA	PTF	2:0
fisu-world-university-games-2025	Senior Men +87kg	R16	5110	HARBAR Andrii	UKR	BUIDZE Davit	GEO	PTF	2:1
fisu-world-university-games-2025	Senior Men +87kg	R16	5111	HAREMZA Krystian	POL	ABDURAKHIMOV Abdylazym	KGZ	PTF	2:0
fisu-world-university-games-2025	Senior Men +87kg	R16	5112	KABLAN Beibarys	KAZ	JUNG Jiun-jie	TPE	PTF	2:0
fisu-world-university-games-2025	Senior Men +87kg	R16	5113	DEMIRCIOGLU Huseyin berat	TUR	RUDERMAN Ilia	ISR	PTF	2:1
fisu-world-university-games-2025	Senior Men +87kg	R16	5114	KANG Sanghyun	KOR	MARINESCU Dragos	MDA	PTF	2:0
fisu-world-university-games-2025	Senior Men +87kg	R16	5115	ESSAM MOHIUDDIN Abdullah	EGY	GORDO Raul	ESP	PTF	2:0
fisu-world-university-games-2025	Senior Men +87kg	QF	5116	MAVLONOV Marat	UZB	BADRIALIABADI Hamidreza	AZE	PTF	2:1
fisu-world-university-games-2025	Senior Men +87kg	QF	5117	HARBAR Andrii	UKR	HAREMZA Krystian	POL	PTF	2:1
fisu-world-university-games-2025	Senior Men +87kg	QF	5118	KABLAN Beibarys	KAZ	DEMIRCIOGLU Huseyin berat	TUR	PTF	2:0
fisu-world-university-games-2025	Senior Men +87kg	QF	5119	KANG Sanghyun	KOR	ESSAM MOHIUDDIN Abdullah	EGY	PTF	2:0
fisu-world-university-games-2025	Senior Men +87kg	SF	5126	MAVLONOV Marat	UZB	HARBAR Andrii	UKR	PTF	2:0
fisu-world-university-games-2025	Senior Men +87kg	SF	5127	KANG Sanghyun	KOR	KABLAN Beibarys	KAZ	PTF	2:0
fisu-world-university-games-2025	Senior Men +87kg	F	5131	KANG Sanghyun	KOR	MAVLONOV Marat	UZB	PTF	2:1
fisu-world-university-games-2025	Senior Women -46kg	R32	3303	LUO Miaoyi	CHN	FUCHS Gaia	ISR	PTF	2:0
fisu-world-university-games-2025	Senior Women -46kg	R32	3304	SILVA NAZARIO Julia	BRA	LUA Weiyi Jolene	SGP	PTF	2:0
fisu-world-university-games-2025	Senior Women -46kg	R32	3305	GULIYEVA Salima	AZE	ABDULSALAM Shukurat	NGR	PTF	2:0
fisu-world-university-games-2025	Senior Women -46kg	R32	3306	KIM Yunseo	KOR	NIKOLAJEVA Stefani	EST	PTF	2:0
fisu-world-university-games-2025	Senior Women -46kg	R32	3307	ANIKA .	IND	BUSUIOC Ingrid Gabriela	ROU	PTF	2:0
fisu-world-university-games-2025	Senior Women -46kg	R32	3308	BRINDAMOHAN Sarangi	CAN	SAMBRANO PINEDA Daniela	COL	PTF	2:1
fisu-world-university-games-2025	Senior Women -46kg	R32	3309	JIMENEZ MONTERO Ana	ESP	ALANDARY Dana	LBN	DSQ	
fisu-world-university-games-2025	Senior Women -46kg	R32	3310	OKAMOTO Ruka	JPN	MACK Sarah	AUS	PTF	2:0
fisu-world-university-games-2025	Senior Women -46kg	R32	3311	TOJIMATOVA Zuhrakhon	UZB	RETH Phanmonika	CAM	PTF	2:0
fisu-world-university-games-2025	Senior Women -46kg	R32	3312	DELLA Hazel Anabelle Generoso	USA	ANDRADE ALCIVAR Niurka Stefania	ECU	PTF	2:0
fisu-world-university-games-2025	Senior Women -46kg	R16	3313	LUO Miaoyi	CHN	MAKAS Dzejla	BIH	PTF	2:1
fisu-world-university-games-2025	Senior Women -46kg	R16	3314	SILVA NAZARIO Julia	BRA	GULIYEVA Salima	AZE	PTF	2:1
fisu-world-university-games-2025	Senior Women -46kg	R16	3315	KIM Yunseo	KOR	GOGEBAKAN Emine	TUR	PTF	2:1
fisu-world-university-games-2025	Senior Women -46kg	R16	3316	ANIKA .	IND	KODAMAN Helin	GER	PTF	2:0
fisu-world-university-games-2025	Senior Women -46kg	R16	3317	POOLKERD Patcharakan	THA	BRINDAMOHAN Sarangi	CAN	PTF	2:0
fisu-world-university-games-2025	Senior Women -46kg	R16	3318	HUANG Ying hsuan	TPE	JIMENEZ MONTERO Ana	ESP	PTF	2:0
fisu-world-university-games-2025	Senior Women -46kg	R16	3319	OKAMOTO Ruka	JPN	TOJIMATOVA Zuhrakhon	UZB	PTF	2:0
fisu-world-university-games-2025	Senior Women -46kg	R16	3320	BERTAGNIN Elisa	ITA	DELLA Hazel Anabelle Generoso	USA	PTF	2:0
fisu-world-university-games-2025	Senior Women -46kg	QF	3321	LUO Miaoyi	CHN	SILVA NAZARIO Julia	BRA	PTF	2:0
fisu-world-university-games-2025	Senior Women -46kg	QF	3322	KIM Yunseo	KOR	ANIKA .	IND	PTF	2:0
fisu-world-university-games-2025	Senior Women -46kg	QF	3323	HUANG Ying hsuan	TPE	POOLKERD Patcharakan	THA	PTF	2:1
fisu-world-university-games-2025	Senior Women -46kg	QF	3324	BERTAGNIN Elisa	ITA	OKAMOTO Ruka	JPN	PTF	2:1
fisu-world-university-games-2025	Senior Women -46kg	SF	3126	KIM Yunseo	KOR	LUO Miaoyi	CHN	PTF	2:0
fisu-world-university-games-2025	Senior Women -46kg	SF	3127	HUANG Ying hsuan	TPE	BERTAGNIN Elisa	ITA	PTF	2:0
fisu-world-university-games-2025	Senior Women -46kg	F	3134	KIM Yunseo	KOR	HUANG Ying hsuan	TPE	PTF	2:0
fisu-world-university-games-2025	Senior Women -49kg	R32	4304	GOSCH Camilly	BRA	JEONG Hye In	KOR	PTF	2:0
fisu-world-university-games-2025	Senior Women -49kg	R32	4305	BUCHELI Maria belen	ECU	KRAJEWSKA Alicja	POL	PTF	2:0
fisu-world-university-games-2025	Senior Women -49kg	R32	4306	LIU You-yun	TPE	SILVA Zelzin Viridiana	MEX	PTF	2:0
fisu-world-university-games-2025	Senior Women -49kg	R32	4307	BAJAN Mihaela nicoleta claudia	ROU	FAKHOURY Chloe	LBN	PTF	2:0
fisu-world-university-games-2025	Senior Women -49kg	R32	4308	OKAZAKI Hinata	JPN	OSMANOVA Samarrukh	AZE	PTF	2:0
fisu-world-university-games-2025	Senior Women -49kg	R32	4309	NESHER Yarden	ISR	SONG Dahin Irene	USA	PTF	2:0
fisu-world-university-games-2025	Senior Women -49kg	R32	4310	BRYHIDA Erika	UKR	KRY Lyden	CAM	PTF	2:0
fisu-world-university-games-2025	Senior Women -49kg	R32	4311	GARCIA MARQUINA Sofia	ESP	KAFADAR Josipa	CAN	PTF	2:0
fisu-world-university-games-2025	Senior Women -49kg	R32	4312	TANGIROVA Dilnoza	UZB	KAKADIYA Twisha	IND	PTF	2:0
fisu-world-university-games-2025	Senior Women -49kg	R16	4313	MA Jingyue	CHN	GOSCH Camilly	BRA	PTF	2:0
fisu-world-university-games-2025	Senior Women -49kg	R16	4314	LIU You-yun	TPE	BUCHELI Maria belen	ECU	PTF	2:0
fisu-world-university-games-2025	Senior Women -49kg	R16	4315	AKHMEDOVA Nodira	KAZ	BAJAN Mihaela nicoleta claudia	ROU	PTF	2:0
fisu-world-university-games-2025	Senior Women -49kg	R16	4316	AKGUL Elif sude	TUR	OKAZAKI Hinata	JPN	PTF	2:0
fisu-world-university-games-2025	Senior Women -49kg	R16	4317	SEEKEN Kamonchanok	THA	NESHER Yarden	ISR	PTF	2:0
fisu-world-university-games-2025	Senior Women -49kg	R16	4318	BRYHIDA Erika	UKR	MATONTI Ilenia elisabetta	ITA	DSQ	
fisu-world-university-games-2025	Senior Women -49kg	R16	4319	GARCIA MARQUINA Sofia	ESP	PETERSON Ceili	GUY	PTF	2:0
fisu-world-university-games-2025	Senior Women -49kg	R16	4320	KISSKALT Supharada	GER	TANGIROVA Dilnoza	UZB	PTF	2:0
fisu-world-university-games-2025	Senior Women -49kg	QF	4321	MA Jingyue	CHN	LIU You-yun	TPE	PTF	2:1
fisu-world-university-games-2025	Senior Women -49kg	QF	4322	AKHMEDOVA Nodira	KAZ	AKGUL Elif sude	TUR	PTF	2:1
fisu-world-university-games-2025	Senior Women -49kg	QF	4323	SEEKEN Kamonchanok	THA	BRYHIDA Erika	UKR	PTF	2:0
fisu-world-university-games-2025	Senior Women -49kg	QF	4324	KISSKALT Supharada	GER	GARCIA MARQUINA Sofia	ESP	PTF	2:0
fisu-world-university-games-2025	Senior Women -49kg	SF	4123	MA Jingyue	CHN	AKHMEDOVA Nodira	KAZ	PTF	2:0
fisu-world-university-games-2025	Senior Women -49kg	SF	4124	KISSKALT Supharada	GER	SEEKEN Kamonchanok	THA	PTF	2:1
fisu-world-university-games-2025	Senior Women -49kg	F	4131	MA Jingyue	CHN	KISSKALT Supharada	GER	PTF	2:0
fisu-world-university-games-2025	Senior Women -53kg	R32	6107	WEBER Logan	USA	MWANDAWIRO Annah jumwa	KEN	PTF	2:0
fisu-world-university-games-2025	Senior Women -53kg	R32	6108	BEN AOUN Ouhoud	TUN	WONDE Eldana Mengistu	ETH	WDR	
fisu-world-university-games-2025	Senior Women -53kg	R32	6109	ZAYNIDDINOVA Laylo	UZB	JIANG Yi-shan	TPE	PTF	2:0
fisu-world-university-games-2025	Senior Women -53kg	R32	6110	KHOBTAR Sofiia	UKR	CHHUN Theara	CAM	PTF	2:1
fisu-world-university-games-2025	Senior Women -53kg	R32	6207	GUO Qing	CHN	NISHIDA Mao	JPN	PTF	2:0
fisu-world-university-games-2025	Senior Women -53kg	R32	6208	TASKIN Zeynep	TUR	CHANAMBAM Shivangi	IND	PTF	2:0
fisu-world-university-games-2025	Senior Women -53kg	R32	6209	FOKAS Sophia	CAN	OLESZCZUK Lucja	POL	PTF	2:1
fisu-world-university-games-2025	Senior Women -53kg	R32	6307	GUANGA Miley Domenica	ECU	ASIMI Adiba	GER	PTF	2:0
fisu-world-university-games-2025	Senior Women -53kg	R32	6308	VIGDOR Ariel	ISR	HERBERTSON Reyna	AUS	PTF	2:0
fisu-world-university-games-2025	Senior Women -53kg	R32	6309	BOU HABIB Mariella	LBN	SANGARE Mariam	MLI	PTF	2:0
fisu-world-university-games-2025	Senior Women -53kg	R32	6407	JONGKOLRATTANAWATTANA Chutikan	THA	MAMMADOVA Maryam	AZE	PTF	2:0
fisu-world-university-games-2025	Senior Women -53kg	R32	6408	SEO Yeowon	KOR	RODRIGUEZ Irlanda	MEX	PTF	2:0
fisu-world-university-games-2025	Senior Women -53kg	R32	6409	AL HALWANI Elisa	ITA	MARTINEZ ESPINOSA Michel Catalina	COL	PTF	2:0
fisu-world-university-games-2025	Senior Women -53kg	R16	6111	PEREZ PARRADO Alma maria	ESP	WEBER Logan	USA	PTF	2:0
fisu-world-university-games-2025	Senior Women -53kg	R16	6112	BEN AOUN Ouhoud	TUN	ZAYNIDDINOVA Laylo	UZB	PTF	2:0
fisu-world-university-games-2025	Senior Women -53kg	R16	6113	GUO Qing	CHN	TASKIN Zeynep	TUR	PTF	1:1
fisu-world-university-games-2025	Senior Women -53kg	R16	6114	FOKAS Sophia	CAN	GUANGA Miley Domenica	ECU	PTF	2:0
fisu-world-university-games-2025	Senior Women -53kg	R16	6115	VIGDOR Ariel	ISR	KRAISNIK Katarina	BIH	WDR	
fisu-world-university-games-2025	Senior Women -53kg	R16	6116	JONGKOLRATTANAWATTANA Chutikan	THA	BOU HABIB Mariella	LBN	PTF	2:0
fisu-world-university-games-2025	Senior Women -53kg	R16	6117	SEO Yeowon	KOR	AL HALWANI Elisa	ITA	PTF	2:0
fisu-world-university-games-2025	Senior Women -53kg	R16	6118	SUNDETBAY Aidana	KAZ	KHOBTAR Sofiia	UKR	PTF	2:0
fisu-world-university-games-2025	Senior Women -53kg	QF	6119	BEN AOUN Ouhoud	TUN	PEREZ PARRADO Alma maria	ESP	PTF	2:1
fisu-world-university-games-2025	Senior Women -53kg	QF	6120	GUO Qing	CHN	FOKAS Sophia	CAN	PTF	2:0
fisu-world-university-games-2025	Senior Women -53kg	QF	6121	JONGKOLRATTANAWATTANA Chutikan	THA	VIGDOR Ariel	ISR	PTF	2:0
fisu-world-university-games-2025	Senior Women -53kg	QF	6122	SEO Yeowon	KOR	SUNDETBAY Aidana	KAZ	PTF	2:0
fisu-world-university-games-2025	Senior Women -53kg	SF	6123	GUO Qing	CHN	BEN AOUN Ouhoud	TUN	PTF	2:0
fisu-world-university-games-2025	Senior Women -53kg	SF	6124	JONGKOLRATTANAWATTANA Chutikan	THA	SEO Yeowon	KOR	PTF	2:1
fisu-world-university-games-2025	Senior Women -53kg	F	6131	GUO Qing	CHN	JONGKOLRATTANAWATTANA Chutikan	THA	PTF	2:1
fisu-world-university-games-2025	Senior Women -57kg	R64	3302	MOUCH Sara	NED	TEGGERI Markella	CYP	PTF	2:0
fisu-world-university-games-2025	Senior Women -57kg	R32	3401	HORSELL Riley	AUS	RASMUSSEN Caroline Bjerring	DEN	PTF	2:0
fisu-world-university-games-2025	Senior Women -57kg	R32	3402	SEVOSTYANOVA Mariya	KAZ	IRHAIEL Karin	ISR	PTF	2:0
fisu-world-university-games-2025	Senior Women -57kg	R32	3403	PATAKFALVY Luca	HUN	BASHIROVA Leyla	AZE	PTF	2:0
fisu-world-university-games-2025	Senior Women -57kg	R32	3404	AL HALWANI Giada	ITA	RATSAMEPRAPA Orawan	THA	PTF	2:1
fisu-world-university-games-2025	Senior Women -57kg	R32	3405	KOSTENEVYCH Darya	UKR	DOCK Alice Stacy	KEN	PTF	2:0
fisu-world-university-games-2025	Senior Women -57kg	R32	3406	LISOWSKA Nikol	POL	CHHOEUNG Aliza	CAM	PTF	2:0
fisu-world-university-games-2025	Senior Women -57kg	R32	3407	WOLF Jessica	GER	SAMY Shahd	EGY	PTF	2:0
fisu-world-university-games-2025	Senior Women -57kg	R32	3408	AOUN Laetitia	LBN	HOVHANNISYAN Meline	ARM	PTF	2:0
fisu-world-university-games-2025	Senior Women -57kg	R32	3409	MILLER Montana	USA	MARÍN GAVIRIA Valeria	COL	PTF	2:0
fisu-world-university-games-2025	Senior Women -57kg	R32	3410	DILER Ruya	TUR	PARRA ZAPATA Daniela micaela	ECU	PTF	2:0
fisu-world-university-games-2025	Senior Women -57kg	R32	3411	MIRABZALOVA Madina	UZB	HERNANDEZ SEGOVIA Mia danay	MEX	PTF	2:0
fisu-world-university-games-2025	Senior Women -57kg	R32	3412	LIN Wei-chun	TPE	YANDOLOVSKAYA Ariadna	AIN	PTF	2:0
fisu-world-university-games-2025	Senior Women -57kg	R32	3413	TORRES TENA Elena	ESP	GASHI Rona	KOS	PTF	2:0
fisu-world-university-games-2025	Senior Women -57kg	R32	3414	CORREIA Leonor	POR	Payal	IND	PTF	2:0
fisu-world-university-games-2025	Senior Women -57kg	R32	3415	LIMA PACHECO Maria Clara	BRA	KIM Sowon	KOR	PTF	2:0
fisu-world-university-games-2025	Senior Women -57kg	R32	3416	TOUMI Chaima	TUN	MOUCH Sara	NED	PTF	2:0
fisu-world-university-games-2025	Senior Women -57kg	R16	3417	SEVOSTYANOVA Mariya	KAZ	PATAKFALVY Luca	HUN	PTF	2:1
fisu-world-university-games-2025	Senior Women -57kg	R16	3418	AL HALWANI Giada	ITA	KOSTENEVYCH Darya	UKR	PTF	2:0
fisu-world-university-games-2025	Senior Women -57kg	R16	3419	TOUMI Chaima	TUN	HORSELL Riley	AUS	PTF	2:0
fisu-world-university-games-2025	Senior Women -57kg	R16	3420	LISOWSKA Nikol	POL	WOLF Jessica	GER	PTF	2:0
fisu-world-university-games-2025	Senior Women -57kg	R16	3421	AOUN Laetitia	LBN	MILLER Montana	USA	PTF	2:0
fisu-world-university-games-2025	Senior Women -57kg	R16	3422	MIRABZALOVA Madina	UZB	DILER Ruya	TUR	PTF	2:0
fisu-world-university-games-2025	Senior Women -57kg	R16	3423	LIN Wei-chun	TPE	TORRES TENA Elena	ESP	PTF	2:0
fisu-world-university-games-2025	Senior Women -57kg	R16	3424	LIMA PACHECO Maria Clara	BRA	CORREIA Leonor	POR	PTF	2:0
fisu-world-university-games-2025	Senior Women -57kg	QF	3425	TOUMI Chaima	TUN	SEVOSTYANOVA Mariya	KAZ	PTF	2:0
fisu-world-university-games-2025	Senior Women -57kg	QF	3426	LISOWSKA Nikol	POL	AL HALWANI Giada	ITA	PTF	2:1
fisu-world-university-games-2025	Senior Women -57kg	QF	3427	MIRABZALOVA Madina	UZB	AOUN Laetitia	LBN	RSC	2:0
fisu-world-university-games-2025	Senior Women -57kg	QF	3428	LIMA PACHECO Maria Clara	BRA	LIN Wei-chun	TPE	PTF	2:0
fisu-world-university-games-2025	Senior Women -57kg	SF	3130	TOUMI Chaima	TUN	LISOWSKA Nikol	POL	PTF	2:0
fisu-world-university-games-2025	Senior Women -57kg	SF	3131	LIMA PACHECO Maria Clara	BRA	MIRABZALOVA Madina	UZB	PTF	2:1
fisu-world-university-games-2025	Senior Women -57kg	F	3136	LIMA PACHECO Maria Clara	BRA	TOUMI Chaima	TUN	PTF	2:0
fisu-world-university-games-2025	Senior Women -62kg	R32	5104	GARCIA DIAZ Andrea	MEX	SIDIBE Mariam	MLI	PTF	2:0
fisu-world-university-games-2025	Senior Women -62kg	R32	5204	SECANELL CHARLES Elsa	ESP	KAZIMOVA Nargiz	AZE	PTF	2:0
fisu-world-university-games-2025	Senior Women -62kg	R32	5304	GNIEDZIEJKO Jessica	USA	ABI FARAH Ella	LBN	PTF	2:0
fisu-world-university-games-2025	Senior Women -62kg	R32	5305	ANASTASOVA Anna	UKR	PREMRAJ Anushiya Priyadarshini	IND	PTF	2:1
fisu-world-university-games-2025	Senior Women -62kg	R32	5306	KIM Yumin	KOR	ROJAS MUNOZ Sara Manuela	COL	PTF	2:0
fisu-world-university-games-2025	Senior Women -62kg	R32	5307	ADILBEKKYZY Aisha	KAZ	PARKI Rejina	NEP	PTF	2:0
fisu-world-university-games-2025	Senior Women -62kg	R32	5308	FROIS Patricia	POR	MARCHLINSKI Maria Sainabou	GAM	PTF	2:0
fisu-world-university-games-2025	Senior Women -62kg	R32	5404	AZIZOVA Diyorakhon	UZB	MAHMOUD Nadine	EGY	PTF	2:1
fisu-world-university-games-2025	Senior Women -62kg	R16	5309	ARELIC Ivana	CRO	GARCIA DIAZ Andrea	MEX	PTF	2:1
fisu-world-university-games-2025	Senior Women -62kg	R16	5310	SECANELL CHARLES Elsa	ESP	CHANG Jui-en	TPE	PTF	2:0
fisu-world-university-games-2025	Senior Women -62kg	R16	5311	STOLBOVA Petra	CZE	GNIEDZIEJKO Jessica	USA	PTF	2:0
fisu-world-university-games-2025	Senior Women -62kg	R16	5312	AZIZOVA Diyorakhon	UZB	GOEBEL Laura	GER	PTF	2:0
fisu-world-university-games-2025	Senior Women -62kg	R16	5313	TONGCHAN Sasikarn	THA	ANASTASOVA Anna	UKR	PTF	2:0
fisu-world-university-games-2025	Senior Women -62kg	R16	5314	SZPAK Julia	POL	KIM Yumin	KOR	PTF	2:0
fisu-world-university-games-2025	Senior Women -62kg	R16	5315	CAKAL Sevval	TUR	ADILBEKKYZY Aisha	KAZ	PTF	2:0
fisu-world-university-games-2025	Senior Women -62kg	R16	5316	MINA Mell	ECU	FROIS Patricia	POR	PTF	2:0
fisu-world-university-games-2025	Senior Women -62kg	QF	5317	ARELIC Ivana	CRO	SECANELL CHARLES Elsa	ESP	PTF	2:0
fisu-world-university-games-2025	Senior Women -62kg	QF	5318	STOLBOVA Petra	CZE	AZIZOVA Diyorakhon	UZB	PTF	2:0
fisu-world-university-games-2025	Senior Women -62kg	QF	5319	TONGCHAN Sasikarn	THA	SZPAK Julia	POL	PTF	2:0
fisu-world-university-games-2025	Senior Women -62kg	QF	5320	CAKAL Sevval	TUR	MINA Mell	ECU	PTF	2:1
fisu-world-university-games-2025	Senior Women -62kg	SF	5120	STOLBOVA Petra	CZE	ARELIC Ivana	CRO	PTF	2:0
fisu-world-university-games-2025	Senior Women -62kg	SF	5121	CAKAL Sevval	TUR	TONGCHAN Sasikarn	THA	PTF	2:0
fisu-world-university-games-2025	Senior Women -62kg	F	5128	CAKAL Sevval	TUR	STOLBOVA Petra	CZE	PTF	2:0
fisu-world-university-games-2025	Senior Women -67kg	R32	4101	SHAW Erin	GBR	FRANCO VAQUE Naomi Juliana	ECU	RSC	1:0
fisu-world-university-games-2025	Senior Women -67kg	R32	4201	TOMCZAK Tatiana	POL	SERNA MADRID Maria Jose	COL	PTF	2:0
fisu-world-university-games-2025	Senior Women -67kg	R32	4301	KAYIR Ikra	TUR	CHAREEWAN Piyachatrutai	THA	PTF	2:0
fisu-world-university-games-2025	Senior Women -67kg	R32	4401	KWAK Minju	KOR	VANN Borey	CAM	PTF	2:0
fisu-world-university-games-2025	Senior Women -67kg	R32	4404	CHUA Chloe	USA	ALI Maliha	PAK	PTF	2:0
fisu-world-university-games-2025	Senior Women -67kg	R32	4405	FREDERIKSEN Kathrine kamp nordentoft	DEN	MEMBER Florence	NGR	PTF	2:1
fisu-world-university-games-2025	Senior Women -67kg	R32	4406	KLEPAC Nika	CRO	MWECHANDE Selina Zenna	KEN	PTF	2:0
fisu-world-university-games-2025	Senior Women -67kg	R32	4407	MAGGIORE Giulia	ITA	YADAV Jyoti	IND	PTF	2:0
fisu-world-university-games-2025	Senior Women -67kg	R32	4408	KHUSSAINOVA Nuray	KAZ	KRUSH Diana	UKR	PTF	2:0
fisu-world-university-games-2025	Senior Women -67kg	R32	4409	CHIU Shao-hsuan	TPE	MEHNANA Ines	FRA	PTF	2:1
fisu-world-university-games-2025	Senior Women -67kg	R32	4410	XING Jiani	CHN	ABELA Rose letizia	AUS	PTF	2:0
fisu-world-university-games-2025	Senior Women -67kg	R32	4411	MINK Amy	NED	ALBOUSTANY Carla	LBN	PTF	2:0
fisu-world-university-games-2025	Senior Women -67kg	R32	4412	FATNASSI Maram	QAT	GONZALEZ PEREZ Viviana Athenea	MEX	PTF	2:0
fisu-world-university-games-2025	Senior Women -67kg	R16	4413	MORENO REYES Lena	ESP	SHAW Erin	GBR	PTF	2:0
fisu-world-university-games-2025	Senior Women -67kg	R16	4414	KAYIR Ikra	TUR	TOMCZAK Tatiana	POL	PTF	2:0
fisu-world-university-games-2025	Senior Women -67kg	R16	4415	KWAK Minju	KOR	CHUA Chloe	USA	PTF	2:0
fisu-world-university-games-2025	Senior Women -67kg	R16	4416	KLEPAC Nika	CRO	FREDERIKSEN Kathrine kamp nordentoft	DEN	PTF	2:1
fisu-world-university-games-2025	Senior Women -67kg	R16	4417	ANDRIC Leonarda	CAN	MAGGIORE Giulia	ITA	PTF	2:0
fisu-world-university-games-2025	Senior Women -67kg	R16	4418	KHUSSAINOVA Nuray	KAZ	CHIU Shao-hsuan	TPE	PTF	2:0
fisu-world-university-games-2025	Senior Women -67kg	R16	4419	XING Jiani	CHN	MINK Amy	NED	PTF	2:1
fisu-world-university-games-2025	Senior Women -67kg	R16	4420	SHEHATA Aya	EGY	FATNASSI Maram	QAT	PTF	2:0
fisu-world-university-games-2025	Senior Women -67kg	QF	4421	MORENO REYES Lena	ESP	KAYIR Ikra	TUR	PTF	2:0
fisu-world-university-games-2025	Senior Women -67kg	QF	4422	KWAK Minju	KOR	KLEPAC Nika	CRO	PTF	2:0
fisu-world-university-games-2025	Senior Women -67kg	QF	4423	ANDRIC Leonarda	CAN	KHUSSAINOVA Nuray	KAZ	PTF	2:0
fisu-world-university-games-2025	Senior Women -67kg	QF	4424	XING Jiani	CHN	SHEHATA Aya	EGY	PTF	2:1
fisu-world-university-games-2025	Senior Women -67kg	SF	4127	MORENO REYES Lena	ESP	KWAK Minju	KOR	PTF	2:0
fisu-world-university-games-2025	Senior Women -67kg	SF	4128	XING Jiani	CHN	ANDRIC Leonarda	CAN	PTF	2:0
fisu-world-university-games-2025	Senior Women -67kg	F	4133	XING Jiani	CHN	MORENO REYES Lena	ESP	PTF	2:0
fisu-world-university-games-2025	Senior Women -73kg	R16	6410	CHAARI Sarah	BEL	USSERMAN Brianne Elizabeth	USA	PTF	2:0
fisu-world-university-games-2025	Senior Women -73kg	R16	6411	NICHOLSON Sofie	CAN	HELVIGA Viktorija	LAT	RSC	2:0
fisu-world-university-games-2025	Senior Women -73kg	R16	6412	OLIVEIRA DOS SANTOS Mikaela	BRA	FERNANDEZ Julia	ESP	PTF	2:1
fisu-world-university-games-2025	Senior Women -73kg	R16	6413	HOERMANN Emily	GER	DAS Etisha	IND	PTF	2:0
fisu-world-university-games-2025	Senior Women -73kg	R16	6414	UZUNCAVDAR Sude yaren	TUR	JAVED Areeba	PAK	PTF	2:0
fisu-world-university-games-2025	Senior Women -73kg	R16	6415	MAKHMUTOVA Nazym	KAZ	SOLTERO Leslie	MEX	PTF	2:1
fisu-world-university-games-2025	Senior Women -73kg	R16	6416	OH Seungju	KOR	HSU Yu-hsi	TPE	PTF	2:1
fisu-world-university-games-2025	Senior Women -73kg	R16	6417	PODOLIAN Renata	UKR	MASTELIC Mila	CRO	PTF	2:0
fisu-world-university-games-2025	Senior Women -73kg	QF	6418	CHAARI Sarah	BEL	NICHOLSON Sofie	CAN	PTF	2:0
fisu-world-university-games-2025	Senior Women -73kg	QF	6419	OLIVEIRA DOS SANTOS Mikaela	BRA	HOERMANN Emily	GER	PTF	2:0
fisu-world-university-games-2025	Senior Women -73kg	QF	6420	UZUNCAVDAR Sude yaren	TUR	MAKHMUTOVA Nazym	KAZ	PTF	2:0
fisu-world-university-games-2025	Senior Women -73kg	QF	6421	OH Seungju	KOR	PODOLIAN Renata	UKR	PTF	2:1
fisu-world-university-games-2025	Senior Women -73kg	SF	6127	CHAARI Sarah	BEL	OLIVEIRA DOS SANTOS Mikaela	BRA	PTF	2:0
fisu-world-university-games-2025	Senior Women -73kg	SF	6128	UZUNCAVDAR Sude yaren	TUR	OH Seungju	KOR	PTF	2:0
fisu-world-university-games-2025	Senior Women -73kg	F	6133	UZUNCAVDAR Sude yaren	TUR	CHAARI Sarah	BEL	PTF	2:0
fisu-world-university-games-2025	Senior Women +73kg	R32	5405	DANG Rishita	IND	ASKARJIAN Celine	LBN	PTF	2:0
fisu-world-university-games-2025	Senior Women +73kg	R32	5406	RIVADULLA LORENZO Desiree	ESP	BARRIOS Karina	MEX	PTF	2:0
fisu-world-university-games-2025	Senior Women +73kg	R32	5407	SONG Da bin	KOR	OLATEJU Olajumoke Blessing	NGR	PTF	2:0
fisu-world-university-games-2025	Senior Women +73kg	R16	5408	HAREMZA Dagmara	POL	DANG Rishita	IND	RSC	
fisu-world-university-games-2025	Senior Women +73kg	R16	5409	HAMADACHE Emna	FRA	KUTS Mariia	UKR	PTF	2:0
fisu-world-university-games-2025	Senior Women +73kg	R16	5410	SHVEDKOVA Polina	AIN	AKBULAK Esra	TUR	PTF	2:0
fisu-world-university-games-2025	Senior Women +73kg	R16	5411	CHIN I Chun	TPE	HUSOVIC Esmeralda	GER	PTF	1:0
fisu-world-university-games-2025	Senior Women +73kg	R16	5412	KECK Hannah	USA	RIVADULLA LORENZO Desiree	ESP	PTF	2:0
fisu-world-university-games-2025	Senior Women +73kg	R16	5413	FOUNTAIN Rachel	CAN	URNAUT Nusa	SLO	PTF	2:0
fisu-world-university-games-2025	Senior Women +73kg	R16	5414	MIRTADJIEVA Iroda	UZB	ALI Manisha	PAK	PTF	2:0
fisu-world-university-games-2025	Senior Women +73kg	R16	5415	SONG Da bin	KOR	MU Wenzhe	CHN	PTF	2:0
fisu-world-university-games-2025	Senior Women +73kg	QF	5416	HAREMZA Dagmara	POL	HAMADACHE Emna	FRA	PTF	2:0
fisu-world-university-games-2025	Senior Women +73kg	QF	5417	CHIN I Chun	TPE	SHVEDKOVA Polina	AIN	PTF	2:0
fisu-world-university-games-2025	Senior Women +73kg	QF	5418	KECK Hannah	USA	FOUNTAIN Rachel	CAN	PTF	2:0
fisu-world-university-games-2025	Senior Women +73kg	QF	5419	SONG Da bin	KOR	MIRTADJIEVA Iroda	UZB	PTF	2:0
fisu-world-university-games-2025	Senior Women +73kg	SF	5124	CHIN I Chun	TPE	HAREMZA Dagmara	POL	PTF	2:0
fisu-world-university-games-2025	Senior Women +73kg	SF	5125	SONG Da bin	KOR	KECK Hannah	USA	PTF	2:0
fisu-world-university-games-2025	Senior Women +73kg	F	5130	SONG Da bin	KOR	CHIN I Chun	TPE	PTF	2:0
presidents-cup-oceania-2025	Senior Men -54kg	R16	508	ASEM ATA ABU SREE' Moataz bellah	EGY	GREGORY-HUNT Ashton-lee	NZL	PTF	2:0
presidents-cup-oceania-2025	Senior Men -54kg	R16	509	LUCIANO Joaquin patrick	USA	GRANIER-AMEUR Aikan	AUS	PTF	2:1
presidents-cup-oceania-2025	Senior Men -54kg	R16	510	HEALY Seth	AUS	HARRISON Mason	AUS	PTF	2:0
presidents-cup-oceania-2025	Senior Men -54kg	R16	511	OHARA Ryusei	JPN	OHARA Keishin	JPN	PTF	2:0
presidents-cup-oceania-2025	Senior Men -54kg	R16	512	ALDAOUD Ja'afar	JOR	CHENG Yuen fung	HKG	PTF	2:0
presidents-cup-oceania-2025	Senior Men -54kg	R16	513	CANETE Arian nathan	USA	KITADE Tatsuya	JPN	PTF	2:1
presidents-cup-oceania-2025	Senior Men -54kg	R16	514	ALMUSHRAF Abdullah essa a	KSA	LI Ci En	TPE	PTF	2:1
presidents-cup-oceania-2025	Senior Men -54kg	R16	515	GUN Youngsuk Ethan	USA	TSANG Chun hei	HKG	PTF	2:0
presidents-cup-oceania-2025	Senior Men -54kg	QF	524	ASEM ATA ABU SREE' Moataz bellah	EGY	LUCIANO Joaquin patrick	USA	PTF	2:0
presidents-cup-oceania-2025	Senior Men -54kg	QF	525	OHARA Ryusei	JPN	HEALY Seth	AUS	PTF	2:0
presidents-cup-oceania-2025	Senior Men -54kg	QF	526	ALDAOUD Ja'afar	JOR	CANETE Arian nathan	USA	PTF	2:0
presidents-cup-oceania-2025	Senior Men -54kg	QF	527	ALMUSHRAF Abdullah essa a	KSA	GUN Youngsuk Ethan	USA	PTF	2:0
presidents-cup-oceania-2025	Senior Men -54kg	SF	532	ASEM ATA ABU SREE' Moataz bellah	EGY	OHARA Ryusei	JPN	PTF	2:1
presidents-cup-oceania-2025	Senior Men -54kg	SF	533	ALDAOUD Ja'afar	JOR	ALMUSHRAF Abdullah essa a	KSA	PTF	2:0
presidents-cup-oceania-2025	Senior Men -54kg	F	536	ASEM ATA ABU SREE' Moataz bellah	EGY	ALDAOUD Ja'afar	JOR	PTF	2:1
presidents-cup-oceania-2025	Senior Men -58kg	R32	601	WANG Liu-je	TPE	CHAND Ravneet	AUS	PTF	2:0
presidents-cup-oceania-2025	Senior Men -58kg	R32	602	CAMUA Benjamin	AUS	ONGGOSANUSI Clement	VAN	PTF	2:0
presidents-cup-oceania-2025	Senior Men -58kg	R32	603	CARRILLO Joseph	USA	SMITH Noah	NZL	PTF	2:0
presidents-cup-oceania-2025	Senior Men -58kg	R32	604	MINGUK Jeon	NZL	MONTONE Luca	AUS	DSQ	
presidents-cup-oceania-2025	Senior Men -58kg	R32	605	HIGASHIJIMA Seiya	JPN	TOMURA Taichi	JPN	PTF	2:1
presidents-cup-oceania-2025	Senior Men -58kg	R32	606	PARK Min kyu	KOR	ALQUMIZI Abdullah Naif A	KSA	PTF	2:0
presidents-cup-oceania-2025	Senior Men -58kg	R32	607	HAMDI Riad nasser a	KSA	SINGH Japnam	IND	PTF	2:0
presidents-cup-oceania-2025	Senior Men -58kg	R32	608	SANCHES DE SANTIS Yuri	BRA	REEBY Bradley	AUS	PTF	2:0
presidents-cup-oceania-2025	Senior Men -58kg	R16	611	YANG Huichan	KOR	WANG Liu-je	TPE	PTF	2:0
presidents-cup-oceania-2025	Senior Men -58kg	R16	612	SALIM Sharif gergely	HUN	CAMUA Benjamin	AUS	PTF	2:0
presidents-cup-oceania-2025	Senior Men -58kg	R16	613	KIM Si yun	KOR	CARRILLO Joseph	USA	PTF	2:0
presidents-cup-oceania-2025	Senior Men -58kg	R16	614	YOUSIF Mahmoud bassam	JOR	MINGUK Jeon	NZL	PTF	2:0
presidents-cup-oceania-2025	Senior Men -58kg	R16	615	BAE Jun-seo	KOR	HIGASHIJIMA Seiya	JPN	PTF	2:0
presidents-cup-oceania-2025	Senior Men -58kg	R16	616	PARK Min kyu	KOR	MELO Paulo	BRA	PTF	2:0
presidents-cup-oceania-2025	Senior Men -58kg	R16	617	PAN Kuei-an	TPE	HAMDI Riad nasser a	KSA	PTF	2:0
presidents-cup-oceania-2025	Senior Men -58kg	R16	618	CHIOK Chun yin	HKG	SANCHES DE SANTIS Yuri	BRA	RSC	2:0
presidents-cup-oceania-2025	Senior Men -58kg	QF	626	YANG Huichan	KOR	SALIM Sharif gergely	HUN	PTF	2:0
presidents-cup-oceania-2025	Senior Men -58kg	QF	627	KIM Si yun	KOR	YOUSIF Mahmoud bassam	JOR	PTF	2:0
presidents-cup-oceania-2025	Senior Men -58kg	QF	628	BAE Jun-seo	KOR	PARK Min kyu	KOR	PTF	2:1
presidents-cup-oceania-2025	Senior Men -58kg	QF	629	PAN Kuei-an	TPE	CHIOK Chun yin	HKG	PTF	2:0
presidents-cup-oceania-2025	Senior Men -58kg	SF	634	YANG Huichan	KOR	KIM Si yun	KOR	PTF	2:0
presidents-cup-oceania-2025	Senior Men -58kg	SF	635	BAE Jun-seo	KOR	PAN Kuei-an	TPE	PTF	2:0
presidents-cup-oceania-2025	Senior Men -58kg	F	638	BAE Jun-seo	KOR	YANG Huichan	KOR	WDR	2:0
presidents-cup-oceania-2025	Senior Men -63kg	R32	301	CHOY Aaron	AUS	MORALES Leroy	AUS	PTF	2:1
presidents-cup-oceania-2025	Senior Men -63kg	R32	302	ASADA Shoki	JPN	ONGGOSANUSI Caleb	VAN	PTF	2:0
presidents-cup-oceania-2025	Senior Men -63kg	R32	303	KIM Jongmyeong	KOR	GRANT Gavin	USA	PTF	2:0
presidents-cup-oceania-2025	Senior Men -63kg	R32	304	INOUE Shuki	JPN	DOWN Harrison	AUS	PTF	2:0
presidents-cup-oceania-2025	Senior Men -63kg	R32	305	TAMAYAMA Koichi	JPN	BETTS Dustin	AUS	PTF	2:0
presidents-cup-oceania-2025	Senior Men -63kg	R32	306	SHLOUL Tareq	JOR	MIYAGUCHI Edo	FPO	PTF	2:0
presidents-cup-oceania-2025	Senior Men -63kg	R32	307	SINGH Nitesh	IND	BAYNE Karl	NZL	PTF	2:0
presidents-cup-oceania-2025	Senior Men -63kg	R32	308	CAO Geremy	AUS	HUNT Adin	AUS	PTF	2:0
presidents-cup-oceania-2025	Senior Men -63kg	R16	316	JANG Jun	KOR	CHOY Aaron	AUS	PTF	2:0
presidents-cup-oceania-2025	Senior Men -63kg	R16	317	ASADA Shoki	JPN	WESAM MOHAMED SAEED MOSTAFA ANTER Omar	EGY	PTF	2:0
presidents-cup-oceania-2025	Senior Men -63kg	R16	318	KIM Jongmyeong	KOR	HUANG Cho-cheng	TPE	PTF	2:0
presidents-cup-oceania-2025	Senior Men -63kg	R16	319	YUN Joon hyuk	KOR	INOUE Shuki	JPN	PTF	2:0
presidents-cup-oceania-2025	Senior Men -63kg	R16	320	MAEDA Hidetaka	JPN	TAMAYAMA Koichi	JPN	PTF	2:0
presidents-cup-oceania-2025	Senior Men -63kg	R16	321	SHLOUL Tareq	JOR	GHALI Zakaria mohammed	KSA	PTF	2:1
presidents-cup-oceania-2025	Senior Men -63kg	R16	322	SINGH Nitesh	IND	CHAN Kin fung	HKG	PTF	2:0
presidents-cup-oceania-2025	Senior Men -63kg	R16	323	SALIM Omar gergely	HUN	CAO Geremy	AUS	PTF	2:0
presidents-cup-oceania-2025	Senior Men -63kg	QF	328	JANG Jun	KOR	ASADA Shoki	JPN	PTF	2:0
presidents-cup-oceania-2025	Senior Men -63kg	QF	329	YUN Joon hyuk	KOR	KIM Jongmyeong	KOR	PTF	2:0
presidents-cup-oceania-2025	Senior Men -63kg	QF	330	MAEDA Hidetaka	JPN	SHLOUL Tareq	JOR	PTF	2:0
presidents-cup-oceania-2025	Senior Men -63kg	QF	331	SALIM Omar gergely	HUN	SINGH Nitesh	IND	PTF	2:0
presidents-cup-oceania-2025	Senior Men -63kg	SF	334	JANG Jun	KOR	YUN Joon hyuk	KOR	PTF	2:0
presidents-cup-oceania-2025	Senior Men -63kg	SF	335	MAEDA Hidetaka	JPN	SALIM Omar gergely	HUN	PTF	2:0
presidents-cup-oceania-2025	Senior Men -63kg	F	337	JANG Jun	KOR	MAEDA Hidetaka	JPN	PTF	2:0
presidents-cup-oceania-2025	Senior Men -68kg	R32	501	GAO Zijian	AUS	GLEESON Jack	AUS	PTF	2:0
presidents-cup-oceania-2025	Senior Men -68kg	R32	502	ALTARYREH Mahmoud	JOR	PANAI Keahi	FPO	PTF	2:0
presidents-cup-oceania-2025	Senior Men -68kg	R32	503	SULTANI Zaki	AUS	MASSIMINO Christian	AUS	PTF	2:0
presidents-cup-oceania-2025	Senior Men -68kg	R32	504	AL NASHASH Hamzeh	JOR	BRECELY Beau	AUS	PTF	2:0
presidents-cup-oceania-2025	Senior Men -68kg	R32	505	OTHMAN Mohammad	JOR	LEE Jun	NZL	PTF	2:0
presidents-cup-oceania-2025	Senior Men -68kg	R32	506	KE Siang Han	TPE	ALHARBI Mohammed maher	KSA	PTF	2:0
presidents-cup-oceania-2025	Senior Men -68kg	R32	507	SUMMERFIELD Matthew	AUS	SABLJAK Lucas	AUS	PTF	2:1
presidents-cup-oceania-2025	Senior Men -68kg	R16	516	MUHAMMAD FATHY Omar	EGY	GAO Zijian	AUS	PTF	2:0
presidents-cup-oceania-2025	Senior Men -68kg	R16	517	NIKOLOVSKI Xavier	AUS	TAYLOR Finn	CAN	PTF	2:0
presidents-cup-oceania-2025	Senior Men -68kg	R16	518	HSU Hao-yu	TPE	ALTARYREH Mahmoud	JOR	PTF	2:0
presidents-cup-oceania-2025	Senior Men -68kg	R16	519	NIU Guansen	CHN	SULTANI Zaki	AUS	PTF	2:0
presidents-cup-oceania-2025	Senior Men -68kg	R16	520	AL NASHASH Hamzeh	JOR	HUANG Yu jui	TPE	PTF	2:1
presidents-cup-oceania-2025	Senior Men -68kg	R16	521	ALHALAWANI Zaid	JOR	OTHMAN Mohammad	JOR	PTF	2:0
presidents-cup-oceania-2025	Senior Men -68kg	R16	522	TSURUOKA Rei	JPN	KE Siang Han	TPE	PTF	2:0
presidents-cup-oceania-2025	Senior Men -68kg	R16	523	SUMMERFIELD Matthew	AUS	LO Wai fung	HKG	PTF	2:1
presidents-cup-oceania-2025	Senior Men -68kg	QF	528	NIKOLOVSKI Xavier	AUS	MUHAMMAD FATHY Omar	EGY	PTF	2:0
presidents-cup-oceania-2025	Senior Men -68kg	QF	529	NIU Guansen	CHN	HSU Hao-yu	TPE	PTF	2:1
presidents-cup-oceania-2025	Senior Men -68kg	QF	530	ALHALAWANI Zaid	JOR	AL NASHASH Hamzeh	JOR	PTF	2:0
presidents-cup-oceania-2025	Senior Men -68kg	QF	531	TSURUOKA Rei	JPN	SUMMERFIELD Matthew	AUS	PTF	2:1
presidents-cup-oceania-2025	Senior Men -68kg	SF	534	NIU Guansen	CHN	NIKOLOVSKI Xavier	AUS	PTF	2:0
presidents-cup-oceania-2025	Senior Men -68kg	SF	535	ALHALAWANI Zaid	JOR	TSURUOKA Rei	JPN	RSC	2:0
presidents-cup-oceania-2025	Senior Men -68kg	F	537	NIU Guansen	CHN	ALHALAWANI Zaid	JOR	PTF	2:0
presidents-cup-oceania-2025	Senior Men -74kg	R32	401	SOUZA DINIZ Joao victor	BRA	PUERTOLLANO Jadon	NZL	PTF	2:0
presidents-cup-oceania-2025	Senior Men -74kg	R32	402	HAMEDI Tareg ali m	KSA	WONG Yan kit	HKG	PTF	2:0
presidents-cup-oceania-2025	Senior Men -74kg	R16	409	SOUZA DINIZ Joao victor	BRA	RODRIGUES Victor	USA	PTF	2:0
presidents-cup-oceania-2025	Senior Men -74kg	R16	410	HSIEH Tsung yu	TPE	RAGHEB Taye	AUS	PTF	2:0
presidents-cup-oceania-2025	Senior Men -74kg	R16	411	CHIU Yi-jui	TPE	ROWE Tane	AUS	PTF	2:0
presidents-cup-oceania-2025	Senior Men -74kg	R16	412	KATOH Takato	JPN	PLOTON Gabriel	FPO	PTF	2:0
presidents-cup-oceania-2025	Senior Men -74kg	R16	413	IORSS Rahiti	FPO	LAM Chak mun	HKG	PTF	2:0
presidents-cup-oceania-2025	Senior Men -74kg	R16	414	TSAI Sheng-liang	TPE	KAREEM Zaid	JOR	RSC	
presidents-cup-oceania-2025	Senior Men -74kg	R16	415	EISSA Rami	EGY	ALMABROUK Osama	AUS	WDR	1:0
presidents-cup-oceania-2025	Senior Men -74kg	R16	416	LEE Sang Ryeol	KOR	HAMEDI Tareg ali m	KSA	PTF	2:0
presidents-cup-oceania-2025	Senior Men -74kg	QF	425	HSIEH Tsung yu	TPE	SOUZA DINIZ Joao victor	BRA	PTF	2:0
presidents-cup-oceania-2025	Senior Men -74kg	QF	426	CHIU Yi-jui	TPE	KATOH Takato	JPN	PTF	2:0
presidents-cup-oceania-2025	Senior Men -74kg	QF	427	TSAI Sheng-liang	TPE	IORSS Rahiti	FPO	PTF	2:0
presidents-cup-oceania-2025	Senior Men -74kg	QF	428	LEE Sang Ryeol	KOR	EISSA Rami	EGY	PTF	2:0
presidents-cup-oceania-2025	Senior Men -74kg	SF	433	HSIEH Tsung yu	TPE	CHIU Yi-jui	TPE	PTF	2:0
presidents-cup-oceania-2025	Senior Men -74kg	SF	434	LEE Sang Ryeol	KOR	TSAI Sheng-liang	TPE	PTF	2:0
presidents-cup-oceania-2025	Senior Men -74kg	F	437	LEE Sang Ryeol	KOR	HSIEH Tsung yu	TPE	PTF	2:0
presidents-cup-oceania-2025	Senior Men -80kg	R16	212	MAIRAU Rainui	FPO	TANGAERE Kuao	NZL	RSC	1:0
presidents-cup-oceania-2025	Senior Men -80kg	QF	219	HUNG Jiun-yi	TPE	MAIRAU Rainui	FPO	PTF	2:0
presidents-cup-oceania-2025	Senior Men -80kg	QF	220	TYAGI Shivansh	IND	HILAL Yassine	CAN	PTF	2:1
presidents-cup-oceania-2025	Senior Men -80kg	QF	221	LI Yang	CHN	ALADARBI Mohammad	JOR	PTF	2:1
presidents-cup-oceania-2025	Senior Men -80kg	QF	222	KIM Hyun-woo	KOR	MANSFIELD Zaine	AUS	RSC	2:0
presidents-cup-oceania-2025	Senior Men -80kg	SF	231	HUNG Jiun-yi	TPE	TYAGI Shivansh	IND	PTF	2:0
presidents-cup-oceania-2025	Senior Men -80kg	SF	232	KIM Hyun-woo	KOR	LI Yang	CHN	PTF	2:0
presidents-cup-oceania-2025	Senior Men -80kg	F	237	KIM Hyun-woo	KOR	HUNG Jiun-yi	TPE	PTF	2:1
presidents-cup-oceania-2025	Senior Men -87kg	R16	609	TRANTER Angus	AUS	VALENTE Tivini	FPO	DSQ	
presidents-cup-oceania-2025	Senior Men -87kg	R16	610	STEWART Jobe	AUS	WILLS Jamie	NZL	PTF	2:0
presidents-cup-oceania-2025	Senior Men -87kg	QF	622	EISSA Seif	EGY	TRANTER Angus	AUS	PTF	2:0
presidents-cup-oceania-2025	Senior Men -87kg	QF	623	EBATA Hidenori	JPN	PRAKASH Nipesh	FIJ	PTF	2:0
presidents-cup-oceania-2025	Senior Men -87kg	QF	624	ELSHARABATY Saleh	JOR	CHEN Liang-hsi	TPE	PTF	2:1
presidents-cup-oceania-2025	Senior Men -87kg	QF	625	STEWART Jordan	CAN	STEWART Jobe	AUS	PTF	2:0
presidents-cup-oceania-2025	Senior Men -87kg	SF	632	EISSA Seif	EGY	EBATA Hidenori	JPN	PTF	2:0
presidents-cup-oceania-2025	Senior Men -87kg	SF	633	STEWART Jordan	CAN	ELSHARABATY Saleh	JOR	PTF	2:1
presidents-cup-oceania-2025	Senior Men -87kg	F	637	EISSA Seif	EGY	STEWART Jordan	CAN	PTF	2:0
presidents-cup-oceania-2025	Senior Men +87kg	QF	216	HUANG Yu-jen	TPE	LEE Meng-en	TPE	PTF	2:0
presidents-cup-oceania-2025	Senior Men +87kg	QF	217	LI Mingsi	CHN	MAI-APA Raihau	FPO	PTF	2:0
presidents-cup-oceania-2025	Senior Men +87kg	QF	218	STILLEY Aiden	AUS	MINAGAWA Toru	JPN	PTF	2:0
presidents-cup-oceania-2025	Senior Men +87kg	SF	229	HUANG Yu-jen	TPE	SANSORES Carlos	MEX	PTF	2:1
presidents-cup-oceania-2025	Senior Men +87kg	SF	230	STILLEY Aiden	AUS	LI Mingsi	CHN	PTF	2:0
presidents-cup-oceania-2025	Senior Men +87kg	F	236	HUANG Yu-jen	TPE	STILLEY Aiden	AUS	PTF	2:1
presidents-cup-oceania-2025	Senior Women -46kg	R16	112	ZHAO Huanna	HKG	MACK Sarah	AUS	PTF	2:1
presidents-cup-oceania-2025	Senior Women -46kg	R16	113	KIM Na yeon	KOR	OROZCO Angelique	CAN	PTF	2:0
presidents-cup-oceania-2025	Senior Women -46kg	QF	121	OKAZAKI Hinata	JPN	ZHAO Huanna	HKG	PTF	2:0
presidents-cup-oceania-2025	Senior Women -46kg	QF	122	BASSETT Jaycee	CRC	PARK Seojeong	KOR	PTF	2:0
presidents-cup-oceania-2025	Senior Women -46kg	QF	123	SALIM Kamilah	HUN	ALKHAWAHR Rahmah abdulmanam a	KSA	PTF	2:0
presidents-cup-oceania-2025	Senior Women -46kg	QF	124	HUANG Ying hsuan	TPE	KIM Na yeon	KOR	PTF	2:1
presidents-cup-oceania-2025	Senior Women -46kg	SF	131	BASSETT Jaycee	CRC	OKAZAKI Hinata	JPN	PTF	2:0
presidents-cup-oceania-2025	Senior Women -46kg	SF	132	HUANG Ying hsuan	TPE	SALIM Kamilah	HUN	PTF	2:1
presidents-cup-oceania-2025	Senior Women -46kg	F	136	BASSETT Jaycee	CRC	HUANG Ying hsuan	TPE	PTF	2:0
presidents-cup-oceania-2025	Senior Women -49kg	R16	309	CHIANG Chih yun	TPE	HAN Nayeon	KOR	PTF	2:0
presidents-cup-oceania-2025	Senior Women -49kg	R16	310	LAM Siu wai	HKG	PAPPAS Ruby	AUS	PTF	2:0
presidents-cup-oceania-2025	Senior Women -49kg	R16	311	MURAKAMI China	JPN	NG Ping ngan paisley	HKG	PTF	2:0
presidents-cup-oceania-2025	Senior Women -49kg	R16	312	PETERSON Ceili	GUY	KHAN Zoya	IND	PTF	2:0
presidents-cup-oceania-2025	Senior Women -49kg	R16	313	OKAMOTO Ruka	JPN	ECKLEY Keira	AUS	PTF	2:0
presidents-cup-oceania-2025	Senior Women -49kg	R16	314	TAMBYRAJAH Saffron	AUS	SWEENEY Tiarnagh	AUS	PTF	2:0
presidents-cup-oceania-2025	Senior Women -49kg	R16	315	LIU You-yun	TPE	BARROSO Kiara	POR	PTF	2:0
presidents-cup-oceania-2025	Senior Women -49kg	QF	324	CHIANG Chih yun	TPE	SHERIF HAMDY Laila	EGY	PTF	2:0
presidents-cup-oceania-2025	Senior Women -49kg	QF	325	MURAKAMI China	JPN	LAM Siu wai	HKG	PTF	2:1
presidents-cup-oceania-2025	Senior Women -49kg	QF	326	OKAMOTO Ruka	JPN	PETERSON Ceili	GUY	PTF	2:1
presidents-cup-oceania-2025	Senior Women -49kg	QF	327	LIU You-yun	TPE	TAMBYRAJAH Saffron	AUS	PTF	2:1
presidents-cup-oceania-2025	Senior Women -49kg	SF	332	CHIANG Chih yun	TPE	MURAKAMI China	JPN	PTF	2:0
presidents-cup-oceania-2025	Senior Women -49kg	SF	333	LIU You-yun	TPE	OKAMOTO Ruka	JPN	PTF	2:1
presidents-cup-oceania-2025	Senior Women -49kg	F	336	LIU You-yun	TPE	CHIANG Chih yun	TPE	PTF	2:0
presidents-cup-oceania-2025	Senior Women -53kg	R32	403	TIREN Elanur	AUS	SARDANA Claire	AUS	PTF	2:0
presidents-cup-oceania-2025	Senior Women -53kg	R32	404	KAUR Sarwar	IND	SHINKAWA Manami	JPN	PTF	2:1
presidents-cup-oceania-2025	Senior Women -53kg	R32	405	KUO Yi-fan	TPE	LIM Esther	AUS	PTF	2:0
presidents-cup-oceania-2025	Senior Women -53kg	R32	406	QUERUBIN Sofia	AUS	MASIELLO Giuliana	AUS	PTF	2:1
presidents-cup-oceania-2025	Senior Women -53kg	R32	407	MALIK Kashish	IND	KWOK Tsz Tung	HKG	PTF	2:0
presidents-cup-oceania-2025	Senior Women -53kg	R32	408	BLEWITT Michaela	AUS	ABD ELMESSEH Miriam	AUS	PTF	2:0
presidents-cup-oceania-2025	Senior Women -53kg	R16	417	ABUTALEB Dunya ali m	KSA	TIREN Elanur	AUS	PTF	2:0
presidents-cup-oceania-2025	Senior Women -53kg	R16	418	HERBERTSON Reyna	AUS	LANDSBERG Ambrosia	AUS	PTF	2:0
presidents-cup-oceania-2025	Senior Women -53kg	R16	419	SU Po-ya	TPE	KAUR Sarwar	IND	PTF	2:0
presidents-cup-oceania-2025	Senior Women -53kg	R16	420	KUO Yi-fan	TPE	BARROS Nivea	BRA	PTF	2:1
presidents-cup-oceania-2025	Senior Women -53kg	R16	421	KATOH Yuzuho	JPN	QUERUBIN Sofia	AUS	PTF	2:0
presidents-cup-oceania-2025	Senior Women -53kg	R16	422	KLAKALA Magdalini	GRE	MALIK Kashish	IND	PTF	2:0
presidents-cup-oceania-2025	Senior Women -53kg	R16	423	BEZERRA Camila	BRA	TAN Nichelle	SGP	PTF	2:0
presidents-cup-oceania-2025	Senior Women -53kg	R16	424	KHATTAB Jana	EGY	BLEWITT Michaela	AUS	PTF	2:0
presidents-cup-oceania-2025	Senior Women -53kg	QF	429	ABUTALEB Dunya ali m	KSA	HERBERTSON Reyna	AUS	PTF	2:0
presidents-cup-oceania-2025	Senior Women -53kg	QF	430	SU Po-ya	TPE	KUO Yi-fan	TPE	PTF	2:0
presidents-cup-oceania-2025	Senior Women -53kg	QF	431	KATOH Yuzuho	JPN	KLAKALA Magdalini	GRE	PTF	2:0
presidents-cup-oceania-2025	Senior Women -53kg	QF	432	KHATTAB Jana	EGY	BEZERRA Camila	BRA	PTF	2:0
presidents-cup-oceania-2025	Senior Women -53kg	SF	435	ABUTALEB Dunya ali m	KSA	SU Po-ya	TPE	PTF	2:0
presidents-cup-oceania-2025	Senior Women -53kg	SF	436	KHATTAB Jana	EGY	KATOH Yuzuho	JPN	PTF	2:0
presidents-cup-oceania-2025	Senior Women -53kg	F	438	KHATTAB Jana	EGY	ABUTALEB Dunya ali m	KSA	PTF	2:0
presidents-cup-oceania-2025	Senior Women -57kg	R16	114	KHIRFAN Fadia	JOR	LIU Ellen	AUS	PTF	2:0
presidents-cup-oceania-2025	Senior Women -57kg	R16	115	HORSELL Riley	AUS	WU Jin jia	NZL	PTF	2:0
presidents-cup-oceania-2025	Senior Women -57kg	R16	116	SO Yuen ting	HKG	ERYUREK Asya	AUS	PTF	2:0
presidents-cup-oceania-2025	Senior Women -57kg	R16	117	PAVIA Bianca	AUS	ISHIDA Otoa	JPN	PTF	2:0
presidents-cup-oceania-2025	Senior Women -57kg	QF	125	KHIRFAN Fadia	JOR	KIM Gahyeon	KOR	PTF	2:0
presidents-cup-oceania-2025	Senior Women -57kg	QF	126	NISHIDA Mao	JPN	HORSELL Riley	AUS	PTF	2:0
presidents-cup-oceania-2025	Senior Women -57kg	QF	127	HYMER Stacey	AUS	SO Yuen ting	HKG	PTF	2:0
presidents-cup-oceania-2025	Senior Women -57kg	QF	128	LIN Wei-chun	TPE	PAVIA Bianca	AUS	PTF	2:0
presidents-cup-oceania-2025	Senior Women -57kg	SF	133	KHIRFAN Fadia	JOR	NISHIDA Mao	JPN	PTF	2:0
presidents-cup-oceania-2025	Senior Women -57kg	SF	134	LIN Wei-chun	TPE	HYMER Stacey	AUS	PTF	2:0
presidents-cup-oceania-2025	Senior Women -57kg	F	137	LIN Wei-chun	TPE	KHIRFAN Fadia	JOR	PTF	2:0
presidents-cup-oceania-2025	Senior Women -62kg	QF	118	CHANG Jui-en	TPE	LEE Hanna	KOR	PTF	2:0
presidents-cup-oceania-2025	Senior Women -62kg	QF	119	OH Ha eun	KOR	IORSS Kawehi	FPO	PTF	2:0
presidents-cup-oceania-2025	Senior Women -62kg	QF	120	ALRAWASHDEH Razan mohammed	JOR	BREWSTER Ella	CAN	PTF	2:0
presidents-cup-oceania-2025	Senior Women -62kg	SF	129	BLEWITT Gabriella	AUS	CHANG Jui-en	TPE	PTF	2:0
presidents-cup-oceania-2025	Senior Women -62kg	SF	130	ALRAWASHDEH Razan mohammed	JOR	OH Ha eun	KOR	PTF	2:0
presidents-cup-oceania-2025	Senior Women -62kg	F	135	ALRAWASHDEH Razan mohammed	JOR	BLEWITT Gabriella	AUS	PTF	2:0
presidents-cup-oceania-2025	Senior Women -67kg	R16	213	YU Hyogyeong	KOR	RAUFAUORE Poekiva	FPO	PTF	2:0
presidents-cup-oceania-2025	Senior Women -67kg	R16	214	LUKIC Maya	CAN	LEVESTAM Isabella	NZL	PTF	2:1
presidents-cup-oceania-2025	Senior Women -67kg	R16	215	CLARK Mila	AUS	HYDER Afreen	IND	PTF	2:0
presidents-cup-oceania-2025	Senior Women -67kg	QF	223	SHEHATA Aya	EGY	YU Hyogyeong	KOR	WDR	1:0
presidents-cup-oceania-2025	Senior Women -67kg	QF	224	CHIU Shao-hsuan	TPE	ABELA Rose letizia	AUS	PTF	2:1
presidents-cup-oceania-2025	Senior Women -67kg	QF	225	ZHU Yingyue	CHN	LUKIC Maya	CAN	PTF	2:0
presidents-cup-oceania-2025	Senior Women -67kg	QF	226	HONG Hyo rim	KOR	CLARK Mila	AUS	PTF	2:0
presidents-cup-oceania-2025	Senior Women -67kg	SF	233	CHIU Shao-hsuan	TPE	SHEHATA Aya	EGY	PTF	2:0
presidents-cup-oceania-2025	Senior Women -67kg	SF	234	HONG Hyo rim	KOR	ZHU Yingyue	CHN	PTF	2:1
presidents-cup-oceania-2025	Senior Women -67kg	F	238	HONG Hyo rim	KOR	CHIU Shao-hsuan	TPE	PTF	2:0
presidents-cup-oceania-2025	Senior Women -73kg	QF	619	REGI Margerette maria	IND	CHAHAL Aisha	AUS	PTF	2:0
presidents-cup-oceania-2025	Senior Women -73kg	QF	620	LEE Dabin	KOR	CROOK Aria	AUS	PTF	2:0
presidents-cup-oceania-2025	Senior Women -73kg	QF	621	SABER Dunya bushuaib a	KSA	MURRAY Rebecca	AUS	PTF	2:1
presidents-cup-oceania-2025	Senior Women -73kg	SF	630	ABO-ALRUB Rama	JOR	REGI Margerette maria	IND	PTF	2:1
presidents-cup-oceania-2025	Senior Women -73kg	SF	631	LEE Dabin	KOR	SABER Dunya bushuaib a	KSA	PTF	2:0
presidents-cup-oceania-2025	Senior Women -73kg	F	636	LEE Dabin	KOR	ABO-ALRUB Rama	JOR	PTF	2:0
presidents-cup-oceania-2025	Senior Women +73kg	SF	227	JUNG Sugee	KOR	CHIN I Chun	TPE	PTF	2:0
presidents-cup-oceania-2025	Senior Women +73kg	SF	228	STEWART Reba	AUS	BARUA Rodali	IND	PTF	2:0
presidents-cup-oceania-2025	Senior Women +73kg	F	235	STEWART Reba	AUS	JUNG Sugee	KOR	PTF	2:0
australian-open-2025	Senior Men -54kg	R16	408	LI Ci En	TPE	HARRISON Mason	AUS	PTF	2:1
australian-open-2025	Senior Men -54kg	R16	409	TSANG Chun hei	HKG	CANETE Arian nathan	USA	PTF	2:1
australian-open-2025	Senior Men -54kg	R16	410	OHARA Keishin	JPN	HEALY Seth	AUS	PTF	2:0
australian-open-2025	Senior Men -54kg	R16	411	OHARA Ryusei	JPN	GREGORY-HUNT Ashton-lee	NZL	PTF	2:0
australian-open-2025	Senior Men -54kg	R16	412	ALMUSHRAF Abdullah essa a	KSA	CHENG Yuen fung	HKG	PTF	2:0
australian-open-2025	Senior Men -54kg	R16	413	LUCIANO Joaquin patrick	USA	COHEN Lior	AUS	PTF	2:0
australian-open-2025	Senior Men -54kg	QF	422	ASEM ATA ABU SREE' Moataz bellah	EGY	LI Ci En	TPE	PTF	2:1
australian-open-2025	Senior Men -54kg	QF	423	OHARA Keishin	JPN	TSANG Chun hei	HKG	PTF	2:1
australian-open-2025	Senior Men -54kg	QF	424	ALMUSHRAF Abdullah essa a	KSA	OHARA Ryusei	JPN	PTF	2:1
australian-open-2025	Senior Men -54kg	QF	425	ALDAOUD Ja'afar	JOR	LUCIANO Joaquin patrick	USA	PTF	2:0
australian-open-2025	Senior Men -54kg	SF	430	ASEM ATA ABU SREE' Moataz bellah	EGY	OHARA Keishin	JPN	PTF	2:1
australian-open-2025	Senior Men -54kg	SF	431	ALDAOUD Ja'afar	JOR	ALMUSHRAF Abdullah essa a	KSA	PTF	2:0
australian-open-2025	Senior Men -54kg	F	434	ALDAOUD Ja'afar	JOR	ASEM ATA ABU SREE' Moataz bellah	EGY	WDR	
australian-open-2025	Senior Men -58kg	R32	113	GUN Youngsuk Ethan	USA	SINGH Japnam	IND	PTF	2:1
australian-open-2025	Senior Men -58kg	R32	114	TREMBATH George	AUS	ONGGOSANUSI Clement	VAN	PTF	2:0
australian-open-2025	Senior Men -58kg	R16	116	CHIOK Chun yin	HKG	GUN Youngsuk Ethan	USA	PTF	2:0
australian-open-2025	Senior Men -58kg	R16	117	HIGASHIJIMA Seiya	JPN	CHAND Ravneet	AUS	RSC	1:0
australian-open-2025	Senior Men -58kg	R16	118	CARRILLO Joseph	USA	KITADE Tatsuya	JPN	PTF	2:1
australian-open-2025	Senior Men -58kg	R16	119	WANG Liu-je	TPE	HAMDI Riad nasser a	KSA	PTF	2:0
australian-open-2025	Senior Men -58kg	R16	120	CAMUA Benjamin	AUS	MINGUK Jeon	NZL	PTF	2:0
australian-open-2025	Senior Men -58kg	R16	121	TOMURA Taichi	JPN	GRANIER-AMEUR Aikan	AUS	PTF	2:0
australian-open-2025	Senior Men -58kg	R16	122	SMITH Noah	NZL	REEBY Bradley	AUS	PTF	2:0
australian-open-2025	Senior Men -58kg	R16	123	PAN Kuei-an	TPE	TREMBATH George	AUS	PTF	2:0
australian-open-2025	Senior Men -58kg	QF	128	CHIOK Chun yin	HKG	HIGASHIJIMA Seiya	JPN	PTF	2:1
australian-open-2025	Senior Men -58kg	QF	129	WANG Liu-je	TPE	CARRILLO Joseph	USA	PTF	2:0
australian-open-2025	Senior Men -58kg	QF	130	CAMUA Benjamin	AUS	TOMURA Taichi	JPN	PTF	2:0
australian-open-2025	Senior Men -58kg	QF	131	PAN Kuei-an	TPE	SMITH Noah	NZL	PTF	2:0
australian-open-2025	Senior Men -58kg	SF	134	WANG Liu-je	TPE	CHIOK Chun yin	HKG	PTF	2:1
australian-open-2025	Senior Men -58kg	SF	135	PAN Kuei-an	TPE	CAMUA Benjamin	AUS	PTF	2:0
australian-open-2025	Senior Men -58kg	F	137	PAN Kuei-an	TPE	WANG Liu-je	TPE	PTF	2:0
australian-open-2025	Senior Men -63kg	R32	501	KIM Si yun	KOR	MORALES Leroy	AUS	PTF	2:0
australian-open-2025	Senior Men -63kg	R32	502	WANG Hao tian (buddy)	AUS	MIYAGUCHI Edo	FPO	PTF	2:0
australian-open-2025	Senior Men -63kg	R32	503	SALIM Sharif gergely	HUN	ASADA Shoki	JPN	PTF	2:0
australian-open-2025	Senior Men -63kg	R32	504	YOUSIF Mahmoud bassam	JOR	GRANT Gavin	USA	PTF	2:1
australian-open-2025	Senior Men -63kg	R32	505	INOUE Shuki	JPN	DOWN Harrison	AUS	PTF	2:0
australian-open-2025	Senior Men -63kg	R32	506	CHOY Aaron	AUS	TAMAYAMA Koichi	JPN	PTF	2:0
australian-open-2025	Senior Men -63kg	R32	507	SINGH Nitesh	IND	BETTS Dustin	AUS	PTF	2:0
australian-open-2025	Senior Men -63kg	R32	508	CHAN Kin fung	HKG	ONGGOSANUSI Caleb	VAN	PTF	2:0
australian-open-2025	Senior Men -63kg	R32	509	WESAM MOHAMED SAEED MOSTAFA ANTER Omar	EGY	BAYNE Karl	NZL	PTF	2:0
australian-open-2025	Senior Men -63kg	R32	510	KIM Jongmyeong	KOR	SHLOUL Tareq	JOR	PTF	2:1
australian-open-2025	Senior Men -63kg	R32	511	MONTONE Luca	AUS	HUNT Adin	AUS	PTF	2:0
australian-open-2025	Senior Men -63kg	R16	518	MAEDA Hidetaka	JPN	KIM Si yun	KOR	PTF	2:0
australian-open-2025	Senior Men -63kg	R16	519	SALIM Sharif gergely	HUN	WANG Hao tian (buddy)	AUS	PTF	2:0
australian-open-2025	Senior Men -63kg	R16	520	YOUSIF Mahmoud bassam	JOR	ALQUMIZI Abdullah Naif A	KSA	PTF	2:0
australian-open-2025	Senior Men -63kg	R16	521	HOGG Ryan	AUS	INOUE Shuki	JPN	PTF	2:1
australian-open-2025	Senior Men -63kg	R16	522	GHALI Zakaria mohammed	KSA	CHOY Aaron	AUS	PTF	2:0
australian-open-2025	Senior Men -63kg	R16	523	SINGH Nitesh	IND	CHAN Kin fung	HKG	PTF	2:0
australian-open-2025	Senior Men -63kg	R16	524	KIM Jongmyeong	KOR	WESAM MOHAMED SAEED MOSTAFA ANTER Omar	EGY	PTF	2:1
australian-open-2025	Senior Men -63kg	R16	525	HUANG Cho-cheng	TPE	MONTONE Luca	AUS	RSC	2:0
australian-open-2025	Senior Men -63kg	QF	530	MAEDA Hidetaka	JPN	SALIM Sharif gergely	HUN	PTF	2:0
australian-open-2025	Senior Men -63kg	QF	531	YOUSIF Mahmoud bassam	JOR	HOGG Ryan	AUS	RSC	2:0
australian-open-2025	Senior Men -63kg	QF	532	SINGH Nitesh	IND	GHALI Zakaria mohammed	KSA	PTF	2:0
australian-open-2025	Senior Men -63kg	QF	533	HUANG Cho-cheng	TPE	KIM Jongmyeong	KOR	PTF	2:1
australian-open-2025	Senior Men -63kg	SF	536	MAEDA Hidetaka	JPN	YOUSIF Mahmoud bassam	JOR	PTF	2:0
australian-open-2025	Senior Men -63kg	SF	537	SINGH Nitesh	IND	HUANG Cho-cheng	TPE	PTF	2:0
australian-open-2025	Senior Men -63kg	F	539	SINGH Nitesh	IND	MAEDA Hidetaka	JPN	PTF	2:0
australian-open-2025	Senior Men -68kg	R32	601	SABLJAK Lucas	AUS	GAO Zijian	AUS	PTF	2:0
australian-open-2025	Senior Men -68kg	R32	602	JANG Jun	KOR	MASSIMINO Christian	AUS	PTF	2:0
australian-open-2025	Senior Men -68kg	R32	603	YUN Joon hyuk	KOR	SUMMERFIELD Matthew	AUS	PTF	2:0
australian-open-2025	Senior Men -68kg	R32	604	WU Zhi kun	AUS	BRECELY Beau	AUS	PTF	2:0
australian-open-2025	Senior Men -68kg	R32	605	AL NASHASH Hamzeh	JOR	LEE Jun	NZL	PTF	2:0
australian-open-2025	Senior Men -68kg	R32	606	ALHARBI Mohammed maher	KSA	SULTANI Zaki	AUS	PTF	2:1
australian-open-2025	Senior Men -68kg	R32	607	GLEESON Jack	AUS	CAO Geremy	AUS	PTF	2:1
australian-open-2025	Senior Men -68kg	R16	610	MUHAMMAD FATHY Omar	EGY	SABLJAK Lucas	AUS	PTF	2:0
australian-open-2025	Senior Men -68kg	R16	611	ALTARYREH Mahmoud	JOR	OTHMAN Mohammad	JOR	PTF	2:0
australian-open-2025	Senior Men -68kg	R16	612	JANG Jun	KOR	ALHALAWANI Zaid	JOR	PTF	2:0
australian-open-2025	Senior Men -68kg	R16	613	HSU Hao-yu	TPE	YUN Joon hyuk	KOR	PTF	2:0
australian-open-2025	Senior Men -68kg	R16	614	NIU Guansen	CHN	WU Zhi kun	AUS	PTF	2:0
australian-open-2025	Senior Men -68kg	R16	615	AL NASHASH Hamzeh	JOR	TAYLOR Finn	CAN	PTF	2:0
australian-open-2025	Senior Men -68kg	R16	616	KE Siang Han	TPE	ALHARBI Mohammed maher	KSA	PTF	2:0
australian-open-2025	Senior Men -68kg	R16	617	LO Wai fung	HKG	GLEESON Jack	AUS	PTF	2:0
australian-open-2025	Senior Men -68kg	QF	626	ALTARYREH Mahmoud	JOR	MUHAMMAD FATHY Omar	EGY	PTF	2:0
australian-open-2025	Senior Men -68kg	QF	627	JANG Jun	KOR	HSU Hao-yu	TPE	PTF	2:1
australian-open-2025	Senior Men -68kg	QF	628	NIU Guansen	CHN	AL NASHASH Hamzeh	JOR	PTF	2:0
australian-open-2025	Senior Men -68kg	QF	629	KE Siang Han	TPE	LO Wai fung	HKG	RSC	2:0
australian-open-2025	Senior Men -68kg	SF	634	ALTARYREH Mahmoud	JOR	JANG Jun	KOR	WDR	
australian-open-2025	Senior Men -68kg	SF	635	NIU Guansen	CHN	KE Siang Han	TPE	PTF	2:0
australian-open-2025	Senior Men -68kg	F	638	NIU Guansen	CHN	ALTARYREH Mahmoud	JOR	PTF	2:0
australian-open-2025	Senior Men -74kg	R32	301	SOUZA DINIZ Joao victor	BRA	WONG Yan kit	HKG	PTF	2:0
australian-open-2025	Senior Men -74kg	R32	302	PUERTOLLANO Jadon	NZL	LAM Chak mun	HKG	PTF	2:0
australian-open-2025	Senior Men -74kg	R16	308	SOUZA DINIZ Joao victor	BRA	RODRIGUES Victor	USA	PTF	2:0
australian-open-2025	Senior Men -74kg	R16	309	TSAI Sheng-liang	TPE	ALMABROUK Osama	AUS	PTF	2:0
australian-open-2025	Senior Men -74kg	R16	310	NIKOLOVSKI Xavier	AUS	EISSA Rami	EGY	PTF	2:0
australian-open-2025	Senior Men -74kg	R16	311	HUANG Yu jui	TPE	CHIU Yi-jui	TPE	PTF	2:0
australian-open-2025	Senior Men -74kg	R16	312	KATOH Takato	JPN	PLOTON Gabriel	FPO	PTF	2:0
australian-open-2025	Senior Men -74kg	R16	313	RAGHEB Taye	AUS	MANSFIELD Zaine	AUS	PTF	2:0
australian-open-2025	Senior Men -74kg	R16	314	HSIEH Tsung yu	TPE	ROWE Tane	AUS	PTF	2:0
australian-open-2025	Senior Men -74kg	R16	315	IORSS Rahiti	FPO	PUERTOLLANO Jadon	NZL	PTF	2:0
australian-open-2025	Senior Men -74kg	QF	324	SOUZA DINIZ Joao victor	BRA	TSAI Sheng-liang	TPE	PTF	2:0
australian-open-2025	Senior Men -74kg	QF	325	HUANG Yu jui	TPE	NIKOLOVSKI Xavier	AUS	PTF	2:0
australian-open-2025	Senior Men -74kg	QF	326	KATOH Takato	JPN	RAGHEB Taye	AUS	PTF	2:0
australian-open-2025	Senior Men -74kg	QF	327	HSIEH Tsung yu	TPE	IORSS Rahiti	FPO	PTF	2:0
australian-open-2025	Senior Men -74kg	SF	332	SOUZA DINIZ Joao victor	BRA	HUANG Yu jui	TPE	PTF	2:1
australian-open-2025	Senior Men -74kg	SF	333	HSIEH Tsung yu	TPE	KATOH Takato	JPN	PTF	2:0
australian-open-2025	Senior Men -74kg	F	336	SOUZA DINIZ Joao victor	BRA	HSIEH Tsung yu	TPE	PTF	2:1
australian-open-2025	Senior Men -80kg	QF	214	TYAGI Shivansh	IND	HILAL Yassine	CAN	PTF	2:0
australian-open-2025	Senior Men -80kg	QF	215	LI Yang	CHN	HAMEDI Tareg ali m	KSA	PTF	2:0
australian-open-2025	Senior Men -80kg	QF	216	KIM Hyun-woo	KOR	ALADARBI Mohammad	JOR	PTF	2:0
australian-open-2025	Senior Men -80kg	SF	227	HUNG Jiun-yi	TPE	TYAGI Shivansh	IND	PTF	2:0
australian-open-2025	Senior Men -80kg	SF	228	KIM Hyun-woo	KOR	LI Yang	CHN	PTF	2:0
australian-open-2025	Senior Men -80kg	F	234	HUNG Jiun-yi	TPE	KIM Hyun-woo	KOR	PTF	2:1
australian-open-2025	Senior Men -87kg	R16	212	TRANTER Angus	AUS	WILLS Jamie	NZL	PTF	2:0
australian-open-2025	Senior Men -87kg	QF	217	EISSA Seif	EGY	TRANTER Angus	AUS	WDR	1:0
australian-open-2025	Senior Men -87kg	QF	218	EBATA Hidenori	JPN	PRAKASH Nipesh	FIJ	PTF	2:0
australian-open-2025	Senior Men -87kg	QF	219	ELSHARABATY Saleh	JOR	CHEN Liang-hsi	TPE	PTF	2:1
australian-open-2025	Senior Men -87kg	QF	220	STEWART Jordan	CAN	STEWART Jobe	AUS	PTF	2:0
australian-open-2025	Senior Men -87kg	SF	229	EISSA Seif	EGY	EBATA Hidenori	JPN	WDR	
australian-open-2025	Senior Men -87kg	SF	230	ELSHARABATY Saleh	JOR	STEWART Jordan	CAN	PTF	2:1
australian-open-2025	Senior Men -87kg	F	235	EISSA Seif	EGY	ELSHARABATY Saleh	JOR	PTF	2:0
australian-open-2025	Senior Men +87kg	R16	213	LEE Meng-en	TPE	MAI-APA Raihau	FPO	PTF	2:0
australian-open-2025	Senior Men +87kg	QF	221	SANSORES Carlos	MEX	LEE Meng-en	TPE	PTF	2:0
australian-open-2025	Senior Men +87kg	QF	222	HUANG Yu-jen	TPE	VALENTE Tivini	FPO	PTF	2:0
australian-open-2025	Senior Men +87kg	QF	223	LI Mingsi	CHN	MINAGAWA Toru	JPN	PTF	2:0
australian-open-2025	Senior Men +87kg	QF	224	STILLEY Aiden	AUS	MARAETEFAU Raimanutea	FPO	PTF	2:0
australian-open-2025	Senior Men +87kg	SF	231	HUANG Yu-jen	TPE	SANSORES Carlos	MEX	PTF	2:1
australian-open-2025	Senior Men +87kg	SF	232	STILLEY Aiden	AUS	LI Mingsi	CHN	PTF	2:1
australian-open-2025	Senior Men +87kg	F	236	HUANG Yu-jen	TPE	STILLEY Aiden	AUS	PTF	2:0
australian-open-2025	Senior Women -46kg	R16	401	ZHAO Huanna	HKG	MACK Sarah	AUS	PTF	2:0
australian-open-2025	Senior Women -46kg	QF	414	OKAZAKI Hinata	JPN	ZHAO Huanna	HKG	PTF	2:0
australian-open-2025	Senior Women -46kg	QF	415	PARK Seojeong	KOR	BASSETT Jaycee	CRC	PTF	2:0
australian-open-2025	Senior Women -46kg	QF	416	ALKHAWAHR Rahmah abdulmanam a	KSA	BARROSO Kiara	POR	PTF	2:0
australian-open-2025	Senior Women -46kg	QF	417	HUANG Ying hsuan	TPE	OROZCO Angelique	CAN	PTF	2:0
australian-open-2025	Senior Women -46kg	SF	426	PARK Seojeong	KOR	OKAZAKI Hinata	JPN	WDR	1:0
australian-open-2025	Senior Women -46kg	SF	427	HUANG Ying hsuan	TPE	ALKHAWAHR Rahmah abdulmanam a	KSA	PTF	2:0
australian-open-2025	Senior Women -46kg	F	432	PARK Seojeong	KOR	HUANG Ying hsuan	TPE	PTF	2:0
australian-open-2025	Senior Women -49kg	R16	402	TAMBYRAJAH Saffron	AUS	CHIANG Chih yun	TPE	PTF	2:1
australian-open-2025	Senior Women -49kg	R16	403	KIM Na yeon	KOR	LAM Siu wai	HKG	PTF	2:0
australian-open-2025	Senior Women -49kg	R16	404	MURAKAMI China	JPN	HEO Minji	KOR	PTF	2:0
australian-open-2025	Senior Women -49kg	R16	405	PETERSON Ceili	GUY	ECKLEY Keira	AUS	PTF	2:0
australian-open-2025	Senior Women -49kg	R16	406	OKAMOTO Ruka	JPN	NG Ping ngan paisley	HKG	PTF	2:0
australian-open-2025	Senior Women -49kg	R16	407	AN Byeo Ri	KOR	SWEENEY Tiarnagh	AUS	PTF	2:0
australian-open-2025	Senior Women -49kg	QF	418	TAMBYRAJAH Saffron	AUS	SHERIF HAMDY Laila	EGY	PTF	2:0
australian-open-2025	Senior Women -49kg	QF	419	KIM Na yeon	KOR	MURAKAMI China	JPN	PTF	2:0
australian-open-2025	Senior Women -49kg	QF	420	OKAMOTO Ruka	JPN	PETERSON Ceili	GUY	PTF	2:0
australian-open-2025	Senior Women -49kg	QF	421	LIU You-yun	TPE	AN Byeo Ri	KOR	PTF	2:0
australian-open-2025	Senior Women -49kg	SF	428	TAMBYRAJAH Saffron	AUS	KIM Na yeon	KOR	PTF	2:0
australian-open-2025	Senior Women -49kg	SF	429	LIU You-yun	TPE	OKAMOTO Ruka	JPN	PTF	2:1
australian-open-2025	Senior Women -49kg	F	433	LIU You-yun	TPE	TAMBYRAJAH Saffron	AUS	PTF	2:0
australian-open-2025	Senior Women -53kg	R32	303	QUERUBIN Sofia	AUS	ABD ELMESSEH Miriam	AUS	WDR	
australian-open-2025	Senior Women -53kg	R32	304	HAN Nayeon	KOR	PAPPAS Ruby	AUS	PTF	2:0
australian-open-2025	Senior Women -53kg	R32	305	KWOK Tsz Tung	HKG	SARDANA Claire	AUS	PTF	2:0
australian-open-2025	Senior Women -53kg	R32	306	KAUR Sarwar	IND	LIM Esther	AUS	PTF	2:0
australian-open-2025	Senior Women -53kg	R32	307	KUO Yi-fan	TPE	MASIELLO Giuliana	AUS	PTF	2:0
australian-open-2025	Senior Women -53kg	R16	316	ABUTALEB Dunya ali m	KSA	QUERUBIN Sofia	AUS	PTF	2:0
australian-open-2025	Senior Women -53kg	R16	317	BEZERRA Camila	BRA	MONSALES Joanna	AUS	PTF	2:0
australian-open-2025	Senior Women -53kg	R16	318	SU Po-ya	TPE	HAN Nayeon	KOR	PTF	2:0
australian-open-2025	Senior Women -53kg	R16	319	BARROS Nivea	BRA	KWOK Tsz Tung	HKG	PTF	2:0
australian-open-2025	Senior Women -53kg	R16	320	KATOH Yuzuho	JPN	KAUR Sarwar	IND	PTF	2:1
australian-open-2025	Senior Women -53kg	R16	321	KLAKALA Magdalini	GRE	SHINKAWA Manami	JPN	PTF	2:0
australian-open-2025	Senior Women -53kg	R16	322	MALIK Kashish	IND	HERBERTSON Reyna	AUS	PTF	2:0
australian-open-2025	Senior Women -53kg	R16	323	KHATTAB Jana	EGY	KUO Yi-fan	TPE	PTF	2:1
australian-open-2025	Senior Women -53kg	QF	328	ABUTALEB Dunya ali m	KSA	BEZERRA Camila	BRA	PTF	2:1
australian-open-2025	Senior Women -53kg	QF	329	BARROS Nivea	BRA	SU Po-ya	TPE	PTF	2:0
australian-open-2025	Senior Women -53kg	QF	330	KLAKALA Magdalini	GRE	KATOH Yuzuho	JPN	PTF	2:1
australian-open-2025	Senior Women -53kg	QF	331	KHATTAB Jana	EGY	MALIK Kashish	IND	PTF	2:0
australian-open-2025	Senior Women -53kg	SF	334	ABUTALEB Dunya ali m	KSA	BARROS Nivea	BRA	PTF	2:1
australian-open-2025	Senior Women -53kg	SF	335	KHATTAB Jana	EGY	KLAKALA Magdalini	GRE	PTF	2:0
australian-open-2025	Senior Women -53kg	F	337	ABUTALEB Dunya ali m	KSA	KHATTAB Jana	EGY	PTF	2:0
australian-open-2025	Senior Women -57kg	R16	608	PAVIA Bianca	AUS	PENDER Jorja	AUS	PTF	2:0
australian-open-2025	Senior Women -57kg	R16	609	NA Chae rim	KOR	LIU Ellen	AUS	PTF	2:0
australian-open-2025	Senior Women -57kg	QF	622	LIN Wei-chun	TPE	PAVIA Bianca	AUS	PTF	2:0
australian-open-2025	Senior Women -57kg	QF	623	ISHIDA Otoa	JPN	SO Yuen ting	HKG	PTF	2:0
australian-open-2025	Senior Women -57kg	QF	624	NISHIDA Mao	JPN	KHIRFAN Fadia	JOR	PTF	2:0
australian-open-2025	Senior Women -57kg	QF	625	HYMER Stacey	AUS	NA Chae rim	KOR	PTF	2:0
australian-open-2025	Senior Women -57kg	SF	632	LIN Wei-chun	TPE	ISHIDA Otoa	JPN	PTF	2:0
australian-open-2025	Senior Women -57kg	SF	633	NISHIDA Mao	JPN	HYMER Stacey	AUS	PTF	2:1
australian-open-2025	Senior Women -57kg	F	637	LIN Wei-chun	TPE	NISHIDA Mao	JPN	PTF	2:0
australian-open-2025	Senior Women -62kg	QF	618	BLEWITT Gabriella	AUS	LEE Hanna	KOR	PTF	2:1
australian-open-2025	Senior Women -62kg	QF	619	YOU Songhwa	KOR	HORSELL Riley	AUS	PTF	2:0
australian-open-2025	Senior Women -62kg	QF	620	CHANG Jui-en	TPE	SAVAS Buse	AUS	PTF	2:0
australian-open-2025	Senior Women -62kg	QF	621	KIM Gahyeon	KOR	IORSS Kawehi	FPO	PTF	2:1
australian-open-2025	Senior Women -62kg	SF	630	BLEWITT Gabriella	AUS	YOU Songhwa	KOR	PTF	2:0
australian-open-2025	Senior Women -62kg	SF	631	KIM Gahyeon	KOR	CHANG Jui-en	TPE	PTF	2:0
australian-open-2025	Senior Women -62kg	F	636	BLEWITT Gabriella	AUS	KIM Gahyeon	KOR	PTF	2:1
australian-open-2025	Senior Women -67kg	R16	512	OH Ha eun	KOR	YU Hyogyeong	KOR	WDR	1:0
australian-open-2025	Senior Women -67kg	R16	513	CHIU Shao-hsuan	TPE	LEVESTAM Isabella	NZL	PTF	2:0
australian-open-2025	Senior Women -67kg	R16	514	ZHU Yingyue	CHN	REDGRAVE Tate	NZL	WDR	1:0
australian-open-2025	Senior Women -67kg	R16	515	ALRAWASHDEH Razan mohammed	JOR	HYDER Afreen	IND	PTF	2:0
australian-open-2025	Senior Women -67kg	R16	516	BREWSTER Ella	CAN	MEDD Saskia	AUS	PTF	2:0
australian-open-2025	Senior Women -67kg	R16	517	CLARK Mila	AUS	LUKIC Maya	CAN	PTF	2:0
australian-open-2025	Senior Women -67kg	QF	526	SHEHATA Aya	EGY	OH Ha eun	KOR	PTF	2:1
australian-open-2025	Senior Women -67kg	QF	527	CHIU Shao-hsuan	TPE	ZHU Yingyue	CHN	PTF	2:1
australian-open-2025	Senior Women -67kg	QF	528	BREWSTER Ella	CAN	ALRAWASHDEH Razan mohammed	JOR	PTF	2:1
australian-open-2025	Senior Women -67kg	QF	529	HONG Hyo rim	KOR	CLARK Mila	AUS	PTF	2:0
australian-open-2025	Senior Women -67kg	SF	534	SHEHATA Aya	EGY	CHIU Shao-hsuan	TPE	PTF	2:0
australian-open-2025	Senior Women -67kg	SF	535	HONG Hyo rim	KOR	BREWSTER Ella	CAN	PTF	2:0
australian-open-2025	Senior Women -67kg	F	538	HONG Hyo rim	KOR	SHEHATA Aya	EGY	PTF	2:0
australian-open-2025	Senior Women -73kg	R16	115	SABER Dunya bushuaib a	KSA	LOLOHEA Pauline	TGA	PTF	2:0
australian-open-2025	Senior Women -73kg	QF	124	ABO-ALRUB Rama	JOR	SABER Dunya bushuaib a	KSA	PTF	2:0
australian-open-2025	Senior Women -73kg	QF	125	ABELA Rose letizia	AUS	CHAHAL Aisha	AUS	PTF	2:0
australian-open-2025	Senior Women -73kg	QF	126	REGI Margerette maria	IND	CROOK Aria	AUS	PTF	2:0
australian-open-2025	Senior Women -73kg	QF	127	MURRAY Rebecca	AUS	LEE Dabin	KOR	DSQ	1:0
australian-open-2025	Senior Women -73kg	SF	132	ABO-ALRUB Rama	JOR	ABELA Rose letizia	AUS	PTF	2:0
australian-open-2025	Senior Women -73kg	SF	133	MURRAY Rebecca	AUS	REGI Margerette maria	IND	PTF	2:0
australian-open-2025	Senior Women -73kg	F	136	MURRAY Rebecca	AUS	ABO-ALRUB Rama	JOR	PTF	2:1
australian-open-2025	Senior Women +73kg	SF	225	JUNG Sugee	KOR	CHIN I Chun	TPE	PTF	2:0
australian-open-2025	Senior Women +73kg	SF	226	STEWART Reba	AUS	BARUA Rodali	IND	PTF	2:0
australian-open-2025	Senior Women +73kg	F	233	STEWART Reba	AUS	JUNG Sugee	KOR	PTF	2:0
german-open-2025	Senior Men -54kg	R32	702	MOLJ Ozbolt	SLO	SERHALAY Jeremiah	NED	PTF	2:0
german-open-2025	Senior Men -54kg	R32	703	DUBAR Armaan	NED	MIRZA Takrim ahmad	GER	PTF	2:0
german-open-2025	Senior Men -54kg	R32	801	OZKAN Batu yasar	GER	ARMENIO Angelo	ITA	PTF	2:0
german-open-2025	Senior Men -54kg	R32	802	CHRIKI Ilyas	GER	AKRAMI Rohid	GER	PTF	2:0
german-open-2025	Senior Men -54kg	R32	803	BAILEY Thomas	GBR	BRANDT Viktor	SWE	PTF	2:0
german-open-2025	Senior Men -54kg	R32	804	YIGIT Hakan	DEN	RICHTER Lenny rene	GER	PTF	2:1
german-open-2025	Senior Men -54kg	R16	715	ASEM ATA ABU SREE' Moataz bellah	EGY	CHRIKI Ilyas	GER	PTF	2:0
german-open-2025	Senior Men -54kg	R16	716	ROSCA Artiom	MDA	CURVELO Johan	VEN	PTF	2:0
german-open-2025	Senior Men -54kg	R16	717	CONTI Andrea	ITA	MOLJ Ozbolt	SLO	PTF	2:0
german-open-2025	Senior Men -54kg	R16	718	AGENJO TRIGOS Jairo	ESP	DUBAR Armaan	NED	PTF	2:0
german-open-2025	Senior Men -54kg	R16	814	PSARROS Aristeidis nikolaos	GRE	OZKAN Batu yasar	GER	PTF	2:0
german-open-2025	Senior Men -54kg	R16	815	PASHCOVSKY Tom	ISR	BAILEY Thomas	GBR	PTF	2:0
german-open-2025	Senior Men -54kg	R16	816	CAMOGLU Furkan ubeyde	TUR	KOUKOUSOUDIS Evangelos	GER	PTF	2:0
german-open-2025	Senior Men -54kg	R16	817	GEORGIEV Hristiyan	BUL	YIGIT Hakan	DEN	PTF	2:0
german-open-2025	Senior Men -54kg	QF	725	ASEM ATA ABU SREE' Moataz bellah	EGY	ROSCA Artiom	MDA	PTF	2:1
german-open-2025	Senior Men -54kg	QF	726	AGENJO TRIGOS Jairo	ESP	CONTI Andrea	ITA	PTF	2:0
german-open-2025	Senior Men -54kg	QF	824	PASHCOVSKY Tom	ISR	PSARROS Aristeidis nikolaos	GRE	PTF	2:0
german-open-2025	Senior Men -54kg	QF	825	CAMOGLU Furkan ubeyde	TUR	GEORGIEV Hristiyan	BUL	PTF	2:0
german-open-2025	Senior Men -54kg	SF	730	ASEM ATA ABU SREE' Moataz bellah	EGY	AGENJO TRIGOS Jairo	ESP	PTF	2:1
german-open-2025	Senior Men -54kg	SF	829	CAMOGLU Furkan ubeyde	TUR	PASHCOVSKY Tom	ISR	PTF	2:0
german-open-2025	Senior Men -54kg	F	529	CAMOGLU Furkan ubeyde	TUR	ASEM ATA ABU SREE' Moataz bellah	EGY	PTF	2:0
german-open-2025	Senior Men -58kg	R64	301	STEIN Roi	ISR	MISSOSSI BIENVENU Nzamba Nzamba	GAB	PTF	2:0
german-open-2025	Senior Men -58kg	R64	402	HUSSAIN Ibrahim	GBR	REDING Alan je	LUX	PTG	2:0
german-open-2025	Senior Men -58kg	R32	303	IBRAHIM YAHUZA Aliyu	NGR	PATISHI Ori	ISR	PTF	2:1
german-open-2025	Senior Men -58kg	R32	304	GELADZE Vitali	GEO	WASSEM Ahmed	GER	PTF	2:0
german-open-2025	Senior Men -58kg	R32	305	BADEM Yusuf	TUR	STEIN Roi	ISR	PTF	2:0
german-open-2025	Senior Men -58kg	R32	306	KORNEEV Lev	SRB	MEHRABI FAR Amir ali	GER	PTF	2:0
german-open-2025	Senior Men -58kg	R32	307	DIMITROPOULOS Konstantinos	GRE	ARIAN Ehsan	GER	PTF	2:0
german-open-2025	Senior Men -58kg	R32	308	MELO Paulo	BRA	CIRIVELLO Gaetano	ITA	PTF	2:0
german-open-2025	Senior Men -58kg	R32	309	FOTI Giuseppe	ITA	JAMSHIDI Sonil	DEN	PTF	2:0
german-open-2025	Senior Men -58kg	R32	310	MOLJ Domen	SLO	ISIRGAN Ozgur can	TUR	PTF	2:0
german-open-2025	Senior Men -58kg	R32	411	HOEFLING Nicholas	CAN	SHERRATT Alexander	GBR	PTF	2:1
german-open-2025	Senior Men -58kg	R32	412	POLAT Gorkem	TUR	HAMI Muhammed	GER	PTF	2:0
german-open-2025	Senior Men -58kg	R32	413	LAUBHOLD Simon	GER	ABDEL HALIM Khaled	GER	WDR	
german-open-2025	Senior Men -58kg	R32	414	MOLLE Milan	NED	KNECHT Nicolas	GER	PTF	2:0
german-open-2025	Senior Men -58kg	R32	415	GUMUS Feyyaz	GER	NASRAT Hamid	GER	PTF	2:0
german-open-2025	Senior Men -58kg	R32	416	MEHLMANN Daniel	GER	QURBANI Reza	GER	PTF	2:0
german-open-2025	Senior Men -58kg	R32	417	ADEMI Bleron	KOS	FARNES Ricki Gene	DEN	PTF	2:0
german-open-2025	Senior Men -58kg	R32	418	KAPLAN Enes	TUR	HUSSAIN Ibrahim	GBR	PTF	2:0
german-open-2025	Senior Men -58kg	R16	319	BADEM Yusuf	TUR	IBRAHIM YAHUZA Aliyu	NGR	RSC	2:0
german-open-2025	Senior Men -58kg	R16	320	KORNEEV Lev	SRB	GELADZE Vitali	GEO	PTF	2:1
german-open-2025	Senior Men -58kg	R16	321	DIMITROPOULOS Konstantinos	GRE	MELO Paulo	BRA	PTF	2:0
german-open-2025	Senior Men -58kg	R16	322	FOTI Giuseppe	ITA	MOLJ Domen	SLO	PTF	2:0
german-open-2025	Senior Men -58kg	R16	423	POLAT Gorkem	TUR	HOEFLING Nicholas	CAN	PTF	2:0
german-open-2025	Senior Men -58kg	R16	424	MOLLE Milan	NED	LAUBHOLD Simon	GER	PTF	2:0
german-open-2025	Senior Men -58kg	R16	425	GUMUS Feyyaz	GER	MEHLMANN Daniel	GER	PTF	2:0
german-open-2025	Senior Men -58kg	R16	426	KAPLAN Enes	TUR	ADEMI Bleron	KOS	PTF	2:0
german-open-2025	Senior Men -58kg	QF	327	KORNEEV Lev	SRB	BADEM Yusuf	TUR	PTF	2:1
german-open-2025	Senior Men -58kg	QF	328	DIMITROPOULOS Konstantinos	GRE	FOTI Giuseppe	ITA	PTF	2:0
german-open-2025	Senior Men -58kg	QF	429	MOLLE Milan	NED	POLAT Gorkem	TUR	PTF	2:1
german-open-2025	Senior Men -58kg	QF	430	GUMUS Feyyaz	GER	KAPLAN Enes	TUR	PTF	2:1
german-open-2025	Senior Men -58kg	SF	331	KORNEEV Lev	SRB	DIMITROPOULOS Konstantinos	GRE	PTF	2:0
german-open-2025	Senior Men -58kg	SF	432	MOLLE Milan	NED	GUMUS Feyyaz	GER	PTF	2:1
german-open-2025	Senior Men -58kg	F	931	KORNEEV Lev	SRB	MOLLE Milan	NED	PTF	2:0
german-open-2025	Senior Men -63kg	R64	1101	HUERTA Ray	USA	RAYAS Alejandro	USA	DSQ	
german-open-2025	Senior Men -63kg	R64	1102	ULUCAY Can	GER	YOUSUF Shahrukh	GBR	PTF	2:0
german-open-2025	Senior Men -63kg	R64	1103	GENZEL Eitan	ISR	ANDARABI Habil	GER	PTF	2:0
german-open-2025	Senior Men -63kg	R64	1201	TEILMANN Anton boesgaard	DEN	DIARRASSOUBA Adam junior	CIV	PTF	2:0
german-open-2025	Senior Men -63kg	R64	1202	ALLEN Chris	USA	SADID Kaihan	DEN	PTF	2:0
german-open-2025	Senior Men -63kg	R32	1108	VICENTE YUNTA Adrian	ESP	HUERTA Ray	USA	PTF	2:0
german-open-2025	Senior Men -63kg	R32	1109	KHAKSAR Shahram	GER	MILETIC Mateja	SRB	PTF	2:0
german-open-2025	Senior Men -63kg	R32	1110	SUSILUOTO Otto	FIN	YOOSOMSRI Nontawat	GER	PTF	2:0
german-open-2025	Senior Men -63kg	R32	1111	WOOLLEY Jack	IRL	LEMMENS Noah	BEL	PTF	2:0
german-open-2025	Senior Men -63kg	R32	1112	BARETTA Dennis	ITA	ULUCAY Can	GER	PTF	2:0
german-open-2025	Senior Men -63kg	R32	1113	BOUHMIDA Riad	NED	SANTINELLI Christian	ITA	PTF	2:1
german-open-2025	Senior Men -63kg	R32	1114	MIRZOIEV Samir	UKR	BELANOVIC Uros	SRB	PTF	2:0
german-open-2025	Senior Men -63kg	R32	1115	MAEDA Hidetaka	JPN	GENZEL Eitan	ISR	PTF	2:0
german-open-2025	Senior Men -63kg	R32	1207	DAYIOGLU Omer faruk	TUR	TEILMANN Anton boesgaard	DEN	PTF	2:0
german-open-2025	Senior Men -63kg	R32	1208	SETRODIPO Jayden	NED	VAN LIMPT Joep	NED	PTF	2:1
german-open-2025	Senior Men -63kg	R32	1209	FARHAT Mohamed-mahdi s. jawad	CIV	TORGEMAN Ori	ISR	PTF	2:0
german-open-2025	Senior Men -63kg	R32	1210	OZKAYA Imran	GER	ONUS Eren	GER	PTF	2:0
german-open-2025	Senior Men -63kg	R32	1211	CAVUSMAN Emre	GER	CHEN Pen-ren	TPE	PTF	2:0
german-open-2025	Senior Men -63kg	R32	1212	IURLARO Ludovico	ITA	CONTRERAS Aaron	CHI	PTF	2:0
german-open-2025	Senior Men -63kg	R32	1213	ADEMI Valton	KOS	TORKHANI Ibrahim ben ahmed	DEN	PTF	2:1
german-open-2025	Senior Men -63kg	R32	1214	BORGEN Kristian storsul	NOR	ALLEN Chris	USA	PTF	2:0
german-open-2025	Senior Men -63kg	R16	1120	VICENTE YUNTA Adrian	ESP	KHAKSAR Shahram	GER	PTF	2:0
german-open-2025	Senior Men -63kg	R16	1121	WOOLLEY Jack	IRL	SUSILUOTO Otto	FIN	PTF	2:0
german-open-2025	Senior Men -63kg	R16	1122	BOUHMIDA Riad	NED	BARETTA Dennis	ITA	PTF	2:1
german-open-2025	Senior Men -63kg	R16	1123	MIRZOIEV Samir	UKR	MAEDA Hidetaka	JPN	PTF	2:0
german-open-2025	Senior Men -63kg	R16	1219	DAYIOGLU Omer faruk	TUR	SETRODIPO Jayden	NED	WDR	2:0
german-open-2025	Senior Men -63kg	R16	1220	OZKAYA Imran	GER	FARHAT Mohamed-mahdi s. jawad	CIV	PTF	2:0
german-open-2025	Senior Men -63kg	R16	1221	CAVUSMAN Emre	GER	IURLARO Ludovico	ITA	PTF	2:0
german-open-2025	Senior Men -63kg	R16	1222	BORGEN Kristian storsul	NOR	ADEMI Valton	KOS	PTF	2:0
german-open-2025	Senior Men -63kg	QF	1126	VICENTE YUNTA Adrian	ESP	WOOLLEY Jack	IRL	PTF	2:0
german-open-2025	Senior Men -63kg	QF	1127	BOUHMIDA Riad	NED	MIRZOIEV Samir	UKR	PTF	2:1
german-open-2025	Senior Men -63kg	QF	1225	DAYIOGLU Omer faruk	TUR	OZKAYA Imran	GER	PTF	2:0
german-open-2025	Senior Men -63kg	QF	1226	BORGEN Kristian storsul	NOR	CAVUSMAN Emre	GER	PTF	2:0
german-open-2025	Senior Men -63kg	SF	1129	VICENTE YUNTA Adrian	ESP	BOUHMIDA Riad	NED	PTF	2:0
german-open-2025	Senior Men -63kg	SF	1228	BORGEN Kristian storsul	NOR	DAYIOGLU Omer faruk	TUR	PTF	2:0
german-open-2025	Senior Men -63kg	F	434	BORGEN Kristian storsul	NOR	VICENTE YUNTA Adrian	ESP	WDR	
german-open-2025	Senior Men -68kg	R64	302	SIDIBE Mohamed kambory	CIV	NICOLAE Sarbu	ROU	PTF	2:1
german-open-2025	Senior Men -68kg	R64	401	KRIVISHKIY Nimrod	ISR	HUSSAIN Ishaq	GBR	PTG	2:0
german-open-2025	Senior Men -68kg	R32	311	BYSTROV Volodymyr	UKR	BOON Joram	NED	PTG	2:0
german-open-2025	Senior Men -68kg	R32	312	JAKOBSEN Carl cai brink	DEN	HUSSEIN Ulat	GER	PTF	2:1
german-open-2025	Senior Men -68kg	R32	313	COULIBALY Sekou	LUX	LAUCEVIČIUS Tadas	LTU	PTF	2:0
german-open-2025	Senior Men -68kg	R32	314	HYTTEL Tobias	DEN	YILMAZ Bugra	GER	RSC	1:0
german-open-2025	Senior Men -68kg	R32	315	RECBER Hakan	TUR	ANOUAR Chriki	GER	PTF	2:0
german-open-2025	Senior Men -68kg	R32	316	TIRANVALIPOUR Hadi	TRT	ZEHETNER Felix	AUT	PTF	2:0
german-open-2025	Senior Men -68kg	R32	317	KAVTARADZE Beka	GEO	DZHORDZHEV Aleksandar	BUL	PTF	2:0
german-open-2025	Senior Men -68kg	R32	318	KRAJISNIK Zarko	SRB	SIDIBE Mohamed kambory	CIV	PTF	2:0
german-open-2025	Senior Men -68kg	R32	403	HAKOBYAN Hrach	GER	STAU HANSEN Max	DEN	PTF	2:0
german-open-2025	Senior Men -68kg	R32	404	PANAGOPOULOS Apostolos	GRE	NEYI Esrom	TRT	PTF	2:0
german-open-2025	Senior Men -68kg	R32	405	ERER Berkay	TUR	KRIVISHKIY Nimrod	ISR	PTF	2:0
german-open-2025	Senior Men -68kg	R32	406	SETTA Hamad	DEN	PARUZEK Krystof	CZE	PTF	2:0
german-open-2025	Senior Men -68kg	R32	407	OLIVERO TORO Cristian	CHI	TIPECSKA Michael	GER	PTG	2:0
german-open-2025	Senior Men -68kg	R32	408	CALIK Enis	GER	SADAT S. asadullah	GER	PTF	2:0
german-open-2025	Senior Men -68kg	R32	409	VAN VULPEN Jesse	NED	ADILOVIC Muhammed Fatih	TUR	PTF	2:0
german-open-2025	Senior Men -68kg	R32	410	STAMENOV Stefan	BUL	MEYER Leon	GER	PTF	2:0
german-open-2025	Senior Men -68kg	R16	323	JAKOBSEN Carl cai brink	DEN	BYSTROV Volodymyr	UKR	PTF	2:1
german-open-2025	Senior Men -68kg	R16	324	HYTTEL Tobias	DEN	COULIBALY Sekou	LUX	PTF	2:0
german-open-2025	Senior Men -68kg	R16	325	RECBER Hakan	TUR	TIRANVALIPOUR Hadi	TRT	PTF	2:0
german-open-2025	Senior Men -68kg	R16	326	KAVTARADZE Beka	GEO	KRAJISNIK Zarko	SRB	PTF	2:1
german-open-2025	Senior Men -68kg	R16	419	ERER Berkay	TUR	HAKOBYAN Hrach	GER	PTF	2:0
german-open-2025	Senior Men -68kg	R16	420	PANAGOPOULOS Apostolos	GRE	SETTA Hamad	DEN	PTF	2:0
german-open-2025	Senior Men -68kg	R16	421	OLIVERO TORO Cristian	CHI	CALIK Enis	GER	PTF	2:0
german-open-2025	Senior Men -68kg	R16	422	VAN VULPEN Jesse	NED	STAMENOV Stefan	BUL	PTF	2:1
german-open-2025	Senior Men -68kg	QF	329	HYTTEL Tobias	DEN	JAKOBSEN Carl cai brink	DEN	PTF	2:0
german-open-2025	Senior Men -68kg	QF	330	KAVTARADZE Beka	GEO	RECBER Hakan	TUR	PTF	2:0
german-open-2025	Senior Men -68kg	QF	427	ERER Berkay	TUR	PANAGOPOULOS Apostolos	GRE	PTF	2:0
german-open-2025	Senior Men -68kg	QF	428	OLIVERO TORO Cristian	CHI	VAN VULPEN Jesse	NED	PTF	2:0
german-open-2025	Senior Men -68kg	SF	332	HYTTEL Tobias	DEN	KAVTARADZE Beka	GEO	PTF	2:0
german-open-2025	Senior Men -68kg	SF	431	ERER Berkay	TUR	OLIVERO TORO Cristian	CHI	PTF	2:0
german-open-2025	Senior Men -68kg	F	831	ERER Berkay	TUR	HYTTEL Tobias	DEN	PTF	2:0
german-open-2025	Senior Men -74kg	R32	906	GOGOBERIDZE Nika	GEO	LOTT Liam	GER	PTF	2:1
german-open-2025	Senior Men -74kg	R32	907	MANGIONE Angelo	ITA	EL HAJ KHALIL Mohamad	GER	PTF	2:0
german-open-2025	Senior Men -74kg	R32	908	KAVURAT Ferhat can	TUR	FLOUSKOUNIS Charalampos	GRE	PTF	2:0
german-open-2025	Senior Men -74kg	R32	909	QUESADA BARRERA Daniel	ESP	FERAD Alpay	NED	PTF	2:0
german-open-2025	Senior Men -74kg	R32	910	KOUAME Jean ezechiel	CIV	BARBARI Mahdi	GER	PTF	2:0
german-open-2025	Senior Men -74kg	R32	911	MORADI Erfan	TRT	AGUSHI Elion	KOS	PTF	2:0
german-open-2025	Senior Men -74kg	R32	1005	SPICK Maximilian	GER	SKJOLBERG Sebastian	NOR	PTF	2:0
german-open-2025	Senior Men -74kg	R32	1006	BALLE Christian	DEN	PONTES Edival	BRA	PTF	2:1
german-open-2025	Senior Men -74kg	R32	1007	SITTEK Tomas	CZE	VAN DER MEER Sjoerd	NED	PTF	2:0
german-open-2025	Senior Men -74kg	R32	1008	DAWOUD Omer	DEN	LINDLEY Matthew	GBR	PTF	2:0
german-open-2025	Senior Men -74kg	R32	1009	VESTERLUND Linus	SWE	BILGIN Efe	GER	PTF	2:0
german-open-2025	Senior Men -74kg	R32	1010	MIRZOIEV Simur	UKR	CAMMAERTS Andes	BEL	PTF	2:0
german-open-2025	Senior Men -74kg	R16	918	RODRIGUES Victor	USA	GOGOBERIDZE Nika	GEO	PTF	2:0
german-open-2025	Senior Men -74kg	R16	919	MANGIONE Angelo	ITA	KAVURAT Ferhat can	TUR	PTF	2:0
german-open-2025	Senior Men -74kg	R16	920	QUESADA BARRERA Daniel	ESP	KOUAME Jean ezechiel	CIV	PTF	2:0
german-open-2025	Senior Men -74kg	R16	921	JORGENSEN Otto	DEN	MORADI Erfan	TRT	PTF	2:0
german-open-2025	Senior Men -74kg	R16	1017	TAKOV Stefan	SRB	SPICK Maximilian	GER	PTF	2:0
german-open-2025	Senior Men -74kg	R16	1018	SITTEK Tomas	CZE	BALLE Christian	DEN	PTF	2:0
german-open-2025	Senior Men -74kg	R16	1019	DAWOUD Omer	DEN	VESTERLUND Linus	SWE	PTF	2:0
german-open-2025	Senior Men -74kg	R16	1020	MIRZOIEV Simur	UKR	POLAT Mehmet Kani	TUR	PTF	2:0
german-open-2025	Senior Men -74kg	QF	926	RODRIGUES Victor	USA	MANGIONE Angelo	ITA	PTF	2:0
german-open-2025	Senior Men -74kg	QF	927	JORGENSEN Otto	DEN	QUESADA BARRERA Daniel	ESP	PTF	2:1
german-open-2025	Senior Men -74kg	QF	1025	TAKOV Stefan	SRB	SITTEK Tomas	CZE	PTF	2:0
german-open-2025	Senior Men -74kg	QF	1026	DAWOUD Omer	DEN	MIRZOIEV Simur	UKR	PTF	2:1
german-open-2025	Senior Men -74kg	SF	930	RODRIGUES Victor	USA	JORGENSEN Otto	DEN	PTF	2:0
german-open-2025	Senior Men -74kg	SF	1029	TAKOV Stefan	SRB	DAWOUD Omer	DEN	PTF	2:0
german-open-2025	Senior Men -74kg	F	531	RODRIGUES Victor	USA	TAKOV Stefan	SRB	PTF	2:0
german-open-2025	Senior Men -80kg	R32	901	BREGNBALLE Emil	DEN	CHEURF Massinissa	ALG	WDR	1:0
german-open-2025	Senior Men -80kg	R32	902	KILIC Yigithan	TUR	STAVROPOULOS Theoharys	GBR	PTF	2:0
german-open-2025	Senior Men -80kg	R32	903	CABRERA Davyd	USA	HOERMANN Vincent	GER	PTF	2:0
german-open-2025	Senior Men -80kg	R32	904	CAMMAERTS Troy	BEL	COLAK Nayan can	GER	PTF	2:0
german-open-2025	Senior Men -80kg	R32	905	SAHIN Muhammed Enes	TUR	LAWSON Matheo	TOG	PTF	2:0
german-open-2025	Senior Men -80kg	R32	1001	DZHORDZHEV Mitko	BUL	HISENI Luan	GER	PTF	2:0
german-open-2025	Senior Men -80kg	R32	1002	YILDIZ Muhammed emin	TUR	GUMUS Kaan	GER	PTF	2:0
german-open-2025	Senior Men -80kg	R32	1003	ROBLETO David	NCA	PATEL Nikhil	GBR	PTF	2:0
german-open-2025	Senior Men -80kg	R32	1004	ARIK Hasan	TUR	NIKS Pascal	NED	PTF	2:0
german-open-2025	Senior Men -80kg	R16	914	CHURCHILL MARTINEZ Joaquin	CHI	BREGNBALLE Emil	DEN	PTF	2:0
german-open-2025	Senior Men -80kg	R16	915	KILIC Yigithan	TUR	CABRERA Davyd	USA	PTF	2:0
german-open-2025	Senior Men -80kg	R16	916	CHARALAMBOUS Evangelos	CYP	CAMMAERTS Troy	BEL	PTF	2:0
german-open-2025	Senior Men -80kg	R16	917	SAHIN Muhammed Enes	TUR	ODINAEV Rustam	SRB	PTF	2:0
german-open-2025	Senior Men -80kg	R16	1013	DZHORDZHEV Mitko	BUL	KOSTENEVYCH Kostiantyn	UKR	PTF	2:0
german-open-2025	Senior Men -80kg	R16	1014	YILDIZ Muhammed emin	TUR	WEIDUM Dion	NED	PTF	2:0
german-open-2025	Senior Men -80kg	R16	1015	ROBLETO David	NCA	THUNE Sebastian	NOR	PTF	2:0
german-open-2025	Senior Men -80kg	R16	1016	PAPADOPOULOS Ioannis	GRE	ARIK Hasan	TUR	PTF	2:0
german-open-2025	Senior Men -80kg	QF	924	CHURCHILL MARTINEZ Joaquin	CHI	KILIC Yigithan	TUR	PTF	2:1
german-open-2025	Senior Men -80kg	QF	925	CHARALAMBOUS Evangelos	CYP	SAHIN Muhammed Enes	TUR	PTF	2:1
german-open-2025	Senior Men -80kg	QF	1023	DZHORDZHEV Mitko	BUL	YILDIZ Muhammed emin	TUR	PTF	2:0
german-open-2025	Senior Men -80kg	QF	1024	PAPADOPOULOS Ioannis	GRE	ROBLETO David	NCA	PTF	2:1
german-open-2025	Senior Men -80kg	SF	929	CHURCHILL MARTINEZ Joaquin	CHI	CHARALAMBOUS Evangelos	CYP	PTF	2:1
german-open-2025	Senior Men -80kg	SF	1028	PAPADOPOULOS Ioannis	GRE	DZHORDZHEV Mitko	BUL	WDR	1:0
german-open-2025	Senior Men -80kg	F	933	CHURCHILL MARTINEZ Joaquin	CHI	PAPADOPOULOS Ioannis	GRE	WDR	
german-open-2025	Senior Men -87kg	R16	707	BRANTUŠA Roko	CRO	MOKHTARI Mohammad	TRT	PTF	2:1
german-open-2025	Senior Men -87kg	R16	708	STOJANOVIC Stefan	SRB	KOOP Dmytro	GER	PTF	2:0
german-open-2025	Senior Men -87kg	R16	709	ATESLI Orkun	TUR	CIPLAK Selim	GER	RSC	2:0
german-open-2025	Senior Men -87kg	R16	710	THOLIOTIS Vasileios	GRE	BALCIUNAS Gabijus	LTU	PTF	2:0
german-open-2025	Senior Men -87kg	R16	807	JOCHMAN Adam	CZE	CORNELIUS Quentin	GER	PTF	2:0
german-open-2025	Senior Men -87kg	R16	808	AMER ALI Hassan	DEN	DAWARA Abdulrahman	GER	PTF	2:0
german-open-2025	Senior Men -87kg	R16	809	ORDEMANN Richard andre	NOR	FRONDA Sandro	SWE	PTF	2:0
german-open-2025	Senior Men -87kg	QF	721	ALESSIO Simone	ITA	BRANTUŠA Roko	CRO	PTF	2:0
german-open-2025	Senior Men -87kg	QF	722	ATESLI Orkun	TUR	STOJANOVIC Stefan	SRB	PTF	2:0
german-open-2025	Senior Men -87kg	QF	820	THOLIOTIS Vasileios	GRE	JOCHMAN Adam	CZE	PTF	2:0
german-open-2025	Senior Men -87kg	QF	821	ORDEMANN Richard andre	NOR	AMER ALI Hassan	DEN	PTF	2:0
german-open-2025	Senior Men -87kg	SF	728	ALESSIO Simone	ITA	ATESLI Orkun	TUR	PTF	2:0
german-open-2025	Senior Men -87kg	SF	827	ORDEMANN Richard andre	NOR	THOLIOTIS Vasileios	GRE	PTF	2:0
german-open-2025	Senior Men -87kg	F	436	ORDEMANN Richard andre	NOR	ALESSIO Simone	ITA	PTF	2:0
german-open-2025	Senior Men +87kg	R32	701	NEWMAN Mauricio	USA	UNGER Justin	GER	PTF	2:1
german-open-2025	Senior Men +87kg	R16	711	NEWMAN Mauricio	USA	GARCIA MARTINEZ Ivan	ESP	WDR	
german-open-2025	Senior Men +87kg	R16	712	POLLET Manuel	BEL	DIVKOVIC Patrik	SLO	PTF	2:1
german-open-2025	Senior Men +87kg	R16	713	DEMIRCIOGLU Huseyin berat	TUR	RUDERMAN Ilia	ISR	PTF	2:0
german-open-2025	Senior Men +87kg	R16	714	BICER Enbiya taha	TUR	BRINK Kevin	SWE	PTF	2:0
german-open-2025	Senior Men +87kg	R16	810	ESSAM MOHIUDDIN Abdullah	EGY	LEBEL Aubert	CAN	PTF	2:1
german-open-2025	Senior Men +87kg	R16	811	DE ANGELIS Matteo	ITA	KUECUEKSUNGUR Kerim	GER	PTF	2:0
german-open-2025	Senior Men +87kg	R16	812	MOLIN Mattia	ITA	ATESLI Emre kutalmis	TUR	WDR	
german-open-2025	Senior Men +87kg	R16	813	ABBASIPOUYA Abolfazl	GER	MICHOPOULOS Sotirios	GRE	PTF	2:0
german-open-2025	Senior Men +87kg	QF	723	POLLET Manuel	BEL	NEWMAN Mauricio	USA	PTF	2:0
german-open-2025	Senior Men +87kg	QF	724	DEMIRCIOGLU Huseyin berat	TUR	BICER Enbiya taha	TUR	WDR	1:0
german-open-2025	Senior Men +87kg	QF	822	DE ANGELIS Matteo	ITA	ESSAM MOHIUDDIN Abdullah	EGY	PTF	2:1
german-open-2025	Senior Men +87kg	QF	823	ABBASIPOUYA Abolfazl	GER	MOLIN Mattia	ITA	PTF	2:0
german-open-2025	Senior Men +87kg	SF	729	DEMIRCIOGLU Huseyin berat	TUR	POLLET Manuel	BEL	PTF	2:0
german-open-2025	Senior Men +87kg	SF	828	ABBASIPOUYA Abolfazl	GER	DE ANGELIS Matteo	ITA	PTF	2:0
german-open-2025	Senior Men +87kg	F	833	ABBASIPOUYA Abolfazl	GER	DEMIRCIOGLU Huseyin berat	TUR	PTF	2:0
german-open-2025	Senior Women -46kg	R32	101	ARAYAN Nur	GER	RODRIGUEZ Noelia	GER	PTF	2:0
german-open-2025	Senior Women -46kg	R32	102	SETTA Sara tarik abu	DEN	AHO Sophia	USA	PTF	2:0
german-open-2025	Senior Women -46kg	R32	202	OZKEN Aleyna	GER	KRANEPUHL Nadira Stella	GER	PTG	2:0
german-open-2025	Senior Women -46kg	R16	114	BERTAGNIN Elisa	ITA	ARAYAN Nur	GER	PTF	2:0
german-open-2025	Senior Women -46kg	R16	115	BAYECH Rivka	ISR	UZUN Sarah	NED	PTF	2:0
german-open-2025	Senior Women -46kg	R16	116	TAMMILA Ida-elina	FIN	FUCHS Gaia	ISR	PTF	2:0
german-open-2025	Senior Women -46kg	R16	117	GEORGIOU Melina	GRE	KARAOGLAN Medine	GER	PTF	2:0
german-open-2025	Senior Women -46kg	R16	213	GOGEBAKAN Emine	TUR	SETTA Sara tarik abu	DEN	PTF	2:0
german-open-2025	Senior Women -46kg	R16	214	BRAJOVIC Iva	SRB	KODAMAN Helin	GER	PTF	2:0
german-open-2025	Senior Women -46kg	R16	215	STURARI Alessia	ITA	GALIERO Giulia	ITA	PTF	2:1
german-open-2025	Senior Women -46kg	R16	216	MAKAS Dzejla	BIH	OZKEN Aleyna	GER	PTF	2:0
german-open-2025	Senior Women -46kg	QF	124	BAYECH Rivka	ISR	BERTAGNIN Elisa	ITA	PTF	2:0
german-open-2025	Senior Women -46kg	QF	125	GEORGIOU Melina	GRE	TAMMILA Ida-elina	FIN	PTF	2:0
german-open-2025	Senior Women -46kg	QF	223	GOGEBAKAN Emine	TUR	BRAJOVIC Iva	SRB	PTF	2:0
german-open-2025	Senior Women -46kg	QF	224	STURARI Alessia	ITA	MAKAS Dzejla	BIH	PTF	2:0
german-open-2025	Senior Women -46kg	SF	129	BAYECH Rivka	ISR	GEORGIOU Melina	GRE	PTF	2:0
german-open-2025	Senior Women -46kg	SF	228	GOGEBAKAN Emine	TUR	STURARI Alessia	ITA	PTF	2:0
german-open-2025	Senior Women -46kg	F	433	GOGEBAKAN Emine	TUR	BAYECH Rivka	ISR	PTF	2:1
german-open-2025	Senior Women -49kg	R32	201	GOMEZ RAMIREZ Isidora	CHI	ABEDALSALAM Mariam	DEN	PTF	2:0
german-open-2025	Senior Women -49kg	R16	110	KISSKALT Supharada	GER	GOMEZ RAMIREZ Isidora	CHI	PTF	2:0
german-open-2025	Senior Women -49kg	R16	111	DIAZ ARRIBAS Violeta	ESP	MILIC Milica	SRB	PTF	2:0
german-open-2025	Senior Women -49kg	R16	112	KONE Nabintou	CIV	CURA Yezda	GER	PTF	2:0
german-open-2025	Senior Women -49kg	R16	113	DAN (DANSHYNA) Oleksandra	ISR	RAMO Jenna	FIN	PTF	2:0
german-open-2025	Senior Women -49kg	R16	209	AKGUL Elif sude	TUR	MAKAS Ejla	BIH	PTF	2:0
german-open-2025	Senior Women -49kg	R16	210	GEORGIEVA Aleksandra	BUL	VIEN Filippa	SWE	PTF	2:0
german-open-2025	Senior Women -49kg	R16	211	GURBUZ Hayrunnisa	TUR	QUESADA Jordan	USA	PTF	2:0
german-open-2025	Senior Women -49kg	R16	212	PARNIAN Noori	IRI	NOORI Zargunna	GER	PTF	2:0
german-open-2025	Senior Women -49kg	QF	122	KISSKALT Supharada	GER	DIAZ ARRIBAS Violeta	ESP	PTF	2:0
german-open-2025	Senior Women -49kg	QF	123	DAN (DANSHYNA) Oleksandra	ISR	KONE Nabintou	CIV	PTF	2:0
german-open-2025	Senior Women -49kg	QF	221	AKGUL Elif sude	TUR	GEORGIEVA Aleksandra	BUL	PTF	2:0
german-open-2025	Senior Women -49kg	QF	222	GURBUZ Hayrunnisa	TUR	PARNIAN Noori	IRI	PTF	2:0
german-open-2025	Senior Women -49kg	SF	128	KISSKALT Supharada	GER	DAN (DANSHYNA) Oleksandra	ISR	PTF	2:0
german-open-2025	Senior Women -49kg	SF	227	AKGUL Elif sude	TUR	GURBUZ Hayrunnisa	TUR	PTF	2:0
german-open-2025	Senior Women -49kg	F	830	KISSKALT Supharada	GER	AKGUL Elif sude	TUR	WDR	1:0
german-open-2025	Senior Women -53kg	R32	103	JIANG Yi-shan	TPE	SUSILUOTO Inari	FIN	PTF	2:0
german-open-2025	Senior Women -53kg	R32	104	NESHER Yarden	ISR	MAYER Leonie	GER	PTF	2:0
german-open-2025	Senior Women -53kg	R32	105	VIGDOR Ariel	ISR	FREDERIKSEN Julie thusgaaard	DEN	PTF	2:0
german-open-2025	Senior Women -53kg	R32	106	ASIMI Adiba	GER	BOUISENGAREN Firdaous	NED	PTF	2:0
german-open-2025	Senior Women -53kg	R32	107	KINGSLEY Lily	GBR	BARKOK Noussaiba	GER	PTF	2:0
german-open-2025	Senior Women -53kg	R32	108	WAEVERSTROM Signe wendt	DEN	GLAZKOV Stephanie	GER	PTF	2:0
german-open-2025	Senior Women -53kg	R32	109	AVDAGIC Ada	BIH	SYLTHE Therese	NOR	PTF	2:0
german-open-2025	Senior Women -53kg	R32	203	SEMBERG Abishag	ISR	QALIKHANI Elham	GER	PTF	2:0
german-open-2025	Senior Women -53kg	R32	204	KAMKASOUMPHOU Maysane	FRA	WEBER Logan	USA	PTF	2:0
german-open-2025	Senior Women -53kg	R32	205	FRASSICA Anna	ITA	GARCIA MARQUINA Sofia	ESP	PTF	2:0
german-open-2025	Senior Women -53kg	R32	206	KAMKASOUMPHOU Leyna	FRA	PATEL Rhianna	GBR	PTF	2:0
german-open-2025	Senior Women -53kg	R32	207	MATONTI Ilenia elisabetta	ITA	KRIM Sayine	FRA	PTF	2:0
german-open-2025	Senior Women -53kg	R32	208	CASTILLO Karoline Stephanie	PAN	BILLQVIST Felicia	SWE	PTF	2:1
german-open-2025	Senior Women -53kg	R16	118	KHATTAB Jana	EGY	JIANG Yi-shan	TPE	PTF	2:0
german-open-2025	Senior Women -53kg	R16	119	NESHER Yarden	ISR	VIGDOR Ariel	ISR	PTF	2:0
german-open-2025	Senior Women -53kg	R16	120	ASIMI Adiba	GER	KINGSLEY Lily	GBR	PTF	2:0
german-open-2025	Senior Women -53kg	R16	121	AVDAGIC Ada	BIH	WAEVERSTROM Signe wendt	DEN	PTF	2:0
german-open-2025	Senior Women -53kg	R16	217	DINCEL KAVURAT Merve	TUR	SEMBERG Abishag	ISR	PTF	2:0
german-open-2025	Senior Women -53kg	R16	218	FRASSICA Anna	ITA	KAMKASOUMPHOU Maysane	FRA	PTF	2:1
german-open-2025	Senior Women -53kg	R16	219	MATONTI Ilenia elisabetta	ITA	KAMKASOUMPHOU Leyna	FRA	PTF	2:1
german-open-2025	Senior Women -53kg	R16	220	BOKAN Andrea	SRB	CASTILLO Karoline Stephanie	PAN	PTF	2:0
german-open-2025	Senior Women -53kg	QF	126	KHATTAB Jana	EGY	NESHER Yarden	ISR	PTF	2:0
german-open-2025	Senior Women -53kg	QF	127	AVDAGIC Ada	BIH	ASIMI Adiba	GER	PTF	2:0
german-open-2025	Senior Women -53kg	QF	225	DINCEL KAVURAT Merve	TUR	FRASSICA Anna	ITA	PTF	2:0
german-open-2025	Senior Women -53kg	QF	226	BOKAN Andrea	SRB	MATONTI Ilenia elisabetta	ITA	PTF	2:0
german-open-2025	Senior Women -53kg	SF	131	KHATTAB Jana	EGY	AVDAGIC Ada	BIH	PTF	2:0
german-open-2025	Senior Women -53kg	SF	229	BOKAN Andrea	SRB	DINCEL KAVURAT Merve	TUR	WDR	
german-open-2025	Senior Women -53kg	F	530	KHATTAB Jana	EGY	BOKAN Andrea	SRB	PTF	2:0
german-open-2025	Senior Women -57kg	R32	507	AYDIN Ela	GER	GHANNAM Maria	DEN	PTF	2:0
german-open-2025	Senior Women -57kg	R32	508	KOSTENEVYCH Darya	UKR	MALMGREN Ellinor	SWE	PTF	2:0
german-open-2025	Senior Women -57kg	R32	509	DILER Ruya	TUR	RIBITSCH Viktoria	GER	PTF	2:0
german-open-2025	Senior Women -57kg	R32	510	UZUNCAVDAR Sila irmak	TUR	KARLSSON Alma friis	DEN	PTF	2:0
german-open-2025	Senior Women -57kg	R32	511	REZAIE Roja	GER	PEZZOLLA Lucia	ITA	PTF	2:0
german-open-2025	Senior Women -57kg	R32	512	TZELI Fani	GRE	MUSICKI Jovana	SRB	PTF	2:1
german-open-2025	Senior Women -57kg	R32	513	HRONOVA Dominika	CZE	SATTARI Zahra	CAN	PTF	2:0
german-open-2025	Senior Women -57kg	R32	514	ILGUN Hatice kubra	TUR	KAMKASOUMPHOU Alliyah	FRA	PTF	2:0
german-open-2025	Senior Women -57kg	R32	607	FOGED Rosmarin pietak	DEN	KHORSHIDI Aida	TRT	PTF	2:1
german-open-2025	Senior Women -57kg	R32	608	WOLF Jessica	GER	CUMUR Azra	GER	PTF	2:0
german-open-2025	Senior Women -57kg	R32	609	CISSE Mariama	CIV	KAADACH Sophia jusra	DEN	PTF	2:1
german-open-2025	Senior Women -57kg	R32	610	ROVITHIS Anastasia	GER	POLAT Ilay	GER	PTF	2:0
german-open-2025	Senior Women -57kg	R32	611	BANGURA Aisha	GER	VAN PASSEL Amelie	BEL	PTF	2:1
german-open-2025	Senior Women -57kg	R32	612	STEINKUELER Frieda margarethe	GER	HANSEN Kaja husby	NOR	PTF	2:1
german-open-2025	Senior Women -57kg	R32	613	RODRIGUEZ Laura	ESP	MEIŠTININKAITĖ Gerda	LTU	PTF	2:0
german-open-2025	Senior Women -57kg	R16	519	AYDIN Ela	GER	AL HALWANI Giada	ITA	PTF	2:0
german-open-2025	Senior Women -57kg	R16	520	DILER Ruya	TUR	KOSTENEVYCH Darya	UKR	PTF	2:0
german-open-2025	Senior Women -57kg	R16	521	REZAIE Roja	GER	UZUNCAVDAR Sila irmak	TUR	PTF	2:0
german-open-2025	Senior Women -57kg	R16	522	HRONOVA Dominika	CZE	TZELI Fani	GRE	PTF	2:0
german-open-2025	Senior Women -57kg	R16	618	ILGUN Hatice kubra	TUR	FOGED Rosmarin pietak	DEN	PTF	2:0
german-open-2025	Senior Women -57kg	R16	619	WOLF Jessica	GER	CISSE Mariama	CIV	PTF	2:0
german-open-2025	Senior Women -57kg	R16	620	ROVITHIS Anastasia	GER	BANGURA Aisha	GER	PTF	2:1
german-open-2025	Senior Women -57kg	R16	621	RODRIGUEZ Laura	ESP	STEINKUELER Frieda margarethe	GER	PTF	2:0
german-open-2025	Senior Women -57kg	QF	525	DILER Ruya	TUR	AYDIN Ela	GER	PTF	2:0
german-open-2025	Senior Women -57kg	QF	526	REZAIE Roja	GER	HRONOVA Dominika	CZE	PTF	2:0
german-open-2025	Senior Women -57kg	QF	624	ILGUN Hatice kubra	TUR	WOLF Jessica	GER	PTF	2:0
german-open-2025	Senior Women -57kg	QF	625	RODRIGUEZ Laura	ESP	ROVITHIS Anastasia	GER	PTF	2:0
german-open-2025	Senior Women -57kg	SF	528	DILER Ruya	TUR	REZAIE Roja	GER	PTF	2:1
german-open-2025	Senior Women -57kg	SF	627	ILGUN Hatice kubra	TUR	RODRIGUEZ Laura	ESP	PTF	2:0
german-open-2025	Senior Women -57kg	F	932	ILGUN Hatice kubra	TUR	DILER Ruya	TUR	PTF	2:0
german-open-2025	Senior Women -62kg	R32	501	HUESCH Angelina	GER	PRZYGODA Alina	GER	PTF	2:0
german-open-2025	Senior Women -62kg	R32	502	SIRIN Dilara	TUR	BECKER Nele	GER	PTF	2:0
german-open-2025	Senior Women -62kg	R32	503	SAVKOVIC Nadja	SRB	MURRAY Kayla	IRL	PTF	2:0
german-open-2025	Senior Women -62kg	R32	504	KOMATINA Andrea	MNE	ILONA RASNA Adam	COM	PTF	2:0
german-open-2025	Senior Women -62kg	R32	505	SENYURT Aleyna	TUR	INHULSEN Kendra	GER	PTF	2:0
german-open-2025	Senior Women -62kg	R32	506	SARVANAKI Theopoula	GRE	ATANASOVA Martina	BUL	PTF	2:0
german-open-2025	Senior Women -62kg	R32	601	FLEGROVA Hana	CZE	ANDERSSON Tindra	SWE	PTF	2:0
german-open-2025	Senior Women -62kg	R32	602	YIGITALP Hatice pinar	TUR	BALCI Edanur	GER	PTF	2:0
german-open-2025	Senior Women -62kg	R32	603	IBO Koumba nanah-helene	CIV	BECK Antonia	GER	PTF	2:0
german-open-2025	Senior Women -62kg	R32	604	GOEBEL Laura	GER	MANGIONE Anthea	ITA	PTF	2:0
german-open-2025	Senior Women -62kg	R32	605	GJELSVIK Karoline	NOR	GUZEL Sila	GER	PTF	2:0
german-open-2025	Senior Women -62kg	R32	606	RUCINSKI Viktoria	GER	CHRISTY Beth	GBR	PTF	2:1
german-open-2025	Senior Women -62kg	R16	515	CAKAL Sevval	TUR	HUESCH Angelina	GER	PTF	2:0
german-open-2025	Senior Women -62kg	R16	516	SAVKOVIC Nadja	SRB	SIRIN Dilara	TUR	PTF	2:0
german-open-2025	Senior Women -62kg	R16	517	SENYURT Aleyna	TUR	KOMATINA Andrea	MNE	PTF	2:0
german-open-2025	Senior Women -62kg	R16	518	MARTON Viviana	HUN	SARVANAKI Theopoula	GRE	PTF	2:0
german-open-2025	Senior Women -62kg	R16	614	STOLBOVA Petra	CZE	FLEGROVA Hana	CZE	PTF	2:0
german-open-2025	Senior Women -62kg	R16	615	IBO Koumba nanah-helene	CIV	YIGITALP Hatice pinar	TUR	PTF	2:1
german-open-2025	Senior Women -62kg	R16	616	GOEBEL Laura	GER	GJELSVIK Karoline	NOR	PTF	2:0
german-open-2025	Senior Women -62kg	R16	617	RUCINSKI Viktoria	GER	ORTIZ BENITO Arlet	ESP	PTF	2:0
german-open-2025	Senior Women -62kg	QF	523	CAKAL Sevval	TUR	SAVKOVIC Nadja	SRB	PTF	2:0
german-open-2025	Senior Women -62kg	QF	524	MARTON Viviana	HUN	SENYURT Aleyna	TUR	PTF	2:0
german-open-2025	Senior Women -62kg	QF	622	STOLBOVA Petra	CZE	IBO Koumba nanah-helene	CIV	PTF	2:0
german-open-2025	Senior Women -62kg	QF	623	GOEBEL Laura	GER	RUCINSKI Viktoria	GER	PTF	2:1
german-open-2025	Senior Women -62kg	SF	527	MARTON Viviana	HUN	CAKAL Sevval	TUR	PTF	2:0
german-open-2025	Senior Women -62kg	SF	626	STOLBOVA Petra	CZE	GOEBEL Laura	GER	PTF	2:0
german-open-2025	Senior Women -62kg	F	435	MARTON Viviana	HUN	STOLBOVA Petra	CZE	PTF	2:0
german-open-2025	Senior Women -67kg	R32	1104	MARTON Luana	HUN	WARZECHA Alina	GER	PTF	2:0
german-open-2025	Senior Women -67kg	R32	1105	MAGGIORE Giulia	ITA	DOLT Nora	USA	PTF	2:0
german-open-2025	Senior Women -67kg	R32	1106	TVARONAVICIUTE Klaudija	LTU	GALLARDO Claudia	CHI	PTF	2:0
german-open-2025	Senior Women -67kg	R32	1107	ZAFER Isil	TUR	LO Chia-ling	TPE	PTF	2:0
german-open-2025	Senior Women -67kg	R32	1203	BISMIR Salma	DEN	FABER Isabelle	LUX	PTF	2:1
german-open-2025	Senior Women -67kg	R32	1204	GENCER Sila Nur	TUR	PETROVIC Iva	SRB	PTF	2:0
german-open-2025	Senior Women -67kg	R32	1205	PAVLENKO Alisa	UKR	NILSEN Mari romundset	NOR	PTF	2:0
german-open-2025	Senior Women -67kg	R32	1206	BAUER Caroline	GER	EHLERT Johanna Emilia Hedwig	GER	PTF	2:0
german-open-2025	Senior Women -67kg	R16	1116	MARENTAKI Styliani	GRE	MARTON Luana	HUN	PTF	2:1
german-open-2025	Senior Women -67kg	R16	1117	MAGGIORE Giulia	ITA	FREDERIKSEN Kathrine kamp nordentoft	DEN	PTF	2:0
german-open-2025	Senior Women -67kg	R16	1118	KOERNDL Vanessa	GER	TVARONAVICIUTE Klaudija	LTU	PTF	2:0
german-open-2025	Senior Women -67kg	R16	1119	TITONELI Milena	BRA	ZAFER Isil	TUR	PTF	2:0
german-open-2025	Senior Women -67kg	R16	1215	ANYANACHO Elizabeth oluchi	NGR	BISMIR Salma	DEN	PTF	2:0
german-open-2025	Senior Women -67kg	R16	1216	KANOUTE Iman	MLI	GENCER Sila Nur	TUR	PTF	2:1
german-open-2025	Senior Women -67kg	R16	1217	PAVLENKO Alisa	UKR	KAYIR Ikra	TUR	PTF	2:1
german-open-2025	Senior Women -67kg	R16	1218	SHEHATA Aya	EGY	BAUER Caroline	GER	PTF	2:0
german-open-2025	Senior Women -67kg	QF	1124	MARENTAKI Styliani	GRE	MAGGIORE Giulia	ITA	PTF	2:0
german-open-2025	Senior Women -67kg	QF	1125	TITONELI Milena	BRA	KOERNDL Vanessa	GER	PTF	2:0
german-open-2025	Senior Women -67kg	QF	1223	ANYANACHO Elizabeth oluchi	NGR	KANOUTE Iman	MLI	PTF	2:0
german-open-2025	Senior Women -67kg	QF	1224	SHEHATA Aya	EGY	PAVLENKO Alisa	UKR	PTF	2:1
german-open-2025	Senior Women -67kg	SF	1128	MARENTAKI Styliani	GRE	TITONELI Milena	BRA	PTF	2:0
german-open-2025	Senior Women -67kg	SF	1227	SHEHATA Aya	EGY	ANYANACHO Elizabeth oluchi	NGR	PTF	2:1
german-open-2025	Senior Women -67kg	F	832	MARENTAKI Styliani	GRE	SHEHATA Aya	EGY	PTF	2:0
german-open-2025	Senior Women -73kg	R16	912	RUDOLF Nika	SLO	ANDERSEN Jasmin	DEN	PTF	2:1
german-open-2025	Senior Women -73kg	R16	913	MINK Amy	NED	HOERMANN Emily	GER	PTF	2:0
german-open-2025	Senior Women -73kg	R16	1011	KOSEOGLU Elifnaz	TUR	JIRANKOVA Iveta	CZE	PTF	2:0
german-open-2025	Senior Women -73kg	R16	1012	SEELE Lisa-marie	GER	HUTZEN Hanna	GER	PTF	2:1
german-open-2025	Senior Women -73kg	QF	922	UZUNCAVDAR Sude yaren	TUR	RUDOLF Nika	SLO	PTF	2:0
german-open-2025	Senior Women -73kg	QF	923	OSSIN Kimi laurene	CIV	MINK Amy	NED	PTF	2:0
german-open-2025	Senior Women -73kg	QF	1021	MORAN ROMERO Belen	ESP	KOSEOGLU Elifnaz	TUR	PTF	2:0
german-open-2025	Senior Women -73kg	QF	1022	BOZANIC Nadica	SRB	SEELE Lisa-marie	GER	PTF	2:0
german-open-2025	Senior Women -73kg	SF	928	UZUNCAVDAR Sude yaren	TUR	OSSIN Kimi laurene	CIV	PTF	2:0
german-open-2025	Senior Women -73kg	SF	1027	MORAN ROMERO Belen	ESP	BOZANIC Nadica	SRB	PTF	2:1
german-open-2025	Senior Women -73kg	F	532	UZUNCAVDAR Sude yaren	TUR	MORAN ROMERO Belen	ESP	PTF	2:1
german-open-2025	Senior Women +73kg	R16	704	KAVUKCUOGLU Zehra begum	TUR	CIUCHITU Ana	ITA	PTF	2:1
german-open-2025	Senior Women +73kg	R16	705	KLOOSTERMAN Famke	NED	CHEURF Zahra	ALG	PTF	2:0
german-open-2025	Senior Women +73kg	R16	706	KECK Hannah	USA	DUTTON Chloe	GBR	PTF	2:0
german-open-2025	Senior Women +73kg	R16	805	HUSOVIC Esmeralda	GER	KURKAC Ilayda	GER	PTF	2:0
german-open-2025	Senior Women +73kg	R16	806	CHTIOUI Hafsa liana	DEN	HAWASH Dania	SWE	PTF	2:0
german-open-2025	Senior Women +73kg	QF	719	CASTINEIRA Tania	ESP	KAVUKCUOGLU Zehra begum	TUR	PTF	2:1
german-open-2025	Senior Women +73kg	QF	720	KLOOSTERMAN Famke	NED	KECK Hannah	USA	PTF	2:1
german-open-2025	Senior Women +73kg	QF	818	HUSOVIC Esmeralda	GER	KUS AYDIN Nafia	TUR	WDR	
german-open-2025	Senior Women +73kg	QF	819	ALADE Naomi	USA	CHTIOUI Hafsa liana	DEN	PTF	2:0
german-open-2025	Senior Women +73kg	SF	727	CASTINEIRA Tania	ESP	KLOOSTERMAN Famke	NED	PTF	2:0
german-open-2025	Senior Women +73kg	SF	826	ALADE Naomi	USA	HUSOVIC Esmeralda	GER	PTF	2:0
german-open-2025	Senior Women +73kg	F	934	ALADE Naomi	USA	CASTINEIRA Tania	ESP	PTF	2:1
wuxi-grand-slam-challenge-2025	Senior Men -80kg	R64	101	MAMOUDOU Ibrahim	TOG	ROMMEL DIAZ Luis ricardo	PER	PTF	2:0
wuxi-grand-slam-challenge-2025	Senior Men -80kg	R64	102	WANG Weihao	CHN	KIM Taewook	KOR	PTF	2:1
wuxi-grand-slam-challenge-2025	Senior Men -80kg	R64	103	GASHI Jon	KOS	DA SILVA SANTIAGO Fabio junior	BRA	PTF	2:0
wuxi-grand-slam-challenge-2025	Senior Men -80kg	R64	104	SONG Minseok	KOR	SWEENEY Liam	AUS	PTF	2:1
wuxi-grand-slam-challenge-2025	Senior Men -80kg	R64	105	ZU Jianwei	CHN	BARAL Abhishek	NEP	PTF	2:0
wuxi-grand-slam-challenge-2025	Senior Men -80kg	R64	106	KANGYEON Seo	KOR	VYSOTIN Nikita	AIN	PTF	2:1
wuxi-grand-slam-challenge-2025	Senior Men -80kg	R64	107	ANDRADE HERRERA Hassani	PER	LU Jianchao	CHN	PTF	2:0
wuxi-grand-slam-challenge-2025	Senior Men -80kg	R64	108	CHO Hwanju	KOR	ZHAO Haolan	CHN	PTF	2:0
wuxi-grand-slam-challenge-2025	Senior Men -80kg	R64	201	JUNSANG Park	KOR	JI Xintong	CHN	PTF	2:0
wuxi-grand-slam-challenge-2025	Senior Men -80kg	R64	202	HUSIC Nedzad	BIH	HUSIC Benjamin	BIH	PTF	2:0
wuxi-grand-slam-challenge-2025	Senior Men -80kg	R64	203	XIANG Qizhang	CHN	WANG Mingming	CHN	PTF	2:0
wuxi-grand-slam-challenge-2025	Senior Men -80kg	R64	204	MEIRELLES DA COSTA Arthur	BRA	BHANDARI Aashis	NEP	PTF	2:0
wuxi-grand-slam-challenge-2025	Senior Men -80kg	R64	205	MYTAREV Artem	AIN	AN Seung-jun	KOR	PTF	2:0
wuxi-grand-slam-challenge-2025	Senior Men -80kg	R64	206	SLEPOV Stepan	AIN	FLOUSKOUNIS Charalampos	GRE	PTF	2:0
wuxi-grand-slam-challenge-2025	Senior Men -80kg	R64	207	JUNG Jihoo	KOR	QUESADA BARRERA Daniel	ESP	WDR	
wuxi-grand-slam-challenge-2025	Senior Men -80kg	R64	301	MUN Seunghun	KOR	SAHITI Mal	KOS	PTF	2:0
wuxi-grand-slam-challenge-2025	Senior Men -80kg	R64	302	MILAN CANOVAS Juan antonio	ESP	SI Yufan	CHN	PTF	2:0
wuxi-grand-slam-challenge-2025	Senior Men -80kg	R64	303	LI Yang	CHN	SHIN Mincheol	KOR	PTF	2:0
wuxi-grand-slam-challenge-2025	Senior Men -80kg	R64	304	RUIZ DOMENECH Ramon	ESP	JIAO Yapeng	CHN	PTF	2:1
wuxi-grand-slam-challenge-2025	Senior Men -80kg	R64	305	GONZALEZ Alejandro	PUR	KO Hyeonseung	KOR	PTF	2:0
wuxi-grand-slam-challenge-2025	Senior Men -80kg	R64	306	KIM Hyun-woo	KOR	LIU Suhong	CHN	PTF	2:1
wuxi-grand-slam-challenge-2025	Senior Men -80kg	R64	307	KORPE Omer furkan	TUR	KILIC Yigithan	TUR	PTF	2:1
wuxi-grand-slam-challenge-2025	Senior Men -80kg	R64	401	PARK Jae won	KOR	WANG Kaijie	CHN	PTF	2:1
wuxi-grand-slam-challenge-2025	Senior Men -80kg	R64	402	PAPADOPOULOS Ioannis	GRE	CAI Zhaoxun	CHN	PTF	2:1
wuxi-grand-slam-challenge-2025	Senior Men -80kg	R64	403	TREJOS SALAS Miguel	COL	FANG Zeyu	CHN	PTF	2:0
wuxi-grand-slam-challenge-2025	Senior Men -80kg	R64	404	GATIIATULLIN Timur	AIN	PRAKASH Nipesh	FIJ	PTF	2:0
wuxi-grand-slam-challenge-2025	Senior Men -80kg	R64	405	KIM Yongju	KOR	DAVIDSON Michael	GHA	PTF	2:0
wuxi-grand-slam-challenge-2025	Senior Men -80kg	R64	406	PARK Minho	KOR	SEO Kang-eun	KOR	PTF	2:0
wuxi-grand-slam-challenge-2025	Senior Men -80kg	R64	407	KANG Jaegwon	KOR	MORADI Erfan	TRT	PTF	2:0
wuxi-grand-slam-challenge-2025	Senior Men -80kg	R32	117	HUSIC Nedzad	BIH	MILAN CANOVAS Juan antonio	ESP	PTF	2:0
wuxi-grand-slam-challenge-2025	Senior Men -80kg	R32	118	MEIRELLES DA COSTA Arthur	BRA	RUIZ DOMENECH Ramon	ESP	PTF	2:0
wuxi-grand-slam-challenge-2025	Senior Men -80kg	R32	119	SLEPOV Stepan	AIN	KANGYEON Seo	KOR	PTF	2:0
wuxi-grand-slam-challenge-2025	Senior Men -80kg	R32	120	KINTSURASHVILI Zurab	GEO	CHO Hwanju	KOR	PTF	2:0
wuxi-grand-slam-challenge-2025	Senior Men -80kg	R32	216	SEO Geon-woo	KOR	MAMOUDOU Ibrahim	TOG	PTF	2:0
wuxi-grand-slam-challenge-2025	Senior Men -80kg	R32	217	GASHI Jon	KOS	PAPADOPOULOS Ioannis	GRE	PTF	2:1
wuxi-grand-slam-challenge-2025	Senior Men -80kg	R32	218	CHURCHILL MARTINEZ Joaquin	CHI	GATIIATULLIN Timur	AIN	PTF	2:0
wuxi-grand-slam-challenge-2025	Senior Men -80kg	R32	219	PARK Minho	KOR	KIM Hyun-woo	KOR	PTF	2:0
wuxi-grand-slam-challenge-2025	Senior Men -80kg	R32	316	JUNSANG Park	KOR	MUN Seunghun	KOR	PTF	2:0
wuxi-grand-slam-challenge-2025	Senior Men -80kg	R32	317	LI Yang	CHN	XIANG Qizhang	CHN	PTF	2:0
wuxi-grand-slam-challenge-2025	Senior Men -80kg	R32	318	MYTAREV Artem	AIN	ZU Jianwei	CHN	PTF	2:0
wuxi-grand-slam-challenge-2025	Senior Men -80kg	R32	319	ANDRADE HERRERA Hassani	PER	JUNG Jihoo	KOR	PTF	2:0
wuxi-grand-slam-challenge-2025	Senior Men -80kg	R32	416	PARK Jae won	KOR	WANG Weihao	CHN	PTF	2:0
wuxi-grand-slam-challenge-2025	Senior Men -80kg	R32	417	TREJOS SALAS Miguel	COL	SONG Minseok	KOR	PTF	2:0
wuxi-grand-slam-challenge-2025	Senior Men -80kg	R32	418	KIM Yongju	KOR	GONZALEZ Alejandro	PUR	PTF	2:1
wuxi-grand-slam-challenge-2025	Senior Men -80kg	R32	419	KANG Jaegwon	KOR	KORPE Omer furkan	TUR	PTF	2:0
wuxi-grand-slam-challenge-2025	Senior Men -80kg	R16	125	MEIRELLES DA COSTA Arthur	BRA	TREJOS SALAS Miguel	COL	PTF	2:0
wuxi-grand-slam-challenge-2025	Senior Men -80kg	R16	126	KANG Jaegwon	KOR	KINTSURASHVILI Zurab	GEO	WDR	2:1
wuxi-grand-slam-challenge-2025	Senior Men -80kg	R16	224	JUNSANG Park	KOR	SEO Geon-woo	KOR	PTF	2:1
wuxi-grand-slam-challenge-2025	Senior Men -80kg	R16	225	CHURCHILL MARTINEZ Joaquin	CHI	MYTAREV Artem	AIN	PTF	2:0
wuxi-grand-slam-challenge-2025	Senior Men -80kg	R16	324	PARK Jae won	KOR	HUSIC Nedzad	BIH	PTF	2:0
wuxi-grand-slam-challenge-2025	Senior Men -80kg	R16	325	SLEPOV Stepan	AIN	KIM Yongju	KOR	PTF	2:0
wuxi-grand-slam-challenge-2025	Senior Men -80kg	R16	424	GASHI Jon	KOS	LI Yang	CHN	PTF	2:0
wuxi-grand-slam-challenge-2025	Senior Men -80kg	R16	425	PARK Minho	KOR	ANDRADE HERRERA Hassani	PER	PTF	2:1
wuxi-grand-slam-challenge-2025	Senior Men -80kg	QF	129	KANG Jaegwon	KOR	PARK Minho	KOR	PTF	2:0
wuxi-grand-slam-challenge-2025	Senior Men -80kg	QF	228	JUNSANG Park	KOR	PARK Jae won	KOR	PTF	2:0
wuxi-grand-slam-challenge-2025	Senior Men -80kg	QF	328	MEIRELLES DA COSTA Arthur	BRA	GASHI Jon	KOS	PTF	2:0
wuxi-grand-slam-challenge-2025	Senior Men -80kg	QF	428	SLEPOV Stepan	AIN	CHURCHILL MARTINEZ Joaquin	CHI	PTF	2:0
wuxi-grand-slam-challenge-2025	Senior Men -80kg	SF	230	JUNSANG Park	KOR	MEIRELLES DA COSTA Arthur	BRA	PTF	2:0
wuxi-grand-slam-challenge-2025	Senior Men -80kg	SF	330	KANG Jaegwon	KOR	SLEPOV Stepan	AIN	PTF	2:0
wuxi-grand-slam-challenge-2025	Senior Men -80kg	BR	432	MEIRELLES DA COSTA Arthur	BRA	SLEPOV Stepan	AIN	PTF	2:1
wuxi-grand-slam-challenge-2025	Senior Men -80kg	F	435	KANG Jaegwon	KOR	JUNSANG Park	KOR	PTF	2:0
wuxi-grand-slam-challenge-2025	Senior Women -49kg	R64	109	BAT-ERDENE Uchral	MGL	KADEWERE Britney chipo	ZIM	PTF	2:0
wuxi-grand-slam-challenge-2025	Senior Women -49kg	R64	208	QIU Wenting	CHN	ARMAH Henrietta	GHA	PTF	2:0
wuxi-grand-slam-challenge-2025	Senior Women -49kg	R64	308	LU Qiuyi	CHN	RAI Santoshi	NEP	PTF	2:0
wuxi-grand-slam-challenge-2025	Senior Women -49kg	R64	408	LEE Joo kyoung	KOR	CRISOSTOMO Ana	PER	PTF	2:0
wuxi-grand-slam-challenge-2025	Senior Women -49kg	R32	113	MAKAS Ejla	BIH	TAMBYRAJAH Saffron	AUS	PTF	2:0
wuxi-grand-slam-challenge-2025	Senior Women -49kg	R32	114	LU Qiuyi	CHN	MAKAS Dzejla	BIH	PTF	2:0
wuxi-grand-slam-challenge-2025	Senior Women -49kg	R32	115	MEDVEDEVA Galina	AIN	KIM Minseo	KOR	PTF	2:0
wuxi-grand-slam-challenge-2025	Senior Women -49kg	R32	116	BEKULOVA Milana	AIN	BAT-ERDENE Uchral	MGL	PTF	2:0
wuxi-grand-slam-challenge-2025	Senior Women -49kg	R32	212	LEE Yumin	KOR	QIU Wenting	CHN	PTF	2:0
wuxi-grand-slam-challenge-2025	Senior Women -49kg	R32	213	GEORGIOU Melina	GRE	CHO Yunseo	KOR	PTF	2:0
wuxi-grand-slam-challenge-2025	Senior Women -49kg	R32	214	CEREZO IGLESIAS Adriana	ESP	LEE Joo kyoung	KOR	PTF	2:1
wuxi-grand-slam-challenge-2025	Senior Women -49kg	R32	215	YE Xiaoting	CHN	MAHATO Isha	NEP	PTF	2:0
wuxi-grand-slam-challenge-2025	Senior Women -49kg	R32	312	GRIPPOLI GAGLIARDO Maria sara	URU	LAM Siu wai	HKG	PTF	2:1
wuxi-grand-slam-challenge-2025	Senior Women -49kg	R32	313	FU Xiaolu	CHN	WANG Xiaolu	CHN	PTF	2:0
wuxi-grand-slam-challenge-2025	Senior Women -49kg	R32	314	WANG Shiyi	CHN	SUAREZ ESCOBEDO Alessandra	PER	PTF	2:1
wuxi-grand-slam-challenge-2025	Senior Women -49kg	R32	315	ZHU Jingyu	CHN	BAUYRZHANOVA Nuray	KAZ	PTF	2:0
wuxi-grand-slam-challenge-2025	Senior Women -49kg	R32	412	GARCIA MARQUINA Sofia	ESP	MUNKHTUGS Suvd-erdene	MGL	PTF	2:0
wuxi-grand-slam-challenge-2025	Senior Women -49kg	R32	413	FERLA Ana Clara	BRA	SHIN Su-in	KOR	PTF	2:0
wuxi-grand-slam-challenge-2025	Senior Women -49kg	R32	414	ZHANG Qintong	CHN	LINAN PARDO Naiara	AND	PTF	2:0
wuxi-grand-slam-challenge-2025	Senior Women -49kg	R32	415	ZUO JU	CHN	DHAHRI Ikram	TUN	PTF	2:0
wuxi-grand-slam-challenge-2025	Senior Women -49kg	R16	123	LU Qiuyi	CHN	FERLA Ana Clara	BRA	PTF	2:0
wuxi-grand-slam-challenge-2025	Senior Women -49kg	R16	124	ZUO JU	CHN	BEKULOVA Milana	AIN	PTF	2:0
wuxi-grand-slam-challenge-2025	Senior Women -49kg	R16	222	LEE Yumin	KOR	GRIPPOLI GAGLIARDO Maria sara	URU	PTF	2:0
wuxi-grand-slam-challenge-2025	Senior Women -49kg	R16	223	CEREZO IGLESIAS Adriana	ESP	WANG Shiyi	CHN	PTF	2:0
wuxi-grand-slam-challenge-2025	Senior Women -49kg	R16	322	GARCIA MARQUINA Sofia	ESP	MAKAS Ejla	BIH	PTF	2:0
wuxi-grand-slam-challenge-2025	Senior Women -49kg	R16	323	MEDVEDEVA Galina	AIN	ZHANG Qintong	CHN	PTF	2:0
wuxi-grand-slam-challenge-2025	Senior Women -49kg	R16	422	FU Xiaolu	CHN	GEORGIOU Melina	GRE	PTF	2:0
wuxi-grand-slam-challenge-2025	Senior Women -49kg	R16	423	YE Xiaoting	CHN	ZHU Jingyu	CHN	PTF	2:1
wuxi-grand-slam-challenge-2025	Senior Women -49kg	QF	128	ZUO JU	CHN	YE Xiaoting	CHN	PTF	2:0
wuxi-grand-slam-challenge-2025	Senior Women -49kg	QF	227	LEE Yumin	KOR	GARCIA MARQUINA Sofia	ESP	PTF	2:0
wuxi-grand-slam-challenge-2025	Senior Women -49kg	QF	327	FU Xiaolu	CHN	LU Qiuyi	CHN	PTF	2:0
wuxi-grand-slam-challenge-2025	Senior Women -49kg	QF	427	MEDVEDEVA Galina	AIN	CEREZO IGLESIAS Adriana	ESP	PTF	2:1
wuxi-grand-slam-challenge-2025	Senior Women -49kg	SF	130	ZUO JU	CHN	MEDVEDEVA Galina	AIN	PTF	2:1
wuxi-grand-slam-challenge-2025	Senior Women -49kg	SF	429	FU Xiaolu	CHN	LEE Yumin	KOR	PTF	2:0
wuxi-grand-slam-challenge-2025	Senior Women -49kg	BR	431	LEE Yumin	KOR	MEDVEDEVA Galina	AIN	PTF	2:0
wuxi-grand-slam-challenge-2025	Senior Women -49kg	F	434	FU Xiaolu	CHN	ZUO JU	CHN	PTF	2:0
wuxi-grand-slam-challenge-2025	Senior Men +80kg	R32	110	LI Yuanyang	CHN	TROITINO AMOEDO Sergio	ESP	PTF	2:0
wuxi-grand-slam-challenge-2025	Senior Men +80kg	R32	111	YANG Junyoung	KOR	ATESLI Orkun	TUR	WDR	1:0
wuxi-grand-slam-challenge-2025	Senior Men +80kg	R32	112	WANG Yaoxi	CHN	ATESLI Emre kutalmis	TUR	PTF	2:0
wuxi-grand-slam-challenge-2025	Senior Men +80kg	R32	209	OH Jihoon	KOR	STEWART Jobe	AUS	PTF	2:1
wuxi-grand-slam-challenge-2025	Senior Men +80kg	R32	210	SALAEV Shukhrat	UZB	LI Mingsi	CHN	PTF	2:0
wuxi-grand-slam-challenge-2025	Senior Men +80kg	R32	211	ZHURABOEV Yodgorbek	UZB	LEE Hwan	KOR	PTF	2:1
wuxi-grand-slam-challenge-2025	Senior Men +80kg	R32	309	CHOI Unseo	KOR	MICHOPOULOS Sotirios	GRE	PTF	2:1
wuxi-grand-slam-challenge-2025	Senior Men +80kg	R32	310	KIM Woojin	KOR	LIU Zhaoyang	CHN	PTF	2:0
wuxi-grand-slam-challenge-2025	Senior Men +80kg	R32	311	PARK Woo hyeok	KOR	IFAOUI Motaz	TUN	PTF	2:0
wuxi-grand-slam-challenge-2025	Senior Men +80kg	R32	409	DIALLO Ibrahima	GUI	NUCI Erol	BIH	PTF	2:1
wuxi-grand-slam-challenge-2025	Senior Men +80kg	R32	410	MOKHTARI Mohammad	TRT	GOMIS Paivou johnouario	GBS	PTF	2:0
wuxi-grand-slam-challenge-2025	Senior Men +80kg	R32	411	THOLIOTIS Vasileios	GRE	ZENG Weitao	CHN	PTF	2:1
wuxi-grand-slam-challenge-2025	Senior Men +80kg	R16	121	KABLAN Beibarys	KAZ	KIM Woojin	KOR	PTF	2:1
wuxi-grand-slam-challenge-2025	Senior Men +80kg	R16	122	WANG Yaoxi	CHN	AIUKAEV Rafail	AIN	PTF	2:1
wuxi-grand-slam-challenge-2025	Senior Men +80kg	R16	220	SANSORES Carlos	MEX	OH Jihoon	KOR	PTF	2:0
wuxi-grand-slam-challenge-2025	Senior Men +80kg	R16	221	LARIN Vladislav	AIN	MOKHTARI Mohammad	TRT	PTF	2:0
wuxi-grand-slam-challenge-2025	Senior Men +80kg	R16	320	DIALLO Ibrahima	GUI	CHOI Unseo	KOR	PTF	2:0
wuxi-grand-slam-challenge-2025	Senior Men +80kg	R16	321	ZHURABOEV Yodgorbek	UZB	YANG Junyoung	KOR	PTF	2:0
wuxi-grand-slam-challenge-2025	Senior Men +80kg	R16	420	SALAEV Shukhrat	UZB	LI Yuanyang	CHN	PTF	2:0
wuxi-grand-slam-challenge-2025	Senior Men +80kg	R16	421	PARK Woo hyeok	KOR	THOLIOTIS Vasileios	GRE	PTF	2:0
wuxi-grand-slam-challenge-2025	Senior Men +80kg	QF	127	PARK Woo hyeok	KOR	WANG Yaoxi	CHN	WDR	2:0
wuxi-grand-slam-challenge-2025	Senior Men +80kg	QF	226	SANSORES Carlos	MEX	DIALLO Ibrahima	GUI	PTF	2:0
wuxi-grand-slam-challenge-2025	Senior Men +80kg	QF	326	KABLAN Beibarys	KAZ	SALAEV Shukhrat	UZB	PTF	2:0
wuxi-grand-slam-challenge-2025	Senior Men +80kg	QF	426	LARIN Vladislav	AIN	ZHURABOEV Yodgorbek	UZB	PTF	2:0
wuxi-grand-slam-challenge-2025	Senior Men +80kg	SF	229	SANSORES Carlos	MEX	KABLAN Beibarys	KAZ	PTF	2:1
wuxi-grand-slam-challenge-2025	Senior Men +80kg	SF	329	PARK Woo hyeok	KOR	LARIN Vladislav	AIN	PTF	2:0
wuxi-grand-slam-challenge-2025	Senior Men +80kg	BR	430	LARIN Vladislav	AIN	KABLAN Beibarys	KAZ	PTF	2:0
wuxi-grand-slam-challenge-2025	Senior Men +80kg	F	433	PARK Woo hyeok	KOR	SANSORES Carlos	MEX	PTF	2:0
wuxi-grand-slam-challenge-2025	Senior Men -58kg	R64	103	HUANG Kefen	CHN	LAFRATTI Maximo	ARG	PTF	2:1
wuxi-grand-slam-challenge-2025	Senior Men -58kg	R64	104	BARRETO Raymiguel	PER	BERO Tatenda justice	ZIM	PTF	2:0
wuxi-grand-slam-challenge-2025	Senior Men -58kg	R64	203	HAN Chulho	KOR	HEO Jae hyuk	KOR	PTF	2:0
wuxi-grand-slam-challenge-2025	Senior Men -58kg	R64	204	SMITH Noah	NZL	BOUASSA TANDIALA Jonathan	CGO	PTF	2:0
wuxi-grand-slam-challenge-2025	Senior Men -58kg	R64	302	YANG Shuo	CHN	GREGORY-HUNT Ashton-lee	NZL	PTF	2:0
wuxi-grand-slam-challenge-2025	Senior Men -58kg	R64	303	BIST Sumit	NEP	SUN Tianqi	CHN	PTF	2:0
wuxi-grand-slam-challenge-2025	Senior Men -58kg	R64	304	HE Yunjie	CHN	MORENO ALVAREZ Franco javier	PER	PTF	2:0
wuxi-grand-slam-challenge-2025	Senior Men -58kg	R64	402	JIN Sehun	KOR	WANG Nuoyan	CHN	PTF	2:0
wuxi-grand-slam-challenge-2025	Senior Men -58kg	R64	403	YOO Seong chan	KOR	FANG Zheng	CHN	PTF	2:0
wuxi-grand-slam-challenge-2025	Senior Men -58kg	R64	404	CHEN Qiyin	CHN	XU Wenbo	CHN	PTF	2:0
wuxi-grand-slam-challenge-2025	Senior Men -58kg	R32	112	PARK Tae-joon	KOR	YANG Shuo	CHN	PTF	2:0
wuxi-grand-slam-challenge-2025	Senior Men -58kg	R32	113	KIM Jongmyeong	KOR	HAN Chulho	KOR	PTF	2:0
wuxi-grand-slam-challenge-2025	Senior Men -58kg	R32	114	YANG Huichan	KOR	YOO Seong chan	KOR	PTF	2:1
wuxi-grand-slam-challenge-2025	Senior Men -58kg	R32	115	FRAILE RODRIGUEZ Jesus	ESP	SMITH Noah	NZL	PTF	2:0
wuxi-grand-slam-challenge-2025	Senior Men -58kg	R32	212	CHENG Kai	CHN	BALAKHNEEV Dmitriy	AIN	PTF	2:0
wuxi-grand-slam-challenge-2025	Senior Men -58kg	R32	213	GELADZE Vitali	GEO	YU Junsong	CHN	DSQ	
wuxi-grand-slam-challenge-2025	Senior Men -58kg	R32	214	PARK Min kyu	KOR	CHEN Jiacheng	CHN	PTF	2:0
wuxi-grand-slam-challenge-2025	Senior Men -58kg	R32	215	OTAJONOV Omonjon	UZB	HE Yunjie	CHN	PTF	2:0
wuxi-grand-slam-challenge-2025	Senior Men -58kg	R32	312	JIN Sehun	KOR	QIAN Jiacai	CHN	PTF	2:0
wuxi-grand-slam-challenge-2025	Senior Men -58kg	R32	313	DJONKO Ibrahim	BIH	PUMA Jose	PER	PTF	2:1
wuxi-grand-slam-challenge-2025	Senior Men -58kg	R32	314	DIAWARA Abdoul aziz aboubacar	GUI	YONDONJAMTS Purevdash	MGL	PTF	2:0
wuxi-grand-slam-challenge-2025	Senior Men -58kg	R32	315	HUANG Jincheng	CHN	YENSEGENOV Yerkebulan	KAZ	PTF	2:0
wuxi-grand-slam-challenge-2025	Senior Men -58kg	R32	412	HUANG Kefen	CHN	MANSUROV Kamronbek	UZB	PTF	2:1
wuxi-grand-slam-challenge-2025	Senior Men -58kg	R32	413	MELO Paulo	BRA	BIST Sumit	NEP	PTF	2:0
wuxi-grand-slam-challenge-2025	Senior Men -58kg	R32	414	DIMITROPOULOS Konstantinos	GRE	BARRETO Raymiguel	PER	PTF	2:0
wuxi-grand-slam-challenge-2025	Senior Men -58kg	R32	415	BADEM Yusuf	TUR	CHEN Qiyin	CHN	PTF	2:0
wuxi-grand-slam-challenge-2025	Senior Men -58kg	R16	120	PARK Tae-joon	KOR	CHENG Kai	CHN	PTF	2:0
wuxi-grand-slam-challenge-2025	Senior Men -58kg	R16	121	PARK Min kyu	KOR	YANG Huichan	KOR	PTF	2:1
wuxi-grand-slam-challenge-2025	Senior Men -58kg	R16	220	HUANG Kefen	CHN	JIN Sehun	KOR	PTF	2:0
wuxi-grand-slam-challenge-2025	Senior Men -58kg	R16	221	DIMITROPOULOS Konstantinos	GRE	DIAWARA Abdoul aziz aboubacar	GUI	PTF	2:0
wuxi-grand-slam-challenge-2025	Senior Men -58kg	R16	320	KIM Jongmyeong	KOR	GELADZE Vitali	GEO	PTF	2:1
wuxi-grand-slam-challenge-2025	Senior Men -58kg	R16	321	FRAILE RODRIGUEZ Jesus	ESP	OTAJONOV Omonjon	UZB	PTF	2:1
wuxi-grand-slam-challenge-2025	Senior Men -58kg	R16	420	MELO Paulo	BRA	DJONKO Ibrahim	BIH	PTF	2:0
wuxi-grand-slam-challenge-2025	Senior Men -58kg	R16	421	HUANG Jincheng	CHN	BADEM Yusuf	TUR	PTF	2:0
wuxi-grand-slam-challenge-2025	Senior Men -58kg	QF	124	PARK Tae-joon	KOR	HUANG Kefen	CHN	PTF	2:1
wuxi-grand-slam-challenge-2025	Senior Men -58kg	QF	224	KIM Jongmyeong	KOR	MELO Paulo	BRA	PTF	2:1
wuxi-grand-slam-challenge-2025	Senior Men -58kg	QF	324	PARK Min kyu	KOR	DIMITROPOULOS Konstantinos	GRE	PTF	2:0
wuxi-grand-slam-challenge-2025	Senior Men -58kg	QF	424	FRAILE RODRIGUEZ Jesus	ESP	HUANG Jincheng	CHN	PTF	2:0
wuxi-grand-slam-challenge-2025	Senior Men -58kg	SF	126	PARK Tae-joon	KOR	KIM Jongmyeong	KOR	PTF	2:1
wuxi-grand-slam-challenge-2025	Senior Men -58kg	SF	226	FRAILE RODRIGUEZ Jesus	ESP	PARK Min kyu	KOR	PTF	2:1
wuxi-grand-slam-challenge-2025	Senior Men -58kg	BR	428	PARK Min kyu	KOR	KIM Jongmyeong	KOR	PTF	2:0
wuxi-grand-slam-challenge-2025	Senior Men -58kg	F	431	PARK Tae-joon	KOR	FRAILE RODRIGUEZ Jesus	ESP	WDR	
wuxi-grand-slam-challenge-2025	Senior Women -57kg	R64	101	LIU Fangxin	CHN	SMAGINA Eva	AIN	PTF	2:1
wuxi-grand-slam-challenge-2025	Senior Women -57kg	R64	102	YANG Sitong	CHN	ROSIN Pheline	NZL	PTF	2:0
wuxi-grand-slam-challenge-2025	Senior Women -57kg	R64	201	KUSHCH Anna	AIN	KIM Hajin	KOR	PTF	2:0
wuxi-grand-slam-challenge-2025	Senior Women -57kg	R64	202	SEO Yeowon	KOR	KHORSHIDI Aida	TRT	PTF	2:0
wuxi-grand-slam-challenge-2025	Senior Women -57kg	R64	301	KUCHINA Viktorya	AIN	DANIEL Melina	USA	PTF	2:0
wuxi-grand-slam-challenge-2025	Senior Women -57kg	R64	401	LEE Hyebin	KOR	KIM Nagyeong	KOR	PTF	2:1
wuxi-grand-slam-challenge-2025	Senior Women -57kg	R32	108	KIM Gahyeon	KOR	LIU Fangxin	CHN	PTF	2:0
wuxi-grand-slam-challenge-2025	Senior Women -57kg	R32	109	XU Yinuo	CHN	KUSHCH Anna	AIN	PTF	2:0
wuxi-grand-slam-challenge-2025	Senior Women -57kg	R32	110	PEREZ PARRADO Alma maria	ESP	LEE Hyebin	KOR	PTF	2:0
wuxi-grand-slam-challenge-2025	Senior Women -57kg	R32	111	BLIZNIAKOVA Margarita	AIN	KIM Yurin	KOR	PTF	2:0
wuxi-grand-slam-challenge-2025	Senior Women -57kg	R32	208	DAI Zongyuan	CHN	HERBERTSON Reyna	AUS	PTF	2:0
wuxi-grand-slam-challenge-2025	Senior Women -57kg	R32	209	KIM Siwoo	KOR	HANSEN Kaja husby	NOR	PTF	2:0
wuxi-grand-slam-challenge-2025	Senior Women -57kg	R32	210	ABDUVALIEVA Shabona	UZB	HAMZIC Dzejna	BIH	PTF	2:0
wuxi-grand-slam-challenge-2025	Senior Women -57kg	R32	211	SEVOSTYANOVA Mariya	KAZ	GASHI Rona	KOS	PTF	2:0
wuxi-grand-slam-challenge-2025	Senior Women -57kg	R32	308	RODRIGUEZ MARQUINA Laura	ESP	CACERES GONZALES Camila	PER	PTF	2:0
wuxi-grand-slam-challenge-2025	Senior Women -57kg	R32	309	SANG Yiyao	CHN	TZELI Fani	GRE	PTF	2:1
wuxi-grand-slam-challenge-2025	Senior Women -57kg	R32	310	HYMER Stacey	AUS	KIM Nanhee	KOR	PTF	2:1
wuxi-grand-slam-challenge-2025	Senior Women -57kg	R32	311	ZDOR Kseniia	AIN	GU Wenjing	CHN	PTF	2:0
wuxi-grand-slam-challenge-2025	Senior Women -57kg	R32	408	YANG Qingmei	CHN	ZHANG Chuling	CHN	PTF	2:0
wuxi-grand-slam-challenge-2025	Senior Women -57kg	R32	409	KUCHINA Viktorya	AIN	AVDAGIC Ada	BIH	PTF	2:1
wuxi-grand-slam-challenge-2025	Senior Women -57kg	R32	410	ILGUN Hatice kubra	TUR	YANG Sitong	CHN	PTF	2:0
wuxi-grand-slam-challenge-2025	Senior Women -57kg	R32	411	LUO Zongshi	CHN	SEO Yeowon	KOR	WDR	
wuxi-grand-slam-challenge-2025	Senior Women -57kg	R16	118	KIM Gahyeon	KOR	DAI Zongyuan	CHN	PTF	2:0
wuxi-grand-slam-challenge-2025	Senior Women -57kg	R16	119	ABDUVALIEVA Shabona	UZB	PEREZ PARRADO Alma maria	ESP	PTF	2:0
wuxi-grand-slam-challenge-2025	Senior Women -57kg	R16	218	YANG Qingmei	CHN	RODRIGUEZ MARQUINA Laura	ESP	PTF	2:0
wuxi-grand-slam-challenge-2025	Senior Women -57kg	R16	219	HYMER Stacey	AUS	ILGUN Hatice kubra	TUR	PTF	2:0
wuxi-grand-slam-challenge-2025	Senior Women -57kg	R16	318	XU Yinuo	CHN	KIM Siwoo	KOR	PTF	2:0
wuxi-grand-slam-challenge-2025	Senior Women -57kg	R16	319	BLIZNIAKOVA Margarita	AIN	SEVOSTYANOVA Mariya	KAZ	PTF	2:0
wuxi-grand-slam-challenge-2025	Senior Women -57kg	R16	418	SANG Yiyao	CHN	KUCHINA Viktorya	AIN	PTF	2:0
wuxi-grand-slam-challenge-2025	Senior Women -57kg	R16	419	ZDOR Kseniia	AIN	LUO Zongshi	CHN	PTF	2:0
wuxi-grand-slam-challenge-2025	Senior Women -57kg	QF	123	KIM Gahyeon	KOR	YANG Qingmei	CHN	PTF	2:0
wuxi-grand-slam-challenge-2025	Senior Women -57kg	QF	223	SANG Yiyao	CHN	XU Yinuo	CHN	PTF	2:0
wuxi-grand-slam-challenge-2025	Senior Women -57kg	QF	323	ABDUVALIEVA Shabona	UZB	HYMER Stacey	AUS	PTF	2:1
wuxi-grand-slam-challenge-2025	Senior Women -57kg	QF	423	ZDOR Kseniia	AIN	BLIZNIAKOVA Margarita	AIN	PTF	2:0
wuxi-grand-slam-challenge-2025	Senior Women -57kg	SF	325	KIM Gahyeon	KOR	SANG Yiyao	CHN	PTF	2:0
wuxi-grand-slam-challenge-2025	Senior Women -57kg	SF	425	ABDUVALIEVA Shabona	UZB	ZDOR Kseniia	AIN	PTF	2:0
wuxi-grand-slam-challenge-2025	Senior Women -57kg	BR	427	ZDOR Kseniia	AIN	SANG Yiyao	CHN	PTF	2:0
wuxi-grand-slam-challenge-2025	Senior Women -57kg	F	430	KIM Gahyeon	KOR	ABDUVALIEVA Shabona	UZB	PTF	2:0
wuxi-grand-slam-challenge-2025	Senior Women +67kg	R32	105	SHI Juan	CHN	MUSLIMOVA Linara	AIN	PTF	2:0
wuxi-grand-slam-challenge-2025	Senior Women +67kg	R32	106	ZHAO Zitong	CHN	PEKONKINA Anna	AIN	PTF	2:0
wuxi-grand-slam-challenge-2025	Senior Women +67kg	R32	107	YOON Do Hee	KOR	AN Hyobeen	KOR	PTF	2:0
wuxi-grand-slam-challenge-2025	Senior Women +67kg	R32	205	ADEBAIO Kristina	AIN	LEE Soyeong	KOR	PTF	2:0
wuxi-grand-slam-challenge-2025	Senior Women +67kg	R32	206	OH Seungju	KOR	NAMGUNG Seoyeon	KOR	PTF	2:0
wuxi-grand-slam-challenge-2025	Senior Women +67kg	R32	207	ZHANG Yinyin	CHN	MARTON Luana	HUN	PTF	2:0
wuxi-grand-slam-challenge-2025	Senior Women +67kg	R32	305	KITSIOU Agoritsa artemia	GRE	JUNG Hana	KOR	PTF	2:0
wuxi-grand-slam-challenge-2025	Senior Women +67kg	R32	306	LI Yawen	CHN	MOHAMMED Noor nazar	QAT	PTF	2:0
wuxi-grand-slam-challenge-2025	Senior Women +67kg	R32	307	SHVEDKOVA Polina	AIN	LU Yanpei	CHN	PTF	2:1
wuxi-grand-slam-challenge-2025	Senior Women +67kg	R32	405	ZHAO Xueting	CHN	STEWART Reba	AUS	PTF	2:0
wuxi-grand-slam-challenge-2025	Senior Women +67kg	R32	406	XIAO Shunan	CHN	KRAPIVKA Anna	AIN	PTF	2:0
wuxi-grand-slam-challenge-2025	Senior Women +67kg	R32	407	ZHOU Zeqi	CHN	NOH Huiseung	KOR	PTF	2:0
wuxi-grand-slam-challenge-2025	Senior Women +67kg	R16	116	SHI Juan	CHN	MU Wenzhe	CHN	WDR	1:0
wuxi-grand-slam-challenge-2025	Senior Women +67kg	R16	117	LI Yawen	CHN	CASTINEIRA ETCHEVERRIA Tania	ESP	PTF	2:1
wuxi-grand-slam-challenge-2025	Senior Women +67kg	R16	216	ADEBAIO Kristina	AIN	KITSIOU Agoritsa artemia	GRE	PTF	2:0
wuxi-grand-slam-challenge-2025	Senior Women +67kg	R16	217	YOON Do Hee	KOR	XIAO Shunan	CHN	PTF	2:0
wuxi-grand-slam-challenge-2025	Senior Women +67kg	R16	316	ZHAO Xueting	CHN	ZHAO Zitong	CHN	PTF	2:0
wuxi-grand-slam-challenge-2025	Senior Women +67kg	R16	317	ZHANG Yinyin	CHN	SHVEDKOVA Polina	AIN	PTF	2:0
wuxi-grand-slam-challenge-2025	Senior Women +67kg	R16	416	XU Lei	CHN	OH Seungju	KOR	PTF	2:0
wuxi-grand-slam-challenge-2025	Senior Women +67kg	R16	417	ZHOU Zeqi	CHN	UZUNCAVDAR Sude yaren	TUR	PTF	2:0
wuxi-grand-slam-challenge-2025	Senior Women +67kg	QF	122	SHI Juan	CHN	ADEBAIO Kristina	AIN	PTF	2:0
wuxi-grand-slam-challenge-2025	Senior Women +67kg	QF	222	XU Lei	CHN	ZHAO Xueting	CHN	PTF	2:0
wuxi-grand-slam-challenge-2025	Senior Women +67kg	QF	322	LI Yawen	CHN	YOON Do Hee	KOR	PTF	2:0
wuxi-grand-slam-challenge-2025	Senior Women +67kg	QF	422	ZHOU Zeqi	CHN	ZHANG Yinyin	CHN	PTF	2:0
wuxi-grand-slam-challenge-2025	Senior Women +67kg	SF	125	XU Lei	CHN	SHI Juan	CHN	PTF	2:1
wuxi-grand-slam-challenge-2025	Senior Women +67kg	SF	225	LI Yawen	CHN	ZHOU Zeqi	CHN	PTF	2:0
wuxi-grand-slam-challenge-2025	Senior Women +67kg	BR	426	ZHOU Zeqi	CHN	SHI Juan	CHN	PTF	2:1
wuxi-grand-slam-challenge-2025	Senior Women +67kg	F	429	XU Lei	CHN	LI Yawen	CHN	PTF	2:0
wuxi-grand-slam-challenge-2025	Senior Men -68kg	R64	101	COULIBALY Sekou	LUX	RAGHEB Taye	AUS	PTF	2:0
wuxi-grand-slam-challenge-2025	Senior Men -68kg	R64	102	CHEN Yufan	CHN	CASTILLO RAMOS Alejandro	PER	PTF	2:0
wuxi-grand-slam-challenge-2025	Senior Men -68kg	R64	103	CHEN Cheng	CHN	SUMMERFIELD Matthew	AUS	PTF	2:1
wuxi-grand-slam-challenge-2025	Senior Men -68kg	R64	104	YERMENTAYEV Arslan	KAZ	WOOLLEY Jack	IRL	WDR	
wuxi-grand-slam-challenge-2025	Senior Men -68kg	R64	105	SHULENOV Damir	KAZ	WOO Seungcheol	KOR	PTF	2:0
wuxi-grand-slam-challenge-2025	Senior Men -68kg	R64	106	DING Jianing	CHN	JORQUERA CALA Joan	ESP	PTF	2:1
wuxi-grand-slam-challenge-2025	Senior Men -68kg	R64	107	NIU Guansen	CHN	LEE Mingeon	KOR	PTF	2:0
wuxi-grand-slam-challenge-2025	Senior Men -68kg	R64	201	BOUJEMAI Fares	TUN	GU Jiayu	CHN	PTF	2:1
wuxi-grand-slam-challenge-2025	Senior Men -68kg	R64	202	DJONKO Muhamed	BIH	GANTULGA Enkhbayar	MGL	PTF	2:0
wuxi-grand-slam-challenge-2025	Senior Men -68kg	R64	203	LO Mouhamadou mansour	SEN	LOPEZ BATE Matias	URU	PTF	
wuxi-grand-slam-challenge-2025	Senior Men -68kg	R64	204	PANAGOPOULOS Apostolos	GRE	AVIDAN Ben	ISR	PTF	2:0
wuxi-grand-slam-challenge-2025	Senior Men -68kg	R64	205	KIM Sunjun	KOR	LEE Sang Ryeol	KOR	PTF	2:0
wuxi-grand-slam-challenge-2025	Senior Men -68kg	R64	206	ERER Berkay	TUR	YANG Tengfei	CHN	PTF	2:0
wuxi-grand-slam-challenge-2025	Senior Men -68kg	R64	207	LO Wai fung	HKG	BAYNE Karl	NZL	PTF	2:0
wuxi-grand-slam-challenge-2025	Senior Men -68kg	R64	301	DOS SANTOS MORAIS Guilherme	BRA	ZHOU Guoyu	CHN	PTF	2:0
wuxi-grand-slam-challenge-2025	Senior Men -68kg	R64	302	DASHDAVAA Chinzorig	MGL	JUNG Jaebin	KOR	WDR	
wuxi-grand-slam-challenge-2025	Senior Men -68kg	R64	303	OLIVERO TORO Cristian	CHI	ZHANG Tongjie	CHN	PTF	2:0
wuxi-grand-slam-challenge-2025	Senior Men -68kg	R64	304	QIN Xingyu	CHN	KASSANOV Izyat	KAZ	PTF	
wuxi-grand-slam-challenge-2025	Senior Men -68kg	R64	305	GARRIDO REYES Jhon deivi	COL	XIAO Shaohong	CHN	PTF	2:0
wuxi-grand-slam-challenge-2025	Senior Men -68kg	R64	306	CHOI Min Hyeok	KOR	OSIN Maksim	AIN	PTF	2:0
wuxi-grand-slam-challenge-2025	Senior Men -68kg	R64	307	MUN Jinho	KOR	DAYIOGLU Omer faruk	TUR	PTF	2:0
wuxi-grand-slam-challenge-2025	Senior Men -68kg	R64	401	ABAD EXPOSITO Iker	ESP	NAZAROV Nazarali	UZB	PTF	2:0
wuxi-grand-slam-challenge-2025	Senior Men -68kg	R64	402	MAIGA Ibrahim	BUR	ZHAO Ruixin	CHN	PTF	2:1
wuxi-grand-slam-challenge-2025	Senior Men -68kg	R64	403	JUNG Woo-hyeok	KOR	CHE Pinyi	CHN	PTF	2:0
wuxi-grand-slam-challenge-2025	Senior Men -68kg	R64	404	MU Junfeng	CHN	KAVTARADZE Beka	GEO	PTF	2:1
wuxi-grand-slam-challenge-2025	Senior Men -68kg	R64	405	SHISHKO Dmitrii	AIN	WALIKEMOT Neem kereine	CGO	PTF	2:0
wuxi-grand-slam-challenge-2025	Senior Men -68kg	R64	406	DIAO Lixingjun	CHN	KIM Tae yong	KOR	PTF	2:1
wuxi-grand-slam-challenge-2025	Senior Men -68kg	R64	407	OTHMAN Mohammad	JOR	BEGIMBETOV Amanbol	KAZ	PTF	2:1
wuxi-grand-slam-challenge-2025	Senior Men -68kg	R32	109	VYKOV Amir	AIN	COULIBALY Sekou	LUX	PTF	2:0
wuxi-grand-slam-challenge-2025	Senior Men -68kg	R32	110	MAIGA Ibrahim	BUR	CHEN Cheng	CHN	PTF	2:1
wuxi-grand-slam-challenge-2025	Senior Men -68kg	R32	111	VICENTE YUNTA Adrian	ESP	QIN Xingyu	CHN	PTF	2:0
wuxi-grand-slam-challenge-2025	Senior Men -68kg	R32	112	ERER Berkay	TUR	CHOI Min Hyeok	KOR	PTF	2:0
wuxi-grand-slam-challenge-2025	Senior Men -68kg	R32	209	DOS SANTOS MORAIS Guilherme	BRA	BOUJEMAI Fares	TUN	PTF	2:0
wuxi-grand-slam-challenge-2025	Senior Men -68kg	R32	210	OLIVERO TORO Cristian	CHI	LO Mouhamadou mansour	SEN	PTF	2:0
wuxi-grand-slam-challenge-2025	Senior Men -68kg	R32	211	SHULENOV Damir	KAZ	MU Junfeng	CHN	PTF	2:0
wuxi-grand-slam-challenge-2025	Senior Men -68kg	R32	212	NIU Guansen	CHN	DIAO Lixingjun	CHN	PTF	2:0
wuxi-grand-slam-challenge-2025	Senior Men -68kg	R32	309	CHEN Yufan	CHN	ABAD EXPOSITO Iker	ESP	PTF	2:0
wuxi-grand-slam-challenge-2025	Senior Men -68kg	R32	310	JUNG Woo-hyeok	KOR	YERMENTAYEV Arslan	KAZ	PTF	2:0
wuxi-grand-slam-challenge-2025	Senior Men -68kg	R32	311	GARRIDO REYES Jhon deivi	COL	KIM Sunjun	KOR	PTF	2:0
wuxi-grand-slam-challenge-2025	Senior Men -68kg	R32	312	MUN Jinho	KOR	LO Wai fung	HKG	PTF	2:0
wuxi-grand-slam-challenge-2025	Senior Men -68kg	R32	409	DJONKO Muhamed	BIH	DASHDAVAA Chinzorig	MGL	PTF	2:1
wuxi-grand-slam-challenge-2025	Senior Men -68kg	R32	410	SOUZA DINIZ Joao victor	BRA	PANAGOPOULOS Apostolos	GRE	PTF	2:0
wuxi-grand-slam-challenge-2025	Senior Men -68kg	R32	411	SHISHKO Dmitrii	AIN	DING Jianing	CHN	PTF	2:1
wuxi-grand-slam-challenge-2025	Senior Men -68kg	R32	412	LIANG Yushuai	CHN	OTHMAN Mohammad	JOR	PTF	2:0
wuxi-grand-slam-challenge-2025	Senior Men -68kg	R16	117	VYKOV Amir	AIN	DOS SANTOS MORAIS Guilherme	BRA	PTF	2:1
wuxi-grand-slam-challenge-2025	Senior Men -68kg	R16	118	SHULENOV Damir	KAZ	VICENTE YUNTA Adrian	ESP	PTF	2:0
wuxi-grand-slam-challenge-2025	Senior Men -68kg	R16	217	CHEN Yufan	CHN	DJONKO Muhamed	BIH	PTF	2:0
wuxi-grand-slam-challenge-2025	Senior Men -68kg	R16	218	GARRIDO REYES Jhon deivi	COL	SHISHKO Dmitrii	AIN	PTF	2:0
wuxi-grand-slam-challenge-2025	Senior Men -68kg	R16	317	MAIGA Ibrahim	BUR	OLIVERO TORO Cristian	CHI	WDR	
wuxi-grand-slam-challenge-2025	Senior Men -68kg	R16	318	NIU Guansen	CHN	ERER Berkay	TUR	PTF	2:1
wuxi-grand-slam-challenge-2025	Senior Men -68kg	R16	417	JUNG Woo-hyeok	KOR	SOUZA DINIZ Joao victor	BRA	PTF	2:1
wuxi-grand-slam-challenge-2025	Senior Men -68kg	R16	418	MUN Jinho	KOR	LIANG Yushuai	CHN	PTF	2:1
wuxi-grand-slam-challenge-2025	Senior Men -68kg	QF	121	VYKOV Amir	AIN	CHEN Yufan	CHN	PTF	2:0
wuxi-grand-slam-challenge-2025	Senior Men -68kg	QF	221	JUNG Woo-hyeok	KOR	MAIGA Ibrahim	BUR	PTF	2:1
wuxi-grand-slam-challenge-2025	Senior Men -68kg	QF	321	SHULENOV Damir	KAZ	GARRIDO REYES Jhon deivi	COL	PTF	2:1
wuxi-grand-slam-challenge-2025	Senior Men -68kg	QF	421	MUN Jinho	KOR	NIU Guansen	CHN	PTF	2:0
wuxi-grand-slam-challenge-2025	Senior Men -68kg	SF	123	JUNG Woo-hyeok	KOR	VYKOV Amir	AIN	PTF	2:0
wuxi-grand-slam-challenge-2025	Senior Men -68kg	SF	223	MUN Jinho	KOR	SHULENOV Damir	KAZ	PTF	2:0
wuxi-grand-slam-challenge-2025	Senior Men -68kg	BR	424	VYKOV Amir	AIN	SHULENOV Damir	KAZ	PTF	2:1
wuxi-grand-slam-challenge-2025	Senior Men -68kg	F	426	MUN Jinho	KOR	JUNG Woo-hyeok	KOR	PTF	2:0
wuxi-grand-slam-challenge-2025	Senior Women -67kg	R64	108	SU Runa	CHN	VASQUEZ MENDOZA Eliana	PER	PTF	2:0
wuxi-grand-slam-challenge-2025	Senior Women -67kg	R64	208	SEO Jung eun	KOR	ZHU Jingqi	CHN	PTF	2:1
wuxi-grand-slam-challenge-2025	Senior Women -67kg	R64	308	CHEN Ximin	CHN	MAX-VOY Marrianne selasie	GHA	PTF	2:0
wuxi-grand-slam-challenge-2025	Senior Women -67kg	R64	408	ZHOU Yixing	CHN	CHOI Subin	KOR	PTF	2:1
wuxi-grand-slam-challenge-2025	Senior Women -67kg	R32	113	SU Runa	CHN	MARTON Viviana	HUN	WDR	
wuxi-grand-slam-challenge-2025	Senior Women -67kg	R32	114	HONG Hyo rim	KOR	KIM Yubin	KOR	PTF	2:0
wuxi-grand-slam-challenge-2025	Senior Women -67kg	R32	115	KHUZINA Liliia	AIN	CHEN Ximin	CHN	PTF	2:1
wuxi-grand-slam-challenge-2025	Senior Women -67kg	R32	116	XING Jiani	CHN	SARVANAKI Theopoula	GRE	PTF	2:0
wuxi-grand-slam-challenge-2025	Senior Women -67kg	R32	213	KHAYITOVA Sevinch	UZB	DE OLIVEIRA MAURICIO Isadora	BRA	PTF	2:0
wuxi-grand-slam-challenge-2025	Senior Women -67kg	R32	214	CHEN Kexin	CHN	SONG Jie	CHN	PTF	2:1
wuxi-grand-slam-challenge-2025	Senior Women -67kg	R32	215	ZHELEZNOVA Viktoriia	AIN	ABELA Rose letizia	AUS	PTF	2:1
wuxi-grand-slam-challenge-2025	Senior Women -67kg	R32	216	SHEN Zinuo	CHN	KHUSSAINOVA Nuray	KAZ	PTF	2:0
wuxi-grand-slam-challenge-2025	Senior Women -67kg	R32	313	LEE Gaeun	KOR	BAE Ariane	KOR	PTF	2:0
wuxi-grand-slam-challenge-2025	Senior Women -67kg	R32	314	YEOM Eun Been	KOR	GALLARDO Claudia	CHI	PTF	2:1
wuxi-grand-slam-challenge-2025	Senior Women -67kg	R32	315	WANG Chengyi	CHN	NILSEN Mari romundset	NOR	PTF	2:1
wuxi-grand-slam-challenge-2025	Senior Women -67kg	R32	316	CHEN Xuyan	CHN	MACEDO Sandy	BRA	PTF	2:1
wuxi-grand-slam-challenge-2025	Senior Women -67kg	R32	413	CAKAL Sevval	TUR	CHOE Boyoung	KOR	PTF	2:0
wuxi-grand-slam-challenge-2025	Senior Women -67kg	R32	414	WAFA Masghouni	TUN	SEO Jung eun	KOR	PTF	2:0
wuxi-grand-slam-challenge-2025	Senior Women -67kg	R32	415	MARENTAKI Styliani	GRE	LEE Eunmi	KOR	PTF	2:0
wuxi-grand-slam-challenge-2025	Senior Women -67kg	R32	416	MORENO REYES Lena	ESP	ZHOU Yixing	CHN	PTF	2:0
wuxi-grand-slam-challenge-2025	Senior Women -67kg	R16	119	KHAYITOVA Sevinch	UZB	SU Runa	CHN	PTF	2:0
wuxi-grand-slam-challenge-2025	Senior Women -67kg	R16	120	KHUZINA Liliia	AIN	ZHELEZNOVA Viktoriia	AIN	PTF	2:1
wuxi-grand-slam-challenge-2025	Senior Women -67kg	R16	219	LEE Gaeun	KOR	CAKAL Sevval	TUR	PTF	2:1
wuxi-grand-slam-challenge-2025	Senior Women -67kg	R16	220	MARENTAKI Styliani	GRE	WANG Chengyi	CHN	PTF	2:0
wuxi-grand-slam-challenge-2025	Senior Women -67kg	R16	319	HONG Hyo rim	KOR	CHEN Kexin	CHN	PTF	2:0
wuxi-grand-slam-challenge-2025	Senior Women -67kg	R16	320	XING Jiani	CHN	SHEN Zinuo	CHN	PTF	2:1
wuxi-grand-slam-challenge-2025	Senior Women -67kg	R16	419	WAFA Masghouni	TUN	YEOM Eun Been	KOR	PTF	2:0
wuxi-grand-slam-challenge-2025	Senior Women -67kg	R16	420	CHEN Xuyan	CHN	MORENO REYES Lena	ESP	PTF	2:0
wuxi-grand-slam-challenge-2025	Senior Women -67kg	QF	122	KHAYITOVA Sevinch	UZB	LEE Gaeun	KOR	PTF	2:1
wuxi-grand-slam-challenge-2025	Senior Women -67kg	QF	222	HONG Hyo rim	KOR	WAFA Masghouni	TUN	PTF	2:0
wuxi-grand-slam-challenge-2025	Senior Women -67kg	QF	322	MARENTAKI Styliani	GRE	KHUZINA Liliia	AIN	PTF	2:0
wuxi-grand-slam-challenge-2025	Senior Women -67kg	QF	422	CHEN Xuyan	CHN	XING Jiani	CHN	PTF	2:0
wuxi-grand-slam-challenge-2025	Senior Women -67kg	SF	323	HONG Hyo rim	KOR	KHAYITOVA Sevinch	UZB	PTF	2:0
wuxi-grand-slam-challenge-2025	Senior Women -67kg	SF	423	CHEN Xuyan	CHN	MARENTAKI Styliani	GRE	PTF	2:1
wuxi-grand-slam-challenge-2025	Senior Women -67kg	BR	425	MARENTAKI Styliani	GRE	KHAYITOVA Sevinch	UZB	PTF	2:0
wuxi-grand-slam-challenge-2025	Senior Women -67kg	F	427	CHEN Xuyan	CHN	HONG Hyo rim	KOR	PTF	2:1
austrian-open-2026	Senior Men -54kg	R32	1206	BOUHAJEB Yassine	FRA	REDING Alan je	LUX	PTF	2:0
austrian-open-2026	Senior Men -54kg	R32	1207	BULAVIN Mykyta	UKR	MARA Jibryl	FRA	PTF	2:1
austrian-open-2026	Senior Men -54kg	R32	1208	CHAU Ngai long	HKG	RICHTER Lenny rene	GER	PTF	2:0
austrian-open-2026	Senior Men -54kg	R32	1209	KODAMAN Seyit yasin	GER	OWEN Haddad	FRA	PTF	2:1
austrian-open-2026	Senior Men -54kg	R32	1210	CIRIVELLO Gaetano	ITA	CHRZANOWSKI Pawel	POL	PTF	2:1
austrian-open-2026	Senior Men -54kg	R32	1211	TOUIAR Abderrahman	ITA	BOUKARNIA Hamza	FRA	PTF	2:0
austrian-open-2026	Senior Men -54kg	R32	1212	CHIRCHIANO Vincenzo	ITA	KOUKOUSOUDIS Evangelos	GER	PTF	2:0
austrian-open-2026	Senior Men -54kg	R32	1213	ZYWARSKI Filip	POL	BALYEMEZ Yakup ali	GER	PTF	2:0
austrian-open-2026	Senior Men -54kg	R32	1214	DEVERNAY Maroje	CRO	MIKLAVCIC Aljaz	SLO	WDR	1:1
austrian-open-2026	Senior Men -54kg	R32	1215	BARASH Tomer	ISR	MAJCZYNA Bartosz	POL	PTF	2:0
austrian-open-2026	Senior Men -54kg	R16	322	GUN Youngsuk Ethan	USA	BOUHAJEB Yassine	FRA	PTF	2:0
austrian-open-2026	Senior Men -54kg	R16	423	BULAVIN Mykyta	UKR	CHAU Ngai long	HKG	PTF	2:0
austrian-open-2026	Senior Men -54kg	R16	525	CHIRCHIANO Vincenzo	ITA	HAMI Muhammed	TRT	PTF	2:0
austrian-open-2026	Senior Men -54kg	R16	620	MARWAN Mussa	SWE	KODAMAN Seyit yasin	GER	PTF	2:1
austrian-open-2026	Senior Men -54kg	R16	718	ZYWARSKI Filip	POL	DEVERNAY Maroje	CRO	PTF	2:1
austrian-open-2026	Senior Men -54kg	R16	725	CIRIVELLO Gaetano	ITA	GARCIA Noah	POR	PTF	2:0
austrian-open-2026	Senior Men -54kg	R16	1017	TOUIAR Abderrahman	ITA	ALESIO CAPOLINI Mathis	FRA	PTF	2:1
austrian-open-2026	Senior Men -54kg	R16	1116	BARASH Tomer	ISR	CONTI Andrea	ITA	PTF	2:0
austrian-open-2026	Senior Men -54kg	QF	128	CIRIVELLO Gaetano	ITA	MARWAN Mussa	SWE	PTF	2:1
austrian-open-2026	Senior Men -54kg	QF	226	TOUIAR Abderrahman	ITA	CHIRCHIANO Vincenzo	ITA	PTF	2:0
austrian-open-2026	Senior Men -54kg	QF	526	GUN Youngsuk Ethan	USA	BULAVIN Mykyta	UKR	PTF	2:1
austrian-open-2026	Senior Men -54kg	QF	628	BARASH Tomer	ISR	ZYWARSKI Filip	POL	PTF	2:0
austrian-open-2026	Senior Men -54kg	SF	631	CIRIVELLO Gaetano	ITA	GUN Youngsuk Ethan	USA	PTF	2:1
austrian-open-2026	Senior Men -54kg	SF	632	TOUIAR Abderrahman	ITA	BARASH Tomer	ISR	PTF	2:0
austrian-open-2026	Senior Men -54kg	F	635	CIRIVELLO Gaetano	ITA	TOUIAR Abderrahman	ITA	WDR	1:0
austrian-open-2026	Senior Men -58kg	R32	204	BOTTA Baptiste	FRA	BUTSCHECK Pascal	GER	PTF	2:0
austrian-open-2026	Senior Men -58kg	R32	205	AMELHAYI Mehdi	FRA	DI LAUDO Lorenzo	ITA	PTF	2:0
austrian-open-2026	Senior Men -58kg	R32	206	STEIN Roi	ISR	PIZZO Andrea ramzi	ITA	PTF	2:1
austrian-open-2026	Senior Men -58kg	R32	207	TESKERA Josip	CRO	OZKEN Alkan	GER	PTF	2:0
austrian-open-2026	Senior Men -58kg	R32	208	ELIA Luigi antonio	ITA	MAIKOV Vladyslav	UKR	PTF	2:0
austrian-open-2026	Senior Men -58kg	R32	209	PASTORE Riccardo	ITA	SOLTYSIAK Jakub	POL	PTF	2:0
austrian-open-2026	Senior Men -58kg	R32	210	BOUKARNIA Amine	FRA	GLOC Antoine	FRA	PTF	2:0
austrian-open-2026	Senior Men -58kg	R32	211	BOJERUD BANDAGO Elias ibrahim	SWE	AL-AGELE Abbas ali mohammed	GER	PTF	2:0
austrian-open-2026	Senior Men -58kg	R32	212	KOVDRIA Kyrylo	UKR	MISSOSSI BIENVENU Nzamba Nzamba	GAB	PTF	2:1
austrian-open-2026	Senior Men -58kg	R32	213	N'GAIDE Idriss	FRA	ALESIO Sebastien	FRA	PTF	2:0
austrian-open-2026	Senior Men -58kg	R32	214	DRAZKIEWICZ Igor	POL	GUREL Enes ali	GER	PTF	2:0
austrian-open-2026	Senior Men -58kg	R32	215	MAJCZYNA Karol	POL	RAZAKARISOA Jarry	MAD	PTF	2:0
austrian-open-2026	Senior Men -58kg	R32	303	FINBURD Sean	ISR	ARIAN Ehsan	GER	PTF	2:0
austrian-open-2026	Senior Men -58kg	R16	117	MOLLE Milan	NED	BOTTA Baptiste	FRA	PTF	2:0
austrian-open-2026	Senior Men -58kg	R16	216	DRAZKIEWICZ Igor	POL	MAJCZYNA Karol	POL	PTF	2:0
austrian-open-2026	Senior Men -58kg	R16	221	TESKERA Josip	CRO	ELIA Luigi antonio	ITA	PTF	2:0
austrian-open-2026	Senior Men -58kg	R16	323	MOLJ Domen	SLO	FINBURD Sean	ISR	PTF	2:0
austrian-open-2026	Senior Men -58kg	R16	921	BOJERUD BANDAGO Elias ibrahim	SWE	CHIOK Chun yin	HKG	PTF	2:1
austrian-open-2026	Senior Men -58kg	R16	1016	N'GAIDE Idriss	FRA	KOVDRIA Kyrylo	UKR	PTF	2:0
austrian-open-2026	Senior Men -58kg	R16	1018	PASTORE Riccardo	ITA	BOUKARNIA Amine	FRA	PTF	2:1
austrian-open-2026	Senior Men -58kg	R16	1124	AMELHAYI Mehdi	FRA	STEIN Roi	ISR	PTF	2:0
austrian-open-2026	Senior Men -58kg	QF	125	N'GAIDE Idriss	FRA	BOJERUD BANDAGO Elias ibrahim	SWE	PTF	2:0
austrian-open-2026	Senior Men -58kg	QF	228	TESKERA Josip	CRO	PASTORE Riccardo	ITA	PTF	2:1
austrian-open-2026	Senior Men -58kg	QF	429	AMELHAYI Mehdi	FRA	MOLLE Milan	NED	PTF	2:1
austrian-open-2026	Senior Men -58kg	QF	629	MOLJ Domen	SLO	DRAZKIEWICZ Igor	POL	PTF	2:0
austrian-open-2026	Senior Men -58kg	SF	431	TESKERA Josip	CRO	AMELHAYI Mehdi	FRA	RSC	2:0
austrian-open-2026	Senior Men -58kg	SF	432	MOLJ Domen	SLO	N'GAIDE Idriss	FRA	PTF	2:0
austrian-open-2026	Senior Men -58kg	F	435	TESKERA Josip	CRO	MOLJ Domen	SLO	PTF	2:0
austrian-open-2026	Senior Men -63kg	R64	401	HRISTOV Anton	BUL	CASELLA Oscar	SUI	PTF	2:1
austrian-open-2026	Senior Men -63kg	R64	402	FIBY Daniel	AUT	SAFFAK Utku	GER	PTF	2:0
austrian-open-2026	Senior Men -63kg	R64	501	VAZQUEZ SPERANDIO Gianluca israel	ITA	TARLJOVSKI Nicolas	CZE	PTF	2:0
austrian-open-2026	Senior Men -63kg	R64	502	KOBYLINSKI Bartosz	POL	LAANTRI Hamza	ITA	PTF	2:1
austrian-open-2026	Senior Men -63kg	R64	601	MEMETI Dionis	SUI	GRMAS Luka	AUT	PTF	2:0
austrian-open-2026	Senior Men -63kg	R32	615	RAVET Cyrian	FRA	HRISTOV Anton	BUL	PTF	2:0
austrian-open-2026	Senior Men -63kg	R32	703	STRUGLINSKI Bartosz	POL	KHAVARI Mahdi	TRT	PTF	2:0
austrian-open-2026	Senior Men -63kg	R32	704	IURLARO Ludovico	ITA	ACHNINE Aymen	NED	PTF	2:0
austrian-open-2026	Senior Men -63kg	R32	705	GRANDE Manuel	GBR	BOURGEOIS Owen	FRA	PTF	2:0
austrian-open-2026	Senior Men -63kg	R32	706	PAPIEROWSKI Dominik	POL	FIBY Daniel	AUT	RSC	1:0
austrian-open-2026	Senior Men -63kg	R32	707	AKHLAGI Mohammad asif	SUI	LUCERNA Luca	ITA	PTF	2:0
austrian-open-2026	Senior Men -63kg	R32	708	SETRODIPO Jayden	NED	ROSSOKHATYI Ruslan	UKR	PTF	2:0
austrian-open-2026	Senior Men -63kg	R32	709	MITKOV Stanislav	BUL	VAZQUEZ SPERANDIO Gianluca israel	ITA	PTF	2:0
austrian-open-2026	Senior Men -63kg	R32	710	OZKAYA Imran	GER	KOBYLINSKI Bartosz	POL	PTF	2:0
austrian-open-2026	Senior Men -63kg	R32	711	LEMMENS Noah	BEL	HORVATH Matej	SVK	PTF	2:0
austrian-open-2026	Senior Men -63kg	R32	712	NACHEV Luboslav	BUL	MOLJ Ozbolt	SLO	PTF	2:1
austrian-open-2026	Senior Men -63kg	R32	713	SAFARYN Piotr	POL	AL-BAIDHANI Ahmad	GBR	PTF	2:0
austrian-open-2026	Senior Men -63kg	R32	714	CHAN Kin fung	HKG	PAGLIARA Matteo	ITA	PTF	2:0
austrian-open-2026	Senior Men -63kg	R32	715	IBRAHIM Nouralden	ITA	COMPRELLE Enzo	FRA	PTF	2:0
austrian-open-2026	Senior Men -63kg	R32	803	BOUHMIDA Riad	NED	SCHOENMAKERS Shymano	NED	PTF	2:0
austrian-open-2026	Senior Men -63kg	R32	804	MIRZOIEV Samir	UKR	MEMETI Dionis	SUI	PTF	2:0
austrian-open-2026	Senior Men -63kg	R16	317	MIRZOIEV Samir	UKR	BOUHMIDA Riad	NED	PTF	2:0
austrian-open-2026	Senior Men -63kg	R16	520	STRUGLINSKI Bartosz	POL	RAVET Cyrian	FRA	PTF	2:1
austrian-open-2026	Senior Men -63kg	R16	618	NACHEV Luboslav	BUL	SAFARYN Piotr	POL	PTF	2:0
austrian-open-2026	Senior Men -63kg	R16	717	CHAN Kin fung	HKG	IBRAHIM Nouralden	ITA	PTF	2:0
austrian-open-2026	Senior Men -63kg	R16	816	OZKAYA Imran	GER	LEMMENS Noah	BEL	PTF	2:0
austrian-open-2026	Senior Men -63kg	R16	920	PAPIEROWSKI Dominik	POL	AKHLAGI Mohammad asif	SUI	PTF	2:0
austrian-open-2026	Senior Men -63kg	R16	923	MITKOV Stanislav	BUL	SETRODIPO Jayden	NED	PTF	2:1
austrian-open-2026	Senior Men -63kg	R16	1024	IURLARO Ludovico	ITA	GRANDE Manuel	GBR	PTF	2:0
austrian-open-2026	Senior Men -63kg	QF	330	IURLARO Ludovico	ITA	STRUGLINSKI Bartosz	POL	PTF	2:0
austrian-open-2026	Senior Men -63kg	QF	728	MITKOV Stanislav	BUL	PAPIEROWSKI Dominik	POL	PTF	2:0
austrian-open-2026	Senior Men -63kg	QF	730	OZKAYA Imran	GER	NACHEV Luboslav	BUL	PTF	2:0
austrian-open-2026	Senior Men -63kg	QF	1030	MIRZOIEV Samir	UKR	CHAN Kin fung	HKG	PTF	2:0
austrian-open-2026	Senior Men -63kg	SF	133	IURLARO Ludovico	ITA	MITKOV Stanislav	BUL	PTF	2:0
austrian-open-2026	Senior Men -63kg	SF	134	MIRZOIEV Samir	UKR	OZKAYA Imran	GER	PTF	2:0
austrian-open-2026	Senior Men -63kg	F	136	MIRZOIEV Samir	UKR	IURLARO Ludovico	ITA	RSC	2:0
austrian-open-2026	Senior Men -68kg	R64	101	COULIBALY YAMEOGO Fadeby	LUX	VAN KETS Elias	BEL	PTF	2:0
austrian-open-2026	Senior Men -68kg	R64	102	BARHOUMI Yassine	FRA	KOWALEWSKI Rafal	POL	PTF	2:0
austrian-open-2026	Senior Men -68kg	R64	201	HONCHAR Nikita	UKR	MAGGIOLO Stefano	ITA	PTF	2:0
austrian-open-2026	Senior Men -68kg	R64	202	EL NOSHAKATI Mohamed	AUT	ALSAFFOURI Tayam	TRT	PTF	2:0
austrian-open-2026	Senior Men -68kg	R64	301	MIELE Luca	ITA	CRLJEN Nikola	CRO	PTF	2:1
austrian-open-2026	Senior Men -68kg	R64	302	CAVUSMAN Emre	GER	MEYER Leon	GER	PTF	2:1
austrian-open-2026	Senior Men -68kg	R32	512	RIBBESTAD Markus	SWE	BAKSH Mujahid	GBR	PTF	2:0
austrian-open-2026	Senior Men -68kg	R32	513	LUCIEN Theo	FRA	COULIBALY YAMEOGO Fadeby	LUX	PTF	2:0
austrian-open-2026	Senior Men -68kg	R32	514	USCIMIUK Sebastian	POL	WITTEK Lorenz	AUT	PTF	2:0
austrian-open-2026	Senior Men -68kg	R32	515	ZEHETNER Felix	AUT	MORADI Mohammad	AUT	PTF	2:0
austrian-open-2026	Senior Men -68kg	R32	603	CAVUSMAN Aslan eymen	GER	GUMUS Feyyaz	GER	PTF	2:1
austrian-open-2026	Senior Men -68kg	R32	604	PANAGOPOULOS Apostolos	GRE	BARHOUMI Yassine	FRA	PTF	2:0
austrian-open-2026	Senior Men -68kg	R32	605	BARETTA Dennis	ITA	SUSILUOTO Otto	FIN	PTF	2:0
austrian-open-2026	Senior Men -68kg	R32	606	LO Wai fung	HKG	HONCHAR Nikita	UKR	PTF	2:0
austrian-open-2026	Senior Men -68kg	R32	607	CHRZANOWSKI Mateusz	POL	EL NOSHAKATI Mohamed	AUT	PTF	2:0
austrian-open-2026	Senior Men -68kg	R32	608	BUONAIUTO Antonio	GBR	HUSSEIN Ulat	GER	PTF	2:1
austrian-open-2026	Senior Men -68kg	R32	609	SZUKALSKI Bartosz	POL	ANDARABI Habil	GER	PTF	2:0
austrian-open-2026	Senior Men -68kg	R32	610	COULIBALY Sekou	LUX	MIELE Luca	ITA	PTF	2:0
austrian-open-2026	Senior Men -68kg	R32	611	ABBASI Ali reza	TRT	VAN LIMPT Joep	NED	PTF	2:0
austrian-open-2026	Senior Men -68kg	R32	612	AL GHOTANY Yahya	TRT	KONDRAJCZAK Dorian	POL	PTF	2:0
austrian-open-2026	Senior Men -68kg	R32	613	PLONKA Bartosz	POL	PARUZEK Krystof	CZE	RSC	2:0
austrian-open-2026	Senior Men -68kg	R32	614	BYSTROV Volodymyr	UKR	CAVUSMAN Emre	GER	PTF	2:0
austrian-open-2026	Senior Men -68kg	R16	318	COULIBALY Sekou	LUX	SZUKALSKI Bartosz	POL	PTF	2:0
austrian-open-2026	Senior Men -68kg	R16	417	BARETTA Dennis	ITA	LO Wai fung	HKG	PTF	2:0
austrian-open-2026	Senior Men -68kg	R16	422	LUCIEN Theo	FRA	RIBBESTAD Markus	SWE	PTF	2:1
austrian-open-2026	Senior Men -68kg	R16	625	PANAGOPOULOS Apostolos	GRE	CAVUSMAN Aslan eymen	GER	WDR	
austrian-open-2026	Senior Men -68kg	R16	721	ABBASI Ali reza	TRT	AL GHOTANY Yahya	TRT	PTF	2:0
austrian-open-2026	Senior Men -68kg	R16	818	BYSTROV Volodymyr	UKR	PLONKA Bartosz	POL	PTF	2:0
austrian-open-2026	Senior Men -68kg	R16	1020	ZEHETNER Felix	AUT	USCIMIUK Sebastian	POL	PTF	2:0
austrian-open-2026	Senior Men -68kg	R16	1123	BUONAIUTO Antonio	GBR	CHRZANOWSKI Mateusz	POL	PTF	2:0
austrian-open-2026	Senior Men -68kg	QF	329	BUONAIUTO Antonio	GBR	COULIBALY Sekou	LUX	PTF	2:1
austrian-open-2026	Senior Men -68kg	QF	426	LUCIEN Theo	FRA	ZEHETNER Felix	AUT	PTF	2:0
austrian-open-2026	Senior Men -68kg	QF	726	PANAGOPOULOS Apostolos	GRE	BARETTA Dennis	ITA	PTF	2:0
austrian-open-2026	Senior Men -68kg	QF	829	ABBASI Ali reza	TRT	BYSTROV Volodymyr	UKR	PTF	2:1
austrian-open-2026	Senior Men -68kg	SF	131	PANAGOPOULOS Apostolos	GRE	LUCIEN Theo	FRA	PTF	2:0
austrian-open-2026	Senior Men -68kg	SF	132	ABBASI Ali reza	TRT	BUONAIUTO Antonio	GBR	PTF	2:0
austrian-open-2026	Senior Men -68kg	F	135	PANAGOPOULOS Apostolos	GRE	ABBASI Ali reza	TRT	PTF	2:0
austrian-open-2026	Senior Men -74kg	R64	602	TURSAN Josip	CRO	KIN Justin	GER	PTF	2:0
austrian-open-2026	Senior Men -74kg	R64	701	SFIENTI Christian	ITA	MAURACHER Maximilian	AUT	PTF	2:0
austrian-open-2026	Senior Men -74kg	R64	702	BORGA Samuele	ITA	POLCZYNSKI Tymoteusz	POL	PTF	2:1
austrian-open-2026	Senior Men -74kg	R64	801	MANUKJAN Moses	GER	POLCZYNSKI Adam	POL	PTF	2:1
austrian-open-2026	Senior Men -74kg	R64	802	TSYMBAROVYCH David	UKR	ZAPPONE Andrea	ITA	PTF	2:1
austrian-open-2026	Senior Men -74kg	R32	805	SITTEK Tomas	CZE	TURSAN Josip	CRO	PTF	2:0
austrian-open-2026	Senior Men -74kg	R32	806	MIRZOIEV Simur	UKR	BILGIN Efe	GER	RSC	2:0
austrian-open-2026	Senior Men -74kg	R32	807	BURUSIC Marko	SRB	COLAK Nayan can	GER	PTF	2:0
austrian-open-2026	Senior Men -74kg	R32	808	MORADI Erfan	TRT	BRACH Filip	POL	PTF	2:0
austrian-open-2026	Senior Men -74kg	R32	809	CAMMAERTS Andes	BEL	SFIENTI Christian	ITA	PTF	2:0
austrian-open-2026	Senior Men -74kg	R32	810	SPICK Maximilian	GER	TAYLOR Rayvaughn	GBR	PTF	2:0
austrian-open-2026	Senior Men -74kg	R32	811	ALIAN Ali	SWE	MOHAMMAD Ahmad	GER	PTF	2:0
austrian-open-2026	Senior Men -74kg	R32	812	DUGAC Grga	CRO	BORGA Samuele	ITA	PTF	2:0
austrian-open-2026	Senior Men -74kg	R32	813	GOLUBIC Marko	CRO	MANUKJAN Moses	GER	PTF	2:0
austrian-open-2026	Senior Men -74kg	R32	814	CARTWRIGHT Max	GBR	LOTT Liam	GER	PTF	2:0
austrian-open-2026	Senior Men -74kg	R32	815	JURKIC Miro	CRO	TAM Ching nam	HKG	RSC	2:0
austrian-open-2026	Senior Men -74kg	R32	902	CUDNOCH Lukasz	POL	MAMELI Gioele	ITA	PTF	2:0
austrian-open-2026	Senior Men -74kg	R32	903	VAN DER MEER Sjoerd	NED	KORSAK Mykhailo	UKR	PTF	2:1
austrian-open-2026	Senior Men -74kg	R32	904	BALAKA Artem	UKR	MENDONCA Pedro	POR	PTF	2:0
austrian-open-2026	Senior Men -74kg	R32	905	ZELENKO Vladyslav	UKR	HRYHORCHUK Andrii	UKR	PTF	2:1
austrian-open-2026	Senior Men -74kg	R32	906	FLOUSKOUNIS Charalampos	GRE	TSYMBAROVYCH David	UKR	PTF	2:0
austrian-open-2026	Senior Men -74kg	R16	224	BALAKA Artem	UKR	VAN DER MEER Sjoerd	NED	PTF	2:0
austrian-open-2026	Senior Men -74kg	R16	321	MORADI Erfan	TRT	BURUSIC Marko	SRB	PTF	2:0
austrian-open-2026	Senior Men -74kg	R16	425	FLOUSKOUNIS Charalampos	GRE	ZELENKO Vladyslav	UKR	PTF	2:0
austrian-open-2026	Senior Men -74kg	R16	516	SPICK Maximilian	GER	CAMMAERTS Andes	BEL	PTF	2:1
austrian-open-2026	Senior Men -74kg	R16	624	CUDNOCH Lukasz	POL	JURKIC Miro	CRO	PTF	2:0
austrian-open-2026	Senior Men -74kg	R16	722	CARTWRIGHT Max	GBR	GOLUBIC Marko	CRO	PTF	2:1
austrian-open-2026	Senior Men -74kg	R16	820	DUGAC Grga	CRO	ALIAN Ali	SWE	PTF	2:0
austrian-open-2026	Senior Men -74kg	R16	1115	SITTEK Tomas	CZE	MIRZOIEV Simur	UKR	PTF	2:0
austrian-open-2026	Senior Men -74kg	QF	126	DUGAC Grga	CRO	SPICK Maximilian	GER	PTF	2:0
austrian-open-2026	Senior Men -74kg	QF	326	BALAKA Artem	UKR	FLOUSKOUNIS Charalampos	GRE	PTF	2:0
austrian-open-2026	Senior Men -74kg	QF	427	SITTEK Tomas	CZE	MORADI Erfan	TRT	PTF	2:0
austrian-open-2026	Senior Men -74kg	QF	830	CUDNOCH Lukasz	POL	CARTWRIGHT Max	GBR	PTF	2:0
austrian-open-2026	Senior Men -74kg	SF	231	DUGAC Grga	CRO	SITTEK Tomas	CZE	PTF	2:0
austrian-open-2026	Senior Men -74kg	SF	232	BALAKA Artem	UKR	CUDNOCH Lukasz	POL	PTF	2:0
austrian-open-2026	Senior Men -74kg	F	235	DUGAC Grga	CRO	BALAKA Artem	UKR	RSC	1:1
austrian-open-2026	Senior Men -80kg	R32	304	SZEJA Filip	GER	HOERMANN Vincent	GER	PTF	2:0
austrian-open-2026	Senior Men -80kg	R32	305	GALASSO Simone	ITA	PANTIS Patrick	AUT	PTF	2:0
austrian-open-2026	Senior Men -80kg	R32	306	WEIDUM Dion	NED	CORAZZA Lukas	AUT	PTF	2:0
austrian-open-2026	Senior Men -80kg	R32	307	YOUNG Isaiah	USA	HONCHAROV Kyrylo	UKR	PTF	2:0
austrian-open-2026	Senior Men -80kg	R32	308	MATURO Emanuele vittorio	ITA	NESHYBA Tomas	CZE	PTF	2:0
austrian-open-2026	Senior Men -80kg	R32	309	MENDY Mohamed tidjani	SEN	AKBABAOZ Muhammed buğrahan	TRT	PTF	2:0
austrian-open-2026	Senior Men -80kg	R32	310	SOKOLOWSKI Mikolaj	POL	STAVROPOULOS Theoharys	GBR	PTF	2:0
austrian-open-2026	Senior Men -80kg	R32	311	JOCHMAN Adam	CZE	GALLAND Warrick	SUI	PTF	2:0
austrian-open-2026	Senior Men -80kg	R32	312	GANIYEV Mergen	KAZ	CAJIC Nikola	AUT	PTF	2:0
austrian-open-2026	Senior Men -80kg	R32	313	SZADKOWSKI Michal	POL	ĐODAN Ivan	CRO	PTF	2:0
austrian-open-2026	Senior Men -80kg	R32	314	GUMUS Kaan	GER	BLAZEVSKI Filip	MKD	PTF	2:0
austrian-open-2026	Senior Men -80kg	R32	315	SABAH Abdelrahman	JOR	YEFIMOV Oleksandr	UKR	PTF	2:1
austrian-open-2026	Senior Men -80kg	R16	119	MENDY Mohamed tidjani	SEN	THUNE Sebastian	NOR	PTF	2:1
austrian-open-2026	Senior Men -80kg	R16	319	KOSTENEVYCH Kostiantyn	UKR	SOKOLOWSKI Mikolaj	POL	PTF	2:0
austrian-open-2026	Senior Men -80kg	R16	418	WEIDUM Dion	NED	SZEJA Filip	GER	PTF	2:0
austrian-open-2026	Senior Men -80kg	R16	524	YOUNG Isaiah	USA	MATURO Emanuele vittorio	ITA	PTF	2:1
austrian-open-2026	Senior Men -80kg	R16	619	HURNOV Kyrylo	UKR	GALASSO Simone	ITA	PTF	2:0
austrian-open-2026	Senior Men -80kg	R16	720	HRGOTA Leon	CRO	SABAH Abdelrahman	JOR	PTF	2:0
austrian-open-2026	Senior Men -80kg	R16	823	GUMUS Kaan	GER	SZADKOWSKI Michal	POL	PTF	2:1
austrian-open-2026	Senior Men -80kg	R16	922	GANIYEV Mergen	KAZ	JOCHMAN Adam	CZE	PTF	2:1
austrian-open-2026	Senior Men -80kg	QF	227	KOSTENEVYCH Kostiantyn	UKR	GANIYEV Mergen	KAZ	PTF	2:0
austrian-open-2026	Senior Men -80kg	QF	529	YOUNG Isaiah	USA	MENDY Mohamed tidjani	SEN	PTF	2:1
austrian-open-2026	Senior Men -80kg	QF	930	HRGOTA Leon	CRO	GUMUS Kaan	GER	PTF	2:0
austrian-open-2026	Senior Men -80kg	QF	1026	HURNOV Kyrylo	UKR	WEIDUM Dion	NED	PTF	2:0
austrian-open-2026	Senior Men -80kg	SF	433	HURNOV Kyrylo	UKR	YOUNG Isaiah	USA	PTF	2:1
austrian-open-2026	Senior Men -80kg	SF	434	KOSTENEVYCH Kostiantyn	UKR	HRGOTA Leon	CRO	PTF	2:1
austrian-open-2026	Senior Men -80kg	F	436	KOSTENEVYCH Kostiantyn	UKR	HURNOV Kyrylo	UKR	PTF	2:1
austrian-open-2026	Senior Men -87kg	R16	1225	BABIC Jaka	SLO	KOUGBLENOU Kelly	GER	PTF	2:1
austrian-open-2026	Senior Men -87kg	QF	1227	ALESSIO Simone	ITA	BABIC Jaka	SLO	PTF	2:0
austrian-open-2026	Senior Men -87kg	QF	1228	OBERHOFER Alexander	ITA	BRANTUŠA Roko	CRO	PTF	2:1
austrian-open-2026	Senior Men -87kg	QF	1229	KRPAN Vito	CRO	MOKHTARI Mohammad	TRT	PTF	2:0
austrian-open-2026	Senior Men -87kg	QF	1230	PIATKOWSKI Szymon	POL	GERRONE Antonio	ITA	PTF	2:0
austrian-open-2026	Senior Men -87kg	SF	833	ALESSIO Simone	ITA	OBERHOFER Alexander	ITA	PTF	2:0
austrian-open-2026	Senior Men -87kg	SF	834	KRPAN Vito	CRO	PIATKOWSKI Szymon	POL	PTF	2:1
austrian-open-2026	Senior Men -87kg	F	836	ALESSIO Simone	ITA	KRPAN Vito	CRO	RSC	2:0
austrian-open-2026	Senior Men +87kg	R16	218	DIVKOVIC Patrik	SLO	UNGER Justin	GER	PTF	2:0
austrian-open-2026	Senior Men +87kg	R16	223	ABBASIPOUYA Abolfazl	TRT	KUECUEKSUNGUR Kerim	GER	PTF	2:0
austrian-open-2026	Senior Men +87kg	R16	316	HAREMZA Krystian	POL	NASO Marco	ITA	PTF	2:0
austrian-open-2026	Senior Men +87kg	R16	420	JABLONSKI Zbigniew	POL	MOLIN Mattia	ITA	PTF	2:0
austrian-open-2026	Senior Men +87kg	R16	822	BOZIC Pasko	CRO	HULII David	UKR	PTF	2:0
austrian-open-2026	Senior Men +87kg	R16	1015	HARBAR Andrii	UKR	ALMAGDY Abdula	AUT	PTF	2:0
austrian-open-2026	Senior Men +87kg	R16	1023	DE ANGELIS Matteo	ITA	SAIDI Isa	AUT	PTF	2:0
austrian-open-2026	Senior Men +87kg	R16	1117	GEORGIEVSKI Dejan	MKD	TRAJKOVIC Ivan konrad	SLO	PTF	2:0
austrian-open-2026	Senior Men +87kg	QF	127	JABLONSKI Zbigniew	POL	HAREMZA Krystian	POL	PTF	2:0
austrian-open-2026	Senior Men +87kg	QF	327	GEORGIEVSKI Dejan	MKD	DIVKOVIC Patrik	SLO	PTF	2:0
austrian-open-2026	Senior Men +87kg	QF	328	HARBAR Andrii	UKR	DE ANGELIS Matteo	ITA	PTF	2:1
austrian-open-2026	Senior Men +87kg	QF	927	ABBASIPOUYA Abolfazl	TRT	BOZIC Pasko	CRO	PTF	2:0
austrian-open-2026	Senior Men +87kg	SF		ABBASIPOUYA Abolfazl	TRT	GEORGIEVSKI Dejan	MKD	PTF	2:0
austrian-open-2026	Senior Men +87kg	SF	731	JABLONSKI Zbigniew	POL	HARBAR Andrii	UKR	PTF	2:1
austrian-open-2026	Senior Men +87kg	F	735	ABBASIPOUYA Abolfazl	TRT	JABLONSKI Zbigniew	POL	PTF	2:0
austrian-open-2026	Senior Women -46kg	R32	403	FRASER Olivia	SWE	TAMMILA Ada-emilia	FIN	PTF	2:0
austrian-open-2026	Senior Women -46kg	R32	404	DUNSMORE Lauren	GBR	LAU Tsz wan	HKG	PTF	2:0
austrian-open-2026	Senior Women -46kg	R32	405	GAYE Serrah	FRA	RODRIGUEZ MARTINS Noelia	GER	PTF	2:0
austrian-open-2026	Senior Women -46kg	R32	406	OZKEN Aleyna	GER	GULYAS Evike	GER	PTF	2:1
austrian-open-2026	Senior Women -46kg	R32	407	PRPIC Sara	CRO	NORDH Olivia	SWE	PTF	2:0
austrian-open-2026	Senior Women -46kg	R32	408	PEEVA Deya	BUL	SHVARTS Olha	UKR	PTF	2:0
austrian-open-2026	Senior Women -46kg	R32	409	UZUN Sarah	NED	STARCHENKO Taisiia	UKR	PTF	2:0
austrian-open-2026	Senior Women -46kg	R32	410	GALIERO Giulia	ITA	VITALI Marisol	ITA	PTF	2:0
austrian-open-2026	Senior Women -46kg	R32	411	ZAMPETTI Sofia	ITA	CRISCUOLO Anna	ITA	PTF	2:0
austrian-open-2026	Senior Women -46kg	R32	412	KHORSHIDI Aysa	GBR	CHMILEVSKY Lihi	ISR	RSC	2:0
austrian-open-2026	Senior Women -46kg	R32	413	GALECKA Hanna	POL	FRASER Vilja	SWE	PTF	2:0
austrian-open-2026	Senior Women -46kg	R16	123	TAMMILA Ida-elina	FIN	GALECKA Hanna	POL	PTF	2:0
austrian-open-2026	Senior Women -46kg	R16	219	KHORSHIDI Aysa	GBR	ZAMPETTI Sofia	ITA	RSC	1:0
austrian-open-2026	Senior Women -46kg	R16	222	STURARI Alessia	ITA	OZKEN Aleyna	GER	PTF	2:0
austrian-open-2026	Senior Women -46kg	R16	518	GALIERO Giulia	ITA	UZUN Sarah	NED	PTF	2:0
austrian-open-2026	Senior Women -46kg	R16	719	BRAJOVIC Iva	SRB	PRPIC Sara	CRO	PTF	2:0
austrian-open-2026	Senior Women -46kg	R16	916	BAYECH Rivka	ISR	PEEVA Deya	BUL	PTF	2:0
austrian-open-2026	Senior Women -46kg	R16	1119	DUNSMORE Lauren	GBR	GAYE Serrah	FRA	PTF	2:0
austrian-open-2026	Senior Women -46kg	R16	1121	BERTAGNIN Elisa	ITA	FRASER Olivia	SWE	PTF	2:0
austrian-open-2026	Senior Women -46kg	QF	129	KHORSHIDI Aysa	GBR	TAMMILA Ida-elina	FIN	PTF	2:0
austrian-open-2026	Senior Women -46kg	QF	527	BAYECH Rivka	ISR	GALIERO Giulia	ITA	PTF	2:0
austrian-open-2026	Senior Women -46kg	QF	925	BRAJOVIC Iva	SRB	STURARI Alessia	ITA	PTF	2:1
austrian-open-2026	Senior Women -46kg	QF	926	BERTAGNIN Elisa	ITA	DUNSMORE Lauren	GBR	PTF	2:0
austrian-open-2026	Senior Women -46kg	SF	531	BERTAGNIN Elisa	ITA	BRAJOVIC Iva	SRB	PTF	2:0
austrian-open-2026	Senior Women -46kg	SF	532	KHORSHIDI Aysa	GBR	BAYECH Rivka	ISR	PTF	2:1
austrian-open-2026	Senior Women -46kg	F	535	KHORSHIDI Aysa	GBR	BERTAGNIN Elisa	ITA	PTF	2:0
austrian-open-2026	Senior Women -49kg	R32	1113	DODIK Nika	CRO	CHATZIGEORGIOU Maria	GER	PTF	2:0
austrian-open-2026	Senior Women -49kg	R32	1114	KRAJIC Teodora	AUT	KALKAN Selin-g.	GER	PTF	2:1
austrian-open-2026	Senior Women -49kg	R32	1202	ALLASSAK Oumaima	FRA	GAVRILOV Lana	CRO	PTF	2:0
austrian-open-2026	Senior Women -49kg	R32	1203	MAROUFIDOU Anastasia	GER	BIBERLE Maja lejla	AUT	PTF	2:0
austrian-open-2026	Senior Women -49kg	R32	1204	MARINOVA Teodora	BUL	CARRUS Giulia	ITA	PTF	2:0
austrian-open-2026	Senior Women -49kg	R32	1205	BOUHMIDA Aya	NED	BATAIOSU Maria-cristina	GER	PTF	2:0
austrian-open-2026	Senior Women -49kg	R16	217	KLISOWSKA Zuzanna	POL	MOROCHA Sofia	ISR	PTF	2:0
austrian-open-2026	Senior Women -49kg	R16	521	KRAJEWSKA Nikola	POL	KRAJIC Teodora	AUT	PTF	2:0
austrian-open-2026	Senior Women -49kg	R16	617	KOSTIUK Yaryna	UKR	BARROSO Kiara	POR	PTF	2:0
austrian-open-2026	Senior Women -49kg	R16	622	ATESLI Supharada	GER	DODIK Nika	CRO	PTF	2:0
austrian-open-2026	Senior Women -49kg	R16	716	DAN (DANSHYNA) Oleksandra	ISR	BOUHMIDA Aya	NED	PTF	2:0
austrian-open-2026	Senior Women -49kg	R16	824	ALLASSAK Oumaima	FRA	LAM Siu wai	HKG	PTF	2:1
austrian-open-2026	Senior Women -49kg	R16	917	NESHER Yarden	ISR	MARINOVA Teodora	BUL	PTF	2:0
austrian-open-2026	Senior Women -49kg	R16	1122	KRAJEWSKA Alicja	POL	MAROUFIDOU Anastasia	GER	PTF	2:0
austrian-open-2026	Senior Women -49kg	QF	225	NESHER Yarden	ISR	KRAJEWSKA Alicja	POL	PTF	2:0
austrian-open-2026	Senior Women -49kg	QF	229	DAN (DANSHYNA) Oleksandra	ISR	KLISOWSKA Zuzanna	POL	PTF	2:0
austrian-open-2026	Senior Women -49kg	QF	230	ATESLI Supharada	GER	KOSTIUK Yaryna	UKR	PTF	2:0
austrian-open-2026	Senior Women -49kg	QF	430	ALLASSAK Oumaima	FRA	KRAJEWSKA Nikola	POL	PTF	2:1
austrian-open-2026	Senior Women -49kg	SF	633	ATESLI Supharada	GER	ALLASSAK Oumaima	FRA	PTF	2:0
austrian-open-2026	Senior Women -49kg	SF	634	DAN (DANSHYNA) Oleksandra	ISR	NESHER Yarden	ISR	PTF	2:0
austrian-open-2026	Senior Women -49kg	F	636	DAN (DANSHYNA) Oleksandra	ISR	ATESLI Supharada	GER	PTF	2:0
austrian-open-2026	Senior Women -53kg	R64	901	COSKUN Asli	GER	BARRIERE Lisa	FRA	PTF	2:0
austrian-open-2026	Senior Women -53kg	R64	1001	BENE HAMILL Gina	GBR	BAČURIN Katarina	CRO	PTF	2:0
austrian-open-2026	Senior Women -53kg	R32	907	BENETTI Ines	FRA	COSKUN Asli	GER	PTF	2:0
austrian-open-2026	Senior Women -53kg	R32	908	WOSKOWIAK Natasza	POL	KARIMI Nuria	AUT	PTF	2:1
austrian-open-2026	Senior Women -53kg	R32	909	MAYER Leonie	GER	MARTENS Jule	GER	PTF	2:0
austrian-open-2026	Senior Women -53kg	R32	910	SANGARE Mariam	MLI	WROBEL Michalina	POL	PTF	2:1
austrian-open-2026	Senior Women -53kg	R32	911	GIRE Ines	FRA	IEGIANI Jennifer	ITA	PTF	2:0
austrian-open-2026	Senior Women -53kg	R32	912	SUSILUOTO Inari	FIN	KRIM Sayine	FRA	PTF	2:1
austrian-open-2026	Senior Women -53kg	R32	913	FOFANA Mah teninba	FRA	BINENSTOCK Naama	ISR	PTF	2:0
austrian-open-2026	Senior Women -53kg	R32	914	MAKRYGIANNI Athina	GRE	RADIC Ozana	CRO	PTF	2:0
austrian-open-2026	Senior Women -53kg	R32	1002	VIGDOR Ariel	ISR	KONICA Katerina	ITA	PTF	2:0
austrian-open-2026	Senior Women -53kg	R32	1003	BAUYRZHANOVA Nuray	KAZ	BILLQVIST Felicia	SWE	PTF	2:0
austrian-open-2026	Senior Women -53kg	R32	1004	SARGANTANI Charikleia	GRE	RABAUT Elien	BEL	PTF	2:0
austrian-open-2026	Senior Women -53kg	R32	1005	RADEK Dora	CRO	FRASSICA Anna	ITA	PTF	2:1
austrian-open-2026	Senior Women -53kg	R32	1006	BUTTARELLI Aurelie	FRA	WENIN Maya	ITA	PTF	2:1
austrian-open-2026	Senior Women -53kg	R32	1007	KINGSLEY Lily	GBR	CELLUCCI Silvia	ITA	PTF	2:0
austrian-open-2026	Senior Women -53kg	R32	1008	LEHOUSSINE Sihem	FRA	PFAFF Marbele	GER	PTF	2:0
austrian-open-2026	Senior Women -53kg	R32	1009	ASIMI Adiba	GER	BENE HAMILL Gina	GBR	PTF	2:0
austrian-open-2026	Senior Women -53kg	R16	121	SANGARE Mariam	MLI	MAYER Leonie	GER	PTF	2:0
austrian-open-2026	Senior Women -53kg	R16	124	ASIMI Adiba	GER	LEHOUSSINE Sihem	FRA	PTF	2:0
austrian-open-2026	Senior Women -53kg	R16	419	SUSILUOTO Inari	FIN	GIRE Ines	FRA	PTF	2:0
austrian-open-2026	Senior Women -53kg	R16	421	VIGDOR Ariel	ISR	BAUYRZHANOVA Nuray	KAZ	PTF	2:0
austrian-open-2026	Senior Women -53kg	R16	621	MAKRYGIANNI Athina	GRE	FOFANA Mah teninba	FRA	PTF	2:1
austrian-open-2026	Senior Women -53kg	R16	724	RADEK Dora	CRO	SARGANTANI Charikleia	GRE	PTF	2:1
austrian-open-2026	Senior Women -53kg	R16	817	BENETTI Ines	FRA	WOSKOWIAK Natasza	POL	PTF	2:0
austrian-open-2026	Senior Women -53kg	R16	1021	KINGSLEY Lily	GBR	BUTTARELLI Aurelie	FRA	PTF	2:0
austrian-open-2026	Senior Women -53kg	QF	528	KINGSLEY Lily	GBR	ASIMI Adiba	GER	PTF	2:0
austrian-open-2026	Senior Women -53kg	QF	729	SUSILUOTO Inari	FIN	MAKRYGIANNI Athina	GRE	PTF	2:0
austrian-open-2026	Senior Women -53kg	QF	827	BENETTI Ines	FRA	SANGARE Mariam	MLI	PTF	2:0
austrian-open-2026	Senior Women -53kg	QF	828	VIGDOR Ariel	ISR	RADEK Dora	CRO	PTF	2:0
austrian-open-2026	Senior Women -53kg	SF	233	BENETTI Ines	FRA	SUSILUOTO Inari	FIN	PTF	2:1
austrian-open-2026	Senior Women -53kg	SF	234	KINGSLEY Lily	GBR	VIGDOR Ariel	ISR	PTF	2:1
austrian-open-2026	Senior Women -53kg	F	236	BENETTI Ines	FRA	KINGSLEY Lily	GBR	PTF	2:0
austrian-open-2026	Senior Women -57kg	R64	1101	D'ANGELO Alessandra	ITA	MOGHAL Amna	NOR	PTF	2:0
austrian-open-2026	Senior Women -57kg	R64	1201	LY Nathalie	SWE	SICHERI Cristina	ITA	PTF	2:0
austrian-open-2026	Senior Women -57kg	R32	1010	CARABIN Kanelya	FRA	D'ANGELO Alessandra	ITA	PTF	2:0
austrian-open-2026	Senior Women -57kg	R32	1011	BETT Ava	GBR	OLESZCZUK Lucja	POL	PTF	2:0
austrian-open-2026	Senior Women -57kg	R32	1012	KHORSHIDI Ayda	TRT	LUCERNA Marta	ITA	PTF	2:0
austrian-open-2026	Senior Women -57kg	R32	1013	ROVITHIS Anastasia	GER	BULOW Alice	SWE	PTF	2:0
austrian-open-2026	Senior Women -57kg	R32	1014	VUKIC Margarita	CRO	FLEGROVA Hana	CZE	PTF	2:0
austrian-open-2026	Senior Women -57kg	R32	1102	BOUBACIR Madeenah	FRA	SO Yuen ting	HKG	PTF	2:0
austrian-open-2026	Senior Women -57kg	R32	1103	WOLF Jessica	GER	VAN PASSEL Amelie	BEL	PTF	2:0
austrian-open-2026	Senior Women -57kg	R32	1104	LISOWSKA Nikol	POL	DARGIE Olivia	POL	PTF	2:0
austrian-open-2026	Senior Women -57kg	R32	1105	SEVOSTYANOVA Mariya	KAZ	OZER Binnur	GER	PTF	2:0
austrian-open-2026	Senior Women -57kg	R32	1106	LAKEHAL-ROLLINGS Manissa	FRA	KRAJEWSKA Agnieszka	POL	PTF	2:1
austrian-open-2026	Senior Women -57kg	R32	1107	REZAIE Roja	GER	MARINIC Tara	CRO	PTF	2:0
austrian-open-2026	Senior Women -57kg	R32	1108	KOSTENEVYCH Darya	UKR	LYTVYNENKO Kira	UKR	PTF	2:0
austrian-open-2026	Senior Women -57kg	R32	1109	AYDIN KONSTANTINIDIS Ela	GER	AL HALWANI Elisa	ITA	PTF	2:0
austrian-open-2026	Senior Women -57kg	R32	1110	DAGNET Divine luccia	FRA	BANGURA Aisha	GER	PTF	2:0
austrian-open-2026	Senior Women -57kg	R32	1111	MOUCH Sara	NED	PEZZOLLA Lucia	ITA	PTF	2:0
austrian-open-2026	Senior Women -57kg	R32	1112	AL HALWANI Giada	ITA	LY Nathalie	SWE	PTF	2:1
austrian-open-2026	Senior Women -57kg	R16	116	SEVOSTYANOVA Mariya	KAZ	LAKEHAL-ROLLINGS Manissa	FRA	PTF	2:0
austrian-open-2026	Senior Women -57kg	R16	220	REZAIE Roja	GER	KOSTENEVYCH Darya	UKR	PTF	2:0
austrian-open-2026	Senior Women -57kg	R16	325	KHORSHIDI Ayda	TRT	ROVITHIS Anastasia	GER	PTF	2:0
austrian-open-2026	Senior Women -57kg	R16	517	VUKIC Margarita	CRO	BOUBACIR Madeenah	FRA	PTF	2:0
austrian-open-2026	Senior Women -57kg	R16	522	CARABIN Kanelya	FRA	BETT Ava	GBR	PTF	2:0
austrian-open-2026	Senior Women -57kg	R16	825	AYDIN KONSTANTINIDIS Ela	GER	DAGNET Divine luccia	FRA	PTF	2:0
austrian-open-2026	Senior Women -57kg	R16	915	AL HALWANI Giada	ITA	MOUCH Sara	NED	PTF	2:0
austrian-open-2026	Senior Women -57kg	R16	924	LISOWSKA Nikol	POL	WOLF Jessica	GER	PTF	2:1
austrian-open-2026	Senior Women -57kg	QF	428	LISOWSKA Nikol	POL	VUKIC Margarita	CRO	PTF	2:0
austrian-open-2026	Senior Women -57kg	QF	727	REZAIE Roja	GER	SEVOSTYANOVA Mariya	KAZ	PTF	2:1
austrian-open-2026	Senior Women -57kg	QF	826	AYDIN KONSTANTINIDIS Ela	GER	AL HALWANI Giada	ITA	WDR	2:0
austrian-open-2026	Senior Women -57kg	QF	1028	KHORSHIDI Ayda	TRT	CARABIN Kanelya	FRA	PTF	2:0
austrian-open-2026	Senior Women -57kg	SF	331	KHORSHIDI Ayda	TRT	LISOWSKA Nikol	POL	PTF	2:1
austrian-open-2026	Senior Women -57kg	SF	332	AYDIN KONSTANTINIDIS Ela	GER	REZAIE Roja	GER	PTF	2:1
austrian-open-2026	Senior Women -57kg	F	335	KHORSHIDI Ayda	TRT	AYDIN KONSTANTINIDIS Ela	GER	PTF	2:0
austrian-open-2026	Senior Women -62kg	R32	103	CHRISTY Beth	GBR	MANGEN Lennie	LUX	PTF	2:0
austrian-open-2026	Senior Women -62kg	R32	104	HOFFMANN Emilia	POL	STAMOU Daphne	GRE	PTF	2:0
austrian-open-2026	Senior Women -62kg	R32	105	JELIC Ivona	CRO	HABIJANCIC Dora	CRO	PTF	2:1
austrian-open-2026	Senior Women -62kg	R32	106	PYPOT Iryna	UKR	MCPHILLIE Neve	GBR	PTF	2:1
austrian-open-2026	Senior Women -62kg	R32	107	EK Isabella	SWE	BRILZ Emilia	GER	PTF	2:0
austrian-open-2026	Senior Women -62kg	R32	108	DAGNET Miliane haizel	FRA	SJOVALL Mira	FIN	PTF	2:1
austrian-open-2026	Senior Women -62kg	R32	109	GOEBEL Laura	GER	ECKER Zoey	AUT	PTF	2:0
austrian-open-2026	Senior Women -62kg	R32	110	RELJIKJ Miljana	MKD	MENDY Fatimma	SEN	PTF	2:0
austrian-open-2026	Senior Women -62kg	R32	111	LEONOVA Mariia	UKR	ANDERSSON Tindra	SWE	PTF	2:0
austrian-open-2026	Senior Women -62kg	R32	112	FOSSACECA Anna	ITA	LANGOUSTE-ASSOUMAYA Lyhana	FRA	PTF	2:1
austrian-open-2026	Senior Women -62kg	R32	113	KICEMA Helena	CRO	JOHANSSON Emma	FIN	PTF	2:1
austrian-open-2026	Senior Women -62kg	R32	114	DOUCET Teeyah	FRA	KOENIGSECKER Valerie	AUT	PTF	2:0
austrian-open-2026	Senior Women -62kg	R32	115	HADDAD Khalida	ALG	YAZICI Zumra	GER	PTF	2:0
austrian-open-2026	Senior Women -62kg	R32	203	FRANCESCHI Francesca maria	FRA	LANGNER Natalia	POL	RSC	2:0
austrian-open-2026	Senior Women -62kg	R16	120	SZPAK Julia	POL	FRANCESCHI Francesca maria	FRA	PTF	2:0
austrian-open-2026	Senior Women -62kg	R16	416	STOLBOVA Petra	CZE	CHRISTY Beth	GBR	PTF	2:0
austrian-open-2026	Senior Women -62kg	R16	519	RELJIKJ Miljana	MKD	LEONOVA Mariia	UKR	PTF	2:0
austrian-open-2026	Senior Women -62kg	R16	723	HOFFMANN Emilia	POL	JELIC Ivona	CRO	PTF	2:1
austrian-open-2026	Senior Women -62kg	R16	821	PYPOT Iryna	UKR	EK Isabella	SWE	PTF	2:1
austrian-open-2026	Senior Women -62kg	R16	918	GOEBEL Laura	GER	DAGNET Miliane haizel	FRA	PTF	2:0
austrian-open-2026	Senior Women -62kg	R16	1118	KICEMA Helena	CRO	FOSSACECA Anna	ITA	PTF	2:0
austrian-open-2026	Senior Women -62kg	R16	1120	HADDAD Khalida	ALG	DOUCET Teeyah	FRA	PTF	2:0
austrian-open-2026	Senior Women -62kg	QF	530	GOEBEL Laura	GER	PYPOT Iryna	UKR	PTF	2:1
austrian-open-2026	Senior Women -62kg	QF	627	STOLBOVA Petra	CZE	HOFFMANN Emilia	POL	PTF	2:1
austrian-open-2026	Senior Women -62kg	QF	630	RELJIKJ Miljana	MKD	KICEMA Helena	CRO	PTF	2:1
austrian-open-2026	Senior Women -62kg	QF	928	SZPAK Julia	POL	HADDAD Khalida	ALG	PTF	2:1
austrian-open-2026	Senior Women -62kg	SF	333	STOLBOVA Petra	CZE	GOEBEL Laura	GER	PTF	2:0
austrian-open-2026	Senior Women -62kg	SF	334	SZPAK Julia	POL	RELJIKJ Miljana	MKD	PTF	2:0
austrian-open-2026	Senior Women -62kg	F	336	SZPAK Julia	POL	STOLBOVA Petra	CZE	PTF	2:1
austrian-open-2026	Senior Women -67kg	R32	414	NOWAK Julia	POL	BLITEK Cloe	FRA	PTF	2:0
austrian-open-2026	Senior Women -67kg	R32	415	PAVLENKO Alisa	GER	KOUSHAN Diviana-lara	GER	PTF	2:0
austrian-open-2026	Senior Women -67kg	R32	503	MINK Amy	NED	ZISCHKA Zora	GER	PTF	2:0
austrian-open-2026	Senior Women -67kg	R32	504	RUCINSKI Viktoria	GER	KOWALKOWSKA Justyna	POL	PTF	2:1
austrian-open-2026	Senior Women -67kg	R32	505	BAUER Caroline	GER	ABDEL FATTAH Sarah	AUT	PTF	2:0
austrian-open-2026	Senior Women -67kg	R32	506	JASARAGIC Dania	AUT	PAGLIAI Giada	ITA	PTF	2:0
austrian-open-2026	Senior Women -67kg	R32	507	FABER Isabelle	LUX	KAROPKA Emma novelie	GER	PTF	2:0
austrian-open-2026	Senior Women -67kg	R32	508	TOMCZAK Tatiana	POL	KILIC Melike	BEL	PTF	2:0
austrian-open-2026	Senior Women -67kg	R32	509	POLE Doris	CRO	LOZOWSKA Oliwia	POL	PTF	2:0
austrian-open-2026	Senior Women -67kg	R32	510	ARELIC Ivana	CRO	WILLIAMS Lola	GBR	PTF	2:0
austrian-open-2026	Senior Women -67kg	R32	511	HABULIN Kim Vivian	GER	SCHMIDT Lisa	GER	PTF	2:0
austrian-open-2026	Senior Women -67kg	R16	118	MINK Amy	NED	PAVLENKO Alisa	GER	PTF	2:0
austrian-open-2026	Senior Women -67kg	R16	320	TOMCZAK Tatiana	POL	FABER Isabelle	LUX	PTF	2:0
austrian-open-2026	Senior Women -67kg	R16	424	HABULIN Kim Vivian	GER	JELIĆ Matea	CRO	PTF	2:0
austrian-open-2026	Senior Women -67kg	R16	523	POLE Doris	CRO	ARELIC Ivana	CRO	PTF	2:1
austrian-open-2026	Senior Women -67kg	R16	616	MEHNANA Ines	FRA	JASARAGIC Dania	AUT	PTF	2:0
austrian-open-2026	Senior Women -67kg	R16	623	RUCINSKI Viktoria	GER	KOERNDL Vanessa	GER	PTF	2:0
austrian-open-2026	Senior Women -67kg	R16	819	KANOUTE Iman	MLI	BAUER Caroline	GER	PTF	2:0
austrian-open-2026	Senior Women -67kg	R16	919	NOWAK Julia	POL	ANYANACHO Elizabeth oluchi	NGR	PTF	2:0
austrian-open-2026	Senior Women -67kg	QF	626	KANOUTE Iman	MLI	RUCINSKI Viktoria	GER	PTF	2:0
austrian-open-2026	Senior Women -67kg	QF	929	NOWAK Julia	POL	MINK Amy	NED	PTF	2:0
austrian-open-2026	Senior Women -67kg	QF	1025	HABULIN Kim Vivian	GER	POLE Doris	CRO	PTF	2:1
austrian-open-2026	Senior Women -67kg	QF	1027	MEHNANA Ines	FRA	TOMCZAK Tatiana	POL	PTF	2:1
austrian-open-2026	Senior Women -67kg	SF	533	NOWAK Julia	POL	KANOUTE Iman	MLI	PTF	2:0
austrian-open-2026	Senior Women -67kg	SF	534	MEHNANA Ines	FRA	HABULIN Kim Vivian	GER	PTF	2:1
austrian-open-2026	Senior Women -67kg	F	536	NOWAK Julia	POL	MEHNANA Ines	FRA	PTF	2:0
austrian-open-2026	Senior Women -73kg	R16	1219	NEDIC Marlen sophie	GER	HUTZEN Hanna	GER	PTF	2:0
austrian-open-2026	Senior Women -73kg	R16	1220	PODOLIAN Renata	UKR	HADZIC Alema	GER	PTF	2:0
austrian-open-2026	Senior Women -73kg	R16	1221	PETROVIC Iva	SRB	BANAS Nina	POL	PTF	2:0
austrian-open-2026	Senior Women -73kg	R16	1222	JUHASZOVA Iveta	CZE	AKIN Selina	GER	PTF	2:0
austrian-open-2026	Senior Women -73kg	R16	1223	KOLOVRAT Matea	CRO	MERUNOWICZ Martyna	POL	PTF	2:0
austrian-open-2026	Senior Women -73kg	R16	1224	TYMOFIEIEVA Mariia	UKR	HELDNER Laura	SUI	PTF	2:0
austrian-open-2026	Senior Women -73kg	QF	1127	MASTELIC Mila	CRO	NEDIC Marlen sophie	GER	PTF	2:0
austrian-open-2026	Senior Women -73kg	QF	1128	PETROVIC Iva	SRB	PODOLIAN Renata	UKR	PTF	2:0
austrian-open-2026	Senior Women -73kg	QF	1129	JUHASZOVA Iveta	CZE	KOLOVRAT Matea	CRO	PTF	2:1
austrian-open-2026	Senior Women -73kg	QF	1226	HOERMANN Emily	GER	TYMOFIEIEVA Mariia	UKR	PTF	2:0
austrian-open-2026	Senior Women -73kg	SF	831	MASTELIC Mila	CRO	PETROVIC Iva	SRB	PTF	2:1
austrian-open-2026	Senior Women -73kg	SF	832	JUHASZOVA Iveta	CZE	HOERMANN Emily	GER	PTF	2:0
austrian-open-2026	Senior Women -73kg	F	835	MASTELIC Mila	CRO	JUHASZOVA Iveta	CZE	PTF	2:0
austrian-open-2026	Senior Women +73kg	R16	122	KOWALCZUK Aleksandra	POL	MAURACHER Alexandra	AUT	PTF	2:0
austrian-open-2026	Senior Women +73kg	R16	324	KUCHYNA Viktoriia	UKR	AYANG Veronica mbang esono	GEQ	PTF	2:0
austrian-open-2026	Senior Women +73kg	R16	1019	HUSOVIC Darija	GER	HAMADACHE Emna	FRA	PTF	2:1
austrian-open-2026	Senior Women +73kg	R16	1022	KLOOSTERMAN Famke	NED	SESAR Lea	AUT	PTF	2:0
austrian-open-2026	Senior Women +73kg	R16	1216	HUSOVIC Esmeralda	GER	HAWASH Dania	SWE	PTF	2:0
austrian-open-2026	Senior Women +73kg	R16	1217	ZELJKO Darija	CRO	SEVIC Andela	SRB	PTF	2:0
austrian-open-2026	Senior Women +73kg	R16	1218	BRANDL Lorena	GER	VROEGH Nielle	NED	PTF	2:0
austrian-open-2026	Senior Women +73kg	QF	130	HUSOVIC Darija	GER	KOWALCZUK Aleksandra	POL	PTF	2:0
austrian-open-2026	Senior Women +73kg	QF	1029	HAREMZA Dagmara	POL	KUCHYNA Viktoriia	UKR	PTF	2:1
austrian-open-2026	Senior Women +73kg	QF	1125	HUSOVIC Esmeralda	GER	KLOOSTERMAN Famke	NED	PTF	2:0
austrian-open-2026	Senior Women +73kg	QF	1126	BRANDL Lorena	GER	ZELJKO Darija	CRO	PTF	2:0
austrian-open-2026	Senior Women +73kg	SF	733	HUSOVIC Darija	GER	HAREMZA Dagmara	POL	WDR	
austrian-open-2026	Senior Women +73kg	SF	734	BRANDL Lorena	GER	HUSOVIC Esmeralda	GER	PTF	2:0
austrian-open-2026	Senior Women +73kg	F	736	BRANDL Lorena	GER	HUSOVIC Darija	GER	PTF	2:0
bulgaria-open-2026	Senior Men -54kg	R32	801	NADAL MIR Bernat	ESP	BARSEGOVI Daniel	GEO	PTF	2:1
bulgaria-open-2026	Senior Men -54kg	R32	802	GRITSENKO Vladimir	RUS	PARA Kirill	MDA	PTF	2:0
bulgaria-open-2026	Senior Men -54kg	R32	803	BELAVYI Mikita	BLR	DAVILA RODRIGUEZ Adrian	ESP	PTF	2:0
bulgaria-open-2026	Senior Men -54kg	R32	804	SAGYNDYK Nurassyl	KAZ	CIRIVELLO Gaetano	ITA	PTF	2:1
bulgaria-open-2026	Senior Men -54kg	R32	1001	TASKYN Temirzhan	KAZ	ANDRONIKOU Chrysovalantis	CYP	PTF	2:0
bulgaria-open-2026	Senior Men -54kg	R32	1002	KAZLOU Aliaksandr	BLR	LEHTINEN Valtteri	FIN	PTF	2:0
bulgaria-open-2026	Senior Men -54kg	R32	1003	YENSEGENOV Yerkebulan	KAZ	MAKAS Maksim	BLR	PTF	2:0
bulgaria-open-2026	Senior Men -54kg	R32	1004	DUBAR Armaan	NED	ARMENIO Angelo	ITA	PTF	2:0
bulgaria-open-2026	Senior Men -54kg	R16	814	ALDAOUD Ja'afar	JOR	NADAL MIR Bernat	ESP	PTF	2:0
bulgaria-open-2026	Senior Men -54kg	R16	815	KAZLOU Yahor	BLR	GRITSENKO Vladimir	RUS	PTF	2:0
bulgaria-open-2026	Senior Men -54kg	R16	816	OTERO SOUSA Javier	ESP	BELAVYI Mikita	BLR	PTF	2:0
bulgaria-open-2026	Senior Men -54kg	R16	817	ALMUSHRAF Abdullah essa a	KSA	SAGYNDYK Nurassyl	KAZ	PTF	2:0
bulgaria-open-2026	Senior Men -54kg	R16	1011	AGENJO TRIGOS Jairo	ESP	TASKYN Temirzhan	KAZ	PTF	2:0
bulgaria-open-2026	Senior Men -54kg	R16	1012	ROSCA Artiom	MDA	KAZLOU Aliaksandr	BLR	PTF	2:1
bulgaria-open-2026	Senior Men -54kg	R16	1013	YENSEGENOV Yerkebulan	KAZ	BALAKHNEEV Dmitriy	RUS	PTF	2:0
bulgaria-open-2026	Senior Men -54kg	R16	1014	GEORGIEV Hristiyan	BUL	DUBAR Armaan	NED	PTF	2:0
bulgaria-open-2026	Senior Men -54kg	QF	846	KAZLOU Yahor	BLR	ALDAOUD Ja'afar	JOR	PTF	2:1
bulgaria-open-2026	Senior Men -54kg	QF	847	OTERO SOUSA Javier	ESP	ALMUSHRAF Abdullah essa a	KSA	PTF	2:0
bulgaria-open-2026	Senior Men -54kg	QF	1043	AGENJO TRIGOS Jairo	ESP	ROSCA Artiom	MDA	PTF	2:1
bulgaria-open-2026	Senior Men -54kg	QF	1044	YENSEGENOV Yerkebulan	KAZ	GEORGIEV Hristiyan	BUL	PTF	2:0
bulgaria-open-2026	Senior Men -54kg	SF	854	KAZLOU Yahor	BLR	OTERO SOUSA Javier	ESP	PTF	2:0
bulgaria-open-2026	Senior Men -54kg	SF	855	YENSEGENOV Yerkebulan	KAZ	AGENJO TRIGOS Jairo	ESP	PTF	2:0
bulgaria-open-2026	Senior Men -54kg	F	858	YENSEGENOV Yerkebulan	KAZ	KAZLOU Yahor	BLR	PTF	2:0
bulgaria-open-2026	Senior Men -58kg	R64	326.1	ELIA Luigi antonio	ITA	DELGADO HERNANDEZ David	ESP	PTF	2:0
bulgaria-open-2026	Senior Men -58kg	R64	326.2	DJONKO Ibrahim	BIH	MALIAKAS Charilaos	GRE	PTF	2:0
bulgaria-open-2026	Senior Men -58kg	R64	426.2	IVKOVIC Relja	SRB	POURNATZIS Konstantinos	GRE	PTF	2:0
bulgaria-open-2026	Senior Men -58kg	R64	626.1	PAPAIOANNOU Marios Leonidas	GRE	DEL RIO CARAMES Manuel	ESP	PTF	2:0
bulgaria-open-2026	Senior Men -58kg	R64	701	KLUCHEV Asadbek	KAZ	IVAN Faruk Eduard	ROU	PTF	2:1
bulgaria-open-2026	Senior Men -58kg	R64	807	BULAVIN Mykyta	UKR	CORDOBA VILLARTE Alvaro	ESP	PTF	2:0
bulgaria-open-2026	Senior Men -58kg	R64	808	ISMAIL Sanzhar	KAZ	REALE Marco	ITA	PTF	2:0
bulgaria-open-2026	Senior Men -58kg	R64	809	KAFATARIDIS Ioannis	GRE	ILIC Nikola	SRB	PTF	2:0
bulgaria-open-2026	Senior Men -58kg	R64	810	VARLAMAU Raman	BLR	ILIEV Aleksandar	BUL	PTF	2:1
bulgaria-open-2026	Senior Men -58kg	R64	926.1	AKBI Alisher	KAZ	IVANOVIC Andrej	SRB	PTF	2:0
bulgaria-open-2026	Senior Men -58kg	R64	926.2	BOJERUD BANDAGO Elias ibrahim	SWE	BAILEY Thomas	GBR	PTF	2:0
bulgaria-open-2026	Senior Men -58kg	R32	434.1	MANENKOV Maksym	UKR	KLUCHEV Asadbek	KAZ	PTF	2:0
bulgaria-open-2026	Senior Men -58kg	R32	435.1	TORRE Elia	ITA	IOANNOU Stelios	CYP	PTF	2:0
bulgaria-open-2026	Senior Men -58kg	R32	436.1	VIVES SAEZ Isaac	ESP	IVKOVIC Relja	SRB	PTF	2:1
bulgaria-open-2026	Senior Men -58kg	R32	436.2	ISLAMOV Zhavokhirkhon	KAZ	AKBI Alisher	KAZ	PTF	2:0
bulgaria-open-2026	Senior Men -58kg	R32	818	PSARROS Aristeidis nikolaos	GRE	ELIA Luigi antonio	ITA	PTF	2:0
bulgaria-open-2026	Senior Men -58kg	R32	819	OTEGEN Askar	KAZ	GUSEINOV Damir	RUS	PTF	2:0
bulgaria-open-2026	Senior Men -58kg	R32	820	SHERRATT Alexander	GBR	DJONKO Ibrahim	BIH	PTF	2:0
bulgaria-open-2026	Senior Men -58kg	R32	821	BULAVIN Mykyta	UKR	VASILIC Todor	SRB	PTF	2:1
bulgaria-open-2026	Senior Men -58kg	R32	822	SARSOZA Zack	GBR	ISMAIL Sanzhar	KAZ	PTF	2:0
bulgaria-open-2026	Senior Men -58kg	R32	823	DEL VECCHIO Teodoro	ITA	KAFATARIDIS Ioannis	GRE	PTF	2:0
bulgaria-open-2026	Senior Men -58kg	R32	824	ESCOLAR PARRA Ivan	ESP	AMELHAYI Mehdi	FRA	PTF	2:0
bulgaria-open-2026	Senior Men -58kg	R32	825	VARLAMAU Raman	BLR	DIMITROPOULOS Konstantinos	GRE	PTF	2:1
bulgaria-open-2026	Senior Men -58kg	R32	934.1	FRAILE RODRIGUEZ Jesus	ESP	BOJERUD BANDAGO Elias ibrahim	SWE	PTF	2:1
bulgaria-open-2026	Senior Men -58kg	R32	935.1	DUISENBEK Aziret	KAZ	ADEMI Bleron	KOS	PTF	2:0
bulgaria-open-2026	Senior Men -58kg	R32	936.1	BITSUEV Kantemir	RUS	HAMDI Riad nasser a	KSA	PTF	2:0
bulgaria-open-2026	Senior Men -58kg	R32	936.2	KORNEEV Lev	SRB	PAPAIOANNOU Marios Leonidas	GRE	WDR	
bulgaria-open-2026	Senior Men -58kg	R16	733	MANENKOV Maksym	UKR	TORRE Elia	ITA	PTF	2:1
bulgaria-open-2026	Senior Men -58kg	R16	734	ISLAMOV Zhavokhirkhon	KAZ	VIVES SAEZ Isaac	ESP	PTF	2:1
bulgaria-open-2026	Senior Men -58kg	R16	735	FRAILE RODRIGUEZ Jesus	ESP	DUISENBEK Aziret	KAZ	PTF	2:0
bulgaria-open-2026	Senior Men -58kg	R16	736	BITSUEV Kantemir	RUS	KORNEEV Lev	SRB	PTF	2:0
bulgaria-open-2026	Senior Men -58kg	R16	838	OTEGEN Askar	KAZ	PSARROS Aristeidis nikolaos	GRE	PTF	2:0
bulgaria-open-2026	Senior Men -58kg	R16	839	SHERRATT Alexander	GBR	BULAVIN Mykyta	UKR	PTF	2:0
bulgaria-open-2026	Senior Men -58kg	R16	840	SARSOZA Zack	GBR	DEL VECCHIO Teodoro	ITA	PTF	2:0
bulgaria-open-2026	Senior Men -58kg	R16	841	ESCOLAR PARRA Ivan	ESP	VARLAMAU Raman	BLR	PTF	2:1
bulgaria-open-2026	Senior Men -58kg	QF	254	FRAILE RODRIGUEZ Jesus	ESP	BITSUEV Kantemir	RUS	PTF	2:0
bulgaria-open-2026	Senior Men -58kg	QF	743	ISLAMOV Zhavokhirkhon	KAZ	MANENKOV Maksym	UKR	PTF	2:1
bulgaria-open-2026	Senior Men -58kg	QF	850	SHERRATT Alexander	GBR	OTEGEN Askar	KAZ	PTF	2:0
bulgaria-open-2026	Senior Men -58kg	QF	851	SARSOZA Zack	GBR	ESCOLAR PARRA Ivan	ESP	PTF	2:1
bulgaria-open-2026	Senior Men -58kg	SF	747	ISLAMOV Zhavokhirkhon	KAZ	FRAILE RODRIGUEZ Jesus	ESP	PTF	2:1
bulgaria-open-2026	Senior Men -58kg	SF	754	SARSOZA Zack	GBR	SHERRATT Alexander	GBR	PTF	2:1
bulgaria-open-2026	Senior Men -58kg	F	757	ISLAMOV Zhavokhirkhon	KAZ	SARSOZA Zack	GBR	PTF	2:1
bulgaria-open-2026	Senior Men -63kg	R64	101	CASTAGNA Salvatore	ITA	CHRISTOUDIAS Diogenis	CYP	PTF	2:0
bulgaria-open-2026	Senior Men -63kg	R64	111	FUNKENDORF Vladyslav	UKR	BOGDANOV Tsvetomir	BUL	PTF	2:0
bulgaria-open-2026	Senior Men -63kg	R64	112	SANCHIS ORTEGA Izan	ESP	NACHEV Luboslav	BUL	PTF	2:0
bulgaria-open-2026	Senior Men -63kg	R64	113	NESTOROVIĆ Vasilije	MNE	STANIC Novak	SRB	PTF	2:1
bulgaria-open-2026	Senior Men -63kg	R64	114	LAANTRI Hamza	ITA	ATANASOV Atanas	BUL	PTF	2:0
bulgaria-open-2026	Senior Men -63kg	R64	115	MITKOV Stanislav	BUL	ACHNINE Aymen	NED	PTF	2:0
bulgaria-open-2026	Senior Men -63kg	R64	201	OSIN Maksim	RUS	MOLLE Milan	NED	PTF	2:0
bulgaria-open-2026	Senior Men -63kg	R64	202	IMANTAYEV Aibek	KAZ	MAIKOV Vladyslav	UKR	PTF	2:0
bulgaria-open-2026	Senior Men -63kg	R64	203	ORALKHANOV Bektore	KAZ	ANDRONIKOU Kyriakos	CYP	PTF	2:1
bulgaria-open-2026	Senior Men -63kg	R64	204	ISRAILOV Zhassurbek	KAZ	SETRODIPO Jayden	NED	RSC	1:0
bulgaria-open-2026	Senior Men -63kg	R64	205	SHISHKO Dmitrii	RUS	NURDAULET Temirbay	KAZ	PTF	2:0
bulgaria-open-2026	Senior Men -63kg	R64	206	SERIKOV Islam	KAZ	VUKOTIC Danilo	SRB	PTF	2:0
bulgaria-open-2026	Senior Men -63kg	R64	207	KASIDIARIS Nikolaos	GRE	SCHOENMAKERS Shymano	NED	PTF	2:0
bulgaria-open-2026	Senior Men -63kg	R64	208	BANDAREVICH Maksim	BLR	HRISTOV Anton	BUL	PTF	2:0
bulgaria-open-2026	Senior Men -63kg	R64	209	IURLARO Ludovico	ITA	DEL HOYO HERVIAS Noah	ESP	PTF	2:0
bulgaria-open-2026	Senior Men -63kg	R64	210	CHARNIAK Viktar	BLR	YSKAK Alikhan	KAZ	PTF	2:0
bulgaria-open-2026	Senior Men -63kg	R64	211	ABILKASSYM Abdulla	KAZ	KLJAJIC Nikola	SRB	PTF	2:1
bulgaria-open-2026	Senior Men -63kg	R64	212	FERNANDEZ AYARZA Nicolas	ESP	MIHAJLOVIC Vuk	SRB	PTF	2:0
bulgaria-open-2026	Senior Men -63kg	R64	213	KHASSAN Yerbolat	KAZ	ALSAFFOURI Tayam	TRT	PTF	2:0
bulgaria-open-2026	Senior Men -63kg	R64	214	DELL'AQUILA Vito	ITA	YOUSIF Mahmoud bassam	JOR	PTF	2:0
bulgaria-open-2026	Senior Men -63kg	R64	215	NIYAZOV Azim	KAZ	DIMOU Paulos	GRE	PTF	2:0
bulgaria-open-2026	Senior Men -63kg	R64	430.1	BAKYTZHANULY Bekzhan	KAZ	HORVATH Matej	SVK	RSC	1:0
bulgaria-open-2026	Senior Men -63kg	R64	430.2	DOLGIYEV Akramat	KAZ	LO PINTO Daniel	ITA	PTF	2:1
bulgaria-open-2026	Senior Men -63kg	R64	526.2	RAKHYMBEK Rauan	KAZ	FLOURIS Iosif	CYP	PTF	2:0
bulgaria-open-2026	Senior Men -63kg	R64	530.1	ARILLO VAZQUEZ Hugo	ESP	MELETIOU Thomas	GRE	PTF	2:0
bulgaria-open-2026	Senior Men -63kg	R64	530.2	FERRARO Davide	ITA	SHRAMUK Uladzimir	BLR	PTF	2:1
bulgaria-open-2026	Senior Men -63kg	R64	532.1	ORALBEKOV Yerdos	KAZ	ADEMI Valton	KOS	PTF	2:0
bulgaria-open-2026	Senior Men -63kg	R64	532.2	LOMARTIRE Matias	ITA	CAZACU. Andrei	MDA	PTF	2:0
bulgaria-open-2026	Senior Men -63kg	R64	930.1	KASSANOV Izyat	KAZ	VASILEVSKI Andrej	MKD	PTF	2:0
bulgaria-open-2026	Senior Men -63kg	R64	930.2	PAPAZOGONOPOULOS Dimitrios Arist	GRE	DARIUS Prutica	ROU	PTF	2:0
bulgaria-open-2026	Senior Men -63kg	R32	127	VICENTE YUNTA Adrian	ESP	CASTAGNA Salvatore	ITA	PTF	2:0
bulgaria-open-2026	Senior Men -63kg	R32	128	RAKHYMBEK Rauan	KAZ	BAKYTZHANULY Bekzhan	KAZ	PTF	2:0
bulgaria-open-2026	Senior Men -63kg	R32	129	DOLGIYEV Akramat	KAZ	ARILLO VAZQUEZ Hugo	ESP	PTF	2:0
bulgaria-open-2026	Senior Men -63kg	R32	130	ORALBEKOV Yerdos	KAZ	FERRARO Davide	ITA	PTF	2:0
bulgaria-open-2026	Senior Men -63kg	R32	131	KASSANOV Izyat	KAZ	LOMARTIRE Matias	ITA	PTF	2:0
bulgaria-open-2026	Senior Men -63kg	R32	132	FUNKENDORF Vladyslav	UKR	PAPAZOGONOPOULOS Dimitrios Arist	GRE	PTF	2:0
bulgaria-open-2026	Senior Men -63kg	R32	133	NESTOROVIĆ Vasilije	MNE	SANCHIS ORTEGA Izan	ESP	PTF	2:0
bulgaria-open-2026	Senior Men -63kg	R32	134	MITKOV Stanislav	BUL	LAANTRI Hamza	ITA	PTF	2:0
bulgaria-open-2026	Senior Men -63kg	R32	219	OSIN Maksim	RUS	IMANTAYEV Aibek	KAZ	PTF	2:0
bulgaria-open-2026	Senior Men -63kg	R32	220	ORALKHANOV Bektore	KAZ	ISRAILOV Zhassurbek	KAZ	PTF	2:0
bulgaria-open-2026	Senior Men -63kg	R32	221	SHISHKO Dmitrii	RUS	SERIKOV Islam	KAZ	PTF	2:0
bulgaria-open-2026	Senior Men -63kg	R32	222	BANDAREVICH Maksim	BLR	KASIDIARIS Nikolaos	GRE	PTF	2:0
bulgaria-open-2026	Senior Men -63kg	R32	223	IURLARO Ludovico	ITA	CHARNIAK Viktar	BLR	PTF	2:0
bulgaria-open-2026	Senior Men -63kg	R32	224	FERNANDEZ AYARZA Nicolas	ESP	ABILKASSYM Abdulla	KAZ	PTF	2:0
bulgaria-open-2026	Senior Men -63kg	R32	225	DELL'AQUILA Vito	ITA	KHASSAN Yerbolat	KAZ	PTF	2:1
bulgaria-open-2026	Senior Men -63kg	R32	226	BAGOV Idar	RUS	NIYAZOV Azim	KAZ	PTF	2:1
bulgaria-open-2026	Senior Men -63kg	R16	143	VICENTE YUNTA Adrian	ESP	RAKHYMBEK Rauan	KAZ	PTF	2:1
bulgaria-open-2026	Senior Men -63kg	R16	239	OSIN Maksim	RUS	ORALKHANOV Bektore	KAZ	PTF	2:1
bulgaria-open-2026	Senior Men -63kg	R16	240	SHISHKO Dmitrii	RUS	BANDAREVICH Maksim	BLR	PTF	2:0
bulgaria-open-2026	Senior Men -63kg	R16	241	IURLARO Ludovico	ITA	FERNANDEZ AYARZA Nicolas	ESP	PTF	2:0
bulgaria-open-2026	Senior Men -63kg	R16	242	DELL'AQUILA Vito	ITA	BAGOV Idar	RUS	PTF	2:1
bulgaria-open-2026	Senior Men -63kg	R16	250.1	FUNKENDORF Vladyslav	UKR	KASSANOV Izyat	KAZ	RSC	
bulgaria-open-2026	Senior Men -63kg	R16	250.2	MITKOV Stanislav	BUL	NESTOROVIĆ Vasilije	MNE	PTF	2:0
bulgaria-open-2026	Senior Men -63kg	R16	348.1	DOLGIYEV Akramat	KAZ	ORALBEKOV Yerdos	KAZ	PTF	2:1
bulgaria-open-2026	Senior Men -63kg	QF	152	MITKOV Stanislav	BUL	FUNKENDORF Vladyslav	UKR	PTF	2:1
bulgaria-open-2026	Senior Men -63kg	QF	249	SHISHKO Dmitrii	RUS	OSIN Maksim	RUS	PTF	2:0
bulgaria-open-2026	Senior Men -63kg	QF	250	DELL'AQUILA Vito	ITA	IURLARO Ludovico	ITA	RSC	
bulgaria-open-2026	Senior Men -63kg	QF	954	VICENTE YUNTA Adrian	ESP	DOLGIYEV Akramat	KAZ	PTF	2:0
bulgaria-open-2026	Senior Men -63kg	SF	155	MITKOV Stanislav	BUL	VICENTE YUNTA Adrian	ESP	PTF	2:0
bulgaria-open-2026	Senior Men -63kg	SF	451	DELL'AQUILA Vito	ITA	SHISHKO Dmitrii	RUS	PTF	2:0
bulgaria-open-2026	Senior Men -63kg	F	159	DELL'AQUILA Vito	ITA	MITKOV Stanislav	BUL	PTF	2:0
bulgaria-open-2026	Senior Men -68kg	R64	301	VUKOVIC Mario	MNE	GKOLEMIS Ioannis christos	GRE	PTF	2:1
bulgaria-open-2026	Senior Men -68kg	R64	302	GAZEZ Nurbek	KAZ	ELLINAS Nicolas	CYP	PTF	2:0
bulgaria-open-2026	Senior Men -68kg	R64	303	MYLLYNEN Niko	FIN	SUBOTIC Vojin	SRB	PTF	2:0
bulgaria-open-2026	Senior Men -68kg	R64	304	KAMAGIANNIS Ioannis Aris	GRE	VAN LIMPT Joep	NED	PTF	2:0
bulgaria-open-2026	Senior Men -68kg	R64	305	MAGERRAMOV Dzhavid	RUS	TALOCHKA Yauheni	BLR	PTF	2:0
bulgaria-open-2026	Senior Men -68kg	R64	306	KANAT Bagzhan	KAZ	LAUCEVIČIUS Tadas	LTU	RSC	2:0
bulgaria-open-2026	Senior Men -68kg	R64	307	KHAMMERMAN Danil	UKR	RADOI George	ROU	PTF	2:0
bulgaria-open-2026	Senior Men -68kg	R64	308	MANDIC Milos	SRB	POURNARKAS Athanasios	GRE	PTF	2:0
bulgaria-open-2026	Senior Men -68kg	R64	309	TCAKOEV Sarmat	BLR	ERMAKOV Daniil	RUS	PTF	2:0
bulgaria-open-2026	Senior Men -68kg	R64	310	MILAN CANOVAS Jorge	ESP	NASERI Ansar	TRT	PTF	2:0
bulgaria-open-2026	Senior Men -68kg	R64	311	NAZARIS Georgios	GRE	MENDEZ LEIS Samuel	ESP	PTF	2:0
bulgaria-open-2026	Senior Men -68kg	R64	401	BEGIMBETOV Amanbol	KAZ	SAIB Badis	FRA	PTF	2:0
bulgaria-open-2026	Senior Men -68kg	R64	402	TURKULJ Uros	SRB	GEORGIOU Ionas	CYP	PTF	2:0
bulgaria-open-2026	Senior Men -68kg	R64	403	DANAILOV Ilia	RUS	SIMONOVSKI Hristijan	MKD	PTF	2:0
bulgaria-open-2026	Senior Men -68kg	R64	404	PANAGOPOULOS Apostolos	GRE	CIURUSNIUC Alexandru	ROU	PTF	2:0
bulgaria-open-2026	Senior Men -68kg	R64	405	YERMENTAYEV Arslan	KAZ	MAKARENKO Ihor	UKR	PTF	2:0
bulgaria-open-2026	Senior Men -68kg	R64	406	RIBBESTAD Markus	SWE	FINDZIUKEVICH Ivan	BLR	PTF	2:0
bulgaria-open-2026	Senior Men -68kg	R64	407	BARETTA Dennis	ITA	PAPAIOANNOU Panagiotis Komninos	GRE	PTF	2:0
bulgaria-open-2026	Senior Men -68kg	R64	408	MCINTOSH Jamie	GBR	FRGOLEC Damien Pavel	SVK	PTF	2:0
bulgaria-open-2026	Senior Men -68kg	R64	409	DJONKO Muhamed	BIH	BOLATULY Beket	KAZ	PTF	2:1
bulgaria-open-2026	Senior Men -68kg	R64	410	ALTARYREH Mahmoud	JOR	ARTSIAMCHUK Hleb	BLR	PTF	2:0
bulgaria-open-2026	Senior Men -68kg	R64	411	GUMUS Feyyaz	GER	VAN VULPEN Jesse	NED	PTF	2:0
bulgaria-open-2026	Senior Men -68kg	R64	412	ORYNBEK Sultanbek	KAZ	ABABAKIROV Samirkhon	KAZ	PTF	2:0
bulgaria-open-2026	Senior Men -68kg	R32	322	VYKOV Amir	RUS	VUKOVIC Mario	MNE	PTF	2:0
bulgaria-open-2026	Senior Men -68kg	R32	323	GAZEZ Nurbek	KAZ	MYLLYNEN Niko	FIN	PTF	2:1
bulgaria-open-2026	Senior Men -68kg	R32	324	ABAD EXPOSITO Iker	ESP	KAMAGIANNIS Ioannis Aris	GRE	PTF	2:0
bulgaria-open-2026	Senior Men -68kg	R32	325	SALANOVA LISTE Adrian	ESP	MAGERRAMOV Dzhavid	RUS	PTF	2:1
bulgaria-open-2026	Senior Men -68kg	R32	326	SHULENOV Damir	KAZ	KANAT Bagzhan	KAZ	PTF	2:0
bulgaria-open-2026	Senior Men -68kg	R32	327	MANDIC Milos	SRB	KHAMMERMAN Danil	UKR	PTF	2:1
bulgaria-open-2026	Senior Men -68kg	R32	328	MILAN CANOVAS Jorge	ESP	TCAKOEV Sarmat	BLR	PTF	2:1
bulgaria-open-2026	Senior Men -68kg	R32	329	KRAJISNIK Zarko	SRB	NAZARIS Georgios	GRE	PTF	2:0
bulgaria-open-2026	Senior Men -68kg	R32	417	JORQUERA CALA Joan	ESP	BEGIMBETOV Amanbol	KAZ	PTF	2:1
bulgaria-open-2026	Senior Men -68kg	R32	418	DANAILOV Ilia	RUS	TURKULJ Uros	SRB	PTF	2:1
bulgaria-open-2026	Senior Men -68kg	R32	419	PANAGOPOULOS Apostolos	GRE	YERMENTAYEV Arslan	KAZ	PTF	2:0
bulgaria-open-2026	Senior Men -68kg	R32	420	KAREEM Zaid	JOR	RIBBESTAD Markus	SWE	PTF	2:0
bulgaria-open-2026	Senior Men -68kg	R32	421	ALHALAWANI Zaid	JOR	BARETTA Dennis	ITA	PTF	2:1
bulgaria-open-2026	Senior Men -68kg	R32	422	MCINTOSH Jamie	GBR	DJONKO Muhamed	BIH	PTF	2:0
bulgaria-open-2026	Senior Men -68kg	R32	423	ALTARYREH Mahmoud	JOR	GUMUS Feyyaz	GER	PTF	2:0
bulgaria-open-2026	Senior Men -68kg	R32	424	ORYNBEK Sultanbek	KAZ	HOWELL Matthew	GBR	PTF	2:1
bulgaria-open-2026	Senior Men -68kg	R16	338	VYKOV Amir	RUS	GAZEZ Nurbek	KAZ	PTF	2:1
bulgaria-open-2026	Senior Men -68kg	R16	339	SALANOVA LISTE Adrian	ESP	ABAD EXPOSITO Iker	ESP	PTF	2:0
bulgaria-open-2026	Senior Men -68kg	R16	340	MANDIC Milos	SRB	SHULENOV Damir	KAZ	PTF	2:1
bulgaria-open-2026	Senior Men -68kg	R16	341	KRAJISNIK Zarko	SRB	MILAN CANOVAS Jorge	ESP	PTF	2:0
bulgaria-open-2026	Senior Men -68kg	R16	437	JORQUERA CALA Joan	ESP	DANAILOV Ilia	RUS	PTF	2:0
bulgaria-open-2026	Senior Men -68kg	R16	438	KAREEM Zaid	JOR	PANAGOPOULOS Apostolos	GRE	PTF	2:0
bulgaria-open-2026	Senior Men -68kg	R16	439	ALHALAWANI Zaid	JOR	MCINTOSH Jamie	GBR	PTF	2:0
bulgaria-open-2026	Senior Men -68kg	R16	440	ALTARYREH Mahmoud	JOR	ORYNBEK Sultanbek	KAZ	PTF	2:1
bulgaria-open-2026	Senior Men -68kg	QF	346	VYKOV Amir	RUS	SALANOVA LISTE Adrian	ESP	PTF	2:1
bulgaria-open-2026	Senior Men -68kg	QF	347	KRAJISNIK Zarko	SRB	MANDIC Milos	SRB	PTF	2:1
bulgaria-open-2026	Senior Men -68kg	QF	447	KAREEM Zaid	JOR	JORQUERA CALA Joan	ESP	PTF	2:0
bulgaria-open-2026	Senior Men -68kg	QF	448	ALHALAWANI Zaid	JOR	ALTARYREH Mahmoud	JOR	PTF	2:0
bulgaria-open-2026	Senior Men -68kg	SF	350	VYKOV Amir	RUS	KRAJISNIK Zarko	SRB	PTF	2:0
bulgaria-open-2026	Senior Men -68kg	SF	351	KAREEM Zaid	JOR	ALHALAWANI Zaid	JOR	PTF	2:0
bulgaria-open-2026	Senior Men -68kg	F	354	KAREEM Zaid	JOR	VYKOV Amir	RUS	PTF	2:0
bulgaria-open-2026	Senior Men -74kg	R64	501	GARCIA ALVAREZ Gabriel	ESP	SKJOLBERG Sebastian	NOR	PTF	2:0
bulgaria-open-2026	Senior Men -74kg	R64	502	SURVILA Aironas	LTU	ORYNGALI Daulet	KAZ	PTF	2:0
bulgaria-open-2026	Senior Men -74kg	R64	503	SHADZEUSKI Yauheni	BLR	SZASZ Manyhert	ROU	PTF	2:1
bulgaria-open-2026	Senior Men -74kg	R64	504	HAIDARI Milad	DEN	ZHOLMURAT Alisher	KAZ	PTF	2:1
bulgaria-open-2026	Senior Men -74kg	R64	505	GARCIA KLAIL Pedro	ESP	AGUSHI Elion	KOS	PTF	2:0
bulgaria-open-2026	Senior Men -74kg	R64	506	MIRONOV Maksim	RUS	BARKOF Alexandros	GRE	PTF	2:1
bulgaria-open-2026	Senior Men -74kg	R64	507	BARAKPAYEV Serzhan	KAZ	DAVIDOVIC Matija	SRB	PTF	2:0
bulgaria-open-2026	Senior Men -74kg	R64	601	LUKIC Nikola	SRB	IZARIK Daniel	SVK	PTF	2:0
bulgaria-open-2026	Senior Men -74kg	R64	602	ORYNBASSAR Yerassyl	KAZ	MILKOTA Alyaxey	BLR	PTF	2:0
bulgaria-open-2026	Senior Men -74kg	R64	603	MARCHENKO Mykola	UKR	LONCAR Nikola	SRB	PTF	2:0
bulgaria-open-2026	Senior Men -74kg	R64	604	HAKOBYAN VARDANYAN Alexander	ESP	VULETIC Vuk	MNE	PTF	2:1
bulgaria-open-2026	Senior Men -74kg	R64	605	FRGOLEC Miroslav	SVK	VAN DER MEER Sjoerd	NED	RSC	2:0
bulgaria-open-2026	Senior Men -74kg	R64	606	RAKHIMOLLIYEV Daulet	KAZ	LILOV Krasimir	BUL	PTF	2:1
bulgaria-open-2026	Senior Men -74kg	R64	607	STAMENOV Stefan	BUL	MUKHAMETKARYMOV Anuar	KAZ	PTF	2:0
bulgaria-open-2026	Senior Men -74kg	R64	608	BIRIMBAY Eldar	KAZ	MURATOVIĆ Mateo	MNE	PTF	2:0
bulgaria-open-2026	Senior Men -74kg	R32	511	TAKOV Stefan	SRB	GARCIA ALVAREZ Gabriel	ESP	PTF	2:0
bulgaria-open-2026	Senior Men -74kg	R32	512	CEDRUN MARTINEZ Cesar	ESP	TSOLAS Themistoklis	GRE	PTF	2:0
bulgaria-open-2026	Senior Men -74kg	R32	513	BECOVIC Zinedin	MNE	SURVILA Aironas	LTU	PTF	2:0
bulgaria-open-2026	Senior Men -74kg	R32	514	ORYNBASSAR Maksat	KAZ	SHADZEUSKI Yauheni	BLR	PTF	2:1
bulgaria-open-2026	Senior Men -74kg	R32	515	GOLUBIC Marko	CRO	HAIDARI Milad	DEN	PTF	2:0
bulgaria-open-2026	Senior Men -74kg	R32	516	GARCIA KLAIL Pedro	ESP	CAMMAERTS Andes	BEL	PTF	2:0
bulgaria-open-2026	Senior Men -74kg	R32	517	BABAKHIN Artsiom	BLR	MIRONOV Maksim	RUS	PTF	2:0
bulgaria-open-2026	Senior Men -74kg	R32	518	FLOUSKOUNIS Charalampos	GRE	BARAKPAYEV Serzhan	KAZ	PTF	2:0
bulgaria-open-2026	Senior Men -74kg	R32	618	SITTEK Tomas	CZE	LUKIC Nikola	SRB	PTF	2:1
bulgaria-open-2026	Senior Men -74kg	R32	619	ORYNBASSAR Yerassyl	KAZ	KORSAK Mykhailo	UKR	PTF	2:0
bulgaria-open-2026	Senior Men -74kg	R32	620	DUGAC Grga	CRO	MARCHENKO Mykola	UKR	PTF	2:1
bulgaria-open-2026	Senior Men -74kg	R32	621	HAKOBYAN VARDANYAN Alexander	ESP	BEKASSYL Yergesh	KAZ	PTF	2:1
bulgaria-open-2026	Senior Men -74kg	R32	622	QUESADA BARRERA Daniel	ESP	FRGOLEC Miroslav	SVK	PTF	2:0
bulgaria-open-2026	Senior Men -74kg	R32	623	MANGIONE Angelo	ITA	RAKHIMOLLIYEV Daulet	KAZ	PTF	2:0
bulgaria-open-2026	Senior Men -74kg	R32	624	STAMENOV Stefan	BUL	BURUSIC Marko	SRB	PTF	2:0
bulgaria-open-2026	Senior Men -74kg	R32	625	BIRIMBAY Eldar	KAZ	HUSIC Benjamin	BIH	PTF	2:0
bulgaria-open-2026	Senior Men -74kg	R16	531	TAKOV Stefan	SRB	CEDRUN MARTINEZ Cesar	ESP	PTF	2:0
bulgaria-open-2026	Senior Men -74kg	R16	532	BECOVIC Zinedin	MNE	ORYNBASSAR Maksat	KAZ	PTF	2:1
bulgaria-open-2026	Senior Men -74kg	R16	533	GOLUBIC Marko	CRO	GARCIA KLAIL Pedro	ESP	PTF	2:1
bulgaria-open-2026	Senior Men -74kg	R16	534	FLOUSKOUNIS Charalampos	GRE	BABAKHIN Artsiom	BLR	PTF	2:0
bulgaria-open-2026	Senior Men -74kg	R16	638	ORYNBASSAR Yerassyl	KAZ	SITTEK Tomas	CZE	PTF	2:0
bulgaria-open-2026	Senior Men -74kg	R16	639	DUGAC Grga	CRO	HAKOBYAN VARDANYAN Alexander	ESP	PTF	2:0
bulgaria-open-2026	Senior Men -74kg	R16	640	QUESADA BARRERA Daniel	ESP	MANGIONE Angelo	ITA	PTF	2:0
bulgaria-open-2026	Senior Men -74kg	R16	641	BIRIMBAY Eldar	KAZ	STAMENOV Stefan	BUL	PTF	2:1
bulgaria-open-2026	Senior Men -74kg	QF	541	TAKOV Stefan	SRB	BECOVIC Zinedin	MNE	PTF	2:0
bulgaria-open-2026	Senior Men -74kg	QF	542	FLOUSKOUNIS Charalampos	GRE	GOLUBIC Marko	CRO	PTF	2:0
bulgaria-open-2026	Senior Men -74kg	QF	648	DUGAC Grga	CRO	ORYNBASSAR Yerassyl	KAZ	PTF	2:0
bulgaria-open-2026	Senior Men -74kg	QF	649	BIRIMBAY Eldar	KAZ	QUESADA BARRERA Daniel	ESP	PTF	2:1
bulgaria-open-2026	Senior Men -74kg	SF	546	FLOUSKOUNIS Charalampos	GRE	TAKOV Stefan	SRB	PTF	2:0
bulgaria-open-2026	Senior Men -74kg	SF	552	BIRIMBAY Eldar	KAZ	DUGAC Grga	CRO	PTF	2:0
bulgaria-open-2026	Senior Men -74kg	F	556	BIRIMBAY Eldar	KAZ	FLOUSKOUNIS Charalampos	GRE	RSC	2:0
bulgaria-open-2026	Senior Men -80kg	R64	216	OMIRBEKOV Altair	KAZ	MANITA Alexandru	MDA	PTF	2:1
bulgaria-open-2026	Senior Men -80kg	R64	217	ANTONIADIS Ioannis	GRE	BENCHAHBA BENOUKHAYE Adam	ESP	PTF	2:1
bulgaria-open-2026	Senior Men -80kg	R64	508	MATURO Emanuele vittorio	ITA	BLAZEVSKI Filip	MKD	PTF	2:1
bulgaria-open-2026	Senior Men -80kg	R64	509	HONCHAROV Kyrylo	UKR	ROMUNDSET NILSEN Martin	NOR	PTF	2:1
bulgaria-open-2026	Senior Men -80kg	R32	227	TOLEUGALI Batyrkhan	KAZ	OMIRBEKOV Altair	KAZ	PTF	2:0
bulgaria-open-2026	Senior Men -80kg	R32	228	HUSIC Nedzad	BIH	GANIYEV Mergen	KAZ	PTF	2:0
bulgaria-open-2026	Senior Men -80kg	R32	229	ANGELL Zak	GBR	CHARALAMBOUS Evangelos	CYP	PTF	2:0
bulgaria-open-2026	Senior Men -80kg	R32	230	ZARHOUTI Haitam	MAR	VITKOVIC Nikola	SRB	PTF	2:0
bulgaria-open-2026	Senior Men -80kg	R32	231	HOSSEINI BIJI KOLA Seyed Omid	BUL	SLEPOV Stepan	RUS	PTF	2:1
bulgaria-open-2026	Senior Men -80kg	R32	232	MARIPOV Abdurakhmon	KAZ	JOCHMAN Adam	CZE	PTF	2:0
bulgaria-open-2026	Senior Men -80kg	R32	233	ALADARBI Mohammad	JOR	SWEENEY Liam	AUS	PTF	2:0
bulgaria-open-2026	Senior Men -80kg	R32	234	FERNANDEZ GARCIA Mikel	ESP	ANTONIADIS Ioannis	GRE	PTF	2:0
bulgaria-open-2026	Senior Men -80kg	R32	519	KOVACIC Oscar	CRO	MATURO Emanuele vittorio	ITA	PTF	2:0
bulgaria-open-2026	Senior Men -80kg	R32	520	KNIGHT-MITCHELL Dantrell	GBR	CAMMAERTS Troy	BEL	PTF	2:1
bulgaria-open-2026	Senior Men -80kg	R32	521	ODINAEV Rustam	SRB	CRISTESCU Mihai adrian	ROU	PTF	2:0
bulgaria-open-2026	Senior Men -80kg	R32	522	KUSSETOV Batyrkhan	KAZ	SIGURJONSSON Gudmundur floki	ISL	PTF	2:1
bulgaria-open-2026	Senior Men -80kg	R32	523	TURAVINAU Raman	BLR	NESHYBA Tomas	CZE	PTF	2:0
bulgaria-open-2026	Senior Men -80kg	R32	524	MILAN CANOVAS Juan antonio	ESP	ALIPOUR Sohrab	GBR	PTF	2:0
bulgaria-open-2026	Senior Men -80kg	R32	525	NIKOLIC Matej	CRO	WEIDUM Dion	NED	PTF	2:0
bulgaria-open-2026	Senior Men -80kg	R32	526	MYTAREV Artem	RUS	HONCHAROV Kyrylo	UKR	PTF	2:0
bulgaria-open-2026	Senior Men -80kg	R16	243	TOLEUGALI Batyrkhan	KAZ	HUSIC Nedzad	BIH	PTF	2:1
bulgaria-open-2026	Senior Men -80kg	R16	244	ZARHOUTI Haitam	MAR	ANGELL Zak	GBR	PTF	2:0
bulgaria-open-2026	Senior Men -80kg	R16	245	HOSSEINI BIJI KOLA Seyed Omid	BUL	MARIPOV Abdurakhmon	KAZ	PTF	2:0
bulgaria-open-2026	Senior Men -80kg	R16	246	ALADARBI Mohammad	JOR	FERNANDEZ GARCIA Mikel	ESP	PTF	2:0
bulgaria-open-2026	Senior Men -80kg	R16	535	KOVACIC Oscar	CRO	KNIGHT-MITCHELL Dantrell	GBR	PTF	2:1
bulgaria-open-2026	Senior Men -80kg	R16	536	KUSSETOV Batyrkhan	KAZ	ODINAEV Rustam	SRB	PTF	2:0
bulgaria-open-2026	Senior Men -80kg	R16	537	MILAN CANOVAS Juan antonio	ESP	TURAVINAU Raman	BLR	PTF	2:0
bulgaria-open-2026	Senior Men -80kg	R16	538	MYTAREV Artem	RUS	NIKOLIC Matej	CRO	PTF	2:0
bulgaria-open-2026	Senior Men -80kg	QF	251	TOLEUGALI Batyrkhan	KAZ	ZARHOUTI Haitam	MAR	PTF	2:1
bulgaria-open-2026	Senior Men -80kg	QF	252	ALADARBI Mohammad	JOR	HOSSEINI BIJI KOLA Seyed Omid	BUL	PTF	2:1
bulgaria-open-2026	Senior Men -80kg	QF	543	KUSSETOV Batyrkhan	KAZ	KOVACIC Oscar	CRO	PTF	2:0
bulgaria-open-2026	Senior Men -80kg	QF	544	MILAN CANOVAS Juan antonio	ESP	MYTAREV Artem	RUS	RSC	2:0
bulgaria-open-2026	Senior Men -80kg	SF	547	MILAN CANOVAS Juan antonio	ESP	KUSSETOV Batyrkhan	KAZ	RSC	2:0
bulgaria-open-2026	Senior Men -80kg	SF	555	TOLEUGALI Batyrkhan	KAZ	ALADARBI Mohammad	JOR	PTF	2:0
bulgaria-open-2026	Senior Men -80kg	F	558	TOLEUGALI Batyrkhan	KAZ	MILAN CANOVAS Juan antonio	ESP	PTF	2:0
bulgaria-open-2026	Senior Men -87kg	R32	331.1	BALCIUNAS Gabijus	LTU	SNACOV Laurentiu	ROU	PTF	2:0
bulgaria-open-2026	Senior Men -87kg	R32	332.1	STOJANOVIC Stefan	SRB	URSELLI Mattia Vittorio	ITA	PTF	2:0
bulgaria-open-2026	Senior Men -87kg	R32	432.1	KAMALOV Rafael	RUS	ILIADIS Dimitrios	GRE	PTF	2:0
bulgaria-open-2026	Senior Men -87kg	R32	432.2	MYRZABAYEV Nurlan	KAZ	DZIADOVICH Mikhail	BLR	PTF	2:1
bulgaria-open-2026	Senior Men -87kg	R32	609	NURGAZIN Meiir	KAZ	RADAKOVIĆ Ognjen	SRB	PTF	2:0
bulgaria-open-2026	Senior Men -87kg	R32	610	KRPAN Vito	CRO	SPAK Aurel	SVK	PTF	2:0
bulgaria-open-2026	Senior Men -87kg	R32	611	BILIC PAVLINOVIC Josip	CRO	KAMINSKII Vsevolod	RUS	PTF	2:0
bulgaria-open-2026	Senior Men -87kg	R32	612	YURKOU Daniil	BLR	FRONDA Sandro	SWE	PTF	2:0
bulgaria-open-2026	Senior Men -87kg	R32	613	BUDIN Vladislav	RUS	LLOPIS SANCHEZ Lucas	ESP	PTF	2:0
bulgaria-open-2026	Senior Men -87kg	R32	710	DIVKOVIC Patrik	SLO	AJDUKOVIC Dimitrije	SRB	PTF	2:0
bulgaria-open-2026	Senior Men -87kg	R16	534.1	ELSHARABATY Saleh	JOR	BALCIUNAS Gabijus	LTU	PTF	2:0
bulgaria-open-2026	Senior Men -87kg	R16	535.1	HARBAR Artem	UKR	DIVKOVIC Patrik	SLO	PTF	2:0
bulgaria-open-2026	Senior Men -87kg	R16	626	ALESSIO Simone	ITA	NURGAZIN Meiir	KAZ	PTF	2:0
bulgaria-open-2026	Senior Men -87kg	R16	627	KRPAN Vito	CRO	BILIC PAVLINOVIC Josip	CRO	PTF	2:1
bulgaria-open-2026	Senior Men -87kg	R16	628	YURKOU Daniil	BLR	THOLIOTIS Vasileios	GRE	PTF	2:0
bulgaria-open-2026	Senior Men -87kg	R16	629	TROITINO AMOEDO Sergio	ESP	BUDIN Vladislav	RUS	PTF	2:0
bulgaria-open-2026	Senior Men -87kg	R16	722	NUCI Erol	BIH	STOJANOVIC Stefan	SRB	PTF	2:0
bulgaria-open-2026	Senior Men -87kg	R16	723	KAMALOV Rafael	RUS	MYRZABAYEV Nurlan	KAZ	PTF	2:1
bulgaria-open-2026	Senior Men -87kg	QF	646	ALESSIO Simone	ITA	KRPAN Vito	CRO	PTF	2:0
bulgaria-open-2026	Senior Men -87kg	QF	647	TROITINO AMOEDO Sergio	ESP	YURKOU Daniil	BLR	PTF	2:1
bulgaria-open-2026	Senior Men -87kg	QF	948.1	ELSHARABATY Saleh	JOR	NUCI Erol	BIH	PTF	2:0
bulgaria-open-2026	Senior Men -87kg	QF	948.2	HARBAR Artem	UKR	KAMALOV Rafael	RUS	PTF	2:0
bulgaria-open-2026	Senior Men -87kg	SF	652	ALESSIO Simone	ITA	TROITINO AMOEDO Sergio	ESP	PTF	2:0
bulgaria-open-2026	Senior Men -87kg	SF	653	ELSHARABATY Saleh	JOR	HARBAR Artem	UKR	PTF	2:1
bulgaria-open-2026	Senior Men -87kg	F	656	ELSHARABATY Saleh	JOR	ALESSIO Simone	ITA	PTF	2:1
bulgaria-open-2026	Senior Men +87kg	R32	116	KRIUCHKOV Nikta	RUS	AGRISAN Stefan Gabriel	ROU	PTF	2:0
bulgaria-open-2026	Senior Men +87kg	R32	117	MOLIN Mattia	ITA	RADAKOVIC Mihailo	SRB	PTF	2:0
bulgaria-open-2026	Senior Men +87kg	R32	118	BOZIC Pasko	CRO	GRUJICIC Ognjen	SRB	PTF	2:0
bulgaria-open-2026	Senior Men +87kg	R32	119	DE ANGELIS Matteo	ITA	BRINK Kevin	SWE	PTF	2:0
bulgaria-open-2026	Senior Men +87kg	R32	120	KHASSENOV Bauyrzhan	KAZ	GOLUBOVIC Milos	SRB	PTF	2:1
bulgaria-open-2026	Senior Men +87kg	R32	312	TARCHYLA Aliaksei	BLR	MANEA Robert	ROU	PTF	2:0
bulgaria-open-2026	Senior Men +87kg	R32	313	SAPINA Ivan	CRO	NURGAZY Bekarys	KAZ	RSC	2:0
bulgaria-open-2026	Senior Men +87kg	R32	314	PLONIS Artsiom	BLR	RAICEVIC Stefan	SRB	PTF	2:0
bulgaria-open-2026	Senior Men +87kg	R32	315	GEORGIEVSKI Dejan	MKD	ANDREI Pop	ROU	RSC	2:0
bulgaria-open-2026	Senior Men +87kg	R32	316	HANUSOVSKY Richard	SVK	BADAROVSKI Gorjan	MKD	PTF	2:0
bulgaria-open-2026	Senior Men +87kg	R16	135	KRIUCHKOV Nikta	RUS	AIUKAEV Rafail	RUS	PTF	2:0
bulgaria-open-2026	Senior Men +87kg	R16	136	BOZIC Pasko	CRO	MOLIN Mattia	ITA	PTF	2:1
bulgaria-open-2026	Senior Men +87kg	R16	137	LARIN Vladislav	RUS	DE ANGELIS Matteo	ITA	PTF	2:1
bulgaria-open-2026	Senior Men +87kg	R16	138	GARCIA MARTINEZ Ivan	ESP	KHASSENOV Bauyrzhan	KAZ	RSC	2:0
bulgaria-open-2026	Senior Men +87kg	R16	330	KABLAN Beibarys	KAZ	TARCHYLA Aliaksei	BLR	PTF	2:0
bulgaria-open-2026	Senior Men +87kg	R16	331	SAPINA Ivan	CRO	HARBAR Andrii	UKR	WDR	
bulgaria-open-2026	Senior Men +87kg	R16	332	PLONIS Artsiom	BLR	GEORGIEVSKI Dejan	MKD	PTF	2:1
bulgaria-open-2026	Senior Men +87kg	R16	333	CUNNINGHAM Caden	GBR	HANUSOVSKY Richard	SVK	PTF	2:0
bulgaria-open-2026	Senior Men +87kg	QF	147	KRIUCHKOV Nikta	RUS	BOZIC Pasko	CRO	PTF	2:1
bulgaria-open-2026	Senior Men +87kg	QF	148	LARIN Vladislav	RUS	GARCIA MARTINEZ Ivan	ESP	PTF	2:0
bulgaria-open-2026	Senior Men +87kg	QF	342	KABLAN Beibarys	KAZ	SAPINA Ivan	CRO	PTF	2:0
bulgaria-open-2026	Senior Men +87kg	QF	343	CUNNINGHAM Caden	GBR	PLONIS Artsiom	BLR	PTF	2:1
bulgaria-open-2026	Senior Men +87kg	SF	149	KABLAN Beibarys	KAZ	CUNNINGHAM Caden	GBR	WDR	
bulgaria-open-2026	Senior Men +87kg	SF	153	LARIN Vladislav	RUS	KRIUCHKOV Nikta	RUS	PTF	2:0
bulgaria-open-2026	Senior Men +87kg	F	157	LARIN Vladislav	RUS	KABLAN Beibarys	KAZ	PTF	2:0
bulgaria-open-2026	Senior Women -46kg	R32	413	KIRTSELIS Aina	FIN	FRASER Vilja	SWE	PTF	2:0
bulgaria-open-2026	Senior Women -46kg	R32	414	TAIROVA Ramina	KAZ	POURNATZI Sofia	GRE	PTF	2:0
bulgaria-open-2026	Senior Women -46kg	R32	901	KHARYTANOVICH Anastasiya	BLR	ROKKA Athanasia	GRE	PTF	2:0
bulgaria-open-2026	Senior Women -46kg	R32	902	NORDH Olivia	SWE	KAMINSKA Michaela	SVK	PTF	2:0
bulgaria-open-2026	Senior Women -46kg	R32	903	SULTANGALIYEVA Zhanel	KAZ	RADEVIC Anja	MNE	PTF	2:1
bulgaria-open-2026	Senior Women -46kg	R16	425	BERTAGNIN Elisa	ITA	KIRTSELIS Aina	FIN	PTF	2:0
bulgaria-open-2026	Senior Women -46kg	R16	426	KUMARTAYEVA Aidana	KAZ	OMIRZAK Togzhan	KAZ	PTF	2:0
bulgaria-open-2026	Senior Women -46kg	R16	427	BRAJOVIC Iva	SRB	BUSUIOC Ingrid Gabriela	ROU	WDR	1:0
bulgaria-open-2026	Senior Women -46kg	R16	428	ANGELOVA Alisa	RUS	TAIROVA Ramina	KAZ	PTF	2:1
bulgaria-open-2026	Senior Women -46kg	R16	912	BEKULOVA Milana	RUS	KHARYTANOVICH Anastasiya	BLR	PTF	2:0
bulgaria-open-2026	Senior Women -46kg	R16	913	STURARI Alessia	ITA	GALIERO Giulia	ITA	PTF	2:0
bulgaria-open-2026	Senior Women -46kg	R16	914	NORDH Olivia	SWE	GEORGIOU Melina	GRE	PTF	2:1
bulgaria-open-2026	Senior Women -46kg	R16	915	SULTANGALIYEVA Zhanel	KAZ	TAMMILA Ida-elina	FIN	PTF	2:1
bulgaria-open-2026	Senior Women -46kg	QF	445	KUMARTAYEVA Aidana	KAZ	BERTAGNIN Elisa	ITA	PTF	2:0
bulgaria-open-2026	Senior Women -46kg	QF	446	ANGELOVA Alisa	RUS	BRAJOVIC Iva	SRB	PTF	2:0
bulgaria-open-2026	Senior Women -46kg	QF	940	BEKULOVA Milana	RUS	STURARI Alessia	ITA	PTF	2:1
bulgaria-open-2026	Senior Women -46kg	QF	941	SULTANGALIYEVA Zhanel	KAZ	NORDH Olivia	SWE	PTF	2:0
bulgaria-open-2026	Senior Women -46kg	SF	946	BEKULOVA Milana	RUS	SULTANGALIYEVA Zhanel	KAZ	PTF	2:0
bulgaria-open-2026	Senior Women -46kg	SF	949	ANGELOVA Alisa	RUS	KUMARTAYEVA Aidana	KAZ	PTF	2:0
bulgaria-open-2026	Senior Women -46kg	F	952	ANGELOVA Alisa	RUS	BEKULOVA Milana	RUS	PTF	2:1
bulgaria-open-2026	Senior Women -49kg	R32	125	BAUYRZHANOVA Nuray	KAZ	KRUMOVA Elina	BUL	PTF	2:0
bulgaria-open-2026	Senior Women -49kg	R32	126	STRUNETS Maryia	BLR	ZHUMABEK Nuraiym	KAZ	PTF	2:1
bulgaria-open-2026	Senior Women -49kg	R32	317	ARTAMONOVA Anastasiia	RUS	PLAKHIKH Varvara	BLR	PTF	2:1
bulgaria-open-2026	Senior Women -49kg	R32	318	ROGOZINA Irina	RUS	AKULAVA Darya	BLR	PTF	2:1
bulgaria-open-2026	Senior Women -49kg	R32	319	EREMINA Viktoriya	RUS	NIKOLOVA Victoria	BUL	PTF	2:0
bulgaria-open-2026	Senior Women -49kg	R32	320	GOGEBAKAN Emine	TUR	KRAJEWSKA Nikola	POL	PTF	2:0
bulgaria-open-2026	Senior Women -49kg	R32	321	BAKISHEVA Rita	KAZ	ZHAMALBEKOVA Kuralay	KAZ	PTF	2:0
bulgaria-open-2026	Senior Women -49kg	R32	330.1	GOODMAN Phoenix	GBR	MARINOVA Teodora	BUL	PTF	2:0
bulgaria-open-2026	Senior Women -49kg	R32	330.2	CRISTESCU Anamaria	ROU	BRYHIDA Erika	UKR	PTF	2:1
bulgaria-open-2026	Senior Women -49kg	R32	431.1	KOUTROUMPI Kalliopi	GRE	KOSTIUK Yaryna	UKR	PTF	2:0
bulgaria-open-2026	Senior Women -49kg	R32	431.2	MAKAS Dzejla	BIH	BAJAN Mihaela nicoleta claudia	ROU	PTF	2:0
bulgaria-open-2026	Senior Women -49kg	R16	139	MEDVEDEVA Galina	RUS	KOUTROUMPI Kalliopi	GRE	PTF	2:1
bulgaria-open-2026	Senior Women -49kg	R16	140	MAKAS Dzejla	BIH	GOODMAN Phoenix	GBR	PTF	2:1
bulgaria-open-2026	Senior Women -49kg	R16	141	BAUYRZHANOVA Nuray	KAZ	CRISTESCU Anamaria	ROU	PTF	2:0
bulgaria-open-2026	Senior Women -49kg	R16	334	ARTAMONOVA Anastasiia	RUS	AKGUL Elif sude	TUR	PTF	2:0
bulgaria-open-2026	Senior Women -49kg	R16	335	EREMINA Viktoriya	RUS	ROGOZINA Irina	RUS	RSC	1:0
bulgaria-open-2026	Senior Women -49kg	R16	336	GOGEBAKAN Emine	TUR	KRAJEWSKA Alicja	POL	PTF	2:0
bulgaria-open-2026	Senior Women -49kg	R16	337	DIAZ ARRIBAS Violeta	ESP	BAKISHEVA Rita	KAZ	PTF	2:1
bulgaria-open-2026	Senior Women -49kg	R16	947	AKHMEDOVA Nodira	KAZ	STRUNETS Maryia	BLR	PTF	2:0
bulgaria-open-2026	Senior Women -49kg	QF	253	AKHMEDOVA Nodira	KAZ	BAUYRZHANOVA Nuray	KAZ	PTF	2:1
bulgaria-open-2026	Senior Women -49kg	QF	344	ARTAMONOVA Anastasiia	RUS	EREMINA Viktoriya	RUS	PTF	2:1
bulgaria-open-2026	Senior Women -49kg	QF	345	DIAZ ARRIBAS Violeta	ESP	GOGEBAKAN Emine	TUR	PTF	2:0
bulgaria-open-2026	Senior Women -49kg	QF	348.2	MEDVEDEVA Galina	RUS	MAKAS Dzejla	BIH	PTF	2:0
bulgaria-open-2026	Senior Women -49kg	SF	348	DIAZ ARRIBAS Violeta	ESP	ARTAMONOVA Anastasiia	RUS	PTF	2:0
bulgaria-open-2026	Senior Women -49kg	SF	353	MEDVEDEVA Galina	RUS	AKHMEDOVA Nodira	KAZ	PTF	2:0
bulgaria-open-2026	Senior Women -49kg	F	356	DIAZ ARRIBAS Violeta	ESP	MEDVEDEVA Galina	RUS	PTF	2:1
bulgaria-open-2026	Senior Women -53kg	R64	614	GULUEVA Milana	RUS	GAVRILOVIC Irina	SRB	PTF	2:0
bulgaria-open-2026	Senior Women -53kg	R64	615	GEORGIADOU Gesthimani	GRE	BARRERA-SILVA Gabriella	NOR	PTF	2:0
bulgaria-open-2026	Senior Women -53kg	R64	616	ORTIZ BENITO Arlet	ESP	SYLTHE Therese	NOR	PTF	2:0
bulgaria-open-2026	Senior Women -53kg	R64	617	RADEK Dora	CRO	DASKALAKI Dionysia	GRE	PTF	2:0
bulgaria-open-2026	Senior Women -53kg	R64	904	TSARTSIAFI MICHAILIDOU Ariadni	GRE	ZHELEVA Zornitsa	BUL	PTF	2:0
bulgaria-open-2026	Senior Women -53kg	R64	905	LAKEHAL-ROLLINGS Manissa	FRA	RODRIGUEZ MARQUINA Laura	ESP	PTF	2:1
bulgaria-open-2026	Senior Women -53kg	R64	906	FOUNTOULAKI Aikaterini	GRE	STAMENKOVIC Teodora	SRB	PTF	2:1
bulgaria-open-2026	Senior Women -53kg	R64	907	BAUYRZHANOVA Ayana	KAZ	SELJENES Leona	NOR	PTF	2:0
bulgaria-open-2026	Senior Women -53kg	R32	630	DINCEL KAVURAT Merve	TUR	GULUEVA Milana	RUS	PTF	2:0
bulgaria-open-2026	Senior Women -53kg	R32	631	GARCIA MARQUINA Sofia	ESP	MATONTI Ilenia elisabetta	ITA	PTF	2:0
bulgaria-open-2026	Senior Women -53kg	R32	632	DANIEL Melina	USA	PAPAIOANNOU Konstantina	GRE	PTF	2:0
bulgaria-open-2026	Senior Women -53kg	R32	633	KARAJANOVA Aziza	KAZ	GEORGIADOU Gesthimani	GRE	PTF	2:0
bulgaria-open-2026	Senior Women -53kg	R32	634	ORTIZ BENITO Arlet	ESP	MCKEW Jodie	GBR	PTF	2:0
bulgaria-open-2026	Senior Women -53kg	R32	635	KARABELEVA Erika	BUL	DE FAZIO Ioanna	GRE	PTF	2:0
bulgaria-open-2026	Senior Women -53kg	R32	636	GUSEINOVA Aziza	RUS	LILOVA Elena	BUL	PTF	2:1
bulgaria-open-2026	Senior Women -53kg	R32	637	BOKAN Andrea	SRB	RADEK Dora	CRO	PTF	2:0
bulgaria-open-2026	Senior Women -53kg	R32	916	AVDAGIC Ada	BIH	TSARTSIAFI MICHAILIDOU Ariadni	GRE	PTF	2:1
bulgaria-open-2026	Senior Women -53kg	R32	917	STANKOVIC Vanja	SRB	SHOROKHOVA Ekaterina	RUS	PTF	2:1
bulgaria-open-2026	Senior Women -53kg	R32	918	KRAISNIK Katarina	BIH	MESKO Milina	BLR	PTF	2:0
bulgaria-open-2026	Senior Women -53kg	R32	919	LAKEHAL-ROLLINGS Manissa	FRA	KLAKALA Magdalini	GRE	PTF	2:0
bulgaria-open-2026	Senior Women -53kg	R32	920	SUBBOTINA Anastasia	RUS	FOUNTOULAKI Aikaterini	GRE	PTF	2:0
bulgaria-open-2026	Senior Women -53kg	R32	921	SPASOJEVIC Sara	CRO	BILLQVIST Felicia	SWE	PTF	2:0
bulgaria-open-2026	Senior Women -53kg	R32	922	FRASSICA Anna	ITA	RABAUT Elien	BEL	PTF	2:1
bulgaria-open-2026	Senior Women -53kg	R32	923	PEREZ PARRADO Alma maria	ESP	BAUYRZHANOVA Ayana	KAZ	PTF	2:0
bulgaria-open-2026	Senior Women -53kg	R16	642	DINCEL KAVURAT Merve	TUR	GARCIA MARQUINA Sofia	ESP	RSC	2:0
bulgaria-open-2026	Senior Women -53kg	R16	643	KARAJANOVA Aziza	KAZ	DANIEL Melina	USA	PTF	2:0
bulgaria-open-2026	Senior Women -53kg	R16	644	KARABELEVA Erika	BUL	ORTIZ BENITO Arlet	ESP	PTF	2:0
bulgaria-open-2026	Senior Women -53kg	R16	645	BOKAN Andrea	SRB	GUSEINOVA Aziza	RUS	PTF	2:0
bulgaria-open-2026	Senior Women -53kg	R16	932	AVDAGIC Ada	BIH	STANKOVIC Vanja	SRB	PTF	2:0
bulgaria-open-2026	Senior Women -53kg	R16	933	LAKEHAL-ROLLINGS Manissa	FRA	KRAISNIK Katarina	BIH	PTF	2:0
bulgaria-open-2026	Senior Women -53kg	R16	934	SUBBOTINA Anastasia	RUS	SPASOJEVIC Sara	CRO	PTF	2:0
bulgaria-open-2026	Senior Women -53kg	R16	935	FRASSICA Anna	ITA	PEREZ PARRADO Alma maria	ESP	PTF	2:1
bulgaria-open-2026	Senior Women -53kg	QF	650	DINCEL KAVURAT Merve	TUR	KARAJANOVA Aziza	KAZ	PTF	2:1
bulgaria-open-2026	Senior Women -53kg	QF	651	BOKAN Andrea	SRB	KARABELEVA Erika	BUL	PTF	2:0
bulgaria-open-2026	Senior Women -53kg	QF	942	AVDAGIC Ada	BIH	LAKEHAL-ROLLINGS Manissa	FRA	PTF	2:0
bulgaria-open-2026	Senior Women -53kg	QF	943	FRASSICA Anna	ITA	SUBBOTINA Anastasia	RUS	PTF	2:0
bulgaria-open-2026	Senior Women -53kg	SF	654	BOKAN Andrea	SRB	DINCEL KAVURAT Merve	TUR	PTF	2:0
bulgaria-open-2026	Senior Women -53kg	SF	655	FRASSICA Anna	ITA	AVDAGIC Ada	BIH	PTF	2:1
bulgaria-open-2026	Senior Women -53kg	F	658	BOKAN Andrea	SRB	FRASSICA Anna	ITA	PTF	2:0
bulgaria-open-2026	Senior Women -57kg	R64	811	APANAS Polina	NED	LY Nathalie	SWE	PTF	2:1
bulgaria-open-2026	Senior Women -57kg	R64	1005	KAZNABEK Togzhan	KAZ	KALLSTRAND Izabella	SWE	PTF	2:0
bulgaria-open-2026	Senior Women -57kg	R32	335.1	HRONOVA Dominika	CZE	SUNDETBAY Aidana	KAZ	PTF	2:1
bulgaria-open-2026	Senior Women -57kg	R32	336.1	KAZNABEK Nuray	KAZ	BETT Ava	GBR	PTF	2:0
bulgaria-open-2026	Senior Women -57kg	R32	336.2	SMIRNOVA Kseniia	RUS	VAN PASSEL Amelie	BEL	PTF	2:1
bulgaria-open-2026	Senior Women -57kg	R32	829	MILIC Milica	SRB	SESAR VILA Carla	ESP	PTF	2:0
bulgaria-open-2026	Senior Women -57kg	R32	830	EFITSENKO Sofia	RUS	STOJANOVIC Nina	SRB	PTF	2:0
bulgaria-open-2026	Senior Women -57kg	R32	831	ISSINA Zhazira	KAZ	REPOULIA Athanasia	GRE	PTF	2:1
bulgaria-open-2026	Senior Women -57kg	R32	832	KRAISNIK Ivana	BIH	MILIC Nikolina	SRB	PTF	2:0
bulgaria-open-2026	Senior Women -57kg	R32	833	SEVOSTYANOVA Mariya	KAZ	APANAS Polina	NED	PTF	2:0
bulgaria-open-2026	Senior Women -57kg	R32	1015	KAZNABEK Togzhan	KAZ	VITKO Yuliya	BLR	PTF	2:0
bulgaria-open-2026	Senior Women -57kg	R32	1016	KUCHINA Viktorya	RUS	RADAK Teodora	SRB	PTF	2:0
bulgaria-open-2026	Senior Women -57kg	R32	1017	LUKIC Jana	SRB	SAVIJA Isidora	SRB	PTF	2:0
bulgaria-open-2026	Senior Women -57kg	R32	1018	DZARAGAZOVA Polina	RUS	BAIMENOVA Akerke	KAZ	PTF	2:1
bulgaria-open-2026	Senior Women -57kg	R32	1019	AYDIN KONSTANTINIDIS Ela	GER	ALONSO Alicia	ESP	PTF	2:0
bulgaria-open-2026	Senior Women -57kg	R32	1020	KUKIC Iva	SRB	MEIŠTININKAITĖ Gerda	LTU	PTF	2:0
bulgaria-open-2026	Senior Women -57kg	R32	1021	PEZZOLLA Lucia	ITA	ZHAMAUBAY Aknur	KAZ	PTF	2:0
bulgaria-open-2026	Senior Women -57kg	R32	1022	ZDOR Kseniia	RUS	POZNANOVIC Marija	SRB	PTF	2:0
bulgaria-open-2026	Senior Women -57kg	R16	842	HRONOVA Dominika	CZE	KAZNABEK Nuray	KAZ	PTF	2:0
bulgaria-open-2026	Senior Women -57kg	R16	843	SMIRNOVA Kseniia	RUS	MILIC Milica	SRB	PTF	2:0
bulgaria-open-2026	Senior Women -57kg	R16	844	ISSINA Zhazira	KAZ	EFITSENKO Sofia	RUS	PTF	2:1
bulgaria-open-2026	Senior Women -57kg	R16	845	SEVOSTYANOVA Mariya	KAZ	KRAISNIK Ivana	BIH	PTF	2:0
bulgaria-open-2026	Senior Women -57kg	R16	1035	KAZNABEK Togzhan	KAZ	KUCHINA Viktorya	RUS	RSC	2:0
bulgaria-open-2026	Senior Women -57kg	R16	1036	LUKIC Jana	SRB	DZARAGAZOVA Polina	RUS	PTF	2:0
bulgaria-open-2026	Senior Women -57kg	R16	1037	AYDIN KONSTANTINIDIS Ela	GER	KUKIC Iva	SRB	PTF	2:0
bulgaria-open-2026	Senior Women -57kg	R16	1038	PEZZOLLA Lucia	ITA	ZDOR Kseniia	RUS	PTF	2:1
bulgaria-open-2026	Senior Women -57kg	QF	852	SMIRNOVA Kseniia	RUS	HRONOVA Dominika	CZE	PTF	2:0
bulgaria-open-2026	Senior Women -57kg	QF	853	ISSINA Zhazira	KAZ	SEVOSTYANOVA Mariya	KAZ	PTF	2:0
bulgaria-open-2026	Senior Women -57kg	QF	1047	KAZNABEK Togzhan	KAZ	LUKIC Jana	SRB	PTF	2:1
bulgaria-open-2026	Senior Women -57kg	QF	1048	AYDIN KONSTANTINIDIS Ela	GER	PEZZOLLA Lucia	ITA	PTF	2:0
bulgaria-open-2026	Senior Women -57kg	SF	1053	KAZNABEK Togzhan	KAZ	AYDIN KONSTANTINIDIS Ela	GER	WDR	
bulgaria-open-2026	Senior Women -57kg	SF	1056	SMIRNOVA Kseniia	RUS	ISSINA Zhazira	KAZ	PTF	2:0
bulgaria-open-2026	Senior Women -57kg	F	1059	KAZNABEK Togzhan	KAZ	SMIRNOVA Kseniia	RUS	PTF	2:0
bulgaria-open-2026	Senior Women -62kg	R64	908	SMITH Teigan	GBR	RADOVANOVIC Ana	SRB	PTF	2:0
bulgaria-open-2026	Senior Women -62kg	R64	909	SMIRNOVA Anastasiya	BLR	COMAN Gabriela bianca	ROU	PTF	2:0
bulgaria-open-2026	Senior Women -62kg	R64	910	BLIZNIAKOVA Margarita	RUS	KARZHAUBAYEVA Ainura	KAZ	PTF	2:0
bulgaria-open-2026	Senior Women -62kg	R64	911	MICHALOPOULOU Kyriaki	GRE	SIVERTSEN-SAETHER Julie	NOR	PTF	2:0
bulgaria-open-2026	Senior Women -62kg	R64	1006	TORRES TENA Elena	ESP	SHALONIK Darya	BLR	PTF	2:0
bulgaria-open-2026	Senior Women -62kg	R64	1007	PEIMANIDOU Maria Evangelia	GRE	KOENIGSECKER Valerie	AUT	PTF	2:0
bulgaria-open-2026	Senior Women -62kg	R64	1008	IVANASHKA Aryiana	BLR	KONSTANTINA Varelopoulou	GRE	PTF	2:0
bulgaria-open-2026	Senior Women -62kg	R64	1009	RANKOV Vanja	SRB	KOSTADINOVA Stanislava	BUL	PTF	2:0
bulgaria-open-2026	Senior Women -62kg	R32	924	MARTON Viviana	HUN	SMITH Teigan	GBR	PTF	2:0
bulgaria-open-2026	Senior Women -62kg	R32	925	REBON FEDOROVA Ekaterina	ESP	ANDERSSON Tindra	SWE	PTF	2:1
bulgaria-open-2026	Senior Women -62kg	R32	926	LEONOVA Mariia	UKR	KOMATINA Andrea	MNE	PTF	2:0
bulgaria-open-2026	Senior Women -62kg	R32	927	SMIRNOVA Anastasiya	BLR	BLITEK Cloe	FRA	PTF	2:1
bulgaria-open-2026	Senior Women -62kg	R32	928	BLIZNIAKOVA Margarita	RUS	SECANELL CHARLES Elsa	ESP	PTF	2:1
bulgaria-open-2026	Senior Women -62kg	R32	929	SMYCHKOVA Valeryia	BLR	CHRISTY Beth	GBR	PTF	2:0
bulgaria-open-2026	Senior Women -62kg	R32	930	SEVO Tamara	SRB	DOUCET Teeyah	FRA	PTF	2:0
bulgaria-open-2026	Senior Women -62kg	R32	931	RELJIKJ Miljana	MKD	MICHALOPOULOU Kyriaki	GRE	PTF	2:0
bulgaria-open-2026	Senior Women -62kg	R32	1023	STOLBOVA Petra	CZE	TORRES TENA Elena	ESP	PTF	2:0
bulgaria-open-2026	Senior Women -62kg	R32	1024	AIMUKASHEVA Kamila	KAZ	MANGEN Lennie	LUX	PTF	2:0
bulgaria-open-2026	Senior Women -62kg	R32	1025	ZECIROVIC Nina	SRB	MCPHILLIE Neve	GBR	PTF	2:0
bulgaria-open-2026	Senior Women -62kg	R32	1026	PEIMANIDOU Maria Evangelia	GRE	SAVKOVIC Nadja	SRB	PTF	2:0
bulgaria-open-2026	Senior Women -62kg	R32	1027	MARIC Ela	SRB	IVANASHKA Aryiana	BLR	PTF	2:0
bulgaria-open-2026	Senior Women -62kg	R32	1028	BANNOVA Anastasiia	RUS	TAUKENOVA Aida	KAZ	PTF	2:1
bulgaria-open-2026	Senior Women -62kg	R32	1029	CALVARA Greta	ITA	GRETARSDOTTIR Ingibjorg	ISL	PTF	2:0
bulgaria-open-2026	Senior Women -62kg	R32	1030	KHUZINA Liliia	RUS	RANKOV Vanja	SRB	PTF	2:0
bulgaria-open-2026	Senior Women -62kg	R16	936	REBON FEDOROVA Ekaterina	ESP	MARTON Viviana	HUN	PTF	2:1
bulgaria-open-2026	Senior Women -62kg	R16	937	SMIRNOVA Anastasiya	BLR	LEONOVA Mariia	UKR	PTF	2:0
bulgaria-open-2026	Senior Women -62kg	R16	938	BLIZNIAKOVA Margarita	RUS	SMYCHKOVA Valeryia	BLR	PTF	2:0
bulgaria-open-2026	Senior Women -62kg	R16	939	SEVO Tamara	SRB	RELJIKJ Miljana	MKD	PTF	2:1
bulgaria-open-2026	Senior Women -62kg	R16	1039	STOLBOVA Petra	CZE	AIMUKASHEVA Kamila	KAZ	PTF	2:0
bulgaria-open-2026	Senior Women -62kg	R16	1040	ZECIROVIC Nina	SRB	PEIMANIDOU Maria Evangelia	GRE	PTF	2:0
bulgaria-open-2026	Senior Women -62kg	R16	1041	BANNOVA Anastasiia	RUS	MARIC Ela	SRB	PTF	2:1
bulgaria-open-2026	Senior Women -62kg	R16	1042	KHUZINA Liliia	RUS	CALVARA Greta	ITA	PTF	2:0
bulgaria-open-2026	Senior Women -62kg	QF	944	REBON FEDOROVA Ekaterina	ESP	SMIRNOVA Anastasiya	BLR	PTF	2:0
bulgaria-open-2026	Senior Women -62kg	QF	945	BLIZNIAKOVA Margarita	RUS	SEVO Tamara	SRB	PTF	2:1
bulgaria-open-2026	Senior Women -62kg	QF	1049	STOLBOVA Petra	CZE	ZECIROVIC Nina	SRB	PTF	2:0
bulgaria-open-2026	Senior Women -62kg	QF	1050	BANNOVA Anastasiia	RUS	KHUZINA Liliia	RUS	PTF	2:0
bulgaria-open-2026	Senior Women -62kg	SF	948	BLIZNIAKOVA Margarita	RUS	REBON FEDOROVA Ekaterina	ESP	PTF	2:1
bulgaria-open-2026	Senior Women -62kg	SF	953	BANNOVA Anastasiia	RUS	STOLBOVA Petra	CZE	PTF	2:0
bulgaria-open-2026	Senior Women -62kg	F	956	BLIZNIAKOVA Margarita	RUS	BANNOVA Anastasiia	RUS	PTF	2:1
bulgaria-open-2026	Senior Women -67kg	R64	415	KRUPJAKOVA Alzbeta	SVK	VELINOFF Vanessa	CAN	PTF	2:0
bulgaria-open-2026	Senior Women -67kg	R64	416	VUJIN Andjela	SRB	SUAREZ EXPOSITO Andrea Alba	ESP	PTF	2:0
bulgaria-open-2026	Senior Women -67kg	R64	632.1	MEYEUR MOUROT Cassandra	FRA	PAGLIAI Giada	ITA	PTF	2:0
bulgaria-open-2026	Senior Women -67kg	R64	632.2	ASKAR Ayaulym	KAZ	STAMENKOVIC Jelena	SRB	PTF	2:0
bulgaria-open-2026	Senior Women -67kg	R32	429	PERISIC Aleksandra	SRB	KRUPJAKOVA Alzbeta	SVK	PTF	2:0
bulgaria-open-2026	Senior Women -67kg	R32	430	D'ANGELO Natalia	ITA	NAVITSKAIA Darya	BLR	PTF	2:1
bulgaria-open-2026	Senior Women -67kg	R32	431	ALRAWASHDEH Razan mohammed	JOR	HRGIC Anja	BIH	PTF	2:0
bulgaria-open-2026	Senior Women -67kg	R32	432	ZHELEZNOVA Viktoriia	RUS	MIKALEVICIUTE Melita	LTU	PTF	2:0
bulgaria-open-2026	Senior Women -67kg	R32	433	POLE Doris	CRO	KOLBAYEVA Beksulu	KAZ	PTF	2:0
bulgaria-open-2026	Senior Women -67kg	R32	434	ROBERTS Chloe	GBR	KRAMOH Courtney	GBR	PTF	2:0
bulgaria-open-2026	Senior Women -67kg	R32	435	KRADINOVA Uliana	RUS	MAGGIORE Giulia	ITA	PTF	2:0
bulgaria-open-2026	Senior Women -67kg	R32	436	MARENTAKI Styliani	GRE	VUJIN Andjela	SRB	PTF	2:0
bulgaria-open-2026	Senior Women -67kg	R32	536.1	ĐOKOVIĆ Ines	SRB	SKVORTSOVA Kira	RUS	PTF	2:1
bulgaria-open-2026	Senior Women -67kg	R32	536.2	NILSEN Mari romundset	NOR	NAIMANBAYEVA Aruzhan	KAZ	PTF	2:0
bulgaria-open-2026	Senior Women -67kg	R32	725	MORENO REYES Lena	ESP	MEYEUR MOUROT Cassandra	FRA	PTF	2:0
bulgaria-open-2026	Senior Women -67kg	R32	728	MINK Amy	NED	SAPARKHAN Ayazhan	KAZ	PTF	2:0
bulgaria-open-2026	Senior Women -67kg	R32	729	KOERNDL Vanessa	GER	REY FRANQUEIRA Alba	ESP	PTF	2:0
bulgaria-open-2026	Senior Women -67kg	R32	730	MOTLOKH Sofiia	RUS	FATNASSI Maram	QAT	PTF	2:0
bulgaria-open-2026	Senior Women -67kg	R32	731	ARELIC Ivana	CRO	ZIABLITCEVA Anna	RUS	PTF	2:0
bulgaria-open-2026	Senior Women -67kg	R32	732	BERISAJ Andrea	MNE	ASKAR Ayaulym	KAZ	PTF	2:1
bulgaria-open-2026	Senior Women -67kg	R16	441	PERISIC Aleksandra	SRB	D'ANGELO Natalia	ITA	PTF	2:1
bulgaria-open-2026	Senior Women -67kg	R16	442	ALRAWASHDEH Razan mohammed	JOR	ZHELEZNOVA Viktoriia	RUS	PTF	2:0
bulgaria-open-2026	Senior Women -67kg	R16	443	POLE Doris	CRO	ROBERTS Chloe	GBR	PTF	2:1
bulgaria-open-2026	Senior Women -67kg	R16	444	KRADINOVA Uliana	RUS	MARENTAKI Styliani	GRE	PTF	2:1
bulgaria-open-2026	Senior Women -67kg	R16	448.1	ARELIC Ivana	CRO	BERISAJ Andrea	MNE	PTF	2:0
bulgaria-open-2026	Senior Women -67kg	R16	737	MORENO REYES Lena	ESP	ĐOKOVIĆ Ines	SRB	PTF	2:0
bulgaria-open-2026	Senior Women -67kg	R16	738	MINK Amy	NED	NILSEN Mari romundset	NOR	PTF	2:1
bulgaria-open-2026	Senior Women -67kg	R16	739	KOERNDL Vanessa	GER	MOTLOKH Sofiia	RUS	PTF	2:1
bulgaria-open-2026	Senior Women -67kg	QF	449	PERISIC Aleksandra	SRB	ALRAWASHDEH Razan mohammed	JOR	PTF	2:0
bulgaria-open-2026	Senior Women -67kg	QF	450	POLE Doris	CRO	KRADINOVA Uliana	RUS	PTF	2:0
bulgaria-open-2026	Senior Women -67kg	QF	745	MORENO REYES Lena	ESP	MINK Amy	NED	PTF	2:0
bulgaria-open-2026	Senior Women -67kg	QF	746	KOERNDL Vanessa	GER	ARELIC Ivana	CRO	PTF	2:0
bulgaria-open-2026	Senior Women -67kg	SF	452	POLE Doris	CRO	PERISIC Aleksandra	SRB	PTF	2:0
bulgaria-open-2026	Senior Women -67kg	SF	749	KOERNDL Vanessa	GER	MORENO REYES Lena	ESP	PTF	2:0
bulgaria-open-2026	Senior Women -67kg	F	453	POLE Doris	CRO	KOERNDL Vanessa	GER	PTF	2:1
bulgaria-open-2026	Senior Women -73kg	R32	218	MEYEUR MOUROT Elora	FRA	KENGESBEK Nurly	KAZ	PTF	2:0
bulgaria-open-2026	Senior Women -73kg	R32	510	NTE REKE MOURKOUSI Nefeli	GRE	GLUMAC Nadja	SRB	PTF	2:0
bulgaria-open-2026	Senior Women -73kg	R16	235	BOZANIC Nadica	SRB	LEON COROZO Andrea naiara	ESP	PTF	2:0
bulgaria-open-2026	Senior Women -73kg	R16	236	MASTELIC Mila	CRO	FERNANDEZ INSA Julia	ESP	PTF	2:0
bulgaria-open-2026	Senior Women -73kg	R16	237	PETROVIC Iva	SRB	ABO-ALRUB Rama	JOR	PTF	2:1
bulgaria-open-2026	Senior Women -73kg	R16	238	KOSMYCHEVA Anastasiia	RUS	MEYEUR MOUROT Elora	FRA	PTF	2:0
bulgaria-open-2026	Senior Women -73kg	R16	527	MORAN ROMERO Belen	ESP	NTE REKE MOURKOUSI Nefeli	GRE	PTF	2:0
bulgaria-open-2026	Senior Women -73kg	R16	528	MAKHMUTOVA Nazym	KAZ	JIRANKOVA Iveta	CZE	PTF	2:0
bulgaria-open-2026	Senior Women -73kg	R16	529	GARCIA SUAREZ Helena	ESP	HELDNER Laura	SUI	PTF	2:0
bulgaria-open-2026	Senior Women -73kg	R16	530	ALEKSEEVA Anfisa	RUS	MACKAY Ruby	GBR	PTF	2:0
bulgaria-open-2026	Senior Women -73kg	QF	247	MASTELIC Mila	CRO	BOZANIC Nadica	SRB	PTF	2:1
bulgaria-open-2026	Senior Women -73kg	QF	248	KOSMYCHEVA Anastasiia	RUS	PETROVIC Iva	SRB	PTF	2:1
bulgaria-open-2026	Senior Women -73kg	QF	539	MORAN ROMERO Belen	ESP	MAKHMUTOVA Nazym	KAZ	PTF	2:0
bulgaria-open-2026	Senior Women -73kg	QF	540	GARCIA SUAREZ Helena	ESP	ALEKSEEVA Anfisa	RUS	PTF	2:0
bulgaria-open-2026	Senior Women -73kg	SF	545	GARCIA SUAREZ Helena	ESP	MORAN ROMERO Belen	ESP	PTF	2:1
bulgaria-open-2026	Senior Women -73kg	SF	551	KOSMYCHEVA Anastasiia	RUS	MASTELIC Mila	CRO	PTF	2:0
bulgaria-open-2026	Senior Women -73kg	F	554	KOSMYCHEVA Anastasiia	RUS	GARCIA SUAREZ Helena	ESP	PTF	2:0
bulgaria-open-2026	Senior Women +73kg	R32	812	VALLO ZURDO Ane	ESP	BAIDAULETOVA Adelina	KAZ	PTF	2:0
bulgaria-open-2026	Senior Women +73kg	R32	813	HAWASH Dania	SWE	TETZERAKI Maria Athanasia	GRE	PTF	2:0
bulgaria-open-2026	Senior Women +73kg	R32	1010	VROEGH Nielle	NED	YERKASSIMOVA Axaule	KAZ	PTF	2:1
bulgaria-open-2026	Senior Women +73kg	R16	834	WILLIAMS Lauren	GBR	VALLO ZURDO Ane	ESP	PTF	2:0
bulgaria-open-2026	Senior Women +73kg	R16	835	SHVEDKOVA Polina	RUS	SEVIC Andjela	SRB	PTF	2:0
bulgaria-open-2026	Senior Women +73kg	R16	836	ADEBAIO Kristina	RUS	MIKHALCHUK Palina	BLR	PTF	2:0
bulgaria-open-2026	Senior Women +73kg	R16	837	CASTINEIRA ETCHEVERRIA Tania	ESP	HAWASH Dania	SWE	PTF	2:1
bulgaria-open-2026	Senior Women +73kg	R16	1031	VROEGH Nielle	NED	KUS AYDIN Nafia	TUR	PTF	2:0
bulgaria-open-2026	Senior Women +73kg	R16	1032	MUSLIMOVA Linara	RUS	HAMADACHE Emna	FRA	PTF	2:0
bulgaria-open-2026	Senior Women +73kg	R16	1033	KITSIOU Agoritsa artemia	GRE	KUCHYNA Viktoriia	UKR	RSC	2:0
bulgaria-open-2026	Senior Women +73kg	R16	1034	MATIC Magdalena	CRO	RIVADULLA LORENZO Desiree	ESP	PTF	2:0
bulgaria-open-2026	Senior Women +73kg	QF	848	SHVEDKOVA Polina	RUS	WILLIAMS Lauren	GBR	PTF	2:1
bulgaria-open-2026	Senior Women +73kg	QF	849	ADEBAIO Kristina	RUS	CASTINEIRA ETCHEVERRIA Tania	ESP	PTF	2:1
bulgaria-open-2026	Senior Women +73kg	QF	1045	MUSLIMOVA Linara	RUS	VROEGH Nielle	NED	RSC	2:0
bulgaria-open-2026	Senior Women +73kg	QF	1046	MATIC Magdalena	CRO	KITSIOU Agoritsa artemia	GRE	PTF	2:0
bulgaria-open-2026	Senior Women +73kg	SF	1051	MUSLIMOVA Linara	RUS	MATIC Magdalena	CRO	PTF	2:0
bulgaria-open-2026	Senior Women +73kg	SF	1052	ADEBAIO Kristina	RUS	SHVEDKOVA Polina	RUS	PTF	2:1
bulgaria-open-2026	Senior Women +73kg	F	1055	ADEBAIO Kristina	RUS	MUSLIMOVA Linara	RUS	PTF	2:0
turkiye-open-2026	Senior Men -54kg	R64	501	ACKEY Aime	FRA	ALMUHAMMED ALOMER Abdurrahman	SYR	PTF	2:0
turkiye-open-2026	Senior Men -54kg	R64	701	EZ-ZITOUNI Hassan	MAR	ENKHJARGAL Otgonbayar	MGL	PTF	2:0
turkiye-open-2026	Senior Men -54kg	R64	702	TOYINBEK Daniyar	KAZ	LASRI Afif	MAR	PTF	2:0
turkiye-open-2026	Senior Men -54kg	R64	801	ERMAKOV Artem	RUS	MUNKHBAYAR Enkhdul	MGL	PTF	2:1
turkiye-open-2026	Senior Men -54kg	R32	503	DZHIKAEV Khetag	RUS	DALKILIC Mehmet	TUR	RSC	2:0
turkiye-open-2026	Senior Men -54kg	R32	504	KHUDAYBERDIEV Jakhongir	UZB	ACKEY Aime	FRA	PTF	2:0
turkiye-open-2026	Senior Men -54kg	R32	505	GONCHARENKO Artem	RUS	DAGDELEN Deniz	TUR	PTF	2:1
turkiye-open-2026	Senior Men -54kg	R32	506	SHAPULATOV Bakhodir	KAZ	GOKTAS Efe Emre	TUR	PTF	2:0
turkiye-open-2026	Senior Men -54kg	R32	507	YELALDI Kaan	TUR	MISSAOUI Nidhal	TUN	PTF	2:0
turkiye-open-2026	Senior Men -54kg	R32	708.1	DILMURODJON Marufjonov	UZB	YILMAZ Huseyin	TUR	RSC	1:0
turkiye-open-2026	Senior Men -54kg	R32	708.2	YENSEGENOV Yerkebulan	KAZ	ERMAKOV Artem	RUS	PTF	2:0
turkiye-open-2026	Senior Men -54kg	R32	709	MIRZAKARIMOV Mirislom	KAZ	TUFAN Egemen	TUR	PTF	2:0
turkiye-open-2026	Senior Men -54kg	R32	710	DULGER Omer Talha	TUR	MALYKHIN Danil	RUS	PTF	2:0
turkiye-open-2026	Senior Men -54kg	R32	711	KADIRKULOV Begzod	KAZ	EZ-ZITOUNI Hassan	MAR	PTF	2:0
turkiye-open-2026	Senior Men -54kg	R32	712	HIDAYAT TUMAKAKA Aziz	INA	TOYINBEK Daniyar	KAZ	PTF	2:1
turkiye-open-2026	Senior Men -54kg	R32	713	MUSSAPIR Abylaikhan	KAZ	ASLAN Bedirhan	TUR	PTF	2:1
turkiye-open-2026	Senior Men -54kg	R32	803	YELIBAI Rinat	KAZ	SAHIN Huseyin	TUR	PTF	2:0
turkiye-open-2026	Senior Men -54kg	R32	804	KURU Alihan	TUR	MAGOMEDOV Kurbanmagomed	RUS	PTF	2:1
turkiye-open-2026	Senior Men -54kg	R32	805	DULGER Emir Muhsin	TUR	DANGNOK Nattaporn	THA	PTF	2:0
turkiye-open-2026	Senior Men -54kg	R32	806	TASKYN Temirzhan	KAZ	ZHANYSHBEKOV Mukhammed-Ali	KGZ	PTF	2:0
turkiye-open-2026	Senior Men -54kg	R16	513	KHUDAYBERDIEV Jakhongir	UZB	DZHIKAEV Khetag	RUS	PTF	2:0
turkiye-open-2026	Senior Men -54kg	R16	514	SHAPULATOV Bakhodir	KAZ	GONCHARENKO Artem	RUS	PTF	2:1
turkiye-open-2026	Senior Men -54kg	R16	717	YELALDI Kaan	TUR	MIRZAKARIMOV Mirislom	KAZ	PTF	2:0
turkiye-open-2026	Senior Men -54kg	R16	718	DULGER Omer Talha	TUR	KADIRKULOV Begzod	KAZ	PTF	2:1
turkiye-open-2026	Senior Men -54kg	R16	719	MUSSAPIR Abylaikhan	KAZ	HIDAYAT TUMAKAKA Aziz	INA	PTF	2:1
turkiye-open-2026	Senior Men -54kg	R16	817	KURU Alihan	TUR	YELIBAI Rinat	KAZ	PTF	2:1
turkiye-open-2026	Senior Men -54kg	R16	818	TASKYN Temirzhan	KAZ	DULGER Emir Muhsin	TUR	PTF	2:0
turkiye-open-2026	Senior Men -54kg	R16	819	DILMURODJON Marufjonov	UZB	YENSEGENOV Yerkebulan	KAZ	PTF	2:0
turkiye-open-2026	Senior Men -54kg	QF	517	KHUDAYBERDIEV Jakhongir	UZB	SHAPULATOV Bakhodir	KAZ	PTF	2:0
turkiye-open-2026	Senior Men -54kg	QF	722	YELALDI Kaan	TUR	DULGER Omer Talha	TUR	PTF	2:0
turkiye-open-2026	Senior Men -54kg	QF	824	KURU Alihan	TUR	MUSSAPIR Abylaikhan	KAZ	PTF	2:0
turkiye-open-2026	Senior Men -54kg	QF	825	DILMURODJON Marufjonov	UZB	TASKYN Temirzhan	KAZ	PTF	2:1
turkiye-open-2026	Senior Men -54kg	SF	525	YELALDI Kaan	TUR	KHUDAYBERDIEV Jakhongir	UZB	PTF	2:0
turkiye-open-2026	Senior Men -54kg	SF	626	DILMURODJON Marufjonov	UZB	KURU Alihan	TUR	PTF	2:1
turkiye-open-2026	Senior Men -54kg	F	931	DILMURODJON Marufjonov	UZB	YELALDI Kaan	TUR	PTF	2:0
turkiye-open-2026	Senior Men -58kg	R32	201	KAZLOU Yahor	BLR	GOKALP Cuneyt	TUR	PTF	2:0
turkiye-open-2026	Senior Men -58kg	R32	202	POLAT Gorkem	TUR	MORENO ALVAREZ Franco javier	PER	PTF	2:0
turkiye-open-2026	Senior Men -58kg	R32	203	GRITSENKO Vladimir	RUS	ENKHTAIVAN Anand	MGL	PTF	2:0
turkiye-open-2026	Senior Men -58kg	R32	204	MANSUROV Kamronbek	UZB	ERBULUT Berke	TUR	PTF	2:0
turkiye-open-2026	Senior Men -58kg	R32	301	YONDONJAMTS Purevdash	MGL	KARAMAN Taha Utkan	TUR	PTF	2:0
turkiye-open-2026	Senior Men -58kg	R32	302	VINOGRADOV Pavel	RUS	CAN Haktan	TUR	PTF	2:0
turkiye-open-2026	Senior Men -58kg	R32	303	DZHIOEV Igor	RUS	KAPLAN Enes	TUR	PTF	2:1
turkiye-open-2026	Senior Men -58kg	R32	304	OTAJONOV Omonjon	UZB	ABBASOV Mukhammed	RUS	PTF	2:0
turkiye-open-2026	Senior Men -58kg	R32	305	NAVARRETE UGARTE Fabricio Antonio	PER	TBATOU Amine	MAR	PTF	2:1
turkiye-open-2026	Senior Men -58kg	R32	703	CAMOGLU Furkan ubeyde	TUR	KIRSANOV Sergei	RUS	RSC	2:0
turkiye-open-2026	Senior Men -58kg	R32	704	ARKHANGELSKII Amir	RUS	ABDEL HALIM Khaled	GER	PTF	2:0
turkiye-open-2026	Senior Men -58kg	R32	705	BESAEV Azat	RUS	BALABAN Server	TUR	PTF	2:0
turkiye-open-2026	Senior Men -58kg	R32	706	ALDAOUD Ja'afar	JOR	GUNES Ahmet Yetis	TUR	PTF	2:0
turkiye-open-2026	Senior Men -58kg	R32	707	BALAKHNEEV Dmitriy	RUS	ABDUJABBOROV Umarali	UZB	PTF	2:0
turkiye-open-2026	Senior Men -58kg	R32	708	MAHAMAD Sirawit	THA	KAYA Kaan Nusret	TUR	PTF	2:0
turkiye-open-2026	Senior Men -58kg	R16	214	BADEM Yusuf	TUR	KAZLOU Yahor	BLR	PTF	2:0
turkiye-open-2026	Senior Men -58kg	R16	215	GRITSENKO Vladimir	RUS	POLAT Gorkem	TUR	PTF	2:1
turkiye-open-2026	Senior Men -58kg	R16	314	MANSUROV Kamronbek	UZB	YONDONJAMTS Purevdash	MGL	PTF	2:0
turkiye-open-2026	Senior Men -58kg	R16	316	OTAJONOV Omonjon	UZB	NAVARRETE UGARTE Fabricio Antonio	PER	PTF	2:0
turkiye-open-2026	Senior Men -58kg	R16	713.1	VINOGRADOV Pavel	RUS	DZHIOEV Igor	RUS	PTF	2:0
turkiye-open-2026	Senior Men -58kg	R16	714	ARKHANGELSKII Amir	RUS	CAMOGLU Furkan ubeyde	TUR	PTF	2:1
turkiye-open-2026	Senior Men -58kg	R16	715	ALDAOUD Ja'afar	JOR	BESAEV Azat	RUS	PTF	2:1
turkiye-open-2026	Senior Men -58kg	R16	716	MAHAMAD Sirawit	THA	BALAKHNEEV Dmitriy	RUS	PTF	2:0
turkiye-open-2026	Senior Men -58kg	QF	326	ALDAOUD Ja'afar	JOR	MAHAMAD Sirawit	THA	PTF	2:0
turkiye-open-2026	Senior Men -58kg	QF	522	GRITSENKO Vladimir	RUS	BADEM Yusuf	TUR	PTF	2:1
turkiye-open-2026	Senior Men -58kg	QF	622.1	VINOGRADOV Pavel	RUS	MANSUROV Kamronbek	UZB	PTF	2:1
turkiye-open-2026	Senior Men -58kg	QF	720	OTAJONOV Omonjon	UZB	ARKHANGELSKII Amir	RUS	PTF	2:0
turkiye-open-2026	Senior Men -58kg	SF	229	GRITSENKO Vladimir	RUS	VINOGRADOV Pavel	RUS	PTF	2:0
turkiye-open-2026	Senior Men -58kg	SF	723	OTAJONOV Omonjon	UZB	ALDAOUD Ja'afar	JOR	PTF	2:0
turkiye-open-2026	Senior Men -58kg	F	932	OTAJONOV Omonjon	UZB	GRITSENKO Vladimir	RUS	PTF	2:0
turkiye-open-2026	Senior Men -63kg	R64	101	GUMUS Feyyaz	GER	GAHLAS Mohamed Anis	TUN	PTF	2:0
turkiye-open-2026	Senior Men -63kg	R64	102	RAKHYMBEK Rauan	KAZ	ALTYBAEV Aidin	KGZ	PTF	2:1
turkiye-open-2026	Senior Men -63kg	R64	103	OTER Ibrahim	TUR	PATERIKIN Andrei	RUS	PTF	2:0
turkiye-open-2026	Senior Men -63kg	R64	104	CASTILLO RAMOS Alejandro	PER	ABDURAGIMOV Ali	RUS	PTF	2:0
turkiye-open-2026	Senior Men -63kg	R64	105	YELEMESSOV Medet	KAZ	OLMEZ Murat Can	TUR	PTF	2:0
turkiye-open-2026	Senior Men -63kg	R64	106	MERGANBAY Abylaikhan	KAZ	KILIC Yusuf	TUR	RSC	2:0
turkiye-open-2026	Senior Men -63kg	R64	107	ADALOV Hizri	RUS	KURUTAS Eren	TUR	PTF	2:1
turkiye-open-2026	Senior Men -63kg	R64	205	KOVTUN Pavel	RUS	OZDOGAN Kazim	TUR	PTF	2:1
turkiye-open-2026	Senior Men -63kg	R64	206	CALIK Merdan	TUR	KHASHKHOV Adam	RUS	PTF	2:1
turkiye-open-2026	Senior Men -63kg	R64	207	KASSANOV Izyat	KAZ	AVSAR Mehmet Efe	TUR	PTF	2:1
turkiye-open-2026	Senior Men -63kg	R64	208	ISRAILOV Zhassurbek	KAZ	BERK Goktug	TUR	PTF	2:0
turkiye-open-2026	Senior Men -63kg	R64	209	PTITSYN Rostislav	RUS	DEMIR Berk Karan	TUR	PTF	2:0
turkiye-open-2026	Senior Men -63kg	R64	212	BATRADZ Khubaev	RUS	NURDAULET Temirbay	KAZ	PTF	2:0
turkiye-open-2026	Senior Men -63kg	R64	213	KHASSAN Yerbolat	KAZ	EVIN Emre Talha	TUR	PTF	2:1
turkiye-open-2026	Senior Men -63kg	R64	306	BITSUEV Kantemir	RUS	YARLI Abdullah Omer	TUR	PTF	2:0
turkiye-open-2026	Senior Men -63kg	R64	307	MAGOMEDOV Shamil	RUS	KILICKAYA Oguzhan	TUR	PTF	2:0
turkiye-open-2026	Senior Men -63kg	R64	308	KUZNETSOV Evgenii	RUS	SERBETCI Nuri	TUR	PTF	2:1
turkiye-open-2026	Senior Men -63kg	R64	309	AKSOY Selimhan	TUR	VYKOV Umar	RUS	PTF	2:0
turkiye-open-2026	Senior Men -63kg	R64	310	KURBANOV Shamsiddin	UZB	KUZMINOV Aleksei	RUS	PTF	2:1
turkiye-open-2026	Senior Men -63kg	R64	311	NIYAZOV Azim	KAZ	BOUBOU Kamal	MAR	PTF	2:0
turkiye-open-2026	Senior Men -63kg	R64	312	MAGOMEDOV Magomedgadzhi	RUS	MASYLKADYROV Azamat	KGZ	PTF	2:0
turkiye-open-2026	Senior Men -63kg	R64	313	SHANDALOVICH Andrei	RUS	CORREIA DA SILVA Carlos Henrique	BRA	PTF	2:0
turkiye-open-2026	Senior Men -63kg	R64	913.1	AKBI Alisher	KAZ	BIRCAN Muhammed Utku	TUR	PTF	2:0
turkiye-open-2026	Senior Men -63kg	R64	913.2	YERMENTAYEV Arslan	KAZ	DELEN Zafer Erdem	TUR	PTF	2:1
turkiye-open-2026	Senior Men -63kg	R32	109	DAYIOGLU Omer faruk	TUR	GUMUS Feyyaz	GER	PTF	2:0
turkiye-open-2026	Senior Men -63kg	R32	110	OTER Ibrahim	TUR	RAKHYMBEK Rauan	KAZ	PTF	2:0
turkiye-open-2026	Senior Men -63kg	R32	111	YELEMESSOV Medet	KAZ	CASTILLO RAMOS Alejandro	PER	PTF	2:0
turkiye-open-2026	Senior Men -63kg	R32	112	MERGANBAY Abylaikhan	KAZ	NACHEV Luboslav	BUL	PTF	2:0
turkiye-open-2026	Senior Men -63kg	R32	113	SRITIMONGKOL Napat	THA	ADALOV Hizri	RUS	PTF	2:0
turkiye-open-2026	Senior Men -63kg	R32	216	KOVTUN Pavel	RUS	CALIK Merdan	TUR	PTF	2:1
turkiye-open-2026	Senior Men -63kg	R32	217	ISRAILOV Zhassurbek	KAZ	KASSANOV Izyat	KAZ	PTF	2:0
turkiye-open-2026	Senior Men -63kg	R32	218	MITKOV Stanislav	BUL	PTITSYN Rostislav	RUS	PTF	2:0
turkiye-open-2026	Senior Men -63kg	R32	219	OSIN Maksim	RUS	AKBI Alisher	KAZ	RSC	2:0
turkiye-open-2026	Senior Men -63kg	R32	220	BATRADZ Khubaev	RUS	YERMENTAYEV Arslan	KAZ	PTF	2:1
turkiye-open-2026	Senior Men -63kg	R32	317	BITSUEV Kantemir	RUS	KHASSAN Yerbolat	KAZ	PTF	2:1
turkiye-open-2026	Senior Men -63kg	R32	318	MAGOMEDOV Shamil	RUS	DASHDAVAA Chinzorig	MGL	PTF	2:0
turkiye-open-2026	Senior Men -63kg	R32	320	KURBANOV Shamsiddin	UZB	AKSOY Selimhan	TUR	PTF	2:0
turkiye-open-2026	Senior Men -63kg	R32	321	NIYAZOV Azim	KAZ	MAGOMEDOV Magomedgadzhi	RUS	PTF	2:1
turkiye-open-2026	Senior Men -63kg	R32	322	AYDOGAN Hamza osman	TUR	SHANDALOVICH Andrei	RUS	PTF	2:0
turkiye-open-2026	Senior Men -63kg	R32	519	SHISHKO Dmitrii	RUS	KUZNETSOV Evgenii	RUS	PTF	2:0
turkiye-open-2026	Senior Men -63kg	R16	119	OTER Ibrahim	TUR	DAYIOGLU Omer faruk	TUR	WDR	1:1
turkiye-open-2026	Senior Men -63kg	R16	221	KOVTUN Pavel	RUS	SRITIMONGKOL Napat	THA	PTF	2:0
turkiye-open-2026	Senior Men -63kg	R16	222	ISRAILOV Zhassurbek	KAZ	MITKOV Stanislav	BUL	PTF	2:1
turkiye-open-2026	Senior Men -63kg	R16	223	OSIN Maksim	RUS	BATRADZ Khubaev	RUS	PTF	2:0
turkiye-open-2026	Senior Men -63kg	R16	323	BITSUEV Kantemir	RUS	MAGOMEDOV Shamil	RUS	PTF	2:1
turkiye-open-2026	Senior Men -63kg	R16	324	SHISHKO Dmitrii	RUS	KURBANOV Shamsiddin	UZB	PTF	2:0
turkiye-open-2026	Senior Men -63kg	R16	325	NIYAZOV Azim	KAZ	AYDOGAN Hamza osman	TUR	PTF	2:1
turkiye-open-2026	Senior Men -63kg	R16	520	MERGANBAY Abylaikhan	KAZ	YELEMESSOV Medet	KAZ	PTF	2:1
turkiye-open-2026	Senior Men -63kg	QF	123	MERGANBAY Abylaikhan	KAZ	OTER Ibrahim	TUR	PTF	2:0
turkiye-open-2026	Senior Men -63kg	QF	225	KOVTUN Pavel	RUS	ISRAILOV Zhassurbek	KAZ	PTF	2:1
turkiye-open-2026	Senior Men -63kg	QF	327	OSIN Maksim	RUS	BITSUEV Kantemir	RUS	PTF	2:0
turkiye-open-2026	Senior Men -63kg	QF	926	SHISHKO Dmitrii	RUS	NIYAZOV Azim	KAZ	PTF	2:0
turkiye-open-2026	Senior Men -63kg	SF	127	MERGANBAY Abylaikhan	KAZ	KOVTUN Pavel	RUS	PTF	2:0
turkiye-open-2026	Senior Men -63kg	SF	131	OSIN Maksim	RUS	SHISHKO Dmitrii	RUS	PTF	2:0
turkiye-open-2026	Senior Men -63kg	F	933	OSIN Maksim	RUS	MERGANBAY Abylaikhan	KAZ	PTF	2:0
turkiye-open-2026	Senior Men -68kg	R64	108	LOSKUTOV Kirill	RUS	SARGIN Irfan Can	TUR	PTF	2:0
turkiye-open-2026	Senior Men -68kg	R64	502	ABDULKADYROV Magomedrasul	RUS	SEZER Duran Efe	TUR	RSC	2:0
turkiye-open-2026	Senior Men -68kg	R64	901	GANTULGA Enkhbayar	MGL	ABDYEV Sherzat	KGZ	PTF	2:0
turkiye-open-2026	Senior Men -68kg	R32	114	TUBTIMDANG Banlung	THA	LOSKUTOV Kirill	RUS	PTF	2:0
turkiye-open-2026	Senior Men -68kg	R32	115	KOSIMKHOJIEV Najmiddin	UZB	KESGIN Gokhan Emre	TUR	PTF	2:0
turkiye-open-2026	Senior Men -68kg	R32	116	GAZEZ Nurbek	KAZ	DEINICHENKO Aleksandr	RUS	PTF	2:0
turkiye-open-2026	Senior Men -68kg	R32	117	RECBER Hakan	TUR	FROLOV Semen	RUS	PTF	2:0
turkiye-open-2026	Senior Men -68kg	R32	118	CEYLAN Ahmet bogachan	TUR	SHULENOV Damir	KAZ	PTF	2:1
turkiye-open-2026	Senior Men -68kg	R32	508	BEGIMBETOV Amanbol	KAZ	ASLAN Cihan	TUR	PTF	2:0
turkiye-open-2026	Senior Men -68kg	R32	509	ORYNBEK Sultanbek	KAZ	CAVUSMAN Emre	GER	PTF	2:0
turkiye-open-2026	Senior Men -68kg	R32	510	TUKHLIBOEV Diyorbek	UZB	CAKIR Nusret Efe	TUR	PTF	2:0
turkiye-open-2026	Senior Men -68kg	R32	511	ALHALAWANI Zaid	JOR	ABDULKADYROV Magomedrasul	RUS	PTF	2:0
turkiye-open-2026	Senior Men -68kg	R32	512	BAGOV Idar	RUS	COSGUNGONUL Bugra	TUR	PTF	2:1
turkiye-open-2026	Senior Men -68kg	R32	910	MAGERRAMOV Dzhavid	RUS	COMBAS Ihsan	TUR	PTF	2:0
turkiye-open-2026	Senior Men -68kg	R32	911	OLIVERO TORO Cristian	CHI	KURT Berat	TUR	PTF	2:0
turkiye-open-2026	Senior Men -68kg	R32	912	ALTARYREH Mahmoud	JOR	EROGLU Arda Samet	TUR	PTF	2:0
turkiye-open-2026	Senior Men -68kg	R32	913	OZDEMIR Eren	TUR	BUGULOV Ruslan	RUS	PTF	2:0
turkiye-open-2026	Senior Men -68kg	R32	914	GIKMATOV Ilia	RUS	ABABAKIROV Samirkhon	KAZ	PTF	2:1
turkiye-open-2026	Senior Men -68kg	R32	915	ERER Berkay	TUR	GANTULGA Enkhbayar	MGL	PTF	2:0
turkiye-open-2026	Senior Men -68kg	R16	121	TUBTIMDANG Banlung	THA	KOSIMKHOJIEV Najmiddin	UZB	PTF	2:1
turkiye-open-2026	Senior Men -68kg	R16	122	GAZEZ Nurbek	KAZ	RECBER Hakan	TUR	PTF	2:0
turkiye-open-2026	Senior Men -68kg	R16	515	TUKHLIBOEV Diyorbek	UZB	ORYNBEK Sultanbek	KAZ	PTF	2:0
turkiye-open-2026	Senior Men -68kg	R16	516	ALHALAWANI Zaid	JOR	BAGOV Idar	RUS	PTF	2:0
turkiye-open-2026	Senior Men -68kg	R16	521	CEYLAN Ahmet bogachan	TUR	BEGIMBETOV Amanbol	KAZ	PTF	2:1
turkiye-open-2026	Senior Men -68kg	R16	916	MAGERRAMOV Dzhavid	RUS	OLIVERO TORO Cristian	CHI	PTF	2:1
turkiye-open-2026	Senior Men -68kg	R16	917	OZDEMIR Eren	TUR	ALTARYREH Mahmoud	JOR	PTF	2:1
turkiye-open-2026	Senior Men -68kg	R16	918	ERER Berkay	TUR	GIKMATOV Ilia	RUS	PTF	2:0
turkiye-open-2026	Senior Men -68kg	QF	124	TUBTIMDANG Banlung	THA	GAZEZ Nurbek	KAZ	PTF	2:1
turkiye-open-2026	Senior Men -68kg	QF	524	TUKHLIBOEV Diyorbek	UZB	CEYLAN Ahmet bogachan	TUR	PTF	2:1
turkiye-open-2026	Senior Men -68kg	QF	923	MAGERRAMOV Dzhavid	RUS	ALHALAWANI Zaid	JOR	PTF	2:0
turkiye-open-2026	Senior Men -68kg	QF	924	ERER Berkay	TUR	OZDEMIR Eren	TUR	PTF	2:0
turkiye-open-2026	Senior Men -68kg	SF	125	MAGERRAMOV Dzhavid	RUS	ERER Berkay	TUR	PTF	2:0
turkiye-open-2026	Senior Men -68kg	SF	524.1	TUBTIMDANG Banlung	THA	TUKHLIBOEV Diyorbek	UZB	PTF	2:0
turkiye-open-2026	Senior Men -68kg	F	934	TUBTIMDANG Banlung	THA	MAGERRAMOV Dzhavid	RUS	PTF	2:0
turkiye-open-2026	Senior Men -74kg	R32	601	NASIR Shokan	KAZ	BEKIROGLU Ismail	TUR	PTF	2:0
turkiye-open-2026	Senior Men -74kg	R32	602	KILICASLAN Sedat Enes	TUR	BARAKPAYEV Serzhan	KAZ	PTF	2:1
turkiye-open-2026	Senior Men -74kg	R32	603	RAMAZANOV Khanmagomed	RUS	MINTAS Muhammed	TUR	PTF	2:0
turkiye-open-2026	Senior Men -74kg	R32	604	KAVURAT Ferhat can	TUR	SHELIKH Andrei	RUS	PTF	2:0
turkiye-open-2026	Senior Men -74kg	R32	605	DABYSSOV Ali	KAZ	AYDIN Furkan	TUR	PTF	2:0
turkiye-open-2026	Senior Men -74kg	R32	606	VYSOTIN Nikita	RUS	AYAZ Alperen	TUR	PTF	2:1
turkiye-open-2026	Senior Men -74kg	R32	607	KARATAS Ahmet	TUR	MUSLU Halil Eren	TUR	PTF	2:1
turkiye-open-2026	Senior Men -74kg	R32	608	HAIDARI Milad	DEN	DONMEZ Ege Arda	TUR	PTF	2:0
turkiye-open-2026	Senior Men -74kg	R32	609	ALIEV Ali	RUS	SANTAS Kadir	TUR	PTF	2:0
turkiye-open-2026	Senior Men -74kg	R32	610	AKTAS Efe Yagiz	TUR	PANCHULIDZE Luka	GEO	RSC	1:0
turkiye-open-2026	Senior Men -74kg	R16	611	ABDUSALAMOV Magomed	RUS	NASIR Shokan	KAZ	PTF	2:0
turkiye-open-2026	Senior Men -74kg	R16	612	RAMAZANOV Khanmagomed	RUS	KILICASLAN Sedat Enes	TUR	PTF	2:0
turkiye-open-2026	Senior Men -74kg	R16	613	KAVURAT Ferhat can	TUR	SPICK Maximilian	GER	PTF	2:0
turkiye-open-2026	Senior Men -74kg	R16	614	PHROMPATJU Krittayot	THA	DABYSSOV Ali	KAZ	PTF	2:0
turkiye-open-2026	Senior Men -74kg	R16	615	BIRIMBAY Eldar	KAZ	VYSOTIN Nikita	RUS	PTF	2:0
turkiye-open-2026	Senior Men -74kg	R16	616	PANASENKOV Kirill	RUS	KARATAS Ahmet	TUR	PTF	2:0
turkiye-open-2026	Senior Men -74kg	R16	617	ALIEV Ali	RUS	HAIDARI Milad	DEN	PTF	2:0
turkiye-open-2026	Senior Men -74kg	R16	618	KORPE Omer furkan	TUR	AKTAS Efe Yagiz	TUR	PTF	2:0
turkiye-open-2026	Senior Men -74kg	QF	619	RAMAZANOV Khanmagomed	RUS	ABDUSALAMOV Magomed	RUS	PTF	2:1
turkiye-open-2026	Senior Men -74kg	QF	620	KAVURAT Ferhat can	TUR	PHROMPATJU Krittayot	THA	PTF	2:1
turkiye-open-2026	Senior Men -74kg	QF	621	BIRIMBAY Eldar	KAZ	PANASENKOV Kirill	RUS	PTF	2:0
turkiye-open-2026	Senior Men -74kg	QF	622	KORPE Omer furkan	TUR	ALIEV Ali	RUS	PTF	2:1
turkiye-open-2026	Senior Men -74kg	SF	623	KAVURAT Ferhat can	TUR	RAMAZANOV Khanmagomed	RUS	PTF	2:0
turkiye-open-2026	Senior Men -74kg	SF	625	BIRIMBAY Eldar	KAZ	KORPE Omer furkan	TUR	RSC	2:0
turkiye-open-2026	Senior Men -74kg	F	935	KAVURAT Ferhat can	TUR	BIRIMBAY Eldar	KAZ	PTF	2:0
turkiye-open-2026	Senior Men -80kg	R32	401	OMAROV Magomedrasul	RUS	SHIMANSKIY Vladislav	RUS	PTF	2:0
turkiye-open-2026	Senior Men -80kg	R32	402	AGERZHANOKOV Amal	RUS	GANIYEV Mergen	KAZ	PTF	2:1
turkiye-open-2026	Senior Men -80kg	R32	403	RAIHAN FADHILA Mhd	INA	MURATKAN Yelnur	KAZ	PTF	2:1
turkiye-open-2026	Senior Men -80kg	R32	404	ALADARBI Mohammad	JOR	KOC Ibrahim	TUR	RSC	2:0
turkiye-open-2026	Senior Men -80kg	R32	405	SAEJO Thanathorn	THA	SULU Idris Atay	TUR	PTF	2:0
turkiye-open-2026	Senior Men -80kg	R32	406	YILDIZ Muhammed emin	TUR	SAHIN Muhammed Enes	TUR	PTF	2:0
turkiye-open-2026	Senior Men -80kg	R32	407	TURAVINAU Raman	BLR	KAVURAT Hakan	TUR	WDR	1:0
turkiye-open-2026	Senior Men -80kg	R32	408	MYTAREV Artem	RUS	GOLEMAC Nikola	DEN	PTF	2:0
turkiye-open-2026	Senior Men -80kg	R32	409	MELNIKOV Artem	RUS	GUMUS Kaan	GER	PTF	2:1
turkiye-open-2026	Senior Men -80kg	R32	410	ALIEV Emil	RUS	SAROGLU Ferhat Muhammet	TUR	PTF	2:1
turkiye-open-2026	Senior Men -80kg	R32	411	SLEPOV Stepan	RUS	TSARANOV Nikita	RUS	PTF	2:0
turkiye-open-2026	Senior Men -80kg	R32	412	MARIPOV Abdurakhmon	KAZ	TOYTOGLU Ozan	TUR	PTF	2:1
turkiye-open-2026	Senior Men -80kg	R32	413	HOERMANN Vincent	GER	DAGDEVIREN Muzaffer	TUR	PTF	2:0
turkiye-open-2026	Senior Men -80kg	R32	414	KUSSETOV Batyrkhan	KAZ	ARIK Hasan	TUR	RSC	2:0
turkiye-open-2026	Senior Men -80kg	R16	415	OMAROV Magomedrasul	RUS	CHURCHILL MARTINEZ Joaquin	CHI	PTF	2:0
turkiye-open-2026	Senior Men -80kg	R16	416	AGERZHANOKOV Amal	RUS	RAIHAN FADHILA Mhd	INA	PTF	2:1
turkiye-open-2026	Senior Men -80kg	R16	417	SAEJO Thanathorn	THA	ALADARBI Mohammad	JOR	PTF	2:0
turkiye-open-2026	Senior Men -80kg	R16	419	MELNIKOV Artem	RUS	MYTAREV Artem	RUS	PTF	2:0
turkiye-open-2026	Senior Men -80kg	R16	420	SLEPOV Stepan	RUS	ALIEV Emil	RUS	PTF	2:1
turkiye-open-2026	Senior Men -80kg	R16	421	MARIPOV Abdurakhmon	KAZ	HOERMANN Vincent	GER	PTF	2:1
turkiye-open-2026	Senior Men -80kg	R16	422	JAYSUNOV Jasurbek	UZB	KUSSETOV Batyrkhan	KAZ	PTF	2:0
turkiye-open-2026	Senior Men -80kg	R16	518	TURAVINAU Raman	BLR	YILDIZ Muhammed emin	TUR	PTF	2:0
turkiye-open-2026	Senior Men -80kg	QF	122.1	OMAROV Magomedrasul	RUS	AGERZHANOKOV Amal	RUS	PTF	2:0
turkiye-open-2026	Senior Men -80kg	QF	424	TURAVINAU Raman	BLR	SAEJO Thanathorn	THA	PTF	2:0
turkiye-open-2026	Senior Men -80kg	QF	425	SLEPOV Stepan	RUS	MELNIKOV Artem	RUS	PTF	2:0
turkiye-open-2026	Senior Men -80kg	QF	426	JAYSUNOV Jasurbek	UZB	MARIPOV Abdurakhmon	KAZ	PTF	2:1
turkiye-open-2026	Senior Men -80kg	SF	427	TURAVINAU Raman	BLR	OMAROV Magomedrasul	RUS	PTF	2:0
turkiye-open-2026	Senior Men -80kg	SF	429	JAYSUNOV Jasurbek	UZB	SLEPOV Stepan	RUS	PTF	2:0
turkiye-open-2026	Senior Men -80kg	F	936	JAYSUNOV Jasurbek	UZB	TURAVINAU Raman	BLR	PTF	2:1
turkiye-open-2026	Senior Men -87kg	R32	802	SARI Muhammet talha	TUR	KILICOGLU Baturalp	TUR	PTF	2:0
turkiye-open-2026	Senior Men -87kg	R16	809	ELSHARABATY Saleh	JOR	SARI Muhammet talha	TUR	PTF	2:0
turkiye-open-2026	Senior Men -87kg	R16	810	AMER ALI Hassan	DEN	PRYAZHNIKOV Alexander	RUS	PTF	2:1
turkiye-open-2026	Senior Men -87kg	R16	811	TOLEUGALI Batyrkhan	KAZ	KARTAL Huseyin	TUR	PTF	2:0
turkiye-open-2026	Senior Men -87kg	R16	812	MYRZABAYEV Nurlan	KAZ	KARAKOC Sadullah	TUR	PTF	2:0
turkiye-open-2026	Senior Men -87kg	R16	813	MERCER Jack  woody	THA	ATESLI Orkun	TUR	WDR	
turkiye-open-2026	Senior Men -87kg	R16	814	ZAKARIA Khouyyar	MAR	NURGAZIN Meiir	KAZ	PTF	2:1
turkiye-open-2026	Senior Men -87kg	R16	815	BUDIN Vladislav	RUS	SENOL Yusuf	TUR	PTF	2:0
turkiye-open-2026	Senior Men -87kg	R16	816	ZHURABOEV Yodgorbek	UZB	AKTAS Recep Alperen	TUR	PTF	2:0
turkiye-open-2026	Senior Men -87kg	QF	820	ELSHARABATY Saleh	JOR	AMER ALI Hassan	DEN	PTF	2:0
turkiye-open-2026	Senior Men -87kg	QF	821	TOLEUGALI Batyrkhan	KAZ	MYRZABAYEV Nurlan	KAZ	PTF	2:0
turkiye-open-2026	Senior Men -87kg	QF	822	ZAKARIA Khouyyar	MAR	MERCER Jack  woody	THA	PTF	2:1
turkiye-open-2026	Senior Men -87kg	QF	823	BUDIN Vladislav	RUS	ZHURABOEV Yodgorbek	UZB	PTF	2:0
turkiye-open-2026	Senior Men -87kg	SF	826	TOLEUGALI Batyrkhan	KAZ	ELSHARABATY Saleh	JOR	PTF	2:1
turkiye-open-2026	Senior Men -87kg	SF	827	BUDIN Vladislav	RUS	ZAKARIA Khouyyar	MAR	PTF	2:0
turkiye-open-2026	Senior Men -87kg	F	937	TOLEUGALI Batyrkhan	KAZ	BUDIN Vladislav	RUS	PTF	2:1
turkiye-open-2026	Senior Men +87kg	R16	902	AIUKAEV Rafail	RUS	SAHIN Berat	TUR	PTF	2:0
turkiye-open-2026	Senior Men +87kg	R16	903	PUSHKIN Kirill	RUS	KHASSENOV Bauyrzhan	KAZ	PTF	2:1
turkiye-open-2026	Senior Men +87kg	R16	904	SHODMONOV Khudoynazar	UZB	BICER Enbiya taha	TUR	PTF	2:0
turkiye-open-2026	Senior Men +87kg	R16	905	PLONIS Artsiom	BLR	CELIK Ertugrul	TUR	WDR	
turkiye-open-2026	Senior Men +87kg	R16	906	LARIN Vladislav	RUS	CURABAZ Sergen	TUR	PTF	2:0
turkiye-open-2026	Senior Men +87kg	R16	907	SARVILIN Vladimir	RUS	ATESLI Emre kutalmis	TUR	WDR	
turkiye-open-2026	Senior Men +87kg	R16	908	KARIMBOEV Shokhjakhon	UZB	SAEED Hamzah omar	PAK	PTF	2:0
turkiye-open-2026	Senior Men +87kg	R16	909	KABLAN Beibarys	KAZ	OZKAN Zeki Cagatay	TUR	PTF	2:0
turkiye-open-2026	Senior Men +87kg	QF	919	AIUKAEV Rafail	RUS	PUSHKIN Kirill	RUS	PTF	2:0
turkiye-open-2026	Senior Men +87kg	QF	920	PLONIS Artsiom	BLR	SHODMONOV Khudoynazar	UZB	PTF	2:0
turkiye-open-2026	Senior Men +87kg	QF	921	LARIN Vladislav	RUS	SARVILIN Vladimir	RUS	PTF	2:0
turkiye-open-2026	Senior Men +87kg	QF	922	KABLAN Beibarys	KAZ	KARIMBOEV Shokhjakhon	UZB	PTF	2:0
turkiye-open-2026	Senior Men +87kg	SF	124.1	LARIN Vladislav	RUS	KABLAN Beibarys	KAZ	PTF	2:1
turkiye-open-2026	Senior Men +87kg	SF	925	AIUKAEV Rafail	RUS	PLONIS Artsiom	BLR	PTF	2:0
turkiye-open-2026	Senior Men +87kg	F	938	AIUKAEV Rafail	RUS	LARIN Vladislav	RUS	WDR	
turkiye-open-2026	Senior Women -46kg	R32	201	GOGEBAKAN Emine	TUR	SOLOVYOVA Sophia	RUS	PTF	2:0
turkiye-open-2026	Senior Women -46kg	R32	202	KARNAUKH Mariia	RUS	KHEDHIRI Israa	TUN	PTF	2:1
turkiye-open-2026	Senior Women -46kg	R32	203	OMIRZAK Togzhan	KAZ	SAHBAZ Tacinisa	TUR	PTF	2:0
turkiye-open-2026	Senior Women -46kg	R32	204	SULTANGALIYEVA Zhanel	KAZ	UYAR Emine Nur	TUR	PTF	2:0
turkiye-open-2026	Senior Women -46kg	R32	205	KUMARTAYEVA Aidana	KAZ	CICEK Zeynep	TUR	PTF	2:1
turkiye-open-2026	Senior Women -46kg	R32	401	PAVLOVA Ekaterina	RUS	YILMAZ Damla nur	TUR	PTF	2:0
turkiye-open-2026	Senior Women -46kg	R32	402	PEEVA Deya	BUL	BEDELCI Merve	TUR	PTF	2:1
turkiye-open-2026	Senior Women -46kg	R32	403	TAMMILA Ida-elina	FIN	TAS Simin Zeynep	TUR	PTF	2:0
turkiye-open-2026	Senior Women -46kg	R32	404	TOUZANI Farah	MAR	TURAN Sila zeynep	TUR	PTF	2:0
turkiye-open-2026	Senior Women -46kg	R32	405	PAVLOVA Mariia	RUS	DASGIN Elif Eylul	TUR	PTF	2:0
turkiye-open-2026	Senior Women -46kg	R32	501	EKSI Selin	TUR	BAT-ERDENE Nomin	MGL	PTF	2:0
turkiye-open-2026	Senior Women -46kg	R32	502	AYDIN Nisa Nur	TUR	SHONIYOZOVA Madina	UZB	PTF	2:0
turkiye-open-2026	Senior Women -46kg	R32	503	KESGIN Tuvanna nazli	TUR	NAKHUSHEVA Milena	RUS	PTF	2:0
turkiye-open-2026	Senior Women -46kg	R32	504	GURBUZ Zehra	TUR	OTARGALI Zere	KAZ	PTF	2:1
turkiye-open-2026	Senior Women -46kg	R32	505	SUAREZ ESCOBEDO Alessandra	PER	FAKCIOGLU Yaren	TUR	PTF	2:0
turkiye-open-2026	Senior Women -46kg	R32	506	POOLKERD Patcharakan	THA	IMRAG Nehir Oruc	TUR	PTF	2:0
turkiye-open-2026	Senior Women -46kg	R16	208	GOGEBAKAN Emine	TUR	KARNAUKH Mariia	RUS	PTF	2:0
turkiye-open-2026	Senior Women -46kg	R16	209	SULTANGALIYEVA Zhanel	KAZ	OMIRZAK Togzhan	KAZ	PTF	2:0
turkiye-open-2026	Senior Women -46kg	R16	408	KUMARTAYEVA Aidana	KAZ	PAVLOVA Ekaterina	RUS	PTF	2:0
turkiye-open-2026	Senior Women -46kg	R16	409	TAMMILA Ida-elina	FIN	PEEVA Deya	BUL	PTF	2:1
turkiye-open-2026	Senior Women -46kg	R16	410	TOUZANI Farah	MAR	PAVLOVA Mariia	RUS	PTF	2:1
turkiye-open-2026	Senior Women -46kg	R16	508	EKSI Selin	TUR	AYDIN Nisa Nur	TUR	PTF	2:0
turkiye-open-2026	Senior Women -46kg	R16	509	KESGIN Tuvanna nazli	TUR	GURBUZ Zehra	TUR	PTF	2:0
turkiye-open-2026	Senior Women -46kg	R16	510	POOLKERD Patcharakan	THA	SUAREZ ESCOBEDO Alessandra	PER	PTF	2:0
turkiye-open-2026	Senior Women -46kg	QF	218	GOGEBAKAN Emine	TUR	SULTANGALIYEVA Zhanel	KAZ	PTF	2:0
turkiye-open-2026	Senior Women -46kg	QF	419	KUMARTAYEVA Aidana	KAZ	TAMMILA Ida-elina	FIN	PTF	2:0
turkiye-open-2026	Senior Women -46kg	QF	520	TOUZANI Farah	MAR	EKSI Selin	TUR	PTF	2:0
turkiye-open-2026	Senior Women -46kg	QF	521	POOLKERD Patcharakan	THA	KESGIN Tuvanna nazli	TUR	PTF	2:1
turkiye-open-2026	Senior Women -46kg	SF	224	POOLKERD Patcharakan	THA	TOUZANI Farah	MAR	PTF	2:0
turkiye-open-2026	Senior Women -46kg	SF	724	KUMARTAYEVA Aidana	KAZ	GOGEBAKAN Emine	TUR	PTF	2:1
turkiye-open-2026	Senior Women -46kg	F	930	POOLKERD Patcharakan	THA	KUMARTAYEVA Aidana	KAZ	PTF	2:0
turkiye-open-2026	Senior Women -49kg	R32	715	AKGUL Elif sude	TUR	PANTENKOVA Viktoria	RUS	PTF	2:0
turkiye-open-2026	Senior Women -49kg	R32	801	TURKYILMAZ Zeynep	TUR	YILDIZ Gonca	TUR	PTF	2:1
turkiye-open-2026	Senior Women -49kg	R32	802	BAKISHEVA Rita	KAZ	CELIKOGLU Zeynep	TUR	PTF	2:0
turkiye-open-2026	Senior Women -49kg	R32	803	BAUYRZHANOVA Nuray	KAZ	SOZEN Cansu	TUR	PTF	2:0
turkiye-open-2026	Senior Women -49kg	R32	804	BEKULOVA Milana	RUS	TASKIN Zeynep	TUR	PTF	2:0
turkiye-open-2026	Senior Women -49kg	R32	805	KHUTOVA Amina	RUS	DURNA Irem Sofiya	TUR	PTF	2:1
turkiye-open-2026	Senior Women -49kg	R32	806	FEDERA Katerina	RUS	GUNDUZ Canan	TUR	PTF	2:0
turkiye-open-2026	Senior Women -49kg	R32	807	ELAASAL Nezha	MAR	BAYRAKTAR Hiranur	TUR	PTF	2:0
turkiye-open-2026	Senior Women -49kg	R32	808	MEDVEDEVA Galina	RUS	BATTSEREN Munkhjin	MGL	PTF	2:0
turkiye-open-2026	Senior Women -49kg	R32	809	DEMIR Aleyna	TUR	BATTOGTOKH Tsengelbayar	MGL	PTF	2:0
turkiye-open-2026	Senior Women -49kg	R32	810	ARTAMONOVA Anastasiia	RUS	GUZELYURT Neziha Gul	TUR	PTF	2:0
turkiye-open-2026	Senior Women -49kg	R32	811	KHASANOVA Laylo	UZB	DEMIR Derya	TUR	PTF	2:0
turkiye-open-2026	Senior Women -49kg	R32	812	ROGOZINA Irina	RUS	ASCI Yagmur	TUR	PTF	2:0
turkiye-open-2026	Senior Women -49kg	R32	813	ANGELOVA Alisa	RUS	UNAL Deniz	TUR	PTF	2:0
turkiye-open-2026	Senior Women -49kg	R32	814	KHAN Sofiya	UZB	ZHAMALBEKOVA Kuralay	KAZ	PTF	2:0
turkiye-open-2026	Senior Women -49kg	R16	718	BAUYRZHANOVA Nuray	KAZ	BAKISHEVA Rita	KAZ	PTF	2:1
turkiye-open-2026	Senior Women -49kg	R16	721	ANGELOVA Alisa	RUS	ROGOZINA Irina	RUS	WDR	
turkiye-open-2026	Senior Women -49kg	R16	816	ATESLI Supharada	GER	TURKYILMAZ Zeynep	TUR	PTF	2:0
turkiye-open-2026	Senior Women -49kg	R16	818	BEKULOVA Milana	RUS	KHUTOVA Amina	RUS	PTF	2:0
turkiye-open-2026	Senior Women -49kg	R16	819	FEDERA Katerina	RUS	ELAASAL Nezha	MAR	PTF	2:1
turkiye-open-2026	Senior Women -49kg	R16	820	MEDVEDEVA Galina	RUS	DEMIR Aleyna	TUR	PTF	2:0
turkiye-open-2026	Senior Women -49kg	R16	821	ARTAMONOVA Anastasiia	RUS	KHASANOVA Laylo	UZB	PTF	2:0
turkiye-open-2026	Senior Women -49kg	R16	822	AKGUL Elif sude	TUR	KHAN Sofiya	UZB	PTF	2:0
turkiye-open-2026	Senior Women -49kg	QF	122	FEDERA Katerina	RUS	BEKULOVA Milana	RUS	PTF	2:0
turkiye-open-2026	Senior Women -49kg	QF	523	ANGELOVA Alisa	RUS	AKGUL Elif sude	TUR	PTF	2:0
turkiye-open-2026	Senior Women -49kg	QF	722	ARTAMONOVA Anastasiia	RUS	MEDVEDEVA Galina	RUS	PTF	2:0
turkiye-open-2026	Senior Women -49kg	QF	824	ATESLI Supharada	GER	BAUYRZHANOVA Nuray	KAZ	PTF	2:0
turkiye-open-2026	Senior Women -49kg	SF	828	FEDERA Katerina	RUS	ATESLI Supharada	GER	WDR	
turkiye-open-2026	Senior Women -49kg	SF	830	ARTAMONOVA Anastasiia	RUS	ANGELOVA Alisa	RUS	PTF	2:0
turkiye-open-2026	Senior Women -49kg	F	931	ARTAMONOVA Anastasiia	RUS	FEDERA Katerina	RUS	PTF	2:1
turkiye-open-2026	Senior Women -53kg	R64	601	ULUSOY Mulkiye Ece	TUR	MATHLOUTHI Amna	TUN	PTF	2:0
turkiye-open-2026	Senior Women -53kg	R64	901	KAZNABEK Togzhan	KAZ	EREMINA Viktoriya	RUS	WDR	
turkiye-open-2026	Senior Women -53kg	R32	610	JONGKOLRATTANAWATTANA Chutikan	THA	ULUSOY Mulkiye Ece	TUR	PTF	2:1
turkiye-open-2026	Senior Women -53kg	R32	611	SMAGINA Eva	RUS	SADYKOVA Nazmina	KAZ	PTF	2:0
turkiye-open-2026	Senior Women -53kg	R32	612	MAKRYGIANNI Athina	GRE	KOCAGOZ Safiye	TUR	PTF	2:0
turkiye-open-2026	Senior Women -53kg	R32	613	UZUNCAVDAR Sila irmak	TUR	PUCHKINA Evgeniia	RUS	PTF	2:0
turkiye-open-2026	Senior Women -53kg	R32	614	KARAJANOVA Aziza	KAZ	KARACA Irmak	TUR	PTF	2:0
turkiye-open-2026	Senior Women -53kg	R32	701	AKHMEDOVA Nodira	KAZ	HARTA Emine Yagmur	TUR	PTF	2:0
turkiye-open-2026	Senior Women -53kg	R32	702	MAYER Leonie	GER	ATES Zekiye	TUR	RSC	2:0
turkiye-open-2026	Senior Women -53kg	R32	703	ASIMI Adiba	GER	IZMIRLI Elif Ebrar	TUR	PTF	2:0
turkiye-open-2026	Senior Women -53kg	R32	704	GURBUZ Hayrunnisa	TUR	SUBBOTINA Anastasia	RUS	RSC	2:0
turkiye-open-2026	Senior Women -53kg	R32	705	LEVAKOVA Veronika	RUS	TASOLUK Ikra nur	TUR	RSC	2:0
turkiye-open-2026	Senior Women -53kg	R32	903	GUSEINOVA Aziza	RUS	KARAMAN Kiynem	TUR	PTF	2:0
turkiye-open-2026	Senior Women -53kg	R32	904	ZAYNIDDINOVA Laylo	UZB	YESILTAS Busra	TUR	PTF	2:0
turkiye-open-2026	Senior Women -53kg	R32	905	SUNDETBAY Aidana	KAZ	AYTAN Belinay	TUR	PTF	2:0
turkiye-open-2026	Senior Women -53kg	R32	906	KARABELEVA Erika	BUL	DULGER Elif Sudem	TUR	PTF	2:0
turkiye-open-2026	Senior Women -53kg	R32	907	SADRETDINOVA Samira	RUS	CELIK Senanur	TUR	PTF	2:0
turkiye-open-2026	Senior Women -53kg	R32	908	EL BOUCHTI Oumaima	MAR	KAZNABEK Togzhan	KAZ	PTF	2:1
turkiye-open-2026	Senior Women -53kg	R16	615	SMAGINA Eva	RUS	JONGKOLRATTANAWATTANA Chutikan	THA	PTF	2:0
turkiye-open-2026	Senior Women -53kg	R16	616	UZUNCAVDAR Sila irmak	TUR	MAKRYGIANNI Athina	GRE	PTF	2:0
turkiye-open-2026	Senior Women -53kg	R16	711	ASIMI Adiba	GER	MAYER Leonie	GER	PTF	2:0
turkiye-open-2026	Senior Women -53kg	R16	712	GURBUZ Hayrunnisa	TUR	LEVAKOVA Veronika	RUS	PTF	2:1
turkiye-open-2026	Senior Women -53kg	R16	717	AKHMEDOVA Nodira	KAZ	KARAJANOVA Aziza	KAZ	PTF	2:1
turkiye-open-2026	Senior Women -53kg	R16	915	GUSEINOVA Aziza	RUS	ZAYNIDDINOVA Laylo	UZB	PTF	2:0
turkiye-open-2026	Senior Women -53kg	R16	916	SUNDETBAY Aidana	KAZ	KARABELEVA Erika	BUL	PTF	2:1
turkiye-open-2026	Senior Women -53kg	R16	917	EL BOUCHTI Oumaima	MAR	SADRETDINOVA Samira	RUS	PTF	2:0
turkiye-open-2026	Senior Women -53kg	QF	621	UZUNCAVDAR Sila irmak	TUR	SMAGINA Eva	RUS	PTF	2:0
turkiye-open-2026	Senior Women -53kg	QF	720	AKHMEDOVA Nodira	KAZ	ASIMI Adiba	GER	PTF	2:0
turkiye-open-2026	Senior Women -53kg	QF	921	GURBUZ Hayrunnisa	TUR	GUSEINOVA Aziza	RUS	PTF	2:0
turkiye-open-2026	Senior Women -53kg	QF	922	SUNDETBAY Aidana	KAZ	EL BOUCHTI Oumaima	MAR	PTF	2:1
turkiye-open-2026	Senior Women -53kg	SF	624	UZUNCAVDAR Sila irmak	TUR	AKHMEDOVA Nodira	KAZ	PTF	2:1
turkiye-open-2026	Senior Women -53kg	SF	625	GURBUZ Hayrunnisa	TUR	SUNDETBAY Aidana	KAZ	PTF	2:0
turkiye-open-2026	Senior Women -53kg	F	932	UZUNCAVDAR Sila irmak	TUR	GURBUZ Hayrunnisa	TUR	PTF	2:1
turkiye-open-2026	Senior Women -57kg	R64	301	GAVRILENKO Nina	RUS	ERDOGAN Irmak	TUR	PTF	2:1
turkiye-open-2026	Senior Women -57kg	R64	302	BAIMENOVA Akerke	KAZ	SUBASI Irem	TUR	PTF	2:0
turkiye-open-2026	Senior Women -57kg	R64	406	AZIZOVA Diyorakhon	UZB	TEKEL Nira	TUR	PTF	2:0
turkiye-open-2026	Senior Women -57kg	R64	407	OZLU Merve Gul	TUR	SAROKINA Uladzislava	BLR	PTF	2:0
turkiye-open-2026	Senior Women -57kg	R64	507	GOLITSINA Anastasiia	RUS	MAZGAL Rumeysa	TUR	PTF	2:0
turkiye-open-2026	Senior Women -57kg	R32	304	KHIRFAN Fadia	JOR	GAVRILENKO Nina	RUS	PTF	2:0
turkiye-open-2026	Senior Women -57kg	R32	305	IZMIR Hayrunnisa	TUR	KANBUR Sevval Melek	TUR	PTF	2:1
turkiye-open-2026	Senior Women -57kg	R32	306	SMIRNOVA Kseniia	RUS	DINCEL KAVURAT Merve	TUR	WDR	
turkiye-open-2026	Senior Women -57kg	R32	307	DILER Ruya	TUR	CACERES GONZALES Camila	PER	PTF	2:0
turkiye-open-2026	Senior Women -57kg	R32	308	ILGUN Hatice kubra	TUR	BAIMENOVA Akerke	KAZ	PTF	2:0
turkiye-open-2026	Senior Women -57kg	R32	411	WASSANA Natkamon	THA	GOZ Mumune Nur	TUR	PTF	2:0
turkiye-open-2026	Senior Women -57kg	R32	412	CELIK Edanur	TUR	KUCHINA Viktorya	RUS	PTF	2:0
turkiye-open-2026	Senior Women -57kg	R32	413	SEVOSTYANOVA Mariya	KAZ	AZIZOVA Diyorakhon	UZB	PTF	2:0
turkiye-open-2026	Senior Women -57kg	R32	414	OZLU Merve Gul	TUR	MIRABZALOVA Madina	UZB	PTF	2:1
turkiye-open-2026	Senior Women -57kg	R32	415	GYUNDYUZ Selen	TUR	ISSINA Zhazira	KAZ	PTF	2:1
turkiye-open-2026	Senior Women -57kg	R32	511	OZBEY Oyku	TUR	DZARAGAZOVA Polina	RUS	PTF	2:1
turkiye-open-2026	Senior Women -57kg	R32	512	ZDOR Kseniia	RUS	KILICOGLU Halime	TUR	RSC	2:0
turkiye-open-2026	Senior Women -57kg	R32	513	KARAER Amine Nur	TUR	ROVITHIS Anastasia	GER	PTF	2:0
turkiye-open-2026	Senior Women -57kg	R32	514	REZAIE Roja	GER	ORTIZ BENITO Arlet	ESP	PTF	2:0
turkiye-open-2026	Senior Women -57kg	R32	515	HASAN Gizem	TUR	KAZNABEK Nuray	KAZ	PTF	2:0
turkiye-open-2026	Senior Women -57kg	R32	516	DEHHAOUI Amina	MAR	GOLITSINA Anastasiia	RUS	PTF	2:0
turkiye-open-2026	Senior Women -57kg	R16	314	KHIRFAN Fadia	JOR	IZMIR Hayrunnisa	TUR	PTF	2:0
turkiye-open-2026	Senior Women -57kg	R16	315	SMIRNOVA Kseniia	RUS	DILER Ruya	TUR	PTF	2:0
turkiye-open-2026	Senior Women -57kg	R16	416	WASSANA Natkamon	THA	ILGUN Hatice kubra	TUR	PTF	2:1
turkiye-open-2026	Senior Women -57kg	R16	417	SEVOSTYANOVA Mariya	KAZ	CELIK Edanur	TUR	PTF	2:0
turkiye-open-2026	Senior Women -57kg	R16	418	GYUNDYUZ Selen	TUR	OZLU Merve Gul	TUR	PTF	2:0
turkiye-open-2026	Senior Women -57kg	R16	517	ZDOR Kseniia	RUS	OZBEY Oyku	TUR	PTF	2:0
turkiye-open-2026	Senior Women -57kg	R16	518	REZAIE Roja	GER	KARAER Amine Nur	TUR	PTF	2:0
turkiye-open-2026	Senior Women -57kg	R16	519	DEHHAOUI Amina	MAR	HASAN Gizem	TUR	PTF	2:0
turkiye-open-2026	Senior Women -57kg	QF	318	SMIRNOVA Kseniia	RUS	KHIRFAN Fadia	JOR	PTF	2:0
turkiye-open-2026	Senior Women -57kg	QF	420	SEVOSTYANOVA Mariya	KAZ	WASSANA Natkamon	THA	PTF	2:0
turkiye-open-2026	Senior Women -57kg	QF	522	ZDOR Kseniia	RUS	GYUNDYUZ Selen	TUR	PTF	2:0
turkiye-open-2026	Senior Women -57kg	QF	723	REZAIE Roja	GER	DEHHAOUI Amina	MAR	PTF	2:1
turkiye-open-2026	Senior Women -57kg	SF	323	SMIRNOVA Kseniia	RUS	SEVOSTYANOVA Mariya	KAZ	PTF	2:1
turkiye-open-2026	Senior Women -57kg	SF	422	ZDOR Kseniia	RUS	REZAIE Roja	GER	PTF	2:1
turkiye-open-2026	Senior Women -57kg	F	933	ZDOR Kseniia	RUS	SMIRNOVA Kseniia	RUS	PTF	2:0
turkiye-open-2026	Senior Women -62kg	R64	303	CAKIR Beril Behiye	TUR	GHANNOUCHI Ranim	TUN	PTF	2:0
turkiye-open-2026	Senior Women -62kg	R64	902	BADMAEVA Dayana	RUS	DENIZ Esila	TUR	PTF	2:0
turkiye-open-2026	Senior Women -62kg	R32	309	KHUZINA Liliia	RUS	CAKIR Beril Behiye	TUR	PTF	2:0
turkiye-open-2026	Senior Women -62kg	R32	310	SIRIN Dilara	TUR	REBON FEDOROVA Ekaterina	ESP	PTF	2:0
turkiye-open-2026	Senior Women -62kg	R32	311	ADILBEKKYZY Aisha	KAZ	ALICI Rojin Damla	TUR	PTF	2:0
turkiye-open-2026	Senior Women -62kg	R32	312	KHAYITOVA Sevinch	UZB	IYIN Meryem Elif	TUR	PTF	2:0
turkiye-open-2026	Senior Women -62kg	R32	313	BANNOVA Anastasiia	RUS	AKSIMSEK Feride	TUR	PTF	2:0
turkiye-open-2026	Senior Women -62kg	R32	706	YIGITALP Hatice pinar	TUR	MERCIMEK Rumeysa	TUR	PTF	2:0
turkiye-open-2026	Senior Women -62kg	R32	707	SENYURT Aleyna	TUR	SENGUN Ahsen	TUR	PTF	2:0
turkiye-open-2026	Senior Women -62kg	R32	708	SOSHNIKOVA Alisa	RUS	ALRAWASHDEH Razan mohammed	JOR	PTF	2:0
turkiye-open-2026	Senior Women -62kg	R32	709	CAKAL Sevval	TUR	TAHRI Tasnime	TUN	PTF	2:0
turkiye-open-2026	Senior Women -62kg	R32	710	WU Shanshan	CHN	KARABULUT Beyza	TUR	PTF	2:0
turkiye-open-2026	Senior Women -62kg	R32	909	OZLU Melisa	TUR	AIMUKASHEVA Kamila	KAZ	PTF	2:1
turkiye-open-2026	Senior Women -62kg	R32	910	BLIZNIAKOVA Margarita	RUS	DURDU Eylul Mina	TUR	PTF	2:0
turkiye-open-2026	Senior Women -62kg	R32	911	GOEBEL Laura	GER	AGRALI Melike	TUR	PTF	2:1
turkiye-open-2026	Senior Women -62kg	R32	912	LAARAJ Nada	MAR	NALETOVA Anna	RUS	DSQ	
turkiye-open-2026	Senior Women -62kg	R32	913	GOGEBAKAN Huru gokce	TUR	MARASLI Zeynep Ebrar	TUR	PTF	2:0
turkiye-open-2026	Senior Women -62kg	R32	914	TONGCHAN Sasikarn	THA	BADMAEVA Dayana	RUS	PTF	2:0
turkiye-open-2026	Senior Women -62kg	R16	316	SIRIN Dilara	TUR	KHUZINA Liliia	RUS	PTF	2:1
turkiye-open-2026	Senior Women -62kg	R16	317	KHAYITOVA Sevinch	UZB	ADILBEKKYZY Aisha	KAZ	PTF	2:1
turkiye-open-2026	Senior Women -62kg	R16	713	SOSHNIKOVA Alisa	RUS	SENYURT Aleyna	TUR	PTF	2:1
turkiye-open-2026	Senior Women -62kg	R16	714	WU Shanshan	CHN	CAKAL Sevval	TUR	PTF	2:0
turkiye-open-2026	Senior Women -62kg	R16	716	YIGITALP Hatice pinar	TUR	BANNOVA Anastasiia	RUS	PTF	2:0
turkiye-open-2026	Senior Women -62kg	R16	918	BLIZNIAKOVA Margarita	RUS	OZLU Melisa	TUR	PTF	2:0
turkiye-open-2026	Senior Women -62kg	R16	919	LAARAJ Nada	MAR	GOEBEL Laura	GER	PTF	2:0
turkiye-open-2026	Senior Women -62kg	R16	920	GOGEBAKAN Huru gokce	TUR	TONGCHAN Sasikarn	THA	PTF	2:1
turkiye-open-2026	Senior Women -62kg	QF	320	KHAYITOVA Sevinch	UZB	SIRIN Dilara	TUR	PTF	2:0
turkiye-open-2026	Senior Women -62kg	QF	719	SOSHNIKOVA Alisa	RUS	YIGITALP Hatice pinar	TUR	PTF	2:1
turkiye-open-2026	Senior Women -62kg	QF	823	WU Shanshan	CHN	BLIZNIAKOVA Margarita	RUS	PTF	2:0
turkiye-open-2026	Senior Women -62kg	QF	924	GOGEBAKAN Huru gokce	TUR	LAARAJ Nada	MAR	PTF	2:1
turkiye-open-2026	Senior Women -62kg	SF	324	KHAYITOVA Sevinch	UZB	SOSHNIKOVA Alisa	RUS	PTF	2:1
turkiye-open-2026	Senior Women -62kg	SF	327	WU Shanshan	CHN	GOGEBAKAN Huru gokce	TUR	PTF	2:0
turkiye-open-2026	Senior Women -62kg	F	934	WU Shanshan	CHN	KHAYITOVA Sevinch	UZB	PTF	2:0
turkiye-open-2026	Senior Women -67kg	R32	101	CETINEL Ceren	TUR	TAUKENOVA Aida	KAZ	PTF	2:0
turkiye-open-2026	Senior Women -67kg	R32	102	MOTLOKH Sofiia	RUS	OZBEK Nazli Hilal	TUR	PTF	2:0
turkiye-open-2026	Senior Women -67kg	R32	103	GENCER Sila Nur	TUR	NESTERENKO Elizaveta	RUS	PTF	2:1
turkiye-open-2026	Senior Women -67kg	R32	104	NAIMANBAYEVA Aruzhan	KAZ	OZBEY Ozge	TUR	PTF	2:0
turkiye-open-2026	Senior Women -67kg	R32	105	CAKAL Sefika	TUR	KOLBAYEVA Bexulu	KAZ	PTF	2:0
turkiye-open-2026	Senior Women -67kg	R32	106	ZAFER Isil	TUR	ERGIN Huriye Nur	TUR	PTF	2:0
turkiye-open-2026	Senior Women -67kg	R32	107	ZIABLITCEVA Anna	RUS	MANAI Melek	TUN	RSC	2:0
turkiye-open-2026	Senior Women -67kg	R32	108	TOMAK Eslem Ruveyda	TUR	KRADINOVA Uliana	RUS	PTF	2:0
turkiye-open-2026	Senior Women -67kg	R32	109	KREUZER Kim vivian	GER	KARAKOC Ruken	TUR	PTF	2:0
turkiye-open-2026	Senior Women -67kg	R32	110	CHAREEWAN Piyachatrutai	THA	ASKAR Ayaulym	KAZ	PTF	2:1
turkiye-open-2026	Senior Women -67kg	R16	111	SOBIRJONOVA Ozoda	UZB	CETINEL Ceren	TUR	PTF	2:0
turkiye-open-2026	Senior Women -67kg	R16	112	MOTLOKH Sofiia	RUS	GENCER Sila Nur	TUR	PTF	2:0
turkiye-open-2026	Senior Women -67kg	R16	113	CHEN Xuyan	CHN	NAIMANBAYEVA Aruzhan	KAZ	PTF	2:0
turkiye-open-2026	Senior Women -67kg	R16	114	CAKAL Sefika	TUR	ZHELEZNOVA Viktoriia	RUS	PTF	2:0
turkiye-open-2026	Senior Women -67kg	R16	115	ZAFER Isil	TUR	GALLARDO Claudia	CHI	PTF	2:0
turkiye-open-2026	Senior Women -67kg	R16	116	SKVORTSOVA Kira	RUS	ZIABLITCEVA Anna	RUS	PTF	2:1
turkiye-open-2026	Senior Women -67kg	R16	117	TOMAK Eslem Ruveyda	TUR	KREUZER Kim vivian	GER	WDR	
turkiye-open-2026	Senior Women -67kg	R16	118	BERISAJ Andrea	MNE	CHAREEWAN Piyachatrutai	THA	PTF	2:1
turkiye-open-2026	Senior Women -67kg	QF	119	SOBIRJONOVA Ozoda	UZB	MOTLOKH Sofiia	RUS	PTF	2:0
turkiye-open-2026	Senior Women -67kg	QF	120	CHEN Xuyan	CHN	CAKAL Sefika	TUR	PTF	2:0
turkiye-open-2026	Senior Women -67kg	QF	121	SKVORTSOVA Kira	RUS	ZAFER Isil	TUR	PTF	2:0
turkiye-open-2026	Senior Women -67kg	QF	321	BERISAJ Andrea	MNE	TOMAK Eslem Ruveyda	TUR	PTF	2:0
turkiye-open-2026	Senior Women -67kg	SF	123	SOBIRJONOVA Ozoda	UZB	CHEN Xuyan	CHN	PTF	2:1
turkiye-open-2026	Senior Women -67kg	SF	421	SKVORTSOVA Kira	RUS	BERISAJ Andrea	MNE	PTF	2:0
turkiye-open-2026	Senior Women -67kg	F	935	SOBIRJONOVA Ozoda	UZB	SKVORTSOVA Kira	RUS	PTF	2:0
turkiye-open-2026	Senior Women -73kg	R32	206	LEVICHEVA Kristina	RUS	KENGESBEK Nurly	KAZ	PTF	2:0
turkiye-open-2026	Senior Women -73kg	R32	207	HADZIC Alema	GER	ERDOGAN Nisa	TUR	PTF	2:1
turkiye-open-2026	Senior Women -73kg	R16	210	UZUNCAVDAR Sude yaren	TUR	LEVICHEVA Kristina	RUS	PTF	2:0
turkiye-open-2026	Senior Women -73kg	R16	211	BERISAJ Andela	MNE	PEKONKINA Anna	RUS	PTF	2:1
turkiye-open-2026	Senior Women -73kg	R16	212	CHUENCHOOKLIN Kannaluck	THA	DEMIR Kardelen	TUR	PTF	2:0
turkiye-open-2026	Senior Women -73kg	R16	213	SKAPROVSKA Valeriia	RUS	HOERMANN Emily	GER	PTF	2:0
turkiye-open-2026	Senior Women -73kg	R16	214	MAKHMUTOVA Nazym	KAZ	KAREPOVA Irina	RUS	PTF	2:0
turkiye-open-2026	Senior Women -73kg	R16	215	BIRNI Nisa Nur	TUR	AGUIRRE Fernanda	CHI	DSQ	
turkiye-open-2026	Senior Women -73kg	R16	216	KAYMAZ Figen	TUR	NEDIC Marlen sophie	GER	WDR	
turkiye-open-2026	Senior Women -73kg	R16	217	KOSMYCHEVA Anastasiia	RUS	HADZIC Alema	GER	PTF	2:0
turkiye-open-2026	Senior Women -73kg	QF	219	UZUNCAVDAR Sude yaren	TUR	BERISAJ Andela	MNE	PTF	2:1
turkiye-open-2026	Senior Women -73kg	QF	220	CHUENCHOOKLIN Kannaluck	THA	SKAPROVSKA Valeriia	RUS	PTF	2:1
turkiye-open-2026	Senior Women -73kg	QF	221	MAKHMUTOVA Nazym	KAZ	BIRNI Nisa Nur	TUR	PTF	2:0
turkiye-open-2026	Senior Women -73kg	QF	322	KOSMYCHEVA Anastasiia	RUS	KAYMAZ Figen	TUR	PTF	2:0
turkiye-open-2026	Senior Women -73kg	SF	225	UZUNCAVDAR Sude yaren	TUR	CHUENCHOOKLIN Kannaluck	THA	PTF	2:1
turkiye-open-2026	Senior Women -73kg	SF	226	KOSMYCHEVA Anastasiia	RUS	MAKHMUTOVA Nazym	KAZ	PTF	2:0
turkiye-open-2026	Senior Women -73kg	F	936	KOSMYCHEVA Anastasiia	RUS	UZUNCAVDAR Sude yaren	TUR	PTF	2:0
turkiye-open-2026	Senior Women +73kg	R16	602	OSIPOVA Svetlana	UZB	ERTUGRUL Ayse	TUR	PTF	2:0
turkiye-open-2026	Senior Women +73kg	R16	603	AKBULAK Esra	TUR	MIKHAILOVA Iuliia	RUS	PTF	2:1
turkiye-open-2026	Senior Women +73kg	R16	604	ADEBAIO Kristina	RUS	MEHRI Ariana	IRQ	PTF	2:0
turkiye-open-2026	Senior Women +73kg	R16	605	MUSLIMOVA Linara	RUS	KHUBULOVA Anzhelika	RUS	PTF	2:0
turkiye-open-2026	Senior Women +73kg	R16	606	SHVEDKOVA Polina	RUS	BAL Hatice Sila	TUR	PTF	2:0
turkiye-open-2026	Senior Women +73kg	R16	607	KAVUKCUOGLU Zehra begum	TUR	YERKASSIMOVA Axaule	KAZ	PTF	2:1
turkiye-open-2026	Senior Women +73kg	R16	608	MIRTADJIEVA Iroda	UZB	KRAPIVKA Anna	RUS	PTF	2:0
turkiye-open-2026	Senior Women +73kg	R16	609	BRANDL Lorena	GER	DEMIRALP Buse	TUR	PTF	2:0
turkiye-open-2026	Senior Women +73kg	QF	617	OSIPOVA Svetlana	UZB	AKBULAK Esra	TUR	PTF	2:0
turkiye-open-2026	Senior Women +73kg	QF	618	MUSLIMOVA Linara	RUS	ADEBAIO Kristina	RUS	PTF	2:0
turkiye-open-2026	Senior Women +73kg	QF	619	SHVEDKOVA Polina	RUS	KAVUKCUOGLU Zehra begum	TUR	PTF	2:0
turkiye-open-2026	Senior Women +73kg	QF	620	BRANDL Lorena	GER	MIRTADJIEVA Iroda	UZB	PTF	2:1
turkiye-open-2026	Senior Women +73kg	SF	622	MUSLIMOVA Linara	RUS	OSIPOVA Svetlana	UZB	PTF	2:1
turkiye-open-2026	Senior Women +73kg	SF	623	BRANDL Lorena	GER	SHVEDKOVA Polina	RUS	PTF	2:1
turkiye-open-2026	Senior Women +73kg	F	937	BRANDL Lorena	GER	MUSLIMOVA Linara	RUS	PTF	2:0
european-championships-2026	Senior Men -54kg	R32	206	DEVERNAY Maroje	CRO	MELIKYAN Aleks	ARM	RSC	2:1
european-championships-2026	Senior Men -54kg	R32	207	SOKOLOWKSI Antoni	POL	GARCIA Noah	POR	PTF	2:0
european-championships-2026	Senior Men -54kg	R32	208	MARWAN Mussa	SWE	PONOMARENKO Vladyslav	UKR	PTF	2:0
european-championships-2026	Senior Men -54kg	R32	209	GELADZE Vitali	GEO	HAMI Muhammed	TRT	PTF	2:0
european-championships-2026	Senior Men -54kg	R32	210	CIRIVELLO Gaetano	ITA	SPYROU Antreas	CYP	PTF	2:0
european-championships-2026	Senior Men -54kg	R32	211	HANAFY Fayez	EST	CANI Georgios	ALB	PTF	2:0
european-championships-2026	Senior Men -54kg	R32	212	YELALDI Kaan	TUR	SARSOZA Zack	GBR	PTF	2:0
european-championships-2026	Senior Men -54kg	R32	213	KAZLOU Yahor	BLR	VIZDIKLAR Suleyman	KOS	PTF	2:0
european-championships-2026	Senior Men -54kg	R32	214	DADASHOV Sayyad	AZE	MIKLAVCIC Aljaz	SLO	PTF	2:0
european-championships-2026	Senior Men -54kg	R16	215	GEORGIEV Hristiyan	BUL	DEVERNAY Maroje	CRO	PTF	2:0
european-championships-2026	Senior Men -54kg	R16	216	SOKOLOWKSI Antoni	POL	MARWAN Mussa	SWE	PTF	2:0
european-championships-2026	Senior Men -54kg	R16	217	GELADZE Vitali	GEO	PASHCOVSKY Tom	ISR	PTF	2:1
european-championships-2026	Senior Men -54kg	R16	218	CIRIVELLO Gaetano	ITA	NITSAS Christos rafail	GER	PTF	2:0
european-championships-2026	Senior Men -54kg	R16	219	AGENJO TRIGOS Jairo	ESP	HANAFY Fayez	EST	PTF	2:0
european-championships-2026	Senior Men -54kg	R16	220	YELALDI Kaan	TUR	ALESIO CAPOLINI Mathis	FRA	PTF	2:0
european-championships-2026	Senior Men -54kg	R16	221	ROSCA Artiom	MDA	KAZLOU Yahor	BLR	PTF	2:1
european-championships-2026	Senior Men -54kg	R16	222	PSARROS Aristeidis nikolaos	GRE	DADASHOV Sayyad	AZE	PTF	2:0
european-championships-2026	Senior Men -54kg	QF	223	GEORGIEV Hristiyan	BUL	SOKOLOWKSI Antoni	POL	PTF	2:0
european-championships-2026	Senior Men -54kg	QF	224	CIRIVELLO Gaetano	ITA	GELADZE Vitali	GEO	PTF	2:0
european-championships-2026	Senior Men -54kg	QF	225	AGENJO TRIGOS Jairo	ESP	YELALDI Kaan	TUR	PTF	2:0
european-championships-2026	Senior Men -54kg	QF	226	PSARROS Aristeidis nikolaos	GRE	ROSCA Artiom	MDA	PTF	2:0
european-championships-2026	Senior Men -54kg	SF	128	CIRIVELLO Gaetano	ITA	GEORGIEV Hristiyan	BUL	PTF	2:0
european-championships-2026	Senior Men -54kg	SF	327	AGENJO TRIGOS Jairo	ESP	PSARROS Aristeidis nikolaos	GRE	PTF	2:1
european-championships-2026	Senior Men -54kg	F	237	AGENJO TRIGOS Jairo	ESP	CIRIVELLO Gaetano	ITA	PTF	2:0
european-championships-2026	Senior Men -58kg	R32	105	N'GAIDE Idriss	FRA	ADEMI Bleron	KOS	PTF	2:0
european-championships-2026	Senior Men -58kg	R32	107	SALIM Sharif gergely	HUN	HADJICOSTI Prodromos angelos	CYP	PTF	2:0
european-championships-2026	Senior Men -58kg	R32	109	TRISTAN Scutaru	ROU	AMATI Federico	SMR	PTF	2:0
european-championships-2026	Senior Men -58kg	R32	207	TESKERA Josip	CRO	TSERTSVADZE Tengiz	GEO	PTF	2:0
european-championships-2026	Senior Men -58kg	R32	208	LOPES Tiago	POR	DJONKO Ibrahim	BIH	PTF	2:0
european-championships-2026	Senior Men -58kg	R32	304	KAPLAN Enes	TUR	LIKOMETI Tedi	ALB	PTF	2:0
european-championships-2026	Senior Men -58kg	R32	305	ALAMI Josef	SWE	FARNES Ricki Gene	DEN	PTF	2:0
european-championships-2026	Senior Men -58kg	R32	306	TOUIAR Abderrahman	ITA	FRAILE Jesus	ESP	PTF	2:1
european-championships-2026	Senior Men -58kg	R32	307	KORNEEV Lev	SRB	BULAVCA Artiom	MDA	PTF	2:0
european-championships-2026	Senior Men -58kg	R16	215	DIMITROPOULOS Konstantinos	GRE	N'GAIDE Idriss	FRA	PTF	2:0
european-championships-2026	Senior Men -58kg	R16	216	SALIM Sharif gergely	HUN	SPARRE Nikolai yuma	GER	PTF	2:0
european-championships-2026	Senior Men -58kg	R16	217	TRISTAN Scutaru	ROU	MAGOMEDOV Gashim	AZE	PTF	2:1
european-championships-2026	Senior Men -58kg	R16	218	KAPLAN Enes	TUR	MOLJ Domen	SLO	PTF	2:0
european-championships-2026	Senior Men -58kg	R16	219	TESKERA Josip	CRO	MOLLE Milan	NED	PTF	2:1
european-championships-2026	Senior Men -58kg	R16	220	GURTSIEV Georgii	BLR	LOPES Tiago	POR	PTF	2:0
european-championships-2026	Senior Men -58kg	R16	318	MANENKOV Maksym	UKR	ALAMI Josef	SWE	PTF	2:1
european-championships-2026	Senior Men -58kg	R16	319	TOUIAR Abderrahman	ITA	KORNEEV Lev	SRB	PTF	2:0
european-championships-2026	Senior Men -58kg	QF	225	DIMITROPOULOS Konstantinos	GRE	SALIM Sharif gergely	HUN	PTF	2:1
european-championships-2026	Senior Men -58kg	QF	226	KAPLAN Enes	TUR	TRISTAN Scutaru	ROU	PTF	2:0
european-championships-2026	Senior Men -58kg	QF	227	GURTSIEV Georgii	BLR	TESKERA Josip	CRO	PTF	2:0
european-championships-2026	Senior Men -58kg	QF	326	TOUIAR Abderrahman	ITA	MANENKOV Maksym	UKR	PTF	2:1
european-championships-2026	Senior Men -58kg	SF	130	TOUIAR Abderrahman	ITA	DIMITROPOULOS Konstantinos	GRE	PTF	2:1
european-championships-2026	Senior Men -58kg	SF	329	GURTSIEV Georgii	BLR	KAPLAN Enes	TUR	PTF	2:0
european-championships-2026	Senior Men -58kg	F	239	GURTSIEV Georgii	BLR	TOUIAR Abderrahman	ITA	PTF	2:0
european-championships-2026	Senior Men -63kg	R32	104	GERARDIS Georgios	GRE	MCINTOSH Jamie	GBR	PTF	2:1
european-championships-2026	Senior Men -63kg	R32	105	BANDAREVICH Maksim	BLR	VUKOTIC Danilo	SRB	PTF	2:0
european-championships-2026	Senior Men -63kg	R32	106	SUSILUOTO Otto	FIN	MEMETI Dionis	SUI	PTF	2:0
european-championships-2026	Senior Men -63kg	R32	107	MIRZOIEV Samir	UKR	MAHNU Adam	DEN	PTF	2:0
european-championships-2026	Senior Men -63kg	R32	108	IURLARO Ludovico	ITA	AGAPOV Dmytriy	POR	PTF	2:0
european-championships-2026	Senior Men -63kg	R32	109	MERDANAJ Ernest	ALB	NESTOROVIĆ Vasilije	MNE	PTF	2:0
european-championships-2026	Senior Men -63kg	R32	110	OZKAYA Imran	GER	MUSKEVITS Denis	EST	PTF	2:0
european-championships-2026	Senior Men -63kg	R32	111	VICENTE YUNTA Adrian	ESP	CONOS Mihail	MDA	PTF	2:0
european-championships-2026	Senior Men -63kg	R32	303	OTER Ibrahim	TUR	ADEMI Valton	KOS	PTF	2:0
european-championships-2026	Senior Men -63kg	R32	304	SAFARYN Piotr	POL	HORVATH Matej	SVK	PTF	2:1
european-championships-2026	Senior Men -63kg	R32	305	RAVET Cyrian	FRA	MAHARLAMLI Fuad	AZE	PTF	2:0
european-championships-2026	Senior Men -63kg	R32	306	MITKOV Stanislav	BUL	MOLJ Ozbolt	SLO	PTF	2:0
european-championships-2026	Senior Men -63kg	R32	307	FLEGAR Jan	CRO	MURADYAN Sargis	ARM	PTF	2:1
european-championships-2026	Senior Men -63kg	R32	308	PILAVAKIS Ioannis	CYP	KHAVARI Mahdi	TRT	PTF	2:1
european-championships-2026	Senior Men -63kg	R32	309	SALIM Omar gergely	HUN	BOJERUD BANDAGO Elias ibrahim	SWE	PTF	2:0
european-championships-2026	Senior Men -63kg	R16	118	SUSILUOTO Otto	FIN	BANDAREVICH Maksim	BLR	PTF	2:1
european-championships-2026	Senior Men -63kg	R16	119	IURLARO Ludovico	ITA	MIRZOIEV Samir	UKR	PTF	2:0
european-championships-2026	Senior Men -63kg	R16	120	MERDANAJ Ernest	ALB	OZKAYA Imran	GER	PTF	2:0
european-championships-2026	Senior Men -63kg	R16	219	BORGEN Kristian storsul	NOR	GERARDIS Georgios	GRE	PTF	2:0
european-championships-2026	Senior Men -63kg	R16	318	VICENTE YUNTA Adrian	ESP	OTER Ibrahim	TUR	PTF	2:0
european-championships-2026	Senior Men -63kg	R16	319	RAVET Cyrian	FRA	SAFARYN Piotr	POL	PTF	2:0
european-championships-2026	Senior Men -63kg	R16	320	MITKOV Stanislav	BUL	FLEGAR Jan	CRO	PTF	2:0
european-championships-2026	Senior Men -63kg	R16	321	SALIM Omar gergely	HUN	PILAVAKIS Ioannis	CYP	PTF	2:0
european-championships-2026	Senior Men -63kg	QF	125	BORGEN Kristian storsul	NOR	SUSILUOTO Otto	FIN	PTF	2:0
european-championships-2026	Senior Men -63kg	QF	127	IURLARO Ludovico	ITA	MERDANAJ Ernest	ALB	PTF	2:0
european-championships-2026	Senior Men -63kg	QF	326	RAVET Cyrian	FRA	VICENTE YUNTA Adrian	ESP	PTF	2:0
european-championships-2026	Senior Men -63kg	QF	327	SALIM Omar gergely	HUN	MITKOV Stanislav	BUL	PTF	2:0
european-championships-2026	Senior Men -63kg	SF	129	BORGEN Kristian storsul	NOR	IURLARO Ludovico	ITA	PTF	2:0
european-championships-2026	Senior Men -63kg	SF	329	RAVET Cyrian	FRA	SALIM Omar gergely	HUN	PTF	2:1
european-championships-2026	Senior Men -63kg	F	241	BORGEN Kristian storsul	NOR	RAVET Cyrian	FRA	PTF	2:0
european-championships-2026	Senior Men -68kg	R64	206	DUGAC Grga	CRO	FRGOLEC Damien Pavel	SVK	PTF	2:0
european-championships-2026	Senior Men -68kg	R64	301	BUGNEAC Liviu	MDA	NICOLAIDES Loucas	CYP	PTF	2:1
european-championships-2026	Senior Men -68kg	R32	104	HOWELL Matthew	GBR	SILVA Ricardo	POR	PTF	2:0
european-championships-2026	Senior Men -68kg	R32	105	TIRANVALIPOUR Hadi	TRT	AL GHOTANY Yahya	TRT	PTF	2:1
european-championships-2026	Senior Men -68kg	R32	106	HYTTEL Tobias	DEN	KAVTARADZE Beka	GEO	PTF	2:0
european-championships-2026	Senior Men -68kg	R32	107	KRAJISNIK Zarko	SRB	LAUCEVIČIUS Tadas	LTU	PTF	2:0
european-championships-2026	Senior Men -68kg	R32	108	BYSTROV Volodymyr	UKR	MORADI Erfan	TRT	PTF	2:1
european-championships-2026	Senior Men -68kg	R32	109	DJONKO Muhamed	BIH	NEYI Esrom	TRT	PTF	2:0
european-championships-2026	Senior Men -68kg	R32	110	SHIRALIYEV Riyad	AZE	AGUSHI Elion	KOS	PTF	2:0
european-championships-2026	Senior Men -68kg	R32	111	LUCIEN Theo	FRA	DUGAC Grga	CRO	PTF	2:1
european-championships-2026	Senior Men -68kg	R32	303	KRIVISHKIY Nimrod	ISR	VAN VULPEN Jesse	NED	PTF	2:0
european-championships-2026	Senior Men -68kg	R32	304	PANAGOPOULOS Apostolos	GRE	AZIZI Alisina	TRT	PTF	2:0
european-championships-2026	Senior Men -68kg	R32	305	ERER Berkay	TUR	BUGNEAC Liviu	MDA	PTF	2:0
european-championships-2026	Senior Men -68kg	R32	306	CHRZANOWSKI Mateusz	POL	RIBBESTAD Markus	SWE	PTF	2:0
european-championships-2026	Senior Men -68kg	R32	307	JORQUERA CALA Joan	ESP	BUBA Gledis	ALB	PTF	2:0
european-championships-2026	Senior Men -68kg	R32	308	JOZSA Levente mark	HUN	ABBASI Ali reza	TRT	PTF	2:0
european-championships-2026	Senior Men -68kg	R32	309	BARETTA Dennis	ITA	COULIBALY Sekou	LUX	PTF	2:1
european-championships-2026	Senior Men -68kg	R32	310	CAVUSMAN Emre	GER	MIATLITSKI Matsvei	BLR	PTF	2:0
european-championships-2026	Senior Men -68kg	R16	120	HOWELL Matthew	GBR	TIRANVALIPOUR Hadi	TRT	PTF	2:0
european-championships-2026	Senior Men -68kg	R16	121	KRAJISNIK Zarko	SRB	HYTTEL Tobias	DEN	PTF	2:0
european-championships-2026	Senior Men -68kg	R16	122	BYSTROV Volodymyr	UKR	DJONKO Muhamed	BIH	PTF	2:1
european-championships-2026	Senior Men -68kg	R16	123	LUCIEN Theo	FRA	SHIRALIYEV Riyad	AZE	PTF	2:0
european-championships-2026	Senior Men -68kg	R16	319	ERER Berkay	TUR	KRIVISHKIY Nimrod	ISR	PTF	2:0
european-championships-2026	Senior Men -68kg	R16	320	PANAGOPOULOS Apostolos	GRE	CHRZANOWSKI Mateusz	POL	PTF	2:0
european-championships-2026	Senior Men -68kg	R16	321	JOZSA Levente mark	HUN	JORQUERA CALA Joan	ESP	PTF	2:1
european-championships-2026	Senior Men -68kg	R16	322	BARETTA Dennis	ITA	CAVUSMAN Emre	GER	PTF	2:1
european-championships-2026	Senior Men -68kg	QF	128	HOWELL Matthew	GBR	KRAJISNIK Zarko	SRB	PTF	2:1
european-championships-2026	Senior Men -68kg	QF	129	BYSTROV Volodymyr	UKR	LUCIEN Theo	FRA	PTF	2:0
european-championships-2026	Senior Men -68kg	QF	327	ERER Berkay	TUR	PANAGOPOULOS Apostolos	GRE	PTF	2:0
european-championships-2026	Senior Men -68kg	QF	328	BARETTA Dennis	ITA	JOZSA Levente mark	HUN	PTF	2:1
european-championships-2026	Senior Men -68kg	SF	131	BYSTROV Volodymyr	UKR	HOWELL Matthew	GBR	PTF	2:0
european-championships-2026	Senior Men -68kg	SF	330	ERER Berkay	TUR	BARETTA Dennis	ITA	PTF	2:0
european-championships-2026	Senior Men -68kg	F	236	ERER Berkay	TUR	BYSTROV Volodymyr	UKR	PTF	2:0
european-championships-2026	Senior Men -74kg	R32	103	STAMENOV Stefan	BUL	ALIAN Ali	SWE	PTF	2:0
european-championships-2026	Senior Men -74kg	R32	104	CUDNOCH Lukasz	POL	FRGOLEC Miroslav	SVK	PTF	2:0
european-championships-2026	Senior Men -74kg	R32	105	KLAJKO David	HUN	HUSIC Benjamin	BIH	PTF	2:0
european-championships-2026	Senior Men -74kg	R32	106	GOLUBIC Marko	CRO	HRYHORCHUK Andrii	UKR	PTF	2:1
european-championships-2026	Senior Men -74kg	R32	107	MANGIONE Angelo	ITA	DANIELYAN Armen	ARM	PTF	2:0
european-championships-2026	Senior Men -74kg	R32	108	COSTA Diogo rafael alves da	POR	KAVURAT Ferhat can	TUR	PTF	2:1
european-championships-2026	Senior Men -74kg	R32	302	ALAPHILIPPE Souleyman	FRA	TSOLAS Themistoklis	GRE	PTF	2:1
european-championships-2026	Senior Men -74kg	R32	303	QUESADA BARRERA Daniel	ESP	SHADZEUSKI Yauheni	BLR	PTF	2:0
european-championships-2026	Senior Men -74kg	R32	304	BECOVIC Zinedin	MNE	SURVILA Aironas	LTU	PTF	2:1
european-championships-2026	Senior Men -74kg	R32	305	SITTEK Tomas	CZE	NICOLAE Dogari	MDA	PTF	2:0
european-championships-2026	Senior Men -74kg	R32	306	NIKOLAOU Nikolas	CYP	SAHITI Mal	KOS	PTF	2:1
european-championships-2026	Senior Men -74kg	R32	307	AGHAYEV Javad	AZE	CRESCENTINI Stefano	SMR	PTF	2:0
european-championships-2026	Senior Men -74kg	R16	117	TAKOV Stefan	SRB	STAMENOV Stefan	BUL	PTF	2:0
european-championships-2026	Senior Men -74kg	R16	118	CUDNOCH Lukasz	POL	KLAJKO David	HUN	PTF	2:0
european-championships-2026	Senior Men -74kg	R16	119	GOLUBIC Marko	CRO	MANGIONE Angelo	ITA	PTF	2:1
european-championships-2026	Senior Men -74kg	R16	120	JORGENSEN Otto	DEN	COSTA Diogo rafael alves da	POR	PTF	2:0
european-championships-2026	Senior Men -74kg	R16	316	KINTSURASHVILI Zurab	GEO	ALAPHILIPPE Souleyman	FRA	PTF	2:0
european-championships-2026	Senior Men -74kg	R16	317	QUESADA BARRERA Daniel	ESP	BECOVIC Zinedin	MNE	PTF	2:0
european-championships-2026	Senior Men -74kg	R16	318	SITTEK Tomas	CZE	NIKOLAOU Nikolas	CYP	PTF	2:0
european-championships-2026	Senior Men -74kg	R16	319	AGHAYEV Javad	AZE	LOTT Liam	GER	PTF	2:0
european-championships-2026	Senior Men -74kg	QF	125	TAKOV Stefan	SRB	CUDNOCH Lukasz	POL	PTF	2:0
european-championships-2026	Senior Men -74kg	QF	126	GOLUBIC Marko	CRO	JORGENSEN Otto	DEN	PTF	2:0
european-championships-2026	Senior Men -74kg	QF	324	KINTSURASHVILI Zurab	GEO	QUESADA BARRERA Daniel	ESP	PTF	2:0
european-championships-2026	Senior Men -74kg	QF	325	AGHAYEV Javad	AZE	SITTEK Tomas	CZE	PTF	2:1
european-championships-2026	Senior Men -74kg	SF	130	TAKOV Stefan	SRB	GOLUBIC Marko	CRO	PTF	2:0
european-championships-2026	Senior Men -74kg	SF	329	KINTSURASHVILI Zurab	GEO	AGHAYEV Javad	AZE	PTF	2:0
european-championships-2026	Senior Men -74kg	F	239	TAKOV Stefan	SRB	KINTSURASHVILI Zurab	GEO	PTF	2:0
european-championships-2026	Senior Men -80kg	R32	209	MARTINHO Manuel	POR	CRISTESCU Mihai adrian	ROU	RSC	2:0
european-championships-2026	Senior Men -80kg	R32	210	MANSOURI Farzad	TRT	MUSKEVITS Aleksandr	EST	PTF	2:0
european-championships-2026	Senior Men -80kg	R32	211	SIGURJONSSON Gudmundur floki	ISL	BLAZEVSKI Filip	MKD	PTF	2:0
european-championships-2026	Senior Men -80kg	R32	212	ODINAEV Rustam	SRB	ROMUNDSET Martin	NOR	PTF	2:0
european-championships-2026	Senior Men -80kg	R32	213	AKBABAOZ Muhammed buğrahan	TRT	CHARALAMBOUS Evangelos	CYP	PTF	2:1
european-championships-2026	Senior Men -80kg	R32	214	JOCHMAN Adam	CZE	HIDRI Ibrahim	ALB	PTF	2:0
european-championships-2026	Senior Men -80kg	R32	308	HOSSEINI BIJI KOLA Seyed Omid	BUL	ALIYEV Eljan	AZE	PTF	2:0
european-championships-2026	Senior Men -80kg	R32	309	HUSIC Nedzad	BIH	PERUNIČIĆ Vasilije	MNE	PTF	2:0
european-championships-2026	Senior Men -80kg	R32	310	MILAN CANOVAS Juan antonio	ESP	MATURO Emanuele vittorio	ITA	PTF	2:0
european-championships-2026	Senior Men -80kg	R32	311	HRGOTA Leon	CRO	ODLING HEDQVIST Tim	SWE	PTF	2:0
european-championships-2026	Senior Men -80kg	R32	312	SULEAC Dmitrii	MDA	KILIC Yigithan	TUR	PTF	2:0
european-championships-2026	Senior Men -80kg	R32	313	GASHI Jon	KOS	BREGNBALLE Emil	DEN	PTF	2:0
european-championships-2026	Senior Men -80kg	R16	221	PAPADOPOULOS Ioannis	GRE	MARTINHO Manuel	POR	PTF	2:0
european-championships-2026	Senior Men -80kg	R16	222	SIGURJONSSON Gudmundur floki	ISL	MANSOURI Farzad	TRT	PTF	2:1
european-championships-2026	Senior Men -80kg	R16	223	ODINAEV Rustam	SRB	AKBABAOZ Muhammed buğrahan	TRT	PTF	2:0
european-championships-2026	Senior Men -80kg	R16	224	HURNOV Kyrylo	UKR	JOCHMAN Adam	CZE	PTF	2:0
european-championships-2026	Senior Men -80kg	R16	320	TURAVINAU Raman	BLR	HOSSEINI BIJI KOLA Seyed Omid	BUL	PTF	2:0
european-championships-2026	Senior Men -80kg	R16	321	MILAN CANOVAS Juan antonio	ESP	HUSIC Nedzad	BIH	PTF	2:0
european-championships-2026	Senior Men -80kg	R16	322	HRGOTA Leon	CRO	SULEAC Dmitrii	MDA	PTF	2:0
european-championships-2026	Senior Men -80kg	R16	323	GASHI Jon	KOS	CALIK Enis	GER	PTF	2:1
european-championships-2026	Senior Men -80kg	QF	228	PAPADOPOULOS Ioannis	GRE	SIGURJONSSON Gudmundur floki	ISL	PTF	2:1
european-championships-2026	Senior Men -80kg	QF	229	HURNOV Kyrylo	UKR	ODINAEV Rustam	SRB	PTF	2:0
european-championships-2026	Senior Men -80kg	QF	327	TURAVINAU Raman	BLR	MILAN CANOVAS Juan antonio	ESP	PTF	2:0
european-championships-2026	Senior Men -80kg	QF	328	HRGOTA Leon	CRO	GASHI Jon	KOS	PTF	2:0
european-championships-2026	Senior Men -80kg	SF	132	TURAVINAU Raman	BLR	HRGOTA Leon	CRO	PTF	2:1
european-championships-2026	Senior Men -80kg	SF	331	HURNOV Kyrylo	UKR	PAPADOPOULOS Ioannis	GRE	PTF	2:0
european-championships-2026	Senior Men -80kg	F	241	TURAVINAU Raman	BLR	HURNOV Kyrylo	UKR	PTF	2:0
european-championships-2026	Senior Men -87kg	R16	114	PIATKOWSKI Szymon	POL	FRONDA Sandro	SWE	PTF	2:0
european-championships-2026	Senior Men -87kg	R16	115	STOJANOVIC Stefan	SRB	ATESLI Orkun	TUR	PTF	2:0
european-championships-2026	Senior Men -87kg	R16	116	THOLIOTIS Vasileios	GRE	MOKHTARI Mohammad	TRT	PTF	2:0
european-championships-2026	Senior Men -87kg	R16	117	SNACOV Laurentiu	ROU	HOERMANN Vincent	GER	PTF	2:0
european-championships-2026	Senior Men -87kg	R16	223	TROITINO AMOEDO Sergio	ESP	DIVKOVIC Patrik	SLO	PTF	2:0
european-championships-2026	Senior Men -87kg	R16	224	ABEDINI Mehdi	TRT	NUCI Erol	BIH	PTF	2:0
european-championships-2026	Senior Men -87kg	R16	312	BILIC Josip	CRO	YURKOU Daniil	BLR	PTF	2:1
european-championships-2026	Senior Men -87kg	R16	313	HARBAR Artem	UKR	STYLIANIDIS Aris	CYP	PTF	2:0
european-championships-2026	Senior Men -87kg	QF	122	PIATKOWSKI Szymon	POL	STOJANOVIC Stefan	SRB	PTF	2:0
european-championships-2026	Senior Men -87kg	QF	226	THOLIOTIS Vasileios	GRE	SNACOV Laurentiu	ROU	PTF	2:0
european-championships-2026	Senior Men -87kg	QF	227	TROITINO AMOEDO Sergio	ESP	ABEDINI Mehdi	TRT	PTF	2:1
european-championships-2026	Senior Men -87kg	QF	323	HARBAR Artem	UKR	BILIC Josip	CRO	PTF	2:0
european-championships-2026	Senior Men -87kg	SF	131	PIATKOWSKI Szymon	POL	THOLIOTIS Vasileios	GRE	PTF	2:1
european-championships-2026	Senior Men -87kg	SF	331	TROITINO AMOEDO Sergio	ESP	HARBAR Artem	UKR	PTF	2:1
european-championships-2026	Senior Men -87kg	F	243	PIATKOWSKI Szymon	POL	TROITINO AMOEDO Sergio	ESP	PTF	2:0
european-championships-2026	Senior Men +87kg	R32	101	RIBEIRO Tiago	POR	ANDREOU Petros	CYP	PTF	2:0
european-championships-2026	Senior Men +87kg	R32	102	RUDERMAN Ilia	ISR	MATSABERIDZE Ilia	GEO	PTF	2:0
european-championships-2026	Senior Men +87kg	R32	103	TELIKOSTOGLOU Apostolos	GRE	MARINESCU Dragos	MDA	PTF	2:0
european-championships-2026	Senior Men +87kg	R32	209	GOLUBOVIC Milos	SRB	HANUSOVSKY Richard	SVK	PTF	2:0
european-championships-2026	Senior Men +87kg	R32	211	ABBASIPOUYA Abolfazl	TRT	BRINK Kevin	SWE	PTF	2:0
european-championships-2026	Senior Men +87kg	R32	212	ATESLI Emre kutalmis	TUR	BALCIUNAS Gabijus	LTU	PTF	2:0
european-championships-2026	Senior Men +87kg	R32	302	JABLONSKI Zbigniew	POL	TRAJKOVIC Ivan konrad	SLO	PTF	2:0
european-championships-2026	Senior Men +87kg	R16	116	CUNNINGHAM Caden	GBR	GOLUBOVIC Milos	SRB	PTF	2:0
european-championships-2026	Senior Men +87kg	R16	117	MOLIN Mattia	ITA	BAILEY Kelen	HUN	PTF	2:0
european-championships-2026	Senior Men +87kg	R16	118	PLONIS Artsiom	BLR	RIBEIRO Tiago	POR	PTF	2:0
european-championships-2026	Senior Men +87kg	R16	119	RUDERMAN Ilia	ISR	ISBRECHT Kevin	GER	PTF	2:0
european-championships-2026	Senior Men +87kg	R16	315	HARBAR Andrii	UKR	TELIKOSTOGLOU Apostolos	GRE	PTF	2:1
european-championships-2026	Senior Men +87kg	R16	316	SAPINA Ivan	CRO	ABBASIPOUYA Abolfazl	TRT	PTF	2:0
european-championships-2026	Senior Men +87kg	R16	317	GEORGIEVSKI Dejan	MKD	ATESLI Emre kutalmis	TUR	PTF	2:1
european-championships-2026	Senior Men +87kg	R16	318	GARCIA MARTINEZ Ivan	ESP	JABLONSKI Zbigniew	POL	PTF	2:0
european-championships-2026	Senior Men +87kg	QF	126	CUNNINGHAM Caden	GBR	MOLIN Mattia	ITA	PTF	2:0
european-championships-2026	Senior Men +87kg	QF	127	PLONIS Artsiom	BLR	RUDERMAN Ilia	ISR	PTF	2:0
european-championships-2026	Senior Men +87kg	QF	325	SAPINA Ivan	CRO	HARBAR Andrii	UKR	PTF	2:0
european-championships-2026	Senior Men +87kg	QF	326	GARCIA MARTINEZ Ivan	ESP	GEORGIEVSKI Dejan	MKD	PTF	2:0
european-championships-2026	Senior Men +87kg	SF	133	CUNNINGHAM Caden	GBR	PLONIS Artsiom	BLR	PTF	2:0
european-championships-2026	Senior Men +87kg	SF	332	GARCIA MARTINEZ Ivan	ESP	SAPINA Ivan	CRO	PTF	2:0
european-championships-2026	Senior Men +87kg	F	238	CUNNINGHAM Caden	GBR	GARCIA MARTINEZ Ivan	ESP	PTF	2:0
european-championships-2026	Senior Women -46kg	R32	207	NORDH Olivia	SWE	SHVARTS Olha	UKR	PTF	2:0
european-championships-2026	Senior Women -46kg	R32	208	POURYOUNES Dina	TRT	KAMINSKA Michaela	SVK	PTF	2:0
european-championships-2026	Senior Women -46kg	R16	112	GOGEBAKAN Emine	TUR	NORDH Olivia	SWE	PTF	2:0
european-championships-2026	Senior Women -46kg	R16	113	AKBAROVA Minaya	AZE	BRAJOVIC Iva	SRB	PTF	2:0
european-championships-2026	Senior Women -46kg	R16	114	MAKAS Dzejla	BIH	KHORSHIDI Aysa	TRT	PTF	2:1
european-championships-2026	Senior Women -46kg	R16	115	BALLA Liliana	GER	PRPIC Sara	CRO	PTF	2:0
european-championships-2026	Senior Women -46kg	R16	311	BAYECH Rivka	ISR	PEEVA Deya	BUL	PTF	2:0
european-championships-2026	Senior Women -46kg	R16	312	BERTAGNIN Elisa	ITA	DIAZ ARRIBAS Violeta	ESP	PTF	2:1
european-championships-2026	Senior Women -46kg	R16	313	GEORGIOU Melina	GRE	TAMMILA Ida-elina	FIN	PTF	2:0
european-championships-2026	Senior Women -46kg	R16	314	SALIM Kamilah	HUN	POURYOUNES Dina	TRT	WDR	
european-championships-2026	Senior Women -46kg	QF	124	GOGEBAKAN Emine	TUR	AKBAROVA Minaya	AZE	PTF	2:1
european-championships-2026	Senior Women -46kg	QF	125	BALLA Liliana	GER	MAKAS Dzejla	BIH	PTF	2:0
european-championships-2026	Senior Women -46kg	QF	323	BAYECH Rivka	ISR	BERTAGNIN Elisa	ITA	PTF	2:0
european-championships-2026	Senior Women -46kg	QF	324	SALIM Kamilah	HUN	GEORGIOU Melina	GRE	PTF	2:1
european-championships-2026	Senior Women -46kg	SF	130	GOGEBAKAN Emine	TUR	BALLA Liliana	GER	PTF	2:0
european-championships-2026	Senior Women -46kg	SF	329	SALIM Kamilah	HUN	BAYECH Rivka	ISR	PTF	2:1
european-championships-2026	Senior Women -46kg	F	235	SALIM Kamilah	HUN	GOGEBAKAN Emine	TUR	PTF	2:0
european-championships-2026	Senior Women -49kg	R32	101	MALOBERTI Lucrezia	ITA	MIRZAEE Zahro	TRT	PTF	2:0
european-championships-2026	Senior Women -49kg	R32	102	HINIC Sofija	CRO	KELC Emma	SWE	PTF	2:0
european-championships-2026	Senior Women -49kg	R32	301	FERREIRA Matilde	POR	JANUSAUSKAITE Ugne	LTU	PTF	2:0
european-championships-2026	Senior Women -49kg	R16	113	MALOBERTI Lucrezia	ITA	ATESLI Supharada	GER	PTF	2:0
european-championships-2026	Senior Women -49kg	R16	114	BOKAN Andrea	SRB	MAKAS Ejla	BIH	PTF	2:0
european-championships-2026	Senior Women -49kg	R16	115	FOFANA Mah teninba	FRA	RAMO Jenna	FIN	PTF	2:0
european-championships-2026	Senior Women -49kg	R16	116	DAN (DANSHYNA) Oleksandra	ISR	STRUNETS Maryia	BLR	PTF	2:0
european-championships-2026	Senior Women -49kg	R16	312	CEREZO IGLESIAS Adriana	ESP	HINIC Sofija	CRO	PTF	2:0
european-championships-2026	Senior Women -49kg	R16	313	GEORGIEVA Aleksandra	BUL	OSMANOVA Samarrukh	AZE	PTF	2:0
european-championships-2026	Senior Women -49kg	R16	314	LINAN PARDO Naiara	AND	BOUROGIANNI Konstantina eleni	GRE	PTF	2:0
european-championships-2026	Senior Women -49kg	R16	315	AKGUL Elif sude	TUR	FERREIRA Matilde	POR	PTF	2:0
european-championships-2026	Senior Women -49kg	QF	123	BOKAN Andrea	SRB	MALOBERTI Lucrezia	ITA	PTF	2:0
european-championships-2026	Senior Women -49kg	QF	124	FOFANA Mah teninba	FRA	DAN (DANSHYNA) Oleksandra	ISR	PTF	2:0
european-championships-2026	Senior Women -49kg	QF	322	CEREZO IGLESIAS Adriana	ESP	GEORGIEVA Aleksandra	BUL	PTF	2:0
european-championships-2026	Senior Women -49kg	QF	323	AKGUL Elif sude	TUR	LINAN PARDO Naiara	AND	PTF	2:0
european-championships-2026	Senior Women -49kg	SF	127	BOKAN Andrea	SRB	FOFANA Mah teninba	FRA	PTF	2:1
european-championships-2026	Senior Women -49kg	SF	326	AKGUL Elif sude	TUR	CEREZO IGLESIAS Adriana	ESP	PTF	2:1
european-championships-2026	Senior Women -49kg	F	236	AKGUL Elif sude	TUR	BOKAN Andrea	SRB	PTF	2:1
european-championships-2026	Senior Women -53kg	R32	108	MAMMADOVA Maryam	AZE	PERNISCHOVA Simona	SVK	PTF	2:0
european-championships-2026	Senior Women -53kg	R32	110	SUSILUOTO Inari	FIN	MACARI Iuliana	MDA	PTF	2:0
european-championships-2026	Senior Women -53kg	R32	111	KAADACH Sophia jusra	DEN	BASTOS Filipa	POR	PTF	2:0
european-championships-2026	Senior Women -53kg	R32	301	LAKEHAL-ROLLINGS Manissa	FRA	BILLQVIST Felicia	SWE	PTF	2:0
european-championships-2026	Senior Women -53kg	R32	302	MOGHAL Amna	NOR	VOLOSENKO Anastasiia	UKR	PTF	2:0
european-championships-2026	Senior Women -53kg	R32	303	RADIC Ozana	CRO	BYRNE Ruby	IRL	PTF	2:0
european-championships-2026	Senior Women -53kg	R16	120	DINCEL KAVURAT Merve	TUR	MAMMADOVA Maryam	AZE	PTF	2:0
european-championships-2026	Senior Women -53kg	R16	121	FRASSICA Anna	ITA	STANKOVIC Vanja	SRB	PTF	2:0
european-championships-2026	Senior Women -53kg	R16	122	KLAKALA Magdalini	GRE	SUSILUOTO Inari	FIN	PTF	2:0
european-championships-2026	Senior Women -53kg	R16	123	ASIMI Adiba	GER	KAADACH Sophia jusra	DEN	PTF	2:1
european-championships-2026	Senior Women -53kg	R16	314	MCKEW Jodie	GBR	LAKEHAL-ROLLINGS Manissa	FRA	PTF	2:0
european-championships-2026	Senior Women -53kg	R16	315	VIGDOR Ariel	ISR	MOGHAL Amna	NOR	PTF	2:0
european-championships-2026	Senior Women -53kg	R16	316	KARABELEVA Erika	BUL	RODRIGUEZ Laura	ESP	PTF	2:1
european-championships-2026	Senior Women -53kg	R16	317	RADIC Ozana	CRO	AVDAGIC Ada	BIH	PTF	2:1
european-championships-2026	Senior Women -53kg	QF	128	DINCEL KAVURAT Merve	TUR	FRASSICA Anna	ITA	PTF	2:1
european-championships-2026	Senior Women -53kg	QF	129	KLAKALA Magdalini	GRE	ASIMI Adiba	GER	PTF	2:0
european-championships-2026	Senior Women -53kg	QF	324	MCKEW Jodie	GBR	VIGDOR Ariel	ISR	PTF	2:0
european-championships-2026	Senior Women -53kg	QF	325	KARABELEVA Erika	BUL	RADIC Ozana	CRO	PTF	2:0
european-championships-2026	Senior Women -53kg	SF	131	DINCEL KAVURAT Merve	TUR	KLAKALA Magdalini	GRE	PTF	2:0
european-championships-2026	Senior Women -53kg	SF	330	KARABELEVA Erika	BUL	MCKEW Jodie	GBR	PTF	2:0
european-championships-2026	Senior Women -53kg	F	240	DINCEL KAVURAT Merve	TUR	KARABELEVA Erika	BUL	PTF	2:0
european-championships-2026	Senior Women -57kg	R32	101	PEZZOLLA Lucia	ITA	KRAISNIK Ivana	BIH	PTF	2:0
european-championships-2026	Senior Women -57kg	R32	102	LUKIC Jana	SRB	KARLSSON Alma friis	DEN	PTF	2:0
european-championships-2026	Senior Women -57kg	R32	103	HANSEN Kaja husby	NOR	KALLSTRAND Izabella	SWE	PTF	2:0
european-championships-2026	Senior Women -57kg	R32	301	MEIŠTININKAITĖ Gerda	LTU	ADREGO Ana	POR	PTF	2:1
european-championships-2026	Senior Women -57kg	R32	302	TEGGERI Markella	CYP	REPOULIA Athanasia	GRE	PTF	2:1
european-championships-2026	Senior Women -57kg	R16	215	CARABIN Kanelya	FRA	PEZZOLLA Lucia	ITA	PTF	2:1
european-championships-2026	Senior Women -57kg	R16	216	PATAKFALVY Luca	HUN	KHORSHIDI Ayda	TRT	PTF	2:0
european-championships-2026	Senior Women -57kg	R16	217	KARABATIC Nika	CRO	LUKIC Jana	SRB	PTF	2:0
european-championships-2026	Senior Women -57kg	R16	218	REZAIE Roja	GER	HANSEN Kaja husby	NOR	PTF	2:0
european-championships-2026	Senior Women -57kg	R16	314	ILGUN Hatice kubra	TUR	MEIŠTININKAITĖ Gerda	LTU	PTF	2:0
european-championships-2026	Senior Women -57kg	R16	315	LISOWSKA Nikol	POL	SESAR VILA Carla	ESP	PTF	2:1
european-championships-2026	Senior Women -57kg	R16	316	KOSTENEVYCH Darya	UKR	HRONOVA Dominika	CZE	PTF	2:0
european-championships-2026	Senior Women -57kg	R16	317	VITKO Yuliya	BLR	TEGGERI Markella	CYP	PTF	2:0
european-championships-2026	Senior Women -57kg	QF	123	PATAKFALVY Luca	HUN	CARABIN Kanelya	FRA	PTF	2:0
european-championships-2026	Senior Women -57kg	QF	124	KARABATIC Nika	CRO	REZAIE Roja	GER	PTF	2:0
european-championships-2026	Senior Women -57kg	QF	324	ILGUN Hatice kubra	TUR	LISOWSKA Nikol	POL	PTF	2:0
european-championships-2026	Senior Women -57kg	QF	325	VITKO Yuliya	BLR	KOSTENEVYCH Darya	UKR	PTF	2:0
european-championships-2026	Senior Women -57kg	SF	128	KARABATIC Nika	CRO	PATAKFALVY Luca	HUN	PTF	2:1
european-championships-2026	Senior Women -57kg	SF	328	VITKO Yuliya	BLR	ILGUN Hatice kubra	TUR	PTF	2:0
european-championships-2026	Senior Women -57kg	F	240	VITKO Yuliya	BLR	KARABATIC Nika	CRO	PTF	2:0
european-championships-2026	Senior Women -62kg	R32	101	RAAGMETS Carmen	EST	HAMIDI Marzieh	TRT	PTF	2:0
european-championships-2026	Senior Women -62kg	R32	102	KOZLOVA Nataliia	UKR	DOUCET Teeyah	FRA	PTF	2:0
european-championships-2026	Senior Women -62kg	R32	103	GRETARSDOTTIR Ingibjorg	ISL	NAZAROVA Iulia	MDA	PTF	2:0
european-championships-2026	Senior Women -62kg	R32	104	MOCALINA Vladislava	LAT	SYMEOU Konstantina	CYP	PTF	2:0
european-championships-2026	Senior Women -62kg	R32	106	CORREIA Leonor	POR	KURIC Ema	BIH	PTF	2:0
european-championships-2026	Senior Women -62kg	R16	112	MARTON Viviana	HUN	RAAGMETS Carmen	EST	PTF	2:0
european-championships-2026	Senior Women -62kg	R16	113	YIGITALP Hatice pinar	TUR	MARIC Ela	SRB	PTF	2:1
european-championships-2026	Senior Women -62kg	R16	114	SZPAK Julia	POL	KOZLOVA Nataliia	UKR	PTF	2:0
european-championships-2026	Senior Women -62kg	R16	115	HABULIN Kim Vivian	GER	GRETARSDOTTIR Ingibjorg	ISL	PTF	2:0
european-championships-2026	Senior Women -62kg	R16	116	STOLBOVA Petra	CZE	MOCALINA Vladislava	LAT	PTF	2:0
european-championships-2026	Senior Women -62kg	R16	117	RELJIKJ Miljana	MKD	SARVANAKI Theopoula	GRE	PTF	2:0
european-championships-2026	Senior Women -62kg	R16	118	SECANELL Elsa	ESP	SMYCHKOVA Valeryia	BLR	PTF	2:0
european-championships-2026	Senior Women -62kg	R16	119	MESTROVIC Dora	CRO	CORREIA Leonor	POR	PTF	2:0
european-championships-2026	Senior Women -62kg	QF	124	MARTON Viviana	HUN	YIGITALP Hatice pinar	TUR	PTF	2:0
european-championships-2026	Senior Women -62kg	QF	125	SZPAK Julia	POL	HABULIN Kim Vivian	GER	PTF	2:0
european-championships-2026	Senior Women -62kg	QF	126	STOLBOVA Petra	CZE	RELJIKJ Miljana	MKD	PTF	2:1
european-championships-2026	Senior Women -62kg	QF	127	SECANELL Elsa	ESP	MESTROVIC Dora	CRO	PTF	2:0
european-championships-2026	Senior Women -62kg	SF	133	MARTON Viviana	HUN	SZPAK Julia	POL	PTF	2:0
european-championships-2026	Senior Women -62kg	SF	332	SECANELL Elsa	ESP	STOLBOVA Petra	CZE	PTF	2:0
european-championships-2026	Senior Women -62kg	F	242	MARTON Viviana	HUN	SECANELL Elsa	ESP	PTF	2:0
european-championships-2026	Senior Women -67kg	R32	210	ZAFER Isil	TUR	HRGIC Anja	BIH	PTF	2:0
european-championships-2026	Senior Women -67kg	R32	213	TVARONAVICIUTE Klaudija	LTU	SOFOKLEOUS Aria	CYP	PTF	2:0
european-championships-2026	Senior Women -67kg	R32	214	NOWAK Julia	POL	COELHO Mafalda	POR	PTF	2:0
european-championships-2026	Senior Women -67kg	R32	215	MAGGIORE Giulia	ITA	KRUPJAKOVA Alzbeta	SVK	PTF	2:0
european-championships-2026	Senior Women -67kg	R32	216	FABER Isabelle	LUX	CASPERSSON Alva	SWE	PTF	2:0
european-championships-2026	Senior Women -67kg	R16	217	MARENTAKI Styliani	GRE	ZAFER Isil	TUR	PTF	2:0
european-championships-2026	Senior Women -67kg	R16	218	POLE Doris	CRO	MINK Amy	NED	PTF	2:0
european-championships-2026	Senior Women -67kg	R16	219	PERISIC Aleksandra	SRB	TVARONAVICIUTE Klaudija	LTU	PTF	2:0
european-championships-2026	Senior Women -67kg	R16	220	NOWAK Julia	POL	KOERNDL Vanessa	GER	PTF	2:1
european-championships-2026	Senior Women -67kg	R16	221	MAGGIORE Giulia	ITA	MORENO REYES Lena	ESP	PTF	2:1
european-championships-2026	Senior Women -67kg	R16	222	BERISAJ Andrea	MNE	PAVLENKO Alisa	UKR	PTF	2:0
european-championships-2026	Senior Women -67kg	R16	223	MEHNANA Ines	FRA	NILSEN Mari romundset	NOR	PTF	2:0
european-championships-2026	Senior Women -67kg	R16	224	MARTON Luana	HUN	FABER Isabelle	LUX	PTF	2:0
european-championships-2026	Senior Women -67kg	QF	225	MARENTAKI Styliani	GRE	POLE Doris	CRO	PTF	2:0
european-championships-2026	Senior Women -67kg	QF	226	PERISIC Aleksandra	SRB	NOWAK Julia	POL	PTF	2:0
european-championships-2026	Senior Women -67kg	QF	227	BERISAJ Andrea	MNE	MAGGIORE Giulia	ITA	PTF	2:1
european-championships-2026	Senior Women -67kg	QF	228	MARTON Luana	HUN	MEHNANA Ines	FRA	PTF	2:0
european-championships-2026	Senior Women -67kg	SF	132	MARENTAKI Styliani	GRE	PERISIC Aleksandra	SRB	PTF	2:0
european-championships-2026	Senior Women -67kg	SF	331	MARTON Luana	HUN	BERISAJ Andrea	MNE	PTF	2:0
european-championships-2026	Senior Women -67kg	F	237	MARENTAKI Styliani	GRE	MARTON Luana	HUN	PTF	2:0
european-championships-2026	Senior Women -73kg	R16	112	BOZANIC Nadica	SRB	KOWALCZUK Aleksandra	POL	PTF	2:0
european-championships-2026	Senior Women -73kg	R16	113	MCGOWAN Rebecca	GBR	MASTELIC Mila	CRO	PTF	2:0
european-championships-2026	Senior Women -73kg	R16	220	RUDOLF Nika	SLO	PODOLIAN Renata	UKR	PTF	2:0
european-championships-2026	Senior Women -73kg	R16	221	MORAN ROMERO Belen	ESP	NTE Nefeli	GRE	PTF	2:0
european-championships-2026	Senior Women -73kg	R16	222	WIET HENIN Magda	FRA	HOERMANN Emily	GER	PTF	2:0
european-championships-2026	Senior Women -73kg	R16	310	BERISAJ Andela	MNE	JUHASZOVA Iveta	CZE	PTF	2:0
european-championships-2026	Senior Women -73kg	R16	311	UZUNCAVDAR Sude yaren	TUR	PORCESCU Loredana	MDA	PTF	2:0
european-championships-2026	Senior Women -73kg	QF	121	MCGOWAN Rebecca	GBR	BOZANIC Nadica	SRB	PTF	2:0
european-championships-2026	Senior Women -73kg	QF	126	WIET HENIN Magda	FRA	MORAN ROMERO Belen	ESP	PTF	2:1
european-championships-2026	Senior Women -73kg	QF	225	CHAARI Sarah	BEL	RUDOLF Nika	SLO	PTF	2:0
european-championships-2026	Senior Women -73kg	QF	322	UZUNCAVDAR Sude yaren	TUR	BERISAJ Andela	MNE	PTF	2:0
european-championships-2026	Senior Women -73kg	SF	130	CHAARI Sarah	BEL	WIET HENIN Magda	FRA	PTF	2:0
european-championships-2026	Senior Women -73kg	SF	330	UZUNCAVDAR Sude yaren	TUR	MCGOWAN Rebecca	GBR	PTF	2:1
european-championships-2026	Senior Women -73kg	F	242	CHAARI Sarah	BEL	UZUNCAVDAR Sude yaren	TUR	PTF	2:0
european-championships-2026	Senior Women +73kg	R16	109	KUS AYDIN Nafia	TUR	FRANCISCA MONIZ Maria	POR	PTF	2:0
european-championships-2026	Senior Women +73kg	R16	110	AVOULETTE Solene	FRA	KLOOSTERMAN Famke	NED	PTF	2:0
european-championships-2026	Senior Women +73kg	R16	111	CASTINEIRA Tania	ESP	HELVIGA Viktorija	LAT	PTF	2:0
european-championships-2026	Senior Women +73kg	R16	112	BRANDL Lorena	GER	CHARALAMBOUS Marilena	CYP	WDR	1:0
european-championships-2026	Senior Women +73kg	R16	308	MATIC Magdalena	CRO	KUCHYNA Viktoriia	UKR	PTF	2:0
european-championships-2026	Senior Women +73kg	R16	309	WILLIAMS Lauren	GBR	MIKHALCHUK Palina	BLR	PTF	2:0
european-championships-2026	Senior Women +73kg	R16	310	KITSIOU Agoritsa artemia	GRE	SEVIC Andjela	SRB	PTF	2:0
european-championships-2026	Senior Women +73kg	R16	311	HAREMZA Dagmara	POL	HAWASH Dania	SWE	PTF	2:0
european-championships-2026	Senior Women +73kg	QF	121	KUS AYDIN Nafia	TUR	AVOULETTE Solene	FRA	PTF	2:1
european-championships-2026	Senior Women +73kg	QF	122	BRANDL Lorena	GER	CASTINEIRA Tania	ESP	PTF	2:0
european-championships-2026	Senior Women +73kg	QF	320	WILLIAMS Lauren	GBR	MATIC Magdalena	CRO	PTF	2:1
european-championships-2026	Senior Women +73kg	QF	321	HAREMZA Dagmara	POL	KITSIOU Agoritsa artemia	GRE	PTF	2:1
european-championships-2026	Senior Women +73kg	SF	129	BRANDL Lorena	GER	KUS AYDIN Nafia	TUR	PTF	2:1
european-championships-2026	Senior Women +73kg	SF	328	WILLIAMS Lauren	GBR	HAREMZA Dagmara	POL	PTF	2:0
european-championships-2026	Senior Women +73kg	F	238	BRANDL Lorena	GER	WILLIAMS Lauren	GBR	PTF	2:0
asian-championships-2026	Senior Men -54kg	R32	101	TAECHARATTANAWIBOON Thanat	THA	HAJI BAKAR Abrar	BRU	PTF	2:0
asian-championships-2026	Senior Men -54kg	R32	102	QIAN Jiacai	CHN	ASYMBEK UULU Alisher	KGZ	PTF	2:0
asian-championships-2026	Senior Men -54kg	R32	103	RAZMIAN Mehdi	IRI	SAH Om lal	IND	PTF	2:0
asian-championships-2026	Senior Men -54kg	R32	104	RAHIMI Ihasam	AFG	OHARA Keishin	JPN	PTF	2:1
asian-championships-2026	Senior Men -54kg	R32	201	NGUYEN Hong trong	VIE	DA COSTA Devinho cerilo	TLS	PTF	2:0
asian-championships-2026	Senior Men -54kg	R32	202	BARBOSA Kurt bryan	PHI	AL BULUSHI Al muhanad	OMA	PTF	2:1
asian-championships-2026	Senior Men -54kg	R32	203	ZHANG Shengchen	CHN	CHAN Iek hei	MAC	PTF	2:0
asian-championships-2026	Senior Men -54kg	R32	301	LEE Donggun	KOR	CHAU Ngai long	HKG	PTF	2:0
asian-championships-2026	Senior Men -54kg	R32	302	VALIZADEH AFROOZI Yasin	IRI	PANG Keston	SGP	PTF	2:0
asian-championships-2026	Senior Men -54kg	R32	303	KHAN Shahzaib	PAK	WANG Liu-je	TPE	PTF	2:0
asian-championships-2026	Senior Men -54kg	R16	107	YENSEGENOV Yerkebulan	KAZ	QIAN Jiacai	CHN	PTF	2:0
asian-championships-2026	Senior Men -54kg	R16	108	RAZMIAN Mehdi	IRI	HIDAYAT TUMAKAKA Aziz	INA	PTF	2:0
asian-championships-2026	Senior Men -54kg	R16	206	ALDAOUD Ja'afar	JOR	TAECHARATTANAWIBOON Thanat	THA	PTF	2:0
asian-championships-2026	Senior Men -54kg	R16	207	BARBOSA Kurt bryan	PHI	MUNKHBAYAR Enkhdul	MGL	PTF	2:0
asian-championships-2026	Senior Men -54kg	R16	208	KHAN Shahzaib	PAK	ZHANG Shengchen	CHN	PTF	2:0
asian-championships-2026	Senior Men -54kg	R16	306	LEE Donggun	KOR	NGUYEN Hong trong	VIE	PTF	2:0
asian-championships-2026	Senior Men -54kg	R16	307	VALIZADEH AFROOZI Yasin	IRI	ALMUSHRAF Abdullah essa a	KSA	PTF	2:0
asian-championships-2026	Senior Men -54kg	R16	308	KHUDAYBERDIEV Jakhongir	UZB	RAHIMI Ihasam	AFG	PTF	2:0
asian-championships-2026	Senior Men -54kg	QF	116	YENSEGENOV Yerkebulan	KAZ	BARBOSA Kurt bryan	PHI	PTG	
asian-championships-2026	Senior Men -54kg	QF	216	VALIZADEH AFROOZI Yasin	IRI	RAZMIAN Mehdi	IRI	PTF	2:0
asian-championships-2026	Senior Men -54kg	QF	315	ALDAOUD Ja'afar	JOR	LEE Donggun	KOR	PTF	2:0
asian-championships-2026	Senior Men -54kg	QF	316	KHUDAYBERDIEV Jakhongir	UZB	KHAN Shahzaib	PAK	PTF	2:0
asian-championships-2026	Senior Men -54kg	SF	121	ALDAOUD Ja'afar	JOR	YENSEGENOV Yerkebulan	KAZ	PTF	2:1
asian-championships-2026	Senior Men -54kg	SF	221	VALIZADEH AFROOZI Yasin	IRI	KHUDAYBERDIEV Jakhongir	UZB	PTF	2:0
asian-championships-2026	Senior Men -54kg	F	224	ALDAOUD Ja'afar	JOR	VALIZADEH AFROOZI Yasin	IRI	PTF	2:0
asian-championships-2026	Senior Men -58kg	R32	101	MOHAMED Ali	UAE	BIST Sumit	NEP	PTF	2:1
asian-championships-2026	Senior Men -58kg	R32	102	OTAJONOV Omonjon	UZB	VONG Man fai	MAC	PTF	2:0
asian-championships-2026	Senior Men -58kg	R32	103	YONDONJAMTS Purevdash	MGL	AWADALLAH Mohamed	QAT	PTF	2:0
asian-championships-2026	Senior Men -58kg	R32	104	SAMIDINOV Nurkhan	KGZ	AYNAGA Aljen	PHI	PTF	2:0
asian-championships-2026	Senior Men -58kg	R32	105	CHENG Kai	CHN	CERILIO Do rego cruz lein	TLS	PTF	2:0
asian-championships-2026	Senior Men -58kg	R32	201	YOUSIF Mahmoud bassam	JOR	YOUDETH Sam	CAM	PTF	2:0
asian-championships-2026	Senior Men -58kg	R32	202	HAMDI Riad nasser a	KSA	NAWROZI Azad big	AFG	PTF	2:0
asian-championships-2026	Senior Men -58kg	R32	203	CHIOK Chun yin	HKG	AL-ZADJALI Fahad	OMA	PTF	2:0
asian-championships-2026	Senior Men -58kg	R32	204	KIM Jongmyeong	KOR	ABDULKHALQ Hussein mansor	IRQ	PTF	2:0
asian-championships-2026	Senior Men -58kg	R32	205	DINH Cong khoa	VIE	ANATORE Lokadevan	MAS	PTF	2:0
asian-championships-2026	Senior Men -58kg	R32	301	SHUHRATZOD Loikjoni	TJK	ISLAMOV Zhavokhirkhon	KAZ	PTF	2:0
asian-championships-2026	Senior Men -58kg	R32	302	SIDDIQUE Abubakar	PAK	TOMURA Taichi	JPN	PTF	2:0
asian-championships-2026	Senior Men -58kg	R32	303	WAHID Abdul	IND	HUANG Cho-cheng	TPE	PTF	2:0
asian-championships-2026	Senior Men -58kg	R32	304	MAHAMAD Sirawit	THA	MUHD IMAN SAFWAN Muhd hizami amrin	BRU	PTF	2:0
asian-championships-2026	Senior Men -58kg	R32	305	YANG Huichan	KOR	STEWART Danny ali	INA	PTF	2:0
asian-championships-2026	Senior Men -58kg	R16	109	OTAJONOV Omonjon	UZB	HAMDI Riad nasser a	KSA	PTF	2:0
asian-championships-2026	Senior Men -58kg	R16	110	KIM Jongmyeong	KOR	SAMIDINOV Nurkhan	KGZ	PTF	2:0
asian-championships-2026	Senior Men -58kg	R16	208	ZANDI Abolfazl	IRI	MOHAMED Ali	UAE	PTF	2:0
asian-championships-2026	Senior Men -58kg	R16	209	YONDONJAMTS Purevdash	MGL	SIDDIQUE Abubakar	PAK	PTF	2:1
asian-championships-2026	Senior Men -58kg	R16	210	MAHAMAD Sirawit	THA	CHENG Kai	CHN	RSC	2:0
asian-championships-2026	Senior Men -58kg	R16	308	YOUSIF Mahmoud bassam	JOR	SHUHRATZOD Loikjoni	TJK	PTF	2:0
asian-championships-2026	Senior Men -58kg	R16	309	WAHID Abdul	IND	CHIOK Chun yin	HKG	RSC	2:0
asian-championships-2026	Senior Men -58kg	R16	310	YANG Huichan	KOR	DINH Cong khoa	VIE	PTF	2:0
asian-championships-2026	Senior Men -58kg	QF	119	KIM Jongmyeong	KOR	WAHID Abdul	IND	PTF	2:1
asian-championships-2026	Senior Men -58kg	QF	218	ZANDI Abolfazl	IRI	YOUSIF Mahmoud bassam	JOR	RSC	2:0
asian-championships-2026	Senior Men -58kg	QF	219	YANG Huichan	KOR	MAHAMAD Sirawit	THA	PTF	2:0
asian-championships-2026	Senior Men -58kg	QF	318	OTAJONOV Omonjon	UZB	YONDONJAMTS Purevdash	MGL	PTF	2:0
asian-championships-2026	Senior Men -58kg	SF	124	YANG Huichan	KOR	KIM Jongmyeong	KOR	PTF	2:0
asian-championships-2026	Senior Men -58kg	SF	323	ZANDI Abolfazl	IRI	OTAJONOV Omonjon	UZB	PTF	2:0
asian-championships-2026	Senior Men -58kg	F	226	ZANDI Abolfazl	IRI	YANG Huichan	KOR	PTF	2:0
asian-championships-2026	Senior Men -63kg	R32	101	ALTYBAEV Aidin	KGZ	ARBAZ KHAN Muhammad	PAK	PTF	2:0
asian-championships-2026	Senior Men -63kg	R32	102	PAN Kuei-an	TPE	BHARAT Arun raj ram	MAS	PTF	2:0
asian-championships-2026	Senior Men -63kg	R32	103	ASADA Shoki	JPN	TRAN Trinh Trong	VIE	PTF	2:0
asian-championships-2026	Senior Men -63kg	R32	201	LUSTADO Mythaious angelous	PHI	CHAN Kin fung	HKG	PTF	2:0
asian-championships-2026	Senior Men -63kg	R32	202	KOUDSI Raphael	LBN	AL WAHAIBI Shabib salim suwaid	OMA	PTF	2:0
asian-championships-2026	Senior Men -63kg	R32	203	ALZUWAIN ALMHEIRI Abdelaziz	UAE	AL-HAMEEDAWI Aiham mahdi	IRQ	PTF	2:0
asian-championships-2026	Senior Men -63kg	R32	301	DOLGIEV Akramat	KAZ	SUNAR Sahil	NEP	PTF	2:1
asian-championships-2026	Senior Men -63kg	R32	302	HUANG Kefen	CHN	LAMPHAO Nithikorn	THA	PTF	2:0
asian-championships-2026	Senior Men -63kg	R16	105	JANG Jun	KOR	ALTYBAEV Aidin	KGZ	PTF	2:0
asian-championships-2026	Senior Men -63kg	R16	106	PAN Kuei-an	TPE	TUMNIIMAGNAI Temuulen	MGL	PTF	2:0
asian-championships-2026	Senior Men -63kg	R16	107	RAIHAN Muhammad bassam	INA	ASADA Shoki	JPN	PTF	2:0
asian-championships-2026	Senior Men -63kg	R16	205	LIANG Yushuai	CHN	LUSTADO Mythaious angelous	PHI	PTF	2:0
asian-championships-2026	Senior Men -63kg	R16	206	HAJIMOUSAEI Mahdi	IRI	KOUDSI Raphael	LBN	PTF	2:0
asian-championships-2026	Senior Men -63kg	R16	207	ABABAKIROV Samirkhon	KAZ	ALZUWAIN ALMHEIRI Abdelaziz	UAE	PTF	2:0
asian-championships-2026	Senior Men -63kg	R16	305	NAZAROV Nazarali	UZB	DOLGIEV Akramat	KAZ	PTF	2:1
asian-championships-2026	Senior Men -63kg	R16	306	HUANG Kefen	CHN	SINGH Nitesh	IND	PTF	2:1
asian-championships-2026	Senior Men -63kg	QF	116	HAJIMOUSAEI Mahdi	IRI	HUANG Kefen	CHN	PTF	2:0
asian-championships-2026	Senior Men -63kg	QF	215	JANG Jun	KOR	LIANG Yushuai	CHN	PTF	2:1
asian-championships-2026	Senior Men -63kg	QF	216	ABABAKIROV Samirkhon	KAZ	RAIHAN Muhammad bassam	INA	PTF	2:0
asian-championships-2026	Senior Men -63kg	QF	315	NAZAROV Nazarali	UZB	PAN Kuei-an	TPE	PTF	2:1
asian-championships-2026	Senior Men -63kg	SF	121	HAJIMOUSAEI Mahdi	IRI	ABABAKIROV Samirkhon	KAZ	PTF	2:0
asian-championships-2026	Senior Men -63kg	SF	320	JANG Jun	KOR	NAZAROV Nazarali	UZB	PTF	2:0
asian-championships-2026	Senior Men -63kg	F	223	HAJIMOUSAEI Mahdi	IRI	JANG Jun	KOR	PTF	2:0
asian-championships-2026	Senior Men -68kg	R32	101	RAHNAMA KHANGHAH Amirabbas	IRI	MOHD AFRIZAN Putera arsyad danish	MAS	PTF	2:0
asian-championships-2026	Senior Men -68kg	R32	102	MAITHIL Bhumesh kumar	IND	AL HABSI Ammar	OMA	PTF	2:0
asian-championships-2026	Senior Men -68kg	R32	201	FUANGNOI Thanapoom	THA	BUENAVIDES Kenneth riley	PHI	PTF	2:0
asian-championships-2026	Senior Men -68kg	R32	202	IWAKI Kaito	JPN	LE Tuan	VIE	PTF	2:1
asian-championships-2026	Senior Men -68kg	R32	301	PALANGAFKAN Mohammad hasan	IRI	DYIKANBAEV Ramazan	KGZ	PTF	2:0
asian-championships-2026	Senior Men -68kg	R32	302	ORYNBEK Sultanbek	KAZ	ALDOSERI Abdulla	BRN	PTF	2:0
asian-championships-2026	Senior Men -68kg	R16	108	TUKHLIBOEV Diyorbek	UZB	FUANGNOI Thanapoom	THA	PTF	2:1
asian-championships-2026	Senior Men -68kg	R16	109	HSU Hao-yu	TPE	IWAKI Kaito	JPN	PTF	2:0
asian-championships-2026	Senior Men -68kg	R16	207	TUBTIMDANG Banlung	THA	RAHNAMA KHANGHAH Amirabbas	IRI	PTF	2:0
asian-championships-2026	Senior Men -68kg	R16	208	PALANGAFKAN Mohammad hasan	IRI	GANTULGA Enkhbayar	MGL	PTF	2:0
asian-championships-2026	Senior Men -68kg	R16	209	LO Wai fung	HKG	ZAIN Hikmatullah	AFG	PTF	2:0
asian-championships-2026	Senior Men -68kg	R16	307	CHEN Yufan	CHN	DIAO Lixingjun	CHN	PTF	2:0
asian-championships-2026	Senior Men -68kg	R16	308	MUN Jinho	KOR	MAITHIL Bhumesh kumar	IND	PTF	2:0
asian-championships-2026	Senior Men -68kg	R16	309	KAREEM Zaid	JOR	ORYNBEK Sultanbek	KAZ	PTF	2:0
asian-championships-2026	Senior Men -68kg	QF	118	CHEN Yufan	CHN	TUBTIMDANG Banlung	THA	PTF	2:1
asian-championships-2026	Senior Men -68kg	QF	119	KAREEM Zaid	JOR	LO Wai fung	HKG	PTF	2:0
asian-championships-2026	Senior Men -68kg	QF	218	TUKHLIBOEV Diyorbek	UZB	PALANGAFKAN Mohammad hasan	IRI	PTF	2:0
asian-championships-2026	Senior Men -68kg	QF	318	MUN Jinho	KOR	HSU Hao-yu	TPE	PTF	2:1
asian-championships-2026	Senior Men -68kg	SF	223	TUKHLIBOEV Diyorbek	UZB	CHEN Yufan	CHN	PTF	2:0
asian-championships-2026	Senior Men -68kg	SF	323	MUN Jinho	KOR	KAREEM Zaid	JOR	PTF	2:0
asian-championships-2026	Senior Men -68kg	F	226	MUN Jinho	KOR	TUKHLIBOEV Diyorbek	UZB	PTF	2:0
asian-championships-2026	Senior Men -74kg	R32	106	CAI Yu-hao	TPE	AL-SINANI Omar	OMA	PTF	2:0
asian-championships-2026	Senior Men -74kg	R16	111	KOSIMKHOJIEV Najmiddin	UZB	CAI Yu-hao	TPE	PTF	2:0
asian-championships-2026	Senior Men -74kg	R16	112	CAI Zhaoxun	CHN	LAM Ka Hei Tank	HKG	PTF	2:0
asian-championships-2026	Senior Men -74kg	R16	113	HAMEDI Tareg ali m	KSA	CEA Dave	PHI	PTF	2:0
asian-championships-2026	Senior Men -74kg	R16	211	KANG Jaegwon	KOR	PHROMPATJU Kri ayot	THA	PTF	2:0
asian-championships-2026	Senior Men -74kg	R16	212	KATOH Takato	JPN	ALASSAF Mohammad Yaser	JOR	PTF	2:0
asian-championships-2026	Senior Men -74kg	R16	213	BAKHTIARI Amir sina	IRI	PHAM Dang quang	VIE	PTF	2:0
asian-championships-2026	Senior Men -74kg	R16	311	ZEINALI Radin	IRI	SEO Kang-eun	KOR	PTF	2:0
asian-championships-2026	Senior Men -74kg	R16	312	BIRIMBAY Eldar	KAZ	SINGH Rahul	IND	PTF	2:0
asian-championships-2026	Senior Men -74kg	QF	120	CAI Zhaoxun	CHN	ZEINALI Radin	IRI	PTF	2:0
asian-championships-2026	Senior Men -74kg	QF	220	BIRIMBAY Eldar	KAZ	KATOH Takato	JPN	PTF	2:0
asian-championships-2026	Senior Men -74kg	QF	319	KOSIMKHOJIEV Najmiddin	UZB	KANG Jaegwon	KOR	PTF	2:1
asian-championships-2026	Senior Men -74kg	QF	320	BAKHTIARI Amir sina	IRI	HAMEDI Tareg ali m	KSA	PTF	2:0
asian-championships-2026	Senior Men -74kg	SF	224	CAI Zhaoxun	CHN	KOSIMKHOJIEV Najmiddin	UZB	PTF	2:0
asian-championships-2026	Senior Men -74kg	SF	324	BAKHTIARI Amir sina	IRI	BIRIMBAY Eldar	KAZ	PTF	2:0
asian-championships-2026	Senior Men -74kg	F	227	BAKHTIARI Amir sina	IRI	CAI Zhaoxun	CHN	PTF	2:0
asian-championships-2026	Senior Men -80kg	R32	103	MITHONA VA	CAM	CASTILLO Nicolas	PHI	PTF	2:1
asian-championships-2026	Senior Men -80kg	R32	104	ASLANBEK Fazylov	TJK	SHUKRAN Mohammad ashraf	AFG	PTF	2:0
asian-championships-2026	Senior Men -80kg	R32	203	HOODA Akshay	IND	ARYSTANBEKOV Atay	KGZ	PTF	2:0
asian-championships-2026	Senior Men -80kg	R32	303	MUZAFFAROV Mironshokhmirzo	UZB	NGUYEN Huu Viet	VIE	PTF	2:0
asian-championships-2026	Senior Men -80kg	R16	110	SEO Geon-woo	KOR	MITHONA VA	CAM	PTF	2:0
asian-championships-2026	Senior Men -80kg	R16	111	TOLEUGALI Batyrkhan	KAZ	HOODA Akshay	IND	PTF	2:0
asian-championships-2026	Senior Men -80kg	R16	112	RAIHAN FADHILA Mhd	INA	BARAL Abhishek	NEP	PTF	2:0
asian-championships-2026	Senior Men -80kg	R16	210	GANIYEV Mergen	KAZ	JUNSANG Park	KOR	PTF	2:0
asian-championships-2026	Senior Men -80kg	R16	211	MUZAFFAROV Mironshokhmirzo	UZB	XIANG Qizhang	CHN	PTF	2:0
asian-championships-2026	Senior Men -80kg	R16	212	JAYSUNOV Jasurbek	UZB	ASLANBEK Fazylov	TJK	PTF	2:0
asian-championships-2026	Senior Men -80kg	R16	310	SADEGHIAN ABBASALI KESHI Amir reza	IRI	HUNG Jiun-yi	TPE	PTF	2:0
asian-championships-2026	Senior Men -80kg	R16	311	ALADARBI Mohammad	JOR	SAEJO Thanathorn	THA	PTF	2:0
asian-championships-2026	Senior Men -80kg	QF	120	ALADARBI Mohammad	JOR	MUZAFFAROV Mironshokhmirzo	UZB	PTF	2:1
asian-championships-2026	Senior Men -80kg	QF	219	SEO Geon-woo	KOR	GANIYEV Mergen	KAZ	PTF	2:0
asian-championships-2026	Senior Men -80kg	QF	220	JAYSUNOV Jasurbek	UZB	RAIHAN FADHILA Mhd	INA	PTF	2:0
asian-championships-2026	Senior Men -80kg	QF	319	SADEGHIAN ABBASALI KESHI Amir reza	IRI	TOLEUGALI Batyrkhan	KAZ	PTF	2:0
asian-championships-2026	Senior Men -80kg	SF	124	SEO Geon-woo	KOR	SADEGHIAN ABBASALI KESHI Amir reza	IRI	PTF	2:1
asian-championships-2026	Senior Men -80kg	SF	224	JAYSUNOV Jasurbek	UZB	ALADARBI Mohammad	JOR	PTF	2:0
asian-championships-2026	Senior Men -80kg	F	227	SEO Geon-woo	KOR	JAYSUNOV Jasurbek	UZB	PTF	2:0
asian-championships-2026	Senior Men -87kg	R16	108	MERCER Jack woody	THA	ALKHAIBARI Ali mabruk s	KSA	PTF	2:0
asian-championships-2026	Senior Men -87kg	R16	109	MENG Mingkuan	CHN	KARIMBOEV Shokhjakhon	UZB	PTF	2:0
asian-championships-2026	Senior Men -87kg	R16	208	CHEN Liang-hsi	TPE	TRAN Ho nhan van	VIE	PTF	2:0
asian-championships-2026	Senior Men -87kg	R16	209	ZUBER Muhammad syafiq	MAS	NURGAZIN Meiir	KAZ	PTF	2:1
asian-championships-2026	Senior Men -87kg	R16	307	PARK Woo hyeok	KOR	AHMADI Ali	IRI	PTF	2:0
asian-championships-2026	Senior Men -87kg	R16	308	YAZDANI Mohammad hossein	IRI	SAHAK Omid	AFG	PTF	2:0
asian-championships-2026	Senior Men -87kg	R16	309	ZHURABOEV Yodgorbek	UZB	SINGH Manjeet	IND	PTF	2:0
asian-championships-2026	Senior Men -87kg	QF	117	CHEN Liang-hsi	TPE	MERCER Jack woody	THA	PTF	2:0
asian-championships-2026	Senior Men -87kg	QF	217	MENG Mingkuan	CHN	YAZDANI Mohammad hossein	IRI	PTF	2:0
asian-championships-2026	Senior Men -87kg	QF	316	PARK Woo hyeok	KOR	ELSHARABATY Saleh	JOR	PTF	2:1
asian-championships-2026	Senior Men -87kg	QF	317	ZHURABOEV Yodgorbek	UZB	ZUBER Muhammad syafiq	MAS	PTF	2:0
asian-championships-2026	Senior Men -87kg	SF	221	PARK Woo hyeok	KOR	CHEN Liang-hsi	TPE	RSC	2:0
asian-championships-2026	Senior Men -87kg	SF	321	ZHURABOEV Yodgorbek	UZB	MENG Mingkuan	CHN	PTF	2:0
asian-championships-2026	Senior Men -87kg	F	224	PARK Woo hyeok	KOR	ZHURABOEV Yodgorbek	UZB	PTF	2:0
asian-championships-2026	Senior Men +87kg	R32	204	ALI MOHAMMED Mohammed	BRN	AL HAJRI Mohammed rashid	OMA	PTF	2:0
asian-championships-2026	Senior Men +87kg	R16	109	KANG Sanghyun	KOR	ALI MOHAMMED Mohammed	BRN	PTF	2:0
asian-championships-2026	Senior Men +87kg	R16	110	SUHAIMI Muhammad luqman haqim	MAS	BAT-ERDENE Belgutei	MGL	PTF	2:0
asian-championships-2026	Senior Men +87kg	R16	111	TANG Hao	CHN	SAEED Hamzah omar	PAK	PTF	2:0
asian-championships-2026	Senior Men +87kg	R16	209	YIN Yushuai	CHN	AMIRI Ali akbar	AFG	PTF	2:0
asian-championships-2026	Senior Men +87kg	R16	210	MAVLONOV Marat	UZB	WANGDI Nima	BHU	PTF	2:0
asian-championships-2026	Senior Men +87kg	R16	211	KABLAN Beibarys	KAZ	SHODMONOV Khudoynazar	UZB	PTF	2:1
asian-championships-2026	Senior Men +87kg	R16	309	SALIMI Arian	IRI	ABDURAKHIMOV Abdylazym	KGZ	PTF	2:0
asian-championships-2026	Senior Men +87kg	R16	310	HUANG Yu-jen	TPE	KATKAR Shrinidhi deepak	IND	PTF	2:0
asian-championships-2026	Senior Men +87kg	QF	117	KANG Sanghyun	KOR	YIN Yushuai	CHN	PTF	
asian-championships-2026	Senior Men +87kg	QF	118	TANG Hao	CHN	KABLAN Beibarys	KAZ	PTF	2:0
asian-championships-2026	Senior Men +87kg	QF	217	SALIMI Arian	IRI	SUHAIMI Muhammad luqman haqim	MAS	PTF	2:0
asian-championships-2026	Senior Men +87kg	QF	317	MAVLONOV Marat	UZB	HUANG Yu-jen	TPE	PTF	2:1
asian-championships-2026	Senior Men +87kg	SF	122	MAVLONOV Marat	UZB	TANG Hao	CHN	PTF	2:0
asian-championships-2026	Senior Men +87kg	SF	321	SALIMI Arian	IRI	KANG Sanghyun	KOR	PTF	2:0
asian-championships-2026	Senior Men +87kg	F	225	SALIMI Arian	IRI	MAVLONOV Marat	UZB	PTF	2:1
asian-championships-2026	Senior Women -46kg	R32	105	NGUYEN Thi Mai	VIE	OJHA Tulip	IND	PTF	2:0
asian-championships-2026	Senior Women -46kg	R32	106	OSHIMA Karen	JPN	TENG Cezann	SGP	PTF	2:1
asian-championships-2026	Senior Women -46kg	R32	205	DA COSTA DA SILVA PINTO BELO Ana	TLS	MIRBEKOVA Albina	KGZ	PTF	2:0
asian-championships-2026	Senior Women -46kg	R32	304	RANJBAR Masoumeh	IRI	SHIN Su-in	KOR	PTF	2:0
asian-championships-2026	Senior Women -46kg	R32	305	HAMZEH Layan	JOR	AL-HINAI Umaima harib	OMA	PTF	2:0
asian-championships-2026	Senior Women -46kg	R16	112	SARZA Clarence	PHI	LAU Tsz wan	HKG	PTF	2:0
asian-championships-2026	Senior Women -46kg	R16	113	KUMARTAYEVA Aidana	KAZ	HAMZEH Layan	JOR	PTF	2:1
asian-championships-2026	Senior Women -46kg	R16	114	HUANG Ying hsuan	TPE	OSHIMA Karen	JPN	PTF	
asian-championships-2026	Senior Women -46kg	R16	212	POOLKERD Patcharakan	THA	NGUYEN Thi Mai	VIE	PTF	2:1
asian-championships-2026	Senior Women -46kg	R16	213	LEE Yumin	KOR	RAI Santoshi	NEP	PTF	2:0
asian-championships-2026	Senior Women -46kg	R16	311	WANG Shiyi	CHN	RANJBAR Masoumeh	IRI	PTF	2:0
asian-championships-2026	Senior Women -46kg	R16	312	DA COSTA DA SILVA PINTO BELO Ana	TLS	BAT-ERDENE Nomin	MGL	PTF	2:1
asian-championships-2026	Senior Women -46kg	R16	313	WANG Chieh-ling	TPE	SHONIYOZOVA Madina	UZB	PTF	2:0
asian-championships-2026	Senior Women -46kg	QF	119	LEE Yumin	KOR	KUMARTAYEVA Aidana	KAZ	PTF	2:0
asian-championships-2026	Senior Women -46kg	QF	218	SARZA Clarence	PHI	WANG Shiyi	CHN	PTF	2:0
asian-championships-2026	Senior Women -46kg	QF	219	WANG Chieh-ling	TPE	HUANG Ying hsuan	TPE	PTF	2:0
asian-championships-2026	Senior Women -46kg	QF	318	POOLKERD Patcharakan	THA	DA COSTA DA SILVA PINTO BELO Ana	TLS	PTF	2:0
asian-championships-2026	Senior Women -46kg	SF	222	POOLKERD Patcharakan	THA	SARZA Clarence	PHI	PTF	2:0
asian-championships-2026	Senior Women -46kg	SF	322	WANG Chieh-ling	TPE	LEE Yumin	KOR	PTF	2:0
asian-championships-2026	Senior Women -46kg	F	226	WANG Chieh-ling	TPE	POOLKERD Patcharakan	THA	PTF	2:0
asian-championships-2026	Senior Women -49kg	R32	107	ABDULLAH Azeen yousef m	KSA	ZAHRAA KHAWAR Fateemaah tuz	PAK	PTF	2:1
asian-championships-2026	Senior Women -49kg	R32	108	KRY Lyden	CAM	CRUZ LEIN Teresa s. do r.	TLS	PTF	2:0
asian-championships-2026	Senior Women -49kg	R32	206	JONGKOLRATTANAWATTANA Chu kan	THA	TAN Nichelle	SGP	PTF	2:0
asian-championships-2026	Senior Women -49kg	R32	207	KALAWADH Fatema	BRN	SHAILOOBEKOVA Nailia	KGZ	PTF	2:1
asian-championships-2026	Senior Women -49kg	R32	306	ISHAK Nadia aina syazwani	MAS	GAIRE Soniya	NEP	PTF	2:0
asian-championships-2026	Senior Women -49kg	R32	307	NGUYEN Thi Loan	VIE	KAKADIYA Twisha	IND	PTF	2:0
asian-championships-2026	Senior Women -49kg	R16	114	OKAMOTO Ruka	JPN	LAM Siu wai	HKG	PTF	2:0
asian-championships-2026	Senior Women -49kg	R16	115	KIM Hyang-gi	KOR	KALAWADH Fatema	BRN	PTF	2:0
asian-championships-2026	Senior Women -49kg	R16	116	MA Jingyue	CHN	KRY Lyden	CAM	PTF	2:0
asian-championships-2026	Senior Women -49kg	R16	214	FU Xiaolu	CHN	ISHAK Nadia aina syazwani	MAS	PTF	2:0
asian-championships-2026	Senior Women -49kg	R16	215	NGUYEN Thi Loan	VIE	AKHMEDOVA Nodira	KAZ	PTF	2:1
asian-championships-2026	Senior Women -49kg	R16	313	LIU You-yun	TPE	JONGKOLRATTANAWATTANA Chu kan	THA	PTF	2:1
asian-championships-2026	Senior Women -49kg	R16	314	BAT-ERDENE Uchral	MGL	ABDULLAH Azeen yousef m	KSA	PTF	2:0
asian-championships-2026	Senior Women -49kg	R16	315	MOMENZADEH Mahla	IRI	MANGIN Tachiana keizha	PHI	PTF	2:1
asian-championships-2026	Senior Women -49kg	QF	121	LIU You-yun	TPE	OKAMOTO Ruka	JPN	PTF	2:0
asian-championships-2026	Senior Women -49kg	QF	122	MA Jingyue	CHN	MOMENZADEH Mahla	IRI	RSC	2:0
asian-championships-2026	Senior Women -49kg	QF	221	FU Xiaolu	CHN	BAT-ERDENE Uchral	MGL	PTF	2:0
asian-championships-2026	Senior Women -49kg	QF	321	KIM Hyang-gi	KOR	NGUYEN Thi Loan	VIE	PTF	2:1
asian-championships-2026	Senior Women -49kg	SF	125	LIU You-yun	TPE	FU Xiaolu	CHN	PTF	2:1
asian-championships-2026	Senior Women -49kg	SF	225	KIM Hyang-gi	KOR	MA Jingyue	CHN	PTF	2:0
asian-championships-2026	Senior Women -49kg	F	228	KIM Hyang-gi	KOR	LIU You-yun	TPE	PTF	2:0
asian-championships-2026	Senior Women -53kg	R32	104	MORAMAT Panbua	THA	KATHAYAT Gita	NEP	PTF	2:0
asian-championships-2026	Senior Women -53kg	R32	303	NGUYEN Yen Nhi	VIE	SO Yuen ng	HKG	PTF	2:0
asian-championships-2026	Senior Women -53kg	R16	110	ABUTALEB Dunya ali m	KSA	NGUYEN Yen Nhi	VIE	PTF	2:0
asian-championships-2026	Senior Women -53kg	R16	111	BATTSEREN Munkhjin	MGL	JIANG Yi-shan	TPE	PTF	2:0
asian-championships-2026	Senior Women -53kg	R16	112	SEO Yeowon	KOR	KARAJANOVA Aziza	KAZ	RSC	1:0
asian-championships-2026	Senior Women -53kg	R16	210	SUNDETBAY Aidana	KAZ	ZAYNIDDINOVA Laylo	UZB	PTF	2:0
asian-championships-2026	Senior Women -53kg	R16	211	WANG Xiaolu	CHN	MOHD FIRDAUS Norumar	MAS	PTF	2:0
asian-championships-2026	Senior Women -53kg	R16	212	NEMATZADEH Mobina	IRI	MORAMAT Panbua	THA	PTF	2:0
asian-championships-2026	Senior Women -53kg	R16	310	MALIK Kashish	IND	KATOH Yuzuho	JPN	PTF	2:0
asian-championships-2026	Senior Women -53kg	R16	311	ZUO JU	CHN	CANABAL Baby jessica	PHI	PTF	2:0
asian-championships-2026	Senior Women -53kg	QF	118	ABUTALEB Dunya ali m	KSA	SUNDETBAY Aidana	KAZ	PTF	2:0
asian-championships-2026	Senior Women -53kg	QF	119	SEO Yeowon	KOR	NEMATZADEH Mobina	IRI	PTF	2:0
asian-championships-2026	Senior Women -53kg	QF	218	MALIK Kashish	IND	BATTSEREN Munkhjin	MGL	PTF	2:0
asian-championships-2026	Senior Women -53kg	QF	318	ZUO JU	CHN	WANG Xiaolu	CHN	PTF	2:1
asian-championships-2026	Senior Women -53kg	SF	122	ABUTALEB Dunya ali m	KSA	MALIK Kashish	IND	PTF	2:0
asian-championships-2026	Senior Women -53kg	SF	222	ZUO JU	CHN	SEO Yeowon	KOR	PTF	2:0
asian-championships-2026	Senior Women -53kg	F	225	ZUO JU	CHN	ABUTALEB Dunya ali m	KSA	PTF	2:1
asian-championships-2026	Senior Women -57kg	R32	105	KAZNABEK Togzhan	KAZ	ALSHUROOQI Hanan	BRN	PTF	2:0
asian-championships-2026	Senior Women -57kg	R32	106	THAKUR Aranaya	IND	UMUDINOVA Aruuke	KGZ	RSC	2:0
asian-championships-2026	Senior Women -57kg	R32	204	WASSANA Natkamon	THA	PHAM Ngoc Cham	VIE	PTF	2:0
asian-championships-2026	Senior Women -57kg	R32	205	MAM Julie	CAM	YANGZOM Sonam	BHU	PTF	2:0
asian-championships-2026	Senior Women -57kg	R32	206	DANGANAN Czarina mae	PHI	TSE Wing Chi	HKG	PTF	2:0
asian-championships-2026	Senior Women -57kg	R32	304	SHINKAWA Manami	JPN	LAMANDA Silvana	INA	PTF	2:1
asian-championships-2026	Senior Women -57kg	R32	305	ABDUVALIEVA Shabona	UZB	SHRESTHA Suvanghi	NEP	PTF	2:0
asian-championships-2026	Senior Women -57kg	R16	113	AOUN Lae a	LBN	ZHANG Chuling	CHN	PTF	2:1
asian-championships-2026	Senior Women -57kg	R16	114	LIN Wei-chun	TPE	MAM Julie	CAM	PTF	2:0
asian-championships-2026	Senior Women -57kg	R16	115	KHIRFAN Fadia	JOR	DANGANAN Czarina mae	PHI	PTF	2:0
asian-championships-2026	Senior Women -57kg	R16	213	MIRABZALOVA Madina	UZB	SHINKAWA Manami	JPN	PTF	2:0
asian-championships-2026	Senior Women -57kg	R16	214	KIM Gahyeon	KOR	ABDUVALIEVA Shabona	UZB	PTF	2:0
asian-championships-2026	Senior Women -57kg	R16	312	KIM Yu-jin	KOR	WASSANA Natkamon	THA	PTF	2:0
asian-championships-2026	Senior Women -57kg	R16	313	KAZNABEK Togzhan	KAZ	BATAA Zoljargal	MGL	PTF	2:0
asian-championships-2026	Senior Women -57kg	R16	314	KIYANICHANDEH Nahid	IRI	THAKUR Aranaya	IND	PTF	2:0
asian-championships-2026	Senior Women -57kg	QF	121	MIRABZALOVA Madina	UZB	KAZNABEK Togzhan	KAZ	PTF	2:1
asian-championships-2026	Senior Women -57kg	QF	221	LIN Wei-chun	TPE	KIM Gahyeon	KOR	PTF	2:0
asian-championships-2026	Senior Women -57kg	QF	320	KIM Yu-jin	KOR	AOUN Lae a	LBN	PTF	2:0
asian-championships-2026	Senior Women -57kg	QF	321	KIYANICHANDEH Nahid	IRI	KHIRFAN Fadia	JOR	PTF	2:1
asian-championships-2026	Senior Women -57kg	SF	125	KIYANICHANDEH Nahid	IRI	LIN Wei-chun	TPE	PTF	2:0
asian-championships-2026	Senior Women -57kg	SF	324	MIRABZALOVA Madina	UZB	KIM Yu-jin	KOR	PTF	2:1
asian-championships-2026	Senior Women -57kg	F	228	KIYANICHANDEH Nahid	IRI	MIRABZALOVA Madina	UZB	PTF	2:0
asian-championships-2026	Senior Women -62kg	R32	107	TRAN Thi anh tuyet	VIE	MALKAWI Hala	JOR	PTF	2:0
asian-championships-2026	Senior Women -62kg	R32	306	VALINEJAD Yalda	IRI	. Pooja	IND	RSC	2:0
asian-championships-2026	Senior Women -62kg	R16	116	LUO Zongshi	CHN	PATRATII Alesia	KGZ	PTF	2:0
asian-championships-2026	Senior Women -62kg	R16	117	AZIZOVA Diyorakhon	UZB	POETRI ISKANDAR Ingrid	SGP	PTF	2:0
asian-championships-2026	Senior Women -62kg	R16	215	VALINEJAD Yalda	IRI	TONGCHAN Sasikarn	THA	PTF	2:1
asian-championships-2026	Senior Women -62kg	R16	216	DAI Zongyuan	CHN	AIMUKASHEVA Kamila	KAZ	PTF	2:0
asian-championships-2026	Senior Women -62kg	R16	217	HO Cathy minly	HKG	YANGKEE Dorjee	BHU	PTF	2:1
asian-championships-2026	Senior Women -62kg	R16	315	KIM Yun-yeong	KOR	ALLOGANI Amna	UAE	PTF	2:0
asian-championships-2026	Senior Women -62kg	R16	316	LEE Gaeun	KOR	BRIONES Jubilee	PHI	PTF	2:0
asian-championships-2026	Senior Women -62kg	R16	317	CHANG Jui-en	TPE	TRAN Thi anh tuyet	VIE	PTF	2:0
asian-championships-2026	Senior Women -62kg	QF	122	VALINEJAD Yalda	IRI	KIM Yun-yeong	KOR	PTF	2:0
asian-championships-2026	Senior Women -62kg	QF	123	CHANG Jui-en	TPE	HO Cathy minly	HKG	PTF	2:0
asian-championships-2026	Senior Women -62kg	QF	222	LUO Zongshi	CHN	DAI Zongyuan	CHN	PTF	2:0
asian-championships-2026	Senior Women -62kg	QF	322	LEE Gaeun	KOR	AZIZOVA Diyorakhon	UZB	PTF	2:0
asian-championships-2026	Senior Women -62kg	SF	225	LUO Zongshi	CHN	VALINEJAD Yalda	IRI	PTF	2:1
asian-championships-2026	Senior Women -62kg	SF	325	CHANG Jui-en	TPE	LEE Gaeun	KOR	PTF	2:0
asian-championships-2026	Senior Women -62kg	F	229	CHANG Jui-en	TPE	LUO Zongshi	CHN	PTF	2:1
asian-championships-2026	Senior Women -67kg	R32	204	BOHRA Priyanshi	IND	NGUYEN Thi My Dung	VIE	PTF	2:1
asian-championships-2026	Senior Women -67kg	R32	304	SULAIMANOVA Tamiris	KGZ	LAM Tsz Ching	HKG	PTF	2:0
asian-championships-2026	Senior Women -67kg	R16	113	WANG Wei-chia	TPE	DELO Laila	PHI	PTF	2:0
asian-championships-2026	Senior Women -67kg	R16	114	XING Jiani	CHN	FATHI Fereshteh	IRI	PTF	2:1
asian-championships-2026	Senior Women -67kg	R16	115	SOBIRJONOVA Ozoda	UZB	SULAIMANOVA Tamiris	KGZ	PTF	2:0
asian-championships-2026	Senior Women -67kg	R16	213	ALRAWASHDEH Razan mohammed	JOR	ASKAR Ayaulym	KAZ	PTF	2:0
asian-championships-2026	Senior Women -67kg	R16	214	MORADI SHEIKHLAR Saghar	IRI	CHAREEWAN Piyachatrutai	THA	PTF	2:0
asian-championships-2026	Senior Women -67kg	R16	312	KWAK Minju	KOR	BOHRA Priyanshi	IND	PTF	2:0
asian-championships-2026	Senior Women -67kg	R16	313	GANZORIG Enkhchimeg	MGL	JALLAB Sara	BRN	PTF	2:0
asian-championships-2026	Senior Women -67kg	R16	314	KHAYITOVA Sevinch	UZB	FATNASSI Maram	QAT	PTF	2:0
asian-championships-2026	Senior Women -67kg	QF	120	XING Jiani	CHN	MORADI SHEIKHLAR Saghar	IRI	PTF	2:0
asian-championships-2026	Senior Women -67kg	QF	219	KWAK Minju	KOR	WANG Wei-chia	TPE	PTF	2:0
asian-championships-2026	Senior Women -67kg	QF	220	SOBIRJONOVA Ozoda	UZB	KHAYITOVA Sevinch	UZB	PTF	2:0
asian-championships-2026	Senior Women -67kg	QF	319	ALRAWASHDEH Razan mohammed	JOR	GANZORIG Enkhchimeg	MGL	PTF	2:0
asian-championships-2026	Senior Women -67kg	SF	123	SOBIRJONOVA Ozoda	UZB	XING Jiani	CHN	PTF	2:1
asian-championships-2026	Senior Women -67kg	SF	322	KWAK Minju	KOR	ALRAWASHDEH Razan mohammed	JOR	PTF	2:0
asian-championships-2026	Senior Women -67kg	F	226	SOBIRJONOVA Ozoda	UZB	KWAK Minju	KOR	PTF	2:0
asian-championships-2026	Senior Women -73kg	R16	117	HONG Hyo rim	KOR	YOON Do Hee	KOR	PTF	2:0
asian-championships-2026	Senior Women -73kg	R16	118	XIAO Shunan	CHN	CHUENCHOOKLIN Kannaluck	THA	PTF	2:1
asian-championships-2026	Senior Women -73kg	R16	216	BAC Thi khiem	VIE	CHANG Chiao min	TPE	PTF	2:0
asian-championships-2026	Senior Women -73kg	R16	217	TURLIBEKOVA Jasmina	UZB	SABER Dunya bushuaib a	KSA	PTF	2:1
asian-championships-2026	Senior Women -73kg	R16	316	SONG Jie	CHN	NEMATI Baran	IRI	PTF	2:1
asian-championships-2026	Senior Women -73kg	R16	317	DAS E sha	IND	CHEUNG Ho yan	HKG	PTF	2:0
asian-championships-2026	Senior Women -73kg	QF	123	DAS E sha	IND	TURLIBEKOVA Jasmina	UZB	PTF	2:0
asian-championships-2026	Senior Women -73kg	QF	222	MAKHMUTOVA Nazym	KAZ	BAC Thi khiem	VIE	PTF	2:0
asian-championships-2026	Senior Women -73kg	QF	223	XIAO Shunan	CHN	ABO-ALRUB Rama	JOR	PTF	2:1
asian-championships-2026	Senior Women -73kg	QF	322	SONG Jie	CHN	HONG Hyo rim	KOR	PTF	2:1
asian-championships-2026	Senior Women -73kg	SF	126	XIAO Shunan	CHN	DAS E sha	IND	PTF	2:0
asian-championships-2026	Senior Women -73kg	SF	325	SONG Jie	CHN	MAKHMUTOVA Nazym	KAZ	PTF	2:1
asian-championships-2026	Senior Women -73kg	F	229	XIAO Shunan	CHN	SONG Jie	CHN	PTF	2:0
asian-championships-2026	Senior Women +73kg	R16	115	LIN Yi-chen	TPE	MOHAMMED Noor nazar	QAT	PTF	2:0
asian-championships-2026	Senior Women +73kg	R16	214	AHMADI Fatemeh	IRI	YERKASSIMOVA Axaule	KAZ	SUP	
asian-championships-2026	Senior Women +73kg	R16	215	MIRTADJIEVA Iroda	UZB	TRAN Nguyen anh ngan	VIE	PTF	2:0
asian-championships-2026	Senior Women +73kg	R16	314	YADAV Jyo	IND	ALDOSERI Ola	BRN	PTF	2:0
asian-championships-2026	Senior Women +73kg	QF	120	ZHOU Zeqi	CHN	YADAV Jyo	IND	PTF	2:0
asian-championships-2026	Senior Women +73kg	QF	220	SONG Da bin	KOR	LIN Yi-chen	TPE	PTF	2:0
asian-championships-2026	Senior Women +73kg	QF	319	OSIPOVA Svetlana	UZB	AHMADI Fatemeh	IRI	PTF	2:0
asian-championships-2026	Senior Women +73kg	QF	320	XU Lei	CHN	MIRTADJIEVA Iroda	UZB	PTF	2:1
asian-championships-2026	Senior Women +73kg	SF	123	OSIPOVA Svetlana	UZB	ZHOU Zeqi	CHN	PTF	2:0
asian-championships-2026	Senior Women +73kg	SF	223	SONG Da bin	KOR	XU Lei	CHN	PTF	2:1
asian-championships-2026	Senior Women +73kg	F	227	OSIPOVA Svetlana	UZB	SONG Da bin	KOR	PTF	2:0
luxembourg-open-2026	Senior Men -54kg	R16	601	BALYEMEZ Yakup ali	GER	LABONG Finn	GBR	PTF	2:1
luxembourg-open-2026	Senior Men -54kg	R16	602	ALKHALDI Musaad ali j	KSA	THONG Thavann	GER	PTF	2:0
luxembourg-open-2026	Senior Men -54kg	R16	603	CHANG Tony	FRA	ALBANI Thomas	SMR	PTF	2:0
luxembourg-open-2026	Senior Men -54kg	QF	609	GILLIARD GONCALVES Matheus	BRA	BALYEMEZ Yakup ali	GER	PTF	2:0
luxembourg-open-2026	Senior Men -54kg	QF	610	BOUKARNIA Hamza	FRA	DUBAR Armaan	NED	PTF	2:0
luxembourg-open-2026	Senior Men -54kg	QF	611	DIAWARA Abdoul aziz aboubacar	GUI	ALKHALDI Musaad ali j	KSA	PTF	2:0
luxembourg-open-2026	Senior Men -54kg	QF	612	CONTI Andrea	ITA	CHANG Tony	FRA	PTF	2:0
luxembourg-open-2026	Senior Men -54kg	SF	619	GILLIARD GONCALVES Matheus	BRA	BOUKARNIA Hamza	FRA	PTF	2:0
luxembourg-open-2026	Senior Men -54kg	SF	620	DIAWARA Abdoul aziz aboubacar	GUI	CONTI Andrea	ITA	PTF	2:0
luxembourg-open-2026	Senior Men -54kg	F	330	GILLIARD GONCALVES Matheus	BRA	DIAWARA Abdoul aziz aboubacar	GUI	PTF	2:0
luxembourg-open-2026	Senior Men -58kg	R32	301	LY Aaron	FRA	PIRROTTINA Mattia	SUI	PTF	2:1
luxembourg-open-2026	Senior Men -58kg	R32	302	NUNES FERREIRA Tiago	POR	SERHALAY Jeremiah	NED	PTF	2:0
luxembourg-open-2026	Senior Men -58kg	R32	303	OZKEN Alkan	GER	TENTONI Achille	SMR	PTF	2:0
luxembourg-open-2026	Senior Men -58kg	R32	304	REDING Alan je	LUX	GARCIA Angel  jesus	SUI	PTF	2:0
luxembourg-open-2026	Senior Men -58kg	R16	305	TESKERA Josip	CRO	LY Aaron	FRA	PTF	2:0
luxembourg-open-2026	Senior Men -58kg	R16	306	ELIA Luigi antonio	ITA	AMATI Federico	SMR	PTF	2:0
luxembourg-open-2026	Senior Men -58kg	R16	307	GUARDIOLA Eliot	FRA	NIKZAD Ahmed wassem	GER	WDR	
luxembourg-open-2026	Senior Men -58kg	R16	308	NUNES FERREIRA Tiago	POR	MEHLMANN Daniel	GER	PTF	2:0
luxembourg-open-2026	Senior Men -58kg	R16	309	BOUKARNIA Amine	FRA	OZKEN Alkan	GER	PTF	2:0
luxembourg-open-2026	Senior Men -58kg	R16	310	TORRE Elia	ITA	PIZZO Andrea ramzi	ITA	PTF	2:0
luxembourg-open-2026	Senior Men -58kg	R16	311	AMELHAYI Mehdi	FRA	PASTORE Riccardo	ITA	PTF	2:0
luxembourg-open-2026	Senior Men -58kg	R16	312	CAMUA Benjamin	AUS	REDING Alan je	LUX	PTF	2:0
luxembourg-open-2026	Senior Men -58kg	QF	314	ELIA Luigi antonio	ITA	TESKERA Josip	CRO	PTF	2:0
luxembourg-open-2026	Senior Men -58kg	QF	315	GUARDIOLA Eliot	FRA	NUNES FERREIRA Tiago	POR	PTF	2:0
luxembourg-open-2026	Senior Men -58kg	QF	316	BOUKARNIA Amine	FRA	TORRE Elia	ITA	PTF	2:0
luxembourg-open-2026	Senior Men -58kg	QF	317	CAMUA Benjamin	AUS	AMELHAYI Mehdi	FRA	PTF	2:1
luxembourg-open-2026	Senior Men -58kg	SF	320	GUARDIOLA Eliot	FRA	ELIA Luigi antonio	ITA	PTF	2:0
luxembourg-open-2026	Senior Men -58kg	SF	321	BOUKARNIA Amine	FRA	CAMUA Benjamin	AUS	PTF	2:0
luxembourg-open-2026	Senior Men -58kg	F	730	BOUKARNIA Amine	FRA	GUARDIOLA Eliot	FRA	PTF	2:0
luxembourg-open-2026	Senior Men -63kg	R32	201	JADOUEZADEH Abbas	LUX	LIGEON--TSVETOUKHINE Soia	FRA	PTF	2:0
luxembourg-open-2026	Senior Men -63kg	R32	202	GUMUS Feyyaz	GER	CASELLA Oscar	SUI	PTF	2:0
luxembourg-open-2026	Senior Men -63kg	R32	203	MEMETI Dionis	SUI	MIGONI Edoardo	ITA	PTF	2:1
luxembourg-open-2026	Senior Men -63kg	R32	204	SHADY Noah	GER	SCHOENMAKERS Shymano	NED	PTF	2:0
luxembourg-open-2026	Senior Men -63kg	R32	205	AKRICH Adam	GBR	WILKIN Gabriel eric v	BEL	PTF	2:0
luxembourg-open-2026	Senior Men -63kg	R32	206	YOOSOMSRI Nontawat	GER	OTHMAN Yassine	BEL	PTF	2:0
luxembourg-open-2026	Senior Men -63kg	R32	207	ZARIFEH Marc	LBN	AKHLAGI Mohammad asif	SUI	PTF	2:0
luxembourg-open-2026	Senior Men -63kg	R32	208	HUY Ethan	FRA	PAGLIARA Matteo	ITA	PTF	2:0
luxembourg-open-2026	Senior Men -63kg	R32	209	GOURSOT Lenny	FRA	GUREL Enes ali	GER	PTF	2:0
luxembourg-open-2026	Senior Men -63kg	R16	210	BOURGEOIS Owen	FRA	JADOUEZADEH Abbas	LUX	PTF	2:0
luxembourg-open-2026	Senior Men -63kg	R16	211	GUMUS Feyyaz	GER	MEMETI Dionis	SUI	PTF	2:0
luxembourg-open-2026	Senior Men -63kg	R16	212	AGAPOV Dmytriy	POR	SHADY Noah	GER	PTF	2:0
luxembourg-open-2026	Senior Men -63kg	R16	213	KHAVARI Mahdi	TRT	AKRICH Adam	GBR	PTF	2:0
luxembourg-open-2026	Senior Men -63kg	R16	214	LUCERNA Luca	ITA	YOOSOMSRI Nontawat	GER	PTF	2:1
luxembourg-open-2026	Senior Men -63kg	R16	215	REKIK Adam	FRA	ZARIFEH Marc	LBN	PTF	2:1
luxembourg-open-2026	Senior Men -63kg	R16	216	COULIBALY YAMEOGO Fadeby	LUX	HUY Ethan	FRA	PTF	2:0
luxembourg-open-2026	Senior Men -63kg	R16	217	TOMAS GONZALEZ Lois	ESP	GOURSOT Lenny	FRA	PTF	2:0
luxembourg-open-2026	Senior Men -63kg	QF	122.1	REKIK Adam	FRA	LUCERNA Luca	ITA	PTF	2:1
luxembourg-open-2026	Senior Men -63kg	QF	218	GUMUS Feyyaz	GER	BOURGEOIS Owen	FRA	PTF	2:0
luxembourg-open-2026	Senior Men -63kg	QF	219	KHAVARI Mahdi	TRT	AGAPOV Dmytriy	POR	PTF	2:0
luxembourg-open-2026	Senior Men -63kg	QF	221	COULIBALY YAMEOGO Fadeby	LUX	TOMAS GONZALEZ Lois	ESP	PTF	2:1
luxembourg-open-2026	Senior Men -63kg	SF	222	GUMUS Feyyaz	GER	KHAVARI Mahdi	TRT	PTF	2:1
luxembourg-open-2026	Senior Men -63kg	SF	223	REKIK Adam	FRA	COULIBALY YAMEOGO Fadeby	LUX	PTF	2:1
luxembourg-open-2026	Senior Men -63kg	F	331	GUMUS Feyyaz	GER	REKIK Adam	FRA	WDR	1:0
luxembourg-open-2026	Senior Men -68kg	R32	501	DIFILIPPO Christian	ITA	PARAMO COBAS Alejandro	ESP	PTF	2:0
luxembourg-open-2026	Senior Men -68kg	R32	502	OGUZ Julian	NOR	ALAMI Elias	GER	PTF	2:1
luxembourg-open-2026	Senior Men -68kg	R32	503	KARAM Elyas	BEL	PITTAU Niccolo	ITA	PTF	2:1
luxembourg-open-2026	Senior Men -68kg	R16	504	COULIBALY Sekou	LUX	DIFILIPPO Christian	ITA	PTF	2:0
luxembourg-open-2026	Senior Men -68kg	R16	505	HARRISON Ben	GBR	ANDARABI Habil	GER	PTF	2:0
luxembourg-open-2026	Senior Men -68kg	R16	506	AL GHOTANY Yahya	TRT	KHAKSAR Shahram	GER	PTF	2:0
luxembourg-open-2026	Senior Men -68kg	R16	507	CAVUSMAN Aslan eymen	GER	STURESGAARD Marius	NOR	PTF	2:0
luxembourg-open-2026	Senior Men -68kg	R16	508	VAN VULPEN Jesse	NED	OGUZ Julian	NOR	PTF	2:0
luxembourg-open-2026	Senior Men -68kg	R16	509	ZARIFEH Peter	LBN	VAN LIMPT Joep	NED	PTF	2:0
luxembourg-open-2026	Senior Men -68kg	R16	510	BOURHALLA Nour	SUI	APPIAH Francis	GBR	PTF	2:1
luxembourg-open-2026	Senior Men -68kg	R16	511	ZEHETNER Felix	AUT	KARAM Elyas	BEL	PTF	2:0
luxembourg-open-2026	Senior Men -68kg	QF	515	COULIBALY Sekou	LUX	HARRISON Ben	GBR	PTF	2:0
luxembourg-open-2026	Senior Men -68kg	QF	516	AL GHOTANY Yahya	TRT	CAVUSMAN Aslan eymen	GER	PTF	2:0
luxembourg-open-2026	Senior Men -68kg	QF	517	VAN VULPEN Jesse	NED	ZARIFEH Peter	LBN	PTF	2:0
luxembourg-open-2026	Senior Men -68kg	QF	518	ZEHETNER Felix	AUT	BOURHALLA Nour	SUI	PTF	2:0
luxembourg-open-2026	Senior Men -68kg	SF	521	COULIBALY Sekou	LUX	AL GHOTANY Yahya	TRT	PTF	2:0
luxembourg-open-2026	Senior Men -68kg	SF	522	VAN VULPEN Jesse	NED	ZEHETNER Felix	AUT	PTF	2:0
luxembourg-open-2026	Senior Men -68kg	F	731	COULIBALY Sekou	LUX	VAN VULPEN Jesse	NED	WDR	
luxembourg-open-2026	Senior Men -74kg	R32	401	WEIDUM Dion	NED	VIRYCH Vladyslav	BEL	PTF	2:0
luxembourg-open-2026	Senior Men -74kg	R16	404	WEIDUM Dion	NED	MORADI Erfan	TRT	PTF	2:0
luxembourg-open-2026	Senior Men -74kg	R16	405	TAYLOR Rayvaughn	GBR	GRAYSON-CADOGAN Abdallah	GBR	PTF	2:0
luxembourg-open-2026	Senior Men -74kg	R16	406	HAKOBYAN Hrach	GER	SKJOLBERG Sebastian	NOR	PTF	2:0
luxembourg-open-2026	Senior Men -74kg	R16	407	FOFANA Seydou	MLI	CARTWRIGHT Max	GBR	PTF	2:0
luxembourg-open-2026	Senior Men -74kg	R16	408	BILGIN Efe	GER	TVEITEVAG Fredrik	NOR	PTF	2:0
luxembourg-open-2026	Senior Men -74kg	R16	409	VAN DER MEER Sjoerd	NED	ILZE Ronahi	GER	PTF	2:0
luxembourg-open-2026	Senior Men -74kg	R16	410	ABBASI Ali reza	TRT	MANUKJAN Moses	GER	PTF	2:0
luxembourg-open-2026	Senior Men -74kg	R16	411	MOHAMMAD Ahmad	GER	MAKOYAN Chero	BEL	PTF	2:0
luxembourg-open-2026	Senior Men -74kg	QF	416	WEIDUM Dion	NED	TAYLOR Rayvaughn	GBR	PTF	2:1
luxembourg-open-2026	Senior Men -74kg	QF	417	FOFANA Seydou	MLI	HAKOBYAN Hrach	GER	PTF	2:0
luxembourg-open-2026	Senior Men -74kg	QF	418	BILGIN Efe	GER	VAN DER MEER Sjoerd	NED	RSC	2:0
luxembourg-open-2026	Senior Men -74kg	QF	419	ABBASI Ali reza	TRT	MOHAMMAD Ahmad	GER	PTF	2:0
luxembourg-open-2026	Senior Men -74kg	SF	422	WEIDUM Dion	NED	FOFANA Seydou	MLI	PTF	2:0
luxembourg-open-2026	Senior Men -74kg	SF	423	ABBASI Ali reza	TRT	BILGIN Efe	GER	PTF	2:1
luxembourg-open-2026	Senior Men -74kg	F	332	ABBASI Ali reza	TRT	WEIDUM Dion	NED	PTF	2:0
luxembourg-open-2026	Senior Men -80kg	R16	701	EL HAJ KHALIL Mohamad	GER	FERAD Alpay	NED	PTF	2:0
luxembourg-open-2026	Senior Men -80kg	R16	702	ZOUROS KARDATOS Konstantinos	GRE	STAVROPOULOS Theoharys	GBR	PTF	2:0
luxembourg-open-2026	Senior Men -80kg	R16	703	BLAZEVSKI Filip	MKD	NYGAARD Emil	NOR	PTF	2:0
luxembourg-open-2026	Senior Men -80kg	R16	704	CAMMAERTS Andes	BEL	CORAZZA Lukas	AUT	PTF	2:0
luxembourg-open-2026	Senior Men -80kg	QF	709	ROBLETO David	NCA	EL HAJ KHALIL Mohamad	GER	PTF	2:0
luxembourg-open-2026	Senior Men -80kg	QF	710	ZOUROS KARDATOS Konstantinos	GRE	PETTERSEN Jonas	NOR	PTF	2:0
luxembourg-open-2026	Senior Men -80kg	QF	711	BLAZEVSKI Filip	MKD	LANGRIDGE Christian	GBR	PTF	2:0
luxembourg-open-2026	Senior Men -80kg	QF	712	GUMUS Kaan	GER	CAMMAERTS Andes	BEL	PTF	2:0
luxembourg-open-2026	Senior Men -80kg	SF	717	ZOUROS KARDATOS Konstantinos	GRE	ROBLETO David	NCA	PTF	2:1
luxembourg-open-2026	Senior Men -80kg	SF	718	BLAZEVSKI Filip	MKD	GUMUS Kaan	GER	PTF	2:0
luxembourg-open-2026	Senior Men -80kg	F	732	BLAZEVSKI Filip	MKD	ZOUROS KARDATOS Konstantinos	GRE	PTF	2:1
luxembourg-open-2026	Senior Men -87kg	QF	416.1	HISENI Luan	GER	JURGENS Joshua noel	GER	PTF	2:1
luxembourg-open-2026	Senior Men -87kg	QF	513	SAWADOGO Faysal	BUR	CIPLAK Selim	GER	PTF	2:0
luxembourg-open-2026	Senior Men -87kg	QF	514	HOERMANN Vincent	GER	CLABAUX Thibaut	FRA	PTF	2:0
luxembourg-open-2026	Senior Men -87kg	SF	719.1	OBERHOFER Alexander	ITA	HISENI Luan	GER	PTF	2:0
luxembourg-open-2026	Senior Men -87kg	SF	719.2	SAWADOGO Faysal	BUR	HOERMANN Vincent	GER	PTF	2:0
luxembourg-open-2026	Senior Men -87kg	F	333	SAWADOGO Faysal	BUR	OBERHOFER Alexander	ITA	PTF	2:0
luxembourg-open-2026	Senior Men +87kg	QF	606	RAAD Charbel	LBN	SOULIMANI Ilir	SUI	PTF	2:0
luxembourg-open-2026	Senior Men +87kg	QF	607	DIABY Boubacar	MLI	VLADUT Razvan	BEL	PTF	2:0
luxembourg-open-2026	Senior Men +87kg	QF	608	NASO Marco	ITA	LAURENT Jonathan	MRN	PTF	2:0
luxembourg-open-2026	Senior Men +87kg	SF	617	GOMIS Paivou johnouario	GBS	RAAD Charbel	LBN	PTF	2:1
luxembourg-open-2026	Senior Men +87kg	SF	618	NASO Marco	ITA	DIABY Boubacar	MLI	PTF	2:1
luxembourg-open-2026	Senior Men +87kg	F	733	NASO Marco	ITA	GOMIS Paivou johnouario	GBS	PTF	2:0
luxembourg-open-2026	Senior Women -46kg	R16	402	PIREDDU Sara	ITA	GAUL Acelya	GER	PTF	2:1
luxembourg-open-2026	Senior Women -46kg	R16	403	LIU Alyssa	AUT	RAHIMI Omolbani	GER	RSC	2:0
luxembourg-open-2026	Senior Women -46kg	QF	412	OKAZAKI Hinata	JPN	PIREDDU Sara	ITA	PTF	2:0
luxembourg-open-2026	Senior Women -46kg	QF	413	ALKHAWAHR Rahmah abdulmanam a	KSA	OZKEN Aleyna	GER	PTF	2:1
luxembourg-open-2026	Senior Women -46kg	QF	414	DUNSMORE Lauren	GBR	TAMMILA Ida-elina	FIN	WDR	2:1
luxembourg-open-2026	Senior Women -46kg	QF	415	STURARI Alessia	ITA	LIU Alyssa	AUT	PTF	2:0
luxembourg-open-2026	Senior Women -46kg	SF	420	OKAZAKI Hinata	JPN	ALKHAWAHR Rahmah abdulmanam a	KSA	PTF	2:0
luxembourg-open-2026	Senior Women -46kg	SF	421	STURARI Alessia	ITA	DUNSMORE Lauren	GBR	PTF	2:0
luxembourg-open-2026	Senior Women -46kg	F	230	OKAZAKI Hinata	JPN	STURARI Alessia	ITA	PTF	2:0
luxembourg-open-2026	Senior Women -49kg	R16	101	CARRUS Giulia	ITA	CHATZIGEORGIOU Maria	GER	PTF	2:0
luxembourg-open-2026	Senior Women -49kg	R16	102	HOCKEY Maisie	GBR	HURTADO TAPIA Jireh	BOL	PTF	2:0
luxembourg-open-2026	Senior Women -49kg	R16	103	ASIMAKI Lamprini anna	GRE	NUR Fatimazahra	SOM	PTF	2:0
luxembourg-open-2026	Senior Women -49kg	QF	112	KRAJEWSKA Alicja	POL	CARRUS Giulia	ITA	RSC	1:0
luxembourg-open-2026	Senior Women -49kg	QF	113	KRAJEWSKA Nikola	POL	RAMO Jenna	FIN	PTF	2:0
luxembourg-open-2026	Senior Women -49kg	QF	114	MURAKAMI China	JPN	HOCKEY Maisie	GBR	PTF	2:0
luxembourg-open-2026	Senior Women -49kg	QF	115	MATA Maya	USA	ASIMAKI Lamprini anna	GRE	PTF	2:1
luxembourg-open-2026	Senior Women -49kg	SF	120	KRAJEWSKA Alicja	POL	KRAJEWSKA Nikola	POL	WDR	
luxembourg-open-2026	Senior Women -49kg	SF	121	MATA Maya	USA	MURAKAMI China	JPN	PTF	2:0
luxembourg-open-2026	Senior Women -49kg	F	630	MATA Maya	USA	KRAJEWSKA Alicja	POL	PTF	2:0
luxembourg-open-2026	Senior Women -53kg	R32	801	KORCHI Manal	SUI	JACOBSEN Mathea	NOR	PTF	2:0
luxembourg-open-2026	Senior Women -53kg	R16	804	KLAKALA Magdalini	GRE	KORCHI Manal	SUI	PTF	2:0
luxembourg-open-2026	Senior Women -53kg	R16	805	HOULLICH Sirine	BEL	HOY Lily	GBR	PTF	2:0
luxembourg-open-2026	Senior Women -53kg	R16	806	LEE Ruby	GBR	CURA Yezda	GER	PTF	2:1
luxembourg-open-2026	Senior Women -53kg	R16	807	KARIMI Nuria	AUT	WENIN Maya	ITA	PTF	2:0
luxembourg-open-2026	Senior Women -53kg	R16	808	BUTTARELLI Aurelie	FRA	BANCHIERO Costanza	ITA	PTF	2:0
luxembourg-open-2026	Senior Women -53kg	R16	809	APANAS Polina	NED	KAMANDI Dina	GER	PTF	2:0
luxembourg-open-2026	Senior Women -53kg	R16	810	STEENAERTS Fenne	BEL	SYLTHE Therese	NOR	PTF	2:0
luxembourg-open-2026	Senior Women -53kg	R16	811	MAKRYGIANNI Athina	GRE	HOCKEY Isabelle	GBR	PTF	2:0
luxembourg-open-2026	Senior Women -53kg	QF	816	KLAKALA Magdalini	GRE	HOULLICH Sirine	BEL	PTF	2:1
luxembourg-open-2026	Senior Women -53kg	QF	817	KARIMI Nuria	AUT	LEE Ruby	GBR	PTF	2:1
luxembourg-open-2026	Senior Women -53kg	QF	818	APANAS Polina	NED	BUTTARELLI Aurelie	FRA	PTF	2:0
luxembourg-open-2026	Senior Women -53kg	QF	819	MAKRYGIANNI Athina	GRE	STEENAERTS Fenne	BEL	PTF	2:0
luxembourg-open-2026	Senior Women -53kg	SF	822	KLAKALA Magdalini	GRE	KARIMI Nuria	AUT	PTF	2:1
luxembourg-open-2026	Senior Women -53kg	SF	823	MAKRYGIANNI Athina	GRE	APANAS Polina	NED	PTF	2:0
luxembourg-open-2026	Senior Women -53kg	F	231	MAKRYGIANNI Athina	GRE	KLAKALA Magdalini	GRE	PTF	2:1
luxembourg-open-2026	Senior Women -57kg	R16	104	SEVOSTYANOVA Mariya	KAZ	POLAT Ilay	GER	PTF	2:0
luxembourg-open-2026	Senior Women -57kg	R16	105	MAYER Leonie	GER	SELJENES Leona	NOR	PTF	2:0
luxembourg-open-2026	Senior Women -57kg	R16	106	BADJI Serina	BEL	MOUCH Sara	NED	PTF	2:0
luxembourg-open-2026	Senior Women -57kg	R16	107	BANGURA Aisha	GER	FEIO Mafalda fortes	POR	PTF	2:0
luxembourg-open-2026	Senior Women -57kg	R16	108	ROVITHIS Anastasia	GER	MANSOURI Leyla	BEL	PTF	2:0
luxembourg-open-2026	Senior Women -57kg	R16	109	CAUSSE Estelle	FRA	LUCERNA Marta	ITA	PTF	2:0
luxembourg-open-2026	Senior Women -57kg	R16	110	STEINKUELER Frieda margarethe	GER	SUNDBY Marthine	NOR	PTF	2:0
luxembourg-open-2026	Senior Women -57kg	R16	111	NISHIDA Mao	JPN	HEINONEN Vilhelmiina	FIN	PTF	2:0
luxembourg-open-2026	Senior Women -57kg	QF	116	SEVOSTYANOVA Mariya	KAZ	MAYER Leonie	GER	PTF	2:0
luxembourg-open-2026	Senior Women -57kg	QF	117	BADJI Serina	BEL	BANGURA Aisha	GER	PTF	2:0
luxembourg-open-2026	Senior Women -57kg	QF	118	ROVITHIS Anastasia	GER	CAUSSE Estelle	FRA	PTF	2:0
luxembourg-open-2026	Senior Women -57kg	QF	119	NISHIDA Mao	JPN	STEINKUELER Frieda margarethe	GER	PTF	2:0
luxembourg-open-2026	Senior Women -57kg	SF	122	SEVOSTYANOVA Mariya	KAZ	BADJI Serina	BEL	PTF	2:1
luxembourg-open-2026	Senior Women -57kg	SF	123	NISHIDA Mao	JPN	ROVITHIS Anastasia	GER	PTF	2:0
luxembourg-open-2026	Senior Women -57kg	F	631	SEVOSTYANOVA Mariya	KAZ	NISHIDA Mao	JPN	PTF	2:1
luxembourg-open-2026	Senior Women -62kg	R16	705	TALHA Nouhayla	BEL	HIGNETT Elizabeth	GBR	PTF	2:0
luxembourg-open-2026	Senior Women -62kg	R16	706	MURRAY Kayla	IRL	OZER Binnur	GER	PTF	2:0
luxembourg-open-2026	Senior Women -62kg	R16	707	BETT Ava	GBR	KOENIGSECKER Valerie	AUT	PTF	2:0
luxembourg-open-2026	Senior Women -62kg	R16	708	TRAN Lily	NOR	BRILZ Emilia	GER	PTF	2:0
luxembourg-open-2026	Senior Women -62kg	QF	713	PRZYGODA Alina	GER	TALHA Nouhayla	BEL	PTF	2:0
luxembourg-open-2026	Senior Women -62kg	QF	714	BOUBACIR Madeenah	FRA	MURRAY Kayla	IRL	PTF	2:0
luxembourg-open-2026	Senior Women -62kg	QF	715	BETT Ava	GBR	BALCI Edanur	GER	PTF	2:0
luxembourg-open-2026	Senior Women -62kg	QF	716	BROMBERGER Lamprini	GRE	TRAN Lily	NOR	PTF	2:0
luxembourg-open-2026	Senior Women -62kg	SF	719	BOUBACIR Madeenah	FRA	PRZYGODA Alina	GER	PTF	2:0
luxembourg-open-2026	Senior Women -62kg	SF	720	BETT Ava	GBR	BROMBERGER Lamprini	GRE	PTF	2:1
luxembourg-open-2026	Senior Women -62kg	F	232	BOUBACIR Madeenah	FRA	BETT Ava	GBR	PTF	2:0
luxembourg-open-2026	Senior Women -67kg	R16	604	RIBAKOV Alexandra	GER	DE BOER Caitlin	NED	PTF	2:0
luxembourg-open-2026	Senior Women -67kg	R16	605	RELJIKJ Miljana	MKD	GIEFER Isabelle	GER	PTF	2:0
luxembourg-open-2026	Senior Women -67kg	QF	613	MACEDO Sandy	BRA	RIBAKOV Alexandra	GER	PTF	2:0
luxembourg-open-2026	Senior Women -67kg	QF	614	ERCKMANN Alina	GER	ETTAHRI Wissale	GER	PTF	2:1
luxembourg-open-2026	Senior Women -67kg	QF	716.1	EBNOUTALIB Soumaya	GER	INHULSEN Kendra	GER	PTF	2:0
luxembourg-open-2026	Senior Women -67kg	QF	716.2	RELJIKJ Miljana	MKD	FABER Isabelle	LUX	PTF	2:0
luxembourg-open-2026	Senior Women -67kg	SF	321.1	RELJIKJ Miljana	MKD	EBNOUTALIB Soumaya	GER	PTF	2:0
luxembourg-open-2026	Senior Women -67kg	SF	621	MACEDO Sandy	BRA	ERCKMANN Alina	GER	PTF	2:0
luxembourg-open-2026	Senior Women -67kg	F	632	MACEDO Sandy	BRA	RELJIKJ Miljana	MKD	PTF	2:0
luxembourg-open-2026	Senior Women -73kg	R16	802	VALENTINO Viviana	GER	HAMADACHE Emna	FRA	PTF	2:0
luxembourg-open-2026	Senior Women -73kg	R16	803	GEORGIEVSKA Anamarija	MKD	GEPPERT Julienne	GER	PTF	2:0
luxembourg-open-2026	Senior Women -73kg	QF	812	VALENTINO Viviana	GER	MACKAY Ruby	GBR	PTF	2:0
luxembourg-open-2026	Senior Women -73kg	QF	813	HADZIC Alema	GER	NEDIC Marlen sophie	GER	PTF	2:0
luxembourg-open-2026	Senior Women -73kg	QF	814	HUTZEN Hanna	GER	HELDNER Laura	SUI	PTF	2:0
luxembourg-open-2026	Senior Women -73kg	QF	815	HOERMANN Emily	GER	GEORGIEVSKA Anamarija	MKD	PTF	2:0
luxembourg-open-2026	Senior Women -73kg	SF	820	HADZIC Alema	GER	VALENTINO Viviana	GER	PTF	2:0
luxembourg-open-2026	Senior Women -73kg	SF	821	HOERMANN Emily	GER	HUTZEN Hanna	GER	PTF	2:0
luxembourg-open-2026	Senior Women -73kg	F	233	HADZIC Alema	GER	HOERMANN Emily	GER	PTF	2:1
luxembourg-open-2026	Senior Women +73kg	QF	313	HAUGEN Eliza frazier	NOR	KURKAC Ilayda	GER	PTF	2:0
luxembourg-open-2026	Senior Women +73kg	SF	318	HUSOVIC Esmeralda	GER	HAUGEN Eliza frazier	NOR	PTF	2:1
luxembourg-open-2026	Senior Women +73kg	SF	319	VROEGH Nielle	NED	RIVADULLA LORENZO Desiree	ESP	PTF	2:0
luxembourg-open-2026	Senior Women +73kg	F	633	HUSOVIC Esmeralda	GER	VROEGH Nielle	NED	PTF	2:1
presidents-cup-europe-2026	Senior Men -54kg	R32	401	JENDOUBI Ayoub	TUN	OTERO SOUSA Javier	ESP	PTF	2:0
presidents-cup-europe-2026	Senior Men -54kg	R32	402	KAZLOU Aliaksandr	BLR	REDING Alan je	LUX	PTF	2:0
presidents-cup-europe-2026	Senior Men -54kg	R32	403	OWEN Haddad	FRA	KODAMAN Seyit yasin	GER	PTF	2:0
presidents-cup-europe-2026	Senior Men -54kg	R32	404	AYAZ Hasan	TUR	DAVILA Adrian	ESP	PTF	2:0
presidents-cup-europe-2026	Senior Men -54kg	R32	604	LUCIANO Joaquin patrick	USA	BALYEMEZ Yakup ali	GER	PTF	2:0
presidents-cup-europe-2026	Senior Men -54kg	R32	605	SOKOLOWSKI Antoni	POL	ROSCA Artiom	MDA	PTF	2:0
presidents-cup-europe-2026	Senior Men -54kg	R32	606	SARSOZA Zack	GBR	GARCIA Noah	POR	PTF	2:0
presidents-cup-europe-2026	Senior Men -54kg	R32	607	YELALDI Kaan	TUR	THONG Thavann	GER	PTF	2:0
presidents-cup-europe-2026	Senior Men -54kg	R32	608	KAMKASOUMPHOU Aissa	FRA	MIAKHEL Arian	SWE	PTF	2:0
presidents-cup-europe-2026	Senior Men -54kg	R32	712	DIAWARA Abdoul aziz aboubacar	GUI	RICHTER Lenny rene	GER	PTF	2:0
presidents-cup-europe-2026	Senior Men -54kg	R32	713	KAZLOU Yahor	BLR	ASLAN Bedirhan	TUR	PTF	2:0
presidents-cup-europe-2026	Senior Men -54kg	R32	714	GRIMALDO Juan	VEN	KOUKOUSOUDIS Evangelos	GER	PTF	2:1
presidents-cup-europe-2026	Senior Men -54kg	R16	616	JENDOUBI Ayoub	TUN	KAZLOU Aliaksandr	BLR	PTF	2:1
presidents-cup-europe-2026	Senior Men -54kg	R16	617	ALESIO CAPOLINI Mathis	FRA	OWEN Haddad	FRA	PTF	2:0
presidents-cup-europe-2026	Senior Men -54kg	R16	618	AYAZ Hasan	TUR	PASHCOVSKY Tom	ISR	PTF	2:1
presidents-cup-europe-2026	Senior Men -54kg	R16	619	SOKOLOWSKI Antoni	POL	LUCIANO Joaquin patrick	USA	PTF	2:0
presidents-cup-europe-2026	Senior Men -54kg	R16	620	YELALDI Kaan	TUR	SARSOZA Zack	GBR	PTF	2:1
presidents-cup-europe-2026	Senior Men -54kg	R16	621	AGENJO TRIGOS Jairo	ESP	KAMKASOUMPHOU Aissa	FRA	PTF	2:0
presidents-cup-europe-2026	Senior Men -54kg	R16	723	GEORGIEV Hristiyan	BUL	GRIMALDO Juan	VEN	PTF	2:1
presidents-cup-europe-2026	Senior Men -54kg	R16	724	KAZLOU Yahor	BLR	DIAWARA Abdoul aziz aboubacar	GUI	PTF	2:0
presidents-cup-europe-2026	Senior Men -54kg	QF	626	ALESIO CAPOLINI Mathis	FRA	JENDOUBI Ayoub	TUN	PTF	2:1
presidents-cup-europe-2026	Senior Men -54kg	QF	627	SOKOLOWSKI Antoni	POL	AYAZ Hasan	TUR	PTF	2:0
presidents-cup-europe-2026	Senior Men -54kg	QF	628	AGENJO TRIGOS Jairo	ESP	YELALDI Kaan	TUR	PTF	2:0
presidents-cup-europe-2026	Senior Men -54kg	QF	729	GEORGIEV Hristiyan	BUL	KAZLOU Yahor	BLR	PTF	2:0
presidents-cup-europe-2026	Senior Men -54kg	SF	631	SOKOLOWSKI Antoni	POL	AGENJO TRIGOS Jairo	ESP	PTF	2:0
presidents-cup-europe-2026	Senior Men -54kg	SF	632	GEORGIEV Hristiyan	BUL	ALESIO CAPOLINI Mathis	FRA	PTF	2:0
presidents-cup-europe-2026	Senior Men -54kg	F	634	SOKOLOWSKI Antoni	POL	GEORGIEV Hristiyan	BUL	PTF	2:0
presidents-cup-europe-2026	Senior Men -58kg	R64	103	N'GAIDE Idriss	FRA	OZKEN Alkan	GER	PTF	2:0
presidents-cup-europe-2026	Senior Men -58kg	R64	104	BARASH Tomer	ISR	HAMI Muhammed	TRT	PTF	2:0
presidents-cup-europe-2026	Senior Men -58kg	R64	105	FANG Zheng	CHN	HADJICOSTI Prodromos angelos	CYP	PTF	2:0
presidents-cup-europe-2026	Senior Men -58kg	R64	106	MANSOUR Abraheem Maruwan	LBA	ELIA Luigi antonio	ITA	PTF	2:0
presidents-cup-europe-2026	Senior Men -58kg	R64	107	NIKZAD Ahmed wassem	GER	MISSOSSI BIENVENU Nzamba Nzamba	GAB	PTF	2:1
presidents-cup-europe-2026	Senior Men -58kg	R64	203	FINBURD Sean	ISR	ILIEV Aleksandar	BUL	PTF	2:0
presidents-cup-europe-2026	Senior Men -58kg	R64	204	CAMOGLU Furkan ubeyde	TUR	KOS Luka	SLO	PTF	2:0
presidents-cup-europe-2026	Senior Men -58kg	R64	205	FUENTES David	GUA	MAJCZYNA Bartosz	POL	PTF	2:1
presidents-cup-europe-2026	Senior Men -58kg	R64	206	DÍAZ Jhoel	VEN	DEDEGBE Nelson	FRA	PTF	2:0
presidents-cup-europe-2026	Senior Men -58kg	R64	207	QIAN Jiacai	CHN	ERBULUT Berke	TUR	PTF	2:0
presidents-cup-europe-2026	Senior Men -58kg	R32	113	PSARROS Aristeidis nikolaos	GRE	N'GAIDE Idriss	FRA	PTF	2:0
presidents-cup-europe-2026	Senior Men -58kg	R32	114	GELADZE Vitali	GEO	MAJCZYNA Karol	POL	PTF	2:1
presidents-cup-europe-2026	Senior Men -58kg	R32	115	CAMUA Benjamin	AUS	ESCOLAR PARRA Ivan	ESP	PTF	2:1
presidents-cup-europe-2026	Senior Men -58kg	R32	116	MOLJ Domen	SLO	BARASH Tomer	ISR	PTF	2:1
presidents-cup-europe-2026	Senior Men -58kg	R32	117	MOLLE Milan	NED	FANG Zheng	CHN	PTF	2:1
presidents-cup-europe-2026	Senior Men -58kg	R32	118	TESKERA Josip	CRO	MANSOUR Abraheem Maruwan	LBA	DSQ	
presidents-cup-europe-2026	Senior Men -58kg	R32	119	ABDEL HALIM Khaled	GER	DE DIOS JOSE Alex	ESP	PTF	2:0
presidents-cup-europe-2026	Senior Men -58kg	R32	120	GURTSIEV Georgii	BLR	NIKZAD Ahmed wassem	GER	PTF	2:0
presidents-cup-europe-2026	Senior Men -58kg	R32	212	MANENKOV Maksym	UKR	FINBURD Sean	ISR	PTF	2:0
presidents-cup-europe-2026	Senior Men -58kg	R32	213	SALIM Sharif gergely	HUN	MEHLMANN Daniel	GER	PTF	2:0
presidents-cup-europe-2026	Senior Men -58kg	R32	214	CAMOGLU Furkan ubeyde	TUR	VASILIC Todor	SRB	PTF	2:0
presidents-cup-europe-2026	Senior Men -58kg	R32	215	FRAILE Jesus	ESP	FUENTES David	GUA	PTF	2:0
presidents-cup-europe-2026	Senior Men -58kg	R32	216	DIMITROPOULOS Konstantinos	GRE	DÍAZ Jhoel	VEN	PTF	2:0
presidents-cup-europe-2026	Senior Men -58kg	R32	217	DJONKO Ibrahim	BIH	ISLAMOV Zhavokhirkhon	KAZ	PTF	2:1
presidents-cup-europe-2026	Senior Men -58kg	R32	218	KAPLAN Enes	TUR	IBRAHIM YAHUZA Aliyu	NGR	DSQ	
presidents-cup-europe-2026	Senior Men -58kg	R32	219	MELO Paulo	BRA	QIAN Jiacai	CHN	PTF	2:0
presidents-cup-europe-2026	Senior Men -58kg	R16	123	PSARROS Aristeidis nikolaos	GRE	GELADZE Vitali	GEO	DSQ	
presidents-cup-europe-2026	Senior Men -58kg	R16	124	MOLJ Domen	SLO	CAMUA Benjamin	AUS	PTF	2:0
presidents-cup-europe-2026	Senior Men -58kg	R16	125	MOLLE Milan	NED	TESKERA Josip	CRO	PTF	2:1
presidents-cup-europe-2026	Senior Men -58kg	R16	126	GURTSIEV Georgii	BLR	ABDEL HALIM Khaled	GER	PTF	2:0
presidents-cup-europe-2026	Senior Men -58kg	R16	222	SALIM Sharif gergely	HUN	MANENKOV Maksym	UKR	PTF	2:0
presidents-cup-europe-2026	Senior Men -58kg	R16	223	CAMOGLU Furkan ubeyde	TUR	FRAILE Jesus	ESP	PTF	2:0
presidents-cup-europe-2026	Senior Men -58kg	R16	224	DIMITROPOULOS Konstantinos	GRE	DJONKO Ibrahim	BIH	PTF	2:0
presidents-cup-europe-2026	Senior Men -58kg	R16	225	KAPLAN Enes	TUR	MELO Paulo	BRA	PTF	2:0
presidents-cup-europe-2026	Senior Men -58kg	QF	128	PSARROS Aristeidis nikolaos	GRE	MOLJ Domen	SLO	PTF	2:0
presidents-cup-europe-2026	Senior Men -58kg	QF	129	MOLLE Milan	NED	GURTSIEV Georgii	BLR	PTF	2:1
presidents-cup-europe-2026	Senior Men -58kg	QF	227	CAMOGLU Furkan ubeyde	TUR	SALIM Sharif gergely	HUN	PTF	2:0
presidents-cup-europe-2026	Senior Men -58kg	QF	228	KAPLAN Enes	TUR	DIMITROPOULOS Konstantinos	GRE	PTF	2:1
presidents-cup-europe-2026	Senior Men -58kg	SF	130	PSARROS Aristeidis nikolaos	GRE	MOLLE Milan	NED	PTF	2:0
presidents-cup-europe-2026	Senior Men -58kg	SF	230	KAPLAN Enes	TUR	CAMOGLU Furkan ubeyde	TUR	PTF	2:0
presidents-cup-europe-2026	Senior Men -58kg	F	131	KAPLAN Enes	TUR	PSARROS Aristeidis nikolaos	GRE	PTF	2:1
presidents-cup-europe-2026	Senior Men -63kg	R64	101	SOLTYSIAK Jakub	POL	MEHRABI FAR Amir ali	GER	PTF	2:0
presidents-cup-europe-2026	Senior Men -63kg	R64	102	KAYA Kaan Nusret	TUR	SADID Kaihan	DEN	WDR	1:1
presidents-cup-europe-2026	Senior Men -63kg	R64	201	SEMERCI Melih kerem	TUR	LIRA Victor augusto	BRA	PTF	2:1
presidents-cup-europe-2026	Senior Men -63kg	R64	202	TRIANTAFYLLOU Dimitrios	GRE	VOGEL Eric	GER	PTF	2:0
presidents-cup-europe-2026	Senior Men -63kg	R64	301	KARAMAN Taha Utkan	TUR	SIMPARA Youssouf	MLI	PTF	2:0
presidents-cup-europe-2026	Senior Men -63kg	R64	302	SALMI Adem	TUN	KOBYLINSKI Bartosz	POL	PTF	2:0
presidents-cup-europe-2026	Senior Men -63kg	R64	303	DALVA LATORRE Joel	ESP	GUREL Enes ali	GER	PTF	2:0
presidents-cup-europe-2026	Senior Men -63kg	R32	108	SALIM Omar gergely	HUN	SOLTYSIAK Jakub	POL	PTF	2:0
presidents-cup-europe-2026	Senior Men -63kg	R32	109	OTER Ibrahim	TUR	POLAT Gorkem	TUR	PTF	2:0
presidents-cup-europe-2026	Senior Men -63kg	R32	110	KLJAJIC Nikola	SRB	SAFARYN Piotr	POL	PTF	2:0
presidents-cup-europe-2026	Senior Men -63kg	R32	111	JULES Nathan	FRA	DORE Anthony	FRA	PTF	2:0
presidents-cup-europe-2026	Senior Men -63kg	R32	112	OZKAYA Imran	GER	KAYA Kaan Nusret	TUR	PTF	2:0
presidents-cup-europe-2026	Senior Men -63kg	R32	208	GUMUS Feyyaz	GER	FUNKENDORF Vladyslav	UKR	PTF	2:1
presidents-cup-europe-2026	Senior Men -63kg	R32	209	NACHEV Luboslav	BUL	PAPAZOGONOPOULOS Dimitrios Arist	GRE	PTF	2:0
presidents-cup-europe-2026	Senior Men -63kg	R32	210	AYDOGAN Hamza osman	TUR	SEMERCI Melih kerem	TUR	PTF	2:0
presidents-cup-europe-2026	Senior Men -63kg	R32	211	DAYIOGLU Omer faruk	TUR	TRIANTAFYLLOU Dimitrios	GRE	PTF	2:0
presidents-cup-europe-2026	Senior Men -63kg	R32	304	STRUGLINSKI Bartosz	POL	VUKOTIC Danilo	SRB	PTF	2:0
presidents-cup-europe-2026	Senior Men -63kg	R32	305	VAN LIMPT Joep	NED	BATHILY Sirre	FRA	PTF	2:0
presidents-cup-europe-2026	Senior Men -63kg	R32	306	BANDAREVICH Maksim	BLR	KARAMAN Taha Utkan	TUR	PTF	2:0
presidents-cup-europe-2026	Senior Men -63kg	R32	307	SALMI Adem	TUN	GRANADO Yohandri	VEN	PTF	2:0
presidents-cup-europe-2026	Senior Men -63kg	R32	308	PAPIEROWSKI Dominik	POL	HRISTOV Anton	BUL	PTF	2:0
presidents-cup-europe-2026	Senior Men -63kg	R32	309	FERNANDEZ AYARZA Nicolas	ESP	FLOURIS Iosif	CYP	PTF	2:0
presidents-cup-europe-2026	Senior Men -63kg	R32	310	VICENTE YUNTA Adrian	ESP	DALVA LATORRE Joel	ESP	PTF	2:0
presidents-cup-europe-2026	Senior Men -63kg	R16	121	SALIM Omar gergely	HUN	OTER Ibrahim	TUR	PTF	2:1
presidents-cup-europe-2026	Senior Men -63kg	R16	122	JULES Nathan	FRA	KLJAJIC Nikola	SRB	PTF	2:1
presidents-cup-europe-2026	Senior Men -63kg	R16	220	OZKAYA Imran	GER	GUMUS Feyyaz	GER	PTF	2:1
presidents-cup-europe-2026	Senior Men -63kg	R16	221	AYDOGAN Hamza osman	TUR	NACHEV Luboslav	BUL	PTF	2:0
presidents-cup-europe-2026	Senior Men -63kg	R16	316	STRUGLINSKI Bartosz	POL	DAYIOGLU Omer faruk	TUR	PTF	2:1
presidents-cup-europe-2026	Senior Men -63kg	R16	317	VAN LIMPT Joep	NED	BANDAREVICH Maksim	BLR	PTF	2:1
presidents-cup-europe-2026	Senior Men -63kg	R16	318	SALMI Adem	TUN	PAPIEROWSKI Dominik	POL	PTF	2:0
presidents-cup-europe-2026	Senior Men -63kg	R16	319	VICENTE YUNTA Adrian	ESP	FERNANDEZ AYARZA Nicolas	ESP	PTF	2:0
presidents-cup-europe-2026	Senior Men -63kg	QF	127	SALIM Omar gergely	HUN	JULES Nathan	FRA	PTF	2:0
presidents-cup-europe-2026	Senior Men -63kg	QF	226	AYDOGAN Hamza osman	TUR	OZKAYA Imran	GER	PTF	2:0
presidents-cup-europe-2026	Senior Men -63kg	QF	324	VAN LIMPT Joep	NED	STRUGLINSKI Bartosz	POL	PTF	2:1
presidents-cup-europe-2026	Senior Men -63kg	QF	325	VICENTE YUNTA Adrian	ESP	SALMI Adem	TUN	PTF	2:0
presidents-cup-europe-2026	Senior Men -63kg	SF	229	SALIM Omar gergely	HUN	AYDOGAN Hamza osman	TUR	PTF	2:1
presidents-cup-europe-2026	Senior Men -63kg	SF	328	VICENTE YUNTA Adrian	ESP	VAN LIMPT Joep	NED	PTF	2:0
presidents-cup-europe-2026	Senior Men -63kg	F	330	VICENTE YUNTA Adrian	ESP	SALIM Omar gergely	HUN	PTF	2:1
presidents-cup-europe-2026	Senior Men -68kg	R64	403	MEYER Leon	GER	FERREIRA Angelo	POR	PTF	2:1
presidents-cup-europe-2026	Senior Men -68kg	R64	404	NDIAYE Leopold	FRA	NESTOROVIĆ Vasilije	MNE	PTF	2:0
presidents-cup-europe-2026	Senior Men -68kg	R64	504	SUSILUOTO Otto	FIN	ANDARABI Habil	GER	PTF	2:0
presidents-cup-europe-2026	Senior Men -68kg	R32	410	JORQUERA CALA Joan	ESP	MEYER Leon	GER	PTF	2:0
presidents-cup-europe-2026	Senior Men -68kg	R32	411	BARETTA Dennis	ITA	AL GHOTANY Yahya	TRT	PTF	2:0
presidents-cup-europe-2026	Senior Men -68kg	R32	412	CAVUSMAN Emre	GER	COULIBALY Sekou	LUX	PTF	2:0
presidents-cup-europe-2026	Senior Men -68kg	R32	413	MANDIC Milos	SRB	CEYLAN Ahmet bogachan	TUR	PTF	2:1
presidents-cup-europe-2026	Senior Men -68kg	R32	414	ABAD EXPOSITO Iker	ESP	ADILOVIC Muhammed Fatih	TUR	PTF	2:0
presidents-cup-europe-2026	Senior Men -68kg	R32	415	ALAPHILIPPE Souleyman	FRA	JENDOUBI Mohamed khalil	TUN	PTF	2:1
presidents-cup-europe-2026	Senior Men -68kg	R32	416	VAN VULPEN Jesse	NED	NEYI Esrom	TRT	DSQ	
presidents-cup-europe-2026	Senior Men -68kg	R32	417	SALANOVA LISTE Adrian	ESP	SILVA Ricardo	POR	PTF	2:0
presidents-cup-europe-2026	Senior Men -68kg	R32	510	PANAGOPOULOS Apostolos	GRE	NDIAYE Leopold	FRA	PTF	2:0
presidents-cup-europe-2026	Senior Men -68kg	R32	511	KAVTARADZE Beka	GEO	CAVUSMAN Aslan eymen	GER	PTF	2:0
presidents-cup-europe-2026	Senior Men -68kg	R32	512	RECBER Hakan	TUR	MCINTOSH Jamie	GBR	PTF	2:0
presidents-cup-europe-2026	Senior Men -68kg	R32	513	MAKANJUOLA Tomi	GBR	DJONKO Muhamed	BIH	PTF	2:0
presidents-cup-europe-2026	Senior Men -68kg	R32	514	BONNA Baptiste	FRA	SPEIGHT Leo	ISL	PTF	2:0
presidents-cup-europe-2026	Senior Men -68kg	R32	515	DOS Guilherme	BRA	BOUJEMAI Fares	TUN	PTF	2:0
presidents-cup-europe-2026	Senior Men -68kg	R32	516	JOZSA Levente mark	HUN	KRIVISHKIY Nimrod	ISR	PTF	2:1
presidents-cup-europe-2026	Senior Men -68kg	R32	517	BYSTROV Volodymyr	UKR	SUSILUOTO Otto	FIN	PTF	2:0
presidents-cup-europe-2026	Senior Men -68kg	R16	422	BARETTA Dennis	ITA	JORQUERA CALA Joan	ESP	PTF	2:1
presidents-cup-europe-2026	Senior Men -68kg	R16	423	MANDIC Milos	SRB	CAVUSMAN Emre	GER	PTF	2:0
presidents-cup-europe-2026	Senior Men -68kg	R16	424	ALAPHILIPPE Souleyman	FRA	ABAD EXPOSITO Iker	ESP	PTF	2:0
presidents-cup-europe-2026	Senior Men -68kg	R16	425	SALANOVA LISTE Adrian	ESP	VAN VULPEN Jesse	NED	PTF	2:0
presidents-cup-europe-2026	Senior Men -68kg	R16	521	PANAGOPOULOS Apostolos	GRE	KAVTARADZE Beka	GEO	PTF	2:0
presidents-cup-europe-2026	Senior Men -68kg	R16	522	MAKANJUOLA Tomi	GBR	RECBER Hakan	TUR	PTF	2:0
presidents-cup-europe-2026	Senior Men -68kg	R16	523	DOS Guilherme	BRA	BONNA Baptiste	FRA	PTF	2:0
presidents-cup-europe-2026	Senior Men -68kg	R16	524	JOZSA Levente mark	HUN	BYSTROV Volodymyr	UKR	PTF	2:1
presidents-cup-europe-2026	Senior Men -68kg	QF	428	MANDIC Milos	SRB	BARETTA Dennis	ITA	PTF	2:0
presidents-cup-europe-2026	Senior Men -68kg	QF	429	ALAPHILIPPE Souleyman	FRA	SALANOVA LISTE Adrian	ESP	RSC	2:0
presidents-cup-europe-2026	Senior Men -68kg	QF	527	PANAGOPOULOS Apostolos	GRE	MAKANJUOLA Tomi	GBR	PTF	2:0
presidents-cup-europe-2026	Senior Men -68kg	QF	528	JOZSA Levente mark	HUN	DOS Guilherme	BRA	PTF	2:0
presidents-cup-europe-2026	Senior Men -68kg	SF	431	ALAPHILIPPE Souleyman	FRA	MANDIC Milos	SRB	PTF	2:0
presidents-cup-europe-2026	Senior Men -68kg	SF	530	PANAGOPOULOS Apostolos	GRE	JOZSA Levente mark	HUN	PTF	2:0
presidents-cup-europe-2026	Senior Men -68kg	F	532	ALAPHILIPPE Souleyman	FRA	PANAGOPOULOS Apostolos	GRE	PTF	2:0
presidents-cup-europe-2026	Senior Men -74kg	R64	401	HAKOBYAN Hrach	GER	LEFORT Jacques-albert	GER	PTF	2:0
presidents-cup-europe-2026	Senior Men -74kg	R64	402	DIAO Lixingjun	CHN	ABBASI Ali reza	TRT	PTF	2:0
presidents-cup-europe-2026	Senior Men -74kg	R64	501	EL HAJ KHALIL Mohamad	GER	DONMEZ Ege arda	TUR	PTF	2:0
presidents-cup-europe-2026	Senior Men -74kg	R64	502	HUSSEIN Ulat	GER	LONCAR Nikola	SRB	PTF	2:0
presidents-cup-europe-2026	Senior Men -74kg	R64	601	WEIDUM Dion	NED	MENDONCA Pedro	POR	PTF	2:0
presidents-cup-europe-2026	Senior Men -74kg	R32	606	JORGENSEN Otto	DEN	HAKOBYAN Hrach	GER	PTF	2:0
presidents-cup-europe-2026	Senior Men -74kg	R32	607	CEDRUN MARTINEZ Cesar	ESP	ALIAN Ali	SWE	PTF	2:0
presidents-cup-europe-2026	Senior Men -74kg	R32	608	POLAT Mehmet Kani	TUR	CARTWRIGHT Max	GBR	PTF	2:0
presidents-cup-europe-2026	Senior Men -74kg	R32	609	DUGAC Grga	CRO	GARCIA ALVAREZ Gabriel	ESP	PTF	2:1
presidents-cup-europe-2026	Senior Men -74kg	R32	610	DIAO Lixingjun	CHN	HUSIC Benjamin	BIH	PTF	2:0
presidents-cup-europe-2026	Senior Men -74kg	R32	611	KORSAK Mykhailo	UKR	GOGOBERIDZE Nika	GEO	PTF	2:1
presidents-cup-europe-2026	Senior Men -74kg	R32	612	KAVURAT Ferhat can	TUR	GARCIA KLAIL Pedro	ESP	PTF	2:1
presidents-cup-europe-2026	Senior Men -74kg	R32	613	SITTEK Tomas	CZE	WEIDUM Dion	NED	PTF	2:0
presidents-cup-europe-2026	Senior Men -74kg	R32	703	BURUSIC Marko	SRB	MOHAMMAD Ahmad	GER	PTF	2:0
presidents-cup-europe-2026	Senior Men -74kg	R32	704	STAMENOV Stefan	BUL	BILGIN Efe	GER	PTF	2:0
presidents-cup-europe-2026	Senior Men -74kg	R32	705	FLOUSKOUNIS Charalampos	GRE	EL HAJ KHALIL Mohamad	GER	PTF	2:1
presidents-cup-europe-2026	Senior Men -74kg	R32	706	VAN DER MEER Sjoerd	NED	GOLUBIC Marko	CRO	DSQ	
presidents-cup-europe-2026	Senior Men -74kg	R32	707	BECOVIC Zinedin	MNE	GUET Matteo	FRA	PTF	2:0
presidents-cup-europe-2026	Senior Men -74kg	R32	708	LUKIC Nikola	SRB	CUDNOCH Lukasz	POL	PTF	2:0
presidents-cup-europe-2026	Senior Men -74kg	R32	709	HAIDARI Milad	DEN	LOTT Liam	GER	PTF	2:0
presidents-cup-europe-2026	Senior Men -74kg	R32	710	TAKOV Stefan	SRB	HUSSEIN Ulat	GER	PTF	2:0
presidents-cup-europe-2026	Senior Men -74kg	R16	621	JORGENSEN Otto	DEN	CEDRUN MARTINEZ Cesar	ESP	PTF	2:0
presidents-cup-europe-2026	Senior Men -74kg	R16	622	DIAO Lixingjun	CHN	KORSAK Mykhailo	UKR	PTF	2:0
presidents-cup-europe-2026	Senior Men -74kg	R16	719	BURUSIC Marko	SRB	FLOUSKOUNIS Charalampos	GRE	PTF	2:1
presidents-cup-europe-2026	Senior Men -74kg	R16	720	STAMENOV Stefan	BUL	VAN DER MEER Sjoerd	NED	PTF	2:0
presidents-cup-europe-2026	Senior Men -74kg	R16	721	LUKIC Nikola	SRB	BECOVIC Zinedin	MNE	PTF	2:0
presidents-cup-europe-2026	Senior Men -74kg	R16	722	TAKOV Stefan	SRB	HAIDARI Milad	DEN	PTF	2:0
presidents-cup-europe-2026	Senior Men -74kg	R16	824	DUGAC Grga	CRO	POLAT Mehmet Kani	TUR	PTF	2:1
presidents-cup-europe-2026	Senior Men -74kg	R16	825	SITTEK Tomas	CZE	KAVURAT Ferhat can	TUR	PTF	2:0
presidents-cup-europe-2026	Senior Men -74kg	QF	627	DUGAC Grga	CRO	JORGENSEN Otto	DEN	PTF	2:1
presidents-cup-europe-2026	Senior Men -74kg	QF	628	DIAO Lixingjun	CHN	SITTEK Tomas	CZE	PTF	2:0
presidents-cup-europe-2026	Senior Men -74kg	QF	726	STAMENOV Stefan	BUL	BURUSIC Marko	SRB	PTF	2:0
presidents-cup-europe-2026	Senior Men -74kg	QF	727	TAKOV Stefan	SRB	LUKIC Nikola	SRB	PTF	2:0
presidents-cup-europe-2026	Senior Men -74kg	SF	631	DIAO Lixingjun	CHN	DUGAC Grga	CRO	PTF	2:1
presidents-cup-europe-2026	Senior Men -74kg	SF	729	STAMENOV Stefan	BUL	TAKOV Stefan	SRB	PTF	2:1
presidents-cup-europe-2026	Senior Men -74kg	F	731	DIAO Lixingjun	CHN	STAMENOV Stefan	BUL	PTF	2:1
presidents-cup-europe-2026	Senior Men -80kg	R64	503	AKBABAOZ Muhammed buğrahan	TRT	ALVES Tiago	POR	PTF	2:0
presidents-cup-europe-2026	Senior Men -80kg	R64	602	CALIK Enis	GER	ROMUNDSET Martin	NOR	PTF	2:0
presidents-cup-europe-2026	Senior Men -80kg	R64	603	QUESADA BARRERA Daniel	ESP	PANAGIOTIDIS Andronikos	GRE	PTF	2:0
presidents-cup-europe-2026	Senior Men -80kg	R64	604	SERRANO MACIAS Jesus	ESP	FELICITE Lawrence	FRA	PTF	2:0
presidents-cup-europe-2026	Senior Men -80kg	R64	605	ZOUROS KARDATOS Konstantinos	GRE	NESHYBA Tomas	CZE	PTF	2:1
presidents-cup-europe-2026	Senior Men -80kg	R64	701	YILDIZ Muhammed emin	TUR	CAMMAERTS Andes	BEL	PTF	2:1
presidents-cup-europe-2026	Senior Men -80kg	R64	702	BALAKA Artem	UKR	VESTERLUND Linus	SWE	PTF	2:0
presidents-cup-europe-2026	Senior Men -80kg	R32	418	TURAVINAU Raman	BLR	SERRANO MACIAS Jesus	ESP	PTF	2:0
presidents-cup-europe-2026	Senior Men -80kg	R32	614	MYTAREV Artem	RUS	CALIK Enis	GER	PTF	2:0
presidents-cup-europe-2026	Senior Men -80kg	R32	615	MARTINHO Manuel	POR	JOCHMAN Adam	CZE	PTF	2:0
presidents-cup-europe-2026	Senior Men -80kg	R32	616	KINTSURASHVILI Zurab	GEO	SWEENEY Liam	AUS	PTF	2:1
presidents-cup-europe-2026	Senior Men -80kg	R32	617	MILAN CANOVAS Juan antonio	ESP	MUSKEVITS Aleksandr	EST	PTF	2:0
presidents-cup-europe-2026	Senior Men -80kg	R32	618	QUESADA BARRERA Daniel	ESP	PAPADOPOULOS Ioannis	GRE	PTF	2:0
presidents-cup-europe-2026	Senior Men -80kg	R32	619	KNIGHT-MITCHELL Dantrell	GBR	RODRIGUES Diego	BRA	PTF	2:1
presidents-cup-europe-2026	Senior Men -80kg	R32	620	ROBLETO David	NCA	SAHIN Muhammed Enes	TUR	PTF	2:1
presidents-cup-europe-2026	Senior Men -80kg	R32	711	FERNANDEZ Mikel	ESP	ZOUROS KARDATOS Konstantinos	GRE	PTF	2:0
presidents-cup-europe-2026	Senior Men -80kg	R32	712	SZADKOWSKI Michal	POL	ALIPOUR Sohrab	GBR	PTF	2:1
presidents-cup-europe-2026	Senior Men -80kg	R32	713	HUSIC Nedzad	BIH	RASZKOWSKI Wiktor	POL	PTF	2:0
presidents-cup-europe-2026	Senior Men -80kg	R32	714	HRGOTA Leon	CRO	AKBABAOZ Muhammed buğrahan	TRT	PTF	2:0
presidents-cup-europe-2026	Senior Men -80kg	R32	715	SIGURJONSSON Gudmundur floki	ISL	YILDIZ Muhammed emin	TUR	PTF	2:0
presidents-cup-europe-2026	Senior Men -80kg	R32	716	SOKOLOWSKI Mikolaj	POL	KOSTENEVYCH Kostiantyn	UKR	PTF	2:1
presidents-cup-europe-2026	Senior Men -80kg	R32	717	GUMUS Kaan	GER	ANGELL Zak	GBR	PTF	2:1
presidents-cup-europe-2026	Senior Men -80kg	R32	718	KOVACIC Oscar	CRO	BALAKA Artem	UKR	PTF	2:0
presidents-cup-europe-2026	Senior Men -80kg	R16	123	SIGURJONSSON Gudmundur floki	ISL	SOKOLOWSKI Mikolaj	POL	PTF	2:0
presidents-cup-europe-2026	Senior Men -80kg	R16	623	MYTAREV Artem	RUS	MARTINHO Manuel	POR	PTF	2:1
presidents-cup-europe-2026	Senior Men -80kg	R16	624	MILAN CANOVAS Juan antonio	ESP	KINTSURASHVILI Zurab	GEO	PTF	2:1
presidents-cup-europe-2026	Senior Men -80kg	R16	625	QUESADA BARRERA Daniel	ESP	KNIGHT-MITCHELL Dantrell	GBR	PTF	2:1
presidents-cup-europe-2026	Senior Men -80kg	R16	626	TURAVINAU Raman	BLR	ROBLETO David	NCA	PTF	2:0
presidents-cup-europe-2026	Senior Men -80kg	R16	723	FERNANDEZ Mikel	ESP	SZADKOWSKI Michal	POL	PTF	2:0
presidents-cup-europe-2026	Senior Men -80kg	R16	724	HUSIC Nedzad	BIH	HRGOTA Leon	CRO	PTF	2:0
presidents-cup-europe-2026	Senior Men -80kg	R16	725	KOVACIC Oscar	CRO	GUMUS Kaan	GER	PTF	2:1
presidents-cup-europe-2026	Senior Men -80kg	QF	124	KOVACIC Oscar	CRO	SIGURJONSSON Gudmundur floki	ISL	PTF	2:1
presidents-cup-europe-2026	Senior Men -80kg	QF	629	MILAN CANOVAS Juan antonio	ESP	MYTAREV Artem	RUS	PTF	2:0
presidents-cup-europe-2026	Senior Men -80kg	QF	630	TURAVINAU Raman	BLR	QUESADA BARRERA Daniel	ESP	PTF	2:0
presidents-cup-europe-2026	Senior Men -80kg	QF	728	FERNANDEZ Mikel	ESP	HUSIC Nedzad	BIH	PTF	2:0
presidents-cup-europe-2026	Senior Men -80kg	SF	632	MILAN CANOVAS Juan antonio	ESP	TURAVINAU Raman	BLR	PTF	2:0
presidents-cup-europe-2026	Senior Men -80kg	SF	730	FERNANDEZ Mikel	ESP	KOVACIC Oscar	CRO	PTF	2:0
presidents-cup-europe-2026	Senior Men -80kg	F	732	MILAN CANOVAS Juan antonio	ESP	FERNANDEZ Mikel	ESP	PTF	2:0
presidents-cup-europe-2026	Senior Men -87kg	R16	311	BICER Enbiya taha	TUR	ZU Jianwei	CHN	PTF	2:0
presidents-cup-europe-2026	Senior Men -87kg	R16	312	ABEDINI Mehdi	TRT	MEIRELLES Arthur	BRA	PTF	2:0
presidents-cup-europe-2026	Senior Men -87kg	R16	313	ALVAREZ Luis	VEN	AMER ALI Hassan	DEN	PTF	2:0
presidents-cup-europe-2026	Senior Men -87kg	R16	314	HOERMANN Vincent	GER	CIPLAK Selim	GER	PTF	2:0
presidents-cup-europe-2026	Senior Men -87kg	R16	315	KATOUSI Firas	TUN	KOUGBLENOU Kelly	GER	PTF	2:0
presidents-cup-europe-2026	Senior Men -87kg	QF	320	PIATKOWSKI Szymon	POL	BICER Enbiya taha	TUR	PTF	2:1
presidents-cup-europe-2026	Senior Men -87kg	QF	321	ABEDINI Mehdi	TRT	ALVAREZ Luis	VEN	WDR	2:0
presidents-cup-europe-2026	Senior Men -87kg	QF	322	KRPAN Vito	CRO	HOERMANN Vincent	GER	PTF	2:0
presidents-cup-europe-2026	Senior Men -87kg	QF	323	KATOUSI Firas	TUN	BILIC Josip	CRO	PTF	2:1
presidents-cup-europe-2026	Senior Men -87kg	SF	326	ABEDINI Mehdi	TRT	PIATKOWSKI Szymon	POL	PTF	2:0
presidents-cup-europe-2026	Senior Men -87kg	SF	327	KRPAN Vito	CRO	KATOUSI Firas	TUN	PTF	2:1
presidents-cup-europe-2026	Senior Men -87kg	F	329	ABEDINI Mehdi	TRT	KRPAN Vito	CRO	PTF	2:0
presidents-cup-europe-2026	Senior Men +87kg	R32	501	TROITINO AMOEDO Sergio	ESP	KUECUEKSUNGUR Kerim	GER	PTF	2:0
presidents-cup-europe-2026	Senior Men +87kg	R32	502	ISBRECHT Kevin	GER	JOEL Jordan	NGR	PTF	2:0
presidents-cup-europe-2026	Senior Men +87kg	R32	803	GOLUBOVIC Milos	SRB	LARA SOLIS Emmanuel	MEX	PTF	2:0
presidents-cup-europe-2026	Senior Men +87kg	R16	812	TROITINO AMOEDO Sergio	ESP	GARCIA MARTINEZ Ivan	ESP	DSQ	
presidents-cup-europe-2026	Senior Men +87kg	R16	813	BAILEY Kelen	HUN	ATESLI Emre kutalmis	TUR	PTF	2:0
presidents-cup-europe-2026	Senior Men +87kg	R16	814	SAPINA Ivan	CRO	RUDERMAN Ilia	ISR	PTF	2:1
presidents-cup-europe-2026	Senior Men +87kg	R16	815	PLONIS Artsiom	BLR	JABLONSKI Zbigniew	POL	PTF	2:0
presidents-cup-europe-2026	Senior Men +87kg	R16	816	MICHOPOULOS Sotirios	GRE	ISBRECHT Kevin	GER	PTF	2:0
presidents-cup-europe-2026	Senior Men +87kg	R16	817	DIVKOVIC Patrik	SLO	GOMIS Paivou johnouario	GBS	PTF	2:0
presidents-cup-europe-2026	Senior Men +87kg	R16	818	DEMIRCIOGLU Huseyin berat	TUR	ABBASIPOUYA Abolfazl	TRT	PTF	2:1
presidents-cup-europe-2026	Senior Men +87kg	R16	819	BOZIC Pasko	CRO	GOLUBOVIC Milos	SRB	PTF	2:0
presidents-cup-europe-2026	Senior Men +87kg	QF	824	TROITINO AMOEDO Sergio	ESP	BAILEY Kelen	HUN	PTF	2:1
presidents-cup-europe-2026	Senior Men +87kg	QF	825	SAPINA Ivan	CRO	PLONIS Artsiom	BLR	PTF	2:0
presidents-cup-europe-2026	Senior Men +87kg	QF	826	DIVKOVIC Patrik	SLO	MICHOPOULOS Sotirios	GRE	PTF	2:0
presidents-cup-europe-2026	Senior Men +87kg	QF	827	DEMIRCIOGLU Huseyin berat	TUR	BOZIC Pasko	CRO	PTF	2:0
presidents-cup-europe-2026	Senior Men +87kg	SF	830	TROITINO AMOEDO Sergio	ESP	SAPINA Ivan	CRO	PTF	2:0
presidents-cup-europe-2026	Senior Men +87kg	SF	831	DEMIRCIOGLU Huseyin berat	TUR	DIVKOVIC Patrik	SLO	PTF	2:0
presidents-cup-europe-2026	Senior Men +87kg	F	833	DEMIRCIOGLU Huseyin berat	TUR	TROITINO AMOEDO Sergio	ESP	PTF	2:1
presidents-cup-europe-2026	Senior Women -46kg	R16	804	BEKULOVA Milana	RUS	BULAT Veronika	UKR	PTF	2:0
presidents-cup-europe-2026	Senior Women -46kg	R16	805	GARCIES I SALA Lluisa	ESP	OZKEN Aleyna	GER	PTF	2:0
presidents-cup-europe-2026	Senior Women -46kg	R16	806	BRAJOVIC Iva	SRB	KIRTSELIS Aina	FIN	PTF	2:1
presidents-cup-europe-2026	Senior Women -46kg	R16	807	STURARI Alessia	ITA	GULYAS Evike	GER	PTF	2:0
presidents-cup-europe-2026	Senior Women -46kg	R16	808	BAYECH Rivka	ISR	SAHIN Cemre	GER	PTF	2:0
presidents-cup-europe-2026	Senior Women -46kg	R16	809	GURBUZ Zehra	TUR	CHOI Etta	GBR	PTF	2:1
presidents-cup-europe-2026	Senior Women -46kg	R16	810	DIAZ ARRIBAS Violeta	ESP	OLIVEIRA COSTA Alice caroline	BRA	PTF	2:0
presidents-cup-europe-2026	Senior Women -46kg	R16	811	SALIM Kamilah	HUN	RODRIGUEZ Noelia	GER	PTF	2:0
presidents-cup-europe-2026	Senior Women -46kg	QF	820	BEKULOVA Milana	RUS	GARCIES I SALA Lluisa	ESP	PTF	2:0
presidents-cup-europe-2026	Senior Women -46kg	QF	821	STURARI Alessia	ITA	BRAJOVIC Iva	SRB	PTF	2:0
presidents-cup-europe-2026	Senior Women -46kg	QF	822	BAYECH Rivka	ISR	GURBUZ Zehra	TUR	PTF	2:0
presidents-cup-europe-2026	Senior Women -46kg	QF	823	SALIM Kamilah	HUN	DIAZ ARRIBAS Violeta	ESP	PTF	2:0
presidents-cup-europe-2026	Senior Women -46kg	SF	828	BEKULOVA Milana	RUS	STURARI Alessia	ITA	PTF	2:1
presidents-cup-europe-2026	Senior Women -46kg	SF	829	SALIM Kamilah	HUN	BAYECH Rivka	ISR	PTF	2:0
presidents-cup-europe-2026	Senior Women -46kg	F	832	SALIM Kamilah	HUN	BEKULOVA Milana	RUS	PTF	2:0
presidents-cup-europe-2026	Senior Women -49kg	R32	405	NINIC Tina	SRB	PEEVA Deya	BUL	PTF	2:0
presidents-cup-europe-2026	Senior Women -49kg	R32	406	KRAJEWSKA Nikola	POL	MARINOVA Teodora	BUL	PTF	2:1
presidents-cup-europe-2026	Senior Women -49kg	R32	407	GOSCH CAMARGO Camilly	BRA	KAVLAK Ayse	TUR	PTF	2:0
presidents-cup-europe-2026	Senior Women -49kg	R32	408	GOODMAN Phoenix	GBR	HURTADO TAPIA Jireh	BOL	PTF	2:0
presidents-cup-europe-2026	Senior Women -49kg	R32	409	ANGELOVA Alisa	RUS	BAJER Wiktoria	POL	PTF	2:0
presidents-cup-europe-2026	Senior Women -49kg	R32	410	HINIC Sofija	CRO	KLISOWSKA Zuzanna	POL	PTF	2:0
presidents-cup-europe-2026	Senior Women -49kg	R32	503	STRUNETS Maryia	BLR	WAY Nicolle	GUA	PTF	2:1
presidents-cup-europe-2026	Senior Women -49kg	R32	504	GOGEBAKAN Emine	TUR	KAMKASOUMPHOU Maysane	FRA	PTF	2:0
presidents-cup-europe-2026	Senior Women -49kg	R32	505	LINAN PARDO Naiara	AND	EKSI Selin	TUR	PTF	2:0
presidents-cup-europe-2026	Senior Women -49kg	R32	506	TASKIN Zeynep	TUR	BOKAN Andrea	SRB	PTF	2:1
presidents-cup-europe-2026	Senior Women -49kg	R32	507	ALLASSAK Oumaima	FRA	GEORGIOU Melina	GRE	PTF	2:0
presidents-cup-europe-2026	Senior Women -49kg	R32	508	KOUTROUMPI Kalliopi	GRE	BARROSO Kiara	POR	WDR	2:0
presidents-cup-europe-2026	Senior Women -49kg	R16	418	ATESLI Supharada	GER	NINIC Tina	SRB	PTF	2:1
presidents-cup-europe-2026	Senior Women -49kg	R16	419	GOSCH CAMARGO Camilly	BRA	KRAJEWSKA Nikola	POL	PTF	2:0
presidents-cup-europe-2026	Senior Women -49kg	R16	420	ANGELOVA Alisa	RUS	GOODMAN Phoenix	GBR	PTF	2:0
presidents-cup-europe-2026	Senior Women -49kg	R16	421	HINIC Sofija	CRO	KRAJEWSKA Alicja	POL	PTF	2:1
presidents-cup-europe-2026	Senior Women -49kg	R16	515	DAN (DANSHYNA) Oleksandra	ISR	STRUNETS Maryia	BLR	PTF	2:0
presidents-cup-europe-2026	Senior Women -49kg	R16	516	GOGEBAKAN Emine	TUR	LINAN PARDO Naiara	AND	PTF	2:0
presidents-cup-europe-2026	Senior Women -49kg	R16	517	TASKIN Zeynep	TUR	ALLASSAK Oumaima	FRA	PTF	2:0
presidents-cup-europe-2026	Senior Women -49kg	R16	518	CEREZO IGLESIAS Adriana	ESP	KOUTROUMPI Kalliopi	GRE	PTF	2:0
presidents-cup-europe-2026	Senior Women -49kg	QF	426	ATESLI Supharada	GER	GOSCH CAMARGO Camilly	BRA	PTF	2:1
presidents-cup-europe-2026	Senior Women -49kg	QF	427	ANGELOVA Alisa	RUS	HINIC Sofija	CRO	PTF	2:0
presidents-cup-europe-2026	Senior Women -49kg	QF	523	GOGEBAKAN Emine	TUR	DAN (DANSHYNA) Oleksandra	ISR	PTF	2:1
presidents-cup-europe-2026	Senior Women -49kg	QF	524	TASKIN Zeynep	TUR	CEREZO IGLESIAS Adriana	ESP	PTF	2:1
presidents-cup-europe-2026	Senior Women -49kg	SF	430	ANGELOVA Alisa	RUS	ATESLI Supharada	GER	PTF	2:0
presidents-cup-europe-2026	Senior Women -49kg	SF	527	TASKIN Zeynep	TUR	GOGEBAKAN Emine	TUR	PTF	2:0
presidents-cup-europe-2026	Senior Women -49kg	F	432	ANGELOVA Alisa	RUS	TASKIN Zeynep	TUR	PTF	2:0
presidents-cup-europe-2026	Senior Women -53kg	R32	411	PAGANI Iris vasiliki	GRE	WOSKOWIAK Natasza	POL	PTF	2:0
presidents-cup-europe-2026	Senior Women -53kg	R32	412	DANIEL Melina	USA	DE TORO OLIVER Lucia	ESP	PTF	2:0
presidents-cup-europe-2026	Senior Women -53kg	R32	413	KAMKASOUMPHOU Lenya	FRA	KALKAN Selin-g.	GER	PTF	2:0
presidents-cup-europe-2026	Senior Women -53kg	R32	414	SZYMCZAK Matylda	POL	SPASOJEVIC Sara	CRO	PTF	2:1
presidents-cup-europe-2026	Senior Women -53kg	R32	415	KRIM Sayine	FRA	MOGHAL Amna	NOR	PTF	2:0
presidents-cup-europe-2026	Senior Women -53kg	R32	416	RADEK Dora	CRO	FERLA Ana Clara	BRA	PTF	2:1
presidents-cup-europe-2026	Senior Women -53kg	R32	417	KLAKALA Magdalini	GRE	GEORGIEVA Aleksandra	BUL	PTF	2:1
presidents-cup-europe-2026	Senior Women -53kg	R32	509	SUSILUOTO Inari	FIN	NESHER Yarden	ISR	PTF	2:0
presidents-cup-europe-2026	Senior Women -53kg	R32	510	GURBUZ Hayrunnisa	TUR	MAYER Leonie	GER	PTG	2:0
presidents-cup-europe-2026	Senior Women -53kg	R32	511	VIGDOR Ariel	ISR	KALIC Lucija	CRO	PTF	2:0
presidents-cup-europe-2026	Senior Women -53kg	R32	512	MAKRYGIANNI Athina	GRE	KARYDI Melina	GRE	PTF	2:0
presidents-cup-europe-2026	Senior Women -53kg	R32	513	GARCIA MARQUINA Sofia	ESP	KAMANDI Dina	GER	PTF	2:0
presidents-cup-europe-2026	Senior Women -53kg	R32	514	DHAHRI Ikram	TUN	BUTTARELLI Aurelie	FRA	PTF	2:0
presidents-cup-europe-2026	Senior Women -53kg	R16	422	DINCEL KAVURAT Merve	TUR	PAGANI Iris vasiliki	GRE	PTF	2:0
presidents-cup-europe-2026	Senior Women -53kg	R16	423	DANIEL Melina	USA	KAMKASOUMPHOU Lenya	FRA	PTF	2:1
presidents-cup-europe-2026	Senior Women -53kg	R16	424	SZYMCZAK Matylda	POL	KRIM Sayine	FRA	PTF	2:1
presidents-cup-europe-2026	Senior Women -53kg	R16	425	KLAKALA Magdalini	GRE	RADEK Dora	CRO	PTF	2:0
presidents-cup-europe-2026	Senior Women -53kg	R16	519	ASIMI Adiba	GER	SUSILUOTO Inari	FIN	PTF	2:1
presidents-cup-europe-2026	Senior Women -53kg	R16	520	GURBUZ Hayrunnisa	TUR	VIGDOR Ariel	ISR	PTF	2:0
presidents-cup-europe-2026	Senior Women -53kg	R16	521	GARCIA MARQUINA Sofia	ESP	MAKRYGIANNI Athina	GRE	PTF	2:1
presidents-cup-europe-2026	Senior Women -53kg	R16	522	MCKEW Jodie	GBR	DHAHRI Ikram	TUN	PTF	2:0
presidents-cup-europe-2026	Senior Women -53kg	QF	428	DINCEL KAVURAT Merve	TUR	DANIEL Melina	USA	PTF	2:0
presidents-cup-europe-2026	Senior Women -53kg	QF	429	KLAKALA Magdalini	GRE	SZYMCZAK Matylda	POL	PTF	2:0
presidents-cup-europe-2026	Senior Women -53kg	QF	525	GURBUZ Hayrunnisa	TUR	ASIMI Adiba	GER	PTF	2:0
presidents-cup-europe-2026	Senior Women -53kg	QF	526	GARCIA MARQUINA Sofia	ESP	MCKEW Jodie	GBR	PTF	2:1
presidents-cup-europe-2026	Senior Women -53kg	SF	431	DINCEL KAVURAT Merve	TUR	KLAKALA Magdalini	GRE	PTF	2:0
presidents-cup-europe-2026	Senior Women -53kg	SF	528	GURBUZ Hayrunnisa	TUR	GARCIA MARQUINA Sofia	ESP	PTF	2:1
presidents-cup-europe-2026	Senior Women -53kg	F	433	DINCEL KAVURAT Merve	TUR	GURBUZ Hayrunnisa	TUR	PTF	2:0
presidents-cup-europe-2026	Senior Women -57kg	R64	201	AVDAGIC Ada	BIH	ROMANENKO Valeriia	UKR	PTF	2:0
presidents-cup-europe-2026	Senior Women -57kg	R64	202	KALTEKI Faidra	GRE	LYTVYNENKO Kira	UKR	PTF	2:0
presidents-cup-europe-2026	Senior Women -57kg	R64	301	UGLESIC Klara	CRO	BARKOK Noussaiba	GER	PTF	2:0
presidents-cup-europe-2026	Senior Women -57kg	R64	302	FLEGROVA Hana	CZE	DARGIE Olivia	POL	PTF	2:0
presidents-cup-europe-2026	Senior Women -57kg	R32	211	AVDAGIC Ada	BIH	ILGUN Hatice kubra	TUR	PTF	2:0
presidents-cup-europe-2026	Senior Women -57kg	R32	212	SULBARAN Alexmar	VEN	MEIŠTININKAITĖ Gerda	LTU	PTF	2:0
presidents-cup-europe-2026	Senior Women -57kg	R32	213	SESAR VILA Carla	ESP	RAHMANI Ruqia	FIN	PTF	2:1
presidents-cup-europe-2026	Senior Women -57kg	R32	214	RODRIGUEZ Laura	ESP	HASAN Gizem	TUR	PTF	2:0
presidents-cup-europe-2026	Senior Women -57kg	R32	215	PATAKFALVY Luca	HUN	KARABELEVA Erika	BUL	PTF	2:0
presidents-cup-europe-2026	Senior Women -57kg	R32	216	ROVITHIS Anastasia	GER	OLESZCZUK Lucja	POL	PTF	2:1
presidents-cup-europe-2026	Senior Women -57kg	R32	217	BANGURA Aisha	GER	WOLF Jessica	GER	PTF	2:1
presidents-cup-europe-2026	Senior Women -57kg	R32	218	VITKO Yuliya	BLR	KALTEKI Faidra	GRE	PTF	2:0
presidents-cup-europe-2026	Senior Women -57kg	R32	310	CARABIN Kanelya	FRA	UGLESIC Klara	CRO	PTF	2:0
presidents-cup-europe-2026	Senior Women -57kg	R32	311	REPOULIA Athanasia	GRE	SEREDA Julia	POL	PTF	2:0
presidents-cup-europe-2026	Senior Women -57kg	R32	312	ORTIZ BENITO Arlet	ESP	VUKIC Margarita	CRO	PTF	2:1
presidents-cup-europe-2026	Senior Women -57kg	R32	313	REZAIE Roja	GER	CAUSSE Estelle	FRA	PTF	2:0
presidents-cup-europe-2026	Senior Women -57kg	R32	314	PEREZ PARRADO Alma maria	ESP	LISOWSKA Nikol	POL	PTF	2:0
presidents-cup-europe-2026	Senior Women -57kg	R32	315	UZUNCAVDAR Sila irmak	TUR	ILONA RASNA Adam	COM	PTF	2:0
presidents-cup-europe-2026	Senior Women -57kg	R32	316	DILER Ruya	TUR	STAMENKOVIC Teodora	SRB	PTF	2:0
presidents-cup-europe-2026	Senior Women -57kg	R32	317	KARABATIC Nika	CRO	FLEGROVA Hana	CZE	PTF	2:0
presidents-cup-europe-2026	Senior Women -57kg	R16	223	AVDAGIC Ada	BIH	SULBARAN Alexmar	VEN	PTF	2:0
presidents-cup-europe-2026	Senior Women -57kg	R16	224	SESAR VILA Carla	ESP	RODRIGUEZ Laura	ESP	PTF	2:1
presidents-cup-europe-2026	Senior Women -57kg	R16	225	PATAKFALVY Luca	HUN	ROVITHIS Anastasia	GER	PTF	2:0
presidents-cup-europe-2026	Senior Women -57kg	R16	226	VITKO Yuliya	BLR	BANGURA Aisha	GER	PTF	2:0
presidents-cup-europe-2026	Senior Women -57kg	R16	322	CARABIN Kanelya	FRA	REPOULIA Athanasia	GRE	PTF	2:0
presidents-cup-europe-2026	Senior Women -57kg	R16	323	ORTIZ BENITO Arlet	ESP	REZAIE Roja	GER	PTF	2:0
presidents-cup-europe-2026	Senior Women -57kg	R16	324	UZUNCAVDAR Sila irmak	TUR	PEREZ PARRADO Alma maria	ESP	PTF	2:0
presidents-cup-europe-2026	Senior Women -57kg	R16	325	DILER Ruya	TUR	KARABATIC Nika	CRO	WDR	
presidents-cup-europe-2026	Senior Women -57kg	QF	229	AVDAGIC Ada	BIH	SESAR VILA Carla	ESP	PTF	2:0
presidents-cup-europe-2026	Senior Women -57kg	QF	230	VITKO Yuliya	BLR	PATAKFALVY Luca	HUN	PTF	2:1
presidents-cup-europe-2026	Senior Women -57kg	QF	328	ORTIZ BENITO Arlet	ESP	CARABIN Kanelya	FRA	PTF	2:1
presidents-cup-europe-2026	Senior Women -57kg	QF	329	UZUNCAVDAR Sila irmak	TUR	DILER Ruya	TUR	WDR	
presidents-cup-europe-2026	Senior Women -57kg	SF	232	VITKO Yuliya	BLR	AVDAGIC Ada	BIH	PTF	2:1
presidents-cup-europe-2026	Senior Women -57kg	SF	331	ORTIZ BENITO Arlet	ESP	UZUNCAVDAR Sila irmak	TUR	PTF	2:0
presidents-cup-europe-2026	Senior Women -57kg	F	233	ORTIZ BENITO Arlet	ESP	VITKO Yuliya	BLR	PTF	2:0
presidents-cup-europe-2026	Senior Women -62kg	R32	203	SIRIN Dilara	TUR	HERNANDEZ ROCAFULL Rocio Anahi	ESP	PTF	2:1
presidents-cup-europe-2026	Senior Women -62kg	R32	204	JELIC Ivona	CRO	BROMBERGER Lamprini	GRE	PTF	2:0
presidents-cup-europe-2026	Senior Women -62kg	R32	205	YIGITALP Hatice pinar	TUR	RANKOV Vanja	SRB	PTF	2:1
presidents-cup-europe-2026	Senior Women -62kg	R32	206	SECANELL Elsa	ESP	BECKER Nele	GER	PTF	2:0
presidents-cup-europe-2026	Senior Women -62kg	R32	207	TOUMI Chaima	TUN	DOUCET Teeyah	FRA	PTF	2:0
presidents-cup-europe-2026	Senior Women -62kg	R32	208	GRETARSDOTTIR Ingibjorg	ISL	SJOVALL Mira	FIN	PTF	2:1
presidents-cup-europe-2026	Senior Women -62kg	R32	209	RELJIKJ Miljana	MKD	TADIC Natali	CRO	PTF	2:0
presidents-cup-europe-2026	Senior Women -62kg	R32	210	HRONOVA Dominika	CZE	KHUZINA Liliia	RUS	PTF	2:1
presidents-cup-europe-2026	Senior Women -62kg	R32	303	GOGEBAKAN Huru gokce	TUR	HABULIN Kim Vivian	GER	PTF	2:1
presidents-cup-europe-2026	Senior Women -62kg	R32	304	KICEMA Helena	CRO	PRZYGODA Alina	GER	PTF	2:0
presidents-cup-europe-2026	Senior Women -62kg	R32	305	MARIC Ela	SRB	BRILZ Emilia	GER	PTF	2:0
presidents-cup-europe-2026	Senior Women -62kg	R32	306	BLIZNIAKOVA Margarita	RUS	YAZICI Zumra	GER	PTF	2:0
presidents-cup-europe-2026	Senior Women -62kg	R32	307	KRAJEWSKA Agnieszka	POL	SMYCHKOVA Valeryia	BLR	PTF	2:0
presidents-cup-europe-2026	Senior Women -62kg	R32	308	REBON FEDOROVA Ekaterina	ESP	FRANCESCHI Francesca maria	FRA	PTF	2:0
presidents-cup-europe-2026	Senior Women -62kg	R32	309	STOLBOVA Petra	CZE	KOWALKOWSKA Justyna	POL	PTF	2:0
presidents-cup-europe-2026	Senior Women -62kg	R16	121	TOUMI Chaima	TUN	SECANELL Elsa	ESP	PTF	2:0
presidents-cup-europe-2026	Senior Women -62kg	R16	122	RELJIKJ Miljana	MKD	GRETARSDOTTIR Ingibjorg	ISL	PTF	2:0
presidents-cup-europe-2026	Senior Women -62kg	R16	219	MARTON Viviana	HUN	SIRIN Dilara	TUR	PTF	2:0
presidents-cup-europe-2026	Senior Women -62kg	R16	220	YIGITALP Hatice pinar	TUR	JELIC Ivona	CRO	PTF	2:0
presidents-cup-europe-2026	Senior Women -62kg	R16	318	HRONOVA Dominika	CZE	GOGEBAKAN Huru gokce	TUR	PTF	2:0
presidents-cup-europe-2026	Senior Women -62kg	R16	320	BLIZNIAKOVA Margarita	RUS	KRAJEWSKA Agnieszka	POL	PTF	2:0
presidents-cup-europe-2026	Senior Women -62kg	R16	321	STOLBOVA Petra	CZE	REBON FEDOROVA Ekaterina	ESP	PTF	2:0
presidents-cup-europe-2026	Senior Women -62kg	R16	821	KICEMA Helena	CRO	MARIC Ela	SRB	PTF	2:0
presidents-cup-europe-2026	Senior Women -62kg	QF	227	MARTON Viviana	HUN	YIGITALP Hatice pinar	TUR	PTF	2:0
presidents-cup-europe-2026	Senior Women -62kg	QF	228	RELJIKJ Miljana	MKD	TOUMI Chaima	TUN	PTF	2:1
presidents-cup-europe-2026	Senior Women -62kg	QF	326	HRONOVA Dominika	CZE	KICEMA Helena	CRO	PTF	2:1
presidents-cup-europe-2026	Senior Women -62kg	QF	327	BLIZNIAKOVA Margarita	RUS	STOLBOVA Petra	CZE	PTF	2:0
presidents-cup-europe-2026	Senior Women -62kg	SF	231	MARTON Viviana	HUN	RELJIKJ Miljana	MKD	PTF	2:0
presidents-cup-europe-2026	Senior Women -62kg	SF	330	BLIZNIAKOVA Margarita	RUS	HRONOVA Dominika	CZE	PTF	2:0
presidents-cup-europe-2026	Senior Women -62kg	F	332	MARTON Viviana	HUN	BLIZNIAKOVA Margarita	RUS	PTF	2:0
presidents-cup-europe-2026	Senior Women -67kg	R32	405	SZPAK Julia	POL	ĐOKOVIĆ Ines	SRB	PTF	2:0
presidents-cup-europe-2026	Senior Women -67kg	R32	406	TOMCZAK Tatiana	POL	RIBAKOV Alexandra	GER	PTF	2:0
presidents-cup-europe-2026	Senior Women -67kg	R32	407	POLE Doris	CRO	ZECIROVIC Nina	SRB	PTF	2:0
presidents-cup-europe-2026	Senior Women -67kg	R32	408	ROBERTS Chloe	GBR	KRAMOH Courtney	GBR	PTF	2:0
presidents-cup-europe-2026	Senior Women -67kg	R32	409	ARELIC Ivana	CRO	CETINEL Ceren	TUR	PTF	2:0
presidents-cup-europe-2026	Senior Women -67kg	R32	505	MACEDO Sandy	BRA	BAUER Caroline	GER	PTF	2:0
presidents-cup-europe-2026	Senior Women -67kg	R32	506	KLEPAC Nika	CRO	MIKALEVICIUTE Melita	LTU	PTF	2:1
presidents-cup-europe-2026	Senior Women -67kg	R32	507	MEHNANA Ines	FRA	IYIN Meryem Elif	TUR	PTF	2:0
presidents-cup-europe-2026	Senior Women -67kg	R32	508	RUCINSKI Viktoria	GER	NILSEN Mari romundset	NOR	PTF	2:0
presidents-cup-europe-2026	Senior Women -67kg	R32	509	ZAFER Isil	TUR	NOWAK Julia	POL	PTF	2:1
presidents-cup-europe-2026	Senior Women -67kg	R16	419	MARENTAKI Styliani	GRE	SZPAK Julia	POL	PTF	2:0
presidents-cup-europe-2026	Senior Women -67kg	R16	420	ROBERTS Chloe	GBR	JELIC Matea	CRO	PTF	2:1
presidents-cup-europe-2026	Senior Women -67kg	R16	421	ARELIC Ivana	CRO	PERISIC Aleksandra	SRB	PTF	2:0
presidents-cup-europe-2026	Senior Women -67kg	R16	518	MORENO REYES Lena	ESP	MACEDO Sandy	BRA	PTF	2:1
presidents-cup-europe-2026	Senior Women -67kg	R16	519	KOERNDL Vanessa	GER	KLEPAC Nika	CRO	PTF	2:0
presidents-cup-europe-2026	Senior Women -67kg	R16	520	MEHNANA Ines	FRA	RUCINSKI Viktoria	GER	PTF	2:0
presidents-cup-europe-2026	Senior Women -67kg	R16	822	POLE Doris	CRO	TOMCZAK Tatiana	POL	PTF	2:0
presidents-cup-europe-2026	Senior Women -67kg	R16	823	MARTON Luana	HUN	ZAFER Isil	TUR	PTF	2:0
presidents-cup-europe-2026	Senior Women -67kg	QF	426	MARENTAKI Styliani	GRE	POLE Doris	CRO	PTF	2:1
presidents-cup-europe-2026	Senior Women -67kg	QF	427	ROBERTS Chloe	GBR	ARELIC Ivana	CRO	PTF	2:1
presidents-cup-europe-2026	Senior Women -67kg	QF	525	MORENO REYES Lena	ESP	KOERNDL Vanessa	GER	PTF	2:0
presidents-cup-europe-2026	Senior Women -67kg	QF	526	MARTON Luana	HUN	MEHNANA Ines	FRA	PTF	2:0
presidents-cup-europe-2026	Senior Women -67kg	SF	430	MARENTAKI Styliani	GRE	ROBERTS Chloe	GBR	PTF	2:0
presidents-cup-europe-2026	Senior Women -67kg	SF	529	MARTON Luana	HUN	MORENO REYES Lena	ESP	PTF	2:0
presidents-cup-europe-2026	Senior Women -67kg	F	531	MARTON Luana	HUN	MARENTAKI Styliani	GRE	PTF	2:1
presidents-cup-europe-2026	Senior Women -73kg	R32	701	KOSEOGLU Elifnaz	TUR	NEDIC Marlen sophie	GER	PTF	2:0
presidents-cup-europe-2026	Senior Women -73kg	R32	702	HOERMANN Emily	GER	MERUNOWICZ Martyna	POL	PTF	2:0
presidents-cup-europe-2026	Senior Women -73kg	R32	703	PETROVIC Iva	SRB	HAMADACHE Emna	FRA	PTF	2:0
presidents-cup-europe-2026	Senior Women -73kg	R32	704	BERISAJ Andela	MNE	VALENTINO Viviana	GER	PTF	2:1
presidents-cup-europe-2026	Senior Women -73kg	R32	705	ERSIN Yusra	TUR	HELDNER Laura	SUI	PTF	2:0
presidents-cup-europe-2026	Senior Women -73kg	R32	706	HADZIC Alema	GER	LEON COROZO Andrea naiara	ESP	DSQ	
presidents-cup-europe-2026	Senior Women -73kg	R32	707	DEMIR Kardelen	TUR	ZECIROVIC Ema	SRB	PTF	2:0
presidents-cup-europe-2026	Senior Women -73kg	R32	708	JUHASZOVA Iveta	CZE	SARVANAKI Theopoula	GRE	PTF	2:1
presidents-cup-europe-2026	Senior Women -73kg	R32	709	SRHOJ Maja	CRO	RUDOLF Nika	SLO	PTF	2:0
presidents-cup-europe-2026	Senior Women -73kg	R32	710	SINDEN Rebecca	GBR	BANAS Nina	POL	PTF	2:0
presidents-cup-europe-2026	Senior Women -73kg	R16	715	CHAARI Sarah	BEL	KOSEOGLU Elifnaz	TUR	WDR	2:0
presidents-cup-europe-2026	Senior Women -73kg	R16	716	PETROVIC Iva	SRB	HOERMANN Emily	GER	WDR	1:0
presidents-cup-europe-2026	Senior Women -73kg	R16	717	GARCIA SUAREZ Helena	ESP	BERISAJ Andela	MNE	PTF	2:0
presidents-cup-europe-2026	Senior Women -73kg	R16	718	MORAN ROMERO Belen	ESP	ERSIN Yusra	TUR	PTF	2:0
presidents-cup-europe-2026	Senior Women -73kg	R16	719	HADZIC Alema	GER	BOZANIC Nadica	SRB	PTF	2:1
presidents-cup-europe-2026	Senior Women -73kg	R16	720	DEMIR Kardelen	TUR	MASTELIC Mila	CRO	PTF	2:1
presidents-cup-europe-2026	Senior Women -73kg	R16	721	SRHOJ Maja	CRO	JUHASZOVA Iveta	CZE	PTF	2:0
presidents-cup-europe-2026	Senior Women -73kg	R16	722	KOSMYCHEVA Anastasiia	RUS	SINDEN Rebecca	GBR	PTF	2:0
presidents-cup-europe-2026	Senior Women -73kg	QF	725	CHAARI Sarah	BEL	PETROVIC Iva	SRB	PTF	2:0
presidents-cup-europe-2026	Senior Women -73kg	QF	726	GARCIA SUAREZ Helena	ESP	MORAN ROMERO Belen	ESP	PTF	2:0
presidents-cup-europe-2026	Senior Women -73kg	QF	727	DEMIR Kardelen	TUR	HADZIC Alema	GER	PTF	2:0
presidents-cup-europe-2026	Senior Women -73kg	QF	728	KOSMYCHEVA Anastasiia	RUS	SRHOJ Maja	CRO	PTF	2:0
presidents-cup-europe-2026	Senior Women -73kg	SF	730	CHAARI Sarah	BEL	GARCIA SUAREZ Helena	ESP	PTF	2:0
presidents-cup-europe-2026	Senior Women -73kg	SF	731	KOSMYCHEVA Anastasiia	RUS	DEMIR Kardelen	TUR	PTF	2:0
presidents-cup-europe-2026	Senior Women -73kg	F	732	KOSMYCHEVA Anastasiia	RUS	CHAARI Sarah	BEL	PTF	2:0
presidents-cup-europe-2026	Senior Women +73kg	R16	609	MIKHALCHUK Palina	BLR	SEVIC Andjela	SRB	PTF	2:0
presidents-cup-europe-2026	Senior Women +73kg	R16	610	BRANDL Lorena	GER	VROEGH Nielle	NED	PTF	2:0
presidents-cup-europe-2026	Senior Women +73kg	R16	611	SHVEDKOVA Polina	RUS	HUSOVIC Darija	GER	PTF	2:0
presidents-cup-europe-2026	Senior Women +73kg	R16	612	CASTINEIRA Tania	ESP	KURKAC Ilayda	GER	PTF	2:0
presidents-cup-europe-2026	Senior Women +73kg	R16	613	ADEBAIO Kristina	RUS	VALLO ZURDO Ane	ESP	PTF	2:0
presidents-cup-europe-2026	Senior Women +73kg	R16	614	MOHAMMED Noor nazar	QAT	KAVUKCUOGLU Zehra begum	TUR	PTF	2:0
presidents-cup-europe-2026	Senior Women +73kg	R16	615	MATIC Magdalena	CRO	GONZÁLEZ María	VEN	PTF	2:0
presidents-cup-europe-2026	Senior Women +73kg	QF	622	HAREMZA Dagmara	POL	MIKHALCHUK Palina	BLR	PTF	2:0
presidents-cup-europe-2026	Senior Women +73kg	QF	623	BRANDL Lorena	GER	SHVEDKOVA Polina	RUS	PTF	2:0
presidents-cup-europe-2026	Senior Women +73kg	QF	624	CASTINEIRA Tania	ESP	ADEBAIO Kristina	RUS	PTF	2:0
presidents-cup-europe-2026	Senior Women +73kg	QF	625	MATIC Magdalena	CRO	MOHAMMED Noor nazar	QAT	PTF	2:0
presidents-cup-europe-2026	Senior Women +73kg	SF	629	BRANDL Lorena	GER	HAREMZA Dagmara	POL	PTF	2:0
presidents-cup-europe-2026	Senior Women +73kg	SF	630	CASTINEIRA Tania	ESP	MATIC Magdalena	CRO	PTF	2:0
presidents-cup-europe-2026	Senior Women +73kg	F	633	BRANDL Lorena	GER	CASTINEIRA Tania	ESP	PTF	2:1
european-club-championships-2026	Senior Men -54kg	R32	801	LAMPIS Filippo maria	ITA	AZEVEDO Rafael Alexandre	POR	PTF	2:1
european-club-championships-2026	Senior Men -54kg	R32	802	DAVILA RODRIGUEZ Adrian	ESP	ANDRONIKOU Chrysovalantis	CYP	PTF	2:0
european-club-championships-2026	Senior Men -54kg	R32	803	OWEN Haddad	FRA	FONTINHA Andre	POR	PTF	2:0
european-club-championships-2026	Senior Men -54kg	R32	804	ERMAKOV Artem	RUS	PONOMARENKO Vladyslav	UKR	PTF	2:0
european-club-championships-2026	Senior Men -54kg	R32	805	AYAZ Hasan	TUR	BALKI Muhammed Barbaros	TUR	PTF	2:0
european-club-championships-2026	Senior Men -54kg	R32	806	TUFAN Egemen	TUR	ESSOBAI Mohamed	ESP	PTF	2:0
european-club-championships-2026	Senior Men -54kg	R32	807	ROUNTARIS Stylianos	GRE	MENDO ROBLEDO Manuel	ESP	PTF	2:0
european-club-championships-2026	Senior Men -54kg	R32	808	CARRION COSTA Alejandro	ESP	PAPACHARALAMPOUS Nikolaos	GRE	PTF	2:0
european-club-championships-2026	Senior Men -54kg	R32	809	ARNAY CURBELO Antonio ramon	ESP	NISIR Nuri	TUR	PTF	2:0
european-club-championships-2026	Senior Men -54kg	R32	810	DZHIKAEV Khetag	RUS	MIAKHEL Arian	SWE	PTF	2:1
european-club-championships-2026	Senior Men -54kg	R16	822	ASEM ATA ABU SREE Moataz Bellah	EGY	LAMPIS Filippo maria	ITA	PTF	2:1
european-club-championships-2026	Senior Men -54kg	R16	823	DAVILA RODRIGUEZ Adrian	ESP	OWEN Haddad	FRA	PTF	2:1
european-club-championships-2026	Senior Men -54kg	R16	824	ERMAKOV Artem	RUS	HAMI Muhammed	TRT	PTF	2:0
european-club-championships-2026	Senior Men -54kg	R16	825	AYAZ Hasan	TUR	MARWAN Mussa	SWE	PTF	2:1
european-club-championships-2026	Senior Men -54kg	R16	826	OTERO SOUSA Javier	ESP	TUFAN Egemen	TUR	PTF	2:0
european-club-championships-2026	Senior Men -54kg	R16	827	ROUNTARIS Stylianos	GRE	HANAFY Fayez	EST	PTF	2:0
european-club-championships-2026	Senior Men -54kg	R16	828	CARRION COSTA Alejandro	ESP	ARNAY CURBELO Antonio ramon	ESP	PTF	2:0
european-club-championships-2026	Senior Men -54kg	R16	829	DIAWARA Abdoul Aziz Aboubacar	GER	DZHIKAEV Khetag	RUS	PTF	2:0
european-club-championships-2026	Senior Men -54kg	QF	341.1	ASEM ATA ABU SREE Moataz Bellah	EGY	DAVILA RODRIGUEZ Adrian	ESP	WDR	2:0
european-club-championships-2026	Senior Men -54kg	QF	341.2	ERMAKOV Artem	RUS	AYAZ Hasan	TUR	PTF	2:0
european-club-championships-2026	Senior Men -54kg	QF	840	ROUNTARIS Stylianos	GRE	OTERO SOUSA Javier	ESP	PTF	2:1
european-club-championships-2026	Senior Men -54kg	QF	841	DIAWARA Abdoul Aziz Aboubacar	GER	CARRION COSTA Alejandro	ESP	PTF	2:0
european-club-championships-2026	Senior Men -54kg	SF	846	ASEM ATA ABU SREE Moataz Bellah	EGY	ERMAKOV Artem	RUS	PTF	2:1
european-club-championships-2026	Senior Men -54kg	SF	847	DIAWARA Abdoul Aziz Aboubacar	GER	ROUNTARIS Stylianos	GRE	WDR	
european-club-championships-2026	Senior Men -54kg	F	452	ASEM ATA ABU SREE Moataz Bellah	EGY	DIAWARA Abdoul Aziz Aboubacar	GER	PTF	2:0
european-club-championships-2026	Senior Men -58kg	R64	701	MANSOUR Abraheem Maruwan	LBA	LISITSKII Mikhail	RUS	PTF	2:0
european-club-championships-2026	Senior Men -58kg	R32	704	DIMITROPOULOS Konstantinos	GRE	MANSOUR Abraheem Maruwan	LBA	PTF	2:0
european-club-championships-2026	Senior Men -58kg	R32	705	DOGANER Mustafa Taha	TUR	BAHTANOVIC Hamza	BIH	PTF	2:0
european-club-championships-2026	Senior Men -58kg	R32	706	DJONKO Ibrahim	BIH	CELIK Ahmet Abit	TUR	PTF	2:1
european-club-championships-2026	Senior Men -58kg	R32	707	SOKOLOWSKI Antoni	POL	HORBATIUK Artem	UKR	PTF	2:0
european-club-championships-2026	Senior Men -58kg	R32	708	KAPLAN Enes	TUR	COSTA Luis	POR	PTF	2:0
european-club-championships-2026	Senior Men -58kg	R32	709	IVKOVIC Relja	SRB	HADROVIC Hasan	BIH	PTF	2:0
european-club-championships-2026	Senior Men -58kg	R32	710	BULAVIN Mykyta	UKR	AYDOGDU Melih	TUR	PTF	2:0
european-club-championships-2026	Senior Men -58kg	R32	711	VASILIC Todor	SRB	CORDOBA VILLARTE Alvaro	ESP	PTF	2:0
european-club-championships-2026	Senior Men -58kg	R32	712	TESKERA Josip	CRO	AKSOY Ali Tahir	TUR	PTF	2:0
european-club-championships-2026	Senior Men -58kg	R32	713	DZHIOEV Igor	RUS	MISSOSSI BIENVENU Nzamba Nzamba	GAB	PTF	2:0
european-club-championships-2026	Senior Men -58kg	R32	714	ELIA Luigi antonio	ITA	ACHMAD Raihan	INA	WDR	2:0
european-club-championships-2026	Senior Men -58kg	R32	715	GUARDIOLA Eliot	FRA	MEHMEDOVIC Omer	BIH	PTF	2:0
european-club-championships-2026	Senior Men -58kg	R32	716	VIVES SAEZ Isaac	ESP	MARWAN Yahya	SWE	PTF	2:0
european-club-championships-2026	Senior Men -58kg	R32	717	MAJCZYNA Karol	POL	DOLIC Petar	BIH	PTF	2:0
european-club-championships-2026	Senior Men -58kg	R32	718	VINOGRADOV Pavel	RUS	KOVDRIA Kyrylo	UKR	PTF	2:0
european-club-championships-2026	Senior Men -58kg	R32	719	GARBA Issaka	NIG	OLMEZ Murat Can	TUR	PTF	2:0
european-club-championships-2026	Senior Men -58kg	R16	728	DIMITROPOULOS Konstantinos	GRE	DOGANER Mustafa Taha	TUR	PTF	2:0
european-club-championships-2026	Senior Men -58kg	R16	729	SOKOLOWSKI Antoni	POL	DJONKO Ibrahim	BIH	PTF	2:1
european-club-championships-2026	Senior Men -58kg	R16	730	KAPLAN Enes	TUR	IVKOVIC Relja	SRB	PTF	2:0
european-club-championships-2026	Senior Men -58kg	R16	731	VASILIC Todor	SRB	BULAVIN Mykyta	UKR	PTF	2:1
european-club-championships-2026	Senior Men -58kg	R16	732	DZHIOEV Igor	RUS	TESKERA Josip	CRO	PTF	2:0
european-club-championships-2026	Senior Men -58kg	R16	733	ELIA Luigi antonio	ITA	GUARDIOLA Eliot	FRA	PTF	2:1
european-club-championships-2026	Senior Men -58kg	R16	734	VIVES SAEZ Isaac	ESP	MAJCZYNA Karol	POL	PTF	2:0
european-club-championships-2026	Senior Men -58kg	R16	735	GARBA Issaka	NIG	VINOGRADOV Pavel	RUS	PTF	2:0
european-club-championships-2026	Senior Men -58kg	QF	740	SOKOLOWSKI Antoni	POL	DIMITROPOULOS Konstantinos	GRE	PTF	2:0
european-club-championships-2026	Senior Men -58kg	QF	741	KAPLAN Enes	TUR	VASILIC Todor	SRB	PTF	2:0
european-club-championships-2026	Senior Men -58kg	QF	742	DZHIOEV Igor	RUS	ELIA Luigi antonio	ITA	PTF	2:1
european-club-championships-2026	Senior Men -58kg	QF	743	GARBA Issaka	NIG	VIVES SAEZ Isaac	ESP	PTF	2:0
european-club-championships-2026	Senior Men -58kg	SF	746	KAPLAN Enes	TUR	SOKOLOWSKI Antoni	POL	PTF	2:0
european-club-championships-2026	Senior Men -58kg	SF	747	GARBA Issaka	NIG	DZHIOEV Igor	RUS	PTF	2:0
european-club-championships-2026	Senior Men -58kg	F	750	GARBA Issaka	NIG	KAPLAN Enes	TUR	PTF	2:0
european-club-championships-2026	Senior Men -63kg	R64	501	GUSEINOV Damir	RUS	DIMOU Paulos	GRE	PTF	2:0
european-club-championships-2026	Senior Men -63kg	R64	502	PASTORE Riccardo	ITA	SOLTYSIAK Jakub	POL	PTF	2:0
european-club-championships-2026	Senior Men -63kg	R64	503	CURKOVIC Marin	CRO	CVETKOVSKI Aleksandar	MKD	PTF	2:0
european-club-championships-2026	Senior Men -63kg	R64	504	LAKII Egor	RUS	CAVALIC Eman	BIH	PTF	2:0
european-club-championships-2026	Senior Men -63kg	R64	505	SERBETCI Nuri	TUR	ILIEV Aleksandar	BUL	PTF	2:0
european-club-championships-2026	Senior Men -63kg	R64	601	DEL VECCHIO Teodoro	ITA	KVIRAIA Giorgi	GEO	PTF	2:0
european-club-championships-2026	Senior Men -63kg	R64	602	VYKOV Umar	RUS	GARCIA VILLANUEVA Jorge	ESP	PTF	2:0
european-club-championships-2026	Senior Men -63kg	R64	603	TORNELLO Roberto Bruno	ITA	MELETIOU Thomas	GRE	PTF	2:0
european-club-championships-2026	Senior Men -63kg	R64	604	BALJAK Matej	CRO	VAREJAO Dinis	POR	PTF	2:1
european-club-championships-2026	Senior Men -63kg	R32	516	GUSEINOV Damir	RUS	MIRZOIEV Samir	UKR	PTF	2:0
european-club-championships-2026	Senior Men -63kg	R32	517	OROZCO GIL Sergio	ESP	DELEN Zafer Erdem	TUR	PTF	2:1
european-club-championships-2026	Senior Men -63kg	R32	518	OTER Ibrahim	TUR	PASTORE Riccardo	ITA	PTF	2:0
european-club-championships-2026	Senior Men -63kg	R32	519	CURKOVIC Marin	CRO	ALLEN Chris	USA	PTF	2:0
european-club-championships-2026	Senior Men -63kg	R32	520	LAKII Egor	RUS	PAPIEROWSKI Dominik	POL	PTF	2:0
european-club-championships-2026	Senior Men -63kg	R32	521	ELSERSY Omar	EGY	GUNES Ahmet Yetis	TUR	PTF	2:1
european-club-championships-2026	Senior Men -63kg	R32	522	ILHAN Serdar	TUR	PEREIRA Renato	POR	PTF	2:0
european-club-championships-2026	Senior Men -63kg	R32	523	KORNEEV Lev	SRB	SERBETCI Nuri	TUR	PTF	2:0
european-club-championships-2026	Senior Men -63kg	R32	615	DEL VECCHIO Teodoro	ITA	SAFARYN Piotr	POL	PTF	2:0
european-club-championships-2026	Senior Men -63kg	R32	616	KLJAJIC Nikola	SRB	KOVTUN Pavel	RUS	PTF	2:0
european-club-championships-2026	Senior Men -63kg	R32	617	KUZNIETSOV Artom	UKR	CANBOLAT Tughan Halil	TUR	PTF	2:0
european-club-championships-2026	Senior Men -63kg	R32	618	VYKOV Umar	RUS	PILAVAKIS Ioannis	CYP	PTF	2:1
european-club-championships-2026	Senior Men -63kg	R32	619	MIHAJLOVIC Vuk	SRB	TORNELLO Roberto Bruno	ITA	PTF	2:0
european-club-championships-2026	Senior Men -63kg	R32	620	BIRCAN Muhammed Utku	TUR	VUKOTIC Danilo	SRB	PTF	2:1
european-club-championships-2026	Senior Men -63kg	R32	621	BITSUEV Kantemir	RUS	NUKIC Esad	BIH	PTF	2:0
european-club-championships-2026	Senior Men -63kg	R32	622	BARETTA Eduardo	BRA	BALJAK Matej	CRO	PTF	2:0
european-club-championships-2026	Senior Men -63kg	R16	532	GUSEINOV Damir	RUS	OROZCO GIL Sergio	ESP	PTF	2:0
european-club-championships-2026	Senior Men -63kg	R16	533	OTER Ibrahim	TUR	CURKOVIC Marin	CRO	PTF	2:1
european-club-championships-2026	Senior Men -63kg	R16	534	LAKII Egor	RUS	ELSERSY Omar	EGY	PTF	2:0
european-club-championships-2026	Senior Men -63kg	R16	535	ILHAN Serdar	TUR	KORNEEV Lev	SRB	PTF	2:1
european-club-championships-2026	Senior Men -63kg	R16	631	DEL VECCHIO Teodoro	ITA	KLJAJIC Nikola	SRB	PTF	2:0
european-club-championships-2026	Senior Men -63kg	R16	632	VYKOV Umar	RUS	KUZNIETSOV Artom	UKR	PTF	2:0
european-club-championships-2026	Senior Men -63kg	R16	633	BIRCAN Muhammed Utku	TUR	MIHAJLOVIC Vuk	SRB	PTF	2:1
european-club-championships-2026	Senior Men -63kg	R16	634	BITSUEV Kantemir	RUS	BARETTA Eduardo	BRA	PTF	2:1
european-club-championships-2026	Senior Men -63kg	QF	544	OTER Ibrahim	TUR	GUSEINOV Damir	RUS	PTF	2:1
european-club-championships-2026	Senior Men -63kg	QF	545	ILHAN Serdar	TUR	LAKII Egor	RUS	PTF	2:0
european-club-championships-2026	Senior Men -63kg	QF	639	DEL VECCHIO Teodoro	ITA	VYKOV Umar	RUS	PTF	2:1
european-club-championships-2026	Senior Men -63kg	QF	640	BITSUEV Kantemir	RUS	BIRCAN Muhammed Utku	TUR	PTF	2:0
european-club-championships-2026	Senior Men -63kg	SF	643	DEL VECCHIO Teodoro	ITA	BITSUEV Kantemir	RUS	PTF	2:0
european-club-championships-2026	Senior Men -63kg	SF	644	OTER Ibrahim	TUR	ILHAN Serdar	TUR	PTF	2:0
european-club-championships-2026	Senior Men -63kg	F	651	OTER Ibrahim	TUR	DEL VECCHIO Teodoro	ITA	PTF	2:0
european-club-championships-2026	Senior Men -68kg	R64	101	DEINICHENKO Aleksandr	RUS	CAMMARATA Matteo	ITA	PTF	2:0
european-club-championships-2026	Senior Men -68kg	R64	102	SOUSA DE OLIVEIRA Francisco	POR	KAHRAMAN Abdurrahman	TUR	PTF	2:0
european-club-championships-2026	Senior Men -68kg	R64	103	COMBAS Ihsan	TUR	MAGGIOLO Stefano	ITA	PTF	2:0
european-club-championships-2026	Senior Men -68kg	R64	104	GURBANOV Marat	RUS	BEVANDA Josip	BIH	PTF	2:0
european-club-championships-2026	Senior Men -68kg	R64	201	MIKHAILIN Timur	RUS	KEKLIK Mehmet Efe	TUR	PTF	2:0
european-club-championships-2026	Senior Men -68kg	R64	202	MILIĆEVIĆ David	CRO	GORGIOVSKI Damjan	MKD	PTF	2:0
european-club-championships-2026	Senior Men -68kg	R64	203	SIMONOVSKI Hristijan	MKD	KOWALEWSKI Rafal	POL	PTF	2:1
european-club-championships-2026	Senior Men -68kg	R64	204	CAKIR Nusret Efe	TUR	ASSANTE DI CUPILLO Alessandro	ITA	PTF	2:0
european-club-championships-2026	Senior Men -68kg	R32	114	BYSTROV Volodymyr	UKR	DEINICHENKO Aleksandr	RUS	PTF	2:0
european-club-championships-2026	Senior Men -68kg	R32	115	PERCIN Emir	TUR	DE FAZIO Antonios	GRE	PTF	2:0
european-club-championships-2026	Senior Men -68kg	R32	116	CAVUSMAN Aslan eymen	GER	HONCHAR Nikita	UKR	PTF	2:0
european-club-championships-2026	Senior Men -68kg	R32	117	ROMERO Ian	PAN	SOUSA DE OLIVEIRA Francisco	POR	PTF	2:1
european-club-championships-2026	Senior Men -68kg	R32	118	SPEIGHT Leo	ISL	COMBAS Ihsan	TUR	PTF	2:0
european-club-championships-2026	Senior Men -68kg	R32	119	MAGERRAMOV Dzhavid	RUS	NIKOLAIDIS Alexios	GRE	PTF	2:0
european-club-championships-2026	Senior Men -68kg	R32	120	GIORDANO Riccardo	ITA	RIBBESTAD Markus	SWE	PTF	2:0
european-club-championships-2026	Senior Men -68kg	R32	121	ABBASI Ali reza	AFG	GURBANOV Marat	RUS	PTF	2:0
european-club-championships-2026	Senior Men -68kg	R32	218	DJONKO Muhamed	BIH	MIKHAILIN Timur	RUS	PTF	2:1
european-club-championships-2026	Senior Men -68kg	R32	219	PAPPAS Lampros	GRE	STANIC Novak	SRB	PTF	2:0
european-club-championships-2026	Senior Men -68kg	R32	220	OZDEMIR Eren	TUR	PARLAPIANO Cristian	ITA	PTF	2:0
european-club-championships-2026	Senior Men -68kg	R32	221	MANDIC Milos	SRB	MILIĆEVIĆ David	CRO	PTF	2:0
european-club-championships-2026	Senior Men -68kg	R32	224	GUILLET Erawan	FRA	GKOLEMIS Ioannis christos	GRE	PTF	2:0
european-club-championships-2026	Senior Men -68kg	R32	225	KRAJISNIK Zarko	SRB	CAKIR Nusret Efe	TUR	PTF	2:0
european-club-championships-2026	Senior Men -68kg	R32	626.1	AL GHOTANY Yahya	TRT	SIMONOVSKI Hristijan	MKD	PTF	2:0
european-club-championships-2026	Senior Men -68kg	R32	626.2	VEGA GAITAN Rommel alejandro	ESP	ABDULKADYROV Magomedrasul	RUS	PTF	2:0
european-club-championships-2026	Senior Men -68kg	R16	130	BYSTROV Volodymyr	UKR	PERCIN Emir	TUR	PTF	2:0
european-club-championships-2026	Senior Men -68kg	R16	131	CAVUSMAN Aslan eymen	GER	ROMERO Ian	PAN	PTF	2:0
european-club-championships-2026	Senior Men -68kg	R16	132	MAGERRAMOV Dzhavid	RUS	SPEIGHT Leo	ISL	PTF	2:0
european-club-championships-2026	Senior Men -68kg	R16	133	ABBASI Ali reza	AFG	GIORDANO Riccardo	ITA	PTF	2:0
european-club-championships-2026	Senior Men -68kg	R16	236	VEGA GAITAN Rommel alejandro	ESP	AL GHOTANY Yahya	TRT	PTF	2:0
european-club-championships-2026	Senior Men -68kg	R16	237	KRAJISNIK Zarko	SRB	GUILLET Erawan	FRA	PTF	2:0
european-club-championships-2026	Senior Men -68kg	R16	337.1	DJONKO Muhamed	BIH	PAPPAS Lampros	GRE	PTF	2:0
european-club-championships-2026	Senior Men -68kg	R16	634.1	OZDEMIR Eren	TUR	MANDIC Milos	SRB	PTF	2:0
european-club-championships-2026	Senior Men -68kg	QF	142	CAVUSMAN Aslan eymen	GER	BYSTROV Volodymyr	UKR	PTF	2:0
european-club-championships-2026	Senior Men -68kg	QF	143	MAGERRAMOV Dzhavid	RUS	ABBASI Ali reza	AFG	PTF	2:0
european-club-championships-2026	Senior Men -68kg	QF	242	OZDEMIR Eren	TUR	DJONKO Muhamed	BIH	PTF	2:0
european-club-championships-2026	Senior Men -68kg	QF	243	VEGA GAITAN Rommel alejandro	ESP	KRAJISNIK Zarko	SRB	PTF	2:0
european-club-championships-2026	Senior Men -68kg	SF	246	MAGERRAMOV Dzhavid	RUS	CAVUSMAN Aslan eymen	GER	PTF	2:0
european-club-championships-2026	Senior Men -68kg	SF	247	OZDEMIR Eren	TUR	VEGA GAITAN Rommel alejandro	ESP	PTF	2:0
european-club-championships-2026	Senior Men -68kg	F	250	MAGERRAMOV Dzhavid	RUS	OZDEMIR Eren	TUR	PTF	2:0
european-club-championships-2026	Senior Men -74kg	R32	401	AKTAS Efe Yagiz	TUR	MAGOMEDOV Magomed	RUS	PTF	2:0
european-club-championships-2026	Senior Men -74kg	R32	402	NIKOLAOU Nikolas	CYP	AYDIN Furkan	TUR	PTF	2:1
european-club-championships-2026	Senior Men -74kg	R32	403	BURUSIC Marko	SRB	KRNJAIC Filip	CRO	PTF	2:0
european-club-championships-2026	Senior Men -74kg	R32	404	KAVURAT Ferhat can	TUR	TSAKAS CHRISTOU Nikolaos	GRE	PTF	2:0
european-club-championships-2026	Senior Men -74kg	R32	405	ZELENKO Vladyslav	UKR	SUBOTIC Vojin	SRB	PTF	2:0
european-club-championships-2026	Senior Men -74kg	R32	406	HRYHORCHUK Andrii	UKR	REIS Tiago	POR	PTF	2:0
european-club-championships-2026	Senior Men -74kg	R32	407	ABDOUNI Abdelhamid	MAR	SANZ RUIZ Alejandro	ESP	PTF	2:0
european-club-championships-2026	Senior Men -74kg	R32	408	DUGAC Grga	CRO	BABAZADE Vagif	AZE	PTF	2:0
european-club-championships-2026	Senior Men -74kg	R32	409	DAVIDOVIC Matija	SRB	FERNANDEZ BORREGO Alvaro	ESP	PTF	2:0
european-club-championships-2026	Senior Men -74kg	R32	410	PANASENKOV Kirill	RUS	DONMEZ Ege Arda	TUR	PTF	2:0
european-club-championships-2026	Senior Men -74kg	R32	411	AYAZ Alperen	TUR	KORSAK Mykhailo	UKR	PTF	2:1
european-club-championships-2026	Senior Men -74kg	R32	412	COSTA Diogo rafael alves da	POR	BOZINOVSKI David	MKD	PTF	2:1
european-club-championships-2026	Senior Men -74kg	R32	413	ALIAN Ali	SWE	CAMPUSANO ESTEVEZ Juan Daniel	ESP	PTF	2:0
european-club-championships-2026	Senior Men -74kg	R32	414	AVRAMOV Bozhidar	BUL	TUFAN Yakuphan	TUR	PTF	2:0
european-club-championships-2026	Senior Men -74kg	R32	415	HUSIC Benjamin	BIH	LONCAR Nikola	SRB	PTF	2:0
european-club-championships-2026	Senior Men -74kg	R16	421	RODRIGUES Victor	USA	AKTAS Efe Yagiz	TUR	RSC	1:0
european-club-championships-2026	Senior Men -74kg	R16	422	BURUSIC Marko	SRB	NIKOLAOU Nikolas	CYP	PTF	2:1
european-club-championships-2026	Senior Men -74kg	R16	423	KAVURAT Ferhat can	TUR	ZELENKO Vladyslav	UKR	PTF	2:1
european-club-championships-2026	Senior Men -74kg	R16	424	ABDOUNI Abdelhamid	MAR	HRYHORCHUK Andrii	UKR	PTF	2:1
european-club-championships-2026	Senior Men -74kg	R16	425	DUGAC Grga	CRO	DAVIDOVIC Matija	SRB	PTF	2:0
european-club-championships-2026	Senior Men -74kg	R16	426	AYAZ Alperen	TUR	PANASENKOV Kirill	RUS	PTF	2:0
european-club-championships-2026	Senior Men -74kg	R16	427	ALIAN Ali	SWE	COSTA Diogo rafael alves da	POR	PTF	2:0
european-club-championships-2026	Senior Men -74kg	R16	428	HUSIC Benjamin	BIH	AVRAMOV Bozhidar	BUL	PTF	2:0
european-club-championships-2026	Senior Men -74kg	QF	437	RODRIGUES Victor	USA	BURUSIC Marko	SRB	PTF	2:0
european-club-championships-2026	Senior Men -74kg	QF	438	KAVURAT Ferhat can	TUR	ABDOUNI Abdelhamid	MAR	PTF	2:0
european-club-championships-2026	Senior Men -74kg	QF	439	AYAZ Alperen	TUR	DUGAC Grga	CRO	PTF	2:1
european-club-championships-2026	Senior Men -74kg	QF	440	HUSIC Benjamin	BIH	ALIAN Ali	SWE	PTF	2:0
european-club-championships-2026	Senior Men -74kg	SF	445	RODRIGUES Victor	USA	KAVURAT Ferhat can	TUR	PTF	2:0
european-club-championships-2026	Senior Men -74kg	SF	446	HUSIC Benjamin	BIH	AYAZ Alperen	TUR	PTF	2:0
european-club-championships-2026	Senior Men -74kg	F	449	RODRIGUES Victor	USA	HUSIC Benjamin	BIH	WDR	
european-club-championships-2026	Senior Men -80kg	R32	702	ZINATO Cristian	ITA	HORVAT Sven	CRO	WDR	
european-club-championships-2026	Senior Men -80kg	R32	703	ZUNZARREN ELVERDIN Inigo	ESP	PIROS Daniel	HUN	PTF	2:0
european-club-championships-2026	Senior Men -80kg	R16	720	KOVACIC Oscar	CRO	ZINATO Cristian	ITA	PTF	2:0
european-club-championships-2026	Senior Men -80kg	R16	721	CHEHADE Mohamad	SWE	RASZKOWSKI Wiktor	POL	PTF	2:1
european-club-championships-2026	Senior Men -80kg	R16	722	SAROGLU Ferhat Muhammet	TUR	BALAKA Artem	UKR	WDR	2:1
european-club-championships-2026	Senior Men -80kg	R16	723	CHARALAMBOUS Evangelos	CYP	GONZALEZ NUNEZ Giovanni	ESP	PTF	2:0
european-club-championships-2026	Senior Men -80kg	R16	724	HUSIC Nedzad	BIH	SEREMET Nino	BIH	PTF	2:0
european-club-championships-2026	Senior Men -80kg	R16	725	SULEAC Dmitrii	MDA	YEFIMOV Oleksandr	UKR	PTF	2:0
european-club-championships-2026	Senior Men -80kg	R16	726	MUSKEVITS Aleksandr	EST	LAWSON Matheo	SWE	PTF	2:0
european-club-championships-2026	Senior Men -80kg	R16	727	HRGOTA Leon	CRO	ZUNZARREN ELVERDIN Inigo	ESP	PTF	2:0
european-club-championships-2026	Senior Men -80kg	QF	736	KOVACIC Oscar	CRO	CHEHADE Mohamad	SWE	PTF	2:0
european-club-championships-2026	Senior Men -80kg	QF	737	SAROGLU Ferhat Muhammet	TUR	CHARALAMBOUS Evangelos	CYP	PTF	2:1
european-club-championships-2026	Senior Men -80kg	QF	738	SULEAC Dmitrii	MDA	HUSIC Nedzad	BIH	PTF	2:0
european-club-championships-2026	Senior Men -80kg	QF	739	HRGOTA Leon	CRO	MUSKEVITS Aleksandr	EST	PTF	2:0
european-club-championships-2026	Senior Men -80kg	SF	744	KOVACIC Oscar	CRO	SAROGLU Ferhat Muhammet	TUR	WDR	2:1
european-club-championships-2026	Senior Men -80kg	SF	745	HRGOTA Leon	CRO	SULEAC Dmitrii	MDA	PTF	2:0
european-club-championships-2026	Senior Men -80kg	F	748	HRGOTA Leon	CRO	KOVACIC Oscar	CRO	PTF	2:0
european-club-championships-2026	Senior Men -87kg	R16	811	KARTAL Huseyin	TUR	KARAKOC Sadullah	TUR	PTF	2:0
european-club-championships-2026	Senior Men -87kg	R16	812	ELSHEIKH Adham	EGY	SNACOV Laurentiu	ROU	PTF	2:0
european-club-championships-2026	Senior Men -87kg	R16	813	RASIDAGIC Jusuf-Ali	BIH	STOJANOVIC Stefan	SRB	PTF	2:0
european-club-championships-2026	Senior Men -87kg	R16	814	ZAGORULKO Andrei	RUS	SENOL Yusuf	TUR	PTF	2:1
european-club-championships-2026	Senior Men -87kg	R16	815	AJDUKOVIC Dimitrije	SRB	JELIC Tomislav	CRO	PTF	2:0
european-club-championships-2026	Senior Men -87kg	QF	830	BILIC PAVLINOVIC Josip	CRO	KARTAL Huseyin	TUR	PTF	2:0
european-club-championships-2026	Senior Men -87kg	QF	831	ELSHEIKH Adham	EGY	RASIDAGIC Jusuf-Ali	BIH	WDR	1:0
european-club-championships-2026	Senior Men -87kg	QF	832	RODRIGUEZ Michael c.	USA	ZAGORULKO Andrei	RUS	PTF	2:0
european-club-championships-2026	Senior Men -87kg	QF	833	NUCI Erol	BIH	AJDUKOVIC Dimitrije	SRB	PTF	2:1
european-club-championships-2026	Senior Men -87kg	SF	842	BILIC PAVLINOVIC Josip	CRO	ELSHEIKH Adham	EGY	PTF	2:1
european-club-championships-2026	Senior Men -87kg	SF	843	RODRIGUEZ Michael c.	USA	NUCI Erol	BIH	PTF	2:0
european-club-championships-2026	Senior Men -87kg	F	848	RODRIGUEZ Michael c.	USA	BILIC PAVLINOVIC Josip	CRO	PTF	2:1
european-club-championships-2026	Senior Men +87kg	R16	506	PUSHKIN Kirill	RUS	GRUJICIC Ognjen	SRB	PTF	2:0
european-club-championships-2026	Senior Men +87kg	R16	507	GOICOCHEA HENRY Yoikel daniel	CUB	ILLIANO Ciro	ITA	PTF	2:0
european-club-championships-2026	Senior Men +87kg	R16	508	CURABAZ Sergen	TUR	ANDREOU Petros	CYP	PTF	2:0
european-club-championships-2026	Senior Men +87kg	R16	509	ATESLI Emre kutalmis	TUR	KRASIKOV Dmitrii	RUS	PTF	2:0
european-club-championships-2026	Senior Men +87kg	R16	510	EISSA Seif	EGY	LAURENT Jonathan	MRN	PTF	2:0
european-club-championships-2026	Senior Men +87kg	R16	511	SAIDI Isa	AUT	ABAZOVIC Hamza	BIH	PTF	2:1
european-club-championships-2026	Senior Men +87kg	QF	540	BOZIC Pasko	CRO	PUSHKIN Kirill	RUS	PTF	2:1
european-club-championships-2026	Senior Men +87kg	QF	541	GOICOCHEA HENRY Yoikel daniel	CUB	CURABAZ Sergen	TUR	PTF	2:0
european-club-championships-2026	Senior Men +87kg	QF	542	EISSA Seif	EGY	ATESLI Emre kutalmis	TUR	PTF	2:0
european-club-championships-2026	Senior Men +87kg	QF	543	GEORGIEVSKI Dejan	MKD	SAIDI Isa	AUT	PTF	2:0
european-club-championships-2026	Senior Men +87kg	SF	548	BOZIC Pasko	CRO	GOICOCHEA HENRY Yoikel daniel	CUB	PTF	2:1
european-club-championships-2026	Senior Men +87kg	SF	549	EISSA Seif	EGY	GEORGIEVSKI Dejan	MKD	PTF	2:0
european-club-championships-2026	Senior Men +87kg	F	552	EISSA Seif	EGY	BOZIC Pasko	CRO	PTF	2:0
european-club-championships-2026	Senior Women -46kg	R32	105	CRISCUOLO Anna	ITA	KAYA Damla	TUR	PTF	2:0
european-club-championships-2026	Senior Women -46kg	R32	106	YILMAZ Damla nur	TUR	NHI ACEBAL VILA Lluna	ESP	PTF	2:0
european-club-championships-2026	Senior Women -46kg	R16	122	MAKAS Dzejla	BIH	CRISCUOLO Anna	ITA	PTF	2:0
european-club-championships-2026	Senior Women -46kg	R16	123	PAVLOVA Mariia	RUS	MORENO MUNOZ Erkuden jinxin	ESP	PTF	2:0
european-club-championships-2026	Senior Women -46kg	R16	124	KAMALUTDINOVA Aminat	RUS	GALECKA Hanna	POL	PTF	2:0
european-club-championships-2026	Senior Women -46kg	R16	125	NORDH Olivia	SWE	LOPEZ RAMIREZ Leyre	ESP	PTF	2:1
european-club-championships-2026	Senior Women -46kg	R16	126	GULIYEVA Salima	AZE	FIDALGO Iara	POR	PTF	2:0
european-club-championships-2026	Senior Women -46kg	R16	127	PANTENKOVA Viktoria	RUS	QUINONERO MEDINA Nuria	ESP	PTF	2:0
european-club-championships-2026	Senior Women -46kg	R16	128	PAVLOVA Ekaterina	RUS	RODRIGUEZ ROMAN Lucia	ESP	PTF	2:0
european-club-championships-2026	Senior Women -46kg	R16	129	STURARI Alessia	ITA	YILMAZ Damla nur	TUR	PTF	2:0
european-club-championships-2026	Senior Women -46kg	QF	138	MAKAS Dzejla	BIH	PAVLOVA Mariia	RUS	PTF	2:0
european-club-championships-2026	Senior Women -46kg	QF	139	KAMALUTDINOVA Aminat	RUS	NORDH Olivia	SWE	PTF	2:0
european-club-championships-2026	Senior Women -46kg	QF	140	GULIYEVA Salima	AZE	PANTENKOVA Viktoria	RUS	PTF	2:1
european-club-championships-2026	Senior Women -46kg	QF	141	STURARI Alessia	ITA	PAVLOVA Ekaterina	RUS	PTF	2:0
european-club-championships-2026	Senior Women -46kg	SF	146	MAKAS Dzejla	BIH	KAMALUTDINOVA Aminat	RUS	PTF	2:0
european-club-championships-2026	Senior Women -46kg	SF	147	STURARI Alessia	ITA	GULIYEVA Salima	AZE	PTF	2:0
european-club-championships-2026	Senior Women -46kg	F	150	MAKAS Dzejla	BIH	STURARI Alessia	ITA	PTF	2:1
european-club-championships-2026	Senior Women -49kg	R32	301	PAPADOPOULOU Vasiliki	GRE	GUNDUZ Canan	TUR	PTF	2:0
european-club-championships-2026	Senior Women -49kg	R32	302	HURTADO TAPIA Jireh	BOL	YESILTAS Busra	TUR	PTF	2:0
european-club-championships-2026	Senior Women -49kg	R32	303	DODIK Nika	CRO	BULBUL Merve	TUR	PTF	2:0
european-club-championships-2026	Senior Women -49kg	R32	304	KLISOWSKA Zuzanna	POL	LUIRO Enna	FIN	PTF	2:0
european-club-championships-2026	Senior Women -49kg	R32	305	DEMIR Aleyna	TUR	BRAJOVIC Iva	SRB	PTF	2:0
european-club-championships-2026	Senior Women -49kg	R32	306	PUCHKINA Evgeniia	RUS	BAJER Wiktoria	POL	PTF	2:0
european-club-championships-2026	Senior Women -49kg	R32	307	KRAJEWSKA Nikola	POL	TEZGELDI Damla	TUR	PTF	2:0
european-club-championships-2026	Senior Women -49kg	R32	308	MARINOVA Teodora	BUL	GUNEY Rabia	TUR	PTF	2:0
european-club-championships-2026	Senior Women -49kg	R32	309	ULUSOY Mulkiye Ece	TUR	GALVEZ CAIRON Gema	ESP	PTF	2:1
european-club-championships-2026	Senior Women -49kg	R32	310	GUSEINOVA Aziza	RUS	NINIC Tina	SRB	PTF	2:0
european-club-championships-2026	Senior Women -49kg	R32	311	KOUTROUMPI Kalliopi	GRE	AKSAKALLI Sudenur	TUR	PTF	2:0
european-club-championships-2026	Senior Women -49kg	R32	312	SILVA NAZARIO Julia	BRA	GAYE Serrah	FRA	PTF	2:0
european-club-championships-2026	Senior Women -49kg	R32	313	PATRICIO Ana Rita	POR	KELC Emma	SWE	PTF	2:0
european-club-championships-2026	Senior Women -49kg	R16	318	KRAJEWSKA Alicja	POL	PAPADOPOULOU Vasiliki	GRE	PTF	2:1
european-club-championships-2026	Senior Women -49kg	R16	319	DODIK Nika	CRO	HURTADO TAPIA Jireh	BOL	PTF	2:0
european-club-championships-2026	Senior Women -49kg	R16	320	DEMIR Aleyna	TUR	KLISOWSKA Zuzanna	POL	PTF	2:0
european-club-championships-2026	Senior Women -49kg	R16	321	PUCHKINA Evgeniia	RUS	KRAJEWSKA Nikola	POL	PTF	2:1
european-club-championships-2026	Senior Women -49kg	R16	322	MAKAS Ejla	BIH	MARINOVA Teodora	BUL	PTF	2:1
european-club-championships-2026	Senior Women -49kg	R16	323	GUSEINOVA Aziza	RUS	ULUSOY Mulkiye Ece	TUR	PTF	2:0
european-club-championships-2026	Senior Women -49kg	R16	324	KOUTROUMPI Kalliopi	GRE	SILVA NAZARIO Julia	BRA	PTF	2:0
european-club-championships-2026	Senior Women -49kg	R16	325	EREMINA Viktoriya	RUS	PATRICIO Ana Rita	POR	PTF	2:0
european-club-championships-2026	Senior Women -49kg	QF	338	KRAJEWSKA Alicja	POL	DODIK Nika	CRO	PTF	2:1
european-club-championships-2026	Senior Women -49kg	QF	339	DEMIR Aleyna	TUR	PUCHKINA Evgeniia	RUS	PTF	2:0
european-club-championships-2026	Senior Women -49kg	QF	340	GUSEINOVA Aziza	RUS	MAKAS Ejla	BIH	PTF	2:1
european-club-championships-2026	Senior Women -49kg	QF	341	KOUTROUMPI Kalliopi	GRE	EREMINA Viktoriya	RUS	PTF	2:1
european-club-championships-2026	Senior Women -49kg	SF	344	KRAJEWSKA Alicja	POL	DEMIR Aleyna	TUR	PTF	2:1
european-club-championships-2026	Senior Women -49kg	SF	345	KOUTROUMPI Kalliopi	GRE	GUSEINOVA Aziza	RUS	PTF	2:1
european-club-championships-2026	Senior Women -49kg	F	348	KOUTROUMPI Kalliopi	GRE	KRAJEWSKA Alicja	POL	PTF	2:0
european-club-championships-2026	Senior Women -53kg	R32	205	BEZIRGANCI Azra	TUR	FLORENCIO Matilde	POR	PTF	2:0
european-club-championships-2026	Senior Women -53kg	R32	206	BUTTARELLI Aurelie	FRA	GAVRILOVIC Irina	SRB	PTF	2:1
european-club-championships-2026	Senior Women -53kg	R32	207	KRAISNIK Katarina	BIH	NUNEZ GUIJO Alicia	ESP	PTF	2:0
european-club-championships-2026	Senior Women -53kg	R32	208	SPASOJEVIC Sara	CRO	CANOVAS ROCA Natalia	ESP	PTF	2:0
european-club-championships-2026	Senior Women -53kg	R32	209	DOVZHANYN Diana	UKR	DUARTE MOREIRA Lara	POR	PTF	2:0
european-club-championships-2026	Senior Women -53kg	R32	210	NSANGU MORALES June	ESP	GEORGIADOU Gesthimani	GRE	PTF	2:1
european-club-championships-2026	Senior Women -53kg	R32	211	KLAKALA Magdalini	GRE	KOSAR Damla	TUR	PTF	2:0
european-club-championships-2026	Senior Women -53kg	R32	212	KOKOC Zeynep Duru	TUR	MORA DOMINGUEZ Margarita	ESP	PTF	2:0
european-club-championships-2026	Senior Women -53kg	R32	213	GURBUZ Hayrunnisa	TUR	MAMMADOVA Ayan	AZE	PTF	2:0
european-club-championships-2026	Senior Women -53kg	R32	214	STANKOVIC Vanja	SRB	SHAVADZE Lina	GEO	PTF	2:0
european-club-championships-2026	Senior Women -53kg	R32	215	SANGARE Mariam	GER	GARCIA CORTES Paula	ESP	PTF	2:0
european-club-championships-2026	Senior Women -53kg	R32	216	LEVAKOVA Veronika	RUS	ECHANIZ CLAVER Leire	ESP	PTF	2:0
european-club-championships-2026	Senior Women -53kg	R32	217	SZYMCZAK Aleksandra	POL	HARRISON Olivia	GBR	PTF	2:0
european-club-championships-2026	Senior Women -53kg	R16	226	AVDAGIC Ada	BIH	BEZIRGANCI Azra	TUR	PTF	2:0
european-club-championships-2026	Senior Women -53kg	R16	227	KRAISNIK Katarina	BIH	BUTTARELLI Aurelie	FRA	PTF	2:1
european-club-championships-2026	Senior Women -53kg	R16	228	SPASOJEVIC Sara	CRO	DOVZHANYN Diana	UKR	PTF	2:0
european-club-championships-2026	Senior Women -53kg	R16	229	KLAKALA Magdalini	GRE	NSANGU MORALES June	ESP	PTF	2:0
european-club-championships-2026	Senior Women -53kg	R16	230	BOKAN Andrea	SRB	KOKOC Zeynep Duru	TUR	PTF	2:0
european-club-championships-2026	Senior Women -53kg	R16	231	GURBUZ Hayrunnisa	TUR	STANKOVIC Vanja	SRB	PTF	2:1
european-club-championships-2026	Senior Women -53kg	R16	232	LEVAKOVA Veronika	RUS	SANGARE Mariam	GER	PTF	2:0
european-club-championships-2026	Senior Women -53kg	R16	233	EL BOUCHTI Oumaima	MAR	SZYMCZAK Aleksandra	POL	PTF	2:0
european-club-championships-2026	Senior Women -53kg	QF	238	AVDAGIC Ada	BIH	KRAISNIK Katarina	BIH	PTF	2:0
european-club-championships-2026	Senior Women -53kg	QF	239	KLAKALA Magdalini	GRE	SPASOJEVIC Sara	CRO	PTF	2:0
european-club-championships-2026	Senior Women -53kg	QF	240	GURBUZ Hayrunnisa	TUR	BOKAN Andrea	SRB	PTF	2:1
european-club-championships-2026	Senior Women -53kg	QF	241	EL BOUCHTI Oumaima	MAR	LEVAKOVA Veronika	RUS	PTF	2:1
european-club-championships-2026	Senior Women -53kg	SF	244	AVDAGIC Ada	BIH	KLAKALA Magdalini	GRE	PTF	2:0
european-club-championships-2026	Senior Women -53kg	SF	245	GURBUZ Hayrunnisa	TUR	EL BOUCHTI Oumaima	MAR	PTF	2:1
european-club-championships-2026	Senior Women -53kg	F	248	GURBUZ Hayrunnisa	TUR	AVDAGIC Ada	BIH	PTF	2:1
european-club-championships-2026	Senior Women -57kg	R64	314	MARKOVIC Dejana	BIH	CICCARELLI Ivana	ITA	PTF	2:0
european-club-championships-2026	Senior Women -57kg	R64	315	SAROKINA Uladzislava	BLR	JURLIN Nina	CRO	PTF	2:0
european-club-championships-2026	Senior Women -57kg	R64	316	WROBEL Michalina	POL	KATSIGIANNI Panagiota	GRE	PTF	2:0
european-club-championships-2026	Senior Women -57kg	R64	317	BLESA SILES Eva	ESP	KARAOGLAN Aysenaz	TUR	PTF	2:0
european-club-championships-2026	Senior Women -57kg	R64	512	KUNITSKAIA Milana	RUS	EFTIMOVA Dragana	MKD	PTF	2:0
european-club-championships-2026	Senior Women -57kg	R64	513	MAZGAL Rumeysa	TUR	KESIC Helena	BIH	PTF	2:0
european-club-championships-2026	Senior Women -57kg	R64	514	VENIERI Dafni Vasiliki	GRE	ALVAREZ MANTECON Naya	ESP	PTF	2:0
european-club-championships-2026	Senior Women -57kg	R64	515	LO IACONO Carola Amelie	ITA	OSLOVAR Viktorija	CRO	WDR	
european-club-championships-2026	Senior Women -57kg	R32	326	LISOWSKA Nikol	POL	MARKOVIC Dejana	BIH	PTF	2:0
european-club-championships-2026	Senior Women -57kg	R32	327	SEVO Milica	SRB	KARLSSON Alma friis	DEN	PTF	2:0
european-club-championships-2026	Senior Women -57kg	R32	328	ORTIZ BENITO Arlet	ESP	LYTVYNENKO Kira	UKR	PTG	2:0
european-club-championships-2026	Senior Women -57kg	R32	329	SAROKINA Uladzislava	BLR	RADAK Teodora	SRB	PTF	2:0
european-club-championships-2026	Senior Women -57kg	R32	330	KUCHINA Viktorya	RUS	WROBEL Michalina	POL	PTF	2:0
european-club-championships-2026	Senior Women -57kg	R32	331	BENETTI Ines	FRA	GUAITA Greta	ITA	PTF	2:1
european-club-championships-2026	Senior Women -57kg	R32	332	KUKIC Iva	SRB	MONTEIRO Maisa	POR	PTF	2:0
european-club-championships-2026	Senior Women -57kg	R32	333	SMIRNOVA Kseniia	RUS	BLESA SILES Eva	ESP	PTF	2:0
european-club-championships-2026	Senior Women -57kg	R32	524	VUKIC Margarita	CRO	KUNITSKAIA Milana	RUS	PTF	2:1
european-club-championships-2026	Senior Women -57kg	R32	525	DE FAZIO Ioanna	GRE	HASAN Gizem	TUR	PTF	2:0
european-club-championships-2026	Senior Women -57kg	R32	526	OLESZCZUK Lucja	POL	DOMINGUEZ VARGAS Marta	ESP	PTF	2:1
european-club-championships-2026	Senior Women -57kg	R32	527	SEREDA Julia	POL	MAZGAL Rumeysa	TUR	PTF	2:0
european-club-championships-2026	Senior Women -57kg	R32	528	WOLF Jessica	GER	VENIERI Dafni Vasiliki	GRE	PTF	2:0
european-club-championships-2026	Senior Women -57kg	R32	529	DURDU Eylul Mina	TUR	STOJANOVIC Nina	SRB	PTF	2:1
european-club-championships-2026	Senior Women -57kg	R32	530	OZBEY Oyku	TUR	KOSTADINOVA Stanislava	BUL	PTF	2:0
european-club-championships-2026	Senior Women -57kg	R32	531	ROVITHIS Anastasia	GER	LO IACONO Carola Amelie	ITA	PTF	2:0
european-club-championships-2026	Senior Women -57kg	R16	334	LISOWSKA Nikol	POL	SEVO Milica	SRB	PTF	2:0
european-club-championships-2026	Senior Women -57kg	R16	335	ORTIZ BENITO Arlet	ESP	SAROKINA Uladzislava	BLR	PTF	2:0
european-club-championships-2026	Senior Women -57kg	R16	336	KUCHINA Viktorya	RUS	BENETTI Ines	FRA	PTF	2:0
european-club-championships-2026	Senior Women -57kg	R16	337	SMIRNOVA Kseniia	RUS	KUKIC Iva	SRB	PTF	2:0
european-club-championships-2026	Senior Women -57kg	R16	536	VUKIC Margarita	CRO	DE FAZIO Ioanna	GRE	PTF	2:0
european-club-championships-2026	Senior Women -57kg	R16	537	OLESZCZUK Lucja	POL	SEREDA Julia	POL	PTF	2:0
european-club-championships-2026	Senior Women -57kg	R16	538	DURDU Eylul Mina	TUR	WOLF Jessica	GER	PTF	2:0
european-club-championships-2026	Senior Women -57kg	R16	539	OZBEY Oyku	TUR	ROVITHIS Anastasia	GER	PTF	2:0
european-club-championships-2026	Senior Women -57kg	QF	342	ORTIZ BENITO Arlet	ESP	LISOWSKA Nikol	POL	PTF	2:0
european-club-championships-2026	Senior Women -57kg	QF	343	KUCHINA Viktorya	RUS	SMIRNOVA Kseniia	RUS	PTF	2:0
european-club-championships-2026	Senior Women -57kg	QF	546	VUKIC Margarita	CRO	OLESZCZUK Lucja	POL	PTF	2:0
european-club-championships-2026	Senior Women -57kg	QF	547	DURDU Eylul Mina	TUR	OZBEY Oyku	TUR	PTF	2:1
european-club-championships-2026	Senior Women -57kg	SF	346	ORTIZ BENITO Arlet	ESP	KUCHINA Viktorya	RUS	PTF	2:0
european-club-championships-2026	Senior Women -57kg	SF	350	DURDU Eylul Mina	TUR	VUKIC Margarita	CRO	PTF	2:1
european-club-championships-2026	Senior Women -57kg	F	353	ORTIZ BENITO Arlet	ESP	DURDU Eylul Mina	TUR	PTF	2:0
european-club-championships-2026	Senior Women -62kg	R32	605	BADMAEVA Dayana	RUS	CAVAR Ivana	BIH	PTF	2:0
european-club-championships-2026	Senior Women -62kg	R32	606	STEVIC Serdja	SRB	RAAGMETS Carmen	EST	PTF	2:1
european-club-championships-2026	Senior Women -62kg	R32	607	SIRIN Dilara	TUR	CHEPELEUTS Sofiia	RUS	PTF	2:0
european-club-championships-2026	Senior Women -62kg	R32	608	SENGUN Ahsen	TUR	KRAISNIK Ivana	BIH	PTF	2:0
european-club-championships-2026	Senior Women -62kg	R32	609	SOSHNIKOVA Alisa	RUS	KIOSKEROGLOU Maria	GRE	PTF	2:1
european-club-championships-2026	Senior Women -62kg	R32	610	RANKOV Vanja	SRB	DUDNIKOVA Anastasiia	RUS	PTF	2:0
european-club-championships-2026	Senior Women -62kg	R32	611	KOWALKOWSKA Justyna	POL	BROMBERGER Lamprini	GRE	PTF	2:0
european-club-championships-2026	Senior Women -62kg	R32	612	TADIC Natali	CRO	EK Isabella	SWE	PTF	2:0
european-club-championships-2026	Senior Women -62kg	R32	613	CORREIA Leonor	POR	BERBIĆ Adna	BIH	PTF	2:0
european-club-championships-2026	Senior Women -62kg	R32	614	MAROTO CORREDOR Irene	ESP	CAKIR Beril Behiye	TUR	PTF	2:0
european-club-championships-2026	Senior Women -62kg	R16	623	BADMAEVA Dayana	RUS	CAKAL Sevval	TUR	PTF	2:0
european-club-championships-2026	Senior Women -62kg	R16	624	SIRIN Dilara	TUR	STEVIC Serdja	SRB	PTF	2:0
european-club-championships-2026	Senior Women -62kg	R16	625	GRETARSDOTTIR Ingibjorg	ISL	SENGUN Ahsen	TUR	PTF	2:0
european-club-championships-2026	Senior Women -62kg	R16	626	SOSHNIKOVA Alisa	RUS	KICEMA Helena	CRO	PTF	2:0
european-club-championships-2026	Senior Women -62kg	R16	627	JELIC Ivona	CRO	RANKOV Vanja	SRB	PTF	2:0
european-club-championships-2026	Senior Women -62kg	R16	628	SENYURT Aleyna	TUR	KOWALKOWSKA Justyna	POL	PTF	2:0
european-club-championships-2026	Senior Women -62kg	R16	629	CORREIA Leonor	POR	TADIC Natali	CRO	PTF	2:0
european-club-championships-2026	Senior Women -62kg	R16	630	MARIC Ela	SRB	MAROTO CORREDOR Irene	ESP	PTF	2:0
european-club-championships-2026	Senior Women -62kg	QF	635	SIRIN Dilara	TUR	BADMAEVA Dayana	RUS	PTF	2:1
european-club-championships-2026	Senior Women -62kg	QF	636	SOSHNIKOVA Alisa	RUS	GRETARSDOTTIR Ingibjorg	ISL	PTF	2:0
european-club-championships-2026	Senior Women -62kg	QF	637	SENYURT Aleyna	TUR	JELIC Ivona	CRO	PTF	2:0
european-club-championships-2026	Senior Women -62kg	QF	638	MARIC Ela	SRB	CORREIA Leonor	POR	PTF	2:0
european-club-championships-2026	Senior Women -62kg	SF	641	SOSHNIKOVA Alisa	RUS	SIRIN Dilara	TUR	PTF	2:0
european-club-championships-2026	Senior Women -62kg	SF	642	MARIC Ela	SRB	SENYURT Aleyna	TUR	PTF	2:1
european-club-championships-2026	Senior Women -62kg	F	645	SOSHNIKOVA Alisa	RUS	MARIC Ela	SRB	PTF	2:0
european-club-championships-2026	Senior Women -67kg	R32	416	TSOULOUFA Aikaterini	GRE	SEVO Tamara	SRB	PTF	2:0
european-club-championships-2026	Senior Women -67kg	R32	417	CAKAL Sefika	TUR	ORLOVIC Marija	BIH	PTF	2:1
european-club-championships-2026	Senior Women -67kg	R32	418	FERNANDEZ INSA Julia	ESP	PAGLIAI Giada	ITA	PTF	2:0
european-club-championships-2026	Senior Women -67kg	R32	419	VUJIN Andjela	SRB	CZACHOWICZ Alicja	POL	PTF	2:0
european-club-championships-2026	Senior Women -67kg	R32	420	OZBEY Ozge	TUR	MAGDIC Matea	CRO	PTF	2:0
european-club-championships-2026	Senior Women -67kg	R16	429	SHEHATA Aya	EGY	TSOULOUFA Aikaterini	GRE	PTF	2:0
european-club-championships-2026	Senior Women -67kg	R16	430	ĐOKOVIĆ Ines	SRB	SAKO Moussa	NIG	PTF	2:0
european-club-championships-2026	Senior Women -67kg	R16	431	ARELIC Ivana	CRO	CAKAL Sefika	TUR	PTF	2:0
european-club-championships-2026	Senior Women -67kg	R16	432	CHUA Chloe	USA	FERNANDEZ INSA Julia	ESP	PTF	2:0
european-club-championships-2026	Senior Women -67kg	R16	433	TOMCZAK Tatiana	POL	VUJIN Andjela	SRB	PTF	2:0
european-club-championships-2026	Senior Women -67kg	R16	434	GENCER Sila Nur	TUR	KLEPAC Nika	CRO	PTF	2:0
european-club-championships-2026	Senior Women -67kg	R16	435	NOWAK Julia	POL	HRGIC Anja	BIH	PTF	2:0
european-club-championships-2026	Senior Women -67kg	R16	436	MACEDO Sandy	BRA	OZBEY Ozge	TUR	PTF	2:0
european-club-championships-2026	Senior Women -67kg	QF	441	ĐOKOVIĆ Ines	SRB	SHEHATA Aya	EGY	PTF	2:0
european-club-championships-2026	Senior Women -67kg	QF	442	ARELIC Ivana	CRO	CHUA Chloe	USA	PTF	2:1
european-club-championships-2026	Senior Women -67kg	QF	443	GENCER Sila Nur	TUR	TOMCZAK Tatiana	POL	PTF	2:1
european-club-championships-2026	Senior Women -67kg	QF	444	MACEDO Sandy	BRA	NOWAK Julia	POL	PTF	2:0
european-club-championships-2026	Senior Women -67kg	SF	447	ARELIC Ivana	CRO	ĐOKOVIĆ Ines	SRB	PTF	2:0
european-club-championships-2026	Senior Women -67kg	SF	448	MACEDO Sandy	BRA	GENCER Sila Nur	TUR	PTF	2:0
european-club-championships-2026	Senior Women -67kg	F	451	MACEDO Sandy	BRA	ARELIC Ivana	CRO	PTF	2:0
european-club-championships-2026	Senior Women -73kg	R16	107	KAREPOVA Irina	RUS	ERDOGAN Nisa	TUR	PTF	2:0
european-club-championships-2026	Senior Women -73kg	R16	108	DEMIR Kardelen	TUR	DIEGUEZ DOMINGUEZ Andrea	ESP	PTF	2:0
european-club-championships-2026	Senior Women -73kg	R16	109	PETROVIC Iva	SRB	ČIZMIĆ BORŠI Nina	CRO	PTF	2:0
european-club-championships-2026	Senior Women -73kg	R16	110	OLIVEIRA DOS SANTOS Mikaela	BRA	ZIABLITCEVA Anna	RUS	PTF	2:0
european-club-championships-2026	Senior Women -73kg	R16	111	KAYMAZ Figen	TUR	DZONLIC Zerina	BIH	PTF	2:0
european-club-championships-2026	Senior Women -73kg	R16	112	GEORGIEVSKA Anamarija	MKD	LYSKAWA Klaudia	POL	PTF	2:0
european-club-championships-2026	Senior Women -73kg	R16	113	MORAN ROMERO Belen	ESP	MLADINA Maja	CRO	PTF	2:0
european-club-championships-2026	Senior Women -73kg	QF	134	BOZANIC Nadica	SRB	KAREPOVA Irina	RUS	PTF	2:0
european-club-championships-2026	Senior Women -73kg	QF	135	PETROVIC Iva	SRB	DEMIR Kardelen	TUR	PTF	2:1
european-club-championships-2026	Senior Women -73kg	QF	136	OLIVEIRA DOS SANTOS Mikaela	BRA	KAYMAZ Figen	TUR	PTF	2:0
european-club-championships-2026	Senior Women -73kg	QF	137	MORAN ROMERO Belen	ESP	GEORGIEVSKA Anamarija	MKD	PTF	2:1
european-club-championships-2026	Senior Women -73kg	SF	144	BOZANIC Nadica	SRB	PETROVIC Iva	SRB	PTF	2:0
european-club-championships-2026	Senior Women -73kg	SF	145	MORAN ROMERO Belen	ESP	OLIVEIRA DOS SANTOS Mikaela	BRA	PTF	2:1
european-club-championships-2026	Senior Women -73kg	F	148	BOZANIC Nadica	SRB	MORAN ROMERO Belen	ESP	PTF	2:0
european-club-championships-2026	Senior Women +73kg	R16	816	KRAPIVKA Anna	RUS	MEDIOUNI Jasmine	FRA	PTF	2:0
european-club-championships-2026	Senior Women +73kg	R16	817	HUSOVIC Darija	GER	KHUBULOVA Anzhelika	RUS	PTF	2:1
european-club-championships-2026	Senior Women +73kg	R16	818	KUCHYNA Viktoriia	UKR	KHVEDELIDZE Tinatini	GEO	PTF	2:0
european-club-championships-2026	Senior Women +73kg	R16	819	HUSOVIC Esmeralda	GER	SMITHERS Charleigh	IRL	PTF	2:0
european-club-championships-2026	Senior Women +73kg	R16	820	UZUNCAVDAR Sude yaren	TUR	LEVICHEVA Kristina	RUS	PTF	2:1
european-club-championships-2026	Senior Women +73kg	R16	821	MIKHAILOVA Iuliia	RUS	SPYRIDOU Aliki Victoria	GRE	PTF	2:0
european-club-championships-2026	Senior Women +73kg	QF	834	KITSIOU Agoritsa artemia	GRE	KRAPIVKA Anna	RUS	PTF	2:0
european-club-championships-2026	Senior Women +73kg	QF	835	HUSOVIC Darija	GER	KUCHYNA Viktoriia	UKR	PTF	2:1
european-club-championships-2026	Senior Women +73kg	QF	836	UZUNCAVDAR Sude yaren	TUR	HUSOVIC Esmeralda	GER	PTF	2:0
european-club-championships-2026	Senior Women +73kg	QF	837	AYANG Veronica Mbang Esono	GER	MIKHAILOVA Iuliia	RUS	PTF	2:0
european-club-championships-2026	Senior Women +73kg	SF	245.1	KITSIOU Agoritsa artemia	GRE	HUSOVIC Darija	GER	PTF	2:1
european-club-championships-2026	Senior Women +73kg	SF	845	UZUNCAVDAR Sude yaren	TUR	AYANG Veronica Mbang Esono	GER	PTF	2:0
european-club-championships-2026	Senior Women +73kg	F	849	UZUNCAVDAR Sude yaren	TUR	KITSIOU Agoritsa artemia	GRE	PTF	2:1
bosnia-open-2026	Senior Men -54kg	R16	601	AZEVEDO Rafael Alexandre	POR	LAMPIS Filippo maria	ITA	PTF	2:0
bosnia-open-2026	Senior Men -54kg	R16	602	OWEN Haddad	FRA	RADISIC Pavle	SRB	PTF	2:0
bosnia-open-2026	Senior Men -54kg	R16	603	ARNAY CURBELO Antonio ramon	ESP	KIS Nikola	SRB	PTF	2:0
bosnia-open-2026	Senior Men -54kg	R16	604	MIAKHEL Arian	SWE	ANDRONIKOU Chrysovalantis	CYP	PTF	2:0
bosnia-open-2026	Senior Men -54kg	QF	619	DIAWARA Abdoul aziz aboubacar	GUI	AZEVEDO Rafael Alexandre	POR	PTF	2:0
bosnia-open-2026	Senior Men -54kg	QF	620	OWEN Haddad	FRA	HAMI Muhammed	TRT	PTF	2:0
bosnia-open-2026	Senior Men -54kg	QF	621	TURKALJ Luka	CRO	ARNAY CURBELO Antonio ramon	ESP	PTF	2:1
bosnia-open-2026	Senior Men -54kg	QF	622	OTERO SOUSA Javier	ESP	MIAKHEL Arian	SWE	PTF	2:0
bosnia-open-2026	Senior Men -54kg	SF	631	DIAWARA Abdoul aziz aboubacar	GUI	OWEN Haddad	FRA	PTF	2:0
bosnia-open-2026	Senior Men -54kg	SF	632	OTERO SOUSA Javier	ESP	TURKALJ Luka	CRO	PTF	2:1
bosnia-open-2026	Senior Men -54kg	F	637	DIAWARA Abdoul aziz aboubacar	GUI	OTERO SOUSA Javier	ESP	PTF	2:0
bosnia-open-2026	Senior Men -58kg	R32	201	COSTA Luis	POR	HORBATIUK Artem	UKR	PTF	2:0
bosnia-open-2026	Senior Men -58kg	R32	202	ACHMAD Raihan	INA	DOLIC Petar	BIH	PTF	2:0
bosnia-open-2026	Senior Men -58kg	R16	209	DIMITROPOULOS Konstantinos	GRE	COSTA Luis	POR	PTF	2:0
bosnia-open-2026	Senior Men -58kg	R16	210	ASEM ATA ABU SREE' Moataz bellah	EGY	MISSOSSI BIENVENU Nzamba Nzamba	GAB	DSQ	
bosnia-open-2026	Senior Men -58kg	R16	211	GUARDIOLA Eliot	FRA	CELIK Ahmet Abit	TUR	PTF	2:0
bosnia-open-2026	Senior Men -58kg	R16	212	VASILIC Todor	SRB	MARWAN Yahya	SWE	PTF	2:0
bosnia-open-2026	Senior Men -58kg	R16	213	TESKERA Josip	CRO	MARWAN Mussa	SWE	PTF	2:0
bosnia-open-2026	Senior Men -58kg	R16	214	SOKOLOWSKI Antoni	POL	ERMAKOV Artem	RUS	PTF	2:0
bosnia-open-2026	Senior Men -58kg	R16	215	IVKOVIC Relja	SRB	STOJANOVIC Stefan	SRB	PTF	2:0
bosnia-open-2026	Senior Men -58kg	R16	216	ISSAKA GARBA Nouridine	NIG	ACHMAD Raihan	INA	PTF	2:0
bosnia-open-2026	Senior Men -58kg	QF	225	ASEM ATA ABU SREE' Moataz bellah	EGY	DIMITROPOULOS Konstantinos	GRE	PTF	2:0
bosnia-open-2026	Senior Men -58kg	QF	226	VASILIC Todor	SRB	GUARDIOLA Eliot	FRA	PTF	2:0
bosnia-open-2026	Senior Men -58kg	QF	227	SOKOLOWSKI Antoni	POL	TESKERA Josip	CRO	PTF	2:1
bosnia-open-2026	Senior Men -58kg	QF	228	ISSAKA GARBA Nouridine	NIG	IVKOVIC Relja	SRB	PTF	2:1
bosnia-open-2026	Senior Men -58kg	SF	233	ASEM ATA ABU SREE' Moataz bellah	EGY	VASILIC Todor	SRB	WDR	
bosnia-open-2026	Senior Men -58kg	SF	234	ISSAKA GARBA Nouridine	NIG	SOKOLOWSKI Antoni	POL	PTF	2:0
bosnia-open-2026	Senior Men -58kg	F	237	ISSAKA GARBA Nouridine	NIG	ASEM ATA ABU SREE' Moataz bellah	EGY	PTF	2:0
bosnia-open-2026	Senior Men -63kg	R32	101	VIVES SAEZ Isaac	ESP	PEREIRA Renato	POR	PTF	2:0
bosnia-open-2026	Senior Men -63kg	R32	102	VINOGRADOV Pavel	RUS	NUKIC Esad	BIH	PTF	2:0
bosnia-open-2026	Senior Men -63kg	R32	103	PASTORE Riccardo	ITA	KLJAJIC Nikola	SRB	PTF	2:0
bosnia-open-2026	Senior Men -63kg	R32	104	KVIRAIA Giorgi	GEO	ILIEV Aleksandar	BUL	PTF	2:0
bosnia-open-2026	Senior Men -63kg	R32	105	LAKII Egor	RUS	VUKOTIC Danilo	SRB	PTF	2:0
bosnia-open-2026	Senior Men -63kg	R32	106	VAREJAO Dinis	POR	VISINSKI Patrik	CRO	PTF	2:0
bosnia-open-2026	Senior Men -63kg	R32	107	MELETIOU Thomas	GRE	SOLTYSIAK Jakub	POL	PTF	2:0
bosnia-open-2026	Senior Men -63kg	R16	110	RAVET Cyrian	FRA	VIVES SAEZ Isaac	ESP	PTF	2:0
bosnia-open-2026	Senior Men -63kg	R16	111	NESTOROVIĆ Vasilije	MNE	ALLEN Chris	USA	PTF	2:0
bosnia-open-2026	Senior Men -63kg	R16	112	DONKO Ibrahim	BIH	VINOGRADOV Pavel	RUS	PTF	2:1
bosnia-open-2026	Senior Men -63kg	R16	113	PASTORE Riccardo	ITA	KORNEEV Lev	SRB	PTF	2:1
bosnia-open-2026	Senior Men -63kg	R16	114	BARETTA Eduardo	BRA	KVIRAIA Giorgi	GEO	PTF	2:0
bosnia-open-2026	Senior Men -63kg	R16	115	LAKII Egor	RUS	PILAVAKIS Ioannis	CYP	PTF	2:0
bosnia-open-2026	Senior Men -63kg	R16	116	MIHAJLOVIC Vuk	SRB	VAREJAO Dinis	POR	PTF	2:0
bosnia-open-2026	Senior Men -63kg	R16	117	OZKAYA Imran	GER	MELETIOU Thomas	GRE	PTF	2:0
bosnia-open-2026	Senior Men -63kg	QF	126	RAVET Cyrian	FRA	NESTOROVIĆ Vasilije	MNE	PTF	2:0
bosnia-open-2026	Senior Men -63kg	QF	127	PASTORE Riccardo	ITA	DONKO Ibrahim	BIH	PTF	2:1
bosnia-open-2026	Senior Men -63kg	QF	128	BARETTA Eduardo	BRA	LAKII Egor	RUS	PTF	2:1
bosnia-open-2026	Senior Men -63kg	QF	129	OZKAYA Imran	GER	MIHAJLOVIC Vuk	SRB	PTF	2:1
bosnia-open-2026	Senior Men -63kg	SF	134	RAVET Cyrian	FRA	PASTORE Riccardo	ITA	PTF	2:0
bosnia-open-2026	Senior Men -63kg	SF	135	BARETTA Eduardo	BRA	OZKAYA Imran	GER	PTF	2:0
bosnia-open-2026	Senior Men -63kg	F	138	RAVET Cyrian	FRA	BARETTA Eduardo	BRA	WDR	
bosnia-open-2026	Senior Men -68kg	R32	301	BALJAK Matej	CRO	CAMMARATA Matteo	ITA	PTF	2:1
bosnia-open-2026	Senior Men -68kg	R32	302	SOUSA DE OLIVEIRA Francisco	POR	GURBANOV Marat	RUS	PTF	2:0
bosnia-open-2026	Senior Men -68kg	R32	303	PAPIEROWSKI Dominik	POL	GUSEINOV Damir	RUS	PTF	2:1
bosnia-open-2026	Senior Men -68kg	R32	304	DEINICHENKO Aleksandr	RUS	ARECHABALA LOPEZ Inigo	ESP	PTF	2:0
bosnia-open-2026	Senior Men -68kg	R32	305	ABDULKADYROV Magomedrasul	RUS	ELSERSY Omar	EGY	PTF	2:0
bosnia-open-2026	Senior Men -68kg	R32	306	MIKHALKIN Timur	RUS	KOWALEWSKI Rafal	POL	PTF	2:0
bosnia-open-2026	Senior Men -68kg	R16	311	KRAJISNIK Zarko	SRB	BALJAK Matej	CRO	PTF	2:0
bosnia-open-2026	Senior Men -68kg	R16	312	MAGERRAMOV Dzhavid	RUS	RIBBESTAD Markus	SWE	PTF	2:0
bosnia-open-2026	Senior Men -68kg	R16	313	AL GHOTANY Yahya	TRT	SOUSA DE OLIVEIRA Francisco	POR	PTF	2:1
bosnia-open-2026	Senior Men -68kg	R16	314	MANDIC Milos	SRB	PAPIEROWSKI Dominik	POL	PTF	2:0
bosnia-open-2026	Senior Men -68kg	R16	315	SPEIGHT Leo	ISL	DEINICHENKO Aleksandr	RUS	PTF	2:0
bosnia-open-2026	Senior Men -68kg	R16	316	ROMERO Ian	PAN	ABDULKADYROV Magomedrasul	RUS	WDR	2:1
bosnia-open-2026	Senior Men -68kg	R16	317	CAVUSMAN Aslan eymen	GER	STANIC Novak	SRB	PTF	2:0
bosnia-open-2026	Senior Men -68kg	R16	318	MIKHALKIN Timur	RUS	DJONKO Muhamed	BIH	PTF	2:1
bosnia-open-2026	Senior Men -68kg	QF	229.1	KRAJISNIK Zarko	SRB	MAGERRAMOV Dzhavid	RUS	PTF	2:0
bosnia-open-2026	Senior Men -68kg	QF	329	SPEIGHT Leo	ISL	ROMERO Ian	PAN	PTF	2:0
bosnia-open-2026	Senior Men -68kg	QF	330	CAVUSMAN Aslan eymen	GER	MIKHALKIN Timur	RUS	PTF	2:1
bosnia-open-2026	Senior Men -68kg	QF	630.1	MANDIC Milos	SRB	AL GHOTANY Yahya	TRT	PTF	2:0
bosnia-open-2026	Senior Men -68kg	SF	335	KRAJISNIK Zarko	SRB	MANDIC Milos	SRB	PTF	2:1
bosnia-open-2026	Senior Men -68kg	SF	336	SPEIGHT Leo	ISL	CAVUSMAN Aslan eymen	GER	WDR	
bosnia-open-2026	Senior Men -68kg	F	339	KRAJISNIK Zarko	SRB	SPEIGHT Leo	ISL	PTF	2:0
bosnia-open-2026	Senior Men -74kg	R32	501	OTHMAN Mohammad	JOR	SUBOTIC Vojin	SRB	PTF	2:0
bosnia-open-2026	Senior Men -74kg	R32	502	TURAN Emircan	TUR	VARENICA Gabrijel	CRO	PTF	2:1
bosnia-open-2026	Senior Men -74kg	R16	511	RODRIGUES Victor	USA	OTHMAN Mohammad	JOR	PTF	2:0
bosnia-open-2026	Senior Men -74kg	R16	512	PANASENKOV Kirill	RUS	ABBASI Ali reza	AFG	DSQ	
bosnia-open-2026	Senior Men -74kg	R16	513	BURUSIC Marko	SRB	REIS Tiago	POR	PTF	2:1
bosnia-open-2026	Senior Men -74kg	R16	514	KORSAK Mykhailo	UKR	TESKERA Mate	CRO	PTF	2:0
bosnia-open-2026	Senior Men -74kg	R16	515	DUGAC Grga	CRO	BABAZADE Vagif	AZE	PTF	2:0
bosnia-open-2026	Senior Men -74kg	R16	516	NIKOLAOU Nikolas	CYP	STOJANOVIC Marko	SRB	PTF	2:0
bosnia-open-2026	Senior Men -74kg	R16	517	ALIAN Ali	SWE	MAGOMEDOV Magomed	RUS	PTF	2:0
bosnia-open-2026	Senior Men -74kg	R16	518	BECOVIC Zinedin	MNE	TURAN Emircan	TUR	PTF	2:0
bosnia-open-2026	Senior Men -74kg	QF	527	RODRIGUES Victor	USA	PANASENKOV Kirill	RUS	PTF	2:1
bosnia-open-2026	Senior Men -74kg	QF	528	BURUSIC Marko	SRB	KORSAK Mykhailo	UKR	PTF	2:0
bosnia-open-2026	Senior Men -74kg	QF	529	DUGAC Grga	CRO	NIKOLAOU Nikolas	CYP	PTF	2:0
bosnia-open-2026	Senior Men -74kg	QF	530	ALIAN Ali	SWE	BECOVIC Zinedin	MNE	PTF	2:1
bosnia-open-2026	Senior Men -74kg	SF	535	RODRIGUES Victor	USA	BURUSIC Marko	SRB	PTF	2:0
bosnia-open-2026	Senior Men -74kg	SF	536	DUGAC Grga	CRO	ALIAN Ali	SWE	WDR	
bosnia-open-2026	Senior Men -74kg	F	539	DUGAC Grga	CRO	RODRIGUES Victor	USA	PTF	2:1
bosnia-open-2026	Senior Men -80kg	R16	503	LAWSON Matheo	TOG	GONZALEZ NUNEZ Giovanni	ESP	PTF	2:1
bosnia-open-2026	Senior Men -80kg	R16	504	KINTSURASHVILI Zurab	GEO	LONCAR Nikola	SRB	WDR	1:0
bosnia-open-2026	Senior Men -80kg	R16	505	MOHAMMAD Ahmad	GER	VITKOVIC Nikola	SRB	PTF	2:0
bosnia-open-2026	Senior Men -80kg	R16	506	VESTERLUND Linus	SWE	SEREMET Nino	BIH	PTF	2:0
bosnia-open-2026	Senior Men -80kg	QF	519	HUSIC Nedzad	BIH	LAWSON Matheo	TOG	PTF	2:0
bosnia-open-2026	Senior Men -80kg	QF	520	KINTSURASHVILI Zurab	GEO	PERUNIČIĆ Vasilije	MNE	PTF	2:0
bosnia-open-2026	Senior Men -80kg	QF	521	MOHAMMAD Ahmad	GER	SULEAC Dmitrii	MDA	PTF	2:0
bosnia-open-2026	Senior Men -80kg	QF	522	CHARALAMBOUS Evangelos	CYP	VESTERLUND Linus	SWE	PTF	2:0
bosnia-open-2026	Senior Men -80kg	SF	531	KINTSURASHVILI Zurab	GEO	HUSIC Nedzad	BIH	PTF	2:0
bosnia-open-2026	Senior Men -80kg	SF	532	CHARALAMBOUS Evangelos	CYP	MOHAMMAD Ahmad	GER	PTF	2:1
bosnia-open-2026	Senior Men -80kg	F	537	KINTSURASHVILI Zurab	GEO	CHARALAMBOUS Evangelos	CYP	PTF	2:0
bosnia-open-2026	Senior Men -87kg	QF	423	AJDUKOVIC Dimitrije	SRB	SNACOV Laurentiu	ROU	PTF	2:0
bosnia-open-2026	Senior Men -87kg	QF	424	STOJANOVIC Stefan	SRB	ZOUROS KARDATOS Konstantinos	GRE	PTF	2:0
bosnia-open-2026	Senior Men -87kg	QF	425	RODRIGUEZ Michael c.	USA	ELSHEIKH Adham	EGY	PTF	2:0
bosnia-open-2026	Senior Men -87kg	SF	434	AJDUKOVIC Dimitrije	SRB	NUCI Erol	BIH	PTF	2:0
bosnia-open-2026	Senior Men -87kg	SF	435	RODRIGUEZ Michael c.	USA	STOJANOVIC Stefan	SRB	PTF	2:0
bosnia-open-2026	Senior Men -87kg	F	440	AJDUKOVIC Dimitrije	SRB	RODRIGUEZ Michael c.	USA	PTF	2:1
bosnia-open-2026	Senior Men +87kg	R16	307	MEDIAVILLA LOPEZ Ivan	ESP	GRUJICIC Ognjen	SRB	PTF	2:0
bosnia-open-2026	Senior Men +87kg	R16	308	CURABAZ Sergen	TUR	SAIDI Isa	AUT	PTF	2:0
bosnia-open-2026	Senior Men +87kg	R16	309	EISSA Seif	EGY	PUSHKIN Kirill	RUS	PTF	2:0
bosnia-open-2026	Senior Men +87kg	QF	319	MICHOPOULOS Sotirios	GRE	MEDIAVILLA LOPEZ Ivan	ESP	WDR	1:0
bosnia-open-2026	Senior Men +87kg	QF	320	ANDREOU Petros	CYP	GOICOCHEA Yoikel Daniel	CUB	DSQ	
bosnia-open-2026	Senior Men +87kg	QF	321	DIVKOVIC Patrik	SLO	CURABAZ Sergen	TUR	PTF	2:1
bosnia-open-2026	Senior Men +87kg	QF	322	EISSA Seif	EGY	GEORGIEVSKI Dejan	MKD	PTF	2:0
bosnia-open-2026	Senior Men +87kg	SF	331	ANDREOU Petros	CYP	MICHOPOULOS Sotirios	GRE	PTF	2:0
bosnia-open-2026	Senior Men +87kg	SF	332	EISSA Seif	EGY	DIVKOVIC Patrik	SLO	PTF	2:0
bosnia-open-2026	Senior Men +87kg	F	238	EISSA Seif	EGY	ANDREOU Petros	CYP	PTF	2:0
bosnia-open-2026	Senior Women -46kg	R16	605	KAMALUTDINOVA Aminat	RUS	KAYA Damla	TUR	PTF	2:0
bosnia-open-2026	Senior Women -46kg	QF	623	MAKAS Dzejla	BIH	KAMALUTDINOVA Aminat	RUS	PTF	2:0
bosnia-open-2026	Senior Women -46kg	QF	624	GULIYEVA Salima	AZE	NORDH Olivia	SWE	PTF	2:0
bosnia-open-2026	Senior Women -46kg	QF	625	ZAMPETTI Sofia	ITA	GALECKA Hanna	POL	PTF	2:0
bosnia-open-2026	Senior Women -46kg	QF	626	STURARI Alessia	ITA	RADEVIC Anja	MNE	PTF	2:0
bosnia-open-2026	Senior Women -46kg	SF	633	MAKAS Dzejla	BIH	GULIYEVA Salima	AZE	PTF	2:0
bosnia-open-2026	Senior Women -46kg	SF	634	STURARI Alessia	ITA	ZAMPETTI Sofia	ITA	PTF	2:0
bosnia-open-2026	Senior Women -46kg	F	638	STURARI Alessia	ITA	MAKAS Dzejla	BIH	WDR	2:0
bosnia-open-2026	Senior Women -49kg	R32	401	LUIRO Enna	FIN	YESILTAS Busra	TUR	PTF	2:0
bosnia-open-2026	Senior Women -49kg	R32	402	SILVA NAZARIO Julia	BRA	BULBUL Merve	TUR	WDR	2:0
bosnia-open-2026	Senior Women -49kg	R32	403	SELIMOVA Shamala	RUS	AKSAKALLI Sudenur	TUR	PTF	2:0
bosnia-open-2026	Senior Women -49kg	R16	407	LIÑAN PARDO Naiara	AND	LUIRO Enna	FIN	PTF	2:0
bosnia-open-2026	Senior Women -49kg	R16	408	HURTADO TAPIA Jireh	BOL	GAYE Serrah	FRA	PTF	2:0
bosnia-open-2026	Senior Women -49kg	R16	409	HINIC Sofija	CRO	PATRICIO Ana Rita	POR	PTF	2:0
bosnia-open-2026	Senior Women -49kg	R16	410	NAVITSKAIA Nika	RUS	BARROSO Kiara	POR	PTF	2:0
bosnia-open-2026	Senior Women -49kg	R16	411	SILVA NAZARIO Julia	BRA	KLISOWSKA Zuzanna	POL	PTF	2:0
bosnia-open-2026	Senior Women -49kg	R16	412	KOUTROUMPI Kalliopi	GRE	KELC Emma	SWE	PTF	2:0
bosnia-open-2026	Senior Women -49kg	R16	413	BAJER Wiktoria	POL	DODIK Nika	CRO	PTF	2:0
bosnia-open-2026	Senior Women -49kg	R16	414	SELIMOVA Shamala	RUS	MAKAS Ejla	BIH	PTF	2:0
bosnia-open-2026	Senior Women -49kg	QF	426	LIÑAN PARDO Naiara	AND	HURTADO TAPIA Jireh	BOL	PTF	2:0
bosnia-open-2026	Senior Women -49kg	QF	427	HINIC Sofija	CRO	NAVITSKAIA Nika	RUS	PTF	2:0
bosnia-open-2026	Senior Women -49kg	QF	428	KOUTROUMPI Kalliopi	GRE	SILVA NAZARIO Julia	BRA	PTF	2:1
bosnia-open-2026	Senior Women -49kg	QF	429	SELIMOVA Shamala	RUS	BAJER Wiktoria	POL	PTF	2:0
bosnia-open-2026	Senior Women -49kg	SF	436	LIÑAN PARDO Naiara	AND	HINIC Sofija	CRO	PTF	2:1
bosnia-open-2026	Senior Women -49kg	SF	437	KOUTROUMPI Kalliopi	GRE	SELIMOVA Shamala	RUS	PTF	2:0
bosnia-open-2026	Senior Women -49kg	F	441	KOUTROUMPI Kalliopi	GRE	LIÑAN PARDO Naiara	AND	PTF	2:0
bosnia-open-2026	Senior Women -53kg	R32	404	MARKOVIĆ Dea	CRO	SHAVADZE Lina	GEO	PTF	2:0
bosnia-open-2026	Senior Women -53kg	R32	405	GAVRILOVIC Irina	SRB	GUNEY Rabia	TUR	PTF	2:0
bosnia-open-2026	Senior Women -53kg	R32	406	KOKOC Zeynep Duru	TUR	SZYMCZAK Aleksandra	POL	PTF	2:0
bosnia-open-2026	Senior Women -53kg	R16	415	BOKAN Andrea	SRB	MARKOVIĆ Dea	CRO	PTF	2:0
bosnia-open-2026	Senior Women -53kg	R16	416	GURBUZ Hayrunnisa	TUR	SHAW Elisha	GBR	WDR	
bosnia-open-2026	Senior Women -53kg	R16	417	SANGARE Mariam	MLI	MORA DOMINGUEZ Margarita	ESP	PTF	2:1
bosnia-open-2026	Senior Women -53kg	R16	418	STANKOVIC Vanja	SRB	FLORENCIO Matilde	POR	PTF	2:0
bosnia-open-2026	Senior Women -53kg	R16	419	SPASOJEVIC Sara	CRO	GAVRILOVIC Irina	SRB	PTF	2:0
bosnia-open-2026	Senior Women -53kg	R16	420	BUTTARELLI Aurelie	FRA	GEORGIADOU Gesthimani	GRE	PTF	2:0
bosnia-open-2026	Senior Women -53kg	R16	421	LEVAKOVA Veronika	RUS	DUARTE MOREIRA Lara	POR	PTF	2:0
bosnia-open-2026	Senior Women -53kg	R16	422	KOKOC Zeynep Duru	TUR	KLAKALA Magdalini	GRE	PTF	2:1
bosnia-open-2026	Senior Women -53kg	QF	430	GURBUZ Hayrunnisa	TUR	BOKAN Andrea	SRB	PTF	2:1
bosnia-open-2026	Senior Women -53kg	QF	431	STANKOVIC Vanja	SRB	SANGARE Mariam	MLI	PTF	2:0
bosnia-open-2026	Senior Women -53kg	QF	432	BUTTARELLI Aurelie	FRA	SPASOJEVIC Sara	CRO	PTF	2:1
bosnia-open-2026	Senior Women -53kg	QF	433	LEVAKOVA Veronika	RUS	KOKOC Zeynep Duru	TUR	PTF	2:0
bosnia-open-2026	Senior Women -53kg	SF	439	LEVAKOVA Veronika	RUS	BUTTARELLI Aurelie	FRA	PTF	2:0
bosnia-open-2026	Senior Women -53kg	SF	636.1	GURBUZ Hayrunnisa	TUR	STANKOVIC Vanja	SRB	WDR	
bosnia-open-2026	Senior Women -53kg	F	442	GURBUZ Hayrunnisa	TUR	LEVAKOVA Veronika	RUS	PTF	2:1
bosnia-open-2026	Senior Women -57kg	R32	203	LO IACONO Carola Amelie	ITA	UNZUETA LOPEZ Olatz	ESP	PTF	2:1
bosnia-open-2026	Senior Women -57kg	R32	204	VENIERI Dafni Vasiliki	GRE	SAROKINA Uladzislava	BLR	PTF	2:0
bosnia-open-2026	Senior Women -57kg	R32	205	KESIC Helena	BIH	MAMMADOVA Ayan	AZE	PTF	2:0
bosnia-open-2026	Senior Women -57kg	R32	206	MARTINEZ FEIJOO Erika	ESP	TONG Valencia	CAN	PTF	2:0
bosnia-open-2026	Senior Women -57kg	R32	207	STOJANOVIC Nina	SRB	WROBEL Michalina	POL	PTF	2:0
bosnia-open-2026	Senior Women -57kg	R32	208	MAZGAL Rumeysa	TUR	RENTERIA PEREZ Maialen	ESP	PTF	2:0
bosnia-open-2026	Senior Women -57kg	R16	217	ROVITHIS Anastasia	GER	LO IACONO Carola Amelie	ITA	PTF	2:0
bosnia-open-2026	Senior Women -57kg	R16	218	KARLSSON Alma friis	DEN	SEVO Milica	SRB	PTF	2:0
bosnia-open-2026	Senior Women -57kg	R16	219	OLESZCZUK Lucja	POL	VENIERI Dafni Vasiliki	GRE	PTF	2:0
bosnia-open-2026	Senior Women -57kg	R16	220	ORTIZ BENITO Arlet	ESP	KESIC Helena	BIH	PTF	2:0
bosnia-open-2026	Senior Women -57kg	R16	221	RADAK Teodora	SRB	MARTINEZ FEIJOO Erika	ESP	PTF	2:1
bosnia-open-2026	Senior Women -57kg	R16	222	STOJANOVIC Nina	SRB	GUAITA Greta	ITA	PTF	2:0
bosnia-open-2026	Senior Women -57kg	R16	223	KUKIC Iva	SRB	MONTEIRO Maisa	POR	PTF	2:1
bosnia-open-2026	Senior Women -57kg	R16	224	WOLF Jessica	GER	MAZGAL Rumeysa	TUR	PTF	2:0
bosnia-open-2026	Senior Women -57kg	QF	229	ROVITHIS Anastasia	GER	KARLSSON Alma friis	DEN	PTF	2:0
bosnia-open-2026	Senior Women -57kg	QF	230	ORTIZ BENITO Arlet	ESP	OLESZCZUK Lucja	POL	PTF	2:0
bosnia-open-2026	Senior Women -57kg	QF	231	STOJANOVIC Nina	SRB	RADAK Teodora	SRB	PTF	2:0
bosnia-open-2026	Senior Women -57kg	QF	232	KUKIC Iva	SRB	WOLF Jessica	GER	PTF	2:0
bosnia-open-2026	Senior Women -57kg	SF	235	ORTIZ BENITO Arlet	ESP	ROVITHIS Anastasia	GER	PTF	2:1
bosnia-open-2026	Senior Women -57kg	SF	236	STOJANOVIC Nina	SRB	KUKIC Iva	SRB	PTF	2:0
bosnia-open-2026	Senior Women -57kg	F	239	ORTIZ BENITO Arlet	ESP	STOJANOVIC Nina	SRB	PTF	2:0
bosnia-open-2026	Senior Women -62kg	R32	606	CHEPELEUTS Sofiia	RUS	AYDIN Ece	TUR	PTF	2:0
bosnia-open-2026	Senior Women -62kg	R32	607	BADMAEVA Dayana	RUS	D'ANGELO Alessandra	ITA	PTF	2:1
bosnia-open-2026	Senior Women -62kg	R32	608	KOWALKOWSKA Justyna	POL	SEREDA Julia	POL	PTF	2:1
bosnia-open-2026	Senior Women -62kg	R32	609	LISOWSKA Nikol	POL	CAVAR Ivana	BIH	PTF	2:0
bosnia-open-2026	Senior Women -62kg	R32	610	BERBIĆ Adna	BIH	GADZHIEVA Khadidzha	RUS	PTF	2:1
bosnia-open-2026	Senior Women -62kg	R16	611	MARIC Ela	SRB	CHEPELEUTS Sofiia	RUS	PTF	2:1
bosnia-open-2026	Senior Women -62kg	R16	612	MILIC Nikolina	SRB	CORREIA Leonor	POR	PTF	2:1
bosnia-open-2026	Senior Women -62kg	R16	613	BADMAEVA Dayana	RUS	GRETARSDOTTIR Ingibjorg	ISL	PTF	2:0
bosnia-open-2026	Senior Women -62kg	R16	614	KICEMA Helena	CRO	KOWALKOWSKA Justyna	POL	PTF	2:0
bosnia-open-2026	Senior Women -62kg	R16	615	LISOWSKA Nikol	POL	SAVKOVIC Nadja	SRB	PTF	2:0
bosnia-open-2026	Senior Women -62kg	R16	616	FOSSACECA Anna	ITA	EK Isabella	SWE	PTF	2:0
bosnia-open-2026	Senior Women -62kg	R16	617	SIRIN Dilara	TUR	RANKOV Vanja	SRB	PTF	2:0
bosnia-open-2026	Senior Women -62kg	R16	618	SANTOS Caroline	BRA	BERBIĆ Adna	BIH	PTF	2:0
bosnia-open-2026	Senior Women -62kg	QF	627	MILIC Nikolina	SRB	MARIC Ela	SRB	PTF	2:1
bosnia-open-2026	Senior Women -62kg	QF	628	BADMAEVA Dayana	RUS	KICEMA Helena	CRO	PTF	2:0
bosnia-open-2026	Senior Women -62kg	QF	629	FOSSACECA Anna	ITA	LISOWSKA Nikol	POL	PTF	2:0
bosnia-open-2026	Senior Women -62kg	QF	630	SANTOS Caroline	BRA	SIRIN Dilara	TUR	PTF	2:0
bosnia-open-2026	Senior Women -62kg	SF	635	BADMAEVA Dayana	RUS	MILIC Nikolina	SRB	PTF	2:0
bosnia-open-2026	Senior Women -62kg	SF	636	SANTOS Caroline	BRA	FOSSACECA Anna	ITA	PTF	2:0
bosnia-open-2026	Senior Women -62kg	F	639	SANTOS Caroline	BRA	BADMAEVA Dayana	RUS	PTF	2:0
bosnia-open-2026	Senior Women -67kg	R32	108	SEVO Tamara	SRB	LYSKAWA Klaudia	POL	PTF	2:0
bosnia-open-2026	Senior Women -67kg	R32	109	BAGADZIEVA Amina	RUS	MORA DOMINGUEZ Paula	ESP	PTF	2:0
bosnia-open-2026	Senior Women -67kg	R16	118	SHEHATA Aya	EGY	SEVO Tamara	SRB	PTF	2:0
bosnia-open-2026	Senior Women -67kg	R16	119	KLEPAC Nika	CRO	MOUSSA SAKO Madinatou	NIG	PTF	2:0
bosnia-open-2026	Senior Women -67kg	R16	120	SZPAK Julia	POL	SKAPROVSKA Valeriia	RUS	PTF	2:0
bosnia-open-2026	Senior Women -67kg	R16	121	BLITEK Cloe	FRA	TOMCZAK Tatiana	POL	PTF	2:1
bosnia-open-2026	Senior Women -67kg	R16	122	MACEDO Sandy	BRA	CZACHOWICZ Alicja	POL	PTF	2:0
bosnia-open-2026	Senior Women -67kg	R16	123	CHUA Chloe	USA	HRGIC Anja	BIH	PTF	2:1
bosnia-open-2026	Senior Women -67kg	R16	124	ARELIC Ivana	CRO	ĐOKOVIĆ Ines	SRB	PTF	2:1
bosnia-open-2026	Senior Women -67kg	R16	125	BERISAJ Andrea	MNE	BAGADZIEVA Amina	RUS	PTF	2:0
bosnia-open-2026	Senior Women -67kg	QF	130	KLEPAC Nika	CRO	SHEHATA Aya	EGY	PTF	2:0
bosnia-open-2026	Senior Women -67kg	QF	131	SZPAK Julia	POL	BLITEK Cloe	FRA	PTF	2:0
bosnia-open-2026	Senior Women -67kg	QF	132	MACEDO Sandy	BRA	CHUA Chloe	USA	PTF	2:0
bosnia-open-2026	Senior Women -67kg	QF	133	ARELIC Ivana	CRO	BERISAJ Andrea	MNE	PTF	2:0
bosnia-open-2026	Senior Women -67kg	SF	137	MACEDO Sandy	BRA	ARELIC Ivana	CRO	PTF	2:0
bosnia-open-2026	Senior Women -67kg	SF	637.1	SZPAK Julia	POL	KLEPAC Nika	CRO	PTF	2:0
bosnia-open-2026	Senior Women -67kg	F	140	MACEDO Sandy	BRA	SZPAK Julia	POL	PTF	2:0
bosnia-open-2026	Senior Women -73kg	R16	310	KAREPOVA Irina	RUS	DZONLIC Zerina	BIH	PTF	2:0
bosnia-open-2026	Senior Women -73kg	QF	323	BOZANIC Nadica	SRB	KAREPOVA Irina	RUS	PTF	2:0
bosnia-open-2026	Senior Women -73kg	QF	324	BERISAJ Andela	MNE	ALEKSEEVA Anfisa	RUS	PTF	2:1
bosnia-open-2026	Senior Women -73kg	QF	325	OLIVEIRA DOS SANTOS Mikaela	BRA	KAYMAZ Figen	TUR	PTF	2:1
bosnia-open-2026	Senior Women -73kg	QF	326	MORAN ROMERO Belen	ESP	GEORGIEVSKA Anamarija	MKD	PTF	2:0
bosnia-open-2026	Senior Women -73kg	SF	333	BOZANIC Nadica	SRB	BERISAJ Andela	MNE	PTF	2:0
bosnia-open-2026	Senior Women -73kg	SF	334	MORAN ROMERO Belen	ESP	OLIVEIRA DOS SANTOS Mikaela	BRA	PTF	2:0
bosnia-open-2026	Senior Women -73kg	F	338	BOZANIC Nadica	SRB	MORAN ROMERO Belen	ESP	PTF	2:0
bosnia-open-2026	Senior Women +73kg	R16	507	HAWASH Dania	SWE	SPYRIDOU Aliki Victoria	GRE	PTF	2:0
bosnia-open-2026	Senior Women +73kg	R16	508	SEVIC Andela	SRB	KHUBULOVA Anzhelika	RUS	PTF	2:0
bosnia-open-2026	Senior Women +73kg	R16	509	HUSOVIC Esmeralda	GER	SMITHERS Charleigh	IRL	PTF	2:0
bosnia-open-2026	Senior Women +73kg	R16	510	VROEGH Nielle	NED	KHVEDELIDZE Tinatini	GEO	PTF	2:0
bosnia-open-2026	Senior Women +73kg	QF	523	KITSIOU Agoritsa artemia	GRE	HAWASH Dania	SWE	PTF	2:0
bosnia-open-2026	Senior Women +73kg	QF	524	SEVIC Andela	SRB	AYANG Veronica mbang esono	GEQ	PTF	2:0
bosnia-open-2026	Senior Women +73kg	QF	525	AVOULETTE Solene	FRA	HUSOVIC Esmeralda	GER	PTF	2:0
bosnia-open-2026	Senior Women +73kg	QF	526	VROEGH Nielle	NED	ADEBAIO Kristina	RUS	PTF	2:0
bosnia-open-2026	Senior Women +73kg	SF	533	KITSIOU Agoritsa artemia	GRE	SEVIC Andela	SRB	PTF	2:1
bosnia-open-2026	Senior Women +73kg	SF	534	VROEGH Nielle	NED	AVOULETTE Solene	FRA	PTF	2:1
bosnia-open-2026	Senior Women +73kg	F	538	VROEGH Nielle	NED	KITSIOU Agoritsa artemia	GRE	PTF	2:0
