daegu-university-festival-2025	Senior Men -54kg	SF	208	HIDAYAT TUMAKAKA Aziz	INA	MUCYO Ivan iradukunda	RWA	PTF	2:0
daegu-university-festival-2025	Senior Men -54kg	SF	308	SUSA Towa	JPN	GALILI Sumaker Efgar	INA	PTF	2:0
daegu-university-festival-2025	Senior Men -54kg	F	215	HIDAYAT TUMAKAKA Aziz	INA	SUSA Towa	JPN	PTF	2:0
daegu-university-festival-2025	Senior Men -58kg	SF	109	JEONG Chankyung	KOR	SUGAI Kanade	JPN	PTF	2:0
daegu-university-festival-2025	Senior Men -58kg	F	315	JEONG Chankyung	KOR	TAROREH Neville Piet Arend	INA	PTF	2:0
daegu-university-festival-2025	Senior Men -63kg	QF	101	LEE Ye seong	KOR	NZARAMBA Emmanuel	RWA	PTF	2:0
daegu-university-festival-2025	Senior Men -63kg	QF	201	HONG Eungi	KOR	PRATAMA Bagus	INA	PTF	2:0
daegu-university-festival-2025	Senior Men -63kg	QF	301	YANG Won suk	KOR	MOTTA Damon	AUS	PTF	2:0
daegu-university-festival-2025	Senior Men -63kg	SF	209	JANG Jun	KOR	LEE Ye seong	KOR	PTF	2:0
daegu-university-festival-2025	Senior Men -63kg	SF	309	YANG Won suk	KOR	HONG Eungi	KOR	PTF	2:1
daegu-university-festival-2025	Senior Men -63kg	F	116	YANG Won suk	KOR	JANG Jun	KOR	PTF	2:1
daegu-university-festival-2025	Senior Men -68kg	QF	102	LEE Gi beom	KOR	LEE Jeong Min	KOR	PTF	2:0
daegu-university-festival-2025	Senior Men -68kg	QF	103	SEO Jihun	KOR	KIM Min seo	KOR	PTF	2:0
daegu-university-festival-2025	Senior Men -68kg	QF	202	KIM Ji-won	KOR	SUMMERFIELD Matthew	AUS	PTF	2:1
daegu-university-festival-2025	Senior Men -68kg	QF	302	LEE Jin gu	KOR	KONG Wonseok	KOR	PTF	2:0
daegu-university-festival-2025	Senior Men -68kg	SF	110	LEE Gi beom	KOR	KIM Ji-won	KOR	PTF	2:0
daegu-university-festival-2025	Senior Men -68kg	SF	210	LEE Jin gu	KOR	SEO Jihun	KOR	PTF	2:0
daegu-university-festival-2025	Senior Men -68kg	F	216	LEE Gi beom	KOR	LEE Jin gu	KOR	PTF	2:0
daegu-university-festival-2025	Senior Men -74kg	QF	203	BAE Siwon	KOR	MIN Ji hwan	KOR	PTF	2:0
daegu-university-festival-2025	Senior Men -74kg	QF	303	CHOI Jisung	KOR	NIKOLOVSKI Xavier	AUS	PTF	2:0
daegu-university-festival-2025	Senior Men -74kg	SF	111	CHOI Jisung	KOR	SUSILO Arya danu	INA	PTF	2:0
daegu-university-festival-2025	Senior Men -74kg	SF	310	JANG Eunseok	KOR	BAE Siwon	KOR	PTF	2:0
daegu-university-festival-2025	Senior Men -74kg	F	316	JANG Eunseok	KOR	CHOI Jisung	KOR	PTF	2:0
daegu-university-festival-2025	Senior Men -80kg	QF	104	JEON Jae hyeon	KOR	SWEENEY Liam	AUS	PTF	2:0
daegu-university-festival-2025	Senior Men -80kg	QF	105	NAUVAL Ossanando	INA	LEE Inhyuk	KOR	PTF	2:0
daegu-university-festival-2025	Senior Men -80kg	QF	204	KIM Min Gyuem	KOR	JUNG Minjun	KOR	PTF	2:0
daegu-university-festival-2025	Senior Men -80kg	QF	304	KIM Jaewon	KOR	DAGKOVANOS Apostolos	GRE	PTF	2:0
daegu-university-festival-2025	Senior Men -80kg	SF	211	JEON Jae hyeon	KOR	KIM Min Gyuem	KOR	PTF	2:0
daegu-university-festival-2025	Senior Men -80kg	SF	311	KIM Jaewon	KOR	NAUVAL Ossanando	INA	PTF	2:1
daegu-university-festival-2025	Senior Men -80kg	F	117	KIM Jaewon	KOR	JEON Jae hyeon	KOR	PTF	2:0
daegu-university-festival-2025	Senior Men -87kg	SF	201	KO Yuchan	KOR	FAADIHILLAH Ezar	INA	PTF	2:0
daegu-university-festival-2025	Senior Men -87kg	SF	202	RAIHAN FADHILA Mhd	INA	CHOL Hanul	KOR	PTF	2:1
daegu-university-festival-2025	Senior Men -87kg	F	203	KO Yuchan	KOR	RAIHAN FADHILA Mhd	INA	PTF	2:1
daegu-university-festival-2025	Senior Men +87kg	SF	112	NAMGOONG Hwan	KOR	STILLEY Aiden	AUS	PTF	2:0
daegu-university-festival-2025	Senior Men +87kg	SF	212	JUN Hyeon-min	KOR	BAE Yoon min	KOR	WDR	1:0
daegu-university-festival-2025	Senior Men +87kg	F	217	NAMGOONG Hwan	KOR	JUN Hyeon-min	KOR	PTF	2:1
daegu-university-festival-2025	Senior Women -46kg	F	317	SUZUKI Koharu	JPN	ALEXANDRA Rayinda Syah	INA	PTF	2:1
daegu-university-festival-2025	Senior Women -49kg	QF	205	MOTTA Bianca	AUS	SONG Younseo	KOR	PTF	2:0
daegu-university-festival-2025	Senior Women -49kg	QF	305	MURAKAMI China	JPN	KISHIDA Ruka	JPN	PTF	2:1
daegu-university-festival-2025	Senior Women -49kg	SF	113	MURAKAMI China	JPN	CHOI Ashley	USA	PTF	2:0
daegu-university-festival-2025	Senior Women -49kg	SF	312	DWI PUTRI Winda	INA	MOTTA Bianca	AUS	PTF	2:0
daegu-university-festival-2025	Senior Women -49kg	F	118	MURAKAMI China	JPN	DWI PUTRI Winda	INA	PTF	2:1
daegu-university-festival-2025	Senior Women -53kg	QF	106	MAHESWARI Megawati Tamesti	INA	YAMADA Miyu	JPN	PTF	2:0
daegu-university-festival-2025	Senior Women -53kg	QF	206	PATRATII Alesia	KGZ	KIM Yeji	KOR	PTF	2:1
daegu-university-festival-2025	Senior Women -53kg	QF	306	OH Seo-rin	KOR	TAN Nichelle	SGP	PTF	2:1
daegu-university-festival-2025	Senior Women -53kg	SF	213	TAMBYRAJAH Saffron	AUS	MAHESWARI Megawati Tamesti	INA	PTF	2:0
daegu-university-festival-2025	Senior Women -53kg	SF	313	OH Seo-rin	KOR	PATRATII Alesia	KGZ	PTF	2:1
daegu-university-festival-2025	Senior Women -53kg	F	218	OH Seo-rin	KOR	TAMBYRAJAH Saffron	AUS	PTF	2:0
daegu-university-festival-2025	Senior Women -57kg	QF	107	KIM Gahyeon	KOR	YOON Sumin	KOR	PTF	2:0
daegu-university-festival-2025	Senior Women -57kg	QF	108	HYMER Stacey	AUS	OSHIRO ROCHA Isabelly	JPN	PTF	2:0
daegu-university-festival-2025	Senior Women -57kg	QF	207	LEE Soonmyeong	KOR	JO Mingyeong	KOR	PTF	2:0
daegu-university-festival-2025	Senior Women -57kg	QF	307	LAMANDA Silvana	INA	ISHIDA Otoa	JPN	PTF	2:0
daegu-university-festival-2025	Senior Women -57kg	SF	114	KIM Gahyeon	KOR	LEE Soonmyeong	KOR	PTF	2:0
daegu-university-festival-2025	Senior Women -57kg	SF	214	HYMER Stacey	AUS	LAMANDA Silvana	INA	PTF	2:0
daegu-university-festival-2025	Senior Women -57kg	F	318	KIM Gahyeon	KOR	HYMER Stacey	AUS	PTF	2:0
daegu-university-festival-2025	Senior Women -67kg	SF	314	BLEWITT Gabriella	AUS	PARK Jeong-hyeon	KOR	PTF	2:1
daegu-university-festival-2025	Senior Women -67kg	F	119	BLEWITT Gabriella	AUS	PERMATA Ni Made	INA	PTF	2:0
daegu-university-festival-2025	Senior Women +73kg	SF	115	STEWART Reba	AUS	MURRAY Rebecca	AUS	WDR	
daegu-university-festival-2025	Senior Women +73kg	F	219	STEWART Reba	AUS	CHOI Yeojin	KOR	PTF	2:0
kazakhstan-open-2025	Senior Men -54kg	R32	401	SHAPULATOV Bakhodir	KAZ	MALYKHIN Danil	AIN	PTF	2:0
kazakhstan-open-2025	Senior Men -54kg	R32	402	ZHANG Duquan	CHN	ADELBAYEV Ramin	KAZ	PTF	2:0
kazakhstan-open-2025	Senior Men -54kg	R32	403	BHATT Aman	NEP	ZHUMABAY Assylzhan	KAZ	PTF	2:1
kazakhstan-open-2025	Senior Men -54kg	R32	404	ASHEN Yedige	KAZ	…. Vikash	IND	PTF	2:0
kazakhstan-open-2025	Senior Men -54kg	R16	411	KHAN Shahzaib	PAK	SHAPULATOV Bakhodir	KAZ	PTF	2:0
kazakhstan-open-2025	Senior Men -54kg	R16	412	TASKYN Temirzhan	KAZ	SAGYNDYK Nurassyl	KAZ	PTF	2:0
kazakhstan-open-2025	Senior Men -54kg	R16	413	YENSEGENOV Yerkebulan	KAZ	ASYMBEK UULU Alisher	KGZ	PTF	2:0
kazakhstan-open-2025	Senior Men -54kg	R16	414	RAHIMI Ihasam	AFG	ZHANG Duquan	CHN	PTF	2:1
kazakhstan-open-2025	Senior Men -54kg	R16	415	KAZLOU Aliaksandr	AIN	BHATT Aman	NEP	PTF	2:0
kazakhstan-open-2025	Senior Men -54kg	R16	416	KADIRKULOV Begzod	KAZ	ADILET Kazbayev	KAZ	PTF	2:0
kazakhstan-open-2025	Senior Men -54kg	R16	417	ZHAO Yuhan	CHN	SEIDAKHMET Abay	KAZ	PTF	2:0
kazakhstan-open-2025	Senior Men -54kg	R16	418	DUISENBEK Aziret	KAZ	ASHEN Yedige	KAZ	PTF	2:0
kazakhstan-open-2025	Senior Men -54kg	QF	424	TASKYN Temirzhan	KAZ	KHAN Shahzaib	PAK	PTF	2:0
kazakhstan-open-2025	Senior Men -54kg	QF	425	YENSEGENOV Yerkebulan	KAZ	RAHIMI Ihasam	AFG	PTF	2:0
kazakhstan-open-2025	Senior Men -54kg	QF	426	KADIRKULOV Begzod	KAZ	KAZLOU Aliaksandr	AIN	PTF	2:0
kazakhstan-open-2025	Senior Men -54kg	QF	427	DUISENBEK Aziret	KAZ	ZHAO Yuhan	CHN	PTF	2:0
kazakhstan-open-2025	Senior Men -54kg	SF	432	YENSEGENOV Yerkebulan	KAZ	TASKYN Temirzhan	KAZ	PTF	2:0
kazakhstan-open-2025	Senior Men -54kg	SF	433	KADIRKULOV Begzod	KAZ	DUISENBEK Aziret	KAZ	PTF	2:1
kazakhstan-open-2025	Senior Men -54kg	F	436	YENSEGENOV Yerkebulan	KAZ	KADIRKULOV Begzod	KAZ	PTF	2:0
kazakhstan-open-2025	Senior Men -58kg	R32	201	KURMANALI Nurgissa	KAZ	ALSHAIKI Firas	KSA	PTF	2:0
kazakhstan-open-2025	Senior Men -58kg	R32	202	ERSHAD Anas	AFG	BEISEMBAY Alisher	KAZ	PTF	2:0
kazakhstan-open-2025	Senior Men -58kg	R32	203	KAZLOU Yahor	AIN	KLUCHEV Asadbek	KAZ	PTF	2:0
kazakhstan-open-2025	Senior Men -58kg	R32	204	CHARNIAK Viktar	AIN	BIST Sumit	NEP	PTF	2:1
kazakhstan-open-2025	Senior Men -58kg	R32	205	KLUCHOV Jasurbek	KAZ	ALQAHTANI Luay saeed	KSA	PTF	2:0
kazakhstan-open-2025	Senior Men -58kg	R32	206	OTEGEN Askar	KAZ	HAIMAITI Bilali	CHN	PTF	2:0
kazakhstan-open-2025	Senior Men -58kg	R32	207	NURAKHAN YERASSYL	KAZ	BOLATOV Zhannur	KAZ	PTF	2:0
kazakhstan-open-2025	Senior Men -58kg	R32	208	MOHAMED Ali	UAE	UZAKBAYEV Izbassar	KAZ	PTF	2:1
kazakhstan-open-2025	Senior Men -58kg	R16	210	GURTSIEV Georgii	AIN	KURMANALI Nurgissa	KAZ	PTF	2:1
kazakhstan-open-2025	Senior Men -58kg	R16	211	ERSHAD Anas	AFG	SERIKULY Nurdaulet	KAZ	PTF	2:1
kazakhstan-open-2025	Senior Men -58kg	R16	212	KAZLOU Yahor	AIN	ALSHAHRANI Meshari nasser a	KSA	PTF	2:0
kazakhstan-open-2025	Senior Men -58kg	R16	213	ISLAMOV Zhavokhirkhon	KAZ	CHARNIAK Viktar	AIN	PTF	2:0
kazakhstan-open-2025	Senior Men -58kg	R16	214	SIDDIQUE Abubakar	PAK	KLUCHOV Jasurbek	KAZ	PTF	2:0
kazakhstan-open-2025	Senior Men -58kg	R16	215	OTEGEN Askar	KAZ	NAWROZI Azad big	AFG	PTF	2:0
kazakhstan-open-2025	Senior Men -58kg	R16	216	YSKAK Yeldos	KAZ	NURAKHAN YERASSYL	KAZ	PTF	2:0
kazakhstan-open-2025	Senior Men -58kg	R16	217	TLEULES Tamirlan	KAZ	MOHAMED Ali	UAE	PTF	2:1
kazakhstan-open-2025	Senior Men -58kg	QF	226	GURTSIEV Georgii	AIN	ERSHAD Anas	AFG	PTF	2:1
kazakhstan-open-2025	Senior Men -58kg	QF	227	ISLAMOV Zhavokhirkhon	KAZ	KAZLOU Yahor	AIN	PTF	2:0
kazakhstan-open-2025	Senior Men -58kg	QF	228	OTEGEN Askar	KAZ	SIDDIQUE Abubakar	PAK	PTF	2:0
kazakhstan-open-2025	Senior Men -58kg	QF	229	YSKAK Yeldos	KAZ	TLEULES Tamirlan	KAZ	PTF	2:0
kazakhstan-open-2025	Senior Men -58kg	SF	234	ISLAMOV Zhavokhirkhon	KAZ	GURTSIEV Georgii	AIN	PTF	2:0
kazakhstan-open-2025	Senior Men -58kg	SF	235	YSKAK Yeldos	KAZ	OTEGEN Askar	KAZ	PTF	2:0
kazakhstan-open-2025	Senior Men -58kg	F	539	ISLAMOV Zhavokhirkhon	KAZ	YSKAK Yeldos	KAZ	PTF	2:0
kazakhstan-open-2025	Senior Men -63kg	R32	101	IVLEV Dmitrii	AIN	AKHMETKALIYEV Bakhtiyar	KAZ	PTF	2:1
kazakhstan-open-2025	Senior Men -63kg	R32	102	REZAEE Mohsen	AFG	ORALKHANOV Bektore	KAZ	PTF	2:0
kazakhstan-open-2025	Senior Men -63kg	R32	103	LIU Xuan	CHN	ELZHURKHAYEV Tamerlan	KAZ	PTF	2:0
kazakhstan-open-2025	Senior Men -63kg	R32	104	TOGYZBAYEV Konysbek	KAZ	SUNAR Sahil	NEP	PTF	2:0
kazakhstan-open-2025	Senior Men -63kg	R32	105	YING Zonglin	CHN	ABDULKHAMIT Batyy	KAZ	PTF	2:0
kazakhstan-open-2025	Senior Men -63kg	R32	106	NIYAZOV Azim	KAZ	AKBI Alisher	KAZ	PTF	2:0
kazakhstan-open-2025	Senior Men -63kg	R32	107	ARBAZ KHAN Muhammad	PAK	KHASSAN Yerbolat	KAZ	PTF	2:0
kazakhstan-open-2025	Senior Men -63kg	R32	108	BANDAREVICH Maksim	AIN	IMANTAYEV Aibek	KAZ	PTF	2:0
kazakhstan-open-2025	Senior Men -63kg	R32	109	SADR ZADA Bizhan	AFG	MIRAMBEKULY Meiirzhan	KAZ	PTF	2:0
kazakhstan-open-2025	Senior Men -63kg	R32	110	MANSUROV Kamronbek	UZB	NURALIYEV Assatbek	KAZ	PTF	2:0
kazakhstan-open-2025	Senior Men -63kg	R16	112	ABABAKIROV Samirkhon	KAZ	IVLEV Dmitrii	AIN	PTF	2:0
kazakhstan-open-2025	Senior Men -63kg	R16	113	LIU Xuan	CHN	REZAEE Mohsen	AFG	PTF	2:1
kazakhstan-open-2025	Senior Men -63kg	R16	114	ALIMZHANOV Zharas	KAZ	TOGYZBAYEV Konysbek	KAZ	PTF	2:0
kazakhstan-open-2025	Senior Men -63kg	R16	115	KHAN Noman	PAK	YING Zonglin	CHN	PTF	2:0
kazakhstan-open-2025	Senior Men -63kg	R16	116	YASER ISMAIL Omar	PLE	NIYAZOV Azim	KAZ	PTF	2:0
kazakhstan-open-2025	Senior Men -63kg	R16	117	ABDIMALIK Dulat	KAZ	ARBAZ KHAN Muhammad	PAK	PTF	2:0
kazakhstan-open-2025	Senior Men -63kg	R16	118	BANDAREVICH Maksim	AIN	SADR ZADA Bizhan	AFG	PTF	2:0
kazakhstan-open-2025	Senior Men -63kg	R16	119	JENDOUBI Mohamed khalil	TUN	MANSUROV Kamronbek	UZB	PTF	2:0
kazakhstan-open-2025	Senior Men -63kg	QF	125	ABABAKIROV Samirkhon	KAZ	LIU Xuan	CHN	PTF	2:0
kazakhstan-open-2025	Senior Men -63kg	QF	126	KHAN Noman	PAK	ALIMZHANOV Zharas	KAZ	PTF	2:1
kazakhstan-open-2025	Senior Men -63kg	QF	127	YASER ISMAIL Omar	PLE	ABDIMALIK Dulat	KAZ	PTF	2:0
kazakhstan-open-2025	Senior Men -63kg	QF	128	JENDOUBI Mohamed khalil	TUN	BANDAREVICH Maksim	AIN	PTF	2:1
kazakhstan-open-2025	Senior Men -63kg	SF	133	ABABAKIROV Samirkhon	KAZ	KHAN Noman	PAK	PTF	2:0
kazakhstan-open-2025	Senior Men -63kg	SF	134	JENDOUBI Mohamed khalil	TUN	YASER ISMAIL Omar	PLE	PTF	2:0
kazakhstan-open-2025	Senior Men -63kg	F	339.1	JENDOUBI Mohamed khalil	TUN	ABABAKIROV Samirkhon	KAZ	PTF	2:1
kazakhstan-open-2025	Senior Men -68kg	R32	301	YERMENTAYEV Arslan	KAZ	NUERZHATI Jialiken	CHN	PTF	2:0
kazakhstan-open-2025	Senior Men -68kg	R32	302	KANAT Bagzhan	KAZ	YASEN Nueralimu	CHN	PTF	2:0
kazakhstan-open-2025	Senior Men -68kg	R32	303	ORYNBEK Sultanbek	KAZ	Dinesh	IND	PTF	2:0
kazakhstan-open-2025	Senior Men -68kg	R32	304	BIN QASIM Ahmed waleed	KSA	KUTTYBAYEV Daryn	KAZ	PTF	2:0
kazakhstan-open-2025	Senior Men -68kg	R32	305	KURMANALIEV Eldar	KGZ	ABDRASSILOV Kuanysh	KAZ	PTF	2:0
kazakhstan-open-2025	Senior Men -68kg	R32	306	RZAGALY Rauan	KAZ	TUHETINIYAZI Muerzhati	CHN	PTF	2:0
kazakhstan-open-2025	Senior Men -68kg	R16	310	BOUJEMAI Fares	TUN	YERMENTAYEV Arslan	KAZ	PTF	2:1
kazakhstan-open-2025	Senior Men -68kg	R16	311	MUSSAKHAN Bexultan	KAZ	BUGDAEV Shakhban	KSA	PTF	2:0
kazakhstan-open-2025	Senior Men -68kg	R16	312	KASSANOV Izyat	KAZ	KANAT Bagzhan	KAZ	PTF	2:1
kazakhstan-open-2025	Senior Men -68kg	R16	313	GONG Ruixing	CHN	ORYNBEK Sultanbek	KAZ	PTF	2:0
kazakhstan-open-2025	Senior Men -68kg	R16	314	ZAIN Hikmatullah	AFG	BIN QASIM Ahmed waleed	KSA	PTF	2:0
kazakhstan-open-2025	Senior Men -68kg	R16	315	KURMANALIEV Eldar	KGZ	ZIAD Diaa	PLE	PTF	2:1
kazakhstan-open-2025	Senior Men -68kg	R16	316	GAZEZ Nurbek	KAZ	MUKHAMETKARYMOV Anuar	KAZ	PTF	2:0
kazakhstan-open-2025	Senior Men -68kg	R16	317	TCAKOEV Sarmat	AIN	RZAGALY Rauan	KAZ	PTF	2:0
kazakhstan-open-2025	Senior Men -68kg	QF	327	KASSANOV Izyat	KAZ	GONG Ruixing	CHN	PTF	2:0
kazakhstan-open-2025	Senior Men -68kg	QF	328	ZAIN Hikmatullah	AFG	KURMANALIEV Eldar	KGZ	PTF	2:0
kazakhstan-open-2025	Senior Men -68kg	QF	329	GAZEZ Nurbek	KAZ	TCAKOEV Sarmat	AIN	PTF	2:0
kazakhstan-open-2025	Senior Men -68kg	QF	426.2	BOUJEMAI Fares	TUN	MUSSAKHAN Bexultan	KAZ	PTF	2:1
kazakhstan-open-2025	Senior Men -68kg	SF	334	BOUJEMAI Fares	TUN	KASSANOV Izyat	KAZ	PTF	2:0
kazakhstan-open-2025	Senior Men -68kg	SF	335	GAZEZ Nurbek	KAZ	ZAIN Hikmatullah	AFG	PTF	2:0
kazakhstan-open-2025	Senior Men -68kg	F	339	GAZEZ Nurbek	KAZ	BOUJEMAI Fares	TUN	PTF	2:1
kazakhstan-open-2025	Senior Men -74kg	R16	501	BEGIMBETOV Amanbol	KAZ	ANWAR Kaif	PAK	PTF	2:0
kazakhstan-open-2025	Senior Men -74kg	R16	502	MURATKAN Yelnur	KAZ	NUERMAIMAITI Naibijiang	CHN	PTF	2:0
kazakhstan-open-2025	Senior Men -74kg	R16	503	PANASENKOV Kirill	AIN	GALIYEV Alisher	KAZ	PTF	2:0
kazakhstan-open-2025	Senior Men -74kg	R16	504	BABAKHIN Artsiom	AIN	SHULENOV Damir	KAZ	RSC	
kazakhstan-open-2025	Senior Men -74kg	R16	505	BHANDARI Aashis	NEP	TLEUGABYLOV Adil	KAZ	RSC	1:0
kazakhstan-open-2025	Senior Men -74kg	R16	506	RASSULIULY Dinmukhanbed	KAZ	ALKHAWAHIR Ahmed	KSA	PTF	2:0
kazakhstan-open-2025	Senior Men -74kg	QF	514	BEKASSYL Yergesh	KAZ	BEGIMBETOV Amanbol	KAZ	PTF	2:0
kazakhstan-open-2025	Senior Men -74kg	QF	515	PANASENKOV Kirill	AIN	MURATKAN Yelnur	KAZ	PTF	2:0
kazakhstan-open-2025	Senior Men -74kg	QF	516	BABAKHIN Artsiom	AIN	BHANDARI Aashis	NEP	PTF	2:0
kazakhstan-open-2025	Senior Men -74kg	QF	517	ORYNBASSAR Yerassyl	KAZ	RASSULIULY Dinmukhanbed	KAZ	PTF	2:1
kazakhstan-open-2025	Senior Men -74kg	SF	528	BEKASSYL Yergesh	KAZ	PANASENKOV Kirill	AIN	PTF	2:0
kazakhstan-open-2025	Senior Men -74kg	SF	529	ORYNBASSAR Yerassyl	KAZ	BABAKHIN Artsiom	AIN	PTF	2:1
kazakhstan-open-2025	Senior Men -74kg	F	535	BEKASSYL Yergesh	KAZ	ORYNBASSAR Yerassyl	KAZ	PTF	2:1
kazakhstan-open-2025	Senior Men -80kg	R16	209	KUSSETOV Batyrkhan	KAZ	Ritik	IND	PTF	2:0
kazakhstan-open-2025	Senior Men -80kg	QF	222	TOLEUGALI Batyrkhan	KAZ	KUSSETOV Batyrkhan	KAZ	PTF	2:0
kazakhstan-open-2025	Senior Men -80kg	QF	528.1	GATIIATULLIN Timur	AIN	SAHAK Omid	AFG	PTF	2:0
kazakhstan-open-2025	Senior Men -80kg	QF	528.2	TURAVINAU Raman	AIN	KHASSEN Zhan	KAZ	PTF	2:0
kazakhstan-open-2025	Senior Men -80kg	QF	528.3	MARIPOV Abdurakhmon	KAZ	BAKHITZHAN Islam	KAZ	PTF	2:0
kazakhstan-open-2025	Senior Men -80kg	SF	232	TOLEUGALI Batyrkhan	KAZ	GATIIATULLIN Timur	AIN	PTF	2:0
kazakhstan-open-2025	Senior Men -80kg	SF	233	MARIPOV Abdurakhmon	KAZ	TURAVINAU Raman	AIN	PTF	2:0
kazakhstan-open-2025	Senior Men -80kg	F	337	TOLEUGALI Batyrkhan	KAZ	MARIPOV Abdurakhmon	KAZ	PTF	2:0
kazakhstan-open-2025	Senior Men -87kg	R16	507	YURKOU Daniil	AIN	BIGASHEV Rauan	KAZ	PTF	2:0
kazakhstan-open-2025	Senior Men -87kg	R16	508	PRYAZHNIKOV Alexander	AIN	Rishabh	IND	PTF	2:0
kazakhstan-open-2025	Senior Men -87kg	R16	509	NURGAZIN Meiir	KAZ	DZIADOVICH Mikhail	AIN	PTF	2:0
kazakhstan-open-2025	Senior Men -87kg	R16	510	KATOUSI Firas	TUN	SHUKRAN Mohammad ashraf	AFG	PTF	2:0
kazakhstan-open-2025	Senior Men -87kg	QF	518	IFAOUI Motaz	TUN	YURKOU Daniil	AIN	PTF	2:0
kazakhstan-open-2025	Senior Men -87kg	QF	519	PRYAZHNIKOV Alexander	AIN	ISMAIL Abdelazim	KAZ	PTF	2:0
kazakhstan-open-2025	Senior Men -87kg	QF	520	KOZHAKHMET Nurkanat	KAZ	NURGAZIN Meiir	KAZ	PTF	2:0
kazakhstan-open-2025	Senior Men -87kg	QF	521	KATOUSI Firas	TUN	MYRZABAYEV Nurlan	KAZ	PTF	2:0
kazakhstan-open-2025	Senior Men -87kg	SF	530	IFAOUI Motaz	TUN	PRYAZHNIKOV Alexander	AIN	PTF	2:1
kazakhstan-open-2025	Senior Men -87kg	SF	531	KATOUSI Firas	TUN	KOZHAKHMET Nurkanat	KAZ	PTF	2:0
kazakhstan-open-2025	Senior Men -87kg	F	237	IFAOUI Motaz	TUN	KATOUSI Firas	TUN	RSC	1:0
kazakhstan-open-2025	Senior Men +87kg	QF	318	KABLAN Beibarys	KAZ	ORYNBEK Zhandos	KAZ	PTF	2:1
kazakhstan-open-2025	Senior Men +87kg	QF	319	KHASSENOV Bauyrzhan	KAZ	AMIRI Ali akbar	AFG	PTF	2:0
kazakhstan-open-2025	Senior Men +87kg	QF	320	SAEED Hamzah omar	PAK	TARCHYLA Aliaksei	AIN	PTF	2:0
kazakhstan-open-2025	Senior Men +87kg	QF	321	PLONIS Artsiom	AIN	NURGAZY Bekarys	KAZ	PTF	2:0
kazakhstan-open-2025	Senior Men +87kg	SF	330	KABLAN Beibarys	KAZ	KHASSENOV Bauyrzhan	KAZ	PTF	2:0
kazakhstan-open-2025	Senior Men +87kg	SF	331	PLONIS Artsiom	AIN	SAEED Hamzah omar	PAK	PTF	2:0
kazakhstan-open-2025	Senior Men +87kg	F	435	KABLAN Beibarys	KAZ	PLONIS Artsiom	AIN	PTF	2:0
kazakhstan-open-2025	Senior Women -46kg	QF	218	KUMARTAYEVA Aidana	KAZ	QABAHA Maiar	PLE	PTF	2:0
kazakhstan-open-2025	Senior Women -46kg	QF	219	DU Jia	CHN	RAI Santoshi	NEP	PTF	2:0
kazakhstan-open-2025	Senior Women -46kg	QF	220	LI Siyong	CHN	ZHARKYNBAY KYZY Gulnur	KGZ	RSC	2:0
kazakhstan-open-2025	Senior Women -46kg	QF	221	OMIRZAK Togzhan	KAZ	SAUD Anjali Kumari	NEP	PTF	2:1
kazakhstan-open-2025	Senior Women -46kg	SF	132.1	OMIRZAK Togzhan	KAZ	LI Siyong	CHN	PTF	2:1
kazakhstan-open-2025	Senior Women -46kg	SF	230	KUMARTAYEVA Aidana	KAZ	DU Jia	CHN	PTF	2:0
kazakhstan-open-2025	Senior Women -46kg	F	135.1	KUMARTAYEVA Aidana	KAZ	OMIRZAK Togzhan	KAZ	PTF	2:0
kazakhstan-open-2025	Senior Women -49kg	R16	511	TAIROVA Ramina	KAZ	MARATOVA Zarina	KAZ	PTF	2:0
kazakhstan-open-2025	Senior Women -49kg	R16	512	TURYMBETOVA Tangzhuldyz	KAZ	MOHAMMED Mariam	UAE	PTF	2:0
kazakhstan-open-2025	Senior Women -49kg	R16	513	SHERALIEVA Raziia	KGZ	ZHANDILDINOVA Adel	KAZ	PTF	2:0
kazakhstan-open-2025	Senior Women -49kg	QF	522	BAUYRZHANOVA Nuray	KAZ	TAIROVA Ramina	KAZ	PTF	2:0
kazakhstan-open-2025	Senior Women -49kg	QF	523	BAKISHEVA Rita	KAZ	A. SH. SALEH Abrar	PLE	DSQ	
kazakhstan-open-2025	Senior Women -49kg	QF	524	TURYMBETOVA Tangzhuldyz	KAZ	ZAHRAA KHAWAR Fateemaah tuz	PAK	PTF	2:1
kazakhstan-open-2025	Senior Women -49kg	QF	525	ZOGHBI Aicha	TUN	SHERALIEVA Raziia	KGZ	PTF	2:0
kazakhstan-open-2025	Senior Women -49kg	SF	532	BAKISHEVA Rita	KAZ	BAUYRZHANOVA Nuray	KAZ	PTF	2:0
kazakhstan-open-2025	Senior Women -49kg	SF	533	ZOGHBI Aicha	TUN	TURYMBETOVA Tangzhuldyz	KAZ	PTF	2:1
kazakhstan-open-2025	Senior Women -49kg	F	137	ZOGHBI Aicha	TUN	BAKISHEVA Rita	KAZ	PTF	2:1
kazakhstan-open-2025	Senior Women -53kg	R16	405	ABDIKADYR Aruzhan	KAZ	FAHAD ALFARAIDY Leen	KSA	RSC	2:0
kazakhstan-open-2025	Senior Women -53kg	R16	406	AKHMEDOVA Nodira	KAZ	PATRATII Alesia	KGZ	PTF	2:0
kazakhstan-open-2025	Senior Women -53kg	R16	407	MERGEMBAYEVA Perizat	KAZ	ATIAH Lujain fahmi a	KSA	PTF	2:0
kazakhstan-open-2025	Senior Women -53kg	R16	408	UZUNCAVDAR Sila irmak	TUR	KAPANOVA Botakoz	KAZ	DSQ	
kazakhstan-open-2025	Senior Women -53kg	R16	409	SAROKINA Uladzislava	AIN	TOLOKONNIKOVA Karina	KAZ	PTF	2:0
kazakhstan-open-2025	Senior Women -53kg	R16	410	IDRISSOVA Tomiris	KAZ	IMINZHANOVA Malika	KAZ	PTF	2:1
kazakhstan-open-2025	Senior Women -53kg	QF	420	SUNDETBAY Aidana	KAZ	ABDIKADYR Aruzhan	KAZ	PTF	2:0
kazakhstan-open-2025	Senior Women -53kg	QF	421	AKHMEDOVA Nodira	KAZ	MERGEMBAYEVA Perizat	KAZ	PTF	2:0
kazakhstan-open-2025	Senior Women -53kg	QF	422	UZUNCAVDAR Sila irmak	TUR	SAROKINA Uladzislava	AIN	PTF	2:0
kazakhstan-open-2025	Senior Women -53kg	QF	423	KARAJANOVA Aziza	KAZ	IDRISSOVA Tomiris	KAZ	PTF	2:0
kazakhstan-open-2025	Senior Women -53kg	SF	430	AKHMEDOVA Nodira	KAZ	SUNDETBAY Aidana	KAZ	PTF	2:0
kazakhstan-open-2025	Senior Women -53kg	SF	431	KARAJANOVA Aziza	KAZ	UZUNCAVDAR Sila irmak	TUR	PTF	2:0
kazakhstan-open-2025	Senior Women -53kg	F	238	AKHMEDOVA Nodira	KAZ	KARAJANOVA Aziza	KAZ	PTF	2:0
kazakhstan-open-2025	Senior Women -57kg	R16	111	ISSINA Zhazira	KAZ	SHRESTHA Suvanghi	NEP	PTF	2:0
kazakhstan-open-2025	Senior Women -57kg	QF	121	TOUMI Chaima	TUN	ISSINA Zhazira	KAZ	PTF	2:0
kazakhstan-open-2025	Senior Women -57kg	QF	122	KANAT Almira	KAZ	FARAJ Yaqin	PLE	PTF	2:0
kazakhstan-open-2025	Senior Women -57kg	QF	123	SEVOSTYANOVA Mariya	KAZ	BEN AOUN Ouhoud	TUN	PTF	2:0
kazakhstan-open-2025	Senior Women -57kg	QF	124	VITKO Yuliya	AIN	RIJAL Mamata	NEP	PTF	2:0
kazakhstan-open-2025	Senior Women -57kg	SF	131	TOUMI Chaima	TUN	KANAT Almira	KAZ	RSC	2:0
kazakhstan-open-2025	Senior Women -57kg	SF	132	SEVOSTYANOVA Mariya	KAZ	VITKO Yuliya	AIN	PTF	2:0
kazakhstan-open-2025	Senior Women -57kg	F	236.1	TOUMI Chaima	TUN	SEVOSTYANOVA Mariya	KAZ	PTF	2:1
kazakhstan-open-2025	Senior Women -62kg	R16	307	ASKAR Ayaulym	KAZ	ABUTAY Fatikha	KAZ	PTF	2:0
kazakhstan-open-2025	Senior Women -62kg	R16	308	KULUMKANOVA Sabina	KAZ	TARIK A BANGASH Lamar	KSA	PTF	2:0
kazakhstan-open-2025	Senior Women -62kg	R16	309	KAZNABEK Nuray	KAZ	PROKOPCHUK Veronika	KAZ	PTF	2:0
kazakhstan-open-2025	Senior Women -62kg	QF	322	WAFA Masghouni	TUN	ASKAR Ayaulym	KAZ	PTF	2:0
kazakhstan-open-2025	Senior Women -62kg	QF	323	SENYURT Aleyna	TUR	SMYCHKOVA Valeryia	AIN	PTF	2:0
kazakhstan-open-2025	Senior Women -62kg	QF	324	AIMUKASHEVA Kamila	KAZ	KULUMKANOVA Sabina	KAZ	PTF	2:0
kazakhstan-open-2025	Senior Women -62kg	QF	426.1	ADILBEKKYZY Aisha	KAZ	KAZNABEK Nuray	KAZ	PTF	2:1
kazakhstan-open-2025	Senior Women -62kg	SF	332	WAFA Masghouni	TUN	SENYURT Aleyna	TUR	PTF	2:0
kazakhstan-open-2025	Senior Women -62kg	SF	333	ADILBEKKYZY Aisha	KAZ	AIMUKASHEVA Kamila	KAZ	PTF	2:1
kazakhstan-open-2025	Senior Women -62kg	F	537	WAFA Masghouni	TUN	ADILBEKKYZY Aisha	KAZ	PTF	2:0
kazakhstan-open-2025	Senior Women -67kg	QF	120	TAUKENOVA Aida	KAZ	MUKHAMETKULOVA Assem	KAZ	PTF	2:0
kazakhstan-open-2025	Senior Women -67kg	SF	129	KHUSSAINOVA Nuray	KAZ	TAUKENOVA Aida	KAZ	PTF	2:1
kazakhstan-open-2025	Senior Women -67kg	SF	130	SAPARKHAN Ayazhan	KAZ	KOLBAYEVA Bexulu	KAZ	PTF	2:0
kazakhstan-open-2025	Senior Women -67kg	F	336	KHUSSAINOVA Nuray	KAZ	SAPARKHAN Ayazhan	KAZ	PTF	2:0
kazakhstan-open-2025	Senior Women -73kg	SF	526	MAKHMUTOVA Nazym	KAZ	DING Hongdan	CHN	PTF	2:0
kazakhstan-open-2025	Senior Women -73kg	SF	527	PEKONKINA Anna	AIN	MANASKYZY Dariya	KAZ	PTF	2:1
kazakhstan-open-2025	Senior Women -73kg	F	135	MAKHMUTOVA Nazym	KAZ	PEKONKINA Anna	AIN	PTF	2:0
kazakhstan-open-2025	Senior Women +73kg	QF	419	YERKASSIMOVA Axaule	KAZ	KENGESBEK Nurly	KAZ	PTF	2:0
kazakhstan-open-2025	Senior Women +73kg	SF	428	TKEBAEVA Meruert	KAZ	YERKASSIMOVA Axaule	KAZ	DSQ	
kazakhstan-open-2025	Senior Women +73kg	SF	429	UZUNCAVDAR Sude yaren	TUR	KAIMOVA Evgeniya	KAZ	PTF	2:0
kazakhstan-open-2025	Senior Women +73kg	F	434	UZUNCAVDAR Sude yaren	TUR	TKEBAEVA Meruert	KAZ	PTF	2:0
multi-european-games-2025	Senior Men -54kg	R32	801	MALYKHIN Danil	AIN	FLORIDIA Mattia	ITA	PTF	2:1
multi-european-games-2025	Senior Men -54kg	R32	802	TUFAN Egemen	TUR	MAGOMEDOV Makho	AIN	PTF	2:0
multi-european-games-2025	Senior Men -54kg	R32	803	LA MATTINA Giovanni	ITA	SANCHEZ LOZANO Domingo	ESP	PTF	2:0
multi-european-games-2025	Senior Men -54kg	R16	807	AGENJO TRIGOS Jairo	ESP	MALYKHIN Danil	AIN	PTF	2:1
multi-european-games-2025	Senior Men -54kg	R16	808	IVKOVIC Relja	SRB	ADAMIDIS Avraam evangelos	GRE	PTF	2:1
multi-european-games-2025	Senior Men -54kg	R16	809	TITOV Ilia	AIN	BAILEY Thomas	GBR	PTF	2:0
multi-european-games-2025	Senior Men -54kg	R16	810	DAVILA RODRIGUEZ Adrian	ESP	BALKI Muhammed Barbaros	TUR	PTF	2:1
multi-european-games-2025	Senior Men -54kg	R16	811	CARRION COSTA Alejandro	ESP	TUFAN Egemen	TUR	PTF	2:0
multi-european-games-2025	Senior Men -54kg	R16	812	ROSCA Artiom	MDA	ILIC Nikola	SRB	PTF	2:0
multi-european-games-2025	Senior Men -54kg	R16	813	ROUNTARIS Stylianos	GRE	MIKLAVCIC Aljaz	SLO	PTF	2:1
multi-european-games-2025	Senior Men -54kg	R16	814	TURKALJ Luka	CRO	LA MATTINA Giovanni	ITA	PTF	2:0
multi-european-games-2025	Senior Men -54kg	QF	823	AGENJO TRIGOS Jairo	ESP	IVKOVIC Relja	SRB	PTF	2:1
multi-european-games-2025	Senior Men -54kg	QF	824	DAVILA RODRIGUEZ Adrian	ESP	TITOV Ilia	AIN	PTF	2:1
multi-european-games-2025	Senior Men -54kg	QF	825	ROSCA Artiom	MDA	CARRION COSTA Alejandro	ESP	PTF	2:0
multi-european-games-2025	Senior Men -54kg	QF	826	TURKALJ Luka	CRO	ROUNTARIS Stylianos	GRE	PTF	2:0
multi-european-games-2025	Senior Men -54kg	SF	831	AGENJO TRIGOS Jairo	ESP	DAVILA RODRIGUEZ Adrian	ESP	WDR	
multi-european-games-2025	Senior Men -54kg	SF	832	ROSCA Artiom	MDA	TURKALJ Luka	CRO	PTF	2:1
multi-european-games-2025	Senior Men -54kg	F	738	ROSCA Artiom	MDA	AGENJO TRIGOS Jairo	ESP	PTF	2:0
multi-european-games-2025	Senior Men -58kg	R32	201	GOKALP Cuneyt	TUR	KHAN Rayhaan	PAK	PTF	2:0
multi-european-games-2025	Senior Men -58kg	R32	202	ZAINO Tommaso	ITA	YAKIMOV Tsvetan	BUL	PTF	2:1
multi-european-games-2025	Senior Men -58kg	R32	203	BITSUEV Kantemir	AIN	ERBULUT Berke	TUR	PTF	2:1
multi-european-games-2025	Senior Men -58kg	R32	204	KURU Alihan	TUR	ATANASOV Atanas	BUL	PTF	2:0
multi-european-games-2025	Senior Men -58kg	R32	205	DEMIR Berk Karan	TUR	CORDOBA VILLARTE Alvaro	ESP	PTF	2:0
multi-european-games-2025	Senior Men -58kg	R32	206	KAFATARIDIS Ioannis	GRE	ANGHEL Mario ignacio	ESP	PTF	2:0
multi-european-games-2025	Senior Men -58kg	R32	207	BENZIAN REGRAG Yousef	GBR	TAMBERK Sefa	TUR	WDR	2:1
multi-european-games-2025	Senior Men -58kg	R32	208	SERBETCI Nuri	TUR	SHERRATT Alexander	GBR	PTF	2:1
multi-european-games-2025	Senior Men -58kg	R32	209	BOJERUD BANDAGO Elias ibrahim	SWE	CARATOZZOLO Antonio Mattia	ITA	PTF	2:0
multi-european-games-2025	Senior Men -58kg	R32	210	REALE Marco	ITA	TBATOU Amine	MAR	PTF	2:1
multi-european-games-2025	Senior Men -58kg	R16	214	BADEM Yusuf	TUR	GOKALP Cuneyt	TUR	PTF	2:0
multi-european-games-2025	Senior Men -58kg	R16	215	BITSUEV Kantemir	AIN	ZAINO Tommaso	ITA	PTF	2:0
multi-european-games-2025	Senior Men -58kg	R16	216	MAGOMEDOV Magomedgadzhi	AIN	KURU Alihan	TUR	PTF	2:1
multi-european-games-2025	Senior Men -58kg	R16	217	SARSOZA Zack	GBR	DEMIR Berk Karan	TUR	PTF	2:1
multi-european-games-2025	Senior Men -58kg	R16	218	ABDEL HALIM Khaled	GER	KAFATARIDIS Ioannis	GRE	PTF	2:0
multi-european-games-2025	Senior Men -58kg	R16	219	TORRE Elia	ITA	BENZIAN REGRAG Yousef	GBR	PTF	2:1
multi-european-games-2025	Senior Men -58kg	R16	220	SERBETCI Nuri	TUR	BOJERUD BANDAGO Elias ibrahim	SWE	PTF	2:0
multi-european-games-2025	Senior Men -58kg	R16	221	VASILIC Todor	SRB	REALE Marco	ITA	PTF	2:0
multi-european-games-2025	Senior Men -58kg	QF	226	BADEM Yusuf	TUR	BITSUEV Kantemir	AIN	PTF	2:0
multi-european-games-2025	Senior Men -58kg	QF	227	MAGOMEDOV Magomedgadzhi	AIN	SARSOZA Zack	GBR	PTF	2:0
multi-european-games-2025	Senior Men -58kg	QF	228	ABDEL HALIM Khaled	GER	TORRE Elia	ITA	PTF	2:0
multi-european-games-2025	Senior Men -58kg	QF	229	SERBETCI Nuri	TUR	VASILIC Todor	SRB	PTF	2:0
multi-european-games-2025	Senior Men -58kg	SF	232	BADEM Yusuf	TUR	MAGOMEDOV Magomedgadzhi	AIN	PTF	2:0
multi-european-games-2025	Senior Men -58kg	SF	233	ABDEL HALIM Khaled	GER	SERBETCI Nuri	TUR	PTF	2:1
multi-european-games-2025	Senior Men -58kg	F	236	BADEM Yusuf	TUR	ABDEL HALIM Khaled	GER	PTF	2:1
multi-european-games-2025	Senior Men -63kg	R64	101	CASTAGNA Salvatore	ITA	ANTONIOU Themistoklis	CYP	PTF	2:0
multi-european-games-2025	Senior Men -63kg	R32	102	MCINTOSH Jamie	GBR	SPANIDIS Konstantinos	GRE	WDR	1:0
multi-european-games-2025	Senior Men -63kg	R32	103	KOPYLOV Danil	AIN	POLIMOS Panagiotis Belos	GRE	PTF	2:1
multi-european-games-2025	Senior Men -63kg	R32	104	KORNEEV Lev	SRB	CASTAGNA Salvatore	ITA	PTF	2:0
multi-european-games-2025	Senior Men -63kg	R32	105	OZDOGAN Kazim	TUR	BELANOVIC Uros	SRB	PTF	2:0
multi-european-games-2025	Senior Men -63kg	R32	106	FUNKENDORF Vladyslav	UKR	CELIK Ahmet Abit	TUR	PTF	2:0
multi-european-games-2025	Senior Men -63kg	R32	107	DEINICHENKO Aleksandr	AIN	BALJAK Matej	CRO	PTF	2:0
multi-european-games-2025	Senior Men -63kg	R32	108	SIMEONOV Martin	BUL	TORIS Evangelos	GRE	PTF	2:0
multi-european-games-2025	Senior Men -63kg	R32	109	BAGOV Idar	AIN	OLMEZ Murat Can	TUR	PTF	2:0
multi-european-games-2025	Senior Men -63kg	R32	110	FLEGAR Jan	CRO	BIRCAN Muhammed Utku	TUR	PTF	2:0
multi-european-games-2025	Senior Men -63kg	R32	111	VISINSKI Patrik	CRO	GALEA Fergeson	MLT	PTF	2:1
multi-european-games-2025	Senior Men -63kg	R32	112	PILAVAKIS Ioannis	CYP	EMRE Mustafa	TUR	WDR	2:0
multi-european-games-2025	Senior Men -63kg	R32	113	VUKOTIC Danilo	SRB	SAFARYN Piotr	POL	PTF	2:0
multi-european-games-2025	Senior Men -63kg	R32	114	MIHAJLOVIC Vuk	SRB	DOGANER Mustafa Taha	TUR	PTF	2:0
multi-european-games-2025	Senior Men -63kg	R32	115	TZOURAS Georgios	GRE	IVLEV Dmitrii	AIN	PTF	2:0
multi-european-games-2025	Senior Men -63kg	R32	116	DELEN Zafer Erdem	TUR	LAMPRIS Georgios	GRE	PTF	2:0
multi-european-games-2025	Senior Men -63kg	R32	117	DJONKO Ibrahim	BIH	SANTELLA Alessio	ITA	PTF	2:0
multi-european-games-2025	Senior Men -63kg	R16	118	KORNEEV Lev	SRB	MCINTOSH Jamie	GBR	PTF	2:1
multi-european-games-2025	Senior Men -63kg	R16	119	KOPYLOV Danil	AIN	OZDOGAN Kazim	TUR	PTF	2:1
multi-european-games-2025	Senior Men -63kg	R16	120	FUNKENDORF Vladyslav	UKR	DEINICHENKO Aleksandr	AIN	PTF	2:1
multi-european-games-2025	Senior Men -63kg	R16	121	BAGOV Idar	AIN	SIMEONOV Martin	BUL	PTF	2:0
multi-european-games-2025	Senior Men -63kg	R16	122	FLEGAR Jan	CRO	VISINSKI Patrik	CRO	PTF	2:0
multi-european-games-2025	Senior Men -63kg	R16	123	PILAVAKIS Ioannis	CYP	VUKOTIC Danilo	SRB	PTF	2:1
multi-european-games-2025	Senior Men -63kg	R16	124	MIHAJLOVIC Vuk	SRB	TZOURAS Georgios	GRE	PTF	2:1
multi-european-games-2025	Senior Men -63kg	R16	125	DELEN Zafer Erdem	TUR	DJONKO Ibrahim	BIH	PTF	2:1
multi-european-games-2025	Senior Men -63kg	QF	132	FLEGAR Jan	CRO	PILAVAKIS Ioannis	CYP	PTF	2:0
multi-european-games-2025	Senior Men -63kg	QF	133	MIHAJLOVIC Vuk	SRB	DELEN Zafer Erdem	TUR	PTF	2:1
multi-european-games-2025	Senior Men -63kg	QF	334.1	KOPYLOV Danil	AIN	KORNEEV Lev	SRB	PTF	2:0
multi-european-games-2025	Senior Men -63kg	QF	334.2	BAGOV Idar	AIN	FUNKENDORF Vladyslav	UKR	PTF	2:0
multi-european-games-2025	Senior Men -63kg	SF	136	BAGOV Idar	AIN	KOPYLOV Danil	AIN	PTF	2:0
multi-european-games-2025	Senior Men -63kg	SF	137	MIHAJLOVIC Vuk	SRB	FLEGAR Jan	CRO	PTF	2:0
multi-european-games-2025	Senior Men -63kg	F	140	BAGOV Idar	AIN	MIHAJLOVIC Vuk	SRB	WDR	2:0
multi-european-games-2025	Senior Men -68kg	R32	401	OTER Ibrahim	TUR	ANGELOV Luka	MKD	PTF	2:0
multi-european-games-2025	Senior Men -68kg	R32	402	DZHORDZHEV Aleksandar	BUL	NICOLAE Sarbu	ROU	PTF	2:0
multi-european-games-2025	Senior Men -68kg	R32	403	YUMAK Berk	TUR	NGUILLA Yandric	FRA	PTF	2:0
multi-european-games-2025	Senior Men -68kg	R32	404	XANTHAKOS Ioannis Marios	GRE	ADILOVIC Muhammed Fatih	TUR	PTF	2:0
multi-european-games-2025	Senior Men -68kg	R32	405	LUKICHEV Pavel	AIN	GKOLEMIS Ioannis christos	GRE	PTF	2:0
multi-european-games-2025	Senior Men -68kg	R32	406	OSIN Maksim	AIN	TURHAN Enes	TUR	RSC	2:0
multi-european-games-2025	Senior Men -68kg	R32	407	EREMEEV Dmitrii	AIN	AYDIN Furkan	TUR	PTF	2:0
multi-european-games-2025	Senior Men -68kg	R32	408	BARBARI Mahdi	GER	CEKOV David	MKD	PTF	2:1
multi-european-games-2025	Senior Men -68kg	R32	409	HUSSEIN Ulat	GER	GEORGIEV Victor	BUL	PTF	2:1
multi-european-games-2025	Senior Men -68kg	R16	415	OTER Ibrahim	TUR	CREP Matija	CRO	WDR	2:1
multi-european-games-2025	Senior Men -68kg	R16	416	YUMAK Berk	TUR	DZHORDZHEV Aleksandar	BUL	PTF	2:0
multi-european-games-2025	Senior Men -68kg	R16	417	STAMENOV Stefan	BUL	XANTHAKOS Ioannis Marios	GRE	PTF	2:0
multi-european-games-2025	Senior Men -68kg	R16	418	LUKICHEV Pavel	AIN	DJONKO Muhamed	BIH	PTF	2:1
multi-european-games-2025	Senior Men -68kg	R16	419	MANDIC Milos	SRB	OSIN Maksim	AIN	PTF	2:0
multi-european-games-2025	Senior Men -68kg	R16	420	TURKULJ Uros	SRB	EREMEEV Dmitrii	AIN	PTF	2:1
multi-european-games-2025	Senior Men -68kg	R16	421	OZDEMIR Eren	TUR	BARBARI Mahdi	GER	PTF	2:0
multi-european-games-2025	Senior Men -68kg	R16	422	KRAJISNIK Zarko	SRB	HUSSEIN Ulat	GER	PTF	2:0
multi-european-games-2025	Senior Men -68kg	QF	427	OTER Ibrahim	TUR	YUMAK Berk	TUR	PTF	2:0
multi-european-games-2025	Senior Men -68kg	QF	428	STAMENOV Stefan	BUL	LUKICHEV Pavel	AIN	PTF	2:0
multi-european-games-2025	Senior Men -68kg	QF	429	MANDIC Milos	SRB	TURKULJ Uros	SRB	PTF	2:1
multi-european-games-2025	Senior Men -68kg	QF	430	OZDEMIR Eren	TUR	KRAJISNIK Zarko	SRB	PTF	2:0
multi-european-games-2025	Senior Men -68kg	SF	433	STAMENOV Stefan	BUL	OTER Ibrahim	TUR	RSC	1:0
multi-european-games-2025	Senior Men -68kg	SF	434	OZDEMIR Eren	TUR	MANDIC Milos	SRB	WDR	2:0
multi-european-games-2025	Senior Men -68kg	F	437	STAMENOV Stefan	BUL	OZDEMIR Eren	TUR	PTF	2:0
multi-european-games-2025	Senior Men -74kg	R32	701	VYKOV Amir	AIN	AVCI Mehmet	TUR	PTF	2:0
multi-european-games-2025	Senior Men -74kg	R32	702	USCIMIUK Sebastian	POL	TOSUN Hikmet Faruk	TUR	PTF	2:1
multi-european-games-2025	Senior Men -74kg	R32	703	KOROLEV Kirill	AIN	LONCAR Nikola	SRB	PTF	2:0
multi-european-games-2025	Senior Men -74kg	R32	704	CIFTCI Muhammed enes	TUR	SUNIL BINDHU Ashik	MLT	PTF	2:0
multi-european-games-2025	Senior Men -74kg	R32	705	JURKIC Miro	CRO	YUVA Kaan	TUR	PTF	2:0
multi-european-games-2025	Senior Men -74kg	R32	706	BARKOF Alexandros	GRE	KILICASLAN Sedat Enes	TUR	PTF	2:1
multi-european-games-2025	Senior Men -74kg	R16	714	VYKOV Amir	AIN	TAKOV Stefan	SRB	PTF	2:0
multi-european-games-2025	Senior Men -74kg	R16	715	CARTWRIGHT Max	GBR	WRIGHT Oakley	GBR	PTF	2:1
multi-european-games-2025	Senior Men -74kg	R16	716	PANASENKOV Kirill	AIN	USCIMIUK Sebastian	POL	PTF	2:0
multi-european-games-2025	Senior Men -74kg	R16	717	KOROLEV Kirill	AIN	KORSAK Mykhailo	UKR	PTF	2:0
multi-european-games-2025	Senior Men -74kg	R16	718	HUSIC Benjamin	BIH	CIFTCI Muhammed enes	TUR	PTF	2:0
multi-european-games-2025	Senior Men -74kg	R16	719	AKHTAEV Muslim	AIN	JURKIC Miro	CRO	PTF	2:0
multi-european-games-2025	Senior Men -74kg	R16	720	VYSOTIN Nikita	AIN	DAVIDOVIC Matija	SRB	PTF	2:1
multi-european-games-2025	Senior Men -74kg	R16	721	ABDUSALAMOV Magomed	AIN	BARKOF Alexandros	GRE	PTF	2:0
multi-european-games-2025	Senior Men -74kg	QF	726	VYKOV Amir	AIN	CARTWRIGHT Max	GBR	PTF	2:0
multi-european-games-2025	Senior Men -74kg	QF	727	PANASENKOV Kirill	AIN	KOROLEV Kirill	AIN	PTF	2:0
multi-european-games-2025	Senior Men -74kg	QF	728	HUSIC Benjamin	BIH	AKHTAEV Muslim	AIN	PTF	2:1
multi-european-games-2025	Senior Men -74kg	QF	729	ABDUSALAMOV Magomed	AIN	VYSOTIN Nikita	AIN	PTF	2:0
multi-european-games-2025	Senior Men -74kg	SF	732	VYKOV Amir	AIN	PANASENKOV Kirill	AIN	PTF	2:0
multi-european-games-2025	Senior Men -74kg	SF	733	ABDUSALAMOV Magomed	AIN	HUSIC Benjamin	BIH	WDR	
multi-european-games-2025	Senior Men -74kg	F	736	VYKOV Amir	AIN	ABDUSALAMOV Magomed	AIN	PTF	2:0
multi-european-games-2025	Senior Men -80kg	R16	410	MIRONOV Maksim	AIN	PELIT Ismail	TUR	PTF	2:0
multi-european-games-2025	Senior Men -80kg	R16	411	SHIMANSKIY Vladislav	AIN	ANGELL Zak	GBR	PTF	2:1
multi-european-games-2025	Senior Men -80kg	R16	412	ODINAEV Rustam	SRB	AKTAS Efe Yagiz	TUR	PTF	2:0
multi-european-games-2025	Senior Men -80kg	R16	413	DZHORDZHEV Mitko	BUL	SULU Idris Atay	TUR	PTF	2:0
multi-european-games-2025	Senior Men -80kg	R16	414	ALIEV Emil	AIN	AYAZ Alperen	TUR	PTF	2:0
multi-european-games-2025	Senior Men -80kg	QF	423	MIRONOV Maksim	AIN	KOVACIC Oscar	CRO	PTF	2:0
multi-european-games-2025	Senior Men -80kg	QF	424	SHIMANSKIY Vladislav	AIN	ODINAEV Rustam	SRB	PTF	2:1
multi-european-games-2025	Senior Men -80kg	QF	425	HRGOTA Leon	CRO	DZHORDZHEV Mitko	BUL	PTF	2:0
multi-european-games-2025	Senior Men -80kg	QF	426	ALIEV Emil	AIN	SZADKOWSKI Michal	POL	PTF	2:1
multi-european-games-2025	Senior Men -80kg	SF	431	MIRONOV Maksim	AIN	SHIMANSKIY Vladislav	AIN	PTF	2:0
multi-european-games-2025	Senior Men -80kg	SF	432	HRGOTA Leon	CRO	ALIEV Emil	AIN	PTF	2:0
multi-european-games-2025	Senior Men -80kg	F	639	HRGOTA Leon	CRO	MIRONOV Maksim	AIN	WDR	2:1
multi-european-games-2025	Senior Men -87kg	R32	601	SAROGLU Ferhat Muhammet	TUR	CALJKUSIC Neven	CRO	PTF	2:0
multi-european-games-2025	Senior Men -87kg	R16	608	SAROGLU Ferhat Muhammet	TUR	NUCI Erol	BIH	PTF	2:0
multi-european-games-2025	Senior Men -87kg	R16	609	PRYAZHNIKOV Alexander	AIN	HOERMANN Vincent	GER	PTF	2:0
multi-european-games-2025	Senior Men -87kg	R16	610	KAMALOV Rafael	AIN	SENOL Abdullah	TUR	PTF	2:0
multi-european-games-2025	Senior Men -87kg	R16	611	BILIC PAVLINOVIC Josip	CRO	POCZOBUTT ODLANICKI Cezary	MLT	PTF	2:0
multi-european-games-2025	Senior Men -87kg	R16	612	BUDIN Vladislav	AIN	STOJANOVIC Stefan	SRB	PTF	2:0
multi-european-games-2025	Senior Men -87kg	R16	613	AJDUKOVIC Dimitrije	SRB	AKTAS Recep Alperen	TUR	PTF	2:0
multi-european-games-2025	Senior Men -87kg	R16	614	THEOCHAROUS Andreas	CYP	BRANTUŠA Roko	CRO	PTF	2:0
multi-european-games-2025	Senior Men -87kg	R16	615	KRPAN Vito	CRO	SASMAZTIN Ege	TUR	PTF	2:0
multi-european-games-2025	Senior Men -87kg	QF	624	PRYAZHNIKOV Alexander	AIN	SAROGLU Ferhat Muhammet	TUR	PTF	2:1
multi-european-games-2025	Senior Men -87kg	QF	625	KAMALOV Rafael	AIN	BILIC PAVLINOVIC Josip	CRO	PTF	2:0
multi-european-games-2025	Senior Men -87kg	QF	626	BUDIN Vladislav	AIN	AJDUKOVIC Dimitrije	SRB	PTF	2:0
multi-european-games-2025	Senior Men -87kg	QF	627	KRPAN Vito	CRO	THEOCHAROUS Andreas	CYP	PTF	2:0
multi-european-games-2025	Senior Men -87kg	SF	632	PRYAZHNIKOV Alexander	AIN	KAMALOV Rafael	AIN	WDR	
multi-european-games-2025	Senior Men -87kg	SF	633	BUDIN Vladislav	AIN	KRPAN Vito	CRO	PTF	2:1
multi-european-games-2025	Senior Men -87kg	F	636	PRYAZHNIKOV Alexander	AIN	BUDIN Vladislav	AIN	WDR	2:0
multi-european-games-2025	Senior Men +87kg	R16	301	TASIOULAS Alkiviadis	GRE	KAYA Asrin ege	TUR	PTF	2:0
multi-european-games-2025	Senior Men +87kg	R16	302	TRAJKOVIC Ivan konrad	SLO	SAGLAM Aziz mert	TUR	PTF	2:0
multi-european-games-2025	Senior Men +87kg	R16	303	KOSTIC Milan	SRB	BOUKLAS Petros	GRE	WDR	
multi-european-games-2025	Senior Men +87kg	QF	323	ANDREOU Petros	CYP	TASIOULAS Alkiviadis	GRE	PTF	2:1
multi-european-games-2025	Senior Men +87kg	QF	324	SAIDI Isa	AUT	MANEA Robert	ROU	PTF	2:0
multi-european-games-2025	Senior Men +87kg	QF	325	TRAJKOVIC Ivan konrad	SLO	BADAROVSKI Gorjan	MKD	PTF	2:0
multi-european-games-2025	Senior Men +87kg	QF	326	BOZIC Pasko	CRO	KOSTIC Milan	SRB	PTF	2:0
multi-european-games-2025	Senior Men +87kg	SF	331	SAIDI Isa	AUT	ANDREOU Petros	CYP	PTF	2:1
multi-european-games-2025	Senior Men +87kg	SF	332	BOZIC Pasko	CRO	TRAJKOVIC Ivan konrad	SLO	WDR	
multi-european-games-2025	Senior Men +87kg	F	335	BOZIC Pasko	CRO	SAIDI Isa	AUT	PTF	2:0
multi-european-games-2025	Senior Women -46kg	R16	501	POURYOUNES LANGEROUDI Dina	TRT	YILMAZER Beyzanur	TUR	PTF	2:0
multi-european-games-2025	Senior Women -46kg	R16	502	PAVLOVA Ekaterina	AIN	GURBUZ Zehra	TUR	PTF	2:0
multi-european-games-2025	Senior Women -46kg	R16	503	BRAJOVIC Iva	SRB	TOZLU Mahbube mehlika	TUR	PTF	2:0
multi-european-games-2025	Senior Women -46kg	R16	504	CHOI Etta	GBR	GIOVINAZZI Raffaella	ITA	PTF	2:0
multi-european-games-2025	Senior Women -46kg	R16	505	GONZALEZ MORILLO Judith	ESP	CERCI Irmak	TUR	PTF	2:0
multi-european-games-2025	Senior Women -46kg	R16	506	ARTAMONOVA Anastasiia	AIN	KAYA Damla	TUR	PTF	2:0
multi-european-games-2025	Senior Women -46kg	R16	507	BEKULOVA Milana	AIN	FAKCIOGLU Yaren	TUR	PTF	2:0
multi-european-games-2025	Senior Women -46kg	QF	522	POURYOUNES LANGEROUDI Dina	TRT	MAKAS Dzejla	BIH	PTF	2:1
multi-european-games-2025	Senior Women -46kg	QF	523	BRAJOVIC Iva	SRB	PAVLOVA Ekaterina	AIN	PTF	2:0
multi-european-games-2025	Senior Women -46kg	QF	524	CHOI Etta	GBR	GONZALEZ MORILLO Judith	ESP	PTF	2:0
multi-european-games-2025	Senior Women -46kg	QF	525	BEKULOVA Milana	AIN	ARTAMONOVA Anastasiia	AIN	PTF	2:0
multi-european-games-2025	Senior Women -46kg	SF	530	BRAJOVIC Iva	SRB	POURYOUNES LANGEROUDI Dina	TRT	PTF	2:1
multi-european-games-2025	Senior Women -46kg	SF	531	BEKULOVA Milana	AIN	CHOI Etta	GBR	PTF	2:1
multi-european-games-2025	Senior Women -46kg	F	534	BEKULOVA Milana	AIN	BRAJOVIC Iva	SRB	PTF	2:0
multi-european-games-2025	Senior Women -49kg	R32	602	SENER Ezgi	TUR	NIKOLOVA Victoria	BUL	PTF	2:1
multi-european-games-2025	Senior Women -49kg	R32	603	SAHIN Makbule	TUR	DAMIANOU Mariana	GRE	PTF	2:1
multi-european-games-2025	Senior Women -49kg	R32	604	KOLAREK Nika	SRB	FEDERA Katerina	AIN	PTF	2:1
multi-european-games-2025	Senior Women -49kg	R32	605	SAYIM Nida nur	TUR	KHUTOVA Amina	AIN	PTF	2:1
multi-european-games-2025	Senior Women -49kg	R32	606	MAKAS Ejla	BIH	YILDIZ Gonca	TUR	PTF	2:0
multi-european-games-2025	Senior Women -49kg	R32	607	TURKYILMAZ Zeynep	TUR	MALADENI Eleni	GRE	PTF	2:0
multi-european-games-2025	Senior Women -49kg	R16	616	SENER Ezgi	TUR	BRYHIDA Erika	UKR	PTF	2:0
multi-european-games-2025	Senior Women -49kg	R16	617	GUNDUZ Canan	TUR	AIDONIDOU Christina georgia	GRE	PTF	2:0
multi-european-games-2025	Senior Women -49kg	R16	618	SAHIN Makbule	TUR	OZTABAK Elif ilgin	TUR	RSC	1:1
multi-european-games-2025	Senior Women -49kg	R16	619	TURAN Sila zeynep	TUR	KOLAREK Nika	SRB	PTF	2:1
multi-european-games-2025	Senior Women -49kg	R16	620	SAYIM Nida nur	TUR	MILIC Milica	SRB	PTF	2:0
multi-european-games-2025	Senior Women -49kg	R16	621	KARYDI Melina	GRE	MAKAS Ejla	BIH	PTF	2:1
multi-european-games-2025	Senior Women -49kg	R16	622	GARBETT Latisha	GBR	SARI Nisa Nur	TUR	PTF	2:0
multi-european-games-2025	Senior Women -49kg	R16	623	GOODMAN Phoenix	GBR	TURKYILMAZ Zeynep	TUR	PTF	2:0
multi-european-games-2025	Senior Women -49kg	QF	628	SENER Ezgi	TUR	GUNDUZ Canan	TUR	PTF	2:0
multi-european-games-2025	Senior Women -49kg	QF	629	TURAN Sila zeynep	TUR	SAHIN Makbule	TUR	PTF	2:0
multi-european-games-2025	Senior Women -49kg	QF	630	KARYDI Melina	GRE	SAYIM Nida nur	TUR	PTF	2:0
multi-european-games-2025	Senior Women -49kg	QF	631	GOODMAN Phoenix	GBR	GARBETT Latisha	GBR	WDR	2:0
multi-european-games-2025	Senior Women -49kg	SF	634	SENER Ezgi	TUR	TURAN Sila zeynep	TUR	PTF	2:0
multi-european-games-2025	Senior Women -49kg	SF	635	GOODMAN Phoenix	GBR	KARYDI Melina	GRE	PTF	2:0
multi-european-games-2025	Senior Women -49kg	F	638	GOODMAN Phoenix	GBR	SENER Ezgi	TUR	PTF	2:0
multi-european-games-2025	Senior Women -53kg	R32	804	FEDERA Mariia	AIN	PLOUMISTOU Vasiliki	GRE	PTF	2:1
multi-european-games-2025	Senior Women -53kg	R32	805	SHOROKHOVA Ekaterina	AIN	PAPAIOANNOU Konstantina	GRE	PTF	2:0
multi-european-games-2025	Senior Women -53kg	R32	806	ASLAN Hira Nur	TUR	DEMIRALP Sude	TUR	PTF	2:1
multi-european-games-2025	Senior Women -53kg	R16	815	BOKAN Andrea	SRB	FEDERA Mariia	AIN	PTF	2:0
multi-european-games-2025	Senior Women -53kg	R16	816	LEVAKOVA Veronika	AIN	STOJANOVIC Nina	SRB	PTF	2:1
multi-european-games-2025	Senior Women -53kg	R16	817	BUTTARELLI Aurelie	FRA	CHARALAMBOUS Ioanna	CYP	PTF	2:0
multi-european-games-2025	Senior Women -53kg	R16	818	SUBBOTINA Anastasia	AIN	MORA DOMINGUEZ Margarita	ESP	PTF	2:0
multi-european-games-2025	Senior Women -53kg	R16	819	KRAISNIK Katarina	BIH	SHOROKHOVA Ekaterina	AIN	PTF	2:1
multi-european-games-2025	Senior Women -53kg	R16	820	MCKEW Jodie	GBR	PAPAZOGLOU Eleni	GRE	PTF	2:0
multi-european-games-2025	Senior Women -53kg	R16	821	GUSEINOVA Aziza	AIN	IOANNOU Antonia	GRE	PTF	2:0
multi-european-games-2025	Senior Women -53kg	R16	822	SPASOJEVIC Sara	CRO	ASLAN Hira Nur	TUR	PTF	2:0
multi-european-games-2025	Senior Women -53kg	QF	734.1	MCKEW Jodie	GBR	KRAISNIK Katarina	BIH	PTF	2:0
multi-european-games-2025	Senior Women -53kg	QF	735	GUSEINOVA Aziza	AIN	SPASOJEVIC Sara	CRO	PTF	2:0
multi-european-games-2025	Senior Women -53kg	QF	827	BOKAN Andrea	SRB	LEVAKOVA Veronika	AIN	PTF	2:1
multi-european-games-2025	Senior Women -53kg	QF	828	SUBBOTINA Anastasia	AIN	BUTTARELLI Aurelie	FRA	PTF	2:0
multi-european-games-2025	Senior Women -53kg	SF	737	MCKEW Jodie	GBR	GUSEINOVA Aziza	AIN	PTF	2:1
multi-european-games-2025	Senior Women -53kg	SF	833	BOKAN Andrea	SRB	SUBBOTINA Anastasia	AIN	PTF	2:1
multi-european-games-2025	Senior Women -53kg	F	837	BOKAN Andrea	SRB	MCKEW Jodie	GBR	PTF	2:0
multi-european-games-2025	Senior Women -57kg	R32	304	ALIEVA Nadiia	AIN	KAYGISIZ Zehra	TUR	DSQ	
multi-european-games-2025	Senior Women -57kg	R32	305	KRAISNIK Ivana	BIH	OZTURK Eylul efruze	TUR	PTF	2:0
multi-european-games-2025	Senior Women -57kg	R32	306	BADMAEVA Dayana	AIN	DULGER Elif Sudem	TUR	PTF	2:0
multi-european-games-2025	Senior Women -57kg	R32	307	YANDOLOVSKAYA Ariadna	AIN	LUIS RODRIGUEZ Elena	ESP	PTF	2:0
multi-european-games-2025	Senior Women -57kg	R32	308	VELIUTC Alina	AIN	TEMINA MONLEON Paula	ESP	PTF	2:0
multi-european-games-2025	Senior Women -57kg	R32	309	OZLU Melisa	TUR	KUKIC Iva	SRB	PTF	2:0
multi-european-games-2025	Senior Women -57kg	R32	310	TEPINA Alina	AIN	GENCER Ceyda	TUR	PTF	2:0
multi-european-games-2025	Senior Women -57kg	R32	311	STAMENKOVIC Teodora	SRB	CAKIR Beril Behiye	TUR	PTF	2:0
multi-european-games-2025	Senior Women -57kg	R32	312	HASAN Gizem	TUR	SAROKINA Uladzislava	AIN	PTF	2:0
multi-european-games-2025	Senior Women -57kg	R32	313	SMIRNOVA Kseniia	AIN	AYDIN KONSTANTINIDIS Ela	GER	PTF	2:1
multi-european-games-2025	Senior Women -57kg	R32	314	DZARAGAZOVA Polina	AIN	KIOSKEROGLOU Maria	GRE	PTF	2:0
multi-european-games-2025	Senior Women -57kg	R16	315	KARABATIC Nika	CRO	ALIEVA Nadiia	AIN	PTF	2:0
multi-european-games-2025	Senior Women -57kg	R16	316	BADMAEVA Dayana	AIN	KRAISNIK Ivana	BIH	PTF	2:0
multi-european-games-2025	Senior Women -57kg	R16	317	RADAK Teodora	SRB	YANDOLOVSKAYA Ariadna	AIN	PTF	2:1
multi-european-games-2025	Senior Women -57kg	R16	318	VELIUTC Alina	AIN	IZMIR Hayrunnisa	TUR	PTF	2:1
multi-european-games-2025	Senior Women -57kg	R16	319	OZLU Melisa	TUR	HAMZIC Dzejna	BIH	PTF	2:0
multi-european-games-2025	Senior Women -57kg	R16	320	TEPINA Alina	AIN	STAMENKOVIC Teodora	SRB	PTF	2:1
multi-european-games-2025	Senior Women -57kg	R16	321	HASAN Gizem	TUR	SMIRNOVA Kseniia	AIN	PTF	2:1
multi-european-games-2025	Senior Women -57kg	R16	322	DZARAGAZOVA Polina	AIN	DILER Ruya	TUR	PTF	2:0
multi-european-games-2025	Senior Women -57kg	QF	327	KARABATIC Nika	CRO	BADMAEVA Dayana	AIN	PTF	2:0
multi-european-games-2025	Senior Women -57kg	QF	328	VELIUTC Alina	AIN	RADAK Teodora	SRB	PTF	2:0
multi-european-games-2025	Senior Women -57kg	QF	329	OZLU Melisa	TUR	TEPINA Alina	AIN	PTF	2:0
multi-european-games-2025	Senior Women -57kg	QF	330	DZARAGAZOVA Polina	AIN	HASAN Gizem	TUR	PTF	2:1
multi-european-games-2025	Senior Women -57kg	SF	333	KARABATIC Nika	CRO	VELIUTC Alina	AIN	PTF	2:0
multi-european-games-2025	Senior Women -57kg	SF	334	OZLU Melisa	TUR	DZARAGAZOVA Polina	AIN	PTF	2:0
multi-european-games-2025	Senior Women -57kg	F	337	OZLU Melisa	TUR	KARABATIC Nika	CRO	WDR	1:0
multi-european-games-2025	Senior Women -62kg	R32	508	NALETOVA Anna	AIN	WAGSAETHER Thea	NOR	PTF	2:0
multi-european-games-2025	Senior Women -62kg	R32	509	TUKIC Mia	CRO	SEVO Tamara	SRB	PTF	2:1
multi-european-games-2025	Senior Women -62kg	R32	510	MILIC Nikolina	SRB	MAZGAL Rumeysa	TUR	PTF	2:0
multi-european-games-2025	Senior Women -62kg	R32	511	SENGUN Ahsen	TUR	MASLOVA Kira	AIN	PTF	2:0
multi-european-games-2025	Senior Women -62kg	R32	512	KRIATSIOTI Anna maria	GRE	ATANASOVA Martina	BUL	PTF	2:0
multi-european-games-2025	Senior Women -62kg	R32	513	ZECIROVIC Nina	SRB	VASILIADOU Eleni	CYP	PTF	2:0
multi-european-games-2025	Senior Women -62kg	R16	514	MARIC Ela	SRB	NALETOVA Anna	AIN	SUP	2:0
multi-european-games-2025	Senior Women -62kg	R16	515	SENYURT Aleyna	TUR	SIRIN Dilara	TUR	PTF	2:0
multi-european-games-2025	Senior Women -62kg	R16	516	TUKIC Mia	CRO	LANGOUSTE-ASSOUMAYA Lyhana	FRA	PTF	2:0
multi-european-games-2025	Senior Women -62kg	R16	517	ZENOZI Kimia alizadeh	BUL	MILIC Nikolina	SRB	PTF	2:0
multi-european-games-2025	Senior Women -62kg	R16	518	SAVKOVIC Nadja	SRB	SENGUN Ahsen	TUR	PTF	2:0
multi-european-games-2025	Senior Women -62kg	R16	519	BUGARINOVIC Ema	CRO	KRIATSIOTI Anna maria	GRE	PTF	2:0
multi-european-games-2025	Senior Women -62kg	R16	520	KARABULUT Beyza	TUR	MARASLI Zeynep Ebrar	TUR	PTF	2:0
multi-european-games-2025	Senior Women -62kg	R16	521	ZECIROVIC Nina	SRB	KOMATINA Andrea	MNE	PTF	2:1
multi-european-games-2025	Senior Women -62kg	QF	526	MARIC Ela	SRB	SENYURT Aleyna	TUR	PTF	2:1
multi-european-games-2025	Senior Women -62kg	QF	527	TUKIC Mia	CRO	ZENOZI Kimia alizadeh	BUL	WDR	1:0
multi-european-games-2025	Senior Women -62kg	QF	528	BUGARINOVIC Ema	CRO	SAVKOVIC Nadja	SRB	PTF	2:0
multi-european-games-2025	Senior Women -62kg	QF	529	KARABULUT Beyza	TUR	ZECIROVIC Nina	SRB	PTF	2:0
multi-european-games-2025	Senior Women -62kg	SF	532	MARIC Ela	SRB	TUKIC Mia	CRO	PTF	2:0
multi-european-games-2025	Senior Women -62kg	SF	533	KARABULUT Beyza	TUR	BUGARINOVIC Ema	CRO	PTF	2:0
multi-european-games-2025	Senior Women -62kg	F	536	MARIC Ela	SRB	KARABULUT Beyza	TUR	PTF	2:0
multi-european-games-2025	Senior Women -67kg	R16	707	KRADINOVA Uliana	AIN	MAGDIC Matea	CRO	PTF	2:0
multi-european-games-2025	Senior Women -67kg	R16	708	BERISAJ Andrea	MNE	PETROVIC Iva	SRB	PTF	2:0
multi-european-games-2025	Senior Women -67kg	R16	709	ZHELEZNOVA Viktoriia	AIN	OZDEMIR Nisa Nur	TUR	PTF	2:0
multi-european-games-2025	Senior Women -67kg	R16	710	NINA Urganaeva	ARM	CETINEL Ceren	TUR	PTF	2:1
multi-european-games-2025	Senior Women -67kg	R16	711	SZPAK Julia	POL	SAGAYDACHNAYA Arina	AIN	PTF	2:0
multi-european-games-2025	Senior Women -67kg	R16	712	ĐOKOVIĆ Ines	SRB	KRAINOVA Marharyta	UKR	PTF	2:0
multi-european-games-2025	Senior Women -67kg	R16	713	TOMCZAK Tatiana	POL	BAS Hilal	TUR	PTF	2:0
multi-european-games-2025	Senior Women -67kg	QF	722	MARENTAKI Styliani	GRE	KRADINOVA Uliana	AIN	PTF	2:0
multi-european-games-2025	Senior Women -67kg	QF	723	ZHELEZNOVA Viktoriia	AIN	BERISAJ Andrea	MNE	PTF	2:0
multi-european-games-2025	Senior Women -67kg	QF	724	SZPAK Julia	POL	NINA Urganaeva	ARM	PTF	2:1
multi-european-games-2025	Senior Women -67kg	QF	725	ĐOKOVIĆ Ines	SRB	TOMCZAK Tatiana	POL	PTF	2:1
multi-european-games-2025	Senior Women -67kg	SF	730	MARENTAKI Styliani	GRE	ZHELEZNOVA Viktoriia	AIN	PTF	2:0
multi-european-games-2025	Senior Women -67kg	SF	731	SZPAK Julia	POL	ĐOKOVIĆ Ines	SRB	PTF	2:0
multi-european-games-2025	Senior Women -67kg	F	734	MARENTAKI Styliani	GRE	SZPAK Julia	POL	PTF	2:0
multi-european-games-2025	Senior Women -73kg	R16	211	BIRNI Nisa Nur	TUR	PEKONKINA Anna	AIN	PTF	2:0
multi-european-games-2025	Senior Women -73kg	R16	212	KRAMOH Courtney	GBR	ERDOGAN Nisa	TUR	PTF	2:0
multi-european-games-2025	Senior Women -73kg	R16	213	POLE Doris	CRO	ERSIN Yusra	TUR	PTF	2:0
multi-european-games-2025	Senior Women -73kg	QF	222	BOZANIC Nadica	SRB	BIRNI Nisa Nur	TUR	PTF	2:0
multi-european-games-2025	Senior Women -73kg	QF	223	KOLOVRAT Matea	CRO	NTOVA Eirini	GRE	PTF	2:0
multi-european-games-2025	Senior Women -73kg	QF	224	KRAMOH Courtney	GBR	DEMIR Kardelen	TUR	PTF	2:0
multi-european-games-2025	Senior Women -73kg	QF	225	MACKAY Ruby	GBR	POLE Doris	CRO	PTF	2:1
multi-european-games-2025	Senior Women -73kg	SF	335.1	BOZANIC Nadica	SRB	KOLOVRAT Matea	CRO	PTF	2:0
multi-european-games-2025	Senior Women -73kg	SF	735.1	MACKAY Ruby	GBR	KRAMOH Courtney	GBR	PTF	2:0
multi-european-games-2025	Senior Women -73kg	F	339	BOZANIC Nadica	SRB	MACKAY Ruby	GBR	PTF	2:1
multi-european-games-2025	Senior Women +73kg	QF	126	KUS AYDIN Nafia	TUR	MIKHAILOVA Iuliia	AIN	PTF	2:0
multi-european-games-2025	Senior Women +73kg	QF	127	CIUCHITU Ana	ITA	BOYADZHIEVA Kalina	BUL	WDR	
multi-european-games-2025	Senior Women +73kg	QF	128	SHVEDKOVA Polina	AIN	KITSIOU Vasileia	GRE	PTF	2:0
multi-european-games-2025	Senior Women +73kg	QF	129	KITSIOU Agoritsa artemia	GRE	CHARALAMBOUS Marilena	CYP	PTF	2:0
multi-european-games-2025	Senior Women +73kg	SF	134	KUS AYDIN Nafia	TUR	CIUCHITU Ana	ITA	PTF	2:0
multi-european-games-2025	Senior Women +73kg	SF	135	SHVEDKOVA Polina	AIN	KITSIOU Agoritsa artemia	GRE	PTF	2:0
multi-european-games-2025	Senior Women +73kg	F	338	SHVEDKOVA Polina	AIN	KUS AYDIN Nafia	TUR	PTF	2:1
montenegro-open-2025	Senior Men -54kg	SF	120	CAN Haktan	TUR	KOUKOUSOUDIS Evangelos	GER	PTF	2:1
montenegro-open-2025	Senior Men -54kg	F	129	CAN Haktan	TUR	ZYWARSKI Filip	POL	PTF	2:0
montenegro-open-2025	Senior Men -58kg	R16	301	VAZQUEZ SPERANDIO Gianluca israel	ITA	HADROVIC Hasan	BIH	PTF	2:0
montenegro-open-2025	Senior Men -58kg	R16	302	CAVALIC Eman	BIH	JOVANOVIC Nemanja	SRB	PTF	2:0
montenegro-open-2025	Senior Men -58kg	R16	303	LENZO Ettore	ITA	SABOURIMANESH MAJID Mohsen	MNE	PTF	2:0
montenegro-open-2025	Senior Men -58kg	QF	313	CARRILLO Joseph	USA	VAZQUEZ SPERANDIO Gianluca israel	ITA	PTF	2:1
montenegro-open-2025	Senior Men -58kg	QF	314	DUISENBEK Aziret	KAZ	ZIVKOVIC Dragan	SRB	PTF	2:0
montenegro-open-2025	Senior Men -58kg	QF	315	MAJRASHI Essa	KSA	CAVALIC Eman	BIH	PTF	2:0
montenegro-open-2025	Senior Men -58kg	QF	316	VIVES SAEZ Isaac	ESP	LENZO Ettore	ITA	PTF	2:0
montenegro-open-2025	Senior Men -58kg	SF	325	CARRILLO Joseph	USA	DUISENBEK Aziret	KAZ	PTF	2:0
montenegro-open-2025	Senior Men -58kg	SF	326	VIVES SAEZ Isaac	ESP	MAJRASHI Essa	KSA	PTF	2:0
montenegro-open-2025	Senior Men -58kg	F	332	VIVES SAEZ Isaac	ESP	CARRILLO Joseph	USA	PTF	2:0
montenegro-open-2025	Senior Men -63kg	R16	201	RAMOS Gabriel	BRA	BATALO Aleksandar	SRB	PTF	2:0
montenegro-open-2025	Senior Men -63kg	R16	202	OTEGEN Askar	KAZ	VUKOTIC Danilo	SRB	PTF	2:1
montenegro-open-2025	Senior Men -63kg	R16	203	MITKOV Stanislav	BUL	DEINICHENKO Aleksandr	AIN	PTF	2:0
montenegro-open-2025	Senior Men -63kg	R16	204	MILETIC Mateja	SRB	CATAFFO Lorenzo	ITA	PTF	2:0
montenegro-open-2025	Senior Men -63kg	R16	205	OROZCO GIL Sergio	ESP	MIHAJLOVIC Vuk	SRB	PTF	2:0
montenegro-open-2025	Senior Men -63kg	R16	206	NESTOROVIĆ Vasilije	MNE	CRLJEN Nikola	CRO	PTF	2:0
montenegro-open-2025	Senior Men -63kg	R16	207	NACHEV Luboslav	BUL	NUKIC Esad	BIH	PTF	2:0
montenegro-open-2025	Senior Men -63kg	R16	208	LOMARTIRE Matias	ITA	HONCHAR Nikita	UKR	PTF	2:0
montenegro-open-2025	Senior Men -63kg	QF	215	RAMOS Gabriel	BRA	OTEGEN Askar	KAZ	PTF	2:0
montenegro-open-2025	Senior Men -63kg	QF	216	MILETIC Mateja	SRB	MITKOV Stanislav	BUL	PTF	2:0
montenegro-open-2025	Senior Men -63kg	QF	217	NESTOROVIĆ Vasilije	MNE	OROZCO GIL Sergio	ESP	PTF	2:1
montenegro-open-2025	Senior Men -63kg	QF	218	LOMARTIRE Matias	ITA	NACHEV Luboslav	BUL	PTF	2:0
montenegro-open-2025	Senior Men -63kg	SF	227	RAMOS Gabriel	BRA	MILETIC Mateja	SRB	RSC	1:1
montenegro-open-2025	Senior Men -63kg	SF	228	LOMARTIRE Matias	ITA	NESTOROVIĆ Vasilije	MNE	PTF	2:0
montenegro-open-2025	Senior Men -63kg	F	233	RAMOS Gabriel	BRA	LOMARTIRE Matias	ITA	PTF	2:0
montenegro-open-2025	Senior Men -68kg	R16	304	BEGIMBETOV Amanbol	KAZ	LORENTE LAMAS David	ESP	PTF	2:0
montenegro-open-2025	Senior Men -68kg	R16	305	PAPPAS Lampros	GRE	SCIACCA Antonino	ITA	PTF	2:0
montenegro-open-2025	Senior Men -68kg	R16	306	VUKOVIC Mario	MNE	GRESTINI Luca	ITA	PTF	2:0
montenegro-open-2025	Senior Men -68kg	R16	307	GKOLEMIS Ioannis christos	GRE	CAVUSMAN Aslan eymen	GER	PTF	2:0
montenegro-open-2025	Senior Men -68kg	QF	317	DANILOV Ilia	AIN	BEGIMBETOV Amanbol	KAZ	PTF	2:0
montenegro-open-2025	Senior Men -68kg	QF	318	PAPPAS Lampros	GRE	OTHMAN Mohammad	JOR	PTF	2:0
montenegro-open-2025	Senior Men -68kg	QF	319	BURUSIC Marko	SRB	VUKOVIC Mario	MNE	PTF	2:0
montenegro-open-2025	Senior Men -68kg	QF	320	ALMEIDA RABELLO Fillipe	BRA	GKOLEMIS Ioannis christos	GRE	PTF	2:0
montenegro-open-2025	Senior Men -68kg	SF	327	DANILOV Ilia	AIN	PAPPAS Lampros	GRE	WDR	1:0
montenegro-open-2025	Senior Men -68kg	SF	328	ALMEIDA RABELLO Fillipe	BRA	BURUSIC Marko	SRB	PTF	2:0
montenegro-open-2025	Senior Men -68kg	F	333	DANILOV Ilia	AIN	ALMEIDA RABELLO Fillipe	BRA	PTF	2:0
montenegro-open-2025	Senior Men -74kg	R16	101	MURATOVIĆ Mateo	MNE	LONCAR Nikola	SRB	WDR	2:1
montenegro-open-2025	Senior Men -74kg	R16	102	GASHI Jon	KOS	VULETIC Vuk	MNE	PTF	2:1
montenegro-open-2025	Senior Men -74kg	R16	103	BILGIN Efe	GER	JURKIC Miro	CRO	PTF	2:0
montenegro-open-2025	Senior Men -74kg	QF	112	ORYNBASSAR Maksat	KAZ	MURATOVIĆ Mateo	MNE	PTF	2:1
montenegro-open-2025	Senior Men -74kg	QF	113	SPICK Maximilian	GER	MARCHENKO Mykola	UKR	PTF	2:0
montenegro-open-2025	Senior Men -74kg	QF	114	GASHI Jon	KOS	LOTT Liam	GER	PTF	2:0
montenegro-open-2025	Senior Men -74kg	QF	115	BILGIN Efe	GER	DUGAC Grga	CRO	WDR	1:1
montenegro-open-2025	Senior Men -74kg	SF	125	ORYNBASSAR Maksat	KAZ	SPICK Maximilian	GER	PTF	2:0
montenegro-open-2025	Senior Men -74kg	SF	126	GASHI Jon	KOS	BILGIN Efe	GER	WDR	
montenegro-open-2025	Senior Men -74kg	F	132	ORYNBASSAR Maksat	KAZ	GASHI Jon	KOS	PTF	2:0
montenegro-open-2025	Senior Men -80kg	QF	105	NIKOLIC Matej	CRO	ĐODAN Ivan	CRO	PTF	2:0
montenegro-open-2025	Senior Men -80kg	QF	106	BUDIN Vladislav	AIN	HOERMANN Vincent	GER	PTF	2:0
montenegro-open-2025	Senior Men -80kg	QF	107	SAROGLU Ferhat Muhammet	TUR	GUMUS Kaan	GER	PTF	2:1
montenegro-open-2025	Senior Men -80kg	QF	108	MELNIKOV Artem	AIN	ALIPOUR Sohrab	GBR	PTF	2:0
montenegro-open-2025	Senior Men -80kg	SF	121	BUDIN Vladislav	AIN	NIKOLIC Matej	CRO	PTF	2:0
montenegro-open-2025	Senior Men -80kg	SF	122	SAROGLU Ferhat Muhammet	TUR	MELNIKOV Artem	AIN	PTF	2:0
montenegro-open-2025	Senior Men -80kg	F	130	BUDIN Vladislav	AIN	SAROGLU Ferhat Muhammet	TUR	PTF	2:1
montenegro-open-2025	Senior Men +87kg	F	331	CURABAZ Sergen	TUR	RADAKOVIC Mihailo	SRB	PTF	2:0
montenegro-open-2025	Senior Women -49kg	QF	210	ARTAMONOVA Anastasiia	AIN	PRPIC Sara	CRO	PTF	2:0
montenegro-open-2025	Senior Women -49kg	QF	211	CORDOBA HEREDIA Judith	ESP	BUCAR Tara	CRO	PTF	2:0
montenegro-open-2025	Senior Women -49kg	SF	223	ARTAMONOVA Anastasiia	AIN	KAMANDI Dina	GER	PTF	2:0
montenegro-open-2025	Senior Women -49kg	SF	224	CORDOBA HEREDIA Judith	ESP	CURA Yezda	GER	PTF	2:0
montenegro-open-2025	Senior Women -49kg	F	231	ARTAMONOVA Anastasiia	AIN	CORDOBA HEREDIA Judith	ESP	PTF	2:1
montenegro-open-2025	Senior Women -53kg	QF	109	MAKRYGIANNI Athina	GRE	LEVAKOVA Veronika	AIN	PTF	2:1
montenegro-open-2025	Senior Women -53kg	QF	110	FERLA Ana Clara	BRA	GOLES Petra	CRO	PTF	2:0
montenegro-open-2025	Senior Women -53kg	QF	111	KARABELEVA Erika	BUL	MAYER Leonie	GER	PTF	2:0
montenegro-open-2025	Senior Women -53kg	SF	123	MAKRYGIANNI Athina	GRE	GIRE Ines	FRA	PTF	2:0
montenegro-open-2025	Senior Women -53kg	SF	124	KARABELEVA Erika	BUL	FERLA Ana Clara	BRA	PTF	2:0
montenegro-open-2025	Senior Women -53kg	F	131	KARABELEVA Erika	BUL	MAKRYGIANNI Athina	GRE	PTF	2:0
montenegro-open-2025	Senior Women -57kg	R16	308	SAVIJA Isidora	SRB	BRILZ Emilia	GER	PTF	2:0
montenegro-open-2025	Senior Women -57kg	R16	309	ZDERO Petra	BIH	STEINKUELER Frieda margarethe	GER	PTF	2:0
montenegro-open-2025	Senior Women -57kg	R16	310	STAMENKOVIC Teodora	SRB	BLESA SILES Eva	ESP	PTF	2:0
montenegro-open-2025	Senior Women -57kg	R16	311	MARINIC Tara	CRO	KUKIC Iva	SRB	PTF	2:0
montenegro-open-2025	Senior Women -57kg	R16	312	LAKEHAL-ROLLINGS Manissa	FRA	SABZGHABAEI Sohejla	GER	PTF	2:0
montenegro-open-2025	Senior Women -57kg	QF	321	VUKIC Margarita	CRO	SAVIJA Isidora	SRB	PTF	2:0
montenegro-open-2025	Senior Women -57kg	QF	322	STAMENKOVIC Teodora	SRB	ZDERO Petra	BIH	PTF	2:1
montenegro-open-2025	Senior Women -57kg	QF	323	REZAIE Roja	GER	MARINIC Tara	CRO	PTF	2:0
montenegro-open-2025	Senior Women -57kg	QF	324	LAKEHAL-ROLLINGS Manissa	FRA	HAMZIC Dzejna	BIH	PTF	2:1
montenegro-open-2025	Senior Women -57kg	SF	329	VUKIC Margarita	CRO	STAMENKOVIC Teodora	SRB	PTF	2:1
montenegro-open-2025	Senior Women -57kg	SF	330	REZAIE Roja	GER	LAKEHAL-ROLLINGS Manissa	FRA	PTF	2:0
montenegro-open-2025	Senior Women -57kg	F	134	REZAIE Roja	GER	VUKIC Margarita	CRO	PTF	2:0
montenegro-open-2025	Senior Women -62kg	R16	209	BALCI Edanur	GER	KIOSKEROGLOU Maria	GRE	PTF	2:0
montenegro-open-2025	Senior Women -62kg	QF	219	KOMATINA Andrea	MNE	BALCI Edanur	GER	PTF	2:1
montenegro-open-2025	Senior Women -62kg	QF	220	JELIC Ivona	CRO	POTEMKINA Alisa	AIN	PTF	2:0
montenegro-open-2025	Senior Women -62kg	QF	221	BUGARINOVIC Ema	CRO	BECK Antonia	GER	PTF	2:0
montenegro-open-2025	Senior Women -62kg	QF	222	KICEMA Helena	CRO	BADMAEVA Dayana	AIN	PTF	2:0
montenegro-open-2025	Senior Women -62kg	SF	229	JELIC Ivona	CRO	KOMATINA Andrea	MNE	PTF	2:0
montenegro-open-2025	Senior Women -62kg	SF	230	KICEMA Helena	CRO	BUGARINOVIC Ema	CRO	PTF	2:0
montenegro-open-2025	Senior Women -62kg	F	234	JELIC Ivona	CRO	KICEMA Helena	CRO	WDR	
montenegro-open-2025	Senior Women -67kg	QF	212	ĐOKOVIĆ Ines	SRB	DINKOVIC Lena	CRO	WDR	
montenegro-open-2025	Senior Women -67kg	QF	213	ARELIC Ivana	CRO	ORLOVIC Marija	BIH	PTF	2:0
montenegro-open-2025	Senior Women -67kg	QF	214	MACEDO Sandy	BRA	RUCINSKI Viktoria	GER	PTF	2:1
montenegro-open-2025	Senior Women -67kg	SF	225	BERISAJ Andrea	MNE	ĐOKOVIĆ Ines	SRB	PTF	2:0
montenegro-open-2025	Senior Women -67kg	SF	226	MACEDO Sandy	BRA	ARELIC Ivana	CRO	PTF	2:1
montenegro-open-2025	Senior Women -67kg	F	232	MACEDO Sandy	BRA	BERISAJ Andrea	MNE	PTF	2:0
montenegro-open-2025	Senior Women -73kg	R16	104	NEDIC Marlen sophie	GER	SAKKA Charikleia	GRE	PTF	2:0
montenegro-open-2025	Senior Women -73kg	QF	116	HOERMANN Emily	GER	NEDIC Marlen sophie	GER	PTF	2:0
montenegro-open-2025	Senior Women -73kg	QF	117	KOLOVRAT Matea	CRO	KRSTINIC Anja	CRO	PTF	2:0
montenegro-open-2025	Senior Women -73kg	QF	118	NOWAK Julia	POL	KURKAC Ilayda	GER	PTF	2:0
montenegro-open-2025	Senior Women -73kg	QF	119	FERNANDEZ INSA Julia	ESP	MURRAY Rebecca	AUS	PTF	2:0
montenegro-open-2025	Senior Women -73kg	SF	127	KOLOVRAT Matea	CRO	HOERMANN Emily	GER	PTF	2:0
montenegro-open-2025	Senior Women -73kg	SF	128	NOWAK Julia	POL	FERNANDEZ INSA Julia	ESP	PTF	2:0
montenegro-open-2025	Senior Women -73kg	F	133	NOWAK Julia	POL	KOLOVRAT Matea	CRO	WDR	
china-open-2025	Senior Men -54kg	R16	103	SUN Tianqi	CHN	LI Yizhe	CHN	PTF	2:0
china-open-2025	Senior Men -54kg	R16	202	HARIE KRISHNAN Rushaanth	MAS	SIGE Eyile	CHN	DSQ	
china-open-2025	Senior Men -54kg	R16	302	MA PU	CHN	WEN Yeduan	CHN	PTF	2:1
china-open-2025	Senior Men -54kg	QF	117	MA Shuo	CHN	ZHANG Duquan	CHN	PTF	2:1
china-open-2025	Senior Men -54kg	QF	217	MA PU	CHN	CHAU Ngai Long	HKG	PTF	
china-open-2025	Senior Men -54kg	QF	316	CHAN Iek hei	MAC	HARIE KRISHNAN Rushaanth	MAS	PTF	2:0
china-open-2025	Senior Men -54kg	QF	317	SUN Tianqi	CHN	HIDAYAT TUMAKAKA Aziz	INA	PTF	2:0
china-open-2025	Senior Men -54kg	SF	235	CHAN Iek hei	MAC	MA Shuo	CHN	PTF	2:0
china-open-2025	Senior Men -54kg	SF	335	MA PU	CHN	SUN Tianqi	CHN	PTF	2:0
china-open-2025	Senior Men -54kg	F	146	CHAN Iek hei	MAC	MA PU	CHN	PTF	2:1
china-open-2025	Senior Men -58kg	R16	104	QIAN Jiacai	CHN	ZHANG Shengchen	CHN	PTF	2:0
china-open-2025	Senior Men -58kg	R16	105	ZHAO Yuhan	CHN	LIU Lixiang	CHN	PTF	2:1
china-open-2025	Senior Men -58kg	R16	203	HOU Chaohan	CHN	ZHANG Chi	CHN	PTF	2:0
china-open-2025	Senior Men -58kg	R16	204	CHEN Jiacheng	CHN	SIGE Nairi	CHN	DSQ	
china-open-2025	Senior Men -58kg	R16	205	CHENG Kai	CHN	LI Yong	CHN	PTF	2:0
china-open-2025	Senior Men -58kg	R16	303	HE Honghao	CHN	HAIMAITI Bilali	CHN	PTF	2:1
china-open-2025	Senior Men -58kg	R16	304	ALARMETI Husam	JOR	LIU Lei	CHN	PTF	2:0
china-open-2025	Senior Men -58kg	QF	118	HUANG Kefen	CHN	HOU Chaohan	CHN	PTF	2:0
china-open-2025	Senior Men -58kg	QF	119	CHENG Kai	CHN	ZHAO Yuhan	CHN	PTF	2:0
china-open-2025	Senior Men -58kg	QF	218	QIAN Jiacai	CHN	HE Honghao	CHN	PTF	2:0
china-open-2025	Senior Men -58kg	QF	318	CHEN Jiacheng	CHN	ALARMETI Husam	JOR	PTF	2:0
china-open-2025	Senior Men -58kg	SF	136	HUANG Kefen	CHN	QIAN Jiacai	CHN	PTF	2:0
china-open-2025	Senior Men -58kg	SF	236	CHEN Jiacheng	CHN	CHENG Kai	CHN	PTF	2:0
china-open-2025	Senior Men -58kg	F	246	HUANG Kefen	CHN	CHEN Jiacheng	CHN	PTF	2:0
china-open-2025	Senior Men -63kg	R16	106	GUO Yilong	CHN	ORDABEK Nurzat	KAZ	PTF	2:1
china-open-2025	Senior Men -63kg	R16	107	HUANG Jincheng	CHN	LI Qihao	CHN	PTF	2:1
china-open-2025	Senior Men -63kg	R16	206	DING Jianing	CHN	XU Wenbo	CHN	PTF	2:1
china-open-2025	Senior Men -63kg	R16	207	ABILKASSYM Abdulla	KAZ	ISRAILOV Zhassurbek	KAZ	PTF	2:1
china-open-2025	Senior Men -63kg	R16	305	TIAN Yongpei	CHN	CHAN Hin Hang	HKG	PTF	2:0
china-open-2025	Senior Men -63kg	R16	306	LIU Xuan	CHN	LI Mingyang	CHN	PTF	2:0
china-open-2025	Senior Men -63kg	QF	120	LIU Xuan	CHN	HUANG Jincheng	CHN	PTF	2:0
china-open-2025	Senior Men -63kg	QF	219	RAIHAN Muhammad bassam	INA	TIAN Yongpei	CHN	PTF	2:1
china-open-2025	Senior Men -63kg	QF	220	ABILKASSYM Abdulla	KAZ	CHAN Kin Fung	HKG	PTF	2:1
china-open-2025	Senior Men -63kg	QF	319	DING Jianing	CHN	GUO Yilong	CHN	PTF	2:0
china-open-2025	Senior Men -63kg	SF	137	LIU Xuan	CHN	ABILKASSYM Abdulla	KAZ	PTF	2:0
china-open-2025	Senior Men -63kg	SF	336	RAIHAN Muhammad bassam	INA	DING Jianing	CHN	RSC	1:0
china-open-2025	Senior Men -63kg	F	346	LIU Xuan	CHN	RAIHAN Muhammad bassam	INA	PTF	2:0
china-open-2025	Senior Men -68kg	R32	101	CHE Pinyi	CHN	YING Zonglin	CHN	WDR	1:1
china-open-2025	Senior Men -68kg	R32	102	CAO Zizhen	CHN	GUO Yuanming	CHN	PTF	2:0
china-open-2025	Senior Men -68kg	R32	201	NUERZHATI Jialiken	CHN	AKHMETKALIYEV Bakhtiyar	KAZ	PTF	2:1
china-open-2025	Senior Men -68kg	R32	301	PAN Mingxu	CHN	TUHETINIYAZI Muerzhati	CHN	PTF	2:1
china-open-2025	Senior Men -68kg	R16	108	XIAO Shaohong	CHN	XIAO Yuyang	CHN	PTF	2:0
china-open-2025	Senior Men -68kg	R16	109	CHEN Yufan	CHN	PAN Mingxu	CHN	PTF	2:0
china-open-2025	Senior Men -68kg	R16	110	ALHALAWANI Zaid	JOR	CAO Zizhen	CHN	PTF	2:0
china-open-2025	Senior Men -68kg	R16	208	QIN Xingyu	CHN	PENG Xin	CHN	PTF	2:0
china-open-2025	Senior Men -68kg	R16	209	YU Xiaohe	CHN	SHAO Jiale	CHN	PTF	2:0
china-open-2025	Senior Men -68kg	R16	307	NIU Guansen	CHN	CHE Pinyi	CHN	PTF	2:0
china-open-2025	Senior Men -68kg	R16	308	LO Wai Fung	HKG	NUERZHATI Jialiken	CHN	PTF	2:1
china-open-2025	Senior Men -68kg	R16	309	YOUSIF Yazan bassam	JOR	HUANG Bingchao	CHN	PTF	2:0
china-open-2025	Senior Men -68kg	QF	121	QIN Xingyu	CHN	LO Wai Fung	HKG	PTF	2:0
china-open-2025	Senior Men -68kg	QF	221	CHEN Yufan	CHN	YU Xiaohe	CHN	PTF	2:0
china-open-2025	Senior Men -68kg	QF	320	NIU Guansen	CHN	XIAO Shaohong	CHN	PTF	2:0
china-open-2025	Senior Men -68kg	QF	321	ALHALAWANI Zaid	JOR	YOUSIF Yazan bassam	JOR	PTF	2:0
china-open-2025	Senior Men -68kg	SF	237	NIU Guansen	CHN	QIN Xingyu	CHN	PTF	2:1
china-open-2025	Senior Men -68kg	SF	337	CHEN Yufan	CHN	ALHALAWANI Zaid	JOR	PTF	2:0
china-open-2025	Senior Men -68kg	F	147	CHEN Yufan	CHN	NIU Guansen	CHN	PTF	2:1
china-open-2025	Senior Men -74kg	R16	111	JIAO Yapeng	CHN	YAN Bing	CHN	PTF	2:0
china-open-2025	Senior Men -74kg	R16	210	LI Mingxi	CHN	YASEN Nueralimu	CHN	PTF	2:1
china-open-2025	Senior Men -74kg	R16	310	LIU Xiaopeng	CHN	CHEN Cheng	CHN	PTF	2:1
china-open-2025	Senior Men -74kg	QF	122	KAREEM Zaid	JOR	LI Mingxi	CHN	PTF	2:0
china-open-2025	Senior Men -74kg	QF	123	SUSILO Arya danu	INA	JIAO Yapeng	CHN	PTF	2:1
china-open-2025	Senior Men -74kg	QF	222	ZHAO Haolan	CHN	NUERMAIMAITI Naibijiang	CHN	PTF	2:0
china-open-2025	Senior Men -74kg	QF	322	LIU Xiaopeng	CHN	TAM Ching Nam	HKG	PTF	2:0
china-open-2025	Senior Men -74kg	SF	138	KAREEM Zaid	JOR	ZHAO Haolan	CHN	PTF	2:0
china-open-2025	Senior Men -74kg	SF	238	SUSILO Arya danu	INA	LIU Xiaopeng	CHN	PTF	2:1
china-open-2025	Senior Men -74kg	F	247	KAREEM Zaid	JOR	SUSILO Arya danu	INA	PTF	2:0
china-open-2025	Senior Men -80kg	R16	211	LIU Suhong	CHN	ZHAO Wenqi	CHN	PTF	2:1
china-open-2025	Senior Men -80kg	QF	124	LI Yang	CHN	BAO Zhongzheng	CHN	PTF	2:0
china-open-2025	Senior Men -80kg	QF	223	ZHAO Junbo	CHN	LIU Suhong	CHN	PTF	2:1
china-open-2025	Senior Men -80kg	QF	224	CAI Zhaoxun	CHN	WANG Can	CHN	PTF	2:0
china-open-2025	Senior Men -80kg	QF	323	RAIHAN FADHILA Mhd	INA	JI Jingxue	CHN	PTF	2:1
china-open-2025	Senior Men -80kg	SF	139	CAI Zhaoxun	CHN	LI Yang	CHN	PTF	2:0
china-open-2025	Senior Men -80kg	SF	338	ZHAO Junbo	CHN	RAIHAN FADHILA Mhd	INA	PTF	2:0
china-open-2025	Senior Men -80kg	F	347	CAI Zhaoxun	CHN	ZHAO Junbo	CHN	PTF	2:1
china-open-2025	Senior Men -87kg	QF	125	ZU Jianwei	CHN	LU Jianchao	CHN	PTF	2:0
china-open-2025	Senior Men -87kg	QF	324	WANG Kaijie	CHN	ZHENG Dingyi	CHN	PTF	2:0
china-open-2025	Senior Men -87kg	SF	239	ELSHARABATY Saleh	JOR	WANG Kaijie	CHN	PTF	2:1
china-open-2025	Senior Men -87kg	SF	339	NAUVAL Ossanando	INA	ZU Jianwei	CHN	PTF	2:0
china-open-2025	Senior Men -87kg	F	148	ELSHARABATY Saleh	JOR	NAUVAL Ossanando	INA	PTF	2:0
china-open-2025	Senior Men +87kg	SF	140	LU Nianpeng	CHN	BAI Yang	CHN	PTF	2:1
china-open-2025	Senior Men +87kg	SF	240	LI Yuanyang	CHN	YUE Jinsong	CHN	PTF	2:0
china-open-2025	Senior Men +87kg	F	248	LU Nianpeng	CHN	LI Yuanyang	CHN	PTF	2:1
china-open-2025	Senior Women -46kg	QF	225	CUI Yuwei	CHN	AXTON Vanessa laveenia	MAS	PTF	2:0
china-open-2025	Senior Women -46kg	QF	325	LAU Tsz wan	HKG	YUSSUPBAYEVA Diana	KAZ	PTF	2:0
china-open-2025	Senior Women -46kg	SF	141	LAU Tsz wan	HKG	ALEXANDRA Rayinda Syah	INA	PTF	2:1
china-open-2025	Senior Women -46kg	SF	340	PRIKASIH Ni Kadek Heni	INA	CUI Yuwei	CHN	PTF	2:0
china-open-2025	Senior Women -46kg	F	348	PRIKASIH Ni Kadek Heni	INA	LAU Tsz wan	HKG	PTF	2:0
china-open-2025	Senior Women -49kg	R16	112	LU Qiuyi	CHN	TAIROVA Ramina	KAZ	PTF	2:0
china-open-2025	Senior Women -49kg	R16	113	WU Qi	CHN	QIU Wenting	CHN	PTF	2:1
china-open-2025	Senior Women -49kg	R16	212	YANG Jiayao	CHN	LI Siyong	CHN	PTF	2:1
china-open-2025	Senior Women -49kg	R16	311	PENG Jiaying	CHN	CHAN Cheuk Tung CHAN	HKG	PTF	2:0
china-open-2025	Senior Women -49kg	R16	312	TAO Zhinian	CHN	YE Xiaoting	CHN	WDR	
china-open-2025	Senior Women -49kg	QF	126	DWI PUTRI Winda	INA	PENG Jiaying	CHN	PTF	2:0
china-open-2025	Senior Women -49kg	QF	127	WU Qi	CHN	BAKISHEVA Rita	KAZ	PTF	2:0
china-open-2025	Senior Women -49kg	QF	226	LU Qiuyi	CHN	YANG Jiayao	CHN	PTF	2:0
china-open-2025	Senior Women -49kg	QF	326	WANG Shiyi	CHN	TAO Zhinian	CHN	PTF	2:1
china-open-2025	Senior Women -49kg	SF	241	LU Qiuyi	CHN	DWI PUTRI Winda	INA	PTF	2:0
china-open-2025	Senior Women -49kg	SF	341	WANG Shiyi	CHN	WU Qi	CHN	PTF	2:0
china-open-2025	Senior Women -49kg	F	149	WANG Shiyi	CHN	LU Qiuyi	CHN	PTF	2:0
china-open-2025	Senior Women -53kg	R16	213	ZHU Jingyu	CHN	WENG Jiawen	CHN	PTF	2:1
china-open-2025	Senior Women -53kg	R16	313	WU Fan	CHN	LI Chenxi	CHN	PTF	2:0
china-open-2025	Senior Women -53kg	QF	128	ZUO Ju	CHN	YE Miao	CHN	PTF	2:0
china-open-2025	Senior Women -53kg	QF	227	WANG Xiaolu	CHN	ZHU Jingyu	CHN	PTF	2:0
china-open-2025	Senior Women -53kg	QF	228	MAHESWARI Megawati Tamesti	INA	WU Fan	CHN	PTF	2:0
china-open-2025	Senior Women -53kg	QF	327	LIU Fangxin	CHN	ZHANG Xin	CHN	PTF	2:0
china-open-2025	Senior Women -53kg	SF	142	WANG Xiaolu	CHN	LIU Fangxin	CHN	PTF	2:0
china-open-2025	Senior Women -53kg	SF	242	ZUO Ju	CHN	MAHESWARI Megawati Tamesti	INA	PTF	2:0
china-open-2025	Senior Women -53kg	F	249	ZUO Ju	CHN	WANG Xiaolu	CHN	PTF	2:0
china-open-2025	Senior Women -57kg	R16	114	LI Miao	CHN	GAO Qijuan	CHN	PTF	2:0
china-open-2025	Senior Women -57kg	R16	214	MA Yuting	CHN	ZHAMAUBAY Aknur	KAZ	PTF	2:0
china-open-2025	Senior Women -57kg	QF	129	DAI Zongyuan	CHN	SANG Yiyao	CHN	PTF	2:1
china-open-2025	Senior Women -57kg	QF	229	LAMANDA Silvana	INA	SONG Jiajia	CHN	PTF	2:1
china-open-2025	Senior Women -57kg	QF	328	ZHANG Chuling	CHN	LI Miao	CHN	PTF	2:0
china-open-2025	Senior Women -57kg	QF	329	MA Yuting	CHN	SO Yuen ting	HKG	PTF	2:0
china-open-2025	Senior Women -57kg	SF	143	LAMANDA Silvana	INA	MA Yuting	CHN	PTF	2:1
china-open-2025	Senior Women -57kg	SF	342	DAI Zongyuan	CHN	ZHANG Chuling	CHN	PTF	2:1
china-open-2025	Senior Women -57kg	F	349	DAI Zongyuan	CHN	LAMANDA Silvana	INA	PTF	2:0
china-open-2025	Senior Women -62kg	R16	115	SU Runa	CHN	DUAN Yulin	CHN	PTF	2:0
china-open-2025	Senior Women -62kg	R16	215	WU Shanshan	CHN	LIU Yajing	CHN	PTF	2:0
china-open-2025	Senior Women -62kg	R16	314	YANG Qingmei	CHN	LI Wei	CHN	PTF	2:0
china-open-2025	Senior Women -62kg	QF	130	YANG Qingmei	CHN	LUO Zongshi	CHN	WDR	
china-open-2025	Senior Women -62kg	QF	131	WU Shanshan	CHN	LI Xueju	CHN	PTF	2:1
china-open-2025	Senior Women -62kg	QF	230	WANG Yuting	CHN	YANG Nini	CHN	PTF	2:0
china-open-2025	Senior Women -62kg	QF	330	GU Wenjing	CHN	SU Runa	CHN	PTF	2:1
china-open-2025	Senior Women -62kg	SF	243	YANG Qingmei	CHN	WANG Yuting	CHN	PTF	2:1
china-open-2025	Senior Women -62kg	SF	343	WU Shanshan	CHN	GU Wenjing	CHN	PTF	2:1
china-open-2025	Senior Women -62kg	F	150	WU Shanshan	CHN	YANG Qingmei	CHN	PTF	2:1
china-open-2025	Senior Women -67kg	R16	116	JIN Jin	CHN	ZHU Yongzi	CHN	PTF	2:1
china-open-2025	Senior Women -67kg	R16	315	XU Junzhao	CHN	YANG Boya	CHN	DSQ	
china-open-2025	Senior Women -67kg	QF	132	WANG Chengyi	CHN	ZHU Jingqi	CHN	PTF	2:0
china-open-2025	Senior Women -67kg	QF	231	XING Jiani	CHN	XU Junzhao	CHN	PTF	2:0
china-open-2025	Senior Women -67kg	QF	232	ZHU Yingyue	CHN	JIN Jin	CHN	PTF	2:0
china-open-2025	Senior Women -67kg	QF	331	CHEN Xuyan	CHN	SHEN Zinuo	CHN	PTF	2:1
china-open-2025	Senior Women -67kg	SF	144	XING Jiani	CHN	CHEN Xuyan	CHN	PTF	2:1
china-open-2025	Senior Women -67kg	SF	244	WANG Chengyi	CHN	ZHU Yingyue	CHN	PTF	2:0
china-open-2025	Senior Women -67kg	F	250	WANG Chengyi	CHN	XING Jiani	CHN	PTF	2:1
china-open-2025	Senior Women -73kg	R16	216	WANG Zilu	CHN	CHEN Mengyuan	CHN	PTF	2:0
china-open-2025	Senior Women -73kg	QF	133	XIAO Shunan	CHN	ZHANG Xinhui	CHN	PTF	2:0
china-open-2025	Senior Women -73kg	QF	233	ZHAO Zitong	CHN	WANG Zhiruo	CHN	PTF	2:1
china-open-2025	Senior Women -73kg	QF	332	WANG Zilu	CHN	ABO-ALRUB Rama	JOR	PTF	2:0
china-open-2025	Senior Women -73kg	QF	333	SONG Jie	CHN	XI Yongzhen	CHN	PTF	2:0
china-open-2025	Senior Women -73kg	SF	145	SONG Jie	CHN	ZHAO Zitong	CHN	PTF	2:0
china-open-2025	Senior Women -73kg	SF	344	WANG Zilu	CHN	XIAO Shunan	CHN	PTF	2:0
china-open-2025	Senior Women -73kg	F	350	SONG Jie	CHN	WANG Zilu	CHN	PTF	2:0
china-open-2025	Senior Women +73kg	QF	134	XU Lei	CHN	WANG Xinqi	CHN	PTF	2:0
china-open-2025	Senior Women +73kg	QF	135	SHI Juan	CHN	ZHANG Yinyin	CHN	PTF	2:0
china-open-2025	Senior Women +73kg	QF	234	ZHAO Xueting	CHN	HUANG Sihan	CHN	PTF	2:0
china-open-2025	Senior Women +73kg	QF	334	HAN XU	CHN	ZHANG Wenju	CHN	PTF	2:0
china-open-2025	Senior Women +73kg	SF	245	ZHAO Xueting	CHN	XU Lei	CHN	PTF	2:0
china-open-2025	Senior Women +73kg	SF	345	HAN XU	CHN	SHI Juan	CHN	PTF	2:0
china-open-2025	Senior Women +73kg	F	251	ZHAO Xueting	CHN	HAN XU	CHN	PTF	2:0
altaic-open-2026	Senior Men -54kg	QF	105	KURU Alihan	TUR	SAGYNDYK Nurassyl	KAZ	PTF	2:1
altaic-open-2026	Senior Men -54kg	QF	205	YELALDI Kaan	TUR	KLUCHEV Asadbek	KAZ	PTF	2:0
altaic-open-2026	Senior Men -54kg	QF	404	KHUDAYBERDIEV Jakhongir	UZB	ODILOV Yosinbek	UZB	PTF	2:0
altaic-open-2026	Senior Men -54kg	QF	504	SHAPULATOV Bakhodir	KAZ	MUNKHBAYAR Enkhdul	MGL	PTF	2:0
altaic-open-2026	Senior Men -54kg	SF	314	KHUDAYBERDIEV Jakhongir	UZB	SHAPULATOV Bakhodir	KAZ	PTF	2:0
altaic-open-2026	Senior Men -54kg	SF	414	YELALDI Kaan	TUR	KURU Alihan	TUR	PTF	2:0
altaic-open-2026	Senior Men -54kg	F	320	KHUDAYBERDIEV Jakhongir	UZB	YELALDI Kaan	TUR	PTF	2:1
altaic-open-2026	Senior Men -58kg	R16	301	YENSEGENOV Yerkebulan	KAZ	ASYMBEK UULU Alisher	KGZ	PTF	2:0
altaic-open-2026	Senior Men -58kg	QF	206	PARK Tae-joon	KOR	YENSEGENOV Yerkebulan	KAZ	PTF	2:0
altaic-open-2026	Senior Men -58kg	QF	306	ALTYBAEV Aidin	KGZ	SAMANDAROV Asadbek	UZB	PTF	2:1
altaic-open-2026	Senior Men -58kg	QF	406	TLEULES Tamirlan	KAZ	CAMOGLU Furkan ubeyde	TUR	PTF	2:0
altaic-open-2026	Senior Men -58kg	QF	506	BADEM Yusuf	TUR	OTEGEN Askar	KAZ	PTF	2:0
altaic-open-2026	Senior Men -58kg	SF	215	PARK Tae-joon	KOR	ALTYBAEV Aidin	KGZ	PTF	2:0
altaic-open-2026	Senior Men -58kg	SF	315	TLEULES Tamirlan	KAZ	BADEM Yusuf	TUR	PTF	2:1
altaic-open-2026	Senior Men -58kg	F	322	PARK Tae-joon	KOR	TLEULES Tamirlan	KAZ	PTF	2:1
altaic-open-2026	Senior Men -63kg	R16	401	ISRAILOV Zhassurbek	KAZ	MERGANBAY Abylaikhan	KAZ	PTF	2:0
altaic-open-2026	Senior Men -63kg	QF	108	DAYIOGLU Omer faruk	TUR	MAGOMEDOV Gashim	AZE	PTF	2:0
altaic-open-2026	Senior Men -63kg	QF	307	ABABAKIROV Samirkhon	KAZ	ISRAILOV Zhassurbek	KAZ	PTF	2:0
altaic-open-2026	Senior Men -63kg	QF	407	OSIN Maksim	RUS	AYDOGAN Hamza osman	TUR	PTF	2:1
altaic-open-2026	Senior Men -63kg	QF	507	NAZAROV Nazarali	UZB	BAGOV Idar	RUS	PTF	2:1
altaic-open-2026	Senior Men -63kg	SF	116	ABABAKIROV Samirkhon	KAZ	OSIN Maksim	RUS	PTF	2:0
altaic-open-2026	Senior Men -63kg	SF	216	NAZAROV Nazarali	UZB	DAYIOGLU Omer faruk	TUR	PTF	2:0
altaic-open-2026	Senior Men -63kg	F	323	ABABAKIROV Samirkhon	KAZ	NAZAROV Nazarali	UZB	PTF	2:0
altaic-open-2026	Senior Men -68kg	R16	501	KANAT Bagzhan	KAZ	BIRIMBAY Eldar	KAZ	PTF	2:1
altaic-open-2026	Senior Men -68kg	QF	109	NABIEV Ayyubkhon	UZB	ORYNBEK Sultanbek	KAZ	PTF	2:1
altaic-open-2026	Senior Men -68kg	QF	209	RECBER Hakan	TUR	GANTULGA Enkhbayar	MGL	PTF	2:0
altaic-open-2026	Senior Men -68kg	QF	309	DANILOV Ilia	RUS	DYIKANBAEV Ramazan	KGZ	PTF	2:0
altaic-open-2026	Senior Men -68kg	QF	508	ERER Berkay	TUR	KANAT Bagzhan	KAZ	PTF	2:0
altaic-open-2026	Senior Men -68kg	SF	117	DANILOV Ilia	RUS	RECBER Hakan	TUR	PTF	2:1
altaic-open-2026	Senior Men -68kg	SF	516	ERER Berkay	TUR	NABIEV Ayyubkhon	UZB	PTF	2:0
altaic-open-2026	Senior Men -68kg	F	324	DANILOV Ilia	RUS	ERER Berkay	TUR	PTF	2:0
altaic-open-2026	Senior Men -74kg	R16	202	YUN Mir	KOR	RAKHIMOLLIYEV Daulet	KAZ	PTF	2:1
altaic-open-2026	Senior Men -74kg	R16	302	POLAT Mehmet Kani	TUR	TIMOSHKIN Roman Alekseevich	KGZ	PTF	2:0
altaic-open-2026	Senior Men -74kg	R16	402	RAMAZANOV Khanmagomed	RUS	MUKHAMETKARYMOV Anuar	KAZ	PTF	2:1
altaic-open-2026	Senior Men -74kg	R16	502	MUZAFFAROV Mironshokhmirzo	UZB	SALIMOV Vasif	AZE	RSC	2:1
altaic-open-2026	Senior Men -74kg	QF	111	MUZAFFAROV Mironshokhmirzo	UZB	ABDUSALAMOV Magomed	RUS	PTF	2:0
altaic-open-2026	Senior Men -74kg	QF	310	YUN Mir	KOR	KOSIMKHOJIEV Najmiddin	UZB	PTF	2:0
altaic-open-2026	Senior Men -74kg	QF	410	ORYNBASSAR Maksat	KAZ	POLAT Mehmet Kani	TUR	PTF	2:0
altaic-open-2026	Senior Men -74kg	QF	510	KORPE Omer furkan	TUR	RAMAZANOV Khanmagomed	RUS	PTF	2:1
altaic-open-2026	Senior Men -74kg	SF	417	ORYNBASSAR Maksat	KAZ	YUN Mir	KOR	PTF	2:0
altaic-open-2026	Senior Men -74kg	SF	517	MUZAFFAROV Mironshokhmirzo	UZB	KORPE Omer furkan	TUR	PTF	2:0
altaic-open-2026	Senior Men -74kg	F	325	MUZAFFAROV Mironshokhmirzo	UZB	ORYNBASSAR Maksat	KAZ	PTF	2:0
altaic-open-2026	Senior Men -80kg	R16	103	KIM Yongju	KOR	YILDIZ Muhammed emin	TUR	PTF	2:1
altaic-open-2026	Senior Men -80kg	R16	203	ALIYEV Eljan	AZE	SONG Haram	KOR	PTF	2:1
altaic-open-2026	Senior Men -80kg	R16	303	AGHAYEV Javad	AZE	RAJABOV Islombek	UZB	PTF	2:0
altaic-open-2026	Senior Men -80kg	R16	403	KUSSETOV Batyrkhan	KAZ	ARYSTANBEKOV Atay	KGZ	PTF	2:0
altaic-open-2026	Senior Men -80kg	QF	112	AGHAYEV Javad	AZE	KILIC Yigithan	TUR	PTF	2:0
altaic-open-2026	Senior Men -80kg	QF	212	GANIYEV Mergen	KAZ	KUSSETOV Batyrkhan	KAZ	PTF	2:1
altaic-open-2026	Senior Men -80kg	QF	411	JAYSUNOV Jasurbek	UZB	KIM Yongju	KOR	PTF	2:0
altaic-open-2026	Senior Men -80kg	QF	511	ALIYEV Eljan	AZE	MARIPOV Abdurakhmon	KAZ	PTF	2:1
altaic-open-2026	Senior Men -80kg	SF	318	JAYSUNOV Jasurbek	UZB	ALIYEV Eljan	AZE	PTF	2:0
altaic-open-2026	Senior Men -80kg	SF	418	AGHAYEV Javad	AZE	GANIYEV Mergen	KAZ	PTF	2:1
altaic-open-2026	Senior Men -80kg	F	326	JAYSUNOV Jasurbek	UZB	AGHAYEV Javad	AZE	PTF	2:0
altaic-open-2026	Senior Men -87kg	QF	312	KARIMBOEV Shokhjakhon	UZB	NURGAZIN Meiir	KAZ	PTF	2:1
altaic-open-2026	Senior Men -87kg	QF	412	BICER Enbiya taha	TUR	MYRZABAYEV Nurlan	KAZ	PTF	2:0
altaic-open-2026	Senior Men -87kg	QF	512	BUDIN Vladislav	RUS	KONAK Ilhan	TUR	PTF	2:0
altaic-open-2026	Senior Men -87kg	SF	219	ZHURABOEV Yodgorbek	UZB	KARIMBOEV Shokhjakhon	UZB	PTF	2:0
altaic-open-2026	Senior Men -87kg	SF	319	BUDIN Vladislav	RUS	BICER Enbiya taha	TUR	PTF	2:0
altaic-open-2026	Senior Men -87kg	F	321	ZHURABOEV Yodgorbek	UZB	BUDIN Vladislav	RUS	PTF	2:1
altaic-open-2026	Senior Men +87kg	R16	503	GAFAROV Eltaj	AZE	NURGAZY Bekarys	KAZ	PTF	2:0
altaic-open-2026	Senior Men +87kg	QF	213	KABLAN Beibarys	KAZ	GAFAROV Eltaj	AZE	PTF	2:0
altaic-open-2026	Senior Men +87kg	QF	313	KHASSENOV Bauyrzhan	KAZ	ABDURAKHIMOV Abdylazym	KGZ	PTF	2:0
altaic-open-2026	Senior Men +87kg	QF	413	SHODMONOV Khudoynazar	UZB	DEMIRCIOGLU Huseyin berat	TUR	PTF	2:0
altaic-open-2026	Senior Men +87kg	QF	513	MAVLONOV Marat	UZB	BAT-ERDENE Belgutei	MGL	PTF	2:0
altaic-open-2026	Senior Men +87kg	SF	120	KABLAN Beibarys	KAZ	KHASSENOV Bauyrzhan	KAZ	PTF	2:0
altaic-open-2026	Senior Men +87kg	SF	220	MAVLONOV Marat	UZB	SHODMONOV Khudoynazar	UZB	PTF	2:0
altaic-open-2026	Senior Men +87kg	F	327	KABLAN Beibarys	KAZ	MAVLONOV Marat	UZB	PTF	2:0
altaic-open-2026	Senior Women -46kg	QF	104	GURBUZ Zehra	TUR	MIRBEKOVA Albina	KGZ	PTF	2:0
altaic-open-2026	Senior Women -46kg	QF	204	AKBAROVA Minaya	AZE	KOISHYBEKOVA Nargiza	KAZ	PTF	2:1
altaic-open-2026	Senior Women -46kg	QF	304	KUMARTAYEVA Aidana	KAZ	ZHAMALBEKOVA Kuralay	KAZ	PTF	2:0
altaic-open-2026	Senior Women -46kg	SF	114	GOGEBAKAN Emine	TUR	GURBUZ Zehra	TUR	PTF	2:0
altaic-open-2026	Senior Women -46kg	SF	214	KUMARTAYEVA Aidana	KAZ	AKBAROVA Minaya	AZE	PTF	2:0
altaic-open-2026	Senior Women -46kg	F	221	GOGEBAKAN Emine	TUR	KUMARTAYEVA Aidana	KAZ	PTF	2:0
altaic-open-2026	Senior Women -49kg	R16	101	TASKIN Zeynep	TUR	KHAN Sofiya	UZB	PTF	2:0
altaic-open-2026	Senior Women -49kg	R16	201	SHONIYOZOVA Madina	UZB	SHERALIEVA Raziia	KGZ	PTF	2:0
altaic-open-2026	Senior Women -49kg	QF	106	BAUYRZHANOVA Nuray	KAZ	SHONIYOZOVA Madina	UZB	PTF	2:1
altaic-open-2026	Senior Women -49kg	QF	305	TASKIN Zeynep	TUR	AKGUL Elif sude	TUR	PTF	2:0
altaic-open-2026	Senior Women -49kg	QF	405	ZHUMABEK Nuraiym	KAZ	BAKISHEVA Rita	KAZ	PTF	2:0
altaic-open-2026	Senior Women -49kg	QF	505	BAT-ERDENE Uchral	MGL	SHAILOOBEKOVA Nailia	KGZ	PTF	2:0
altaic-open-2026	Senior Women -49kg	SF	115	BAUYRZHANOVA Nuray	KAZ	BAT-ERDENE Uchral	MGL	PTF	2:0
altaic-open-2026	Senior Women -49kg	SF	514	TASKIN Zeynep	TUR	ZHUMABEK Nuraiym	KAZ	PTF	2:0
altaic-open-2026	Senior Women -49kg	F	222	TASKIN Zeynep	TUR	BAUYRZHANOVA Nuray	KAZ	PTF	2:0
altaic-open-2026	Senior Women -53kg	QF	107	KHASANOVA Laylo	UZB	BATTSEREN Munkhjin	MGL	PTF	2:0
altaic-open-2026	Senior Women -53kg	QF	207	AKHMEDOVA Nodira	KAZ	BATTOGTOKH Tsengelbayar	MGL	PTF	2:0
altaic-open-2026	Senior Women -53kg	SF	415	DINCEL KAVURAT Merve	TUR	KHASANOVA Laylo	UZB	PTF	2:0
altaic-open-2026	Senior Women -53kg	SF	515	AKHMEDOVA Nodira	KAZ	SUNDETBAY Aidana	KAZ	PTF	2:0
altaic-open-2026	Senior Women -53kg	F	223	DINCEL KAVURAT Merve	TUR	AKHMEDOVA Nodira	KAZ	PTF	2:0
altaic-open-2026	Senior Women -57kg	QF	208	ABDUVALIEVA Shabona	UZB	KAZNABEK Togzhan	KAZ	PTF	2:1
altaic-open-2026	Senior Women -57kg	QF	308	DILER Ruya	TUR	SEVOSTYANOVA Mariya	KAZ	PTF	2:0
altaic-open-2026	Senior Women -57kg	QF	408	ILGUN Hatice kubra	TUR	ISSINA Zhazira	KAZ	PTF	2:0
altaic-open-2026	Senior Women -57kg	SF	316	ABDUVALIEVA Shabona	UZB	MIRABZALOVA Madina	UZB	PTF	2:0
altaic-open-2026	Senior Women -57kg	SF	416	ILGUN Hatice kubra	TUR	DILER Ruya	TUR	RSC	1:1
altaic-open-2026	Senior Women -57kg	F	224	ABDUVALIEVA Shabona	UZB	ILGUN Hatice kubra	TUR	PTF	2:0
altaic-open-2026	Senior Women -62kg	R16	102	KAZNABEK Nuray	KAZ	LEE Eunmi	KOR	PTF	2:0
altaic-open-2026	Senior Women -62kg	QF	110	ADILBEKKYZY Aisha	KAZ	PATRATII Alesia	KGZ	PTF	2:0
altaic-open-2026	Senior Women -62kg	QF	210	UKTAMJONOVA Mohidil	UZB	YIGITALP Hatice pinar	TUR	PTF	2:0
altaic-open-2026	Senior Women -62kg	QF	409	KHAYITOVA Sevinch	UZB	KAZNABEK Nuray	KAZ	PTF	2:0
altaic-open-2026	Senior Women -62kg	QF	509	GOGEBAKAN Huru gokce	TUR	AIMUKASHEVA Kamila	KAZ	PTF	2:0
altaic-open-2026	Senior Women -62kg	SF	217	KHAYITOVA Sevinch	UZB	GOGEBAKAN Huru gokce	TUR	PTF	2:0
altaic-open-2026	Senior Women -62kg	SF	317	ADILBEKKYZY Aisha	KAZ	UKTAMJONOVA Mohidil	UZB	PTF	2:1
altaic-open-2026	Senior Women -62kg	F	225	ADILBEKKYZY Aisha	KAZ	KHAYITOVA Sevinch	UZB	PTF	2:0
altaic-open-2026	Senior Women -67kg	QF	211	SULAIMANOVA Tamiris	KGZ	TAUKENOVA Aida	KAZ	PTF	2:0
altaic-open-2026	Senior Women -67kg	QF	311	ASKAR Ayaulym	KAZ	AZIZOVA Diyorakhon	UZB	PTF	2:1
altaic-open-2026	Senior Women -67kg	SF	118	ZAFER Isil	TUR	SULAIMANOVA Tamiris	KGZ	PTF	2:0
altaic-open-2026	Senior Women -67kg	SF	218	ASKAR Ayaulym	KAZ	NAIMANBAYEVA Aruzhan	KAZ	PTF	2:1
altaic-open-2026	Senior Women -67kg	F	226	ZAFER Isil	TUR	ASKAR Ayaulym	KAZ	PTF	2:0
altaic-open-2026	Senior Women -73kg	SF	119	TURLIBEKOVA Jasmina	UZB	KENGESBEK Nurly	KAZ	PTF	2:0
altaic-open-2026	Senior Women -73kg	SF	518	MAKHMUTOVA Nazym	KAZ	CETINEL Ceren	TUR	PTF	2:0
altaic-open-2026	Senior Women -73kg	F	227	MAKHMUTOVA Nazym	KAZ	TURLIBEKOVA Jasmina	UZB	PTF	2:0
altaic-open-2026	Senior Women +73kg	QF	113	YERKASSIMOVA Axaule	KAZ	TKEBAEVA Meruert	KAZ	WDR	1:0
altaic-open-2026	Senior Women +73kg	SF	419	KUS AYDIN Nafia	TUR	YERKASSIMOVA Axaule	KAZ	PTF	2:0
altaic-open-2026	Senior Women +73kg	SF	519	MIRTADJIEVA Iroda	UZB	KAVUKCUOGLU Zehra begum	TUR	PTF	2:0
altaic-open-2026	Senior Women +73kg	F	228	KUS AYDIN Nafia	TUR	MIRTADJIEVA Iroda	UZB	PTF	2:0
balkan-cup-2026	Senior Men -54kg	R16	301	HRISTOV Hristian	BUL	RADISIC Pavle	SRB	PTF	2:1
balkan-cup-2026	Senior Men -54kg	QF	308	AGENJO TRIGOS Jairo	ESP	HRISTOV Hristian	BUL	PTF	2:0
balkan-cup-2026	Senior Men -54kg	QF	309	OWEN Haddad	FRA	CANI Georgios	ALB	PTF	2:0
balkan-cup-2026	Senior Men -54kg	QF	310	HAMI Muhammed	TRT	ANDRIĆ Vanja	SRB	PTF	2:0
balkan-cup-2026	Senior Men -54kg	QF	311	ROSCA Artiom	MDA	KIS Nikola	SRB	PTF	2:0
balkan-cup-2026	Senior Men -54kg	SF	322	AGENJO TRIGOS Jairo	ESP	OWEN Haddad	FRA	PTF	2:0
balkan-cup-2026	Senior Men -54kg	SF	323	ROSCA Artiom	MDA	HAMI Muhammed	TRT	PTF	2:0
balkan-cup-2026	Senior Men -54kg	F	330	AGENJO TRIGOS Jairo	ESP	ROSCA Artiom	MDA	PTF	2:0
balkan-cup-2026	Senior Men -58kg	R16	201	LONGOBARDI Angelo	ITA	MIHALY Hunor-Szilard	ROU	PTF	2:0
balkan-cup-2026	Senior Men -58kg	R16	202	HRISTOV Teodor	BUL	BANGAL Razvan Alexandru	ROU	PTF	2:1
balkan-cup-2026	Senior Men -58kg	QF	213	VASILIC Todor	SRB	LONGOBARDI Angelo	ITA	PTF	2:1
balkan-cup-2026	Senior Men -58kg	QF	214	CAN Haktan	TUR	STOJANOVIC Stefan (SRB-2850)	SRB	PTF	2:0
balkan-cup-2026	Senior Men -58kg	QF	215	CONTI Andrea	ITA	JOVANOVIC Nemanja	SRB	PTF	2:0
balkan-cup-2026	Senior Men -58kg	QF	216	DJONKO Ibrahim	BIH	HRISTOV Teodor	BUL	PTF	2:1
balkan-cup-2026	Senior Men -58kg	SF	225	VASILIC Todor	SRB	CAN Haktan	TUR	PTF	2:0
balkan-cup-2026	Senior Men -58kg	SF	326.2	CONTI Andrea	ITA	DJONKO Ibrahim	BIH	PTF	2:0
balkan-cup-2026	Senior Men -58kg	F	332	VASILIC Todor	SRB	CONTI Andrea	ITA	PTF	2:0
balkan-cup-2026	Senior Men -63kg	QF	207	KLJAJIC Nikola	SRB	BATALO Aleksandar	SRB	WDR	2:0
balkan-cup-2026	Senior Men -63kg	QF	208	VUKOTIC Danilo	SRB	ILIEV Aleksandar	BUL	PTF	2:0
balkan-cup-2026	Senior Men -63kg	SF	221	MIHAJLOVIC Vuk	SRB	KLJAJIC Nikola	SRB	PTF	2:0
balkan-cup-2026	Senior Men -63kg	SF	222	ALLEN Chris	USA	VUKOTIC Danilo	SRB	PTF	2:0
balkan-cup-2026	Senior Men -63kg	F	229	MIHAJLOVIC Vuk	SRB	ALLEN Chris	USA	PTF	2:0
balkan-cup-2026	Senior Men -68kg	R16	203	LEKNDREAJ Klaudjo	ALB	CEKOV David	MKD	PTF	2:1
balkan-cup-2026	Senior Men -68kg	R16	204	BONNA Baptiste	FRA	FILIP MURESANU Raul mario	ROU	PTF	2:0
balkan-cup-2026	Senior Men -68kg	R16	205	STANIC Novak	SRB	CRLJEN Nikola	CRO	PTF	2:0
balkan-cup-2026	Senior Men -68kg	R16	206	OGUZ Julian	NOR	ANGELOV Luka	MKD	PTF	2:1
balkan-cup-2026	Senior Men -68kg	QF	217	KRAJISNIK Zarko	SRB	LEKNDREAJ Klaudjo	ALB	PTF	2:0
balkan-cup-2026	Senior Men -68kg	QF	218	BONNA Baptiste	FRA	CAULO Gabriele	ITA	WDR	
balkan-cup-2026	Senior Men -68kg	QF	219	MANDIC Milos	SRB	STANIC Novak	SRB	PTF	2:0
balkan-cup-2026	Senior Men -68kg	QF	220	DJONKO Muhamed	BIH	OGUZ Julian	NOR	PTF	2:1
balkan-cup-2026	Senior Men -68kg	SF	227	KRAJISNIK Zarko	SRB	BONNA Baptiste	FRA	PTF	2:1
balkan-cup-2026	Senior Men -68kg	SF	228	DJONKO Muhamed	BIH	MANDIC Milos	SRB	PTF	2:1
balkan-cup-2026	Senior Men -68kg	F	232	KRAJISNIK Zarko	SRB	DJONKO Muhamed	BIH	PTF	2:0
balkan-cup-2026	Senior Men -74kg	R16	101	SUBOTIC Vojin	SRB	VASILACHE Stefan	ROU	PTF	2:0
balkan-cup-2026	Senior Men -74kg	QF	109	DUGAC Grga	CRO	SUBOTIC Vojin	SRB	PTF	2:0
balkan-cup-2026	Senior Men -74kg	QF	110	STOJANOVIC Marko	SRB	IZARIK Daniel	SVK	PTF	2:0
balkan-cup-2026	Senior Men -74kg	QF	111	AVRAMOV Bozhidar	BUL	TURSAN Josip	CRO	PTF	2:0
balkan-cup-2026	Senior Men -74kg	QF	112	BURUSIC Marko	SRB	FRGOLEC Damien Pavel	SVK	WDR	2:0
balkan-cup-2026	Senior Men -74kg	SF	122	DUGAC Grga	CRO	STOJANOVIC Marko	SRB	RSC	2:0
balkan-cup-2026	Senior Men -74kg	SF	123	BURUSIC Marko	SRB	AVRAMOV Bozhidar	BUL	PTF	2:1
balkan-cup-2026	Senior Men -74kg	F	129	DUGAC Grga	CRO	BURUSIC Marko	SRB	PTF	2:1
balkan-cup-2026	Senior Men -80kg	R16	102	FRGOLEC Miroslav	SVK	HALASU Amir dorin	ROU	PTF	2:1
balkan-cup-2026	Senior Men -80kg	QF	113	KOVACIC Oscar	CRO	FRGOLEC Miroslav	SVK	PTF	2:0
balkan-cup-2026	Senior Men -80kg	QF	114	RODRIGUES Victor	USA	VITKOVIC Nikola	SRB	PTF	2:0
balkan-cup-2026	Senior Men -80kg	QF	115	PERUNIČIĆ Vasilije	MNE	ALI BASHIR Bashir	SVK	PTF	2:1
balkan-cup-2026	Senior Men -80kg	QF	116	THUNE Sebastian	NOR	ĐODAN Ivan	CRO	PTF	2:0
balkan-cup-2026	Senior Men -80kg	SF	124	RODRIGUES Victor	USA	KOVACIC Oscar	CRO	PTF	2:0
balkan-cup-2026	Senior Men -80kg	SF	125	THUNE Sebastian	NOR	PERUNIČIĆ Vasilije	MNE	PTF	2:0
balkan-cup-2026	Senior Men -80kg	F	130	RODRIGUES Victor	USA	THUNE Sebastian	NOR	PTF	2:1
balkan-cup-2026	Senior Men -87kg	QF	103	AJDUKOVIC Dimitrije	SRB	SNACOV Laurentiu	ROU	PTF	2:0
balkan-cup-2026	Senior Men -87kg	QF	104	STOJANOVIC Stefan	SRB	SPAK Aurel	SVK	WDR	2:0
balkan-cup-2026	Senior Men -87kg	QF	105	RODRIGUEZ Michael c	USA	ALI BASHIR Ali	SVK	RSC	1:0
balkan-cup-2026	Senior Men -87kg	SF	118	AJDUKOVIC Dimitrije	SRB	NUCI Erol	BIH	PTF	2:0
balkan-cup-2026	Senior Men -87kg	SF	119	RODRIGUEZ Michael c	USA	STOJANOVIC Stefan	SRB	PTF	2:0
balkan-cup-2026	Senior Men -87kg	F	127	RODRIGUEZ Michael c	USA	AJDUKOVIC Dimitrije	SRB	PTF	2:0
balkan-cup-2026	Senior Men +87kg	QF	106	HANUSOVSKY Richard	SVK	AGRISAN Stefan Gabriel	ROU	PTF	2:0
balkan-cup-2026	Senior Men +87kg	QF	107	THOLIOTIS Vasileios	GRE	GRUJICIC Ognjen	SRB	PTF	2:0
balkan-cup-2026	Senior Men +87kg	QF	108	GOLUBOVIC Milos	SRB	TOADER Darius Ionut	ROU	PTF	2:0
balkan-cup-2026	Senior Men +87kg	SF	120	DIVKOVIC Patrik	SLO	HANUSOVSKY Richard	SVK	PTF	2:0
balkan-cup-2026	Senior Men +87kg	SF	121	THOLIOTIS Vasileios	GRE	GOLUBOVIC Milos	SRB	PTF	2:0
balkan-cup-2026	Senior Men +87kg	F	128	THOLIOTIS Vasileios	GRE	DIVKOVIC Patrik	SLO	PTF	2:0
balkan-cup-2026	Senior Women -46kg	F	326	KAMINSKA Michaela	SVK	BUSUIOC Ingrid Gabriela	ROU	WDR	2:1
balkan-cup-2026	Senior Women -49kg	QF	305	CARRUS Giulia	ITA	PINNA Aurora	ITA	PTF	2:0
balkan-cup-2026	Senior Women -49kg	SF	318	DIAZ ARRIBAS Violeta	ESP	CARRUS Giulia	ITA	PTF	2:0
balkan-cup-2026	Senior Women -49kg	SF	319	GEORGIOU Melina	GRE	CRISTESCU Anamaria	ROU	PTF	2:0
balkan-cup-2026	Senior Women -49kg	F	328	DIAZ ARRIBAS Violeta	ESP	GEORGIOU Melina	GRE	PTF	2:0
balkan-cup-2026	Senior Women -53kg	QF	306	GAVRILOVIC Irina	SRB	CSAKI Hanna	HUN	PTF	2:1
balkan-cup-2026	Senior Women -53kg	QF	307	STANKOVIC Vanja	SRB	BANCHIERO Costanza	ITA	PTF	2:0
balkan-cup-2026	Senior Women -53kg	SF	320	BOKAN Andrea	SRB	GAVRILOVIC Irina	SRB	PTF	2:0
balkan-cup-2026	Senior Women -53kg	SF	321	GIRE Ines	FRA	STANKOVIC Vanja	SRB	PTF	2:0
balkan-cup-2026	Senior Women -53kg	F	329	BOKAN Andrea	SRB	GIRE Ines	FRA	PTF	2:0
balkan-cup-2026	Senior Women -57kg	QF	209	LUKIC Jana	SRB	POZNANOVIC Marija	SRB	PTF	2:0
balkan-cup-2026	Senior Women -57kg	QF	210	DE FRUTOS FERNANDEZ CANADAS Alejandra	ESP	SEVO Milica	SRB	PTF	2:0
balkan-cup-2026	Senior Women -57kg	QF	211	KUKIC Iva	SRB	KONICA Katerina	ALB	PTF	2:0
balkan-cup-2026	Senior Women -57kg	QF	212	MILIC Nikolina	SRB	TRIVUNOV Milica	SRB	PTF	2:0
balkan-cup-2026	Senior Women -57kg	SF	223	LUKIC Jana	SRB	DE FRUTOS FERNANDEZ CANADAS Alejandra	ESP	PTF	2:0
balkan-cup-2026	Senior Women -57kg	SF	326.1	MILIC Nikolina	SRB	KUKIC Iva	SRB	PTF	2:1
balkan-cup-2026	Senior Women -57kg	F	230	LUKIC Jana	SRB	MILIC Nikolina	SRB	PTF	2:0
balkan-cup-2026	Senior Women -62kg	R16	302	BOLJESIC Mihaela	CRO	JANKOVIC Lana	SRB	PTF	2:0
balkan-cup-2026	Senior Women -62kg	R16	303	NIKOLIC Tijana	SRB	COMAN Gabriela bianca	ROU	PTF	2:0
balkan-cup-2026	Senior Women -62kg	R16	304	BAHRI Elae	NOR	MILOSEVIC Lara	SRB	PTF	2:0
balkan-cup-2026	Senior Women -62kg	QF	312	MARIC Ela	SRB	BOLJESIC Mihaela	CRO	PTF	2:0
balkan-cup-2026	Senior Women -62kg	QF	313	RANKOV Vanja	SRB	CECCHI Linda	ITA	PTF	2:0
balkan-cup-2026	Senior Women -62kg	QF	314	SAVKOVIC Nadja	SRB	NIKOLIC Tijana	SRB	PTF	2:0
balkan-cup-2026	Senior Women -62kg	QF	315	SANTOS Caroline	BRA	BAHRI Elae	NOR	PTF	2:0
balkan-cup-2026	Senior Women -62kg	SF	324	MARIC Ela	SRB	RANKOV Vanja	SRB	PTF	2:0
balkan-cup-2026	Senior Women -62kg	SF	325	SAVKOVIC Nadja	SRB	SANTOS Caroline	BRA	PTF	2:1
balkan-cup-2026	Senior Women -62kg	F	331	MARIC Ela	SRB	SAVKOVIC Nadja	SRB	PTF	2:0
balkan-cup-2026	Senior Women -67kg	SF	316	BERISAJ Andrea	MNE	STAMENKOVIC Jelena	SRB	PTF	2:0
balkan-cup-2026	Senior Women -67kg	SF	317	CHUA Chloe	USA	SEVO Tamara	SRB	PTF	2:0
balkan-cup-2026	Senior Women -67kg	F	327	BERISAJ Andrea	MNE	CHUA Chloe	USA	PTF	2:0
balkan-cup-2026	Senior Women -73kg	SF	117	GLUMAC Nadja	SRB	KRUPJAKOVA Alzbeta	SVK	PTF	2:0
balkan-cup-2026	Senior Women -73kg	F	126	PETROVIC Iva	SRB	GLUMAC Nadja	SRB	PTF	2:0
central-american-caribbean-games-2026	Senior Men -54kg	QF	104	ECHAVARRI Sebastian	MEX	ARIAS Alejandro Josue	WT	PTF	2:1
central-american-caribbean-games-2026	Senior Men -54kg	QF	105	MIDENCE Derek David	HON	RAMOS. Brandon	PUR	PTF	2:0
central-american-caribbean-games-2026	Senior Men -54kg	QF	203	DE LA CRUZ Wilfrido	DOM	REYES Diego	GUA	PTF	2:0
central-american-caribbean-games-2026	Senior Men -54kg	QF	204	GRIMALDO Juan	VEN	RAMIREZ CONTRERAS Daniel jahir	COL	PTF	2:1
central-american-caribbean-games-2026	Senior Men -54kg	SF	113	MIDENCE Derek David	HON	GRIMALDO Juan	VEN	PTF	2:1
central-american-caribbean-games-2026	Senior Men -54kg	SF	212	DE LA CRUZ Wilfrido	DOM	ECHAVARRI Sebastian	MEX	PTF	2:0
central-american-caribbean-games-2026	Senior Men -54kg	BRZ	119	ECHAVARRI Sebastian	MEX	RAMOS. Brandon	PUR	PTF	2:1
central-american-caribbean-games-2026	Senior Men -54kg	BRZ	218	GRIMALDO Juan	VEN	REYES Diego	GUA	PTF	2:0
central-american-caribbean-games-2026	Senior Men -54kg	F	125	DE LA CRUZ Wilfrido	DOM	MIDENCE Derek David	HON	PTF	2:0
central-american-caribbean-games-2026	Senior Men -58kg	QF	103	KNIGHT Nicholas	TTO	FUENTES David	GUA	PTF	2:0
central-american-caribbean-games-2026	Senior Men -58kg	QF	202	DIAZ Jhoel	VEN	REYES Cristofer	DOM	PTF	2:0
central-american-caribbean-games-2026	Senior Men -58kg	SF	115	PEREZ Zaid Yael	MEX	KNIGHT Nicholas	TTO	PTF	2:0
central-american-caribbean-games-2026	Senior Men -58kg	SF	214	DIAZ Jhoel	VEN	RODRIGUEZ Ilay	PUR	PTF	2:0
central-american-caribbean-games-2026	Senior Men -58kg	BRZ	220	REYES Cristofer	DOM	KNIGHT Nicholas	TTO	PTF	2:0
central-american-caribbean-games-2026	Senior Men -58kg	F	127	PEREZ Zaid Yael	MEX	DIAZ Jhoel	VEN	PTF	2:0
central-american-caribbean-games-2026	Senior Men -63kg	QF	101	BLANCO Aldo	NCA	JOSEPH Pedro	DOM	PTF	2:1
central-american-caribbean-games-2026	Senior Men -63kg	QF	102	MILLAN David	MEX	JEAN-BAPTISTE Matthew	HAI	PTF	2:0
central-american-caribbean-games-2026	Senior Men -63kg	QF	201	NAZARIO Edgardo	PUR	CAMPBELL Israel	PAN	PTF	2:1
central-american-caribbean-games-2026	Senior Men -63kg	SF	117	MILLAN David	MEX	NAZARIO Edgardo	PUR	PTF	2:0
central-american-caribbean-games-2026	Senior Men -63kg	SF	216	GRANADO Yohandri	VEN	BLANCO Aldo	NCA	PTF	2:0
central-american-caribbean-games-2026	Senior Men -63kg	BRZ	123	BLANCO Aldo	NCA	JEAN-BAPTISTE Matthew	HAI	PTF	2:0
central-american-caribbean-games-2026	Senior Men -63kg	F	129	GRANADO Yohandri	VEN	MILLAN David	MEX	PTF	2:1
central-american-caribbean-games-2026	Senior Men -68kg	QF	105	GARRIDO Jhon Deivi	COL	FERNANDEZ Angel Yaniel	CUB	PTF	2:1
central-american-caribbean-games-2026	Senior Men -68kg	QF	106	PEDRAZA Jeshuath	VEN	DE JESUS Luis	PUR	PTF	2:0
central-american-caribbean-games-2026	Senior Men -68kg	QF	205	ROMERO Ian	PAN	ONTIVEROS Luis Mauricio	MEX	PTF	2:0
central-american-caribbean-games-2026	Senior Men -68kg	QF	206	GONZALEZ Wander	DOM	ALVAREZ Ariel	NCA	PTF	2:0
central-american-caribbean-games-2026	Senior Men -68kg	SF	113	GARRIDO Jhon Deivi	COL	ROMERO Ian	PAN	PTF	2:0
central-american-caribbean-games-2026	Senior Men -68kg	SF	213	PEDRAZA Jeshuath	VEN	GONZALEZ Wander	DOM	PTF	2:1
central-american-caribbean-games-2026	Senior Men -68kg	BRZ	119	FERNANDEZ Angel Yaniel	CUB	GONZALEZ Wander	DOM	PTF	2:0
central-american-caribbean-games-2026	Senior Men -68kg	BRZ	219	ROMERO Ian	PAN	DE JESUS Luis	PUR	PTF	2:0
central-american-caribbean-games-2026	Senior Men -68kg	F	125	PEDRAZA Jeshuath	VEN	GARRIDO Jhon Deivi	COL	PTF	2:0
central-american-caribbean-games-2026	Senior Men -74kg	QF	103	NAVA Ruben	MEX	MCCRAY Josiah	ISV	PTF	2:0
central-american-caribbean-games-2026	Senior Men -74kg	QF	104	BENITEZ Adrian	PUR	LALOAN Sean Jaylen	HAI	PTF	2:1
central-american-caribbean-games-2026	Senior Men -74kg	QF	203	PIE Bernardo	DOM	GIL LOPEZ Damian steven	COL	PTF	2:0
central-american-caribbean-games-2026	Senior Men -74kg	QF	204	SOTO ARRIETA Juan jose	WT	PINAS Samaki	SUR	PTF	2:0
central-american-caribbean-games-2026	Senior Men -74kg	SF	115	PIE Bernardo	DOM	NAVA Ruben	MEX	PTF	2:1
central-american-caribbean-games-2026	Senior Men -74kg	SF	215	BENITEZ Adrian	PUR	SOTO ARRIETA Juan jose	WT	PTF	2:0
central-american-caribbean-games-2026	Senior Men -74kg	BRZ	121	GIL LOPEZ Damian steven	COL	SOTO ARRIETA Juan jose	WT	PTF	2:1
central-american-caribbean-games-2026	Senior Men -74kg	BRZ	221	NAVA Ruben	MEX	LALOAN Sean Jaylen	HAI	PTF	2:0
central-american-caribbean-games-2026	Senior Men -74kg	F	127	PIE Bernardo	DOM	BENITEZ Adrian	PUR	PTF	2:0
central-american-caribbean-games-2026	Senior Men -80kg	QF	101	TREJOS Miguel	COL	LARA Francisco	ESA	PTF	2:0
central-american-caribbean-games-2026	Senior Men -80kg	QF	102	CASAS Iker	MEX	SEALY. Brandon	JAM	RSC	1:0
central-american-caribbean-games-2026	Senior Men -80kg	QF	201	MARTINEZ PERALTA Pedro luis	DOM	FLORES Alejandro	WT	PTF	2:0
central-american-caribbean-games-2026	Senior Men -80kg	QF	202	CALDERON Kelvin	CUB	ROBLETO David	NCA	PTF	2:1
central-american-caribbean-games-2026	Senior Men -80kg	SF	117	TREJOS Miguel	COL	MARTINEZ PERALTA Pedro luis	DOM	PTF	2:0
central-american-caribbean-games-2026	Senior Men -80kg	SF	217	CASAS Iker	MEX	CALDERON Kelvin	CUB	PTF	2:0
central-american-caribbean-games-2026	Senior Men -80kg	BRZ	123	CALDERON Kelvin	CUB	LARA Francisco	ESA	PTF	2:0
central-american-caribbean-games-2026	Senior Men -80kg	BRZ	223	MARTINEZ PERALTA Pedro luis	DOM	SEALY. Brandon	JAM	WDR	
central-american-caribbean-games-2026	Senior Men -80kg	F	129	CASAS Iker	MEX	TREJOS Miguel	COL	PTF	2:0
central-american-caribbean-games-2026	Senior Men -87kg	QF	101	BERNARDEZ Wilmer	HON	GONZALEZ Gabriel	WT	PTF	2:1
central-american-caribbean-games-2026	Senior Men -87kg	QF	102	SOTO BAUTISTA Luis german	COL	OSORIO Yesid F	PUR	PTF	2:0
central-american-caribbean-games-2026	Senior Men -87kg	QF	201	BOCIO Esquivel	DOM	LOPEZ Jose	MEX	PTF	2:1
central-american-caribbean-games-2026	Senior Men -87kg	QF	202	ALVAREZ Luis	VEN	LOPEZ Elias	NCA	PTF	2:0
central-american-caribbean-games-2026	Senior Men -87kg	SF	110	ALVAREZ Luis	VEN	SOTO BAUTISTA Luis german	COL	PTF	2:0
central-american-caribbean-games-2026	Senior Men -87kg	SF	209	BOCIO Esquivel	DOM	BERNARDEZ Wilmer	HON	PTF	2:0
central-american-caribbean-games-2026	Senior Men -87kg	BRZ	114	BERNARDEZ Wilmer	HON	LOPEZ Elias	NCA	PTF	2:0
central-american-caribbean-games-2026	Senior Men -87kg	BRZ	213	SOTO BAUTISTA Luis german	COL	LOPEZ Jose	MEX	PTF	2:0
central-american-caribbean-games-2026	Senior Men -87kg	F	118	ALVAREZ Luis	VEN	BOCIO Esquivel	DOM	PTF	2:0
central-american-caribbean-games-2026	Senior Men +87kg	QF	103	HERNANDEZ Moises	DOM	NIEVES TORRES Victor manuel	PUR	PTF	2:0
central-american-caribbean-games-2026	Senior Men +87kg	QF	104	GOICOCHEA HENRY Yoikel daniel	CUB	ROMERO Santos Israel	HON	PTF	2:0
central-american-caribbean-games-2026	Senior Men +87kg	QF	203	WEBB Julian	WT	HOLDER Chioke	BAR	PTF	2:0
central-american-caribbean-games-2026	Senior Men +87kg	SF	112	GOICOCHEA HENRY Yoikel daniel	CUB	WEBB Julian	WT	PTF	2:0
central-american-caribbean-games-2026	Senior Men +87kg	SF	211	SANSORES Carlos	MEX	HERNANDEZ Moises	DOM	PTF	2:1
central-american-caribbean-games-2026	Senior Men +87kg	BRZ	116	HERNANDEZ Moises	DOM	ROMERO Santos Israel	HON	PTF	2:0
central-american-caribbean-games-2026	Senior Men +87kg	F	120	SANSORES Carlos	MEX	GOICOCHEA HENRY Yoikel daniel	CUB	PTF	2:1
central-american-caribbean-games-2026	Senior Women -46kg	QF	110	DELLAN Virginia	VEN	CARPIO Ashley Yosmeiry	DOM	PTF	2:0
central-american-caribbean-games-2026	Senior Women -46kg	QF	111	RAMIREZ CONTRERAS Danna isabella	COL	NATTO Alexandra En	JAM	PTF	2:0
central-american-caribbean-games-2026	Senior Women -46kg	QF	209	BASSETT Jaycee	CRC	LARREYNAGA Marjorie	ESA	PTF	2:0
central-american-caribbean-games-2026	Senior Women -46kg	QF	210	HERNANDEZ Fernanda	MEX	ALERS Alannis Michelle	PUR	PTF	2:0
central-american-caribbean-games-2026	Senior Women -46kg	SF	112	HERNANDEZ Fernanda	MEX	RAMIREZ CONTRERAS Danna isabella	COL	PTF	2:1
central-american-caribbean-games-2026	Senior Women -46kg	SF	211	BASSETT Jaycee	CRC	DELLAN Virginia	VEN	PTF	2:0
central-american-caribbean-games-2026	Senior Women -46kg	BRZ	118	ALERS Alannis Michelle	PUR	DELLAN Virginia	VEN	PTF	2:0
central-american-caribbean-games-2026	Senior Women -46kg	BRZ	217	RAMIREZ CONTRERAS Danna isabella	COL	LARREYNAGA Marjorie	ESA	PTF	2:0
central-american-caribbean-games-2026	Senior Women -46kg	F	124	BASSETT Jaycee	CRC	HERNANDEZ Fernanda	MEX	PTF	2:0
central-american-caribbean-games-2026	Senior Women -49kg	QF	108	WAY Nicolle	GUA	PIMENTEL Mariangel	DOM	PTF	2:0
central-american-caribbean-games-2026	Senior Women -49kg	QF	109	PETERSON Ceili	GUY	PEDRAZA Yuliennys	VEN	PTF	2:0
central-american-caribbean-games-2026	Senior Women -49kg	QF	207	SOUZA Daniela Paola	MEX	TALBOTT Riccy	HON	PTF	2:0
central-american-caribbean-games-2026	Senior Women -49kg	QF	208	RAMIREZ VARGAS Andrea	COL	CRUZ Katelyn	PUR	PTF	2:0
central-american-caribbean-games-2026	Senior Women -49kg	SF	114	RAMIREZ VARGAS Andrea	COL	PETERSON Ceili	GUY	PTF	2:0
central-american-caribbean-games-2026	Senior Women -49kg	SF	213	SOUZA Daniela Paola	MEX	WAY Nicolle	GUA	PTF	2:0
central-american-caribbean-games-2026	Senior Women -49kg	BRZ	120	WAY Nicolle	GUA	CRUZ Katelyn	PUR	PTF	2:0
central-american-caribbean-games-2026	Senior Women -49kg	BRZ	219	PETERSON Ceili	GUY	TALBOTT Riccy	HON	PTF	2:0
central-american-caribbean-games-2026	Senior Women -49kg	F	126	SOUZA Daniela Paola	MEX	RAMIREZ VARGAS Andrea	COL	PTF	2:0
central-american-caribbean-games-2026	Senior Women -53kg	QF	106	NARVAEZ Erika	NCA	BORGES Noris	VEN	PTF	2:1
central-american-caribbean-games-2026	Senior Women -53kg	QF	107	PEREZ ESCALONA Marlyn	CUB	SANCHO Laura	WT	PTF	2:0
central-american-caribbean-games-2026	Senior Women -53kg	QF	205	FERRERIRA QUIRINO Nadia	MEX	ALMENDAREZ Ashley Jireh	HON	PTF	2:0
central-american-caribbean-games-2026	Senior Women -53kg	QF	206	VICTOR Nahomy	DOM	MARTINEZ Ninoshka	PUR	PTF	2:0
central-american-caribbean-games-2026	Senior Women -53kg	SF	116	PEREZ ESCALONA Marlyn	CUB	VICTOR Nahomy	DOM	PTF	2:1
central-american-caribbean-games-2026	Senior Women -53kg	SF	215	FERRERIRA QUIRINO Nadia	MEX	NARVAEZ Erika	NCA	PTF	2:0
central-american-caribbean-games-2026	Senior Women -53kg	BRZ	122	SANCHO Laura	WT	NARVAEZ Erika	NCA	PTF	2:1
central-american-caribbean-games-2026	Senior Women -53kg	BRZ	221	VICTOR Nahomy	DOM	ALMENDAREZ Ashley Jireh	HON	PTF	2:0
central-american-caribbean-games-2026	Senior Women -53kg	F	128	FERRERIRA QUIRINO Nadia	MEX	PEREZ ESCALONA Marlyn	CUB	PTF	2:0
central-american-caribbean-games-2026	Senior Women -57kg	QF	111	DELGADO Andrea	PUR	BROOKS Brenda	PAN	PTF	2:0
central-american-caribbean-games-2026	Senior Women -57kg	QF	210	VILLEGAS MACHORRO Fabiola guadalupe	MEX	BONILLA CRUZ Andrialis ramona	DOM	PTF	2:0
central-american-caribbean-games-2026	Senior Women -57kg	QF	211	ROBLES Tamara	CUB	GALLO MARTINEZ Luna catalina	COL	PTF	2:0
central-american-caribbean-games-2026	Senior Women -57kg	SF	112	LINDO Neshi Lee	WT	VILLEGAS MACHORRO Fabiola guadalupe	MEX	PTF	2:0
central-american-caribbean-games-2026	Senior Women -57kg	SF	212	ROBLES Tamara	CUB	DELGADO Andrea	PUR	PTF	2:0
central-american-caribbean-games-2026	Senior Women -57kg	BRZ	218	VILLEGAS MACHORRO Fabiola guadalupe	MEX	GALLO MARTINEZ Luna catalina	COL	PTF	2:0
central-american-caribbean-games-2026	Senior Women -57kg	F	124	LINDO Neshi Lee	WT	ROBLES Tamara	CUB	PTF	2:1
central-american-caribbean-games-2026	Senior Women -62kg	QF	109	RODRIGUEZ Karla Leonor	MEX	MALAGON Laura Natalia	COL	PTF	2:0
central-american-caribbean-games-2026	Senior Women -62kg	QF	110	MEJIA MATOS Mayerlin yanay	DOM	SULBARAN Alexmar	VEN	PTF	2:1
central-american-caribbean-games-2026	Senior Women -62kg	QF	209	LEE Jessica Lynn	HAI	MONTANO Alisson	ESA	PTF	2:0
central-american-caribbean-games-2026	Senior Women -62kg	SF	114	RODRIGUEZ Karla Leonor	MEX	SOTO Isuangelis	PUR	PTF	2:0
central-american-caribbean-games-2026	Senior Women -62kg	SF	214	LEE Jessica Lynn	HAI	MEJIA MATOS Mayerlin yanay	DOM	PTF	2:1
central-american-caribbean-games-2026	Senior Women -62kg	BRZ	120	MALAGON Laura Natalia	COL	MEJIA MATOS Mayerlin yanay	DOM	PTF	2:0
central-american-caribbean-games-2026	Senior Women -62kg	BRZ	220	SOTO Isuangelis	PUR	MONTANO Alisson	ESA	PTF	2:0
central-american-caribbean-games-2026	Senior Women -62kg	F	126	LEE Jessica Lynn	HAI	RODRIGUEZ Karla Leonor	MEX	PTF	2:0
central-american-caribbean-games-2026	Senior Women -67kg	QF	107	SOLTERO Leslie	MEX	LOPEZ Sheylee Dayane	HON	PTF	2:0
central-american-caribbean-games-2026	Senior Women -67kg	QF	108	LEON Anaisel	CUB	CLEMENTE Hillary	VEN	PTF	2:0
central-american-caribbean-games-2026	Senior Women -67kg	QF	207	ROLDAN Jennifer Gabriela	ESA	HAZOURY Betsabe	DOM	PTF	2:1
central-american-caribbean-games-2026	Senior Women -67kg	QF	208	RAMIREZ Laura	COL	CORNEJO Madisson	GUA	PTF	2:0
central-american-caribbean-games-2026	Senior Women -67kg	SF	116	SOLTERO Leslie	MEX	ROLDAN Jennifer Gabriela	ESA	PTF	2:0
central-american-caribbean-games-2026	Senior Women -67kg	SF	216	LEON Anaisel	CUB	RAMIREZ Laura	COL	PTF	2:0
central-american-caribbean-games-2026	Senior Women -67kg	BRZ	122	RAMIREZ Laura	COL	LOPEZ Sheylee Dayane	HON	PTF	2:1
central-american-caribbean-games-2026	Senior Women -67kg	BRZ	222	CLEMENTE Hillary	VEN	ROLDAN Jennifer Gabriela	ESA	PTF	2:0
central-american-caribbean-games-2026	Senior Women -67kg	F	128	LEON Anaisel	CUB	SOLTERO Leslie	MEX	PTF	2:1
central-american-caribbean-games-2026	Senior Women -73kg	QF	105	ACOSTA Arlettys De La Caridad	CUB	ZAMBRANA Franaydum	NCA	PTF	2:0
central-american-caribbean-games-2026	Senior Women -73kg	QF	106	RODRIGUEZ Madelyn Andrea	DOM	FERNANDEZ Carolina	VEN	PTF	2:1
central-american-caribbean-games-2026	Senior Women -73kg	QF	204	LEE Ava Soon	HAI	CARTAGENA Mayra Mayesli	HON	PTF	2:0
central-american-caribbean-games-2026	Senior Women -73kg	QF	205	PAZ OBANDO Kiara nikol	COL	LOVAGLIO Isabella	MEX	PTF	2:0
central-american-caribbean-games-2026	Senior Women -73kg	SF	109	PAZ OBANDO Kiara nikol	COL	RODRIGUEZ Madelyn Andrea	DOM	PTF	2:1
central-american-caribbean-games-2026	Senior Women -73kg	SF	208	ACOSTA Arlettys De La Caridad	CUB	LEE Ava Soon	HAI	PTF	2:0
central-american-caribbean-games-2026	Senior Women -73kg	BRZ	113	LEE Ava Soon	HAI	LOVAGLIO Isabella	MEX	PTF	2:0
central-american-caribbean-games-2026	Senior Women -73kg	BRZ	212	RODRIGUEZ Madelyn Andrea	DOM	ZAMBRANA Franaydum	NCA	PTF	2:1
central-american-caribbean-games-2026	Senior Women -73kg	F	117	ACOSTA Arlettys De La Caridad	CUB	PAZ OBANDO Kiara nikol	COL	PTF	2:1
central-american-caribbean-games-2026	Senior Women +73kg	QF	107	GONZALEZ Maria	VEN	RODRIGUEZ Katherine	DOM	PTF	2:1
central-american-caribbean-games-2026	Senior Women +73kg	QF	108	FRADL Maelynn Emilée	ARU	CARIAS Andrea Gabriela	HON	PTF	2:0
central-american-caribbean-games-2026	Senior Women +73kg	QF	206	GLORIA Mosquera	COL	GONZALEZ Sarai	MEX	PTF	2:0
central-american-caribbean-games-2026	Senior Women +73kg	QF	207	CRESPO Elianet Maria	CUB	ROMAN Naishka	PUR	PTF	2:0
central-american-caribbean-games-2026	Senior Women +73kg	SF	111	CRESPO Elianet Maria	CUB	FRADL Maelynn Emilée	ARU	PTF	2:0
central-american-caribbean-games-2026	Senior Women +73kg	SF	210	GLORIA Mosquera	COL	GONZALEZ Maria	VEN	PTF	2:0
central-american-caribbean-games-2026	Senior Women +73kg	BRZ	115	ROMAN Naishka	PUR	GONZALEZ Maria	VEN	PTF	2:1
central-american-caribbean-games-2026	Senior Women +73kg	BRZ	214	GONZALEZ Sarai	MEX	FRADL Maelynn Emilée	ARU	PTF	2:0
central-american-caribbean-games-2026	Senior Women +73kg	F	119	GLORIA Mosquera	COL	CRESPO Elianet Maria	CUB	PTF	2:0
mediterranean-games-2026	Senior Men -58kg	R16	104	DJONKO Ibrahim	BIH	ZARIFEH Marc	LBN	PTF	2:0
mediterranean-games-2026	Senior Men -58kg	R16	105	CIRIVELLO Gaetano	ITA	MOLJ Domen	SLO	PTF	2:0
mediterranean-games-2026	Senior Men -58kg	R16	106	TESKERA Josip	CRO	ADEMI Bleron Blerim	KOS	PTF	2:0
mediterranean-games-2026	Senior Men -58kg	R16	203	BOUKARNIA Amine	FRA	ZOGHLAMI Mohamed amine	TUN	PTF	2:1
mediterranean-games-2026	Senior Men -58kg	R16	204	HARBI Nadir	ALG	ALAIN GARCIA Noah Christian	POR	PTF	2:1
mediterranean-games-2026	Senior Men -58kg	R16	205	FRAILE RODRIGUEZ Jesus	ESP	KAFATARIDIS Ioannis	GRE	PTF	2:1
mediterranean-games-2026	Senior Men -58kg	QF	116	HARBI Nadir	ALG	DJONKO Ibrahim	BIH	PTF	2:0
mediterranean-games-2026	Senior Men -58kg	QF	117	TESKERA Josip	CRO	VASILIC Todor	SRB	PTF	2:1
mediterranean-games-2026	Senior Men -58kg	QF	215	KAPLAN Enes	TUR	BOUKARNIA Amine	FRA	PTF	2:0
mediterranean-games-2026	Senior Men -58kg	QF	216	FRAILE RODRIGUEZ Jesus	ESP	CIRIVELLO Gaetano	ITA	PTF	2:0
mediterranean-games-2026	Senior Men -58kg	SF	123	TESKERA Josip	CRO	FRAILE RODRIGUEZ Jesus	ESP	PTF	2:1
mediterranean-games-2026	Senior Men -58kg	SF	222	KAPLAN Enes	TUR	HARBI Nadir	ALG	PTF	2:0
mediterranean-games-2026	Senior Men -58kg	F	226	KAPLAN Enes	TUR	TESKERA Josip	CRO	PTF	2:0
mediterranean-games-2026	Senior Men -68kg	R32	101	MERDANAJ Ernest	ALB	ZARIFEH Peter	LBN	PTF	2:0
mediterranean-games-2026	Senior Men -68kg	R32	201	DAHIRI Mohamed amine	MAR	KHIMECHE Rida Yassine	ALG	PTF	2:0
mediterranean-games-2026	Senior Men -68kg	R16	110	GOLUBIC Marko	CRO	HUSIC Benjamin	BIH	PTF	2:1
mediterranean-games-2026	Senior Men -68kg	R16	111	PANAGOPOULOS Apostolos	GRE	DUSHKU Enes	MNE	PTF	2:0
mediterranean-games-2026	Senior Men -68kg	R16	112	JORQUERA CALA Joan	ESP	CHARALAMBOUS Iasonas	CYP	PTF	2:0
mediterranean-games-2026	Senior Men -68kg	R16	113	ALAPHILIPPE Souleyman	FRA	DAHIRI Mohamed amine	MAR	PTF	2:0
mediterranean-games-2026	Senior Men -68kg	R16	209	ERER Berkay	TUR	MERDANAJ Ernest	ALB	PTF	2:0
mediterranean-games-2026	Senior Men -68kg	R16	210	JENDOUBI Mohamed khalil	TUN	MOLJ Ozbolt	SLO	PTF	2:0
mediterranean-games-2026	Senior Men -68kg	R16	211	KRAJISNIK Zarko	SRB	AGUSHI Elion	KOS	PTF	2:0
mediterranean-games-2026	Senior Men -68kg	R16	212	BARETTA Dennis	ITA	SIMONOVSKI Hristijan	MKD	PTF	2:0
mediterranean-games-2026	Senior Men -68kg	QF	120	JENDOUBI Mohamed khalil	TUN	PANAGOPOULOS Apostolos	GRE	PTF	2:1
mediterranean-games-2026	Senior Men -68kg	QF	121	ALAPHILIPPE Souleyman	FRA	BARETTA Dennis	ITA	PTF	2:0
mediterranean-games-2026	Senior Men -68kg	QF	219	GOLUBIC Marko	CRO	ERER Berkay	TUR	PTF	2:1
mediterranean-games-2026	Senior Men -68kg	QF	220	KRAJISNIK Zarko	SRB	JORQUERA CALA Joan	ESP	PTF	2:1
mediterranean-games-2026	Senior Men -68kg	SF	125	ALAPHILIPPE Souleyman	FRA	KRAJISNIK Zarko	SRB	PTF	2:0
mediterranean-games-2026	Senior Men -68kg	SF	224	JENDOUBI Mohamed khalil	TUN	GOLUBIC Marko	CRO	PTF	2:0
mediterranean-games-2026	Senior Men -68kg	F	228	ALAPHILIPPE Souleyman	FRA	JENDOUBI Mohamed khalil	TUN	WDR	1:0
mediterranean-games-2026	Senior Men -80kg	R16	103	MANGIONE Angelo	ITA	NIKOLAOU Nikolas	CYP	PTF	2:1
mediterranean-games-2026	Senior Men -80kg	R16	104	FERNANDEZ GARCIA Mikel	ESP	GASHI Jon	KOS	PTF	2:0
mediterranean-games-2026	Senior Men -80kg	R16	105	HUSIC Nedzad	BIH	BLAZEVSKI Filip	MKD	PTF	2:0
mediterranean-games-2026	Senior Men -80kg	R16	203	KATOUSI Firas	TUN	FARAJ Yusuf	LBN	WDR	2:0
mediterranean-games-2026	Senior Men -80kg	R16	204	HRGOTA Leon	CRO	BARRY Ayman	FRA	PTF	2:0
mediterranean-games-2026	Senior Men -80kg	R16	205	PAPADOPOULOS Ioannis	GRE	KILIC Yigithan	TUR	PTF	2:0
mediterranean-games-2026	Senior Men -80kg	QF	112	TAKOV Stefan	SRB	MANGIONE Angelo	ITA	PTF	2:0
mediterranean-games-2026	Senior Men -80kg	QF	113	HRGOTA Leon	CRO	HUSIC Nedzad	BIH	PTF	2:0
mediterranean-games-2026	Senior Men -80kg	QF	212	KATOUSI Firas	TUN	FERNANDEZ GARCIA Mikel	ESP	PTF	2:0
mediterranean-games-2026	Senior Men -80kg	QF	213	ZARHOUTI Haitam	MAR	PAPADOPOULOS Ioannis	GRE	PTF	2:0
mediterranean-games-2026	Senior Men -80kg	SF	119	KATOUSI Firas	TUN	TAKOV Stefan	SRB	PTF	2:1
mediterranean-games-2026	Senior Men -80kg	SF	219	ZARHOUTI Haitam	MAR	HRGOTA Leon	CRO	PTF	2:1
mediterranean-games-2026	Senior Men -80kg	F	223	KATOUSI Firas	TUN	ZARHOUTI Haitam	MAR	PTF	2:1
mediterranean-games-2026	Senior Men +80kg	R16	108	GOLUBOVIC Milos	SRB	FARAJ Yamen	LBN	RSC	2:1
mediterranean-games-2026	Senior Men +80kg	R16	109	GARCIA MARTINEZ Ivan	ESP	MEHNANA Nahil	FRA	PTF	2:0
mediterranean-games-2026	Senior Men +80kg	R16	207	GEORGIEVSKI Dejan	MKD	IFAOUI Motaz	TUN	PTF	2:1
mediterranean-games-2026	Senior Men +80kg	R16	208	SAPINA Ivan	CRO	TUFA Bled	KOS	PTF	2:0
mediterranean-games-2026	Senior Men +80kg	R16	209	ELASBI Soufiane	MAR	MOLIN Mattia	ITA	PTF	2:0
mediterranean-games-2026	Senior Men +80kg	QF	116	DEMIRCIOGLU Huseyin berat	TUR	GEORGIEVSKI Dejan	MKD	PTF	2:1
mediterranean-games-2026	Senior Men +80kg	QF	117	GARCIA MARTINEZ Ivan	ESP	THOLIOTIS Vasileios	GRE	PTF	2:0
mediterranean-games-2026	Senior Men +80kg	QF	216	SAPINA Ivan	CRO	GOLUBOVIC Milos	SRB	PTF	2:0
mediterranean-games-2026	Senior Men +80kg	QF	217	ELASBI Soufiane	MAR	DIVKOVIC Patrik	SLO	PTF	2:0
mediterranean-games-2026	Senior Men +80kg	SF	121	SAPINA Ivan	CRO	DEMIRCIOGLU Huseyin berat	TUR	PTF	2:0
mediterranean-games-2026	Senior Men +80kg	SF	221	ELASBI Soufiane	MAR	GARCIA MARTINEZ Ivan	ESP	PTF	2:0
mediterranean-games-2026	Senior Men +80kg	F	225	ELASBI Soufiane	MAR	SAPINA Ivan	CRO	PTF	2:0
mediterranean-games-2026	Senior Women -49kg	R16	102	KRIM Sayine	FRA	MALOBERTI Lucrezia	ITA	PTF	2:0
mediterranean-games-2026	Senior Women -49kg	R16	103	LIÑAN PARDO Naiara	AND	SALIBA Sara	LBN	PTF	2:0
mediterranean-games-2026	Senior Women -49kg	R16	202	TOUZANI Farah	MAR	BEN AOUN Ouhoud	TUN	PTF	2:0
mediterranean-games-2026	Senior Women -49kg	QF	114	AKGUL Elif sude	TUR	PINTO BARROSO Kiara Aldina	POR	PTF	2:0
mediterranean-games-2026	Senior Women -49kg	QF	115	LIÑAN PARDO Naiara	AND	MAKAS Dzejla	BIH	PTF	2:1
mediterranean-games-2026	Senior Women -49kg	QF	213	KRIM Sayine	FRA	NINIC Tina	SRB	PTF	2:0
mediterranean-games-2026	Senior Women -49kg	QF	214	HINIC Sofija	CRO	TOUZANI Farah	MAR	PTF	2:1
mediterranean-games-2026	Senior Women -49kg	SF	122	HINIC Sofija	CRO	LIÑAN PARDO Naiara	AND	PTF	2:0
mediterranean-games-2026	Senior Women -49kg	SF	221	AKGUL Elif sude	TUR	KRIM Sayine	FRA	PTF	2:1
mediterranean-games-2026	Senior Women -49kg	F	225	AKGUL Elif sude	TUR	HINIC Sofija	CRO	PTF	2:0
mediterranean-games-2026	Senior Women -57kg	R16	107	RELJIKJ Miljana	MKD	CUORVO Anna	ITA	PTF	2:0
mediterranean-games-2026	Senior Women -57kg	R16	108	ILGUN Hatice kubra	TUR	BOUKHALFA Asma	ALG	PTF	2:0
mediterranean-games-2026	Senior Women -57kg	R16	109	SESAR VILA Carla	ESP	BOUBACIR Madeenah	FRA	PTF	2:0
mediterranean-games-2026	Senior Women -57kg	R16	206	ALMEIDA ADREGO Ana Filipa	POR	AOUN Laetitia	LBN	PTF	2:0
mediterranean-games-2026	Senior Women -57kg	R16	207	TOUMI Chaima	TUN	TEGGERI Markella	CYP	PTF	2:0
mediterranean-games-2026	Senior Women -57kg	R16	208	LUKIC Jana	SRB	GASHI Rona	KOS	PTF	2:0
mediterranean-games-2026	Senior Women -57kg	QF	118	TOUMI Chaima	TUN	RELJIKJ Miljana	MKD	PTF	2:0
mediterranean-games-2026	Senior Women -57kg	QF	119	AVDAGIC Ada	BIH	SESAR VILA Carla	ESP	PTF	2:1
mediterranean-games-2026	Senior Women -57kg	QF	217	DEHHAOUI Amina	MAR	ALMEIDA ADREGO Ana Filipa	POR	PTF	2:0
mediterranean-games-2026	Senior Women -57kg	QF	218	ILGUN Hatice kubra	TUR	LUKIC Jana	SRB	PTF	2:1
mediterranean-games-2026	Senior Women -57kg	SF	124	ILGUN Hatice kubra	TUR	AVDAGIC Ada	BIH	PTF	2:1
mediterranean-games-2026	Senior Women -57kg	SF	223	DEHHAOUI Amina	MAR	TOUMI Chaima	TUN	PTF	2:0
mediterranean-games-2026	Senior Women -57kg	F	227	ILGUN Hatice kubra	TUR	DEHHAOUI Amina	MAR	RSC	1:1
mediterranean-games-2026	Senior Women -67kg	R16	101	ZECIROVIC Nina	SRB	GRUBER Anna Gertrud	ITA	PTF	2:0
mediterranean-games-2026	Senior Women -67kg	R16	102	GARCIA SUAREZ Helena	ESP	GASHI Resa	KOS	PTF	2:0
mediterranean-games-2026	Senior Women -67kg	R16	201	ARELIC Ivana	CRO	CASSAR Alycia	MLT	PTF	2:0
mediterranean-games-2026	Senior Women -67kg	R16	202	LAARAJ Nada	MAR	YOUKOUBOVA Karina	FRA	PTF	2:0
mediterranean-games-2026	Senior Women -67kg	QF	110	MARENTAKI Styliani	GRE	ZECIROVIC Nina	SRB	PTF	2:1
mediterranean-games-2026	Senior Women -67kg	QF	111	ZAFER Isil	TUR	GARCIA SUAREZ Helena	ESP	PTF	2:1
mediterranean-games-2026	Senior Women -67kg	QF	210	WAFA Masghouni	TUN	ARELIC Ivana	CRO	PTF	2:0
mediterranean-games-2026	Senior Women -67kg	QF	211	LAARAJ Nada	MAR	BERISAJ Andrea	MNE	PTF	2:0
mediterranean-games-2026	Senior Women -67kg	SF	118	WAFA Masghouni	TUN	MARENTAKI Styliani	GRE	PTF	2:1
mediterranean-games-2026	Senior Women -67kg	SF	218	ZAFER Isil	TUR	LAARAJ Nada	MAR	PTF	2:0
mediterranean-games-2026	Senior Women -67kg	F	222	ZAFER Isil	TUR	WAFA Masghouni	TUN	PTF	2:0
mediterranean-games-2026	Senior Women +67kg	R16	106	RUDOLF Nika	SLO	CHEURF Zahra	ALG	PTF	2:1
mediterranean-games-2026	Senior Women +67kg	R16	107	MEDOUNI Zina	TUN	CIUCHITU Ana	ITA	PTF	2:0
mediterranean-games-2026	Senior Women +67kg	R16	206	SEVIC Andjela	SRB	BOUSTANY Carla	LBN	PTF	2:0
mediterranean-games-2026	Senior Women +67kg	QF	114	UZUNCAVDAR Sude yaren	TUR	RUDOLF Nika	SLO	PTF	2:0
mediterranean-games-2026	Senior Women +67kg	QF	115	SEVIC Andjela	SRB	HAMADACHE Emna	FRA	PTF	2:1
mediterranean-games-2026	Senior Women +67kg	QF	214	VALLO ZURDO Ane	ESP	BERISAJ Andela	MNE	PTF	2:0
mediterranean-games-2026	Senior Women +67kg	QF	215	KITSIOU Agoritsa artemia	GRE	MEDOUNI Zina	TUN	PTF	2:1
mediterranean-games-2026	Senior Women +67kg	SF	120	UZUNCAVDAR Sude yaren	TUR	VALLO ZURDO Ane	ESP	PTF	2:1
mediterranean-games-2026	Senior Women +67kg	SF	220	SEVIC Andjela	SRB	KITSIOU Agoritsa artemia	GRE	PTF	2:0
mediterranean-games-2026	Senior Women +67kg	F	224	UZUNCAVDAR Sude yaren	TUR	SEVIC Andjela	SRB	PTF	2:0
china-open-2026	Senior Men -54kg	R16	111	CHANG Cheng-chun	TPE	MUCYO Ivan iradukunda	RWA	PTF	2:0
china-open-2026	Senior Men -54kg	R16	112	YANG Shuo	CHN	DENG Jiahao	CHN	PTF	2:1
china-open-2026	Senior Men -54kg	R16	211	LIU Lei	CHN	WU Xinhua	CHN	PTF	2:1
china-open-2026	Senior Men -54kg	R16	311	MA SU	CHN	SIU Tsun adrian	HKG	PTF	2:0
china-open-2026	Senior Men -54kg	QF	143	ALKHALDI Musaad ali j	KSA	MA SU	CHN	PTF	2:0
china-open-2026	Senior Men -54kg	QF	242	CHANG Cheng-chun	TPE	HIDAYAT TUMAKAKA Aziz	INA	PTF	2:0
china-open-2026	Senior Men -54kg	QF	243	YANG Shuo	CHN	CHAN Iek hei	MAC	PTF	2:1
china-open-2026	Senior Men -54kg	QF	342	LIU Lei	CHN	MA PU	CHN	PTF	2:0
china-open-2026	Senior Men -54kg	SF	162	ALKHALDI Musaad ali j	KSA	YANG Shuo	CHN	PTF	2:0
china-open-2026	Senior Men -54kg	SF	361	LIU Lei	CHN	CHANG Cheng-chun	TPE	PTF	2:1
china-open-2026	Senior Men -54kg	F	271	LIU Lei	CHN	ALKHALDI Musaad ali j	KSA	PTF	2:1
china-open-2026	Senior Men -58kg	R32	102	MA Ziheng	CHN	WANG Nuoyan	CHN	PTF	2:1
china-open-2026	Senior Men -58kg	R32	201	LI Mingze	CHN	SONG Junhao	CHN	PTF	2:0
china-open-2026	Senior Men -58kg	R32	202	DU Ziheng	CHN	YU Junsong	CHN	PTF	2:1
china-open-2026	Senior Men -58kg	R32	301	LI XU	CHN	LO Kwong ming	HKG	PTF	2:0
china-open-2026	Senior Men -58kg	R32	302	ZHANG Shiyu	CHN	WEN Yeduan	CHN	PTF	2:1
china-open-2026	Senior Men -58kg	R16	115	CHEN Jiacheng	CHN	LI Mingze	CHN	PTF	2:0
china-open-2026	Senior Men -58kg	R16	116	MA Ziheng	CHN	TREMBATH George	AUS	PTF	2:0
china-open-2026	Senior Men -58kg	R16	117	ZHANG Shengchen	CHN	ZHAO Yuhan	CHN	PTF	2:0
china-open-2026	Senior Men -58kg	R16	215	SUN Tianqi	CHN	ZHANG Chi	CHN	PTF	2:0
china-open-2026	Senior Men -58kg	R16	216	DU Ziheng	CHN	HEALY Seth	AUS	PTF	2:0
china-open-2026	Senior Men -58kg	R16	217	HAMDI Riad nasser a	KSA	ZHANG Shiyu	CHN	PTF	2:0
china-open-2026	Senior Men -58kg	R16	315	CHENG Kai	CHN	LI XU	CHN	PTF	2:0
china-open-2026	Senior Men -58kg	R16	316	HOU Chaohan	CHN	INDRAYANA Ariqfallah rasyid	INA	PTF	2:0
china-open-2026	Senior Men -58kg	QF	145	CHEN Jiacheng	CHN	SUN Tianqi	CHN	PTF	2:0
china-open-2026	Senior Men -58kg	QF	146	ZHANG Shengchen	CHN	HAMDI Riad nasser a	KSA	PTF	2:0
china-open-2026	Senior Men -58kg	QF	245	MA Ziheng	CHN	CHENG Kai	CHN	PTF	2:0
china-open-2026	Senior Men -58kg	QF	345	HOU Chaohan	CHN	DU Ziheng	CHN	PTF	2:0
china-open-2026	Senior Men -58kg	SF	163	MA Ziheng	CHN	CHEN Jiacheng	CHN	PTF	2:0
china-open-2026	Senior Men -58kg	SF	263	ZHANG Shengchen	CHN	HOU Chaohan	CHN	PTF	2:0
china-open-2026	Senior Men -58kg	F	172	MA Ziheng	CHN	ZHANG Shengchen	CHN	PTF	2:0
china-open-2026	Senior Men -63kg	R32	103	LIU Ziyao	CHN	WANG Hao tian (buddy)	AUS	PTF	2:0
china-open-2026	Senior Men -63kg	R32	104	HUANG Jincheng	CHN	WONG Shao en	SGP	PTF	2:0
china-open-2026	Senior Men -63kg	R32	105	YE Chung yui	HKG	LAM Mun chok	MAC	PTF	2:0
china-open-2026	Senior Men -63kg	R32	203	GUO Yilong	CHN	LI Qihao	CHN	PTF	2:0
china-open-2026	Senior Men -63kg	R32	204	XU Wenbo	CHN	AL KAYSAN Rye	INA	PTF	2:0
china-open-2026	Senior Men -63kg	R32	205	JIANG Liuxin	CHN	GUO Ziang	CHN	PTF	2:1
china-open-2026	Senior Men -63kg	R32	303	MA Zhongtao	CHN	LIANG Xiaoxuan	CHN	PTF	2:0
china-open-2026	Senior Men -63kg	R32	304	QIAN Jiacai	CHN	SUN Jiahang	CHN	PTF	2:1
china-open-2026	Senior Men -63kg	R16	121	GURTSIEV Georgii	BLR	MA Zhongtao	CHN	PTF	2:0
china-open-2026	Senior Men -63kg	R16	122	QIAN Jiacai	CHN	WANG Boyang	CHN	PTF	2:0
china-open-2026	Senior Men -63kg	R16	220	LIU Ziyao	CHN	ZHAFIF PUTRAWITAMA Kavka	INA	PTF	2:1
china-open-2026	Senior Men -63kg	R16	221	HUANG Jincheng	CHN	YEE Liming	SGP	PTF	2:0
china-open-2026	Senior Men -63kg	R16	222	HOGG Ryan	AUS	YE Chung yui	HKG	PTF	2:0
china-open-2026	Senior Men -63kg	R16	320	TIAN Changhao	CHN	GUO Yilong	CHN	PTF	2:0
china-open-2026	Senior Men -63kg	R16	321	XU Wenbo	CHN	TIAN Yongpei	CHN	PTF	2:1
china-open-2026	Senior Men -63kg	R16	322	HUANG Kefen	CHN	JIANG Liuxin	CHN	PTF	2:0
china-open-2026	Senior Men -63kg	QF	148	GURTSIEV Georgii	BLR	HUANG Jincheng	CHN	PTF	2:0
china-open-2026	Senior Men -63kg	QF	248	XU Wenbo	CHN	QIAN Jiacai	CHN	PTF	2:0
china-open-2026	Senior Men -63kg	QF	347	LIU Ziyao	CHN	TIAN Changhao	CHN	WDR	
china-open-2026	Senior Men -63kg	QF	348	HUANG Kefen	CHN	HOGG Ryan	AUS	PTF	2:0
china-open-2026	Senior Men -63kg	SF	264	GURTSIEV Georgii	BLR	LIU Ziyao	CHN	PTF	2:0
china-open-2026	Senior Men -63kg	SF	364	HUANG Kefen	CHN	XU Wenbo	CHN	PTF	2:0
china-open-2026	Senior Men -63kg	F	372	HUANG Kefen	CHN	GURTSIEV Georgii	BLR	WDR	
china-open-2026	Senior Men -68kg	R32	106	KE Siang Han	TPE	LING Hei chun	HKG	PTF	2:0
china-open-2026	Senior Men -68kg	R32	107	GU Jiayu	CHN	CHE Pinyi	CHN	PTF	2:0
china-open-2026	Senior Men -68kg	R32	206	LI Zhaoyou	CHN	CAO Zizhen	CHN	PTF	2:1
china-open-2026	Senior Men -68kg	R32	207	LI Lifu	CHN	ZHANG Wenjie	CHN	PTF	2:0
china-open-2026	Senior Men -68kg	R32	305	QI Xuanzhi	CHN	AI Ruxian	CHN	PTF	2:1
china-open-2026	Senior Men -68kg	R32	306	QIN Xingyu	CHN	PENG Xin	CHN	PTF	2:0
china-open-2026	Senior Men -68kg	R16	124	LIANG Yushuai	CHN	QI Xuanzhi	CHN	PTF	2:0
china-open-2026	Senior Men -68kg	R16	125	LI Zhaoyou	CHN	TAN Nigel	SGP	PTF	2:0
china-open-2026	Senior Men -68kg	R16	126	FANG Zexin	CHN	ZHAO Haolan	CHN	PTF	2:0
china-open-2026	Senior Men -68kg	R16	224	ZHANG Tongjie	CHN	ALKHAWAHR Mustafa abdulmanam a	KSA	PTF	2:0
china-open-2026	Senior Men -68kg	R16	225	QIN Xingyu	CHN	HUANG Wei han	TPE	PTF	2:0
china-open-2026	Senior Men -68kg	R16	226	LI Lifu	CHN	BONNA Baptiste	FRA	PTF	2:1
china-open-2026	Senior Men -68kg	R16	324	KE Siang Han	TPE	TANG Jielong	CHN	PTF	2:0
china-open-2026	Senior Men -68kg	R16	325	GU Jiayu	CHN	PAN Mingxu	CHN	PTF	2:0
china-open-2026	Senior Men -68kg	QF	151	GU Jiayu	CHN	QIN Xingyu	CHN	PTF	2:0
china-open-2026	Senior Men -68kg	QF	250	LIANG Yushuai	CHN	ZHANG Tongjie	CHN	PTF	2:1
china-open-2026	Senior Men -68kg	QF	251	LI Lifu	CHN	FANG Zexin	CHN	PTF	2:1
china-open-2026	Senior Men -68kg	QF	350	LI Zhaoyou	CHN	KE Siang Han	TPE	PTF	2:0
china-open-2026	Senior Men -68kg	SF	166	GU Jiayu	CHN	LI Lifu	CHN	PTF	2:0
china-open-2026	Senior Men -68kg	SF	365	LIANG Yushuai	CHN	LI Zhaoyou	CHN	PTF	2:0
china-open-2026	Senior Men -68kg	F	273	LIANG Yushuai	CHN	GU Jiayu	CHN	PTF	2:0
china-open-2026	Senior Men -74kg	R16	130	MU Junfeng	CHN	SHAO Jiale	CHN	PTF	2:0
china-open-2026	Senior Men -74kg	R16	131	CHEN Cheng	CHN	LI Jiale	CHN	PTF	2:0
china-open-2026	Senior Men -74kg	R16	230	LI Yang	CHN	DEMENTEV Matvei	RUS	PTF	2:0
china-open-2026	Senior Men -74kg	R16	231	YAN Lei	CHN	LIU Xiaopeng	CHN	PTF	2:0
china-open-2026	Senior Men -74kg	R16	329	CAI Zhaoxun	CHN	ZHANG Mengqi	CHN	PTF	2:0
china-open-2026	Senior Men -74kg	R16	330	CHEN Yufan	CHN	ZHANG Chenming	CHN	PTF	2:0
china-open-2026	Senior Men -74kg	R16	331	NIU Guansen	CHN	XIAO Chenming	CHN	PTF	2:0
china-open-2026	Senior Men -74kg	QF	155	CHEN Yufan	CHN	CHEN Cheng	CHN	PTF	2:0
china-open-2026	Senior Men -74kg	QF	254	CAI Zhaoxun	CHN	TSAI Sheng-liang	TPE	PTF	2:1
china-open-2026	Senior Men -74kg	QF	255	NIU Guansen	CHN	YAN Lei	CHN	PTF	2:1
china-open-2026	Senior Men -74kg	QF	354	MU Junfeng	CHN	LI Yang	CHN	PTF	2:0
china-open-2026	Senior Men -74kg	SF	168	NIU Guansen	CHN	CHEN Yufan	CHN	PTF	2:1
china-open-2026	Senior Men -74kg	SF	367	CAI Zhaoxun	CHN	MU Junfeng	CHN	PTF	2:1
china-open-2026	Senior Men -74kg	F	274	NIU Guansen	CHN	CAI Zhaoxun	CHN	PTF	2:1
china-open-2026	Senior Men -80kg	R32	108	WU Shao-fu	TPE	ZHANG Yanhao	CHN	PTF	2:0
china-open-2026	Senior Men -80kg	R32	208	LI Haolin	CHN	LIU Junliang	CHN	PTF	2:0
china-open-2026	Senior Men -80kg	R32	307	DIAO Lixingjun	CHN	WEN Xingzu	CHN	PTF	2:0
china-open-2026	Senior Men -80kg	R16	132	TURAVINAU Raman	BLR	DIAO Lixingjun	CHN	PTF	2:1
china-open-2026	Senior Men -80kg	R16	133	LI Zheshun	CHN	RAHIMINIYA Sedigh	IRI	PTF	2:0
china-open-2026	Senior Men -80kg	R16	134	ZHAO Wenqi	CHN	CHEN Leide	CHN	PTF	2:0
china-open-2026	Senior Men -80kg	R16	232	SUSILO Arya danu	INA	DUAN Junnan	CHN	PTF	2:1
china-open-2026	Senior Men -80kg	R16	233	HAMEDI Tareg ali m	KSA	WU Shao-fu	TPE	PTF	2:1
china-open-2026	Senior Men -80kg	R16	234	XIANG Qizhang	CHN	LI Haolin	CHN	PTF	2:0
china-open-2026	Senior Men -80kg	R16	332	GU Hongrui	CHN	YAN Bing	CHN	PTF	2:0
china-open-2026	Senior Men -80kg	R16	333	LI Xiang	CHN	LIU Suhong	CHN	PTF	2:0
china-open-2026	Senior Men -80kg	QF	156	GU Hongrui	CHN	LI Zheshun	CHN	PTF	2:0
china-open-2026	Senior Men -80kg	QF	256	HAMEDI Tareg ali m	KSA	LI Xiang	CHN	PTF	2:1
china-open-2026	Senior Men -80kg	QF	355	TURAVINAU Raman	BLR	SUSILO Arya danu	INA	PTF	2:0
china-open-2026	Senior Men -80kg	QF	356	XIANG Qizhang	CHN	ZHAO Wenqi	CHN	PTF	2:1
china-open-2026	Senior Men -80kg	SF	268	TURAVINAU Raman	BLR	GU Hongrui	CHN	PTF	2:0
china-open-2026	Senior Men -80kg	SF	368	XIANG Qizhang	CHN	HAMEDI Tareg ali m	KSA	PTF	2:0
china-open-2026	Senior Men -80kg	F	374	XIANG Qizhang	CHN	TURAVINAU Raman	BLR	WDR	
china-open-2026	Senior Men -87kg	R16	135	CHEN Jianqi	CHN	CHUANG Po-wu	TPE	PTF	2:0
china-open-2026	Senior Men -87kg	R16	235	LI Yangchun	CHN	SENCHILO Dmitrii	RUS	PTF	2:0
china-open-2026	Senior Men -87kg	R16	334	WANG Mingming	CHN	JIAO Yapeng	CHN	PTF	2:1
china-open-2026	Senior Men -87kg	R16	335	LI Zhaokai	CHN	BAO Zhongzheng	CHN	PTF	2:0
china-open-2026	Senior Men -87kg	QF	157	WANG Mingming	CHN	WANG Weihao	CHN	PTF	2:0
china-open-2026	Senior Men -87kg	QF	158	LI Zhaokai	CHN	JI Jingxue	CHN	PTF	2:1
china-open-2026	Senior Men -87kg	QF	257	SUN Zhongquan	CHN	CHEN Jianqi	CHN	PTF	2:0
china-open-2026	Senior Men -87kg	QF	357	WANG Guoqing	CHN	LI Yangchun	CHN	PTF	2:0
china-open-2026	Senior Men -87kg	SF	169	SUN Zhongquan	CHN	WANG Mingming	CHN	PTF	2:0
china-open-2026	Senior Men -87kg	SF	269	WANG Guoqing	CHN	LI Zhaokai	CHN	PTF	2:0
china-open-2026	Senior Men -87kg	F	175	WANG Guoqing	CHN	SUN Zhongquan	CHN	PTF	2:0
china-open-2026	Senior Men +87kg	R16	136	DRABO Abdul jalil	BUR	PALADIO Michael storm	USA	WDR	
china-open-2026	Senior Men +87kg	R16	137	ZHAO Jiongpu	CHN	PANG Shibo	CHN	PTF	2:0
china-open-2026	Senior Men +87kg	R16	138	TANG Hao	CHN	ZHENG Dingyi	CHN	PTF	2:0
china-open-2026	Senior Men +87kg	R16	236	ZHANG Kai	CHN	MENG Mingkuan	CHN	PTF	2:0
china-open-2026	Senior Men +87kg	R16	237	CUI Fuyuan	CHN	MENG Fanqiu	CHN	PTF	2:1
china-open-2026	Senior Men +87kg	R16	336	LU Nianpeng	CHN	WANG Xiang	CHN	PTF	2:0
china-open-2026	Senior Men +87kg	R16	337	ZU Jianwei	CHN	ALSAUD Hussain ali a	KSA	PTF	2:0
china-open-2026	Senior Men +87kg	QF	159	ZHAO Jiongpu	CHN	CUI Fuyuan	CHN	PTF	2:1
china-open-2026	Senior Men +87kg	QF	258	PLONIS Artsiom	BLR	DRABO Abdul jalil	BUR	PTF	2:0
china-open-2026	Senior Men +87kg	QF	259	TANG Hao	CHN	ZU Jianwei	CHN	PTF	2:1
china-open-2026	Senior Men +87kg	QF	358	ZHANG Kai	CHN	LU Nianpeng	CHN	PTF	2:0
china-open-2026	Senior Men +87kg	SF	170	TANG Hao	CHN	ZHAO Jiongpu	CHN	PTF	2:0
china-open-2026	Senior Men +87kg	SF	369	ZHANG Kai	CHN	PLONIS Artsiom	BLR	PTF	2:0
china-open-2026	Senior Men +87kg	F	275	TANG Hao	CHN	ZHANG Kai	CHN	PTF	2:0
china-open-2026	Senior Women -46kg	QF	139	WANG Shiyi	CHN	ALKHAWAHR Rahmah abdulmanam a	KSA	PTF	2:0
china-open-2026	Senior Women -46kg	QF	238	MA Sum yi	HKG	ZENG Simeng	CHN	PTF	2:0
china-open-2026	Senior Women -46kg	QF	239	LAU Tsz wan	HKG	ALEXANDRA Rayinda Syah	INA	PTF	2:0
china-open-2026	Senior Women -46kg	QF	338	CUI Yuwei	CHN	LI Siyong	CHN	PTF	2:0
china-open-2026	Senior Women -46kg	SF	160	WANG Shiyi	CHN	LAU Tsz wan	HKG	PTF	2:0
china-open-2026	Senior Women -46kg	SF	359	CUI Yuwei	CHN	MA Sum yi	HKG	PTF	2:0
china-open-2026	Senior Women -46kg	F	270	WANG Shiyi	CHN	CUI Yuwei	CHN	PTF	2:0
china-open-2026	Senior Women -49kg	R16	308	HU Yuran	CHN	LUO Zongyi	CHN	PTF	2:1
china-open-2026	Senior Women -49kg	QF	140	YE Xiaoting	CHN	FENG Yihan	CHN	PTF	2:1
china-open-2026	Senior Women -49kg	QF	240	BIAN YU	CHN	TSE Sum yi	HKG	PTF	2:0
china-open-2026	Senior Women -49kg	QF	339	MA Jingyue	CHN	HU Yuran	CHN	PTF	2:0
china-open-2026	Senior Women -49kg	QF	340	LU Qiuyi	CHN	STRUNETS Maryia	BLR	PTF	2:0
china-open-2026	Senior Women -49kg	SF	260	MA Jingyue	CHN	YE Xiaoting	CHN	PTF	2:0
china-open-2026	Senior Women -49kg	SF	360	LU Qiuyi	CHN	BIAN YU	CHN	PTF	2:0
china-open-2026	Senior Women -49kg	F	370	MA Jingyue	CHN	LU Qiuyi	CHN	PTF	2:0
china-open-2026	Senior Women -53kg	R16	109	PENG Rongjie	CHN	SAROKINA Uladzislava	BLR	PTF	2:0
china-open-2026	Senior Women -53kg	R16	110	CHAN Yeuk yu	HKG	HUSSAINI Wedia	AUS	PTF	2:0
china-open-2026	Senior Women -53kg	R16	209	WU Qi	CHN	DAI Jiami	CHN	PTF	2:0
china-open-2026	Senior Women -53kg	R16	210	JIA Menghan	CHN	YUEN Man ming	GBR	PTF	2:1
china-open-2026	Senior Women -53kg	R16	309	ZUO Ju	CHN	PANG Huiling	CHN	PTF	2:0
china-open-2026	Senior Women -53kg	R16	310	YE Miao	CHN	SO Yuen ting	HKG	PTF	2:0
china-open-2026	Senior Women -53kg	QF	141	AKHMEDOVA Nodira	KAZ	PENG Rongjie	CHN	PTF	2:0
china-open-2026	Senior Women -53kg	QF	142	YE Miao	CHN	TAN Nichelle	SGP	PTF	2:1
china-open-2026	Senior Women -53kg	QF	241	ZUO Ju	CHN	WU Qi	CHN	PTF	2:0
china-open-2026	Senior Women -53kg	QF	341	CHAN Yeuk yu	HKG	JIA Menghan	CHN	WDR	2:1
china-open-2026	Senior Women -53kg	SF	161	ZUO Ju	CHN	AKHMEDOVA Nodira	KAZ	PTF	2:0
china-open-2026	Senior Women -53kg	SF	261	YE Miao	CHN	CHAN Yeuk yu	HKG	PTF	2:0
china-open-2026	Senior Women -53kg	F	171	ZUO Ju	CHN	YE Miao	CHN	PTF	2:0
china-open-2026	Senior Women -57kg	R32	101	LIANG Chunhui	CHN	WU Jingjing	CHN	PTF	2:1
china-open-2026	Senior Women -57kg	R16	113	LI Miao	CHN	LAW Sin yi	HKG	PTF	2:0
china-open-2026	Senior Women -57kg	R16	114	XU Xinyu	CHN	LIU Fangmei	CHN	PTF	2:0
china-open-2026	Senior Women -57kg	R16	212	KHIRFAN Fadia	JOR	LIANG Chunhui	CHN	PTF	2:0
china-open-2026	Senior Women -57kg	R16	213	LIU Ziyi	CHN	ZHU Huajing	CHN	PTF	2:1
china-open-2026	Senior Women -57kg	R16	214	JIN Rongjiao	CHN	TSE Wing Chi	HKG	PTF	2:0
china-open-2026	Senior Women -57kg	R16	312	LI Yue	CHN	CHEN Tingyu	CHN	PTF	2:0
china-open-2026	Senior Women -57kg	R16	313	ZHANG Chuling	CHN	MA Yuting	CHN	PTF	2:1
china-open-2026	Senior Women -57kg	R16	314	VITKO Yuliya	BLR	LOW Xin er daycia	SGP	PTF	2:0
china-open-2026	Senior Women -57kg	QF	144	LIU Ziyi	CHN	LI Miao	CHN	PTF	2:1
china-open-2026	Senior Women -57kg	QF	244	ZHANG Chuling	CHN	XU Xinyu	CHN	PTF	2:0
china-open-2026	Senior Women -57kg	QF	343	LI Yue	CHN	KHIRFAN Fadia	JOR	PTF	2:1
china-open-2026	Senior Women -57kg	QF	344	VITKO Yuliya	BLR	JIN Rongjiao	CHN	PTF	2:0
china-open-2026	Senior Women -57kg	SF	262	LIU Ziyi	CHN	LI Yue	CHN	PTF	2:1
china-open-2026	Senior Women -57kg	SF	362	VITKO Yuliya	BLR	ZHANG Chuling	CHN	PTF	2:0
china-open-2026	Senior Women -57kg	F	371	VITKO Yuliya	BLR	LIU Ziyi	CHN	PTF	2:0
china-open-2026	Senior Women -62kg	R16	118	LAM Tsz Ching	HKG	LEUNG Cheuk yu cherry	HKG	PTF	2:0
china-open-2026	Senior Women -62kg	R16	119	YAN NA	CHN	JIN Jin	CHN	PTF	2:0
china-open-2026	Senior Women -62kg	R16	120	YU Aiwei	CHN	HORSELL Riley	AUS	PTF	2:0
china-open-2026	Senior Women -62kg	R16	218	SU Runa	CHN	MA Haoyu	CHN	PTF	2:0
china-open-2026	Senior Women -62kg	R16	219	YANG Sitong	CHN	SONG Jiajia	CHN	PTF	2:0
china-open-2026	Senior Women -62kg	R16	317	HUANG Jiayun	CHN	ADILBEKKYZY Aisha	KAZ	PTF	2:0
china-open-2026	Senior Women -62kg	R16	318	LIN Mei-hsuan	TPE	REZAIE Hasina	AUS	PTF	2:0
china-open-2026	Senior Women -62kg	R16	319	SANG Yiyao	CHN	SMYCHKOVA Valeryia	BLR	PTF	2:0
china-open-2026	Senior Women -62kg	QF	147	YANG Sitong	CHN	YAN NA	CHN	PTF	2:0
china-open-2026	Senior Women -62kg	QF	246	HUANG Jiayun	CHN	LAM Tsz Ching	HKG	PTF	2:0
china-open-2026	Senior Women -62kg	QF	247	YU Aiwei	CHN	SANG Yiyao	CHN	WDR	1:0
china-open-2026	Senior Women -62kg	QF	346	SU Runa	CHN	LIN Mei-hsuan	TPE	PTF	2:1
china-open-2026	Senior Women -62kg	SF	164	YANG Sitong	CHN	YU Aiwei	CHN	PTF	2:1
china-open-2026	Senior Women -62kg	SF	363	SU Runa	CHN	HUANG Jiayun	CHN	PTF	2:1
china-open-2026	Senior Women -62kg	F	272	SU Runa	CHN	YANG Sitong	CHN	PTF	2:0
china-open-2026	Senior Women -67kg	R16	123	WU Shanshan	CHN	LI Wei	CHN	PTF	2:1
china-open-2026	Senior Women -67kg	R16	223	ZHOU Yixing	CHN	KAI Yu tung	HKG	PTF	2:0
china-open-2026	Senior Women -67kg	R16	323	DUAN Yulin	CHN	OMAROVA Sabina	RUS	PTF	2:0
china-open-2026	Senior Women -67kg	QF	149	ALRAWASHDEH Razan mohammed	JOR	WU Shanshan	CHN	PTF	2:0
china-open-2026	Senior Women -67kg	QF	150	DUAN Yulin	CHN	FAN Jinhan	CHN	PTF	2:1
china-open-2026	Senior Women -67kg	QF	249	MEDD Saskia	AUS	LUM Shanice bei xin	SGP	PTF	2:0
china-open-2026	Senior Women -67kg	QF	349	ZHOU Yixing	CHN	LI Zifei	CHN	PTF	2:1
china-open-2026	Senior Women -67kg	SF	165	ALRAWASHDEH Razan mohammed	JOR	MEDD Saskia	AUS	PTF	2:0
china-open-2026	Senior Women -67kg	SF	265	ZHOU Yixing	CHN	DUAN Yulin	CHN	PTF	2:0
china-open-2026	Senior Women -67kg	F	173	ALRAWASHDEH Razan mohammed	JOR	ZHOU Yixing	CHN	PTF	2:1
china-open-2026	Senior Women -73kg	R16	127	LI Yawen	CHN	QIN Ruijie	CHN	PTF	2:0
china-open-2026	Senior Women -73kg	R16	128	WANG Zilu	CHN	HSU Yu-hsi	TPE	PTF	2:0
china-open-2026	Senior Women -73kg	R16	227	ABO-ALRUB Rama	JOR	YU Jiayin	CHN	PTF	2:0
china-open-2026	Senior Women -73kg	R16	228	CHEN Xuyan	CHN	WANG Zhiruo	CHN	PTF	2:0
china-open-2026	Senior Women -73kg	R16	326	YUAN Zhijing	CHN	XI Yongzhen	CHN	PTF	2:0
china-open-2026	Senior Women -73kg	R16	327	SUN Jiahui	CHN	ZARE Bahar	IRI	PTF	2:0
china-open-2026	Senior Women -73kg	R16	328	MEDD Katja	AUS	ZHAO Jingwen	CHN	PTF	2:0
china-open-2026	Senior Women -73kg	QF	152	ABO-ALRUB Rama	JOR	LI Yawen	CHN	PTF	2:1
china-open-2026	Senior Women -73kg	QF	252	SUN Jiahui	CHN	WANG Zilu	CHN	PTF	2:1
china-open-2026	Senior Women -73kg	QF	351	SABER Dunya bushuaib a	KSA	YUAN Zhijing	CHN	PTF	2:1
china-open-2026	Senior Women -73kg	QF	352	CHEN Xuyan	CHN	MEDD Katja	AUS	PTF	2:0
china-open-2026	Senior Women -73kg	SF	266	SABER Dunya bushuaib a	KSA	ABO-ALRUB Rama	JOR	PTF	2:0
china-open-2026	Senior Women -73kg	SF	366	CHEN Xuyan	CHN	SUN Jiahui	CHN	PTF	2:0
china-open-2026	Senior Women -73kg	F	373	CHEN Xuyan	CHN	SABER Dunya bushuaib a	KSA	PTF	2:0
china-open-2026	Senior Women +73kg	R16	129	CHEN Kexin	CHN	CHEN Tianhui	CHN	PTF	2:0
china-open-2026	Senior Women +73kg	R16	229	HAN XU	CHN	JIANG Chunyu	CHN	PTF	2:0
china-open-2026	Senior Women +73kg	QF	153	MU Wenzhe	CHN	CHEN Kexin	CHN	PTF	2:1
china-open-2026	Senior Women +73kg	QF	154	HAN XU	CHN	MIKHALCHUK Palina	BLR	PTF	2:1
china-open-2026	Senior Women +73kg	QF	253	ZHANG Sujuan	CHN	WANG Xinqi	CHN	PTF	2:0
china-open-2026	Senior Women +73kg	QF	353	SHI Juan	CHN	HUANG Xia	CHN	PTF	2:1
china-open-2026	Senior Women +73kg	SF	167	ZHANG Sujuan	CHN	MU Wenzhe	CHN	PTF	2:1
china-open-2026	Senior Women +73kg	SF	267	SHI Juan	CHN	HAN XU	CHN	PTF	2:0
china-open-2026	Senior Women +73kg	F	174	ZHANG Sujuan	CHN	SHI Juan	CHN	PTF	2:1
nations-cup-2026	Senior Men -54kg	SF	101	ORBEA Pedro Felipe	ECU	MENEZES André	BRA	PTF	2:1
nations-cup-2026	Senior Men -54kg	SF	102	REYES Diego	GUA	JHON Naranjo Mejia	ECU	PTF	2:1
nations-cup-2026	Senior Men -54kg	F	104	ORBEA Pedro Felipe	ECU	REYES Diego	GUA	PTF	2:0
nations-cup-2026	Senior Men -58kg	R16	201	JOHAN Chiliquinga Jimenez	ECU	CORNEJO Andy	GUA	PTF	2:1
nations-cup-2026	Senior Men -58kg	QF	202	LEE Colin	USA	JOHAN Chiliquinga Jimenez	ECU	PTF	2:0
nations-cup-2026	Senior Men -58kg	QF	203	LARCO Derek Nicolay	ECU	AREVALO Jose Elias	ECU	PTF	2:0
nations-cup-2026	Senior Men -58kg	QF	204	CASTELLANOS Daniel Alejandro	ECU	JEAN-BAPTISTE Gregory	HAI	PTF	2:0
nations-cup-2026	Senior Men -58kg	QF	205	PEREIRA Daniel	BRA	MOREJON Julian David	ECU	PTF	2:0
nations-cup-2026	Senior Men -58kg	SF	206	LEE Colin	USA	LARCO Derek Nicolay	ECU	PTF	2:0
nations-cup-2026	Senior Men -58kg	SF	207	PEREIRA Daniel	BRA	CASTELLANOS Daniel Alejandro	ECU	PTF	2:0
nations-cup-2026	Senior Men -58kg	F	211	LEE Colin	USA	PEREIRA Daniel	BRA	PTF	2:0
nations-cup-2026	Senior Men -63kg	SF	304	GRANT Gavin	USA	TOLEDO Bruno Yuji	BRA	PTF	2:0
nations-cup-2026	Senior Men -63kg	SF	305	ROJAS Iker Josue	ECU	ALLEN Chris	USA	PTF	2:0
nations-cup-2026	Senior Men -63kg	F	311	ROJAS Iker Josue	ECU	GRANT Gavin	USA	PTF	2:0
nations-cup-2026	Senior Men -68kg	SF	302	JACOME Henry Francisco	ECU	ARGUELLO Josue Gabriel	ECU	PTF	2:0
nations-cup-2026	Senior Men -68kg	SF	303	MENDES Alisson	BRA	YANEZ Samuel Alejandro	ECU	PTF	2:0
nations-cup-2026	Senior Men -68kg	F	310	MENDES Alisson	BRA	JACOME Henry Francisco	ECU	PTF	2:0
nations-cup-2026	Senior Men -74kg	QF	301	PETERS Benjamin	USA	FREDRICKS Justin	USA	PTF	2:0
nations-cup-2026	Senior Men -74kg	SF	308	PETERS Benjamin	USA	MCCRAY Josiah	ISV	PTF	2:1
nations-cup-2026	Senior Men -74kg	SF	309	AMARAL Matheus Leonel	BRA	SAENZ Martin Javier	ECU	PTF	2:0
nations-cup-2026	Senior Men -74kg	F	315	PETERS Benjamin	USA	AMARAL Matheus Leonel	BRA	PTF	2:0
nations-cup-2026	Senior Men -87kg	F	314	REYES Esteban	USA	CABRERA Davyd	USA	PTF	2:1
nations-cup-2026	Senior Men +87kg	SF	306	VARGAS Jared Esteban	ECU	TAYO Sebastian	ECU	DSQ	
nations-cup-2026	Senior Men +87kg	F	312	NAZARENO Cesar	ECU	VARGAS Jared Esteban	ECU	DSQ	
nations-cup-2026	Senior Women -46kg	F	108	QUINTANA Valentina	GUA	NATTO Alexandra En	JAM	PTF	2:0
nations-cup-2026	Senior Women -49kg	F	107	CAJAMARCA Sasha Karime	ECU	AGUILAR Nahir	ECU	PTF	2:0
nations-cup-2026	Senior Women -53kg	F	106	CUTTER Sophy	USA	PORTERO Jeniffer Juliana	ECU	PTF	2:0
nations-cup-2026	Senior Women -57kg	SF	103	BUSTOS Marianela	CHI	CAMILA Guzman Perez	ECU	PTF	2:0
nations-cup-2026	Senior Women -57kg	F	105	TORRES MERA Maria valentina	ECU	BUSTOS Marianela	CHI	PTF	2:0
nations-cup-2026	Senior Women -62kg	SF	210	ROCHA Liz	BRA	JERVES Kaylad Gabriela	ECU	PTF	2:0
nations-cup-2026	Senior Women -62kg	F	213	ROCHA Liz	BRA	GARCIA Joseline	GUA	PTF	2:0
nations-cup-2026	Senior Women -67kg	SF	208	DA Alicia	BRA	MONJE Monserrat	CHI	PTF	2:0
nations-cup-2026	Senior Women -67kg	SF	209	CORNEJO Madisson	GUA	FRANCI Maldonado Arias	ECU	PTF	2:0
nations-cup-2026	Senior Women -67kg	F	212	DA Alicia	BRA	CORNEJO Madisson	GUA	PTF	2:0
nations-cup-2026	Senior Women +73kg	SF	307	CAICEDO Mayte Dennie	ECU	BENAVIDES Ludy Janeth	ECU	PTF	2:0
nations-cup-2026	Senior Women +73kg	F	313	ESPINOZA Matvelin	ECU	CAICEDO Mayte Dennie	ECU	PTF	2:1
