havana-open-2022	Senior Men -87kg	SF	123	PEREZ Guillermo En	CUB	LUZ Matheus Gabrie	BRA	PTF	2:0
havana-open-2022	Senior Men -87kg	SF	322	CASTAñEDA ARIAS Yarobis Michael	CUB	ESQUIVEL Juan	MEX	PTF	2:0
havana-open-2022	Senior Men -87kg	F	129	CASTAñEDA ARIAS Yarobis Michael	CUB	PEREZ Guillermo En	CUB	WDR	
havana-open-2022	Senior Men -80kg	QF	108	FLORES Alejandro	CRC	ANDRADE HERRERA Hassani	PER	PTF	2:1
havana-open-2022	Senior Men -80kg	QF	208	COBAS Jose	CUB	NOA Yunier Alexis	CUB	PTF	1:0
havana-open-2022	Senior Men -80kg	QF	307	PASTOR Jose	MEX	STACH Martin	GER	PTF	2:0
havana-open-2022	Senior Men -80kg	SF	219	HERNANDEZ Moises	DOM	PASTOR Jose	MEX	PTF	2:0
havana-open-2022	Senior Men -80kg	SF	319	COBAS Jose	CUB	FLORES Alejandro	CRC	PTF	2:0
havana-open-2022	Senior Men -80kg	F	227	HERNANDEZ Moises	DOM	COBAS Jose	CUB	PTF	2:1
havana-open-2022	Senior Men -74kg	QF	207	CALDERON Kelvin	CUB	DAVIDS Phillip	GER	PTF	2:0
havana-open-2022	Senior Men -74kg	SF	119	ALONZO Rodney	CUB	ESTEVES Leonardo	BRA	PTF	2:0
havana-open-2022	Senior Men -74kg	SF	318	CALDERON Kelvin	CUB	LAGAR Ormis Daniel	CUB	PTF	2:0
havana-open-2022	Senior Men -74kg	F	127	CALDERON Kelvin	CUB	ALONZO Rodney	CUB	WDR	
havana-open-2022	Senior Men -68kg	R16	201	DREBES Ranye	GER	RADTKE Paul	GER	PTF	2:0
havana-open-2022	Senior Men -68kg	QF	113	GOMEZTAGLE Uriel	MEX	MONTUFAR Diego	GUA	PTF	2:0
havana-open-2022	Senior Men -68kg	QF	213	LEON Braulio	PER	AVILA Daniel Aleja	MEX	PTF	2:0
havana-open-2022	Senior Men -68kg	QF	312	PIE Bernardo	DOM	DREBES Ranye	GER	PTF	1:0
havana-open-2022	Senior Men -68kg	QF	313	CASAS GARCIA Iker	MEX	FERNANDEZ Angel Ya	CUB	PTF	2:0
havana-open-2022	Senior Men -68kg	SF	124	PIE Bernardo	DOM	GOMEZTAGLE Uriel	MEX	PTF	2:1
havana-open-2022	Senior Men -68kg	SF	224	LEON Braulio	PER	CASAS GARCIA Iker	MEX	PTF	2:0
havana-open-2022	Senior Men -68kg	F	329	PIE Bernardo	DOM	LEON Braulio	PER	PTF	2:0
havana-open-2022	Senior Men -63kg	QF	109	GOMEZ Leonardo	MEX	HEREDIA Nick Bryan	CUB	PTF	2:0
havana-open-2022	Senior Men -63kg	QF	209	FLORES Diego	CHI	MEGRAOUI Seddik	CAN	PTF	2:1
havana-open-2022	Senior Men -63kg	QF	308	PIE Luis	DOM	GRANADO Roberto	CUB	PTF	2:1
havana-open-2022	Senior Men -63kg	QF	309	CANTERO BENITEZ Brian jose	CUB	LAU Adrian	GUA	PTF	2:0
havana-open-2022	Senior Men -63kg	SF	120	PIE Luis	DOM	GOMEZ Leonardo	MEX	WDR	1:0
havana-open-2022	Senior Men -63kg	SF	220	CANTERO BENITEZ Brian jose	CUB	FLORES Diego	CHI	PTF	2:0
havana-open-2022	Senior Men -63kg	F	327	PIE Luis	DOM	CANTERO BENITEZ Brian jose	CUB	PTF	2:1
havana-open-2022	Senior Men -58kg	QF	110	GRANADO Yohandri	VEN	CORREA Christhophe	CUB	PTF	2:0
havana-open-2022	Senior Men -58kg	QF	111	BARRETO Raymiguel	PER	LLANES Pedro Carlo	CUB	PTF	2:1
havana-open-2022	Senior Men -58kg	QF	210	GONZALEZ Jesus Mar	MEX	PÉREZ Eliecer	CUB	PTF	2:0
havana-open-2022	Senior Men -58kg	QF	310	FUENTES David	GUA	LÓPEZ Leodanys	CUB	PTF	2:1
havana-open-2022	Senior Men -58kg	SF	121	FUENTES David	GUA	BARRETO Raymiguel	PER	PTF	2:1
havana-open-2022	Senior Men -58kg	SF	320	GRANADO Yohandri	VEN	GONZALEZ Jesus Mar	MEX	PTF	2:1
havana-open-2022	Senior Men -58kg	F	128	GRANADO Yohandri	VEN	FUENTES David	GUA	PTF	2:0
havana-open-2022	Senior Men -54kg	SF	122	MANSELL MURILLO THOMAS	NCA	VALDES Osvaldo	CUB	PTF	2:0
havana-open-2022	Senior Men -54kg	SF	222	MATOS RUBAN Akely	CUB	GHAOUI Taha	CAN	PTF	2:0
havana-open-2022	Senior Men -54kg	F	328	MATOS RUBAN Akely	CUB	MANSELL MURILLO THOMAS	NCA	PTF	2:0
havana-open-2022	Senior Men +87kg	QF	107	ACUÑA Carlos	CUB	MARTINEZ Manuel En	CUB	PTF	2:1
havana-open-2022	Senior Men +87kg	SF	118	ALBA Rafael	CUB	ACUÑA Carlos	CUB	WDR	
havana-open-2022	Senior Men +87kg	SF	218	LIMONTA Yadier	CUB	ALVAREZ Luis	VEN	PTF	2:0
havana-open-2022	Senior Men +87kg	F	326	ALBA Rafael	CUB	LIMONTA Yadier	CUB	WDR	
havana-open-2022	Senior Women -73kg	QF	106	MORAIS Ana	BRA	GARCÍA Liset Del P	CUB	PTF	2:0
havana-open-2022	Senior Women -73kg	QF	206	PEREZ Karla Lucia	MEX	FERNÁNDEZ Daniela	CUB	PTF	2:0
havana-open-2022	Senior Women -73kg	QF	305	MARTINEZ Frislaidi	CUB	CRESPO Elianet Mar	CUB	PTF	2:0
havana-open-2022	Senior Women -73kg	SF	117	MORAIS Ana	BRA	PEREZ Karla Lucia	MEX	PTF	2:0
havana-open-2022	Senior Women -73kg	SF	316	MARTINEZ Frislaidi	CUB	SCHNEIDER Yanna	GER	PTF	2:1
havana-open-2022	Senior Women -73kg	F	126	MARTINEZ Frislaidi	CUB	MORAIS Ana	BRA	PTF	2:0
havana-open-2022	Senior Women -67kg	QF	103	LEÓN Anaisel	CUB	IMBERT Arianne	CUB	PTF	2:0
havana-open-2022	Senior Women -67kg	QF	302	ZIMMERLING Julika	GER	KETTEL Edda	GER	PTF	2:0
havana-open-2022	Senior Women -67kg	SF	115	LEÓN Anaisel	CUB	VASQUEZ MENDOZA Eliana	PER	WDR	1:0
havana-open-2022	Senior Women -67kg	SF	314	ACOSTA Arlettys De La Caridad	CUB	ZIMMERLING Julika	GER	PTF	2:0
havana-open-2022	Senior Women -67kg	F	125	ACOSTA Arlettys De La Caridad	CUB	LEÓN Anaisel	CUB	PTF	2:0
havana-open-2022	Senior Women -62kg	SF	221	RODRIGUEZ Yordania	CUB	DELIS Yurima	CUB	PTF	2:0
havana-open-2022	Senior Women -62kg	SF	321	FERNANDEZ Anisleid	CUB	METSCHBERGER Sina	GER	PTF	2:0
havana-open-2022	Senior Women -62kg	F	228	RODRIGUEZ Yordania	CUB	FERNANDEZ Anisleid	CUB	PTF	2:0
havana-open-2022	Senior Women -57kg	QF	102	FELIX Anel	MEX	CORTES Zalarit Mil	CUB	PTF	2:0
havana-open-2022	Senior Women -57kg	QF	202	CASTILLO Marubenis	CUB	CACERES GONZALES Camila	PER	PTF	2:0
havana-open-2022	Senior Women -57kg	QF	301	CASTILLO Melissa	MEX	BETANCOURT Claudia	CUB	PTF	2:1
havana-open-2022	Senior Women -57kg	SF	114	CASTILLO Melissa	MEX	LINDO ALVAREZ Neshi lee	CRC	PTF	2:1
havana-open-2022	Senior Women -57kg	SF	214	CASTILLO Marubenis	CUB	FELIX Anel	MEX	PTF	2:1
havana-open-2022	Senior Women -57kg	F	324	CASTILLO Melissa	MEX	CASTILLO Marubenis	CUB	PTF	2:1
havana-open-2022	Senior Women -53kg	QF	104	LUO Mariana	CRC	LADRÓN Erika	CUB	PTF	2:0
havana-open-2022	Senior Women -53kg	QF	203	PEDROZA Yuliena	GUA	GIRADO Melanie De	CUB	PTF	2:0
havana-open-2022	Senior Women -53kg	QF	204	ROBLES Tamara	CUB	GARCÍA Laura	CUB	PTF	2:0
havana-open-2022	Senior Women -53kg	QF	303	MILAN  JULIA	BRA	MIYARES Rachelys	CUB	PTF	2:0
havana-open-2022	Senior Women -53kg	SF	215	MILAN  JULIA	BRA	PEDROZA Yuliena	GUA	PTF	2:1
havana-open-2022	Senior Women -53kg	SF	315	ROBLES Tamara	CUB	LUO Mariana	CRC	PTF	2:0
havana-open-2022	Senior Women -53kg	F	225	ROBLES Tamara	CUB	MILAN  JULIA	BRA	PTF	2:0
havana-open-2022	Senior Women -49kg	R16	101	VILLAMIL Dalila On	CUB	SAEZ Daniela	CHI	PTF	2:0
havana-open-2022	Senior Women -49kg	QF	112	SUAREZ ESCOBEDO Alessandra	PER	FERREIRA Ana Carol	BRA	PTF	2:0
havana-open-2022	Senior Women -49kg	QF	211	VILLAMIL Dalila On	CUB	GONZALEZ Daniella	GUA	PTF	2:1
havana-open-2022	Senior Women -49kg	QF	212	VAZQUEZ Rosa Angel	CUB	VENEGAS Angie Jaqu	MEX	WDR	
havana-open-2022	Senior Women -49kg	QF	311	PORTUGUÉZ BARBOZA Ariana	CRC	PEREZ ESCALONA Marlyn	CUB	PTF	2:1
havana-open-2022	Senior Women -49kg	SF	223	VILLAMIL Dalila On	CUB	PORTUGUÉZ BARBOZA Ariana	CRC	PTF	2:0
havana-open-2022	Senior Women -49kg	SF	323	VAZQUEZ Rosa Angel	CUB	SUAREZ ESCOBEDO Alessandra	PER	PTF	2:1
havana-open-2022	Senior Women -49kg	F	229	VILLAMIL Dalila On	CUB	VAZQUEZ Rosa Angel	CUB	PTF	2:0
havana-open-2022	Senior Women -46kg	QF	306	PAGES Karelis De L	CUB	RAMÍREZ Beatriz	CUB	PTF	2:0
havana-open-2022	Senior Women -46kg	SF	217	PAGES Karelis De L	CUB	SANCHO Laura	CRC	PTF	2:0
havana-open-2022	Senior Women -46kg	SF	317	DELLAN Virginia	VEN	CASTAÑEDA Patricia	MEX	PTF	2:0
havana-open-2022	Senior Women -46kg	F	226	DELLAN Virginia	VEN	PAGES Karelis De L	CUB	PTF	2:0
havana-open-2022	Senior Women +73kg	QF	105	YAMITSI Carbonell	CUB	AGUIAR Senia	CUB	PTF	2:0
havana-open-2022	Senior Women +73kg	QF	205	FERNANDEZ Carolina	VEN	GONZÁLEZ Milaine	CUB	PTF	2:0
havana-open-2022	Senior Women +73kg	QF	304	INGWERSEN Shanya	CAN	LEÓN Laritza Mely	CUB	PTF	2:1
havana-open-2022	Senior Women +73kg	SF	116	RODRIGUEZ Katherine	DOM	INGWERSEN Shanya	CAN	PTF	2:0
havana-open-2022	Senior Women +73kg	SF	216	YAMITSI Carbonell	CUB	FERNANDEZ Carolina	VEN	PTF	
havana-open-2022	Senior Women +73kg	F	325	RODRIGUEZ Katherine	DOM	YAMITSI Carbonell	CUB	PTF	2:0
small-countries-championships-2022	Senior Men -80kg	R16	101	LUNGUNGU Chadrack	LUX	BORGAGNI Davide	SMR	PTF	2:0
small-countries-championships-2022	Senior Men -80kg	R16	102	PERUNIČIĆ Vasilije	MNE	PORTARO Gregory	MON	PTF	2:0
small-countries-championships-2022	Senior Men -80kg	QF	111	LUNGUNGU Chadrack	LUX	KAKOURIS Georgios	CYP	PTF	2:1
small-countries-championships-2022	Senior Men -80kg	QF	112	BALDE Mamadou	MLT	TAMBURINI Vincenzo	MON	PTF	2:0
small-countries-championships-2022	Senior Men -80kg	QF	113	ACHILLEOS Christos	CYP	PILAVAKIS Christos	CYP	PTF	2:0
small-countries-championships-2022	Senior Men -80kg	QF	114	PERUNIČIĆ Vasilije	MNE	CRESCENTINI Stefano	SMR	PTF	2:0
small-countries-championships-2022	Senior Men -80kg	SF	125	LUNGUNGU Chadrack	LUX	BALDE Mamadou	MLT	WDR	1:0
small-countries-championships-2022	Senior Men -80kg	SF	126	ACHILLEOS Christos	CYP	PERUNIČIĆ Vasilije	MNE	PTF	2:1
small-countries-championships-2022	Senior Men -80kg	F	133	LUNGUNGU Chadrack	LUX	ACHILLEOS Christos	CYP	PTF	2:1
small-countries-championships-2022	Senior Men -68kg	R16	103	MEDDAH Nassim	MON	DÁVASON Høgni	FRO	PTF	2:1
small-countries-championships-2022	Senior Men -68kg	R16	104	CHARALAMBOUS Evangelos	CYP	MEZZANOTTE Michele	SMR	PTG	2:0
small-countries-championships-2022	Senior Men -68kg	R16	105	PILAVAKIS Ioannis	CYP	CHALOT Tom	MON	WDR	
small-countries-championships-2022	Senior Men -68kg	R16	106	MICHAEL Demetrios	CYP	PUISSESSEAU Eddine	LUX	PTF	2:0
small-countries-championships-2022	Senior Men -68kg	R16	107	UJKIĆ Marko	MNE	MANNINO Theodore	MON	PTF	2:0
small-countries-championships-2022	Senior Men -68kg	QF	115	BECOVIC Zinedin	MNE	MEDDAH Nassim	MON	PTF	2:0
small-countries-championships-2022	Senior Men -68kg	QF	116	PILAVAKIS Ioannis	CYP	CHARALAMBOUS Evangelos	CYP	PTF	2:0
small-countries-championships-2022	Senior Men -68kg	QF	117	MICHAEL Demetrios	CYP	CECCARONI Michele	SMR	PTF	2:1
small-countries-championships-2022	Senior Men -68kg	QF	118	COULIBALY Sekou	LUX	UJKIĆ Marko	MNE	PTF	2:0
small-countries-championships-2022	Senior Men -68kg	SF	127	BECOVIC Zinedin	MNE	PILAVAKIS Ioannis	CYP	PTF	2:0
small-countries-championships-2022	Senior Men -68kg	SF	128	COULIBALY Sekou	LUX	MICHAEL Demetrios	CYP	PTF	2:0
small-countries-championships-2022	Senior Men -68kg	F	134	COULIBALY Sekou	LUX	BECOVIC Zinedin	MNE	PTF	2:0
small-countries-championships-2022	Senior Men -58kg	QF	110	ANDRONIKOU Kyriakos	CYP	DOMINICI Serghei	LUX	PTF	2:0
small-countries-championships-2022	Senior Men -58kg	SF	121	ANDRONIKOU Kyriakos	CYP	A David	FRO	PTF	2:0
small-countries-championships-2022	Senior Men -58kg	SF	122	BATTISTINI Nicholas	SMR	HASWELL Josh	IMN	PTF	2:0
small-countries-championships-2022	Senior Men -58kg	F	130	ANDRONIKOU Kyriakos	CYP	BATTISTINI Nicholas	SMR	PTF	2:0
small-countries-championships-2022	Senior Men +87kg	F	132	LEARDINI Daniele	SMR	TIMOTEO Daniel	LUX	PTF	2:0
small-countries-championships-2022	Senior Women -57kg	SF	123	EVANGELOU Athina	CYP	DEVILERS Tiffany	LUX	PTF	2:0
small-countries-championships-2022	Senior Women -57kg	SF	124	SCHWITZ Jenna	LUX	BELLIDO Maria	AND	PTF	2:1
small-countries-championships-2022	Senior Women -57kg	F	131	EVANGELOU Athina	CYP	SCHWITZ Jenna	LUX	PTF	1:0
small-countries-championships-2022	Senior Women -49kg	QF	108	CHARALAMBOUS Ioanna	CYP	REDING Junli	LUX	PTF	2:0
small-countries-championships-2022	Senior Women -49kg	QF	109	HADJICOSTI Antriana	CYP	HASSER Sophie	LUX	PTF	2:0
small-countries-championships-2022	Senior Women -49kg	SF	119	CHARALAMBOUS Ioanna	CYP	PERUNICIC Jelena	MNE	PTG	1:0
small-countries-championships-2022	Senior Women -49kg	SF	120	HADJICOSTI Antriana	CYP	LIÑAN PARDO Naiara	AND	PTF	2:1
small-countries-championships-2022	Senior Women -49kg	F	129	HADJICOSTI Antriana	CYP	CHARALAMBOUS Ioanna	CYP	PTF	2:0
argentina-open-2022	Senior Men -87kg	QF	509	LUZ Matheus Gabrie	BRA	GALEANO Lucas	ARG	PTF	2:1
argentina-open-2022	Senior Men -87kg	QF	510	VOMIERO Stefano	CHI	GONZALEZ Lucas Her	ARG	PTF	2:0
argentina-open-2022	Senior Men -87kg	QF	511	CHAVES Joao Pedro	BRA	AHUMADA Alexis	CHI	PTF	2:0
argentina-open-2022	Senior Men -87kg	SF	514	LUZ Matheus Gabrie	BRA	MANRESA Fernando	NCA	PTF	2:0
argentina-open-2022	Senior Men -87kg	SF	515	CHAVES Joao Pedro	BRA	VOMIERO Stefano	CHI	PTF	2:1
argentina-open-2022	Senior Men -87kg	F	517	CHAVES Joao Pedro	BRA	LUZ Matheus Gabrie	BRA	PTF	2:0
argentina-open-2022	Senior Men -74kg	R16	401	APONTE Jose Alan Joel	ARG	CERDA Natan	ARG	PTF	2:1
argentina-open-2022	Senior Men -74kg	R16	402	FREITAS Lucas	BRA	BASTIAS Wladimir	CHI	PTF	2:0
argentina-open-2022	Senior Men -74kg	R16	403	GONZALEZ GOMEZ Federico	URU	HERENU Lautaro	ARG	PTF	2:0
argentina-open-2022	Senior Men -74kg	R16	404	SUZUKI Ricardo	JPN	ESPINOZA Tomas	CHI	PTF	2:0
argentina-open-2022	Senior Men -74kg	R16	405	SILVA Henrique	BRA	BECERRA Mario	CHI	PTF	2:0
argentina-open-2022	Senior Men -74kg	R16	406	MARCIANO Iago	BRA	BARBOZA Jonathan	ARG	PTF	2:0
argentina-open-2022	Senior Men -74kg	QF	407	ASSIS MATOS Vinicius	BRA	APONTE Jose Alan Joel	ARG	PTF	2:0
argentina-open-2022	Senior Men -74kg	QF	408	FREITAS Lucas	BRA	GONZALEZ GOMEZ Federico	URU	PTF	2:0
argentina-open-2022	Senior Men -74kg	QF	409	SUZUKI Ricardo	JPN	SILVA Henrique	BRA	PTF	2:0
argentina-open-2022	Senior Men -74kg	QF	410	RIBEIRO Nickollas	BRA	MARCIANO Iago	BRA	PTF	2:0
argentina-open-2022	Senior Men -74kg	SF	415	ASSIS MATOS Vinicius	BRA	FREITAS Lucas	BRA	PTF	2:0
argentina-open-2022	Senior Men -74kg	SF	416	RIBEIRO Nickollas	BRA	SUZUKI Ricardo	JPN	PTF	2:0
argentina-open-2022	Senior Men -74kg	F	419	ASSIS MATOS Vinicius	BRA	RIBEIRO Nickollas	BRA	PTF	1:1
argentina-open-2022	Senior Men -63kg	R16	203	GONZALEZ Tomas Ariel	ARG	GUTIERREZ Daniel	CHI	PTF	2:1
argentina-open-2022	Senior Men -63kg	R16	204	FERNANDEZ Tomas Na	ARG	LOUGA Dhiego	BRA	PTF	2:0
argentina-open-2022	Senior Men -63kg	R16	205	MILLAR Lenin	CHI	GAONA Axel Adrian	ARG	PTF	2:0
argentina-open-2022	Senior Men -63kg	R16	206	FERREIRA Valdeck B	BRA	NUNEZ Lautaro	ARG	PTF	2:0
argentina-open-2022	Senior Men -63kg	QF	211	GUZMAN Lucas	ARG	GONZALEZ Tomas Ariel	ARG	PTF	2:0
argentina-open-2022	Senior Men -63kg	QF	212	GOMES João Vitor	BRA	FERNANDEZ Tomas Na	ARG	PTF	2:0
argentina-open-2022	Senior Men -63kg	QF	213	HERRERA Nicolas	CHI	MILLAR Lenin	CHI	PTF	2:0
argentina-open-2022	Senior Men -63kg	QF	214	FERREIRA Valdeck B	BRA	DA William	BRA	PTF	2:1
argentina-open-2022	Senior Men -63kg	SF	217	GUZMAN Lucas	ARG	GOMES João Vitor	BRA	PTF	2:0
argentina-open-2022	Senior Men -63kg	SF	218	HERRERA Nicolas	CHI	FERREIRA Valdeck B	BRA	PTF	2:0
argentina-open-2022	Senior Men -63kg	F	220	GUZMAN Lucas	ARG	HERRERA Nicolas	CHI	PTF	
argentina-open-2022	Senior Men -54kg	R32	101	DEL Gaspar	ARG	BARRA Ivan Ignacio	CHI	PTF	2:0
argentina-open-2022	Senior Men -54kg	R32	102	BRESSAN Uriel	ARG	NARBAI Gonzalo Gab	ARG	PTF	2:0
argentina-open-2022	Senior Men -54kg	R16	103	DE MORAES Giovanni aubin	BRA	DEL Gaspar	ARG	PTF	2:0
argentina-open-2022	Senior Men -54kg	R16	104	BOGARIN Erik Ariel	ARG	ONISHI Emilio Keny	BOL	PTF	2:0
argentina-open-2022	Senior Men -54kg	R16	105	LAFRATTI Maximo	ARG	CORREA Cristian damian	ARG	PTF	2:1
argentina-open-2022	Senior Men -54kg	R16	106	RIVERO Tomas	ARG	VASQUEZ Gaston	CHI	PTF	2:0
argentina-open-2022	Senior Men -54kg	R16	107	MARQUES Flavio	BRA	GODOY Vicente	CHI	PTF	2:0
argentina-open-2022	Senior Men -54kg	R16	108	AZEVEDO Klebenilso	BRA	LANDRIEL Maximilia	ARG	PTF	2:0
argentina-open-2022	Senior Men -54kg	R16	109	SANCHEZ Matias	ARG	BALMACEDA Braian E	ARG	PTF	2:0
argentina-open-2022	Senior Men -54kg	R16	110	TEIXEIRA Leonardo	BRA	BRESSAN Uriel	ARG	PTF	2:0
argentina-open-2022	Senior Men -54kg	QF	111	DE MORAES Giovanni aubin	BRA	BOGARIN Erik Ariel	ARG	PTF	2:0
argentina-open-2022	Senior Men -54kg	QF	112	RIVERO Tomas	ARG	LAFRATTI Maximo	ARG	PTF	2:1
argentina-open-2022	Senior Men -54kg	QF	113	MARQUES Flavio	BRA	AZEVEDO Klebenilso	BRA	PTF	2:0
argentina-open-2022	Senior Men -54kg	QF	114	TEIXEIRA Leonardo	BRA	SANCHEZ Matias	ARG	PTF	1:0
argentina-open-2022	Senior Men -54kg	SF	115	DE MORAES Giovanni aubin	BRA	RIVERO Tomas	ARG	PTF	2:0
argentina-open-2022	Senior Men -54kg	SF	116	MARQUES Flavio	BRA	TEIXEIRA Leonardo	BRA	PTF	2:1
argentina-open-2022	Senior Men -54kg	F	118	DE MORAES Giovanni aubin	BRA	MARQUES Flavio	BRA	PTF	2:1
argentina-open-2022	Senior Women -73kg	SF	117	DIAZ Carla Melina	ARG	CAZZAPPA Candela	ARG	PTF	2:1
argentina-open-2022	Senior Women -73kg	F	119	MORAIS Ana	BRA	DIAZ Carla Melina	ARG	PTF	2:0
argentina-open-2022	Senior Women -62kg	QF	411	AGUIRRE Fernanda	CHI	RUIZ Yuliana	ARG	PTF	2:1
argentina-open-2022	Senior Women -62kg	QF	412	BELTRAN Luz	ARG	GONZALEZ Ivana	ARG	PTF	2:1
argentina-open-2022	Senior Women -62kg	QF	413	SOTELO Leiza	ARG	ZEPEDA Francisca	CHI	PTF	2:0
argentina-open-2022	Senior Women -62kg	QF	414	EVOLO Gianella	ARG	ZAMORA Antonella	ARG	PTF	2:0
argentina-open-2022	Senior Women -62kg	SF	417	AGUIRRE Fernanda	CHI	BELTRAN Luz	ARG	PTF	2:0
argentina-open-2022	Senior Women -62kg	SF	418	EVOLO Gianella	ARG	SOTELO Leiza	ARG	WDR	
argentina-open-2022	Senior Women -62kg	F	420	AGUIRRE Fernanda	CHI	EVOLO Gianella	ARG	PTF	2:0
argentina-open-2022	Senior Women -53kg	R16	501	TOURNIER Sofia	ARG	OLIVEIRA Letícia Lérica	BRA	PTF	2:0
argentina-open-2022	Senior Women -53kg	R16	502	PEREIRA Maria Gabr	BRA	RISSI Maria Eduard	BRA	PTF	2:0
argentina-open-2022	Senior Women -53kg	R16	503	SENDRA Giulia Clar	ARG	HORTA Paulina	CHI	PTF	2:0
argentina-open-2022	Senior Women -53kg	R16	504	LEONARDELLI Dianel	ARG	CASTILLO Elizabeth	CHI	PTF	2:0
argentina-open-2022	Senior Women -53kg	QF	505	REIS Talisca	BRA	TOURNIER Sofia	ARG	PTF	2:0
argentina-open-2022	Senior Women -53kg	QF	506	PEREIRA Maria Gabr	BRA	ACOSTA Lourdes	ARG	PTF	2:1
argentina-open-2022	Senior Women -53kg	QF	507	SENDRA Giulia Clar	ARG	ARAUJO Carolina	BRA	PTF	2:1
argentina-open-2022	Senior Women -53kg	QF	508	ROSSI Larissa Nasc	BRA	LEONARDELLI Dianel	ARG	PTF	2:0
argentina-open-2022	Senior Women -53kg	SF	512	REIS Talisca	BRA	PEREIRA Maria Gabr	BRA	PTF	2:0
argentina-open-2022	Senior Women -53kg	SF	513	ROSSI Larissa Nasc	BRA	SENDRA Giulia Clar	ARG	PTF	2:1
argentina-open-2022	Senior Women -53kg	F	516	REIS Talisca	BRA	ROSSI Larissa Nasc	BRA	PTF	2:0
argentina-open-2022	Senior Women -46kg	R16	201	DE Lillian Kelly	BRA	PEREZ Celeste	ARG	PTF	2:0
argentina-open-2022	Senior Women -46kg	R16	202	LIENDRO Camila Aylen	ARG	ZARATE Maria Paz	ARG	PTF	2:1
argentina-open-2022	Senior Women -46kg	QF	207	CASTILLO Karoline Stephanie	PAN	DE Lillian Kelly	BRA	PTF	2:0
argentina-open-2022	Senior Women -46kg	QF	208	MORI Renata	BRA	DOGANI Julia	BRA	PTF	2:1
argentina-open-2022	Senior Women -46kg	QF	209	ARRATIA Jadeline	CHI	DIAS Kamilla	BRA	PTF	2:0
argentina-open-2022	Senior Women -46kg	QF	210	GUIMARAES Dangela	NCA	LIENDRO Camila Aylen	ARG	PTF	2:0
argentina-open-2022	Senior Women -46kg	SF	215	CASTILLO Karoline Stephanie	PAN	MORI Renata	BRA	PTF	2:1
argentina-open-2022	Senior Women -46kg	SF	216	GUIMARAES Dangela	NCA	ARRATIA Jadeline	CHI	PTF	2:0
argentina-open-2022	Senior Women -46kg	F	219	CASTILLO Karoline Stephanie	PAN	GUIMARAES Dangela	NCA	PTF	2:1
argentina-open-2022	Senior Men -80kg	R16	102	PORTO Vitor	BRA	OTERO Fernando	ARG	PTF	2:0
argentina-open-2022	Senior Men -80kg	R16	202	DANA Tiago	ARG	GAZMURI Gonzalo	CHI	PTF	2:1
argentina-open-2022	Senior Men -80kg	QF	108	CHURCHILL MARTINEZ Joaquin	CHI	PORTO Vitor	BRA	PTF	1:0
argentina-open-2022	Senior Men -80kg	QF	208	SILVA David	BRA	AURELI Alvaro	ARG	PTF	2:0
argentina-open-2022	Senior Men -80kg	QF	308	OLMEDO Dylan leonel	ARG	DE OLIVEIRA Gabriel	BRA	PTF	2:0
argentina-open-2022	Senior Men -80kg	QF	408	OSTAPIV Lucas	BRA	DANA Tiago	ARG	WDR	
argentina-open-2022	Senior Men -80kg	SF	313	CHURCHILL MARTINEZ Joaquin	CHI	SILVA David	BRA	PTF	2:1
argentina-open-2022	Senior Men -80kg	SF	413	OSTAPIV Lucas	BRA	OLMEDO Dylan leonel	ARG	PTF	2:0
argentina-open-2022	Senior Men -80kg	F	216	OSTAPIV Lucas	BRA	CHURCHILL MARTINEZ Joaquin	CHI	PTF	2:1
argentina-open-2022	Senior Men -68kg	R16	103	PEREZ Tiziano	ARG	FERNANDEZ Lucas	ARG	PTF	2:0
argentina-open-2022	Senior Men -68kg	R16	104	DIAZ Lautaro Ezequ	ARG	BONAZZOLA Lucas	ARG	PTF	2:1
argentina-open-2022	Senior Men -68kg	R16	203	DOS SANTOS Bruno gabriel	BRA	ACUÑA Nestor Hugo	ARG	PTF	2:0
argentina-open-2022	Senior Men -68kg	R16	204	JUNIOR Jose	BRA	MAIMONE Facundo To	ARG	PTF	2:0
argentina-open-2022	Senior Men -68kg	R16	303	NAVEA Sebastian	CHI	TULA Rafael	ARG	PTF	2:0
argentina-open-2022	Senior Men -68kg	R16	304	MORALES Ignacio	CHI	MAZZANTI Santino	ARG	PTF	2:0
argentina-open-2022	Senior Men -68kg	R16	403	CAMPOS Santiago	ARG	RIOS Jose Maria	ARG	PTF	2:0
argentina-open-2022	Senior Men -68kg	QF	110	SOUZA DINIZ Joao victor	BRA	PEREZ Tiziano	ARG	PTF	2:0
argentina-open-2022	Senior Men -68kg	QF	210	DOS SANTOS Bruno gabriel	BRA	NAVEA Sebastian	CHI	PTF	2:1
argentina-open-2022	Senior Men -68kg	QF	310	DIAZ Lautaro Ezequ	ARG	CAMPOS Santiago	ARG	PTF	2:1
argentina-open-2022	Senior Men -68kg	QF	410	MORALES Ignacio	CHI	JUNIOR Jose	BRA	PTF	2:0
argentina-open-2022	Senior Men -68kg	SF	314	SOUZA DINIZ Joao victor	BRA	DOS SANTOS Bruno gabriel	BRA	PTF	
argentina-open-2022	Senior Men -68kg	SF	414	MORALES Ignacio	CHI	DIAZ Lautaro Ezequ	ARG	PTF	1:0
argentina-open-2022	Senior Men -68kg	F	416	SOUZA DINIZ Joao victor	BRA	MORALES Ignacio	CHI	PTF	2:0
argentina-open-2022	Senior Men -58kg	R16	302	XXXXX Xxx	PER	MENACHO Yosthin Be	BOL	PTF	2:1
argentina-open-2022	Senior Men -58kg	R16	402	SILVA Pedro	BRA	WULLIAMOZ Nicolas	CHI	PTF	2:0
argentina-open-2022	Senior Men -58kg	QF	109	POLICELI Santino	ARG	XXXXX Xxx	PER	PTF	2:0
argentina-open-2022	Senior Men -58kg	QF	209	PIZARRO GALLARDO Vicente	CHI	SANCHEZ Joaquin	CHI	PTF	2:0
argentina-open-2022	Senior Men -58kg	QF	309	LIMA Juliano	BRA	FLORES Diego	CHI	PTF	2:0
argentina-open-2022	Senior Men -58kg	QF	409	SILVA Pedro	BRA	RAMOS Jorge	CHI	PTF	2:1
argentina-open-2022	Senior Men -58kg	SF	114	POLICELI Santino	ARG	PIZARRO GALLARDO Vicente	CHI	PTF	2:0
argentina-open-2022	Senior Men -58kg	SF	214	LIMA Juliano	BRA	SILVA Pedro	BRA	PTF	2:0
argentina-open-2022	Senior Men -58kg	F	316	POLICELI Santino	ARG	LIMA Juliano	BRA	PTF	2:1
argentina-open-2022	Senior Men +87kg	QF	205	PICCOLI Kevin Alexander	ARG	JIMENEZ Facundo Ni	ARG	PTF	2:0
argentina-open-2022	Senior Men +87kg	QF	305	PEREIRA Antonio	BRA	HERRERA Leonel	ARG	PTF	2:0
argentina-open-2022	Senior Men +87kg	QF	405	ALVES Agustin	ARG	MUNOZ Franco	CHI	PTF	2:1
argentina-open-2022	Senior Men +87kg	SF	112	PEREIRA Patrik	BRA	PICCOLI Kevin Alexander	ARG	PTF	2:0
argentina-open-2022	Senior Men +87kg	SF	212	PEREIRA Antonio	BRA	ALVES Agustin	ARG	PTF	2:0
argentina-open-2022	Senior Men +87kg	F	315	PEREIRA Patrik	BRA	PEREIRA Antonio	BRA	PTF	2:0
argentina-open-2022	Senior Women -67kg	QF	106	RIVAS Victoria	ARG	TARQUI Andrea Mari	BOL	PTF	2:0
argentina-open-2022	Senior Women -67kg	QF	206	CORREA Giovanna	BRA	SILVA Bruna Letici	BRA	PTF	2:0
argentina-open-2022	Senior Women -67kg	QF	306	DOS Gabriela	BRA	VALDEZ Alicia	PAR	PTF	2:0
argentina-open-2022	Senior Women -67kg	QF	406	GALLARDO Claudia	CHI	ZAMORA Martina	ARG	PTF	2:0
argentina-open-2022	Senior Women -67kg	SF	312	RIVAS Victoria	ARG	CORREA Giovanna	BRA	PTF	2:0
argentina-open-2022	Senior Women -67kg	SF	412	GALLARDO Claudia	CHI	DOS Gabriela	BRA	PTF	2:0
argentina-open-2022	Senior Women -67kg	F	415	GALLARDO Claudia	CHI	RIVAS Victoria	ARG	PTF	2:0
argentina-open-2022	Senior Women -57kg	R16	105	ORELLANA Josefa	CHI	PASCAL Carolina Gabriela	ARG	PTF	2:0
argentina-open-2022	Senior Women -57kg	R16	404	MARTINEZ Lucia Eli	URU	STANZIOLA Natalia	PAN	PTF	2:0
argentina-open-2022	Senior Women -57kg	QF	111	ARAUJO Rafaela	BRA	MARTINEZ Lucia Eli	URU	PTF	2:0
argentina-open-2022	Senior Women -57kg	QF	211	GALAZ Javiera	CHI	PENA Agustina Jaqu	ARG	PTF	2:0
argentina-open-2022	Senior Women -57kg	QF	311	GODOY Carla	ARG	URBINA Camila	CHI	PTF	2:1
argentina-open-2022	Senior Women -57kg	QF	411	LIMA Vitoria	BRA	ORELLANA Josefa	CHI	PTF	2:0
argentina-open-2022	Senior Women -57kg	SF	115	ARAUJO Rafaela	BRA	GALAZ Javiera	CHI	PTF	2:0
argentina-open-2022	Senior Women -57kg	SF	215	GODOY Carla	ARG	LIMA Vitoria	BRA	PTF	
argentina-open-2022	Senior Women -57kg	F	117	ARAUJO Rafaela	BRA	GODOY Carla	ARG	PTF	2:0
argentina-open-2022	Senior Women -49kg	R16	101	CAPOLO Daniela rocio	ARG	SAAVEDRA Luisina	ARG	PTF	2:0
argentina-open-2022	Senior Women -49kg	R16	201	GUELET Deisy Karin	CHI	LANCHE Yennifer	ARG	PTF	2:0
argentina-open-2022	Senior Women -49kg	R16	301	BALDINI Gabriela	BRA	SAEZ Daniela	CHI	PTF	2:0
argentina-open-2022	Senior Women -49kg	R16	401	LEITE Ana Carolina	BRA	BURGOS Sandra	CHI	PTF	2:0
argentina-open-2022	Senior Women -49kg	QF	107	LIEGHIO Maria Sofi	URU	CAPOLO Daniela rocio	ARG	PTF	2:0
argentina-open-2022	Senior Women -49kg	QF	207	GUELET Deisy Karin	CHI	GOSCH CAMARGO Camilly	BRA	PTF	2:1
argentina-open-2022	Senior Women -49kg	QF	307	GUTIERREZ Isidora	CHI	BALDINI Gabriela	BRA	PTF	2:1
argentina-open-2022	Senior Women -49kg	QF	407	LEITE Ana Carolina	BRA	FERLA Ana Clara	BRA	PTF	2:1
argentina-open-2022	Senior Women -49kg	SF	113	GUELET Deisy Karin	CHI	LIEGHIO Maria Sofi	URU	PTF	2:0
argentina-open-2022	Senior Women -49kg	SF	213	LEITE Ana Carolina	BRA	GUTIERREZ Isidora	CHI	PTF	2:1
argentina-open-2022	Senior Women -49kg	F	116	GUELET Deisy Karin	CHI	LEITE Ana Carolina	BRA	PTF	2:0
pan-am-series-3-2022	Senior Women -73kg	QF	105	DA SILVA BATISTA DE SOUZA Thaisa	BRA	SIQUEIRA Allana Lu	BRA	PTF	2:1
pan-am-series-3-2022	Senior Women -73kg	QF	304	TURCI Izabela	BRA	DE Marilia	BRA	PTF	2:1
pan-am-series-3-2022	Senior Women -73kg	QF	404	HERCULANO Gabriela	BRA	SOUZA Nathassia	BRA	PTF	2:0
pan-am-series-3-2022	Senior Women -73kg	SF	110	MORAIS Ana	BRA	TURCI Izabela	BRA	PTF	2:0
pan-am-series-3-2022	Senior Women -73kg	SF	210	DA SILVA BATISTA DE SOUZA Thaisa	BRA	HERCULANO Gabriela	BRA	PTF	2:1
pan-am-series-3-2022	Senior Women -73kg	F	313	MORAIS Ana	BRA	DA SILVA BATISTA DE SOUZA Thaisa	BRA	PTF	2:1
pan-am-series-3-2022	Senior Women -67kg	QF	205	CASAGRANDE Maria E	BRA	MESQUISTA Yasmin	BRA	PTF	2:0
pan-am-series-3-2022	Senior Women -67kg	QF	305	SILVA Bruna Letici	BRA	REBELO Beatriz	BRA	PTF	2:0
pan-am-series-3-2022	Senior Women -67kg	QF	405	SILVA Ivana Elen	BRA	YANG Emanoella	BRA	PTF	2:1
pan-am-series-3-2022	Senior Women -67kg	SF	310	DOS Gabriela	BRA	CASAGRANDE Maria E	BRA	PTF	2:1
pan-am-series-3-2022	Senior Women -67kg	SF	410	SILVA Ivana Elen	BRA	SILVA Bruna Letici	BRA	PTF	2:1
pan-am-series-3-2022	Senior Women -67kg	F	413	DOS Gabriela	BRA	SILVA Ivana Elen	BRA	PTF	2:0
pan-am-series-3-2022	Senior Women -62kg	R16	401	JUBANSKI Maria Edu	BRA	SCHMITZ Suellen	BRA	PTF	2:0
pan-am-series-3-2022	Senior Women -62kg	QF	107	SANTOS Caroline	BRA	JUBANSKI Maria Edu	BRA	PTF	2:0
pan-am-series-3-2022	Senior Women -62kg	QF	207	ANEZ Maria Celeste	BOL	DA Isadora Heloysa	BRA	PTF	2:0
pan-am-series-3-2022	Senior Women -62kg	QF	307	CORREA Giovanna	BRA	PEIXOTO Lara	BRA	PTF	2:1
pan-am-series-3-2022	Senior Women -62kg	QF	407	CARNEIRO Celydiene	BRA	AIRES Amanda Stefa	BRA	PTF	2:0
pan-am-series-3-2022	Senior Women -62kg	SF	112	SANTOS Caroline	BRA	ANEZ Maria Celeste	BOL	PTF	2:0
pan-am-series-3-2022	Senior Women -62kg	SF	212	CARNEIRO Celydiene	BRA	CORREA Giovanna	BRA	PTF	2:1
pan-am-series-3-2022	Senior Women -62kg	F	314	SANTOS Caroline	BRA	CARNEIRO Celydiene	BRA	PTF	2:0
pan-am-series-3-2022	Senior Women -57kg	QF	104	LIMA Vitoria	BRA	ORELLANA Josefa	CHI	PTF	2:0
pan-am-series-3-2022	Senior Women -57kg	QF	204	ARAUJO Rafaela	BRA	GALAZ Javiera	CHI	PTF	2:1
pan-am-series-3-2022	Senior Women -57kg	QF	303	MACEDO Sandy	BRA	MARTINEZ Lucia Eli	URU	PTF	2:0
pan-am-series-3-2022	Senior Women -57kg	QF	403	PACHECO Maria clara	BRA	URBINA Camila	CHI	PTF	2:0
pan-am-series-3-2022	Senior Women -57kg	SF	309	PACHECO Maria clara	BRA	MACEDO Sandy	BRA	PTF	2:0
pan-am-series-3-2022	Senior Women -57kg	SF	409	LIMA Vitoria	BRA	ARAUJO Rafaela	BRA	PTF	2:1
pan-am-series-3-2022	Senior Women -57kg	F	213	PACHECO Maria clara	BRA	LIMA Vitoria	BRA	PTF	2:0
pan-am-series-3-2022	Senior Women -53kg	QF	103	ARAUJO Carolina	BRA	RISSI Maria Eduard	BRA	PTF	2:0
pan-am-series-3-2022	Senior Women -53kg	QF	203	ROSSI Larissa Nasc	BRA	OLIVEIRA Letícia Lérica	BRA	PTF	2:0
pan-am-series-3-2022	Senior Women -53kg	QF	302	REIS Talisca	BRA	SOARES Brennda Kam	BRA	PTF	2:0
pan-am-series-3-2022	Senior Women -53kg	QF	402	PEREIRA Maria Gabr	BRA	PENEDA FERREIRA Adryelle	BRA	PTF	2:0
pan-am-series-3-2022	Senior Women -53kg	SF	109	REIS Talisca	BRA	PEREIRA Maria Gabr	BRA	PTF	2:0
pan-am-series-3-2022	Senior Women -53kg	SF	209	ROSSI Larissa Nasc	BRA	ARAUJO Carolina	BRA	PTF	2:0
pan-am-series-3-2022	Senior Women -53kg	F	113	REIS Talisca	BRA	ROSSI Larissa Nasc	BRA	PTF	2:0
pan-am-series-3-2022	Senior Women -49kg	R16	101	FARIAS Ana Grazielly	BRA	DA Driele	BRA	PTF	2:1
pan-am-series-3-2022	Senior Women -49kg	R16	201	MOURA Rafaela	BRA	DA Gabriella Crist	BRA	PTF	2:0
pan-am-series-3-2022	Senior Women -49kg	R16	301	LEITE Ana Carolina	BRA	BALDINI Gabriela	BRA	PTF	2:0
pan-am-series-3-2022	Senior Women -49kg	QF	106	BEZERRA Camila	BRA	FARIAS Ana Grazielly	BRA	PTF	2:0
pan-am-series-3-2022	Senior Women -49kg	QF	206	GUTIERREZ Isidora	CHI	GALLARDO ARRANO Francisca	CHI	PTF	2:1
pan-am-series-3-2022	Senior Women -49kg	QF	306	FERLA Ana Clara	BRA	MOURA Rafaela	BRA	PTF	2:0
pan-am-series-3-2022	Senior Women -49kg	QF	406	BARROS Nivea	BRA	LEITE Ana Carolina	BRA	PTF	2:1
pan-am-series-3-2022	Senior Women -49kg	SF	311	BEZERRA Camila	BRA	GUTIERREZ Isidora	CHI	PTF	2:0
pan-am-series-3-2022	Senior Women -49kg	SF	411	BARROS Nivea	BRA	FERLA Ana Clara	BRA	RSC	1:0
pan-am-series-3-2022	Senior Women -49kg	F	214	BARROS Nivea	BRA	BEZERRA Camila	BRA	PTF	2:0
pan-am-series-3-2022	Senior Women -46kg	R16	102	NAIARA Daiane	BRA	ARRATIA Jadeline	CHI	PTF	2:0
pan-am-series-3-2022	Senior Women -46kg	R16	202	SILVA NAZARIO Julia	BRA	DE Lillian Kelly	BRA	PTF	2:0
pan-am-series-3-2022	Senior Women -46kg	QF	108	SANTOS Valeria	BRA	NAIARA Daiane	BRA	PTF	2:0
pan-am-series-3-2022	Senior Women -46kg	QF	208	DIAS Kamilla	BRA	MORI Renata	BRA	PTF	2:0
pan-am-series-3-2022	Senior Women -46kg	QF	308	DOGANI Julia	BRA	GUIMARAES Dangela	NCA	PTF	2:1
pan-am-series-3-2022	Senior Women -46kg	QF	408	DELLAN Virginia	VEN	SILVA NAZARIO Julia	BRA	PTF	2:0
pan-am-series-3-2022	Senior Women -46kg	SF	312	SANTOS Valeria	BRA	DIAS Kamilla	BRA	PTF	2:0
pan-am-series-3-2022	Senior Women -46kg	SF	412	DELLAN Virginia	VEN	DOGANI Julia	BRA	PTF	2:1
pan-am-series-3-2022	Senior Women -46kg	F	414	SANTOS Valeria	BRA	DELLAN Virginia	VEN	PTF	2:1
pan-am-series-3-2022	Senior Women +73kg	SF	111	FERNANDEZ Carolina	VEN	REIS Thaysa	BRA	PTF	2:0
pan-am-series-3-2022	Senior Women +73kg	SF	211	PIROLA Larissa	BRA	BRASIL Lara Maria	BRA	PTF	2:0
pan-am-series-3-2022	Senior Women +73kg	F	114	FERNANDEZ Carolina	VEN	PIROLA Larissa	BRA	PTF	2:0
pan-am-series-3-2022	Senior Men -87kg	QF	113	LUZ Matheus Gabrie	BRA	LIMA Jhonatan	BRA	PTF	2:0
pan-am-series-3-2022	Senior Men -87kg	SF	217	MARTINS Icaro Migu	BRA	LUZ Matheus Gabrie	BRA	PTF	2:0
pan-am-series-3-2022	Senior Men -87kg	SF	317	SOUZA Leandro	BRA	MANRESA Fernando	NCA	PTF	2:0
pan-am-series-3-2022	Senior Men -87kg	F	419	MARTINS Icaro Migu	BRA	SOUZA Leandro	BRA	PTF	2:1
pan-am-series-3-2022	Senior Men -80kg	R16	104	DE OLIVEIRA Gabriel	BRA	SILVA Alberto	BRA	PTF	2:0
pan-am-series-3-2022	Senior Men -80kg	R16	204	GAZMURI Gonzalo	CHI	NETO Luiz	BRA	PTF	2:0
pan-am-series-3-2022	Senior Men -80kg	QF	110	TREJOS SALAS Miguel	COL	DE OLIVEIRA Gabriel	BRA	PTF	2:0
pan-am-series-3-2022	Senior Men -80kg	QF	210	SILVA David	BRA	PORTO Vitor	BRA	PTF	2:0
pan-am-series-3-2022	Senior Men -80kg	QF	310	MARCEL Guilherme	BRA	DANA Tiago	ARG	PTF	2:0
pan-am-series-3-2022	Senior Men -80kg	QF	410	OSTAPIV Lucas	BRA	GAZMURI Gonzalo	CHI	PTF	2:0
pan-am-series-3-2022	Senior Men -80kg	SF	116	OSTAPIV Lucas	BRA	MARCEL Guilherme	BRA	PTF	2:1
pan-am-series-3-2022	Senior Men -80kg	SF	415	TREJOS SALAS Miguel	COL	SILVA David	BRA	PTF	2:0
pan-am-series-3-2022	Senior Men -80kg	F	119	TREJOS SALAS Miguel	COL	OSTAPIV Lucas	BRA	PTF	2:1
pan-am-series-3-2022	Senior Men -74kg	R16	304	PEREIRA Gabriel	BRA	DA Fabio Junior	BRA	PTF	2:1
pan-am-series-3-2022	Senior Men -74kg	R16	404	SILVA Henrique	BRA	CALDAS Jhonatan	BRA	PTF	2:0
pan-am-series-3-2022	Senior Men -74kg	QF	111	ASSIS MATOS Vinicius	BRA	PEREIRA Gabriel	BRA	PTF	2:0
pan-am-series-3-2022	Senior Men -74kg	QF	211	OSTAPIV Gabriel	BRA	MARCIANO Iago	BRA	PTF	2:0
pan-am-series-3-2022	Senior Men -74kg	QF	311	FREITAS Lucas	BRA	DOS Daniel Rogerio	BRA	WDR	1:1
pan-am-series-3-2022	Senior Men -74kg	QF	411	SILVA Henrique	BRA	RIBEIRO Nickollas	BRA	PTF	2:0
pan-am-series-3-2022	Senior Men -74kg	SF	216	ASSIS MATOS Vinicius	BRA	OSTAPIV Gabriel	BRA	PTF	2:0
pan-am-series-3-2022	Senior Men -74kg	SF	316	SILVA Henrique	BRA	FREITAS Lucas	BRA	PTF	2:0
pan-am-series-3-2022	Senior Men -74kg	F	219	ASSIS MATOS Vinicius	BRA	SILVA Henrique	BRA	PTF	2:0
pan-am-series-3-2022	Senior Men -68kg	R16	303	JUNIOR Jose	BRA	SANTOS Cleiton	BRA	PTF	2:0
pan-am-series-3-2022	Senior Men -68kg	R16	403	DOS SANTOS Bruno gabriel	BRA	CASTILHO Lucas	BRA	PTF	2:0
pan-am-series-3-2022	Senior Men -68kg	QF	109	SOUZA DINIZ Joao victor	BRA	JUNIOR Jose	BRA	PTF	2:0
pan-am-series-3-2022	Senior Men -68kg	QF	209	DE Thales Henrique	BRA	BEZERRA Gusmann	BRA	PTF	2:0
pan-am-series-3-2022	Senior Men -68kg	QF	309	SANTOS Gabriel	BRA	DOS Vytor	BRA	PTF	2:1
pan-am-series-3-2022	Senior Men -68kg	QF	409	PAZ ROCHA David felipe	COL	DOS SANTOS Bruno gabriel	BRA	PTF	2:1
pan-am-series-3-2022	Senior Men -68kg	SF	215	SOUZA DINIZ Joao victor	BRA	DE Thales Henrique	BRA	PTF	2:0
pan-am-series-3-2022	Senior Men -68kg	SF	315	SANTOS Gabriel	BRA	PAZ ROCHA David felipe	COL	PTF	2:0
pan-am-series-3-2022	Senior Men -68kg	F	418	SOUZA DINIZ Joao victor	BRA	SANTOS Gabriel	BRA	PTF	2:1
pan-am-series-3-2022	Senior Men -63kg	R32	101	FERREIRA João Vito	BRA	DE Pedro Henrique	BRA	PTF	2:1
pan-am-series-3-2022	Senior Men -63kg	R32	201	MIGUEL João	BRA	XXXXX Xxx	PER	PTF	2:0
pan-am-series-3-2022	Senior Men -63kg	R32	301	COSTA Leandro Gustavo	BRA	DA Davi Guilherme	BRA	PTF	2:0
pan-am-series-3-2022	Senior Men -63kg	R16	105	RAMOS Gabriel	BRA	FERREIRA João Vito	BRA	PTF	2:0
pan-am-series-3-2022	Senior Men -63kg	R16	106	MIGUEL João	BRA	HERRERA Nicolas	CHI	PTF	2:0
pan-am-series-3-2022	Senior Men -63kg	R16	205	DOS SANTOS MORAIS Guilherme	BRA	PRADO Thiago	BRA	PTF	2:0
pan-am-series-3-2022	Senior Men -63kg	R16	206	ALMEIDA RABELLO Fillipe	BRA	GUTIERREZ Daniel	CHI	PTF	2:0
pan-am-series-3-2022	Senior Men -63kg	R16	305	LOUGA Dhiego	BRA	MATTHAUS Carlos	BRA	PTF	2:0
pan-am-series-3-2022	Senior Men -63kg	R16	306	GOMES João Vitor	BRA	RACHAEL Paulo Henr	BRA	PTF	2:0
pan-am-series-3-2022	Senior Men -63kg	R16	405	GRANADO Yohandri	VEN	FERREIRA Valdeck B	BRA	PTF	2:0
pan-am-series-3-2022	Senior Men -63kg	R16	406	DA William	BRA	COSTA Leandro Gustavo	BRA	PTF	2:1
pan-am-series-3-2022	Senior Men -63kg	QF	114	DA William	BRA	GOMES João Vitor	BRA	PTF	2:1
pan-am-series-3-2022	Senior Men -63kg	QF	213	RAMOS Gabriel	BRA	DOS SANTOS MORAIS Guilherme	BRA	PTF	2:0
pan-am-series-3-2022	Senior Men -63kg	QF	313	GRANADO Yohandri	VEN	LOUGA Dhiego	BRA	PTF	2:0
pan-am-series-3-2022	Senior Men -63kg	QF	413	ALMEIDA RABELLO Fillipe	BRA	MIGUEL João	BRA	PTF	2:0
pan-am-series-3-2022	Senior Men -63kg	SF	118	ALMEIDA RABELLO Fillipe	BRA	DA William	BRA	PTF	2:0
pan-am-series-3-2022	Senior Men -63kg	SF	417	GRANADO Yohandri	VEN	RAMOS Gabriel	BRA	PTF	2:1
pan-am-series-3-2022	Senior Men -63kg	F	120	GRANADO Yohandri	VEN	ALMEIDA RABELLO Fillipe	BRA	PTF	2:1
pan-am-series-3-2022	Senior Men -58kg	R16	102	SILVA Pedro	BRA	ZAPATA Hayran Gere	CHI	PTF	2:0
pan-am-series-3-2022	Senior Men -58kg	R16	401	DA Diogo	BRA	SANTOS Davi Vinici	BRA	PTF	2:0
pan-am-series-3-2022	Senior Men -58kg	QF	107	LIMA Juliano	BRA	DA Diogo	BRA	PTF	2:1
pan-am-series-3-2022	Senior Men -58kg	QF	207	PIZARRO GALLARDO Vicente	CHI	LIMA Aaron	BRA	PTF	2:1
pan-am-series-3-2022	Senior Men -58kg	QF	307	AQUINO Luiz	BRA	FLORES Diego	CHI	PTF	2:1
pan-am-series-3-2022	Senior Men -58kg	QF	407	SILVA Pedro	BRA	BARETTA Eduardo	BRA	PTF	2:1
pan-am-series-3-2022	Senior Men -58kg	SF	214	LIMA Juliano	BRA	PIZARRO GALLARDO Vicente	CHI	PTF	2:0
pan-am-series-3-2022	Senior Men -58kg	SF	314	AQUINO Luiz	BRA	SILVA Pedro	BRA	PTF	2:1
pan-am-series-3-2022	Senior Men -58kg	F	218	AQUINO Luiz	BRA	LIMA Juliano	BRA	PTF	2:0
pan-am-series-3-2022	Senior Men -54kg	R16	103	MENACHO Yosthin Be	BOL	BARBOSA Rodrigo	BRA	PTF	2:1
pan-am-series-3-2022	Senior Men -54kg	R16	202	GILLIARD GONCALVES Matheus	BRA	AZEVEDO Klebenilso	BRA	PTF	2:0
pan-am-series-3-2022	Senior Men -54kg	R16	203	VASQUEZ Gaston	CHI	LAFRATTI Maximo	ARG	PTF	2:1
pan-am-series-3-2022	Senior Men -54kg	R16	302	ALVES Leonardo	BRA	NAKA Macaulay Massahiro	BRA	PTF	2:1
pan-am-series-3-2022	Senior Men -54kg	R16	402	MARQUES Flavio	BRA	PEREIRA Hudson	BRA	PTF	2:0
pan-am-series-3-2022	Senior Men -54kg	QF	108	GILLIARD GONCALVES Matheus	BRA	MORENO Andres	COL	PTF	2:0
pan-am-series-3-2022	Senior Men -54kg	QF	208	MARQUES Flavio	BRA	ALVES Leonardo	BRA	PTF	2:0
pan-am-series-3-2022	Senior Men -54kg	QF	308	TEIXEIRA Leonardo	BRA	MENACHO Yosthin Be	BOL	PTF	2:0
pan-am-series-3-2022	Senior Men -54kg	QF	408	DE MORAES Giovanni aubin	BRA	VASQUEZ Gaston	CHI	PTF	2:0
pan-am-series-3-2022	Senior Men -54kg	SF	115	DE MORAES Giovanni aubin	BRA	TEIXEIRA Leonardo	BRA	PTF	2:1
pan-am-series-3-2022	Senior Men -54kg	SF	414	GILLIARD GONCALVES Matheus	BRA	MARQUES Flavio	BRA	PTF	2:1
pan-am-series-3-2022	Senior Men -54kg	F	318	GILLIARD GONCALVES Matheus	BRA	DE MORAES Giovanni aubin	BRA	PTF	2:0
pan-am-series-3-2022	Senior Men +87kg	QF	112	SIQUEIRA Maicon	BRA	PEREIRA Antonio	BRA	PTF	2:0
pan-am-series-3-2022	Senior Men +87kg	QF	212	ALVES JESUS Pedro arthur	BRA	CAMPOS Michael	BRA	WDR	1:0
pan-am-series-3-2022	Senior Men +87kg	QF	312	PEREIRA Patrik	BRA	SOUZA Allif	BRA	PTF	2:0
pan-am-series-3-2022	Senior Men +87kg	QF	412	ALVAREZ Luis	VEN	BARBOSA Calebe Matheus	BRA	PTF	2:0
pan-am-series-3-2022	Senior Men +87kg	SF	117	PEREIRA Patrik	BRA	ALVAREZ Luis	VEN	PTF	2:0
pan-am-series-3-2022	Senior Men +87kg	SF	416	SIQUEIRA Maicon	BRA	ALVES JESUS Pedro arthur	BRA	PTF	2:0
pan-am-series-3-2022	Senior Men +87kg	F	319	SIQUEIRA Maicon	BRA	PEREIRA Patrik	BRA	PTF	2:1
chile-open-2022	Senior Men -87kg	QF	110	MANRESA Fernando	BRA	AHUMADA Alexis	CHI	PTF	2:1
chile-open-2022	Senior Men -87kg	QF	309	LUZ Matheus Gabrie	BRA	VOMIERO Stefano	CHI	PTF	2:0
chile-open-2022	Senior Men -87kg	SF	118	SOUZA Leandro	BRA	MANRESA Fernando	BRA	PTF	2:0
chile-open-2022	Senior Men -87kg	SF	317	STEWART Jordan	CAN	LUZ Matheus Gabrie	BRA	PTF	2:1
chile-open-2022	Senior Men -87kg	F	125	SOUZA Leandro	BRA	STEWART Jordan	CAN	PTF	2:0
chile-open-2022	Senior Men -74kg	R16	105	BIANCHI Gustavo	BRA	AGUILERA Manuel	CHI	PTF	1:0
chile-open-2022	Senior Men -74kg	R16	106	BASTIAS Wladimir	CHI	BECERRA Mario	CHI	PTF	2:1
chile-open-2022	Senior Men -74kg	R16	205	RODRIGUEZ Osvaldo	CHI	ESPINOZA Tomas	CHI	PTF	2:0
chile-open-2022	Senior Men -74kg	R16	206	MARCIANO Iago	BRA	LEVINSON Yoshua	CHI	PTF	2:0
chile-open-2022	Senior Men -74kg	R16	305	SILVA Henrique	BRA	FREITAS Lucas	BRA	PTF	2:0
chile-open-2022	Senior Men -74kg	QF	113	PONTES Edival	BRA	BIANCHI Gustavo	BRA	PTF	2:0
chile-open-2022	Senior Men -74kg	QF	114	ASSIS MATOS Vinicius	BRA	MARCIANO Iago	BRA	PTF	2:1
chile-open-2022	Senior Men -74kg	QF	213	SILVA Henrique	BRA	RODRIGUEZ Osvaldo	CHI	PTF	2:0
chile-open-2022	Senior Men -74kg	QF	313	RIBEIRO Nickollas	BRA	BASTIAS Wladimir	CHI	PTF	2:1
chile-open-2022	Senior Men -74kg	SF	123	ASSIS MATOS Vinicius	BRA	RIBEIRO Nickollas	BRA	PTF	2:1
chile-open-2022	Senior Men -74kg	SF	322	PONTES Edival	BRA	SILVA Henrique	BRA	PTF	2:0
chile-open-2022	Senior Men -74kg	F	329	PONTES Edival	BRA	ASSIS MATOS Vinicius	BRA	PTF	2:0
chile-open-2022	Senior Men -63kg	R16	103	GUTIERREZ Daniel	CHI	CONTRERAS Kevin Al	CHI	PTF	2:0
chile-open-2022	Senior Men -63kg	R16	104	FERREIRA Joao Vito	BRA	SANCHEZ Joaquin	CHI	PTF	2:0
chile-open-2022	Senior Men -63kg	R16	202	RAMOS Gabriel	BRA	FERNANDEZ Tomas Na	ARG	PTF	2:0
chile-open-2022	Senior Men -63kg	R16	203	MATTHAUS Carlos	BRA	SOBARZO Sebastian	CHI	PTF	2:0
chile-open-2022	Senior Men -63kg	R16	204	BARETTA Eduardo	BRA	MILLAR Lenin	CHI	PTF	2:0
chile-open-2022	Senior Men -63kg	R16	302	DE Pedro Henrique	BRA	PAILLAN Eluney	CHI	PTF	2:1
chile-open-2022	Senior Men -63kg	R16	303	HERRERA Nicolas	CHI	NAVARRETE Pablo	CHI	PTF	2:0
chile-open-2022	Senior Men -63kg	R16	304	DA William	BRA	YUPANQUI Fabian	PER	PTF	2:0
chile-open-2022	Senior Men -63kg	QF	112	MATTHAUS Carlos	BRA	GUTIERREZ Daniel	CHI	PTF	2:0
chile-open-2022	Senior Men -63kg	QF	212	FERREIRA Joao Vito	BRA	HERRERA Nicolas	CHI	PTF	2:0
chile-open-2022	Senior Men -63kg	QF	311	RAMOS Gabriel	BRA	DE Pedro Henrique	BRA	PTF	2:0
chile-open-2022	Senior Men -63kg	QF	312	BARETTA Eduardo	BRA	DA William	BRA	PTF	2:1
chile-open-2022	Senior Men -63kg	SF	122	RAMOS Gabriel	BRA	MATTHAUS Carlos	BRA	PTF	2:0
chile-open-2022	Senior Men -63kg	SF	222	BARETTA Eduardo	BRA	FERREIRA Joao Vito	BRA	PTF	2:0
chile-open-2022	Senior Men -63kg	F	229	RAMOS Gabriel	BRA	BARETTA Eduardo	BRA	PTF	2:0
chile-open-2022	Senior Men -54kg	R16	101	DEL Gaspar	ARG	ALVES Leonardo	BRA	PTF	2:0
chile-open-2022	Senior Men -54kg	R16	102	LAFRATTI Maximo	ARG	BARRA Ivan Ignacio	CHI	PTF	2:1
chile-open-2022	Senior Men -54kg	R16	201	DIAZ Brandon	CHI	LANDRIEL Maximilia	ARG	PTF	2:1
chile-open-2022	Senior Men -54kg	R16	301	AZEVEDO Klebenilso	BRA	ROSALES Victor	PER	PTF	2:0
chile-open-2022	Senior Men -54kg	QF	111	MARQUES Flavio	BRA	AZEVEDO Klebenilso	BRA	PTF	2:0
chile-open-2022	Senior Men -54kg	QF	210	DE MORAES Giovanni aubin	BRA	DEL Gaspar	ARG	PTF	2:1
chile-open-2022	Senior Men -54kg	QF	211	TEIXEIRA Leonardo	BRA	LAFRATTI Maximo	ARG	PTF	2:0
chile-open-2022	Senior Men -54kg	QF	310	RIVERO Tomas	ARG	DIAZ Brandon	CHI	PTF	2:0
chile-open-2022	Senior Men -54kg	SF	221	DE MORAES Giovanni aubin	BRA	RIVERO Tomas	ARG	PTF	2:0
chile-open-2022	Senior Men -54kg	SF	321	TEIXEIRA Leonardo	BRA	MARQUES Flavio	BRA	PTF	2:0
chile-open-2022	Senior Men -54kg	F	129	DE MORAES Giovanni aubin	BRA	TEIXEIRA Leonardo	BRA	PTF	2:0
chile-open-2022	Senior Women -73kg	SF	119	GALLARDO Claudia	CHI	MORAIS Ana	BRA	PTF	2:1
chile-open-2022	Senior Women -73kg	SF	219	HERCULANO Gabriela	BRA	ECKSTEIN Catalina	CHI	PTF	2:0
chile-open-2022	Senior Women -73kg	F	325	GALLARDO Claudia	CHI	HERCULANO Gabriela	BRA	PTF	2:0
chile-open-2022	Senior Women -62kg	SF	120	CORREA Giovanna	BRA	RUIZ Yuliana	ARG	PTF	2:1
chile-open-2022	Senior Women -62kg	SF	319	CARNEIRO Celydiene	BRA	ZEPEDA Francisca	CHI	PTF	2:0
chile-open-2022	Senior Women -62kg	F	126	CARNEIRO Celydiene	BRA	CORREA Giovanna	BRA	PTF	2:0
chile-open-2022	Senior Women -53kg	QF	108	DIAS DE LIMA PENNA SARAIVA Leonor	BRA	CASTILLO Elizabeth	CHI	PTF	2:0
chile-open-2022	Senior Women -53kg	QF	109	ROSSI Larissa Nasc	BRA	OLIVEIRA Letícia Lérica	BRA	PTF	2:0
chile-open-2022	Senior Women -53kg	QF	208	CAMPOS Elizabeth	CHI	GARCIA Raymi	PER	PTF	2:1
chile-open-2022	Senior Women -53kg	QF	308	ARAUJO Carolina	BRA	CATALAN Denisse	CHI	PTF	2:0
chile-open-2022	Senior Women -53kg	SF	216	DIAS DE LIMA PENNA SARAIVA Leonor	BRA	CAMPOS Elizabeth	CHI	PTF	2:0
chile-open-2022	Senior Women -53kg	SF	316	ROSSI Larissa Nasc	BRA	ARAUJO Carolina	BRA	PTF	2:0
chile-open-2022	Senior Women -53kg	F	224	DIAS DE LIMA PENNA SARAIVA Leonor	BRA	ROSSI Larissa Nasc	BRA	WDR	
chile-open-2022	Senior Women -46kg	R16	107	OLIVEIRA Ana Julia	BRA	PADILLA Samira	PER	PTF	2:0
chile-open-2022	Senior Women -46kg	R16	306	LIENDRO Camila Aylen	ARG	DE Lillian Kelly	BRA	PTF	2:1
chile-open-2022	Senior Women -46kg	QF	115	MORI Renata	BRA	ARRATIA Jadeline	CHI	PTF	2:1
chile-open-2022	Senior Women -46kg	QF	214	SANTOS Valeria	BRA	LIENDRO Camila Aylen	ARG	PTF	2:0
chile-open-2022	Senior Women -46kg	QF	215	GUIMARAES Dangela	BRA	OLIVEIRA Ana Julia	BRA	PTF	2:0
chile-open-2022	Senior Women -46kg	QF	314	DOGANI Julia	BRA	LLAUCA MENDOZA Camila	PER	PTF	2:0
chile-open-2022	Senior Women -46kg	SF	223	SANTOS Valeria	BRA	DOGANI Julia	BRA	PTF	2:0
chile-open-2022	Senior Women -46kg	SF	323	GUIMARAES Dangela	BRA	MORI Renata	BRA	WDR	
chile-open-2022	Senior Women -46kg	F	130	GUIMARAES Dangela	BRA	SANTOS Valeria	BRA	WDR	
chile-open-2022	Senior Men -80kg	QF	117	SOUZA Lucas Cristi	BRA	TOBAR Bastian	CHI	PTF	2:1
chile-open-2022	Senior Men -80kg	QF	216	CHURCHILL MARTINEZ Joaquin	CHI	FAUNES Juan Cristo	CHI	PTF	2:0
chile-open-2022	Senior Men -80kg	QF	217	OSTAPIV Lucas	BRA	REYES Felipe	CHI	PTF	2:0
chile-open-2022	Senior Men -80kg	QF	316	PORTO Vitor	BRA	GAZMURI Gonzalo	CHI	PTF	2:0
chile-open-2022	Senior Men -80kg	SF	123	CHURCHILL MARTINEZ Joaquin	CHI	PORTO Vitor	BRA	PTF	2:1
chile-open-2022	Senior Men -80kg	SF	223	OSTAPIV Lucas	BRA	SOUZA Lucas Cristi	BRA	PTF	2:0
chile-open-2022	Senior Men -80kg	F	226	CHURCHILL MARTINEZ Joaquin	CHI	OSTAPIV Lucas	BRA	PTF	2:1
chile-open-2022	Senior Men -68kg	R16	114	JUNIOR Jose	BRA	VERGARA Diego	CHI	PTF	2:0
chile-open-2022	Senior Men -68kg	R16	313	SANTOS Cleiton	BRA	TORRES Fernando	CHI	PTF	2:0
chile-open-2022	Senior Men -68kg	QF	121	GONZALEZ GOMEZ Federico	URU	CASTRO Martin	CHI	PTF	2:0
chile-open-2022	Senior Men -68kg	QF	220	MORALES Ignacio	CHI	SANTOS Cleiton	BRA	PTF	2:0
chile-open-2022	Senior Men -68kg	QF	221	SANTOS Gabriel	BRA	JUNIOR Jose	BRA	PTF	2:1
chile-open-2022	Senior Men -68kg	QF	320	DOS Vytor	BRA	DOS SANTOS Bruno gabriel	BRA	PTF	2:0
chile-open-2022	Senior Men -68kg	SF	125	MORALES Ignacio	CHI	DOS Vytor	BRA	PTF	2:0
chile-open-2022	Senior Men -68kg	SF	225	SANTOS Gabriel	BRA	GONZALEZ GOMEZ Federico	URU	PTF	2:0
chile-open-2022	Senior Men -68kg	F	227	SANTOS Gabriel	BRA	MORALES Ignacio	CHI	PTF	2:0
chile-open-2022	Senior Men -58kg	R16	112	LIMA Juliano	BRA	ECHEVERRIA Renato	CHI	PTF	2:0
chile-open-2022	Senior Men -58kg	R16	113	SILVA Pedro	BRA	LIMA Aaron	BRA	PTF	2:0
chile-open-2022	Senior Men -58kg	R16	211	PUMA Jose	PER	FLORES Diego	CHI	PTF	2:0
chile-open-2022	Senior Men -58kg	R16	212	RAMOS Jorge	CHI	BOTTON Pedro Henri	BRA	DSQ	
chile-open-2022	Senior Men -58kg	R16	213	POLICELI Santino	ARG	MORENO Franco Javi	PER	PTF	2:0
chile-open-2022	Senior Men -58kg	R16	311	AQUINO Luiz	BRA	ZAPATA Hayran Gere	CHI	PTF	2:0
chile-open-2022	Senior Men -58kg	R16	312	MORENO Andres	COL	PIZARRO GALLARDO Vicente	CHI	PTF	2:1
chile-open-2022	Senior Men -58kg	QF	119	PUMA Jose	PER	BARTHOLO Matheus	BRA	DSQ	
chile-open-2022	Senior Men -58kg	QF	120	SILVA Pedro	BRA	POLICELI Santino	ARG	PTF	2:1
chile-open-2022	Senior Men -58kg	QF	219	LIMA Juliano	BRA	AQUINO Luiz	BRA	PTF	2:1
chile-open-2022	Senior Men -58kg	QF	319	RAMOS Jorge	CHI	MORENO Andres	COL	PTF	2:0
chile-open-2022	Senior Men -58kg	SF	224	LIMA Juliano	BRA	PUMA Jose	PER	PTF	2:1
chile-open-2022	Senior Men -58kg	SF	324	RAMOS Jorge	CHI	SILVA Pedro	BRA	PTF	2:0
chile-open-2022	Senior Men -58kg	F	127	LIMA Juliano	BRA	RAMOS Jorge	CHI	PTF	2:0
chile-open-2022	Senior Men +87kg	QF	116	SOUZA Allif	BRA	PEREIRA Patrik	BRA	PTF	2:0
chile-open-2022	Senior Men +87kg	QF	215	MUNOZ Franco	CHI	VARGAS Alex	CHI	PTF	2:0
chile-open-2022	Senior Men +87kg	QF	315	BAEZA Fernando	CHI	DIAZ Lucas	CHI	PTF	2:1
chile-open-2022	Senior Men +87kg	SF	222	SIQUEIRA Maicon	BRA	MUNOZ Franco	CHI	PTF	2:0
chile-open-2022	Senior Men +87kg	SF	322	SOUZA Allif	BRA	BAEZA Fernando	CHI	PTF	2:0
chile-open-2022	Senior Men +87kg	F	126	SIQUEIRA Maicon	BRA	SOUZA Allif	BRA	PTF	2:0
chile-open-2022	Senior Women -57kg	R16	111	GALAZ Javiera	CHI	GOMEZ Fernanda	CHI	PTF	2:0
chile-open-2022	Senior Women -57kg	R16	310	PACHECO Maria clara	BRA	ORELLANA Josefa	CHI	PTF	2:0
chile-open-2022	Senior Women -57kg	QF	118	RIVEROS Johanna	CHI	STANZIOLA Natalia	PAN	PTF	2:1
chile-open-2022	Senior Women -57kg	QF	218	LIMA Vitoria	BRA	URBINA Camila	CHI	PTF	2:0
chile-open-2022	Senior Women -57kg	QF	317	PACHECO Maria clara	BRA	ARAUJO Rafaela	BRA	PTF	2:0
chile-open-2022	Senior Women -57kg	QF	318	LOPEZ Javiera	CHI	GALAZ Javiera	CHI	PTF	2:0
chile-open-2022	Senior Women -57kg	SF	124	LOPEZ Javiera	CHI	LIMA Vitoria	BRA	PTF	2:0
chile-open-2022	Senior Women -57kg	SF	323	PACHECO Maria clara	BRA	RIVEROS Johanna	CHI	PTF	2:0
chile-open-2022	Senior Women -57kg	F	326	PACHECO Maria clara	BRA	LOPEZ Javiera	CHI	PTF	2:0
chile-open-2022	Senior Women -49kg	QF	115	BEZERRA Camila	BRA	LEITE Ana Carolina	BRA	PTF	2:1
chile-open-2022	Senior Women -49kg	QF	214	GUELET Deisy Karin	CHI	BALDINI Gabriela	BRA	PTF	2:1
chile-open-2022	Senior Women -49kg	QF	314	GUTIERREZ Isidora	CHI	MUNOZ Darling	CHI	PTF	2:0
chile-open-2022	Senior Women -49kg	SF	122	BEZERRA Camila	BRA	GUTIERREZ Isidora	CHI	PTF	2:1
chile-open-2022	Senior Women -49kg	SF	321	SOUZA Daniela Paola	MEX	GUELET Deisy Karin	CHI	PTF	2:0
chile-open-2022	Senior Women -49kg	F	325	SOUZA Daniela Paola	MEX	BEZERRA Camila	BRA	PTF	2:1
tirana-u21-european-championships-2022	U21 Men -80kg	R32	105	TARASENKO Danylo	UKR	HOERMANN Vincent	GER	PTF	2:0
tirana-u21-european-championships-2022	U21 Men -80kg	R32	205	KAASTRUP Lukas Dav	DEN	MOHAMMAD Ahmad	GER	PTF	2:1
tirana-u21-european-championships-2022	U21 Men -80kg	R32	305	HURNOV Kyrylo	UKR	STOJANOVIC Stefan	SRB	PTF	2:0
tirana-u21-european-championships-2022	U21 Men -80kg	R32	404	HARBAR Artem	UKR	PLAZA RODRIGUEZ David	ESP	PTF	2:0
tirana-u21-european-championships-2022	U21 Men -80kg	R32	504	STAMENOV Filip	MKD	MENDY Mohamed	FRA	PTF	2:0
tirana-u21-european-championships-2022	U21 Men -80kg	R16	111	HRNIC Edi	DEN	TARASENKO Danylo	UKR	PTF	2:0
tirana-u21-european-championships-2022	U21 Men -80kg	R16	211	PANTAZIS Georgios	GRE	KAASTRUP Lukas Dav	DEN	PTF	2:0
tirana-u21-european-championships-2022	U21 Men -80kg	R16	310	HARBAR Artem	UKR	KRPAN Vito	CRO	PTF	2:0
tirana-u21-european-championships-2022	U21 Men -80kg	R16	311	KAZAN Ismail Seymen	TUR	MEHNANA Nahil	FRA	PTF	2:0
tirana-u21-european-championships-2022	U21 Men -80kg	R16	410	AJDUKOVIC Dimitrije	SRB	MAGEIROU Anthimos	GRE	PTF	2:0
tirana-u21-european-championships-2022	U21 Men -80kg	R16	411	ACHILLEOS Christos	CYP	IOANNIDIS Theodoro	GRE	PTF	2:1
tirana-u21-european-championships-2022	U21 Men -80kg	R16	510	MICHOPOULOS Sotirios	GRE	STAMENOV Filip	MKD	PTF	2:0
tirana-u21-european-championships-2022	U21 Men -80kg	R16	511	HURNOV Kyrylo	UKR	CRISTESCU Mihai adrian	ROU	PTF	2:0
tirana-u21-european-championships-2022	U21 Men -80kg	QF	116	HARBAR Artem	UKR	AJDUKOVIC Dimitrije	SRB	PTF	2:0
tirana-u21-european-championships-2022	U21 Men -80kg	QF	216	HRNIC Edi	DEN	MICHOPOULOS Sotirios	GRE	PTF	2:0
tirana-u21-european-championships-2022	U21 Men -80kg	QF	316	PANTAZIS Georgios	GRE	KAZAN Ismail Seymen	TUR	PTF	2:1
tirana-u21-european-championships-2022	U21 Men -80kg	QF	416	HURNOV Kyrylo	UKR	ACHILLEOS Christos	CYP	PTF	2:0
tirana-u21-european-championships-2022	U21 Men -80kg	SF	121	HRNIC Edi	DEN	HARBAR Artem	UKR	PTF	2:1
tirana-u21-european-championships-2022	U21 Men -80kg	SF	122	HURNOV Kyrylo	UKR	PANTAZIS Georgios	GRE	PTF	2:0
tirana-u21-european-championships-2022	U21 Men -80kg	F	128	HRNIC Edi	DEN	HURNOV Kyrylo	UKR	PTF	2:0
tirana-u21-european-championships-2022	U21 Men -58kg	R32	102	KAPLAN Enes	TUR	GANJOLA Adå¾ija	MNE	PTF	2:0
tirana-u21-european-championships-2022	U21 Men -58kg	R32	103	KUSKU Bilal	TUR	BELANOVIC Uros	SRB	PTF	2:0
tirana-u21-european-championships-2022	U21 Men -58kg	R32	104	TORGEMAN Ori	ISR	FARNES Ricki Gene	DEN	PTF	2:0
tirana-u21-european-championships-2022	U21 Men -58kg	R32	202	PATERSON John Jose	GBR	MAHMUDOV Eyyub	AZE	PTF	2:1
tirana-u21-european-championships-2022	U21 Men -58kg	R32	203	CALIK Enis	GER	STRUGLINSKI Bartosz	POL	PTF	2:0
tirana-u21-european-championships-2022	U21 Men -58kg	R32	204	DANIELYAN Valter	ARM	LUCKAUSKAS Enrikas	GBR	PTF	2:0
tirana-u21-european-championships-2022	U21 Men -58kg	R32	302	TORKHANI Ibrahim B	DEN	SARIC Eman	BIH	PTF	2:0
tirana-u21-european-championships-2022	U21 Men -58kg	R32	303	DAYIOGLU Omer faruk	TUR	JAKSIC Vanja	SRB	PTF	2:0
tirana-u21-european-championships-2022	U21 Men -58kg	R32	304	FUNKENDORF Vladyslav	UKR	LILA Omar	ALB	PTF	2:0
tirana-u21-european-championships-2022	U21 Men -58kg	R32	402	MYLONAS Ioannis	GRE	MAZZOUZ Ryad	FRA	PTF	2:0
tirana-u21-european-championships-2022	U21 Men -58kg	R32	403	YURKO Oleksii	UKR	BULATOVIC Nikolaj	SLO	PTF	2:0
tirana-u21-european-championships-2022	U21 Men -58kg	R32	502	MIKULIN Ilya	UKR	BOJERUD Elias Ibra	SWE	PTF	2:0
tirana-u21-european-championships-2022	U21 Men -58kg	R32	503	ARILLO VAZQUEZ Hugo	ESP	MYLONAS Angelos	GRE	PTF	1:1
tirana-u21-european-championships-2022	U21 Men -58kg	R16	109	TORKHANI Ibrahim B	DEN	PATERSON John Jose	GBR	PTF	2:0
tirana-u21-european-championships-2022	U21 Men -58kg	R16	110	TORGEMAN Ori	ISR	DANIELYAN Valter	ARM	PTF	2:1
tirana-u21-european-championships-2022	U21 Men -58kg	R16	209	MYLONAS Ioannis	GRE	MIKULIN Ilya	UKR	PTF	2:1
tirana-u21-european-championships-2022	U21 Men -58kg	R16	210	FUNKENDORF Vladyslav	UKR	ANTONIOU Evangelos georgios	CYP	PTF	2:0
tirana-u21-european-championships-2022	U21 Men -58kg	R16	309	KUSKU Bilal	TUR	CALIK Enis	GER	PTF	2:0
tirana-u21-european-championships-2022	U21 Men -58kg	R16	409	DAYIOGLU Omer faruk	TUR	ERBAY Atakan	GER	PTF	2:0
tirana-u21-european-championships-2022	U21 Men -58kg	R16	508	KAPLAN Enes	TUR	MALAJ Justi	ALB	PTF	2:0
tirana-u21-european-championships-2022	U21 Men -58kg	R16	509	ARILLO VAZQUEZ Hugo	ESP	YURKO Oleksii	UKR	PTF	2:0
tirana-u21-european-championships-2022	U21 Men -58kg	QF	215	KAPLAN Enes	TUR	TORKHANI Ibrahim B	DEN	PTF	2:0
tirana-u21-european-championships-2022	U21 Men -58kg	QF	315	KUSKU Bilal	TUR	MYLONAS Ioannis	GRE	PTF	2:1
tirana-u21-european-championships-2022	U21 Men -58kg	QF	415	ARILLO VAZQUEZ Hugo	ESP	DAYIOGLU Omer faruk	TUR	PTF	2:1
tirana-u21-european-championships-2022	U21 Men -58kg	QF	515	FUNKENDORF Vladyslav	UKR	TORGEMAN Ori	ISR	PTF	2:0
tirana-u21-european-championships-2022	U21 Men -58kg	SF	125	KAPLAN Enes	TUR	KUSKU Bilal	TUR	PTF	2:0
tirana-u21-european-championships-2022	U21 Men -58kg	SF	126	ARILLO VAZQUEZ Hugo	ESP	FUNKENDORF Vladyslav	UKR	PTF	2:0
tirana-u21-european-championships-2022	U21 Men -58kg	F	130	KAPLAN Enes	TUR	ARILLO VAZQUEZ Hugo	ESP	PTF	2:0
tirana-u21-european-championships-2022	U21 Women -73kg	R16	112	RUIZ Judith	ESP	FRANK Cecilie F	SWE	PTF	2:0
tirana-u21-european-championships-2022	U21 Women -73kg	R16	113	MESIC Nikolina	CRO	SUTHERLAND Emily	GBR	PTF	2:0
tirana-u21-european-championships-2022	U21 Women -73kg	R16	212	NTEMOGIANNI Paraskevi	GRE	KOSZEL Marcelina	POL	PTF	2:1
tirana-u21-european-championships-2022	U21 Women -73kg	R16	213	OZTURK Busra	TUR	GEORGIADI Polyxeni	GRE	PTF	2:0
tirana-u21-european-championships-2022	U21 Women -73kg	R16	312	MASTELIC Mila	CRO	KAVUKCUOGLU Zehra begum	TUR	PTF	2:1
tirana-u21-european-championships-2022	U21 Women -73kg	R16	313	KLEPAC Nika	CRO	GARCIA SUAREZ Helena	ESP	PTF	2:0
tirana-u21-european-championships-2022	U21 Women -73kg	R16	412	MEHMEDOVIC Nadina	BIH	TATAY Palmira	ESP	SUP	2:0
tirana-u21-european-championships-2022	U21 Women -73kg	R16	512	JOKIC Marija	BIH	KRAINOVA Marharyta	UKR	PTF	2:0
tirana-u21-european-championships-2022	U21 Women -73kg	QF	117	MASTELIC Mila	CRO	MEHMEDOVIC Nadina	BIH	PTF	2:0
tirana-u21-european-championships-2022	U21 Women -73kg	QF	217	MESIC Nikolina	CRO	JOKIC Marija	BIH	PTF	2:0
tirana-u21-european-championships-2022	U21 Women -73kg	QF	317	KLEPAC Nika	CRO	OZTURK Busra	TUR	WDR	2:0
tirana-u21-european-championships-2022	U21 Women -73kg	QF	516	RUIZ Judith	ESP	NTEMOGIANNI Paraskevi	GRE	PTF	2:0
tirana-u21-european-championships-2022	U21 Women -73kg	SF	119	MASTELIC Mila	CRO	RUIZ Judith	ESP	PTF	2:0
tirana-u21-european-championships-2022	U21 Women -73kg	SF	120	MESIC Nikolina	CRO	KLEPAC Nika	CRO	PTF	2:0
tirana-u21-european-championships-2022	U21 Women -73kg	F	127	MASTELIC Mila	CRO	MESIC Nikolina	CRO	PTF	2:0
tirana-u21-european-championships-2022	U21 Women -53kg	R64	101	DINKOVIC Lena	CRO	TSOLIA Polymnia	GRE	PTG	2:0
tirana-u21-european-championships-2022	U21 Women -53kg	R64	201	HERNANDEZ Elsa	ESP	SAVIJA Petra	CRO	PTF	2:0
tirana-u21-european-championships-2022	U21 Women -53kg	R64	301	GEORGIEVA Aleksandra	BUL	ALIYEVA Saida	AZE	PTF	2:1
tirana-u21-european-championships-2022	U21 Women -53kg	R64	401	KOSEOGLU Seyma	TUR	MAKAS Ajna	BIH	PTF	2:0
tirana-u21-european-championships-2022	U21 Women -53kg	R64	501	FERNANDEZ Nerea	ESP	PELTEKI Stamatia	GRE	PTF	2:0
tirana-u21-european-championships-2022	U21 Women -53kg	R32	106	MAYER Leonie	GER	BOKAN Andrea	SRB	PTF	2:1
tirana-u21-european-championships-2022	U21 Women -53kg	R32	107	GEORGIEVA Aleksandra	BUL	HOY Lily	GBR	PTF	2:0
tirana-u21-european-championships-2022	U21 Women -53kg	R32	108	KARABATIC Nika	CRO	GEORGIANA Mihai	ROU	PTF	2:0
tirana-u21-european-championships-2022	U21 Women -53kg	R32	206	HAMMICH Amina	NOR	IYIN Meryem Elif	TUR	PTF	2:0
tirana-u21-european-championships-2022	U21 Women -53kg	R32	207	KOSEOGLU Seyma	TUR	GARBETT Latisha	GBR	PTF	2:0
tirana-u21-european-championships-2022	U21 Women -53kg	R32	208	SCARABELLO Martina	ITA	MUSICKI Jovana	SRB	PTF	2:0
tirana-u21-european-championships-2022	U21 Women -53kg	R32	306	HERNANDEZ Elsa	ESP	KRAISNIK Katarina	BIH	PTF	2:0
tirana-u21-european-championships-2022	U21 Women -53kg	R32	307	DUVANCIC IVANA	CRO	PREISS Noa	ISR	PTF	2:0
tirana-u21-european-championships-2022	U21 Women -53kg	R32	308	ROMANENKO Mariia	UKR	TEGGERI Markella	CYP	PTF	2:0
tirana-u21-european-championships-2022	U21 Women -53kg	R32	405	DINKOVIC Lena	CRO	BONALS ANARTE Laura	ESP	PTF	2:1
tirana-u21-european-championships-2022	U21 Women -53kg	R32	406	OZBEY Oyku	TUR	LEHTO Sonja	FIN	PTF	2:0
tirana-u21-european-championships-2022	U21 Women -53kg	R32	407	LYNGBAEK Louise	DEN	SHABAJ Enisa	ALB	PTF	2:1
tirana-u21-european-championships-2022	U21 Women -53kg	R32	408	FERNANDEZ Nerea	ESP	ASIMI Adiba	GER	PTF	2:1
tirana-u21-european-championships-2022	U21 Women -53kg	R32	505	DUJMIC Helena	CRO	KAOURTISHI Nagia	CYP	PTF	2:0
tirana-u21-european-championships-2022	U21 Women -53kg	R32	506	MENDOZA Shantelle	DEN	UZUNOVIC Katarina	SRB	PTF	2:0
tirana-u21-european-championships-2022	U21 Women -53kg	R32	507	YLONEN Jenna	FIN	KAMKASOUMPHOU Lenya	FRA	PTF	2:0
tirana-u21-european-championships-2022	U21 Women -53kg	R16	114	OZBEY Oyku	TUR	HERNANDEZ Elsa	ESP	PTF	2:1
tirana-u21-european-championships-2022	U21 Women -53kg	R16	115	ROMANENKO Mariia	UKR	FERNANDEZ Nerea	ESP	PTF	2:1
tirana-u21-european-championships-2022	U21 Women -53kg	R16	214	MENDOZA Shantelle	DEN	GEORGIEVA Aleksandra	BUL	PTF	2:0
tirana-u21-european-championships-2022	U21 Women -53kg	R16	314	DUVANCIC IVANA	CRO	KOSEOGLU Seyma	TUR	PTF	2:0
tirana-u21-european-championships-2022	U21 Women -53kg	R16	413	DUJMIC Helena	CRO	DINKOVIC Lena	CRO	PTF	2:0
tirana-u21-european-championships-2022	U21 Women -53kg	R16	414	LYNGBAEK Louise	DEN	YLONEN Jenna	FIN	PTF	2:1
tirana-u21-european-championships-2022	U21 Women -53kg	R16	513	HAMMICH Amina	NOR	MAYER Leonie	GER	PTF	2:0
tirana-u21-european-championships-2022	U21 Women -53kg	R16	514	KARABATIC Nika	CRO	SCARABELLO Martina	ITA	PTF	2:0
tirana-u21-european-championships-2022	U21 Women -53kg	QF	118	DUVANCIC IVANA	CRO	LYNGBAEK Louise	DEN	PTF	2:0
tirana-u21-european-championships-2022	U21 Women -53kg	QF	218	KARABATIC Nika	CRO	ROMANENKO Mariia	UKR	PTF	2:0
tirana-u21-european-championships-2022	U21 Women -53kg	QF	417	HAMMICH Amina	NOR	DUJMIC Helena	CRO	PTF	2:0
tirana-u21-european-championships-2022	U21 Women -53kg	QF	517	OZBEY Oyku	TUR	MENDOZA Shantelle	DEN	PTF	2:1
tirana-u21-european-championships-2022	U21 Women -53kg	SF	123	OZBEY Oyku	TUR	HAMMICH Amina	NOR	PTF	2:0
tirana-u21-european-championships-2022	U21 Women -53kg	SF	124	KARABATIC Nika	CRO	DUVANCIC IVANA	CRO	WDR	
tirana-u21-european-championships-2022	U21 Women -53kg	F	129	KARABATIC Nika	CRO	OZBEY Oyku	TUR	PTF	2:0
tirana-u21-european-championships-2022	U21 Men -74kg	R32	103	DOGRU Munir furkan	TUR	VAILEZOUDIS Michail	GRE	PTF	2:0
tirana-u21-european-championships-2022	U21 Men -74kg	R32	104	GAFAROV Eltaj	AZE	SASMAZTIN Ege	TUR	PTF	2:0
tirana-u21-european-championships-2022	U21 Men -74kg	R32	202	ALTINGOZ Cemil tarik	TUR	RICHARDSON Ryan	GBR	PTF	2:0
tirana-u21-european-championships-2022	U21 Men -74kg	R32	203	CHUMACHENKO Oleksandr	UKR	SALVADOR MARTINEZ Enric	ESP	PTF	2:1
tirana-u21-european-championships-2022	U21 Men -74kg	R32	204	SERRANO MACIAS Jesus	ESP	MIOVCIC Lazar	BIH	PTF	2:0
tirana-u21-european-championships-2022	U21 Men -74kg	R32	302	MILAN CANOVAS Juan antonio	ESP	STYLIANIDIS Aris	CYP	PTF	2:1
tirana-u21-european-championships-2022	U21 Men -74kg	R32	303	RUDERMAN Ilia	ISR	ESSALMI Ayoub	FRA	PTF	2:0
tirana-u21-european-championships-2022	U21 Men -74kg	R32	304	KINTSURASHVILI Zurab	GEO	KOVAC Ante	CRO	PTF	2:0
tirana-u21-european-championships-2022	U21 Men -74kg	R32	402	MYRELIS Georgios	GRE	HAKCANI Ardit	ALB	PTF	2:1
tirana-u21-european-championships-2022	U21 Men -74kg	R32	403	FLOUSKOUNIS Charalampos	GRE	SASSON Itamar	ISR	PTF	2:0
tirana-u21-european-championships-2022	U21 Men -74kg	R32	404	BUGUGNOLI Elia	ITA	SLOCOMBE Samuel	GBR	PTF	2:0
tirana-u21-european-championships-2022	U21 Men -74kg	R32	502	SANTAS Kadir	TUR	PERUNIČIĆ Vasilije	MNE	PTF	2:1
tirana-u21-european-championships-2022	U21 Men -74kg	R32	503	ZHUPIIOV Mykyta	UKR	LENART DRASKOVIC Leon	SLO	PTF	2:0
tirana-u21-european-championships-2022	U21 Men -74kg	R32	504	JOCHMAN Adam	CZE	KILIC Yigithan	TUR	PTF	2:0
tirana-u21-european-championships-2022	U21 Men -74kg	R16	111	ALTINGOZ Cemil tarik	TUR	MILINKOVIC Strahinja	SRB	PTF	2:0
tirana-u21-european-championships-2022	U21 Men -74kg	R16	112	GAFAROV Eltaj	AZE	SERRANO MACIAS Jesus	ESP	PTF	2:0
tirana-u21-european-championships-2022	U21 Men -74kg	R16	211	MILAN CANOVAS Juan antonio	ESP	MYRELIS Georgios	GRE	PTF	2:0
tirana-u21-european-championships-2022	U21 Men -74kg	R16	212	KINTSURASHVILI Zurab	GEO	BUGUGNOLI Elia	ITA	PTF	2:0
tirana-u21-european-championships-2022	U21 Men -74kg	R16	311	SANTAS Kadir	TUR	DOGRU Munir furkan	TUR	PTF	2:0
tirana-u21-european-championships-2022	U21 Men -74kg	R16	312	TAKOV Stefan	SRB	JOCHMAN Adam	CZE	PTF	2:0
tirana-u21-european-championships-2022	U21 Men -74kg	R16	411	RUDERMAN Ilia	ISR	CHUMACHENKO Oleksandr	UKR	PTF	2:0
tirana-u21-european-championships-2022	U21 Men -74kg	R16	511	FLOUSKOUNIS Charalampos	GRE	ZHUPIIOV Mykyta	UKR	PTF	2:0
tirana-u21-european-championships-2022	U21 Men -74kg	QF	118	TAKOV Stefan	SRB	KINTSURASHVILI Zurab	GEO	PTF	2:1
tirana-u21-european-championships-2022	U21 Men -74kg	QF	317	ALTINGOZ Cemil tarik	TUR	MILAN CANOVAS Juan antonio	ESP	PTF	2:1
tirana-u21-european-championships-2022	U21 Men -74kg	QF	417	SANTAS Kadir	TUR	RUDERMAN Ilia	ISR	PTF	2:0
tirana-u21-european-championships-2022	U21 Men -74kg	QF	517	GAFAROV Eltaj	AZE	FLOUSKOUNIS Charalampos	GRE	PTF	2:1
tirana-u21-european-championships-2022	U21 Men -74kg	SF	123	ALTINGOZ Cemil tarik	TUR	SANTAS Kadir	TUR	PTF	2:0
tirana-u21-european-championships-2022	U21 Men -74kg	SF	124	TAKOV Stefan	SRB	GAFAROV Eltaj	AZE	PTF	2:0
tirana-u21-european-championships-2022	U21 Men -74kg	F	130	TAKOV Stefan	SRB	ALTINGOZ Cemil tarik	TUR	PTF	2:1
tirana-u21-european-championships-2022	U21 Men -54kg	R64	101	BELLO MUNOZ David	ESP	LO Marco	ITA	PTF	2:0
tirana-u21-european-championships-2022	U21 Men -54kg	R64	102	MARWAN Ebrahim	SWE	HOVSEPYAN Aram	ARM	PTF	2:0
tirana-u21-european-championships-2022	U21 Men -54kg	R64	201	DIMITROPOULOS Konstantinos	GRE	VALIYEV Rahid	AZE	PTF	2:1
tirana-u21-european-championships-2022	U21 Men -54kg	R64	301	MOLLE Milan	NED	BRIERE Alessandro	FRA	PTF	2:0
tirana-u21-european-championships-2022	U21 Men -54kg	R64	401	MEHLMANN Daniel	GER	BARKOF Alexandros	GRE	PTF	2:1
tirana-u21-european-championships-2022	U21 Men -54kg	R64	501	DADASHOV Sayyad	AZE	IVKOVIC Relja	SRB	PTF	2:0
tirana-u21-european-championships-2022	U21 Men -54kg	R32	108	MELIKYAN Aleks	ARM	GUR Selim	TUR	PTF	2:1
tirana-u21-european-championships-2022	U21 Men -54kg	R32	109	MERDANAJ Ernest	ALB	JIMENEZ Marcos	ESP	PTF	2:1
tirana-u21-european-championships-2022	U21 Men -54kg	R32	110	DADASHOV Sayyad	AZE	BULAVCA Artiom	MDA	PTF	2:0
tirana-u21-european-championships-2022	U21 Men -54kg	R32	208	ADEMI Bleron	SWE	STEPANIUK Maksym	UKR	PTF	2:0
tirana-u21-european-championships-2022	U21 Men -54kg	R32	209	MOLLE Milan	NED	AKHALADZE Data	GEO	PTF	2:0
tirana-u21-european-championships-2022	U21 Men -54kg	R32	210	MOLJ Domen	SLO	ZAINO Tommaso	ITA	PTF	2:0
tirana-u21-european-championships-2022	U21 Men -54kg	R32	308	TRIANTAFYLLOU Dimitrios	GRE	DOS SANTOS Diego	POR	PTF	2:0
tirana-u21-european-championships-2022	U21 Men -54kg	R32	309	ALESIO CAPOLINI Mathis	FRA	MEHLMANN Daniel	GER	PTF	2:0
tirana-u21-european-championships-2022	U21 Men -54kg	R32	310	POLIMOS Panagiotis Belos	GRE	DINGES Samuel	AUT	PTF	2:0
tirana-u21-european-championships-2022	U21 Men -54kg	R32	408	DIMITROPOULOS Konstantinos	GRE	ABDEL HALIM Khaled	GER	PTF	2:1
tirana-u21-european-championships-2022	U21 Men -54kg	R32	409	LIKOMETI Tedi	ALB	ANDRONIKOU Kyriakos	CYP	PTF	2:0
tirana-u21-european-championships-2022	U21 Men -54kg	R32	410	SARSOZA Zack	GBR	MANENKOV Maksym	UKR	PTF	2:0
tirana-u21-european-championships-2022	U21 Men -54kg	R32	507	BELLO MUNOZ David	ESP	SAAL Rynald	FRA	PTF	2:1
tirana-u21-european-championships-2022	U21 Men -54kg	R32	508	BALABAN Server	TUR	TOROPOV Oleksandr	UKR	PTF	2:0
tirana-u21-european-championships-2022	U21 Men -54kg	R32	509	CAN Haktan	TUR	PATISHI Ori	ISR	PTF	2:1
tirana-u21-european-championships-2022	U21 Men -54kg	R32	510	MARWAN Ebrahim	SWE	ESCOLAR PARRA Ivan	ESP	PTF	2:0
tirana-u21-european-championships-2022	U21 Men -54kg	R16	116	ADEMI Bleron	SWE	TRIANTAFYLLOU Dimitrios	GRE	PTF	2:0
tirana-u21-european-championships-2022	U21 Men -54kg	R16	117	MOLJ Domen	SLO	POLIMOS Panagiotis Belos	GRE	PTF	2:1
tirana-u21-european-championships-2022	U21 Men -54kg	R16	216	DIMITROPOULOS Konstantinos	GRE	BALABAN Server	TUR	PTF	2:1
tirana-u21-european-championships-2022	U21 Men -54kg	R16	217	MARWAN Ebrahim	SWE	SARSOZA Zack	GBR	PTF	2:0
tirana-u21-european-championships-2022	U21 Men -54kg	R16	316	MOLLE Milan	NED	MERDANAJ Ernest	ALB	PTF	2:0
tirana-u21-european-championships-2022	U21 Men -54kg	R16	416	LIKOMETI Tedi	ALB	ALESIO CAPOLINI Mathis	FRA	PTF	2:0
tirana-u21-european-championships-2022	U21 Men -54kg	R16	515	BELLO MUNOZ David	ESP	MELIKYAN Aleks	ARM	PTF	2:0
tirana-u21-european-championships-2022	U21 Men -54kg	R16	516	DADASHOV Sayyad	AZE	CAN Haktan	TUR	PTF	2:0
tirana-u21-european-championships-2022	U21 Men -54kg	QF	120	MOLLE Milan	NED	DIMITROPOULOS Konstantinos	GRE	PTF	2:0
tirana-u21-european-championships-2022	U21 Men -54kg	QF	220	DADASHOV Sayyad	AZE	LIKOMETI Tedi	ALB	PTF	2:0
tirana-u21-european-championships-2022	U21 Men -54kg	QF	320	MARWAN Ebrahim	SWE	MOLJ Domen	SLO	PTF	2:0
tirana-u21-european-championships-2022	U21 Men -54kg	QF	519	ADEMI Bleron	SWE	BELLO MUNOZ David	ESP	PTF	2:0
tirana-u21-european-championships-2022	U21 Men -54kg	SF	127	MOLLE Milan	NED	ADEMI Bleron	SWE	PTF	2:0
tirana-u21-european-championships-2022	U21 Men -54kg	SF	128	DADASHOV Sayyad	AZE	MARWAN Ebrahim	SWE	WDR	
tirana-u21-european-championships-2022	U21 Men -54kg	F	132	DADASHOV Sayyad	AZE	MOLLE Milan	NED	PTF	2:1
tirana-u21-european-championships-2022	U21 Women -57kg	R32	105	KOUTROUMPI Kalliopi	GRE	KOZLICA Nika	CRO	PTF	2:0
tirana-u21-european-championships-2022	U21 Women -57kg	R32	106	CARABIN Kanelya	FRA	RODRIGUEZ MARQUINA Laura	ESP	PTF	2:1
tirana-u21-european-championships-2022	U21 Women -57kg	R32	107	STAMELLOU Georgia	GRE	DULGER Elif Sudem	TUR	PTF	2:0
tirana-u21-european-championships-2022	U21 Women -57kg	R32	205	POLYCHRONI Konstan	GRE	RAPOSA Csenge Zsof	HUN	PTF	2:0
tirana-u21-european-championships-2022	U21 Women -57kg	R32	206	KALTEKI Faidra	GRE	STAMENKOVIC Teodora	SRB	PTF	2:1
tirana-u21-european-championships-2022	U21 Women -57kg	R32	207	SPEHAR Lea	CRO	CIROVIC Petra	SRB	PTF	2:1
tirana-u21-european-championships-2022	U21 Women -57kg	R32	305	MARIC Ela	SRB	ROVITHIS Anastasia	GER	PTF	2:0
tirana-u21-european-championships-2022	U21 Women -57kg	R32	306	TORRES TENA Elena	ESP	KARKASI Aikaterini	GRE	PTF	2:0
tirana-u21-european-championships-2022	U21 Women -57kg	R32	307	POPOSKA Sanja	MKD	CHALCAKOVA Natalia	SVK	PTF	2:0
tirana-u21-european-championships-2022	U21 Women -57kg	R32	405	OZBEY Ozge	TUR	KOMATINA Andrea	MNE	PTF	2:0
tirana-u21-european-championships-2022	U21 Women -57kg	R32	406	CHRISTY Beth	GBR	AJDUKOVIC Vesna	SRB	PTF	3:0
tirana-u21-european-championships-2022	U21 Women -57kg	R32	407	REPOULIA Athanasia	GRE	ACHILLEOS Antreana	CYP	PTF	2:0
tirana-u21-european-championships-2022	U21 Women -57kg	R32	505	KOSTENEVYCH Darya	UKR	ELLIS Amelia	GBR	PTF	2:0
tirana-u21-european-championships-2022	U21 Women -57kg	R32	506	MAKRYGIANNI Athina	GRE	KRUSH Diana	UKR	PTF	2:0
tirana-u21-european-championships-2022	U21 Women -57kg	R16	113	OZBEY Ozge	TUR	KOSTENEVYCH Darya	UKR	PTF	2:1
tirana-u21-european-championships-2022	U21 Women -57kg	R16	114	REPOULIA Athanasia	GRE	NTOUFA Eleni	GRE	PTF	2:0
tirana-u21-european-championships-2022	U21 Women -57kg	R16	213	KALTEKI Faidra	GRE	CARABIN Kanelya	FRA	PTF	2:0
tirana-u21-european-championships-2022	U21 Women -57kg	R16	313	TORRES TENA Elena	ESP	CHRISTY Beth	GBR	PTF	2:0
tirana-u21-european-championships-2022	U21 Women -57kg	R16	412	ZDERO Petra	BIH	KOUTROUMPI Kalliopi	GRE	PTF	2:1
tirana-u21-european-championships-2022	U21 Women -57kg	R16	413	MAKRYGIANNI Athina	GRE	STAMELLOU Georgia	GRE	PTF	2:0
tirana-u21-european-championships-2022	U21 Women -57kg	R16	512	POLYCHRONI Konstan	GRE	MARIC Ela	SRB	PTF	2:1
tirana-u21-european-championships-2022	U21 Women -57kg	R16	513	SPEHAR Lea	CRO	POPOSKA Sanja	MKD	PTF	2:0
tirana-u21-european-championships-2022	U21 Women -57kg	QF	218	POLYCHRONI Konstan	GRE	ZDERO Petra	BIH	PTF	2:0
tirana-u21-european-championships-2022	U21 Women -57kg	QF	318	OZBEY Ozge	TUR	KALTEKI Faidra	GRE	PTF	2:0
tirana-u21-european-championships-2022	U21 Women -57kg	QF	418	TORRES TENA Elena	ESP	MAKRYGIANNI Athina	GRE	PTF	2:1
tirana-u21-european-championships-2022	U21 Women -57kg	QF	518	SPEHAR Lea	CRO	REPOULIA Athanasia	GRE	PTF	2:1
tirana-u21-european-championships-2022	U21 Women -57kg	SF	125	OZBEY Ozge	TUR	POLYCHRONI Konstan	GRE	PTF	2:0
tirana-u21-european-championships-2022	U21 Women -57kg	SF	126	TORRES TENA Elena	ESP	SPEHAR Lea	CRO	PTF	2:0
tirana-u21-european-championships-2022	U21 Women -57kg	F	131	OZBEY Ozge	TUR	TORRES TENA Elena	ESP	WDR	2:1
tirana-u21-european-championships-2022	U21 Women +73kg	R16	115	CURCOVICH Ornella	FRA	ARSLAN Fatma	TUR	PTF	2:0
tirana-u21-european-championships-2022	U21 Women +73kg	R16	214	SAGLIK Ayselnur	TUR	RIVADULLA LORENZO Desiree	ESP	PTF	2:0
tirana-u21-european-championships-2022	U21 Women +73kg	R16	215	KITSIOU Agoritsa artemia	GRE	HUSOVIC Esmeralda	GER	PTF	2:0
tirana-u21-european-championships-2022	U21 Women +73kg	R16	314	TYMOFIEIEVA Mariia	UKR	TSONTAKI Maria	GRE	PTF	2:0
tirana-u21-european-championships-2022	U21 Women +73kg	R16	315	PADLA Orsolya	HUN	PODOLIAN Renata	UKR	PTF	2:0
tirana-u21-european-championships-2022	U21 Women +73kg	R16	414	KARIMOVA Medina	GER	KONSTANTONI Georgi	GRE	PTF	2:0
tirana-u21-european-championships-2022	U21 Women +73kg	R16	415	HAREMZA Dagmara	POL	PETANJEK NIKA	CRO	PTF	2:0
tirana-u21-european-championships-2022	U21 Women +73kg	R16	514	UZUNCAVDAR Sude yaren	TUR	HAMADACHE Emna	FRA	PTF	2:0
tirana-u21-european-championships-2022	U21 Women +73kg	QF	119	SAGLIK Ayselnur	TUR	TYMOFIEIEVA Mariia	UKR	PTF	2:0
tirana-u21-european-championships-2022	U21 Women +73kg	QF	219	UZUNCAVDAR Sude yaren	TUR	KARIMOVA Medina	GER	PTF	2:0
tirana-u21-european-championships-2022	U21 Women +73kg	QF	319	KITSIOU Agoritsa artemia	GRE	CURCOVICH Ornella	FRA	PTF	2:0
tirana-u21-european-championships-2022	U21 Women +73kg	QF	419	HAREMZA Dagmara	POL	PADLA Orsolya	HUN	PTF	2:0
tirana-u21-european-championships-2022	U21 Women +73kg	SF	121	UZUNCAVDAR Sude yaren	TUR	SAGLIK Ayselnur	TUR	PTF	2:0
tirana-u21-european-championships-2022	U21 Women +73kg	SF	122	HAREMZA Dagmara	POL	KITSIOU Agoritsa artemia	GRE	PTF	2:1
tirana-u21-european-championships-2022	U21 Women +73kg	F	129	HAREMZA Dagmara	POL	UZUNCAVDAR Sude yaren	TUR	PTF	2:1
tirana-u21-european-championships-2022	U21 Men -87kg	R32	108	LIPATOV Ilya	UKR	AMER ALI Hassan	DEN	PTF	2:1
tirana-u21-european-championships-2022	U21 Men -87kg	R16	113	LIPATOV Ilya	UKR	TROITINO AMOEDO Sergio	ESP	PTF	2:0
tirana-u21-european-championships-2022	U21 Men -87kg	R16	114	SNACOV Laurentiu	ROU	PASHAEV Ozdjan	GEO	PTF	2:1
tirana-u21-european-championships-2022	U21 Men -87kg	R16	213	BILIC PAVLINOVIC Josip	CRO	MAKLENOVIC Mitar	SRB	PTF	2:0
tirana-u21-european-championships-2022	U21 Men -87kg	R16	214	CIFTCI Abdullah	GER	BUMIN Ahmet Vefa	TUR	PTF	2:0
tirana-u21-european-championships-2022	U21 Men -87kg	R16	313	TAPUTU Tama	FRA	SULEYMANOV Taleh	AZE	PTF	2:1
tirana-u21-european-championships-2022	U21 Men -87kg	R16	314	LLOPIS SANCHEZ Lucas	ESP	TRAJKOVSKI Damjan	MKD	PTF	2:0
tirana-u21-european-championships-2022	U21 Men -87kg	R16	413	THOLIOTIS Vasileios	GRE	LEPOROWSKI Maciej	POL	PTF	2:0
tirana-u21-european-championships-2022	U21 Men -87kg	R16	513	PAPADOPOULOS Ioannis	GRE	OTHMAN Taim	GBR	PTF	2:0
tirana-u21-european-championships-2022	U21 Men -87kg	QF	117	LIPATOV Ilya	UKR	BILIC PAVLINOVIC Josip	CRO	PTF	2:0
tirana-u21-european-championships-2022	U21 Men -87kg	QF	217	THOLIOTIS Vasileios	GRE	TAPUTU Tama	FRA	PTF	2:0
tirana-u21-european-championships-2022	U21 Men -87kg	QF	317	PAPADOPOULOS Ioannis	GRE	SNACOV Laurentiu	ROU	PTF	2:0
tirana-u21-european-championships-2022	U21 Men -87kg	QF	417	LLOPIS SANCHEZ Lucas	ESP	CIFTCI Abdullah	GER	PTF	2:0
tirana-u21-european-championships-2022	U21 Men -87kg	SF	120	THOLIOTIS Vasileios	GRE	LIPATOV Ilya	UKR	PTF	2:0
tirana-u21-european-championships-2022	U21 Men -87kg	SF	121	PAPADOPOULOS Ioannis	GRE	LLOPIS SANCHEZ Lucas	ESP	PTF	2:0
tirana-u21-european-championships-2022	U21 Men -87kg	F	127	THOLIOTIS Vasileios	GRE	PAPADOPOULOS Ioannis	GRE	PTF	2:1
tirana-u21-european-championships-2022	U21 Men -63kg	R32	105	MAIKOV Vladyslav	UKR	PAPPAS Lampros	GRE	PTF	2:1
tirana-u21-european-championships-2022	U21 Men -63kg	R32	106	ALAPHILIPPE Souleyman	FRA	USCIMIUK Sebastian	POL	PTF	2:1
tirana-u21-european-championships-2022	U21 Men -63kg	R32	107	CESLJAR Kevin	CRO	PAPIEROWSKI Dominik	POL	PTF	2:0
tirana-u21-european-championships-2022	U21 Men -63kg	R32	205	ABAD EXPOSITO Iker	ESP	PALOURTIS Charalampos	CYP	PTF	2:0
tirana-u21-european-championships-2022	U21 Men -63kg	R32	206	BIATETS Maksym	UKR	HORVATH Matej	SVK	PTF	2:0
tirana-u21-european-championships-2022	U21 Men -63kg	R32	207	STANIC Novak	SRB	ERER Berkay	TUR	PTF	2:0
tirana-u21-european-championships-2022	U21 Men -63kg	R32	305	BURUSIC Marko	SRB	HYTTEL Tobias	DEN	WDR	
tirana-u21-european-championships-2022	U21 Men -63kg	R32	306	BYSTROV Volodymyr	UKR	ROGOZHINE Egor	ISR	PTF	2:0
tirana-u21-european-championships-2022	U21 Men -63kg	R32	307	CERÓN Pablo	ESP	CAVUSMAN Emre	GER	PTF	2:1
tirana-u21-european-championships-2022	U21 Men -63kg	R32	405	TSIAOUSIS Marios	GRE	TURNER Rhys	GBR	PTF	2:0
tirana-u21-european-championships-2022	U21 Men -63kg	R32	406	JULES Nathan	FRA	TOZON jure	SLO	PTF	2:0
tirana-u21-european-championships-2022	U21 Men -63kg	R32	407	MIRZOIEV Simur	UKR	MRRUKU Denado	ALB	PTF	2:0
tirana-u21-european-championships-2022	U21 Men -63kg	R32	505	GENZEL Eitan	ISR	MILAN CANOVAS Jorge	ESP	PTF	2:0
tirana-u21-european-championships-2022	U21 Men -63kg	R32	506	ISKANDAROV Parviz	AZE	LUCKAUSKAS Ericas	GBR	PTF	2:0
tirana-u21-european-championships-2022	U21 Men -63kg	R32	507	PAPPA Rafael	GRE	VESTERLUND Linus	SWE	PTF	2:0
tirana-u21-european-championships-2022	U21 Men -63kg	R16	112	ALAPHILIPPE Souleyman	FRA	BIATETS Maksym	UKR	PTF	2:1
tirana-u21-european-championships-2022	U21 Men -63kg	R16	212	BYSTROV Volodymyr	UKR	JULES Nathan	FRA	PTF	2:1
tirana-u21-european-championships-2022	U21 Men -63kg	R16	311	MAIKOV Vladyslav	UKR	FALTMAN Albin	SWE	PTF	2:0
tirana-u21-european-championships-2022	U21 Men -63kg	R16	312	ISKANDAROV Parviz	AZE	CESLJAR Kevin	CRO	PTF	2:1
tirana-u21-european-championships-2022	U21 Men -63kg	R16	411	ABAD EXPOSITO Iker	ESP	BURUSIC Marko	SRB	PTF	2:0
tirana-u21-european-championships-2022	U21 Men -63kg	R16	412	CERÓN Pablo	ESP	STANIC Novak	SRB	PTF	2:0
tirana-u21-european-championships-2022	U21 Men -63kg	R16	511	GENZEL Eitan	ISR	TSIAOUSIS Marios	GRE	PTF	2:0
tirana-u21-european-championships-2022	U21 Men -63kg	R16	512	MIRZOIEV Simur	UKR	PAPPA Rafael	GRE	PTF	2:0
tirana-u21-european-championships-2022	U21 Men -63kg	QF	216	ABAD EXPOSITO Iker	ESP	MAIKOV Vladyslav	UKR	PTF	2:0
tirana-u21-european-championships-2022	U21 Men -63kg	QF	316	ALAPHILIPPE Souleyman	FRA	GENZEL Eitan	ISR	PTF	2:0
tirana-u21-european-championships-2022	U21 Men -63kg	QF	416	BYSTROV Volodymyr	UKR	ISKANDAROV Parviz	AZE	PTF	2:0
tirana-u21-european-championships-2022	U21 Men -63kg	QF	516	MIRZOIEV Simur	UKR	CERÓN Pablo	ESP	PTF	2:1
tirana-u21-european-championships-2022	U21 Men -63kg	SF	122	ALAPHILIPPE Souleyman	FRA	ABAD EXPOSITO Iker	ESP	PTF	2:0
tirana-u21-european-championships-2022	U21 Men -63kg	SF	123	BYSTROV Volodymyr	UKR	MIRZOIEV Simur	UKR	PTF	2:0
tirana-u21-european-championships-2022	U21 Men -63kg	F	128	ALAPHILIPPE Souleyman	FRA	BYSTROV Volodymyr	UKR	PTF	2:1
tirana-u21-european-championships-2022	U21 Women -67kg	R32	104	SANDIC Zorana	BIH	KARABELESKA Lea	SWE	PTF	2:0
tirana-u21-european-championships-2022	U21 Women -67kg	R32	203	FERNANDEZ INSA Julia	ESP	PATERSON Lucia	GBR	PTF	2:0
tirana-u21-european-championships-2022	U21 Women -67kg	R32	204	CECCANTINI Aurora	ITA	SJOBERG Frida	SWE	PTF	2:1
tirana-u21-european-championships-2022	U21 Women -67kg	R32	303	FREDERIKSEN Kathri	DEN	KHRYSTENKO Yelyzaveta	UKR	PTF	2:0
tirana-u21-european-championships-2022	U21 Women -67kg	R32	304	NILSEN Mari romundset	NOR	HOERMANN Emily	GER	PTF	2:0
tirana-u21-european-championships-2022	U21 Women -67kg	R32	403	OREC Ariana	CRO	MANOLARAKI Artemis	GRE	PTF	2:0
tirana-u21-european-championships-2022	U21 Women -67kg	R32	404	SARVANAKI Theopoula	GRE	HADDAD Khalida	FRA	PTF	2:0
tirana-u21-european-championships-2022	U21 Women -67kg	R32	503	ZIMMERLING Julika	GER	LJUBINKOVIC Anastasija	SLO	PTF	2:1
tirana-u21-european-championships-2022	U21 Women -67kg	R32	504	BOUGHRARA Chahraze	FIN	DUMINA Mariia	UKR	PTF	2:0
tirana-u21-european-championships-2022	U21 Women -67kg	R16	110	OREC Ariana	CRO	FREDERIKSEN Kathri	DEN	PTF	2:0
tirana-u21-european-championships-2022	U21 Women -67kg	R16	111	PERISIC Aleksandra	SRB	SARVANAKI Theopoula	GRE	PTF	2:0
tirana-u21-european-championships-2022	U21 Women -67kg	R16	210	BERISAJ Andela	MNE	ZIMMERLING Julika	GER	PTF	2:1
tirana-u21-european-championships-2022	U21 Women -67kg	R16	211	ZAFER Isil	TUR	BOUGHRARA Chahraze	FIN	PTF	2:0
tirana-u21-european-championships-2022	U21 Women -67kg	R16	310	SANDIC Zorana	BIH	GARCIA Ainhoa	ESP	PTF	2:1
tirana-u21-european-championships-2022	U21 Women -67kg	R16	410	MORENO REYES Lena	ESP	CECCANTINI Aurora	ITA	PTF	2:0
tirana-u21-european-championships-2022	U21 Women -67kg	R16	509	FERNANDEZ INSA Julia	ESP	GENCER Sila Nur	TUR	PTF	2:0
tirana-u21-european-championships-2022	U21 Women -67kg	R16	510	NILSEN Mari romundset	NOR	MINK Amy	NED	PTF	2:0
tirana-u21-european-championships-2022	U21 Women -67kg	QF	116	PERISIC Aleksandra	SRB	ZAFER Isil	TUR	PTF	2:0
tirana-u21-european-championships-2022	U21 Women -67kg	QF	315	OREC Ariana	CRO	FERNANDEZ INSA Julia	ESP	PTF	2:0
tirana-u21-european-championships-2022	U21 Women -67kg	QF	415	BERISAJ Andela	MNE	SANDIC Zorana	BIH	PTF	2:1
tirana-u21-european-championships-2022	U21 Women -67kg	QF	515	MORENO REYES Lena	ESP	NILSEN Mari romundset	NOR	PTF	2:1
tirana-u21-european-championships-2022	U21 Women -67kg	SF	118	OREC Ariana	CRO	BERISAJ Andela	MNE	PTF	2:0
tirana-u21-european-championships-2022	U21 Women -67kg	SF	119	PERISIC Aleksandra	SRB	MORENO REYES Lena	ESP	PTF	2:0
tirana-u21-european-championships-2022	U21 Women -67kg	F	126	PERISIC Aleksandra	SRB	OREC Ariana	CRO	PTF	2:0
tirana-u21-european-championships-2022	U21 Women -49kg	R32	101	MAESTRO Virginia	ITA	RODRIGUEZ Carlota	AND	PTF	2:0
tirana-u21-european-championships-2022	U21 Women -49kg	R32	102	BODEN Indra	SWE	DINC Irem	TUR	PTF	2:1
tirana-u21-european-championships-2022	U21 Women -49kg	R32	103	KAMKASOUMPHOU Maysane	FRA	LIÑAN PARDO Naiara	AND	PTF	2:0
tirana-u21-european-championships-2022	U21 Women -49kg	R32	201	ATESLI Supharada	GER	SARGANTANI Charikleia	GRE	PTF	2:1
tirana-u21-european-championships-2022	U21 Women -49kg	R32	202	KHOMENKO Yekateryna	UKR	FERREIRA Matilde	POR	PTF	2:1
tirana-u21-european-championships-2022	U21 Women -49kg	R32	301	KOSTOVA Nikolet	BUL	POURPOURIDOU Maria	CYP	PTF	2:0
tirana-u21-european-championships-2022	U21 Women -49kg	R32	302	TUKIC Mia	CRO	PAPAZOGLOU Eleni	GRE	PTF	2:0
tirana-u21-european-championships-2022	U21 Women -49kg	R32	401	KHOBTAR Sofiia	UKR	CASTILLO Jade theresa	DEN	PTF	2:1
tirana-u21-european-championships-2022	U21 Women -49kg	R32	402	SKOFIC Danaja	SLO	BAJAN Mihaela Nico	ROU	PTF	2:0
tirana-u21-european-championships-2022	U21 Women -49kg	R32	501	AKGUL Elif sude	TUR	KOKOSI Anastasia Nektaria	GRE	PTF	2:0
tirana-u21-european-championships-2022	U21 Women -49kg	R32	502	CEREZO IGLESIAS Adriana	ESP	MILIC Milica	SRB	PTF	2:0
tirana-u21-european-championships-2022	U21 Women -49kg	R16	109	BODEN Indra	SWE	LIGHTFOOT Ashleigh	GBR	PTF	2:1
tirana-u21-european-championships-2022	U21 Women -49kg	R16	208	MAESTRO Virginia	ITA	SENYURT Aleyna	TUR	PTF	2:1
tirana-u21-european-championships-2022	U21 Women -49kg	R16	209	TUKIC Mia	CRO	KHOMENKO Yekateryna	UKR	PTF	2:0
tirana-u21-european-championships-2022	U21 Women -49kg	R16	308	ATESLI Supharada	GER	KOSTOVA Nikolet	BUL	PTF	2:0
tirana-u21-european-championships-2022	U21 Women -49kg	R16	309	CEREZO IGLESIAS Adriana	ESP	SKOFIC Danaja	SLO	PTF	2:0
tirana-u21-european-championships-2022	U21 Women -49kg	R16	408	KHOBTAR Sofiia	UKR	HUSEYNLI Goncha	AZE	PTF	2:1
tirana-u21-european-championships-2022	U21 Women -49kg	R16	409	GUNDUZ Selen	TUR	KAMKASOUMPHOU Maysane	FRA	PTF	2:0
tirana-u21-european-championships-2022	U21 Women -49kg	R16	508	AKGUL Elif sude	TUR	CRINGLES Rachel	GBR	PTF	2:0
tirana-u21-european-championships-2022	U21 Women -49kg	QF	115	TUKIC Mia	CRO	BODEN Indra	SWE	PTF	2:1
tirana-u21-european-championships-2022	U21 Women -49kg	QF	215	CEREZO IGLESIAS Adriana	ESP	GUNDUZ Selen	TUR	PTF	2:0
tirana-u21-european-championships-2022	U21 Women -49kg	QF	414	ATESLI Supharada	GER	MAESTRO Virginia	ITA	PTF	2:0
tirana-u21-european-championships-2022	U21 Women -49kg	QF	514	AKGUL Elif sude	TUR	KHOBTAR Sofiia	UKR	PTF	2:0
tirana-u21-european-championships-2022	U21 Women -49kg	SF	124	ATESLI Supharada	GER	AKGUL Elif sude	TUR	PTF	2:0
tirana-u21-european-championships-2022	U21 Women -49kg	SF	125	CEREZO IGLESIAS Adriana	ESP	TUKIC Mia	CRO	PTF	2:0
tirana-u21-european-championships-2022	U21 Women -49kg	F	129	CEREZO IGLESIAS Adriana	ESP	ATESLI Supharada	GER	PTF	2:0
tirana-u21-european-championships-2022	U21 Men -68kg	R64	101	DEMIR Arslan	TUR	KRAJISNIK Zarko	SRB	PTF	2:0
tirana-u21-european-championships-2022	U21 Men -68kg	R64	201	PATINO POMBAL Pablo	ESP	DRAGOJEVIC Lazar	SRB	PTF	2:0
tirana-u21-european-championships-2022	U21 Men -68kg	R32	105	SALANOVA LISTE Adrian	ESP	KRASSOPOULOS Andreas	GRE	PTF	2:0
tirana-u21-european-championships-2022	U21 Men -68kg	R32	106	DAFNIS Nikolaos	GRE	BESPIATYI Mykyta	UKR	PTF	2:0
tirana-u21-european-championships-2022	U21 Men -68kg	R32	107	SETTA Hamad	DEN	PLAIPETCH-UNES Ale	NOR	PTF	2:1
tirana-u21-european-championships-2022	U21 Men -68kg	R32	205	SAKELLARIOU Christos	GRE	SVITLYCHNYI Oleksii	UKR	PTF	2:0
tirana-u21-european-championships-2022	U21 Men -68kg	R32	206	DZHORDZHEV Aleksandar	BUL	MIHAJLOVIC Milos	SRB	PTF	2:0
tirana-u21-european-championships-2022	U21 Men -68kg	R32	207	NGUILLA Yandric	FRA	DÁVASON Høgni	FRO	PTF	2:0
tirana-u21-european-championships-2022	U21 Men -68kg	R32	305	SARGSYAN Sargis	ARM	OCHIPNIUC Egor	MDA	PTF	2:1
tirana-u21-european-championships-2022	U21 Men -68kg	R32	306	PÖRSCH Jona	GER	CHOURIDIS Ilias	GRE	RSC	1:1
tirana-u21-european-championships-2022	U21 Men -68kg	R32	307	KORPE Omer furkan	TUR	AVIDAN Ben	ISR	PTF	2:0
tirana-u21-european-championships-2022	U21 Men -68kg	R32	405	DJONKO Muhamed	BIH	ROKADAKIS Ioannis	CYP	PTF	2:0
tirana-u21-european-championships-2022	U21 Men -68kg	R32	406	FRGOLEC Miroslav	SVK	WRIGHT Oakley	GBR	PTF	2:1
tirana-u21-european-championships-2022	U21 Men -68kg	R32	407	BOUGAS Alexios	GRE	MAMATOV Oleh	UKR	PTF	2:1
tirana-u21-european-championships-2022	U21 Men -68kg	R32	504	DEMIR Arslan	TUR	MAMMADLI Yashar	AZE	PTF	2:0
tirana-u21-european-championships-2022	U21 Men -68kg	R32	505	DAWOUD Omer Khaled	DEN	HOWELL Matthew	GBR	PTF	2:1
tirana-u21-european-championships-2022	U21 Men -68kg	R32	506	SITTEK Tomas	CZE	CHARALAMBOUS Evangelos	CYP	PTF	2:1
tirana-u21-european-championships-2022	U21 Men -68kg	R32	507	AGHAYEV Javad	AZE	PATINO POMBAL Pablo	ESP	PTF	2:1
tirana-u21-european-championships-2022	U21 Men -68kg	R16	112	DEMIR Arslan	TUR	SALANOVA LISTE Adrian	ESP	PTF	2:1
tirana-u21-european-championships-2022	U21 Men -68kg	R16	113	SITTEK Tomas	CZE	SETTA Hamad	DEN	PTF	2:0
tirana-u21-european-championships-2022	U21 Men -68kg	R16	212	SAKELLARIOU Christos	GRE	SARGSYAN Sargis	ARM	PTF	2:1
tirana-u21-european-championships-2022	U21 Men -68kg	R16	213	KORPE Omer furkan	TUR	NGUILLA Yandric	FRA	PTF	2:0
tirana-u21-european-championships-2022	U21 Men -68kg	R16	312	DAWOUD Omer Khaled	DEN	DJONKO Muhamed	BIH	PTF	2:0
tirana-u21-european-championships-2022	U21 Men -68kg	R16	313	AGHAYEV Javad	AZE	BOUGAS Alexios	GRE	PTF	2:0
tirana-u21-european-championships-2022	U21 Men -68kg	R16	412	DZHORDZHEV Aleksandar	BUL	DAFNIS Nikolaos	GRE	PTF	2:0
tirana-u21-european-championships-2022	U21 Men -68kg	R16	512	PÖRSCH Jona	GER	FRGOLEC Miroslav	SVK	PTF	2:0
tirana-u21-european-championships-2022	U21 Men -68kg	QF	116	DEMIR Arslan	TUR	SAKELLARIOU Christos	GRE	PTF	2:1
tirana-u21-european-championships-2022	U21 Men -68kg	QF	216	DZHORDZHEV Aleksandar	BUL	DAWOUD Omer Khaled	DEN	PTF	2:0
tirana-u21-european-championships-2022	U21 Men -68kg	QF	316	PÖRSCH Jona	GER	SITTEK Tomas	CZE	PTF	2:0
tirana-u21-european-championships-2022	U21 Men -68kg	QF	416	AGHAYEV Javad	AZE	KORPE Omer furkan	TUR	PTF	2:0
tirana-u21-european-championships-2022	U21 Men -68kg	SF	118	DEMIR Arslan	TUR	DZHORDZHEV Aleksandar	BUL	PTF	2:0
tirana-u21-european-championships-2022	U21 Men -68kg	SF	218	AGHAYEV Javad	AZE	PÖRSCH Jona	GER	PTF	2:0
tirana-u21-european-championships-2022	U21 Men -68kg	F	119	DEMIR Arslan	TUR	AGHAYEV Javad	AZE	PTF	2:1
tirana-u21-european-championships-2022	U21 Men +87kg	R16	211	DIMITRAKOPOULOS Filippos	GRE	BARUN Daniel	CRO	PTF	2:0
tirana-u21-european-championships-2022	U21 Men +87kg	R16	311	DZOZ Vladyslav	UKR	BRINK Kevin	SWE	PTG	2:0
tirana-u21-european-championships-2022	U21 Men +87kg	R16	411	TOKGOZ Oguz	TUR	PEREZ CAMPOS Andreu	ESP	PTF	2:1
tirana-u21-european-championships-2022	U21 Men +87kg	R16	511	BOUKLAS Petros	GRE	POPOV Theodoros	CYP	PTF	2:0
tirana-u21-european-championships-2022	U21 Men +87kg	QF	215	DIMITRAKOPOULOS Filippos	GRE	ANDREOU Petros	CYP	PTF	2:0
tirana-u21-european-championships-2022	U21 Men +87kg	QF	315	DZOZ Vladyslav	UKR	BOUTSIARAKOS Dimit	GRE	PTF	2:1
tirana-u21-european-championships-2022	U21 Men +87kg	QF	415	FARMAKAS Erik	SWE	TOKGOZ Oguz	TUR	PTF	2:1
tirana-u21-european-championships-2022	U21 Men +87kg	QF	515	BOZIC Pasko	CRO	BOUKLAS Petros	GRE	WDR	
tirana-u21-european-championships-2022	U21 Men +87kg	SF	417	DZOZ Vladyslav	UKR	DIMITRAKOPOULOS Filippos	GRE	PTF	2:1
tirana-u21-european-championships-2022	U21 Men +87kg	SF	517	BOZIC Pasko	CRO	FARMAKAS Erik	SWE	PTF	2:0
tirana-u21-european-championships-2022	U21 Men +87kg	F	518	BOZIC Pasko	CRO	DZOZ Vladyslav	UKR	PTF	2:0
tirana-u21-european-championships-2022	U21 Women -62kg	R32	102	SZPAK Julia	POL	CHRISTOFORIDI Stef	CYP	PTF	2:0
tirana-u21-european-championships-2022	U21 Women -62kg	R32	202	ENGSTROM Anna	SWE	HOVHANNISYAN Meline	ARM	PTF	2:0
tirana-u21-european-championships-2022	U21 Women -62kg	R32	301	LIPATOVA Juliana	UKR	LIAKATA Ifigeneia	GRE	PTF	
tirana-u21-european-championships-2022	U21 Women -62kg	R32	401	RELJIKJ Miljana	MKD	MAJIDOVA Fatima	AZE	PTF	2:0
tirana-u21-european-championships-2022	U21 Women -62kg	R32	501	MARTON Luana	HUN	CHRISTOU Eftichia	CYP	PTF	2:0
tirana-u21-european-championships-2022	U21 Women -62kg	R16	108	LIPATOVA Juliana	UKR	ANDERSSON Tindra	SWE	PTF	2:0
tirana-u21-european-championships-2022	U21 Women -62kg	R16	109	KICEMA Helena	CRO	MONTEMUIÑO MARTINEZ Irene	ESP	PTF	2:1
tirana-u21-european-championships-2022	U21 Women -62kg	R16	208	NAZAROVA Iulia	MDA	LEE Ruby	GBR	PTF	2:0
tirana-u21-european-championships-2022	U21 Women -62kg	R16	209	MARENTAKI Styliani	GRE	DOUCET Teeyah	FRA	PTF	2:0
tirana-u21-european-championships-2022	U21 Women -62kg	R16	308	RELJIKJ Miljana	MKD	HAGELBERG Vilma	FIN	RSC	1:1
tirana-u21-european-championships-2022	U21 Women -62kg	R16	309	GOGEBAKAN Huru gokce	TUR	ENGSTROM Anna	SWE	PTF	2:1
tirana-u21-european-championships-2022	U21 Women -62kg	R16	408	MARTON Luana	HUN	CAKAL Sevval	TUR	PTF	2:0
tirana-u21-european-championships-2022	U21 Women -62kg	R16	508	SZPAK Julia	POL	KARABULUT Beyza	TUR	PTF	2:0
tirana-u21-european-championships-2022	U21 Women -62kg	QF	114	KICEMA Helena	CRO	SZPAK Julia	POL	PTF	2:0
tirana-u21-european-championships-2022	U21 Women -62kg	QF	214	MARENTAKI Styliani	GRE	GOGEBAKAN Huru gokce	TUR	PTF	2:0
tirana-u21-european-championships-2022	U21 Women -62kg	QF	413	NAZAROVA Iulia	MDA	LIPATOVA Juliana	UKR	PTF	2:1
tirana-u21-european-championships-2022	U21 Women -62kg	QF	513	MARTON Luana	HUN	RELJIKJ Miljana	MKD	PTF	2:0
tirana-u21-european-championships-2022	U21 Women -62kg	SF	117	KICEMA Helena	CRO	MARENTAKI Styliani	GRE	RSC	1:0
tirana-u21-european-championships-2022	U21 Women -62kg	SF	516	MARTON Luana	HUN	NAZAROVA Iulia	MDA	PTF	2:0
tirana-u21-european-championships-2022	U21 Women -62kg	F	318	MARTON Luana	HUN	KICEMA Helena	CRO	PTF	2:0
tirana-u21-european-championships-2022	U21 Women -46kg	R32	103	BUTTARELLI Aurelie	FRA	MALECKA Lena	POL	PTF	2:0
tirana-u21-european-championships-2022	U21 Women -46kg	R32	104	AGHAYEVA Sona	AZE	RAJKOVSKA Frosina	MKD	PTF	2:0
tirana-u21-european-championships-2022	U21 Women -46kg	R32	203	HTUT Eve	GBR	ONER Fatmanur	TUR	PTF	2:0
tirana-u21-european-championships-2022	U21 Women -46kg	R32	204	GARCIA MARQUINA Sofia	ESP	KILINC Halime Nesl	TUR	PTF	2:0
tirana-u21-european-championships-2022	U21 Women -46kg	R32	302	PANTOU Despoina	GRE	BRYHIDA Erika	UKR	PTF	2:0
tirana-u21-european-championships-2022	U21 Women -46kg	R32	303	KOLAREK Nika	CRO	ETTELBRUCK Lilly	GER	PTF	2:0
tirana-u21-european-championships-2022	U21 Women -46kg	R32	304	NAHURNA Viktoriia	UKR	KARYDI Melina	GRE	PTF	2:0
tirana-u21-european-championships-2022	U21 Women -46kg	R32	402	JIMENEZ MONTERO Ana	ESP	KATSIMICHA Georgia	GRE	PTF	2:0
tirana-u21-european-championships-2022	U21 Women -46kg	R32	403	OZKEN Aleyna	GER	KOKKINOU Konstantina	CYP	PTF	2:0
tirana-u21-european-championships-2022	U21 Women -46kg	R32	404	ZANZI Imene	FRA	BAKALI Ilianna	GRE	PTF	2:1
tirana-u21-european-championships-2022	U21 Women -46kg	R32	502	KOMNENOVIC Lana	SRB	REHANI Dalya	FRA	PTF	2:1
tirana-u21-european-championships-2022	U21 Women -46kg	R32	503	KESGIN Tuvanna nazli	TUR	BERDAH Zohar Rose	ISR	PTF	2:0
tirana-u21-european-championships-2022	U21 Women -46kg	R16	110	BUTTARELLI Aurelie	FRA	HTUT Eve	GBR	PTF	2:1
tirana-u21-european-championships-2022	U21 Women -46kg	R16	111	BERTAGNIN Elisa	ITA	ZANZI Imene	FRA	PTF	2:0
tirana-u21-european-championships-2022	U21 Women -46kg	R16	210	KOLAREK Nika	CRO	NTINAJ Anisa	GRE	PTF	2:0
tirana-u21-european-championships-2022	U21 Women -46kg	R16	310	MYTILINIOU Magdali	GRE	OZKEN Aleyna	GER	PTF	2:0
tirana-u21-european-championships-2022	U21 Women -46kg	R16	409	PANTOU Despoina	GRE	BADIOLI Elisabetta	ITA	PTF	2:0
tirana-u21-european-championships-2022	U21 Women -46kg	R16	410	KESGIN Tuvanna nazli	TUR	AGHAYEVA Sona	AZE	PTF	2:1
tirana-u21-european-championships-2022	U21 Women -46kg	R16	509	JIMENEZ MONTERO Ana	ESP	KOMNENOVIC Lana	SRB	PTF	2:0
tirana-u21-european-championships-2022	U21 Women -46kg	R16	510	NAHURNA Viktoriia	UKR	GARCIA MARQUINA Sofia	ESP	PTF	2:0
tirana-u21-european-championships-2022	U21 Women -46kg	QF	115	NAHURNA Viktoriia	UKR	BERTAGNIN Elisa	ITA	PTF	2:0
tirana-u21-european-championships-2022	U21 Women -46kg	QF	314	PANTOU Despoina	GRE	JIMENEZ MONTERO Ana	ESP	PTF	2:1
tirana-u21-european-championships-2022	U21 Women -46kg	QF	414	KOLAREK Nika	CRO	BUTTARELLI Aurelie	FRA	PTF	2:0
tirana-u21-european-championships-2022	U21 Women -46kg	QF	514	KESGIN Tuvanna nazli	TUR	MYTILINIOU Magdali	GRE	PTF	2:0
tirana-u21-european-championships-2022	U21 Women -46kg	SF	217	PANTOU Despoina	GRE	KOLAREK Nika	CRO	PTF	2:1
tirana-u21-european-championships-2022	U21 Women -46kg	SF	317	NAHURNA Viktoriia	UKR	KESGIN Tuvanna nazli	TUR	WDR	2:1
tirana-u21-european-championships-2022	U21 Women -46kg	F	418	NAHURNA Viktoriia	UKR	PANTOU Despoina	GRE	PTF	2:1
albania-open-2022	Senior Men -87kg	R16	605	PAPADOPOULOS Ioannis	GRE	SAKALLIOGLU Mahir	TUR	PTF	2:1
albania-open-2022	Senior Men -87kg	R16	606	NUCI Erol	BIH	GOMIS Païvou johnouario	GBS	PTF	2:0
albania-open-2022	Senior Men -87kg	R16	607	EL Ilies	FRA	CIFTCI Abdullah	GER	WDR	
albania-open-2022	Senior Men -87kg	QF	617	MARTINEZ GARCIA Raul	ESP	PAPADOPOULOS Ioannis	GRE	PTF	2:1
albania-open-2022	Senior Men -87kg	QF	618	SULEYMANOV Taleh	AZE	KHODABAKHSHI Mahdi	SRB	PTF	2:1
albania-open-2022	Senior Men -87kg	QF	619	DODEVSKI Filip	MKD	NUCI Erol	BIH	PTF	2:0
albania-open-2022	Senior Men -87kg	QF	620	BOTTA Roberto	ITA	EL Ilies	FRA	PTF	2:0
albania-open-2022	Senior Men -87kg	SF	631	SULEYMANOV Taleh	AZE	MARTINEZ GARCIA Raul	ESP	WDR	1:0
albania-open-2022	Senior Men -87kg	SF	632	DODEVSKI Filip	MKD	BOTTA Roberto	ITA	WDR	
albania-open-2022	Senior Men -87kg	F	639	SULEYMANOV Taleh	AZE	DODEVSKI Filip	MKD	PTF	2:1
albania-open-2022	Senior Men -80kg	R16	601	JOCHMAN Adam	CZE	STAMENOV Filip	MKD	PTF	2:0
albania-open-2022	Senior Men -80kg	R16	602	NIKOLIC Matej	CRO	SASSON Itamar	ISR	PTF	2:0
albania-open-2022	Senior Men -80kg	QF	609	TELIKOSTOGLOU Apostolos	GRE	JOCHMAN Adam	CZE	PTF	2:0
albania-open-2022	Senior Men -80kg	QF	610	HRNIC Edi	DEN	KOSTENEVYCH Kostiantyn	UKR	PTF	2:0
albania-open-2022	Senior Men -80kg	QF	611	KRPAN Vito	CRO	BOUZID SOUIHILI Ismael	FRA	PTF	2:0
albania-open-2022	Senior Men -80kg	QF	612	NIKOLIC Matej	CRO	CINTADO ARTECHE Jon	ESP	PTF	2:0
albania-open-2022	Senior Men -80kg	SF	627	TELIKOSTOGLOU Apostolos	GRE	HRNIC Edi	DEN	WDR	
albania-open-2022	Senior Men -80kg	SF	628	NIKOLIC Matej	CRO	KRPAN Vito	CRO	PTF	2:0
albania-open-2022	Senior Men -80kg	F	637	TELIKOSTOGLOU Apostolos	GRE	NIKOLIC Matej	CRO	PTF	2:0
albania-open-2022	Senior Men -74kg	R16	323	DAWOUD Omer Khaled	DEN	GOLUBIC Marko	CRO	PTF	2:0
albania-open-2022	Senior Men -74kg	R16	324	MANE Aliou	FRA	DAGKOVANOS Apostolos	GRE	PTF	2:0
albania-open-2022	Senior Men -74kg	R16	325	CHEHADE Mohamad	SWE	RICHARDSON Ryan	GBR	WDR	1:0
albania-open-2022	Senior Men -74kg	R16	326	KINTSURASHVILI Zurab	GEO	SPRECA Andrea	ITA	PTF	2:0
albania-open-2022	Senior Men -74kg	R16	327	GAFAROV Eltaj	AZE	ZHUPIIOV Mykyta	UKR	PTF	2:1
albania-open-2022	Senior Men -74kg	R16	328	BOUTHOUYAK Athman	FRA	MOHAMMAD Ahmad	GER	PTF	2:0
albania-open-2022	Senior Men -74kg	R16	329	MARINARO Matteo	ITA	PERUNIČIĆ Vasilije	MNE	PTF	2:0
albania-open-2022	Senior Men -74kg	R16	330	ACHAB Badr	BEL	CHARALAMBOUS Evangelos	CYP	PTF	2:0
albania-open-2022	Senior Men -74kg	QF	335	DAWOUD Omer Khaled	DEN	MANE Aliou	FRA	RSC	1:0
albania-open-2022	Senior Men -74kg	QF	336	KINTSURASHVILI Zurab	GEO	CHEHADE Mohamad	SWE	PTF	2:0
albania-open-2022	Senior Men -74kg	QF	337	BOUTHOUYAK Athman	FRA	GAFAROV Eltaj	AZE	PTF	2:0
albania-open-2022	Senior Men -74kg	QF	338	ACHAB Badr	BEL	MARINARO Matteo	ITA	PTF	2:0
albania-open-2022	Senior Men -74kg	SF	341	KINTSURASHVILI Zurab	GEO	DAWOUD Omer Khaled	DEN	PTF	2:0
albania-open-2022	Senior Men -74kg	SF	342	ACHAB Badr	BEL	BOUTHOUYAK Athman	FRA	PTF	2:0
albania-open-2022	Senior Men -74kg	F	344	KINTSURASHVILI Zurab	GEO	ACHAB Badr	BEL	PTF	2:0
albania-open-2022	Senior Men -68kg	R32	501	ALIU Egers Bel	BEL	NIKOLAOU Evangelos	GRE	PTF	2:1
albania-open-2022	Senior Men -68kg	R32	502	DRAGOJEVIC Lazar	SRB	SALATINO Alfonso	ITA	PTF	2:0
albania-open-2022	Senior Men -68kg	R32	503	CAULO Gabriele	ITA	SYLSHABANAJ Erjon	ALB	PTF	2:0
albania-open-2022	Senior Men -68kg	R32	504	ACHAB Jaouad	BEL	PALMIERI Vladimir	ITA	PTF	2:0
albania-open-2022	Senior Men -68kg	R32	505	SAKELLARIOU Christos	GRE	GALLAND Warrick	SUI	PTF	2:0
albania-open-2022	Senior Men -68kg	R32	506	DÁVASON Høgni	FRO	SITTEK Tomas	CZE	PTF	2:0
albania-open-2022	Senior Men -68kg	R32	507	AGHAYEV Javad	AZE	PETIT-PHAR Shannon	GDL	PTF	2:0
albania-open-2022	Senior Men -68kg	R32	508	SETTA Hamad	DEN	WRIGHT Oakley	GBR	PTF	2:0
albania-open-2022	Senior Men -68kg	R32	509	JORQUERA CALA Joan	ESP	FALCO Antonio	ITA	PTF	2:0
albania-open-2022	Senior Men -68kg	R32	510	KAVTARADZE Beka	GEO	DAFNIS Nikolaos	GRE	PTF	2:0
albania-open-2022	Senior Men -68kg	R32	511	HOWELL Matthew	GBR	NGUILLA Yandric	FRA	PTF	2:0
albania-open-2022	Senior Men -68kg	R32	512	AZEMI Arber	KOS	FORTUNATO Davide	ITA	PTF	2:1
albania-open-2022	Senior Men -68kg	R32	513	MAMMADLI Yashar	AZE	AGUSHI Arnis	KOS	PTF	2:0
albania-open-2022	Senior Men -68kg	R16	514	KRIVISHKIY Nimrod	ISR	ALIU Egers Bel	BEL	PTF	2:0
albania-open-2022	Senior Men -68kg	R16	515	CAULO Gabriele	ITA	DRAGOJEVIC Lazar	SRB	PTF	2:0
albania-open-2022	Senior Men -68kg	R16	516	ACHAB Jaouad	BEL	SAKELLARIOU Christos	GRE	PTF	2:0
albania-open-2022	Senior Men -68kg	R16	517	AGHAYEV Javad	AZE	DÁVASON Høgni	FRO	PTF	2:0
albania-open-2022	Senior Men -68kg	R16	518	GLASNOVIC Leon	CRO	SETTA Hamad	DEN	PTF	2:0
albania-open-2022	Senior Men -68kg	R16	519	JORQUERA CALA Joan	ESP	KAVTARADZE Beka	GEO	PTF	2:1
albania-open-2022	Senior Men -68kg	R16	520	HOWELL Matthew	GBR	AZEMI Arber	KOS	PTF	2:0
albania-open-2022	Senior Men -68kg	R16	521	CHAMALIDIS Konstantinos	GRE	MAMMADLI Yashar	AZE	PTF	2:0
albania-open-2022	Senior Men -68kg	QF	528	CAULO Gabriele	ITA	KRIVISHKIY Nimrod	ISR	PTF	2:1
albania-open-2022	Senior Men -68kg	QF	529	ACHAB Jaouad	BEL	AGHAYEV Javad	AZE	PTF	2:0
albania-open-2022	Senior Men -68kg	QF	530	GLASNOVIC Leon	CRO	JORQUERA CALA Joan	ESP	PTF	2:1
albania-open-2022	Senior Men -68kg	QF	531	CHAMALIDIS Konstantinos	GRE	HOWELL Matthew	GBR	PTF	2:0
albania-open-2022	Senior Men -68kg	SF	539	ACHAB Jaouad	BEL	CAULO Gabriele	ITA	PTF	2:1
albania-open-2022	Senior Men -68kg	SF	540	GLASNOVIC Leon	CRO	CHAMALIDIS Konstantinos	GRE	PTF	2:0
albania-open-2022	Senior Men -68kg	F	545	GLASNOVIC Leon	CRO	ACHAB Jaouad	BEL	PTF	2:0
albania-open-2022	Senior Men -63kg	R64	401	JULES Nathan	FRA	MRRUKU Denado	ALB	PTF	2:0
albania-open-2022	Senior Men -63kg	R32	405	BRECIC Lovre	CRO	JULES Nathan	FRA	PTF	2:1
albania-open-2022	Senior Men -63kg	R32	406	PAPPA Rafael	GRE	BURUSIC Marko	SRB	PTF	2:1
albania-open-2022	Senior Men -63kg	R32	407	KATZ Alon	ISR	MAHARRAMOV Samir	AZE	PTF	2:1
albania-open-2022	Senior Men -63kg	R32	408	NAGAEV Dmitriy	ISR	YOUSUF Shahrukh	GBR	PTF	2:0
albania-open-2022	Senior Men -63kg	R32	409	BARETTA Dennis	ITA	TSIAOUSIS Marios	GRE	PTF	2:0
albania-open-2022	Senior Men -63kg	R32	410	KARIMOV Khanoghlan	AZE	PETRAKIS Nikolaos	GRE	PTF	2:1
albania-open-2022	Senior Men -63kg	R32	411	NOUR Mohammed	GBR	ANASTASIADIS Sevastianos	GRE	PTF	2:0
albania-open-2022	Senior Men -63kg	R32	412	SAARINEN Niko	FIN	ARIFI Lorent	KOS	PTF	2:0
albania-open-2022	Senior Men -63kg	R32	413	CANI Juirdo	ALB	SPRECA Tommaso	ITA	PTF	2:0
albania-open-2022	Senior Men -63kg	R32	414	KESGIN Gokhan Emre	TUR	ISKANDAROV Parviz	AZE	PTF	2:0
albania-open-2022	Senior Men -63kg	R32	415	CESLJAR Kevin	CRO	CRITELLI Davide	ITA	PTF	2:0
albania-open-2022	Senior Men -63kg	R32	416	CRESCENZI Simone	ITA	SPANIDIS Konstantinos	GRE	PTF	2:0
albania-open-2022	Senior Men -63kg	R32	417	ROGOZHINE Egor	ISR	HIGASHIJIMA Seiya	JPN	PTF	2:1
albania-open-2022	Senior Men -63kg	R32	418	MIRZOIEV Simur	UKR	LILA Omar	ALB	PTF	2:0
albania-open-2022	Senior Men -63kg	R32	419	PETROPOULOS Georgios	GRE	QUINONERO Daniel	ESP	PTF	2:0
albania-open-2022	Senior Men -63kg	R32	420	ALAPHILIPPE Souleyman	FRA	BIATETS Maksym	UKR	PTF	2:1
albania-open-2022	Senior Men -63kg	R16	421	BRECIC Lovre	CRO	PAPPA Rafael	GRE	PTF	2:0
albania-open-2022	Senior Men -63kg	R16	422	NAGAEV Dmitriy	ISR	KATZ Alon	ISR	PTF	2:0
albania-open-2022	Senior Men -63kg	R16	423	BARETTA Dennis	ITA	KARIMOV Khanoghlan	AZE	PTF	2:0
albania-open-2022	Senior Men -63kg	R16	424	NOUR Mohammed	GBR	SAARINEN Niko	FIN	PTF	2:0
albania-open-2022	Senior Men -63kg	R16	425	KESGIN Gokhan Emre	TUR	CANI Juirdo	ALB	PTF	2:1
albania-open-2022	Senior Men -63kg	R16	426	CRESCENZI Simone	ITA	CESLJAR Kevin	CRO	PTF	2:0
albania-open-2022	Senior Men -63kg	R16	427	MIRZOIEV Simur	UKR	ROGOZHINE Egor	ISR	PTF	2:0
albania-open-2022	Senior Men -63kg	R16	428	ALAPHILIPPE Souleyman	FRA	PETROPOULOS Georgios	GRE	PTF	2:0
albania-open-2022	Senior Men -63kg	QF	437	BRECIC Lovre	CRO	NAGAEV Dmitriy	ISR	PTF	2:0
albania-open-2022	Senior Men -63kg	QF	438	BARETTA Dennis	ITA	NOUR Mohammed	GBR	PTF	2:1
albania-open-2022	Senior Men -63kg	QF	439	CRESCENZI Simone	ITA	KESGIN Gokhan Emre	TUR	PTF	2:0
albania-open-2022	Senior Men -63kg	QF	440	MIRZOIEV Simur	UKR	ALAPHILIPPE Souleyman	FRA	PTF	2:0
albania-open-2022	Senior Men -63kg	SF	445	BARETTA Dennis	ITA	BRECIC Lovre	CRO	WDR	
albania-open-2022	Senior Men -63kg	SF	446	CRESCENZI Simone	ITA	MIRZOIEV Simur	UKR	PTF	2:0
albania-open-2022	Senior Men -63kg	F	449	BARETTA Dennis	ITA	CRESCENZI Simone	ITA	PTF	2:0
albania-open-2022	Senior Men -58kg	R32	208	SEYIDOV Ruslan	AZE	BATHILY Sire	GDL	PTF	2:1
albania-open-2022	Senior Men -58kg	R32	209	SAAL Rynald	FRA	MOLJ Domen	SLO	PTF	2:1
albania-open-2022	Senior Men -58kg	R32	210	SADRI Hamidreza	AZE	TASKOV Georgi	BUL	PTF	2:0
albania-open-2022	Senior Men -58kg	R32	211	MYLONAS Ioannis	GRE	MAHMUDOV Eyyub	AZE	PTF	2:0
albania-open-2022	Senior Men -58kg	R32	212	FARNES Ricki Gene	DEN	ALAHMED Naji	BRN	PTF	2:0
albania-open-2022	Senior Men -58kg	R32	213	KAPLAN Enes	TUR	FOTI Giuseppe	ITA	PTF	2:0
albania-open-2022	Senior Men -58kg	R32	214	LEMMENS Maarten	BEL	DEMIRXHIU Klaus	ALB	PTF	2:0
albania-open-2022	Senior Men -58kg	R16	223	RAPSOMANIKIS Dionysios	GRE	SEYIDOV Ruslan	AZE	PTF	2:0
albania-open-2022	Senior Men -58kg	R16	224	USCOV Serghei	MDA	LOPEZ Francisco	ESP	PTF	2:0
albania-open-2022	Senior Men -58kg	R16	225	SAAL Rynald	FRA	FAIRHEAD Jacob	GBR	PTF	2:1
albania-open-2022	Senior Men -58kg	R16	226	SADRI Hamidreza	AZE	LOMARTIRE Matias	ITA	PTF	2:1
albania-open-2022	Senior Men -58kg	R16	227	ARILLO VAZQUEZ Hugo	ESP	MYLONAS Ioannis	GRE	PTF	2:0
albania-open-2022	Senior Men -58kg	R16	228	JOHANSSON Rasmus	SWE	FARNES Ricki Gene	DEN	PTF	2:1
albania-open-2022	Senior Men -58kg	R16	229	KAPLAN Enes	TUR	FLECCA Antonio	ITA	PTF	2:0
albania-open-2022	Senior Men -58kg	R16	230	MAGOMEDOV Gashim	AZE	LEMMENS Maarten	BEL	PTF	2:0
albania-open-2022	Senior Men -58kg	QF	235	RAPSOMANIKIS Dionysios	GRE	USCOV Serghei	MDA	PTF	2:1
albania-open-2022	Senior Men -58kg	QF	236	SADRI Hamidreza	AZE	SAAL Rynald	FRA	PTF	2:0
albania-open-2022	Senior Men -58kg	QF	237	ARILLO VAZQUEZ Hugo	ESP	JOHANSSON Rasmus	SWE	PTF	2:0
albania-open-2022	Senior Men -58kg	QF	238	MAGOMEDOV Gashim	AZE	KAPLAN Enes	TUR	PTF	2:0
albania-open-2022	Senior Men -58kg	SF	241	RAPSOMANIKIS Dionysios	GRE	SADRI Hamidreza	AZE	PTF	2:1
albania-open-2022	Senior Men -58kg	SF	242	MAGOMEDOV Gashim	AZE	ARILLO VAZQUEZ Hugo	ESP	PTF	2:0
albania-open-2022	Senior Men -58kg	F	244	MAGOMEDOV Gashim	AZE	RAPSOMANIKIS Dionysios	GRE	PTF	2:0
albania-open-2022	Senior Men -54kg	R32	101	HUSSAIN Ilyas	GBR	LIKOMETI Tedi	ALB	PTF	2:0
albania-open-2022	Senior Men -54kg	R32	102	DADASHOV Sayyad	AZE	ANTZOS Konstantino	GRE	PTF	2:0
albania-open-2022	Senior Men -54kg	R32	103	ABDEL HALIM Khaled	GER	SOLAKIDIS Konstant	GRE	PTF	2:0
albania-open-2022	Senior Men -54kg	R32	104	TRIANTAFYLLOU Dimitrios	GRE	LILA Mateo	ALB	PTF	2:0
albania-open-2022	Senior Men -54kg	R32	105	VALIYEV Rahid	AZE	DE Vincent	ITA	WDR	
albania-open-2022	Senior Men -54kg	R32	106	DEL VECCHIO Teodoro	ITA	AKHALADZE Data	GEO	PTF	2:0
albania-open-2022	Senior Men -54kg	R32	107	ADEMI Bleron	SWE	LENZO Ettore	ITA	PTF	2:0
albania-open-2022	Senior Men -54kg	R32	108	PATISHI Ori	ISR	VIZDIKLAR Suleyman	KOS	PTF	2:0
albania-open-2022	Senior Men -54kg	R32	109	AL-ALI Sultan	UAE	BLLACA Denis	KOS	PTF	2:0
albania-open-2022	Senior Men -54kg	R16	110	TESKERA Josip	CRO	HUSSAIN Ilyas	GBR	PTF	2:0
albania-open-2022	Senior Men -54kg	R16	111	DADASHOV Sayyad	AZE	ABDEL HALIM Khaled	GER	PTF	2:0
albania-open-2022	Senior Men -54kg	R16	112	DIMITROPOULOS Konstantinos	GRE	TRIANTAFYLLOU Dimitrios	GRE	PTF	2:0
albania-open-2022	Senior Men -54kg	R16	113	KUMAR Aman	IND	VALIYEV Rahid	AZE	PTF	2:1
albania-open-2022	Senior Men -54kg	R16	114	DEL VECCHIO Teodoro	ITA	CONTI Andrea	ITA	PTF	2:1
albania-open-2022	Senior Men -54kg	R16	115	ADEMI Bleron	SWE	SARSOZA Zack	GBR	PTF	2:0
albania-open-2022	Senior Men -54kg	R16	116	PATISHI Ori	ISR	HAIMOVITZ Eitan	ISR	PTF	2:1
albania-open-2022	Senior Men -54kg	R16	117	TURKALJ Luka	CRO	AL-ALI Sultan	UAE	PTF	2:1
albania-open-2022	Senior Men -54kg	QF	122	TESKERA Josip	CRO	DADASHOV Sayyad	AZE	PTF	2:1
albania-open-2022	Senior Men -54kg	QF	123	DIMITROPOULOS Konstantinos	GRE	KUMAR Aman	IND	PTF	2:0
albania-open-2022	Senior Men -54kg	QF	124	ADEMI Bleron	SWE	DEL VECCHIO Teodoro	ITA	PTF	2:1
albania-open-2022	Senior Men -54kg	QF	125	PATISHI Ori	ISR	TURKALJ Luka	CRO	PTF	2:0
albania-open-2022	Senior Men -54kg	SF	130	TESKERA Josip	CRO	DIMITROPOULOS Konstantinos	GRE	PTF	2:0
albania-open-2022	Senior Men -54kg	SF	131	ADEMI Bleron	SWE	PATISHI Ori	ISR	PTF	2:0
albania-open-2022	Senior Men -54kg	F	134	ADEMI Bleron	SWE	TESKERA Josip	CRO	PTF	2:1
albania-open-2022	Senior Men +87kg	QF	625	SEGEDIN Dinko	CRO	ANGELOPOULOS Spyridon	GRE	PTF	2:0
albania-open-2022	Senior Men +87kg	QF	626	FARMAKAS Erik	SWE	STASTNY Jiri	CZE	PTF	2:0
albania-open-2022	Senior Men +87kg	SF	635	GEORGIEVSKI Dejan	MKD	SEGEDIN Dinko	CRO	PTF	2:0
albania-open-2022	Senior Men +87kg	SF	636	TRAJKOVIC Ivan konrad	SLO	FARMAKAS Erik	SWE	PTF	2:0
albania-open-2022	Senior Men +87kg	F	641	GEORGIEVSKI Dejan	MKD	TRAJKOVIC Ivan konrad	SLO	PTF	2:0
albania-open-2022	Senior Women -73kg	QF	536	MESIC Nikolina	CRO	PETANJEK NIKA	CRO	PTF	2:0
albania-open-2022	Senior Women -73kg	QF	537	SMIRAGLIA Maristella	ITA	GEORGIEVSKA Anamarija	MKD	PTF	2:0
albania-open-2022	Senior Women -73kg	QF	538	KLEPAC Nika	CRO	JALLAB Sara	BRN	PTF	2:0
albania-open-2022	Senior Women -73kg	SF	543	BOZANIC Nadica	SRB	MESIC Nikolina	CRO	PTF	2:0
albania-open-2022	Senior Women -73kg	SF	544	KLEPAC Nika	CRO	SMIRAGLIA Maristella	ITA	PTF	2:0
albania-open-2022	Senior Women -73kg	F	547	BOZANIC Nadica	SRB	KLEPAC Nika	CRO	PTF	2:1
albania-open-2022	Senior Women -67kg	R16	603	SARVANAKI Theopoula	GRE	OREC Ariana	CRO	PTF	2:0
albania-open-2022	Senior Women -67kg	R16	604	ZIMMERLING Julika	GER	MAGGIORE Giulia	ITA	PTF	2:1
albania-open-2022	Senior Women -67kg	QF	613	CASTRO BURGOS Cecilia	ESP	SARVANAKI Theopoula	GRE	PTF	2:0
albania-open-2022	Senior Women -67kg	QF	614	HADDAD Khalida	FRA	D'ANGELO Natalia	ITA	PTF	2:0
albania-open-2022	Senior Women -67kg	QF	615	JUHASZOVA Iveta	CZE	HOERMANN Emily	GER	PTF	2:0
albania-open-2022	Senior Women -67kg	QF	616	KOERNDL Vanessa	GER	ZIMMERLING Julika	GER	PTF	2:1
albania-open-2022	Senior Women -67kg	SF	629	HADDAD Khalida	FRA	CASTRO BURGOS Cecilia	ESP	PTF	2:0
albania-open-2022	Senior Women -67kg	SF	630	KOERNDL Vanessa	GER	JUHASZOVA Iveta	CZE	PTF	2:0
albania-open-2022	Senior Women -67kg	F	638	KOERNDL Vanessa	GER	HADDAD Khalida	FRA	PTF	2:0
albania-open-2022	Senior Women -62kg	R16	522	KICEMA Helena	CRO	ANDERSSON Tindra	SWE	PTF	2:0
albania-open-2022	Senior Women -62kg	R16	523	SAVKOVIC Nadja	SRB	ZOPPI Eleonora	ITA	PTF	2:0
albania-open-2022	Senior Women -62kg	R16	524	RELJIKJ Miljana	MKD	SENGUN Ahsen	TUR	PTF	2:0
albania-open-2022	Senior Women -62kg	R16	525	CHAARI Sarah	BEL	MAJIDOVA Fatima	AZE	PTF	2:0
albania-open-2022	Senior Women -62kg	R16	526	ARELIC Ivana	CRO	YFANTI Chrysanthi	GRE	PTF	2:0
albania-open-2022	Senior Women -62kg	R16	527	HOGFELDT Nora	SWE	LEE Ruby	GBR	PTF	2:0
albania-open-2022	Senior Women -62kg	QF	532	VULETIC Bruna	CRO	KICEMA Helena	CRO	PTF	2:1
albania-open-2022	Senior Women -62kg	QF	533	SAVKOVIC Nadja	SRB	RELJIKJ Miljana	MKD	PTF	2:0
albania-open-2022	Senior Women -62kg	QF	534	CHAARI Sarah	BEL	ARELIC Ivana	CRO	PTF	2:1
albania-open-2022	Senior Women -62kg	QF	535	STOLBOVA Petra	CZE	HOGFELDT Nora	SWE	PTF	2:0
albania-open-2022	Senior Women -62kg	SF	541	SAVKOVIC Nadja	SRB	VULETIC Bruna	CRO	WDR	
albania-open-2022	Senior Women -62kg	SF	542	CHAARI Sarah	BEL	STOLBOVA Petra	CZE	PTF	2:1
albania-open-2022	Senior Women -62kg	F	546	CHAARI Sarah	BEL	SAVKOVIC Nadja	SRB	PTF	2:0
albania-open-2022	Senior Women -57kg	R32	402	HRONOVA Dominika	CZE	KARKASI Aikaterini	GRE	PTF	2:0
albania-open-2022	Senior Women -57kg	R32	403	HOCKEY Isabelle	GBR	POPOSKA Sanja	MKD	PTF	2:0
albania-open-2022	Senior Women -57kg	R32	404	HASAN Gizem	TUR	ELLIS Amelia	GBR	WDR	
albania-open-2022	Senior Women -57kg	R16	429	HRONOVA Dominika	CZE	KALTEKI Faidra	GRE	PTF	2:1
albania-open-2022	Senior Women -57kg	R16	430	SPEHAR Lea	CRO	RAWAL Sonam	IND	PTF	2:1
albania-open-2022	Senior Women -57kg	R16	431	CARABIN Kanelya	FRA	GRETARSDOTTIR Ingibjorg	ISL	PTF	2:0
albania-open-2022	Senior Women -57kg	R16	432	AL HALWANI Giada	ITA	ENGSTROM Anna	SWE	PTF	2:0
albania-open-2022	Senior Women -57kg	R16	433	TVARONAVICIUTE Klaudija	LTU	HOCKEY Isabelle	GBR	PTF	2:0
albania-open-2022	Senior Women -57kg	R16	434	TOMIC Kristina	CRO	RAHMANI Ruqia	FIN	PTF	2:0
albania-open-2022	Senior Women -57kg	R16	435	MAKRYGIANNI Athina	GRE	ARMERIA Paulina	ITA	PTF	1:1
albania-open-2022	Senior Women -57kg	R16	436	TZELI Fani	GRE	HASAN Gizem	TUR	PTF	2:0
albania-open-2022	Senior Women -57kg	QF	441	SPEHAR Lea	CRO	HRONOVA Dominika	CZE	PTF	2:0
albania-open-2022	Senior Women -57kg	QF	442	AL HALWANI Giada	ITA	CARABIN Kanelya	FRA	PTF	2:0
albania-open-2022	Senior Women -57kg	QF	443	TOMIC Kristina	CRO	TVARONAVICIUTE Klaudija	LTU	PTF	2:1
albania-open-2022	Senior Women -57kg	QF	444	MAKRYGIANNI Athina	GRE	TZELI Fani	GRE	PTF	2:0
albania-open-2022	Senior Women -57kg	SF	447	SPEHAR Lea	CRO	AL HALWANI Giada	ITA	PTF	2:0
albania-open-2022	Senior Women -57kg	SF	448	TOMIC Kristina	CRO	MAKRYGIANNI Athina	GRE	PTF	2:1
albania-open-2022	Senior Women -57kg	F	450	SPEHAR Lea	CRO	TOMIC Kristina	CRO	PTF	2:1
albania-open-2022	Senior Women -53kg	R32	301	CELIK Edanur	TUR	KAMKASOUMPHOU Lenya	FRA	PTF	2:0
albania-open-2022	Senior Women -53kg	R32	302	MATONTI Ilenia elisabetta	ITA	MAYER Leonie	GER	PTF	2:0
albania-open-2022	Senior Women -53kg	R32	303	ASIMI Adiba	GER	KAVELJ Stela	CRO	PTF	2:0
albania-open-2022	Senior Women -53kg	R32	304	LAGER Biana	ISR	HOCKEY Maisie	GBR	PTF	2:0
albania-open-2022	Senior Women -53kg	R32	305	NISHIDA Mao	JPN	ALIYEVA Saida	AZE	PTF	2:0
albania-open-2022	Senior Women -53kg	R32	306	MENDOZA Shantelle	DEN	GARBETT Latisha	GBR	PTF	2:0
albania-open-2022	Senior Women -53kg	R32	307	ABAKAROVA Patimat	AZE	GAVARONE Gaia	ITA	PTF	2:0
albania-open-2022	Senior Women -53kg	R32	308	DUVANCIC IVANA	CRO	SCHOLES Millie	GBR	PTF	2:0
albania-open-2022	Senior Women -53kg	R32	309	PELTEKI Stamatia	GRE	ERGATI Eleni	GRE	PTF	2:0
albania-open-2022	Senior Women -53kg	R32	310	DOURDIN Mathilde	FRA	TROVATO Melania	ITA	PTF	2:0
albania-open-2022	Senior Women -53kg	R32	311	DUJMIC Helena	CRO	TZELI Maria	GRE	PTF	2:0
albania-open-2022	Senior Women -53kg	R32	312	PREISS Noa	ISR	ARIFI Megita	KOS	PTF	2:0
albania-open-2022	Senior Women -53kg	R32	313	LYNGBAEK Louise	DEN	LADDUCA Martina	ITA	PTF	2:1
albania-open-2022	Senior Women -53kg	R32	314	CUORVO Anna	ITA	STEFANOU Aikaterini	GRE	PTF	2:0
albania-open-2022	Senior Women -53kg	R16	315	PEREZ PARRADO Alma maria	ESP	CELIK Edanur	TUR	PTF	2:1
albania-open-2022	Senior Women -53kg	R16	316	MATONTI Ilenia elisabetta	ITA	ASIMI Adiba	GER	PTF	2:1
albania-open-2022	Senior Women -53kg	R16	317	LAGER Biana	ISR	NISHIDA Mao	JPN	PTF	2:0
albania-open-2022	Senior Women -53kg	R16	318	ABAKAROVA Patimat	AZE	MENDOZA Shantelle	DEN	PTF	2:0
albania-open-2022	Senior Women -53kg	R16	319	DUVANCIC IVANA	CRO	PELTEKI Stamatia	GRE	PTF	2:0
albania-open-2022	Senior Women -53kg	R16	320	DUJMIC Helena	CRO	DOURDIN Mathilde	FRA	PTF	2:0
albania-open-2022	Senior Women -53kg	R16	321	LYNGBAEK Louise	DEN	PREISS Noa	ISR	PTF	2:1
albania-open-2022	Senior Women -53kg	R16	322	BOGDANOVIC Tijana	SRB	CUORVO Anna	ITA	PTF	2:0
albania-open-2022	Senior Women -53kg	QF	331	PEREZ PARRADO Alma maria	ESP	MATONTI Ilenia elisabetta	ITA	PTF	2:1
albania-open-2022	Senior Women -53kg	QF	332	ABAKAROVA Patimat	AZE	LAGER Biana	ISR	PTF	2:0
albania-open-2022	Senior Women -53kg	QF	333	DUVANCIC IVANA	CRO	DUJMIC Helena	CRO	PTF	2:0
albania-open-2022	Senior Women -53kg	QF	334	BOGDANOVIC Tijana	SRB	LYNGBAEK Louise	DEN	PTF	2:0
albania-open-2022	Senior Women -53kg	SF	339	ABAKAROVA Patimat	AZE	PEREZ PARRADO Alma maria	ESP	PTF	2:0
albania-open-2022	Senior Women -53kg	SF	340	BOGDANOVIC Tijana	SRB	DUVANCIC IVANA	CRO	WDR	
albania-open-2022	Senior Women -53kg	F	343	ABAKAROVA Patimat	AZE	BOGDANOVIC Tijana	SRB	PTF	2:0
albania-open-2022	Senior Women -49kg	R32	201	NASRI Youmna	ITA	SANTANIELLO Antoni	ITA	PTF	2:0
albania-open-2022	Senior Women -49kg	R32	202	KOMNENOVIC Lana	SRB	HARABAGIU Iulia	ITA	PTF	2:0
albania-open-2022	Senior Women -49kg	R32	203	RAIMONDO Melania	ITA	COHEN Noa	ISR	PTF	2:0
albania-open-2022	Senior Women -49kg	R32	204	HUSEYNLI Goncha	AZE	SUHAIL Mnahl	UAE	PTF	2:0
albania-open-2022	Senior Women -49kg	R32	205	HAJIYEVA Roya	AZE	Chouta Ioanna Maria	GRE	PTF	2:0
albania-open-2022	Senior Women -49kg	R32	206	KHOMENKO Yekateryna	UKR	IOANNOU Antonia	GRE	PTF	2:0
albania-open-2022	Senior Women -49kg	R32	207	FERREIRA Matilde	POR	OZKEN Aleyna	GER	PTF	2:1
albania-open-2022	Senior Women -49kg	R16	215	DUVANCIC Bruna	CRO	NASRI Youmna	ITA	PTF	2:0
albania-open-2022	Senior Women -49kg	R16	216	KAMKASOUMPHOU Maysane	FRA	RANDRIANISA Tiavo	FRA	PTF	2:0
albania-open-2022	Senior Women -49kg	R16	217	CASTILLO Jade theresa	DEN	KOMNENOVIC Lana	SRB	PTF	2:1
albania-open-2022	Senior Women -49kg	R16	218	MAESTRO Virginia	ITA	RAIMONDO Melania	ITA	PTF	2:0
albania-open-2022	Senior Women -49kg	R16	219	CORELLI Martina	ITA	HUSEYNLI Goncha	AZE	PTF	2:1
albania-open-2022	Senior Women -49kg	R16	220	SHAW Elisha	GBR	HAJIYEVA Roya	AZE	PTF	2:1
albania-open-2022	Senior Women -49kg	R16	221	AL HALWANI Sarah	ITA	KHOMENKO Yekateryna	UKR	PTF	2:0
albania-open-2022	Senior Women -49kg	R16	222	SEMBERG Abishag	ISR	FERREIRA Matilde	POR	PTF	2:0
albania-open-2022	Senior Women -49kg	QF	231	DUVANCIC Bruna	CRO	KAMKASOUMPHOU Maysane	FRA	PTF	2:0
albania-open-2022	Senior Women -49kg	QF	232	MAESTRO Virginia	ITA	CASTILLO Jade theresa	DEN	PTF	2:0
albania-open-2022	Senior Women -49kg	QF	233	CORELLI Martina	ITA	SHAW Elisha	GBR	PTF	2:0
albania-open-2022	Senior Women -49kg	QF	234	SEMBERG Abishag	ISR	AL HALWANI Sarah	ITA	PTF	2:1
albania-open-2022	Senior Women -49kg	SF	239	MAESTRO Virginia	ITA	DUVANCIC Bruna	CRO	WDR	
albania-open-2022	Senior Women -49kg	SF	240	SEMBERG Abishag	ISR	CORELLI Martina	ITA	PTF	2:0
albania-open-2022	Senior Women -49kg	F	243	SEMBERG Abishag	ISR	MAESTRO Virginia	ITA	PTF	2:0
albania-open-2022	Senior Women -46kg	R16	118	BUTTARELLI Aurelie	FRA	GALIERO Giulia	ITA	PTF	2:0
albania-open-2022	Senior Women -46kg	R16	119	NAHURNA Viktoriia	UKR	GARCIES I SALA Lluisa	ESP	PTF	2:0
albania-open-2022	Senior Women -46kg	R16	120	AGHAYEVA Sona	AZE	MYTILINIOU Magdali	GRE	WDR	
albania-open-2022	Senior Women -46kg	R16	121	TSAMPALA Stamatia	GRE	BERDAH Zohar Rose	ISR	PTF	2:0
albania-open-2022	Senior Women -46kg	QF	126	BAYECH Rivka	ISR	BUTTARELLI Aurelie	FRA	PTF	2:0
albania-open-2022	Senior Women -46kg	QF	127	AKBAROVA Minaya	AZE	NAHURNA Viktoriia	UKR	PTF	2:0
albania-open-2022	Senior Women -46kg	QF	128	AGHAYEVA Sona	AZE	KOLAREK Nika	CRO	PTF	2:1
albania-open-2022	Senior Women -46kg	QF	129	REHANI Dalya	FRA	TSAMPALA Stamatia	GRE	PTF	2:1
albania-open-2022	Senior Women -46kg	SF	132	AKBAROVA Minaya	AZE	BAYECH Rivka	ISR	PTF	2:1
albania-open-2022	Senior Women -46kg	SF	133	REHANI Dalya	FRA	AGHAYEVA Sona	AZE	PTF	2:0
albania-open-2022	Senior Women -46kg	F	135	REHANI Dalya	FRA	AKBAROVA Minaya	AZE	PTF	1:1
albania-open-2022	Senior Women +73kg	R16	608	KARIMOVA Medina	GER	KALOUTSA Vasiliki	GRE	PTF	2:0
albania-open-2022	Senior Women +73kg	QF	621	BRANDL Lorena	GER	KARIMOVA Medina	GER	PTF	2:0
albania-open-2022	Senior Women +73kg	QF	622	KITSIOU Agoritsa artemia	GRE	GIACOMINI Laura	ITA	PTF	2:0
albania-open-2022	Senior Women +73kg	QF	623	KOLOVRAT Matea	CRO	AZRAN Dana	ISR	PTF	2:0
albania-open-2022	Senior Women +73kg	QF	624	CASTINEIRA ETCHEVERRIA Tania	ESP	MBARKI Boutaina	GBR	PTF	2:0
albania-open-2022	Senior Women +73kg	SF	633	BRANDL Lorena	GER	KITSIOU Agoritsa artemia	GRE	PTF	2:0
albania-open-2022	Senior Women +73kg	SF	634	CASTINEIRA ETCHEVERRIA Tania	ESP	KOLOVRAT Matea	CRO	PTF	2:1
albania-open-2022	Senior Women +73kg	F	640	BRANDL Lorena	GER	CASTINEIRA ETCHEVERRIA Tania	ESP	PTF	2:0
senegal-open-2022	Senior Men -80kg	F	227	SOUMARE Ababacar sadikh	SEN	THIAM Abdoul bakhy	SEN	PTF	2:0
senegal-open-2022	Senior Men -68kg	R16	104	CISSE Oumar	SEN	DIOUF Ndiaye Waly	SEN	PTF	2:0
senegal-open-2022	Senior Men -68kg	R16	105	HOLLAND George	USA	FALL Mamadou	SEN	PTF	2:0
senegal-open-2022	Senior Men -68kg	R16	106	ABDOUNASSIR Moukaila	TOG	YELEMABOU Ulrich-s	CAF	PTF	2:1
senegal-open-2022	Senior Men -68kg	R16	204	BALANGA Philippe	CAF	DIOP Babacar	SEN	PTF	2:1
senegal-open-2022	Senior Men -68kg	R16	205	MOUSSA Amar Cisse	GAB	BA Adama	SEN	PTF	2:0
senegal-open-2022	Senior Men -68kg	R16	206	BARRY Mouhamadou L	SEN	GUEYE Assane	SEN	PTF	2:0
senegal-open-2022	Senior Men -68kg	QF	111	MAIGA Ibrahim	BUR	CISSE Oumar	SEN	PTF	2:0
senegal-open-2022	Senior Men -68kg	QF	112	MOUSSA Amar Cisse	GAB	ABDOUNASSIR Moukaila	TOG	PTF	2:0
senegal-open-2022	Senior Men -68kg	QF	211	HOLLAND George	USA	BALANGA Philippe	CAF	WDR	1:0
senegal-open-2022	Senior Men -68kg	QF	212	FOFANA Mohamed	MLI	BARRY Mouhamadou L	SEN	PTF	2:0
senegal-open-2022	Senior Men -68kg	SF	218	MAIGA Ibrahim	BUR	HOLLAND George	USA	PTF	2:0
senegal-open-2022	Senior Men -68kg	SF	219	MOUSSA Amar Cisse	GAB	FOFANA Mohamed	MLI	PTF	2:1
senegal-open-2022	Senior Men -68kg	F	225	MAIGA Ibrahim	BUR	MOUSSA Amar Cisse	GAB	PTF	2:0
senegal-open-2022	Senior Men -58kg	R16	101	DIARRASSOUBA Adam junior	CIV	DIOP Mohamed	SEN	WDR	2:1
senegal-open-2022	Senior Men -58kg	R16	102	DIAGNE Serigne Modou	SEN	DIARRA Mamadou	MTN	PTF	2:0
senegal-open-2022	Senior Men -58kg	R16	103	PAM Mouhamadou	SEN	AROUNA Alkeirou Ad	TOG	PTF	2:1
senegal-open-2022	Senior Men -58kg	R16	201	SIMPARA Youssouf	MLI	MBAYE Amadou	SEN	PTF	2:0
senegal-open-2022	Senior Men -58kg	R16	202	NDOYE Souleymane	SEN	SACKALAT Diallo	GAB	PTF	2:0
senegal-open-2022	Senior Men -58kg	QF	107	BASSENE Max Ibrahima	SEN	DIARRASSOUBA Adam junior	CIV	PTF	2:0
senegal-open-2022	Senior Men -58kg	QF	108	NDOYE Souleymane	SEN	GAYE Mame Mor	SEN	WDR	1:0
senegal-open-2022	Senior Men -58kg	QF	207	SIMPARA Youssouf	MLI	DIAGNE Serigne Modou	SEN	PTF	2:0
senegal-open-2022	Senior Men -58kg	QF	208	PAM Mouhamadou	SEN	WILLANE Aly	SEN	PTF	2:0
senegal-open-2022	Senior Men -58kg	SF	215	SIMPARA Youssouf	MLI	BASSENE Max Ibrahima	SEN	PTF	
senegal-open-2022	Senior Men -58kg	SF	216	NDOYE Souleymane	SEN	PAM Mouhamadou	SEN	PTF	
senegal-open-2022	Senior Men -58kg	F	223	NDOYE Souleymane	SEN	SIMPARA Youssouf	MLI	PTF	2:0
senegal-open-2022	Senior Men +87kg	R16	203	THIOUNE Aliou	SEN	DIOP Saidou	MTN	PTF	2:0
senegal-open-2022	Senior Men +87kg	QF	109	MYLANN Antony	GAB	THIOUNE Aliou	SEN	PTF	2:0
senegal-open-2022	Senior Men +87kg	QF	110	DIAWARA Nouhoum	MLI	TOURE Mouhameth	SEN	PTF	2:1
senegal-open-2022	Senior Men +87kg	QF	209	NIANG Malick	SEN	OBARA Moses odhiambo	KEN	PTF	2:0
senegal-open-2022	Senior Men +87kg	QF	210	NAGALO Thierry Michel	BUR	TOURE Sie Clofolo	CIV	PTF	2:0
senegal-open-2022	Senior Men +87kg	SF	220	MYLANN Antony	GAB	NIANG Malick	SEN	PTF	2:1
senegal-open-2022	Senior Men +87kg	SF	221	DIAWARA Nouhoum	MLI	NAGALO Thierry Michel	BUR	PTF	2:0
senegal-open-2022	Senior Men +87kg	F	228	MYLANN Antony	GAB	DIAWARA Nouhoum	MLI	PTF	2:0
senegal-open-2022	Senior Women -67kg	SF	217	DIASSE Maimouna	SEN	ZAWADI Pauline	KEN	PTF	2:0
senegal-open-2022	Senior Women -67kg	F	226	TRAORE Fanta	MLI	DIASSE Maimouna	SEN	PTF	2:0
senegal-open-2022	Senior Women -57kg	SF	213	SIDIBE Mariam	MLI	OMUKUBA Anne Omolo	KEN	PTF	2:1
senegal-open-2022	Senior Women -57kg	SF	214	SARR Ndeye Maty	SEN	MATEKWA Doreen Shi	KEN	PTF	1:1
senegal-open-2022	Senior Women -57kg	F	224	SIDIBE Mariam	MLI	SARR Ndeye Maty	SEN	PTF	2:0
senegal-open-2022	Senior Women -49kg	F	222	LOUM Mame Diarra Bousso	SEN	BADIANE Awa Sarr	SEN	PTF	2:1
peru-open-2022	Senior Men -87kg	SF	324	BARCELO Cristhian	CHI	NAVARRO Shian Poul	PER	PUN	1:0
peru-open-2022	Senior Men -87kg	F	329	BARCELO Cristhian	CHI	AHUMADA Alexis	CHI	PTF	2:1
peru-open-2022	Senior Men -80kg	QF	313	CAICEDO Carlos	ECU	ROMMEL Luis Ricard	PER	PTF	2:0
peru-open-2022	Senior Men -80kg	QF	314	AURORA Franco	PER	TOBAR Bastian	CHI	PTF	2:1
peru-open-2022	Senior Men -80kg	QF	315	LEE Seung Gu	KOR	GUTIERREZ Salvador	MEX	RSC	2:0
peru-open-2022	Senior Men -80kg	SF	320	ANDRADE HERRERA Hassani	PER	CAICEDO Carlos	ECU	PTF	2:0
peru-open-2022	Senior Men -80kg	SF	321	LEE Seung Gu	KOR	AURORA Franco	PER	RSC	2:0
peru-open-2022	Senior Men -80kg	F	327	LEE Seung Gu	KOR	ANDRADE HERRERA Hassani	PER	RSC	1:0
peru-open-2022	Senior Men -74kg	QF	316	CASTRO Sebastian	PER	ESPINOZA Tomas	CHI	PTF	2:0
peru-open-2022	Senior Men -74kg	QF	317	LEON Braulio	PER	RODRIGUEZ Osvaldo	CHI	PTF	2:0
peru-open-2022	Senior Men -74kg	SF	322	ASSIS MATOS Vinicius	BRA	CASTRO Sebastian	PER	PTF	2:0
peru-open-2022	Senior Men -74kg	SF	323	LEON Braulio	PER	ORTIZ Alexander	PER	PTF	2:0
peru-open-2022	Senior Men -74kg	F	328	ASSIS MATOS Vinicius	BRA	LEON Braulio	PER	PTF	2:0
peru-open-2022	Senior Men -68kg	QF	214	RODRIGUEZ Leonardo	PER	LEWIS Fernando	PAN	PTF	2:0
peru-open-2022	Senior Men -68kg	QF	215	GIRONDA Andres Nic	BOL	PUMA Luis	PER	PTF	2:0
peru-open-2022	Senior Men -68kg	QF	216	GONZALEZ GOMEZ Federico	URU	RIOS Jose Maria	ARG	PTF	2:0
peru-open-2022	Senior Men -68kg	SF	225	MORALES Ignacio	CHI	RODRIGUEZ Leonardo	PER	PTF	2:0
peru-open-2022	Senior Men -68kg	SF	226	GONZALEZ GOMEZ Federico	URU	GIRONDA Andres Nic	BOL	PTF	2:0
peru-open-2022	Senior Men -68kg	F	231	MORALES Ignacio	CHI	GONZALEZ GOMEZ Federico	URU	PTF	2:0
peru-open-2022	Senior Men -63kg	R16	301	HERRERA Nicolas	CHI	MENDOZA Misael	PER	PTF	2:0
peru-open-2022	Senior Men -63kg	R16	302	YOUN Yeo Jun	KOR	CASTILLO RAMOS Alejandro	PER	PTF	2:0
peru-open-2022	Senior Men -63kg	R16	303	GALARZA REYES Boris	PER	GUTIERREZ Daniel	CHI	PTF	1:1
peru-open-2022	Senior Men -63kg	R16	304	FLORES Diego	CHI	REAÑO Raul Jesus	PER	PTF	2:1
peru-open-2022	Senior Men -63kg	R16	305	BUENAVIDES Kenneth	USA	YUPANQUI Fabian	PER	PTF	2:0
peru-open-2022	Senior Men -63kg	R16	306	MILLAR Lenin	CHI	CONTRERAS Kevin Al	CHI	PTF	2:0
peru-open-2022	Senior Men -63kg	R16	307	SANCHEZ Joaquin	CHI	VERGARA Diego	CHI	PTF	2:0
peru-open-2022	Senior Men -63kg	R16	308	RAMIREZ Mauricio	ECU	PAZ Julio	PER	PTF	2:0
peru-open-2022	Senior Men -63kg	QF	309	YOUN Yeo Jun	KOR	HERRERA Nicolas	CHI	PTF	2:0
peru-open-2022	Senior Men -63kg	QF	310	FLORES Diego	CHI	GALARZA REYES Boris	PER	PTF	2:0
peru-open-2022	Senior Men -63kg	QF	311	BUENAVIDES Kenneth	USA	MILLAR Lenin	CHI	PTF	2:0
peru-open-2022	Senior Men -63kg	QF	312	SANCHEZ Joaquin	CHI	RAMIREZ Mauricio	ECU	PTF	2:0
peru-open-2022	Senior Men -63kg	SF	318	YOUN Yeo Jun	KOR	FLORES Diego	CHI	PTF	2:0
peru-open-2022	Senior Men -63kg	SF	319	SANCHEZ Joaquin	CHI	BUENAVIDES Kenneth	USA	PTF	2:1
peru-open-2022	Senior Men -63kg	F	326	YOUN Yeo Jun	KOR	SANCHEZ Joaquin	CHI	PTF	2:0
peru-open-2022	Senior Men -58kg	R16	201	COVARRUBIAS Patric	CHI	YAIPEN Harry Bryan	PER	PTF	2:0
peru-open-2022	Senior Men -58kg	R16	202	LANDEO CHOY Salvador	PER	BRAVO CARBONELL Alejandro Jose	PER	PTF	2:0
peru-open-2022	Senior Men -58kg	R16	203	SALAS Victor Andre	PER	ROJAS Renato	PER	PTF	2:0
peru-open-2022	Senior Men -58kg	QF	204	SALIM Sharif gergely	HUN	COVARRUBIAS Patric	CHI	PTF	2:0
peru-open-2022	Senior Men -58kg	QF	205	MORENO Franco Javi	PER	PUMA Jose	PER	PTF	2:0
peru-open-2022	Senior Men -58kg	QF	206	HOEFLING Nicholas	CAN	LANDEO CHOY Salvador	PER	PTF	2:1
peru-open-2022	Senior Men -58kg	QF	207	PIZARRO GALLARDO Vicente	CHI	SALAS Victor Andre	PER	PTF	2:0
peru-open-2022	Senior Men -58kg	SF	217	SALIM Sharif gergely	HUN	MORENO Franco Javi	PER	PTF	2:0
peru-open-2022	Senior Men -58kg	SF	218	PIZARRO GALLARDO Vicente	CHI	HOEFLING Nicholas	CAN	PTF	2:1
peru-open-2022	Senior Men -58kg	F	227	SALIM Sharif gergely	HUN	PIZARRO GALLARDO Vicente	CHI	PTF	2:0
peru-open-2022	Senior Men -54kg	R16	103	ABARCA Gerardo Joe	PER	BORJA Diego Alonso	PER	PTF	2:0
peru-open-2022	Senior Men -54kg	R16	104	IRAOLA Jose	PER	RODRIGUEZ Juan	PER	PTF	2:0
peru-open-2022	Senior Men -54kg	R16	105	QUISPILLOCLLA Fabr	PER	MAYORGA Victor	PER	PTF	2:0
peru-open-2022	Senior Men -54kg	R16	106	SANTANA Cesar	PER	ORDOÑEZ Frank	PER	PTF	2:0
peru-open-2022	Senior Men -54kg	QF	111	DE MORAES Giovanni aubin	BRA	ABARCA Gerardo Joe	PER	PTF	2:0
peru-open-2022	Senior Men -54kg	QF	112	IRAOLA Jose	PER	ORBEA William Robe	ECU	PTF	2:1
peru-open-2022	Senior Men -54kg	QF	113	MIRANDA Adrian	ECU	QUISPILLOCLLA Fabr	PER	PTF	2:0
peru-open-2022	Senior Men -54kg	QF	114	GILLIARD GONCALVES Matheus	BRA	SANTANA Cesar	PER	PTF	2:0
peru-open-2022	Senior Men -54kg	SF	120	DE MORAES Giovanni aubin	BRA	IRAOLA Jose	PER	PTF	2:0
peru-open-2022	Senior Men -54kg	SF	121	MIRANDA Adrian	ECU	GILLIARD GONCALVES Matheus	BRA	PTF	2:1
peru-open-2022	Senior Men -54kg	F	125	DE MORAES Giovanni aubin	BRA	MIRANDA Adrian	ECU	PTF	2:0
peru-open-2022	Senior Men +87kg	SF	325	MUNOZ Franco	CHI	ANDRADE Ray Victor	PER	PTF	2:0
peru-open-2022	Senior Men +87kg	F	330	ISSOUFOU Abdoul	NIG	MUNOZ Franco	CHI	PTF	2:0
peru-open-2022	Senior Women -67kg	QF	213	ROSADO Rosa	PER	REYNAUD Nicole	PER	PTF	2:0
peru-open-2022	Senior Women -67kg	SF	223	DOS Gabriela	BRA	ROSADO Rosa	PER	PTF	2:0
peru-open-2022	Senior Women -67kg	SF	224	KRAAYEVELD Ashley	CAN	CHIRINOS Diana	PER	PTF	2:0
peru-open-2022	Senior Women -67kg	F	230	DOS Gabriela	BRA	KRAAYEVELD Ashley	CAN	WDR	
peru-open-2022	Senior Women -62kg	F	232	BROOKS Brenda	PAN	SANCHEZ Valeria	PER	PTF	2:0
peru-open-2022	Senior Women -57kg	QF	210	CASTILLO Elizabeth	CHI	NUNEZ Jubel M.	PER	PTF	2:1
peru-open-2022	Senior Women -57kg	QF	211	ORELLANA Josefa	CHI	GOMEZ Elizabeth	PER	PTF	2:0
peru-open-2022	Senior Women -57kg	QF	212	RIVEROS Johanna	CHI	URBINA Camila	CHI	PTF	2:1
peru-open-2022	Senior Women -57kg	SF	221	CACERES GONZALES Camila	PER	CASTILLO Elizabeth	CHI	PTF	2:0
peru-open-2022	Senior Women -57kg	SF	222	ORELLANA Josefa	CHI	RIVEROS Johanna	CHI	PTF	2:0
peru-open-2022	Senior Women -57kg	F	229	CACERES GONZALES Camila	PER	ORELLANA Josefa	CHI	PTF	2:1
peru-open-2022	Senior Women -53kg	QF	208	CATALAN Denisse	CHI	ZEVALLOS Melissa E	PER	PTF	2:0
peru-open-2022	Senior Women -53kg	QF	209	HORTA Paulina	CHI	NORIEGA Maria	PER	PTF	2:0
peru-open-2022	Senior Women -53kg	SF	219	ROSSI Larissa Nasc	BRA	CATALAN Denisse	CHI	PTF	2:0
peru-open-2022	Senior Women -53kg	SF	220	BUCHELI Maria belen	ECU	HORTA Paulina	CHI	PTF	2:0
peru-open-2022	Senior Women -53kg	F	228	ROSSI Larissa Nasc	BRA	BUCHELI Maria belen	ECU	PUN	2:0
peru-open-2022	Senior Women -49kg	R16	101	SAEZ Daniela	CHI	CRISOSTOMO Ana	PER	PTF	2:1
peru-open-2022	Senior Women -49kg	R16	102	MORALDE Jet	USA	BURGOS Sandra	CHI	PTF	2:0
peru-open-2022	Senior Women -49kg	QF	107	BARROS Nivea	BRA	SAEZ Daniela	CHI	PTF	2:0
peru-open-2022	Senior Women -49kg	QF	108	LIEGHIO Maria Sofi	URU	CALDERON Katherine	PER	PTF	2:1
peru-open-2022	Senior Women -49kg	QF	109	SUAREZ ESCOBEDO Alessandra	PER	BALDINI Gabriela	BRA	PTF	2:0
peru-open-2022	Senior Women -49kg	QF	110	MORALDE Jet	USA	GUTIERREZ Isidora	CHI	PTF	2:0
peru-open-2022	Senior Women -49kg	SF	118	BARROS Nivea	BRA	LIEGHIO Maria Sofi	URU	PTF	2:0
peru-open-2022	Senior Women -49kg	SF	119	SUAREZ ESCOBEDO Alessandra	PER	MORALDE Jet	USA	PTF	2:0
peru-open-2022	Senior Women -49kg	F	124	BARROS Nivea	BRA	SUAREZ ESCOBEDO Alessandra	PER	PTF	2:0
peru-open-2022	Senior Women -46kg	QF	115	PADILLA Samira	PER	PERONA Betzaida	PER	PTF	2:0
peru-open-2022	Senior Women -46kg	QF	116	GUTIERREZ Monica	CRC	ABARCA Cinthya A.	PER	DSQ	
peru-open-2022	Senior Women -46kg	QF	117	LLAUCA MENDOZA Camila	PER	AVELLANEDA Dayana	PER	PTF	2:0
peru-open-2022	Senior Women -46kg	SF	122	ARRATIA Jadeline	CHI	PADILLA Samira	PER	PTF	2:0
peru-open-2022	Senior Women -46kg	SF	123	LLAUCA MENDOZA Camila	PER	GUTIERREZ Monica	CRC	PTF	2:0
peru-open-2022	Senior Women -46kg	F	126	ARRATIA Jadeline	CHI	LLAUCA MENDOZA Camila	PER	PTF	2:1
european-games-qualification-2023	Senior Men -87kg	QF	106	AMER ALI Hassan	DEN	BUKIC Erdin	SWE	PTF	2:0
european-games-qualification-2023	Senior Men -87kg	QF	107	POLLET Manuel	BEL	PASHAEV Ozdjan	GEO	PTF	2:1
european-games-qualification-2023	Senior Men -87kg	QF	206	KINSANSI Steve	FRA	ALIPOUR Sohrab	GBR	PTF	2:0
european-games-qualification-2023	Senior Men -87kg	QF	306	THEOCHAROUS Andreas	CYP	SASSON Itamar	ISR	PTF	2:1
european-games-qualification-2023	Senior Men -87kg	SF	113	POLLET Manuel	BEL	THEOCHAROUS Andreas	CYP	PTF	2:0
european-games-qualification-2023	Senior Men -87kg	SF	312	KINSANSI Steve	FRA	AMER ALI Hassan	DEN	PTF	2:1
european-games-qualification-2023	Senior Men -87kg	F	222	POLLET Manuel	BEL	KINSANSI Steve	FRA	PTF	2:0
european-games-qualification-2023	Senior Men -80kg	QF	105	JOCHMAN Adam	CZE	AGRISAN Stefan Gabriel	ROU	PTF	2:0
european-games-qualification-2023	Senior Men -80kg	QF	205	CRISTESCU Mihai adrian	ROU	ALIYEV Aliaskar	AZE	PTF	2:0
european-games-qualification-2023	Senior Men -80kg	QF	305	KRPAN Vito	CRO	TEUT Vladimir	MDA	PTF	2:0
european-games-qualification-2023	Senior Men -80kg	SF	112	JOCHMAN Adam	CZE	NIKOLIC Matej	CRO	PTF	2:1
european-games-qualification-2023	Senior Men -80kg	SF	212	CRISTESCU Mihai adrian	ROU	KRPAN Vito	CRO	PTF	2:1
european-games-qualification-2023	Senior Men -80kg	F	220	JOCHMAN Adam	CZE	CRISTESCU Mihai adrian	ROU	RSC	1:0
european-games-qualification-2023	Senior Men -63kg	R16	102	TOTH Dariusz	HUN	EFROS Daniel	MDA	PTF	2:1
european-games-qualification-2023	Senior Men -63kg	R16	202	FILIP MURESANU Raul mario	ROU	TARINI Samuel	SMR	PTF	2:0
european-games-qualification-2023	Senior Men -63kg	QF	109	KARIMOV Khanoghlan	AZE	MANOLE Alin	MDA	PTF	2:0
european-games-qualification-2023	Senior Men -63kg	QF	209	PILAVAKIS Ioannis	CYP	AILOAE Eduard	MDA	PTF	2:1
european-games-qualification-2023	Senior Men -63kg	QF	308	BORGEN Kristian storsul	NOR	TOTH Dariusz	HUN	PTF	2:0
european-games-qualification-2023	Senior Men -63kg	QF	309	ROGOZHINE Egor	ISR	FILIP MURESANU Raul mario	ROU	PTF	2:1
european-games-qualification-2023	Senior Men -63kg	SF	214	BORGEN Kristian storsul	NOR	KARIMOV Khanoghlan	AZE	PTF	2:0
european-games-qualification-2023	Senior Men -63kg	SF	314	ROGOZHINE Egor	ISR	PILAVAKIS Ioannis	CYP	PTF	2:1
european-games-qualification-2023	Senior Men -63kg	F	218	BORGEN Kristian storsul	NOR	ROGOZHINE Egor	ISR	PTF	2:0
european-games-qualification-2023	Senior Men -54kg	QF	204	AKHALADZE Data	GEO	BULAVCA Artiom	MDA	PTF	2:1
european-games-qualification-2023	Senior Men -54kg	QF	304	MANENKOV Maksym	UKR	FERREIRA Pedro nunes	POR	PTF	2:0
european-games-qualification-2023	Senior Men -54kg	SF	211	DADASHOV Sayyad	AZE	AKHALADZE Data	GEO	PTF	2:0
european-games-qualification-2023	Senior Men -54kg	SF	311	MANENKOV Maksym	UKR	ALESIO CAPOLINI Mathis	FRA	PTF	2:1
european-games-qualification-2023	Senior Men -54kg	F	216	DADASHOV Sayyad	AZE	MANENKOV Maksym	UKR	PTF	2:0
european-games-qualification-2023	Senior Women -73kg	SF	213	BERISAJ Andela	MNE	KUCHERIAVA Polina	UKR	PTF	2:0
european-games-qualification-2023	Senior Women -73kg	F	221	BERISAJ Andela	MNE	PYPOT Iryna	UKR	PTF	2:0
european-games-qualification-2023	Senior Women -67kg	QF	104	MARTON Viviana	HUN	TASEVA Emilia	BUL	PTF	2:0
european-games-qualification-2023	Senior Women -67kg	QF	203	FABER Isabelle	LUX	SJOBERG Frida	SWE	PTF	2:0
european-games-qualification-2023	Senior Women -67kg	QF	303	ANDERSEN Jasmin	DEN	DUMINA Mariia	UKR	PTF	2:1
european-games-qualification-2023	Senior Women -67kg	SF	111	MARTON Viviana	HUN	ANDERSEN Jasmin	DEN	PTF	2:0
european-games-qualification-2023	Senior Women -67kg	SF	310	KUTS Uliana	UKR	FABER Isabelle	LUX	PTF	2:0
european-games-qualification-2023	Senior Women -67kg	F	219	MARTON Viviana	HUN	KUTS Uliana	UKR	PTF	2:0
european-games-qualification-2023	Senior Women -53kg	R16	101	GEORGIEVA Aleksandra	BUL	PELTEKI Stamatia	GRE	PTF	2:0
european-games-qualification-2023	Senior Women -53kg	R16	201	GIRE Ines	FRA	SAMANOVA Elizaveta	MDA	PTF	2:0
european-games-qualification-2023	Senior Women -53kg	R16	301	KHOBTAR Sofiia	UKR	PLUGARU Bianca	MDA	PTF	2:0
european-games-qualification-2023	Senior Women -53kg	QF	108	GUNDUZ Selen	BUL	GIRE Ines	FRA	PTF	2:0
european-games-qualification-2023	Senior Women -53kg	QF	207	GEORGIEVA Aleksandra	BUL	DOURDIN Mathilde	FRA	PTF	2:0
european-games-qualification-2023	Senior Women -53kg	QF	208	KAMKASOUMPHOU Lenya	FRA	KHOBTAR Sofiia	UKR	PTF	2:1
european-games-qualification-2023	Senior Women -53kg	QF	307	MCKEW Jodie	GBR	HEBBAR Nisrin	FRA	PTF	2:0
european-games-qualification-2023	Senior Women -53kg	SF	114	KAMKASOUMPHOU Lenya	FRA	GUNDUZ Selen	BUL	PTF	2:1
european-games-qualification-2023	Senior Women -53kg	SF	313	MCKEW Jodie	GBR	GEORGIEVA Aleksandra	BUL	PTF	2:0
european-games-qualification-2023	Senior Women -53kg	F	217	MCKEW Jodie	GBR	KAMKASOUMPHOU Lenya	FRA	PTF	2:1
european-games-qualification-2023	Senior Women -46kg	QF	103	CSAKI Hanna	HUN	PERUNICIC Jelena	MNE	PTF	2:0
european-games-qualification-2023	Senior Women -46kg	QF	302	KATSAROVA Gabriela	BUL	BUSUIOC Ingrid Gabriela	ROU	PTF	2:1
european-games-qualification-2023	Senior Women -46kg	SF	110	TSAMPALA Stamatia	GRE	KATSAROVA Gabriela	BUL	PTF	2:0
european-games-qualification-2023	Senior Women -46kg	SF	210	CSAKI Hanna	HUN	KAPANADZE Vera	GEO	PTF	2:0
european-games-qualification-2023	Senior Women -46kg	F	215	CSAKI Hanna	HUN	TSAMPALA Stamatia	GRE	PTF	2:1
european-games-qualification-2023	Senior Men -74kg	R16	105	RUDERMAN Ilia	ISR	CORDESCHI Francesco	ITA	PTF	2:0
european-games-qualification-2023	Senior Men -74kg	R16	106	CHUMACHENKO Oleksandr	UKR	BURA Mihai cristian	ROU	PTF	2:0
european-games-qualification-2023	Senior Men -74kg	R16	107	ZISIS Polydefkis	GRE	BAJRA Arbnor	KOS	PTF	2:0
european-games-qualification-2023	Senior Men -74kg	R16	205	BOOTH Cameron	GBR	GUMUS Kaan	GER	PTF	2:0
european-games-qualification-2023	Senior Men -74kg	R16	206	DAWOUD Omer Khaled	DEN	AZEMI Arber	KOS	PTF	2:1
european-games-qualification-2023	Senior Men -74kg	R16	304	KOVACIC Lin	SLO	SULEAC Dmitrii	MDA	PTF	2:0
european-games-qualification-2023	Senior Men -74kg	R16	305	PERUNIČIĆ Vasilije	MNE	SITTEK Tomas	CZE	PTF	2:1
european-games-qualification-2023	Senior Men -74kg	R16	306	SVITLYCHNYI Oleksii	UKR	CRESCENTINI Stefano	SMR	PTF	2:0
european-games-qualification-2023	Senior Men -74kg	QF	112	KOVACIC Lin	SLO	RUDERMAN Ilia	ISR	PTF	2:1
european-games-qualification-2023	Senior Men -74kg	QF	113	ZISIS Polydefkis	GRE	SVITLYCHNYI Oleksii	UKR	PTF	2:1
european-games-qualification-2023	Senior Men -74kg	QF	212	BOOTH Cameron	GBR	PERUNIČIĆ Vasilije	MNE	PTF	2:1
european-games-qualification-2023	Senior Men -74kg	QF	312	CHUMACHENKO Oleksandr	UKR	DAWOUD Omer Khaled	DEN	PTF	2:1
european-games-qualification-2023	Senior Men -74kg	SF	119	CHUMACHENKO Oleksandr	UKR	ZISIS Polydefkis	GRE	PTF	2:0
european-games-qualification-2023	Senior Men -74kg	SF	318	KOVACIC Lin	SLO	BOOTH Cameron	GBR	PTF	2:0
european-games-qualification-2023	Senior Men -74kg	F	224	KOVACIC Lin	SLO	CHUMACHENKO Oleksandr	UKR	PTF	2:0
european-games-qualification-2023	Senior Men -68kg	R16	108	PEREIRA Renato	POR	KAUDELKA Ananda Leon	GER	PTF	2:0
european-games-qualification-2023	Senior Men -68kg	R16	307	MIRZOIEV Simur	UKR	AGUSHI Arnis	KOS	PTF	2:0
european-games-qualification-2023	Senior Men -68kg	QF	115	GALLAND Warrick	SUI	CECCARONI Michele	SMR	PTF	2:0
european-games-qualification-2023	Senior Men -68kg	QF	215	CHUMACHENKO Andrii	UKR	CAULO Gabriele	ITA	PTF	2:1
european-games-qualification-2023	Senior Men -68kg	QF	314	MIRZOIEV Simur	UKR	BECOVIC Zinedin	MNE	PTF	2:0
european-games-qualification-2023	Senior Men -68kg	QF	315	KAVTARADZE Beka	GEO	PEREIRA Renato	POR	PTF	2:0
european-games-qualification-2023	Senior Men -68kg	SF	120	MIRZOIEV Simur	UKR	GALLAND Warrick	SUI	PTF	2:0
european-games-qualification-2023	Senior Men -68kg	SF	220	CHUMACHENKO Andrii	UKR	KAVTARADZE Beka	GEO	PTF	2:1
european-games-qualification-2023	Senior Men -68kg	F	226	CHUMACHENKO Andrii	UKR	MIRZOIEV Simur	UKR	PTF	2:0
european-games-qualification-2023	Senior Men -58kg	R16	207	FLEGAR Jan	CRO	BLLACA Denis	KOS	PTF	2:0
european-games-qualification-2023	Senior Men -58kg	QF	114	BOGDANOV Hristo	BUL	FUNKENDORF Vladyslav	UKR	PTF	2:1
european-games-qualification-2023	Senior Men -58kg	QF	213	MALKOC Cemal Can	GER	FLEGAR Jan	CRO	PTF	2:0
european-games-qualification-2023	Senior Men -58kg	QF	214	CALIK Enis	GER	YURKO Oleksii	UKR	PTF	2:0
european-games-qualification-2023	Senior Men -58kg	QF	313	ALAMI Josef	SWE	KOTYASH Vasyl	UKR	PTF	2:0
european-games-qualification-2023	Senior Men -58kg	SF	219	ALAMI Josef	SWE	MALKOC Cemal Can	GER	PTF	2:0
european-games-qualification-2023	Senior Men -58kg	SF	319	BOGDANOV Hristo	BUL	CALIK Enis	GER	PTF	2:0
european-games-qualification-2023	Senior Men -58kg	F	228	ALAMI Josef	SWE	BOGDANOV Hristo	BUL	PTF	2:1
european-games-qualification-2023	Senior Men +87kg	QF	109	MOLIN Mattia	ITA	COSMIN Radu	ROU	WDR	1:0
european-games-qualification-2023	Senior Men +87kg	SF	117	MICHOPOULOS Sotirios	GRE	MARINESCU Dragos	MDA	PTF	2:0
european-games-qualification-2023	Senior Men +87kg	SF	316	MOLIN Mattia	ITA	BADRIALIABADI Hamidreza	AZE	PTF	2:1
european-games-qualification-2023	Senior Men +87kg	F	222	MICHOPOULOS Sotirios	GRE	MOLIN Mattia	ITA	PTF	2:0
european-games-qualification-2023	Senior Women -62kg	R16	101	ARELIC Ivana	CRO	POLAT Gulse	TUR	PTF	2:0
european-games-qualification-2023	Senior Women -62kg	R16	102	LABUZOVA Mariia	UKR	HOGLINGER Lea	AUT	PTF	2:0
european-games-qualification-2023	Senior Women -62kg	R16	103	GOGEBAKAN Huru gokce	TUR	ATANASOVA Martina	BUL	PTF	2:0
european-games-qualification-2023	Senior Women -62kg	R16	201	OZBEY Ozge	TUR	MEHNANA Ines	FRA	PTF	2:0
european-games-qualification-2023	Senior Women -62kg	R16	202	ARMERIA Paulina	ITA	RACHE Tania maria	ROU	PTF	2:0
european-games-qualification-2023	Senior Women -62kg	R16	203	GASPA Cristina	ITA	MARINA Ifrim	ROU	PTF	2:0
european-games-qualification-2023	Senior Women -62kg	R16	301	NAZAROVA Iulia	MDA	CHRISTOU Eftichia	CYP	PTF	2:0
european-games-qualification-2023	Senior Women -62kg	R16	302	JELIC Ela	CRO	DOUCET Teeyah	FRA	PTF	2:0
european-games-qualification-2023	Senior Women -62kg	QF	110	ARMERIA Paulina	ITA	JELIC Ela	CRO	PTF	2:0
european-games-qualification-2023	Senior Women -62kg	QF	209	ARELIC Ivana	CRO	OZBEY Ozge	TUR	PTF	2:1
european-games-qualification-2023	Senior Women -62kg	QF	210	GASPA Cristina	ITA	GOGEBAKAN Huru gokce	TUR	PTF	2:0
european-games-qualification-2023	Senior Women -62kg	QF	309	LABUZOVA Mariia	UKR	NAZAROVA Iulia	MDA	PTF	2:1
european-games-qualification-2023	Senior Women -62kg	SF	217	ARELIC Ivana	CRO	LABUZOVA Mariia	UKR	PTF	2:1
european-games-qualification-2023	Senior Women -62kg	SF	317	GASPA Cristina	ITA	ARMERIA Paulina	ITA	PTF	2:1
european-games-qualification-2023	Senior Women -62kg	F	223	ARELIC Ivana	CRO	GASPA Cristina	ITA	PTF	2:1
european-games-qualification-2023	Senior Women -57kg	R16	104	TEGGERI Markella	CYP	ENGSTROM Anna	SWE	PTF	2:0
european-games-qualification-2023	Senior Women -57kg	R16	204	HANSEN Kaja husby	NOR	MINCENKOVA Daria	MDA	PTF	2:0
european-games-qualification-2023	Senior Women -57kg	R16	303	KOMATINA Andrea	MNE	RITI Ana	ROU	PTF	2:0
european-games-qualification-2023	Senior Women -57kg	QF	111	KOSTENEVYCH Darya	UKR	RACHE Alexandra Geanina	ROU	PTF	2:0
european-games-qualification-2023	Senior Women -57kg	QF	211	TEGGERI Markella	CYP	ROVITHIS Anastasia	GER	PTF	2:1
european-games-qualification-2023	Senior Women -57kg	QF	310	MARTON Luana	HUN	KOMATINA Andrea	MNE	PTF	2:0
european-games-qualification-2023	Senior Women -57kg	QF	311	CARABIN Kanelya	FRA	HANSEN Kaja husby	NOR	PTF	2:0
european-games-qualification-2023	Senior Women -57kg	SF	118	MARTON Luana	HUN	KOSTENEVYCH Darya	UKR	RSC	1:0
european-games-qualification-2023	Senior Women -57kg	SF	218	CARABIN Kanelya	FRA	TEGGERI Markella	CYP	PTF	2:1
european-games-qualification-2023	Senior Women -57kg	F	225	MARTON Luana	HUN	CARABIN Kanelya	FRA	PTF	2:0
european-games-qualification-2023	Senior Women -49kg	QF	208	MAKAS Dzejla	BIH	BAJAN Mihaela Nico	ROU	PTF	2:0
european-games-qualification-2023	Senior Women -49kg	QF	308	AVDAGIC Ada	BIH	CHARALAMBOUS Ioanna	CYP	PTF	2:0
european-games-qualification-2023	Senior Women -49kg	SF	116	MAKAS Dzejla	BIH	FERREIRA Matilde	POR	PTF	2:1
european-games-qualification-2023	Senior Women -49kg	SF	216	AVDAGIC Ada	BIH	BRYHIDA Erika	UKR	PTF	2:0
european-games-qualification-2023	Senior Women -49kg	F	227	AVDAGIC Ada	BIH	MAKAS Dzejla	BIH	PTF	2:1
european-games-qualification-2023	Senior Women +73kg	F	221	BOYADZHIEVA Kalina	BUL	PADLA Orsolya	HUN	PTF	2:0
solidarity-center-open-2023	Senior Men -87kg	SF	417	JURGENS Joshua noel	GER	DIABY Aboubacar	FRA	DSQ	
solidarity-center-open-2023	Senior Men -87kg	F	420	JURGENS Joshua noel	GER	ROYAN Kevin	GDL	PTF	
solidarity-center-open-2023	Senior Men -80kg	QF	510	MEHDIPOURNEJAD Kas	GER	MINGUEZ Kevin	FRA	PTF	2:0
solidarity-center-open-2023	Senior Men -80kg	QF	511	ALVES Tiago	POR	STACH Martin	GER	PTF	2:0
solidarity-center-open-2023	Senior Men -80kg	QF	512	COULIBALY Ismael	MLI	TAHRAOUI Yanis	FRA	PTF	2:1
solidarity-center-open-2023	Senior Men -80kg	QF	513	MENDY Mohamed	FRA	LEGENDRE Evann	FRA	PTF	2:0
solidarity-center-open-2023	Senior Men -80kg	SF	518	MEHDIPOURNEJAD Kas	GER	ALVES Tiago	POR	PTF	2:1
solidarity-center-open-2023	Senior Men -80kg	SF	519	MENDY Mohamed	FRA	COULIBALY Ismael	MLI	PTF	2:0
solidarity-center-open-2023	Senior Men -80kg	F	522	MEHDIPOURNEJAD Kas	GER	MENDY Mohamed	FRA	PTF	1:0
solidarity-center-open-2023	Senior Men -74kg	R16	501	O FOFANA Seydou	FRA	ELAROUI Elias	FRA	PTF	2:0
solidarity-center-open-2023	Senior Men -74kg	R16	502	FOFANA Mohamed	MLI	CAMMAERTS Troy	BEL	PTF	2:0
solidarity-center-open-2023	Senior Men -74kg	R16	503	MONTEIRO Diogo	POR	BULOT Antoine	FRA	PTF	2:0
solidarity-center-open-2023	Senior Men -74kg	QF	504	O FOFANA Seydou	FRA	BAJRA Arbnor	KOS	PTF	2:0
solidarity-center-open-2023	Senior Men -74kg	QF	505	SIDIBE Lamine	CIV	AGBOGBE SALANON Oswin	FRA	PTF	2:1
solidarity-center-open-2023	Senior Men -74kg	QF	506	FOFANA Mohamed	MLI	MANE Aliou	FRA	PTF	2:0
solidarity-center-open-2023	Senior Men -74kg	QF	507	CELIN Lyve-stone	FRA	MONTEIRO Diogo	POR	PTF	2:0
solidarity-center-open-2023	Senior Men -74kg	SF	514	O FOFANA Seydou	FRA	SIDIBE Lamine	CIV	PTF	2:0
solidarity-center-open-2023	Senior Men -74kg	SF	515	CELIN Lyve-stone	FRA	FOFANA Mohamed	MLI	PTF	2:1
solidarity-center-open-2023	Senior Men -74kg	F	520	O FOFANA Seydou	FRA	CELIN Lyve-stone	FRA	PTF	2:0
solidarity-center-open-2023	Senior Men -68kg	R32	401	SILVA Ricardo	POR	COSTA Rodrigo	POR	PTF	2:0
solidarity-center-open-2023	Senior Men -68kg	R16	402	COULIBALY Sekou	LUX	SILVA Ricardo	POR	PTF	2:0
solidarity-center-open-2023	Senior Men -68kg	R16	403	NGUILLA Yandric	FRA	SPRECA Andrea	ITA	PTF	2:0
solidarity-center-open-2023	Senior Men -68kg	R16	404	SEDIQI Abdullah	BEL	LAJA Tiago	POR	PTF	2:0
solidarity-center-open-2023	Senior Men -68kg	R16	405	OMEIRAT Mohamed	GER	GRIGORYAN Henri	FRA	PTF	2:1
solidarity-center-open-2023	Senior Men -68kg	R16	406	GALLAND Warrick	SUI	COSTA Luis	POR	PTF	2:0
solidarity-center-open-2023	Senior Men -68kg	R16	407	MIGUEL Moncef	FRA	MANSOUR Youcef	FRA	PTF	2:1
solidarity-center-open-2023	Senior Men -68kg	R16	408	SARR Matar	FRA	JURGENS Jan Martin	GER	PTF	2:0
solidarity-center-open-2023	Senior Men -68kg	R16	409	DOS Tiago	FRA	PETIT PHAR Shannon	FRA	PTF	2:0
solidarity-center-open-2023	Senior Men -68kg	QF	410	COULIBALY Sekou	LUX	NGUILLA Yandric	FRA	PTF	2:1
solidarity-center-open-2023	Senior Men -68kg	QF	411	OMEIRAT Mohamed	GER	SEDIQI Abdullah	BEL	WDR	2:1
solidarity-center-open-2023	Senior Men -68kg	QF	412	GALLAND Warrick	SUI	MIGUEL Moncef	FRA	PTF	2:1
solidarity-center-open-2023	Senior Men -68kg	QF	413	SARR Matar	FRA	DOS Tiago	FRA	PTF	2:1
solidarity-center-open-2023	Senior Men -68kg	SF	414	OMEIRAT Mohamed	GER	COULIBALY Sekou	LUX	PTF	2:0
solidarity-center-open-2023	Senior Men -68kg	SF	415	GALLAND Warrick	SUI	SARR Matar	FRA	PTF	2:1
solidarity-center-open-2023	Senior Men -68kg	F	418	OMEIRAT Mohamed	GER	GALLAND Warrick	SUI	RSC	1:1
solidarity-center-open-2023	Senior Men -63kg	R32	201	SAUER Keryann	FRA	PUISSESSEAU Eddine	LUX	PTF	2:1
solidarity-center-open-2023	Senior Men -63kg	R32	202	TIRANVALIPOUR Hadi	ITA	YURKO Oleksii	FRA	PTG	2:0
solidarity-center-open-2023	Senior Men -63kg	R16	203	MIRZOIEV Simur	UKR	SAUER Keryann	FRA	PTG	2:0
solidarity-center-open-2023	Senior Men -63kg	R16	204	DELEVAL Herwan	FRA	MARTINS Alfredo Da	FRA	PTF	2:1
solidarity-center-open-2023	Senior Men -63kg	R16	205	BELLAHCENE Kais	FRA	JORDIER Ludovic	FRA	PTG	2:0
solidarity-center-open-2023	Senior Men -63kg	R16	206	CAPUANO Lorenzo	FRA	KHERIBI Wassil	FRA	PTG	2:0
solidarity-center-open-2023	Senior Men -63kg	R16	207	CAVUSMAN Emre	GER	ALAMI Vahid	FRA	PTG	2:0
solidarity-center-open-2023	Senior Men -63kg	R16	208	HILAL Ali	CAN	RADCHENKO Kyrylo	UKR	PTG	2:0
solidarity-center-open-2023	Senior Men -63kg	R16	209	ALEXIS Khalis	FRA	SILVA Diogo	POR	PTF	2:0
solidarity-center-open-2023	Senior Men -63kg	R16	210	SIMPARA Youssouf	MLI	TIRANVALIPOUR Hadi	ITA	PTF	2:0
solidarity-center-open-2023	Senior Men -63kg	QF	211	DELEVAL Herwan	FRA	MIRZOIEV Simur	UKR	PTF	2:1
solidarity-center-open-2023	Senior Men -63kg	QF	212	CAPUANO Lorenzo	FRA	BELLAHCENE Kais	FRA	PTF	2:0
solidarity-center-open-2023	Senior Men -63kg	QF	213	CAVUSMAN Emre	GER	HILAL Ali	CAN	PTF	2:0
solidarity-center-open-2023	Senior Men -63kg	QF	214	SIMPARA Youssouf	MLI	ALEXIS Khalis	FRA	PTF	2:0
solidarity-center-open-2023	Senior Men -63kg	SF	215	CAPUANO Lorenzo	FRA	DELEVAL Herwan	FRA	PTF	2:0
solidarity-center-open-2023	Senior Men -63kg	SF	216	CAVUSMAN Emre	GER	SIMPARA Youssouf	MLI	PTF	2:0
solidarity-center-open-2023	Senior Men -63kg	F	219	CAPUANO Lorenzo	FRA	CAVUSMAN Emre	GER	PTF	2:0
solidarity-center-open-2023	Senior Men -58kg	R16	102	MAZZOUZ Ryad	FRA	ALLOUANE Sami	FRA	PTF	2:0
solidarity-center-open-2023	Senior Men -58kg	QF	107	BEDART Samuel	FRA	MAZZOUZ Ryad	FRA	RSC	
solidarity-center-open-2023	Senior Men -58kg	QF	108	GLOC Antoine	FRA	FATHI Arsalaan	FRA	PTF	2:0
solidarity-center-open-2023	Senior Men -58kg	QF	109	BOURGEOIS Owen	FRA	TORGEMAN Ori	ISR	WDR	
solidarity-center-open-2023	Senior Men -58kg	QF	110	IDI Souleymane	FRA	ABDEL HALIM Khaled	GER	PTF	2:0
solidarity-center-open-2023	Senior Men -58kg	SF	113	BEDART Samuel	FRA	GLOC Antoine	FRA	PTF	2:0
solidarity-center-open-2023	Senior Men -58kg	SF	114	BOURGEOIS Owen	FRA	IDI Souleymane	FRA	PTF	2:0
solidarity-center-open-2023	Senior Men -58kg	F	119	BOURGEOIS Owen	FRA	BEDART Samuel	FRA	PTF	2:1
solidarity-center-open-2023	Senior Men -54kg	R16	101	BONNA Baptiste	FRA	CHANG Simon	FRA	PTF	2:0
solidarity-center-open-2023	Senior Men -54kg	QF	103	ALESIO CAPOLINI Mathis	FRA	BONNA Baptiste	FRA	PTF	2:0
solidarity-center-open-2023	Senior Men -54kg	QF	104	AHQAAF Ahmed	LBA	ALEGRE Matteo	FRA	PTF	2:0
solidarity-center-open-2023	Senior Men -54kg	QF	105	MANENKOV Maksym	UKR	MENDES Duarte	POR	PTF	2:0
solidarity-center-open-2023	Senior Men -54kg	QF	106	BOUKARNIA Hamza	FRA	HAMI Muhammed	GER	PTF	2:0
solidarity-center-open-2023	Senior Men -54kg	SF	111	ALESIO CAPOLINI Mathis	FRA	AHQAAF Ahmed	LBA	PTF	2:1
solidarity-center-open-2023	Senior Men -54kg	SF	112	BOUKARNIA Hamza	FRA	MANENKOV Maksym	UKR	PTF	2:1
solidarity-center-open-2023	Senior Men -54kg	F	118	ALESIO CAPOLINI Mathis	FRA	BOUKARNIA Hamza	FRA	PTF	2:0
solidarity-center-open-2023	Senior Men +87kg	QF	508	BRINK Kevin	SWE	ALY Mohamed	EGY	PTF	2:0
solidarity-center-open-2023	Senior Men +87kg	QF	509	MAYAUD Kevin	FRA	BAYO Mohamed	FRA	PTF	2:1
solidarity-center-open-2023	Senior Men +87kg	SF	516	GUETFAYA Islam	ALG	BRINK Kevin	SWE	PTF	2:0
solidarity-center-open-2023	Senior Men +87kg	SF	517	MAYAUD Kevin	FRA	AGBOGBE-SALANON Osmund	FRA	PTF	2:0
solidarity-center-open-2023	Senior Men +87kg	F	521	GUETFAYA Islam	ALG	MAYAUD Kevin	FRA	PTF	2:0
solidarity-center-open-2023	Senior Women -67kg	R16	302	KHAIRULLINA Zhadyra	KAZ	COELHO Mafalda	POR	PTF	2:0
solidarity-center-open-2023	Senior Women -67kg	R16	303	VITAL Sara	POR	OUCHRIF Yasmine	FRA	PTF	2:0
solidarity-center-open-2023	Senior Women -67kg	QF	308	HADDAD Khalida	FRA	KHAIRULLINA Zhadyra	KAZ	PTF	2:0
solidarity-center-open-2023	Senior Women -67kg	QF	309	YOUKOUBOVA Karina	FRA	FABER Isabelle	LUX	PTF	2:0
solidarity-center-open-2023	Senior Women -67kg	QF	310	MEHNANA Ines	FRA	GRUNNING Alma	SWE	PTF	2:0
solidarity-center-open-2023	Senior Women -67kg	QF	311	KHUSSAINOVA Nuray	KAZ	VITAL Sara	POR	PTF	2:0
solidarity-center-open-2023	Senior Women -67kg	SF	314	HADDAD Khalida	FRA	YOUKOUBOVA Karina	FRA	WDR	2:0
solidarity-center-open-2023	Senior Women -67kg	SF	315	KHUSSAINOVA Nuray	KAZ	MEHNANA Ines	FRA	WDR	2:0
solidarity-center-open-2023	Senior Women -67kg	F	319	KHUSSAINOVA Nuray	KAZ	HADDAD Khalida	FRA	PTF	2:1
solidarity-center-open-2023	Senior Women -62kg	SF	316	DOUCET Teeyah	FRA	FOURNIER Alexane	FRA	PTF	2:0
solidarity-center-open-2023	Senior Women -62kg	SF	317	MONTEIRO Maisa	POR	SAIGHI Yasmine	FRA	PTF	2:1
solidarity-center-open-2023	Senior Women -62kg	F	320	DOUCET Teeyah	FRA	MONTEIRO Maisa	POR	PTF	
solidarity-center-open-2023	Senior Women -57kg	SF	217	SEVOSTYANOVA Mariya	KAZ	VOLDERS Caroline	BEL	PTF	2:0
solidarity-center-open-2023	Senior Women -57kg	SF	218	KRUSH Diana	UKR	HEBBAR Nisrin	FRA	PTF	2:0
solidarity-center-open-2023	Senior Women -57kg	F	220	SEVOSTYANOVA Mariya	KAZ	KRUSH Diana	UKR	PTF	1:0
solidarity-center-open-2023	Senior Women -53kg	R16	301	SIBY Aissata Mohamed	MLI	LENNUYEUX Alix	FRA	PTF	2:0
solidarity-center-open-2023	Senior Women -53kg	QF	304	SEMBERG Abishag	ISR	SIBY Aissata Mohamed	MLI	PTF	2:0
solidarity-center-open-2023	Senior Women -53kg	QF	305	CAZALIN Chloe	FRA	SCARABELLO Martina	ITA	PTF	2:0
solidarity-center-open-2023	Senior Women -53kg	QF	306	ASIMI Adiba	GER	GUNGOR Beyza Nur	TUR	PTF	2:1
solidarity-center-open-2023	Senior Women -53kg	QF	307	KAMKASOUMPHOU Lenya	FRA	SOARES Mafalda	POR	PTF	2:0
solidarity-center-open-2023	Senior Women -53kg	SF	312	SEMBERG Abishag	ISR	CAZALIN Chloe	FRA	PTF	2:0
solidarity-center-open-2023	Senior Women -53kg	SF	313	ASIMI Adiba	GER	KAMKASOUMPHOU Lenya	FRA	PTF	2:1
solidarity-center-open-2023	Senior Women -53kg	F	318	SEMBERG Abishag	ISR	ASIMI Adiba	GER	PTF	2:0
solidarity-center-open-2023	Senior Women -49kg	SF	117	SAAD DJABALLAH Maram	ALG	BUTTARELLI Aurelie	FRA	PTF	2:0
solidarity-center-open-2023	Senior Women -49kg	F	121	BAUYRZHANOVA Nuray	KAZ	SAAD DJABALLAH Maram	ALG	PTF	2:0
solidarity-center-open-2023	Senior Women -46kg	SF	115	KARAOGLAN Medine	GER	GAYE Serrah	FRA	DSQ	
solidarity-center-open-2023	Senior Women -46kg	SF	116	TAHRAOUI Ines	FRA	YEDILBAYEVA Aidana	KAZ	PTF	2:0
solidarity-center-open-2023	Senior Women -46kg	F	120	KARAOGLAN Medine	GER	TAHRAOUI Ines	FRA	PTF	2:0
solidarity-center-open-2023	Senior Women +73kg	SF	416	HAMADACHE Emna	FRA	CHEURF Zahra	ALG	PTF	2:0
solidarity-center-open-2023	Senior Women +73kg	F	419	HAMADACHE Emna	FRA	DELARUE Rachel	FRA	PTF	2:0
bosnia-open-2023	Senior Men -87kg	SF	121	NUCI Erol	BIH	SNACOV Laurentiu	ROU	PTF	2:0
bosnia-open-2023	Senior Men -87kg	SF	320	ALKHAIBARI Ali Mab	KSA	SULTAN Almasalikhi	KSA	PTF	2:0
bosnia-open-2023	Senior Men -87kg	F	127	ALKHAIBARI Ali Mab	KSA	NUCI Erol	BIH	PTF	2:0
bosnia-open-2023	Senior Men -80kg	R16	103	DZEPIC Anto	BIH	LONCAR Nikola	SRB	PTF	2:1
bosnia-open-2023	Senior Men -80kg	QF	115	ODINAEV Rustam	SRB	KARAKOC Sadullah	TUR	PTF	2:0
bosnia-open-2023	Senior Men -80kg	QF	214	CRISTESCU Mihai adrian	ROU	DZEPIC Anto	BIH	PTF	2:0
bosnia-open-2023	Senior Men -80kg	QF	215	ALKHIBIRI Sami Far	KSA	HOERMANN Vincent	GER	PTF	2:0
bosnia-open-2023	Senior Men -80kg	QF	314	ALI Faisal Saad S	KSA	STOJANOVIC Stefan	SRB	PTF	2:0
bosnia-open-2023	Senior Men -80kg	SF	124	ODINAEV Rustam	SRB	ALKHIBIRI Sami Far	KSA	PUN	1:1
bosnia-open-2023	Senior Men -80kg	SF	323	CRISTESCU Mihai adrian	ROU	ALI Faisal Saad S	KSA	PTF	2:1
bosnia-open-2023	Senior Men -80kg	F	129	ODINAEV Rustam	SRB	CRISTESCU Mihai adrian	ROU	PTF	2:0
bosnia-open-2023	Senior Men -74kg	R16	104	KILIC Yigithan	TUR	UJKIĆ Marko	MNE	WDR	
bosnia-open-2023	Senior Men -74kg	R16	105	GUMUS Kaan	GER	KOREN Matevz	SLO	PTF	2:0
bosnia-open-2023	Senior Men -74kg	R16	203	ARIK Hasan	TUR	HABIBOVIC Sadmir	BIH	PTF	2:1
bosnia-open-2023	Senior Men -74kg	R16	204	DUGAC Grga	CRO	PERUNIČIĆ Vasilije	MNE	PTF	2:0
bosnia-open-2023	Senior Men -74kg	R16	205	VULETIC Vuk	MNE	CHEHADE Mohamad	SWE	PTF	2:1
bosnia-open-2023	Senior Men -74kg	R16	303	TYAGI Shivam	IND	BAJRAKTAREVIĆ Har	BIH	PTF	2:0
bosnia-open-2023	Senior Men -74kg	R16	304	OTHMAN Mohammad	JOR	MLINARIČ Timotej	SUI	PTF	2:1
bosnia-open-2023	Senior Men -74kg	QF	116	KILIC Yigithan	TUR	TYAGI Shivam	IND	PTF	2:0
bosnia-open-2023	Senior Men -74kg	QF	216	OTHMAN Mohammad	JOR	DUGAC Grga	CRO	PTF	2:1
bosnia-open-2023	Senior Men -74kg	QF	315	KOVACIC Lin	SLO	ARIK Hasan	TUR	PTF	2:0
bosnia-open-2023	Senior Men -74kg	QF	316	VULETIC Vuk	MNE	GUMUS Kaan	GER	PTF	2:1
bosnia-open-2023	Senior Men -74kg	SF	224	KOVACIC Lin	SLO	KILIC Yigithan	TUR	PTF	2:1
bosnia-open-2023	Senior Men -74kg	SF	324	OTHMAN Mohammad	JOR	VULETIC Vuk	MNE	PTF	2:0
bosnia-open-2023	Senior Men -74kg	F	229	KOVACIC Lin	SLO	OTHMAN Mohammad	JOR	PTF	2:1
bosnia-open-2023	Senior Men -68kg	R16	202	BEJTIC Abdulah	BIH	DANILA Filip Octav	ROU	PTF	2:0
bosnia-open-2023	Senior Men -68kg	R16	302	RASKOVIC Luka	SLO	ALJUBAYLAH Fahad Mansour	KSA	PTF	2:0
bosnia-open-2023	Senior Men -68kg	QF	113	BECOVIC Zinedin	MNE	BEJTIC Abdulah	BIH	PTF	2:0
bosnia-open-2023	Senior Men -68kg	QF	114	GALLAND Warrick	SUI	RASKOVIC Luka	SLO	PTF	2:0
bosnia-open-2023	Senior Men -68kg	QF	213	MIRZOIEV Simur	UKR	KORPE Omer furkan	TUR	PTF	2:0
bosnia-open-2023	Senior Men -68kg	QF	313	WAEL Ahmed	EGY	KRAJISNIK Zarko	SRB	PTF	2:1
bosnia-open-2023	Senior Men -68kg	SF	123	MIRZOIEV Simur	UKR	BECOVIC Zinedin	MNE	PTF	2:0
bosnia-open-2023	Senior Men -68kg	SF	223	WAEL Ahmed	EGY	GALLAND Warrick	SUI	PTF	2:0
bosnia-open-2023	Senior Men -68kg	F	328	MIRZOIEV Simur	UKR	WAEL Ahmed	EGY	PTF	2:0
bosnia-open-2023	Senior Men -63kg	R16	102	VUKOVIC Mario	MNE	AL Mohammed Hamood	OMA	PTF	2:0
bosnia-open-2023	Senior Men -63kg	QF	112	KORNEEV Lev	SRB	DJONKO Ibrahim	BIH	PTF	2:0
bosnia-open-2023	Senior Men -63kg	QF	212	ALMABROUK Hamad Ma	KSA	SARIC Eman	BIH	PTF	1:0
bosnia-open-2023	Senior Men -63kg	QF	311	STANIC Novak	SRB	VUKOVIC Mario	MNE	PTF	2:0
bosnia-open-2023	Senior Men -63kg	QF	312	BURUSIC Marko	SRB	NACHEV Ognqn	BUL	PTF	2:0
bosnia-open-2023	Senior Men -63kg	SF	222	STANIC Novak	SRB	KORNEEV Lev	SRB	PTF	2:0
bosnia-open-2023	Senior Men -63kg	SF	322	BURUSIC Marko	SRB	ALMABROUK Hamad Ma	KSA	PTF	2:0
bosnia-open-2023	Senior Men -63kg	F	228	STANIC Novak	SRB	BURUSIC Marko	SRB	PTF	2:0
bosnia-open-2023	Senior Men -58kg	QF	109	BELANOVIC Uros	SRB	BINMOGHAISEEB Abdu	KSA	PTF	2:1
bosnia-open-2023	Senior Men -58kg	QF	110	ABDEL HALIM Khaled	GER	IVKOVIC Relja	SRB	PTF	1:0
bosnia-open-2023	Senior Men -58kg	QF	209	BOLAT Mehmet Bugra	TUR	RAMEEZ Hasan	ROU	PTF	2:0
bosnia-open-2023	Senior Men -58kg	QF	309	BAHTANOVIC Hamza	BIH	ALEXANDRU OVIDIU Miu	ROU	PTF	2:0
bosnia-open-2023	Senior Men -58kg	SF	119	BELANOVIC Uros	SRB	BOLAT Mehmet Bugra	TUR	PTF	2:0
bosnia-open-2023	Senior Men -58kg	SF	219	ABDEL HALIM Khaled	GER	BAHTANOVIC Hamza	BIH	PTF	2:0
bosnia-open-2023	Senior Men -58kg	F	126	ABDEL HALIM Khaled	GER	BELANOVIC Uros	SRB	PTF	2:0
bosnia-open-2023	Senior Men -54kg	QF	108	ALMALKI Khalid	KSA	HAMI Muhammed	GER	PTF	2:0
bosnia-open-2023	Senior Men -54kg	QF	208	BOUKARNIA Hamza	FRA	HASSAN A Almalki	KSA	PTF	2:0
bosnia-open-2023	Senior Men -54kg	QF	307	ALSAMIH Fahad Sami	KSA	AL-HARTHY Nasser M	OMA	PTF	2:0
bosnia-open-2023	Senior Men -54kg	QF	308	GEORGIEV Hristiyan	BUL	HAMDI Kathem Nasse	KSA	PTF	2:0
bosnia-open-2023	Senior Men -54kg	SF	218	ALSAMIH Fahad Sami	KSA	ALMALKI Khalid	KSA	PTF	2:0
bosnia-open-2023	Senior Men -54kg	SF	318	GEORGIEV Hristiyan	BUL	BOUKARNIA Hamza	FRA	PTF	2:0
bosnia-open-2023	Senior Men -54kg	F	325	GEORGIEV Hristiyan	BUL	ALSAMIH Fahad Sami	KSA	PTF	2:0
bosnia-open-2023	Senior Women -73kg	SF	221	BERISAJ Andela	MNE	JOKIC Marija	BIH	PTF	2:1
bosnia-open-2023	Senior Women -73kg	F	227	BERISAJ Andela	MNE	HUSOVIC Darija	GER	PTF	2:1
bosnia-open-2023	Senior Women -67kg	F	327	MEHMEDOVIC Nadina	BIH	HREBAC Lucija	CRO	PTF	2:0
bosnia-open-2023	Senior Women -62kg	QF	106	SARENAC Ivana	BIH	MARIC Masa	SRB	PTF	2:1
bosnia-open-2023	Senior Women -62kg	QF	206	SAVKOVIC Nadja	SRB	HOERMANN Emily	GER	PTF	2:1
bosnia-open-2023	Senior Women -62kg	QF	305	HABULIN Kim Vivian	GER	GOEBEL Laura	GER	PTF	2:1
bosnia-open-2023	Senior Women -62kg	SF	117	SANTOS Caroline	BRA	HABULIN Kim Vivian	GER	PTF	2:1
bosnia-open-2023	Senior Women -62kg	SF	217	SAVKOVIC Nadja	SRB	SARENAC Ivana	BIH	PTF	2:0
bosnia-open-2023	Senior Women -62kg	F	125	SANTOS Caroline	BRA	SAVKOVIC Nadja	SRB	PTF	2:0
bosnia-open-2023	Senior Women -57kg	R16	101	OZBEY Oyku	TUR	KOMATINA Andrea	MNE	PTF	2:0
bosnia-open-2023	Senior Women -57kg	R16	201	GERMANAC Aleksandra	SRB	KESIC Helena	BIH	PTF	2:0
bosnia-open-2023	Senior Women -57kg	R16	301	MILIC Nikolina	SRB	STEVIC Kristina	SRB	PTF	2:0
bosnia-open-2023	Senior Women -57kg	QF	111	MARIC Ela	SRB	GERMANAC Aleksandra	SRB	PTF	2:0
bosnia-open-2023	Senior Women -57kg	QF	210	ZDERO Petra	BIH	OZBEY Oyku	TUR	PTF	2:1
bosnia-open-2023	Senior Women -57kg	QF	211	SPEHAR Lea	CRO	MILIC Nikolina	SRB	PTF	2:0
bosnia-open-2023	Senior Women -57kg	QF	310	PATAKFALVY Luca	HUN	WOLF Jessica	GER	PTF	2:0
bosnia-open-2023	Senior Women -57kg	SF	122	SPEHAR Lea	CRO	MARIC Ela	SRB	PTF	2:0
bosnia-open-2023	Senior Women -57kg	SF	321	PATAKFALVY Luca	HUN	ZDERO Petra	BIH	PTF	2:0
bosnia-open-2023	Senior Women -57kg	F	128	PATAKFALVY Luca	HUN	SPEHAR Lea	CRO	PTF	2:1
bosnia-open-2023	Senior Women -53kg	SF	120	BOKAN Andrea	SRB	KAJEVIC Sajra	BIH	PTF	2:0
bosnia-open-2023	Senior Women -53kg	SF	220	AVDAGIC Ada	BIH	KARIMI Nuria	SLO	DSQ	
bosnia-open-2023	Senior Women -53kg	F	326	AVDAGIC Ada	BIH	BOKAN Andrea	SRB	PTF	2:0
bosnia-open-2023	Senior Women -49kg	QF	107	MAKAS Dzejla	BIH	CRUZ Jessica	PUR	PTF	2:0
bosnia-open-2023	Senior Women -49kg	QF	207	BAJAN Mihaela Nico	ROU	ALSALAH Fatimah	KSA	PTF	2:0
bosnia-open-2023	Senior Women -49kg	QF	306	SALOMEAH KNEZOVIĆ Francis	CRO	BURUIANA Andreea	ROU	PTF	2:0
bosnia-open-2023	Senior Women -49kg	SF	118	MAKAS Dzejla	BIH	BAJAN Mihaela Nico	ROU	PTF	2:0
bosnia-open-2023	Senior Women -49kg	SF	317	MILIC Milica	SRB	SALOMEAH KNEZOVIĆ Francis	CRO	PTF	2:0
bosnia-open-2023	Senior Women -49kg	F	225	MILIC Milica	SRB	MAKAS Dzejla	BIH	PTF	2:0
bosnia-open-2023	Senior Women -46kg	SF	319	KAZIM Lara Osma E	KSA	AL-HINAI Umaima harib	OMA	PTF	2:1
bosnia-open-2023	Senior Women -46kg	F	226	ALSHARIF Taiba Kha	KSA	KAZIM Lara Osma E	KSA	PTF	2:0
albania-open-2023	Senior Men -87kg	QF	517	DIVKOVIC Patrik	SLO	SASSON Itamar	ISR	PTF	2:0
albania-open-2023	Senior Men -87kg	QF	518	NUCI Erol	BIH	SNACOV Laurentiu	ROU	PTF	2:1
albania-open-2023	Senior Men -87kg	QF	519	PAPADOPOULOS Ioannis	GRE	ZOUROS Konstantino	GRE	PTF	2:1
albania-open-2023	Senior Men -87kg	QF	520	SEGEDIN Dinko	CRO	DENIZMAN Ferkan	TUR	WDR	1:1
albania-open-2023	Senior Men -87kg	SF	527	DIVKOVIC Patrik	SLO	NUCI Erol	BIH	PTF	2:0
albania-open-2023	Senior Men -87kg	SF	528	PAPADOPOULOS Ioannis	GRE	SEGEDIN Dinko	CRO	RSC	1:0
albania-open-2023	Senior Men -87kg	F	532	DIVKOVIC Patrik	SLO	PAPADOPOULOS Ioannis	GRE	PTF	2:1
albania-open-2023	Senior Men -80kg	R16	415	SOKOLOWSKI Mikolaj	POL	RAFAELL MINEL Ursu	ROU	PTF	2:0
albania-open-2023	Senior Men -80kg	R16	416	EROL Arif	TUR	GALLO Alessandro	ITA	PTF	2:0
albania-open-2023	Senior Men -80kg	QF	425	TELIKOSTOGLOU Apostolos	GRE	SOKOLOWSKI Mikolaj	POL	PTF	2:0
albania-open-2023	Senior Men -80kg	QF	426	KURUTAS Dogukan	TUR	BASUMLI Murat	TUR	PTF	2:0
albania-open-2023	Senior Men -80kg	QF	427	CRISTESCU Mihai adrian	ROU	WEIDUM Dion	NED	PTF	2:0
albania-open-2023	Senior Men -80kg	QF	428	PIATKOWSKI Szymon	POL	EROL Arif	TUR	PTF	2:0
albania-open-2023	Senior Men -80kg	SF	433	TELIKOSTOGLOU Apostolos	GRE	KURUTAS Dogukan	TUR	PTF	2:0
albania-open-2023	Senior Men -80kg	SF	434	PIATKOWSKI Szymon	POL	CRISTESCU Mihai adrian	ROU	PTF	2:0
albania-open-2023	Senior Men -80kg	F	437	TELIKOSTOGLOU Apostolos	GRE	PIATKOWSKI Szymon	POL	WDR	
albania-open-2023	Senior Men -74kg	R16	501	ALIU Egers	ALB	RUDERMAN Ilia	ISR	PTF	
albania-open-2023	Senior Men -74kg	R16	502	DE Lorenzo	ITA	MRRUKU Denado	ALB	PTF	2:0
albania-open-2023	Senior Men -74kg	R16	503	CHARALAMBOUS Evangelos	CYP	CAPUTO Giuseppe	ITA	PTF	
albania-open-2023	Senior Men -74kg	R16	504	CHETOUI Mohamed tahar	GER	GIANNAKAKOS Spyrid	GRE	PTF	2:0
albania-open-2023	Senior Men -74kg	R16	505	CUDNOCH Lukasz	POL	AGUSHI Arnis	KOS	PTF	2:0
albania-open-2023	Senior Men -74kg	R16	506	TYAGI Shivam	IND	UJKIĆ Marko	MNE	PTF	1:0
albania-open-2023	Senior Men -74kg	R16	507	MARINARO Matteo	ITA	OMEIRAT Mohamed	GER	PTF	2:0
albania-open-2023	Senior Men -74kg	R16	508	SANTAS Kadir	TUR	VULETIC Vuk	MNE	PTF	2:0
albania-open-2023	Senior Men -74kg	QF	509	ALIU Egers	ALB	DE Lorenzo	ITA	PTF	2:0
albania-open-2023	Senior Men -74kg	QF	510	CHARALAMBOUS Evangelos	CYP	CHETOUI Mohamed tahar	GER	PTF	2:1
albania-open-2023	Senior Men -74kg	QF	511	TYAGI Shivam	IND	CUDNOCH Lukasz	POL	PTF	2:0
albania-open-2023	Senior Men -74kg	QF	512	SANTAS Kadir	TUR	MARINARO Matteo	ITA	PTF	2:0
albania-open-2023	Senior Men -74kg	SF	521	CHARALAMBOUS Evangelos	CYP	ALIU Egers	ALB	PTF	2:0
albania-open-2023	Senior Men -74kg	SF	522	TYAGI Shivam	IND	SANTAS Kadir	TUR	PTF	1:0
albania-open-2023	Senior Men -74kg	F	529	TYAGI Shivam	IND	CHARALAMBOUS Evangelos	CYP	PTF	2:1
albania-open-2023	Senior Men -68kg	R32	401	FOSSA Andrea	ITA	RADCHENKO Kyrylo	UKR	PTF	2:0
albania-open-2023	Senior Men -68kg	R32	402	MAEDA Toshitaka	JPN	CANO Andrea	ITA	PTF	2:0
albania-open-2023	Senior Men -68kg	R32	403	KORSAK Mykhailo	UKR	VILAR Francisco	ESP	PTF	
albania-open-2023	Senior Men -68kg	R32	404	DUGAC Grga	CRO	FLOUSKOUNIS Charalampos	GRE	PTF	2:0
albania-open-2023	Senior Men -68kg	R32	405	CANI Juirdo	ALB	FRATTESI Alessandro	ITA	PTF	2:0
albania-open-2023	Senior Men -68kg	R16	406	CHAMALIDIS Konstantinos	GRE	FOSSA Andrea	ITA	PTF	2:0
albania-open-2023	Senior Men -68kg	R16	407	DJONKO Muhamed	BIH	DÁVASON Høgni	FRO	PTF	2:0
albania-open-2023	Senior Men -68kg	R16	408	PATINO POMBAL Pablo	ESP	MAEDA Toshitaka	JPN	PTF	2:0
albania-open-2023	Senior Men -68kg	R16	409	BECOVIC Zinedin	MNE	KORSAK Mykhailo	UKR	PTF	2:0
albania-open-2023	Senior Men -68kg	R16	410	SZCZESNOWSKI Mateusz	POL	DUGAC Grga	CRO	PTF	2:0
albania-open-2023	Senior Men -68kg	R16	411	SAKELLARIOU Christos	GRE	GALLAND Warrick	SUI	PTF	2:1
albania-open-2023	Senior Men -68kg	R16	412	USCIMIUK Sebastian	POL	ZISIS Polydefkis	GRE	PTF	2:1
albania-open-2023	Senior Men -68kg	R16	413	KRIVISHKIY Nimrod	ISR	CANI Juirdo	ALB	PTF	2:0
albania-open-2023	Senior Men -68kg	QF	417	CHAMALIDIS Konstantinos	GRE	DJONKO Muhamed	BIH	PTF	2:0
albania-open-2023	Senior Men -68kg	QF	418	PATINO POMBAL Pablo	ESP	BECOVIC Zinedin	MNE	PTF	2:0
albania-open-2023	Senior Men -68kg	QF	419	SZCZESNOWSKI Mateusz	POL	SAKELLARIOU Christos	GRE	PTF	2:1
albania-open-2023	Senior Men -68kg	QF	420	KRIVISHKIY Nimrod	ISR	USCIMIUK Sebastian	POL	PTF	2:0
albania-open-2023	Senior Men -68kg	SF	429	CHAMALIDIS Konstantinos	GRE	PATINO POMBAL Pablo	ESP	PTF	2:0
albania-open-2023	Senior Men -68kg	SF	430	SZCZESNOWSKI Mateusz	POL	KRIVISHKIY Nimrod	ISR	PTF	2:0
albania-open-2023	Senior Men -68kg	F	435	SZCZESNOWSKI Mateusz	POL	CHAMALIDIS Konstantinos	GRE	WDR	
albania-open-2023	Senior Men -63kg	R32	302	AYDOGAN Hamza osman	TUR	SANTINELLI Christian	ITA	PTF	2:0
albania-open-2023	Senior Men -63kg	R32	303	THEODOSIOU Ilias	GRE	LILA Omar	ALB	PTF	2:0
albania-open-2023	Senior Men -63kg	R32	304	CHRZANOWSKI Mateusz	POL	YURKO Oleksii	UKR	PTF	2:1
albania-open-2023	Senior Men -63kg	R32	305	SCIACCA Antonino	ITA	ANASTASIADIS Sevastianos	GRE	PTF	2:1
albania-open-2023	Senior Men -63kg	R32	306	PAPPAS Lampros	GRE	JAMEIAN Ilia	DEN	PTF	2:0
albania-open-2023	Senior Men -63kg	R16	315	OZKAYA Imran	GER	AYDOGAN Hamza osman	TUR	PTF	2:0
albania-open-2023	Senior Men -63kg	R16	316	OTER Ibrahim	TUR	PAPIEROWSKI Dominik	POL	PTF	2:0
albania-open-2023	Senior Men -63kg	R16	317	LO PINTO Daniel	ITA	THEODOSIOU Ilias	GRE	PTF	2:0
albania-open-2023	Senior Men -63kg	R16	318	CHRZANOWSKI Mateusz	POL	BURUSIC Marko	SRB	PTF	2:1
albania-open-2023	Senior Men -63kg	R16	319	ROGOZHINE Egor	ISR	SCIACCA Antonino	ITA	PTF	2:0
albania-open-2023	Senior Men -63kg	R16	320	CAVUSMAN Emre	GER	DJONKO Ibrahim	BIH	WDR	2:0
albania-open-2023	Senior Men -63kg	R16	321	TSIAOUSIS Marios	GRE	LUCERNA Luca	ITA	PTF	2:0
albania-open-2023	Senior Men -63kg	R16	322	KONSTANTINIDIS Iordanis	GER	PAPPAS Lampros	GRE	PTF	2:1
albania-open-2023	Senior Men -63kg	QF	327	OTER Ibrahim	TUR	OZKAYA Imran	GER	PTF	2:1
albania-open-2023	Senior Men -63kg	QF	328	LO PINTO Daniel	ITA	CHRZANOWSKI Mateusz	POL	PTF	1:0
albania-open-2023	Senior Men -63kg	QF	329	CAVUSMAN Emre	GER	ROGOZHINE Egor	ISR	PTF	2:0
albania-open-2023	Senior Men -63kg	QF	330	KONSTANTINIDIS Iordanis	GER	TSIAOUSIS Marios	GRE	PTF	2:1
albania-open-2023	Senior Men -63kg	SF	333	OTER Ibrahim	TUR	LO PINTO Daniel	ITA	PTF	2:0
albania-open-2023	Senior Men -63kg	SF	334	CAVUSMAN Emre	GER	KONSTANTINIDIS Iordanis	GER	WDR	
albania-open-2023	Senior Men -63kg	F	336	CAVUSMAN Emre	GER	OTER Ibrahim	TUR	PTF	2:1
albania-open-2023	Senior Men -58kg	R32	101	APOSTOLIDIS Theofilos	GRE	LO Marco	ITA	PTF	2:0
albania-open-2023	Senior Men -58kg	R32	102	RAU Gabriele	ITA	ALEXANDRU OVIDIU Miu	ROU	PTF	2:1
albania-open-2023	Senior Men -58kg	R16	103	RAPSOMANIKIS Dionysios	GRE	APOSTOLIDIS Theofilos	GRE	PTF	2:0
albania-open-2023	Senior Men -58kg	R16	104	KUMAR Aman	IND	TORRE Elia	ITA	PTF	2:1
albania-open-2023	Senior Men -58kg	R16	105	ABDEL HALIM Khaled	GER	KITADE Tatsuya	JPN	PTF	2:0
albania-open-2023	Senior Men -58kg	R16	106	FOTI Giuseppe	ITA	DEMIRXHIU Klaus	ALB	PTF	2:0
albania-open-2023	Senior Men -58kg	R16	107	LENZO Ettore	ITA	NAGAEV Dmitriy	ISR	PTF	2:1
albania-open-2023	Senior Men -58kg	R16	108	GOKALP Cuneyt	TUR	ANDRONIKOU Kyriakos	CYP	PTF	2:0
albania-open-2023	Senior Men -58kg	R16	109	GERARDIS Georgios	GRE	ZIVKOVIC Dragan	SRB	PTF	2:0
albania-open-2023	Senior Men -58kg	R16	110	BEDART Samuel	FRA	RAU Gabriele	ITA	PTF	2:0
albania-open-2023	Senior Men -58kg	QF	116	RAPSOMANIKIS Dionysios	GRE	KUMAR Aman	IND	PTF	2:0
albania-open-2023	Senior Men -58kg	QF	117	FOTI Giuseppe	ITA	ABDEL HALIM Khaled	GER	PTF	2:1
albania-open-2023	Senior Men -58kg	QF	118	GOKALP Cuneyt	TUR	LENZO Ettore	ITA	PTF	2:0
albania-open-2023	Senior Men -58kg	QF	119	GERARDIS Georgios	GRE	BEDART Samuel	FRA	PTF	2:1
albania-open-2023	Senior Men -58kg	SF	127	RAPSOMANIKIS Dionysios	GRE	FOTI Giuseppe	ITA	PTF	2:0
albania-open-2023	Senior Men -58kg	SF	128	GERARDIS Georgios	GRE	GOKALP Cuneyt	TUR	PTF	2:0
albania-open-2023	Senior Men -58kg	F	133	RAPSOMANIKIS Dionysios	GRE	GERARDIS Georgios	GRE	PTF	2:0
albania-open-2023	Senior Men -54kg	R16	212	MEHLMANN Daniel	GER	GERONTIDIS Christo	GRE	PTF	2:0
albania-open-2023	Senior Men -54kg	R16	213	VIZDIKLAR Suleyman	KOS	CATAFFO Lorenzo	ITA	PTF	2:0
albania-open-2023	Senior Men -54kg	R16	214	KADAM Aaditya	AUS	SCANDURA Salvatore	ITA	PTF	2:1
albania-open-2023	Senior Men -54kg	R16	215	PATISHI Ori	ISR	DEMENOPOULOS Frant	GRE	PTF	2:0
albania-open-2023	Senior Men -54kg	R16	216	HAMI Muhammed	GER	DE Francesco	ITA	PTF	2:1
albania-open-2023	Senior Men -54kg	R16	217	LIKOMETI Tedi	ALB	ZAINO Tommaso	ITA	PTF	2:0
albania-open-2023	Senior Men -54kg	R16	218	OUDAI Yanis	FRA	COSTARELLI Enea	ITA	PTF	2:1
albania-open-2023	Senior Men -54kg	QF	227	MEHLMANN Daniel	GER	MANENKOV Maksym	UKR	PTF	2:1
albania-open-2023	Senior Men -54kg	QF	228	VIZDIKLAR Suleyman	KOS	KADAM Aaditya	AUS	PTF	2:0
albania-open-2023	Senior Men -54kg	QF	229	PATISHI Ori	ISR	HAMI Muhammed	GER	PTF	2:0
albania-open-2023	Senior Men -54kg	QF	230	LIKOMETI Tedi	ALB	OUDAI Yanis	FRA	PTF	2:0
albania-open-2023	Senior Men -54kg	SF	235	MEHLMANN Daniel	GER	VIZDIKLAR Suleyman	KOS	PTF	2:0
albania-open-2023	Senior Men -54kg	SF	236	PATISHI Ori	ISR	LIKOMETI Tedi	ALB	PTF	2:0
albania-open-2023	Senior Men -54kg	F	239	MEHLMANN Daniel	GER	PATISHI Ori	ISR	PTF	2:0
albania-open-2023	Senior Men +87kg	QF	514	FILIPPOV Aleksandr	ISR	MOLIN Mattia	ITA	PTF	2:0
albania-open-2023	Senior Men +87kg	QF	515	ZONDEROP Bryan	NED	D'ANGELO Antonio	ITA	PTF	2:0
albania-open-2023	Senior Men +87kg	QF	516	EL YAZIDI Omar	FRA	SECIC Edijan	CRO	PTF	2:0
albania-open-2023	Senior Men +87kg	SF	525	GEORGIEVSKI Dejan	MKD	FILIPPOV Aleksandr	ISR	PTF	2:0
albania-open-2023	Senior Men +87kg	SF	526	EL YAZIDI Omar	FRA	ZONDEROP Bryan	NED	PTF	2:0
albania-open-2023	Senior Men +87kg	F	531	GEORGIEVSKI Dejan	MKD	EL YAZIDI Omar	FRA	PTF	2:1
albania-open-2023	Senior Women -67kg	R16	414	DALLA Martina	ITA	GASHI Rona	KOS	PTF	2:1
albania-open-2023	Senior Women -67kg	QF	421	MEHNANA Ines	FRA	DALLA Martina	ITA	PTF	2:1
albania-open-2023	Senior Women -67kg	QF	422	MEHMEDOVIC Nadina	BIH	MAGGIORE Giulia	ITA	PTF	2:0
albania-open-2023	Senior Women -67kg	QF	423	SCHNEIDER Yanna	GER	HESLOP Amber	AUS	PTF	2:0
albania-open-2023	Senior Women -67kg	QF	424	MARENTAKI Styliani	GRE	KOWALKOWSKA Justyna	POL	PTF	2:0
albania-open-2023	Senior Women -67kg	SF	431	MEHNANA Ines	FRA	MEHMEDOVIC Nadina	BIH	PTF	2:0
albania-open-2023	Senior Women -67kg	SF	432	MARENTAKI Styliani	GRE	SCHNEIDER Yanna	GER	PTF	1:0
albania-open-2023	Senior Women -67kg	F	436	MARENTAKI Styliani	GRE	MEHNANA Ines	FRA	PTF	2:0
albania-open-2023	Senior Women -62kg	R16	201	TVARONAVICIUTE Klaudija	LTU	TOMCZAK Tatiana	POL	PTF	2:0
albania-open-2023	Senior Women -62kg	R16	202	GOEBEL Laura	GER	JAMEIAN Ayda	DEN	PTF	2:0
albania-open-2023	Senior Women -62kg	R16	203	LONČAR Karla	CRO	SARENAC Ivana	BIH	PTF	2:1
albania-open-2023	Senior Women -62kg	R16	204	SZPAK Julia	POL	FOLLESA Rebecca	ITA	PTF	2:0
albania-open-2023	Senior Women -62kg	R16	205	CAKAL Sevval	TUR	KARABULUT Beyza	TUR	PTF	2:0
albania-open-2023	Senior Women -62kg	R16	206	CAKAL Sefika	TUR	TRAVERSI Valentina	ITA	PTF	2:0
albania-open-2023	Senior Women -62kg	QF	219	ARELIC Ivana	CRO	TVARONAVICIUTE Klaudija	LTU	PTF	2:0
albania-open-2023	Senior Women -62kg	QF	220	GOEBEL Laura	GER	LONČAR Karla	CRO	PTF	2:0
albania-open-2023	Senior Women -62kg	QF	221	SZPAK Julia	POL	CAKAL Sevval	TUR	PTF	2:1
albania-open-2023	Senior Women -62kg	QF	222	TESIC Nadja	SRB	CAKAL Sefika	TUR	PTF	2:0
albania-open-2023	Senior Women -62kg	SF	231	ARELIC Ivana	CRO	GOEBEL Laura	GER	PTF	2:0
albania-open-2023	Senior Women -62kg	SF	232	TESIC Nadja	SRB	SZPAK Julia	POL	PTF	2:0
albania-open-2023	Senior Women -62kg	F	237	ARELIC Ivana	CRO	TESIC Nadja	SRB	PTF	2:1
albania-open-2023	Senior Women -57kg	R32	301	VALENTINI Giulia	ITA	ZIEJEWSKA Karolina	POL	PTF	2:0
albania-open-2023	Senior Women -57kg	R16	307	ADAMKIEWICZ Patryc	POL	VALENTINI Giulia	ITA	PTF	2:0
albania-open-2023	Senior Women -57kg	R16	308	GERMANAC Aleksandra	SRB	HASAN Gizem	TUR	PTF	2:1
albania-open-2023	Senior Women -57kg	R16	309	VUKIC Margarita	CRO	STAMENKOVIC Teodora	SRB	PTF	2:1
albania-open-2023	Senior Women -57kg	R16	310	NISHIDA Mao	JPN	KONSTANTINIDOU Yvonni	GRE	PTF	2:1
albania-open-2023	Senior Women -57kg	R16	311	PEREZ PARRADO Alma maria	ESP	STEVIC Kristina	SRB	PTF	2:0
albania-open-2023	Senior Women -57kg	R16	312	KRUSH Diana	UKR	FARETTA Elena Sofi	ITA	PTF	2:0
albania-open-2023	Senior Women -57kg	R16	313	MAKRYGIANNI Athina	GRE	GUAITA Greta	ITA	PTF	2:0
albania-open-2023	Senior Women -57kg	R16	314	KALTEKI Faidra	GRE	SZYMCZAK Joanna	POL	PTF	2:0
albania-open-2023	Senior Women -57kg	QF	323	ADAMKIEWICZ Patryc	POL	GERMANAC Aleksandra	SRB	PTF	2:0
albania-open-2023	Senior Women -57kg	QF	324	VUKIC Margarita	CRO	NISHIDA Mao	JPN	PTF	2:1
albania-open-2023	Senior Women -57kg	QF	325	PEREZ PARRADO Alma maria	ESP	KRUSH Diana	UKR	PTF	2:1
albania-open-2023	Senior Women -57kg	QF	326	KALTEKI Faidra	GRE	MAKRYGIANNI Athina	GRE	PTF	2:0
albania-open-2023	Senior Women -57kg	SF	331	ADAMKIEWICZ Patryc	POL	VUKIC Margarita	CRO	PTF	2:0
albania-open-2023	Senior Women -57kg	SF	332	KALTEKI Faidra	GRE	PEREZ PARRADO Alma maria	ESP	PTF	2:0
albania-open-2023	Senior Women -57kg	F	335	KALTEKI Faidra	GRE	ADAMKIEWICZ Patryc	POL	PTF	1:0
albania-open-2023	Senior Women -53kg	R16	207	KOUTROUMPI Kalliopi	GRE	LIAKATA Ifigeneia	GRE	PTF	2:0
albania-open-2023	Senior Women -53kg	R16	208	CUORVO Anna	ITA	AYDEMIR Nurselin	GER	PTF	2:0
albania-open-2023	Senior Women -53kg	R16	209	AVDAGIC Ada	BIH	MASIELLO Giuliana	AUS	PTF	2:0
albania-open-2023	Senior Women -53kg	R16	210	KRAJEWSKA Agnieszka	POL	GIRE Ines	FRA	PTF	2:0
albania-open-2023	Senior Women -53kg	R16	211	DE FAZIO Ioanna	GRE	SHABAJ Enisa	ALB	PTF	
albania-open-2023	Senior Women -53kg	QF	223	KOUTROUMPI Kalliopi	GRE	MEIŠTININKAITĖ Gerda	LTU	PTF	2:0
albania-open-2023	Senior Women -53kg	QF	224	CUORVO Anna	ITA	AVDAGIC Ada	BIH	PTF	2:0
albania-open-2023	Senior Women -53kg	QF	225	MATONTI Ilenia elisabetta	ITA	KRAJEWSKA Agnieszka	POL	PTF	2:0
albania-open-2023	Senior Women -53kg	QF	226	DE FAZIO Ioanna	GRE	KAMKASOUMPHOU Lenya	FRA	PTF	2:1
albania-open-2023	Senior Women -53kg	SF	233	KOUTROUMPI Kalliopi	GRE	CUORVO Anna	ITA	PTF	2:1
albania-open-2023	Senior Women -53kg	SF	234	MATONTI Ilenia elisabetta	ITA	DE FAZIO Ioanna	GRE	PTF	2:1
albania-open-2023	Senior Women -53kg	F	238	MATONTI Ilenia elisabetta	ITA	KOUTROUMPI Kalliopi	GRE	PTF	2:0
albania-open-2023	Senior Women -49kg	R16	111	SYDORENKO Anastasiia	LTU	SANTANIELLO Antoni	ITA	PTF	2:1
albania-open-2023	Senior Women -49kg	R16	112	SARGANTANI Charikleia	GRE	BADIOLI Elisabetta	ITA	PTF	2:1
albania-open-2023	Senior Women -49kg	R16	113	BAJAN Mihaela Nico	ROU	CALABRO Martina	ITA	PTF	2:0
albania-open-2023	Senior Women -49kg	R16	114	KRAJEWSKA Alicja	POL	BURUIANA Andreea	ROU	PTF	2:0
albania-open-2023	Senior Women -49kg	R16	115	SZYMCZAK Aleksandra	POL	MAROLO Giorgia	ITA	PTF	2:0
albania-open-2023	Senior Women -49kg	QF	120	KAMKASOUMPHOU Maysane	FRA	SYDORENKO Anastasiia	LTU	PTF	2:0
albania-open-2023	Senior Women -49kg	QF	121	SARGANTANI Charikleia	GRE	BAJAN Mihaela Nico	ROU	PTF	2:0
albania-open-2023	Senior Women -49kg	QF	122	BRYHIDA Erika	UKR	KRAJEWSKA Alicja	POL	PTF	2:1
albania-open-2023	Senior Women -49kg	QF	123	KRAJEWSKA Nikola	POL	SZYMCZAK Aleksandra	POL	PTF	2:1
albania-open-2023	Senior Women -49kg	SF	129	KAMKASOUMPHOU Maysane	FRA	SARGANTANI Charikleia	GRE	PTF	2:0
albania-open-2023	Senior Women -49kg	SF	130	KRAJEWSKA Nikola	POL	BRYHIDA Erika	UKR	PTF	2:0
albania-open-2023	Senior Women -49kg	F	134	KAMKASOUMPHOU Maysane	FRA	KRAJEWSKA Nikola	POL	PTF	2:0
albania-open-2023	Senior Women -46kg	QF	124	MYTILINIOU Magdali	GRE	GALIERO Giulia	ITA	WDR	
albania-open-2023	Senior Women -46kg	QF	125	BERTAGNIN Elisa	ITA	KARAOGLAN Medine	GER	PTF	2:0
albania-open-2023	Senior Women -46kg	QF	126	KAMINSKA Anita	POL	NTINAJ Anisa	GRE	PTF	2:0
albania-open-2023	Senior Women -46kg	SF	131	JIMENEZ MONTERO Ana	ESP	MYTILINIOU Magdali	GRE	PTF	2:0
albania-open-2023	Senior Women -46kg	SF	132	KAMINSKA Anita	POL	BERTAGNIN Elisa	ITA	PTF	2:1
albania-open-2023	Senior Women -46kg	F	135	JIMENEZ MONTERO Ana	ESP	KAMINSKA Anita	POL	PTF	2:0
albania-open-2023	Senior Women +73kg	QF	513	MESIC Nikolina	CRO	LAURIDSEN Natalie	DEN	PTF	2:0
albania-open-2023	Senior Women +73kg	SF	523	CASTINEIRA ETCHEVERRIA Tania	ESP	MESIC Nikolina	CRO	RSC	1:0
albania-open-2023	Senior Women +73kg	SF	524	KITSIOU Agoritsa artemia	GRE	NTEMOGIANNI Paraskevi	GRE	PTF	2:0
albania-open-2023	Senior Women +73kg	F	530	CASTINEIRA ETCHEVERRIA Tania	ESP	KITSIOU Agoritsa artemia	GRE	PTF	2:0
african-games-2024	Senior Men -63kg	R32	101	KOULNODJI CALEB Tomte	CHA	SOARES DE APRESENTACAO Kelvio	STP	PTF	2:0
african-games-2024	Senior Men -63kg	R32	102	KLUTSE Prince Marvin	GHA	CLEMENTE Mauro	MOZ	PTF	2:0
african-games-2024	Senior Men -63kg	R32	103	BAFFA Muhammad	NGR	TOSSOU Benett Elvi	BEN	PTF	2:0
african-games-2024	Senior Men -63kg	R32	201	ZELEKE Zemedkun	ETH	REOYOMO Roy- Le- Bonheur	CAF	PTF	2:0
african-games-2024	Senior Men -63kg	R32	202	N. Clinton	ANG	KAJIRA Christopher	ZAM	PTF	2:0
african-games-2024	Senior Men -63kg	R16	107	JENDOUBI Mohamed khalil	TUN	KOULNODJI CALEB Tomte	CHA	PTF	2:0
african-games-2024	Senior Men -63kg	R16	108	TRESOR L. W. Kabore	BUR	ZELEKE Zemedkun	ETH	PTF	2:0
african-games-2024	Senior Men -63kg	R16	109	DIOP Bocar	SEN	N. Clinton	ANG	PTF	1:0
african-games-2024	Senior Men -63kg	R16	110	CRANIMA Wakurwoth	UGA	NDONG OBAME Severin	GAB	PTF	2:1
african-games-2024	Senior Men -63kg	R16	207	MAZIYA Wandile	SWZ	ILUNGA Henock	COD	PTF	2:0
african-games-2024	Senior Men -63kg	R16	208	CHIPKAOU Maman Man	NIG	KLUTSE Prince Marvin	GHA	PTF	1:0
african-games-2024	Senior Men -63kg	R16	209	KONE Bakary	MLI	GUERFI Mohamed	ALG	PTF	2:0
african-games-2024	Senior Men -63kg	R16	210	KONATE Ben younouss	CIV	BAFFA Muhammad	NGR	PTF	2:0
african-games-2024	Senior Men -63kg	QF	117	JENDOUBI Mohamed khalil	TUN	MAZIYA Wandile	SWZ	PTF	2:0
african-games-2024	Senior Men -63kg	QF	118	DIOP Bocar	SEN	KONE Bakary	MLI	PTF	2:0
african-games-2024	Senior Men -63kg	QF	217	CHIPKAOU Maman Man	NIG	TRESOR L. W. Kabore	BUR	PTF	2:1
african-games-2024	Senior Men -63kg	QF	218	KONATE Ben younouss	CIV	CRANIMA Wakurwoth	UGA	PTF	2:0
african-games-2024	Senior Men -63kg	SF	122	JENDOUBI Mohamed khalil	TUN	CHIPKAOU Maman Man	NIG	PTF	2:0
african-games-2024	Senior Men -63kg	SF	222	DIOP Bocar	SEN	KONATE Ben younouss	CIV	PTF	2:0
african-games-2024	Senior Men -63kg	F	224	JENDOUBI Mohamed khalil	TUN	DIOP Bocar	SEN	PTF	2:0
african-games-2024	Senior Men -54kg	R16	104	ZEWUDE Fitsum	ETH	ARINOLA Abdullatee	NGR	PTF	2:1
african-games-2024	Senior Men -54kg	R16	203	M. Domingos	ANG	NJAKARIMANANA Mamp	MAD	PTF	2:0
african-games-2024	Senior Men -54kg	QF	111	AMADOU Mahamadou	NIG	M. Domingos	ANG	PTF	2:0
african-games-2024	Senior Men -54kg	QF	112	IBRAHIM Diallo	CIV	KAZINDA Eureka	COD	PTF	2:0
african-games-2024	Senior Men -54kg	QF	211	BALLO Siriman	MLI	DOUMBIA Lassina	BUR	PTF	2:1
african-games-2024	Senior Men -54kg	QF	212	ASEM ATA ABU SREE' Moataz bellah	EGY	ZEWUDE Fitsum	ETH	PTF	2:0
african-games-2024	Senior Men -54kg	SF	119	AMADOU Mahamadou	NIG	BALLO Siriman	MLI	PTF	2:1
african-games-2024	Senior Men -54kg	SF	219	ASEM ATA ABU SREE' Moataz bellah	EGY	IBRAHIM Diallo	CIV	PTF	1:0
african-games-2024	Senior Men -54kg	F	123	ASEM ATA ABU SREE' Moataz bellah	EGY	AMADOU Mahamadou	NIG	PTF	1:0
african-games-2024	Senior Women -53kg	R16	105	BALEW Tsiyon	ETH	SARR Ndeye Maty	SEN	PTF	1:1
african-games-2024	Senior Women -53kg	R16	106	MAGALHAS Marineth	ANG	SANGARE Mariam	MLI	PTF	2:0
african-games-2024	Senior Women -53kg	R16	204	HAMADATAHER HAROUNA Zeinab	NIG	RAMOKOKA Palesa	RSA	PTF	2:0
african-games-2024	Senior Women -53kg	R16	205	ADEDAPO Eunice omolara	GHA	SYMPHOROSE Kiala	COD	PTF	1:1
african-games-2024	Senior Women -53kg	QF	113	EL BOUCHTI Oumaima	MAR	HAMADATAHER HAROUNA Zeinab	NIG	PTF	2:0
african-games-2024	Senior Women -53kg	QF	114	CHINAZUM Nwosu	NGR	ADEDAPO Eunice omolara	GHA	PTF	2:0
african-games-2024	Senior Women -53kg	QF	213	BEN AOUN Ouhoud	TUN	BALEW Tsiyon	ETH	PTF	2:0
african-games-2024	Senior Women -53kg	QF	214	COULIBALY Bouma ferimata	CIV	MAGALHAS Marineth	ANG	PTF	2:0
african-games-2024	Senior Women -53kg	SF	120	BEN AOUN Ouhoud	TUN	EL BOUCHTI Oumaima	MAR	PTF	1:0
african-games-2024	Senior Women -53kg	SF	220	COULIBALY Bouma ferimata	CIV	CHINAZUM Nwosu	NGR	PTF	1:0
african-games-2024	Senior Women -53kg	F	223	BEN AOUN Ouhoud	TUN	COULIBALY Bouma ferimata	CIV	PTF	2:0
african-games-2024	Senior Women +73kg	R16	206	OKAFOR Florence	NGR	BOUKAR Assanie	CHA	PTF	2:0
african-games-2024	Senior Women +73kg	QF	115	ABOUFARAS Fatima-ezzahra	MAR	OKAFOR Florence	NGR	PTF	1:0
african-games-2024	Senior Women +73kg	QF	116	BATHILY Astan Kath	CIV	CHEURF Zahra	ALG	PTF	2:0
african-games-2024	Senior Women +73kg	QF	215	OGALLO Faith	KEN	MUNAVE Carlota	SWZ	PTF	2:0
african-games-2024	Senior Women +73kg	QF	216	SHAABAN SLEMAN HASSAN Toka	EGY	AYANG Veronica Mba	GEQ	PTF	2:0
african-games-2024	Senior Women +73kg	SF	121	ABOUFARAS Fatima-ezzahra	MAR	OGALLO Faith	KEN	PTF	1:0
african-games-2024	Senior Women +73kg	SF	221	BATHILY Astan Kath	CIV	SHAABAN SLEMAN HASSAN Toka	EGY	PTF	1:0
african-games-2024	Senior Women +73kg	F	124	ABOUFARAS Fatima-ezzahra	MAR	BATHILY Astan Kath	CIV	PTF	1:0
african-games-2024	Senior Men -68kg	R32	101	SALEH Mahamat	CHA	V. Janga	LBR	PTF	2:0
african-games-2024	Senior Men -68kg	R16	105	OTOWANGE Angala	COD	PHIRI Joseh	MAW	PTF	2:1
african-games-2024	Senior Men -68kg	R16	106	WAEL Ahmed	EGY	ABDOUL-KADRI Samin	NIG	PTF	1:0
african-games-2024	Senior Men -68kg	R16	107	FOFANA Mohamed	MLI	RASOLOFO Mananariv	MAD	PTF	2:0
african-games-2024	Senior Men -68kg	R16	108	MAIGA Ibrahim	BUR	ATNAFU Getnet	ETH	PTF	2:0
african-games-2024	Senior Men -68kg	R16	204	KOBENAN Aaron francois	CIV	SALEH Mahamat	CHA	PTF	2:0
african-games-2024	Senior Men -68kg	R16	205	MOUSSA Amar Cisse	GAB	EMMANUEL Hahumi	UGA	PTF	2:0
african-games-2024	Senior Men -68kg	R16	206	LO Mouhamadou mansour	SEN	AJAYI Ifeoluwa	NGR	PTF	2:0
african-games-2024	Senior Men -68kg	R16	207	MASUKU Saneliso	SWZ	K. Mário	ANG	PTF	2:0
african-games-2024	Senior Men -68kg	QF	114	KOBENAN Aaron francois	CIV	OTOWANGE Angala	COD	PTF	2:0
african-games-2024	Senior Men -68kg	QF	115	LO Mouhamadou mansour	SEN	FOFANA Mohamed	MLI	PTF	2:0
african-games-2024	Senior Men -68kg	QF	214	WAEL Ahmed	EGY	MOUSSA Amar Cisse	GAB	PTF	2:1
african-games-2024	Senior Men -68kg	QF	215	MAIGA Ibrahim	BUR	MASUKU Saneliso	SWZ	PTF	2:0
african-games-2024	Senior Men -68kg	SF	119	KOBENAN Aaron francois	CIV	WAEL Ahmed	EGY	PTF	2:0
african-games-2024	Senior Men -68kg	SF	219	LO Mouhamadou mansour	SEN	MAIGA Ibrahim	BUR	PTF	1:1
african-games-2024	Senior Men -68kg	F	221	LO Mouhamadou mansour	SEN	KOBENAN Aaron francois	CIV	PTF	2:0
african-games-2024	Senior Men +87kg	R16	201	TOURE Mouhameth	SEN	MOLUBI Katlego	RSA	PTF	2:0
african-games-2024	Senior Men +87kg	QF	109	ESSAM MOHIUDDIN Abdullah	EGY	DIAWARA Nouhoum	MLI	PTF	2:0
african-games-2024	Senior Men +87kg	QF	110	MYLANN Antony	GAB	NAGALO Thierry Michel	BUR	PTF	2:0
african-games-2024	Senior Men +87kg	QF	208	BASSEL Ayoub	MAR	TOURE Mouhameth	SEN	PTF	2:0
african-games-2024	Senior Men +87kg	QF	209	ISSOUFOU Abdoul	NIG	OKUOMOSE Benjamin	NGR	PTF	2:0
african-games-2024	Senior Men +87kg	SF	116	ESSAM MOHIUDDIN Abdullah	EGY	BASSEL Ayoub	MAR	PTF	2:1
african-games-2024	Senior Men +87kg	SF	216	ISSOUFOU Abdoul	NIG	MYLANN Antony	GAB	PTF	1:0
african-games-2024	Senior Men +87kg	F	120	ISSOUFOU Abdoul	NIG	ESSAM MOHIUDDIN Abdullah	EGY	PTF	2:0
african-games-2024	Senior Women -73kg	QF	113	DANGNIDE Abenan Je	CIV	NUMBI Josephate	COD	PTF	2:0
african-games-2024	Senior Women -73kg	QF	212	MUSANGI Jully Alun	KEN	C. Luzia	ANG	PTF	2:0
african-games-2024	Senior Women -73kg	QF	213	MOUEGA Urgence	GAB	MOKOPOTSA Shadi Relebogile	BOT	PTF	1:0
african-games-2024	Senior Women -73kg	SF	118	OMAYMA Boumh	MAR	MUSANGI Jully Alun	KEN	PTF	1:0
african-games-2024	Senior Women -73kg	SF	218	MOUEGA Urgence	GAB	DANGNIDE Abenan Je	CIV	PTF	2:0
african-games-2024	Senior Women -73kg	F	121	OMAYMA Boumh	MAR	MOUEGA Urgence	GAB	PTF	2:0
african-games-2024	Senior Women -57kg	R16	102	DLAMINI Sivunwesih	SWZ	M. Bitibaly	BUR	PTF	1:0
african-games-2024	Senior Women -57kg	R16	103	DIAW Yacine	SEN	NDACYAYISENGA Aline	RWA	PTF	1:0
african-games-2024	Senior Women -57kg	R16	104	BARBOSA Sherta Egidio	MOZ	SAIDOU Malika	NIG	PTF	1:0
african-games-2024	Senior Women -57kg	R16	202	MURIU Mary	KEN	SEMUAMLAK Danawit	ETH	PTF	2:0
african-games-2024	Senior Women -57kg	R16	203	MARCHLINSKI Maria	GAM	MASILO Rethabile	RSA	PTF	2:1
african-games-2024	Senior Women -57kg	QF	111	DIAW Yacine	SEN	MURIU Mary	KEN	PTF	2:0
african-games-2024	Senior Women -57kg	QF	112	CISSE Mariama	CIV	BARBOSA Sherta Egidio	MOZ	PTF	2:0
african-games-2024	Senior Women -57kg	QF	210	TOUMI Chaima	TUN	DLAMINI Sivunwesih	SWZ	PTF	2:0
african-games-2024	Senior Women -57kg	QF	211	KONATE Maimouna	MLI	MARCHLINSKI Maria	GAM	PTF	1:0
african-games-2024	Senior Women -57kg	SF	117	TOUMI Chaima	TUN	DIAW Yacine	SEN	PTF	1:0
african-games-2024	Senior Women -57kg	SF	217	CISSE Mariama	CIV	KONATE Maimouna	MLI	PTF	2:0
african-games-2024	Senior Women -57kg	F	220	TOUMI Chaima	TUN	CISSE Mariama	CIV	PTF	1:0
african-games-2024	Senior Men -80kg	R16	101	DIALLO Ibrahima	GUI	DAVIDSON Michael	GHA	PTF	2:0
african-games-2024	Senior Men -80kg	R16	102	ITIKU Peter Osaro	NGR	SAMOTSHOZO Ernest	BOT	PTF	1:0
african-games-2024	Senior Men -80kg	R16	201	HAMA Mahamadou Yac	NIG	NKOY Arno	COD	PTF	1:0
african-games-2024	Senior Men -80kg	QF	113	COULIBALY Ismael	MLI	LESSAKOLO OPOYA Teddy ixaver	GAB	PTF	2:0
african-games-2024	Senior Men -80kg	QF	114	SAWADOGO Faysal	BUR	ITIKU Peter Osaro	NGR	PTF	2:0
african-games-2024	Senior Men -80kg	QF	212	EISSA Seif	EGY	DIALLO Ibrahima	GUI	PTF	2:0
african-games-2024	Senior Men -80kg	QF	213	KATOUSI Firas	TUN	HAMA Mahamadou Yac	NIG	RSC	
african-games-2024	Senior Men -80kg	SF	121	KATOUSI Firas	TUN	SAWADOGO Faysal	BUR	PTF	2:0
african-games-2024	Senior Men -80kg	SF	220	EISSA Seif	EGY	COULIBALY Ismael	MLI	PTF	1:0
african-games-2024	Senior Men -80kg	F	224	KATOUSI Firas	TUN	EISSA Seif	EGY	PTF	1:1
african-games-2024	Senior Men -58kg	R16	103	ADDO Benson	GHA	BESTMAN Enoch	LBR	PTF	1:0
african-games-2024	Senior Men -58kg	R16	104	BETEL Casimir	CHA	MUIANGA Ernesto	MOZ	PTF	2:0
african-games-2024	Senior Men -58kg	R16	105	KINSAMA Renedy	COD	KULA Kitso Vusumuzi	BOT	PTF	2:1
african-games-2024	Senior Men -58kg	R16	202	GUEYE Mouhamadou F	SEN	OCIRA Oswaldo	UGA	PTF	2:0
african-games-2024	Senior Men -58kg	R16	203	SIMPARA Youssouf	MLI	D.R.SOZINHO José	ANG	PTF	2:0
african-games-2024	Senior Men -58kg	R16	204	TSIMANE Leboela	LES	MANSON Maxwell	SLE	PTF	2:0
african-games-2024	Senior Men -58kg	R16	205	DIAKITE Issa	CIV	ASSOGBA Bignon Ben	BEN	PTF	2:0
african-games-2024	Senior Men -58kg	QF	115	SIMPARA Youssouf	MLI	ADDO Benson	GHA	PTF	2:0
african-games-2024	Senior Men -58kg	QF	116	DIAKITE Issa	CIV	KINSAMA Renedy	COD	PTF	2:0
african-games-2024	Senior Men -58kg	QF	214	ISSAKA GARBA Nouridine	NIG	GUEYE Mouhamadou F	SEN	PTF	2:1
african-games-2024	Senior Men -58kg	QF	215	BETEL Casimir	CHA	TSIMANE Leboela	LES	PTF	2:0
african-games-2024	Senior Men -58kg	SF	122	DIAKITE Issa	CIV	BETEL Casimir	CHA	PTF	2:0
african-games-2024	Senior Men -58kg	SF	221	ISSAKA GARBA Nouridine	NIG	SIMPARA Youssouf	MLI	PTF	2:0
african-games-2024	Senior Men -58kg	F	125	ISSAKA GARBA Nouridine	NIG	DIAKITE Issa	CIV	PTF	1:0
african-games-2024	Senior Women -62kg	R16	106	PREMYA Wankou	BEN	ESSOUGHE Nancy Tat	GAB	PTF	1:1
african-games-2024	Senior Women -62kg	R16	107	WAFA Masghouni	TUN	HAMADOU ALI Oumoulker	NIG	PTF	2:0
african-games-2024	Senior Women -62kg	R16	108	AKINYI Milka	KEN	MACHOK Flora Aluel	SSD	PTF	2:0
african-games-2024	Senior Women -62kg	R16	206	NOBLE Trinity Aria	SLE	KOUTOUBALI KADIDJA	CHA	PTF	2:0
african-games-2024	Senior Women -62kg	R16	207	MAHMOUD Nadine	EGY	BANDA Vester	MAW	PTF	2:0
african-games-2024	Senior Women -62kg	R16	208	OKOKO Chidimma Helen	NGR	SIDIBE Mariam	MLI	PTF	2:0
african-games-2024	Senior Women -62kg	QF	117	WAFA Masghouni	TUN	NOBLE Trinity Aria	SLE	WDR	
african-games-2024	Senior Women -62kg	QF	118	IBO Koumba nanah-helene	CIV	OKOKO Chidimma Helen	NGR	PTF	2:0
african-games-2024	Senior Women -62kg	QF	216	MERIEME Khoulal	MAR	PREMYA Wankou	BEN	PTF	2:0
african-games-2024	Senior Women -62kg	QF	217	MAHMOUD Nadine	EGY	AKINYI Milka	KEN	PTF	2:0
african-games-2024	Senior Women -62kg	SF	123	IBO Koumba nanah-helene	CIV	MAHMOUD Nadine	EGY	PTF	2:0
african-games-2024	Senior Women -62kg	SF	222	WAFA Masghouni	TUN	MERIEME Khoulal	MAR	PTF	2:0
african-games-2024	Senior Women -62kg	F	225	WAFA Masghouni	TUN	IBO Koumba nanah-helene	CIV	PTF	2:0
african-games-2024	Senior Women -46kg	R16	109	KEMBI Sadia-leocho	CAF	N. Teresa	ANG	PTF	2:0
african-games-2024	Senior Women -46kg	R16	110	ABDOU BILANE Zaraou	NIG	YASIN Hayat	ETH	PTF	1:0
african-games-2024	Senior Women -46kg	R16	111	BAMA Ida Kevine	BUR	JOSEPHINE Esuku	NGR	PTF	2:0
african-games-2024	Senior Women -46kg	R16	112	SAHIB SOUKAINA	MAR	KAARS Jaydean	RSA	WDR	
african-games-2024	Senior Women -46kg	R16	209	SHERIF HAMDY Laila	EGY	CHANDA Blessings	ZAM	PTF	2:0
african-games-2024	Senior Women -46kg	R16	210	FALL Ngone	SEN	LEHNA Attout	ALG	PTF	2:0
african-games-2024	Senior Women -46kg	R16	211	GBEDZE Kezia Elemawusi	GHA	MUNONGO Sephora	COD	DSQ	
african-games-2024	Senior Women -46kg	QF	119	ABDOU BILANE Zaraou	NIG	SHERIF HAMDY Laila	EGY	PTF	1:0
african-games-2024	Senior Women -46kg	QF	120	SAHIB SOUKAINA	MAR	GBEDZE Kezia Elemawusi	GHA	PTF	2:0
african-games-2024	Senior Women -46kg	QF	218	TAU Michelle	LES	KEMBI Sadia-leocho	CAF	PTF	2:0
african-games-2024	Senior Women -46kg	QF	219	FALL Ngone	SEN	BAMA Ida Kevine	BUR	PTF	2:0
african-games-2024	Senior Women -46kg	SF	124	SAHIB SOUKAINA	MAR	FALL Ngone	SEN	PTF	2:0
african-games-2024	Senior Women -46kg	SF	223	ABDOU BILANE Zaraou	NIG	TAU Michelle	LES	PTF	2:1
african-games-2024	Senior Women -46kg	F	126	ABDOU BILANE Zaraou	NIG	SAHIB SOUKAINA	MAR	PTF	2:0
spanish-open-2024	Senior Men -87kg	R16	624	ORDEMANN Richard andre	NOR	JOCHMAN Adam	CZE	PTF	2:1
spanish-open-2024	Senior Men -87kg	R16	625	CHANG Yu-ling	TPE	TADJIBAEV Azizjan	FRA	PTF	2:1
spanish-open-2024	Senior Men -87kg	R16	626	LLOPIS SANCHEZ Lucas	ESP	GARCIA David	ESP	PTF	2:0
spanish-open-2024	Senior Men -87kg	R16	627	BOUZID SOUIHILI Ismael	FRA	MARCOS Aaron	ESP	PTF	2:0
spanish-open-2024	Senior Men -87kg	R16	628	MEHNANA Nahil	FRA	FARMAKAS Erik	SWE	PTF	2:0
spanish-open-2024	Senior Men -87kg	R16	629	MYRZABAYEV Nurlan	KAZ	LOPEZ Pablo	ESP	PTF	2:0
spanish-open-2024	Senior Men -87kg	R16	630	RIBEIRO Tiago	POR	GOMIS Païvou johnouario	GBS	PTF	2:1
spanish-open-2024	Senior Men -87kg	QF	635	ORDEMANN Richard andre	NOR	TROITINO AMOEDO Sergio	ESP	PTF	2:1
spanish-open-2024	Senior Men -87kg	QF	636	CHANG Yu-ling	TPE	LLOPIS SANCHEZ Lucas	ESP	WDR	1:0
spanish-open-2024	Senior Men -87kg	QF	637	BOUZID SOUIHILI Ismael	FRA	MEHNANA Nahil	FRA	PTF	2:0
spanish-open-2024	Senior Men -87kg	QF	638	MYRZABAYEV Nurlan	KAZ	RIBEIRO Tiago	POR	PTF	2:0
spanish-open-2024	Senior Men -87kg	SF	641	CHANG Yu-ling	TPE	ORDEMANN Richard andre	NOR	RSC	
spanish-open-2024	Senior Men -87kg	SF	642	MYRZABAYEV Nurlan	KAZ	BOUZID SOUIHILI Ismael	FRA	PTF	2:1
spanish-open-2024	Senior Men -87kg	F	644	MYRZABAYEV Nurlan	KAZ	CHANG Yu-ling	TPE	WDR	
spanish-open-2024	Senior Men -80kg	R32	801	DORCA Pau	ESP	FERNANDEZ Jon	ESP	PTF	2:0
spanish-open-2024	Senior Men -80kg	R32	802	RUDERMAN Ilia	ISR	FERNANDEZ GARCIA Mikel	ESP	PTF	2:1
spanish-open-2024	Senior Men -80kg	R32	803	MARTIN SANCHEZ Alejandro	ESP	FRONDA Sandro	SWE	PTF	2:1
spanish-open-2024	Senior Men -80kg	R32	804	MINGUEZ Kevin	FRA	RODRIGUEZ Kevin	ESP	PTF	2:1
spanish-open-2024	Senior Men -80kg	R32	805	BENITEZ DONATE Alejandro	ESP	LEGENDRE Evann	FRA	PTF	2:0
spanish-open-2024	Senior Men -80kg	R16	821	CINTADO ARTECHE Jon	ESP	DORCA Pau	ESP	PTF	2:1
spanish-open-2024	Senior Men -80kg	R16	822	GANIYEV Mergen	KAZ	ALVES Tiago	POR	PTF	2:1
spanish-open-2024	Senior Men -80kg	R16	823	RUIZ DOMENECH Ramon	ESP	RUDERMAN Ilia	ISR	PTF	2:1
spanish-open-2024	Senior Men -80kg	R16	824	TAHRAOUI Yanis	FRA	MARTIN SANCHEZ Alejandro	ESP	PTF	2:0
spanish-open-2024	Senior Men -80kg	R16	825	MENDY Mohamed	FRA	MINGUEZ Kevin	FRA	PTF	2:0
spanish-open-2024	Senior Men -80kg	R16	826	MALLO Iago	ESP	HOERMANN Vincent	GER	PTF	2:1
spanish-open-2024	Senior Men -80kg	R16	827	FELICITE Lawrence	FRA	LUDWIG Albert	CZE	PTF	2:0
spanish-open-2024	Senior Men -80kg	R16	828	GONZALEZ Alejandro	ESP	BENITEZ DONATE Alejandro	ESP	PTF	2:0
spanish-open-2024	Senior Men -80kg	QF	837	CINTADO ARTECHE Jon	ESP	GANIYEV Mergen	KAZ	PTF	2:0
spanish-open-2024	Senior Men -80kg	QF	838	RUIZ DOMENECH Ramon	ESP	TAHRAOUI Yanis	FRA	PTF	2:0
spanish-open-2024	Senior Men -80kg	QF	839	MALLO Iago	ESP	MENDY Mohamed	FRA	PTF	2:0
spanish-open-2024	Senior Men -80kg	QF	840	GONZALEZ Alejandro	ESP	FELICITE Lawrence	FRA	PTF	2:0
spanish-open-2024	Senior Men -80kg	SF	845	CINTADO ARTECHE Jon	ESP	RUIZ DOMENECH Ramon	ESP	PTF	2:0
spanish-open-2024	Senior Men -80kg	SF	846	GONZALEZ Alejandro	ESP	MALLO Iago	ESP	PTF	2:0
spanish-open-2024	Senior Men -80kg	F	849	GONZALEZ Alejandro	ESP	CINTADO ARTECHE Jon	ESP	WDR	1:1
spanish-open-2024	Senior Men -74kg	R32	806	FERNANDEZ Ismael	ESP	PETTERSEN Jonas	NOR	PTF	2:0
spanish-open-2024	Senior Men -74kg	R32	807	MERCER Jack woody	THA	ELAROUI Elias	FRA	PTF	2:0
spanish-open-2024	Senior Men -74kg	R32	808	AMRI Bassem	FRA	COMPANY Eduard	ESP	PTF	2:0
spanish-open-2024	Senior Men -74kg	R32	809	MARIPOV Abdurakhmon	KAZ	PORTARO Gregory	MON	PTF	2:0
spanish-open-2024	Senior Men -74kg	R32	810	HERNANDEZ Alejandr	ESP	KNARVIK Arne	NOR	PTF	2:1
spanish-open-2024	Senior Men -74kg	R32	811	SERRANO MACIAS Jesus	ESP	PAUL Iestyn	GBR	PTF	2:0
spanish-open-2024	Senior Men -74kg	R32	812	MOLINA Gabriel	ESP	MILAN CANOVAS Juan antonio	ESP	PTF	2:0
spanish-open-2024	Senior Men -74kg	R32	813	AGUILAR Marcos	ESP	GONZALEZ NUNEZ Giovanni	ESP	PTF	2:0
spanish-open-2024	Senior Men -74kg	R32	814	SALVADOR MARTINEZ Enric	ESP	WRIGHT Oakley	GBR	PTF	2:0
spanish-open-2024	Senior Men -74kg	R32	815	ALONSO Iker	ESP	COSTA Diogo rafael alves da	POR	PTF	2:1
spanish-open-2024	Senior Men -74kg	R32	816	CEDRUN MARTINEZ Cesar	ESP	ORYNBASSAR Yerassyl	KAZ	PTF	2:1
spanish-open-2024	Senior Men -74kg	R32	817	GARCIA ALVAREZ Gabriel	ESP	ORYNBASSAR Maksat	KAZ	PTF	2:0
spanish-open-2024	Senior Men -74kg	R32	818	GUMUS Kaan	GER	BONO Josep	ESP	PTF	2:0
spanish-open-2024	Senior Men -74kg	R32	819	PAN GARROTE Adrian	ESP	PETIT PHAR Shannon	FRA	PTF	2:0
spanish-open-2024	Senior Men -74kg	R32	820	CELIN Lyve-stone	FRA	HSU Hao-yu	TPE	PTF	2:0
spanish-open-2024	Senior Men -74kg	R16	829	FERNANDEZ Ismael	ESP	QUESADA BARRERA Daniel	ESP	PTF	2:1
spanish-open-2024	Senior Men -74kg	R16	830	AMRI Bassem	FRA	MERCER Jack woody	THA	PTF	2:1
spanish-open-2024	Senior Men -74kg	R16	831	MARIPOV Abdurakhmon	KAZ	HERNANDEZ Alejandr	ESP	WDR	
spanish-open-2024	Senior Men -74kg	R16	832	MOLINA Gabriel	ESP	SERRANO MACIAS Jesus	ESP	PTF	2:1
spanish-open-2024	Senior Men -74kg	R16	833	SALVADOR MARTINEZ Enric	ESP	AGUILAR Marcos	ESP	PTF	2:0
spanish-open-2024	Senior Men -74kg	R16	834	CEDRUN MARTINEZ Cesar	ESP	ALONSO Iker	ESP	PTF	2:0
spanish-open-2024	Senior Men -74kg	R16	835	GUMUS Kaan	GER	GARCIA ALVAREZ Gabriel	ESP	PTF	2:0
spanish-open-2024	Senior Men -74kg	R16	836	CELIN Lyve-stone	FRA	PAN GARROTE Adrian	ESP	PTF	2:0
spanish-open-2024	Senior Men -74kg	QF	841	AMRI Bassem	FRA	FERNANDEZ Ismael	ESP	PTF	2:0
spanish-open-2024	Senior Men -74kg	QF	842	MARIPOV Abdurakhmon	KAZ	MOLINA Gabriel	ESP	PTF	2:0
spanish-open-2024	Senior Men -74kg	QF	843	CEDRUN MARTINEZ Cesar	ESP	SALVADOR MARTINEZ Enric	ESP	PTF	2:1
spanish-open-2024	Senior Men -74kg	QF	844	CELIN Lyve-stone	FRA	GUMUS Kaan	GER	WDR	2:0
spanish-open-2024	Senior Men -74kg	SF	847	MARIPOV Abdurakhmon	KAZ	AMRI Bassem	FRA	PTF	2:0
spanish-open-2024	Senior Men -74kg	SF	848	CELIN Lyve-stone	FRA	CEDRUN MARTINEZ Cesar	ESP	PTF	2:0
spanish-open-2024	Senior Men -74kg	F	850	CELIN Lyve-stone	FRA	MARIPOV Abdurakhmon	KAZ	PTF	2:0
spanish-open-2024	Senior Men -68kg	R32	601	SILVA Ricardo	POR	MESSAHLI Mohamed	FRA	PTF	2:1
spanish-open-2024	Senior Men -68kg	R32	602	AIT NACER Ayoub	FRA	SOTO Carlos	ESP	PTF	2:0
spanish-open-2024	Senior Men -68kg	R32	603	YERMEKBAY Alibek	KAZ	THOMAS Max	ESP	PTF	2:1
spanish-open-2024	Senior Men -68kg	R32	604	MIGUEL Moncef	FRA	PAVIN Simon	SWE	PTF	2:0
spanish-open-2024	Senior Men -68kg	R32	605	SALANOVA LISTE Adrian	ESP	SOUSA Francisco	POR	PTF	2:0
spanish-open-2024	Senior Men -68kg	R32	606	GONZALEZ Ignacio	ESP	NGUILLA Yandric	FRA	PTF	2:1
spanish-open-2024	Senior Men -68kg	R32	607	HOWELL Matthew	GBR	REIS Tiago	POR	PTF	2:0
spanish-open-2024	Senior Men -68kg	R32	608	CHELLAMOOTOO Dylan	FRA	PUJOL GILI Antoni	ESP	PTF	2:0
spanish-open-2024	Senior Men -68kg	R32	609	MENDEZ LEIS Samuel	ESP	HARRISON Ben	GBR	PTF	2:0
spanish-open-2024	Senior Men -68kg	R32	610	ABDOUNI Abdelhamid	MAR	LORENTE LAMAS David	ESP	PTF	2:0
spanish-open-2024	Senior Men -68kg	R32	611	MILAN CANOVAS Jorge	ESP	SAEJO Thanathorn	THA	PTF	2:0
spanish-open-2024	Senior Men -68kg	R32	612	BYSTROV Volodymyr	UKR	PLAIPETCH-UNES Ale	NOR	PTF	2:0
spanish-open-2024	Senior Men -68kg	R32	613	SAIB Badis	FRA	CAMPANA Miguel Ang	ESP	PTF	2:1
spanish-open-2024	Senior Men -68kg	R32	614	JIMENEZ Nicolas Ma	ESP	VILLA Adrian	ESP	PTF	2:1
spanish-open-2024	Senior Men -68kg	R32	615	ALAPHILIPPE Souleyman	FRA	OMARAT Yassin	FRA	PTF	2:0
spanish-open-2024	Senior Men -68kg	R16	616	LUCIEN Theo	FRA	SILVA Ricardo	POR	PTF	2:0
spanish-open-2024	Senior Men -68kg	R16	617	YERMEKBAY Alibek	KAZ	AIT NACER Ayoub	FRA	PTF	2:1
spanish-open-2024	Senior Men -68kg	R16	618	SALANOVA LISTE Adrian	ESP	MIGUEL Moncef	FRA	PTF	2:1
spanish-open-2024	Senior Men -68kg	R16	619	HOWELL Matthew	GBR	GONZALEZ Ignacio	ESP	PTF	2:1
spanish-open-2024	Senior Men -68kg	R16	620	CHELLAMOOTOO Dylan	FRA	MENDEZ LEIS Samuel	ESP	PTF	2:0
spanish-open-2024	Senior Men -68kg	R16	621	MILAN CANOVAS Jorge	ESP	ABDOUNI Abdelhamid	MAR	PTF	2:0
spanish-open-2024	Senior Men -68kg	R16	622	BYSTROV Volodymyr	UKR	SAIB Badis	FRA	PTF	2:0
spanish-open-2024	Senior Men -68kg	R16	623	ALAPHILIPPE Souleyman	FRA	JIMENEZ Nicolas Ma	ESP	PTF	2:0
spanish-open-2024	Senior Men -68kg	QF	631	LUCIEN Theo	FRA	YERMEKBAY Alibek	KAZ	PTF	2:1
spanish-open-2024	Senior Men -68kg	QF	632	SALANOVA LISTE Adrian	ESP	HOWELL Matthew	GBR	PTF	2:1
spanish-open-2024	Senior Men -68kg	QF	633	CHELLAMOOTOO Dylan	FRA	MILAN CANOVAS Jorge	ESP	PTF	2:0
spanish-open-2024	Senior Men -68kg	QF	634	ALAPHILIPPE Souleyman	FRA	BYSTROV Volodymyr	UKR	PTF	2:0
spanish-open-2024	Senior Men -68kg	SF	639	LUCIEN Theo	FRA	SALANOVA LISTE Adrian	ESP	PTF	2:0
spanish-open-2024	Senior Men -68kg	SF	640	CHELLAMOOTOO Dylan	FRA	ALAPHILIPPE Souleyman	FRA	PTF	2:0
spanish-open-2024	Senior Men -68kg	F	643	LUCIEN Theo	FRA	CHELLAMOOTOO Dylan	FRA	PTF	2:0
spanish-open-2024	Senior Men -63kg	R64	201	FERNANDEZ Tomas	ESP	SALAMA Agustin	ESP	PTF	2:0
spanish-open-2024	Senior Men -63kg	R64	202	MURILLO Jorge	ESP	VAREJAO Dinis	POR	PTF	2:0
spanish-open-2024	Senior Men -63kg	R64	203	CHEN Po-yen	TPE	BOURGEOIS Owen	FRA	PTF	2:0
spanish-open-2024	Senior Men -63kg	R64	204	PAZOS AMOEDO Alex	ESP	ZAFRA Alex	ESP	PTF	2:0
spanish-open-2024	Senior Men -63kg	R64	205	CAPUANO Lorenzo	FRA	FERNANDEZ Alberto	ESP	PTF	2:0
spanish-open-2024	Senior Men -63kg	R64	206	NAVASCUES Eneko	ESP	MARIZ Theo	FRA	PTF	2:0
spanish-open-2024	Senior Men -63kg	R64	207	SRITIMONGKOL Napat	THA	ABDOURAHAMANE Oumar	CIV	WDR	1:0
spanish-open-2024	Senior Men -63kg	R64	208	VIVES Cristian	ESP	COSTA Luis	POR	PTF	2:1
spanish-open-2024	Senior Men -63kg	R64	209	LUCERNA Luca	ITA	PUGA Tomas	ESP	PTF	2:0
spanish-open-2024	Senior Men -63kg	R64	210	ZABALETA Aaron	ESP	MARTINEZ Adrian	ESP	PTF	2:0
spanish-open-2024	Senior Men -63kg	R32	211	MADUENO Adria	ESP	FERNANDEZ Tomas	ESP	PTF	2:0
spanish-open-2024	Senior Men -63kg	R32	212	SANCHIS Edgar	ESP	ORTIZ Alan	ESP	PTF	2:0
spanish-open-2024	Senior Men -63kg	R32	213	QUINONERO Daniel	ESP	MURILLO Jorge	ESP	PTF	2:0
spanish-open-2024	Senior Men -63kg	R32	214	CHEN Po-yen	TPE	FERNANDEZ Francesc	ESP	PTF	2:0
spanish-open-2024	Senior Men -63kg	R32	215	PAZOS AMOEDO Alex	ESP	BEGIMBETOV Amanbol	KAZ	RSC	1:0
spanish-open-2024	Senior Men -63kg	R32	216	HUSSEIN Ulat	GER	SÁNCHEZ OLMO Nicolas	ESP	PTF	2:0
spanish-open-2024	Senior Men -63kg	R32	217	ALBERT Ivan	ESP	MALLOL Franc	ESP	PTF	2:1
spanish-open-2024	Senior Men -63kg	R32	218	CAPUANO Lorenzo	FRA	NOVO Carlos	ESP	PTF	2:0
spanish-open-2024	Senior Men -63kg	R32	219	DUISENOV Shamsat	KAZ	NAVASCUES Eneko	ESP	PTF	2:0
spanish-open-2024	Senior Men -63kg	R32	220	FARHAT Mohamed-mah	CIV	HUY Ethan	FRA	PTF	2:0
spanish-open-2024	Senior Men -63kg	R32	221	PAZOS Anxo	ESP	SIDIBE Mohamed kambory	CIV	PTF	2:1
spanish-open-2024	Senior Men -63kg	R32	222	SRITIMONGKOL Napat	THA	EL Saber	ESP	PTF	2:0
spanish-open-2024	Senior Men -63kg	R32	223	TOMAS GONZALEZ Lois	ESP	VIVES Cristian	ESP	PTF	2:0
spanish-open-2024	Senior Men -63kg	R32	224	LUCERNA Luca	ITA	CABRERA Oscar	ESP	PTF	2:0
spanish-open-2024	Senior Men -63kg	R32	225	DEL Victor	ESP	SANCHIS ORTEGA Izan	ESP	PTF	2:0
spanish-open-2024	Senior Men -63kg	R32	226	ZABALETA Aaron	ESP	JULES Nathan	FRA	PTF	2:1
spanish-open-2024	Senior Men -63kg	R16	227	MADUENO Adria	ESP	SANCHIS Edgar	ESP	PTF	2:0
spanish-open-2024	Senior Men -63kg	R16	228	QUINONERO Daniel	ESP	CHEN Po-yen	TPE	RSC	2:0
spanish-open-2024	Senior Men -63kg	R16	229	HUSSEIN Ulat	GER	PAZOS AMOEDO Alex	ESP	RSC	1:0
spanish-open-2024	Senior Men -63kg	R16	230	CAPUANO Lorenzo	FRA	ALBERT Ivan	ESP	PTF	2:0
spanish-open-2024	Senior Men -63kg	R16	231	DUISENOV Shamsat	KAZ	FARHAT Mohamed-mah	CIV	PTF	2:1
spanish-open-2024	Senior Men -63kg	R16	232	SRITIMONGKOL Napat	THA	PAZOS Anxo	ESP	PTF	2:0
spanish-open-2024	Senior Men -63kg	R16	233	TOMAS GONZALEZ Lois	ESP	LUCERNA Luca	ITA	PTF	2:0
spanish-open-2024	Senior Men -63kg	R16	234	ZABALETA Aaron	ESP	DEL Victor	ESP	PTF	2:0
spanish-open-2024	Senior Men -63kg	QF	237	MADUENO Adria	ESP	QUINONERO Daniel	ESP	PTF	2:0
spanish-open-2024	Senior Men -63kg	QF	238	CAPUANO Lorenzo	FRA	HUSSEIN Ulat	GER	PTF	2:0
spanish-open-2024	Senior Men -63kg	QF	239	SRITIMONGKOL Napat	THA	DUISENOV Shamsat	KAZ	PTF	2:0
spanish-open-2024	Senior Men -63kg	QF	240	TOMAS GONZALEZ Lois	ESP	ZABALETA Aaron	ESP	PTF	2:0
spanish-open-2024	Senior Men -63kg	SF	245	MADUENO Adria	ESP	CAPUANO Lorenzo	FRA	PTF	2:0
spanish-open-2024	Senior Men -63kg	SF	246	SRITIMONGKOL Napat	THA	TOMAS GONZALEZ Lois	ESP	PTF	2:0
spanish-open-2024	Senior Men -63kg	F	249	SRITIMONGKOL Napat	THA	MADUENO Adria	ESP	PTF	2:0
spanish-open-2024	Senior Men -58kg	R32	401	GARCIA Francisco J	ESP	GRAU Jose Antonio	ESP	PTF	2:1
spanish-open-2024	Senior Men -58kg	R32	402	DIARRASSOUBA Adam junior	CIV	LANG Matthias	GER	PTF	2:0
spanish-open-2024	Senior Men -58kg	R32	403	MAHAMAD Sirawit	THA	MAAGERO Sander	NOR	SUP	1:0
spanish-open-2024	Senior Men -58kg	R32	404	ISLAMOV Zhavokhirkhon	KAZ	JUDICE Jose	POR	PTF	2:0
spanish-open-2024	Senior Men -58kg	R32	405	ALMEIDA GARAU Jorge	ESP	BENAICHA Ismael	FRA	PTF	2:1
spanish-open-2024	Senior Men -58kg	R32	406	BELLO MUNOZ David	ESP	BENITEZ Norberto	ESP	PTF	2:0
spanish-open-2024	Senior Men -58kg	R32	407	BEDART Samuel	FRA	MARTIN Luis Albert	ESP	PTF	2:0
spanish-open-2024	Senior Men -58kg	R32	408	ALESIO Sebastien	FRA	RODRIGUEZ REY Lander	ESP	PTF	2:0
spanish-open-2024	Senior Men -58kg	R32	409	BATHILY Sirre	FRA	NEZAMI Ahmad Alham	ESP	PTF	2:1
spanish-open-2024	Senior Men -58kg	R32	410	VIVES SAEZ Isaac	ESP	SANCHEZ Domingo	ESP	PTF	2:0
spanish-open-2024	Senior Men -58kg	R32	411	FRAILE RODRIGUEZ Jesus	ESP	VICENTE Ruben	ESP	PTF	2:0
spanish-open-2024	Senior Men -58kg	R32	412	OTEGEN Askar	KAZ	SORIANO Ignacio	ESP	PTF	2:1
spanish-open-2024	Senior Men -58kg	R32	413	MAZZOUZ Ryad	FRA	CAMPANA Jose	ESP	PTF	2:0
spanish-open-2024	Senior Men -58kg	R32	414	ROMERO John	ESP	LOPES Tiago	POR	PTF	2:0
spanish-open-2024	Senior Men -58kg	R16	415	RAVET Cyrian	FRA	GARCIA Francisco J	ESP	PTF	2:0
spanish-open-2024	Senior Men -58kg	R16	416	MAHAMAD Sirawit	THA	DIARRASSOUBA Adam junior	CIV	PTF	2:0
spanish-open-2024	Senior Men -58kg	R16	417	ISLAMOV Zhavokhirkhon	KAZ	ALMEIDA GARAU Jorge	ESP	PTF	2:1
spanish-open-2024	Senior Men -58kg	R16	418	BELLO MUNOZ David	ESP	BEDART Samuel	FRA	PTF	2:1
spanish-open-2024	Senior Men -58kg	R16	419	BATHILY Sirre	FRA	ALESIO Sebastien	FRA	PTF	2:1
spanish-open-2024	Senior Men -58kg	R16	420	FRAILE RODRIGUEZ Jesus	ESP	VIVES SAEZ Isaac	ESP	PTF	2:0
spanish-open-2024	Senior Men -58kg	R16	421	MAZZOUZ Ryad	FRA	OTEGEN Askar	KAZ	PTF	2:1
spanish-open-2024	Senior Men -58kg	R16	422	ARILLO VAZQUEZ Hugo	ESP	ROMERO John	ESP	PTF	2:0
spanish-open-2024	Senior Men -58kg	QF	431	RAVET Cyrian	FRA	MAHAMAD Sirawit	THA	PTF	2:0
spanish-open-2024	Senior Men -58kg	QF	432	ISLAMOV Zhavokhirkhon	KAZ	BELLO MUNOZ David	ESP	PTF	2:0
spanish-open-2024	Senior Men -58kg	QF	433	FRAILE RODRIGUEZ Jesus	ESP	BATHILY Sirre	FRA	PTF	2:0
spanish-open-2024	Senior Men -58kg	QF	434	ARILLO VAZQUEZ Hugo	ESP	MAZZOUZ Ryad	FRA	PTF	2:0
spanish-open-2024	Senior Men -58kg	SF	439	RAVET Cyrian	FRA	ISLAMOV Zhavokhirkhon	KAZ	PTF	2:0
spanish-open-2024	Senior Men -58kg	SF	440	ARILLO VAZQUEZ Hugo	ESP	FRAILE RODRIGUEZ Jesus	ESP	PTF	2:0
spanish-open-2024	Senior Men -58kg	F	443	RAVET Cyrian	FRA	ARILLO VAZQUEZ Hugo	ESP	PTF	2:0
spanish-open-2024	Senior Men -54kg	R32	101	BENITO Sergio	ESP	ESSOBAI Mohamed	ESP	PTF	2:0
spanish-open-2024	Senior Men -54kg	R32	102	AMELHAYI Mehdi	FRA	NAVARRO Daniel	ESP	PTF	2:0
spanish-open-2024	Senior Men -54kg	R32	103	OTERO SOUSA Javier	ESP	ABILKASSYM Abdulla	KAZ	PTF	2:1
spanish-open-2024	Senior Men -54kg	R32	104	PINA SIMONET Francisco	ESP	JARRAR Seff	SWE	PTF	2:0
spanish-open-2024	Senior Men -54kg	R32	105	CARRION COSTA Alejandro	ESP	SAN BARTOLOME SORIA Ismael	ESP	PTF	2:0
spanish-open-2024	Senior Men -54kg	R32	106	CIRES MUNOZ Alejandro	ESP	ORTIZ GARCIA Pepe	ESP	PTF	2:0
spanish-open-2024	Senior Men -54kg	R32	107	VIDAL Anxo	ESP	LUQUE Pablo	ESP	PTF	2:1
spanish-open-2024	Senior Men -54kg	R32	108	ESCOLAR PARRA Ivan	ESP	TORILO Fabio	ESP	PTF	2:0
spanish-open-2024	Senior Men -54kg	R32	109	KADIRKULOV Begzod	KAZ	BENALI Imad	ESP	PTF	2:0
spanish-open-2024	Senior Men -54kg	R32	110	CURVELO Johan Seba	ESP	MARTINS Filipe	POR	PTF	2:0
spanish-open-2024	Senior Men -54kg	R32	111	MARA Jibryl	FRA	DELGADO David	ESP	PTF	2:0
spanish-open-2024	Senior Men -54kg	R16	116	ALESIO CAPOLINI Mathis	FRA	BENITO Sergio	ESP	PTF	2:0
spanish-open-2024	Senior Men -54kg	R16	117	OTERO SOUSA Javier	ESP	AMELHAYI Mehdi	FRA	PTF	2:0
spanish-open-2024	Senior Men -54kg	R16	118	KYDYRALIULY Kaisar	KAZ	PINA SIMONET Francisco	ESP	PTF	2:0
spanish-open-2024	Senior Men -54kg	R16	119	CUENCA Jorge	ESP	CARRION COSTA Alejandro	ESP	PTF	2:0
spanish-open-2024	Senior Men -54kg	R16	120	CIRES MUNOZ Alejandro	ESP	OUDAI Yanis	FRA	PTF	2:1
spanish-open-2024	Senior Men -54kg	R16	121	ESCOLAR PARRA Ivan	ESP	VIDAL Anxo	ESP	PTF	2:0
spanish-open-2024	Senior Men -54kg	R16	122	KADIRKULOV Begzod	KAZ	CURVELO Johan Seba	ESP	PTF	2:1
spanish-open-2024	Senior Men -54kg	R16	123	DUISENBEK Aziret	KAZ	MARA Jibryl	FRA	PTF	2:0
spanish-open-2024	Senior Men -54kg	QF	132	OTERO SOUSA Javier	ESP	ALESIO CAPOLINI Mathis	FRA	PTF	2:1
spanish-open-2024	Senior Men -54kg	QF	133	CUENCA Jorge	ESP	KYDYRALIULY Kaisar	KAZ	PTF	2:1
spanish-open-2024	Senior Men -54kg	QF	134	ESCOLAR PARRA Ivan	ESP	CIRES MUNOZ Alejandro	ESP	PTF	2:0
spanish-open-2024	Senior Men -54kg	QF	135	DUISENBEK Aziret	KAZ	KADIRKULOV Begzod	KAZ	PTF	2:0
spanish-open-2024	Senior Men -54kg	SF	140	CUENCA Jorge	ESP	OTERO SOUSA Javier	ESP	PTF	2:0
spanish-open-2024	Senior Men -54kg	SF	141	DUISENBEK Aziret	KAZ	ESCOLAR PARRA Ivan	ESP	PTF	2:0
spanish-open-2024	Senior Men -54kg	F	144	DUISENBEK Aziret	KAZ	CUENCA Jorge	ESP	PTF	2:0
spanish-open-2024	Senior Men +87kg	R16	235	OUASSOU Zakariya	FRA	NASO Marco	ITA	PTF	2:1
spanish-open-2024	Senior Men +87kg	R16	236	MURILLO RUBIO Daniel	ESP	CIOBANU Tudor	ESP	RSC	2:0
spanish-open-2024	Senior Men +87kg	QF	241	CISSE Cheick sallah	CIV	OUASSOU Zakariya	FRA	PTF	2:0
spanish-open-2024	Senior Men +87kg	QF	242	PEREZ CAMPOS Andreu	ESP	AGBOGBE-SALANON Osmund	FRA	PTF	2:0
spanish-open-2024	Senior Men +87kg	QF	243	GISBERT Genis	ESP	EL YAZIDI Omar	FRA	PTF	2:1
spanish-open-2024	Senior Men +87kg	QF	244	GARCIA MARTINEZ Ivan	ESP	MURILLO RUBIO Daniel	ESP	PTF	2:0
spanish-open-2024	Senior Men +87kg	SF	247	PEREZ CAMPOS Andreu	ESP	CISSE Cheick sallah	CIV	PTF	2:1
spanish-open-2024	Senior Men +87kg	SF	248	GARCIA MARTINEZ Ivan	ESP	GISBERT Genis	ESP	SUP	1:0
spanish-open-2024	Senior Men +87kg	F	250	GARCIA MARTINEZ Ivan	ESP	PEREZ CAMPOS Andreu	ESP	PTF	2:1
spanish-open-2024	Senior Women -73kg	R16	423	LAURIN Althea	FRA	ALONSO Laura	ESP	PTF	2:0
spanish-open-2024	Senior Women -73kg	R16	424	GARCIA SUAREZ Helena	ESP	KIEFER Grace	AUS	PTF	2:0
spanish-open-2024	Senior Women -73kg	R16	425	ZANONI Carlota Ter	ESP	DE Inés	ESP	PTF	2:0
spanish-open-2024	Senior Women -73kg	R16	426	MORAN ROMERO Belen	ESP	COSTA CARDOSO Joana	POR	PTF	2:0
spanish-open-2024	Senior Women -73kg	R16	427	BAIZA Sanae	MAR	MOUEGA Urgence	GAB	PTF	2:0
spanish-open-2024	Senior Women -73kg	R16	428	JUHASZOVA Iveta	CZE	MACKAY Poppy	GBR	PTF	2:1
spanish-open-2024	Senior Women -73kg	R16	429	VALLO ZURDO Ane	ESP	NEDIC Marlen sophie	GER	WDR	1:0
spanish-open-2024	Senior Women -73kg	R16	430	SCHNEIDER Yanna	GER	OUASSOU Mouna	FRA	PTF	2:0
spanish-open-2024	Senior Women -73kg	QF	435	LAURIN Althea	FRA	GARCIA SUAREZ Helena	ESP	PTF	2:0
spanish-open-2024	Senior Women -73kg	QF	436	MORAN ROMERO Belen	ESP	ZANONI Carlota Ter	ESP	PTF	2:0
spanish-open-2024	Senior Women -73kg	QF	437	JUHASZOVA Iveta	CZE	BAIZA Sanae	MAR	PTF	2:1
spanish-open-2024	Senior Women -73kg	QF	438	SCHNEIDER Yanna	GER	VALLO ZURDO Ane	ESP	PTF	2:1
spanish-open-2024	Senior Women -73kg	SF	441	LAURIN Althea	FRA	MORAN ROMERO Belen	ESP	WDR	1:0
spanish-open-2024	Senior Women -73kg	SF	442	SCHNEIDER Yanna	GER	JUHASZOVA Iveta	CZE	PTF	2:0
spanish-open-2024	Senior Women -73kg	F	444	LAURIN Althea	FRA	SCHNEIDER Yanna	GER	PTF	2:0
spanish-open-2024	Senior Women -67kg	R32	701	REY Alba	ESP	ROLDAN Sonia	ESP	PTF	2:0
spanish-open-2024	Senior Women -67kg	R32	702	ARCO Carolina	ESP	MARTINEZ Alessandr	ESP	WDR	
spanish-open-2024	Senior Women -67kg	R32	703	MARTINEZ Samira	ESP	BERIKKYZY Samal	KAZ	PTF	2:0
spanish-open-2024	Senior Women -67kg	R32	704	IRIGOIEN Irati	ESP	FORGAN Nicole	ESP	PTF	2:1
spanish-open-2024	Senior Women -67kg	R16	713	WIET HENIN Magda	FRA	REY Alba	ESP	PTF	2:0
spanish-open-2024	Senior Women -67kg	R16	714	SHESTOPALKA Vanessa Chiamaka	ESP	CARVALHO Maialen	ESP	PTF	2:0
spanish-open-2024	Senior Women -67kg	R16	715	MEHNANA Ines	FRA	MURILLO TARRAGO Alba	ESP	PTF	2:0
spanish-open-2024	Senior Women -67kg	R16	716	MORENO REYES Lena	ESP	ARCO Carolina	ESP	PTF	2:0
spanish-open-2024	Senior Women -67kg	R16	717	NILSEN Mari romundset	NOR	MARTINEZ Samira	ESP	PTF	2:0
spanish-open-2024	Senior Women -67kg	R16	718	PENAS Laura	ESP	COELHO Mafalda	POR	PTF	2:0
spanish-open-2024	Senior Women -67kg	R16	719	MACKAY Ruby	GBR	HOERMANN Emily	GER	PTF	2:1
spanish-open-2024	Senior Women -67kg	R16	720	HADDAD Khalida	FRA	IRIGOIEN Irati	ESP	PTF	2:0
spanish-open-2024	Senior Women -67kg	QF	729	WIET HENIN Magda	FRA	SHESTOPALKA Vanessa Chiamaka	ESP	PTF	2:0
spanish-open-2024	Senior Women -67kg	QF	730	MORENO REYES Lena	ESP	MEHNANA Ines	FRA	PTF	2:0
spanish-open-2024	Senior Women -67kg	QF	731	NILSEN Mari romundset	NOR	PENAS Laura	ESP	PTF	2:0
spanish-open-2024	Senior Women -67kg	QF	732	HADDAD Khalida	FRA	MACKAY Ruby	GBR	PTF	2:0
spanish-open-2024	Senior Women -67kg	SF	737	MORENO REYES Lena	ESP	WIET HENIN Magda	FRA	PTF	2:0
spanish-open-2024	Senior Women -67kg	SF	738	NILSEN Mari romundset	NOR	HADDAD Khalida	FRA	PTF	2:0
spanish-open-2024	Senior Women -67kg	F	741	MORENO REYES Lena	ESP	NILSEN Mari romundset	NOR	PTF	2:0
spanish-open-2024	Senior Women -62kg	R32	301	LUCERNA Marta	ITA	PORTILLO LAZARO Nerea	ESP	PTF	2:0
spanish-open-2024	Senior Women -62kg	R32	302	CHANG Jui-en	TPE	ARRONDO BELLOSO Ariadna	ESP	PTF	2:0
spanish-open-2024	Senior Women -62kg	R32	303	MAY Ruth	GBR	RAHMANI Widyane	FRA	PTF	2:1
spanish-open-2024	Senior Women -62kg	R32	304	REZAIE Roja	GER	MONTERO Malén	ESP	PTF	2:0
spanish-open-2024	Senior Women -62kg	R32	305	TVARONAVICIUTE Klaudija	LTU	SECANELL CHARLES Elsa	ESP	PTF	2:0
spanish-open-2024	Senior Women -62kg	R32	306	AGUDO Saray	ESP	BAUER Caroline	GER	PTF	2:1
spanish-open-2024	Senior Women -62kg	R32	307	MOUSSA SAKO Madinatou	NIG	TRAN Lily	NOR	PTF	2:1
spanish-open-2024	Senior Women -62kg	R32	308	ALMELA Estefania	ESP	BLITEK Cloe	FRA	PTF	2:0
spanish-open-2024	Senior Women -62kg	R16	314	STOLBOVA Petra	CZE	LUCERNA Marta	ITA	PTF	2:0
spanish-open-2024	Senior Women -62kg	R16	315	CHANG Jui-en	TPE	GARCÍA Miryam	ESP	PTF	2:0
spanish-open-2024	Senior Women -62kg	R16	316	ANDERSSON Tindra	SWE	MAY Ruth	GBR	PTF	2:0
spanish-open-2024	Senior Women -62kg	R16	317	REZAIE Roja	GER	GJELSVIK Karoline	NOR	PTF	2:0
spanish-open-2024	Senior Women -62kg	R16	318	CALVO GOMEZ Marta	ESP	TVARONAVICIUTE Klaudija	LTU	PTF	2:1
spanish-open-2024	Senior Women -62kg	R16	319	MONTEMUIÑO MARTINEZ Irene	ESP	AGUDO Saray	ESP	PTF	2:0
spanish-open-2024	Senior Women -62kg	R16	320	DOUCET Teeyah	FRA	MOUSSA SAKO Madinatou	NIG	PTF	2:1
spanish-open-2024	Senior Women -62kg	R16	321	MAGDALENO ALBIZU Jone	ESP	ALMELA Estefania	ESP	PTF	2:0
spanish-open-2024	Senior Women -62kg	QF	330	STOLBOVA Petra	CZE	CHANG Jui-en	TPE	PTF	2:1
spanish-open-2024	Senior Women -62kg	QF	331	REZAIE Roja	GER	ANDERSSON Tindra	SWE	PTF	2:0
spanish-open-2024	Senior Women -62kg	QF	332	CALVO GOMEZ Marta	ESP	MONTEMUIÑO MARTINEZ Irene	ESP	PTF	2:0
spanish-open-2024	Senior Women -62kg	QF	333	DOUCET Teeyah	FRA	MAGDALENO ALBIZU Jone	ESP	RSC	2:0
spanish-open-2024	Senior Women -62kg	SF	338	REZAIE Roja	GER	STOLBOVA Petra	CZE	PTF	2:0
spanish-open-2024	Senior Women -62kg	SF	339	CALVO GOMEZ Marta	ESP	DOUCET Teeyah	FRA	PTF	2:0
spanish-open-2024	Senior Women -62kg	F	342	REZAIE Roja	GER	CALVO GOMEZ Marta	ESP	PTF	2:0
spanish-open-2024	Senior Women -57kg	R32	705	FERNANDEZ Ixone	ESP	RUIZ Alba	ESP	PTF	2:0
spanish-open-2024	Senior Women -57kg	R32	706	REIMUNDEZ Yadira	ESP	ALBU Alessia	ITA	PTF	2:0
spanish-open-2024	Senior Women -57kg	R32	707	GLODEANU Andreea Teodora	ESP	BRUNETTI Giorgia	ITA	PTF	2:0
spanish-open-2024	Senior Women -57kg	R32	708	DE Alejandra	ESP	LELANDAIS Oceane	FRA	PTF	2:0
spanish-open-2024	Senior Women -57kg	R32	709	KHATIRI Salma	ESP	TOLSAU Zoe	AND	PTF	2:1
spanish-open-2024	Senior Women -57kg	R32	710	KANAT Almira	KAZ	TEMINA MONLEON Paula	ESP	PTF	2:0
spanish-open-2024	Senior Women -57kg	R32	711	ZHAMAUBAY Aknur	KAZ	VARA Lucía	ESP	PTF	2:1
spanish-open-2024	Senior Women -57kg	R32	712	OUHADI Rabab	MON	CORREIA Leonor	POR	PTF	2:0
spanish-open-2024	Senior Women -57kg	R16	721	ORTIZ BENITO Arlet	ESP	FERNANDEZ Ixone	ESP	PTF	2:0
spanish-open-2024	Senior Women -57kg	R16	722	MERLOS ORDONEZ Judit	ESP	REIMUNDEZ Yadira	ESP	PTF	2:0
spanish-open-2024	Senior Women -57kg	R16	723	GLODEANU Andreea Teodora	ESP	CAUSSE Estelle	FRA	PTF	2:1
spanish-open-2024	Senior Women -57kg	R16	724	RODRIGUEZ MARQUINA Laura	ESP	DE Alejandra	ESP	PTF	2:0
spanish-open-2024	Senior Women -57kg	R16	725	CARABIN Kanelya	FRA	KHATIRI Salma	ESP	PTF	1:0
spanish-open-2024	Senior Women -57kg	R16	726	KANAT Almira	KAZ	FLEGROVA Hana	CZE	PTF	2:0
spanish-open-2024	Senior Women -57kg	R16	727	TORRES TENA Elena	ESP	ZHAMAUBAY Aknur	KAZ	PTF	2:1
spanish-open-2024	Senior Women -57kg	R16	728	VILLEGAS Fabiola G	MEX	OUHADI Rabab	MON	PTF	2:0
spanish-open-2024	Senior Women -57kg	QF	733	ORTIZ BENITO Arlet	ESP	MERLOS ORDONEZ Judit	ESP	PTF	2:1
spanish-open-2024	Senior Women -57kg	QF	734	RODRIGUEZ MARQUINA Laura	ESP	GLODEANU Andreea Teodora	ESP	PTF	2:0
spanish-open-2024	Senior Women -57kg	QF	735	CARABIN Kanelya	FRA	KANAT Almira	KAZ	PTF	2:1
spanish-open-2024	Senior Women -57kg	QF	736	TORRES TENA Elena	ESP	VILLEGAS Fabiola G	MEX	PTF	2:1
spanish-open-2024	Senior Women -57kg	SF	739	RODRIGUEZ MARQUINA Laura	ESP	ORTIZ BENITO Arlet	ESP	PTF	2:1
spanish-open-2024	Senior Women -57kg	SF	740	CARABIN Kanelya	FRA	TORRES TENA Elena	ESP	PTF	2:0
spanish-open-2024	Senior Women -57kg	F	742	RODRIGUEZ MARQUINA Laura	ESP	CARABIN Kanelya	FRA	PTF	2:0
spanish-open-2024	Senior Women -53kg	R64	501	KARATZOGLIDI Maria	DEN	CANTO Ania	ESP	PTF	2:0
spanish-open-2024	Senior Women -53kg	R32	502	EL BOUCHTI Oumaima	MAR	KARATZOGLIDI Maria	DEN	PTF	2:0
spanish-open-2024	Senior Women -53kg	R32	503	IBARS ALCANTARA Anna	ESP	MAROTO Irene	ESP	PTF	2:0
spanish-open-2024	Senior Women -53kg	R32	504	MEIŠTININKAITĖ Gerda	LTU	DJERAD Yasmine	FRA	PTF	2:0
spanish-open-2024	Senior Women -53kg	R32	505	HERNANDEZ Elsa	ESP	ALCAYDE Noelia	ESP	PTF	2:0
spanish-open-2024	Senior Women -53kg	R32	506	FOLGMANN Madeline	GER	RODRIGUEZ Carlota	AND	PTF	2:0
spanish-open-2024	Senior Women -53kg	R32	507	NARBAYEVA Yasmina	KAZ	TRIGO Leticia	ESP	WDR	
spanish-open-2024	Senior Women -53kg	R32	508	HOY Lily	GBR	GONCALVES Lara	POR	PTF	2:0
spanish-open-2024	Senior Women -53kg	R32	509	HRONOVA Dominika	CZE	ESCRIG Marta	ESP	PTF	2:0
spanish-open-2024	Senior Women -53kg	R32	510	SU Po-ya	TPE	HOLM Daniella	SWE	PTF	2:0
spanish-open-2024	Senior Women -53kg	R32	511	MALMGREN GABRIELIN Ellinor	SWE	PEREZ Ariadna	ESP	PTF	2:0
spanish-open-2024	Senior Women -53kg	R32	512	JONGKOLRATTANAWATT	THA	BASTOS Filipa	POR	PTF	2:0
spanish-open-2024	Senior Women -53kg	R32	513	LAGER Biana	ISR	MIRALY Sandra	SWE	PTF	2:0
spanish-open-2024	Senior Women -53kg	R32	514	KAMKASOUMPHOU Lenya	FRA	YAVUZ Suheda	GER	PTF	2:0
spanish-open-2024	Senior Women -53kg	R32	515	BONALS ANARTE Laura	ESP	GARCIA Paula	ESP	PTF	2:0
spanish-open-2024	Senior Women -53kg	R32	516	DUCOS Iris	FRA	ENNOUINI Assia	MAR	PTF	2:0
spanish-open-2024	Senior Women -53kg	R32	517	PEREZ PARRADO Alma maria	ESP	VARGAS Maria Teres	ESP	PTF	2:0
spanish-open-2024	Senior Women -53kg	R16	518	EL BOUCHTI Oumaima	MAR	IBARS ALCANTARA Anna	ESP	PTF	2:0
spanish-open-2024	Senior Women -53kg	R16	519	HERNANDEZ Elsa	ESP	MEIŠTININKAITĖ Gerda	LTU	PTF	2:0
spanish-open-2024	Senior Women -53kg	R16	520	FOLGMANN Madeline	GER	NARBAYEVA Yasmina	KAZ	PTF	2:0
spanish-open-2024	Senior Women -53kg	R16	521	HRONOVA Dominika	CZE	HOY Lily	GBR	PTF	2:0
spanish-open-2024	Senior Women -53kg	R16	522	SU Po-ya	TPE	MALMGREN GABRIELIN Ellinor	SWE	PTF	2:0
spanish-open-2024	Senior Women -53kg	R16	523	LAGER Biana	ISR	JONGKOLRATTANAWATT	THA	PTF	2:1
spanish-open-2024	Senior Women -53kg	R16	524	KAMKASOUMPHOU Lenya	FRA	BONALS ANARTE Laura	ESP	PTF	2:1
spanish-open-2024	Senior Women -53kg	R16	525	PEREZ PARRADO Alma maria	ESP	DUCOS Iris	FRA	PTF	2:0
spanish-open-2024	Senior Women -53kg	QF	533	EL BOUCHTI Oumaima	MAR	HERNANDEZ Elsa	ESP	PTF	2:1
spanish-open-2024	Senior Women -53kg	QF	534	FOLGMANN Madeline	GER	HRONOVA Dominika	CZE	PTF	2:0
spanish-open-2024	Senior Women -53kg	QF	535	SU Po-ya	TPE	LAGER Biana	ISR	PTF	2:0
spanish-open-2024	Senior Women -53kg	QF	536	PEREZ PARRADO Alma maria	ESP	KAMKASOUMPHOU Lenya	FRA	PTF	2:0
spanish-open-2024	Senior Women -53kg	SF	541	EL BOUCHTI Oumaima	MAR	FOLGMANN Madeline	GER	PTF	2:0
spanish-open-2024	Senior Women -53kg	SF	542	SU Po-ya	TPE	PEREZ PARRADO Alma maria	ESP	PTF	2:1
spanish-open-2024	Senior Women -53kg	F	545	SU Po-ya	TPE	EL BOUCHTI Oumaima	MAR	PTF	2:0
spanish-open-2024	Senior Women -49kg	R32	309	NÚÑEZ Sara	ESP	RODRIGUEZ Irene	ESP	PTF	2:0
spanish-open-2024	Senior Women -49kg	R32	310	NSANGU MORALES June	ESP	COMAS Laura	ESP	PTF	2:1
spanish-open-2024	Senior Women -49kg	R32	311	BABIANO RAMIREZ Erika	ESP	SERRANO Alicia	ESP	PTF	2:0
spanish-open-2024	Senior Women -49kg	R32	312	ABDOU BILANE Zaraou	NIG	ABDIKADYR Aruzhan	KAZ	PTF	2:0
spanish-open-2024	Senior Women -49kg	R32	313	ZANZI Imene	FRA	FONN Cecilie	NOR	PTF	2:0
spanish-open-2024	Senior Women -49kg	R16	322	LAHOOD Juliet	AUS	NÚÑEZ Sara	ESP	RSC	1:0
spanish-open-2024	Senior Women -49kg	R16	323	OTERO Silvia	ESP	KOISHYBEKOVA Nargiza	KAZ	PTF	2:0
spanish-open-2024	Senior Women -49kg	R16	324	GARCIA MARQUINA Sofia	ESP	NSANGU MORALES June	ESP	PTF	2:0
spanish-open-2024	Senior Women -49kg	R16	325	CHRISTOPHERSEN Car	DEN	BABIANO RAMIREZ Erika	ESP	PTF	2:0
spanish-open-2024	Senior Women -49kg	R16	326	SEEKEN Kamonchanok	THA	ABDOU BILANE Zaraou	NIG	PTF	2:0
spanish-open-2024	Senior Women -49kg	R16	327	BUTTARELLI Aurelie	FRA	VENTSISLAVOVA Vict	ESP	PTF	2:0
spanish-open-2024	Senior Women -49kg	R16	328	AKHMEDOVA Nodira	KAZ	GARBETT Latisha	GBR	PTF	2:1
spanish-open-2024	Senior Women -49kg	R16	329	KAMKASOUMPHOU Maysane	FRA	ZANZI Imene	FRA	PTF	2:0
spanish-open-2024	Senior Women -49kg	QF	334	LAHOOD Juliet	AUS	OTERO Silvia	ESP	PTF	2:0
spanish-open-2024	Senior Women -49kg	QF	335	CHRISTOPHERSEN Car	DEN	GARCIA MARQUINA Sofia	ESP	PTF	2:0
spanish-open-2024	Senior Women -49kg	QF	336	SEEKEN Kamonchanok	THA	BUTTARELLI Aurelie	FRA	PTF	2:0
spanish-open-2024	Senior Women -49kg	QF	337	KAMKASOUMPHOU Maysane	FRA	AKHMEDOVA Nodira	KAZ	PTF	2:0
spanish-open-2024	Senior Women -49kg	SF	340	LAHOOD Juliet	AUS	CHRISTOPHERSEN Car	DEN	PTF	2:1
spanish-open-2024	Senior Women -49kg	SF	341	SEEKEN Kamonchanok	THA	KAMKASOUMPHOU Maysane	FRA	PTF	2:0
spanish-open-2024	Senior Women -49kg	F	343	SEEKEN Kamonchanok	THA	LAHOOD Juliet	AUS	PTF	2:0
spanish-open-2024	Senior Women -46kg	R32	112	IVANOV Felizia	SWE	PICAZO Natalia	ESP	PTF	2:0
spanish-open-2024	Senior Women -46kg	R32	113	MORENO Erkuden Jin	ESP	ESCRIG Andrea	ESP	PTF	2:1
spanish-open-2024	Senior Women -46kg	R32	114	CARRILLO Lucia	ESP	ROJAS FERNANDEZ Ainara	ESP	PTF	2:1
spanish-open-2024	Senior Women -46kg	R32	115	CAMPOY Marta Victo	ESP	VAZQUEZ KABDUR Ariadna	ESP	PTF	2:0
spanish-open-2024	Senior Women -46kg	R16	124	BAYECH Rivka	ISR	IVANOV Felizia	SWE	PTF	2:1
spanish-open-2024	Senior Women -46kg	R16	125	GARCIA Laura	ESP	GARCIES I SALA Lluisa	ESP	PTF	2:0
spanish-open-2024	Senior Women -46kg	R16	126	POOLKERD Patcharakan	THA	GAYE Serrah	FRA	PTF	2:0
spanish-open-2024	Senior Women -46kg	R16	127	JIMENEZ MONTERO Ana	ESP	MORENO Erkuden Jin	ESP	PTF	2:0
spanish-open-2024	Senior Women -46kg	R16	128	CARRILLO Lucia	ESP	ZAMPETTI Sofia	ITA	PTF	2:1
spanish-open-2024	Senior Women -46kg	R16	129	PINTO BARROSO Kiara Aldina	POR	FARIÑA Aitana	ESP	PTF	2:0
spanish-open-2024	Senior Women -46kg	R16	130	LOPEZ IZQUIERDO Ana	ESP	KARAOGLAN Medine	GER	PTF	2:1
spanish-open-2024	Senior Women -46kg	R16	131	HUANG Ying hsuan	TPE	CAMPOY Marta Victo	ESP	PTF	2:0
spanish-open-2024	Senior Women -46kg	QF	136	BAYECH Rivka	ISR	GARCIA Laura	ESP	PTF	2:0
spanish-open-2024	Senior Women -46kg	QF	137	POOLKERD Patcharakan	THA	JIMENEZ MONTERO Ana	ESP	PTF	2:0
spanish-open-2024	Senior Women -46kg	QF	138	CARRILLO Lucia	ESP	PINTO BARROSO Kiara Aldina	POR	PTF	2:0
spanish-open-2024	Senior Women -46kg	QF	139	HUANG Ying hsuan	TPE	LOPEZ IZQUIERDO Ana	ESP	PTF	2:0
spanish-open-2024	Senior Women -46kg	SF	142	POOLKERD Patcharakan	THA	BAYECH Rivka	ISR	WDR	1:1
spanish-open-2024	Senior Women -46kg	SF	143	HUANG Ying hsuan	TPE	CARRILLO Lucia	ESP	PTF	2:0
spanish-open-2024	Senior Women -46kg	F	145	POOLKERD Patcharakan	THA	HUANG Ying hsuan	TPE	PTF	2:1
spanish-open-2024	Senior Women +73kg	R16	526	PASTOR Ainhoa	ESP	RUIZ Judith	ESP	PTF	2:0
spanish-open-2024	Senior Women +73kg	R16	527	RIVADULLA LORENZO Desiree	ESP	HAMADACHE Emna	FRA	PTF	2:1
spanish-open-2024	Senior Women +73kg	R16	528	AZRAN Dana	ISR	LOPEZ Paula	ESP	PTF	2:0
spanish-open-2024	Senior Women +73kg	R16	529	CASTINEIRA ETCHEVERRIA Tania	ESP	ORTEGA Miriam	ESP	PTF	2:0
spanish-open-2024	Senior Women +73kg	R16	530	CAMPO Martina	ESP	HADZIC Alema	GER	RSC	2:0
spanish-open-2024	Senior Women +73kg	R16	531	MARTINEZ Ana	ESP	LEON COROZO Andrea naiara	ESP	PTF	2:0
spanish-open-2024	Senior Women +73kg	R16	532	AVOULETTE Solene	FRA	PEREZ Violeta	ESP	WDR	2:0
spanish-open-2024	Senior Women +73kg	QF	537	BRANDL Lorena	GER	PASTOR Ainhoa	ESP	PTF	2:0
spanish-open-2024	Senior Women +73kg	QF	538	AZRAN Dana	ISR	RIVADULLA LORENZO Desiree	ESP	PTF	2:1
spanish-open-2024	Senior Women +73kg	QF	539	CASTINEIRA ETCHEVERRIA Tania	ESP	CAMPO Martina	ESP	PTF	2:0
spanish-open-2024	Senior Women +73kg	QF	540	AVOULETTE Solene	FRA	MARTINEZ Ana	ESP	PTF	2:0
spanish-open-2024	Senior Women +73kg	SF	543	AZRAN Dana	ISR	BRANDL Lorena	GER	PTF	2:1
spanish-open-2024	Senior Women +73kg	SF	544	CASTINEIRA ETCHEVERRIA Tania	ESP	AVOULETTE Solene	FRA	PTF	2:1
spanish-open-2024	Senior Women +73kg	F	546	CASTINEIRA ETCHEVERRIA Tania	ESP	AZRAN Dana	ISR	PTF	2:1
