dutch-open-2024	Senior Men -54kg	ALESIO CAPOLINI Mathis	FRA	2
dutch-open-2024	Senior Men -54kg	ESCOLAR PARRA Ivan	ESP	
dutch-open-2024	Senior Men -54kg	HUSSAIN Ilyas	GBR	
dutch-open-2024	Senior Men -54kg	MANENKOV Maksym	UKR	
dutch-open-2024	Senior Men -54kg	YAKIMOV Tsvetan	BUL	
dutch-open-2024	Senior Men -54kg	BERUBE Zachary	CAN	
dutch-open-2024	Senior Men -54kg	DE MORAES Giovanni aubin	BRA	
dutch-open-2024	Senior Men -54kg	OTERO SOUSA Javier	ESP	
dutch-open-2024	Senior Men -54kg	SERHALAY Jeremiah	NED	
dutch-open-2024	Senior Men -54kg	MARQUES Flavio	BRA	3
dutch-open-2024	Senior Men -54kg	MENDONCA Vitor	BRA	
dutch-open-2024	Senior Men -54kg	RICHTER Lenny rene	GER	
dutch-open-2024	Senior Men -54kg	BOUKARNIA Hamza	FRA	
dutch-open-2024	Senior Men -54kg	MARA Jibryl	FRA	3
dutch-open-2024	Senior Men -54kg	KOUKOUSOUDIS Evangelos	GER	
dutch-open-2024	Senior Men -54kg	KACZAN Neil	GBR	
dutch-open-2024	Senior Men -54kg	KAMKASOUMPHOU Aissa	FRA	
dutch-open-2024	Senior Men -54kg	MELIKYAN Aleks	ARM	
dutch-open-2024	Senior Men -54kg	ZYWARSKI Filip	POL	
dutch-open-2024	Senior Men -54kg	EDDEANE Mohammed	NED	
dutch-open-2024	Senior Men -54kg	YIGIT Hakan	DEN	
dutch-open-2024	Senior Men -54kg	ODJO Raylino jabez babatounde	BEN	
dutch-open-2024	Senior Men -54kg	AMELHAYI Mehdi	FRA	
dutch-open-2024	Senior Men -54kg	LABONG Finn	GBR	
dutch-open-2024	Senior Men -54kg	GRANDE OLIVER Hugo	ESP	
dutch-open-2024	Senior Men -54kg	CONTI Andrea	ITA	1
dutch-open-2024	Senior Men -58kg	MERDANAJ Ernest	ALB	1
dutch-open-2024	Senior Men -58kg	AULAQI Yones darid	DEN	
dutch-open-2024	Senior Men -58kg	NEGRETE Rodrigo dazaeth	USA	
dutch-open-2024	Senior Men -58kg	CHABRILLIAT Khaled	FRA	
dutch-open-2024	Senior Men -58kg	ALESIO Sebastien	FRA	
dutch-open-2024	Senior Men -58kg	TRISTAN Scutaru	ROU	
dutch-open-2024	Senior Men -58kg	BENZIAN REGRAG Yousef	GBR	
dutch-open-2024	Senior Men -58kg	HUSSAIN Ibrahim	GBR	
dutch-open-2024	Senior Men -58kg	ACHNINE Aymen	NED	
dutch-open-2024	Senior Men -58kg	MEHLMANN Daniel	GER	
dutch-open-2024	Senior Men -58kg	FUNKENDORF Vladyslav	UKR	
dutch-open-2024	Senior Men -58kg	FOTI Giuseppe	ITA	3
dutch-open-2024	Senior Men -58kg	LANG Matthias	GER	
dutch-open-2024	Senior Men -58kg	ADEMI Bleron	KOS	
dutch-open-2024	Senior Men -58kg	MAZZOUZ Ryad	FRA	
dutch-open-2024	Senior Men -58kg	ONUS Emircan	GER	
dutch-open-2024	Senior Men -58kg	SETRODIPO Jayden	NED	
dutch-open-2024	Senior Men -58kg	BENITEZ Norberto	PUR	
dutch-open-2024	Senior Men -58kg	GELADZE Vitali	GEO	
dutch-open-2024	Senior Men -58kg	MOLLE Milan	NED	
dutch-open-2024	Senior Men -58kg	TRIANTAFYLLOU Dimitrios	GRE	
dutch-open-2024	Senior Men -58kg	LABATTE Jean Desaix	USA	
dutch-open-2024	Senior Men -58kg	ABDEL HALIM Khaled	GER	3
dutch-open-2024	Senior Men -58kg	STRUGLINSKI Bartosz	POL	
dutch-open-2024	Senior Men -58kg	JAMSHIDI Sonil	DEN	
dutch-open-2024	Senior Men -58kg	DRAZKIEWICZ Igor	POL	
dutch-open-2024	Senior Men -58kg	TORRE Elia	ITA	
dutch-open-2024	Senior Men -58kg	SARSOZA Zack	GBR	
dutch-open-2024	Senior Men -58kg	MOLJ Domen	SLO	
dutch-open-2024	Senior Men -58kg	ROSSI PAGGETTI Tommaso	ITA	
dutch-open-2024	Senior Men -58kg	DUSZYNSKI Bartosz	POL	
dutch-open-2024	Senior Men -58kg	BOUKARNIA Amine	FRA	
dutch-open-2024	Senior Men -58kg	DORE Anthony	FRA	
dutch-open-2024	Senior Men -58kg	GUMUS Feyyaz	GER	2
dutch-open-2024	Senior Men -58kg	GRANT Gavin	USA	
dutch-open-2024	Senior Men -58kg	VAN PASSEL Guillaume	BEL	
dutch-open-2024	Senior Men -58kg	NOWAK Lukasz	POL	
dutch-open-2024	Senior Men -63kg	MAEDA Hidetaka	JPN	
dutch-open-2024	Senior Men -63kg	PARUZEK Krystof	CZE	
dutch-open-2024	Senior Men -63kg	RAMOS Gabriel	BRA	2
dutch-open-2024	Senior Men -63kg	KHAKSAR Shahram	GER	
dutch-open-2024	Senior Men -63kg	SCHOENMAKERS Shymano	NED	
dutch-open-2024	Senior Men -63kg	BULATOVIC Nikolaj	SLO	
dutch-open-2024	Senior Men -63kg	HAMMANI Marwane	BEL	
dutch-open-2024	Senior Men -63kg	PIERARD Lucas	BEL	
dutch-open-2024	Senior Men -63kg	SAFARYN Piotr	POL	
dutch-open-2024	Senior Men -63kg	ZELLER Joao	POR	
dutch-open-2024	Senior Men -63kg	SANCHIS ORTEGA Izan	ESP	
dutch-open-2024	Senior Men -63kg	BOUHMIDA Riad	NED	
dutch-open-2024	Senior Men -63kg	KARACETIN Kerem-hasan	GER	
dutch-open-2024	Senior Men -63kg	LO PINTO Daniel	ITA	
dutch-open-2024	Senior Men -63kg	WOOLLEY Jack	IRL	
dutch-open-2024	Senior Men -63kg	KONSTANTINIDIS Iordanis	GER	
dutch-open-2024	Senior Men -63kg	COSTA Luis	POR	
dutch-open-2024	Senior Men -63kg	MANSON Maxwell	SLE	
dutch-open-2024	Senior Men -63kg	CHRZANOWSKI Mateusz	POL	3
dutch-open-2024	Senior Men -63kg	REKIK Adam	FRA	
dutch-open-2024	Senior Men -63kg	KAVTARADZE Beka	GEO	1
dutch-open-2024	Senior Men -63kg	NEUBAUER Dominik	AUT	
dutch-open-2024	Senior Men -63kg	TORKHANI Ibrahim ben ahmed	DEN	
dutch-open-2024	Senior Men -63kg	MILETIC Mateja	SRB	
dutch-open-2024	Senior Men -63kg	OZKAYA Imran	GER	
dutch-open-2024	Senior Men -63kg	EDWARDS Asha	GBR	
dutch-open-2024	Senior Men -63kg	PARK Braven	CAN	
dutch-open-2024	Senior Men -63kg	ADEMI Valton	SWE	
dutch-open-2024	Senior Men -63kg	CAVUSMAN Emre	GER	
dutch-open-2024	Senior Men -63kg	PAPIEROWSKI Dominik	POL	
dutch-open-2024	Senior Men -63kg	DUONG Jimmy	USA	
dutch-open-2024	Senior Men -63kg	SALEH James	CAN	
dutch-open-2024	Senior Men -63kg	YOUSUF Shahrukh	GBR	
dutch-open-2024	Senior Men -63kg	NOUR Mohammed	GBR	3
dutch-open-2024	Senior Men -63kg	DJONKO Ibrahim	BIH	
dutch-open-2024	Senior Men -63kg	HUY Ethan	FRA	
dutch-open-2024	Senior Men -63kg	TORTOSA Jesus	BRN	
dutch-open-2024	Senior Men -63kg	SUSILUOTO Otto	FIN	
dutch-open-2024	Senior Men -63kg	BORGEN Kristian storsul	NOR	
dutch-open-2024	Senior Men -68kg	ALAPHILIPPE Souleyman	FRA	3
dutch-open-2024	Senior Men -68kg	HARRIS Khalfani	USA	
dutch-open-2024	Senior Men -68kg	RODRIGUES Victor	USA	
dutch-open-2024	Senior Men -68kg	PATINO POMBAL Pablo	ESP	
dutch-open-2024	Senior Men -68kg	HOWELL Matthew	GBR	
dutch-open-2024	Senior Men -68kg	CHIU Yi-jui	TPE	
dutch-open-2024	Senior Men -68kg	GRAYSON-CADOGAN Abdallah	GBR	
dutch-open-2024	Senior Men -68kg	MILAN CANOVAS Jorge	ESP	
dutch-open-2024	Senior Men -68kg	SALANOVA LISTE Adrian	ESP	
dutch-open-2024	Senior Men -68kg	GLASNOVIC Leon	CRO	
dutch-open-2024	Senior Men -68kg	MURESAN David	ROU	
dutch-open-2024	Senior Men -68kg	BARBARI Mahdi	GER	
dutch-open-2024	Senior Men -68kg	USCIMIUK Sebastian	POL	
dutch-open-2024	Senior Men -68kg	MORADI Erfan	RTA	
dutch-open-2024	Senior Men -68kg	JAFARZADEHPOUR Sam	CAN	
dutch-open-2024	Senior Men -68kg	TOBIN Joshua	GBR	
dutch-open-2024	Senior Men -68kg	SZUKALSKI Bartosz	POL	
dutch-open-2024	Senior Men -68kg	SOUSA Francisco	POR	
dutch-open-2024	Senior Men -68kg	SOUZA DINIZ Joao victor	BRA	1
dutch-open-2024	Senior Men -68kg	JORQUERA CALA Joan	ESP	2
dutch-open-2024	Senior Men -68kg	TOFT Joel	DEN	
dutch-open-2024	Senior Men -68kg	POLCZYNSKI Adam	POL	
dutch-open-2024	Senior Men -68kg	BURUSIC Marko	SRB	
dutch-open-2024	Senior Men -68kg	ZISIS Polydefkis	GRE	
dutch-open-2024	Senior Men -68kg	DJONKO Muhamed	BIH	
dutch-open-2024	Senior Men -68kg	SARR Matar	FRA	
dutch-open-2024	Senior Men -68kg	BAAKA Anas	GER	
dutch-open-2024	Senior Men -68kg	STAMENOV Stefan	BUL	
dutch-open-2024	Senior Men -68kg	SPEIGHT Leo	ISL	
dutch-open-2024	Senior Men -68kg	BILGIN Efe	GER	
dutch-open-2024	Senior Men -68kg	CHELLAMOOTOO Dylan	FRA	3
dutch-open-2024	Senior Men -68kg	VAN VULPEN Jesse	NED	
dutch-open-2024	Senior Men -68kg	SAIB Badis	FRA	
dutch-open-2024	Senior Men -68kg	MCINTOSH Jamie	GBR	
dutch-open-2024	Senior Men -68kg	JUNIOR Jose	BRA	
dutch-open-2024	Senior Men -68kg	SOUMANOU Soumanou abd'el zakiyou	BEN	
dutch-open-2024	Senior Men -68kg	IZMAR Adam	BEL	
dutch-open-2024	Senior Men -74kg	PAN Kuei en	TPE	
dutch-open-2024	Senior Men -74kg	HAIDARI Milad	DEN	
dutch-open-2024	Senior Men -74kg	CEDRUN MARTINEZ Cesar	ESP	
dutch-open-2024	Senior Men -74kg	MANE Aliou	FRA	
dutch-open-2024	Senior Men -74kg	AGUSHI Elion	KOS	
dutch-open-2024	Senior Men -74kg	PROCOPCIUC Lucian	POR	
dutch-open-2024	Senior Men -74kg	VESTERLUND Linus	SWE	
dutch-open-2024	Senior Men -74kg	HOSSEINIBIJIKOLA Omid	GER	1
dutch-open-2024	Senior Men -74kg	COLAK Nayan can	GER	
dutch-open-2024	Senior Men -74kg	SKJOLBERG Sebastian	NOR	
dutch-open-2024	Senior Men -74kg	NSILU DILANDU Leroy	IRL	
dutch-open-2024	Senior Men -74kg	MILAN CANOVAS Juan antonio	ESP	
dutch-open-2024	Senior Men -74kg	SITTEK Tomas	CZE	
dutch-open-2024	Senior Men -74kg	EL HAJ KHALIL Mohamad	GER	
dutch-open-2024	Senior Men -74kg	MOHAMMAD Ahmad	GER	
dutch-open-2024	Senior Men -74kg	DOYLE Ryan	IRL	
dutch-open-2024	Senior Men -74kg	CUDNOCH Lukasz	POL	
dutch-open-2024	Senior Men -74kg	LOTT Liam	GER	
dutch-open-2024	Senior Men -74kg	TIPECSKA Michael	GER	
dutch-open-2024	Senior Men -74kg	PARK Tae ku	CAN	
dutch-open-2024	Senior Men -74kg	HSU Hao-yu	TPE	3
dutch-open-2024	Senior Men -74kg	DAWOUD Omer	DEN	
dutch-open-2024	Senior Men -74kg	KNIGHT-MITCHELL Dantrell	GBR	
dutch-open-2024	Senior Men -74kg	QUESADA BARRERA Daniel	ESP	
dutch-open-2024	Senior Men -74kg	JORGENSEN Otto	DEN	
dutch-open-2024	Senior Men -74kg	ALIU Egers	ALB	
dutch-open-2024	Senior Men -74kg	GALLAND Warrick	SUI	3
dutch-open-2024	Senior Men -74kg	GUMUS Kaan	GER	
dutch-open-2024	Senior Men -74kg	YILMAZ Bugra	GER	
dutch-open-2024	Senior Men -74kg	DAVASON Hogni	FRO	
dutch-open-2024	Senior Men -74kg	MIGUEL Moncef	FRA	
dutch-open-2024	Senior Men -74kg	BECOVIC Zinedin	MNE	
dutch-open-2024	Senior Men -74kg	VAN DER MEER Sjoerd	NED	
dutch-open-2024	Senior Men -74kg	OMEIRAT Mohamed	GER	
dutch-open-2024	Senior Men -74kg	SPICK Maximilian	GER	
dutch-open-2024	Senior Men -74kg	HOLLAND Edward	SLE	
dutch-open-2024	Senior Men -74kg	CAMMAERTS Andes	BEL	
dutch-open-2024	Senior Men -74kg	O FOFANA Seydou	FRA	
dutch-open-2024	Senior Men -74kg	AGUILAR Marcos	ESP	
dutch-open-2024	Senior Men -74kg	KILICARSLAN Atila	GBR	
dutch-open-2024	Senior Men -74kg	KINTSURASHVILI Zurab	GEO	2
dutch-open-2024	Senior Men -80kg	HUNG Jiun-yi	TPE	3
dutch-open-2024	Senior Men -80kg	TRIEBEL Robert	GER	
dutch-open-2024	Senior Men -80kg	FLIAOUM, Christoforos	GER	
dutch-open-2024	Senior Men -80kg	PERUNIČIĆ Vasilije	MNE	
dutch-open-2024	Senior Men -80kg	RIBEIRO Nickollas	BRA	
dutch-open-2024	Senior Men -80kg	RASZKOWSKI Wiktor	POL	
dutch-open-2024	Senior Men -80kg	WEIDUM Dion	NED	
dutch-open-2024	Senior Men -80kg	GONZALEZ Alejandro	PUR	
dutch-open-2024	Senior Men -80kg	NESHYBA Tomas	CZE	
dutch-open-2024	Senior Men -80kg	NIKS Pascal	NED	
dutch-open-2024	Senior Men -80kg	MINGUEZ Kevin	FRA	
dutch-open-2024	Senior Men -80kg	SOKOLOWSKI Mikolaj	POL	
dutch-open-2024	Senior Men -80kg	CRAVEN-SMITH Ryder	GBR	
dutch-open-2024	Senior Men -80kg	ZARHOUTI Haitam	MAR	
dutch-open-2024	Senior Men -80kg	RUIZ DOMENECH Ramon	ESP	1
dutch-open-2024	Senior Men -80kg	HOERMANN Vincent	GER	
dutch-open-2024	Senior Men -80kg	ANGELL Zak	GBR	2
dutch-open-2024	Senior Men -80kg	BOUREFA Mohamed-amine	FRA	
dutch-open-2024	Senior Men -80kg	FERNANDEZ Mikel	ESP	
dutch-open-2024	Senior Men -80kg	AL HISNAWI Karim	NED	
dutch-open-2024	Senior Men -80kg	MERCIER Charlelie	CAN	
dutch-open-2024	Senior Men -80kg	CHEHADE Mohamad	SWE	
dutch-open-2024	Senior Men -80kg	PANTAZIS George	GRE	
dutch-open-2024	Senior Men -80kg	CAMMAERTS Troy	BEL	
dutch-open-2024	Senior Men -80kg	OSTAPIV Lucas	BRA	3
dutch-open-2024	Senior Men -80kg	FELICITE Lawrence	FRA	
dutch-open-2024	Senior Men -80kg	ABOUT Emir	FRA	
dutch-open-2024	Senior Men -80kg	ALIPOUR Sohrab	GBR	
dutch-open-2024	Senior Men -80kg	MANSOURI Farzad	RTA	
dutch-open-2024	Senior Men -87kg	PIATKOWSKI Szymon	POL	1
dutch-open-2024	Senior Men -87kg	BRUNET Ethienne	CAN	
dutch-open-2024	Senior Men -87kg	MARTINS SOARES Icaro miguel	BRA	
dutch-open-2024	Senior Men -87kg	VEDIE Florian	FRA	
dutch-open-2024	Senior Men -87kg	WEBB CORRALES Julian	CRC	
dutch-open-2024	Senior Men -87kg	JOCHMAN Adam	CZE	
dutch-open-2024	Senior Men -87kg	JURGENS Joshua noel	GER	
dutch-open-2024	Senior Men -87kg	AYHAN Semih	GER	
dutch-open-2024	Senior Men -87kg	VAN DEN ENDEN Tom	NED	
dutch-open-2024	Senior Men -87kg	TROITINO AMOEDO Sergio	ESP	3
dutch-open-2024	Senior Men -87kg	MEHNANA Nahil	FRA	
dutch-open-2024	Senior Men -87kg	FERRERA Miguel	HON	
dutch-open-2024	Senior Men -87kg	LLOPIS SANCHEZ Lucas	ESP	
dutch-open-2024	Senior Men -87kg	WOJTKOWIAK Adrian	POL	
dutch-open-2024	Senior Men -87kg	BOUZID Ismael	FRA	2
dutch-open-2024	Senior Men -87kg	OVONO Davy	FRA	
dutch-open-2024	Senior Men -87kg	SZAFERSKI Mikolaj	POL	
dutch-open-2024	Senior Men -87kg	NUCI Erol	BIH	3
dutch-open-2024	Senior Men -87kg	OTHMAN Taim	GBR	
dutch-open-2024	Senior Men -87kg	TADJIBAEV Azizjan	FRA	
dutch-open-2024	Senior Men +87kg	SAPINA Ivan	CRO	2
dutch-open-2024	Senior Men +87kg	DIMITRAKOPOULOS Filippos	GRE	
dutch-open-2024	Senior Men +87kg	LEPOROWSKI Maciej	POL	
dutch-open-2024	Senior Men +87kg	HAREMZA Krystian	POL	3
dutch-open-2024	Senior Men +87kg	HUN Inan	GER	
dutch-open-2024	Senior Men +87kg	BRINK Kevin	SWE	
dutch-open-2024	Senior Men +87kg	GOMIS Paivou johnouario	GBS	
dutch-open-2024	Senior Men +87kg	MICHOPOULOS Sotirios	GRE	3
dutch-open-2024	Senior Men +87kg	SOULIMANI Ilir	SUI	
dutch-open-2024	Senior Men +87kg	DIABY Aboubacar	FRA	
dutch-open-2024	Senior Men +87kg	CORREDOR Raul	ESP	
dutch-open-2024	Senior Men +87kg	MILLER Logan	GBR	
dutch-open-2024	Senior Men +87kg	SAIDI Isa	AUT	
dutch-open-2024	Senior Men +87kg	HEALY Jonathan	USA	1
dutch-open-2024	Senior Women -46kg	ETTELBRUCK Lilly	GER	
dutch-open-2024	Senior Women -46kg	POURYOUNES Dina	RTA	
dutch-open-2024	Senior Women -46kg	GALIERO Giulia	ITA	2
dutch-open-2024	Senior Women -46kg	KODAMAN Helin	GER	
dutch-open-2024	Senior Women -46kg	BARROSO Kiara	POR	
dutch-open-2024	Senior Women -46kg	TAMMILA Ida-elina	FIN	
dutch-open-2024	Senior Women -46kg	FAFARD Mathilde	CAN	
dutch-open-2024	Senior Women -46kg	SAIGHI Lyamna	FRA	
dutch-open-2024	Senior Women -46kg	ZAMPETTI Sofia	ITA	3
dutch-open-2024	Senior Women -46kg	KARAOGLAN Medine	GER	
dutch-open-2024	Senior Women -46kg	ATTOUT Lhena	FRA	3
dutch-open-2024	Senior Women -46kg	CARPENTIER Justine	CAN	
dutch-open-2024	Senior Women -46kg	UZUN Sarah	NED	
dutch-open-2024	Senior Women -46kg	CHOI Etta	GBR	
dutch-open-2024	Senior Women -46kg	TAMMILA Ada-emilia	FIN	
dutch-open-2024	Senior Women -46kg	RUGG Shannan	GBR	
dutch-open-2024	Senior Women -46kg	FONSECA Caliana	USA	
dutch-open-2024	Senior Women -46kg	HUANG Ying hsuan	TPE	1
dutch-open-2024	Senior Women -49kg	KRAJEWSKA Nikola	POL	
dutch-open-2024	Senior Women -49kg	PETERSON Ceili	GUY	2
dutch-open-2024	Senior Women -49kg	HELWIGH KAMPER Karoline	DEN	
dutch-open-2024	Senior Women -49kg	AYDEMIR Nurselin	GER	
dutch-open-2024	Senior Women -49kg	GOODMAN Phoenix	GBR	3
dutch-open-2024	Senior Women -49kg	BRYHIDA Erika	UKR	3
dutch-open-2024	Senior Women -49kg	DANIEL Melina	USA	
dutch-open-2024	Senior Women -49kg	JADCZAK Zuzanna	POL	
dutch-open-2024	Senior Women -49kg	KISSKALT Supharada	GER	1
dutch-open-2024	Senior Women -49kg	SYLTHE Therese	NOR	
dutch-open-2024	Senior Women -49kg	KRAJEWSKA Alicja	POL	
dutch-open-2024	Senior Women -53kg	AL HALWANI Sarah	ITA	
dutch-open-2024	Senior Women -53kg	BOULAJHAF Yousra najat	BEL	
dutch-open-2024	Senior Women -53kg	HEBBAR Nisrin	FRA	
dutch-open-2024	Senior Women -53kg	BUTTARELLI Aurelie	FRA	
dutch-open-2024	Senior Women -53kg	KHATAB Janna	EGY	1
dutch-open-2024	Senior Women -53kg	HARRISON Olivia	GBR	
dutch-open-2024	Senior Women -53kg	SPASOJEVIC Sara	CRO	
dutch-open-2024	Senior Women -53kg	RABAUT Elien	BEL	3
dutch-open-2024	Senior Women -53kg	MUSICKI Jovana	SRB	
dutch-open-2024	Senior Women -53kg	BEZERRA Camila	BRA	
dutch-open-2024	Senior Women -53kg	KARMELY Lea anais	GER	
dutch-open-2024	Senior Women -53kg	LENNUYEUX Alix	FRA	
dutch-open-2024	Senior Women -53kg	BOUISENGAREN Firdaous	NED	
dutch-open-2024	Senior Women -53kg	DIETRICH Lorena	SUI	
dutch-open-2024	Senior Women -53kg	GIRE Ines	FRA	
dutch-open-2024	Senior Women -53kg	SU Po-ya	TPE	2
dutch-open-2024	Senior Women -53kg	CHOI Ashley	USA	
dutch-open-2024	Senior Women -53kg	MOUCH Sara	NED	
dutch-open-2024	Senior Women -53kg	KAMKASOUMPHOU Alliyah	FRA	
dutch-open-2024	Senior Women -53kg	ASIMI Adiba	GER	
dutch-open-2024	Senior Women -53kg	KAFADAR Josipa	CAN	
dutch-open-2024	Senior Women -53kg	BASTOS Filipa	POR	
dutch-open-2024	Senior Women -53kg	AVDAGIC Ada	BIH	
dutch-open-2024	Senior Women -53kg	PAPPA Christina	GRE	
dutch-open-2024	Senior Women -53kg	OLESZCZUK Lucja	POL	
dutch-open-2024	Senior Women -53kg	WAEVERSTROM Signe wendt	DEN	
dutch-open-2024	Senior Women -53kg	MAYER Leonie	GER	
dutch-open-2024	Senior Women -53kg	KAMKASOUMPHOU Lenya	FRA	
dutch-open-2024	Senior Women -53kg	CALABRO Martina	ITA	
dutch-open-2024	Senior Women -53kg	PEREZ PARRADO Alma maria	ESP	3
dutch-open-2024	Senior Women -57kg	DILLON Faith	USA	3
dutch-open-2024	Senior Women -57kg	REZAIE Roja	GER	
dutch-open-2024	Senior Women -57kg	STEINKUHLER Frieda	GER	
dutch-open-2024	Senior Women -57kg	CORREIA Leonor	POR	
dutch-open-2024	Senior Women -57kg	HANSEN Kaja husby	NOR	
dutch-open-2024	Senior Women -57kg	CHRISTY Beth	GBR	
dutch-open-2024	Senior Women -57kg	BOUBACIR Madeenah	FRA	
dutch-open-2024	Senior Women -57kg	STAMENKOVIC Teodora	SRB	
dutch-open-2024	Senior Women -57kg	CAUSSE Estelle	FRA	
dutch-open-2024	Senior Women -57kg	CARABIN Kanelya	FRA	1
dutch-open-2024	Senior Women -57kg	SCHLEUSSINGER Inga	GER	
dutch-open-2024	Senior Women -57kg	WOLF Jessica	GER	
dutch-open-2024	Senior Women -57kg	SEREDA Julia	POL	2
dutch-open-2024	Senior Women -57kg	BARKOK Noussaiba	GER	
dutch-open-2024	Senior Women -57kg	BANGURA Aisha	GER	
dutch-open-2024	Senior Women -57kg	RODRIGUEZ Laura	ESP	
dutch-open-2024	Senior Women -57kg	BURUSIC Andjela	SRB	
dutch-open-2024	Senior Women -57kg	SMITH Teigan	GBR	
dutch-open-2024	Senior Women -57kg	KRAJEWSKA Agnieszka	POL	
dutch-open-2024	Senior Women -57kg	DINKOVIC Lena	CRO	
dutch-open-2024	Senior Women -57kg	MAM Julie	CAM	
dutch-open-2024	Senior Women -57kg	ROVITHIS Anastasia	GER	3
dutch-open-2024	Senior Women -57kg	SPILLMANN Sarah	GER	
dutch-open-2024	Senior Women -57kg	HRONOVA Dominika	CZE	
dutch-open-2024	Senior Women -62kg	KOMATINA Andrea	MNE	
dutch-open-2024	Senior Women -62kg	NYMAN Ebba	SWE	
dutch-open-2024	Senior Women -62kg	BECK Antonia	GER	
dutch-open-2024	Senior Women -62kg	MCPHILLIE Neve	GBR	
dutch-open-2024	Senior Women -62kg	RUSKA Shanti	NED	
dutch-open-2024	Senior Women -62kg	VAN WIJNGAARDEN Jada	ESP	
dutch-open-2024	Senior Women -62kg	GOEBEL Laura	GER	3
dutch-open-2024	Senior Women -62kg	DOUCET Teeyah	FRA	
dutch-open-2024	Senior Women -62kg	SANTERRE Frederique	CAN	
dutch-open-2024	Senior Women -62kg	BALCI Edanur	GER	
dutch-open-2024	Senior Women -62kg	BAUER Caroline	GER	
dutch-open-2024	Senior Women -62kg	LIN Wei-chun	TPE	2
dutch-open-2024	Senior Women -62kg	STAMOU Daphne	GRE	
dutch-open-2024	Senior Women -62kg	PACHECO Maria clara	BRA	1
dutch-open-2024	Senior Women -62kg	GREENWOOD Makayla	USA	
dutch-open-2024	Senior Women -62kg	HOGFELDT Nora	SWE	
dutch-open-2024	Senior Women -62kg	EBNOUTALIB Soumaya	GER	
dutch-open-2024	Senior Women -62kg	FLEGROVA Hana	CZE	
dutch-open-2024	Senior Women -62kg	KREUZER Kim vivian	GER	
dutch-open-2024	Senior Women -62kg	KICINSKA Klaudia	POL	
dutch-open-2024	Senior Women -62kg	RAVASKA Inka	FIN	
dutch-open-2024	Senior Women -62kg	LEITNER Phoebe-joliene	GER	
dutch-open-2024	Senior Women -62kg	MESTROVIC Dora	CRO	3
dutch-open-2024	Senior Women -62kg	DEATON Danica	USA	
dutch-open-2024	Senior Women -62kg	KICEMA Helena	CRO	
dutch-open-2024	Senior Women -67kg	ANYANACHO Elizabeth oluchi	NGR	1
dutch-open-2024	Senior Women -67kg	MORENO REYES Lena	ESP	
dutch-open-2024	Senior Women -67kg	POWELL Aaliyah	GBR	
dutch-open-2024	Senior Women -67kg	FABER Isabelle	LUX	
dutch-open-2024	Senior Women -67kg	POLE Doris	CRO	
dutch-open-2024	Senior Women -67kg	ROBERTS Chloe	GBR	3
dutch-open-2024	Senior Women -67kg	KLEPAC Nika	CRO	
dutch-open-2024	Senior Women -67kg	KRSTINIC Anja	CRO	
dutch-open-2024	Senior Women -67kg	FREDERIKSEN Kathrine kamp nordentoft	DEN	
dutch-open-2024	Senior Women -67kg	KOWALKOWSKA Justyna	POL	
dutch-open-2024	Senior Women -67kg	YOUKOUBOVA Karina	FRA	
dutch-open-2024	Senior Women -67kg	ANDRIC Leonarda	CAN	3
dutch-open-2024	Senior Women -67kg	MAURER Manelle	FRA	
dutch-open-2024	Senior Women -67kg	HADDAD Khalida	FRA	
dutch-open-2024	Senior Women -67kg	MINK Amy	NED	
dutch-open-2024	Senior Women -67kg	TOMCZAK Tatiana	POL	
dutch-open-2024	Senior Women -67kg	KANOUTE Iman	MLI	
dutch-open-2024	Senior Women -67kg	VALENTINO Viviana	GER	
dutch-open-2024	Senior Women -67kg	FERNANDEZ INSA Julia	ESP	
dutch-open-2024	Senior Women -67kg	KOERNDL Vanessa	GER	2
dutch-open-2024	Senior Women -73kg	CHIN I Chun	TPE	
dutch-open-2024	Senior Women -73kg	TESIC Nadja	SRB	2
dutch-open-2024	Senior Women -73kg	HELVIGA Viktorija	LAT	
dutch-open-2024	Senior Women -73kg	MINNIE Lea selina	GER	
dutch-open-2024	Senior Women -73kg	HOERMANN Emily	GER	
dutch-open-2024	Senior Women -73kg	JIRANKOVA Iveta	CZE	
dutch-open-2024	Senior Women -73kg	KRAMOH Courtney	GBR	
dutch-open-2024	Senior Women -73kg	GARCIA SUAREZ Helena	ESP	
dutch-open-2024	Senior Women -73kg	UZUNCAVDAR Sude yaren	TUR	3
dutch-open-2024	Senior Women -73kg	NEDIC Marlen sophie	GER	
dutch-open-2024	Senior Women -73kg	DIAKITE Bintou	FRA	3
dutch-open-2024	Senior Women -73kg	RELJIKJ Miljana	MKD	
dutch-open-2024	Senior Women -73kg	VALLO ZURDO Ane	ESP	
dutch-open-2024	Senior Women -73kg	MACKAY Ruby	GBR	
dutch-open-2024	Senior Women -73kg	SEELE Lisa-marie	GER	
dutch-open-2024	Senior Women -73kg	PRZYBYSZ Weronika	POL	
dutch-open-2024	Senior Women -73kg	KETTEL Edda	GER	
dutch-open-2024	Senior Women -73kg	CHAARI Sarah	BEL	1
dutch-open-2024	Senior Women -73kg	HELDNER Laura	SUI	
dutch-open-2024	Senior Women -73kg	BLE Marie-Paule	FRA	
dutch-open-2024	Senior Women +73kg	HAREMZA Dagmara	POL	3
dutch-open-2024	Senior Women +73kg	VIANA Alena	USA	
dutch-open-2024	Senior Women +73kg	MARTINEZ Ana	ESP	
dutch-open-2024	Senior Women +73kg	CASTINEIRA Tania	ESP	
dutch-open-2024	Senior Women +73kg	WILLIAMS Lauren	GBR	1
dutch-open-2024	Senior Women +73kg	KOWALCZUK Aleksandra	POL	3
dutch-open-2024	Senior Women +73kg	KLOOSTERMAN Famke	NED	
dutch-open-2024	Senior Women +73kg	HAMADACHE Emna	FRA	
dutch-open-2024	Senior Women +73kg	HADZIC Alema	GER	2
dutch-open-2024	Senior Women +73kg	PEREIRA Raiany	BRA	
dutch-open-2024	Senior Women +73kg	KECK Hannah	USA	
sarajevo-u21-european-championships-2024	U21 Men -74kg	DAVIDOVIC Matija	SRB	
sarajevo-u21-european-championships-2024	U21 Men -74kg	ZELENKO Vladyslav	UKR	
sarajevo-u21-european-championships-2024	U21 Men -74kg	HARUTYUNYAN Jivan	ARM	
sarajevo-u21-european-championships-2024	U21 Men -74kg	BABIC Jaka	SLO	
sarajevo-u21-european-championships-2024	U21 Men -74kg	SELIMI Ariant	KOS	
sarajevo-u21-european-championships-2024	U21 Men -74kg	VESTERLUND Linus	SWE	
sarajevo-u21-european-championships-2024	U21 Men -74kg	SOPHOCLEOUS Antonis	CYP	
sarajevo-u21-european-championships-2024	U21 Men -74kg	HUSIC Benjamin	BIH	
sarajevo-u21-european-championships-2024	U21 Men -74kg	MILAN Juan Antonio	ESP	1
sarajevo-u21-european-championships-2024	U21 Men -74kg	HALASU Amir Dorin	ROU	
sarajevo-u21-european-championships-2024	U21 Men -74kg	ISMAYILZADA Nijat	AZE	
sarajevo-u21-european-championships-2024	U21 Men -74kg	WRIGHT Oakley	GBR	
sarajevo-u21-european-championships-2024	U21 Men -74kg	MURATOVI'C Mateo	MNE	
sarajevo-u21-european-championships-2024	U21 Men -74kg	AGUILAR Marcos	ESP	
sarajevo-u21-european-championships-2024	U21 Men -74kg	SITTEK Tomas	CZE	
sarajevo-u21-european-championships-2024	U21 Men -74kg	MELANIFIDIS Georgi	GRE	
sarajevo-u21-european-championships-2024	U21 Men -74kg	AMRI Bassem	FRA	
sarajevo-u21-european-championships-2024	U21 Men -74kg	NECHIPAS Nikolay	AIN	
sarajevo-u21-european-championships-2024	U21 Men -74kg	BALAKA Artem	UKR	3
sarajevo-u21-european-championships-2024	U21 Men -74kg	LOTT Liam	GER	
sarajevo-u21-european-championships-2024	U21 Men -74kg	KHUDIYEV Huseyn	AZE	
sarajevo-u21-european-championships-2024	U21 Men -74kg	CORDESCHI Francesc	ITA	
sarajevo-u21-european-championships-2024	U21 Men -74kg	SEKULIC Filip	NOR	
sarajevo-u21-european-championships-2024	U21 Men -74kg	SANTAS Kadir	TUR	
sarajevo-u21-european-championships-2024	U21 Men -74kg	TURHAN Enes	TUR	
sarajevo-u21-european-championships-2024	U21 Men -74kg	KNARVIK Arne	NOR	
sarajevo-u21-european-championships-2024	U21 Men -74kg	MANGIONE Angelo	ITA	
sarajevo-u21-european-championships-2024	U21 Men -74kg	HRYHORCHUK Andrii	UKR	
sarajevo-u21-european-championships-2024	U21 Men -74kg	GUMUS Kaan	GER	
sarajevo-u21-european-championships-2024	U21 Men -74kg	AGBOGBE Oswin	FRA	
sarajevo-u21-european-championships-2024	U21 Men -74kg	VYSOTIN Nikita	AIN	2
sarajevo-u21-european-championships-2024	U21 Men -74kg	DAVASON Hogni	FRO	
sarajevo-u21-european-championships-2024	U21 Men -74kg	ANTONIADIS Ioannis	GRE	
sarajevo-u21-european-championships-2024	U21 Men -74kg	DOYLE Ryan	IRL	
sarajevo-u21-european-championships-2024	U21 Men -74kg	CEDRUN Cesar	ESP	
sarajevo-u21-european-championships-2024	U21 Men -74kg	GALLAND Warrick	SUI	
sarajevo-u21-european-championships-2024	U21 Men -74kg	MUSKEVITS Aleksand	EST	3
sarajevo-u21-european-championships-2024	U21 Men -74kg	ALIYEV Eljan	AZE	
sarajevo-u21-european-championships-2024	U21 Men -74kg	GOGOBERIDZE Nika	GEO	
sarajevo-u21-european-championships-2024	U21 Men -74kg	DZHEYRANOV Christo	CYP	
sarajevo-u21-european-championships-2024	U21 Men -74kg	CAMMAERTS Andes	BEL	
sarajevo-u21-european-championships-2024	U21 Men -74kg	AGUSHI Elion	KOS	
sarajevo-u21-european-championships-2024	U21 Men -74kg	BERGMAN Tintin	SWE	
sarajevo-u21-european-championships-2024	U21 Men -74kg	DUDARAU Kiryl	AIN	
sarajevo-u21-european-championships-2024	U21 Men -74kg	KOVACIC Lin	SLO	
sarajevo-u21-european-championships-2024	U21 Men -74kg	DANIELYAN Armen	ARM	
sarajevo-u21-european-championships-2024	U21 Men -74kg	CHUMACHENKO Andrii	UKR	
sarajevo-u21-european-championships-2024	U21 Men -74kg	BURUSIC Marko	SRB	
sarajevo-u21-european-championships-2024	U21 Men -54kg	BULAVIN Mykyta	UKR	
sarajevo-u21-european-championships-2024	U21 Men -54kg	TUFAN Egemen	TUR	
sarajevo-u21-european-championships-2024	U21 Men -54kg	OWEN Haddad	FRA	
sarajevo-u21-european-championships-2024	U21 Men -54kg	CAMOGLU Furkan Ube	TUR	1
sarajevo-u21-european-championships-2024	U21 Men -54kg	CIRIVELLO Gaetano	ITA	
sarajevo-u21-european-championships-2024	U21 Men -54kg	TAS yunus emre	TUR	
sarajevo-u21-european-championships-2024	U21 Men -54kg	CARRION Alejandro	ESP	
sarajevo-u21-european-championships-2024	U21 Men -54kg	IVKOVIC Relja	SRB	
sarajevo-u21-european-championships-2024	U21 Men -54kg	VINOGRADOV Pavel	AIN	
sarajevo-u21-european-championships-2024	U21 Men -54kg	GASANOVI Rauph	GEO	
sarajevo-u21-european-championships-2024	U21 Men -54kg	MOLJ Ozbolt	SLO	
sarajevo-u21-european-championships-2024	U21 Men -54kg	MELIKYAN Aleks	ARM	
sarajevo-u21-european-championships-2024	U21 Men -54kg	KLEKOURAS Ilias	GRE	
sarajevo-u21-european-championships-2024	U21 Men -54kg	ERBULUT Berke	TUR	
sarajevo-u21-european-championships-2024	U21 Men -54kg	DADASHOV Sayyad	AZE	3
sarajevo-u21-european-championships-2024	U21 Men -54kg	DERMANIS Spyridon	GRE	
sarajevo-u21-european-championships-2024	U21 Men -54kg	OTERO Javier	ESP	
sarajevo-u21-european-championships-2024	U21 Men -54kg	KAFATARIDIS Ioanni	GRE	
sarajevo-u21-european-championships-2024	U21 Men -54kg	DAVILA Adrian	ESP	
sarajevo-u21-european-championships-2024	U21 Men -54kg	ROSCA Artiom	MDA	
sarajevo-u21-european-championships-2024	U21 Men -54kg	MARWAN Mussa	SWE	
sarajevo-u21-european-championships-2024	U21 Men -54kg	LABONG Finn	GBR	
sarajevo-u21-european-championships-2024	U21 Men -54kg	ALESIO Mathis	FRA	
sarajevo-u21-european-championships-2024	U21 Men -54kg	GUSEINOV Damir	AIN	
sarajevo-u21-european-championships-2024	U21 Men -54kg	PONOMARENKO Vladyslav	UKR	
sarajevo-u21-european-championships-2024	U21 Men -54kg	MANENKOV Maksym	UKR	
sarajevo-u21-european-championships-2024	U21 Men -54kg	TABACARI Igor	MDA	
sarajevo-u21-european-championships-2024	U21 Men -54kg	GUARDIOLA Eliot	FRA	
sarajevo-u21-european-championships-2024	U21 Men -54kg	PSARROS Aristeidis	GRE	
sarajevo-u21-european-championships-2024	U21 Men -54kg	MIAKHEL Arian	SWE	
sarajevo-u21-european-championships-2024	U21 Men -54kg	ERCAN Yusuf	TUR	
sarajevo-u21-european-championships-2024	U21 Men -54kg	AGENJO Jairo	ESP	3
sarajevo-u21-european-championships-2024	U21 Men -54kg	KHAZMALYAN Vahe	ARM	
sarajevo-u21-european-championships-2024	U21 Men -54kg	VALIYEV Rahid	AZE	
sarajevo-u21-european-championships-2024	U21 Men -54kg	NUNES Tiago	POR	
sarajevo-u21-european-championships-2024	U21 Men -54kg	KAZLOU Aliaksandr	AIN	
sarajevo-u21-european-championships-2024	U21 Men -54kg	CURKOVIC Marin	CRO	
sarajevo-u21-european-championships-2024	U21 Men -54kg	SHERRATT Alexander	GBR	
sarajevo-u21-european-championships-2024	U21 Men -54kg	DONMEZ Abdullah	TUR	
sarajevo-u21-european-championships-2024	U21 Men -54kg	IVAN Faruk Eduard	ROU	
sarajevo-u21-european-championships-2024	U21 Men -54kg	YELALDI Kaan	TUR	
sarajevo-u21-european-championships-2024	U21 Men -54kg	CAVALIC Eman	BIH	
sarajevo-u21-european-championships-2024	U21 Men -54kg	TRIANTAFYLLAKIS Dimitrios	GRE	
sarajevo-u21-european-championships-2024	U21 Men -54kg	ZYWARSKI Filip	POL	
sarajevo-u21-european-championships-2024	U21 Men -54kg	MIKLAVCIC Aljaz	SLO	
sarajevo-u21-european-championships-2024	U21 Men -54kg	GEORGIEV Hristiyan	BUL	2
sarajevo-u21-european-championships-2024	U21 Men -54kg	ESCOLAR Ivan	ESP	
sarajevo-u21-european-championships-2024	U21 Men -54kg	ADEMI Bleron	KOS	
sarajevo-u21-european-championships-2024	U21 Men -54kg	LA MATTINA Giovanni	ITA	
sarajevo-u21-european-championships-2024	U21 Men -54kg	ILIC Nikola	SRB	
sarajevo-u21-european-championships-2024	U21 Men -54kg	N'GAIDE Idriss	FRA	
sarajevo-u21-european-championships-2024	U21 Women -57kg	SMIRNOVA Anastasiy	AIN	
sarajevo-u21-european-championships-2024	U21 Women -57kg	CAUSSE Estelle	FRA	
sarajevo-u21-european-championships-2024	U21 Women -57kg	SENYURT Aleyna	TUR	
sarajevo-u21-european-championships-2024	U21 Women -57kg	RAVASKA Inka	FIN	
sarajevo-u21-european-championships-2024	U21 Women -57kg	DURDU Eylul Mina	TUR	2
sarajevo-u21-european-championships-2024	U21 Women -57kg	COMAN Gabriela Bia	ROU	
sarajevo-u21-european-championships-2024	U21 Women -57kg	VUKIC Margarita	CRO	
sarajevo-u21-european-championships-2024	U21 Women -57kg	STUPAK Kateryna	UKR	
sarajevo-u21-european-championships-2024	U21 Women -57kg	KRIATSIOTI Anna maria	GRE	
sarajevo-u21-european-championships-2024	U21 Women -57kg	YAZICI Zumra	GER	
sarajevo-u21-european-championships-2024	U21 Women -57kg	ADREGO Ana	POR	
sarajevo-u21-european-championships-2024	U21 Women -57kg	KICINSKA Klaudia	POL	
sarajevo-u21-european-championships-2024	U21 Women -57kg	VAN WIJNGAARDEN Jada	ESP	
sarajevo-u21-european-championships-2024	U21 Women -57kg	HAMZIC Dzejna	BIH	
sarajevo-u21-european-championships-2024	U21 Women -57kg	CUORVO Anna	ITA	
sarajevo-u21-european-championships-2024	U21 Women -57kg	STAMENKOVIC Teodor	SRB	
sarajevo-u21-european-championships-2024	U21 Women -57kg	GOZ Mumune Nur	TUR	3
sarajevo-u21-european-championships-2024	U21 Women -57kg	TZELI Maria	GRE	
sarajevo-u21-european-championships-2024	U21 Women -57kg	SMIRNOVA Kseniia	AIN	
sarajevo-u21-european-championships-2024	U21 Women -57kg	YANDOLOVSKAYA Ariadna	AIN	
sarajevo-u21-european-championships-2024	U21 Women -57kg	AJDUKOVIC Vesna	SRB	
sarajevo-u21-european-championships-2024	U21 Women -57kg	KAYGISIZ Zehra	TUR	
sarajevo-u21-european-championships-2024	U21 Women -57kg	KRAISNIK Ivana	BIH	
sarajevo-u21-european-championships-2024	U21 Women -57kg	PEZZOLLA Lucia	ITA	
sarajevo-u21-european-championships-2024	U21 Women -57kg	KRAJEWSKA Agnieszk	POL	
sarajevo-u21-european-championships-2024	U21 Women -57kg	RODRIGUEZ Laura	ESP	1
sarajevo-u21-european-championships-2024	U21 Women -57kg	REZAIE Roja	GER	
sarajevo-u21-european-championships-2024	U21 Women -57kg	DUARTE Lara	POR	
sarajevo-u21-european-championships-2024	U21 Women -57kg	KOSTENEVYCH Darya	UKR	3
sarajevo-u21-european-championships-2024	U21 Women -57kg	STANTE Masa	SLO	
sarajevo-u21-european-championships-2024	U21 Women -57kg	REPOULIA Athanasia	GRE	
sarajevo-u21-european-championships-2024	U21 Women -57kg	BASHIROVA Leyla	AZE	
sarajevo-u21-european-championships-2024	U21 Women -57kg	HABIJANCI'C Sara	CRO	
sarajevo-u21-european-championships-2024	U21 Women -57kg	TEGGERI Markella	CYP	
sarajevo-u21-european-championships-2024	U21 Women -57kg	AKYAPIN Ezgi Naz	TUR	
sarajevo-u21-european-championships-2024	U21 Women -57kg	GHANNAM Maria	DEN	
sarajevo-u21-european-championships-2024	U21 Women -57kg	VITKO Yuliya	AIN	
sarajevo-u21-european-championships-2024	U21 Women +73kg	BIRNI Nisa Nur	TUR	
sarajevo-u21-european-championships-2024	U21 Women +73kg	MIKHAILOVA Juliia	AIN	
sarajevo-u21-european-championships-2024	U21 Women +73kg	PASTOR Ainhoa	ESP	
sarajevo-u21-european-championships-2024	U21 Women +73kg	KOSTA Dimitra	CYP	
sarajevo-u21-european-championships-2024	U21 Women +73kg	KITSIOU Agoritsa A	GRE	3
sarajevo-u21-european-championships-2024	U21 Women +73kg	HUSOVIC Esmeralda	GER	
sarajevo-u21-european-championships-2024	U21 Women +73kg	OUASSOU Mouna	FRA	
sarajevo-u21-european-championships-2024	U21 Women +73kg	SUSNJEVIC Jovana	SRB	
sarajevo-u21-european-championships-2024	U21 Women +73kg	MIKHALCHUK Palina	AIN	
sarajevo-u21-european-championships-2024	U21 Women +73kg	LEON Andrea Naiara	ESP	
sarajevo-u21-european-championships-2024	U21 Women +73kg	GEORGAKAKI-CHALDAI	GRE	
sarajevo-u21-european-championships-2024	U21 Women +73kg	KAVUKCUOGLU Zehra	TUR	1
sarajevo-u21-european-championships-2024	U21 Women +73kg	KARAK Ceren Azra	TUR	
sarajevo-u21-european-championships-2024	U21 Women +73kg	KITSIOU Vasileia	GRE	
sarajevo-u21-european-championships-2024	U21 Women +73kg	PERALES Julia	ESP	
sarajevo-u21-european-championships-2024	U21 Women +73kg	KRAPIVKA Anna	AIN	
sarajevo-u21-european-championships-2024	U21 Women +73kg	SEVIC Andjela	SRB	3
sarajevo-u21-european-championships-2024	U21 Women +73kg	FRANCISCA Maria	POR	
sarajevo-u21-european-championships-2024	U21 Women +73kg	HRVAT Amina	BIH	
sarajevo-u21-european-championships-2024	U21 Women +73kg	KUTS Mariia	UKR	
sarajevo-u21-european-championships-2024	U21 Women +73kg	CHTIOUI Hafsa Lian	DEN	
sarajevo-u21-european-championships-2024	U21 Women +73kg	MATIC Magdalena	CRO	2
sarajevo-u21-european-championships-2024	U21 Women +73kg	SMITHERS Charleigh	IRL	
sarajevo-u21-european-championships-2024	U21 Women +73kg	KOSEOGLU Elifnaz	TUR	
sarajevo-u21-european-championships-2024	U21 Men -80kg	SOKOLOWSKI Mikolaj	POL	
sarajevo-u21-european-championships-2024	U21 Men -80kg	FERNANDEZ Mikel	ESP	
sarajevo-u21-european-championships-2024	U21 Men -80kg	MELNIKOV Artem	AIN	
sarajevo-u21-european-championships-2024	U21 Men -80kg	MALLO Iago	ESP	
sarajevo-u21-european-championships-2024	U21 Men -80kg	COSKUN Samet	TUR	
sarajevo-u21-european-championships-2024	U21 Men -80kg	KOVACIC Oscar	CRO	3
sarajevo-u21-european-championships-2024	U21 Men -80kg	SZADKOWSKI Michal	POL	
sarajevo-u21-european-championships-2024	U21 Men -80kg	CRISTESCU Mihai Ad	ROU	
sarajevo-u21-european-championships-2024	U21 Men -80kg	VITKOVIC Nikola	SRB	
sarajevo-u21-european-championships-2024	U21 Men -80kg	HONCHAROV Kyrylo	UKR	
sarajevo-u21-european-championships-2024	U21 Men -80kg	AGRISAN Stefan Gab	ROU	
sarajevo-u21-european-championships-2024	U21 Men -80kg	FEGATILLI Luigi	ITA	
sarajevo-u21-european-championships-2024	U21 Men -80kg	ZAGORULKO Andrei	AIN	2
sarajevo-u21-european-championships-2024	U21 Men -80kg	NESHYBA Tomas	CZE	
sarajevo-u21-european-championships-2024	U21 Men -80kg	HOERMANN Vincent	GER	
sarajevo-u21-european-championships-2024	U21 Men -80kg	YEFIMOV Oleksandr	UKR	
sarajevo-u21-european-championships-2024	U21 Men -80kg	STEPANIUC Ion	MDA	
sarajevo-u21-european-championships-2024	U21 Men -80kg	RADAKOVI'C Ognjen	SRB	
sarajevo-u21-european-championships-2024	U21 Men -80kg	SEREMET Nino	BIH	
sarajevo-u21-european-championships-2024	U21 Men -80kg	ROMUNDSET Martin	NOR	
sarajevo-u21-european-championships-2024	U21 Men -80kg	PAPADOPOULOS Ioann	GRE	3
sarajevo-u21-european-championships-2024	U21 Men -80kg	AKBABAOZ Muhammed	RTA	
sarajevo-u21-european-championships-2024	U21 Men -80kg	KRPAN Vito	CRO	
sarajevo-u21-european-championships-2024	U21 Men -80kg	GAFAROV Eltaj	AZE	
sarajevo-u21-european-championships-2024	U21 Men -80kg	CAMMAERTS Troy	BEL	
sarajevo-u21-european-championships-2024	U21 Men -80kg	GERRONE Antonio	ITA	
sarajevo-u21-european-championships-2024	U21 Men -80kg	STYLIANIDIS Aris	CYP	
sarajevo-u21-european-championships-2024	U21 Men -80kg	JELIC Tomislav	CRO	
sarajevo-u21-european-championships-2024	U21 Men -80kg	BALCIUNAS Gabijus	LTU	
sarajevo-u21-european-championships-2024	U21 Men -80kg	KILIC Yigithan	TUR	1
sarajevo-u21-european-championships-2024	U21 Men -80kg	WEIDUM Dion	NED	
sarajevo-u21-european-championships-2024	U21 Men -58kg	SARSOZA Zack	GBR	
sarajevo-u21-european-championships-2024	U21 Men -58kg	DIMITROPOULOS Kons	GRE	
sarajevo-u21-european-championships-2024	U21 Men -58kg	MEHLMANN Daniel	GER	
sarajevo-u21-european-championships-2024	U21 Men -58kg	FRAILE Jesus	ESP	
sarajevo-u21-european-championships-2024	U21 Men -58kg	IOANNOU Stelios	CYP	
sarajevo-u21-european-championships-2024	U21 Men -58kg	GANJOLA Adzija	MNE	
sarajevo-u21-european-championships-2024	U21 Men -58kg	KLJAJIC Nikola	SRB	
sarajevo-u21-european-championships-2024	U21 Men -58kg	KAPLAN Enes	TUR	1
sarajevo-u21-european-championships-2024	U21 Men -58kg	MERDANAJ Ernest	ALB	
sarajevo-u21-european-championships-2024	U21 Men -58kg	DRAZKIEWICZ Igor	POL	
sarajevo-u21-european-championships-2024	U21 Men -58kg	LOPES Tiago	POR	
sarajevo-u21-european-championships-2024	U21 Men -58kg	NEUBAUER Michael	AUT	
sarajevo-u21-european-championships-2024	U21 Men -58kg	MOLJ Domen	SLO	3
sarajevo-u21-european-championships-2024	U21 Men -58kg	BELLO David	ESP	
sarajevo-u21-european-championships-2024	U21 Men -58kg	NACHEV Luboslav	BUL	
sarajevo-u21-european-championships-2024	U21 Men -58kg	FLEGAR Jan	CRO	
sarajevo-u21-european-championships-2024	U21 Men -58kg	SERER Fran	CRO	
sarajevo-u21-european-championships-2024	U21 Men -58kg	PINTO Tiago	POR	
sarajevo-u21-european-championships-2024	U21 Men -58kg	HIDALGO Alvaro	ESP	
sarajevo-u21-european-championships-2024	U21 Men -58kg	ROSSOKHATYI Ruslan	UKR	
sarajevo-u21-european-championships-2024	U21 Men -58kg	DE DIOS JOSE Alex	ESP	
sarajevo-u21-european-championships-2024	U21 Men -58kg	BOUKARNIA Amine	FRA	
sarajevo-u21-european-championships-2024	U21 Men -58kg	ALEXANDRU Miu	ROU	
sarajevo-u21-european-championships-2024	U21 Men -58kg	HRABEC Dimitrije	SRB	
sarajevo-u21-european-championships-2024	U21 Men -58kg	BAHTANOVIC Hamza	BIH	
sarajevo-u21-european-championships-2024	U21 Men -58kg	STRUGLINSKI Bartos	POL	
sarajevo-u21-european-championships-2024	U21 Men -58kg	MIRZOIEV Samir	UKR	2
sarajevo-u21-european-championships-2024	U21 Men -58kg	CONOS Mihail	MDA	
sarajevo-u21-european-championships-2024	U21 Men -58kg	CHARNIAK Viktar	AIN	
sarajevo-u21-european-championships-2024	U21 Men -58kg	SIMEONOV Martin	BUL	
sarajevo-u21-european-championships-2024	U21 Men -58kg	ILHAN Serdar	TUR	
sarajevo-u21-european-championships-2024	U21 Men -58kg	GHAZARYAN Hayk	ARM	
sarajevo-u21-european-championships-2024	U21 Men -58kg	MAGOMEDOV Magomedg	AIN	
sarajevo-u21-european-championships-2024	U21 Men -58kg	SULEYMANOV Aydin	AZE	
sarajevo-u21-european-championships-2024	U21 Men -58kg	PAPAIOANNOU Marios Leonidas	GRE	
sarajevo-u21-european-championships-2024	U21 Men -58kg	ABBASOV Malik	AZE	
sarajevo-u21-european-championships-2024	U21 Men -58kg	VASILIC Todor	SRB	
sarajevo-u21-european-championships-2024	U21 Men -58kg	NESTOROVI'C Vasili	MNE	
sarajevo-u21-european-championships-2024	U21 Men -58kg	PAZOS Alex	ESP	
sarajevo-u21-european-championships-2024	U21 Men -58kg	DEL VECCHIO Teodoro	ITA	
sarajevo-u21-european-championships-2024	U21 Men -58kg	BADEM Yusuf	TUR	3
sarajevo-u21-european-championships-2024	U21 Men -58kg	BITSUEV Kantemir	AIN	
sarajevo-u21-european-championships-2024	U21 Men -58kg	GUMUS Feyyaz	GER	
sarajevo-u21-european-championships-2024	U21 Men -58kg	ADILOVIC Fahrudin	BIH	
sarajevo-u21-european-championships-2024	U21 Men -58kg	DAYIOGLU Omer faruk	TUR	
sarajevo-u21-european-championships-2024	U21 Men -58kg	PETERSEN Felix Moon	DEN	
sarajevo-u21-european-championships-2024	U21 Women -73kg	PODOLIAN Renata	UKR	
sarajevo-u21-european-championships-2024	U21 Women -73kg	MEHMEDOVIC Nadina	BIH	
sarajevo-u21-european-championships-2024	U21 Women -73kg	SANDIC Zorana	BIH	
sarajevo-u21-european-championships-2024	U21 Women -73kg	MASTELIC Mila	CRO	2
sarajevo-u21-european-championships-2024	U21 Women -73kg	PARCINA Mariela	CRO	
sarajevo-u21-european-championships-2024	U21 Women -73kg	GARCIA Helena	ESP	
sarajevo-u21-european-championships-2024	U21 Women -73kg	KRAINOVA Marharyta	UKR	
sarajevo-u21-european-championships-2024	U21 Women -73kg	DUMINA Mariia	UKR	
sarajevo-u21-european-championships-2024	U21 Women -73kg	LEVENTI Vasiliki	GRE	
sarajevo-u21-european-championships-2024	U21 Women -73kg	PETROVIC Iva	SRB	
sarajevo-u21-european-championships-2024	U21 Women -73kg	SHVEDKOVA Polina	AIN	3
sarajevo-u21-european-championships-2024	U21 Women -73kg	HELVIGA Viktorija	LAT	
sarajevo-u21-european-championships-2024	U21 Women -73kg	ATHANASIOU Maria Z	GRE	
sarajevo-u21-european-championships-2024	U21 Women -73kg	UZUNCAVDAR Sude Ya	TUR	
sarajevo-u21-european-championships-2024	U21 Women -73kg	DEMIR Kardelen	TUR	
sarajevo-u21-european-championships-2024	U21 Women -73kg	ARISTOTELOUS Rafae	CYP	
sarajevo-u21-european-championships-2024	U21 Women -73kg	KOSMYCHEVA Anastas	AIN	1
sarajevo-u21-european-championships-2024	U21 Women -73kg	RUDOLF Nika	SLO	
sarajevo-u21-european-championships-2024	U21 Women -73kg	NOWAK Julia	POL	3
sarajevo-u21-european-championships-2024	U21 Women -73kg	VALLO Ane	ESP	
sarajevo-u21-european-championships-2024	U21 Women -73kg	KUCHERIAVA Polina	UKR	
sarajevo-u21-european-championships-2024	U21 Women -73kg	GLUMAC Nadja	SRB	
sarajevo-u21-european-championships-2024	U21 Women -53kg	CHESALKINA Iryna	UKR	
sarajevo-u21-european-championships-2024	U21 Women -53kg	ASIMI Adiba	GER	
sarajevo-u21-european-championships-2024	U21 Women -53kg	BABIANO Erika	ESP	
sarajevo-u21-european-championships-2024	U21 Women -53kg	MATONTI Ilenia Eli	ITA	
sarajevo-u21-european-championships-2024	U21 Women -53kg	AVDAGIC Ada	BIH	3
sarajevo-u21-european-championships-2024	U21 Women -53kg	PERNISCHOVA Simona	SVK	
sarajevo-u21-european-championships-2024	U21 Women -53kg	KLAKALA Magdalini	GRE	
sarajevo-u21-european-championships-2024	U21 Women -53kg	HAIVORONSKA Anasta	UKR	
sarajevo-u21-european-championships-2024	U21 Women -53kg	KOKOSI Anastasia Nektaria	GRE	
sarajevo-u21-european-championships-2024	U21 Women -53kg	MAYER Leonie	GER	
sarajevo-u21-european-championships-2024	U21 Women -53kg	FISKA Melina Dimit	GRE	
sarajevo-u21-european-championships-2024	U21 Women -53kg	GONCALVES Lara	POR	
sarajevo-u21-european-championships-2024	U21 Women -53kg	KAADACH Sophia jusra	DEN	
sarajevo-u21-european-championships-2024	U21 Women -53kg	LAGHRISSI Nadira	SWE	
sarajevo-u21-european-championships-2024	U21 Women -53kg	EFITSENKO Sofia	AIN	
sarajevo-u21-european-championships-2024	U21 Women -53kg	RABAUT Elien	BEL	
sarajevo-u21-european-championships-2024	U21 Women -53kg	RADAK Teodora	SRB	
sarajevo-u21-european-championships-2024	U21 Women -53kg	SUSILUOTO Inari	FIN	
sarajevo-u21-european-championships-2024	U21 Women -53kg	KOKOC Zeynep Duru	TUR	
sarajevo-u21-european-championships-2024	U21 Women -53kg	UZUNCAVDAR Sila Ir	TUR	1
sarajevo-u21-european-championships-2024	U21 Women -53kg	OSMANOVA Samarrukh	AZE	
sarajevo-u21-european-championships-2024	U21 Women -53kg	ABDULLAYEVA Nigar	AZE	
sarajevo-u21-european-championships-2024	U21 Women -53kg	BOKAN Andrea	SRB	2
sarajevo-u21-european-championships-2024	U21 Women -53kg	CELIK Senanur	TUR	
sarajevo-u21-european-championships-2024	U21 Women -53kg	BURUIANA Andreea	ROU	
sarajevo-u21-european-championships-2024	U21 Women -53kg	KINGSLEY Lily	GBR	
sarajevo-u21-european-championships-2024	U21 Women -53kg	PETRIDI Aimilia	CYP	
sarajevo-u21-european-championships-2024	U21 Women -53kg	PAGANI Iris vasiliki	GRE	
sarajevo-u21-european-championships-2024	U21 Women -53kg	KAOURTISHI Zeta	CYP	
sarajevo-u21-european-championships-2024	U21 Women -53kg	MEISTININKAITE Ger	LTU	
sarajevo-u21-european-championships-2024	U21 Women -53kg	DUJMIC Helena	CRO	
sarajevo-u21-european-championships-2024	U21 Women -53kg	KOSTADINOVA Stanis	BUL	
sarajevo-u21-european-championships-2024	U21 Women -53kg	GARCIA Sofia	ESP	
sarajevo-u21-european-championships-2024	U21 Women -53kg	OZBEY Oyku	TUR	3
sarajevo-u21-european-championships-2024	U21 Women -53kg	ROMERO Noa	ESP	
sarajevo-u21-european-championships-2024	U21 Women -53kg	STOJANOVIC Nina	SRB	
sarajevo-u21-european-championships-2024	U21 Women -53kg	KAMKASOUMPHOU Leny	FRA	
sarajevo-u21-european-championships-2024	U21 Women -53kg	KUKIC Iva	SRB	
sarajevo-u21-european-championships-2024	U21 Women -53kg	PLUGARU Bianca	MDA	
sarajevo-u21-european-championships-2024	U21 Women -53kg	KARABELEVA Erika	BUL	
sarajevo-u21-european-championships-2024	U21 Men -87kg	MARETIS Rafail Ioannis	GRE	2
sarajevo-u21-european-championships-2024	U21 Men -87kg	ELENIN Nicolai	MDA	
sarajevo-u21-european-championships-2024	U21 Men -87kg	BRANTUŠA Roko	CRO	
sarajevo-u21-european-championships-2024	U21 Men -87kg	LIUBINSKI Stsiapan	AIN	
sarajevo-u21-european-championships-2024	U21 Men -87kg	DZIADOVICH Mikhail	AIN	
sarajevo-u21-european-championships-2024	U21 Men -87kg	DOGRU Munir Furkan	TUR	
sarajevo-u21-european-championships-2024	U21 Men -87kg	BASIC Rok	CRO	
sarajevo-u21-european-championships-2024	U21 Men -87kg	AJDUKOVIC Dimitrije	SRB	3
sarajevo-u21-european-championships-2024	U21 Men -87kg	PATTICHIS Alexis	CYP	
sarajevo-u21-european-championships-2024	U21 Men -87kg	SKUDRIT Ivan	AIN	
sarajevo-u21-european-championships-2024	U21 Men -87kg	VIEGAS Natalio Ale	POR	
sarajevo-u21-european-championships-2024	U21 Men -87kg	CELIK Ertugrul	TUR	
sarajevo-u21-european-championships-2024	U21 Men -87kg	ŠIAULYS Emilis	LTU	
sarajevo-u21-european-championships-2024	U21 Men -87kg	COSKUN Kagan	TUR	
sarajevo-u21-european-championships-2024	U21 Men -87kg	MARTIN Alejandro	ESP	
sarajevo-u21-european-championships-2024	U21 Men -87kg	TROITINO Sergio	ESP	1
sarajevo-u21-european-championships-2024	U21 Men -87kg	ILIOPOULOS Grigori	GRE	
sarajevo-u21-european-championships-2024	U21 Men -87kg	JOCHMAN Adam	CZE	
sarajevo-u21-european-championships-2024	U21 Men -87kg	SNACOV Laurentiu	ROU	
sarajevo-u21-european-championships-2024	U21 Men -87kg	BUDIN Vladislav	AIN	3
sarajevo-u21-european-championships-2024	U21 Men -87kg	BENITEZ Alejandro	ESP	
sarajevo-u21-european-championships-2024	U21 Men -63kg	KOPYLOV Danil	AIN	
sarajevo-u21-european-championships-2024	U21 Men -63kg	XANTHAKOS Ioannis Marios	GRE	
sarajevo-u21-european-championships-2024	U21 Men -63kg	MIRZOIEV Simur	UKR	
sarajevo-u21-european-championships-2024	U21 Men -63kg	VUKOTIC Danilo	BIH	
sarajevo-u21-european-championships-2024	U21 Men -63kg	AGAPOV Dmytriy	POR	
sarajevo-u21-european-championships-2024	U21 Men -63kg	PANAGOPOULOS Apostolos	GRE	
sarajevo-u21-european-championships-2024	U21 Men -63kg	MARTINS Alfredo	POR	
sarajevo-u21-european-championships-2024	U21 Men -63kg	NUKIC Esad	BIH	
sarajevo-u21-european-championships-2024	U21 Men -63kg	VAN LIMPT Joep	NED	
sarajevo-u21-european-championships-2024	U21 Men -63kg	BARETTA Dennis	ITA	1
sarajevo-u21-european-championships-2024	U21 Men -63kg	LANDA Karan	GBR	
sarajevo-u21-european-championships-2024	U21 Men -63kg	MOLCHAN Maksim	AIN	
sarajevo-u21-european-championships-2024	U21 Men -63kg	CAVUSMAN Emre	GER	
sarajevo-u21-european-championships-2024	U21 Men -63kg	ZOTOV Yehor	UKR	
sarajevo-u21-european-championships-2024	U21 Men -63kg	FLOURIS Iosif	CYP	
sarajevo-u21-european-championships-2024	U21 Men -63kg	BANDAREVICH Maksim	AIN	
sarajevo-u21-european-championships-2024	U21 Men -63kg	IURLARO Ludovico	ITA	3
sarajevo-u21-european-championships-2024	U21 Men -63kg	GEORGIEV Victor	BUL	
sarajevo-u21-european-championships-2024	U21 Men -63kg	COSNEANU Gheorghe	MDA	
sarajevo-u21-european-championships-2024	U21 Men -63kg	FILIP Raul Mario	ROU	
sarajevo-u21-european-championships-2024	U21 Men -63kg	VEGA Rommel Alejan	ESP	
sarajevo-u21-european-championships-2024	U21 Men -63kg	MITKOV Stanislav	BUL	
sarajevo-u21-european-championships-2024	U21 Men -63kg	ZEHETNER Felix	AUT	
sarajevo-u21-european-championships-2024	U21 Men -63kg	MILETIC Mateja	SRB	
sarajevo-u21-european-championships-2024	U21 Men -63kg	RIBBESTAD Markus	SWE	
sarajevo-u21-european-championships-2024	U21 Men -63kg	SAFARYN Piotr	POL	
sarajevo-u21-european-championships-2024	U21 Men -63kg	CAPUANO Lorenzo	FRA	
sarajevo-u21-european-championships-2024	U21 Men -63kg	SANCHIS Izan	ESP	
sarajevo-u21-european-championships-2024	U21 Men -63kg	ADEMI Valton	KOS	
sarajevo-u21-european-championships-2024	U21 Men -63kg	CHRZANOWSKI Mateus	POL	2
sarajevo-u21-european-championships-2024	U21 Men -63kg	PARUZEK Krystof	CZE	
sarajevo-u21-european-championships-2024	U21 Men -63kg	GKOLEMIS Ioannis christos	GRE	
sarajevo-u21-european-championships-2024	U21 Men -63kg	MATUZIC Lucio	CRO	
sarajevo-u21-european-championships-2024	U21 Men -63kg	KIRILIN Vladimir	MDA	
sarajevo-u21-european-championships-2024	U21 Men -63kg	VUKOVIC Mario	MNE	
sarajevo-u21-european-championships-2024	U21 Men -63kg	SUSILUOTO Otto	FIN	
sarajevo-u21-european-championships-2024	U21 Men -63kg	GERARDIS Georgios	GRE	
sarajevo-u21-european-championships-2024	U21 Men -63kg	ATIADEVEY Kody	DEN	
sarajevo-u21-european-championships-2024	U21 Men -63kg	NIKOLAIDIS Alexios	GRE	
sarajevo-u21-european-championships-2024	U21 Men -63kg	KILICKAYA Oguzhan	TUR	
sarajevo-u21-european-championships-2024	U21 Men -63kg	BULATOVIC Nikolaj	SLO	
sarajevo-u21-european-championships-2024	U21 Men -63kg	SANZ Alejandro	ESP	
sarajevo-u21-european-championships-2024	U21 Men -63kg	KUZNIETSOV Artom	UKR	
sarajevo-u21-european-championships-2024	U21 Men -63kg	PALOURTIS Charalam	CYP	
sarajevo-u21-european-championships-2024	U21 Men -63kg	AYDOGAN Hamza Osma	TUR	
sarajevo-u21-european-championships-2024	U21 Men -63kg	KORNEEV Lev	SRB	
sarajevo-u21-european-championships-2024	U21 Men -63kg	SALIMOV Vasif	AZE	3
sarajevo-u21-european-championships-2024	U21 Women -67kg	MARENTAKI Styliani	GRE	1
sarajevo-u21-european-championships-2024	U21 Women -67kg	MELA Nefeli	CYP	
sarajevo-u21-european-championships-2024	U21 Women -67kg	TSILEDAKI Aikateri	GRE	
sarajevo-u21-european-championships-2024	U21 Women -67kg	KRIVOVA Daria	AIN	
sarajevo-u21-european-championships-2024	U21 Women -67kg	SHALONIK Darya	AIN	
sarajevo-u21-european-championships-2024	U21 Women -67kg	TOMAK Eslem Ruveyda	TUR	
sarajevo-u21-european-championships-2024	U21 Women -67kg	HUESCH Angelina	GER	
sarajevo-u21-european-championships-2024	U21 Women -67kg	BOCCADAMO Alexandr	ITA	
sarajevo-u21-european-championships-2024	U21 Women -67kg	TOMCZAK Tatiana	POL	
sarajevo-u21-european-championships-2024	U21 Women -67kg	DOKOVI'C Ines	SRB	
sarajevo-u21-european-championships-2024	U21 Women -67kg	BAKLESI Vasiliki	GRE	
sarajevo-u21-european-championships-2024	U21 Women -67kg	PROTSENKO Diana	AIN	
sarajevo-u21-european-championships-2024	U21 Women -67kg	KOWALKOWSKA Justyna	POL	3
sarajevo-u21-european-championships-2024	U21 Women -67kg	MAGGIORE Giulia	ITA	
sarajevo-u21-european-championships-2024	U21 Women -67kg	CASPERSSON Alva	SWE	
sarajevo-u21-european-championships-2024	U21 Women -67kg	BRADIC Elena	SRB	
sarajevo-u21-european-championships-2024	U21 Women -67kg	LEONOVA Mariia	UKR	
sarajevo-u21-european-championships-2024	U21 Women -67kg	DARATZI Anastasia	GRE	
sarajevo-u21-european-championships-2024	U21 Women -67kg	KRSTINIC Anja	CRO	
sarajevo-u21-european-championships-2024	U21 Women -67kg	TYMOFIEIEVA Mariia	UKR	
sarajevo-u21-european-championships-2024	U21 Women -67kg	FERNANDEZ Julia	ESP	
sarajevo-u21-european-championships-2024	U21 Women -67kg	NINA Urganaeva	ARM	3
sarajevo-u21-european-championships-2024	U21 Women -67kg	ALMEIDA Leonor Car	POR	
sarajevo-u21-european-championships-2024	U21 Women -67kg	COELHO Mafalda	POR	
sarajevo-u21-european-championships-2024	U21 Women -67kg	MINK Amy	NED	
sarajevo-u21-european-championships-2024	U21 Women -67kg	HODZIC Nihada	BIH	
sarajevo-u21-european-championships-2024	U21 Women -67kg	JOKIC Marija	BIH	
sarajevo-u21-european-championships-2024	U21 Women -67kg	ZAFER Isil	TUR	
sarajevo-u21-european-championships-2024	U21 Women -67kg	SIRIN Dilara	TUR	
sarajevo-u21-european-championships-2024	U21 Women -67kg	MORENO Lena	ESP	2
sarajevo-u21-european-championships-2024	U21 Women -49kg	MARJANOVIC Jovana	SRB	
sarajevo-u21-european-championships-2024	U21 Women -49kg	KRAJEWSKA Nikola	POL	
sarajevo-u21-european-championships-2024	U21 Women -49kg	KAOURTISHI Nagia	CYP	
sarajevo-u21-european-championships-2024	U21 Women -49kg	NSANGU June	ESP	
sarajevo-u21-european-championships-2024	U21 Women -49kg	CORDOBA Judith	ESP	
sarajevo-u21-european-championships-2024	U21 Women -49kg	CHORNUKHA Mariia	UKR	
sarajevo-u21-european-championships-2024	U21 Women -49kg	DUVANCIC Bruna	CRO	2
sarajevo-u21-european-championships-2024	U21 Women -49kg	ABEDALSALAM Mariam	DEN	
sarajevo-u21-european-championships-2024	U21 Women -49kg	FIBY Genevieve	AUT	
sarajevo-u21-european-championships-2024	U21 Women -49kg	MAMMADOVA Seyidkha	AZE	
sarajevo-u21-european-championships-2024	U21 Women -49kg	STRUNETS Maryia	AIN	
sarajevo-u21-european-championships-2024	U21 Women -49kg	KRAJEWSKA Alicja	POL	3
sarajevo-u21-european-championships-2024	U21 Women -49kg	AYDEMIR Nurselin	GER	
sarajevo-u21-european-championships-2024	U21 Women -49kg	VIEN Filippa	SWE	
sarajevo-u21-european-championships-2024	U21 Women -49kg	JERKOVI'C Petra	CRO	
sarajevo-u21-european-championships-2024	U21 Women -49kg	LINAN Naiara	AND	
sarajevo-u21-european-championships-2024	U21 Women -49kg	OZTABAK Elif ilgin	TUR	
sarajevo-u21-european-championships-2024	U21 Women -49kg	BODEN Indra	SWE	
sarajevo-u21-european-championships-2024	U21 Women -49kg	OTERO Silvia	ESP	
sarajevo-u21-european-championships-2024	U21 Women -49kg	BOUROGIANNI Konsta	GRE	
sarajevo-u21-european-championships-2024	U21 Women -49kg	FOFANA Mah teninba	FRA	3
sarajevo-u21-european-championships-2024	U21 Women -49kg	EREMINA Viktoriya	AIN	
sarajevo-u21-european-championships-2024	U21 Women -49kg	KAMKASOUMPHOU Mays	FRA	
sarajevo-u21-european-championships-2024	U21 Women -49kg	MILIC Milica	SRB	
sarajevo-u21-european-championships-2024	U21 Women -49kg	GEORGIEVA Aleksand	BUL	
sarajevo-u21-european-championships-2024	U21 Women -49kg	GARBETT Latisha	GBR	
sarajevo-u21-european-championships-2024	U21 Women -49kg	SARGANTANI Charikleia	GRE	
sarajevo-u21-european-championships-2024	U21 Women -49kg	VELIUTC Alina	AIN	
sarajevo-u21-european-championships-2024	U21 Women -49kg	AKGUL Elif sude	TUR	1
sarajevo-u21-european-championships-2024	U21 Women -49kg	MAMMADOVA Maryam	AZE	
sarajevo-u21-european-championships-2024	U21 Women -49kg	STARCHENKO Taisiia	UKR	
sarajevo-u21-european-championships-2024	U21 Men -68kg	COSGUNGONUL Bugra	TUR	3
sarajevo-u21-european-championships-2024	U21 Men -68kg	FARMAKIS Ioannis alexandros	CYP	
sarajevo-u21-european-championships-2024	U21 Men -68kg	MYLLYNEN Niko	FIN	
sarajevo-u21-european-championships-2024	U21 Men -68kg	KOMATINA Ognjen	MNE	
sarajevo-u21-european-championships-2024	U21 Men -68kg	REIS Tiago	POR	
sarajevo-u21-european-championships-2024	U21 Men -68kg	MANDIC Milos	SRB	
sarajevo-u21-european-championships-2024	U21 Men -68kg	KISKYRAS Foivos	GRE	
sarajevo-u21-european-championships-2024	U21 Men -68kg	KOROLEV Kirill	AIN	
sarajevo-u21-european-championships-2024	U21 Men -68kg	BUGNEAC Liviu	MDA	
sarajevo-u21-european-championships-2024	U21 Men -68kg	GONZALEZ Ignacio	ESP	
sarajevo-u21-european-championships-2024	U21 Men -68kg	JAKOBSEN Carl Cai	DEN	
sarajevo-u21-european-championships-2024	U21 Men -68kg	LUKASHUK Matvii	UKR	
sarajevo-u21-european-championships-2024	U21 Men -68kg	RASKOVIC Luka	SLO	
sarajevo-u21-european-championships-2024	U21 Men -68kg	MIATLITSKI Matsvei	AIN	
sarajevo-u21-european-championships-2024	U21 Men -68kg	TURKULJ Uros	SRB	
sarajevo-u21-european-championships-2024	U21 Men -68kg	MILAN Jorge	ESP	
sarajevo-u21-european-championships-2024	U21 Men -68kg	SETTA Hamad	DEN	
sarajevo-u21-european-championships-2024	U21 Men -68kg	DJONKO Muhamed	BIH	2
sarajevo-u21-european-championships-2024	U21 Men -68kg	STAMENOV Stefan	BUL	
sarajevo-u21-european-championships-2024	U21 Men -68kg	CEYLAN Ahmet bogachan	TUR	
sarajevo-u21-european-championships-2024	U21 Men -68kg	LAUCEVIČIUS Tadas	LTU	
sarajevo-u21-european-championships-2024	U21 Men -68kg	EREMEEV Dmitrii	AIN	
sarajevo-u21-european-championships-2024	U21 Men -68kg	ABAD Iker	ESP	
sarajevo-u21-european-championships-2024	U21 Men -68kg	LEWANDOWSKI Domini	POL	
sarajevo-u21-european-championships-2024	U21 Men -68kg	SZUKALSKI Bartosz	POL	
sarajevo-u21-european-championships-2024	U21 Men -68kg	KAMAGIANNIS Ioanni	GRE	
sarajevo-u21-european-championships-2024	U21 Men -68kg	POLCZYNSKI Adam	POL	
sarajevo-u21-european-championships-2024	U21 Men -68kg	JURKIC Miro	CRO	
sarajevo-u21-european-championships-2024	U21 Men -68kg	IZMAR Adam	BEL	
sarajevo-u21-european-championships-2024	U21 Men -68kg	ERER Berkay	TUR	1
sarajevo-u21-european-championships-2024	U21 Men -68kg	ISLAMOVIC Aldin	BIH	
sarajevo-u21-european-championships-2024	U21 Men -68kg	TALOCHKA Yauheni	AIN	
sarajevo-u21-european-championships-2024	U21 Men -68kg	BILGIN Efe	GER	
sarajevo-u21-european-championships-2024	U21 Men -68kg	BYSTROV Volodymyr	UKR	
sarajevo-u21-european-championships-2024	U21 Men -68kg	CAVUSMAN Aslan Eym	GER	
sarajevo-u21-european-championships-2024	U21 Men -68kg	ABERG Maximus	SWE	
sarajevo-u21-european-championships-2024	U21 Men -68kg	OZDEMIR Eren	TUR	3
sarajevo-u21-european-championships-2024	U21 Men -68kg	HUSEYNOV Yunis	AZE	
sarajevo-u21-european-championships-2024	U21 Men -68kg	KORPE Omer furkan	TUR	
sarajevo-u21-european-championships-2024	U21 Men -68kg	SALANOVA Adrian	ESP	
sarajevo-u21-european-championships-2024	U21 Men -68kg	MITSOS Dimitrios	GRE	
sarajevo-u21-european-championships-2024	U21 Men -68kg	DUGAC Grga	CRO	
sarajevo-u21-european-championships-2024	U21 Men -68kg	PAPPAS Lampros	GRE	
sarajevo-u21-european-championships-2024	U21 Men -68kg	LUPO Davide	ITA	
sarajevo-u21-european-championships-2024	U21 Men +87kg	MOLIN Mattia	ITA	2
sarajevo-u21-european-championships-2024	U21 Men +87kg	DE Matteo	ITA	
sarajevo-u21-european-championships-2024	U21 Men +87kg	KUECUEKSUNGUR Keri	GER	
sarajevo-u21-european-championships-2024	U21 Men +87kg	MEDIAVILLA Ivan	ESP	
sarajevo-u21-european-championships-2024	U21 Men +87kg	BRINK Kevin	SWE	
sarajevo-u21-european-championships-2024	U21 Men +87kg	BUZON Pablo	ESP	
sarajevo-u21-european-championships-2024	U21 Men +87kg	ANDREOU Petros	CYP	
sarajevo-u21-european-championships-2024	U21 Men +87kg	MOURKOVITIS Panagi	GRE	
sarajevo-u21-european-championships-2024	U21 Men +87kg	POPOV Theodoros	CYP	
sarajevo-u21-european-championships-2024	U21 Men +87kg	TARCHYLA Aliaksei	AIN	3
sarajevo-u21-european-championships-2024	U21 Men +87kg	BAIRAMIDIS Fotios	GRE	
sarajevo-u21-european-championships-2024	U21 Men +87kg	KRIUCHKOV Nikta	AIN	1
sarajevo-u21-european-championships-2024	U21 Men +87kg	GRUJICIC Ognjen	SRB	
sarajevo-u21-european-championships-2024	U21 Men +87kg	KOSTIC Milan	SRB	
sarajevo-u21-european-championships-2024	U21 Men +87kg	MATSABERIDZE Ilia	GEO	
sarajevo-u21-european-championships-2024	U21 Men +87kg	MANEA Robert	ROU	
sarajevo-u21-european-championships-2024	U21 Men +87kg	SIMSEK Rahmet Bara	TUR	3
sarajevo-u21-european-championships-2024	U21 Men +87kg	DE BONA Antonio	CRO	
sarajevo-u21-european-championships-2024	U21 Men +87kg	UZUN Efe haktan	TUR	
sarajevo-u21-european-championships-2024	U21 Men +87kg	MESHALKIN Dzmitry	AIN	
sarajevo-u21-european-championships-2024	U21 Women -62kg	CETINEL Ceren	TUR	
sarajevo-u21-european-championships-2024	U21 Women -62kg	ORLOVIC Marija	BIH	
sarajevo-u21-european-championships-2024	U21 Women -62kg	ANDERSSON Tindra	SWE	
sarajevo-u21-european-championships-2024	U21 Women -62kg	SPINU Ana	MDA	
sarajevo-u21-european-championships-2024	U21 Women -62kg	SEVO Tamara	SRB	3
sarajevo-u21-european-championships-2024	U21 Women -62kg	KRUSH Diana	UKR	
sarajevo-u21-european-championships-2024	U21 Women -62kg	HRGIC Anja	BIH	
sarajevo-u21-european-championships-2024	U21 Women -62kg	DINKOVIC Lena	CRO	
sarajevo-u21-european-championships-2024	U21 Women -62kg	YIGITALP Hatice pinar	TUR	
sarajevo-u21-european-championships-2024	U21 Women -62kg	MONTEMUINO Irene	ESP	
sarajevo-u21-european-championships-2024	U21 Women -62kg	UGLESIC Marija	CRO	
sarajevo-u21-european-championships-2024	U21 Women -62kg	NAZAROVA Iulia	MDA	
sarajevo-u21-european-championships-2024	U21 Women -62kg	SOFOKLEOUS Aria	CYP	
sarajevo-u21-european-championships-2024	U21 Women -62kg	CAKAL Sevval	TUR	1
sarajevo-u21-european-championships-2024	U21 Women -62kg	SECANELL Elsa	ESP	
sarajevo-u21-european-championships-2024	U21 Women -62kg	JELIC Ivona	CRO	
sarajevo-u21-european-championships-2024	U21 Women -62kg	NAVITSKAIA Darya	AIN	
sarajevo-u21-european-championships-2024	U21 Women -62kg	VIEIRA Beatriz	POR	
sarajevo-u21-european-championships-2024	U21 Women -62kg	PAVLENKO Alisa	UKR	
sarajevo-u21-european-championships-2024	U21 Women -62kg	TRAVERSI Valentina	ITA	
sarajevo-u21-european-championships-2024	U21 Women -62kg	LIAKATA Ifigeneia	GRE	
sarajevo-u21-european-championships-2024	U21 Women -62kg	HERNANDEZ Rocio An	ESP	
sarajevo-u21-european-championships-2024	U21 Women -62kg	BANNOVA Anastasiia	AIN	
sarajevo-u21-european-championships-2024	U21 Women -62kg	POTEMKINA Alisa	AIN	
sarajevo-u21-european-championships-2024	U21 Women -62kg	REBON Ekaterina	ESP	
sarajevo-u21-european-championships-2024	U21 Women -62kg	FLEGROVA Hana	CZE	
sarajevo-u21-european-championships-2024	U21 Women -62kg	RAMALHO Ariana	POR	
sarajevo-u21-european-championships-2024	U21 Women -62kg	MESTROVIC Dora	CRO	2
sarajevo-u21-european-championships-2024	U21 Women -62kg	SARVANAKI Theopoula	GRE	
sarajevo-u21-european-championships-2024	U21 Women -62kg	RUCINSKI Viktoria	GER	
sarajevo-u21-european-championships-2024	U21 Women -62kg	KAZIMOVA Nargiz	AZE	
sarajevo-u21-european-championships-2024	U21 Women -62kg	BAHRI Elae	NOR	
sarajevo-u21-european-championships-2024	U21 Women -62kg	KOMATINA Andrea	MNE	
sarajevo-u21-european-championships-2024	U21 Women -62kg	MANGEN Lennie	LUX	
sarajevo-u21-european-championships-2024	U21 Women -62kg	ANASTASOVA Anna	UKR	
sarajevo-u21-european-championships-2024	U21 Women -62kg	ARBUZINA Leticia	ESP	
sarajevo-u21-european-championships-2024	U21 Women -62kg	MARIC Ela	SRB	3
sarajevo-u21-european-championships-2024	U21 Women -62kg	SZPAK Julia	POL	
sarajevo-u21-european-championships-2024	U21 Women -62kg	BERISAJ Andrea	MNE	
sarajevo-u21-european-championships-2024	U21 Women -62kg	ACHILLEOS Antreana	CYP	
sarajevo-u21-european-championships-2024	U21 Women -46kg	SHVARTS Olha	UKR	
sarajevo-u21-european-championships-2024	U21 Women -46kg	PAPADOPOULOU Vasil	GRE	
sarajevo-u21-european-championships-2024	U21 Women -46kg	DODIK Nika	CRO	
sarajevo-u21-european-championships-2024	U21 Women -46kg	LOPEZ Ana	ESP	
sarajevo-u21-european-championships-2024	U21 Women -46kg	GALVEZ Gema	ESP	
sarajevo-u21-european-championships-2024	U21 Women -46kg	ANGELOVA Alisa	AIN	3
sarajevo-u21-european-championships-2024	U21 Women -46kg	GALIERO Giulia	ITA	
sarajevo-u21-european-championships-2024	U21 Women -46kg	BARROSO Kiara	POR	
sarajevo-u21-european-championships-2024	U21 Women -46kg	UZUN Sarah	NED	
sarajevo-u21-european-championships-2024	U21 Women -46kg	RAMO Jenna	FIN	
sarajevo-u21-european-championships-2024	U21 Women -46kg	KRAJIC Teodora	AUT	
sarajevo-u21-european-championships-2024	U21 Women -46kg	KESGIN Tuvanna Naz	TUR	
sarajevo-u21-european-championships-2024	U21 Women -46kg	RADEVIC Anja	MNE	
sarajevo-u21-european-championships-2024	U21 Women -46kg	DIAZ Violeta	ESP	2
sarajevo-u21-european-championships-2024	U21 Women -46kg	RADEK Dora	CRO	
sarajevo-u21-european-championships-2024	U21 Women -46kg	MAKAS Ejla	BIH	
sarajevo-u21-european-championships-2024	U21 Women -46kg	GULIYEVA Salima	AZE	
sarajevo-u21-european-championships-2024	U21 Women -46kg	ISKENDER Nursena	TUR	
sarajevo-u21-european-championships-2024	U21 Women -46kg	DEMIR Aleyna	TUR	
sarajevo-u21-european-championships-2024	U21 Women -46kg	ETTELBRUCK Lilly	GER	
sarajevo-u21-european-championships-2024	U21 Women -46kg	KAMANDI Dina	GER	
sarajevo-u21-european-championships-2024	U21 Women -46kg	LIGHTFOOT Ashleigh	GBR	
sarajevo-u21-european-championships-2024	U21 Women -46kg	GEORGIOU Melina	GRE	
sarajevo-u21-european-championships-2024	U21 Women -46kg	KOSTIUK Yaryna	UKR	
sarajevo-u21-european-championships-2024	U21 Women -46kg	HASANZADE Zemfira	AZE	
sarajevo-u21-european-championships-2024	U21 Women -46kg	SALGUEIRO Patricia	POR	
sarajevo-u21-european-championships-2024	U21 Women -46kg	WROBEL Michalina	POL	
sarajevo-u21-european-championships-2024	U21 Women -46kg	KARAOGLAN Medine	GER	
sarajevo-u21-european-championships-2024	U21 Women -46kg	GURBUZ Hayrunnisa	TUR	1
sarajevo-u21-european-championships-2024	U21 Women -46kg	TAMMILA Ada-emilia	FIN	
sarajevo-u21-european-championships-2024	U21 Women -46kg	SAN Gwen	GER	
sarajevo-u21-european-championships-2024	U21 Women -46kg	MAKAS Dzejla	BIH	
sarajevo-u21-european-championships-2024	U21 Women -46kg	CHRISTOPHERSEN Car	DEN	
sarajevo-u21-european-championships-2024	U21 Women -46kg	NIKOLAJEVA Stefani	EST	
sarajevo-u21-european-championships-2024	U21 Women -46kg	YILMAZ Damla nur	TUR	
sarajevo-u21-european-championships-2024	U21 Women -46kg	BRAJOVIC Iva	SRB	
sarajevo-u21-european-championships-2024	U21 Women -46kg	ASICI Ayse	TUR	
sarajevo-u21-european-championships-2024	U21 Women -46kg	GONZALEZ Judith	ESP	
sarajevo-u21-european-championships-2024	U21 Women -46kg	PUCHKINA Evgeniia	AIN	
sarajevo-u21-european-championships-2024	U21 Women -46kg	KOKKINOU Konstantina	CYP	
sarajevo-u21-european-championships-2024	U21 Women -46kg	BUSUIOC Ingrid Gab	ROU	
sarajevo-u21-european-championships-2024	U21 Women -46kg	BERTAGNIN Elisa	ITA	3
sarajevo-u21-european-championships-2024	U21 Women -46kg	KAMINSKA Michaela	SVK	
sarajevo-u21-european-championships-2024	U21 Women -46kg	DESYLLA Olga	GRE	
arab-cup-2025	Senior Men -54kg	HAMDI Riad	KSA	
arab-cup-2025	Senior Men -54kg	ATTIF Ali	PLE	
arab-cup-2025	Senior Men -54kg	AL-LOUZI Radad	JOR	
arab-cup-2025	Senior Men -54kg	JAR Yousef	KSA	
arab-cup-2025	Senior Men -54kg	TRABELSI Amen allah	TUN	
arab-cup-2025	Senior Men -54kg	ALKHALDI Musaad ali j	KSA	
arab-cup-2025	Senior Men -54kg	ALENEZI Yahya esmail	KUW	
arab-cup-2025	Senior Men -54kg	JOUAD Majd	MAR	
arab-cup-2025	Senior Men -54kg	EZZAHERY Mohammed	MAR	
arab-cup-2025	Senior Men -54kg	HASSAN ALI Hamdan Ali	UAE	
arab-cup-2025	Senior Men -54kg	ALMUSHRAF Abdullah essa a	KSA	3
arab-cup-2025	Senior Men -54kg	AL TOOQI Nibras	OMA	2
arab-cup-2025	Senior Men -54kg	AHQAAF Ahmed	LBA	
arab-cup-2025	Senior Men -54kg	ALNWAISER Mahmoud	KSA	
arab-cup-2025	Senior Men -54kg	ALQALLAF Yousef yaqoub	KUW	
arab-cup-2025	Senior Men -54kg	ABDELFATTAH AHMED MOHAMED ABDELFATTAH Momen	EGY	
arab-cup-2025	Senior Men -54kg	ALSHAHRANI Abdulrahman abdullah m	KSA	
arab-cup-2025	Senior Men -54kg	HAMDI Kathem Nasser A	KSA	
arab-cup-2025	Senior Men -54kg	HADI Mehzea	KUW	
arab-cup-2025	Senior Men -54kg	ZOGHLAMI Mohamed amine	TUN	
arab-cup-2025	Senior Men -54kg	SHABIN Taha ali	YEM	
arab-cup-2025	Senior Men -54kg	AL-SUBAIHI Mohammed	UAE	
arab-cup-2025	Senior Men -54kg	ALSHAHRANI Hani abdullah	KSA	
arab-cup-2025	Senior Men -54kg	ALDAOUD Ja'afar	JOR	1
arab-cup-2025	Senior Men -54kg	ENDARI Fouad	SYR	
arab-cup-2025	Senior Men -54kg	ALOTAIBI Mamdouh	KSA	
arab-cup-2025	Senior Men -54kg	BEN SALEM Anas	TUN	
arab-cup-2025	Senior Men -54kg	HMIMES Saber	MAR	
arab-cup-2025	Senior Men -54kg	ALI Saifullah Saadullah	IRQ	
arab-cup-2025	Senior Men -54kg	ALDABBA Anas	PLE	
arab-cup-2025	Senior Men -54kg	HASSAN M BUHARI Muteb	KSA	
arab-cup-2025	Senior Men -54kg	DIA Mohamed	MTN	
arab-cup-2025	Senior Men -54kg	ALAJMI Salman abdulaziz	KUW	
arab-cup-2025	Senior Men -54kg	ALDHANHANI Ahmed	UAE	
arab-cup-2025	Senior Men -54kg	OMRI Abdoullah	TUN	
arab-cup-2025	Senior Men -54kg	MOHAMED Alaa Uldeen Nabil Hassa	SUD	
arab-cup-2025	Senior Men -54kg	ASWEI Ibrahim Abdulaziz Khalifa (D	LBA	
arab-cup-2025	Senior Men -54kg	ELOIRZAZI Adam	MAR	
arab-cup-2025	Senior Men -54kg	QALA Abdulmajeed mohammed t	KSA	
arab-cup-2025	Senior Men -54kg	ALHUSAMI Anas	JOR	
arab-cup-2025	Senior Men -54kg	HANIF Mohamad	UAE	
arab-cup-2025	Senior Men -54kg	IJAAJAANE Salim	SAL	
arab-cup-2025	Senior Men -54kg	ALMUTAIRI Mohammad z	KUW	
arab-cup-2025	Senior Men -54kg	AL SALMAH Rakan ali d	KSA	
arab-cup-2025	Senior Men -54kg	ASEM ATA ABU SREE' Moataz bellah	EGY	3
arab-cup-2025	Senior Men -58kg	YOUSIF Mahmoud bassam	JOR	1
arab-cup-2025	Senior Men -58kg	BINMOGHAISEEB Abdulmajeed Khaled I	KSA	
arab-cup-2025	Senior Men -58kg	ALSAMIH Fahad samih n	KSA	
arab-cup-2025	Senior Men -58kg	MOHAMED Ali	UAE	
arab-cup-2025	Senior Men -58kg	MAGDY ABDELMONEM Omar	EGY	
arab-cup-2025	Senior Men -58kg	AL HANAHI Ezzaldeen Muaadh	KSA	
arab-cup-2025	Senior Men -58kg	BIN QANN Salman Mansour B	KSA	
arab-cup-2025	Senior Men -58kg	OMAR Sultan	UAE	
arab-cup-2025	Senior Men -58kg	ABU MAHMOUD Ribal	SYR	
arab-cup-2025	Senior Men -58kg	MOHAMED SEIF EL DIN MOHAMED Seif el din	EGY	3
arab-cup-2025	Senior Men -58kg	ALLOUCHE Yassine	TUN	
arab-cup-2025	Senior Men -58kg	MAHMOUD Ribal	UAE	
arab-cup-2025	Senior Men -58kg	ALI Siyamand Hashim Ali	IRQ	
arab-cup-2025	Senior Men -58kg	ALDHAFIRI Moahmmed	KUW	
arab-cup-2025	Senior Men -58kg	NASEIB Saeed	UAE	
arab-cup-2025	Senior Men -58kg	FAHMAWY Khaled	JOR	
arab-cup-2025	Senior Men -58kg	OSAMA HUSSEIEN Mohamed	EGY	2
arab-cup-2025	Senior Men -58kg	ALKARMATI Abdulrahman khaled	UAE	
arab-cup-2025	Senior Men -58kg	ALBLLOUSHI Qassem Youssef	UAE	
arab-cup-2025	Senior Men -58kg	SHLOUL Tareq	JOR	
arab-cup-2025	Senior Men -58kg	ALENEZI Abdulaziz s a	KUW	
arab-cup-2025	Senior Men -58kg	MURAD Moayed	UAE	
arab-cup-2025	Senior Men -58kg	MUSTAFA KAMIL Arsh	IRQ	
arab-cup-2025	Senior Men -58kg	ALSHAHRANI Meshari nasser a	KSA	
arab-cup-2025	Senior Men -58kg	TRIKI Noureddine	TUN	3
arab-cup-2025	Senior Men -58kg	BUREHMA Ali	KUW	
arab-cup-2025	Senior Men -58kg	EL KHOU Eleyatt	MTN	
arab-cup-2025	Senior Men -58kg	BERROUHOU Hatim	MAR	
arab-cup-2025	Senior Men -58kg	ALMUTAIRI Muath	KSA	
arab-cup-2025	Senior Men -58kg	SAYAD Ahmed	UAE	
arab-cup-2025	Senior Men -58kg	MAJRASHI Essa	KSA	
arab-cup-2025	Senior Men -58kg	AL OMARI Ammar	JOR	
arab-cup-2025	Senior Men -63kg	YASER ISMAIL Omar	PLE	3
arab-cup-2025	Senior Men -63kg	GHLOUM Abdulla	UAE	
arab-cup-2025	Senior Men -63kg	MOHAMED OMAR SAYED Omar	EGY	
arab-cup-2025	Senior Men -63kg	AHQAF Mohamed	LBA	
arab-cup-2025	Senior Men -63kg	BASSIDI Mohammed	MAR	
arab-cup-2025	Senior Men -63kg	JENDOUBI Mohamed khalil	TUN	
arab-cup-2025	Senior Men -63kg	ABUTALEB Abdulbasit ali m	KSA	
arab-cup-2025	Senior Men -63kg	AL-AMERI Mohamed jawad	YEM	
arab-cup-2025	Senior Men -63kg	RACHID El Hammam	MAR	
arab-cup-2025	Senior Men -63kg	ALMABROUK Hamad mabrouk s	KSA	
arab-cup-2025	Senior Men -63kg	ALQADE Sulayman	LBA	
arab-cup-2025	Senior Men -63kg	ALHALAWANI Zaid	JOR	2
arab-cup-2025	Senior Men -63kg	ELSERSY Omar	EGY	
arab-cup-2025	Senior Men -63kg	ALTARYREH Mahmoud	JOR	1
arab-cup-2025	Senior Men -63kg	IKONNIKOV Egor	UAE	
arab-cup-2025	Senior Men -63kg	BOULAZZE Abderrahmane	MAR	
arab-cup-2025	Senior Men -63kg	ABDULGADER Abdulmalik mohamed	LBA	
arab-cup-2025	Senior Men -63kg	HASSAN KAMAL Yahia	EGY	
arab-cup-2025	Senior Men -63kg	ALMADAWI Mohammed ali a	KSA	
arab-cup-2025	Senior Men -63kg	ALKHAWAHR Mustafa	KSA	
arab-cup-2025	Senior Men -63kg	MOHAMMED Muath	BRN	
arab-cup-2025	Senior Men -63kg	AL-MUTAIRI Falah	KUW	
arab-cup-2025	Senior Men -63kg	ZAIRAT Bilal	MAR	
arab-cup-2025	Senior Men -63kg	MOHAMED Ahmed Mohamed Abdel	EGY	
arab-cup-2025	Senior Men -63kg	GHALI Zakariya Mohammad	KSA	3
arab-cup-2025	Senior Men -68kg	MUHAMMAD FATHY Omar	EGY	1
arab-cup-2025	Senior Men -68kg	SALAHALDIN KAREEM Ali	IRQ	
arab-cup-2025	Senior Men -68kg	OMRANI Ayoub	TUN	
arab-cup-2025	Senior Men -68kg	ALMESSMARY Hassan	UAE	
arab-cup-2025	Senior Men -68kg	ALRASHEDI Barrak	KUW	
arab-cup-2025	Senior Men -68kg	FEKI Mahdi	TUN	
arab-cup-2025	Senior Men -68kg	AL TAIFI Rayyan mohammed j	KSA	
arab-cup-2025	Senior Men -68kg	DAHIRI Mohamed amine	MAR	
arab-cup-2025	Senior Men -68kg	ABUHATAB Nouredeen	PLE	
arab-cup-2025	Senior Men -68kg	AL HARBI Mohammed	KSA	
arab-cup-2025	Senior Men -68kg	AL NASHASH Hamzeh	JOR	3
arab-cup-2025	Senior Men -68kg	IBRAHIM SHAIKH Mohammad	PLE	
arab-cup-2025	Senior Men -68kg	BAHRI Ali Reza	UAE	
arab-cup-2025	Senior Men -68kg	ABDELMONEIM Tamer	EGY	
arab-cup-2025	Senior Men -68kg	HAMDI Mohamed Aziz	TUN	
arab-cup-2025	Senior Men -68kg	VATANI Milad Javid	UAE	
arab-cup-2025	Senior Men -68kg	MESAMEH Yusuf faisal	BRN	
arab-cup-2025	Senior Men -68kg	ALENEZI Yousef salama	KUW	
arab-cup-2025	Senior Men -68kg	SAIDI Faical	MAR	
arab-cup-2025	Senior Men -68kg	AKHMIM Ayoub	MAR	
arab-cup-2025	Senior Men -68kg	M'HEIMID Remdane	MTN	
arab-cup-2025	Senior Men -68kg	ISAEV Bekhruzbek	KSA	
arab-cup-2025	Senior Men -68kg	ALENEZI Saood	KUW	
arab-cup-2025	Senior Men -68kg	MATHLOUTHI Jihed	TUN	2
arab-cup-2025	Senior Men -68kg	SHADID Abdullah	UAE	
arab-cup-2025	Senior Men -68kg	ALDOSERI Abdulla	BRN	
arab-cup-2025	Senior Men -68kg	OTHMAN Mohammad	JOR	
arab-cup-2025	Senior Men -68kg	ZIAD Diaa	PLE	
arab-cup-2025	Senior Men -68kg	RAHEEM ABBAS Baqer	IRQ	
arab-cup-2025	Senior Men -68kg	ALKHAWAHIR Ahmed	KSA	
arab-cup-2025	Senior Men -68kg	HACHIMI Lahcen	MAR	
arab-cup-2025	Senior Men -68kg	ISSAOUI Iyed	TUN	3
arab-cup-2025	Senior Men -68kg	RHARRABTY Abderrahim	UAE	
arab-cup-2025	Senior Men -68kg	MALALLAH Mohammad	KUW	
arab-cup-2025	Senior Men -68kg	DAHBANI Mohamed Yassine	MAR	
arab-cup-2025	Senior Men -68kg	MOHAMED Amr	UAE	
arab-cup-2025	Senior Men -68kg	MOHAMED HARHASH Youssuf	EGY	
arab-cup-2025	Senior Men -68kg	BUGDAEV Shakhban	KSA	
arab-cup-2025	Senior Men -74kg	ABDELLAOUI Aziz	TUN	
arab-cup-2025	Senior Men -74kg	BADR EDDINE Saidi	MAR	
arab-cup-2025	Senior Men -74kg	ALKHASHARFA Mohammad Khalil	SYR	
arab-cup-2025	Senior Men -74kg	BIN DOOKHY Hasham Bandar N	KSA	
arab-cup-2025	Senior Men -74kg	MOHAMED MAHMOUD Frass	EGY	
arab-cup-2025	Senior Men -74kg	ELALAOUI Mohtaram	UAE	
arab-cup-2025	Senior Men -74kg	IBRAHIM Ahmed Yasser Fathy	EGY	2
arab-cup-2025	Senior Men -74kg	ALOJAIMAN Ojaiman	KUW	
arab-cup-2025	Senior Men -74kg	ALAJMI Abdulaziz	KUW	
arab-cup-2025	Senior Men -74kg	BAHLOOOL Ahmad	PLE	3
arab-cup-2025	Senior Men -74kg	ALI Faisal Saad S	KSA	
arab-cup-2025	Senior Men -74kg	NOURICHAFI Fadl-allah	MAR	
arab-cup-2025	Senior Men -74kg	MOHAMED YASSINE Salim	MAR	
arab-cup-2025	Senior Men -74kg	AMEER Yousif	KUW	
arab-cup-2025	Senior Men -74kg	ZADEH Iman	UAE	
arab-cup-2025	Senior Men -74kg	HAMOUDA Nafti	TUN	
arab-cup-2025	Senior Men -74kg	SAMEH SHABAN Saif El Din	EGY	
arab-cup-2025	Senior Men -74kg	AL QARNI Abdullah Mustafa A	KSA	
arab-cup-2025	Senior Men -74kg	SASSY Yassin	UAE	
arab-cup-2025	Senior Men -74kg	TOUMI Mohamed Yassine	TUN	
arab-cup-2025	Senior Men -74kg	KAREEM Zaid	JOR	1
arab-cup-2025	Senior Men -74kg	EL-ALAMI-SAIDI Rachid	MAR	
arab-cup-2025	Senior Men -74kg	ALAGHA Rakan	KSA	
arab-cup-2025	Senior Men -74kg	BUTI Abdulwahab emad	KUW	
arab-cup-2025	Senior Men -74kg	JUMA Ahmed Sherif Mohamed Saf.	EGY	3
arab-cup-2025	Senior Men -74kg	TAYAA Abdessamad	MAR	
arab-cup-2025	Senior Men -74kg	HASAN Ali	UAE	
arab-cup-2025	Senior Men -74kg	ASHOUR Mahde	KUW	
arab-cup-2025	Senior Men -74kg	HAMMOUDA Mostafa mahmoud saif	UAE	
arab-cup-2025	Senior Men -74kg	BOUJEMAI Fares	TUN	
arab-cup-2025	Senior Men -74kg	ABDULREHEEM Fawaz	KUW	
arab-cup-2025	Senior Men -74kg	F. A. ABDELRAZEQ Fahid	PLE	
arab-cup-2025	Senior Men -80kg	KATOUSI Firas	TUN	1
arab-cup-2025	Senior Men -80kg	ABU HDEEB Baha'	JOR	
arab-cup-2025	Senior Men -80kg	ALENEZI Omar	KUW	
arab-cup-2025	Senior Men -80kg	ALSOWAIQ Mohammed	KSA	
arab-cup-2025	Senior Men -80kg	ABDELAZIZ Saud	UAE	
arab-cup-2025	Senior Men -80kg	ZARHOUTI Haitam	MAR	3
arab-cup-2025	Senior Men -80kg	ELSHEIKH Adham	EGY	
arab-cup-2025	Senior Men -80kg	BEN ELBACARIA Ahmed	MAR	
arab-cup-2025	Senior Men -80kg	ALRAMMAHI Saif Taher Habeeb	IRQ	
arab-cup-2025	Senior Men -80kg	RAYAN Begad Walid	UAE	
arab-cup-2025	Senior Men -80kg	AOUNI Jasser	KSA	
arab-cup-2025	Senior Men -80kg	AL-MUTAIRI Meshal	KUW	
arab-cup-2025	Senior Men -80kg	SAED Alhareth	BRN	
arab-cup-2025	Senior Men -80kg	ALENEZI Bandar	KUW	
arab-cup-2025	Senior Men -80kg	AMIR HASSAN Armin	UAE	
arab-cup-2025	Senior Men -80kg	BENHASSINE Mohamed leith	TUN	3
arab-cup-2025	Senior Men -80kg	ALADARBI Mohammad	JOR	2
arab-cup-2025	Senior Men -80kg	ALMUTAIRI Sulatan m kh	KUW	
arab-cup-2025	Senior Men -80kg	HOSSAM ELDEIN Hazem	EGY	
arab-cup-2025	Senior Men -80kg	HAMEDI Tareg	KSA	
arab-cup-2025	Senior Men -80kg	SAIDAWI Hasan	SYR	
arab-cup-2025	Senior Men -87kg	IBRAHIM Mohamed Tarek Mohamed Ot.	EGY	
arab-cup-2025	Senior Men -87kg	ABDELRAHMAN Mohamed abousedira shaker	UAE	
arab-cup-2025	Senior Men -87kg	IFAOUI Motaz	TUN	3
arab-cup-2025	Senior Men -87kg	IBRAHIM Mohammad	KUW	
arab-cup-2025	Senior Men -87kg	ELSHARABATY Saleh	JOR	2
arab-cup-2025	Senior Men -87kg	ELASBI Soufiane	MAR	
arab-cup-2025	Senior Men -87kg	ALHERAIS Bader l s l	KUW	
arab-cup-2025	Senior Men -87kg	HUSSEIN Jaber Mohamad	UAE	
arab-cup-2025	Senior Men -87kg	JAMAZI Mohamed	TUN	
arab-cup-2025	Senior Men -87kg	ALKANDARI Yahyah	KUW	
arab-cup-2025	Senior Men -87kg	RAWY Ahmad	EGY	1
arab-cup-2025	Senior Men -87kg	ALASSALI Llies	UAE	
arab-cup-2025	Senior Men -87kg	ABOU DARGHAM Adam	LBN	
arab-cup-2025	Senior Men -87kg	MOHAMED MAHMOUD Abdullah	UAE	
arab-cup-2025	Senior Men -87kg	SHUKUR Shukur Mahmood	IRQ	
arab-cup-2025	Senior Men -87kg	ALMABROUK Ali Mabrouk S	KSA	3
arab-cup-2025	Senior Men +87kg	ESSAM MOHIUDDIN Abdullah	EGY	1
arab-cup-2025	Senior Men +87kg	SHATNAWE Abdallah	JOR	
arab-cup-2025	Senior Men +87kg	HASAN Ali hameed	KUW	
arab-cup-2025	Senior Men +87kg	ALATWAN Jaber	KUW	
arab-cup-2025	Senior Men +87kg	WAHDAN Youssef Mohamed Ahmed Ha.	EGY	
arab-cup-2025	Senior Men +87kg	ALSALEM Majed mohammed b	KSA	3
arab-cup-2025	Senior Men +87kg	HARBI Anis	TUN	
arab-cup-2025	Senior Men +87kg	SBEIHI Fahed	JOR	
arab-cup-2025	Senior Men +87kg	ALY Mohamed	EGY	
arab-cup-2025	Senior Men +87kg	ALDOSERI Abdulaziz	BRN	
arab-cup-2025	Senior Men +87kg	ZAKARIA Khouyyar	MAR	2
arab-cup-2025	Senior Men +87kg	ALSAAD Muslim	UAE	
arab-cup-2025	Senior Men +87kg	ZAKARIYA Abdulmohsen	KUW	3
arab-cup-2025	Senior Men +87kg	AMR MOHARRAM MENESSI Marw	EGY	
arab-cup-2025	Senior Women -46kg	ALSHARIF Taiba khalid y	KSA	
arab-cup-2025	Senior Women -46kg	KHALED ABD ELMONEM HAMAM Rodina	EGY	
arab-cup-2025	Senior Women -46kg	AHMED Hala	UAE	
arab-cup-2025	Senior Women -46kg	TOUZANI Farah	MAR	1
arab-cup-2025	Senior Women -46kg	ALMAIMANI Nuha gasem a	KSA	
arab-cup-2025	Senior Women -46kg	MERYEM Chabba	MAR	
arab-cup-2025	Senior Women -46kg	BADWAN Zaina	JOR	
arab-cup-2025	Senior Women -46kg	MOHAMMAD Soher	SYR	
arab-cup-2025	Senior Women -46kg	ALDARDOOK Nour	JOR	3
arab-cup-2025	Senior Women -46kg	MOHAMED Noor	BRN	
arab-cup-2025	Senior Women -46kg	SHAMI Leena	KSA	
arab-cup-2025	Senior Women -46kg	RASHED Malak	UAE	
arab-cup-2025	Senior Women -46kg	ALSHAMMARI Sahaf Matar A	KSA	
arab-cup-2025	Senior Women -46kg	ELZANATY Mariam	EGY	
arab-cup-2025	Senior Women -46kg	BINTHANI Yara	BRN	
arab-cup-2025	Senior Women -46kg	HASSAN Shama	UAE	
arab-cup-2025	Senior Women -46kg	AL WERAIKI Sali mansoor hussein	KSA	
arab-cup-2025	Senior Women -46kg	AL-HINAI Umaima harib	OMA	
arab-cup-2025	Senior Women -46kg	MAHJOUB Asma	TUN	
arab-cup-2025	Senior Women -46kg	HRAIRAT Raneem	JOR	
arab-cup-2025	Senior Women -46kg	ALKHAWAHR Rahmah abdulmanam a	KSA	3
arab-cup-2025	Senior Women -46kg	SAIGHI Lyamna	ALG	2
arab-cup-2025	Senior Women -46kg	RAMY MOHAMED Salma	EGY	
arab-cup-2025	Senior Women -46kg	FATIMA Bensaid	MAR	
arab-cup-2025	Senior Women -46kg	SAAD MOHAMMED Shahd	KSA	
arab-cup-2025	Senior Women -46kg	YAHYAEI Sama	BRN	
arab-cup-2025	Senior Women -46kg	ALYAMANI Thimar mohammed a	KSA	
arab-cup-2025	Senior Women -46kg	HAMZEH Layan	JOR	
arab-cup-2025	Senior Women -49kg	A. SH. SALEH Abrar	PLE	
arab-cup-2025	Senior Women -49kg	HOSSAM Malak	EGY	
arab-cup-2025	Senior Women -49kg	KAZIM Fatimah	KSA	
arab-cup-2025	Senior Women -49kg	ELAASAL Nezha	MAR	3
arab-cup-2025	Senior Women -49kg	MOHAMMED Mariam	UAE	
arab-cup-2025	Senior Women -49kg	DAD ALLAH Sara	UAE	
arab-cup-2025	Senior Women -49kg	BEKKOUR Lamiae	MAR	
arab-cup-2025	Senior Women -49kg	ZOGHBI Aicha	TUN	1
arab-cup-2025	Senior Women -49kg	ALSALAH Fatimah	KSA	
arab-cup-2025	Senior Women -49kg	MOSTAFA ABDALLAH AMMAR Habiba	EGY	2
arab-cup-2025	Senior Women -49kg	ALSHAMMARI Rahaf matar abdulhadi	KSA	
arab-cup-2025	Senior Women -49kg	RASHED SAED Hessa	UAE	
arab-cup-2025	Senior Women -49kg	ISAM AZEEZ Fatimah	IRQ	
arab-cup-2025	Senior Women -49kg	ALI Hawraa abdullah	KUW	
arab-cup-2025	Senior Women -49kg	OBAID SALMEIN Mozah	UAE	
arab-cup-2025	Senior Women -49kg	MARIEME Nia	MAR	
arab-cup-2025	Senior Women -49kg	EL ENDARI Dana	LBN	3
arab-cup-2025	Senior Women -49kg	ALJABUR Shahad	KSA	
arab-cup-2025	Senior Women -49kg	KALAWADH Fatema	BRN	
arab-cup-2025	Senior Women -53kg	ABUTALEB Dunya ali m	KSA	1
arab-cup-2025	Senior Women -53kg	DHAHRI Ikram	TUN	
arab-cup-2025	Senior Women -53kg	HADROOS Reem	RTA	
arab-cup-2025	Senior Women -53kg	WAEL EMERAH Habiba	EGY	
arab-cup-2025	Senior Women -53kg	FARAJ Yaqin	PLE	3
arab-cup-2025	Senior Women -53kg	MOHAMMED Farah	BRN	
arab-cup-2025	Senior Women -53kg	MATTAR Carla	UAE	
arab-cup-2025	Senior Women -53kg	M ALASSAF Amnah Mohammed	KSA	
arab-cup-2025	Senior Women -53kg	AWLMOHAMMED Rozhgar ali	IRQ	
arab-cup-2025	Senior Women -53kg	ALSHUROOQI Hanan	BRN	
arab-cup-2025	Senior Women -53kg	ENNAMS Meryem	MAR	3
arab-cup-2025	Senior Women -53kg	AHMED Lojain	KSA	
arab-cup-2025	Senior Women -53kg	AHMAD Shams	SYR	
arab-cup-2025	Senior Women -53kg	EISA Fatmah	UAE	
arab-cup-2025	Senior Women -53kg	BEN AOUN Ouhoud	TUN	
arab-cup-2025	Senior Women -53kg	KHATTAB Jana	EGY	2
arab-cup-2025	Senior Women -57kg	TOUMI Chaima	TUN	1
arab-cup-2025	Senior Women -57kg	RABAYYA Maha	UAE	
arab-cup-2025	Senior Women -57kg	AHMED Basma	EGY	
arab-cup-2025	Senior Women -57kg	ZAYTOUN Leila	QAT	
arab-cup-2025	Senior Women -57kg	MOHAMED AMIN Malak	EGY	3
arab-cup-2025	Senior Women -57kg	SAMY ELHOSSEINY Shahd	EGY	3
arab-cup-2025	Senior Women -57kg	A. M. AMMAR Joweil	PLE	
arab-cup-2025	Senior Women -57kg	KHIRFAN Fadia	JOR	
arab-cup-2025	Senior Women -57kg	MERIEME Khoulal	MAR	2
arab-cup-2025	Senior Women -57kg	ASHRAF MOHAMED AHMED HAMDAN Lougina	EGY	
arab-cup-2025	Senior Women -62kg	MSADDEK Yasmin	QAT	3
arab-cup-2025	Senior Women -62kg	IDRISSI Assia	MAR	
arab-cup-2025	Senior Women -62kg	SABIR Dounia	KSA	
arab-cup-2025	Senior Women -62kg	GHULAM Tanver Khanum	UAE	
arab-cup-2025	Senior Women -62kg	AYARI Nisrin	KSA	2
arab-cup-2025	Senior Women -62kg	ALKETBI Asayel	UAE	
arab-cup-2025	Senior Women -62kg	WAFA Masghouni	TUN	1
arab-cup-2025	Senior Women -62kg	SALIM Israa Azad	IRQ	
arab-cup-2025	Senior Women -62kg	ALAMERI Shahad a	KUW	3
arab-cup-2025	Senior Women -62kg	ALSHAMMARI Mays Matar Abdulhadi	KSA	
arab-cup-2025	Senior Women -67kg	SHEHATA Aya	EGY	1
arab-cup-2025	Senior Women -67kg	FATNASSI Maram	QAT	
arab-cup-2025	Senior Women -67kg	TAHA Batool	KSA	
arab-cup-2025	Senior Women -67kg	SALEM Maryam	UAE	
arab-cup-2025	Senior Women -67kg	EL ATRI Wafae	MAR	3
arab-cup-2025	Senior Women -67kg	BOUZAIENE Maryam	UAE	
arab-cup-2025	Senior Women -67kg	TARIK A BANGASH Lamar	KSA	3
arab-cup-2025	Senior Women -67kg	JALLAB Sara	BRN	
arab-cup-2025	Senior Women -67kg	ALRAWASHDEH Razan mohammed	JOR	2
arab-cup-2025	Senior Women -67kg	KHALED HUSSEIN MAHMOUD Shahd	EGY	
arab-cup-2025	Senior Women -73kg	FOUAD ELSAYED FARAG HUSSEIN Basant	EGY	3
arab-cup-2025	Senior Women -73kg	HIBA Abbaoui	MAR	
arab-cup-2025	Senior Women -73kg	RADWAN Malak Hesham Gamal	EGY	2
arab-cup-2025	Senior Women -73kg	ABO-ALRUB Rama	JOR	1
arab-cup-2025	Senior Women -73kg	KABARAH Faeqah	KSA	
arab-cup-2025	Senior Women -73kg	HASSAN AHMED HASSAN ALI FELFEL Ola	EGY	3
arab-cup-2025	Senior Women +73kg	MOHAMMED Noor nazar	QAT	3
arab-cup-2025	Senior Women +73kg	ALKETBI Salma	UAE	
arab-cup-2025	Senior Women +73kg	LAMDARDAR Khadija	MAR	1
arab-cup-2025	Senior Women +73kg	ABDELELAZIM Yaraa Shraf	UAE	
arab-cup-2025	Senior Women +73kg	GWAILY Janna	EGY	2
arab-cup-2025	Senior Women +73kg	FARAH El Majidi	MAR	
arab-cup-2025	Senior Women +73kg	SAMER ELSAYED Nour	EGY	3
arab-cup-2025	Senior Women +73kg	IBRAHIM Alyaa	UAE	
albania-open-2025	Senior Men -54kg	KHUDAYBERDIEV Jakhongir	UZB	1
albania-open-2025	Senior Men -54kg	MUTLAQ Suaod	KUW	
albania-open-2025	Senior Men -54kg	ZACCONE Francesco	ITA	
albania-open-2025	Senior Men -54kg	GRAZIOSI Gianluca	ITA	3
albania-open-2025	Senior Men -54kg	COSTARELLI Enea	ITA	
albania-open-2025	Senior Men -54kg	OTERO SOUSA Javier	ESP	2
albania-open-2025	Senior Men -54kg	BOULAHRAJANE Othmane	ITA	
albania-open-2025	Senior Men -54kg	FONTINHA Andre	POR	
albania-open-2025	Senior Men -54kg	SALVATORI Mattia	ITA	
albania-open-2025	Senior Men -54kg	TURKALJ Luka	CRO	3
albania-open-2025	Senior Men -58kg	MANENKOV Maksym	UKR	
albania-open-2025	Senior Men -58kg	PATAN Semih	KOS	
albania-open-2025	Senior Men -58kg	PRASSAS Anargyros	GRE	
albania-open-2025	Senior Men -58kg	REALE Marco	ITA	
albania-open-2025	Senior Men -58kg	VIVES SAEZ Isaac	ESP	2
albania-open-2025	Senior Men -58kg	ALESIO Sebastien	FRA	
albania-open-2025	Senior Men -58kg	MALIAKAS Charilaos	GRE	
albania-open-2025	Senior Men -58kg	SCALIA Christian	ITA	
albania-open-2025	Senior Men -58kg	OTAJONOV Omonjon	UZB	3
albania-open-2025	Senior Men -58kg	MANSUROV Kamronbek	UZB	
albania-open-2025	Senior Men -58kg	VARSOS Panagiotis	GRE	
albania-open-2025	Senior Men -58kg	MERGANBAY Abylaikhan	KAZ	
albania-open-2025	Senior Men -58kg	DEL VECCHIO Teodoro	ITA	3
albania-open-2025	Senior Men -58kg	TORRE Elia	ITA	
albania-open-2025	Senior Men -58kg	CIRIVELLO Gaetano	ITA	
albania-open-2025	Senior Men -58kg	COLAPINTO Michele	ITA	
albania-open-2025	Senior Men -58kg	DIMITROPOULOS Konstantinos	GRE	1
albania-open-2025	Senior Men -63kg	YASER ISMAIL Omar	PLE	1
albania-open-2025	Senior Men -63kg	ZISIS Vasileios	GRE	
albania-open-2025	Senior Men -63kg	PAGLIARA Matteo	ITA	
albania-open-2025	Senior Men -63kg	VISINSKI Patrik	CRO	
albania-open-2025	Senior Men -63kg	LUCERNA Luca	ITA	
albania-open-2025	Senior Men -63kg	SANTINELLI Christian	ITA	
albania-open-2025	Senior Men -63kg	KURBANOV Shamsiddin	UZB	3
albania-open-2025	Senior Men -63kg	ULUCAY Can	GER	
albania-open-2025	Senior Men -63kg	LO PINTO Daniel	ITA	
albania-open-2025	Senior Men -63kg	FLEGAR Jan	CRO	3
albania-open-2025	Senior Men -63kg	KALPOUZANIS Dimitrios	GRE	
albania-open-2025	Senior Men -63kg	TOGYZBAYEV Konysbek	KAZ	
albania-open-2025	Senior Men -63kg	SPRECA Tommaso	ITA	
albania-open-2025	Senior Men -63kg	HORVATH Matej	SVK	
albania-open-2025	Senior Men -63kg	MERDANAJ Ernest	ALB	
albania-open-2025	Senior Men -63kg	GERARDIS Georgios	GRE	
albania-open-2025	Senior Men -63kg	ANTEQUERA MOLINA Aaron	ESP	
albania-open-2025	Senior Men -63kg	CONTINO Daniele	ITA	
albania-open-2025	Senior Men -63kg	NAZAROV Nazarali	UZB	2
albania-open-2025	Senior Men -68kg	ALHALAWANI Zaid	JOR	
albania-open-2025	Senior Men -68kg	FRGOLEC Damien Pavel	SVK	
albania-open-2025	Senior Men -68kg	ANDREOLI Gabriele	ITA	
albania-open-2025	Senior Men -68kg	KAMAGIANNIS Ioannis Aris	GRE	
albania-open-2025	Senior Men -68kg	ZIAD Diaa	PLE	3
albania-open-2025	Senior Men -68kg	VAN VULPEN Jesse	NED	
albania-open-2025	Senior Men -68kg	WITTEK Lorenz	AUT	
albania-open-2025	Senior Men -68kg	AGUSHI Elion	KOS	
albania-open-2025	Senior Men -68kg	RZAGALY Rauan	KAZ	
albania-open-2025	Senior Men -68kg	CEKOV David	MKD	
albania-open-2025	Senior Men -68kg	PANAGOPOULOS Apostolos	GRE	2
albania-open-2025	Senior Men -68kg	TUKHLIBOEV Diyorbek	UZB	1
albania-open-2025	Senior Men -68kg	ANGELOV Luka	MKD	
albania-open-2025	Senior Men -68kg	DE FAZIO Antonios	GRE	
albania-open-2025	Senior Men -68kg	ABUHATAB Nouredeen	PLE	
albania-open-2025	Senior Men -68kg	CUCCINIELLO Domenico	ITA	
albania-open-2025	Senior Men -68kg	OZDEMIR Eren	TUR	
albania-open-2025	Senior Men -68kg	SPRECA Andrea	ITA	
albania-open-2025	Senior Men -68kg	BOUGAS Alexios	GRE	
albania-open-2025	Senior Men -68kg	KENZHEBEK Abyl	KAZ	
albania-open-2025	Senior Men -68kg	META Yllmir	KOS	
albania-open-2025	Senior Men -68kg	SALANOVA LISTE Adrian	ESP	3
albania-open-2025	Senior Men -74kg	KOSIMKHOJIEV Najmiddin	UZB	1
albania-open-2025	Senior Men -74kg	FRGOLEC Miroslav	SVK	
albania-open-2025	Senior Men -74kg	GIANNOU Efstratios	GRE	
albania-open-2025	Senior Men -74kg	RAJABOV Islombek	UZB	3
albania-open-2025	Senior Men -74kg	ROSATO Thomas	ITA	
albania-open-2025	Senior Men -74kg	TSOLAS Themistoklis	GRE	3
albania-open-2025	Senior Men -74kg	BIRIMBAY Eldar	KAZ	
albania-open-2025	Senior Men -74kg	GASHI Jon	KOS	
albania-open-2025	Senior Men -74kg	RASSULIULY Dinmukhanbed	KAZ	
albania-open-2025	Senior Men -74kg	JAC Sabin Vasile	ITA	
albania-open-2025	Senior Men -74kg	FLOUSKOUNIS Charalampos	GRE	2
albania-open-2025	Senior Men -80kg	JAYSUNOV Jasurbek	UZB	1
albania-open-2025	Senior Men -80kg	ORYNGALI Daulet	KAZ	
albania-open-2025	Senior Men -80kg	GUGLIOTTA Luca	ITA	
albania-open-2025	Senior Men -80kg	CAPUTO Giuseppe	ITA	
albania-open-2025	Senior Men -80kg	ILIADIS Dimitrios	GRE	
albania-open-2025	Senior Men -80kg	NIKOLIC Matej	CRO	3
albania-open-2025	Senior Men -80kg	GANIYEV Mergen	KAZ	2
albania-open-2025	Senior Men -80kg	URSELLI Mattia Vittorio	ITA	
albania-open-2025	Senior Men -80kg	ABOUT Emir	FRA	
albania-open-2025	Senior Men -80kg	FEGATILLI Luigi	ITA	
albania-open-2025	Senior Men -80kg	ZHURABOEV Yodgorbek	UZB	
albania-open-2025	Senior Men -80kg	PAPADOPOULOS Ioannis	GRE	3
albania-open-2025	Senior Men -87kg	SALAEV Shukhrat	UZB	1
albania-open-2025	Senior Men -87kg	POCZOBUTT ODLANICKI Cezary	MLT	
albania-open-2025	Senior Men -87kg	ZOUROS KARDATOS Konstantinos	GRE	
albania-open-2025	Senior Men -87kg	KRPAN Vito	CRO	3
albania-open-2025	Senior Men -87kg	ELSHARABATY Saleh	JOR	3
albania-open-2025	Senior Men -87kg	SALAMA Diaa	PLE	
albania-open-2025	Senior Men -87kg	VEDIE Florian	FRA	
albania-open-2025	Senior Men -87kg	THOLIOTIS Vasileios	GRE	2
albania-open-2025	Senior Men +87kg	MAVLONOV Marat	UZB	1
albania-open-2025	Senior Men +87kg	SADEK Anas	JOR	
albania-open-2025	Senior Men +87kg	NASO Marco	ITA	
albania-open-2025	Senior Men +87kg	BOZIC Pasko	CRO	3
albania-open-2025	Senior Men +87kg	TELIKOSTOGLOU Apostolos	GRE	
albania-open-2025	Senior Men +87kg	DEMIRCIOGLU Huseyin berat	TUR	3
albania-open-2025	Senior Men +87kg	KARIMBOEV Shokhjakhon	UZB	
albania-open-2025	Senior Men +87kg	BADAROVSKI Gorjan	MKD	
albania-open-2025	Senior Men +87kg	MICHOPOULOS Sotirios	GRE	2
albania-open-2025	Senior Women -46kg	GEORGIOU Melina	GRE	2
albania-open-2025	Senior Women -46kg	KAMINSKA Michaela	SVK	
albania-open-2025	Senior Women -46kg	DI MAIO Asia Andrea	ITA	
albania-open-2025	Senior Women -46kg	BEMBI Rosa	ITA	
albania-open-2025	Senior Women -46kg	MYTILINIOU Magdalini Maria	GRE	3
albania-open-2025	Senior Women -46kg	STURARI Alessia	ITA	
albania-open-2025	Senior Women -46kg	QABAHA Maiar	PLE	3
albania-open-2025	Senior Women -46kg	BIBERLE Maja lejla	AUT	
albania-open-2025	Senior Women -46kg	PAPADOPOULOU Vasiliki	GRE	
albania-open-2025	Senior Women -46kg	GALIERO Giulia	ITA	1
albania-open-2025	Senior Women -49kg	KHASANOVA Laylo	UZB	1
albania-open-2025	Senior Women -49kg	FERREIRA Matilde	POR	
albania-open-2025	Senior Women -49kg	TASOLUK Ikra nur	TUR	3
albania-open-2025	Senior Women -49kg	KARYDI Melina	GRE	3
albania-open-2025	Senior Women -49kg	BOUROGIANNI Konstantina eleni	GRE	2
albania-open-2025	Senior Women -53kg	AL HALWANI Sarah	ITA	
albania-open-2025	Senior Women -53kg	COLUCCI Gaia	ITA	
albania-open-2025	Senior Women -53kg	MAKRYGIANNI Athina	GRE	1
albania-open-2025	Senior Women -53kg	GENNARELLI Federica	ITA	
albania-open-2025	Senior Women -53kg	ALBU Alessia	ITA	
albania-open-2025	Senior Women -53kg	FARAJ Yaqin	PLE	
albania-open-2025	Senior Women -53kg	DE FAZIO Ioanna	GRE	
albania-open-2025	Senior Women -53kg	MELOTTI Giulia	ITA	
albania-open-2025	Senior Women -53kg	DESYLLA Ioanna - stavroula	GRE	
albania-open-2025	Senior Women -53kg	PAGANI Iris vasiliki	GRE	3
albania-open-2025	Senior Women -53kg	MAYER Leonie	GER	
albania-open-2025	Senior Women -53kg	DI NICOLA Alice	ITA	
albania-open-2025	Senior Women -53kg	LALLOU Paraskevi Oraia	GRE	
albania-open-2025	Senior Women -53kg	KARIMI Nuria	AUT	
albania-open-2025	Senior Women -53kg	PERNISCHOVA Simona	SVK	2
albania-open-2025	Senior Women -53kg	MERGEMBAYEVA Perizat	KAZ	
albania-open-2025	Senior Women -53kg	PAPAIOANNOU Konstantina	GRE	
albania-open-2025	Senior Women -53kg	BAUYRZHANOVA Nuray	KAZ	3
albania-open-2025	Senior Women -53kg	STEFANOU Aikaterini	GRE	
albania-open-2025	Senior Women -53kg	AL HALWANI Elisa	ITA	
albania-open-2025	Senior Women -57kg	KARABATIC Nika	CRO	3
albania-open-2025	Senior Women -57kg	GARGIULO Regina	ITA	
albania-open-2025	Senior Women -57kg	VAN PASSEL Amelie	BEL	
albania-open-2025	Senior Women -57kg	GUAITA Greta	ITA	
albania-open-2025	Senior Women -57kg	TZELI Fani	GRE	2
albania-open-2025	Senior Women -57kg	KANAT Almira	KAZ	
albania-open-2025	Senior Women -57kg	GASHI Rona	KOS	
albania-open-2025	Senior Women -57kg	REPOULIA Athanasia	GRE	3
albania-open-2025	Senior Women -57kg	LUCERNA Marta	ITA	
albania-open-2025	Senior Women -57kg	PAPAIOANNOU Ioanna Maria	GRE	
albania-open-2025	Senior Women -57kg	MIRABZALOVA Madina	UZB	1
albania-open-2025	Senior Women -62kg	MESTROVIC Dora	CRO	1
albania-open-2025	Senior Women -62kg	KRIATSIOTI Anna maria	GRE	
albania-open-2025	Senior Women -62kg	CALVARA Greta	ITA	
albania-open-2025	Senior Women -62kg	KHAYITOVA Sevinch	UZB	3
albania-open-2025	Senior Women -62kg	TRIPI Emanuela	ITA	
albania-open-2025	Senior Women -62kg	AIMUKASHEVA Kamila	KAZ	
albania-open-2025	Senior Women -62kg	SECANELL CHARLES Elsa	ESP	3
albania-open-2025	Senior Women -62kg	MANGIONE Anthea	ITA	
albania-open-2025	Senior Women -62kg	AZIZOVA Diyorakhon	UZB	
albania-open-2025	Senior Women -62kg	SARVANAKI Theopoula	GRE	
albania-open-2025	Senior Women -62kg	PACACCIO Antonia	ITA	
albania-open-2025	Senior Women -62kg	RELJIKJ Miljana	MKD	2
albania-open-2025	Senior Women -67kg	MARENTAKI Styliani	GRE	2
albania-open-2025	Senior Women -67kg	ANTONATOU Ioanna	GRE	
albania-open-2025	Senior Women -67kg	MAGGIORE Giulia	ITA	
albania-open-2025	Senior Women -67kg	BERISAJ Andrea	MNE	3
albania-open-2025	Senior Women -67kg	JELIC Matea	CRO	3
albania-open-2025	Senior Women -67kg	ALAIMO Alessandra	ITA	
albania-open-2025	Senior Women -67kg	NTE REKE MOURKOUSI Nefeli	GRE	
albania-open-2025	Senior Women -67kg	SOBIRJONOVA Ozoda	UZB	1
albania-open-2025	Senior Women -73kg	MURRAY Rebecca	AUS	3
albania-open-2025	Senior Women -73kg	NEDIC Marlen sophie	GER	
albania-open-2025	Senior Women -73kg	POLE Doris	CRO	1
albania-open-2025	Senior Women -73kg	FERNANDEZ INSA Julia	ESP	2
albania-open-2025	Senior Women -73kg	BAKLESI Vasiliki	GRE	
albania-open-2025	Senior Women -73kg	BOCCADAMO Alexandra	ITA	
albania-open-2025	Senior Women -73kg	NTOVA Eirini	GRE	3
albania-open-2025	Senior Women +73kg	OSIPOVA Svetlana	UZB	1
albania-open-2025	Senior Women +73kg	TSONTAKI Maria	GRE	
albania-open-2025	Senior Women +73kg	PASTOR RODRIGUEZ Ainhoa	ESP	3
albania-open-2025	Senior Women +73kg	KITSIOU Agoritsa artemia	GRE	2
albania-open-2025	Senior Women +73kg	AKBULAK Esra	TUR	3
prishtina-u21-european-championships-2025	U21 Women -46kg	MAKAS Ejla	BIH	
prishtina-u21-european-championships-2025	U21 Women -46kg	CRISCUOLO Anna	ITA	
prishtina-u21-european-championships-2025	U21 Women -46kg	PRPIC Sara	CRO	
prishtina-u21-european-championships-2025	U21 Women -46kg	ANGELOVA Alisa	AIN	1
prishtina-u21-european-championships-2025	U21 Women -46kg	PAPADOPOULOU Vasiliki	GRE	
prishtina-u21-european-championships-2025	U21 Women -46kg	KAMIS Azra Naz	TUR	
prishtina-u21-european-championships-2025	U21 Women -46kg	RODRIGUEZ TOLEDO Adriana	ESP	
prishtina-u21-european-championships-2025	U21 Women -46kg	UZUN Sarah	NED	
prishtina-u21-european-championships-2025	U21 Women -46kg	BUSUIOC Ingrid Gabriela	ROU	
prishtina-u21-european-championships-2025	U21 Women -46kg	DODIK Nika	CRO	
prishtina-u21-european-championships-2025	U21 Women -46kg	SENER Ezgi	TUR	
prishtina-u21-european-championships-2025	U21 Women -46kg	FERNANDEZ LOPEZ Oihane	ESP	
prishtina-u21-european-championships-2025	U21 Women -46kg	BERTAGNIN Elisa	ITA	3
prishtina-u21-european-championships-2025	U21 Women -46kg	KIRTSELIS Aina	FIN	
prishtina-u21-european-championships-2025	U21 Women -46kg	YILMAZ Damla nur	TUR	
prishtina-u21-european-championships-2025	U21 Women -46kg	PAVLOVA Ekaterina	AIN	
prishtina-u21-european-championships-2025	U21 Women -46kg	FIDALGO Iara	POR	
prishtina-u21-european-championships-2025	U21 Women -46kg	TSITAKI Ioanna	GRE	
prishtina-u21-european-championships-2025	U21 Women -46kg	SETTA Sara tarik abu	DEN	
prishtina-u21-european-championships-2025	U21 Women -46kg	RADEVIC Anja	MNE	
prishtina-u21-european-championships-2025	U21 Women -46kg	CERCI Irmak	TUR	
prishtina-u21-european-championships-2025	U21 Women -46kg	NIKOLAJEVA Stefani	EST	
prishtina-u21-european-championships-2025	U21 Women -46kg	TAMMILA Ada-Emilia	FIN	
prishtina-u21-european-championships-2025	U21 Women -46kg	CICEK Zeynep	TUR	
prishtina-u21-european-championships-2025	U21 Women -46kg	ORUM Sila	TUR	
prishtina-u21-european-championships-2025	U21 Women -46kg	MARCHAN MARTINEZ DE ANTONANA Izaro	ESP	
prishtina-u21-european-championships-2025	U21 Women -46kg	BULAT Veronika	UKR	
prishtina-u21-european-championships-2025	U21 Women -46kg	GALIERO Giulia	ITA	2
prishtina-u21-european-championships-2025	U21 Women -46kg	HINIC Sofija	CRO	3
prishtina-u21-european-championships-2025	U21 Women -46kg	CHMILEVSKY Lihi	ISR	
prishtina-u21-european-championships-2025	U21 Women -46kg	TATARINTSEVA Viktoriia	AIN	
prishtina-u21-european-championships-2025	U21 Women -46kg	GEORGIOU Melina	GRE	
prishtina-u21-european-championships-2025	U21 Women -46kg	LIU Alyssa	AUT	
prishtina-u21-european-championships-2025	U21 Women -46kg	SALGUEIRO Patricia	POR	
prishtina-u21-european-championships-2025	U21 Women -46kg	QUINONERO MEDINA Nuria	ESP	
prishtina-u21-european-championships-2025	U21 Women -46kg	KAMINSKA Michaela	SVK	
prishtina-u21-european-championships-2025	U21 Women -46kg	PEEVA Deya	BUL	
prishtina-u21-european-championships-2025	U21 Women +73kg	VROEGH Nielle	NED	
prishtina-u21-european-championships-2025	U21 Women +73kg	HAJAMA Lipaz	ISR	
prishtina-u21-european-championships-2025	U21 Women +73kg	MATIC Magdalena	CRO	3
prishtina-u21-european-championships-2025	U21 Women +73kg	UZUNCAVDAR Sude yaren	TUR	1
prishtina-u21-european-championships-2025	U21 Women +73kg	VALLO ZURDO Ane	ESP	
prishtina-u21-european-championships-2025	U21 Women +73kg	KITSIOU Agoritsa artemia	GRE	
prishtina-u21-european-championships-2025	U21 Women +73kg	PARCINA Mariela	CRO	
prishtina-u21-european-championships-2025	U21 Women +73kg	FRANCISCA MONIZ Maria	POR	
prishtina-u21-european-championships-2025	U21 Women +73kg	ŽANKO Lorena	CRO	3
prishtina-u21-european-championships-2025	U21 Women +73kg	PASTOR RODRIGUEZ Ainhoa	ESP	
prishtina-u21-european-championships-2025	U21 Women +73kg	HELVIGA Viktorija	LAT	
prishtina-u21-european-championships-2025	U21 Women +73kg	KUTS Mariia	UKR	
prishtina-u21-european-championships-2025	U21 Women +73kg	KAVUKCUOGLU Zehra begum	TUR	2
prishtina-u21-european-championships-2025	U21 Women +73kg	MIKHAILOVA Iuliia	AIN	
prishtina-u21-european-championships-2025	U21 Women -53kg	PLUGARU Bianca	MDA	
prishtina-u21-european-championships-2025	U21 Women -53kg	FOUNTOULAKI Aikaterini	GRE	
prishtina-u21-european-championships-2025	U21 Women -53kg	ALONSO Alicia	ESP	3
prishtina-u21-european-championships-2025	U21 Women -53kg	RABAUT Elien	BEL	
prishtina-u21-european-championships-2025	U21 Women -53kg	PAGANI Iris vasiliki	GRE	
prishtina-u21-european-championships-2025	U21 Women -53kg	GULUEVA Milana	AIN	
prishtina-u21-european-championships-2025	U21 Women -53kg	BENETTI Ines	FRA	
prishtina-u21-european-championships-2025	U21 Women -53kg	RADIC Ozana	CRO	
prishtina-u21-european-championships-2025	U21 Women -53kg	ERDEMIR Semra Elifnaz	TUR	
prishtina-u21-european-championships-2025	U21 Women -53kg	DENIZ Esila	TUR	
prishtina-u21-european-championships-2025	U21 Women -53kg	ENCOK Neslisah	TUR	
prishtina-u21-european-championships-2025	U21 Women -53kg	FRASSICA Anna	ITA	1
prishtina-u21-european-championships-2025	U21 Women -53kg	PERNISCHOVA Simona	SVK	
prishtina-u21-european-championships-2025	U21 Women -53kg	KINGSLEY Lily	GBR	
prishtina-u21-european-championships-2025	U21 Women -53kg	IBARS ALCANTARA Anna	ESP	
prishtina-u21-european-championships-2025	U21 Women -53kg	KLAKALA Magdalini	GRE	
prishtina-u21-european-championships-2025	U21 Women -53kg	SUSILUOTO Inari	FIN	
prishtina-u21-european-championships-2025	U21 Women -53kg	GUSEINOVA Aziza	AIN	
prishtina-u21-european-championships-2025	U21 Women -53kg	SPANOU Lemonia Maria	GRE	
prishtina-u21-european-championships-2025	U21 Women -53kg	KRIM Sayine	FRA	3
prishtina-u21-european-championships-2025	U21 Women -53kg	DOGAN Emine Sevval	TUR	
prishtina-u21-european-championships-2025	U21 Women -53kg	SPINEI Ariana	MDA	
prishtina-u21-european-championships-2025	U21 Women -53kg	CHESALKINA Iryna	UKR	
prishtina-u21-european-championships-2025	U21 Women -53kg	CEYLAN Asli Cemre	TUR	
prishtina-u21-european-championships-2025	U21 Women -53kg	FERNANDEZ RODRIGUEZ Elisa	ESP	
prishtina-u21-european-championships-2025	U21 Women -53kg	GODENI Erza	KOS	
prishtina-u21-european-championships-2025	U21 Women -53kg	DOVZHANYN Diana	UKR	
prishtina-u21-european-championships-2025	U21 Women -53kg	UZUNCAVDAR Sila irmak	TUR	
prishtina-u21-european-championships-2025	U21 Women -53kg	VIGDOR Ariel	ISR	
prishtina-u21-european-championships-2025	U21 Women -53kg	CHARALAMPOGLOU Maria Anna	GRE	
prishtina-u21-european-championships-2025	U21 Women -53kg	LILOVA Elena	BUL	
prishtina-u21-european-championships-2025	U21 Women -53kg	LEVAKOVA Veronika	AIN	2
prishtina-u21-european-championships-2025	U21 Women -67kg	BISMIR Salma	DEN	
prishtina-u21-european-championships-2025	U21 Women -67kg	HABIJANCIC Dora	CRO	
prishtina-u21-european-championships-2025	U21 Women -67kg	JASARAGIC Dania	AUT	
prishtina-u21-european-championships-2025	U21 Women -67kg	MENEKSE Zeynep Nil	TUR	
prishtina-u21-european-championships-2025	U21 Women -67kg	MURILLO TARRAGO Alba	ESP	3
prishtina-u21-european-championships-2025	U21 Women -67kg	PAGLIAI Giada	ITA	
prishtina-u21-european-championships-2025	U21 Women -67kg	MIKALEVICIUTE Melita	LTU	
prishtina-u21-european-championships-2025	U21 Women -67kg	NTE REKE MOURKOUSI Nefeli	GRE	2
prishtina-u21-european-championships-2025	U21 Women -67kg	TOMCZAK Tatiana	POL	
prishtina-u21-european-championships-2025	U21 Women -67kg	ALICI Evra	TUR	
prishtina-u21-european-championships-2025	U21 Women -67kg	KRUPJAKOVA Alzbeta	SVK	
prishtina-u21-european-championships-2025	U21 Women -67kg	MAGGIORE Giulia	ITA	
prishtina-u21-european-championships-2025	U21 Women -67kg	KUTS Uliana	UKR	
prishtina-u21-european-championships-2025	U21 Women -67kg	MARENTAKI Styliani	GRE	1
prishtina-u21-european-championships-2025	U21 Women -67kg	PAVLENKO Alisa	UKR	
prishtina-u21-european-championships-2025	U21 Women -67kg	KRUSH Diana	UKR	
prishtina-u21-european-championships-2025	U21 Women -67kg	BERISAJ Andrea	MNE	3
prishtina-u21-european-championships-2025	U21 Women -67kg	ORLOVIC Marija	BIH	
prishtina-u21-european-championships-2025	U21 Women -67kg	PEHLIVAN Beyzanur	TUR	
prishtina-u21-european-championships-2025	U21 Men -54kg	MURADYAN Davit	ARM	
prishtina-u21-european-championships-2025	U21 Men -54kg	GOKTAS Efe Emre	TUR	
prishtina-u21-european-championships-2025	U21 Men -54kg	GESGE Altug	TUR	
prishtina-u21-european-championships-2025	U21 Men -54kg	TRIANTAFYLLAKIS Dimitrios	GRE	
prishtina-u21-european-championships-2025	U21 Men -54kg	LEPAPE Andreas	FRA	3
prishtina-u21-european-championships-2025	U21 Men -54kg	TABACARI Igor	MDA	
prishtina-u21-european-championships-2025	U21 Men -54kg	MIKLAVCIC Aljaz	SLO	
prishtina-u21-european-championships-2025	U21 Men -54kg	SOKOLOWSKI Antoni	POL	
prishtina-u21-european-championships-2025	U21 Men -54kg	BASARIS Georgios	GRE	
prishtina-u21-european-championships-2025	U21 Men -54kg	AGUILO HEREDIA Angel	ESP	
prishtina-u21-european-championships-2025	U21 Men -54kg	BAILEY Thomas	GBR	
prishtina-u21-european-championships-2025	U21 Men -54kg	OWEN Haddad	FRA	
prishtina-u21-european-championships-2025	U21 Men -54kg	BALAKHNEEV Dmitriy	AIN	
prishtina-u21-european-championships-2025	U21 Men -54kg	ALESIO CAPOLINI Mathis	FRA	
prishtina-u21-european-championships-2025	U21 Men -54kg	MODNOV Daniil	UKR	
prishtina-u21-european-championships-2025	U21 Men -54kg	MANSUR Raz	ISR	
prishtina-u21-european-championships-2025	U21 Men -54kg	SPYROU Antreas	CYP	
prishtina-u21-european-championships-2025	U21 Men -54kg	YELALDI Kaan	TUR	2
prishtina-u21-european-championships-2025	U21 Men -54kg	SOUSA Tiago	POR	
prishtina-u21-european-championships-2025	U21 Men -54kg	ZYWARSKI Filip	POL	
prishtina-u21-european-championships-2025	U21 Men -54kg	CIRIVELLO Gaetano	ITA	
prishtina-u21-european-championships-2025	U21 Men -54kg	DAVILA RODRIGUEZ Adrian	ESP	
prishtina-u21-european-championships-2025	U21 Men -54kg	NADAL MIR Bernat	ESP	
prishtina-u21-european-championships-2025	U21 Men -54kg	DULGER Omer Talha	TUR	
prishtina-u21-european-championships-2025	U21 Men -54kg	AZEVEDO Rafael Alexandre	POR	
prishtina-u21-european-championships-2025	U21 Men -54kg	TOUIAR Abderrahman	ITA	1
prishtina-u21-european-championships-2025	U21 Men -54kg	LAGOUNARIS Nikolaos	GRE	
prishtina-u21-european-championships-2025	U21 Men -54kg	TSOUPROS Evangelos	GRE	
prishtina-u21-european-championships-2025	U21 Men -54kg	MELIKOV Asadulla	AIN	
prishtina-u21-european-championships-2025	U21 Men -54kg	CARVALHO Fabio	GBR	
prishtina-u21-european-championships-2025	U21 Men -54kg	AGENJO TRIGOS Jairo	ESP	
prishtina-u21-european-championships-2025	U21 Men -54kg	KURU Alihan	TUR	
prishtina-u21-european-championships-2025	U21 Men -54kg	CHRZANOWSKI Pawel	POL	
prishtina-u21-european-championships-2025	U21 Men -54kg	TSOUTSIKAS Eleftherios Ioannis	GRE	
prishtina-u21-european-championships-2025	U21 Men -54kg	ELITA Alexandru	MDA	
prishtina-u21-european-championships-2025	U21 Men -54kg	OTERO SOUSA Javier	ESP	
prishtina-u21-european-championships-2025	U21 Men -54kg	DUBAR Armaan	NED	
prishtina-u21-european-championships-2025	U21 Men -54kg	MORKOC Yanki	TUR	
prishtina-u21-european-championships-2025	U21 Men -54kg	YIGIT Hakan	DEN	
prishtina-u21-european-championships-2025	U21 Men -54kg	MARKOU Stavros	CYP	
prishtina-u21-european-championships-2025	U21 Men -54kg	BULAVIN Mykyta	UKR	
prishtina-u21-european-championships-2025	U21 Men -54kg	DULGER Emir Muhsin	TUR	3
prishtina-u21-european-championships-2025	U21 Men -54kg	NISIR Nuri	TUR	
prishtina-u21-european-championships-2025	U21 Men -54kg	NIKOLIC MALORA Lucijan	CRO	
prishtina-u21-european-championships-2025	U21 Men -54kg	MOLJ Ozbolt	SLO	
prishtina-u21-european-championships-2025	U21 Men -54kg	BARASH Tomer	ISR	
prishtina-u21-european-championships-2025	U21 Men -63kg	SETRODIPO Jayden	NED	
prishtina-u21-european-championships-2025	U21 Men -63kg	BIRCAN Muhammed Utku	TUR	
prishtina-u21-european-championships-2025	U21 Men -63kg	TASDELEN Mustafa	TUR	
prishtina-u21-european-championships-2025	U21 Men -63kg	NIKOLAIDIS Alexios	GRE	3
prishtina-u21-european-championships-2025	U21 Men -63kg	GEORGIOU Ionas	CYP	
prishtina-u21-european-championships-2025	U21 Men -63kg	PERUCIC Vid	CRO	
prishtina-u21-european-championships-2025	U21 Men -63kg	LAANTRI Hamza	ITA	
prishtina-u21-european-championships-2025	U21 Men -63kg	FILIP MURESANU Raul mario	ROU	
prishtina-u21-european-championships-2025	U21 Men -63kg	MERDANAJ Ernest	ALB	
prishtina-u21-european-championships-2025	U21 Men -63kg	PETRAKIS Nikolaos	GRE	
prishtina-u21-european-championships-2025	U21 Men -63kg	MELIKYAN Maks	ARM	
prishtina-u21-european-championships-2025	U21 Men -63kg	SAFARYN Piotr	POL	
prishtina-u21-european-championships-2025	U21 Men -63kg	DAXNER Leonard	AUT	
prishtina-u21-european-championships-2025	U21 Men -63kg	FERNANDEZ AYARZA Nicolas	ESP	
prishtina-u21-european-championships-2025	U21 Men -63kg	NACHEV Ivan	BUL	
prishtina-u21-european-championships-2025	U21 Men -63kg	BOUHMIDA Riad	NED	
prishtina-u21-european-championships-2025	U21 Men -63kg	ILIADIS Efthymios	GRE	
prishtina-u21-european-championships-2025	U21 Men -63kg	LUZAN Nazar	AIN	
prishtina-u21-european-championships-2025	U21 Men -63kg	TEILMANN Anton boesgaard	DEN	
prishtina-u21-european-championships-2025	U21 Men -63kg	AYDOGAN Hamza osman	TUR	2
prishtina-u21-european-championships-2025	U21 Men -63kg	KUZNIETSOV Artom	UKR	
prishtina-u21-european-championships-2025	U21 Men -63kg	ROSEMOND Nolhan	FRA	
prishtina-u21-european-championships-2025	U21 Men -63kg	HANU Gleb	MDA	
prishtina-u21-european-championships-2025	U21 Men -63kg	KAYA Emir Can	TUR	
prishtina-u21-european-championships-2025	U21 Men -63kg	MAGOMEDOV Makho	AIN	
prishtina-u21-european-championships-2025	U21 Men -63kg	GAZIEV Gamzat	AIN	
prishtina-u21-european-championships-2025	U21 Men -63kg	IURLARO Ludovico	ITA	1
prishtina-u21-european-championships-2025	U21 Men -63kg	FLEGAR Jan	CRO	
prishtina-u21-european-championships-2025	U21 Men -63kg	SARITAS Emre	TUR	
prishtina-u21-european-championships-2025	U21 Men -63kg	KARAMAN Taha Utkan	TUR	
prishtina-u21-european-championships-2025	U21 Men -63kg	NESTOROVIĆ Vasilije	MNE	
prishtina-u21-european-championships-2025	U21 Men -63kg	ADEMI Valton	KOS	
prishtina-u21-european-championships-2025	U21 Men -63kg	SUSILUOTO Otto	FIN	
prishtina-u21-european-championships-2025	U21 Men -63kg	TORGEMAN Ori	ISR	
prishtina-u21-european-championships-2025	U21 Men -63kg	MAHNU Adam	DEN	
prishtina-u21-european-championships-2025	U21 Men -63kg	CHIMCAK Artur	SVK	
prishtina-u21-european-championships-2025	U21 Men -63kg	AGAPOV Dmytriy	POR	
prishtina-u21-european-championships-2025	U21 Men -63kg	BOURHALLA Nour	SUI	
prishtina-u21-european-championships-2025	U21 Men -63kg	NIKOLOPOULOS Andreas	GRE	
prishtina-u21-european-championships-2025	U21 Men -63kg	GKOROS Charalampos	GRE	
prishtina-u21-european-championships-2025	U21 Men -63kg	BATRADZ Khubaev	AIN	
prishtina-u21-european-championships-2025	U21 Men -63kg	BERKTAS Ali Kerem	TUR	
prishtina-u21-european-championships-2025	U21 Men -63kg	MORATO PAGES Milo	FRA	
prishtina-u21-european-championships-2025	U21 Men -63kg	ZABALETA LAGHBIAR Aaron	ESP	
prishtina-u21-european-championships-2025	U21 Men -63kg	MIRZOIEV Samir	UKR	3
prishtina-u21-european-championships-2025	U21 Men -63kg	MYLONAS Angelos	GRE	
prishtina-u21-european-championships-2025	U21 Men -80kg	GASHI Jon	KOS	
prishtina-u21-european-championships-2025	U21 Men -80kg	KOVACIC Oscar	CRO	1
prishtina-u21-european-championships-2025	U21 Men -80kg	KOVAČIĆ Nenad	CRO	
prishtina-u21-european-championships-2025	U21 Men -80kg	CAMMAERTS Troy	BEL	
prishtina-u21-european-championships-2025	U21 Men -80kg	SOPHOCLEOUS Antonis	CYP	
prishtina-u21-european-championships-2025	U21 Men -80kg	NESHYBA Tomas	CZE	
prishtina-u21-european-championships-2025	U21 Men -80kg	PANAGIOTIDIS Andronikos	GRE	
prishtina-u21-european-championships-2025	U21 Men -80kg	SZADKOWSKI Michal	POL	
prishtina-u21-european-championships-2025	U21 Men -80kg	MALLO PENA Iago	ESP	
prishtina-u21-european-championships-2025	U21 Men -80kg	ZMPITAS Georgios	GRE	
prishtina-u21-european-championships-2025	U21 Men -80kg	BARRY Ayman	FRA	
prishtina-u21-european-championships-2025	U21 Men -80kg	AKBABAOZ Muhammed Buğrahan	TRT	
prishtina-u21-european-championships-2025	U21 Men -80kg	MAGISTRO Alessandro Francesco	ITA	
prishtina-u21-european-championships-2025	U21 Men -80kg	SULU Idris Atay	TUR	
prishtina-u21-european-championships-2025	U21 Men -80kg	YEFIMOV Oleksandr	UKR	
prishtina-u21-european-championships-2025	U21 Men -80kg	MANITA Alexandru	MDA	
prishtina-u21-european-championships-2025	U21 Men -80kg	BLAZEVSKI Filip	MKD	3
prishtina-u21-european-championships-2025	U21 Men -80kg	FREIRE COSTA Joao Emanuel	POR	
prishtina-u21-european-championships-2025	U21 Men -80kg	ROMUNDSET NILSEN Martin	NOR	
prishtina-u21-european-championships-2025	U21 Men -80kg	MATURO Emanuele vittorio	ITA	
prishtina-u21-european-championships-2025	U21 Men -80kg	KRNJAIC Filip	CRO	
prishtina-u21-european-championships-2025	U21 Men -80kg	YAVUZ Berat Talha	TUR	
prishtina-u21-european-championships-2025	U21 Men -80kg	AYAZ Alperen	TUR	3
prishtina-u21-european-championships-2025	U21 Men -80kg	JOCHMAN Adam	CZE	
prishtina-u21-european-championships-2025	U21 Men -80kg	PAPPA Rafael	GRE	
prishtina-u21-european-championships-2025	U21 Men -80kg	MALASHCHUK Denys	UKR	
prishtina-u21-european-championships-2025	U21 Men -80kg	TUFA Bled	KOS	
prishtina-u21-european-championships-2025	U21 Men -80kg	HIDRI Ibrahim	ALB	
prishtina-u21-european-championships-2025	U21 Men -80kg	ZAGORULKO Andrei	AIN	2
prishtina-u21-european-championships-2025	U21 Men -80kg	HRGOTA Leon	CRO	
prishtina-u21-european-championships-2025	U21 Men -80kg	SEREMET Nino	BIH	
prishtina-u21-european-championships-2025	U21 Men -80kg	BALCIUNAS Gabijus	LTU	
prishtina-u21-european-championships-2025	U21 Men -80kg	FERNANDEZ GARCIA Mikel	ESP	
prishtina-u21-european-championships-2025	U21 Men -87kg	BUDIN Vladislav	AIN	3
prishtina-u21-european-championships-2025	U21 Men -87kg	SNACOV Laurentiu	ROU	
prishtina-u21-european-championships-2025	U21 Men -87kg	CHRISTOU Nikolaos	CYP	
prishtina-u21-european-championships-2025	U21 Men -87kg	SENOL Yusuf	TUR	
prishtina-u21-european-championships-2025	U21 Men -87kg	MAKHEEV Gleb	AIN	
prishtina-u21-european-championships-2025	U21 Men -87kg	DOMPAS Fotios	GRE	2
prishtina-u21-european-championships-2025	U21 Men -87kg	MIZRAK Yusuf Efe	TUR	
prishtina-u21-european-championships-2025	U21 Men -87kg	ILIADIS Dimitrios	GRE	
prishtina-u21-european-championships-2025	U21 Men -87kg	KUNTER Mustafa Bilge Han	TUR	
prishtina-u21-european-championships-2025	U21 Men -87kg	BRANTUŠA Roko	CRO	
prishtina-u21-european-championships-2025	U21 Men -87kg	MEHNANA Nahil	FRA	3
prishtina-u21-european-championships-2025	U21 Men -87kg	TROITINO AMOEDO Sergio	ESP	1
prishtina-u21-european-championships-2025	U21 Men -87kg	EL ARNOUKI EL MAKDOURI Ayoub	ESP	
prishtina-u21-european-championships-2025	U21 Men -87kg	STYLIANIDIS Aris	CYP	
prishtina-u21-european-championships-2025	U21 Men -87kg	MENEKSE Tugra Tevfik	TUR	
prishtina-u21-european-championships-2025	U21 Women -49kg	KOKOC Zeynep Duru	TUR	
prishtina-u21-european-championships-2025	U21 Women -49kg	DIAZ ARRIBAS Violeta	ESP	1
prishtina-u21-european-championships-2025	U21 Women -49kg	GURBUZ Hayrunnisa	TUR	
prishtina-u21-european-championships-2025	U21 Women -49kg	KLISOWSKA Zuzanna	POL	
prishtina-u21-european-championships-2025	U21 Women -49kg	BOUROGIANNI Konstantina eleni	GRE	
prishtina-u21-european-championships-2025	U21 Women -49kg	NESHER Yarden	ISR	
prishtina-u21-european-championships-2025	U21 Women -49kg	PUCHKINA Evgeniia	AIN	
prishtina-u21-european-championships-2025	U21 Women -49kg	BENE HAMILL Gina	GBR	
prishtina-u21-european-championships-2025	U21 Women -49kg	KRAJEWSKA Alicja	POL	
prishtina-u21-european-championships-2025	U21 Women -49kg	KALIC Lucija	CRO	
prishtina-u21-european-championships-2025	U21 Women -49kg	VOLOSENKO Anastasiia	UKR	
prishtina-u21-european-championships-2025	U21 Women -49kg	RADEK Dora	CRO	3
prishtina-u21-european-championships-2025	U21 Women -49kg	VOLOSENKO Zlatoslava	UKR	
prishtina-u21-european-championships-2025	U21 Women -49kg	MALOBERTI Lucrezia	ITA	
prishtina-u21-european-championships-2025	U21 Women -49kg	MACARI Iuliana	MDA	
prishtina-u21-european-championships-2025	U21 Women -49kg	KONIUKHOVA Dana	AIN	2
prishtina-u21-european-championships-2025	U21 Women -49kg	TOTH Elizabet Laura	HUN	
prishtina-u21-european-championships-2025	U21 Women -49kg	MARINOVA Teodora	BUL	
prishtina-u21-european-championships-2025	U21 Women -49kg	RAMO Jenna	FIN	
prishtina-u21-european-championships-2025	U21 Women -49kg	MOROCHA Sofia	ISR	
prishtina-u21-european-championships-2025	U21 Women -49kg	CORDOBA HEREDIA Judith	ESP	
prishtina-u21-european-championships-2025	U21 Women -49kg	KRAJEWSKA Nikola	POL	
prishtina-u21-european-championships-2025	U21 Women -49kg	ASIMAKI Lamprini anna	GRE	
prishtina-u21-european-championships-2025	U21 Women -49kg	VARGA V Iktoria	CRO	
prishtina-u21-european-championships-2025	U21 Women -49kg	KOSTIUK Yaryna	UKR	
prishtina-u21-european-championships-2025	U21 Women -49kg	ILIADI Kyriaki Eirini	GRE	
prishtina-u21-european-championships-2025	U21 Women -49kg	SARGANTANI Charikleia	GRE	
prishtina-u21-european-championships-2025	U21 Women -49kg	ABEDALSALAM Mariam	DEN	
prishtina-u21-european-championships-2025	U21 Women -49kg	ULUSOY Mulkiye Ece	TUR	3
prishtina-u21-european-championships-2025	U21 Women -49kg	KARYDI Melina	GRE	
prishtina-u21-european-championships-2025	U21 Women -73kg	ERSIN Yusra	TUR	3
prishtina-u21-european-championships-2025	U21 Women -73kg	TYMOFIEIEVA Mariia	UKR	
prishtina-u21-european-championships-2025	U21 Women -73kg	TUMANOVA Anastasiia	AIN	
prishtina-u21-european-championships-2025	U21 Women -73kg	FERNANDEZ INSA Julia	ESP	
prishtina-u21-european-championships-2025	U21 Women -73kg	SRHOJ Maja	CRO	2
prishtina-u21-european-championships-2025	U21 Women -73kg	BAKLESI Vasiliki	GRE	
prishtina-u21-european-championships-2025	U21 Women -73kg	KOSEOGLU Elifnaz	TUR	
prishtina-u21-european-championships-2025	U21 Women -73kg	ŽIŽIĆ Sara	CRO	
prishtina-u21-european-championships-2025	U21 Women -73kg	MASTELIC Mila	CRO	1
prishtina-u21-european-championships-2025	U21 Women -73kg	RUDOLF Nika	SLO	
prishtina-u21-european-championships-2025	U21 Women -73kg	NTOVA Eirini	GRE	
prishtina-u21-european-championships-2025	U21 Women -73kg	NOWAK Julia	POL	3
prishtina-u21-european-championships-2025	U21 Women -73kg	ČIZMIĆ BORŠI Nina	CRO	
prishtina-u21-european-championships-2025	U21 Women -73kg	GARCIA SUAREZ Helena	ESP	
prishtina-u21-european-championships-2025	U21 Women -57kg	RIBEIRO Francisca Teixeira	POR	
prishtina-u21-european-championships-2025	U21 Women -57kg	CHRISTY Beth	GBR	
prishtina-u21-european-championships-2025	U21 Women -57kg	KRAJEWSKA Agnieszka	POL	
prishtina-u21-european-championships-2025	U21 Women -57kg	MARTINEZ FEIJOO Erika	ESP	
prishtina-u21-european-championships-2025	U21 Women -57kg	SESAR VILA Carla	ESP	
prishtina-u21-european-championships-2025	U21 Women -57kg	VITSAXI Aikaterini	GRE	
prishtina-u21-european-championships-2025	U21 Women -57kg	DILER Ruya	TUR	1
prishtina-u21-european-championships-2025	U21 Women -57kg	PETRIDI Aimilia	CYP	
prishtina-u21-european-championships-2025	U21 Women -57kg	D'ANGELO Alessandra	ITA	
prishtina-u21-european-championships-2025	U21 Women -57kg	SUNDBY Marthine	NOR	
prishtina-u21-european-championships-2025	U21 Women -57kg	PRICOLO Marina	ITA	
prishtina-u21-european-championships-2025	U21 Women -57kg	SOFIIA Plakhtii	ISR	
prishtina-u21-european-championships-2025	U21 Women -57kg	BADMAEVA Dayana	AIN	3
prishtina-u21-european-championships-2025	U21 Women -57kg	OZLU Melisa	TUR	
prishtina-u21-european-championships-2025	U21 Women -57kg	CEAPA Polina	MDA	
prishtina-u21-european-championships-2025	U21 Women -57kg	TERESHCHENKO Anastasiia	UKR	
prishtina-u21-european-championships-2025	U21 Women -57kg	KOSTENEVYCH Darya	UKR	
prishtina-u21-european-championships-2025	U21 Women -57kg	MAROTO CORREDOR Irene	ESP	
prishtina-u21-european-championships-2025	U21 Women -57kg	FOSSACECA Anna	ITA	
prishtina-u21-european-championships-2025	U21 Women -57kg	LYTVYNENKO Kira	UKR	
prishtina-u21-european-championships-2025	U21 Women -57kg	VAN PASSEL Amelie	BEL	
prishtina-u21-european-championships-2025	U21 Women -57kg	REPOULIA Athanasia	GRE	
prishtina-u21-european-championships-2025	U21 Women -57kg	POTEMKINA Alisa	AIN	
prishtina-u21-european-championships-2025	U21 Women -57kg	NISNEVICH Anna	ISR	
prishtina-u21-european-championships-2025	U21 Women -57kg	LAKEHAL-ROLLINGS Manissa	FRA	3
prishtina-u21-european-championships-2025	U21 Women -57kg	FOGED Rosmarin pietak	DEN	
prishtina-u21-european-championships-2025	U21 Women -57kg	ACHILLEOS Antreana	CYP	
prishtina-u21-european-championships-2025	U21 Women -57kg	PEZZOLLA Lucia	ITA	
prishtina-u21-european-championships-2025	U21 Women -57kg	SPINU Ana	MDA	
prishtina-u21-european-championships-2025	U21 Women -57kg	HAMZIC Dzejna	BIH	
prishtina-u21-european-championships-2025	U21 Women -57kg	LISOWSKA Nikol	POL	
prishtina-u21-european-championships-2025	U21 Women -57kg	BETT Ava	GBR	
prishtina-u21-european-championships-2025	U21 Women -57kg	GOZ Mumune Nur	TUR	2
prishtina-u21-european-championships-2025	U21 Women -57kg	VUKIC Margarita	CRO	
prishtina-u21-european-championships-2025	U21 Women -62kg	BANNOVA Anastasiia	AIN	3
prishtina-u21-european-championships-2025	U21 Women -62kg	KOMATINA Andrea	MNE	
prishtina-u21-european-championships-2025	U21 Women -62kg	GONZALEZ GONZALEZ Adriana	ESP	
prishtina-u21-european-championships-2025	U21 Women -62kg	KRAINOVA Marharyta	UKR	
prishtina-u21-european-championships-2025	U21 Women -62kg	BROMBERGER Lamprini	GRE	
prishtina-u21-european-championships-2025	U21 Women -62kg	HRGIC Anja	BIH	
prishtina-u21-european-championships-2025	U21 Women -62kg	SOFOKLEOUS Aria	CYP	
prishtina-u21-european-championships-2025	U21 Women -62kg	KARABULUT Beyza	TUR	
prishtina-u21-european-championships-2025	U21 Women -62kg	MANGEN Lennie	LUX	
prishtina-u21-european-championships-2025	U21 Women -62kg	KAMINI Eftychia	GRE	
prishtina-u21-european-championships-2025	U21 Women -62kg	HERNANDEZ ROCAFULL Rocio Anahi	ESP	
prishtina-u21-european-championships-2025	U21 Women -62kg	TORRENTS QUERA Martina	ESP	
prishtina-u21-european-championships-2025	U21 Women -62kg	MESTROVIC Dora	CRO	2
prishtina-u21-european-championships-2025	U21 Women -62kg	LEONOVA Mariia	UKR	
prishtina-u21-european-championships-2025	U21 Women -62kg	BUGARINOVIC Ema	CRO	
prishtina-u21-european-championships-2025	U21 Women -62kg	TADIC Natali	CRO	
prishtina-u21-european-championships-2025	U21 Women -62kg	ABRAHAMY Roni	ISR	
prishtina-u21-european-championships-2025	U21 Women -62kg	FLEGROVA Hana	CZE	
prishtina-u21-european-championships-2025	U21 Women -62kg	DARATZI Anastasia	GRE	
prishtina-u21-european-championships-2025	U21 Women -62kg	SECANELL CHARLES Elsa	ESP	1
prishtina-u21-european-championships-2025	U21 Women -62kg	MENDY Fatima	FRA	
prishtina-u21-european-championships-2025	U21 Women -62kg	NAZAROVA Iulia	MDA	
prishtina-u21-european-championships-2025	U21 Women -62kg	LOURENCO Beatriz	POR	
prishtina-u21-european-championships-2025	U21 Women -62kg	SKVORTSOVA Kira	AIN	
prishtina-u21-european-championships-2025	U21 Women -62kg	MOCALINA Vladislava	LAT	
prishtina-u21-european-championships-2025	U21 Women -62kg	SIRIN Dilara	TUR	3
prishtina-u21-european-championships-2025	U21 Women -62kg	MANGIONE Anthea	ITA	
prishtina-u21-european-championships-2025	U21 Men -74kg	SZASZ Manyhert	ROU	
prishtina-u21-european-championships-2025	U21 Men -74kg	CEDRUN MARTINEZ Cesar	ESP	
prishtina-u21-european-championships-2025	U21 Men -74kg	SILVA ROCHINHA Pedro Guilherme	POR	
prishtina-u21-european-championships-2025	U21 Men -74kg	ERER Berkay	TUR	1
prishtina-u21-european-championships-2025	U21 Men -74kg	SAHITI Mal	KOS	
prishtina-u21-european-championships-2025	U21 Men -74kg	ANTONIADIS Ioannis	GRE	
prishtina-u21-european-championships-2025	U21 Men -74kg	KOROLEV Kirill	AIN	
prishtina-u21-european-championships-2025	U21 Men -74kg	MURATOVIĆ Mateo	MNE	
prishtina-u21-european-championships-2025	U21 Men -74kg	DZHEYRANOV Christos	CYP	
prishtina-u21-european-championships-2025	U21 Men -74kg	HODYMA Roman	UKR	
prishtina-u21-european-championships-2025	U21 Men -74kg	ZAPPONE Andrea	ITA	
prishtina-u21-european-championships-2025	U21 Men -74kg	WILLIAMS Ricardo	GBR	
prishtina-u21-european-championships-2025	U21 Men -74kg	HRYHORCHUK Andrii	UKR	
prishtina-u21-european-championships-2025	U21 Men -74kg	PANASENKOV Kirill	AIN	
prishtina-u21-european-championships-2025	U21 Men -74kg	CHIRILIN Vladomir	MDA	
prishtina-u21-european-championships-2025	U21 Men -74kg	DUGAC Grga	CRO	3
prishtina-u21-european-championships-2025	U21 Men -74kg	TOSUN Hikmet Faruk	TUR	
prishtina-u21-european-championships-2025	U21 Men -74kg	IZARIK Daniel	SVK	
prishtina-u21-european-championships-2025	U21 Men -74kg	BARKOF Alexandros	GRE	
prishtina-u21-european-championships-2025	U21 Men -74kg	MARJANOVIC Karlo	CRO	
prishtina-u21-european-championships-2025	U21 Men -74kg	SKJOLBERG Sebastian	NOR	
prishtina-u21-european-championships-2025	U21 Men -74kg	CARTWRIGHT Max	GBR	
prishtina-u21-european-championships-2025	U21 Men -74kg	TVEITEVAG Fredrik	NOR	
prishtina-u21-european-championships-2025	U21 Men -74kg	KLAJKO David	HUN	
prishtina-u21-european-championships-2025	U21 Men -74kg	COSTA Pedro	POR	
prishtina-u21-european-championships-2025	U21 Men -74kg	MELANIFIDIS Georgios	GRE	
prishtina-u21-european-championships-2025	U21 Men -74kg	NIKOLAOU Nikolas	CYP	
prishtina-u21-european-championships-2025	U21 Men -74kg	BOZ Ali Murtaza	TUR	
prishtina-u21-european-championships-2025	U21 Men -74kg	MIRONOV Maksim	AIN	3
prishtina-u21-european-championships-2025	U21 Men -74kg	SELIMI Ariant	KOS	
prishtina-u21-european-championships-2025	U21 Men -74kg	BALLE Christian	DEN	
prishtina-u21-european-championships-2025	U21 Men -74kg	MAGOMEDOV Gasan	AIN	
prishtina-u21-european-championships-2025	U21 Men -74kg	STEPANIUC Ion	MDA	
prishtina-u21-european-championships-2025	U21 Men -74kg	LILOV Krasimir	BUL	
prishtina-u21-european-championships-2025	U21 Men -74kg	MILAN CANOVAS Juan antonio	ESP	2
prishtina-u21-european-championships-2025	U21 Men -74kg	VULETIC Vuk	MNE	
prishtina-u21-european-championships-2025	U21 Men -74kg	DANIELYAN Armen	ARM	
prishtina-u21-european-championships-2025	U21 Men -74kg	GJORGJIEV Darko	MKD	
prishtina-u21-european-championships-2025	U21 Men -74kg	HUSIC Benjamin	BIH	
prishtina-u21-european-championships-2025	U21 Men -74kg	ZELENKO Vladyslav	UKR	
prishtina-u21-european-championships-2025	U21 Men +87kg	LYSENKO SERRANO Ivan	ESP	
prishtina-u21-european-championships-2025	U21 Men +87kg	ILIAS Papadeas	GRE	
prishtina-u21-european-championships-2025	U21 Men +87kg	SHEFATOV Egor	AIN	3
prishtina-u21-european-championships-2025	U21 Men +87kg	HANUSOVSKY Richard	SVK	
prishtina-u21-european-championships-2025	U21 Men +87kg	BRYLOV Nazar	UKR	
prishtina-u21-european-championships-2025	U21 Men +87kg	BYELOUS BYELOUS Eric	ESP	
prishtina-u21-european-championships-2025	U21 Men +87kg	SIMSEK Rahmet Baran	TUR	
prishtina-u21-european-championships-2025	U21 Men +87kg	ANDREOU Petros	CYP	
prishtina-u21-european-championships-2025	U21 Men +87kg	MOLIN Mattia	ITA	1
prishtina-u21-european-championships-2025	U21 Men +87kg	GORDO MERINO Raul	ESP	
prishtina-u21-european-championships-2025	U21 Men +87kg	MANEA Robert	ROU	
prishtina-u21-european-championships-2025	U21 Men +87kg	HULII David	UKR	
prishtina-u21-european-championships-2025	U21 Men +87kg	JABLONSKI Zbigniew	POL	2
prishtina-u21-european-championships-2025	U21 Men +87kg	SPAK Aurel	SVK	
prishtina-u21-european-championships-2025	U21 Men +87kg	PATTICHIS Alexis	CYP	
prishtina-u21-european-championships-2025	U21 Men +87kg	AGRISAN Stefan Gabriel	ROU	
prishtina-u21-european-championships-2025	U21 Men +87kg	LISITSIN Kirill	AIN	
prishtina-u21-european-championships-2025	U21 Men +87kg	DE ANGELIS Matteo	ITA	
prishtina-u21-european-championships-2025	U21 Men +87kg	GIANNOUCHIDIS Petros	GRE	3
prishtina-u21-european-championships-2025	U21 Men +87kg	CALJKUSIC Neven	CRO	
prishtina-u21-european-championships-2025	U21 Men +87kg	RUDERMAN Ilia	ISR	
prishtina-u21-european-championships-2025	U21 Men +87kg	KURII Dmytro	UKR	
prishtina-u21-european-championships-2025	U21 Men -68kg	ZOLOTOVSKYI Vladyslav	UKR	
prishtina-u21-european-championships-2025	U21 Men -68kg	VAN LIMPT Joep	NED	
prishtina-u21-european-championships-2025	U21 Men -68kg	ANGELOV Luka	MKD	
prishtina-u21-european-championships-2025	U21 Men -68kg	MILIĆEVIĆ David	CRO	
prishtina-u21-european-championships-2025	U21 Men -68kg	GERASIMENKO Ilia	AIN	
prishtina-u21-european-championships-2025	U21 Men -68kg	IOANNIDIS Georgios	GRE	
prishtina-u21-european-championships-2025	U21 Men -68kg	GARCIA KLAIL Pedro	ESP	
prishtina-u21-european-championships-2025	U21 Men -68kg	AGUSHI Elion	KOS	
prishtina-u21-european-championships-2025	U21 Men -68kg	CHRZANOWSKI Mateusz	POL	3
prishtina-u21-european-championships-2025	U21 Men -68kg	NTOMPROS Ioannis	GRE	
prishtina-u21-european-championships-2025	U21 Men -68kg	OZDEMIR Eren	TUR	
prishtina-u21-european-championships-2025	U21 Men -68kg	CEYLAN Ahmet bogachan	TUR	
prishtina-u21-european-championships-2025	U21 Men -68kg	BUBA Gledis	ALB	
prishtina-u21-european-championships-2025	U21 Men -68kg	FARMAKIS Ioannis alexandros	CYP	
prishtina-u21-european-championships-2025	U21 Men -68kg	MYLLYNEN Niko	FIN	
prishtina-u21-european-championships-2025	U21 Men -68kg	ATIADEVEY Kody	DEN	
prishtina-u21-european-championships-2025	U21 Men -68kg	ZEHETNER Felix	AUT	
prishtina-u21-european-championships-2025	U21 Men -68kg	SANTINELLI Christian	ITA	
prishtina-u21-european-championships-2025	U21 Men -68kg	SALANOVA LISTE Adrian	ESP	2
prishtina-u21-european-championships-2025	U21 Men -68kg	LUKICHEV Pavel	AIN	
prishtina-u21-european-championships-2025	U21 Men -68kg	BUGNEAC Liviu	MDA	
prishtina-u21-european-championships-2025	U21 Men -68kg	DJONKO Muhamed	BIH	
prishtina-u21-european-championships-2025	U21 Men -68kg	META Yllmir	KOS	
prishtina-u21-european-championships-2025	U21 Men -68kg	FROLOV Semen	AIN	
prishtina-u21-european-championships-2025	U21 Men -68kg	SZUKALSKI Bartosz	POL	
prishtina-u21-european-championships-2025	U21 Men -68kg	PERCIN Emir	TUR	3
prishtina-u21-european-championships-2025	U21 Men -68kg	BUONAIUTO Antonio	GBR	
prishtina-u21-european-championships-2025	U21 Men -68kg	SERBAN Luca Fabian	ITA	
prishtina-u21-european-championships-2025	U21 Men -68kg	REIS Tiago	POR	
prishtina-u21-european-championships-2025	U21 Men -68kg	COSGUNGONUL Bugra	TUR	1
prishtina-u21-european-championships-2025	U21 Men -68kg	LAUCEVIČIUS Tadas	LTU	
prishtina-u21-european-championships-2025	U21 Men -68kg	VUKOVIC Mario	MNE	
prishtina-u21-european-championships-2025	U21 Men -68kg	TSILEDAKIS Georgios	GRE	
prishtina-u21-european-championships-2025	U21 Men -68kg	CEKOV David	MKD	
prishtina-u21-european-championships-2025	U21 Men -68kg	KAMAGIANNIS Ioannis Aris	GRE	
prishtina-u21-european-championships-2025	U21 Men -68kg	MILAN CANOVAS Jorge	ESP	
prishtina-u21-european-championships-2025	U21 Men -68kg	AVIDAN Ben	ISR	
prishtina-u21-european-championships-2025	U21 Men -68kg	GOLEMAC Nikola	DEN	
prishtina-u21-european-championships-2025	U21 Men -68kg	MIRZOIEV Simur	UKR	
prishtina-u21-european-championships-2025	U21 Men -58kg	MAGOMEDOV Magomedgadzhi	AIN	
prishtina-u21-european-championships-2025	U21 Men -58kg	GRIGORYAN Davit	ARM	
prishtina-u21-european-championships-2025	U21 Men -58kg	MAGOMEDRASULOV Akhmed	AIN	
prishtina-u21-european-championships-2025	U21 Men -58kg	MARIC Dragan	BIH	
prishtina-u21-european-championships-2025	U21 Men -58kg	ELIA Luigi antonio	ITA	
prishtina-u21-european-championships-2025	U21 Men -58kg	KOS Luka	SLO	
prishtina-u21-european-championships-2025	U21 Men -58kg	ILIOPOULOS Georgios	GRE	
prishtina-u21-european-championships-2025	U21 Men -58kg	MAIKOV Vladyslav	UKR	
prishtina-u21-european-championships-2025	U21 Men -58kg	ANGHEL Mario ignacio	ESP	
prishtina-u21-european-championships-2025	U21 Men -58kg	ADEMI Bleron	KOS	3
prishtina-u21-european-championships-2025	U21 Men -58kg	DRAZKIEWICZ Igor	POL	
prishtina-u21-european-championships-2025	U21 Men -58kg	HADJICOSTI Prodromos angelos	CYP	
prishtina-u21-european-championships-2025	U21 Men -58kg	SHERRATT Alexander	GBR	
prishtina-u21-european-championships-2025	U21 Men -58kg	OZDOGAN Kazim	TUR	
prishtina-u21-european-championships-2025	U21 Men -58kg	TORRE Elia	ITA	
prishtina-u21-european-championships-2025	U21 Men -58kg	PAZOS SIERRA Marcos	ESP	
prishtina-u21-european-championships-2025	U21 Men -58kg	CONOS Mihail	MDA	
prishtina-u21-european-championships-2025	U21 Men -58kg	N'GAIDE Idriss	FRA	
prishtina-u21-european-championships-2025	U21 Men -58kg	BADEM Yusuf	TUR	1
prishtina-u21-european-championships-2025	U21 Men -58kg	SOUTO TOME Gabriel	POR	
prishtina-u21-european-championships-2025	U21 Men -58kg	SERBETCI Nuri	TUR	
prishtina-u21-european-championships-2025	U21 Men -58kg	GHAZARYAN Hayk	ARM	
prishtina-u21-european-championships-2025	U21 Men -58kg	GUSEINOV Damir	AIN	2
prishtina-u21-european-championships-2025	U21 Men -58kg	FINBURD Sean	ISR	
prishtina-u21-european-championships-2025	U21 Men -58kg	CAVALIC Eman	BIH	
prishtina-u21-european-championships-2025	U21 Men -58kg	GRMAS Luka	AUT	
prishtina-u21-european-championships-2025	U21 Men -58kg	DEVCIC Ivan	CRO	
prishtina-u21-european-championships-2025	U21 Men -58kg	DE DIOS JOSE Alex	ESP	
prishtina-u21-european-championships-2025	U21 Men -58kg	POBLADOR MATARREDONA Enrique	ESP	
prishtina-u21-european-championships-2025	U21 Men -58kg	MAJCZYNA Karol	POL	
prishtina-u21-european-championships-2025	U21 Men -58kg	BOUKARNIA Amine	FRA	
prishtina-u21-european-championships-2025	U21 Men -58kg	KUZNIETSOV Kiril	UKR	
prishtina-u21-european-championships-2025	U21 Men -58kg	NAVRACIUC Kirill	MDA	
prishtina-u21-european-championships-2025	U21 Men -58kg	PASTORE Riccardo	ITA	
prishtina-u21-european-championships-2025	U21 Men -58kg	JAMSHIDI Sonil	DEN	
prishtina-u21-european-championships-2025	U21 Men -58kg	ABDEL HALIM Khaled	GER	
prishtina-u21-european-championships-2025	U21 Men -58kg	ESCOLAR PARRA Ivan	ESP	
prishtina-u21-european-championships-2025	U21 Men -58kg	PINTO Tiago	POR	
prishtina-u21-european-championships-2025	U21 Men -58kg	GOKALP Cuneyt	TUR	
prishtina-u21-european-championships-2025	U21 Men -58kg	DZHIOEV Igor	AIN	3
